time,ref_pos,ref_vel,meas_pos,meas_vel
0.005128383636474609,-1.558149509441395,0.0,-1.5715,0.0184
0.010139942169189453,-1.5457939351945695,0.0,-1.5715,0.0184
0.015131950378417969,-1.5334927179630071,0.0,-1.5715,0.0184
0.020091533660888672,-1.5212804806842701,0.0,-1.5715,0.0184
0.025135278701782227,-1.5088733530504836,0.0,-1.5715,0.0184
0.03014516830444336,-1.4965648905340931,0.0,-1.5715,0.0184
0.03513026237487793,-1.4843355932466815,0.0,-1.5715,0.0184
0.040125131607055664,-1.472103586065779,0.0,-1.5715,0.0184
0.045137882232666016,-1.459852224149645,0.0,-1.5715,0.0184
0.050142526626586914,-1.4476481194373954,0.0,-1.5715,0.0184
0.05519986152648926,-1.4353464606039879,0.0,-1.5674,0.2398
0.06037449836730957,-1.4227948865730342,0.0,-1.5674,0.2398
0.06520295143127441,-1.4111182227748644,0.0,-1.5674,0.2398
0.07021617889404297,-1.3990336316883467,0.0,-1.5674,0.2398
0.07525300979614258,-1.3869350540227101,0.0,-1.5674,0.2398
0.08031439781188965,-1.374823867598042,0.0,-1.5674,0.2398
0.08514523506164551,-1.3633105271862862,0.0,-1.5605,0.3795
0.09018397331237793,-1.351352654316983,0.0,-1.5605,0.3795
0.09519171714782715,-1.3395228113007036,0.0,-1.5605,0.3795
0.10034823417663574,-1.3274013662994102,0.0,-1.5605,0.3795
0.10522246360778809,-1.3160021660917363,0.0,-1.5605,0.3795
0.11016201972961426,-1.3045111508458391,0.0,-1.5605,0.3795
0.11515641212463379,-1.2929577736928715,0.0,-1.5605,0.3795
0.120147705078125,-1.2814799009703286,0.0,-1.5605,0.3795
0.12517094612121582,-1.2700003876878627,0.0,-1.5605,0.3795
0.13014531135559082,-1.2587063789323436,0.0,-1.5409,1.1436
0.1352400779724121,-1.2472180341907322,0.0,-1.5409,1.1436
0.14021849632263184,-1.236072100384447,0.0,-1.5409,1.1436
0.14513230323791504,-1.225151100164789,0.0,-1.5409,1.1436
0.15012192726135254,-1.2141458930579831,0.0,-1.5409,1.1436
0.15510797500610352,-1.203236112340313,0.0,-1.5083,1.8999
0.16022181510925293,-1.1921404189829936,0.0,-1.5083,1.8999
0.16514945030212402,-1.1815411661336563,0.0,-1.5083,1.8999
0.17011070251464844,-1.17096384925389,0.0,-1.5083,1.8999
0.17515826225280762,-1.1603022200331634,0.0,-1.5083,1.8999
0.18017292022705078,-1.1498122934914425,0.0,-1.5083,1.8999
0.18515348434448242,-1.1394970987798523,0.0,-1.467,2.4266
0.19019627571105957,-1.1291606145495967,0.0,-1.467,2.4266
0.1951906681060791,-1.1190325776955272,0.0,-1.467,2.4266
0.20023059844970703,-1.1089249446503953,0.0,-1.467,2.4266
0.20530247688293457,-1.0988701352893078,0.0,-1.467,2.4266
0.21023297309875488,-1.0892104376613223,0.0,-1.422,2.6665
0.21540570259094238,-1.0792004014502994,0.0,-1.422,2.6665
0.22019696235656738,-1.0700443225108587,0.0,-1.422,2.6665
0.22527694702148438,-1.0604604499631773,0.0,-1.422,2.6665
0.23033976554870605,-1.0510382806392737,0.0,-1.422,2.6665
0.23529720306396484,-1.0419396233632432,0.0,-1.422,2.6665
0.24024319648742676,-1.032989799974521,0.0,-1.3752,2.7737
0.24524879455566406,-1.0240643314005164,0.0,-1.3752,2.7737
0.2502171993255615,-1.0153388737790463,0.0,-1.3752,2.7737
0.255185604095459,-1.006748740419345,0.0,-1.3752,2.7737
0.2602548599243164,-0.998125884230992,0.0,-1.3752,2.7737
0.2652132511138916,-0.9898321040317353,0.0,-1.3752,2.7737
0.27019619941711426,-0.9816392684787589,0.0,-1.3278,2.8188
0.27523136138916016,-0.9735072446725572,0.0,-1.3278,2.8188
0.28020191192626953,-0.9656261507435969,0.0,-1.3278,2.8188
0.28515148162841797,-0.957924950482648,0.0,-1.3278,2.8188
0.2901473045349121,-0.9503020546264032,0.0,-1.3278,2.8188
0.295121431350708,-0.9428641089499027,0.0,-1.2801,2.8344
0.30031371116638184,-0.9352635494426409,0.0,-1.2801,2.8344
0.30525684356689453,-0.9281847908847826,0.0,-1.2801,2.8344
0.31015706062316895,-0.9213204404165194,0.0,-1.2801,2.8344
0.3151834011077881,-0.9144393369375954,0.0,-1.2801,2.8344
0.3202345371246338,-0.9076891609753982,0.0,-1.2801,2.8344
0.32515883445739746,-0.9012692133925142,0.0,-1.2324,2.8358
0.33014798164367676,-0.894928136519508,0.0,-1.2324,2.8358
0.33513855934143066,-0.888751350302295,0.0,-1.2324,2.8358
0.3401145935058594,-0.882759481639598,0.0,-1.2324,2.8358
0.34513020515441895,-0.8768901103963597,0.0,-1.2324,2.8358
0.3501567840576172,-0.8711807533517395,0.0,-1.2324,2.8358
0.3551607131958008,-0.8656704029232021,0.0,-1.1847,2.8303
0.36028480529785156,-0.8602083192347849,0.0,-1.1847,2.8303
0.3652980327606201,-0.8550426078773766,0.0,-1.1847,2.8303
0.3704671859741211,-0.8499021475087717,0.0,-1.1847,2.8303
0.3751835823059082,-0.8453777577133343,0.0,-1.1847,2.8303
0.380185604095459,-0.8407534086978312,0.0,-1.1847,2.8303
0.3851640224456787,-0.8363298781050029,0.0,-1.1847,2.8303
0.39029598236083984,-0.8319579851758849,0.0,-1.1372,2.8216
0.3951733112335205,-0.8279809841636443,0.0,-1.1372,2.8216
0.4001743793487549,-0.8240841821193582,0.0,-1.1372,2.8216
0.40515708923339844,-0.8203849886680533,0.0,-1.1372,2.8216
0.41019654273986816,-0.8168306991635397,0.0,-1.1372,2.8216
0.4151754379272461,-0.8135047019821514,0.0,-1.1372,2.8216
0.42014455795288086,-0.8103699653700165,0.0,-1.0898,2.8115
0.4251680374145508,-0.8073893046034857,0.0,-1.0898,2.8115
0.4302058219909668,-0.8045911019530083,0.0,-1.0898,2.8115
0.43518733978271484,-0.8020128642311042,0.0,-1.0898,2.8115
0.4401373863220215,-0.7996374191398686,0.0,-1.0898,2.8115
0.4451439380645752,-0.797424554658958,0.0,-1.0898,2.8115
0.450176477432251,-0.7953930152070916,0.0,-1.0426,2.801
0.4553210735321045,-0.7935165830787123,0.0,-1.0426,2.801
0.46012163162231445,-0.791948747933228,0.0,-1.0426,2.801
0.4651145935058594,-0.7905060158826048,0.0,-1.0426,2.801
0.4701118469238281,-0.7892542748073705,0.0,-0.9947,2.8333
0.4751465320587158,-0.7881879499672877,0.0,-0.9947,2.8333
0.4801139831542969,-0.7873277448202235,0.0,-0.9947,2.8333
0.48514723777770996,-0.7866507539916054,0.0,-0.9947,2.8333
0.49012088775634766,-0.7861743690845601,0.0,-0.9947,2.8333
0.4951329231262207,-0.7858880897427682,0.0,-0.946,2.8844
0.5003273487091064,-0.7857967419024475,0.0,-0.946,2.8844
0.5051589012145996,-0.7858994233903163,0.0,-0.946,2.8844
0.5101842880249023,-0.7861980840282498,0.0,-0.946,2.8844
0.5152342319488525,-0.7866951983435507,0.0,-0.946,2.8844
0.5202877521514893,-0.7873902237634887,0.0,-0.946,2.8844
0.5251545906066895,-0.788246224138234,0.0,-0.8971,2.5187
0.5301327705383301,-0.7893110666473734,0.0,-0.8971,2.5187
0.5351948738098145,-0.7905898599854176,0.0,-0.8971,2.5187
0.5401632785797119,-0.792036856593504,0.0,-0.8971,2.5187
0.545149564743042,-0.7936798125730622,0.0,-0.8971,2.5187
0.5501649379730225,-0.7955247150806639,0.0,-0.8971,2.5187
0.5551369190216064,-0.7975436313766637,0.0,-0.8595,1.8554
0.5601353645324707,-0.799763458063934,0.0,-0.8595,1.8554
0.5651884078979492,-0.8022007786365493,0.0,-0.8595,1.8554
0.5701351165771484,-0.8047744268961547,0.0,-0.8595,1.8554
0.57517409324646,-0.8075862808991311,0.0,-0.8595,1.8554
0.5802500247955322,-0.8106121217100085,0.0,-0.8595,1.8554
0.5852046012878418,-0.8137520541209303,0.0,-0.834,1.2531
0.5901908874511719,-0.8170972561332068,0.0,-0.834,1.2531
0.5951333045959473,-0.8205955414805072,0.0,-0.834,1.2531
0.6001434326171875,-0.8243263447581702,0.0,-0.834,1.2531
0.605139970779419,-0.8282312046350288,0.0,-0.8184,0.7595
0.6101455688476562,-0.8323266054963075,0.0,-0.8184,0.7595
0.6151123046875,-0.836570706769765,0.0,-0.8184,0.7595
0.6201167106628418,-0.841027790259487,0.0,-0.8184,0.7595
0.6251342296600342,-0.8456776381445268,0.0,-0.8184,0.7595
0.6301596164703369,-0.8505153687831649,0.0,-0.8111,0.354
0.6351094245910645,-0.8554558471366268,0.0,-0.8111,0.354
0.6401784420013428,-0.860694572679872,0.0,-0.8111,0.354
0.6451210975646973,-0.8659761163747306,0.0,-0.8111,0.354
0.6501333713531494,-0.8715055904369631,0.0,-0.8107,0.0057
0.6551704406738281,-0.8772370926386108,0.0,-0.8107,0.0057
0.6601428985595703,-0.8830654267563564,0.0,-0.8107,0.0057
0.6651537418365479,-0.8891085208738005,0.0,-0.8107,0.0057
0.6701736450195312,-0.8953319253262729,0.0,-0.8107,0.0057
0.6751527786254883,-0.9016707392842284,0.0,-0.8107,0.0057
0.6801729202270508,-0.9082275049329284,0.0,-0.8153,-0.2331
0.685171365737915,-0.9149196677300784,0.0,-0.8153,-0.2331
0.6901640892028809,-0.9217656197549672,0.0,-0.8153,-0.2331
0.6951479911804199,-0.928758726817357,0.0,-0.8153,-0.2331
0.7002184391021729,-0.9360347777824113,0.0,-0.8153,-0.2331
0.7051875591278076,-0.9433217026102418,0.0,-0.8153,-0.2331
0.7102189064025879,-0.9508556703299181,0.0,-0.8153,-0.2331
0.7151272296905518,-0.9583546868121284,0.0,-0.8271,-0.6036
0.7203447818756104,-0.9664857772879148,0.0,-0.8271,-0.6036
0.72517991065979,-0.9741658906002,0.0,-0.8271,-0.6036
0.7301461696624756,-0.9821975864961346,0.0,-0.8271,-0.6036
0.7351469993591309,-0.9904299613230018,0.0,-0.8271,-0.6036
0.7401442527770996,-0.9987995399847429,0.0,-0.8271,-0.6036
0.7452266216278076,-1.0074562597063,0.0,-0.8459,-0.9585
0.7502732276916504,-1.0161941710656786,0.0,-0.8459,-0.9585
0.7553493976593018,-1.0251238962684481,0.0,-0.8459,-0.9585
0.7604026794433594,-1.0341511938601569,0.0,-0.8459,-0.9585
0.765338659286499,-1.043099531143235,0.0,-0.8459,-0.9585
0.7702927589416504,-1.0522083028459774,0.0,-0.8459,-0.9585
0.7752916812896729,-1.0615268055544798,0.0,-0.8459,-0.9585
0.7801976203918457,-1.0707941098001748,0.0,-0.8459,-0.9585
0.7851376533508301,-1.0802458231674632,0.0,-0.8738,-1.4186
0.7901504039764404,-1.0899574267263268,0.0,-0.8738,-1.4186
0.7951335906982422,-1.0997299513103411,0.0,-0.8738,-1.4186
0.8001489639282227,-1.1096821607521452,0.0,-0.8738,-1.4186
0.8051407337188721,-1.1197012036750935,0.0,-0.8738,-1.4186
0.8101224899291992,-1.1298107511592261,0.0,-0.9104,-1.8559
0.8153440952301025,-1.140522924559758,0.0,-0.9104,-1.8559
0.8203530311584473,-1.1509076467082453,0.0,-0.9104,-1.8559
0.825286865234375,-1.1612383226164003,0.0,-0.9104,-1.8559
0.8302226066589355,-1.1716714445269947,0.0,-0.9104,-1.8559
0.835197925567627,-1.1822853386000003,0.0,-0.9104,-1.8559
0.840123176574707,-1.1928859183125242,0.0,-0.9524,-2.1168
0.8453984260559082,-1.2043400792402936,0.0,-0.9524,-2.1168
0.8503189086914062,-1.2151147191541387,0.0,-0.9524,-2.1168
0.855290412902832,-1.2260873911135204,0.0,-0.9524,-2.1168
0.8602216243743896,-1.2370542052614317,0.0,-0.9524,-2.1168
0.8651721477508545,-1.2481445316795299,0.0,-0.9524,-2.1168
0.8701972961425781,-1.259481836964595,0.0,-0.9524,-2.1168
0.8752577304840088,-1.2709771505603895,0.0,-0.9524,-2.1168
0.8801891803741455,-1.2822523885872652,0.0,-0.9991,-2.3537
0.885246992111206,-1.2938884552482528,0.0,-0.9991,-2.3537
0.8901147842407227,-1.3051534166804082,0.0,-0.9991,-2.3537
0.8951280117034912,-1.316819849514522,0.0,-0.9991,-2.3537
0.9001357555389404,-1.3285364158536472,0.0,-0.9991,-2.3537
0.9051632881164551,-1.340359593023194,0.0,-1.0494,-3.0003
0.9101433753967285,-1.3521278764595577,0.0,-1.0494,-3.0003
0.9151749610900879,-1.364072201398182,0.0,-1.0494,-3.0003
0.9201157093048096,-1.3758511697916775,0.0,-1.0494,-3.0003
0.9251124858856201,-1.387811469917867,0.0,-1.1017,-3.1244
0.9302852153778076,-1.40024039515637,0.0,-1.1017,-3.1244
0.9351301193237305,-1.4119225397609336,0.0,-1.1017,-3.1244
0.9401276111602783,-1.4240111406010976,0.0,-1.1017,-3.1244
0.9451174736022949,-1.4361173858712375,0.0,-1.1017,-3.1244
0.9501268863677979,-1.4483043497574506,0.0,-1.1539,-2.9913
0.9551844596862793,-1.4606392452779675,0.0,-1.1539,-2.9913
0.9601874351501465,-1.4728683537908267,0.0,-1.1539,-2.9913
0.9651806354522705,-1.4850976903594282,0.0,-1.1539,-2.9913
0.9703519344329834,-1.4977854171273763,0.0,-1.1539,-2.9913
0.9751720428466797,-1.5096289212060627,0.0,-1.1539,-2.9913
0.980168342590332,-1.5219201147369499,0.0,-1.2063,-3.0908
0.985201358795166,-1.534313800126123,0.0,-1.2063,-3.0908
0.9903011322021484,-1.5468811626456858,0.0,-1.2063,-3.0908
0.9951393604278564,-1.558809725228102,0.0,-1.2063,-3.0908
1.0001413822174072,-1.5711449965718427,0.0,-1.2063,-3.0908
1.0051178932189941,-1.5834172765536567,0.0,-1.2063,-3.0908
1.0101771354675293,-1.5958903959497956,0.0,-1.2587,-3.1416
1.0151851177215576,-1.608230905631743,0.0,-1.2587,-3.1416
1.0202269554138184,-1.6206454737435878,0.0,-1.2587,-3.1416
1.0252532958984375,-1.633009437478301,0.0,-1.2587,-3.1416
1.0303618907928467,-1.6455598210324478,0.0,-1.2587,-3.1416
1.0353198051452637,-1.6577216420075513,0.0,-1.2587,-3.1416
1.0402367115020752,-1.6697620508405147,0.0,-1.3111,-3.1416
1.045156717300415,-1.6817864131110924,0.0,-1.3111,-3.1416
1.0502490997314453,-1.6942040982815552,0.0,-1.3111,-3.1416
1.0552446842193604,-1.706355073175093,0.0,-1.3111,-3.1416
1.0601842403411865,-1.7183369503984505,0.0,-1.3111,-3.1416
1.0652050971984863,-1.7304796119619494,0.0,-1.3111,-3.1416
1.0701851844787598,-1.7424844363919227,0.0,-1.3111,-3.1416
1.075150489807129,-1.7544117930363357,0.0,-1.3635,-3.1416
1.0801784992218018,-1.76644423352148,0.0,-1.3635,-3.1416
1.0852315425872803,-1.778487396592177,0.0,-1.3635,-3.1416
1.0902652740478516,-1.7904324984690292,0.0,-1.3635,-3.1416
1.0951874256134033,-1.802059728443293,0.0,-1.3635,-3.1416
1.1002171039581299,-1.8138838170151286,0.0,-1.3635,-3.1416
1.1051793098449707,-1.8254898234052428,0.0,-1.3635,-3.1416
1.1102173328399658,-1.8372098211463557,0.0,-1.4159,-3.1416
1.1151878833770752,-1.8487074675140314,0.0,-1.4159,-3.1416
1.1201937198638916,-1.8602182406543104,0.0,-1.4159,-3.1416
1.1254425048828125,-1.8722107451062615,0.0,-1.4159,-3.1416
1.1304149627685547,-1.8834963496188173,0.0,-1.4159,-3.1416
1.135338544845581,-1.8945958482772312,0.0,-1.4159,-3.1416
1.1402058601379395,-1.9054923651750857,0.0,-1.4159,-3.1416
1.1451854705810547,-1.9165592727851497,0.0,-1.4159,-3.1416
1.150212049484253,-1.9276447381724247,0.0,-1.4159,-3.1416
1.1552906036376953,-1.9387544481040273,0.0,-1.4684,-3.1416
1.1604218482971191,-1.9498842866015922,0.0,-1.4684,-3.1416
1.1652708053588867,-1.9603113533796783,0.0,-1.4684,-3.1416
1.1703243255615234,-1.97108208269825,0.0,-1.4684,-3.1416
1.175313949584961,-1.9816176544439599,0.0,-1.4684,-3.1416
1.1802339553833008,-1.9919073983388058,0.0,-1.4684,-3.1416
1.1853282451629639,-2.0024555972846962,0.0,-1.4684,-3.1416
1.1902077198028564,-2.0124553715392413,0.0,-1.4684,-3.1416
1.1951546669006348,-2.022487464681529,0.0,-1.5208,-3.1416
1.2001368999481201,-2.0324808441132314,0.0,-1.5208,-3.1416
1.2051842212677002,-2.0424894353123006,0.0,-1.5208,-3.1416
1.2101197242736816,-2.0521616294986744,0.0,-1.5208,-3.1416
1.2151126861572266,-2.0618286636430403,0.0,-1.5208,-3.1416
1.2201383113861084,-2.0714369309935514,0.0,-1.5208,-3.1416
1.2251429557800293,-2.0808810747607125,0.0,-1.5732,-3.1416
1.2303311824798584,-2.090538510008273,0.0,-1.5732,-3.1416
1.235273838043213,-2.0996104462639273,0.0,-1.5732,-3.1416
1.2402048110961914,-2.1085338920461423,0.0,-1.5732,-3.1416
1.2451763153076172,-2.117400044001406,0.0,-1.5732,-3.1416
1.2502315044403076,-2.1262787079327254,0.0,-1.5732,-3.1416
1.2551567554473877,-2.134794429867664,0.0,-1.5732,-3.1416
1.2602155208587646,-2.143400409577947,0.0,-1.6256,-3.1415
1.26515531539917,-2.151664451954735,0.0,-1.6256,-3.1415
1.270296573638916,-2.160116941093057,0.0,-1.6256,-3.1415
1.2751655578613281,-2.1679800925459896,0.0,-1.6256,-3.1415
1.2801909446716309,-2.1759492753684224,0.0,-1.6256,-3.1415
1.2851712703704834,-2.1836981968930806,0.0,-1.6256,-3.1415
1.290564775466919,-2.191920704623985,0.0,-1.678,-3.1413
1.2951412200927734,-2.1987578302506248,0.0,-1.678,-3.1413
1.3001527786254883,-2.2060960570330175,0.0,-1.678,-3.1413
1.3051135540008545,-2.2132048392782693,0.0,-1.678,-3.1413
1.3101322650909424,-2.2202378650402252,0.0,-1.678,-3.1413
1.3151164054870605,-2.2270626714504607,0.0,-1.678,-3.1413
1.32012939453125,-2.2337646792814785,0.0,-1.7304,-3.1412
1.3254399299621582,-2.2406850925134143,0.0,-1.7304,-3.1412
1.330172061920166,-2.2466947210888777,0.0,-1.7304,-3.1412
1.3351361751556396,-2.252838392313623,0.0,-1.7304,-3.1412
1.3401825428009033,-2.2589138323927336,0.0,-1.7304,-3.1412
1.345247507095337,-2.264837756189956,0.0,-1.7304,-3.1412
1.3501417636871338,-2.2703950987792765,0.0,-1.7828,-3.1411
1.355189561843872,-2.2759535150250416,0.0,-1.7828,-3.1411
1.3601963520050049,-2.2812916044450686,0.0,-1.7828,-3.1411
1.3652029037475586,-2.286453671717311,0.0,-1.7828,-3.1411
1.3701822757720947,-2.2914121155234826,0.0,-1.7828,-3.1411
1.3752593994140625,-2.2962863284205284,0.0,-1.7828,-3.1411
1.3802332878112793,-2.300882462622242,0.0,-1.7828,-3.1411
1.3852179050445557,-2.30530967155296,0.0,-1.7828,-3.1411
1.3901445865631104,-2.309508438745025,0.0,-1.8352,-3.141
1.3951807022094727,-2.31361756396189,0.0,-1.8352,-3.141
1.4001474380493164,-2.3174879719276005,0.0,-1.8352,-3.141
1.4052107334136963,-2.3212464918072717,0.0,-1.8352,-3.141
1.4102623462677002,-2.324807117146473,0.0,-1.8352,-3.141
1.4152328968048096,-2.328125255330047,0.0,-1.8352,-3.141
1.4202473163604736,-2.331285559527882,0.0,-1.8352,-3.141
1.4251768589019775,-2.334208416155456,0.0,-1.8876,-3.1409
1.4304065704345703,-2.3371090842636137,0.0,-1.8876,-3.1409
1.4352619647979736,-2.3396169824251323,0.0,-1.8876,-3.1409
1.4401700496673584,-2.3419702903106816,0.0,-1.8876,-3.1409
1.4451491832733154,-2.3441703170475496,0.0,-1.8876,-3.1409
1.450157880783081,-2.3461924877564466,0.0,-1.8876,-3.1409
1.4552407264709473,-2.3480483243512644,0.0,-1.8876,-3.1409
1.460167407989502,-2.349658003848069,0.0,-1.9399,-3.1409
1.46518874168396,-2.3511066171781714,0.0,-1.9399,-3.1409
1.4701719284057617,-2.3523522570519813,0.0,-1.9399,-3.1409
1.4751381874084473,-2.3534030981756633,0.0,-1.9399,-3.1409
1.480156660079956,-2.3542714726721856,0.0,-1.9399,-3.1409
1.4851477146148682,-2.354941954448884,0.0,-1.9923,-3.1406
1.4903244972229004,-2.3554337057113184,0.0,-1.9923,-3.1406
1.4951679706573486,-2.3557058806225646,0.0,-1.9923,-3.1406
1.5002100467681885,-2.3557961558833522,0.0,-1.9923,-3.1406
1.5051493644714355,-2.3556936110075255,0.0,-1.9923,-3.1406
1.5101168155670166,-2.3553998748863236,0.0,-2.0447,-3.14
1.5151469707489014,-2.3549077212327227,0.0,-2.0447,-3.14
1.5201187133789062,-2.354228871257871,0.0,-2.0447,-3.14
1.5251638889312744,-2.353344618864854,0.0,-2.0447,-3.14
1.5301084518432617,-2.3522872535759665,0.0,-2.0447,-3.14
1.535114049911499,-2.351024762408958,0.0,-2.0971,-3.1393
1.5402297973632812,-2.3495351361808305,0.0,-2.0971,-3.1393
1.5451242923736572,-2.3479216492932644,0.0,-2.0971,-3.1393
1.5501253604888916,-2.3460832510999032,0.0,-2.0971,-3.1393
1.555145263671875,-2.344045475070891,0.0,-2.0971,-3.1393
1.5601389408111572,-2.3418275391573027,0.0,-2.1494,-3.1387
1.5651512145996094,-2.339410523381633,0.0,-2.1494,-3.1387
1.5702497959136963,-2.336756365325111,0.0,-2.1494,-3.1387
1.5752849578857422,-2.333942354976435,0.0,-2.1494,-3.1387
1.5801763534545898,-2.3310258328518305,0.0,-2.1494,-3.1387
1.5851643085479736,-2.327866875529533,0.0,-2.1494,-3.1387
1.5901453495025635,-2.324526786067267,0.0,-2.1494,-3.1387
1.5952539443969727,-2.3209094574864952,0.0,-2.1494,-3.1387
1.6001429557800293,-2.3172666727238793,0.0,-2.2018,-3.1381
1.6052289009094238,-2.313290288773872,0.0,-2.2018,-3.1381
1.6101593971252441,-2.3092544808769335,0.0,-2.2018,-3.1381
1.6151492595672607,-2.304989697411185,0.0,-2.2018,-3.1381
1.6203222274780273,-2.3003779599303242,0.0,-2.2018,-3.1381
1.625180721282959,-2.2958710863517546,0.0,-2.2018,-3.1381
1.6302332878112793,-2.2910050262584996,0.0,-2.2018,-3.1381
1.6351933479309082,-2.2860515466269247,0.0,-2.2506,-2.4721
1.6402318477630615,-2.280841926161305,0.0,-2.2506,-2.4721
1.6452140808105469,-2.2755155460708103,0.0,-2.2506,-2.4721
1.650167465209961,-2.270048855973854,0.0,-2.2506,-2.4721
1.655177116394043,-2.2643478493265703,0.0,-2.2506,-2.4721
1.660466194152832,-2.2581424585230527,0.0,-2.2506,-2.4721
1.6651780605316162,-2.2524543911505255,0.0,-2.2506,-2.4721
1.6701321601867676,-2.246312849480703,0.0,-2.2801,-1.6571
1.6751797199249268,-2.239887169242806,0.0,-2.2801,-1.6571
1.6801269054412842,-2.233425999064632,0.0,-2.2801,-1.6571
1.6851119995117188,-2.226753420570979,0.0,-2.2801,-1.6571
1.6901154518127441,-2.2198944976671062,0.0,-2.2801,-1.6571
1.6951377391815186,-2.212848473895252,0.0,-2.2942,-0.8088
1.7001352310180664,-2.205678583686993,0.0,-2.2942,-0.8088
1.7051279544830322,-2.198359267402456,0.0,-2.2942,-0.8088
1.7101740837097168,-2.190804787600465,0.0,-2.2942,-0.8088
1.7151753902435303,-2.183163661929372,0.0,-2.2942,0.0372
1.7201323509216309,-2.17544111665402,0.0,-2.2942,0.0372
1.7251677513122559,-2.1674462502933567,0.0,-2.2942,0.0372
1.730224370956421,-2.159267444861861,0.0,-2.2942,0.0372
1.7351887226104736,-2.151093401977428,0.0,-2.2826,0.634
1.740274429321289,-2.1425731962228154,0.0,-2.2826,0.634
1.7451834678649902,-2.1342105046873474,0.0,-2.2826,0.634
1.7501695156097412,-2.1255794646587627,0.0,-2.2826,0.634
1.755181074142456,-2.1167671001115957,0.0,-2.2826,0.634
1.7601544857025146,-2.107888015595129,0.0,-2.2826,0.634
1.7651429176330566,-2.098850408977948,0.0,-2.264,0.9663
1.77012300491333,-2.0896985571794393,0.0,-2.264,0.9663
1.775153398513794,-2.0803253210930883,0.0,-2.264,0.9663
1.7801415920257568,-2.070905055884461,0.0,-2.264,0.9663
1.7852046489715576,-2.061217831196631,0.0,-2.2395,1.2627
1.7901403903961182,-2.051654746647964,0.0,-2.2395,1.2627
1.7951881885528564,-2.0417549866806497,0.0,-2.2395,1.2627
1.800424337387085,-2.0313607201994706,0.0,-2.2395,1.2627
1.8052291870117188,-2.021712906610924,0.0,-2.2395,1.2627
1.8102307319641113,-2.011561037401203,0.0,-2.2395,1.2627
1.8151419162750244,-2.0014866745090085,0.0,-2.2098,1.5218
1.8201484680175781,-1.991111169138346,0.0,-2.2098,1.5218
1.825195550918579,-1.9805464302300537,0.0,-2.2098,1.5218
1.8302087783813477,-1.9699505743689165,0.0,-2.2098,1.5218
1.835181474685669,-1.959342567644304,0.0,-2.2098,1.5218
1.8402183055877686,-1.948501091000152,0.0,-2.2098,1.5218
1.8451826572418213,-1.9377230692917533,0.0,-2.1731,1.9222
1.850161075592041,-1.9268248830659198,0.0,-2.1731,1.9222
1.8554868698120117,-1.9150699151621033,0.0,-2.1731,1.9222
1.8601644039154053,-1.904666168726984,0.0,-2.1731,1.9222
1.8651604652404785,-1.8934743863820187,0.0,-2.1731,1.9222
1.870215892791748,-1.8820687146299238,0.0,-2.1731,1.9222
1.8752388954162598,-1.870658431185999,0.0,-2.1731,1.9222
1.8801681995391846,-1.8593883840812455,0.0,-2.1296,2.2753
1.885185718536377,-1.8478455894124761,0.0,-2.1296,2.2753
1.890244483947754,-1.8361382266675839,0.0,-2.1296,2.2753
1.8952207565307617,-1.824556372343952,0.0,-2.1296,2.2753
1.9002478122711182,-1.8127933630669453,0.0,-2.1296,2.2753
1.905233383178711,-1.801067805812159,0.0,-2.1296,2.2753
1.9101917743682861,-1.7893501397916496,0.0,-2.1296,2.2753
1.9151644706726074,-1.7775454098402992,0.0,-2.1296,2.2753
1.9201772212982178,-1.7655945345039945,0.0,-2.0816,2.8336
1.9251983165740967,-1.753575336697425,0.0,-2.0816,2.8336
1.930159568786621,-1.7416547064404826,0.0,-2.0816,2.8336
1.9351096153259277,-1.7297196330076523,0.0,-2.0816,2.8336
1.9401278495788574,-1.717580935383169,0.0,-2.0816,2.8336
1.9451472759246826,-1.7054028598854438,0.0,-2.0816,2.8336
1.9501948356628418,-1.693122780540163,0.0,-2.0311,3.0247
1.9552192687988281,-1.6808684125713318,0.0,-2.0311,3.0247
1.960198163986206,-1.6686980475101296,0.0,-2.0311,3.0247
1.965259313583374,-1.6563020882397408,0.0,-2.0311,3.0247
1.970292329788208,-1.6439535920307211,0.0,-2.0311,3.0247
1.9751834869384766,-1.6319355953034635,0.0,-2.0311,3.0247
1.9801771640777588,-1.61965082593015,0.0,-1.9804,3.0328
1.9851393699645996,-1.6074315613557772,0.0,-1.9804,3.0328
1.9901645183563232,-1.59504824261485,0.0,-1.9804,3.0328
1.9952573776245117,-1.5824919133397302,0.0,-1.9804,3.0328
2.000216484069824,-1.5702624445968012,0.0,-1.9804,3.0328
2.0052499771118164,-1.5578496815119158,0.0,-1.9804,3.0328
2.010222911834717,-1.5455894241971384,0.0,-1.9298,3.0264
2.0151541233062744,-1.533438098058435,0.0,-1.9298,3.0264
2.0201468467712402,-1.521144342636089,0.0,-1.9298,3.0264
2.025149345397949,-1.5088387706242876,0.0,-1.9298,3.0264
2.0301601886749268,-1.4965280141161283,0.0,-1.9298,3.0264
2.0351662635803223,-1.4842473495859072,0.0,-1.9298,3.0264
2.0401675701141357,-1.4719997576469919,0.0,-1.8794,3.0152
2.0451643466949463,-1.459787614292188,0.0,-1.8794,3.0152
2.050117015838623,-1.4477102542867066,0.0,-1.8794,3.0152
2.055145025253296,-1.4354796687435205,0.0,-1.8794,3.0152
2.0601258277893066,-1.4233971925610645,0.0,-1.8794,3.0152
2.0650830268859863,-1.411407802853596,0.0,-1.8794,3.0152
2.070194721221924,-1.3990852676369143,0.0,-1.8297,2.9724
2.0751943588256836,-1.3870756758911609,0.0,-1.8297,2.9724
2.0801496505737305,-1.3752173208851457,0.0,-1.8297,2.9724
2.085141658782959,-1.3633190331863243,0.0,-1.8297,2.9724
2.0901260375976562,-1.3514898398998774,0.0,-1.8297,2.9724
2.0951192378997803,-1.339693628557597,0.0,-1.7804,2.9432
2.10017466545105,-1.327808353975161,0.0,-1.7804,2.9432
2.105116128921509,-1.3162502197584027,0.0,-1.7804,2.9432
2.1101367473602295,-1.3045697817578585,0.0,-1.7804,2.9432
2.1151466369628906,-1.2929803203995096,0.0,-1.7804,2.9432
2.1201469898223877,-1.2814815407284406,0.0,-1.7804,2.9432
2.1251721382141113,-1.2699976721994417,0.0,-1.7315,2.9202
2.1301450729370117,-1.2587069184434991,0.0,-1.7315,2.9202
2.135190725326538,-1.2473289281117856,0.0,-1.7315,2.9202
2.140141725540161,-1.2362433640958004,0.0,-1.7315,2.9202
2.1451616287231445,-1.2250861685625969,0.0,-1.7315,2.9202
2.150131940841675,-1.214123894130243,0.0,-1.6828,2.9
2.1551895141601562,-1.2030584418407,0.0,-1.6828,2.9
2.1601176261901855,-1.192365516030718,0.0,-1.6828,2.9
2.1651387214660645,-1.181564143250351,0.0,-1.6828,2.9
2.1701343059539795,-1.1709137571887085,0.0,-1.6828,2.9
2.1751513481140137,-1.160316754326046,0.0,-1.6828,2.9
2.1801528930664062,-1.1498539812869895,0.0,-1.6345,2.8812
2.185152769088745,-1.1394985726178974,0.0,-1.6345,2.8812
2.190269947052002,-1.1290104215794015,0.0,-1.6345,2.8812
2.1953041553497314,-1.1188037218968765,0.0,-1.6345,2.8812
2.200282335281372,-1.108821781984262,0.0,-1.6345,2.8812
2.20518159866333,-1.099108388194706,0.0,-1.6345,2.8812
2.210287094116211,-1.0891050420929438,0.0,-1.6345,2.8812
2.215142011642456,-1.0797075664938625,0.0,-1.5865,2.8631
2.2201404571533203,-1.0701516466837904,0.0,-1.5865,2.8631
2.2251343727111816,-1.0607276684564453,0.0,-1.5865,2.8631
2.2301266193389893,-1.0514323221768733,0.0,-1.5865,2.8631
2.2351279258728027,-1.0422482042739758,0.0,-1.5865,2.8631
2.2401630878448486,-1.033133728640403,0.0,-1.5865,2.8631
2.2451462745666504,-1.0242457858292293,0.0,-1.5387,2.8454
2.250251531600952,-1.0152790481710947,0.0,-1.5387,2.8454
2.2551465034484863,-1.0068158098132005,0.0,-1.5387,2.8454
2.2601332664489746,-0.9983310245411126,0.0,-1.5387,2.8454
2.2651240825653076,-0.9899800153221877,0.0,-1.5387,2.8454
2.2701213359832764,-0.9817612937431612,0.0,-1.4912,2.8278
2.2752349376678467,-0.973501521688027,0.0,-1.4912,2.8278
2.280170202255249,-0.9656759625891705,0.0,-1.4912,2.8278
2.2851994037628174,-0.9578511081631454,0.0,-1.4912,2.8278
2.2902235984802246,-0.9501868213722082,0.0,-1.4912,2.8278
2.2952024936676025,-0.942744159189996,0.0,-1.4912,2.8278
2.3002145290374756,-0.9354071563117903,0.0,-1.4439,2.8105
2.3051528930664062,-0.9283320628012235,0.0,-1.4439,2.8105
2.3101754188537598,-0.9212950121263461,0.0,-1.4439,2.8105
2.315188407897949,-0.9144325639086341,0.0,-1.4439,2.8105
2.320096254348755,-0.9078717422572004,0.0,-1.4439,2.8105
2.3251049518585205,-0.9013385973989733,0.0,-1.4439,2.8105
2.3301005363464355,-0.8949876587258951,0.0,-1.397,2.7932
2.335327386856079,-0.8885209227090425,0.0,-1.397,2.7932
2.340134620666504,-0.8827357047766723,0.0,-1.397,2.7932
2.345127582550049,-0.8768931345282177,0.0,-1.397,2.7932
2.3501288890838623,-0.8712119573007749,0.0,-1.397,2.7932
2.3551254272460938,-0.8657086515007127,0.0,-1.397,2.7932
2.3602447509765625,-0.8602503033399543,0.0,-1.3503,2.7761
2.3651561737060547,-0.8551863468960873,0.0,-1.3503,2.7761
2.3701441287994385,-0.850217855944844,0.0,-1.3503,2.7761
2.375126600265503,-0.8454314715258493,0.0,-1.3503,2.7761
2.380124568939209,-0.8408087512982496,0.0,-1.3503,2.7761
2.3851330280303955,-0.8363568632544037,0.0,-1.3038,2.7592
2.390246629714966,-0.8319991156997334,0.0,-1.3038,2.7592
2.3951334953308105,-0.8280127454879334,0.0,-1.3038,2.7592
2.4001245498657227,-0.8241221014055237,0.0,-1.3038,2.7592
2.4051120281219482,-0.8204176197226233,0.0,-1.3038,2.7592
2.410132646560669,-0.8168745836538003,0.0,-1.3038,2.7592
2.415149211883545,-0.8135217367793836,0.0,-1.2576,2.7423
2.4202022552490234,-0.8103346543219903,0.0,-1.2576,2.7423
2.4251623153686523,-0.8073925917294137,0.0,-1.2576,2.7423
2.430147886276245,-0.8046221923848547,0.0,-1.2576,2.7423
2.435138702392578,-0.8020371278240592,0.0,-1.2576,2.7423
2.440173625946045,-0.7996207153204169,0.0,-1.2576,2.7423
2.445145606994629,-0.7974238488717702,0.0,-1.2117,2.7257
2.4501447677612305,-0.7954052095326697,0.0,-1.2117,2.7257
2.4551143646240234,-0.7935880658175556,0.0,-1.2117,2.7257
2.4601736068725586,-0.7919327418499588,0.0,-1.2117,2.7257
2.465165376663208,-0.7904923276245073,0.0,-1.2117,2.7257
2.4701859951019287,-0.7892371512831408,0.0,-1.2117,2.7257
2.475191354751587,-0.7881793356278655,0.0,-1.1661,2.7093
2.4803097248077393,-0.7872977547152706,0.0,-1.1661,2.7093
2.4852054119110107,-0.7866440751949478,0.0,-1.1661,2.7093
2.490208387374878,-0.78616770260087,0.0,-1.1661,2.7093
2.495192766189575,-0.7858858471183957,0.0,-1.1661,2.7093
2.500166177749634,-0.7857964337705982,0.0,-1.1661,2.7093
2.5051488876342773,-0.7858990235603597,0.0,-1.1206,2.6931
2.5102853775024414,-0.7862060986174572,0.0,-1.1206,2.6931
2.515151023864746,-0.7866854078875395,0.0,-1.1206,2.6931
2.520186424255371,-0.7873743472973483,0.0,-1.1206,2.6931
2.525141954421997,-0.7882437646676766,0.0,-1.1206,2.6931
2.5301878452301025,-0.7893239167683416,0.0,-1.0755,2.6772
2.535205602645874,-0.7905927799802869,0.0,-1.0755,2.6772
2.540250062942505,-0.7920638186813574,0.0,-1.0755,2.6772
2.5451414585113525,-0.7936769867431741,0.0,-1.0755,2.6772
2.550163745880127,-0.7955242536829839,0.0,-1.0755,2.6772
2.555198907852173,-0.797569994264981,0.0,-1.0755,2.6772
2.560210704803467,-0.7997983727998574,0.0,-1.0755,2.6772
2.565153121948242,-0.8021830862825471,0.0,-1.0755,2.6772
2.570232629776001,-0.80482702202349,0.0,-1.0296,2.7156
2.575141191482544,-0.8075672999084568,0.0,-1.0296,2.7156
2.58024525642395,-0.8106091883757044,0.0,-1.0296,2.7156
2.5851070880889893,-0.8136884837905255,0.0,-1.0296,2.7156
2.590118646621704,-0.8170474688106727,0.0,-1.0296,2.7156
2.5951247215270996,-0.8205893092891822,0.0,-1.0296,2.7156
2.6001415252685547,-0.8243248891991944,0.0,-0.9834,2.735
2.605133056640625,-0.8282256745023108,0.0,-0.9834,2.735
2.6101207733154297,-0.8323058677704805,0.0,-0.9834,2.735
2.6151115894317627,-0.8365700826852809,0.0,-0.9834,2.735
2.6201281547546387,-0.841038189875772,0.0,-0.9834,2.735
2.625230312347412,-0.8457684419868475,0.0,-0.9353,2.8345
2.630171060562134,-0.8505265908808566,0.0,-0.9353,2.8345
2.635188102722168,-0.8555357767670426,0.0,-0.9353,2.8345
2.6401824951171875,-0.8606988337232523,0.0,-0.9353,2.8345
2.645214080810547,-0.8660771075189828,0.0,-0.9353,2.8345
2.650205373764038,-0.8715862891426488,0.0,-0.8907,2.2267
2.6558268070220947,-0.8779967695563944,0.0,-0.8907,2.2267
2.6601788997650146,-0.8831082382802135,0.0,-0.8907,2.2267
2.6651248931884766,-0.8890732443725339,0.0,-0.8907,2.2267
2.6701712608337402,-0.8953289295432733,0.0,-0.8907,2.2267
2.6752891540527344,-0.9018466662213722,0.0,-0.8907,2.2267
2.680150270462036,-0.9081975509292589,0.0,-0.867,1.1231
2.6851916313171387,-0.9149471305857886,0.0,-0.867,1.1231
2.6901774406433105,-0.9217841418892023,0.0,-0.867,1.1231
2.6951711177825928,-0.9287915448657043,0.0,-0.867,1.1231
2.7002174854278564,-0.9360333940652767,0.0,-0.867,1.1231
2.705181121826172,-0.9433121633767354,0.0,-0.867,1.1231
2.7101099491119385,-0.950690869457209,0.0,-0.8606,0.2741
2.7151708602905273,-0.9584220019932407,0.0,-0.8606,0.2741
2.7201356887817383,-0.9661567866661881,0.0,-0.8606,0.2741
2.7253005504608154,-0.9743592823867486,0.0,-0.8606,0.2741
2.730250120162964,-0.9823672384556219,0.0,-0.8606,0.2741
2.7353861331939697,-0.9908272288330593,0.0,-0.8606,0.2741
2.740138053894043,-0.9987890701143881,0.0,-0.8677,-0.3906
2.7451446056365967,-1.0073154170955796,0.0,-0.8677,-0.3906
2.7501425743103027,-1.0159661848171204,0.0,-0.8677,-0.3906
2.755127191543579,-1.0247300822332392,0.0,-0.8677,-0.3906
2.760105848312378,-1.0336171667440193,0.0,-0.8677,-0.3906
2.765103340148926,-1.0426700282380712,0.0,-0.8677,-0.3906
2.770214319229126,-1.052063096424245,0.0,-0.8857,-0.9291
2.7751827239990234,-1.0613223506471456,0.0,-0.8857,-0.9291
2.7801144123077393,-1.0706359335894748,0.0,-0.8857,-0.9291
2.785115957260132,-1.080204052275426,0.0,-0.8857,-0.9291
2.7901368141174316,-1.0899309357055496,0.0,-0.9128,-1.379
2.7952253818511963,-1.0999110531556566,0.0,-0.9128,-1.379
2.8001561164855957,-1.109696436197227,0.0,-0.9128,-1.379
2.8052244186401367,-1.1198701211148612,0.0,-0.9128,-1.379
2.8101089000701904,-1.1297830250113654,0.0,-0.9128,-1.379
2.8151047229766846,-1.140029295763739,0.0,-0.9422,-1.4694
2.8201394081115723,-1.1504626141454444,0.0,-0.9422,-1.4694
2.8251101970672607,-1.1608666937096368,0.0,-0.9422,-1.4694
2.8301074504852295,-1.1714269253964327,0.0,-0.9422,-1.4694
2.83510684967041,-1.1820901847631722,0.0,-0.9763,-1.7186
2.8402535915374756,-1.1931678502481717,0.0,-0.9763,-1.7186
2.8451175689697266,-1.2037276890803181,0.0,-0.9763,-1.7186
2.8501057624816895,-1.2146462019852577,0.0,-0.9763,-1.7186
2.855128765106201,-1.2257292790429832,0.0,-0.9763,-1.7186
2.8601226806640625,-1.236833362206879,0.0,-1.0118,-1.7736
2.8653383255004883,-1.248518177433522,0.0,-1.0118,-1.7736
2.8701388835906982,-1.259349600429199,0.0,-1.0118,-1.7736
2.875136613845825,-1.2707011245467958,0.0,-1.0118,-1.7736
2.880139112472534,-1.2821375610416659,0.0,-1.0118,-1.7736
2.8851027488708496,-1.2935556249269347,0.0,-1.0519,-2.0166
2.890150547027588,-1.305236411426203,0.0,-1.0519,-2.0166
2.89511775970459,-1.316795926507404,0.0,-1.0519,-2.0166
2.9001479148864746,-1.328564939100212,0.0,-1.0519,-2.0166
2.905120372772217,-1.3402584221575022,0.0,-1.0519,-2.0166
2.910135507583618,-1.352109241310726,0.0,-1.0519,-2.0166
2.9151365756988525,-1.3639808801852866,0.0,-1.0962,-2.2251
2.9201343059539795,-1.3758955955549421,0.0,-1.0962,-2.2251
2.9251773357391357,-1.3879669975152369,0.0,-1.0962,-2.2251
2.930169105529785,-1.3999609024217414,0.0,-1.0962,-2.2251
2.9351353645324707,-1.4119352075637301,0.0,-1.0962,-2.2251
2.9401824474334717,-1.4241439920402847,0.0,-1.0962,-2.2251
2.9451377391815186,-1.4361666230693437,0.0,-1.0962,-2.2251
2.9501304626464844,-1.4483130613705772,0.0,-1.1438,-2.4093
2.955193042755127,-1.4606602030094622,0.0,-1.1438,-2.4093
2.96010422706604,-1.472664756485845,0.0,-1.1438,-2.4093
2.9651153087615967,-1.4849375496481632,0.0,-1.1438,-2.4093
2.9701268672943115,-1.4972327919617034,0.0,-1.1438,-2.4093
2.9751241207122803,-1.5095110980416113,0.0,-1.1942,-3.0116
2.9804182052612305,-1.5225351330647194,0.0,-1.1942,-3.0116
2.985137939453125,-1.5341575682221158,0.0,-1.1942,-3.0116
2.990133285522461,-1.5464674229982338,0.0,-1.1942,-3.0116
2.995129346847534,-1.5587850331196926,0.0,-1.1942,-3.0116
3.000105381011963,-1.5710562121973626,0.0,-1.1942,-3.0116
3.005143165588379,-1.583479593917667,0.0,-1.2466,-3.1416
3.010314702987671,-1.596229482379453,0.0,-1.2466,-3.1416
3.015127420425415,-1.6080887766992737,0.0,-1.2466,-3.1416
3.0201416015625,-1.6204354013754865,0.0,-1.2466,-3.1416
3.0251262187957764,-1.6326970270482377,0.0,-1.2466,-3.1416
3.0301294326782227,-1.6449891304405493,0.0,-1.299,-3.1416
3.0351221561431885,-1.657237190756966,0.0,-1.299,-3.1416
3.040182590484619,-1.6696296437827043,0.0,-1.299,-3.1416
3.0451242923736572,-1.6817072511071942,0.0,-1.299,-3.1416
3.05011248588562,-1.693871365929419,0.0,-1.299,-3.1416
3.0551223754882812,-1.7060579629208146,0.0,-1.299,-3.1416
3.0601165294647217,-1.7181729377730157,0.0,-1.3514,-3.1416
3.0651164054870605,-1.730265451839201,0.0,-1.3514,-3.1416
3.0701441764831543,-1.742385751523949,0.0,-1.3514,-3.1416
3.0751233100891113,-1.7543466225282796,0.0,-1.3514,-3.1416
3.080139398574829,-1.7663508469034852,0.0,-1.3514,-3.1416
3.085103988647461,-1.7781840222791137,0.0,-1.3514,-3.1416
3.0901691913604736,-1.7902049978805368,0.0,-1.4038,-3.1416
3.095209836959839,-1.8021125447300748,0.0,-1.4038,-3.1416
3.100248098373413,-1.8139564955325065,0.0,-1.4038,-3.1416
3.105145215988159,-1.8254102899001172,0.0,-1.4038,-3.1416
3.1101744174957275,-1.8371102644644737,0.0,-1.4038,-3.1416
3.115177631378174,-1.8486838218461588,0.0,-1.4038,-3.1416
3.1201322078704834,-1.8600772241999926,0.0,-1.4562,-3.1416
3.125176429748535,-1.8716047571137353,0.0,-1.4562,-3.1416
3.13012957572937,-1.8828506665456208,0.0,-1.4562,-3.1416
3.1351256370544434,-1.8941174621852437,0.0,-1.4562,-3.1416
3.140187978744507,-1.905452475551725,0.0,-1.4562,-3.1416
3.145146369934082,-1.9164726998442325,0.0,-1.4562,-3.1416
3.1501593589782715,-1.9275289928123625,0.0,-1.5087,-3.1416
3.155155658721924,-1.9384604450553682,0.0,-1.5087,-3.1416
3.1602251529693604,-1.9494594452833391,0.0,-1.5087,-3.1416
3.165130376815796,-1.9600106389429635,0.0,-1.5087,-3.1416
3.1701607704162598,-1.9707350576170128,0.0,-1.5087,-3.1416
3.175161838531494,-1.9812979512183295,0.0,-1.5087,-3.1416
3.1801810264587402,-1.9917972332561107,0.0,-1.5087,-3.1416
3.1851563453674316,-2.0021014501403434,0.0,-1.5611,-3.1416
3.190154790878296,-2.0123474539460022,0.0,-1.5611,-3.1416
3.1951587200164795,-2.022495639742474,0.0,-1.5611,-3.1416
3.200155258178711,-2.0325174594573228,0.0,-1.5611,-3.1416
3.2051682472229004,-2.0424579453201113,0.0,-1.5611,-3.1416
3.2102255821228027,-2.0523678216205523,0.0,-1.5611,-3.1416
3.215198516845703,-2.0619937937026354,0.0,-1.6135,-3.1415
3.220302104949951,-2.071747993550844,0.0,-1.6135,-3.1415
3.225277900695801,-2.081133990696629,0.0,-1.6135,-3.1415
3.230229377746582,-2.0903503290674212,0.0,-1.6135,-3.1415
3.2351558208465576,-2.0993953102619454,0.0,-1.6135,-3.1415
3.2401444911956787,-2.1084255080670453,0.0,-1.6135,-3.1415
3.245213508605957,-2.1174658745066988,0.0,-1.6135,-3.1415
3.2501306533813477,-2.1261029407498144,0.0,-1.6659,-3.1414
3.255222797393799,-2.1349077029881482,0.0,-1.6659,-3.1414
3.2602298259735107,-2.1434245414193183,0.0,-1.6659,-3.1414
3.265138864517212,-2.151637161473044,0.0,-1.6659,-3.1414
3.270155191421509,-2.1598865472824595,0.0,-1.6659,-3.1414
3.2751944065093994,-2.1680262669957138,0.0,-1.6659,-3.1414
3.280181646347046,-2.1759346689006245,0.0,-1.7183,-3.1413
3.2851428985595703,-2.183654476150239,0.0,-1.7183,-3.1413
3.2901337146759033,-2.1912700692995175,0.0,-1.7183,-3.1413
3.2951998710632324,-2.1988446143098086,0.0,-1.7183,-3.1413
3.3001561164855957,-2.2061008922521403,0.0,-1.7183,-3.1413
3.3051223754882812,-2.2132173419855645,0.0,-1.7707,-3.1411
3.3102078437805176,-2.22034254849037,0.0,-1.7707,-3.1411
3.3152365684509277,-2.227225231475269,0.0,-1.7707,-3.1411
3.3201863765716553,-2.233839918162214,0.0,-1.7707,-3.1411
3.3251588344573975,-2.240323440197279,0.0,-1.7707,-3.1411
3.3302040100097656,-2.2467347877767714,0.0,-1.7707,-3.1411
3.335157871246338,-2.252864880765643,0.0,-1.7707,-3.1411
3.3401682376861572,-2.2588968538526437,0.0,-1.8231,-3.141
3.3451318740844727,-2.264704467616454,0.0,-1.8231,-3.141
3.3501064777374268,-2.270355622557364,0.0,-1.8231,-3.141
3.35510516166687,-2.275862031083486,0.0,-1.8231,-3.141
3.360116481781006,-2.2812078254486305,0.0,-1.8231,-3.141
3.365194082260132,-2.2864447315417937,0.0,-1.8755,-3.1409
3.370149850845337,-2.2913803959864953,0.0,-1.8755,-3.1409
3.3751730918884277,-2.2962050088869757,0.0,-1.8755,-3.1409
3.3801634311676025,-2.300819143067134,0.0,-1.8755,-3.1409
3.385157585144043,-2.305257171449787,0.0,-1.8755,-3.1409
3.3901708126068115,-2.309530317269415,0.0,-1.8755,-3.1409
3.3951334953308105,-2.3135799081018593,0.0,-1.9278,-3.1409
3.400190591812134,-2.3175208049004756,0.0,-1.9278,-3.1409
3.4051482677459717,-2.321201278015516,0.0,-1.9278,-3.1409
3.410173177719116,-2.3247459106360755,0.0,-1.9278,-3.1409
3.415402412414551,-2.328235165251814,0.0,-1.9278,-3.1409
3.4203171730041504,-2.3313282550947543,0.0,-1.9278,-3.1409
3.4252893924713135,-2.334273005350364,0.0,-1.9802,-3.1408
3.430251359939575,-2.33702597115583,0.0,-1.9802,-3.1408
3.4352800846099854,-2.3396260069536714,0.0,-1.9802,-3.1408
3.4402902126312256,-2.3420256084074538,0.0,-1.9802,-3.1408
3.4451937675476074,-2.3441891625609,0.0,-1.9802,-3.1408
3.450197219848633,-2.346207610958871,0.0,-1.9802,-3.1408
3.455209732055664,-2.3480376078483043,0.0,-1.9802,-3.1408
3.4602293968200684,-2.349677069473323,0.0,-2.0326,-3.1401
3.465430736541748,-2.351171528888551,0.0,-2.0326,-3.1401
3.4702675342559814,-2.3523742837162214,0.0,-2.0326,-3.1401
3.475127696990967,-2.353401079136548,0.0,-2.0326,-3.1401
3.4801416397094727,-2.3542691640779214,0.0,-2.0326,-3.1401
3.4851620197296143,-2.3549435991515235,0.0,-2.0326,-3.1401
3.490161895751953,-2.3554214162338334,0.0,-2.0326,-3.1401
3.4951376914978027,-2.3557047435594054,0.0,-2.085,-3.1394
3.500178337097168,-2.3557962035914715,0.0,-2.085,-3.1394
3.5051190853118896,-2.3556948154034427,0.0,-2.085,-3.1394
3.510108470916748,-2.3554005285723005,0.0,-2.085,-3.1394
3.5151190757751465,-2.3549109905528347,0.0,-2.085,-3.1394
3.5201189517974854,-2.354228834119481,0.0,-2.1373,-3.1388
3.5252270698547363,-2.3533322984763942,0.0,-2.1373,-3.1388
3.5301713943481445,-2.3522725776196385,0.0,-2.1373,-3.1388
3.535198450088501,-2.3510018203712377,0.0,-2.1373,-3.1388
3.5401451587677,-2.3495614191382814,0.0,-2.1373,-3.1388
3.5451297760009766,-2.347919738479596,0.0,-2.1897,-3.1382
3.550175189971924,-2.3460639700402193,0.0,-2.1897,-3.1382
3.5551605224609375,-2.344038987493633,0.0,-2.1897,-3.1382
3.560164213180542,-2.3418158313788076,0.0,-2.1897,-3.1382
3.5651535987854004,-2.3394093282843373,0.0,-2.1897,-3.1382
3.5701534748077393,-2.336808330414481,0.0,-2.1897,-3.1382
3.575153350830078,-2.334018339917317,0.0,-2.2416,-2.9393
3.580233097076416,-2.3309909444444177,0.0,-2.2416,-2.9393
3.585177421569824,-2.32785832548036,0.0,-2.2416,-2.9393
3.590156078338623,-2.3245193922339245,0.0,-2.2416,-2.9393
3.5951988697052,-2.3209494870947065,0.0,-2.2416,-2.9393
3.6001598834991455,-2.3172537535229574,0.0,-2.2416,-2.9393
3.605128765106201,-2.3133704114074307,0.0,-2.2416,-2.9393
3.6101791858673096,-2.309237925366958,0.0,-2.2815,-2.1278
3.6152591705322266,-2.304893722944488,0.0,-2.2815,-2.1278
3.620323896408081,-2.300376440908268,0.0,-2.2815,-2.1278
3.6253397464752197,-2.2957207093891867,0.0,-2.2815,-2.1278
3.63027286529541,-2.2909661918204085,0.0,-2.2815,-2.1278
3.6351633071899414,-2.2860820714829195,0.0,-2.2815,-2.1278
3.6401326656341553,-2.2809461976418386,0.0,-2.2815,-2.1278
3.6451640129089355,-2.275569933390626,0.0,-2.2815,-2.1278
3.650115728378296,-2.2701068315501027,0.0,-2.3046,-1.2778
3.655137777328491,-2.264393288430858,0.0,-2.3046,-1.2778
3.660123348236084,-2.2585504717897114,0.0,-2.3046,-1.2778
3.665188789367676,-2.252441268606761,0.0,-2.3046,-1.2778
3.670140027999878,-2.2463029653039417,0.0,-2.308,-0.0598
3.6753573417663574,-2.239657977851323,0.0,-2.308,-0.0598
3.6801557540893555,-2.2333878509463814,0.0,-2.308,-0.0598
3.685338020324707,-2.2264470653063055,0.0,-2.308,-0.0598
3.690211296081543,-2.219761539741623,0.0,-2.308,-0.0598
3.695228338241577,-2.212719894863943,0.0,-2.308,-0.0598
3.7001094818115234,-2.205715928625283,0.0,-2.3057,0.1138
3.7051563262939453,-2.1983172315292254,0.0,-2.3057,0.1138
3.710145950317383,-2.1908473393642365,0.0,-2.3057,0.1138
3.715181350708008,-2.1831544648099195,0.0,-2.3057,0.1138
3.7201790809631348,-2.175367614378156,0.0,-2.3057,0.1138
3.725224733352661,-2.167354919918801,0.0,-2.2942,0.6246
3.7303216457366943,-2.159108645687996,0.0,-2.2942,0.6246
3.735260009765625,-2.1509749914992757,0.0,-2.2942,0.6246
3.740243911743164,-2.142624760528973,0.0,-2.2942,0.6246
3.745239019393921,-2.1341151004671666,0.0,-2.2942,0.6246
3.750243902206421,-2.125449662753942,0.0,-2.2942,0.6246
3.755349636077881,-2.116468334631251,0.0,-2.2942,0.6246
3.760221242904663,-2.107767936598763,0.0,-2.2761,0.9437
3.76517653465271,-2.098789062152149,0.0,-2.2761,0.9437
3.7703323364257812,-2.089311073543797,0.0,-2.2761,0.9437
3.7751667499542236,-2.080300272715306,0.0,-2.2761,0.9437
3.780400037765503,-2.070413611463303,0.0,-2.2761,0.9437
3.785290002822876,-2.061053451958938,0.0,-2.2761,0.9437
3.7902252674102783,-2.0514892781603393,0.0,-2.2482,1.4849
3.7954936027526855,-2.0411521824002374,0.0,-2.2482,1.4849
3.800158977508545,-2.031890507149344,0.0,-2.2482,1.4849
3.805145740509033,-2.0218813446198762,0.0,-2.2482,1.4849
3.8101327419281006,-2.0117609856818417,0.0,-2.2482,1.4849
3.8151354789733887,-2.001499947042396,0.0,-2.2482,1.4849
3.820147752761841,-1.9911126589117267,0.0,-2.2129,1.8192
3.825308322906494,-1.9803091852646384,0.0,-2.2129,1.8192
3.8301615715026855,-1.9700508157726944,0.0,-2.2129,1.8192
3.835162401199341,-1.9593834389880298,0.0,-2.2129,1.8192
3.840167999267578,-1.9486098444334092,0.0,-2.2129,1.8192
3.845236301422119,-1.93760611115051,0.0,-2.2129,1.8192
3.8502156734466553,-1.9267048759910848,0.0,-2.1743,1.9566
3.8552048206329346,-1.915694893368868,0.0,-2.1743,1.9566
3.860142469406128,-1.9047151253527752,0.0,-2.1743,1.9566
3.865139961242676,-1.8935204821590992,0.0,-2.1743,1.9566
3.8701210021972656,-1.882283531636118,0.0,-2.1743,1.9566
3.8751296997070312,-1.870907285122981,0.0,-2.1743,1.9566
3.8801305294036865,-1.8594747765532218,0.0,-2.1288,2.5062
3.885162591934204,-1.8478989522456495,0.0,-2.1288,2.5062
3.890129566192627,-1.8364049328209546,0.0,-2.1288,2.5062
3.895124912261963,-1.8247800366400928,0.0,-2.1288,2.5062
3.9001359939575195,-1.8130556784601994,0.0,-2.0798,2.575
3.9052140712738037,-1.801113336298056,0.0,-2.0798,2.575
3.9102160930633545,-1.7892925368569608,0.0,-2.0798,2.575
3.9151713848114014,-1.7775289605061626,0.0,-2.0798,2.575
3.9201910495758057,-1.765561498389669,0.0,-2.0798,2.575
3.9251763820648193,-1.7536279433000999,0.0,-2.0798,2.575
3.930349349975586,-1.7411978677043816,0.0,-2.0798,2.575
3.935206651687622,-1.7294852747942528,0.0,-2.0798,2.575
3.9402146339416504,-1.7173706815035468,0.0,-2.0301,2.676
3.9451985359191895,-1.7052783156526927,0.0,-2.0301,2.676
3.950246810913086,-1.6929961659781745,0.0,-2.0301,2.676
3.955169439315796,-1.6809900841492078,0.0,-2.0301,2.676
3.9601500034332275,-1.6688158902464238,0.0,-2.0301,2.676
3.9651272296905518,-1.6566258814536465,0.0,-2.0301,2.676
3.970148801803589,-1.6443060057037968,0.0,-2.0301,2.676
3.9752426147460938,-1.6317902191305902,0.0,-2.0301,2.676
3.9801316261291504,-1.619762911154642,0.0,-1.9812,2.9207
3.985138416290283,-1.6074339106971256,0.0,-1.9812,2.9207
3.990117311477661,-1.5951646060311448,0.0,-1.9812,2.9207
3.9951207637786865,-1.5828287851249896,0.0,-1.9812,2.9207
4.000145435333252,-1.5704376614263809,0.0,-1.9812,2.9207
4.005234718322754,-1.5578873068748142,0.0,-1.9313,2.9868
4.010586261749268,-1.5446938274273363,0.0,-1.9313,2.9868
4.015223979949951,-1.5332660171799324,0.0,-1.9313,2.9868
4.020136833190918,-1.5211689882062003,0.0,-1.9313,2.9868
4.025137186050415,-1.5088686639008608,0.0,-1.9313,2.9868
4.030163764953613,-1.4965192340409847,0.0,-1.9313,2.9868
4.035125732421875,-1.4843466968320285,0.0,-1.8811,3.0013
4.0401387214660645,-1.4720703374485105,0.0,-1.8811,3.0013
4.04512357711792,-1.4598871487162501,0.0,-1.8811,3.0013
4.050129652023315,-1.4476794771129728,0.0,-1.8811,3.0013
4.055145978927612,-1.4354773520458992,0.0,-1.8811,3.0013
4.060139417648315,-1.4233642741828176,0.0,-1.8811,3.0013
4.065121412277222,-1.4113151117363625,0.0,-1.8314,2.9662
4.0702691078186035,-1.3989062663529368,0.0,-1.8314,2.9662
4.075175523757935,-1.387120836269884,0.0,-1.8314,2.9662
4.080180644989014,-1.3751432952783726,0.0,-1.8314,2.9662
4.085290193557739,-1.3629657727093332,0.0,-1.8314,2.9662
4.090245962142944,-1.3512058794392425,0.0,-1.8314,2.9662
4.095279216766357,-1.3393166103915963,0.0,-1.8314,2.9662
4.1002984046936035,-1.3275182001409458,0.0,-1.7822,2.9404
4.105354309082031,-1.3156946412799169,0.0,-1.7822,2.9404
4.110315561294556,-1.304154976490804,0.0,-1.7822,2.9404
4.115184307098389,-1.2928934345318135,0.0,-1.7822,2.9404
4.120177507400513,-1.2814115790142693,0.0,-1.7822,2.9404
4.125164270401001,-1.2700155945009848,0.0,-1.7822,2.9404
4.130129098892212,-1.2587430660897685,0.0,-1.7822,2.9404
4.135236978530884,-1.2472249983143757,0.0,-1.7333,2.9191
4.140134334564209,-1.2362598532441926,0.0,-1.7333,2.9191
4.145186424255371,-1.2250312693346717,0.0,-1.7333,2.9191
4.150130987167358,-1.214125989251011,0.0,-1.7333,2.9191
4.155123472213745,-1.2032023426985428,0.0,-1.7333,2.9191
4.160113573074341,-1.1923742734858942,0.0,-1.7333,2.9191
4.165137529373169,-1.1815666962906137,0.0,-1.6847,2.8998
4.170304775238037,-1.1705520464642718,0.0,-1.6847,2.8998
4.175142765045166,-1.160334797165957,0.0,-1.6847,2.8998
4.18017578125,-1.1498063382281158,0.0,-1.6847,2.8998
4.185158014297485,-1.1394877645228052,0.0,-1.6847,2.8998
4.1901445388793945,-1.1292661040125176,0.0,-1.6363,2.8814
4.195200681686401,-1.1190123822264602,0.0,-1.6363,2.8814
4.200229644775391,-1.1089268463809008,0.0,-1.6363,2.8814
4.205232858657837,-1.0990073456165144,0.0,-1.6363,2.8814
4.210148572921753,-1.089374826815671,0.0,-1.6363,2.8814
4.215110540390015,-1.0797681186557275,0.0,-1.6363,2.8814
4.220129489898682,-1.0701724793642269,0.0,-1.6363,2.8814
4.2251904010772705,-1.060622645636144,0.0,-1.5883,2.8635
4.2301812171936035,-1.0513313654065244,0.0,-1.5883,2.8635
4.235213756561279,-1.0420917220269148,0.0,-1.5883,2.8635
4.2401955127716064,-1.0330754676966247,0.0,-1.5883,2.8635
4.245209217071533,-1.0241343745297322,0.0,-1.5883,2.8635
4.250173091888428,-1.015415742550437,0.0,-1.5883,2.8635
4.255175590515137,-1.0067659159168403,0.0,-1.5883,2.8635
4.260202646255493,-0.9982139636578701,0.0,-1.5883,2.8635
4.265163421630859,-0.9899147547219368,0.0,-1.5405,2.8459
4.270167589187622,-0.9816858984907628,0.0,-1.5405,2.8459
4.27516770362854,-0.9736091264117395,0.0,-1.5405,2.8459
4.2801501750946045,-0.96570742579627,0.0,-1.5405,2.8459
4.285315275192261,-0.9576726214575682,0.0,-1.5405,2.8459
4.290326833724976,-0.9500309531375223,0.0,-1.5405,2.8459
4.295130252838135,-0.9428510536188113,0.0,-1.493,2.8284
4.30019736289978,-0.9354320176096437,0.0,-1.493,2.8284
4.30511999130249,-0.9283786906656535,0.0,-1.493,2.8284
4.310108184814453,-0.9213881496430318,0.0,-1.493,2.8284
4.3151350021362305,-0.9145048179227315,0.0,-1.493,2.8284
4.320142030715942,-0.9078112877022231,0.0,-1.493,2.8284
4.325123071670532,-0.9013152625833267,0.0,-1.4457,2.8111
4.330153465270996,-0.8949212580365322,0.0,-1.4457,2.8111
4.335134267807007,-0.8887565900828204,0.0,-1.4457,2.8111
4.3401265144348145,-0.8827453284168899,0.0,-1.4457,2.8111
4.345131158828735,-0.8768890107237266,0.0,-1.4457,2.8111
4.350126266479492,-0.8712148912816969,0.0,-1.3987,2.7939
4.355179786682129,-0.8656497316242016,0.0,-1.3987,2.7939
4.36016321182251,-0.8603358057466068,0.0,-1.3987,2.7939
4.36519980430603,-0.8551421229525984,0.0,-1.3987,2.7939
4.370180606842041,-0.8501821705070076,0.0,-1.3987,2.7939
4.375365734100342,-0.8452062092480808,0.0,-1.3987,2.7939
4.380214691162109,-0.8407270439335637,0.0,-1.352,2.7768
4.385160684585571,-0.8363327838634337,0.0,-1.352,2.7768
4.390148878097534,-0.8320806343794401,0.0,-1.352,2.7768
4.3951616287231445,-0.8279903021498424,0.0,-1.352,2.7768
4.400238275527954,-0.824035585122494,0.0,-1.352,2.7768
4.405168056488037,-0.8203770489937294,0.0,-1.352,2.7768
4.410215854644775,-0.8168174415462932,0.0,-1.352,2.7768
4.4152679443359375,-0.8134446566535515,0.0,-1.3056,2.7598
4.420212030410767,-0.8103286743468003,0.0,-1.3056,2.7598
4.425174951553345,-0.8073853329887954,0.0,-1.3056,2.7598
4.430143356323242,-0.804624624393857,0.0,-1.3056,2.7598
4.435102701187134,-0.8020550992001182,0.0,-1.3056,2.7598
4.440118789672852,-0.7996459947174616,0.0,-1.3056,2.7598
4.445120573043823,-0.7974344379118848,0.0,-1.2594,2.743
4.45020055770874,-0.7953837599951903,0.0,-1.2594,2.743
4.455175161361694,-0.7935670074577532,0.0,-1.2594,2.743
4.460139274597168,-0.7919433123475099,0.0,-1.2594,2.743
4.465150594711304,-0.7904963099509285,0.0,-1.2594,2.743
4.470121145248413,-0.7892521251587732,0.0,-1.2135,2.7263
4.475211143493652,-0.7881755374265913,0.0,-1.2135,2.7263
4.480175495147705,-0.7873182884791082,0.0,-1.2135,2.7263
4.485137939453125,-0.7866518239319067,0.0,-1.2135,2.7263
4.490117311477661,-0.7861746428177939,0.0,-1.2135,2.7263
4.495120286941528,-0.7858885668324355,0.0,-1.2135,2.7263
4.500158071517944,-0.7857964235884971,0.0,-1.1678,2.7099
4.505131244659424,-0.785898320988015,0.0,-1.1678,2.7099
4.510184288024902,-0.7861980840282498,0.0,-1.1678,2.7099
4.51514744758606,-0.786684988295233,0.0,-1.1678,2.7099
4.520103216171265,-0.7873613692793318,0.0,-1.1224,2.6937
4.525203227996826,-0.7882557022882658,0.0,-1.1224,2.6937
4.530122518539429,-0.7893086772162959,0.0,-1.1224,2.6937
4.53523850440979,-0.7906017401581864,0.0,-1.1224,2.6937
4.540181636810303,-0.7920425552846156,0.0,-1.1224,2.6937
4.545186996459961,-0.7936928677949638,0.0,-1.1224,2.6937
4.550159215927124,-0.7955225004709673,0.0,-1.0772,2.6778
4.555243730545044,-0.7975890749292667,0.0,-1.0772,2.6778
4.560152530670166,-0.799771409520627,0.0,-1.0772,2.6778
4.565174341201782,-0.8021937244714097,0.0,-1.0772,2.6778
4.57016396522522,-0.8047899793359692,0.0,-1.0772,2.6778
4.5751953125,-0.8075985265879314,0.0,-1.0313,2.7161
4.580251693725586,-0.8106131484173172,0.0,-1.0313,2.7161
4.585267066955566,-0.813792813768832,0.0,-1.0313,2.7161
4.590285062789917,-0.8171622186890227,0.0,-1.0313,2.7161
4.595179557800293,-0.8206291354567911,0.0,-1.0313,2.7161
4.600167989730835,-0.8243450874739553,0.0,-1.0313,2.7161
4.605201482772827,-0.8282804191701031,0.0,-1.0313,2.7161
4.6102471351623535,-0.8324115971804379,0.0,-1.0313,2.7161
4.6154022216796875,-0.8368239742717911,0.0,-0.985,2.7355
4.620213747024536,-0.8411160002484072,0.0,-0.985,2.7355
4.625193357467651,-0.8457335096137943,0.0,-0.985,2.7355
4.630222797393799,-0.8505773357324756,0.0,-0.985,2.7355
4.635153770446777,-0.8555008930086723,0.0,-0.985,2.7355
4.640344858169556,-0.8608696207833257,0.0,-0.985,2.7355
4.645146369934082,-0.8660035592983392,0.0,-0.937,2.8351
4.650146484375,-0.8715202845564152,0.0,-0.937,2.8351
4.655301332473755,-0.8773883512070174,0.0,-0.937,2.8351
4.6601245403289795,-0.8830435991011905,0.0,-0.937,2.8351
4.665105581283569,-0.8890496326534801,0.0,-0.937,2.8351
4.670124053955078,-0.8952696208434773,0.0,-0.937,2.8351
4.67513370513916,-0.9016461439077373,0.0,-0.8969,1.9821
4.680212736129761,-0.908280169050257,0.0,-0.8969,1.9821
4.685382843017578,-0.9152063815648707,0.0,-0.8969,1.9821
4.690145254135132,-0.9217394922572798,0.0,-0.8969,1.9821
4.695150136947632,-0.9287617716482791,0.0,-0.8969,1.9821
4.700160503387451,-0.9359507273079869,0.0,-0.8969,1.9821
4.70515251159668,-0.9432697698883539,0.0,-0.8969,1.9821
4.710188150405884,-0.9508091436874736,0.0,-0.8784,0.8628
4.715136766433716,-0.9583693995302845,0.0,-0.8784,0.8628
4.720230579376221,-0.9663060568117262,0.0,-0.8784,0.8628
4.72516131401062,-0.9741360868410344,0.0,-0.8784,0.8628
4.730127573013306,-0.9821672425352315,0.0,-0.8784,0.8628
4.735213279724121,-0.9905400385580727,0.0,-0.8784,0.8628
4.74019193649292,-0.9988800847011177,0.0,-0.8791,-0.0891
4.745208263397217,-1.0074247306402366,0.0,-0.8791,-0.0891
4.750164985656738,-1.0160052853064923,0.0,-0.8791,-0.0891
4.755303382873535,-1.0250423228117216,0.0,-0.8791,-0.0891
4.760380029678345,-1.0341104283512939,0.0,-0.8791,-0.0891
4.7651824951171875,-1.0428144691490828,0.0,-0.8791,-0.0891
4.770156145095825,-1.0519554256830426,0.0,-0.8909,-0.6229
4.775167226791382,-1.061293275475986,0.0,-0.8909,-0.6229
4.780166387557983,-1.0707347330617756,0.0,-0.8909,-0.6229
4.785131931304932,-1.0802348064471876,0.0,-0.8909,-0.6229
4.790123224258423,-1.0899044455612756,0.0,-0.8909,-0.6229
4.795152902603149,-1.0997680500037235,0.0,-0.8909,-0.6229
4.800119161605835,-1.1096226822371633,0.0,-0.916,-1.2947
4.805202960968018,-1.1198268059791068,0.0,-0.916,-1.2947
4.810147523880005,-1.1298618277462487,0.0,-0.916,-1.2947
4.815124273300171,-1.1400696029280004,0.0,-0.916,-1.2947
4.820145606994629,-1.1504755253706596,0.0,-0.916,-1.2947
4.825117826461792,-1.1608827398532804,0.0,-0.916,-1.2947
4.830159902572632,-1.1715382940897867,0.0,-0.9498,-1.7124
4.835131406784058,-1.1821428016440545,0.0,-0.9498,-1.7124
4.840115308761597,-1.1928689116502271,0.0,-0.9498,-1.7124
4.8451173305511475,-1.2037271693458242,0.0,-0.9498,-1.7124
4.850129842758179,-1.2146991248981265,0.0,-0.9498,-1.7124
4.85513162612915,-1.2257356165364037,0.0,-0.9908,-2.0703
4.860145807266235,-1.2368849780560545,0.0,-0.9908,-2.0703
4.865180969238281,-1.2481643643237488,0.0,-0.9908,-2.0703
4.870128631591797,-1.2593263926496778,0.0,-0.9908,-2.0703
4.87511134147644,-1.2706435340450244,0.0,-0.9908,-2.0703
4.880162715911865,-1.2821916931378206,0.0,-0.9908,-2.0703
4.885291337966919,-1.2939907913733675,0.0,-1.0348,-2.2059
4.8901355266571045,-1.305201553224616,0.0,-1.0348,-2.2059
4.8951616287231445,-1.3168982965721097,0.0,-1.0348,-2.2059
4.9001305103302,-1.3285241118172055,0.0,-1.0348,-2.2059
4.905127286911011,-1.34027472162495,0.0,-1.0839,-2.5413
4.910128593444824,-1.352092865078109,0.0,-1.0839,-2.5413
4.915105581283569,-1.363907144754574,0.0,-1.0839,-2.5413
4.920115947723389,-1.3758517393485348,0.0,-1.0839,-2.5413
4.925121068954468,-1.3878320540168587,0.0,-1.0839,-2.5413
4.930145740509033,-1.399904662276711,0.0,-1.132,-2.4326
4.935318470001221,-1.4123774560556586,0.0,-1.132,-2.4326
4.940240859985352,-1.4242855124910603,0.0,-1.132,-2.4326
4.945184707641602,-1.4362807396143853,0.0,-1.132,-2.4326
4.950341701507568,-1.4488276547089292,0.0,-1.132,-2.4326
4.955150365829468,-1.4605559973023003,0.0,-1.132,-2.4326
4.96015191078186,-1.4727814303397748,0.0,-1.1792,-2.3718
4.965144872665405,-1.4850100216392736,0.0,-1.1792,-2.3718
4.970170497894287,-1.4973399187631997,0.0,-1.1792,-2.3718
4.975165843963623,-1.5096136803205937,0.0,-1.1792,-2.3718
4.980144262313843,-1.5218608445174984,0.0,-1.1792,-2.3718
4.985146999359131,-1.5341798869766448,0.0,-1.1792,-2.3718
4.990128755569458,-1.5464562568225708,0.0,-1.2299,-3.0281
4.995149612426758,-1.5588350052561417,0.0,-1.2299,-3.0281
5.000343561172485,-1.5716436000959888,0.0,-1.2299,-3.0281
5.005221843719482,-1.5836736002919567,0.0,-1.2299,-3.0281
5.0101318359375,-1.5957787373443888,0.0,-1.2299,-3.0281
5.015149831771851,-1.6081439839510632,0.0,-1.2299,-3.0281
5.020096302032471,-1.6203239090031105,0.0,-1.2823,-3.1416
5.025141000747681,-1.6327333679815081,0.0,-1.2823,-3.1416
5.030160188674927,-1.6450646394736643,0.0,-1.2823,-3.1416
5.035173654556274,-1.6573634201151854,0.0,-1.2823,-3.1416
5.040205478668213,-1.6696856400679225,0.0,-1.2823,-3.1416
5.045155048370361,-1.6817823386242923,0.0,-1.2823,-3.1416
5.050119161605835,-1.6938876256292812,0.0,-1.2823,-3.1416
5.055118083953857,-1.7060475376367017,0.0,-1.2823,-3.1416
5.0601255893707275,-1.7181948835109218,0.0,-1.3347,-3.1416
5.065181255340576,-1.730422043254155,0.0,-1.3347,-3.1416
5.070119380950928,-1.7423260802220717,0.0,-1.3347,-3.1416
5.075119495391846,-1.7543374756831998,0.0,-1.3347,-3.1416
5.080109596252441,-1.7662796660970734,0.0,-1.3347,-3.1416
5.085134029388428,-1.778255474182524,0.0,-1.3871,-3.1416
5.090129375457764,-1.7901107175833189,0.0,-1.3871,-3.1416
5.0952088832855225,-1.8021102972518668,0.0,-1.3871,-3.1416
5.100168943405151,-1.813770881207677,0.0,-1.3871,-3.1416
5.105117321014404,-1.8253452148595883,0.0,-1.3871,-3.1416
5.110357046127319,-1.8375338999003583,0.0,-1.3871,-3.1416
5.115168333053589,-1.8486623755260105,0.0,-1.3871,-3.1416
5.120141267776489,-1.8600979947438692,0.0,-1.4395,-3.1416
5.125160217285156,-1.8715678263162971,0.0,-1.4395,-3.1416
5.130115270614624,-1.8828182948731036,0.0,-1.4395,-3.1416
5.135105133056641,-1.8940713837687968,0.0,-1.4395,-3.1416
5.140105724334717,-1.9052689696837604,0.0,-1.4395,-3.1416
5.145125150680542,-1.9164257160038036,0.0,-1.4395,-3.1416
5.150165557861328,-1.9275426104209483,0.0,-1.4919,-3.1416
5.1551525592803955,-1.938453691558679,0.0,-1.4919,-3.1416
5.160578012466431,-1.9502214817838632,0.0,-1.4919,-3.1416
5.165259838104248,-1.9602878707700857,0.0,-1.4919,-3.1416
5.170162916183472,-1.9707396111079587,0.0,-1.4919,-3.1416
5.175179958343506,-1.98133603990788,0.0,-1.4919,-3.1416
5.180177927017212,-1.9917907817868528,0.0,-1.4919,-3.1416
5.185140609741211,-2.002069025391945,0.0,-1.5444,-3.1416
5.190225839614868,-2.0124923134951747,0.0,-1.5444,-3.1416
5.195301532745361,-2.0227836436569073,0.0,-1.5444,-3.1416
5.20030665397644,-2.0328193585962544,0.0,-1.5444,-3.1416
5.205191373825073,-2.0425035349237706,0.0,-1.5444,-3.1416
5.210362672805786,-2.0526347705526526,0.0,-1.5444,-3.1416
5.2152204513549805,-2.062035987877526,0.0,-1.5444,-3.1416
5.220284938812256,-2.0717153993290705,0.0,-1.5444,-3.1416
5.225161790847778,-2.080916381254158,0.0,-1.5968,-3.1416
5.230137586593628,-2.0901806121653337,0.0,-1.5968,-3.1416
5.23534083366394,-2.0997325416300074,0.0,-1.5968,-3.1416
5.240139722824097,-2.1084169393400813,0.0,-1.5968,-3.1416
5.245179653167725,-2.1174059521720965,0.0,-1.5968,-3.1416
5.250129222869873,-2.1261004471972917,0.0,-1.5968,-3.1416
5.255137920379639,-2.1347621200876263,0.0,-1.6492,-3.1414
5.260282278060913,-2.1435130149425934,0.0,-1.6492,-3.1414
5.265190362930298,-2.1517225873724066,0.0,-1.6492,-3.1414
5.270226240158081,-2.1600023415010754,0.0,-1.6492,-3.1414
5.275302171707153,-2.168198709977339,0.0,-1.6492,-3.1414
5.280287265777588,-2.176100553010659,0.0,-1.6492,-3.1414
5.285312175750732,-2.1839152588539283,0.0,-1.6492,-3.1414
5.290154218673706,-2.1913010434460047,0.0,-1.7016,-3.1413
5.295142650604248,-2.1987599471886634,0.0,-1.7016,-3.1413
5.300288915634155,-2.2062932082139532,0.0,-1.7016,-3.1413
5.305242300033569,-2.2133872622709743,0.0,-1.7016,-3.1413
5.310206174850464,-2.2203402372638052,0.0,-1.7016,-3.1413
5.315175533294678,-2.2271426729928794,0.0,-1.7016,-3.1413
5.320260047912598,-2.233937162040631,0.0,-1.7016,-3.1413
5.325218915939331,-2.2404007838116686,0.0,-1.7016,-3.1413
5.330191135406494,-2.2467186423186445,0.0,-1.7016,-3.1413
5.335135221481323,-2.2528372279133597,0.0,-1.754,-3.1412
5.340157747268677,-2.258884402039985,0.0,-1.754,-3.1412
5.345136642456055,-2.264709965862829,0.0,-1.754,-3.1412
5.350109100341797,-2.270358556896616,0.0,-1.754,-3.1412
5.355100870132446,-2.2758573780332627,0.0,-1.754,-3.1412
5.360164642333984,-2.2812583482871975,0.0,-1.8064,-3.1411
5.36515212059021,-2.2864021977760016,0.0,-1.8064,-3.1411
5.370128393173218,-2.2913594010050486,0.0,-1.8064,-3.1411
5.375133752822876,-2.296167925659317,0.0,-1.8064,-3.1411
5.380213022232056,-2.3008640970887098,0.0,-1.8588,-3.141
5.385238170623779,-2.3053273040081343,0.0,-1.8588,-3.141
5.390218734741211,-2.309570282346521,0.0,-1.8588,-3.141
5.39521336555481,-2.313643609211062,0.0,-1.8588,-3.141
5.4002392292022705,-2.317557793567707,0.0,-1.8588,-3.141
5.405237197875977,-2.3212656385530384,0.0,-1.9111,-3.1409
5.41018271446228,-2.324752459612527,0.0,-1.9111,-3.1409
5.415239334106445,-2.3281294330480673,0.0,-1.9111,-3.1409
5.420321464538574,-2.3313308768363603,0.0,-1.9111,-3.1409
5.425185680389404,-2.3342134827382743,0.0,-1.9111,-3.1409
5.430129528045654,-2.336960604208627,0.0,-1.9111,-3.1409
5.435133934020996,-2.3395531460160104,0.0,-1.9635,-3.1408
5.440191745758057,-2.3419802864306662,0.0,-1.9635,-3.1408
5.4451212882995605,-2.3441585182882942,0.0,-1.9635,-3.1408
5.450119495391846,-2.346177719761027,0.0,-1.9635,-3.1408
5.455120325088501,-2.3480066535709176,0.0,-1.9635,-3.1408
5.460198640823364,-2.3496676136821506,0.0,-2.0159,-3.1403
5.46522331237793,-2.3511159178929546,0.0,-2.0159,-3.1403
5.470192193984985,-2.352356931934369,0.0,-2.0159,-3.1403
5.47519850730896,-2.3534146911548195,0.0,-2.0159,-3.1403
5.480228662490845,-2.354282515041197,0.0,-2.0159,-3.1403
5.485375881195068,-2.3549679986324263,0.0,-2.0159,-3.1403
5.490292549133301,-2.3554313072254907,0.0,-2.0683,-3.1397
5.495190382003784,-2.3557067176544364,0.0,-2.0683,-3.1397
5.500411510467529,-2.355795670799005,0.0,-2.0683,-3.1397
5.505189895629883,-2.355691987707514,0.0,-2.0683,-3.1397
5.510130405426025,-2.355398809157866,0.0,-2.0683,-3.1397
5.5152387619018555,-2.3548969207035846,0.0,-2.0683,-3.1397
5.520153522491455,-2.354223444400552,0.0,-2.0683,-3.1397
5.525134563446045,-2.353350326908751,0.0,-2.1206,-3.139
5.53015398979187,-2.3522766388004333,0.0,-2.1206,-3.139
5.535159111022949,-2.351012520519034,0.0,-2.1206,-3.139
5.540143251419067,-2.3495620107959025,0.0,-2.1206,-3.139
5.54516339302063,-2.3479080193202,0.0,-2.1206,-3.139
5.550318956375122,-2.3460082344741204,0.0,-2.1206,-3.139
5.555187225341797,-2.3440276299578464,0.0,-2.173,-3.1384
5.560177803039551,-2.3418095336771403,0.0,-2.173,-3.1384
5.56522798538208,-2.3393720195885583,0.0,-2.173,-3.1384
5.570152521133423,-2.3368088445696484,0.0,-2.173,-3.1384
5.575114488601685,-2.334040752548706,0.0,-2.173,-3.1384
5.580153465270996,-2.3310398986490797,0.0,-2.173,-3.1384
5.585266590118408,-2.3278001510737343,0.0,-2.173,-3.1384
5.590203762054443,-2.324486520392566,0.0,-2.2253,-3.138
5.595177888870239,-2.3209647305622427,0.0,-2.2253,-3.138
5.600279092788696,-2.317162713456142,0.0,-2.2253,-3.138
5.605209827423096,-2.313305555893281,0.0,-2.2253,-3.138
5.61015510559082,-2.3092580708519064,0.0,-2.2253,-3.138
5.6151673793792725,-2.304973881182144,0.0,-2.2253,-3.138
5.62014365196228,-2.3005403793967445,0.0,-2.2693,-2.2483
5.6251397132873535,-2.2959098348696534,0.0,-2.2693,-2.2483
5.630179405212402,-2.291057879342432,0.0,-2.2693,-2.2483
5.635109901428223,-2.286136322162793,0.0,-2.2693,-2.2483
5.640142440795898,-2.280935923947954,0.0,-2.2693,-2.2483
5.64514422416687,-2.2755914245236024,0.0,-2.2693,-2.2483
5.650153160095215,-2.2700648879348826,0.0,-2.2947,-1.3979
5.65517258644104,-2.2643530822479683,0.0,-2.2947,-1.3979
5.660193204879761,-2.2584674016658517,0.0,-2.2947,-1.3979
5.6651222705841064,-2.2525226158942573,0.0,-2.2947,-1.3979
5.670144557952881,-2.2462972742270773,0.0,-2.2947,-1.3979
5.675224304199219,-2.239829660246975,0.0,-2.305,-0.5453
5.680166006088257,-2.2333742928663556,0.0,-2.305,-0.5453
5.685158729553223,-2.2266901084123547,0.0,-2.305,-0.5453
5.690184831619263,-2.219798257885277,0.0,-2.305,-0.5453
5.695154905319214,-2.212824115546119,0.0,-2.305,-0.5453
5.700149297714233,-2.2056581805307687,0.0,-2.305,-0.5453
5.705141544342041,-2.19833913319452,0.0,-2.3027,0.1764
5.7101733684539795,-2.1908058694849712,0.0,-2.3027,0.1764
5.715121030807495,-2.1832475297496656,0.0,-2.3027,0.1764
5.720112562179565,-2.175472238690223,0.0,-2.3027,0.1764
5.725109815597534,-2.167539089606716,0.0,-2.3027,0.1764
5.730273008346558,-2.1591880521436644,0.0,-2.2902,0.6713
5.7352399826049805,-2.1510082602586826,0.0,-2.2902,0.6713
5.74018406867981,-2.142725859651049,0.0,-2.2902,0.6713
5.74514365196228,-2.1342788739789844,0.0,-2.2902,0.6713
5.750195503234863,-2.125534120641529,0.0,-2.2902,0.6713
5.75515604019165,-2.116811458166926,0.0,-2.2902,0.6713
5.760408639907837,-2.107430731512534,0.0,-2.2713,0.9834
5.76530909538269,-2.0985470981299605,0.0,-2.2713,0.9834
5.770211696624756,-2.089534411547344,0.0,-2.2713,0.9834
5.775143146514893,-2.080344554060441,0.0,-2.2713,0.9834
5.780296802520752,-2.070609956738072,0.0,-2.2713,0.9834
5.785278797149658,-2.061075034483806,0.0,-2.2713,0.9834
5.790215492248535,-2.0515083366660396,0.0,-2.2713,0.9834
5.795207500457764,-2.0417168830859205,0.0,-2.2713,0.9834
5.80019211769104,-2.0318243607840465,0.0,-2.2445,1.3897
5.805162191390991,-2.021848140722549,0.0,-2.2445,1.3897
5.810403823852539,-2.0112077420401935,0.0,-2.2445,1.3897
5.815147638320923,-2.0014748765536776,0.0,-2.2445,1.3897
5.820127964019775,-1.9911538751336242,0.0,-2.2445,1.3897
5.825129508972168,-1.980685342622686,0.0,-2.2445,1.3897
5.830120325088501,-1.9701383932454546,0.0,-2.2077,2.1133
5.8351662158966064,-1.9593752648309004,0.0,-2.2077,2.1133
5.840140104293823,-1.9486701444029135,0.0,-2.2077,2.1133
5.845235824584961,-1.9376071508243289,0.0,-2.2077,2.1133
5.850156545639038,-1.926834839514253,0.0,-2.2077,2.1133
5.855146408081055,-1.9158242928933054,0.0,-2.1619,2.3638
5.860312461853027,-1.904335670047013,0.0,-2.1619,2.3638
5.865197420120239,-1.893391303402742,0.0,-2.1619,2.3638
5.870242118835449,-1.882009338215557,0.0,-2.1619,2.3638
5.875405788421631,-1.8702780185674823,0.0,-2.1619,2.3638
5.880279064178467,-1.8591341043082878,0.0,-2.1619,2.3638
5.8852643966674805,-1.847664034804042,0.0,-2.1619,2.3638
5.890136957168579,-1.8363877805619326,0.0,-2.1144,2.3986
5.8953940868377686,-1.8241518265113223,0.0,-2.1144,2.3986
5.900184869766235,-1.8129410240217723,0.0,-2.1144,2.3986
5.905396938323975,-1.8006821679739395,0.0,-2.1144,2.3986
5.910250902175903,-1.78921008337838,0.0,-2.1144,2.3986
5.915240287780762,-1.7773650290550143,0.0,-2.1144,2.3986
5.920135498046875,-1.7656942102068225,0.0,-2.0654,2.7378
5.92521333694458,-1.7535393121101284,0.0,-2.0654,2.7378
5.93012809753418,-1.7417304577512438,0.0,-2.0654,2.7378
5.935108661651611,-1.7297219362092244,0.0,-2.0654,2.7378
5.940137624740601,-1.7175572534856711,0.0,-2.0654,2.7378
5.945147275924683,-1.7054028598854436,0.0,-2.0153,2.9949
5.95013165473938,-1.6932766883447372,0.0,-2.0153,2.9949
5.955114364624023,-1.6811245601197258,0.0,-2.0153,2.9949
5.960118770599365,-1.668892311811782,0.0,-2.0153,2.9949
5.965111494064331,-1.6566644551123537,0.0,-1.9644,3.0482
5.970276117324829,-1.643993400301761,0.0,-1.9644,3.0482
5.9751362800598145,-1.632051660249802,0.0,-1.9644,3.0482
5.980112314224243,-1.619810444376673,0.0,-1.9644,3.0482
5.985107660293579,-1.6075096767791868,0.0,-1.9644,3.0482
5.990158557891846,-1.5950629349948673,0.0,-1.9134,3.0543
5.9951393604278564,-1.5827829283616928,0.0,-1.9134,3.0543
6.000184059143066,-1.5703424093216203,0.0,-1.9134,3.0543
6.005151271820068,-1.5580930711005867,0.0,-1.9134,3.0543
6.010146856307983,-1.545776892546378,0.0,-1.9134,3.0543
6.015140533447266,-1.5334715747526542,0.0,-1.8624,3.0481
6.020496606826782,-1.5202835390854355,0.0,-1.8624,3.0481
6.025139093399048,-1.5088639747534611,0.0,-1.8624,3.0481
6.030116319656372,-1.4966357171337112,0.0,-1.8624,3.0481
6.035137176513672,-1.4843186457028101,0.0,-1.8624,3.0481
6.040158748626709,-1.4720213398142412,0.0,-1.812,3.0131
6.045193433761597,-1.4597166025412442,0.0,-1.812,3.0131
6.0501792430877686,-1.447558693098932,0.0,-1.812,3.0131
6.055135011672974,-1.4355039941418772,0.0,-1.812,3.0131
6.0601277351379395,-1.4233925724215937,0.0,-1.812,3.0131
6.065113067626953,-1.4113352617819976,0.0,-1.7619,2.9916
6.070160388946533,-1.3991678867775539,0.0,-1.7619,2.9916
6.075134754180908,-1.387218590684454,0.0,-1.7619,2.9916
6.080132722854614,-1.3752577510379804,0.0,-1.7619,2.9916
6.085104942321777,-1.3634063629678934,0.0,-1.7619,2.9916
6.090148210525513,-1.3514373359171372,0.0,-1.712,2.9751
6.095170497894287,-1.3395728190592706,0.0,-1.712,2.9751
6.100153207778931,-1.3278586734060804,0.0,-1.712,2.9751
6.105123281478882,-1.3162335336427702,0.0,-1.712,2.9751
6.110151529312134,-1.3045354880017952,0.0,-1.712,2.9751
6.115150451660156,-1.292971521653552,0.0,-1.712,2.9751
6.120149612426758,-1.2814755282891737,0.0,-1.6624,2.9604
6.125159025192261,-1.2700275428041048,0.0,-1.6624,2.9604
6.130292892456055,-1.2583724551368307,0.0,-1.6624,2.9604
6.135160684585571,-1.2473964325666629,0.0,-1.6624,2.9604
6.140175819396973,-1.2361673035852012,0.0,-1.6624,2.9604
6.14518141746521,-1.22504235458665,0.0,-1.6624,2.9604
6.150168418884277,-1.214043758164359,0.0,-1.6624,2.9604
6.155179500579834,-1.2030802597253505,0.0,-1.613,2.9463
6.160144329071045,-1.1923078213892173,0.0,-1.613,2.9463
6.165347576141357,-1.1811169348917996,0.0,-1.613,2.9463
6.170194625854492,-1.1707857541234337,0.0,-1.613,2.9463
6.1751580238342285,-1.160302721212452,0.0,-1.613,2.9463
6.180207014083862,-1.1497413288157887,0.0,-1.613,2.9463
6.185178279876709,-1.1394460070739845,0.0,-1.613,2.9463
6.190173149108887,-1.1292077673838081,0.0,-1.613,2.9463
6.195134878158569,-1.1191451034927318,0.0,-1.5645,2.8944
6.200227975845337,-1.1089301744192608,0.0,-1.5645,2.8944
6.205142498016357,-1.0991854707576474,0.0,-1.5645,2.8944
6.210151433944702,-1.0893692537476798,0.0,-1.5645,2.8944
6.215146780014038,-1.0796983923426466,0.0,-1.5645,2.8944
6.2201550006866455,-1.0701240216546282,0.0,-1.5645,2.8944
6.225228786468506,-1.060550702955479,0.0,-1.5165,2.8589
6.230163335800171,-1.0513644281680912,0.0,-1.5165,2.8589
6.235167503356934,-1.0421760437957954,0.0,-1.5165,2.8589
6.2401463985443115,-1.033163718065743,0.0,-1.5165,2.8589
6.245304107666016,-1.0239664539595323,0.0,-1.5165,2.8589
6.2502970695495605,-1.0151997061202536,0.0,-1.5165,2.8589
6.255187511444092,-1.0067454689593012,0.0,-1.4689,2.8318
6.260194301605225,-0.9982280417065396,0.0,-1.4689,2.8318
6.265155553817749,-0.9899278061322365,0.0,-1.4689,2.8318
6.270122528076172,-0.9817593504104036,0.0,-1.4689,2.8318
6.275148153305054,-0.9736404207288422,0.0,-1.4689,2.8318
6.2801642417907715,-0.9656853263885382,0.0,-1.4689,2.8318
6.285140514373779,-0.9579418516733303,0.0,-1.4689,2.8318
6.290149927139282,-0.9502980928916389,0.0,-1.4217,2.8093
6.2951340675354,-0.9428454082196024,0.0,-1.4217,2.8093
6.300150394439697,-0.9355000503274903,0.0,-1.4217,2.8093
6.3051536083221436,-0.9283310492282273,0.0,-1.4217,2.8093
6.310279846191406,-0.9211504091857673,0.0,-1.4217,2.8093
6.315237045288086,-0.9143667772213903,0.0,-1.4217,2.8093
6.320175886154175,-0.9077665853412719,0.0,-1.4217,2.8093
6.325188159942627,-0.9012314593624858,0.0,-1.3748,2.7891
6.3303821086883545,-0.8946346337720249,0.0,-1.3748,2.7891
6.335141658782959,-0.8887475660934633,0.0,-1.3748,2.7891
6.340131998062134,-0.8827388182585008,0.0,-1.3748,2.7891
6.345138311386108,-0.8768807633775213,0.0,-1.3748,2.7891
6.350149154663086,-0.8711892872313616,0.0,-1.3748,2.7891
6.355148553848267,-0.8656835821977925,0.0,-1.3281,2.7704
6.360321998596191,-0.8601693440690801,0.0,-1.3281,2.7704
6.365280628204346,-0.855060235434488,0.0,-1.3281,2.7704
6.370150089263916,-0.8502120243441209,0.0,-1.3281,2.7704
6.375134706497192,-0.8454238288120999,0.0,-1.3281,2.7704
6.380154371261597,-0.8407817251909113,0.0,-1.3281,2.7704
6.38519024848938,-0.8363070499561235,0.0,-1.2818,2.7525
6.390170335769653,-0.832062734066971,0.0,-1.2818,2.7525
6.3952531814575195,-0.8279173063692266,0.0,-1.2818,2.7525
6.400149345397949,-0.8241032301911809,0.0,-1.2818,2.7525
6.405123710632324,-0.8204091583756026,0.0,-1.2818,2.7525
6.410143613815308,-0.8168670490815757,0.0,-1.2818,2.7525
6.415060520172119,-0.8135793834541566,0.0,-1.2357,2.7352
6.420177698135376,-0.8103496803504098,0.0,-1.2357,2.7352
6.425112247467041,-0.807421364604162,0.0,-1.2357,2.7352
6.43013072013855,-0.8046314092390995,0.0,-1.2357,2.7352
6.43518328666687,-0.8020148855116335,0.0,-1.2357,2.7352
6.440126180648804,-0.7996425861599107,0.0,-1.2357,2.7352
6.445167064666748,-0.7974147763589581,0.0,-1.1899,2.7183
6.450170278549194,-0.7953953984551053,0.0,-1.1899,2.7183
6.455147981643677,-0.7935764182788817,0.0,-1.1899,2.7183
6.460140943527222,-0.7919427982943589,0.0,-1.1899,2.7183
6.46513557434082,-0.7905003582321224,0.0,-1.1899,2.7183
6.470165967941284,-0.7892417721061171,0.0,-1.1444,2.7018
6.475242853164673,-0.7881694574590324,0.0,-1.1444,2.7018
6.4801881313323975,-0.7873163495199332,0.0,-1.1444,2.7018
6.48517370223999,-0.7866477124392639,0.0,-1.1444,2.7018
6.490276336669922,-0.7861625665296422,0.0,-1.1444,2.7018
6.495201826095581,-0.7858855100155459,0.0,-1.1444,2.7018
6.500155210494995,-0.7857964201163654,0.0,-1.0991,2.6856
6.505160331726074,-0.7858994805722911,0.0,-1.0991,2.6856
6.510293483734131,-0.7862067447239737,0.0,-1.0991,2.6856
6.515134334564209,-0.7866834506369245,0.0,-1.0991,2.6856
6.520364284515381,-0.7874022677886842,0.0,-1.0991,2.6856
6.525226354598999,-0.7882602154647672,0.0,-1.0991,2.6856
6.53025221824646,-0.7893389660429818,0.0,-1.0991,2.6856
6.535240173339844,-0.7906021948821007,0.0,-1.053,2.7236
6.540197849273682,-0.7920475900488558,0.0,-1.053,2.7236
6.545262098312378,-0.7937190938030354,0.0,-1.053,2.7236
6.550163269042969,-0.7955240691269565,0.0,-1.053,2.7236
6.55516242980957,-0.7975544771682539,0.0,-1.053,2.7236
6.560167551040649,-0.7997783688847041,0.0,-1.053,2.7236
6.5652196407318115,-0.8022164466406541,0.0,-1.053,2.7236
6.570171594619751,-0.804794093429928,0.0,-1.0067,2.7423
6.575202226638794,-0.8076025174887951,0.0,-1.0067,2.7423
6.580149173736572,-0.81055011804133,0.0,-1.0067,2.7423
6.585161924362183,-0.8137242236439024,0.0,-1.0067,2.7423
6.590203762054443,-0.8171061331972268,0.0,-1.0067,2.7423
6.595178604125977,-0.8206284426375573,0.0,-1.0067,2.7423
6.60016942024231,-0.8243461794195827,0.0,-0.9594,2.797
6.605168104171753,-0.8282537101674676,0.0,-0.9594,2.797
6.610137701034546,-0.8323200247710253,0.0,-0.9594,2.797
6.615139722824097,-0.8365946328031348,0.0,-0.9594,2.797
6.620204210281372,-0.8411073279571409,0.0,-0.9594,2.797
6.625131368637085,-0.8456749353209402,0.0,-0.9594,2.797
6.6301915645599365,-0.8505466994675609,0.0,-0.9098,2.8841
6.635168790817261,-0.8555161536290751,0.0,-0.9098,2.8841
6.640133380889893,-0.8606472076589442,0.0,-0.9098,2.8841
6.645133018493652,-0.8659890605964403,0.0,-0.9098,2.8841
6.650128602981567,-0.871500247415035,0.0,-0.9098,2.8841
6.655165433883667,-0.8772313091203442,0.0,-0.8751,1.6855
6.66016411781311,-0.8830906589741534,0.0,-0.8751,1.6855
6.665161609649658,-0.8891181427095789,0.0,-0.8751,1.6855
6.670144557952881,-0.8952953793627159,0.0,-0.8751,1.6855
6.675220251083374,-0.9017577647099014,0.0,-0.8751,1.6855
6.680262565612793,-0.9083460926396135,0.0,-0.8751,1.6855
6.685245513916016,-0.9150201624031571,0.0,-0.8583,0.792
6.690255641937256,-0.921892651604578,0.0,-0.8583,0.792
6.695267915725708,-0.9289289437817131,0.0,-0.8583,0.792
6.700404644012451,-0.9363050577020255,0.0,-0.8583,0.792
6.705288887023926,-0.9434718910214087,0.0,-0.8583,0.792
6.710252285003662,-0.9509061709095449,0.0,-0.8583,0.792
6.71518611907959,-0.9584455466300321,0.0,-0.8583,0.792
6.7201550006866455,-0.9661871614115647,0.0,-0.8583,0.792
6.7251245975494385,-0.9740772495015395,0.0,-0.8567,0.0407
6.730162858963013,-0.982224819966445,0.0,-0.8567,0.0407
6.735130071640015,-0.9904018521061276,0.0,-0.8567,0.0407
6.740138292312622,-0.9987894727976966,0.0,-0.8567,0.0407
6.745142221450806,-1.007311323393136,0.0,-0.8567,0.0407
6.750133752822876,-1.0159507949533197,0.0,-0.8713,-0.7782
6.755166053771973,-1.0247989382397433,0.0,-0.8713,-0.7782
6.760153293609619,-1.0337024939415467,0.0,-0.8713,-0.7782
6.765162229537964,-1.0427774856855443,0.0,-0.8713,-0.7782
6.770218372344971,-1.0520705987199173,0.0,-0.8713,-0.7782
6.775272846221924,-1.061491457879363,0.0,-0.8713,-0.7782
6.780224323272705,-1.0708448784624514,0.0,-0.8932,-1.1142
6.785189151763916,-1.0803449807829462,0.0,-0.8932,-1.1142
6.790139198303223,-1.0899355831896584,0.0,-0.8932,-1.1142
6.795159101486206,-1.0997802795815348,0.0,-0.8932,-1.1142
6.800191640853882,-1.1097673410240474,0.0,-0.8932,-1.1142
6.805185079574585,-1.119790711598098,0.0,-0.8932,-1.1142
6.810264825820923,-1.1301011943643946,0.0,-0.9233,-1.5245
6.815149545669556,-1.14012170971882,0.0,-0.9233,-1.5245
6.820241212844849,-1.1506746763757993,0.0,-0.9233,-1.5245
6.8251097202301025,-1.1608656908334785,0.0,-0.9233,-1.5245
6.830136060714722,-1.1714876706123063,0.0,-0.9233,-1.5245
6.835149526596069,-1.182181627233484,0.0,-0.9233,-1.5245
6.840123414993286,-1.1928864336695306,0.0,-0.9606,-1.8903
6.845182418823242,-1.2038690645073382,0.0,-0.9606,-1.8903
6.850140333175659,-1.2147221810618372,0.0,-0.9606,-1.8903
6.855122089385986,-1.225714491666746,0.0,-0.9606,-1.8903
6.860126733779907,-1.2368424081561413,0.0,-0.9606,-1.8903
6.865142822265625,-1.248078603319203,0.0,-1.0045,-2.2122
6.870144844055176,-1.2593630934727909,0.0,-1.0045,-2.2122
6.875314235687256,-1.2711059413281833,0.0,-1.0045,-2.2122
6.880143880844116,-1.2821484966907388,0.0,-1.0045,-2.2122
6.88514256477356,-1.2936474914126808,0.0,-1.0045,-2.2122
6.8901753425598145,-1.305293956417811,0.0,-1.0045,-2.2122
6.895189523696899,-1.3169633930889633,0.0,-1.0045,-2.2122
6.900189638137817,-1.3286628156725955,0.0,-1.0045,-2.2122
6.9051735401153564,-1.3403837622387902,0.0,-1.0507,-2.3182
6.910271883010864,-1.3524322694601871,0.0,-1.0507,-2.3182
6.915147066116333,-1.3640058372367945,0.0,-1.0507,-2.3182
6.920118570327759,-1.3758580044811801,0.0,-1.0507,-2.3182
6.925131559371948,-1.3878572125407291,0.0,-1.0507,-2.3182
6.930148601531982,-1.3999115487756166,0.0,-1.0507,-2.3182
6.93515419960022,-1.4119806968474948,0.0,-1.1012,-2.8935
6.940152645111084,-1.4240717896309771,0.0,-1.1012,-2.8935
6.945291042327881,-1.4365391056553436,0.0,-1.1012,-2.8935
6.950170278549194,-1.4484100517074086,0.0,-1.1012,-2.8935
6.955153465270996,-1.4605635652478408,0.0,-1.1012,-2.8935
6.960299968719482,-1.4731437166622214,0.0,-1.1012,-2.8935
6.965193748474121,-1.4851298358279212,0.0,-1.1012,-2.8935
6.970155715942383,-1.497303624282327,0.0,-1.1536,-3.1416
6.975166320800781,-1.5096148526955744,0.0,-1.1536,-3.1416
6.980255603790283,-1.5221348982691376,0.0,-1.1536,-3.1416
6.985172510147095,-1.5342427320500152,0.0,-1.1536,-3.1416
6.990150213241577,-1.5465091492771956,0.0,-1.1536,-3.1416
6.995190858840942,-1.5589367134010457,0.0,-1.1536,-3.1416
7.000250339508057,-1.5714137015673926,0.0,-1.1536,-3.1416
7.005129337310791,-1.5834454957472393,0.0,-1.206,-3.1416
7.010192632675171,-1.5959285948298225,0.0,-1.206,-3.1416
7.015117883682251,-1.6080652841956162,0.0,-1.206,-3.1416
7.02011513710022,-1.6203702664798967,0.0,-1.206,-3.1416
7.025116205215454,-1.632672408920815,0.0,-1.206,-3.1416
7.03011679649353,-1.6449581071486308,0.0,-1.2584,-3.1416
7.035215616226196,-1.657466271991143,0.0,-1.2584,-3.1416
7.040146589279175,-1.6695415652585073,0.0,-1.2584,-3.1416
7.045119285583496,-1.6816950274598776,0.0,-1.2584,-3.1416
7.050129652023315,-1.6939131764768187,0.0,-1.2584,-3.1416
7.055140733718872,-1.706102559691944,0.0,-1.3108,-3.1416
7.060176372528076,-1.7183178929360454,0.0,-1.3108,-3.1416
7.065359830856323,-1.7308532110872783,0.0,-1.3108,-3.1416
7.070186614990234,-1.7424878788358904,0.0,-1.3108,-3.1416
7.075192451477051,-1.754512404524993,0.0,-1.3108,-3.1416
7.08017110824585,-1.7664265813991877,0.0,-1.3108,-3.1416
7.085166692733765,-1.7783331618536882,0.0,-1.3632,-3.1416
7.090213775634766,-1.7903105651569828,0.0,-1.3632,-3.1416
7.095124006271362,-1.801910263377937,0.0,-1.3632,-3.1416
7.10016393661499,-1.8137591400371829,0.0,-1.3632,-3.1416
7.1051530838012695,-1.8254286440452105,0.0,-1.3632,-3.1416
7.110262393951416,-1.837314350450419,0.0,-1.3632,-3.1416
7.115156412124634,-1.8486348798969217,0.0,-1.4157,-3.1416
7.120297908782959,-1.860457069445805,0.0,-1.4157,-3.1416
7.125115156173706,-1.8714651763256256,0.0,-1.4157,-3.1416
7.130101919174194,-1.8827880807435213,0.0,-1.4157,-3.1416
7.135100841522217,-1.8940617392793129,0.0,-1.4157,-3.1416
7.140120506286621,-1.9053019491964647,0.0,-1.4681,-3.1416
7.145144939422607,-1.9164695324426018,0.0,-1.4681,-3.1416
7.1503424644470215,-1.9279311789736653,0.0,-1.4681,-3.1416
7.155141115188599,-1.9384287552689354,0.0,-1.4681,-3.1416
7.160116910934448,-1.9492255921302664,0.0,-1.4681,-3.1416
7.165170431137085,-1.9600964192063515,0.0,-1.4681,-3.1416
7.170170068740845,-1.970754789279848,0.0,-1.4681,-3.1416
7.17519474029541,-1.9813671112745697,0.0,-1.5205,-3.1416
7.18017840385437,-1.9917917743231819,0.0,-1.5205,-3.1416
7.1851277351379395,-2.002042495268413,0.0,-1.5205,-3.1416
7.190127372741699,-2.0122915458878614,0.0,-1.5205,-3.1416
7.195132732391357,-2.0224432219046826,0.0,-1.5729,-3.1416
7.200371503829956,-2.0329486440532056,0.0,-1.5729,-3.1416
7.205163478851318,-2.0424485450922263,0.0,-1.5729,-3.1416
7.210277080535889,-2.052468112045001,0.0,-1.5729,-3.1416
7.215133905410767,-2.0618694907859436,0.0,-1.5729,-3.1416
7.220177888870239,-2.0715121052741017,0.0,-1.5729,-3.1416
7.225212812423706,-2.081012012656152,0.0,-1.6253,-3.1415
7.230281114578247,-2.090445968647185,0.0,-1.6253,-3.1415
7.235325574874878,-2.0997047354931517,0.0,-1.6253,-3.1415
7.240330934524536,-2.1087604506890374,0.0,-1.6253,-3.1415
7.245367765426636,-2.117738822627464,0.0,-1.6253,-3.1415
7.250383615493774,-2.12654370756319,0.0,-1.6253,-3.1415
7.255235195159912,-2.134928964549241,0.0,-1.6253,-3.1415
7.260262727737427,-2.143480040265379,0.0,-1.6777,-3.1413
7.265241384506226,-2.151807207295994,0.0,-1.6777,-3.1413
7.270172119140625,-2.1599141385013922,0.0,-1.6777,-3.1413
7.275288343429565,-2.168176586167179,0.0,-1.6777,-3.1413
7.280176639556885,-2.1759268036656185,0.0,-1.6777,-3.1413
7.285337448120117,-2.1839541777353286,0.0,-1.6777,-3.1413
7.290193319320679,-2.1913601032865238,0.0,-1.6777,-3.1413
7.295187711715698,-2.1988266242446177,0.0,-1.6777,-3.1413
7.300172567367554,-2.2061247219543403,0.0,-1.7301,-3.1412
7.305166721343994,-2.2132801859582596,0.0,-1.7301,-3.1412
7.310161352157593,-2.2202781576423822,0.0,-1.7301,-3.1412
7.3151490688323975,-2.2271068686505413,0.0,-1.7301,-3.1412
7.320154666900635,-2.233798051448856,0.0,-1.7301,-3.1412
7.3253333568573,-2.2405480389831856,0.0,-1.7301,-3.1412
7.330256223678589,-2.2468002552427917,0.0,-1.7825,-3.1411
7.33523964881897,-2.2529646933715712,0.0,-1.7825,-3.1411
7.340239524841309,-2.2589814497833567,0.0,-1.7825,-3.1411
7.345183849334717,-2.264764390099864,0.0,-1.7825,-3.1411
7.35015344619751,-2.270408166715173,0.0,-1.7825,-3.1411
7.35520601272583,-2.275971340867653,0.0,-1.7825,-3.1411
7.36014986038208,-2.2812428430071443,0.0,-1.7825,-3.1411
7.365200042724609,-2.2864507722611513,0.0,-1.8349,-3.141
7.370179891586304,-2.2914097834592795,0.0,-1.8349,-3.141
7.375196218490601,-2.2962268041585676,0.0,-1.8349,-3.141
7.380201101303101,-2.3008532924513387,0.0,-1.8349,-3.141
7.385185718536377,-2.3052816609459983,0.0,-1.8349,-3.141
7.390330791473389,-2.3096636676672917,0.0,-1.8349,-3.141
7.395215272903442,-2.3136451298598097,0.0,-1.8873,-3.1409
7.400187969207764,-2.317518809918126,0.0,-1.8873,-3.1409
7.405279636383057,-2.321296331514183,0.0,-1.8873,-3.1409
7.410288095474243,-2.324824780743687,0.0,-1.8873,-3.1409
7.415234088897705,-2.3281260290049004,0.0,-1.8873,-3.1409
7.420209646224976,-2.3312625207785875,0.0,-1.8873,-3.1409
7.42519474029541,-2.3342186856454448,0.0,-1.9397,-3.1409
7.4302074909210205,-2.3370024468698114,0.0,-1.9397,-3.1409
7.4351654052734375,-2.3395688491760693,0.0,-1.9397,-3.1409
7.440147638320923,-2.341959960886427,0.0,-1.9397,-3.1409
7.445192575454712,-2.3441886588675875,0.0,-1.9397,-3.1409
7.450152158737183,-2.346190287031294,0.0,-1.9397,-3.1409
7.45513653755188,-2.348012271164592,0.0,-1.992,-3.1406
7.460180759429932,-2.3496621127863633,0.0,-1.992,-3.1406
7.465143918991089,-2.351094544617283,0.0,-1.992,-3.1406
7.470144510269165,-2.3523459271687015,0.0,-1.992,-3.1406
7.475135803222656,-2.353402639377777,0.0,-1.992,-3.1406
7.480153560638428,-2.354270996438444,0.0,-1.992,-3.1406
7.4851343631744385,-2.3549404179642175,0.0,-2.0444,-3.14
7.490248918533325,-2.355428018913268,0.0,-2.0444,-3.14
7.49543833732605,-2.355715718764885,0.0,-2.0444,-3.14
7.5001912117004395,-2.3557961851606355,0.0,-2.0444,-3.14
7.505210638046265,-2.3556911520370365,0.0,-2.0444,-3.14
7.510250806808472,-2.3553893047142545,0.0,-2.0444,-3.14
7.515269994735718,-2.3548932308506365,0.0,-2.0444,-3.14
7.520155429840088,-2.3542231467677626,0.0,-2.0968,-3.1393
7.5251991748809814,-2.3533377418451926,0.0,-2.0968,-3.1393
7.530198574066162,-2.352266230828513,0.0,-2.0968,-3.1393
7.535208702087402,-2.3509990298904153,0.0,-2.0968,-3.1393
7.540226459503174,-2.3495361737346965,0.0,-2.0968,-3.1393
7.5451884269714355,-2.3478992866559603,0.0,-2.0968,-3.1393
7.550187110900879,-2.346059354530246,0.0,-2.1491,-3.1387
7.555202484130859,-2.3440211374942317,0.0,-2.1491,-3.1387
7.560332298278809,-2.341737839951408,0.0,-2.1491,-3.1387
7.565136432647705,-2.3394179320224064,0.0,-2.1491,-3.1387
7.570175886154175,-2.3367962457886278,0.0,-2.1491,-3.1387
7.575184106826782,-2.3340005942488924,0.0,-2.1491,-3.1387
7.580211877822876,-2.331003993777585,0.0,-2.2015,-3.1381
7.585138320922852,-2.32788381637616,0.0,-2.2015,-3.1381
7.590121746063232,-2.3245430494864663,0.0,-2.2015,-3.1381
7.595126628875732,-2.321001959416344,0.0,-2.2015,-3.1381
7.600131511688232,-2.317275405635494,0.0,-2.2015,-3.1381
7.605139970779419,-2.3133614489547645,0.0,-2.2516,-2.606
7.610194683074951,-2.309224958215844,0.0,-2.2516,-2.606
7.615178346633911,-2.3049643070456427,0.0,-2.2516,-2.606
7.6202073097229,-2.300482507209835,0.0,-2.2516,-2.606
7.625187397003174,-2.2958647773144825,0.0,-2.2516,-2.606
7.630319118499756,-2.2909207928864435,0.0,-2.2516,-2.606
7.635215759277344,-2.2860287699661224,0.0,-2.2516,-2.606
7.64046573638916,-2.2805957630197593,0.0,-2.2516,-2.606
7.645350217819214,-2.2753675762059924,0.0,-2.2516,-2.606
7.650182247161865,-2.2700322881304618,0.0,-2.2849,-1.7906
7.6551737785339355,-2.2643517051770083,0.0,-2.2849,-1.7906
7.660420894622803,-2.2581964142107114,0.0,-2.2849,-1.7906
7.6651611328125,-2.252475094033632,0.0,-2.2849,-1.7906
7.67011570930481,-2.246333515062115,0.0,-2.2849,-1.7906
7.675113677978516,-2.23997233224156,0.0,-2.2849,-1.7906
7.680119752883911,-2.2334354564337677,0.0,-2.3014,-0.9392
7.685153007507324,-2.2266978616810933,0.0,-2.3014,-0.9392
7.6901772022247314,-2.219808842463002,0.0,-2.3014,-0.9392
7.695143222808838,-2.2128406929589177,0.0,-2.3014,-0.9392
7.700185060501099,-2.2056063025167947,0.0,-2.3034,-0.0879
7.7051331996917725,-2.1983514964402042,0.0,-2.3034,-0.0879
7.710175514221191,-2.1908026238220617,0.0,-2.3034,-0.0879
7.715145826339722,-2.183209276468067,0.0,-2.3034,-0.0879
7.7201361656188965,-2.1754351169566903,0.0,-2.3034,-0.0879
7.725122451782227,-2.1675188423885197,0.0,-2.2928,0.5908
7.730140209197998,-2.159404792940926,0.0,-2.2928,0.5908
7.735235214233398,-2.1510161810533486,0.0,-2.2928,0.5908
7.740187168121338,-2.1427206239378864,0.0,-2.2928,0.5908
7.745139837265015,-2.134285423867487,0.0,-2.2928,0.5908
7.750153541564941,-2.1256073348342723,0.0,-2.2928,0.5908
7.755151033401489,-2.1168203293727315,0.0,-2.2928,0.5908
7.7601540088653564,-2.107888873217281,0.0,-2.2753,0.9148
7.765281677246094,-2.0985971521545697,0.0,-2.2753,0.9148
7.770263433456421,-2.08943864132951,0.0,-2.2753,0.9148
7.775329828262329,-2.079994252344558,0.0,-2.2753,0.9148
7.780386209487915,-2.0704399148028245,0.0,-2.2753,0.9148
7.785158634185791,-2.061306434425116,0.0,-2.2753,0.9148
7.790179252624512,-2.0515789886336626,0.0,-2.2753,0.9148
7.7951390743255615,-2.041851884308217,0.0,-2.2477,1.4739
7.800193786621094,-2.0318210295399504,0.0,-2.2477,1.4739
7.80532169342041,-2.0215261448283917,0.0,-2.2477,1.4739
7.810169696807861,-2.0116855843031702,0.0,-2.2477,1.4739
7.8151538372039795,-2.0014620952783475,0.0,-2.2477,1.4739
7.820346355438232,-1.990698917012786,0.0,-2.2477,1.4739
7.825287818908691,-1.980352324536969,0.0,-2.2477,1.4739
7.8301777839660645,-1.9700163904219314,0.0,-2.2107,1.9797
7.835172891616821,-1.9593609599216328,0.0,-2.2107,1.9797
7.840223789215088,-1.9484892357902348,0.0,-2.2107,1.9797
7.845397710800171,-1.9372541342795244,0.0,-2.2107,1.9797
7.850283145904541,-1.926556555839224,0.0,-2.2107,1.9797
7.855243921279907,-1.9156082684219669,0.0,-2.2107,1.9797
7.8602752685546875,-1.9044187006597553,0.0,-2.2107,1.9797
7.865170240402222,-1.8934524100169718,0.0,-2.2107,1.9797
7.870151519775391,-1.8822144477785365,0.0,-2.1652,2.4535
7.875196218490601,-1.8707556948965065,0.0,-2.1652,2.4535
7.880151271820068,-1.859427206514975,0.0,-2.1652,2.4535
7.88517427444458,-1.8478719959457168,0.0,-2.1652,2.4535
7.8901207447052,-1.8364254046845856,0.0,-2.1652,2.4535
7.89509654045105,-1.8248462413065603,0.0,-2.116,2.9481
7.900165319442749,-1.8129868864823793,0.0,-2.116,2.9481
7.905141115188599,-1.8012853327036604,0.0,-2.116,2.9481
7.910096168518066,-1.789576586018887,0.0,-2.116,2.9481
7.915103435516357,-1.7776906135232144,0.0,-2.065,3.0535
7.920156478881836,-1.765644087986142,0.0,-2.065,3.0535
7.925207614898682,-1.7535530358104163,0.0,-2.065,3.0535
7.930218696594238,-1.7415123812799067,0.0,-2.065,3.0535
7.935202360153198,-1.7294956398428099,0.0,-2.065,3.0535
7.940181255340576,-1.7174515496705687,0.0,-2.0135,3.0439
7.945340633392334,-1.7049330492300043,0.0,-2.0135,3.0439
7.950233697891235,-1.6930281103264813,0.0,-2.0135,3.0439
7.955277681350708,-1.6807257797755393,0.0,-2.0135,3.0439
7.960222482681274,-1.6686385419103744,0.0,-2.0135,3.0439
7.965144872665405,-1.6565826319505212,0.0,-2.0135,3.0439
7.970169544219971,-1.644255076410786,0.0,-1.9623,3.0653
7.975209712982178,-1.6318711141965054,0.0,-1.9623,3.0653
7.980295181274414,-1.61936033863241,0.0,-1.9623,3.0653
7.985160827636719,-1.6073787010885254,0.0,-1.9623,3.0653
7.990126371383667,-1.5951422736998013,0.0,-1.9623,3.0653
7.995159864425659,-1.5827323682932024,0.0,-1.9623,3.0653
8.000157594680786,-1.5704076746520244,0.0,-1.9623,3.0653
8.005144119262695,-1.5581107080750478,0.0,-1.9112,3.0578
8.010170936584473,-1.5457175372086693,0.0,-1.9112,3.0578
8.015115976333618,-1.5335320678989233,0.0,-1.9112,3.0578
8.020118713378906,-1.5212135850769446,0.0,-1.9112,3.0578
8.025130033493042,-1.508886248223413,0.0,-1.9112,3.0578
8.030179738998413,-1.4964800164864969,0.0,-1.8606,3.024
8.035188913345337,-1.484191832618287,0.0,-1.8606,3.024
8.040221691131592,-1.4718673497958403,0.0,-1.8606,3.024
8.04520845413208,-1.4596799329018273,0.0,-1.8606,3.024
8.050261497497559,-1.4473583608262521,0.0,-1.8606,3.024
8.05527114868164,-1.4351732960329229,0.0,-1.8606,3.024
8.06022047996521,-1.4231679245284932,0.0,-1.8103,3.0032
8.065143823623657,-1.4112609950134474,0.0,-1.8103,3.0032
8.070217847824097,-1.3990296155917255,0.0,-1.8103,3.0032
8.075170278549194,-1.387133412692373,0.0,-1.8103,3.0032
8.080110788345337,-1.3753101402275574,0.0,-1.8103,3.0032
8.085130214691162,-1.3633462525624371,0.0,-1.8103,3.0032
8.090137243270874,-1.3514633054960121,0.0,-1.8103,3.0032
8.095128774642944,-1.3396711519179818,0.0,-1.7603,2.9868
8.100199222564697,-1.327750767536983,0.0,-1.7603,2.9868
8.10511040687561,-1.3162635687434487,0.0,-1.7603,2.9868
8.110112190246582,-1.3046267549120714,0.0,-1.7603,2.9868
8.115094423294067,-1.2931007572449764,0.0,-1.7603,2.9868
8.120168924331665,-1.281431255477555,0.0,-1.7111,2.9383
8.125153064727783,-1.2700411205204187,0.0,-1.7111,2.9383
8.130106210708618,-1.2587948611018998,0.0,-1.7111,2.9383
8.135102987289429,-1.2475260920583933,0.0,-1.7111,2.9383
8.140113592147827,-1.2363061302046396,0.0,-1.6624,2.9056
8.145251512527466,-1.2248871688446283,0.0,-1.6624,2.9056
8.150164604187012,-1.2140521381767433,0.0,-1.6624,2.9056
8.155123472213745,-1.2032023426985443,0.0,-1.6624,2.9056
8.160141944885254,-1.192312972588206,0.0,-1.6624,2.9056
8.165116786956787,-1.181611120065051,0.0,-1.6624,2.9056
8.170159816741943,-1.1708596197523677,0.0,-1.6141,2.8805
8.175110816955566,-1.1604019592483874,0.0,-1.6141,2.8805
8.180116176605225,-1.1499304132398696,0.0,-1.6141,2.8805
8.185129642486572,-1.1395462278881912,0.0,-1.6141,2.8805
8.190123081207275,-1.1293098588249164,0.0,-1.6141,2.8805
8.195120096206665,-1.1191749203454127,0.0,-1.5661,2.8593
8.20022201538086,-1.1089420603741917,0.0,-1.5661,2.8593
8.205169677734375,-1.0991318882219567,0.0,-1.5661,2.8593
8.210132598876953,-1.0894059438267396,0.0,-1.5661,2.8593
8.215247392654419,-1.0795048434504402,0.0,-1.5661,2.8593
8.220171451568604,-1.0700927749306057,0.0,-1.5661,2.8593
8.225157260894775,-1.060684763607646,0.0,-1.5661,2.8593
8.230153322219849,-1.051382944030577,0.0,-1.5184,2.8399
8.23521637916565,-1.0420869412301061,0.0,-1.5184,2.8399
8.240139722824097,-1.0331757142497122,0.0,-1.5184,2.8399
8.245148420333862,-1.024241987364868,0.0,-1.5184,2.8399
8.250213861465454,-1.0153446905022654,0.0,-1.5184,2.8399
8.255144834518433,-1.0068186727206072,0.0,-1.5184,2.8399
8.260132551193237,-0.9983322314959855,0.0,-1.471,2.8215
8.265155553817749,-0.9899278061322366,0.0,-1.471,2.8215
8.270122766494751,-0.9817589617448438,0.0,-1.471,2.8215
8.275121450424194,-0.9736831678259564,0.0,-1.471,2.8215
8.2801353931427,-0.965730650176046,0.0,-1.471,2.8215
8.285130500793457,-0.9579572838306478,0.0,-1.471,2.8215
8.290199518203735,-0.9502231880177293,0.0,-1.4238,2.8037
8.295255422592163,-0.9426658610325268,0.0,-1.4238,2.8037
8.30012822151184,-0.935532172102165,0.0,-1.4238,2.8037
8.305139780044556,-0.9283506455477121,0.0,-1.4238,2.8037
8.310152053833008,-0.9213273757796889,0.0,-1.4238,2.8037
8.315137386322021,-0.9145015919031194,0.0,-1.377,2.7862
8.32025146484375,-0.9076668191049675,0.0,-1.377,2.7862
8.325138807296753,-0.9012949998981892,0.0,-1.377,2.7862
8.330190181732178,-0.8948752072749976,0.0,-1.377,2.7862
8.335193157196045,-0.8886846994720828,0.0,-1.377,2.7862
8.340235710144043,-0.8826157298049196,0.0,-1.377,2.7862
8.345154762268066,-0.8768617958109142,0.0,-1.3304,2.769
8.350173473358154,-0.8711620868912974,0.0,-1.3304,2.769
8.35523271560669,-0.8655923820311016,0.0,-1.3304,2.769
8.360196590423584,-0.8603007991251315,0.0,-1.3304,2.769
8.365151405334473,-0.8551911809289598,0.0,-1.3304,2.769
8.370250940322876,-0.8501133919663082,0.0,-1.3304,2.769
8.375165462493896,-0.8453948357354997,0.0,-1.3304,2.769
8.380155563354492,-0.8407806442797211,0.0,-1.284,2.752
8.38521671295166,-0.836284019332797,0.0,-1.284,2.752
8.390350103378296,-0.8319129011064993,0.0,-1.284,2.752
8.395159006118774,-0.827992394080184,0.0,-1.284,2.752
8.400196075439453,-0.8240676775263878,0.0,-1.284,2.752
8.405243396759033,-0.8203225309632715,0.0,-1.284,2.752
8.410251379013062,-0.8167930613256507,0.0,-1.284,2.752
8.415222883224487,-0.8134738975478699,0.0,-1.284,2.752
8.420137405395508,-0.8103743445132815,0.0,-1.238,2.7352
8.425193548202515,-0.8073746525020628,0.0,-1.238,2.7352
8.43015170097351,-0.8046201444976296,0.0,-1.238,2.7352
8.435187578201294,-0.8020127453361313,0.0,-1.238,2.7352
8.440195560455322,-0.7996106099699174,0.0,-1.238,2.7352
8.445149660110474,-0.7974221349056824,0.0,-1.238,2.7352
8.450153112411499,-0.7954019997535733,0.0,-1.1921,2.7187
8.455129623413086,-0.7935827779171031,0.0,-1.1921,2.7187
8.46012806892395,-0.7919467644017336,0.0,-1.1921,2.7187
8.465123891830444,-0.7905035080964963,0.0,-1.1921,2.7187
8.470238447189331,-0.7892250637902751,0.0,-1.1921,2.7187
8.475150346755981,-0.7881872162278681,0.0,-1.1921,2.7187
8.480120420455933,-0.7873267538324086,0.0,-1.1466,2.7023
8.485123872756958,-0.786653443831357,0.0,-1.1466,2.7023
8.490427494049072,-0.7861512692636287,0.0,-1.1466,2.7023
8.495131015777588,-0.7858881616770399,0.0,-1.1466,2.7023
8.500118255615234,-0.7857963809679038,0.0,-1.1466,2.7023
8.50510287284851,-0.7858971962324348,0.0,-1.1466,2.7023
8.510103225708008,-0.7861917144051569,0.0,-1.1466,2.7023
8.515165567398071,-0.7866871152492815,0.0,-1.1013,2.6862
8.520143032073975,-0.7873675727117085,0.0,-1.1013,2.6862
8.525108337402344,-0.7882372275525058,0.0,-1.1013,2.6862
8.530131816864014,-0.7893108443405173,0.0,-1.1013,2.6862
8.535128593444824,-0.7905718405581329,0.0,-1.0558,2.6958
8.540345191955566,-0.7920934397797328,0.0,-1.0558,2.6958
8.545159101486206,-0.7936831377240625,0.0,-1.0558,2.6958
8.550140857696533,-0.7955153969561471,0.0,-1.0558,2.6958
8.555125713348389,-0.7975388689073278,0.0,-1.0558,2.6958
8.56015658378601,-0.7997732872751359,0.0,-1.0558,2.6958
8.56519889831543,-0.8022060403469714,0.0,-1.0097,2.725
8.570253610610962,-0.8048383477319156,0.0,-1.0097,2.725
8.575165033340454,-0.8075810534359786,0.0,-1.0097,2.725
8.580173969268799,-0.8105653553673505,0.0,-1.0097,2.725
8.585160493850708,-0.8137232910144759,0.0,-1.0097,2.725
8.590209245681763,-0.8171099145433618,0.0,-1.0097,2.725
8.595126152038574,-0.8205903479498565,0.0,-0.9629,2.7654
8.600488185882568,-0.824589877237125,0.0,-0.9629,2.7654
8.60523271560669,-0.828305418559719,0.0,-0.9629,2.7654
8.610233783721924,-0.8324004202728659,0.0,-0.9629,2.7654
8.615229606628418,-0.8366731067818896,0.0,-0.9629,2.7654
8.62027621269226,-0.8411728199512065,0.0,-0.9629,2.7654
8.625277042388916,-0.8458126285275543,0.0,-0.9629,2.7654
8.630183219909668,-0.8505385153797717,0.0,-0.9141,2.8847
8.635244607925415,-0.8555932077362206,0.0,-0.9141,2.8847
8.640161275863647,-0.8606765271843352,0.0,-0.9141,2.8847
8.645126342773438,-0.865981811710494,0.0,-0.9141,2.8847
8.650141716003418,-0.8715149411029404,0.0,-0.9141,2.8847
8.655278444290161,-0.8773618931617725,0.0,-0.878,1.7587
8.660218954086304,-0.8831558799825963,0.0,-0.878,1.7587
8.66513204574585,-0.8890819900904687,0.0,-0.878,1.7587
8.670125007629395,-0.8952708188519864,0.0,-0.878,1.7587
8.675120830535889,-0.9016295433868262,0.0,-0.878,1.7587
8.68013620376587,-0.9081789496052246,0.0,-0.878,1.7587
8.685277700424194,-0.9150637965688542,0.0,-0.8602,0.8407
8.690211296081543,-0.9218311138481693,0.0,-0.8602,0.8407
8.695183038711548,-0.9288084627091385,0.0,-0.8602,0.8407
8.700377225875854,-0.936265246128671,0.0,-0.8602,0.8407
8.705193519592285,-0.9433305354626764,0.0,-0.8602,0.8407
8.710179567337036,-0.9507961605412131,0.0,-0.8602,0.8407
8.715180397033691,-0.9584367172263326,0.0,-0.8602,0.8407
8.720167875289917,-0.9662074124782029,0.0,-0.8602,0.8407
8.725258350372314,-0.974291623736957,0.0,-0.8602,0.8407
8.730165004730225,-0.9822283215300156,0.0,-0.858,0.0719
8.735174894332886,-0.9904762857260643,0.0,-0.858,0.0719
8.740135908126831,-0.998785445979038,0.0,-0.858,0.0719
8.74515175819397,-1.0073276983925838,0.0,-0.858,0.0719
8.750171422958374,-1.0160165168065554,0.0,-0.858,0.0719
8.755180358886719,-1.0248242860583214,0.0,-0.858,0.0719
8.760163307189941,-1.033720504221854,0.0,-0.8721,-0.7544
8.765173435211182,-1.0427979351008605,0.0,-0.8721,-0.7544
8.770210266113281,-1.052055594212677,0.0,-0.8721,-0.7544
8.775174617767334,-1.0613071419454418,0.0,-0.8721,-0.7544
8.780159711837769,-1.0707220424749888,0.0,-0.8721,-0.7544
8.785253763198853,-1.0804694050220254,0.0,-0.8721,-0.7544
8.790176391601562,-1.0900080874346165,0.0,-0.8721,-0.7544
8.795149564743042,-1.0997614649204321,0.0,-0.8984,-1.3515
8.80016803741455,-1.1097202291230666,0.0,-0.8984,-1.3515
8.805124759674072,-1.1196689637186352,0.0,-0.8984,-1.3515
8.810136556625366,-1.1298394510009893,0.0,-0.8984,-1.3515
8.815247774124146,-1.1403242637796884,0.0,-0.8984,-1.3515
8.820155382156372,-1.1504958857035348,0.0,-0.8984,-1.3515
8.825128555297852,-1.160905305141199,0.0,-0.9351,-1.8674
8.830157041549683,-1.1715322191542152,0.0,-0.9351,-1.8674
8.835124492645264,-1.182127986948472,0.0,-0.9351,-1.8674
8.84012484550476,-1.1928895258160266,0.0,-0.9351,-1.8674
8.845110893249512,-1.2037131365923583,0.0,-0.9351,-1.8674
8.850104093551636,-1.2146425341361267,0.0,-0.9351,-1.8674
8.85513687133789,-1.2257472353467431,0.0,-0.9779,-2.1601
8.860149383544922,-1.2368929600457674,0.0,-0.9779,-2.1601
8.865116596221924,-1.248019645317124,0.0,-0.9779,-2.1601
8.870132207870483,-1.2593344883500255,0.0,-0.9779,-2.1601
8.875458478927612,-1.271434753824454,0.0,-1.0257,-2.432
8.880266666412354,-1.2824301119564034,0.0,-1.0257,-2.432
8.885415315628052,-1.294276920867772,0.0,-1.0257,-2.432
8.890231847763062,-1.3054250986190095,0.0,-1.0257,-2.432
8.895187616348267,-1.316958941982981,0.0,-1.0257,-2.432
8.900141716003418,-1.3285503977930873,0.0,-1.0257,-2.432
8.905221939086914,-1.3404978666466283,0.0,-1.0257,-2.432
8.910127878189087,-1.3520911709909698,0.0,-1.072,-2.3076
8.915154933929443,-1.3640245551728216,0.0,-1.072,-2.3076
8.920121669769287,-1.3758654087459148,0.0,-1.072,-2.3076
8.925129175186157,-1.3878514946769471,0.0,-1.072,-2.3076
8.930159568786621,-1.3999379471493092,0.0,-1.072,-2.3076
8.935187101364136,-1.4120601604746361,0.0,-1.1226,-2.9099
8.94017243385315,-1.424119731887319,0.0,-1.1226,-2.9099
8.945145845413208,-1.4361863181013945,0.0,-1.1226,-2.9099
8.950141191482544,-1.4483391963027183,0.0,-1.1226,-2.9099
8.955267190933228,-1.460841257855622,0.0,-1.1226,-2.9099
8.960147380828857,-1.4727703462290558,0.0,-1.1226,-2.9099
8.965132236480713,-1.4849790456169982,0.0,-1.1748,-3.0388
8.970308780670166,-1.497679455439848,0.0,-1.1748,-3.0388
8.975142002105713,-1.5095550617466298,0.0,-1.1748,-3.0388
8.980184078216553,-1.5219588459225788,0.0,-1.1748,-3.0388
8.985138654708862,-1.534159330227973,0.0,-1.1748,-3.0388
8.990127086639404,-1.5464521429696212,0.0,-1.1748,-3.0388
8.995107173919678,-1.5587303577791247,0.0,-1.2272,-3.1416
9.000137090682983,-1.571134413004236,0.0,-1.2272,-3.1416
9.00512146949768,-1.5834260950534036,0.0,-1.2272,-3.1416
9.010143280029297,-1.59580694588203,0.0,-1.2272,-3.1416
9.01513934135437,-1.6081181422817667,0.0,-1.2272,-3.1416
9.02044153213501,-1.621173572769974,0.0,-1.2272,-3.1416
9.025139808654785,-1.632730437266035,0.0,-1.2796,-3.1416
9.03014612197876,-1.645030104420486,0.0,-1.2796,-3.1416
9.035129070281982,-1.6572541383486659,0.0,-1.2796,-3.1416
9.040136098861694,-1.6695158997554693,0.0,-1.2796,-3.1416
9.045228004455566,-1.681960449054367,0.0,-1.2796,-3.1416
9.050414562225342,-1.6946070630417625,0.0,-1.3321,-3.1416
9.055278301239014,-1.706436731553201,0.0,-1.3321,-3.1416
9.060363054275513,-1.718770050216861,0.0,-1.3321,-3.1416
9.065182209014893,-1.7304243460196627,0.0,-1.3321,-3.1416
9.070144891738892,-1.742387472796054,0.0,-1.3321,-3.1416
9.075158596038818,-1.7544312295953697,0.0,-1.3321,-3.1416
9.080124378204346,-1.7663149719912772,0.0,-1.3321,-3.1416
9.085116624832153,-1.7782140776699482,0.0,-1.3845,-3.1416
9.090142965316772,-1.7901428974717677,0.0,-1.3845,-3.1416
9.095181941986084,-1.802046805134712,0.0,-1.3845,-3.1416
9.1001615524292,-1.8137535489824874,0.0,-1.3845,-3.1416
9.105150938034058,-1.8254236383847042,0.0,-1.3845,-3.1416
9.110146760940552,-1.8370461031487766,0.0,-1.3845,-3.1416
9.115166187286377,-1.848657426341535,0.0,-1.4369,-3.1416
9.12018346786499,-1.8601947386623452,0.0,-1.4369,-3.1416
9.125396728515625,-1.8721065040956246,0.0,-1.4369,-3.1416
9.130198001861572,-1.8830055023271943,0.0,-1.4369,-3.1416
9.135165452957153,-1.8942069362083043,0.0,-1.4369,-3.1416
9.140144348144531,-1.9053551404387739,0.0,-1.4369,-3.1416
9.14515995979309,-1.9165027898115017,0.0,-1.4369,-3.1416
9.150290489196777,-1.9278170287618288,0.0,-1.4369,-3.1416
9.155142784118652,-1.938432391840787,0.0,-1.4893,-3.1416
9.160147190093994,-1.9492910136113348,0.0,-1.4893,-3.1416
9.165111303329468,-1.9599697890322991,0.0,-1.4893,-3.1416
9.170109748840332,-1.9706267803678656,0.0,-1.4893,-3.1416
9.175127267837524,-1.9812252783181172,0.0,-1.4893,-3.1416
9.180143594741821,-1.9917193166884357,0.0,-1.4893,-3.1416
9.185134410858154,-2.0020562517168297,0.0,-1.5417,-3.1416
9.190140008926392,-2.0123173126172857,0.0,-1.5417,-3.1416
9.195108890533447,-2.0223951294973728,0.0,-1.5417,-3.1416
9.200116395950317,-2.0324399472381645,0.0,-1.5417,-3.1416
9.205114603042603,-2.0423521866542713,0.0,-1.5941,-3.1416
9.21016550064087,-2.0522508001940296,0.0,-1.5941,-3.1416
9.215115070343018,-2.061833251071286,0.0,-1.5941,-3.1416
9.220156908035278,-2.071472254812285,0.0,-1.5941,-3.1416
9.225131034851074,-2.0808587279558814,0.0,-1.5941,-3.1416
9.230152130126953,-2.0902075052556337,0.0,-1.5941,-3.1416
9.235158205032349,-2.099399657163051,0.0,-1.6465,-3.1414
9.240282773971558,-2.1086739486590105,0.0,-1.6465,-3.1414
9.245274066925049,-2.1175730441030653,0.0,-1.6465,-3.1414
9.250272035598755,-2.126349331518978,0.0,-1.6465,-3.1414
9.25522780418396,-2.1349162894908345,0.0,-1.6465,-3.1414
9.260214567184448,-2.1433988007474025,0.0,-1.6465,-3.1414
9.26523232460022,-2.151792182418202,0.0,-1.6989,-3.1413
9.270187139511108,-2.159938619455513,0.0,-1.6989,-3.1413
9.275185346603394,-2.1680117664572287,0.0,-1.6989,-3.1413
9.280144453048706,-2.175876237865823,0.0,-1.6989,-3.1413
9.285190105438232,-2.1837272188986665,0.0,-1.6989,-3.1413
9.290220499038696,-2.1914011515613727,0.0,-1.7513,-3.1412
9.295151233673096,-2.1987726485505528,0.0,-1.7513,-3.1412
9.300105571746826,-2.2060276657394766,0.0,-1.7513,-3.1412
9.30510663986206,-2.21319503951413,0.0,-1.7513,-3.1412
9.310117483139038,-2.220217386393636,0.0,-1.7513,-3.1412
9.315119743347168,-2.2270671882696687,0.0,-1.8037,-3.1411
9.320174217224121,-2.233823864786763,0.0,-1.8037,-3.1411
9.325114727020264,-2.24026664497927,0.0,-1.8037,-3.1411
9.330157279968262,-2.2466761804665922,0.0,-1.8037,-3.1411
9.335135459899902,-2.2528375190139993,0.0,-1.8037,-3.1411
9.340210914611816,-2.258947502385594,0.0,-1.8037,-3.1411
9.345153093338013,-2.264728933617471,0.0,-1.8561,-3.141
9.350166082382202,-2.2704223003604254,0.0,-1.8561,-3.141
9.355165481567383,-2.275927418728699,0.0,-1.8561,-3.141
9.360120296478271,-2.2812118278506937,0.0,-1.8561,-3.141
9.365108489990234,-2.2863579591386434,0.0,-1.8561,-3.141
9.37012243270874,-2.291353568484642,0.0,-1.8561,-3.141
9.37510871887207,-2.2961443214731707,0.0,-1.9085,-3.1409
9.38016676902771,-2.3008221693747792,0.0,-1.9085,-3.1409
9.385115385055542,-2.3052204264479688,0.0,-1.9085,-3.1409
9.39011025428772,-2.309479790188499,0.0,-1.9085,-3.1409
9.395142316818237,-2.313586946044196,0.0,-1.9085,-3.1409
9.40019965171814,-2.31752769626766,0.0,-1.9609,-3.1408
9.405113458633423,-2.3211760700047845,0.0,-1.9609,-3.1408
9.410103559494019,-2.324698082605553,0.0,-1.9609,-3.1408
9.41510272026062,-2.3280407061269335,0.0,-1.9609,-3.1408
9.420119524002075,-2.3312073595385643,0.0,-2.0133,-3.1404
9.425164699554443,-2.3342014315261626,0.0,-2.0133,-3.1404
9.430112838745117,-2.3369516410913875,0.0,-2.0133,-3.1404
9.435110330581665,-2.339541363714377,0.0,-2.0133,-3.1404
9.440101385116577,-2.341938630626797,0.0,-2.0656,-3.1397
9.445160627365112,-2.344175155846008,0.0,-2.0656,-3.1397
9.450154781341553,-2.3461912957280924,0.0,-2.0656,-3.1397
9.455157995223999,-2.3480197031148298,0.0,-2.0656,-3.1397
9.460126638412476,-2.349645448430811,0.0,-2.118,-3.139
9.465137958526611,-2.3510929380579944,0.0,-2.118,-3.139
9.47037386894226,-2.3523986993795436,0.0,-2.118,-3.139
9.47514820098877,-2.3534050246473317,0.0,-2.118,-3.139
9.480236291885376,-2.3542836827445806,0.0,-2.118,-3.139
9.485136032104492,-2.3549406101002472,0.0,-2.118,-3.139
9.490126848220825,-2.3554187405071945,0.0,-2.1704,-3.1384
9.495123386383057,-2.3557042038938425,0.0,-2.1704,-3.1384
9.500190734863281,-2.35579618586616,0.0,-2.1704,-3.1384
9.505160331726074,-2.355693173017502,0.0,-2.1704,-3.1384
9.510171175003052,-2.355395603391647,0.0,-2.1704,-3.1384
9.515178918838501,-2.354903969485332,0.0,-2.1704,-3.1384
9.520251512527466,-2.354208117116722,0.0,-2.1704,-3.1384
9.525203466415405,-2.3533369047950075,0.0,-2.1704,-3.1384
9.530190467834473,-2.352268124327385,0.0,-2.2226,-3.0474
9.535286903381348,-2.350977717730412,0.0,-2.2226,-3.0474
9.540195226669312,-2.349545878125061,0.0,-2.2226,-3.0474
9.545360803604126,-2.3478390255319495,0.0,-2.2226,-3.0474
9.550264120101929,-2.3460295121355563,0.0,-2.2226,-3.0474
9.555202007293701,-2.344021340410615,0.0,-2.2226,-3.0474
9.56013298034668,-2.3418302997174925,0.0,-2.2226,-3.0474
9.56512999534607,-2.339421157847866,0.0,-2.2226,-3.0474
9.57014513015747,-2.336812829039057,0.0,-2.2226,-3.0474
9.575156450271606,-2.334016551916991,0.0,-2.2682,-2.2298
9.580116987228394,-2.3310623078889745,0.0,-2.2682,-2.2298
9.585105419158936,-2.327905257181607,0.0,-2.2682,-2.2298
9.590105533599854,-2.3245542179188137,0.0,-2.2682,-2.2298
9.595110177993774,-2.321013903157395,0.0,-2.2983,-1.4468
9.600212335586548,-2.3172137087911993,0.0,-2.2983,-1.4468
9.605146169662476,-2.3133564906068758,0.0,-2.2983,-1.4468
9.610112190246582,-2.309293963218815,0.0,-2.2983,-1.4468
9.615115880966187,-2.3050188263420006,0.0,-2.2983,-1.4468
9.620115756988525,-2.300565729922418,0.0,-2.3102,-0.1411
9.62517523765564,-2.2958762685366496,0.0,-2.3102,-0.1411
9.63010835647583,-2.2911275390275985,0.0,-2.3102,-0.1411
9.63510251045227,-2.2861438284831936,0.0,-2.3102,-0.1411
9.640112161636353,-2.2809677451654795,0.0,-2.3093,-0.0522
9.645211935043335,-2.275517877313561,0.0,-2.3093,-0.0522
9.650118589401245,-2.2701036260100027,0.0,-2.3093,-0.0522
9.65514874458313,-2.2643806216243605,0.0,-2.3093,-0.0522
9.660148859024048,-2.25852013944047,0.0,-2.3093,-0.0522
9.665119647979736,-2.2525258225249765,0.0,-2.3102,-0.1206
9.670189619064331,-2.2462406555399284,0.0,-2.3102,-0.1206
9.675199031829834,-2.2398622605405216,0.0,-2.3102,-0.1206
9.680187702178955,-2.2333455979190053,0.0,-2.3102,-0.1206
9.685154676437378,-2.226695600332939,0.0,-2.3102,-0.1206
9.690157175064087,-2.2198366252055646,0.0,-2.309,0.1001
9.69522738456726,-2.212721248598269,0.0,-2.309,0.1001
9.700166702270508,-2.2056329342316157,0.0,-2.309,0.1001
9.705145359039307,-2.1983334812814217,0.0,-2.309,0.1001
9.710144996643066,-2.1908487817120315,0.0,-2.309,0.1001
9.715200185775757,-2.183125400501175,0.0,-2.2999,0.492
9.720155239105225,-2.175405117167465,0.0,-2.2999,0.492
9.725143671035767,-2.1674848402274454,0.0,-2.2999,0.492
9.730159044265747,-2.159374058559212,0.0,-2.2999,0.492
9.735240459442139,-2.1510074681720557,0.0,-2.2999,0.492
9.740209579467773,-2.142682764090667,0.0,-2.2843,0.8218
9.74521803855896,-2.1341511349787967,0.0,-2.2843,0.8218
9.75029468536377,-2.1253610305931203,0.0,-2.2843,0.8218
9.75518536567688,-2.116759495534456,0.0,-2.2843,0.8218
9.76015591621399,-2.107885442721446,0.0,-2.2843,0.8218
9.76511025428772,-2.098910009826782,0.0,-2.2843,0.8218
9.770113945007324,-2.0897153224764327,0.0,-2.2628,1.1116
9.775175333023071,-2.0802841697133734,0.0,-2.2628,1.1116
9.780139684677124,-2.070908681555419,0.0,-2.2628,1.1116
9.785124778747559,-2.0613716178200256,0.0,-2.2628,1.1116
9.790179967880249,-2.0515775942472136,0.0,-2.2628,1.1116
9.795161724090576,-2.0418071999023337,0.0,-2.2336,1.5067
9.800251722335815,-2.031705379924909,0.0,-2.2336,1.5067
9.80520510673523,-2.0217615161893283,0.0,-2.2336,1.5067
9.810184478759766,-2.0116554220877316,0.0,-2.2336,1.5067
9.815162181854248,-2.0014448894574857,0.0,-2.2336,1.5067
9.820224285125732,-1.9909532411262412,0.0,-2.2336,1.5067
9.825241088867188,-1.9804506355981157,0.0,-2.2001,1.7077
9.830171585083008,-1.9700295531783394,0.0,-2.2001,1.7077
9.835170030593872,-1.9593670906179597,0.0,-2.2001,1.7077
9.840145587921143,-1.9486582907919079,0.0,-2.2001,1.7077
9.845154762268066,-1.9377838834068903,0.0,-2.2001,1.7077
9.850131511688232,-1.9268898606914915,0.0,-2.2001,1.7077
9.855186223983765,-1.9157360912126027,0.0,-2.1629,1.8945
9.860166549682617,-1.904661379406718,0.0,-2.1629,1.8945
9.865304708480835,-1.8931500701209583,0.0,-2.1629,1.8945
9.870217323303223,-1.8820654759708935,0.0,-2.1629,1.8945
9.875197887420654,-1.8707518913890113,0.0,-2.1629,1.8945
9.880203247070312,-1.8593080026454754,0.0,-2.1629,1.8945
9.885272026062012,-1.8476464286088345,0.0,-2.1629,1.8945
9.89021635055542,-1.8362035230735643,0.0,-2.1629,1.8945
9.89513111114502,-1.8247655714863698,0.0,-2.1182,2.4909
9.900138854980469,-1.813048967138237,0.0,-2.1182,2.4909
9.905176162719727,-1.801202708490017,0.0,-2.1182,2.4909
9.9101402759552,-1.789472118265423,0.0,-2.1182,2.4909
9.915185689926147,-1.7774949270913925,0.0,-2.1182,2.4909
9.920181274414062,-1.765584851543053,0.0,-2.1182,2.4909
9.925150394439697,-1.7536902695643997,0.0,-2.069,2.9439
9.930153608322144,-1.7416690534078716,0.0,-2.069,2.9439
9.935158252716064,-1.729602167836374,0.0,-2.069,2.9439
9.940247535705566,-1.717290967018689,0.0,-2.069,2.9439
9.945149421691895,-1.705397646475916,0.0,-2.069,2.9439
9.950098276138306,-1.6933579961806255,0.0,-2.069,2.9439
9.95512080192566,-1.6811088423195308,0.0,-2.0186,3.0122
9.960222482681274,-1.6686385419103746,0.0,-2.0186,3.0122
9.965166568756104,-1.656529446389421,0.0,-2.0186,3.0122
9.970303297042847,-1.643926662798576,0.0,-2.0186,3.0122
9.975264310836792,-1.6317368749261794,0.0,-2.0186,3.0122
9.980180263519287,-1.6196431970565115,0.0,-2.0186,3.0122
9.98517107963562,-1.607353445568802,0.0,-1.9681,3.0258
9.990206003189087,-1.5949459834146518,0.0,-1.9681,3.0258
9.995212316513062,-1.582603028358211,0.0,-1.9681,3.0258
