time,ref_pos,ref_vel,meas_pos,meas_vel
0.005099296569824219,-1.5582212332604863,0.0,-1.5715,0.0072
0.010098457336425781,-1.545896191331171,0.0,-1.5715,0.0072
0.015115737915039062,-1.5335326552121091,0.0,-1.5715,0.0072
0.02010321617126465,-1.5212517272649235,0.0,-1.5715,0.0072
0.025099992752075195,-1.5089601027193817,0.0,-1.5715,0.0072
0.030112504959106445,-1.4966450826800992,0.0,-1.5715,0.0072
0.03510904312133789,-1.4843876049290998,0.0,-1.5715,0.0072
0.040114402770996094,-1.4721298351012235,0.0,-1.5696,0.1137
0.04516434669494629,-1.4597876142921877,0.0,-1.5696,0.1137
0.05013394355773926,-1.4476690245320654,0.0,-1.5696,0.1137
0.0551762580871582,-1.435403797528041,0.0,-1.5696,0.1137
0.0601506233215332,-1.4233371311607967,0.0,-1.5696,0.1137
0.06515860557556152,-1.4112253014375358,0.0,-1.566,0.2018
0.07012748718261719,-1.3992470653275735,0.0,-1.566,0.2018
0.0752410888671875,-1.3869636351980084,0.0,-1.566,0.2018
0.08015227317810059,-1.3752110571081326,0.0,-1.566,0.2018
0.08516383171081543,-1.363266296408311,0.0,-1.566,0.2018
0.09017729759216309,-1.3513684613387673,0.0,-1.566,0.2018
0.09515738487243652,-1.339603723244007,0.0,-1.566,0.2018
0.10022568702697754,-1.327688709985226,0.0,-1.5611,0.2767
0.10536384582519531,-1.315672398867306,0.0,-1.5611,0.2767
0.11020469665527344,-1.3044121458523854,0.0,-1.5611,0.2767
0.11519193649291992,-1.2928758378679786,0.0,-1.5611,0.2767
0.12019681930541992,-1.281367307741201,0.0,-1.5611,0.2767
0.12522459030151367,-1.2698781948861289,0.0,-1.5611,0.2767
0.13034677505493164,-1.258250554619279,0.0,-1.5611,0.2767
0.13533639907836914,-1.2470016259506727,0.0,-1.5458,0.8615
0.1402595043182373,-1.2359806258824286,0.0,-1.5458,0.8615
0.145294189453125,-1.2247926932233701,0.0,-1.5458,0.8615
0.15019607543945312,-1.2139830046069642,0.0,-1.5458,0.8615
0.15533709526062012,-1.2027369299968929,0.0,-1.5458,0.8615
0.16013669967651367,-1.192324305300724,0.0,-1.5458,0.8615
0.1651167869567871,-1.1816111200650514,0.0,-1.5458,0.8615
0.1701192855834961,-1.1709456337030728,0.0,-1.518,1.5502
0.17512774467468262,-1.1603663728539146,0.0,-1.518,1.5502
0.18012166023254395,-1.1499189977223438,0.0,-1.518,1.5502
0.18513822555541992,-1.139528541130459,0.0,-1.518,1.5502
0.1901242733001709,-1.129307427949371,0.0,-1.4819,2.009
0.1951432228088379,-1.1191282718285969,0.0,-1.4819,2.009
0.20027542114257812,-1.108835567993553,0.0,-1.4819,2.009
0.20511221885681152,-1.099245167631541,0.0,-1.4819,2.009
0.21014118194580078,-1.0893892240879985,0.0,-1.4819,2.009
0.21514892578125,-1.079694264010553,0.0,-1.4819,2.009
0.2202012538909912,-1.0700361719525497,0.0,-1.4819,2.009
0.22518277168273926,-1.0606369456863634,0.0,-1.4443,2.0872
0.23010730743408203,-1.0514680354352275,0.0,-1.4443,2.0872
0.23509883880615234,-1.0423012430878735,0.0,-1.4443,2.0872
0.24010896682739258,-1.0332309854372392,0.0,-1.4443,2.0872
0.2451012134552002,-1.024325559317861,0.0,-1.4026,2.3204
0.2501089572906494,-1.0155275329247646,0.0,-1.4026,2.3204
0.25510478019714355,-1.0068873871493138,0.0,-1.4026,2.3204
0.26018476486206055,-0.9982441313868518,0.0,-1.4026,2.3204
0.26511693000793457,-0.9899918818390122,0.0,-1.3593,2.4055
0.2701835632324219,-0.9816598628138934,0.0,-1.3593,2.4055
0.275174617767334,-0.9735980594485826,0.0,-1.3593,2.4055
0.28020191192626953,-0.9656261507435969,0.0,-1.3593,2.4055
0.2851877212524414,-0.9578691082440866,0.0,-1.3593,2.4055
0.29024696350097656,-0.9501515383191376,0.0,-1.3593,2.4055
0.29512858390808105,-0.9428535235093247,0.0,-1.3165,2.3724
0.30015993118286133,-0.935486235458482,0.0,-1.3165,2.3724
0.3051154613494873,-0.9283851109816523,0.0,-1.3165,2.3724
0.31012535095214844,-0.9213643670970197,0.0,-1.3165,2.3724
0.3151860237121582,-0.9144357891402677,0.0,-1.3165,2.3724
0.32027101516723633,-0.9076410181517398,0.0,-1.3165,2.3724
0.3251378536224365,-0.9012962278931381,0.0,-1.2719,2.4797
0.3303549289703369,-0.8946686876271283,0.0,-1.2719,2.4797
0.3351454734802246,-0.8887429086944425,0.0,-1.2719,2.4797
0.3401610851287842,-0.8827042895283492,0.0,-1.2719,2.4797
0.3451685905456543,-0.8768458534931104,0.0,-1.2719,2.4797
0.35013794898986816,-0.8712018220957215,0.0,-1.2719,2.4797
0.35512566566467285,-0.8657083930353032,0.0,-1.2263,2.5312
0.36029863357543945,-0.8601938273350407,0.0,-1.2263,2.5312
0.3651723861694336,-0.8551699123855333,0.0,-1.2263,2.5312
0.37012314796447754,-0.8502383851893616,0.0,-1.2263,2.5312
0.37509846687316895,-0.8454579998877325,0.0,-1.2263,2.5312
0.3800961971282959,-0.8408344860981284,0.0,-1.1807,2.5279
0.3851501941680908,-0.836341916772848,0.0,-1.1807,2.5279
0.39011621475219727,-0.8321078890771078,0.0,-1.1807,2.5279
0.395125150680542,-0.8280194035260187,0.0,-1.1807,2.5279
0.40014171600341797,-0.8241090362360903,0.0,-1.1807,2.5279
0.40515875816345215,-0.8203837803992768,0.0,-1.137,2.4274
0.4101700782775879,-0.8168488715167823,0.0,-1.137,2.4274
0.415149450302124,-0.8135215818944361,0.0,-1.137,2.4274
0.42017412185668945,-0.810351868984543,0.0,-1.137,2.4274
0.4251267910003662,-0.8074130048228108,0.0,-1.137,2.4274
0.43015217781066895,-0.8046198885194632,0.0,-1.0955,2.302
0.435161828994751,-0.8020255884852687,0.0,-1.0955,2.302
0.44031286239624023,-0.7995566304706233,0.0,-1.0955,2.302
0.4451265335083008,-0.797431916277982,0.0,-1.0955,2.302
0.45010995864868164,-0.7954186046446834,0.0,-1.0955,2.302
0.4551961421966553,-0.7935597468397952,0.0,-1.0955,2.302
0.46016836166381836,-0.7919343562006879,0.0,-1.0955,2.302
0.46511363983154297,-0.790506273129084,0.0,-1.0566,2.1611
0.47020888328552246,-0.789231874130995,0.0,-1.0566,2.1611
0.4751126766204834,-0.788194466830007,0.0,-1.0566,2.1611
0.48018455505371094,-0.7873168981566924,0.0,-1.0566,2.1611
0.4852175712585449,-0.7866426825262993,0.0,-1.0566,2.1611
0.4901771545410156,-0.7861700753859239,0.0,-1.0566,2.1611
0.49517011642456055,-0.7858866926574444,0.0,-1.0194,2.0625
0.5001823902130127,-0.7857964556621153,0.0,-1.0194,2.0625
0.5052130222320557,-0.7859015978204008,0.0,-1.0194,2.0625
0.510352373123169,-0.7862114537732694,0.0,-1.0194,2.0625
0.5152108669281006,-0.7866924437507257,0.0,-1.0194,2.0625
0.520164966583252,-0.7873709954079183,0.0,-1.0194,2.0625
0.5251786708831787,-0.7882509144681404,0.0,-1.0194,2.0625
0.530186653137207,-0.7893236383794845,0.0,-1.0194,2.0625
0.535149335861206,-0.7905774760946338,0.0,-0.9855,1.8837
0.5401418209075928,-0.7920301990690255,0.0,-0.9855,1.8837
0.545238733291626,-0.7937109299649202,0.0,-0.9855,1.8837
0.5501642227172852,-0.795524438240751,0.0,-0.9855,1.8837
0.5552465915679932,-0.7975902933645561,0.0,-0.9855,1.8837
0.5602569580078125,-0.7998198291941803,0.0,-0.9855,1.8837
0.5652251243591309,-0.8022191982752459,0.0,-0.9855,1.8837
0.5705201625823975,-0.8049825253896852,0.0,-0.9551,1.6873
0.5753600597381592,-0.8076937180497173,0.0,-0.9551,1.6873
0.580148458480835,-0.8105496785715347,0.0,-0.9551,1.6873
0.5852608680725098,-0.813788767615285,0.0,-0.9551,1.6873
0.5902101993560791,-0.8171105721916102,0.0,-0.9551,1.6873
0.5953497886657715,-0.8207529115616456,0.0,-0.9551,1.6873
0.6001937389373779,-0.8243647448018405,0.0,-0.9551,1.6873
0.6051375865936279,-0.8282292976531357,0.0,-0.9295,1.4232
0.6101925373077393,-0.8323658998178588,0.0,-0.9295,1.4232
0.6151740550994873,-0.836624600039116,0.0,-0.9295,1.4232
0.6201937198638916,-0.8410977891932688,0.0,-0.9295,1.4232
0.62520432472229,-0.8457438756208692,0.0,-0.9295,1.4232
0.6304612159729004,-0.8508114288238533,0.0,-0.9295,1.4232
0.635291576385498,-0.8556409628677099,0.0,-0.9295,1.4232
0.6402304172515869,-0.860749223022907,0.0,-0.9093,1.119
0.6452038288116455,-0.8660659696481876,0.0,-0.9093,1.119
0.6502270698547363,-0.8716106126546624,0.0,-0.9093,1.119
0.6551439762115479,-0.8772065245570887,0.0,-0.9093,1.119
0.6604125499725342,-0.8833863016919126,0.0,-0.9093,1.119
0.6653978824615479,-0.8894072833724301,0.0,-0.8947,0.8106
0.6704211235046387,-0.8956430936859933,0.0,-0.8947,0.8106
0.6752352714538574,-0.901777141952227,0.0,-0.8947,0.8106
0.6801955699920654,-0.9082574622913318,0.0,-0.8947,0.8106
0.6852209568023682,-0.9149868756601972,0.0,-0.8947,0.8106
0.6902356147766113,-0.9218648588000902,0.0,-0.8947,0.8106
0.6952753067016602,-0.9289394372712614,0.0,-0.8947,0.8106
0.7002859115600586,-0.9361326902309844,0.0,-0.8947,0.8106
0.705345630645752,-0.9435560242998728,0.0,-0.8947,0.8106
0.7102055549621582,-0.9508354720067648,0.0,-0.8859,0.4931
0.7152066230773926,-0.9584771869515578,0.0,-0.8859,0.4931
0.7203259468078613,-0.9664561311840031,0.0,-0.8859,0.4931
0.7252752780914307,-0.974318762388096,0.0,-0.8859,0.4931
0.7302167415618896,-0.9823127562147966,0.0,-0.8859,0.4931
0.7351744174957275,-0.9904754938184859,0.0,-0.8859,0.4931
0.7402322292327881,-0.9989481549910288,0.0,-0.8859,0.4931
0.7452449798583984,-1.0074877906462008,0.0,-0.8859,0.4931
0.7501504421234131,-1.0159799112713805,0.0,-0.8855,0.0212
0.7552065849304199,-1.0248707599229399,0.0,-0.8855,0.0212
0.7601685523986816,-1.0337299383903322,0.0,-0.8855,0.0212
0.765200138092041,-1.0428466682599458,0.0,-0.8855,0.0212
0.7701930999755859,-1.0520238210726127,0.0,-0.8855,0.0212
0.775160551071167,-1.061280751159035,0.0,-0.8855,0.0212
0.7801680564880371,-1.0707379057428397,0.0,-0.8933,-0.4293
0.7851576805114746,-1.080284382936754,0.0,-0.8933,-0.4293
0.7901842594146729,-1.090023425712245,0.0,-0.8933,-0.4293
0.7951438426971436,-1.099750176326724,0.0,-0.8933,-0.4293
0.8001887798309326,-1.109761630355577,0.0,-0.8933,-0.4293
0.80519700050354,-1.1198147743606381,0.0,-0.8933,-0.4293
0.8101670742034912,-1.129901718025128,0.0,-0.907,-0.7549
0.8151645660400391,-1.1401526801354884,0.0,-0.907,-0.7549
0.8201634883880615,-1.1505127701826605,0.0,-0.907,-0.7549
0.8251466751098633,-1.160943416462577,0.0,-0.907,-0.7549
0.830333948135376,-1.1719079133158647,0.0,-0.907,-0.7549
0.8352482318878174,-1.182393146633911,0.0,-0.907,-0.7549
0.8401720523834229,-1.19299157093185,0.0,-0.907,-0.7549
0.8451845645904541,-1.2038737426310666,0.0,-0.9264,-1.075
0.8502583503723145,-1.2149815895468796,0.0,-0.9264,-1.075
0.8551731109619141,-1.225827513323369,0.0,-0.9264,-1.075
0.8601653575897217,-1.2369286134477215,0.0,-0.9264,-1.075
0.8651659488677979,-1.2481305953750852,0.0,-0.9264,-1.075
0.8701465129852295,-1.259366871544566,0.0,-0.9264,-1.075
0.8751375675201416,-1.2707032978103194,0.0,-0.953,-1.4701
0.8801748752593994,-1.2822195799885117,0.0,-0.953,-1.4701
0.8852453231811523,-1.293884603993633,0.0,-0.953,-1.4701
0.8901946544647217,-1.3053387762292448,0.0,-0.953,-1.4701
0.8953456878662109,-1.3173278582975811,0.0,-0.953,-1.4701
0.9002671241760254,-1.3288445974857863,0.0,-0.953,-1.4701
0.9052753448486328,-1.3406237811376007,0.0,-0.953,-1.4701
0.9102392196655273,-1.3523548971773494,0.0,-0.9849,-1.7635
0.9152708053588867,-1.3643002339455599,0.0,-0.9849,-1.7635
0.9202024936676025,-1.3760584957106479,0.0,-0.9849,-1.7635
0.9253203868865967,-1.3883100999211444,0.0,-0.9849,-1.7635
0.930415153503418,-1.400553201407015,0.0,-0.9849,-1.7635
0.9353506565093994,-1.4124552004697792,0.0,-0.9849,-1.7635
0.9402871131896973,-1.424397577083074,0.0,-1.0218,-2.0433
0.9452729225158691,-1.4364950780952794,0.0,-1.0218,-2.0433
0.9504187107086182,-1.4490152681360038,0.0,-1.0218,-2.0433
0.9551639556884766,-1.460589179910298,0.0,-1.0218,-2.0433
0.9601402282714844,-1.4727528450420313,0.0,-1.0218,-2.0433
0.9651632308959961,-1.4850550247804257,0.0,-1.0218,-2.0433
0.9701459407806396,-1.4972796231804184,0.0,-1.0218,-2.0433
0.9751191139221191,-1.509498788238857,0.0,-1.0653,-2.4044
0.9801592826843262,-1.5218978150175833,0.0,-1.0653,-2.4044
0.9852304458618164,-1.5343854558450905,0.0,-1.0653,-2.4044
0.9901700019836426,-1.5465579279720703,0.0,-1.0653,-2.4044
0.9951949119567871,-1.5589467078538046,0.0,-1.0653,-2.4044
1.0001697540283203,-1.5712149657115586,0.0,-1.113,-2.6355
1.0053472518920898,-1.5839828330633388,0.0,-1.113,-2.6355
1.0102250576019287,-1.5960085184475157,0.0,-1.113,-2.6355
1.0151584148406982,-1.6081651271048623,0.0,-1.113,-2.6355
1.020125150680542,-1.6203949121563908,0.0,-1.113,-2.6355
1.0251171588897705,-1.6326747535070192,0.0,-1.113,-2.6355
1.0301125049591064,-1.6449475709096937,0.0,-1.1625,-2.7447
1.0351667404174805,-1.6573464727866687,0.0,-1.1625,-2.7447
1.040236473083496,-1.6697614675557824,0.0,-1.1625,-2.7447
1.0452618598937988,-1.6820430996237306,0.0,-1.1625,-2.7447
1.0501725673675537,-1.694017701278522,0.0,-1.1625,-2.7447
1.055192470550537,-1.7062282390795647,0.0,-1.1625,-2.7447
1.0601918697357178,-1.7183554302759085,0.0,-1.1625,-2.7447
1.0651273727416992,-1.7302919346760688,0.0,-1.2148,-3.0755
1.0703377723693848,-1.7428516108596142,0.0,-1.2148,-3.0755
1.0751407146453857,-1.7543883546744135,0.0,-1.2148,-3.0755
1.0801503658294678,-1.7663770410087858,0.0,-1.2148,-3.0755
1.0851871967315674,-1.7783819281804778,0.0,-1.2148,-3.0755
1.0901696681976318,-1.7902061269650926,0.0,-1.2148,-3.0755
1.0952227115631104,-1.8021428854826471,0.0,-1.2671,-3.1416
1.1002559661865234,-1.8139749443277406,0.0,-1.2671,-3.1416
1.1051685810089111,-1.8254647956941807,0.0,-1.2671,-3.1416
1.110161304473877,-1.837079843401599,0.0,-1.2671,-3.1416
1.115143060684204,-1.8486040843297094,0.0,-1.2671,-3.1416
1.120107889175415,-1.86002147052876,0.0,-1.2671,-3.1416
1.1251740455627441,-1.8715993261630501,0.0,-1.3195,-3.1416
1.130157709121704,-1.8829143289962653,0.0,-1.3195,-3.1416
1.135143518447876,-1.8941576457556122,0.0,-1.3195,-3.1416
1.140099287033081,-1.9052546074124432,0.0,-1.3195,-3.1416
1.1451427936553955,-1.9164647813270683,0.0,-1.3195,-3.1416
1.1501388549804688,-1.9274839489893683,0.0,-1.3718,-3.1412
1.1552174091339111,-1.9385949882229976,0.0,-1.3718,-3.1412
1.1601896286010742,-1.9493827009465783,0.0,-1.3718,-3.1412
1.16520094871521,-1.9601617714600932,0.0,-1.3718,-3.1412
1.1701889038085938,-1.9707947574997116,0.0,-1.3718,-3.1412
1.1751856803894043,-1.981348067638726,0.0,-1.3718,-3.1412
1.1802113056182861,-1.9918602570482544,0.0,-1.4242,-3.1411
1.1852400302886963,-2.0022738731374887,0.0,-1.4242,-3.1411
1.1901841163635254,-2.0124072476344734,0.0,-1.4242,-3.1411
1.1951768398284912,-2.022532186178174,0.0,-1.4242,-3.1411
1.2001726627349854,-2.0325521712873984,0.0,-1.4242,-3.1411
1.2051336765289307,-2.042389791270024,0.0,-1.4242,-3.1411
1.2102313041687012,-2.0523789656235714,0.0,-1.4766,-3.1409
1.2151215076446533,-2.061845636989944,0.0,-1.4766,-3.1409
1.2201061248779297,-2.0713757895768268,0.0,-1.4766,-3.1409
1.2251033782958984,-2.0808068806136197,0.0,-1.4766,-3.1409
1.2300996780395508,-2.090110508686217,0.0,-1.4766,-3.1409
1.2351047992706299,-2.0993022794708422,0.0,-1.4766,-3.1409
1.240206003189087,-2.1085360338274413,0.0,-1.5289,-3.1406
1.2451608180999756,-2.1173726124215873,0.0,-1.5289,-3.1406
1.2501246929168701,-2.1260925508736443,0.0,-1.5289,-3.1406
1.2551171779632568,-2.134726536146431,0.0,-1.5289,-3.1406
1.2601001262664795,-2.1432057037706786,0.0,-1.5289,-3.1406
1.2650957107543945,-2.1515655660253836,0.0,-1.5289,-3.1406
1.270204782485962,-2.159967373186524,0.0,-1.5813,-3.1404
1.2754347324371338,-2.168410736184371,0.0,-1.5813,-3.1404
1.2801344394683838,-2.1758605050218573,0.0,-1.5813,-3.1404
1.285142183303833,-2.183653373883716,0.0,-1.5813,-3.1404
1.2901711463928223,-2.1913266131848577,0.0,-1.5813,-3.1404
1.2951459884643555,-2.198764886661431,0.0,-1.5813,-3.1404
1.3001480102539062,-2.206089149455946,0.0,-1.6337,-3.1402
1.3055543899536133,-2.2138290327835843,0.0,-1.6337,-3.1402
1.3101179599761963,-2.220218047017,0.0,-1.6337,-3.1402
1.315100908279419,-2.227041699558839,0.0,-1.6337,-3.1402
1.3201043605804443,-2.2337316178257036,0.0,-1.6337,-3.1402
1.3251070976257324,-2.240256819637491,0.0,-1.6337,-3.1402
1.330124855041504,-2.24663550560921,0.0,-1.686,-3.14
1.3351757526397705,-2.252886709525392,0.0,-1.686,-3.14
1.3400986194610596,-2.258814205118828,0.0,-1.686,-3.14
1.3451101779937744,-2.264679448629313,0.0,-1.686,-3.14
1.3501083850860596,-2.270357756626984,0.0,-1.686,-3.14
1.3551795482635498,-2.2759426635899804,0.0,-1.7384,-3.1397
1.360147476196289,-2.281240342012035,0.0,-1.7384,-3.1397
1.365217924118042,-2.2864688929135983,0.0,-1.7384,-3.1397
1.3702104091644287,-2.2914396308279086,0.0,-1.7384,-3.1397
1.3751070499420166,-2.296142747701241,0.0,-1.7384,-3.1397
1.3801093101501465,-2.3007700624476786,0.0,-1.7384,-3.1397
1.3851573467254639,-2.3052569638871665,0.0,-1.7907,-3.1395
1.3902015686035156,-2.30955596842275,0.0,-1.7907,-3.1395
1.3951125144958496,-2.3135631669200403,0.0,-1.7907,-3.1395
1.4001104831695557,-2.317459844384918,0.0,-1.7907,-3.1395
1.4051392078399658,-2.321194717890288,0.0,-1.7907,-3.1395
1.4101688861846924,-2.3247429633758747,0.0,-1.8431,-3.1392
1.4152581691741943,-2.328141654962552,0.0,-1.8431,-3.1392
1.4201419353485107,-2.331221082578494,0.0,-1.8431,-3.1392
1.4251043796539307,-2.3341667658167173,0.0,-1.8431,-3.1392
1.430098295211792,-2.336943828657549,0.0,-1.8431,-3.1392
1.4351000785827637,-2.3395362448323107,0.0,-1.8955,-3.1389
1.4401576519012451,-2.3419645766335395,0.0,-1.8955,-3.1389
1.445162296295166,-2.3441758614205943,0.0,-1.8955,-3.1389
1.4501280784606934,-2.346181022900265,0.0,-1.8955,-3.1389
1.4551153182983398,-2.3480049183183396,0.0,-1.8955,-3.1389
1.460123062133789,-2.3496443464688697,0.0,-1.8955,-3.1389
1.465123176574707,-2.3510889526103123,0.0,-1.9478,-3.1386
1.470231533050537,-2.3523659976625453,0.0,-1.9478,-3.1386
1.4752206802368164,-2.353418945541542,0.0,-1.9478,-3.1386
1.4801702499389648,-2.354273559897079,0.0,-1.9478,-3.1386
1.4851508140563965,-2.3549423109355194,0.0,-1.9478,-3.1386
1.4901554584503174,-2.3554209254869485,0.0,-2.0002,-3.1416
1.4951326847076416,-2.355704554856782,0.0,-2.0002,-3.1416
1.5001335144042969,-2.3557962577398146,0.0,-2.0002,-3.1416
1.5051167011260986,-2.3556949099361306,0.0,-2.0002,-3.1416
1.5100510120391846,-2.355405015027633,0.0,-2.0516,-2.9087
1.5151710510253906,-2.35490489415622,0.0,-2.0516,-2.9087
1.5201060771942139,-2.3542308389635975,0.0,-2.0516,-2.9087
1.525106430053711,-2.3533557966757757,0.0,-2.0516,-2.9087
1.5301098823547363,-2.35228692037085,0.0,-2.0516,-2.9087
1.5351221561431885,-2.3510225613176092,0.0,-2.0973,-2.5273
1.5402908325195312,-2.349516148668493,0.0,-2.0973,-2.5273
1.5451123714447021,-2.3479258024403498,0.0,-2.0973,-2.5273
1.5501320362091064,-2.3460806690935896,0.0,-2.0973,-2.5273
1.555163860321045,-2.344037568099249,0.0,-2.0973,-2.5273
1.560133695602417,-2.3418299684645447,0.0,-2.1369,-2.1841
1.5651636123657227,-2.3394043084048146,0.0,-2.1369,-2.1841
1.5701897144317627,-2.3367887874230466,0.0,-2.1369,-2.1841
1.5751605033874512,-2.3340142136535307,0.0,-2.1369,-2.1841
1.58015775680542,-2.3310372616115056,0.0,-2.1369,-2.1841
1.5851166248321533,-2.3278979557866295,0.0,-2.1369,-2.1841
1.5901281833648682,-2.324538614419527,0.0,-2.1704,-1.8526
1.595454216003418,-2.3207637059859474,0.0,-2.1704,-1.8526
1.6001415252685547,-2.3172677643905986,0.0,-2.1704,-1.8526
1.6051223278045654,-2.313375559634269,0.0,-2.1704,-1.8526
1.6101651191711426,-2.3092496940348344,0.0,-2.1704,-1.8526
1.6152300834655762,-2.3049191303442234,0.0,-2.1704,-1.8526
1.620168924331665,-2.3005174074150943,0.0,-2.198,-1.5179
1.6251556873321533,-2.2958947424011393,0.0,-2.198,-1.5179
1.6301815509796143,-2.29105577496818,0.0,-2.198,-1.5179
1.6351499557495117,-2.2860956360406206,0.0,-2.198,-1.5179
1.6401939392089844,-2.2808817880637617,0.0,-2.198,-1.5179
1.6452534198760986,-2.2754728009450584,0.0,-2.198,-1.5179
1.650233507156372,-2.2699748234440555,0.0,-2.198,-1.5179
1.6551942825317383,-2.264328018033968,0.0,-2.198,-1.5179
1.660137414932251,-2.2585337470219877,0.0,-2.2193,-1.1766
1.665290117263794,-2.2523172952792985,0.0,-2.2193,-1.1766
1.6701505184173584,-2.2462897857596107,0.0,-2.2193,-1.1766
1.6751477718353271,-2.2399283708244537,0.0,-2.2193,-1.1766
1.6801652908325195,-2.2333752388012185,0.0,-2.2193,-1.1766
1.6851177215576172,-2.226745668821297,0.0,-2.2338,-0.7968
1.69014573097229,-2.2198524999049134,0.0,-2.2338,-0.7968
1.6951065063476562,-2.2128927877687383,0.0,-2.2338,-0.7968
1.7001185417175293,-2.205702789213327,0.0,-2.2338,-0.7968
1.7051377296447754,-2.1983447850174898,0.0,-2.2338,-0.7968
1.7103798389434814,-2.1904934355326073,0.0,-2.2338,-0.7968
1.7151789665222168,-2.1831581436834666,0.0,-2.2419,-0.4424
1.7201945781707764,-2.175343235746251,0.0,-2.2419,-0.4424
1.7253036499023438,-2.167228401510418,0.0,-2.2419,-0.4424
1.7301843166351318,-2.1593328167840777,0.0,-2.2419,-0.4424
1.735231876373291,-2.1510217255321407,0.0,-2.2419,-0.4424
1.7401783466339111,-2.1427355254405764,0.0,-2.2419,-0.4424
1.7452244758605957,-2.1341400791957197,0.0,-2.2419,-0.4424
1.7503376007080078,-2.1252861191710117,0.0,-2.2419,-0.4424
1.7553067207336426,-2.1165444139161287,0.0,-2.2436,-0.0872
1.7603135108947754,-2.1076019313916943,0.0,-2.2436,-0.0872
1.7652757167816162,-2.098608032946091,0.0,-2.2436,-0.0872
1.7702789306640625,-2.0894099517310467,0.0,-2.2436,-0.0872
1.7751576900482178,-2.0803172699265624,0.0,-2.2436,-0.0872
1.7801225185394287,-2.0709413117859605,0.0,-2.2436,-0.0872
1.7851414680480957,-2.0613394858540794,0.0,-2.2436,-0.0872
1.790165901184082,-2.051605016735086,0.0,-2.2436,-0.0872
1.795300006866455,-2.041534338127269,0.0,-2.2379,0.3225
1.800225019454956,-2.0317586853483585,0.0,-2.2379,0.3225
1.805312156677246,-2.0215454003806435,0.0,-2.2379,0.3225
1.8103175163269043,-2.0113839193731464,0.0,-2.2379,0.3225
1.815216064453125,-2.0013337818891035,0.0,-2.2379,0.3225
1.8202447891235352,-1.9909105269396596,0.0,-2.2379,0.3225
1.8251862525939941,-1.9805659893595595,0.0,-2.2379,0.3225
1.8301844596862793,-1.9700022149764749,0.0,-2.2221,0.8814
1.8352515697479248,-1.9591923534729647,0.0,-2.2221,0.8814
1.8401565551757812,-1.948634583233471,0.0,-2.2221,0.8814
1.8451552391052246,-1.937782843873042,0.0,-2.2221,0.8814
1.8501672744750977,-1.9268112583355625,0.0,-2.2221,0.8814
1.8552277088165283,-1.9156441867143632,0.0,-2.2221,0.8814
1.8601551055908203,-1.904686922272818,0.0,-2.199,1.2835
1.8651399612426758,-1.8935204821590996,0.0,-2.199,1.2835
1.8703181743621826,-1.8818371346684195,0.0,-2.199,1.2835
1.8752851486206055,-1.8705530107985786,0.0,-2.199,1.2835
1.8802947998046875,-1.8590980101503711,0.0,-2.199,1.2835
1.8852086067199707,-1.8477927752716918,0.0,-2.199,1.2835
1.890284776687622,-1.8360447053235815,0.0,-2.199,1.2835
1.895165205001831,-1.8246860114193526,0.0,-2.199,1.2835
1.9001965522766113,-1.8129136179690504,0.0,-2.1704,1.5929
1.9053301811218262,-1.8008395785096978,0.0,-2.1704,1.5929
1.9102611541748047,-1.789185798636722,0.0,-2.1704,1.5929
1.9152555465698242,-1.7773287245869243,0.0,-2.1704,1.5929
1.9202203750610352,-1.7654914378275384,0.0,-2.1704,1.5929
1.9251937866210938,-1.753586201175621,0.0,-2.1704,1.5929
1.9301600456237793,-1.7416535586805035,0.0,-2.1704,1.5929
1.9352211952209473,-1.729450148581861,0.0,-2.1704,1.5929
1.9402589797973633,-1.7172632398744199,0.0,-2.1704,1.5929
1.9451525211334229,-1.7053901159846867,0.0,-2.1332,2.0675
1.950211763381958,-1.6930815440453757,0.0,-2.1332,2.0675
1.955199956893921,-1.6809155679050571,0.0,-2.1332,2.0675
1.960298776626587,-1.6684518539711646,0.0,-2.1332,2.0675
1.9652748107910156,-1.6562640970950895,0.0,-2.1332,2.0675
1.9702088832855225,-1.6441584855156988,0.0,-2.1332,2.0675
1.9754316806793213,-1.6313253529945215,0.0,-2.1332,2.0675
1.980402946472168,-1.619095079752634,0.0,-2.1332,2.0675
1.985144853591919,-1.6074180526366386,0.0,-2.0861,2.6184
1.990152359008789,-1.5950782150610607,0.0,-2.0861,2.6184
1.9951496124267578,-1.582757648333651,0.0,-2.0861,2.6184
2.0002098083496094,-1.5702789079220736,0.0,-2.0861,2.6184
2.0051863193511963,-1.5580066500186112,0.0,-2.0861,2.6184
2.0102527141571045,-1.5455159652044785,0.0,-2.0861,2.6184
2.0152132511138916,-1.5332924458665163,0.0,-2.0861,2.6184
2.020226001739502,-1.5209495270037303,0.0,-2.0861,2.6184
2.025160074234009,-1.508812394278862,0.0,-2.0339,3.0493
2.030181884765625,-1.4964747484710448,0.0,-2.0339,3.0493
2.035158395767212,-1.4842666345298552,0.0,-2.0339,3.0493
2.0401041507720947,-1.4721549176176005,0.0,-2.0339,3.0493
2.0451865196228027,-1.4597334822996662,0.0,-2.0339,3.0493
2.050121307373047,-1.4476998016399103,0.0,-2.0339,3.0493
2.0551064014434814,-1.4355734960177247,0.0,-1.9815,3.1416
2.060180425643921,-1.4232649431618576,0.0,-1.9815,3.1416
2.065120220184326,-1.4113179903075999,0.0,-1.9815,3.1416
2.070270299911499,-1.3989033978190133,0.0,-1.9815,3.1416
2.0751655101776123,-1.3871448458470046,0.0,-1.9815,3.1416
2.080141305923462,-1.3752372511730577,0.0,-1.9292,3.1416
2.085165500640869,-1.3632623270141542,0.0,-1.9292,3.1416
2.09029221534729,-1.351096368224657,0.0,-1.9292,3.1416
2.0953779220581055,-1.3390840232773153,0.0,-1.9292,3.1416
2.100325107574463,-1.3274555898766434,0.0,-1.9292,3.1416
2.1053855419158936,-1.3156217982317748,0.0,-1.9292,3.1416
2.1103193759918213,-1.3041461282280058,0.0,-1.9292,3.1416
2.1153178215026855,-1.2925855159733803,0.0,-1.9292,3.1416
2.120270252227783,-1.2811989773204477,0.0,-1.8769,3.1353
2.1254124641418457,-1.2694503159437778,0.0,-1.8769,3.1353
2.130171298980713,-1.2586475732660993,0.0,-1.8769,3.1353
2.1351845264434814,-1.2473428573665801,0.0,-1.8769,3.1353
2.1402196884155273,-1.2360694411635382,0.0,-1.8769,3.1353
2.1452016830444336,-1.224997486237235,0.0,-1.8769,3.1353
2.1503520011901855,-1.2136405306568998,0.0,-1.8249,3.1022
2.155333995819092,-1.202743681451898,0.0,-1.8249,3.1022
2.160396099090576,-1.191763974348016,0.0,-1.8249,3.1022
2.165269374847412,-1.1812843631329697,0.0,-1.8249,3.1022
2.1701784133911133,-1.17082015669798,0.0,-1.8249,3.1022
2.175154209136963,-1.1603107401123978,0.0,-1.8249,3.1022
2.1802237033843994,-1.1497065926236474,0.0,-1.8249,3.1022
2.1852259635925293,-1.1393477611504474,0.0,-1.8249,3.1022
2.19018816947937,-1.1291771420818093,0.0,-1.7732,3.0842
2.1951510906219482,-1.1191124022581505,0.0,-1.7732,3.0842
2.200141668319702,-1.1091022988499333,0.0,-1.7732,3.0842
2.205125093460083,-1.0992197841873224,0.0,-1.7732,3.0842
2.2101430892944336,-1.0893855086380342,0.0,-1.7732,3.0842
2.215101718902588,-1.0797850924714962,0.0,-1.7219,3.0439
2.22029709815979,-1.0698541665364707,0.0,-1.7219,3.0439
2.2251577377319336,-1.060683869784674,0.0,-1.7219,3.0439
2.2301435470581055,-1.051401019535013,0.0,-1.7219,3.0439
2.235121965408325,-1.0422590725238563,0.0,-1.7219,3.0439
2.240236520767212,-1.0330017927291149,0.0,-1.6708,3.0336
2.2452595233917236,-1.0240453452613967,0.0,-1.6708,3.0336
2.2503058910369873,-1.0151843375088836,0.0,-1.6708,3.0336
2.2551679611206055,-1.0067790023848289,0.0,-1.6708,3.0336
2.2602436542510986,-0.9981447858231562,0.0,-1.6708,3.0336
2.265146493911743,-0.9899428354685562,0.0,-1.6708,3.0336
2.270277738571167,-0.9815063990583618,0.0,-1.6197,3.025
2.2751448154449463,-0.9736457638861654,0.0,-1.6197,3.025
2.280280590057373,-0.9655025833807621,0.0,-1.6197,3.025
2.2851083278656006,-0.957991457194418,0.0,-1.6197,3.025
2.2901532649993896,-0.9502930507446745,0.0,-1.6197,3.025
2.2951459884643555,-0.9428277669283623,0.0,-1.6197,3.025
2.3001255989074707,-0.9355359716557191,0.0,-1.5688,3.0164
2.3051445484161377,-0.9283438880592011,0.0,-1.5688,3.0164
2.3101415634155273,-0.9213419075378485,0.0,-1.5688,3.0164
2.3151228427886963,-0.9145212711954745,0.0,-1.5688,3.0164
2.3201279640197754,-0.9078298634238946,0.0,-1.5688,3.0164
2.3251709938049316,-0.9012535585928464,0.0,-1.5179,3.0081
2.330151081085205,-0.8949242486566579,0.0,-1.5179,3.0081
2.3353567123413086,-0.888485158143009,0.0,-1.5179,3.0081
2.3401389122009277,-0.8827306100889771,0.0,-1.5179,3.0081
2.345108985900879,-0.8769145797235328,0.0,-1.5179,3.0081
2.3500993251800537,-0.8712450340172094,0.0,-1.5179,3.0081
2.355104684829712,-0.8657311395055589,0.0,-1.4671,3.0002
2.3601491451263428,-0.8603505608769959,0.0,-1.4671,3.0002
2.3651723861694336,-0.8551699123855333,0.0,-1.4671,3.0002
2.370110273361206,-0.8502509842302116,0.0,-1.4671,3.0002
2.375114917755127,-0.8454424868525998,0.0,-1.4671,3.0002
2.380127191543579,-0.8408063727440194,0.0,-1.4671,3.0002
2.3851261138916016,-0.8363628839684607,0.0,-1.4161,3.0171
2.3901429176330566,-0.8320856072842143,0.0,-1.4161,3.0171
2.3951427936553955,-0.8280053271325339,0.0,-1.4161,3.0171
2.400151252746582,-0.8241017787469791,0.0,-1.4161,3.0171
2.405667781829834,-0.8200162212269826,0.0,-1.4161,3.0171
2.4101853370666504,-0.8168383931273897,0.0,-1.4161,3.0171
2.41546893119812,-0.8133144178127725,0.0,-1.3651,3.0123
2.420243263244629,-0.8103095724033476,0.0,-1.3651,3.0123
2.425198554992676,-0.8073717774316163,0.0,-1.3651,3.0123
2.430147886276245,-0.8046221923848547,0.0,-1.3651,3.0123
2.4351019859313965,-0.8020554563469514,0.0,-1.3651,3.0123
2.4401047229766846,-0.7996524831207926,0.0,-1.3651,3.0123
2.445103645324707,-0.7974416008308054,0.0,-1.3651,3.0123
2.450237989425659,-0.7953693819912021,0.0,-1.3139,3.0284
2.4552011489868164,-0.7935580146913824,0.0,-1.3139,3.0284
2.4602434635162354,-0.7919112617981976,0.0,-1.3139,3.0284
2.465221405029297,-0.7904772485998227,0.0,-1.3139,3.0284
2.470144748687744,-0.7892466713536359,0.0,-1.3139,3.0284
2.4751365184783936,-0.78818987656804,0.0,-1.2625,3.0439
2.4801535606384277,-0.7873216571513493,0.0,-1.2625,3.0439
2.4852912425994873,-0.7866342690615622,0.0,-1.2625,3.0439
2.490187406539917,-0.786169295699969,0.0,-1.2625,3.0439
2.495150566101074,-0.7858874256867813,0.0,-1.2625,3.0439
2.5001580715179443,-0.7857964235884971,0.0,-1.2625,3.0439
2.5051462650299072,-0.7858989189713506,0.0,-1.2625,3.0439
2.510138511657715,-0.7861944808105608,0.0,-1.2106,3.0839
2.515444278717041,-0.7867201512749075,0.0,-1.2106,3.0839
2.5201542377471924,-0.7873693207982408,0.0,-1.2106,3.0839
2.525153160095215,-0.7882459456457017,0.0,-1.2106,3.0839
2.530313491821289,-0.7893533204121586,0.0,-1.2106,3.0839
2.535167694091797,-0.7905824666320833,0.0,-1.2106,3.0839
2.5401601791381836,-0.7920358947324097,0.0,-1.1583,3.1293
2.545166492462158,-0.7936857151958812,0.0,-1.1583,3.1293
2.5503499507904053,-0.79559645579692,0.0,-1.1583,3.1293
2.5551650524139404,-0.7975555924377153,0.0,-1.1583,3.1293
2.5602099895477295,-0.7997980411277616,0.0,-1.1583,3.1293
2.565155029296875,-0.8021840423845316,0.0,-1.1583,3.1293
2.5702967643737793,-0.8048616531161754,0.0,-1.1583,3.1293
2.5751564502716064,-0.8075761016728029,0.0,-1.1583,3.1293
2.580143928527832,-0.8105468953519723,0.0,-1.1059,3.1416
2.585186004638672,-0.8137399252009618,0.0,-1.1059,3.1416
2.5901246070861816,-0.817051575206131,0.0,-1.1059,3.1416
2.595118284225464,-0.8205846355036491,0.0,-1.1059,3.1416
2.6001131534576416,-0.8243032409240217,0.0,-1.1059,3.1416
2.6051878929138184,-0.828269543805051,0.0,-1.0575,2.6858
2.6104159355163574,-0.8325530172560129,0.0,-1.0575,2.6858
2.6151278018951416,-0.8365842295105773,0.0,-1.0575,2.6858
2.620112657546997,-0.8410241072882547,0.0,-1.0575,2.6858
2.625216484069824,-0.8457553693739898,0.0,-1.0575,2.6858
2.630153179168701,-0.8505090567623572,0.0,-1.0575,2.6858
2.635162353515625,-0.8555096131681605,0.0,-1.0177,2.2051
2.6402385234832764,-0.8607577481774805,0.0,-1.0177,2.2051
2.6451900005340576,-0.8660509476316651,0.0,-1.0177,2.2051
2.6501123905181885,-0.8714820823143111,0.0,-1.0177,2.2051
2.6551358699798584,-0.8771971623201154,0.0,-1.0177,2.2051
2.6601126194000244,-0.8830294265241857,0.0,-1.0177,2.2051
2.66512393951416,-0.8890720783028166,0.0,-0.9865,1.7302
2.6701273918151855,-0.8952738138997897,0.0,-0.9865,1.7302
2.675103187561035,-0.9016067963028204,0.0,-0.9865,1.7302
2.6801340579986572,-0.9081761122288708,0.0,-0.9865,1.7302
2.685124635696411,-0.9148563517488373,0.0,-0.9635,1.2716
2.690178871154785,-0.9217861264713093,0.0,-0.9635,1.2716
2.6951253414154053,-0.9287265887147984,0.0,-0.9635,1.2716
2.7001278400421143,-0.9359033500972495,0.0,-0.9635,1.2716
2.705167293548584,-0.9432916725577085,0.0,-0.9635,1.2716
2.7101686000823975,-0.9507795716214507,0.0,-0.9635,1.2716
2.7151927947998047,-0.9584558478511138,0.0,-0.947,0.9167
2.720172643661499,-0.9662149131242549,0.0,-0.947,0.9167
2.7252254486083984,-0.9742388801988625,0.0,-0.947,0.9167
2.7301864624023438,-0.9822633386367411,0.0,-0.947,0.9167
2.7351438999176025,-0.9904248144422294,0.0,-0.947,0.9167
2.740156412124634,-0.9988200776682197,0.0,-0.947,0.9167
2.7451424598693848,-1.0073117327619585,0.0,-0.947,0.9167
2.750171184539795,-1.016016100821026,0.0,-0.9382,0.4918
2.7551605701446533,-1.0247892218683328,0.0,-0.9382,0.4918
2.7602267265319824,-1.0338345816726617,0.0,-0.9382,0.4918
2.7651565074920654,-1.0427670436833028,0.0,-0.9382,0.4918
2.770106315612793,-1.0518632132945835,0.0,-0.9382,0.4918
2.775106430053711,-1.0611792230059995,0.0,-0.9382,0.4918
2.7801012992858887,-1.0706110092236143,0.0,-0.9378,0.0195
2.7851600646972656,-1.0802889735148202,0.0,-0.9378,0.0195
2.7901194095611572,-1.0898970098888603,0.0,-0.9378,0.0195
2.795102119445801,-1.099667868266045,0.0,-0.9378,0.0195
2.8001065254211426,-1.1095974645672024,0.0,-0.9378,0.0195
2.8051936626434326,-1.1198080367233672,0.0,-0.9447,-0.3765
2.8101437091827393,-1.129854044471136,0.0,-0.9447,-0.3765
2.815122127532959,-1.1400651788915641,0.0,-0.9447,-0.3765
2.8201494216918945,-1.150483470819255,0.0,-0.9447,-0.3765
2.825145959854126,-1.1609419120431324,0.0,-0.957,-0.6791
2.8302433490753174,-1.1717154938985157,0.0,-0.957,-0.6791
2.8351519107818604,-1.1821867359574247,0.0,-0.957,-0.6791
2.8401613235473633,-1.1929683781303306,0.0,-0.957,-0.6791
2.845151424407959,-1.2038014934690273,0.0,-0.957,-0.6791
2.850156545639038,-1.214757814075539,0.0,-0.973,-0.8832
2.855191707611084,-1.2258687103369224,0.0,-0.973,-0.8832
2.8603250980377197,-1.2372851936976472,0.0,-0.973,-0.8832
2.8652195930480957,-1.248251202061784,0.0,-0.973,-0.8832
2.8702616691589355,-1.2596275791666744,0.0,-0.973,-0.8832
2.875166416168213,-1.2707690403050265,0.0,-0.973,-0.8832
2.8801510334014893,-1.2821649002858055,0.0,-0.973,-0.8832
2.8851613998413086,-1.2936909507222802,0.0,-0.973,-0.8832
2.8901779651641846,-1.3053000430015271,0.0,-0.994,-1.1581
2.895305633544922,-1.317234371324159,0.0,-0.994,-1.1581
2.900148391723633,-1.3285660576661042,0.0,-0.994,-1.1581
2.905301094055176,-1.3406844922253294,0.0,-0.994,-1.1581
2.9102516174316406,-1.3523842644883635,0.0,-0.994,-1.1581
2.9151663780212402,-1.3640517814870987,0.0,-0.994,-1.1581
2.9201366901397705,-1.375901291213732,0.0,-0.994,-1.1581
2.9251952171325684,-1.388009883298024,0.0,-1.0228,-1.5962
2.930570125579834,-1.4009263101714724,0.0,-1.0228,-1.5962
2.935150384902954,-1.4119714837830868,0.0,-1.0228,-1.5962
2.9401230812072754,-1.4240001661117352,0.0,-1.0228,-1.5962
2.945125102996826,-1.4361359221641095,0.0,-1.0228,-1.5962
2.9501261711120605,-1.4483026074366805,0.0,-1.0228,-1.5962
2.9551377296447754,-1.460525143478657,0.0,-1.0608,-2.103
2.9601426124572754,-1.4727586787655393,0.0,-1.0608,-2.103
2.965179920196533,-1.4850959369744199,0.0,-1.0608,-2.103
2.9701220989227295,-1.4972210841982878,0.0,-1.0608,-2.103
2.975111484527588,-1.5094800304733482,0.0,-1.0608,-2.103
2.980165958404541,-1.5219142463859079,0.0,-1.0608,-2.103
2.9851479530334473,-1.5341822363209527,0.0,-1.0608,-2.103
2.9902193546295166,-1.5466795812694385,0.0,-1.1037,-2.3735
2.995269775390625,-1.5591313116191068,0.0,-1.1037,-2.3735
3.000209093093872,-1.5713119817399983,0.0,-1.1037,-2.3735
3.005124807357788,-1.5834343256517316,0.0,-1.1037,-2.3735
3.010096311569214,-1.5956911731365897,0.0,-1.1037,-2.3735
3.015097141265869,-1.6080141878846823,0.0,-1.1528,-2.7165
3.020139694213867,-1.6204307069800656,0.0,-1.1528,-2.7165
3.0251035690307617,-1.6326413431012063,0.0,-1.1528,-2.7165
3.0301027297973633,-1.644923571648467,0.0,-1.1528,-2.7165
3.0351014137268066,-1.6571863477371953,0.0,-1.1528,-2.7165
3.040107250213623,-1.6694453190693317,0.0,-1.2033,-2.8223
3.045168161392212,-1.6818143523669475,0.0,-1.2033,-2.8223
3.050133228302002,-1.6939218869624642,0.0,-1.2033,-2.8223
3.05511474609375,-1.706039429065395,0.0,-1.2033,-2.8223
3.060117483139038,-1.7181752478563126,0.0,-1.2033,-2.8223
3.065126419067383,-1.7302896318282044,0.0,-1.2549,-2.9231
3.0703375339508057,-1.7428510371803265,0.0,-1.2549,-2.9231
3.075122833251953,-1.7543454791740858,0.0,-1.2549,-2.9231
3.080110549926758,-1.7662819439094222,0.0,-1.2549,-2.9231
3.0851070880889893,-1.7781913943863625,0.0,-1.2549,-2.9231
3.0901248455047607,-1.7900999908649986,0.0,-1.2549,-2.9231
3.095099687576294,-1.8018529472724754,0.0,-1.3069,-3.0156
3.1001927852630615,-1.81382679071861,0.0,-1.3069,-3.0156
3.105100154876709,-1.8253051677091072,0.0,-1.3069,-3.0156
3.110093116760254,-1.8369216465910667,0.0,-1.3069,-3.0156
3.115100383758545,-1.8485056452210182,0.0,-1.3069,-3.0156
3.1200966835021973,-1.8599957795434445,0.0,-1.3593,-3.1416
3.125154733657837,-1.8715553348405733,0.0,-1.3593,-3.1416
3.1301000118255615,-1.8827837643944842,0.0,-1.3593,-3.1416
3.1351044178009033,-1.8940697763579633,0.0,-1.3593,-3.1416
3.1401422023773193,-1.9053503533038247,0.0,-1.3593,-3.1416
3.145143508911133,-1.9164663650339917,0.0,-1.4116,-3.1416
3.1501386165618896,-1.92748342521528,0.0,-1.4116,-3.1416
3.1551918983459473,-1.9385394064298938,0.0,-1.4116,-3.1416
3.1601483821868896,-1.9492935891901264,0.0,-1.4116,-3.1416
3.1651482582092285,-1.9600489344650078,0.0,-1.4116,-3.1416
3.170186996459961,-1.9707907101487716,0.0,-1.4116,-3.1416
3.1751513481140137,-1.9812758992637476,0.0,-1.4116,-3.1416
3.1801435947418213,-1.9917193166884362,0.0,-1.464,-3.1416
3.1851375102996826,-2.002062638574832,0.0,-1.464,-3.1416
3.190194845199585,-2.0124291224376765,0.0,-1.464,-3.1416
3.1951847076416016,-2.022548054569461,0.0,-1.464,-3.1416
3.200176239013672,-2.0325593036842484,0.0,-1.464,-3.1416
3.2051823139190674,-2.0424856753756844,0.0,-1.464,-3.1416
3.210163116455078,-2.052246156132762,0.0,-1.464,-3.1416
3.2152321338653564,-2.062058459909945,0.0,-1.464,-3.1416
3.220229148864746,-2.0716094580474818,0.0,-1.5164,-3.1407
3.225196599960327,-2.0809816265286445,0.0,-1.5164,-3.1407
3.230159282684326,-2.090220730967858,0.0,-1.5164,-3.1407
3.2351794242858887,-2.099438343276373,0.0,-1.5164,-3.1407
3.2402403354644775,-2.1085977138922685,0.0,-1.5164,-3.1407
3.2451794147491455,-2.117405530161897,0.0,-1.5164,-3.1407
3.2502682209014893,-2.1263426849771814,0.0,-1.5687,-3.1405
3.25537371635437,-2.135166463400993,0.0,-1.5687,-3.1405
3.2603397369384766,-2.1436099158169837,0.0,-1.5687,-3.1405
3.2651283740997314,-2.1516197580369334,0.0,-1.5687,-3.1405
3.2701797485351562,-2.159926573435675,0.0,-1.5687,-3.1405
3.2752585411071777,-2.1681289017086867,0.0,-1.5687,-3.1405
3.2802391052246094,-2.176024921116971,0.0,-1.5687,-3.1405
3.285151481628418,-2.183667703107145,0.0,-1.6211,-3.1403
3.2901265621185303,-2.191259263758997,0.0,-1.6211,-3.1403
3.2951676845550537,-2.198796991551262,0.0,-1.6211,-3.1403
3.300144910812378,-2.206084659454399,0.0,-1.6211,-3.1403
3.3051748275756836,-2.2132916722181344,0.0,-1.6211,-3.1403
3.3101646900177,-2.220282781036736,0.0,-1.6211,-3.1403
3.3151187896728516,-2.227065897757259,0.0,-1.6734,-3.1401
3.3202104568481445,-2.2338717072856893,0.0,-1.6734,-3.1401
3.3252146244049072,-2.240395260058898,0.0,-1.6734,-3.1401
3.3301901817321777,-2.246717446314796,0.0,-1.6734,-3.1401
3.335169553756714,-2.252879142465768,0.0,-1.6734,-3.1401
3.3401918411254883,-2.2589248676985263,0.0,-1.6734,-3.1401
3.345187187194824,-2.264768237700486,0.0,-1.6734,-3.1401
3.3501670360565186,-2.270423367005889,0.0,-1.7258,-3.1398
3.355142116546631,-2.2759020937124315,0.0,-1.7258,-3.1398
3.3602101802825928,-2.281306104922611,0.0,-1.7258,-3.1398
3.365138053894043,-2.2863879365144637,0.0,-1.7258,-3.1398
3.3701536655426025,-2.2913841280848284,0.0,-1.7258,-3.1398
3.375197172164917,-2.2962277028504436,0.0,-1.7782,-3.1395
3.3801257610321045,-2.3007849834587004,0.0,-1.7782,-3.1395
3.3851466178894043,-2.3052476231427685,0.0,-1.7782,-3.1395
3.390115261077881,-2.3094839686382214,0.0,-1.7782,-3.1395
3.395108461380005,-2.313559932456183,0.0,-1.7782,-3.1395
3.400127649307251,-2.3174729113338444,0.0,-1.7782,-3.1395
3.405208110809326,-2.3212445940995092,0.0,-1.8305,-3.1393
3.410301923751831,-2.324834264713156,0.0,-1.8305,-3.1393
3.415264368057251,-2.3281456767848185,0.0,-1.8305,-3.1393
3.4201393127441406,-2.3312194768855914,0.0,-1.8305,-3.1393
3.425109386444092,-2.334169644250897,0.0,-1.8305,-3.1393
3.4302141666412354,-2.337006027591289,0.0,-1.8305,-3.1393
3.435250997543335,-2.3396115190001896,0.0,-1.8305,-3.1393
3.440112829208374,-2.341943909732754,0.0,-1.8829,-3.139
3.445141315460205,-2.3441669897937287,0.0,-1.8829,-3.139
3.450119733810425,-2.346177811522508,0.0,-1.8829,-3.139
3.455112934112549,-2.348004091940003,0.0,-1.8829,-3.139
3.4601058959960938,-2.349639055683023,0.0,-1.9352,-3.1387
3.4652278423309326,-2.351117135925252,0.0,-1.9352,-3.1387
3.470109701156616,-2.3523378826149615,0.0,-1.9352,-3.1387
3.475133180618286,-2.353402134649391,0.0,-1.9352,-3.1387
3.4801480770111084,-2.3542701536890824,0.0,-1.9352,-3.1387
3.48514461517334,-2.354941597887902,0.0,-1.9352,-3.1387
3.4901602268218994,-2.355421289033973,0.0,-1.9876,-3.1416
3.4951751232147217,-2.355706148183134,0.0,-1.9876,-3.1416
3.5001487731933594,-2.355796241053852,0.0,-1.9876,-3.1416
3.505106210708618,-2.3556953253568262,0.0,-1.9876,-3.1416
3.5101215839385986,-2.35539950110938,0.0,-1.9876,-3.1416
3.5151116847991943,-2.354911855773807,0.0,-1.9876,-3.1416
3.520189046859741,-2.354217896372918,0.0,-2.0397,-3.027
3.525135040283203,-2.3533502341481514,0.0,-2.0397,-3.027
3.5301167964935303,-2.3522853096569483,0.0,-2.0397,-3.027
3.535109519958496,-2.3510259922101997,0.0,-2.0397,-3.027
3.5400938987731934,-2.3495773102145536,0.0,-2.0877,-2.6506
3.545177459716797,-2.3479031129861965,0.0,-2.0877,-2.6506
3.550189733505249,-2.3460583389721297,0.0,-2.0877,-2.6506
3.555142402648926,-2.3440466912938103,0.0,-2.0877,-2.6506
3.5601391792297363,-2.341827428729272,0.0,-2.0877,-2.6506
3.565159797668457,-2.339406220829562,0.0,-2.0877,-2.6506
3.5701730251312256,-2.3367977887182567,0.0,-2.1288,-2.2697
3.575151205062866,-2.334019577721306,0.0,-2.1288,-2.2697
3.5802717208862305,-2.330967183054773,0.0,-2.1288,-2.2697
3.585115671157837,-2.327898577218475,0.0,-2.1288,-2.2697
3.5901124477386475,-2.3245494551500343,0.0,-2.1288,-2.2697
3.5951735973358154,-2.3209678481427396,0.0,-2.1288,-2.2697
3.6001951694488525,-2.3172268165709626,0.0,-2.1288,-2.2697
3.6051173210144043,-2.3133795636007304,0.0,-2.1634,-1.9109
3.610161781311035,-2.309252486388393,0.0,-2.1634,-1.9109
3.615112066268921,-2.3050221548486016,0.0,-2.1634,-1.9109
3.6201844215393066,-2.300503318547381,0.0,-2.1634,-1.9109
3.6252102851867676,-2.2958431439084173,0.0,-2.1634,-1.9109
3.630145788192749,-2.2910908435991537,0.0,-2.1634,-1.9109
3.6351118087768555,-2.286134384985244,0.0,-2.1915,-1.548
3.6402554512023926,-2.280817101398811,0.0,-2.1915,-1.548
3.6451475620269775,-2.2755877997041987,0.0,-2.1915,-1.548
3.650123357772827,-2.2700982833176266,0.0,-2.1915,-1.548
3.655125856399536,-2.264407055764895,0.0,-2.1915,-1.548
3.660097599029541,-2.2585810831391884,0.0,-2.1915,-1.548
3.665133476257324,-2.2525089143144323,0.0,-2.2125,-1.1559
3.670135974884033,-2.246308057204117,0.0,-2.2125,-1.1559
3.67525053024292,-2.239795825294607,0.0,-2.2125,-1.1559
3.680201530456543,-2.2333273072255375,0.0,-2.2125,-1.1559
3.6852784156799316,-2.226527887296659,0.0,-2.2125,-1.1559
3.690187931060791,-2.219793957794076,0.0,-2.2125,-1.1559
3.6951675415039062,-2.212806183901533,0.0,-2.2274,-0.8198
3.7002005577087402,-2.205583819555489,0.0,-2.2274,-0.8198
3.7051491737365723,-2.1983278292781954,0.0,-2.2274,-0.8198
3.71012282371521,-2.1908823147291705,0.0,-2.2274,-0.8198
3.715158700942993,-2.183189412721521,0.0,-2.2274,-0.8198
3.7201318740844727,-2.1754418666100808,0.0,-2.2274,-0.8198
3.7251691818237305,-2.167443957714573,0.0,-2.2357,-0.4521
3.730196237564087,-2.1593133618288363,0.0,-2.2357,-0.4521
3.735185384750366,-2.1510989455674983,0.0,-2.2357,-0.4521
3.7401249408721924,-2.14282573056325,0.0,-2.2357,-0.4521
3.7451488971710205,-2.1342698677501524,0.0,-2.2357,-0.4521
3.7501344680786133,-2.1256406108255534,0.0,-2.2357,-0.4521
3.755202531814575,-2.1167290762335043,0.0,-2.2364,-0.0339
3.7603249549865723,-2.107581338454178,0.0,-2.2364,-0.0339
3.765125036239624,-2.0988830378686854,0.0,-2.2364,-0.0339
3.7701330184936523,-2.089680026625268,0.0,-2.2364,-0.0339
3.775108814239502,-2.08040895828812,0.0,-2.2364,-0.0339
3.7801342010498047,-2.070919105259394,0.0,-2.2307,0.324
3.7851874828338623,-2.0612508864493777,0.0,-2.2307,0.324
3.7901957035064697,-2.051546917131202,0.0,-2.2307,0.324
3.795203685760498,-2.0417244098593037,0.0,-2.2307,0.324
3.8002371788024902,-2.0317344127452834,0.0,-2.2307,0.324
3.805233955383301,-2.021703280645727,0.0,-2.2307,0.324
3.8101398944854736,-2.011746392330441,0.0,-2.2307,0.324
3.815160036087036,-2.001449313839689,0.0,-2.2198,0.6061
3.8201863765716553,-1.9910322081124368,0.0,-2.2198,0.6061
3.8253777027130127,-1.9801632014046413,0.0,-2.2198,0.6061
3.830265760421753,-1.9698295642127968,0.0,-2.2198,0.6061
3.835239887237549,-1.9592173904763224,0.0,-2.2198,0.6061
3.840226888656616,-1.9484825349698274,0.0,-2.2198,0.6061
3.845228672027588,-1.937622745832816,0.0,-2.2198,0.6061
3.8501861095428467,-1.9267698592880322,0.0,-2.2198,0.6061
3.8552026748657227,-1.9156996470263046,0.0,-2.2198,0.6061
3.8602187633514404,-1.9045448346044662,0.0,-2.2198,0.6061
3.8652055263519287,-1.8933730781676863,0.0,-2.2198,0.6061
3.8701958656311035,-1.8821140551962088,0.0,-2.2014,1.0269
3.875169277191162,-1.8708170932336068,0.0,-2.2014,1.0269
3.880147933959961,-1.8594348615464102,0.0,-2.2014,1.0269
3.8853206634521484,-1.8475341853759848,0.0,-2.2014,1.0269
3.890277624130249,-1.8360613070559069,0.0,-2.2014,1.0269
3.895366668701172,-1.8242158243233304,0.0,-2.2014,1.0269
3.90036678314209,-1.8125142356486246,0.0,-2.2014,1.0269
3.905439615249634,-1.8005815323685195,0.0,-2.2014,1.0269
3.9103949069976807,-1.7888689467237788,0.0,-2.1693,1.786
3.9153213500976562,-1.7771721561327558,0.0,-2.1693,1.786
3.9201807975769043,-1.7655859907165665,0.0,-2.1693,1.786
3.9251444339752197,-1.7537045644072962,0.0,-2.1693,1.786
3.9301724433898926,-1.741623716786471,0.0,-2.1693,1.786
3.935155153274536,-1.7296096534726335,0.0,-2.1693,1.786
3.940319776535034,-1.7171159362468869,0.0,-2.1693,1.786
3.945427179336548,-1.7047227480206362,0.0,-2.1693,1.786
3.9504082202911377,-1.692602943120426,0.0,-2.1289,2.2472
3.9552419185638428,-1.680813106416771,0.0,-2.1289,2.2472
3.960282325744629,-1.668492109032852,0.0,-2.1289,2.2472
3.965183973312378,-1.656486780761272,0.0,-2.1289,2.2472
3.9701528549194336,-1.6442960540273945,0.0,-2.1289,2.2472
3.9752039909362793,-1.6318851828370362,0.0,-2.1289,2.2472
3.980355739593506,-1.6192112779096852,0.0,-2.1289,2.2472
3.985670566558838,-1.6061229277273608,0.0,-2.0823,2.5854
3.990217685699463,-1.5949171862094635,0.0,-2.0823,2.5854
3.99516224861145,-1.5827264892122535,0.0,-2.0823,2.5854
4.000187873840332,-1.5703330017066754,0.0,-2.0823,2.5854
4.005233526229858,-1.5578902463575406,0.0,-2.0823,2.5854
4.010309934616089,-1.545374924560335,0.0,-2.0302,3.0116
4.01512885093689,-1.533500353017857,0.0,-2.0302,3.0116
4.020326137542725,-1.520703077910698,0.0,-2.0302,3.0116
4.025121688842773,-1.5089067633058975,0.0,-2.0302,3.0116
4.030110597610474,-1.4966497654572881,0.0,-2.0302,3.0116
4.035123586654663,-1.4843519564311978,0.0,-2.0302,3.0116
4.040118217468262,-1.472120502098,0.0,-1.9779,3.099
4.045496940612793,-1.458975691109214,0.0,-1.9779,3.099
4.050462484359741,-1.4468688879771818,0.0,-1.9779,3.099
4.055304288864136,-1.4350927970931298,0.0,-1.9779,3.099
4.060245037078857,-1.4231084440221877,0.0,-1.9779,3.099
4.065284490585327,-1.4109213442913462,0.0,-1.9779,3.099
4.070219993591309,-1.3990244520458657,0.0,-1.9779,3.099
4.075227975845337,-1.386995074788636,0.0,-1.9256,3.1416
4.080158233642578,-1.3751968213006636,0.0,-1.9256,3.1416
4.085157155990601,-1.36328217404199,0.0,-1.9256,3.1416
4.09014105796814,-1.3514542725694796,0.0,-1.9256,3.1416
4.095163345336914,-1.3395896758386674,0.0,-1.9256,3.1416
4.100210905075073,-1.3277233725547362,0.0,-1.8732,3.1416
4.105117559432983,-1.316246882524994,0.0,-1.8732,3.1416
4.110190391540527,-1.3044453313502726,0.0,-1.8732,3.1416
4.1152074337005615,-1.2928400951361112,0.0,-1.8732,3.1416
4.120140075683594,-1.2814973917988344,0.0,-1.8209,3.1383
4.125187635421753,-1.2699623712338979,0.0,-1.8209,3.1383
4.13021993637085,-1.2585375205462253,0.0,-1.8209,3.1383
4.135180950164795,-1.2473508935309163,0.0,-1.8209,3.1383
4.140132665634155,-1.2362635766252432,0.0,-1.8209,3.1383
4.1451332569122314,-1.225148988521815,0.0,-1.7686,3.1388
4.1501853466033936,-1.2140065724775702,0.0,-1.7686,3.1388
4.155216693878174,-1.2029992237026386,0.0,-1.7686,3.1388
4.160163164138794,-1.192267127663706,0.0,-1.7686,3.1388
4.165090799331665,-1.1816667797699254,0.0,-1.7686,3.1388
4.170128345489502,-1.1709264064926117,0.0,-1.7163,3.1317
4.175207138061523,-1.1601994831420124,0.0,-1.7163,3.1317
4.180166244506836,-1.1498261892381343,0.0,-1.7163,3.1317
4.185124158859253,-1.1395575279253451,0.0,-1.7163,3.1317
4.1900975704193115,-1.1293618810456594,0.0,-1.7163,3.1317
4.195204734802246,-1.119004207997043,0.0,-1.664,3.1294
4.200158596038818,-1.109068536962183,0.0,-1.664,3.1294
4.205099821090698,-1.0992696116772982,0.0,-1.664,3.1294
4.210094451904297,-1.0894802580112384,0.0,-1.664,3.1294
4.215095281600952,-1.0797974790074947,0.0,-1.664,3.1294
4.220166206359863,-1.070102737508983,0.0,-1.6118,3.1226
4.225178241729736,-1.060645436479851,0.0,-1.6118,3.1226
4.230112314224243,-1.0514587762587624,0.0,-1.6118,3.1226
4.235101222991943,-1.0422968954780667,0.0,-1.6118,3.1226
4.240165948867798,-1.0331285877444634,0.0,-1.6118,3.1226
4.245113134384155,-1.024304454154901,0.0,-1.5596,3.12
4.2502195835113525,-1.0153347190141426,0.0,-1.5596,3.12
4.255108594894409,-1.006880842533291,0.0,-1.5596,3.12
4.260156154632568,-0.9982924035113918,0.0,-1.5596,3.12
4.265104055404663,-0.990013242308307,0.0,-1.5074,3.1274
4.270158529281616,-0.9817006656534213,0.0,-1.5074,3.1274
4.275142431259155,-0.973649580467312,0.0,-1.5074,3.1274
4.280100345611572,-0.9657857196457679,0.0,-1.5074,3.1274
4.285097122192383,-0.9580087287351685,0.0,-1.5074,3.1274
4.290068864822388,-0.9504205659803098,0.0,-1.5074,3.1274
4.295228004455566,-0.9427064187208998,0.0,-1.4551,3.1297
4.300145149230957,-0.935507648748521,0.0,-1.4551,3.1297
4.305096864700317,-0.9284114694317916,0.0,-1.4551,3.1297
4.310095548629761,-0.9214056574462561,0.0,-1.4551,3.1297
4.315095901489258,-0.9145577298976286,0.0,-1.4028,3.1317
4.320156574249268,-0.9077920836564056,0.0,-1.4028,3.1317
4.32513689994812,-0.9012974558940972,0.0,-1.4028,3.1317
4.330164909362793,-0.8949069035877526,0.0,-1.4028,3.1317
4.335099697113037,-0.8887988039476967,0.0,-1.4028,3.1317
4.340127229690552,-0.8827444792542157,0.0,-1.3504,3.1378
4.34516167640686,-0.8768538244883046,0.0,-1.3504,3.1378
4.350108623504639,-0.8712346302058731,0.0,-1.3504,3.1378
4.355102300643921,-0.8657337245255489,0.0,-1.3504,3.1378
4.360123872756958,-0.8603770735798306,0.0,-1.3504,3.1378
4.3651463985443115,-0.8551962568363093,0.0,-1.2981,3.1416
4.370145320892334,-0.8502166896044862,0.0,-1.2981,3.1416
4.375136613845825,-0.8454220305948785,0.0,-1.2981,3.1416
4.380103349685669,-0.8408279977867295,0.0,-1.2981,3.1416
4.385099649429321,-0.8363859319720146,0.0,-1.2457,3.1416
4.390151739120483,-0.8320782474771532,0.0,-1.2457,3.1416
4.395101070404053,-0.8280386195836139,0.0,-1.2457,3.1416
4.4001007080078125,-0.8241402510767191,0.0,-1.2457,3.1416
4.405097484588623,-0.820428154648645,0.0,-1.2457,3.1416
4.4101033210754395,-0.8168947348408289,0.0,-1.1935,3.0515
4.415137767791748,-0.8135291717564781,0.0,-1.1935,3.0515
4.420190811157227,-0.8103416561798477,0.0,-1.1935,3.0515
4.425105810165405,-0.8074250653440384,0.0,-1.1935,3.0515
4.430103540420532,-0.8046460071487587,0.0,-1.1935,3.0515
4.435098648071289,-0.802057123083495,0.0,-1.1429,2.8301
4.440233945846558,-0.7995929344181834,0.0,-1.1429,2.8301
4.445112943649292,-0.7974376659989727,0.0,-1.1429,2.8301
4.450176954269409,-0.7953928318925018,0.0,-1.1429,2.8301
4.455122232437134,-0.793585339020854,0.0,-1.1429,2.8301
4.460110664367676,-0.7919521280168215,0.0,-1.096,2.6007
4.465178728103638,-0.7904887321308984,0.0,-1.096,2.6007
4.470115900039673,-0.7892533376990662,0.0,-1.096,2.6007
4.475099086761475,-0.78819708524389,0.0,-1.096,2.6007
4.480106592178345,-0.7873288830161973,0.0,-1.096,2.6007
4.4850993156433105,-0.7866562754616773,0.0,-1.0533,2.3683
4.490150213241577,-0.78617212820794,0.0,-1.0533,2.3683
4.495098352432251,-0.7858893979252219,0.0,-1.0533,2.3683
4.500101804733276,-0.785796366943953,0.0,-1.0533,2.3683
4.505078554153442,-0.7858962371193595,0.0,-1.0149,2.1319
4.510232448577881,-0.7862018924299258,0.0,-1.0149,2.1319
4.515192747116089,-0.786690310444497,0.0,-1.0149,2.1319
4.520097970962524,-0.7873605529744643,0.0,-1.0149,2.1319
4.525163650512695,-0.7882479882912977,0.0,-1.0149,2.1319
4.530117511749268,-0.7893075105794655,0.0,-0.981,1.8778
4.5351622104644775,-0.7905809756802428,0.0,-0.981,1.8778
4.540103912353516,-0.7920184460912179,0.0,-0.981,1.8778
4.5451109409332275,-0.793666352845039,0.0,-0.981,1.8778
4.5501017570495605,-0.7955002759876211,0.0,-0.981,1.8778
4.555104494094849,-0.7975298532397808,0.0,-0.9514,1.6438
4.560176849365234,-0.7997826779228251,0.0,-0.9514,1.6438
4.565185070037842,-0.802199104631027,0.0,-0.9514,1.6438
4.570122480392456,-0.8047676166520444,0.0,-0.9514,1.6438
4.575119972229004,-0.8075550628702373,0.0,-0.9514,1.6438
4.580198764801025,-0.8105805973064634,0.0,-0.9261,1.4047
4.585187196731567,-0.8137407026183195,0.0,-0.9261,1.4047
4.590133190155029,-0.8170574888798992,0.0,-0.9261,1.4047
4.595225095748901,-0.8206622254125828,0.0,-0.9261,1.4047
4.600206136703491,-0.8243742111832609,0.0,-0.9261,1.4047
4.605156660079956,-0.8282445546747421,0.0,-0.9052,1.1611
4.610177993774414,-0.8323537308221716,0.0,-0.9052,1.1611
4.615123748779297,-0.8365806926256889,0.0,-0.9052,1.1611
4.620121955871582,-0.8410325566331919,0.0,-0.9052,1.1611
4.625122785568237,-0.8456668272016664,0.0,-0.9052,1.1611
4.630122900009155,-0.8504793708384134,0.0,-0.8888,0.914
4.63515830039978,-0.8555054952502603,0.0,-0.8888,0.914
4.640109539031982,-0.8606221525582648,0.0,-0.8888,0.914
4.645104885101318,-0.8659585138196318,0.0,-0.8888,0.914
4.650101900100708,-0.8714703293923077,0.0,-0.8764,0.6895
4.655185699462891,-0.8772547196573921,0.0,-0.8764,0.6895
4.660104751586914,-0.883020073151787,0.0,-0.8764,0.6895
4.665097236633301,-0.8890394308352457,0.0,-0.8764,0.6895
4.670106649398804,-0.8952477582533286,0.0,-0.8764,0.6895
4.675098896026611,-0.9016012635391855,0.0,-0.8685,0.4418
4.6801440715789795,-0.9081893535761422,0.0,-0.8685,0.4418
4.685099363327026,-0.9148221153225217,0.0,-0.8685,0.4418
4.690122604370117,-0.9217080761240772,0.0,-0.8685,0.4418
4.695178031921387,-0.9288013571052228,0.0,-0.8685,0.4418
4.7001261711120605,-0.9359009295433697,0.0,-0.865,0.194
4.705128908157349,-0.94323479907689,0.0,-0.865,0.194
4.710123062133789,-0.9507106994146968,0.0,-0.865,0.194
4.715136766433716,-0.9583693995302845,0.0,-0.865,0.194
4.72011399269104,-0.9661226646069575,0.0,-0.865,0.194
4.725149393081665,-0.9741169829383698,0.0,-0.865,0.194
4.730199337005615,-0.9822843501845251,0.0,-0.8661,-0.0541
4.735146999359131,-0.9904299613230017,0.0,-0.8661,-0.0541
4.740121364593506,-0.9987608830801583,0.0,-0.8661,-0.0541
4.7451252937316895,-1.0072822590148274,0.0,-0.8661,-0.0541
4.750136613845825,-1.0159557862138067,0.0,-0.8726,-0.3568
4.755181074142456,-1.0248255534781978,0.0,-0.8726,-0.3568
4.760121583938599,-1.0336454648939486,0.0,-0.8726,-0.3568
4.765121221542358,-1.0427026551067637,0.0,-0.8726,-0.3568
4.770116806030273,-1.0518826253722593,0.0,-0.8726,-0.3568
4.775120496749878,-1.0612056099637432,0.0,-0.8823,-0.5367
4.780146598815918,-1.0706971151770275,0.0,-0.8823,-0.5367
4.785119533538818,-1.0802109374304223,0.0,-0.8823,-0.5367
4.790119171142578,-1.0898965451616276,0.0,-0.8823,-0.5367
4.795105695724487,-1.0996749229255183,0.0,-0.8964,-0.7781
4.800208330154419,-1.109800653999101,0.0,-0.8964,-0.7781
4.805140972137451,-1.1197016848770782,0.0,-0.8964,-0.7781
4.810210466384888,-1.129990260927722,0.0,-0.8964,-0.7781
4.815117835998535,-1.140056330877411,0.0,-0.8964,-0.7781
4.8201048374176025,-1.150390612159261,0.0,-0.8964,-0.7781
4.825126647949219,-1.1609012935004248,0.0,-0.9135,-0.9396
4.830172061920166,-1.171564112925803,0.0,-0.9135,-0.9396
4.835097551345825,-1.1820702624703527,0.0,-0.9135,-0.9396
4.8400962352752686,-1.1928276843363705,0.0,-0.9135,-0.9396
4.845094680786133,-1.2036777955080902,0.0,-0.9135,-0.9396
4.850116729736328,-1.2146703052373904,0.0,-0.9362,-1.2526
4.855164051055908,-1.2258074434099753,0.0,-0.9362,-1.2526
4.860119342803955,-1.2368259126422623,0.0,-0.9362,-1.2526
4.865171909332275,-1.248143995665557,0.0,-0.9362,-1.2526
4.870132923126221,-1.2593361074948137,0.0,-0.9362,-1.2526
4.875140190124512,-1.2707092742988981,0.0,-0.9628,-1.4724
4.8801493644714355,-1.2821610727672543,0.0,-0.9628,-1.4724
4.8851025104522705,-1.2935550748412816,0.0,-0.9628,-1.4724
4.890111207962036,-1.3051451173902366,0.0,-0.9628,-1.4724
4.895094394683838,-1.3167414052897064,0.0,-0.9628,-1.4724
4.900231599807739,-1.3287612557355701,0.0,-0.9932,-1.6798
4.9051384925842285,-1.3403011382342056,0.0,-0.9932,-1.6798
4.910100698471069,-1.3520267964980046,0.0,-0.9932,-1.6798
4.915097236633301,-1.3638872932429658,0.0,-0.9932,-1.6798
4.920099496841431,-1.375812440181987,0.0,-1.0272,-1.878
4.925142288208008,-1.387882943054755,0.0,-1.0272,-1.878
4.930102109909058,-1.3997996448793506,0.0,-1.0272,-1.878
4.935147047042847,-1.4119634223704414,0.0,-1.0272,-1.878
4.94011664390564,-1.4239845708358887,0.0,-1.0272,-1.878
4.945165634155273,-1.4362343975168839,0.0,-1.0628,-1.9685
4.950164318084717,-1.4483955320739967,0.0,-1.0628,-1.9685
4.955121040344238,-1.4604843934118767,0.0,-1.0628,-1.9685
4.9601287841796875,-1.4727248432457614,0.0,-1.0628,-1.9685
4.965122699737549,-1.4849556675765296,0.0,-1.0628,-1.9685
4.970172643661499,-1.4973451873300427,0.0,-1.1018,-2.1533
4.9751527309417725,-1.5095814400624161,0.0,-1.1018,-2.1533
4.980126142501831,-1.5218162453290827,0.0,-1.1018,-2.1533
4.985125303268433,-1.5341264394824767,0.0,-1.1018,-2.1533
4.9902122020721436,-1.5466619503207848,0.0,-1.1018,-2.1533
4.995183706283569,-1.5589190761361649,0.0,-1.1018,-2.1533
5.00018048286438,-1.5712414246291027,0.0,-1.1438,-2.3239
5.005214214324951,-1.5836547875868872,0.0,-1.1438,-2.3239
5.01032829284668,-1.5962629793956133,0.0,-1.1438,-2.3239
5.015115976333618,-1.6080605856908716,0.0,-1.1438,-2.3239
5.0201263427734375,-1.6203978461622275,0.0,-1.1438,-2.3239
5.025163173675537,-1.6327878791309447,0.0,-1.1438,-2.3239
5.03016996383667,-1.6450886383235128,0.0,-1.1438,-2.3239
5.035173416137695,-1.657362835725227,0.0,-1.1905,-2.5831
5.040163278579712,-1.6695823965195613,0.0,-1.1905,-2.5831
5.045151948928833,-1.681774771712142,0.0,-1.1905,-2.5831
5.05022668838501,-1.6941495154736768,0.0,-1.1905,-2.5831
5.0551676750183105,-1.7061680060865918,0.0,-1.1905,-2.5831
5.060113906860352,-1.7181665850371273,0.0,-1.1905,-2.5831
5.065196752548218,-1.730459463016109,0.0,-1.242,-2.9256
5.070317506790161,-1.7428028477756154,0.0,-1.242,-2.9256
5.075115442276001,-1.7543277571314213,0.0,-1.242,-2.9256
5.0802083015441895,-1.7665154103636562,0.0,-1.242,-2.9256
5.085141181945801,-1.778272486268152,0.0,-1.242,-2.9256
5.090109825134277,-1.790064423007518,0.0,-1.2944,-3.1374
5.095212459564209,-1.8021187252844397,0.0,-1.2944,-3.1374
5.100118160247803,-1.8136517894058235,0.0,-1.2944,-3.1374
5.105098724365234,-1.8253018304131543,0.0,-1.2944,-3.1374
5.110132932662964,-1.8370140217371664,0.0,-1.2944,-3.1374
5.115097999572754,-1.848500145682222,0.0,-1.3468,-3.1416
5.120179176330566,-1.8601849005300628,0.0,-1.3468,-3.1416
5.125099182128906,-1.8714287857287715,0.0,-1.3468,-3.1416
5.130101919174194,-1.8827880807435213,0.0,-1.3468,-3.1416
5.135101079940796,-1.8940622750858256,0.0,-1.3468,-3.1416
5.140113592147827,-1.9052865233851537,0.0,-1.3991,-3.1416
5.145156383514404,-1.9164948714601546,0.0,-1.3991,-3.1416
5.150108337402344,-1.9274169042796145,0.0,-1.3991,-3.1416
5.155120134353638,-1.938383037503565,0.0,-1.3991,-3.1416
5.160164833068848,-1.9493291316353143,0.0,-1.3991,-3.1416
5.165121078491211,-1.9599907247860835,0.0,-1.4515,-3.1416
5.170324802398682,-1.9710830942787207,0.0,-1.4515,-3.1416
5.175211668014526,-1.9814026919133911,0.0,-1.4515,-3.1416
5.18012809753418,-1.9916870565329876,0.0,-1.4515,-3.1416
5.185100317001343,-2.0019859935802757,0.0,-1.4515,-3.1416
5.190097332000732,-2.0122302863417802,0.0,-1.4515,-3.1416
5.195117950439453,-2.02241340491062,0.0,-1.5038,-3.1416
5.200149059295654,-2.0325050960063766,0.0,-1.5038,-3.1416
5.205146789550781,-2.042415643461128,0.0,-1.5038,-3.1416
5.210106611251831,-2.0521360839754594,0.0,-1.5038,-3.1416
5.2151055335998535,-2.0618149011930162,0.0,-1.5562,-3.1406
5.220323085784912,-2.071787828954445,0.0,-1.5562,-3.1406
5.225157022476196,-2.080907443070233,0.0,-1.5562,-3.1406
5.230154514312744,-2.0902119138555157,0.0,-1.5562,-3.1406
5.235163688659668,-2.0994096549230488,0.0,-1.5562,-3.1406
5.240247964859009,-2.1086114197237267,0.0,-1.5562,-3.1406
5.2451207637786865,-2.1173017063369377,0.0,-1.6086,-3.1407
5.250292062759399,-2.1263842245543394,0.0,-1.6086,-3.1407
5.255118370056152,-2.1347285812653802,0.0,-1.6086,-3.1407
5.260238170623779,-2.143438617792699,0.0,-1.6086,-3.1407
5.265165090560913,-2.151680667303204,0.0,-1.6086,-3.1407
5.270127773284912,-2.1598418537453776,0.0,-1.6609,-3.1406
5.275160789489746,-2.167972459933132,0.0,-1.6609,-3.1406
5.28015661239624,-2.1758953412284603,0.0,-1.6609,-3.1406
5.285120248794556,-2.1836195695411877,0.0,-1.6609,-3.1406
5.290204048156738,-2.1913763070934316,0.0,-1.6609,-3.1406
5.295156240463257,-2.1987800574674647,0.0,-1.6609,-3.1406
5.300166606903076,-2.2061160882003032,0.0,-1.7133,-3.1399
5.305140733718872,-2.213243359551318,0.0,-1.7133,-3.1399
5.310152053833008,-2.220265277810104,0.0,-1.7133,-3.1399
5.315108060836792,-2.2270513790867255,0.0,-1.7133,-3.1399
5.32027268409729,-2.23395383784256,0.0,-1.7133,-3.1399
5.325157880783081,-2.2403222123285347,0.0,-1.7133,-3.1399
5.330185890197754,-2.246712064222389,0.0,-1.7133,-3.1399
5.335174322128296,-2.2528849633038237,0.0,-1.7657,-3.1396
5.340192556381226,-2.2589257165438807,0.0,-1.7657,-3.1396
5.345285177230835,-2.264881158256415,0.0,-1.7657,-3.1396
5.350163698196411,-2.270419633719295,0.0,-1.7657,-3.1396
5.355151176452637,-2.2759119140676676,0.0,-1.7657,-3.1396
5.360191345214844,-2.281286353941523,0.0,-1.7657,-3.1396
5.365161657333374,-2.2864118656329806,0.0,-1.7657,-3.1396
5.3701393604278564,-2.291370132182452,0.0,-1.818,-3.1394
5.375195741653442,-2.296226354810187,0.0,-1.818,-3.1394
5.380101442337036,-2.3007629256227284,0.0,-1.818,-3.1394
5.3850929737091064,-2.3052009069051738,0.0,-1.818,-3.1394
5.3901026248931885,-2.309473422675593,0.0,-1.818,-3.1394
5.395095109939575,-2.313549276899967,0.0,-1.8704,-3.1391
5.400155067443848,-2.3174937776507862,0.0,-1.8704,-3.1391
5.4051055908203125,-2.3211703710603553,0.0,-1.8704,-3.1391
5.410100698471069,-2.324696116298566,0.0,-1.8704,-3.1391
5.415148973464966,-2.328070761925037,0.0,-1.8704,-3.1391
5.420179843902588,-2.3312442863737877,0.0,-1.9227,-3.1416
5.425211191177368,-2.334228131448457,0.0,-1.9227,-3.1416
5.430195569992065,-2.3369960518860937,0.0,-1.9227,-3.1416
5.435105085372925,-2.3395387448510854,0.0,-1.9227,-3.1416
5.440126180648804,-2.3419500674298823,0.0,-1.9227,-3.1416
5.445103406906128,-2.3441509518571864,0.0,-1.9227,-3.1416
5.450103282928467,-2.3461714789598433,0.0,-1.9751,-3.1416
5.455196857452393,-2.3480331542115445,0.0,-1.9751,-3.1416
5.460117816925049,-2.349642730080183,0.0,-1.9751,-3.1416
5.4652605056762695,-2.3511259139010843,0.0,-1.9751,-3.1416
5.4701995849609375,-2.3523586361031024,0.0,-1.9751,-3.1416
5.4752771854400635,-2.353429770195947,0.0,-2.0265,-2.9144
5.480172395706177,-2.3542738893283586,0.0,-2.0265,-2.9144
5.485278606414795,-2.354956944426534,0.0,-2.0265,-2.9144
5.490180253982544,-2.3554228140087163,0.0,-2.0265,-2.9144
5.495155334472656,-2.355705406963673,0.0,-2.0265,-2.9144
5.500219106674194,-2.355796140821594,0.0,-2.0265,-2.9144
5.505204677581787,-2.3556913925134975,0.0,-2.0265,-2.9144
5.51023268699646,-2.355390742261716,0.0,-2.0265,-2.9144
5.515179872512817,-2.35490385737146,0.0,-2.0265,-2.9144
5.520171403884888,-2.354220652988856,0.0,-2.0738,-2.609
5.5251898765563965,-2.353339554965953,0.0,-2.0738,-2.609
5.530171632766724,-2.352272521970803,0.0,-2.0738,-2.609
5.535195589065552,-2.3510025989656267,0.0,-2.0738,-2.609
5.5403125286102295,-2.349509392303516,0.0,-2.0738,-2.609
5.545158624649048,-2.3479096821398477,0.0,-2.0738,-2.609
5.550128698348999,-2.346081960139372,0.0,-2.1165,-2.3623
5.555171966552734,-2.3440341206446176,0.0,-2.1165,-2.3623
5.560154438018799,-2.3418203604355576,0.0,-2.1165,-2.3623
5.5651466846466064,-2.339412793947697,0.0,-2.1165,-2.3623
5.570157766342163,-2.3368060166311366,0.0,-2.1165,-2.3623
5.575195550918579,-2.333993989390585,0.0,-2.1165,-2.3623
5.5801825523376465,-2.3310220226886353,0.0,-2.1165,-2.3623
5.585186958312988,-2.327852106455795,0.0,-2.1165,-2.3623
5.590280055999756,-2.3244338902666764,0.0,-2.1533,-2.0286
5.595174551010132,-2.320967155358858,0.0,-2.1533,-2.0286
5.600235223770142,-2.317196228374667,0.0,-2.1533,-2.0286
5.605134725570679,-2.313365644259939,0.0,-2.1533,-2.0286
5.610177755355835,-2.3092391222465114,0.0,-2.1533,-2.0286
5.615190744400024,-2.304953483059246,0.0,-2.1533,-2.0286
5.6201372146606445,-2.300546230015485,0.0,-2.1834,-1.6636
5.625166177749634,-2.2958848299358805,0.0,-2.1834,-1.6636
5.630152225494385,-2.2910845319165762,0.0,-2.1834,-1.6636
5.635124444961548,-2.286121550535255,0.0,-2.1834,-1.6636
5.640179634094238,-2.2808968276738195,0.0,-2.1834,-1.6636
5.645390033721924,-2.2753242751959633,0.0,-2.1834,-1.6636
5.650287866592407,-2.269913864339098,0.0,-2.1834,-1.6636
5.655179977416992,-2.2643445442512107,0.0,-2.207,-1.3001
5.660372734069824,-2.2582537623574637,0.0,-2.207,-1.3001
5.665200233459473,-2.2524272703731896,0.0,-2.207,-1.3001
5.6702306270599365,-2.2461891177743496,0.0,-2.207,-1.3001
5.675190210342407,-2.2398736388952623,0.0,-2.207,-1.3001
5.680139780044556,-2.2334089749570643,0.0,-2.207,-1.3001
5.685133457183838,-2.226724350416715,0.0,-2.207,-1.3001
5.690128326416016,-2.2198766410686326,0.0,-2.2234,-0.9011
5.6951515674591064,-2.212828852038024,0.0,-2.2234,-0.9011
5.700170993804932,-2.2056267088250587,0.0,-2.2234,-0.9011
5.7051842212677,-2.198275897280811,0.0,-2.2234,-0.9011
5.710207939147949,-2.1907535748196048,0.0,-2.2234,-0.9011
5.715250730514526,-2.183047394544752,0.0,-2.2323,-0.4867
5.720180988311768,-2.1753646140084846,0.0,-2.2323,-0.4867
5.725280284881592,-2.1672658639534506,0.0,-2.2323,-0.4867
5.7301812171936035,-2.159337874937233,0.0,-2.2323,-0.4867
5.735137224197388,-2.1511789245500235,0.0,-2.2323,-0.4867
5.740221738815308,-2.142662221923406,0.0,-2.2323,-0.4867
5.74515175819397,-2.1342649551972093,0.0,-2.2323,-0.4867
5.750133275985718,-2.1256426905088626,0.0,-2.2355,-0.1698
5.7553229331970215,-2.116515674018799,0.0,-2.2355,-0.1698
5.7601988315582275,-2.1078082514670737,0.0,-2.2355,-0.1698
5.765217304229736,-2.0987146549084423,0.0,-2.2355,-0.1698
5.770380020141602,-2.0892227771138723,0.0,-2.2355,-0.1698
5.775243043899536,-2.0801571219329977,0.0,-2.2355,-0.1698
5.780179500579834,-2.070832991949349,0.0,-2.231,0.2542
5.785229444503784,-2.0611700822024104,0.0,-2.231,0.2542
5.790387868881226,-2.0511721897136352,0.0,-2.231,0.2542
5.795165300369263,-2.0418001442518157,0.0,-2.231,0.2542
5.8001978397369385,-2.031812939322952,0.0,-2.231,0.2542
5.80519700050354,-2.0217778792291545,0.0,-2.231,0.2542
5.810119152069092,-2.0117887124360903,0.0,-2.231,0.2542
5.815184116363525,-2.00139966131694,0.0,-2.2201,0.6088
5.8204591274261475,-1.9904639103653734,0.0,-2.2201,0.6088
5.825166463851929,-1.9806076140353235,0.0,-2.2201,0.6088
5.830207109451294,-1.9699541184066418,0.0,-2.2201,0.6088
5.835111618041992,-1.9594922521375377,0.0,-2.2201,0.6088
5.840098142623901,-1.9487608465831048,0.0,-2.2016,1.0308
5.845179557800293,-1.9377298265548235,0.0,-2.2016,1.0308
5.850098371505737,-1.9269626948620682,0.0,-2.2016,1.0308
5.855101823806763,-1.915923051242555,0.0,-2.2016,1.0308
5.860109806060791,-1.9047880252155116,0.0,-2.2016,1.0308
5.865102052688599,-1.8936057022203092,0.0,-2.1786,1.277
5.870166778564453,-1.8821799047762746,0.0,-2.1786,1.277
5.875103712081909,-1.87096650498483,0.0,-2.1786,1.277
5.880111217498779,-1.859519064797238,0.0,-2.1786,1.277
5.885156154632568,-1.8479138055575408,0.0,-2.1516,1.5044
5.890127897262573,-1.8364088058918822,0.0,-2.1516,1.5044
5.895109176635742,-1.8248167554438535,0.0,-2.1516,1.5044
5.900103569030762,-1.813131738741143,0.0,-2.1516,1.5044
5.905158042907715,-1.801245426119354,0.0,-2.1516,1.5044
5.910098552703857,-1.789570939220675,0.0,-2.1222,1.6301
5.9151787757873535,-1.7775113766273283,0.0,-2.1222,1.6301
5.9201109409332275,-1.765752874912291,0.0,-2.1222,1.6301
5.925097942352295,-1.7538160619803858,0.0,-2.1222,1.6301
5.9301111698150635,-1.7417712020834175,0.0,-2.1222,1.6301
5.935095548629761,-1.7297536050861544,0.0,-2.089,1.8452
5.940124273300171,-1.717589599457426,0.0,-2.089,1.8452
5.945103168487549,-1.7055100230591433,0.0,-2.089,1.8452
5.950106143951416,-1.6933388308835295,0.0,-2.089,1.8452
5.955095291137695,-1.6811711311146162,0.0,-2.0521,2.0459
5.960225582122803,-1.6686309578223069,0.0,-2.0521,2.0459
5.96514105796814,-1.656591983216776,0.0,-2.0521,2.0459
5.970126390457153,-1.6443610324051736,0.0,-2.0521,2.0459
5.975095272064209,-1.6321524832511798,0.0,-2.0521,2.0459
5.980094909667969,-1.619853282804931,0.0,-2.0138,2.129
5.985302209854126,-1.6070304065159389,0.0,-2.0138,2.129
5.99012017250061,-1.5951575537181162,0.0,-2.0138,2.129
5.995121955871582,-1.5828258455901103,0.0,-2.0138,2.129
6.000104665756226,-1.5705382053204398,0.0,-2.0138,2.129
6.005111217498779,-1.5581918382399287,0.0,-1.9722,2.3082
6.010194778442383,-1.5456587696889683,0.0,-1.9722,2.3082
6.01517391204834,-1.533389351414955,0.0,-1.9722,2.3082
6.020196199417114,-1.5210228759017503,0.0,-1.9722,2.3082
6.025190830230713,-1.5087367824790183,0.0,-1.9722,2.3082
6.0301713943481445,-1.4965005032453491,0.0,-1.9722,2.3082
6.0351128578186035,-1.4843782544859676,0.0,-1.9277,2.4696
6.040099382400513,-1.4721665839391553,0.0,-1.9277,2.4696
6.045159101486206,-1.4598004197885668,0.0,-1.9277,2.4696
6.050160884857178,-1.447603406063275,0.0,-1.9277,2.4696
6.055177688598633,-1.4354003225417509,0.0,-1.9277,2.4696
6.060390949249268,-1.4227550440083507,0.0,-1.9277,2.4696
6.065121173858643,-1.411315687450431,0.0,-1.8787,2.7212
6.0701744556427,-1.3991340356381599,0.0,-1.8787,2.7212
6.075101375579834,-1.387298625780679,0.0,-1.8787,2.7212
6.080134153366089,-1.3752543343839525,0.0,-1.8787,2.7212
6.0851075649261475,-1.3634001250348309,0.0,-1.8787,2.7212
6.090097188949585,-1.3515581531262406,0.0,-1.827,2.9416
6.095113754272461,-1.3397065527193124,0.0,-1.827,2.9416
6.100199460983276,-1.3277502084524402,0.0,-1.827,2.9416
6.105153799057007,-1.3161623409936527,0.0,-1.827,2.9416
6.110105037689209,-1.30464334933258,0.0,-1.827,2.9416
6.115096807479858,-1.293095257682812,0.0,-1.827,2.9416
6.120313882827759,-1.2810989701158655,0.0,-1.7749,3.0324
6.125174283981323,-1.2699927843309147,0.0,-1.7749,3.0324
6.130098819732666,-1.258811586919145,0.0,-1.7749,3.0324
6.13510537147522,-1.2475207340177483,0.0,-1.7749,3.0324
6.14009690284729,-1.2363433655718103,0.0,-1.7225,3.1416
6.145205974578857,-1.2249879848842515,0.0,-1.7225,3.1416
6.150135278701782,-1.2141165612327693,0.0,-1.7225,3.1416
6.155106782913208,-1.2032387100411528,0.0,-1.7225,3.1416
6.160183429718018,-1.1922233447556758,0.0,-1.7225,3.1416
6.165148735046387,-1.1815426979276797,0.0,-1.6702,3.1416
6.170145273208618,-1.170890482835882,0.0,-1.6702,3.1416
6.175107717514038,-1.160408475192808,0.0,-1.6702,3.1416
6.180099964141846,-1.1499641641961251,0.0,-1.6702,3.1416
6.18509316444397,-1.1396214001065004,0.0,-1.6702,3.1416
6.190164089202881,-1.12922624026361,0.0,-1.6178,3.1416
6.19511079788208,-1.1191936766065966,0.0,-1.6178,3.1416
6.200101137161255,-1.109183142478572,0.0,-1.6178,3.1416
6.205098628997803,-1.0992719621040115,0.0,-1.6178,3.1416
6.210097312927246,-1.0894746842076024,0.0,-1.5655,3.1416
6.21520209312439,-1.0795919802429728,0.0,-1.5655,3.1416
6.220114469528198,-1.0702010120430674,0.0,-1.5655,3.1416
6.225155353546143,-1.0606883389109787,0.0,-1.5655,3.1416
6.230135440826416,-1.0514160093492446,0.0,-1.5655,3.1416
6.235164642333984,-1.0421812599418905,0.0,-1.5131,3.1416
6.24032998085022,-1.032833915692732,0.0,-1.5131,3.1416
6.245176792144775,-1.0241917655603232,0.0,-1.5131,3.1416
6.250204563140869,-1.0153608945532873,0.0,-1.5131,3.1416
6.255107879638672,-1.0068820696426275,0.0,-1.5131,3.1416
6.260103702545166,-0.998380914418506,0.0,-1.4607,3.1416
6.265280246734619,-0.9897210028157637,0.0,-1.4607,3.1416
6.270116329193115,-0.981769455830961,0.0,-1.4607,3.1416
6.275098085403442,-0.9737205749830259,0.0,-1.4607,3.1416
6.280101537704468,-0.9657838464140547,0.0,-1.4607,3.1416
6.285119295120239,-0.9579745538686399,0.0,-1.4084,3.1416
6.290149688720703,-0.9502984530476041,0.0,-1.4084,3.1416
6.295293807983398,-0.9426090880983861,0.0,-1.4084,3.1416
6.300137996673584,-0.9355180105097448,0.0,-1.4084,3.1416
6.3051252365112305,-0.9283712567780942,0.0,-1.4084,3.1416
6.310147523880005,-0.9213336507705404,0.0,-1.4084,3.1416
6.315142393112183,-0.9144948173817817,0.0,-1.356,3.139
6.320122241973877,-0.9078374200201128,0.0,-1.356,3.139
6.325183868408203,-0.9012369839875167,0.0,-1.356,3.139
6.3301005363464355,-0.894987658725895,0.0,-1.356,3.139
6.335106611251831,-0.8887903605311458,0.0,-1.356,3.139
6.340111017227173,-0.8827637277945881,0.0,-1.356,3.139
6.345117807388306,-0.8769044067074028,0.0,-1.3037,3.1398
6.350200414657593,-0.8711319579492515,0.0,-1.3037,3.1398
6.3552680015563965,-0.8655541598014218,0.0,-1.3037,3.1398
6.360137224197388,-0.8603630663109038,0.0,-1.3037,3.1398
6.365139007568359,-0.8552037501659787,0.0,-1.3037,3.1398
6.370158433914185,-0.8502038605275842,0.0,-1.3037,3.1398
6.375145673751831,-0.8454134894187566,0.0,-1.3037,3.1398
6.380127668380737,-0.840805940284938,0.0,-1.2514,3.0915
6.385212182998657,-0.8362879611514126,0.0,-1.2514,3.0915
6.3901214599609375,-0.8321035118860801,0.0,-1.2514,3.0915
6.395145893096924,-0.8280028544882523,0.0,-1.2514,3.0915
6.400144815444946,-0.824106677478611,0.0,-1.2514,3.0915
6.405121803283691,-0.8204105397509732,0.0,-1.1994,2.9868
6.410180330276489,-0.816841831157932,0.0,-1.1994,2.9868
6.415166139602661,-0.8135107410038702,0.0,-1.1994,2.9868
6.4201695919036865,-0.8103546413922458,0.0,-1.1994,2.9868
6.425132989883423,-0.8074094421216949,0.0,-1.1994,2.9868
6.430122137069702,-0.8046360185018239,0.0,-1.1994,2.9868
6.435105085372925,-0.8020539087387079,0.0,-1.1488,2.8369
6.440154552459717,-0.7996295055583307,0.0,-1.1488,2.8369
6.445105791091919,-0.7974406927341179,0.0,-1.1488,2.8369
6.450133800506592,-0.7954094289099087,0.0,-1.1488,2.8369
6.455170154571533,-0.7935687406042727,0.0,-1.1488,2.8369
6.4601216316223145,-0.7919487479332283,0.0,-1.101,2.6513
6.465209722518921,-0.790480390741954,0.0,-1.101,2.6513
6.470121145248413,-0.7892521251587732,0.0,-1.101,2.6513
6.475122928619385,-0.7881924924792955,0.0,-1.101,2.6513
6.480126619338989,-0.7873257998506917,0.0,-1.101,2.6513
6.4851274490356445,-0.7866530318473396,0.0,-1.101,2.6513
6.490180015563965,-0.7861698577172699,0.0,-1.0575,2.4107
6.495115280151367,-0.7858887562101163,0.0,-1.0575,2.4107
6.500262260437012,-0.7857965932382819,0.0,-1.0575,2.4107
6.505150318145752,-0.7858990806313677,0.0,-1.0575,2.4107
6.5102317333221436,-0.7862018357381124,0.0,-1.0575,2.4107
6.515182971954346,-0.7866891606370279,0.0,-1.0575,2.4107
6.520134210586548,-0.7873661972414963,0.0,-1.0575,2.4107
6.525120735168457,-0.7882396373875725,0.0,-1.0181,2.188
6.530165433883667,-0.7893186848917583,0.0,-1.0181,2.188
6.535114765167236,-0.7905680853744231,0.0,-1.0181,2.188
6.540151357650757,-0.7920331575318904,0.0,-1.0181,2.188
6.54513955116272,-0.7936763219152687,0.0,-1.0181,2.188
6.550175428390503,-0.7955287758491172,0.0,-0.9831,1.9414
6.55517053604126,-0.797557924534389,0.0,-0.9831,1.9414
6.560284376144409,-0.7998325558759062,0.0,-0.9831,1.9414
6.5652525424957275,-0.8022329598696715,0.0,-0.9831,1.9414
6.5701904296875,-0.8048042519835978,0.0,-0.9831,1.9414
6.575204133987427,-0.8076036184903335,0.0,-0.9831,1.9414
6.580185413360596,-0.8105723895352603,0.0,-0.9831,1.9414
6.585141897201538,-0.8137111682233609,0.0,-0.9529,1.6739
6.590144395828247,-0.817065210334336,0.0,-0.9529,1.6739
6.595166444778442,-0.8206196097825804,0.0,-0.9529,1.6739
6.6001317501068115,-0.8243174298801161,0.0,-0.9529,1.6739
6.605250835418701,-0.8283199252990242,0.0,-0.9529,1.6739
6.610185623168945,-0.8323601143653883,0.0,-0.9529,1.6739
6.615179061889648,-0.8366289709746314,0.0,-0.9281,1.3775
6.620161533355713,-0.8410685274777283,0.0,-0.9281,1.3775
6.625198841094971,-0.8457386925097401,0.0,-0.9281,1.3775
6.630126476287842,-0.8504828767104524,0.0,-0.9281,1.3775
6.635154724121094,-0.8555018618895991,0.0,-0.9281,1.3775
6.640178680419922,-0.8606948233262952,0.0,-0.9281,1.3775
6.64521598815918,-0.8660791797616448,0.0,-0.9281,1.3775
6.6503119468688965,-0.8717057995813846,0.0,-0.9089,1.068
6.6551995277404785,-0.8772706955197717,0.0,-0.9089,1.068
6.660186052322388,-0.8831167449284655,0.0,-0.9089,1.068
6.66518759727478,-0.8891499268843717,0.0,-0.9089,1.068
6.670184850692749,-0.8953460060139733,0.0,-0.9089,1.068
6.675168037414551,-0.9016904173152421,0.0,-0.9089,1.068
6.680182218551636,-0.9082398028109991,0.0,-0.9089,1.068
6.685197114944458,-0.9149545621684444,0.0,-0.9089,1.068
6.690216064453125,-0.9218377302068667,0.0,-0.9089,1.068
6.695115804672241,-0.9287130578547127,0.0,-0.8959,0.7174
6.700186252593994,-0.9359880804781388,0.0,-0.8959,0.7174
6.705216884613037,-0.9433651623658291,0.0,-0.8959,0.7174
6.710196256637573,-0.9508214059617446,0.0,-0.8959,0.7174
6.71517539024353,-0.9584289916604211,0.0,-0.8959,0.7174
6.7201502323150635,-0.9661796612675184,0.0,-0.8959,0.7174
6.725160598754883,-0.9741349405832739,0.0,-0.8914,0.2535
6.730145454406738,-0.9821964193835658,0.0,-0.8914,0.2535
6.735101938247681,-0.9903551390104566,0.0,-0.8914,0.2535
6.7401487827301025,-0.9988071911810332,0.0,-0.8914,0.2535
6.745115280151367,-1.007265066752511,0.0,-0.8914,0.2535
6.75016975402832,-1.0160136049143813,0.0,-0.893,-0.087
6.755157232284546,-1.024783307634637,0.0,-0.893,-0.087
6.760157823562622,-1.0337106413834665,0.0,-0.893,-0.087
6.7651684284210205,-1.0427887980471908,0.0,-0.893,-0.087
6.77025580406189,-1.0521398886018523,0.0,-0.893,-0.087
6.775177240371704,-1.0613120623716013,0.0,-0.893,-0.087
6.780132532119751,-1.0706703759282143,0.0,-0.8996,-0.3642
6.785114049911499,-1.0802003802180813,0.0,-0.8996,-0.3642
6.79014253616333,-1.0899420897127325,0.0,-0.8996,-0.3642
6.795134782791138,-1.0997323030313255,0.0,-0.8996,-0.3642
6.800266265869141,-1.109916307447435,0.0,-0.8996,-0.3642
6.805151462554932,-1.1197228580149428,0.0,-0.8996,-0.3642
6.810120344161987,-1.1298063732929644,0.0,-0.9123,-0.7
6.8151445388793945,-1.1401113864597008,0.0,-0.9123,-0.7
6.820141315460205,-1.150466586813147,0.0,-0.9123,-0.7
6.825329303741455,-1.1613276125953074,0.0,-0.9123,-0.7
6.830204486846924,-1.1716329660031797,0.0,-0.9123,-0.7
6.835225582122803,-1.1823446062709186,0.0,-0.9123,-0.7
6.840198516845703,-1.1930487816773319,0.0,-0.931,-1.0293
6.845341205596924,-1.2042152906859414,0.0,-0.931,-1.0293
6.850206136703491,-1.2148668149093766,0.0,-0.931,-1.0293
6.8551414012908936,-1.2257572698492554,0.0,-0.931,-1.0293
6.860142707824707,-1.236878060365732,0.0,-0.931,-1.0293
6.865127801895142,-1.248044836195394,0.0,-0.9553,-1.3482
6.870145797729492,-1.2593652523699006,0.0,-0.9553,-1.3482
6.875202655792236,-1.2708516294104908,0.0,-0.9553,-1.3482
6.880183935165405,-1.282240358700053,0.0,-0.9553,-1.3482
6.885313987731934,-1.2940430618972782,0.0,-0.9553,-1.3482
6.890227317810059,-1.3054145848008243,0.0,-0.9553,-1.3482
6.8951616287231445,-1.3168982965721094,0.0,-0.9837,-1.5667
6.900247097015381,-1.3287976125042882,0.0,-0.9837,-1.5667
6.90512490272522,-1.3402691011066459,0.0,-0.9837,-1.5667
6.910125732421875,-1.3520860887361736,0.0,-0.9837,-1.5667
6.915114164352417,-1.3639275636005646,0.0,-0.9837,-1.5667
6.920179605484009,-1.3760038149413505,0.0,-0.9837,-1.5667
6.9251978397369385,-1.3880161732613407,0.0,-1.0175,-1.8701
6.930189609527588,-1.400010256776716,0.0,-1.0175,-1.8701
6.935144662857056,-1.4119576642292446,0.0,-1.0175,-1.8701
6.94014048576355,-1.4240423314173793,0.0,-1.0175,-1.8701
6.945146799087524,-1.4361886351697302,0.0,-1.0175,-1.8701
6.950138807296753,-1.4483333885279976,0.0,-1.0546,-2.0508
6.955170154571533,-1.4606043159034703,0.0,-1.0546,-2.0508
6.960137367248535,-1.4727458445810817,0.0,-1.0546,-2.0508
6.965162992477417,-1.4850544403222194,0.0,-1.0546,-2.0508
6.970113039016724,-1.4971988394932896,0.0,-1.0967,-2.3252
6.975147485733032,-1.5095685439882298,0.0,-1.0967,-2.3252
6.980124473571777,-1.5218121375170783,0.0,-1.0967,-2.3252
6.985139608383179,-1.534161679569403,0.0,-1.0967,-2.3252
6.990103721618652,-1.5463945490986544,0.0,-1.0967,-2.3252
6.995108604431152,-1.5587338852186883,0.0,-1.1395,-2.3687
7.000141620635986,-1.571145584547818,0.0,-1.1395,-2.3687
7.005141973495483,-1.5834766544211583,0.0,-1.1395,-2.3687
7.010141611099243,-1.5958028321389701,0.0,-1.1395,-2.3687
7.01511549949646,-1.608059411064475,0.0,-1.1395,-2.3687
7.020118951797485,-1.6203796553148226,0.0,-1.1395,-2.3687
7.0251171588897705,-1.632674753507019,0.0,-1.185,-2.5157
7.030164003372192,-1.6450740048868187,0.0,-1.185,-2.5157
7.0351643562316895,-1.6573406288708132,0.0,-1.185,-2.5157
7.040143728256226,-1.669534565586495,0.0,-1.185,-2.5157
7.045122861862183,-1.6817037586393317,0.0,-1.185,-2.5157
7.050273895263672,-1.694264487058272,0.0,-1.2347,-2.7534
7.0554587841033936,-1.7068751127026802,0.0,-1.2347,-2.7534
7.060552597045898,-1.7192290850378344,0.0,-1.2347,-2.7534
7.065506935119629,-1.7312083542311707,0.0,-1.2347,-2.7534
7.070317983627319,-1.7428039951503085,0.0,-1.2347,-2.7534
7.075385093688965,-1.7549742617225144,0.0,-1.2347,-2.7534
7.080342054367065,-1.766834830893839,0.0,-1.2347,-2.7534
7.085128545761108,-1.7782424315126015,0.0,-1.2347,-2.7534
7.090144634246826,-1.7901468493603294,0.0,-1.2347,-2.7534
7.095113515853882,-1.8018855389488506,0.0,-1.2856,-2.8599
7.100150108337402,-1.8137267117302172,0.0,-1.2856,-2.8599
7.105154275894165,-1.8254314249627153,0.0,-1.2856,-2.8599
7.110117673873901,-1.8369786209757641,0.0,-1.2856,-2.8599
7.1151018142700195,-1.8485089449368157,0.0,-1.2856,-2.8599
7.120109796524048,-1.8600258434267332,0.0,-1.338,-3.1416
7.125256538391113,-1.87178722724514,0.0,-1.338,-3.1416
7.13010048866272,-1.8827848434827938,0.0,-1.338,-3.1416
7.13510537147522,-1.8940719195720448,0.0,-1.338,-3.1416
7.140137672424316,-1.9053402470801126,0.0,-1.338,-3.1416
7.145119667053223,-1.916413573862698,0.0,-1.3904,-3.1414
7.150156736373901,-1.9275232314756923,0.0,-1.3904,-3.1414
7.155327081680298,-1.9388339110740573,0.0,-1.3904,-3.1414
7.160173416137695,-1.9493476751183962,0.0,-1.3904,-3.1414
7.165160179138184,-1.96007446413061,0.0,-1.3904,-3.1414
7.170124769210815,-1.9706586574475393,0.0,-1.3904,-3.1414
7.175121784210205,-1.981213750447683,0.0,-1.4427,-3.1411
7.180151700973511,-1.9917361908338558,0.0,-1.4427,-3.1411
7.185157775878906,-2.0021043977924777,0.0,-1.4427,-3.1411
7.190207004547119,-2.0124539132747743,0.0,-1.4427,-3.1411
7.195237636566162,-2.0226547983912124,0.0,-1.4427,-3.1411
7.200262069702148,-2.0327304637200987,0.0,-1.4427,-3.1411
7.20522141456604,-2.042562750691001,0.0,-1.4951,-3.1408
7.210285186767578,-2.052483897352296,0.0,-1.4951,-3.1408
7.215187311172485,-2.061972237082684,0.0,-1.4951,-3.1408
7.2202348709106445,-2.0716203245280442,0.0,-1.4951,-3.1408
7.225152015686035,-2.0808980578539096,0.0,-1.4951,-3.1408
7.23021388053894,-2.0903216785954895,0.0,-1.5474,-3.1406
7.235198974609375,-2.0994739845823625,0.0,-1.5474,-3.1406
7.240158319473267,-2.108450356692966,0.0,-1.5474,-3.1406
7.245157241821289,-2.117366281873026,0.0,-1.5474,-3.1406
7.2501585483551025,-2.1261515627822773,0.0,-1.5474,-3.1406
7.255168914794922,-2.1348152870311834,0.0,-1.5474,-3.1406
7.260369300842285,-2.1436597662560857,0.0,-1.5474,-3.1406
7.26520299911499,-2.1517435460337913,0.0,-1.5998,-3.1404
7.2701735496521,-2.1599164700773503,0.0,-1.5998,-3.1404
7.27516508102417,-2.1679793292907332,0.0,-1.5998,-3.1404
7.280106782913208,-2.1758170492944724,0.0,-1.5998,-3.1404
7.285139322280884,-2.18364896478668,0.0,-1.5998,-3.1404
7.290140390396118,-2.191280154188013,0.0,-1.5998,-3.1404
7.29512357711792,-2.198731720305354,0.0,-1.6522,-3.1401
7.300256013870239,-2.206245571118561,0.0,-1.6522,-3.1401
7.3051817417144775,-2.21330146899287,0.0,-1.6522,-3.1401
7.310135841369629,-2.2202428193410864,0.0,-1.6522,-3.1401
7.3151466846466064,-2.2271036428113478,0.0,-1.6522,-3.1401
7.320158004760742,-2.233802458781164,0.0,-1.6522,-3.1401
7.325138568878174,-2.2402973466934304,0.0,-1.7045,-3.1399
7.330292463302612,-2.246845683156029,0.0,-1.7045,-3.1399
7.335206508636475,-2.252924249956979,0.0,-1.7045,-3.1399
7.340137958526611,-2.2588609113588034,0.0,-1.7045,-3.1399
7.345273971557617,-2.264868248530841,0.0,-1.7045,-3.1399
7.3501341342926025,-2.27038656410839,0.0,-1.7569,-3.1396
7.355205297470093,-2.275970565870184,0.0,-1.7569,-3.1396
7.360103607177734,-2.2811943165884014,0.0,-1.7569,-3.1396
7.365157842636108,-2.2864079985672716,0.0,-1.7569,-3.1396
7.370100259780884,-2.2913318692906346,0.0,-1.7569,-3.1396
7.375120162963867,-2.2961551125149633,0.0,-1.8093,-3.1394
7.3802807331085205,-2.300925448002768,0.0,-1.8093,-3.1394
7.3851234912872314,-2.30522748581156,0.0,-1.8093,-3.1394
7.390124320983887,-2.309491529177914,0.0,-1.8093,-3.1394
7.395137548446655,-2.3135831418218835,0.0,-1.8093,-3.1394
7.400120496749878,-2.317467467035698,0.0,-1.8616,-3.1391
7.405118942260742,-2.3211800417252464,0.0,-1.8616,-3.1391
7.410142421722412,-2.32472478557633,0.0,-1.8616,-3.1391
7.4151082038879395,-2.3280442702786464,0.0,-1.8616,-3.1391
7.420105695724487,-2.331198890250459,0.0,-1.8616,-3.1391
7.425125598907471,-2.3341789635989607,0.0,-1.914,-3.1389
7.430181264877319,-2.336988376487112,0.0,-1.914,-3.1389
7.4351184368133545,-2.339545410637973,0.0,-1.914,-3.1389
7.440127611160278,-2.3419507271026765,0.0,-1.914,-3.1389
7.4451024532318115,-2.344150548245642,0.0,-1.914,-3.1389
7.450152635574341,-2.346190470434627,0.0,-1.9663,-3.1416
7.455093860626221,-2.347997479343606,0.0,-1.9663,-3.1416
7.460119724273682,-2.3496433178823564,0.0,-1.9663,-3.1416
7.465123653411865,-2.3510890811994063,0.0,-1.9663,-3.1416
7.47013783454895,-2.352344385101917,0.0,-1.9663,-3.1416
7.475147247314453,-2.353404841207208,0.0,-2.0183,-2.9964
7.48017692565918,-2.3542745846774733,0.0,-2.0183,-2.9964
7.485445022583008,-2.354975811262551,0.0,-2.0183,-2.9964
7.4901793003082275,-2.3554227414613025,0.0,-2.0183,-2.9964
7.495258569717407,-2.355709240439682,0.0,-2.0183,-2.9964
7.50018048286438,-2.355796200608847,0.0,-2.0183,-2.9964
7.505299806594849,-2.3556875216538926,0.0,-2.0183,-2.9964
7.510175704956055,-2.355395246400879,0.0,-2.0668,-2.6784
7.5151543617248535,-2.354906853993467,0.0,-2.0668,-2.6784
7.520174980163574,-2.3542200944098415,0.0,-2.0668,-2.6784
7.525113821029663,-2.3533543602951172,0.0,-2.0668,-2.6784
7.530317306518555,-2.3522384385629236,0.0,-2.0668,-2.6784
7.535171747207642,-2.351009084801004,0.0,-2.0668,-2.6784
7.5401246547698975,-2.3495677779923225,0.0,-2.1102,-2.3984
7.545135498046875,-2.347917744341177,0.0,-2.1102,-2.3984
7.550151824951172,-2.3460730132855594,0.0,-2.1102,-2.3984
7.555097341537476,-2.344065838564708,0.0,-2.1102,-2.3984
7.560115814208984,-2.3418382486203115,0.0,-2.1102,-2.3984
7.565112590789795,-2.33942987795017,0.0,-2.1102,-2.3984
7.57014274597168,-2.33681411426367,0.0,-2.1478,-2.0791
7.575242042541504,-2.3339671470093655,0.0,-2.1478,-2.0791
7.5801379680633545,-2.3310494201342404,0.0,-2.1478,-2.0791
7.585115432739258,-2.3278987325753753,0.0,-2.1478,-2.0791
7.590163230895996,-2.3245144625359835,0.0,-2.1478,-2.0791
7.595163345336914,-2.320975295144186,0.0,-2.1795,-1.7495
7.600134611129761,-2.317273040567206,0.0,-2.1795,-1.7495
7.605142116546631,-2.3133597326354423,0.0,-2.1795,-1.7495
7.610126256942749,-2.3092821999774102,0.0,-2.1795,-1.7495
7.615099191665649,-2.3050333877798534,0.0,-2.1795,-1.7495
7.620099067687988,-2.3005808942239687,0.0,-2.1795,-1.7495
7.625159740447998,-2.295890912678376,0.0,-2.2054,-1.4272
7.630164861679077,-2.2910721414607567,0.0,-2.2054,-1.4272
7.635175466537476,-2.286069716951518,0.0,-2.2054,-1.4272
7.640179872512817,-2.280896577025404,0.0,-2.2054,-1.4272
7.645205974578857,-2.2755243528198372,0.0,-2.2054,-1.4272
7.650264739990234,-2.2699398011872303,0.0,-2.2252,-1.0893
7.6551899909973145,-2.2643329760462167,0.0,-2.2252,-1.0893
7.660254716873169,-2.258394227172016,0.0,-2.2252,-1.0893
7.665194272994995,-2.2524345612297867,0.0,-2.2252,-1.0893
7.67022180557251,-2.24620020533307,0.0,-2.2252,-1.0893
7.675217390060425,-2.2398385796142883,0.0,-2.2252,-1.0893
7.680143356323242,-2.233404245845918,0.0,-2.2252,-1.0893
7.68517541885376,-2.226667493501251,0.0,-2.2394,-0.78
7.6901445388793945,-2.219854153471182,0.0,-2.2394,-0.78
7.695099830627441,-2.2129022586344953,0.0,-2.2394,-0.78
7.700100660324097,-2.205728721769007,0.0,-2.2394,-0.78
7.70510458946228,-2.198393881436796,0.0,-2.2394,-0.78
7.71010947227478,-2.1909025052021183,0.0,-2.2466,-0.3949
7.7151572704315186,-2.183191619853944,0.0,-2.2466,-0.3949
7.720096826553345,-2.1754969846654495,0.0,-2.2466,-0.3949
7.725100994110107,-2.1675532238997386,0.0,-2.2466,-0.3949
7.730121374130249,-2.159435525261725,0.0,-2.2466,-0.3949
7.7352659702301025,-2.150965089639296,0.0,-2.2485,-0.0989
7.740177154541016,-2.1427375391234658,0.0,-2.2485,-0.0989
7.745154857635498,-2.134259633213487,0.0,-2.2485,-0.0989
7.750142335891724,-2.1256268847205404,0.0,-2.2485,-0.0989
7.755212783813477,-2.116710908393708,0.0,-2.2485,-0.0989
7.760267734527588,-2.107684296202774,0.0,-2.2463,0.129
7.7651917934417725,-2.098761214841196,0.0,-2.2463,0.129
7.770127058029175,-2.089691056778898,0.0,-2.2463,0.129
7.775196313858032,-2.080244805260275,0.0,-2.2463,0.129
7.780266046524048,-2.0706684420490213,0.0,-2.2463,0.129
7.785181045532227,-2.061263281801417,0.0,-2.2463,0.129
7.790271043777466,-2.0514000225407694,0.0,-2.2379,0.4706
7.795251846313477,-2.0416293793824294,0.0,-2.2379,0.4706
7.800233364105225,-2.031742027751989,0.0,-2.2379,0.4706
7.805176734924316,-2.021818785549102,0.0,-2.2379,0.4706
7.810147762298584,-2.0117303393867467,0.0,-2.2379,0.4706
7.815249443054199,-2.0012649480033935,0.0,-2.2379,0.4706
7.820144176483154,-1.9911201077467928,0.0,-2.2379,0.4706
7.825102090835571,-1.9807430086497393,0.0,-2.2234,0.808
7.830316781997681,-1.9697212011716527,0.0,-2.2234,0.808
7.835451602935791,-1.9587635775177388,0.0,-2.2234,0.808
7.840221881866455,-1.9484933593542242,0.0,-2.2234,0.808
7.845121383666992,-1.937856648729582,0.0,-2.2234,0.808
7.850207328796387,-1.9267232183617211,0.0,-2.2234,0.808
7.855157375335693,-1.9157999983582192,0.0,-2.2016,1.2153
7.860192775726318,-1.9046028420442696,0.0,-2.2016,1.2153
7.865176200866699,-1.8934390096450426,0.0,-2.2016,1.2153
7.870208978652954,-1.8820843680599422,0.0,-2.2016,1.2153
7.875100612640381,-1.870973567770599,0.0,-2.2016,1.2153
7.880180835723877,-1.8593594034226282,0.0,-2.1741,1.5256
7.885146141052246,-1.8479369104840964,0.0,-2.1741,1.5256
7.89011287689209,-1.83644366320165,0.0,-2.1741,1.5256
7.895139932632446,-1.824744986293855,0.0,-2.1741,1.5256
7.900126218795776,-1.8130786086625623,0.0,-2.1741,1.5256
7.9051337242126465,-1.8013027565008264,0.0,-2.1429,1.7346
7.910113334655762,-1.789535928797819,0.0,-2.1429,1.7346
7.915113925933838,-1.777665657181426,0.0,-2.1429,1.7346
7.920158386230469,-1.765639531378643,0.0,-2.1429,1.7346
7.925135850906372,-1.753725148868393,0.0,-2.1429,1.7346
7.930134057998657,-1.7417161110403263,0.0,-2.1082,1.9271
7.93523383140564,-1.729419628816952,0.0,-2.1082,1.9271
7.940150737762451,-1.7175254848692263,0.0,-2.1082,1.9271
7.945120811462402,-1.7054671580999445,0.0,-2.1082,1.9271
7.95011043548584,-1.693328377053555,0.0,-2.1082,1.9271
7.955133438110352,-1.6810779887286944,0.0,-2.1082,1.9271
7.960132837295532,-1.6688578930556832,0.0,-2.0701,2.1114
7.9651641845703125,-1.6565352909760604,0.0,-2.0701,2.1114
7.970271348953247,-1.6440051085806382,0.0,-2.0701,2.1114
7.975162982940674,-1.6319860075162038,0.0,-2.0701,2.1114
7.98019552230835,-1.6196056394572436,0.0,-2.0701,2.1114
7.985168218612671,-1.6073604936246346,0.0,-2.0701,2.1114
7.990119457244873,-1.5951593167965572,0.0,-2.0701,2.1114
7.995198488235474,-1.5826371270996085,0.0,-2.0272,2.3813
8.000112771987915,-1.570518214136435,0.0,-2.0272,2.3813
8.005108118057251,-1.5581994809435755,0.0,-2.0272,2.3813
8.010139226913452,-1.5457956982278147,0.0,-2.0272,2.3813
8.015100002288818,-1.5335714179286852,0.0,-1.9781,2.7307
8.020267248153687,-1.5208480128498645,0.0,-1.9781,2.7307
8.025112867355347,-1.5089284507250584,0.0,-1.9781,2.7307
8.03021502494812,-1.496393387328117,0.0,-1.9781,2.7307
8.035136938095093,-1.4843192301001955,0.0,-1.9781,2.7307
8.040123462677002,-1.4721076692417077,0.0,-1.9289,2.7281
8.045162916183472,-1.4597911066973035,0.0,-1.9289,2.7281
8.050191879272461,-1.4475279168811304,0.0,-1.9289,2.7281
8.05528998374939,-1.4351275446565437,0.0,-1.9289,2.7281
8.060136556625366,-1.4233712043453828,0.0,-1.9289,2.7281
8.065099000930786,-1.4113692292498543,0.0,-1.9289,2.7281
8.070143699645996,-1.3992080495810635,0.0,-1.8782,2.8353
8.075137853622437,-1.3872111589565037,0.0,-1.8782,2.8353
8.080113649368286,-1.3753033068023575,0.0,-1.8782,2.8353
8.085107326507568,-1.3634006921190729,0.0,-1.8782,2.8353
8.090163707733154,-1.3514006402170418,0.0,-1.826,3.0563
8.095147132873535,-1.3396278849708168,0.0,-1.826,3.0563
8.100205421447754,-1.3277362313831806,0.0,-1.826,3.0563
8.105148553848267,-1.316174577063669,0.0,-1.826,3.0563
8.11017107963562,-1.3044901326257208,0.0,-1.826,3.0563
8.115192890167236,-1.292873638296226,0.0,-1.826,3.0563
8.120232820510864,-1.2812847801875642,0.0,-1.826,3.0563
8.1252760887146,-1.2697608978370605,0.0,-1.826,3.0563
8.130178213119507,-1.2586319280722744,0.0,-1.7739,3.0228
8.135242223739624,-1.2472132128923359,0.0,-1.7739,3.0228
8.140186548233032,-1.2361433692535628,0.0,-1.7739,3.0228
8.145222663879395,-1.2249510357757525,0.0,-1.7739,3.0228
8.150309562683105,-1.2137337337361707,0.0,-1.7739,3.0228
8.155242204666138,-1.2029436442057166,0.0,-1.7739,3.0228
8.160216569900513,-1.192151750130252,0.0,-1.7215,3.1416
8.165329933166504,-1.1811547062822338,0.0,-1.7215,3.1416
8.17013955116272,-1.1709026259172586,0.0,-1.7215,3.1416
8.17513370513916,-1.1603538427096338,0.0,-1.7215,3.1416
8.180152177810669,-1.1498554701676502,0.0,-1.7215,3.1416
8.185136795043945,-1.139531488901639,0.0,-1.7215,3.1416
8.190142154693604,-1.1292709655592608,0.0,-1.6692,3.1384
8.195158243179321,-1.1190979756153936,0.0,-1.6692,3.1384
8.200233459472656,-1.1089192394837568,0.0,-1.6692,3.1384
8.20528769493103,-1.0988992671013964,0.0,-1.6692,3.1384
8.210152387619019,-1.089367396066991,0.0,-1.6692,3.1384
8.21512246131897,-1.079745181666017,0.0,-1.6692,3.1384
8.220121622085571,-1.070187424914121,0.0,-1.6692,3.1384
8.225124597549438,-1.0607459932059795,0.0,-1.6692,3.1384
8.230123043060303,-1.0514389355990101,0.0,-1.6169,3.1277
8.235147476196289,-1.0422125577152521,0.0,-1.6169,3.1277
8.240106344223022,-1.033235698716467,0.0,-1.6169,3.1277
8.245117425918579,-1.0242968564838693,0.0,-1.6169,3.1277
8.250101804733276,-1.015540001649998,0.0,-1.5649,3.1069
8.255245685577393,-1.006645699157288,0.0,-1.5649,3.1069
8.260105848312378,-0.9983772932128242,0.0,-1.5649,3.1069
8.265113592147827,-0.989997419647224,0.0,-1.5649,3.1069
8.27014708518982,-0.9817193195936584,0.0,-1.5649,3.1069
8.275105953216553,-0.9737079783361738,0.0,-1.5129,3.1032
8.280153036117554,-0.9657029309057459,0.0,-1.5129,3.1032
8.285120725631714,-0.9579723491406498,0.0,-1.5129,3.1032
8.290213108062744,-0.9502026638306863,0.0,-1.5129,3.1032
8.295162677764893,-0.9428030706003104,0.0,-1.5129,3.1032
8.300113677978516,-0.9355532428971945,0.0,-1.5129,3.1032
8.305115699768066,-0.9283847730670405,0.0,-1.5129,3.1032
8.310153245925903,-0.9213257244881701,0.0,-1.4608,3.108
8.315157890319824,-0.9144738496543879,0.0,-1.4608,3.108
8.320116519927979,-0.9078449768305648,0.0,-1.4608,3.108
8.32515001296997,-0.9012805714077048,0.0,-1.4608,3.108
8.330211877822876,-0.8948479996885303,0.0,-1.4608,3.108
8.335169315338135,-0.8887138021699458,0.0,-1.4608,3.108
8.340149402618408,-0.8827181569344786,0.0,-1.4089,3.0866
8.345267295837402,-0.876732096368155,0.0,-1.4089,3.0866
8.35031771659851,-0.8710008354914668,0.0,-1.4089,3.0866
8.355111837387085,-0.8657233846829226,0.0,-1.4089,3.0866
8.360117435455322,-0.8603838275310817,0.0,-1.4089,3.0866
8.36520266532898,-0.8551392234916214,0.0,-1.4089,3.0866
8.370157957077026,-0.8502043270180454,0.0,-1.4089,3.0866
8.375158071517944,-0.8454018024458142,0.0,-1.3569,3.0931
8.380239486694336,-0.8407045738659832,0.0,-1.3569,3.0931
8.385202407836914,-0.8362964676879102,0.0,-1.3569,3.0931
8.390164375305176,-0.8320677060392571,0.0,-1.3569,3.0931
8.39523983001709,-0.8279279477597475,0.0,-1.3569,3.0931
8.40028429031372,-0.8240006066689413,0.0,-1.3569,3.0931
8.405200481414795,-0.8203535803843429,0.0,-1.3049,3.0999
8.41022539138794,-0.8168108955984678,0.0,-1.3049,3.0999
8.415149927139282,-0.8135212721258159,0.0,-1.3049,3.0999
8.420140981674194,-0.810372154893655,0.0,-1.3049,3.0999
8.42529582977295,-0.8073159564038838,0.0,-1.3049,3.0999
8.430174827575684,-0.8046077315370839,0.0,-1.3049,3.0999
8.435158491134644,-0.8020272537062644,0.0,-1.2528,3.1128
8.440164566040039,-0.7996248903381763,0.0,-1.2528,3.1128
8.445383787155151,-0.7973233409896818,0.0,-1.2528,3.1128
8.450143814086914,-0.7954055763984975,0.0,-1.2528,3.1128
8.45538878440857,-0.7934932390118218,0.0,-1.2528,3.1128
8.460222482681274,-0.791917709203364,0.0,-1.2528,3.1128
8.465185165405273,-0.790486999079858,0.0,-1.2528,3.1128
8.470191478729248,-0.7892358865973412,0.0,-1.2004,3.1332
8.475235939025879,-0.7881707825041276,0.0,-1.2004,3.1332
8.480246782302856,-0.7873073659879932,0.0,-1.2004,3.1332
8.485373497009277,-0.786624925018314,0.0,-1.2004,3.1332
8.490180253982544,-0.7861698395810767,0.0,-1.2004,3.1332
8.495229482650757,-0.7858844848979685,0.0,-1.2004,3.1332
8.500149250030518,-0.7857964130864437,0.0,-1.2004,3.1332
8.505216836929321,-0.7859017519402234,0.0,-1.1481,3.1416
8.51017165184021,-0.7861970877686386,0.0,-1.1481,3.1416
8.515119314193726,-0.7866816909543511,0.0,-1.1481,3.1416
8.520119905471802,-0.7873639680282684,0.0,-1.1481,3.1416
8.525123357772827,-0.7882401473124998,0.0,-1.1481,3.1416
8.530121088027954,-0.7893083438717577,0.0,-1.096,3.0292
8.535101890563965,-0.7905645904925815,0.0,-1.096,3.0292
8.540109634399414,-0.7920202194178113,0.0,-1.096,3.0292
8.545106172561646,-0.7936646919437135,0.0,-1.096,3.0292
8.550117254257202,-0.7955062676549496,0.0,-1.0487,2.6185
8.555184125900269,-0.7975637050673909,0.0,-1.0487,2.6185
8.560157299041748,-0.7997736186565552,0.0,-1.0487,2.6185
8.565222978591919,-0.8022181215215011,0.0,-1.0487,2.6185
8.570159673690796,-0.8047876653515033,0.0,-1.0487,2.6185
8.57519817352295,-0.8076001779515122,0.0,-1.0085,2.2306
8.580267667770386,-0.8106229765302264,0.0,-1.0085,2.2306
8.585347652435303,-0.8138454398899649,0.0,-1.0085,2.2306
8.590250730514526,-0.8171385284957905,0.0,-1.0085,2.2306
8.595266342163086,-0.8206922101938643,0.0,-1.0085,2.2306
8.600318670272827,-0.8244601885829095,0.0,-1.0085,2.2306
8.605319261550903,-0.8283747290253946,0.0,-1.0085,2.2306
8.610609292984009,-0.8327152662641197,0.0,-0.9748,1.8686
8.615191221237183,-0.836639586859958,0.0,-0.9748,1.8686
8.62031888961792,-0.8412116556755248,0.0,-0.9748,1.8686
8.625186681747437,-0.8457272002917765,0.0,-0.9748,1.8686
8.63016939163208,-0.850524954266956,0.0,-0.9748,1.8686
8.635133504867554,-0.8554803058068933,0.0,-0.9748,1.8686
8.640148401260376,-0.8606629944180132,0.0,-0.948,1.4848
8.645163297653198,-0.8660219433637804,0.0,-0.948,1.4848
8.650115251541138,-0.8714852877884998,0.0,-0.948,1.4848
8.655123949050903,-0.8771833951417299,0.0,-0.948,1.4848
8.660109758377075,-0.8830260252492416,0.0,-0.948,1.4848
8.665212631225586,-0.8891805489639044,0.0,-0.928,1.1104
8.67015027999878,-0.8953025682869353,0.0,-0.928,1.1104
8.675160884857178,-0.9016811930467563,0.0,-0.928,1.1104
8.680167436599731,-0.9082202526032009,0.0,-0.928,1.1104
8.685203075408936,-0.9149626401964437,0.0,-0.928,1.1104
8.690452337265015,-0.922165753136288,0.0,-0.914,0.7753
8.695219993591309,-0.928860913745872,0.0,-0.914,0.7753
8.700242042541504,-0.936069026597119,0.0,-0.914,0.7753
8.705135583877563,-0.9432446894614906,0.0,-0.914,0.7753
8.71011996269226,-0.9507060122388624,0.0,-0.914,0.7753
8.715167760848999,-0.9584172196608395,0.0,-0.914,0.7753
8.720166444778442,-0.9662051623108434,0.0,-0.9059,0.4532
8.725143194198608,-0.9741070492397167,0.0,-0.9059,0.4532
8.730149030685425,-0.9822022549761321,0.0,-0.9059,0.4532
8.735141515731812,-0.9904208553406184,0.0,-0.9059,0.4532
8.74010181427002,-0.9987278659829248,0.0,-0.9059,0.4532
8.74511456489563,-1.007263838755115,0.0,-0.9059,0.4532
8.750112056732178,-1.0159129460201393,0.0,-0.9043,0.0903
8.755147695541382,-1.0247664101549088,0.0,-0.9043,0.0903
8.76010799407959,-1.0336210255053466,0.0,-0.9043,0.0903
8.765103578567505,-1.042670463252025,0.0,-0.9043,0.0903
8.770103454589844,-1.0518579191894006,0.0,-0.9043,0.0903
8.77511477470398,-1.0611948761659398,0.0,-0.9092,-0.269
8.780246257781982,-1.0708865839242532,0.0,-0.9092,-0.269
8.785117626190186,-1.0802072653400498,0.0,-0.9092,-0.269
8.790128946304321,-1.089915599199398,0.0,-0.9092,-0.269
8.79516339302063,-1.0997887463169689,0.0,-0.9092,-0.269
8.800169706344604,-1.1097235601842907,0.0,-0.9092,-0.269
8.806421756744385,-1.122290347292279,0.0,-0.9192,-0.55
8.810243606567383,-1.1300578898705995,0.0,-0.9192,-0.55
8.815189361572266,-1.1402038080007104,0.0,-0.9192,-0.55
8.820210933685303,-1.1506115995118185,0.0,-0.9192,-0.55
8.825109004974365,-1.1608641865209663,0.0,-0.9192,-0.55
8.830135107040405,-1.1714856457198026,0.0,-0.9192,-0.55
8.835153818130493,-1.1821908229522746,0.0,-0.9192,-0.55
8.840193748474121,-1.1930384732420387,0.0,-0.9192,-0.55
8.845172882080078,-1.2038482730480582,0.0,-0.9192,-0.55
8.850165367126465,-1.2147772030151254,0.0,-0.9354,-0.8951
8.855177164077759,-1.2258364920593137,0.0,-0.9354,-0.8951
8.860243320465088,-1.2371026353993437,0.0,-0.9354,-0.8951
8.865183353424072,-1.2481697245403989,0.0,-0.9354,-0.8951
8.870144605636597,-1.2593625537489506,0.0,-0.9354,-0.8951
8.875204801559448,-1.270856519676819,0.0,-0.9354,-0.8951
8.88013768196106,-1.2821342803595739,0.0,-0.9354,-0.8951
8.885147333145142,-1.2936584936778104,0.0,-0.9621,-1.4786
8.890202760696411,-1.3053575897745873,0.0,-0.9621,-1.4786
8.89515471458435,-1.3168821618395476,0.0,-0.9621,-1.4786
8.900182962417603,-1.328647155141406,0.0,-0.9621,-1.4786
8.905165195465088,-1.3403640896033455,0.0,-0.9621,-1.4786
8.910213232040405,-1.3522933398507848,0.0,-0.9942,-1.7756
8.915252685546875,-1.3642571218789485,0.0,-0.9942,-1.7756
8.920119762420654,-1.3758608522731222,0.0,-0.9942,-1.7756
8.925108432769775,-1.387801749695144,0.0,-0.9942,-1.7756
8.930113077163696,-1.3998260423928726,0.0,-0.9942,-1.7756
8.935122013092041,-1.4119029623323747,0.0,-0.9942,-1.7756
8.940171718597412,-1.4241179990248056,0.0,-1.0315,-2.0598
8.94515323638916,-1.4362042754125859,0.0,-1.0315,-2.0598
8.950116872787476,-1.4482799573229568,0.0,-1.0315,-2.0598
8.955127239227295,-1.4604995291155738,0.0,-1.0315,-2.0598
8.960127115249634,-1.4727207596610619,0.0,-1.0315,-2.0598
8.965163946151733,-1.4850567781553337,0.0,-1.0735,-2.3227
8.970304250717163,-1.4976683324676823,0.0,-1.0735,-2.3227
8.975109577178955,-1.5094753410374742,0.0,-1.0735,-2.3227
8.980112791061401,-1.5217833828707508,0.0,-1.0735,-2.3227
8.985113620758057,-1.5340976601330878,0.0,-1.0735,-2.3227
8.990134000778198,-1.5464691860790518,0.0,-1.0735,-2.3227
8.995144128799438,-1.558821483379133,0.0,-1.1181,-2.4659
9.000122785568237,-1.5710991344451133,0.0,-1.1181,-2.4659
9.005099534988403,-1.5833720082298899,0.0,-1.1181,-2.4659
9.010114669799805,-1.5957364244773902,0.0,-1.1181,-2.4659
9.015119791030884,-1.6080699826990241,0.0,-1.1181,-2.4659
9.02011251449585,-1.6203638116517556,0.0,-1.1181,-2.4659
9.025163173675537,-1.6327878791309456,0.0,-1.165,-2.5953
9.030152559280396,-1.6450459086153584,0.0,-1.165,-2.5953
9.035136222839355,-1.6572716702971515,0.0,-1.165,-2.5953
9.040226459503174,-1.6697369695468876,0.0,-1.165,-2.5953
9.045265913009644,-1.6820529943258715,0.0,-1.165,-2.5953
9.050182342529297,-1.6940415093924515,0.0,-1.2156,-2.8254
9.055135250091553,-1.7060892386256226,0.0,-1.2156,-2.8254
9.06017804145813,-1.718321935435602,0.0,-1.2156,-2.8254
9.065134048461914,-1.7303080545710254,0.0,-1.2156,-2.8254
9.070135593414307,-1.7423650961911101,0.0,-1.2156,-2.8254
9.075125694274902,-1.7543523392930667,0.0,-1.2678,-3.0379
9.080155849456787,-1.766390137974371,0.0,-1.2678,-3.0379
9.085156917572021,-1.7783099124877693,0.0,-1.2678,-3.0379
9.090150356292725,-1.7901603986467598,0.0,-1.2678,-3.0379
9.095250844955444,-1.802209184328493,0.0,-1.2678,-3.0379
9.100173711776733,-1.8137820632189252,0.0,-1.2678,-3.0379
9.105238437652588,-1.825627748709565,0.0,-1.3201,-3.1291
9.110401630401611,-1.8376373067104903,0.0,-1.3201,-3.1291
9.115173578262329,-1.8486744734793483,0.0,-1.3201,-3.1291
9.12015175819397,-1.8601220445545055,0.0,-1.3201,-3.1291
9.125215530395508,-1.8716938222968778,0.0,-1.3201,-3.1291
9.130191326141357,-1.8829903970322877,0.0,-1.3725,-3.1416
9.135184288024902,-1.8942492604801924,0.0,-1.3725,-3.1416
9.140172719955444,-1.9054184355713406,0.0,-1.3725,-3.1416
9.145185947418213,-1.9165603285205224,0.0,-1.3725,-3.1416
9.150206327438354,-1.9276321690137777,0.0,-1.3725,-3.1416
9.15522027015686,-1.9386012215477972,0.0,-1.3725,-3.1416
9.160220623016357,-1.9494496593550865,0.0,-1.4248,-3.1416
9.165184259414673,-1.9601260323897267,0.0,-1.4248,-3.1416
9.170249223709106,-1.9709227475632642,0.0,-1.4248,-3.1416
9.175283908843994,-1.981554522994457,0.0,-1.4248,-3.1416
9.180314540863037,-1.9920751047984377,0.0,-1.4248,-3.1416
9.18520188331604,-2.0021952794579603,0.0,-1.4248,-3.1416
9.190182447433472,-2.0124038448422166,0.0,-1.4248,-3.1416
9.195213317871094,-2.022605755483826,0.0,-1.4772,-3.1409
9.200185298919678,-2.032577372162062,0.0,-1.4772,-3.1409
9.205317258834839,-2.0427516490948303,0.0,-1.4772,-3.1409
9.210280656814575,-2.052475076189669,0.0,-1.4772,-3.1409
9.215176105499268,-2.0619506798540193,0.0,-1.4772,-3.1409
9.22019910812378,-2.071552406369466,0.0,-1.4772,-3.1409
9.225271224975586,-2.0811214811103347,0.0,-1.4772,-3.1409
9.230244398117065,-2.0903780968111163,0.0,-1.4772,-3.1409
9.235357284545898,-2.099762518759688,0.0,-1.5296,-3.1407
9.240453243255615,-2.108980076231357,0.0,-1.5296,-3.1407
9.245288848876953,-2.11759920060603,0.0,-1.5296,-3.1407
9.250317096710205,-2.126427837755711,0.0,-1.5296,-3.1407
9.255305528640747,-2.1350495668210754,0.0,-1.5296,-3.1407
9.260175943374634,-2.143333638791081,0.0,-1.5296,-3.1407
9.265124797821045,-2.151613824903158,0.0,-1.5819,-3.1405
9.270115375518799,-2.1598216430589177,0.0,-1.5819,-3.1405
9.275157690048218,-2.16796749866291,0.0,-1.5819,-3.1405
9.280107498168945,-2.175818173207027,0.0,-1.5819,-3.1405
9.285124063491821,-2.1836254487663203,0.0,-1.5819,-3.1405
9.290160655975342,-2.1913107673562964,0.0,-1.5819,-3.1405
9.29525375366211,-2.1989243239616107,0.0,-1.6343,-3.1402
9.30039644241333,-2.2064488444083157,0.0,-1.6343,-3.1402
9.305234432220459,-2.213376117214721,0.0,-1.6343,-3.1402
9.31013298034668,-2.2202388559069557,0.0,-1.6343,-3.1402
9.31517505645752,-2.2271420279097303,0.0,-1.6343,-3.1402
9.320116996765137,-2.2337483065016146,0.0,-1.6866,-3.14
9.325223207473755,-2.2404063074427265,0.0,-1.6866,-3.14
9.330181360244751,-2.24670638299156,0.0,-1.6866,-3.14
9.33510708808899,-2.2528028753513754,0.0,-1.6866,-3.14
9.340110540390015,-2.2588283596346432,0.0,-1.6866,-3.14
9.345108985900879,-2.2646780738662597,0.0,-1.6866,-3.14
9.350116968154907,-2.270367359629435,0.0,-1.739,-3.1397
9.355124950408936,-2.275883485157075,0.0,-1.739,-3.1397
9.36038327217102,-2.281487497449546,0.0,-1.739,-3.1397
9.36552619934082,-2.2867809378145667,0.0,-1.739,-3.1397
9.370211362838745,-2.291440563451445,0.0,-1.739,-3.1397
9.3751962184906,-2.2962268041585676,0.0,-1.739,-3.1397
9.380184888839722,-2.3008385965012907,0.0,-1.739,-3.1397
9.385182857513428,-2.3052791707508247,0.0,-1.739,-3.1397
9.390224695205688,-2.3095752519564003,0.0,-1.739,-3.1397
9.395180225372314,-2.313617183681347,0.0,-1.7914,-3.1395
9.400211095809937,-2.3175364002878465,0.0,-1.7914,-3.1395
9.405380487442017,-2.321369216884068,0.0,-1.7914,-3.1395
9.410269498825073,-2.324812024196189,0.0,-1.7914,-3.1395
9.415272235870361,-2.328150780991757,0.0,-1.7914,-3.1395
9.420207023620605,-2.3312609164184646,0.0,-1.7914,-3.1395
9.425154447555542,-2.3341955416594247,0.0,-1.7914,-3.1395
9.430134773254395,-2.336963420753339,0.0,-1.7914,-3.1395
9.435275316238403,-2.3396236323192836,0.0,-1.7914,-3.1395
9.440226316452026,-2.3419962069114764,0.0,-1.8437,-3.1392
9.445160865783691,-2.344175256643679,0.0,-1.8437,-3.1392
9.450146198272705,-2.3461879943428143,0.0,-1.8437,-3.1392
9.455144882202148,-2.348015161787148,0.0,-1.8437,-3.1392
9.460205554962158,-2.3496697400362474,0.0,-1.8437,-3.1392
9.465126037597656,-2.3510897241186113,0.0,-1.8437,-3.1392
9.470151662826538,-2.352347579001647,0.0,-1.8961,-3.1389
9.475193500518799,-2.3534137299612867,0.0,-1.8961,-3.1389
9.480144500732422,-2.3542696039446636,0.0,-1.8961,-3.1389
9.485121011734009,-2.354938880099955,0.0,-1.8961,-3.1389
9.490143775939941,-2.3554200340525946,0.0,-1.8961,-3.1389
9.495193004608154,-2.3557068153506715,0.0,-1.8961,-3.1389
9.500211238861084,-2.355796153937875,0.0,-1.9484,-3.1386
9.50535273551941,-2.355685337589347,0.0,-1.9484,-3.1386
9.510275602340698,-2.355387333424017,0.0,-1.9484,-3.1386
9.515308380126953,-2.3548886856530133,0.0,-1.9484,-3.1386
9.5202796459198,-2.3542037028650276,0.0,-1.9484,-3.1386
9.525177001953125,-2.353342064338462,0.0,-1.9484,-3.1386
9.530290126800537,-2.3522448102437936,0.0,-1.9484,-3.1386
9.535189628601074,-2.3510042208348283,0.0,-2.0008,-3.1408
9.540158748626709,-2.34955720276837,0.0,-2.0008,-3.1408
9.545149564743042,-2.347912841016731,0.0,-2.0008,-3.1408
9.550172567367554,-2.3460649853064903,0.0,-2.0008,-3.1408
9.555204391479492,-2.3440203258113463,0.0,-2.0008,-3.1408
9.560351371765137,-2.341728976278972,0.0,-2.0529,-3.025
9.56516432762146,-2.339403949812885,0.0,-2.0529,-3.025
9.570125818252563,-2.336823238122666,0.0,-2.0529,-3.025
9.575122117996216,-2.3340363534204025,0.0,-2.0529,-3.025
9.580146551132202,-2.3310441469189467,0.0,-2.0529,-3.025
9.585142374038696,-2.327881174557915,0.0,-2.0529,-3.025
9.590128898620605,-2.3245381216152827,0.0,-2.0529,-3.025
9.595153093338013,-2.32098274136745,0.0,-2.0994,-2.5645
9.600284337997437,-2.3171587052887723,0.0,-2.0994,-2.5645
9.605119943618774,-2.313377466307878,0.0,-2.0994,-2.5645
9.61014437675476,-2.309267045202075,0.0,-2.0994,-2.5645
9.615347623825073,-2.3048164217954663,0.0,-2.0994,-2.5645
9.62016224861145,-2.3005234759327786,0.0,-2.0994,-2.5645
9.625146865844727,-2.295903077273705,0.0,-2.1375,-2.1071
9.630192995071411,-2.291044551086052,0.0,-2.1375,-2.1071
9.63521122932434,-2.2860333740451653,0.0,-2.1375,-2.1071
9.64022159576416,-2.2808527074177456,0.0,-2.1375,-2.1071
9.645312786102295,-2.275408274287628,0.0,-2.1375,-2.1071
9.650156497955322,-2.270061147270297,0.0,-2.1375,-2.1071
9.655118703842163,-2.2644153156983613,0.0,-2.1677,-1.6655
9.660119533538818,-2.258555007088436,0.0,-2.1677,-1.6655
9.665133714675903,-2.252508622782278,0.0,-2.1677,-1.6655
9.670128583908081,-2.246317342151891,0.0,-2.1677,-1.6655
9.675134897232056,-2.2399449725414136,0.0,-2.1677,-1.6655
9.68015432357788,-2.2333897427168576,0.0,-2.1677,-1.6655
9.685348987579346,-2.226432191555779,0.0,-2.1902,-1.2341
9.69019889831543,-2.219778741592667,0.0,-2.1902,-1.2341
9.695358514785767,-2.212535056059588,0.0,-2.1902,-1.2341
9.700281381607056,-2.205466537879148,0.0,-2.1902,-1.2341
9.705188035964966,-2.1982702443594535,0.0,-2.1902,-1.2341
9.710208654403687,-2.1907524927837945,0.0,-2.1902,-1.2341
9.715201377868652,-2.183123560915822,0.0,-2.1902,-1.2341
9.720226764678955,-2.175292598624415,0.0,-2.2049,-0.8121
9.72526741027832,-2.1672865051507815,0.0,-2.2049,-0.8121
9.730242490768433,-2.15923786878826,0.0,-2.2049,-0.8121
9.735272884368896,-2.150953603226862,0.0,-2.2049,-0.8121
9.74036431312561,-2.1424212926933253,0.0,-2.2049,-0.8121
9.745301008224487,-2.1340086205678253,0.0,-2.2049,-0.8121
9.750229358673096,-2.125475043072868,0.0,-2.2049,-0.8121
9.75521183013916,-2.1167125984492072,0.0,-2.2049,-0.8121
9.760122537612915,-2.107945473614264,0.0,-2.2114,-0.3497
9.76525592803955,-2.0986441558467392,0.0,-2.2114,-0.3497
9.770110845565796,-2.089721057876266,0.0,-2.2114,-0.3497
9.775151014328003,-2.0803297939233616,0.0,-2.2114,-0.3497
9.780099630355835,-2.0709848164973055,0.0,-2.2114,-0.3497
9.785096168518066,-2.0614266980526197,0.0,-2.2095,0.1125
9.790162324905396,-2.0516119884043307,0.0,-2.2095,0.1125
9.795101642608643,-2.0419257259405192,0.0,-2.2095,0.1125
9.800107717514038,-2.031992810028172,0.0,-2.2095,0.1125
9.805097103118896,-2.021979505616862,0.0,-2.2095,0.1125
9.810118436813354,-2.0117901717166813,0.0,-2.2006,0.4976
9.815146207809448,-2.001477826055559,0.0,-2.2006,0.4976
9.820113897323608,-1.99118317242396,0.0,-2.2006,0.4976
9.825120210647583,-1.98070489926833,0.0,-2.2006,0.4976
9.83009958267212,-1.9701824325621191,0.0,-2.2006,0.4976
9.835138082504272,-1.95943554792773,0.0,-2.1865,0.787
9.840104818344116,-1.9487464171301205,0.0,-2.1865,0.787
9.84509539604187,-1.9379132989363015,0.0,-2.1865,0.787
9.850095272064209,-1.9269695064935648,0.0,-2.1865,0.787
9.855179786682129,-1.91575035173036,0.0,-2.1674,1.0619
9.86014986038208,-1.9046986292755468,0.0,-2.1674,1.0619
9.86514163017273,-1.8935167302273033,0.0,-2.1674,1.0619
9.870142698287964,-1.8822344176252752,0.0,-2.1674,1.0619
9.87516188621521,-1.8708339366495332,0.0,-2.1674,1.0619
9.880157947540283,-1.8594118963568964,0.0,-2.1452,1.2346
9.88518500328064,-1.847847239831296,0.0,-2.1452,1.2346
9.890151262283325,-1.8363545822344778,0.0,-2.1452,1.2346
9.895147800445557,-1.8247266263630053,0.0,-2.1452,1.2346
9.900150299072266,-1.8130221216546871,0.0,-2.1452,1.2346
9.905153751373291,-1.8012555433432484,0.0,-2.1452,1.2346
9.910141229629517,-1.7894698594568035,0.0,-2.1185,1.4857
9.915177345275879,-1.7775147799674123,0.0,-2.1185,1.4857
9.920121669769287,-1.7657272448438783,0.0,-2.1185,1.4857
9.925108432769775,-1.753790903894649,0.0,-2.1185,1.4857
9.930099487304688,-1.7417993211292537,0.0,-2.1185,1.4857
9.935106754302979,-1.7297265426080872,0.0,-2.1185,1.4857
9.94015884399414,-1.7175058459635983,0.0,-2.0858,1.8146
9.945161581039429,-1.7053681037063906,0.0,-2.0858,1.8146
9.950115203857422,-1.693316761660798,0.0,-2.0858,1.8146
9.955153942108154,-1.6810279240417088,0.0,-2.0858,1.8146
9.960121154785156,-1.6688864781377877,0.0,-2.0858,1.8146
9.965107917785645,-1.6566732218237072,0.0,-2.0477,2.1173
9.970149040222168,-1.6443054203113983,0.0,-2.0477,2.1173
9.975107431411743,-1.6321225881650447,0.0,-2.0477,2.1173
9.980097770690918,-1.6198462408815877,0.0,-2.0477,2.1173
9.985095262527466,-1.6075402180487102,0.0,-2.0477,2.1173
9.990113735198975,-1.5951734214196618,0.0,-2.0064,2.2929
9.99514102935791,-1.5827788130091376,0.0,-2.0064,2.2929
