time,ref_pos,ref_vel,meas_pos,meas_vel
0.00511932373046875,0.012624477158850785,0.0,0.0,0.0
0.010122060775756836,0.024958315731351346,0.0,0.0,-0.0015
0.015094995498657227,0.03721257525549361,0.0,0.0,-0.0015
0.020104408264160156,0.04954753354860349,0.0,0.0,-0.0015
0.025090694427490234,0.06181336423892126,0.0,0.0,-0.0015
0.030124664306640625,0.07418109675677532,0.0,0.0,-0.0015
0.035101890563964844,0.08639118975147202,0.0,0.0,-0.0015
0.040123939514160156,0.09868982417516005,0.0,0.0,-0.0015
0.0451052188873291,0.11086435788998807,0.0,0.0,-0.0015
0.05014920234680176,0.12316446681367499,0.0,0.0,-0.0015
0.05511641502380371,0.13524715655801117,0.0,0.0052,0.5259
0.06020689010620117,0.14759548549201698,0.0,0.0052,0.5259
0.06519055366516113,0.15964816836184054,0.0,0.0052,0.5259
0.07024168968200684,0.17182408349643544,0.0,0.0052,0.5259
0.07522940635681152,0.18380468179494355,0.0,0.0052,0.5259
0.08036398887634277,0.1960908834862479,0.0,0.0052,0.5259
0.08526420593261719,0.20776875094194397,0.0,0.0052,0.5259
0.09032893180847168,0.21978688685028408,0.0,0.0052,0.5259
0.09525275230407715,0.23141735230517513,0.0,0.0185,0.888
0.10035181045532227,0.24340334547005452,0.0,0.0185,0.888
0.10526514053344727,0.2548937078798705,0.0,0.0185,0.888
0.11028337478637695,0.26656669156214824,0.0,0.0185,0.888
0.11517095565795898,0.277872097717216,0.0,0.0185,0.888
0.12027478218078613,0.2896077329892883,0.0,0.0185,0.888
0.1251661777496338,0.30078507711116126,0.0,0.0516,2.0956
0.13026905059814453,0.3123699305187486,0.0,0.0516,2.0956
0.13532614707946777,0.3237716687034957,0.0,0.0516,2.0956
0.14019560813903809,0.33467316845864115,0.0,0.0516,2.0956
0.1451570987701416,0.34570012833901825,0.0,0.0516,2.0956
0.15019607543945312,0.3568133221879324,0.0,0.0516,2.0956
0.1551380157470703,0.3676256748137886,0.0,0.0516,2.0956
0.160139799118042,0.3784787181094462,0.0,0.0865,2.0962
0.16516423225402832,0.3892868172976448,0.0,0.0865,2.0962
0.17011785507202148,0.39984765718687654,0.0,0.0865,2.0962
0.17510271072387695,0.41037732576352454,0.0,0.0865,2.0962
0.18011212348937988,0.4208574759183154,0.0,0.0865,2.0962
0.18517065048217773,0.43133459947479597,0.0,0.1214,2.0938
0.19028878211975098,0.44182430026722685,0.0,0.1214,2.0938
0.19519925117492676,0.45178105952880027,0.0,0.1214,2.0938
0.20040321350097656,0.462215527061584,0.0,0.1214,2.0938
0.20522189140319824,0.4717673637950416,0.0,0.1214,2.0938
0.21018409729003906,0.4814906961500047,0.0,0.1214,2.0938
0.21538949012756348,0.49156475313686376,0.0,0.1562,2.0953
0.22014522552490234,0.5006537376128778,0.0,0.1562,2.0953
0.2251420021057129,0.5100829602477567,0.0,0.1562,2.0953
0.23010683059692383,0.5193274095266378,0.0,0.1562,2.0953
0.2350916862487793,0.5284820406997055,0.0,0.1562,2.0953
0.2401118278503418,0.5375704830751951,0.0,0.1911,2.0956
0.24524140357971191,0.5467189156927696,0.0,0.1911,2.0956
0.25012898445129395,0.5553037048092178,0.0,0.1911,2.0956
0.25531458854675293,0.5642687732313352,0.0,0.1911,2.0956
0.2601306438446045,0.5724608767384521,0.0,0.1911,2.0956
0.26515698432922363,0.5808708936727479,0.0,0.1911,2.0956
0.27014875411987305,0.5890797276149481,0.0,0.226,2.096
0.2752249240875244,0.5972787805601881,0.0,0.226,2.096
0.2802083492279053,0.6051802874971424,0.0,0.226,2.096
0.28515028953552246,0.6128695392615475,0.0,0.226,2.096
0.29017114639282227,0.6205302863899612,0.0,0.226,2.096
0.2951333522796631,0.6279498600698127,0.0,0.226,2.096
0.3001406192779541,0.635282115634845,0.0,0.226,2.096
0.3051149845123291,0.642410539982939,0.0,0.2608,2.0938
0.31017518043518066,0.649500984444862,0.0,0.2608,2.0938
0.31509947776794434,0.6562434368186033,0.0,0.2608,2.0938
0.3201162815093994,0.6629510350925805,0.0,0.2608,2.0938
0.3250887393951416,0.6694368490378164,0.0,0.2957,2.0954
0.33011293411254883,0.6758242230595094,0.0,0.2957,2.0954
0.33515453338623047,0.6820644790305299,0.0,0.2957,2.0954
0.34011101722717285,0.6880325990003083,0.0,0.2957,2.0954
0.34509897232055664,0.6938701986775042,0.0,0.2957,2.0954
0.35017919540405273,0.6996406393901444,0.0,0.3306,2.0956
0.35523557662963867,0.7052070441863435,0.0,0.3306,2.0956
0.36013221740722656,0.7104280079046182,0.0,0.3306,2.0956
0.3651289939880371,0.7155824237603748,0.0,0.3306,2.0956
0.37010908126831055,0.7205441759272027,0.0,0.3306,2.0956
0.37511396408081055,0.7253529406888141,0.0,0.3306,2.0956
0.38013172149658203,0.7299940623460103,0.0,0.3654,2.0961
0.385267972946167,0.7345569018857003,0.0,0.3654,2.0961
0.39011669158935547,0.7386888356525344,0.0,0.3654,2.0961
0.3952019214630127,0.7428381579635619,0.0,0.3654,2.0961
0.40014219284057617,0.7466876534491803,0.0,0.3654,2.0961
0.40514254570007324,0.7504008080543599,0.0,0.4003,2.0938
0.4101560115814209,0.7539377939781052,0.0,0.4003,2.0938
0.4151639938354492,0.7572841920788611,0.0,0.4003,2.0938
0.42014026641845703,0.7604237339849957,0.0,0.4003,2.0938
0.42514896392822266,0.7633960641456246,0.0,0.4003,2.0938
0.4301126003265381,0.7661551862367,0.0,0.4003,2.0938
0.4351317882537842,0.7687557482774546,0.0,0.4352,2.0954
0.440277099609375,0.7712232502578222,0.0,0.4352,2.0954
0.44524216651916504,0.7734132765541291,0.0,0.4352,2.0954
0.45020341873168945,0.7754136661338982,0.0,0.4352,2.0954
0.45520853996276855,0.7772408687330498,0.0,0.4352,2.0954
0.4601430892944336,0.7788541893945573,0.0,0.4352,2.0954
0.46513867378234863,0.780296804064659,0.0,0.4352,2.0954
0.47011852264404297,0.781543595392504,0.0,0.4701,2.0955
0.47513842582702637,0.7826068172581405,0.0,0.4701,2.0955
0.4801368713378906,0.783472104031134,0.0,0.4701,2.0955
0.48512840270996094,0.7841434047932447,0.0,0.4701,2.0955
0.4901304244995117,0.7846226871814174,0.0,0.4701,2.0955
0.49509763717651367,0.7849069017060729,0.0,0.4701,2.0955
0.5001025199890137,0.7849999592848064,0.0,0.5049,2.096
0.5051538944244385,0.7848971034166546,0.0,0.5049,2.096
0.5101232528686523,0.7846030434509567,0.0,0.5049,2.096
0.5152227878570557,0.7841024781675469,0.0,0.5049,2.096
0.5201432704925537,0.7834287168999664,0.0,0.5049,2.096
0.525139570236206,0.7825530260399742,0.0,0.5398,2.0938
0.5302243232727051,0.7814638860283267,0.0,0.5398,2.0938
0.5351622104644775,0.7802153511146537,0.0,0.5398,2.0938
0.540125846862793,0.7787710815850829,0.0,0.5398,2.0938
0.5452642440795898,0.7770764830417116,0.0,0.5398,2.0938
0.550123929977417,0.7752874775477085,0.0,0.5747,2.0953
0.5551204681396484,0.7732596867992694,0.0,0.5747,2.0953
0.5601398944854736,0.771030770647687,0.0,0.5747,2.0953
0.5651342868804932,0.7686226805375913,0.0,0.5747,2.0953
0.5701465606689453,0.7660157310887641,0.0,0.5747,2.0953
0.5751152038574219,0.7632440133541575,0.0,0.5747,2.0953
0.5801408290863037,0.7602513356623305,0.0,0.6095,2.0955
0.5851762294769287,0.7570627760157522,0.0,0.6095,2.0955
0.5901882648468018,0.7537008788013432,0.0,0.6095,2.0955
0.5952155590057373,0.7501410324869519,0.0,0.6095,2.0955
0.600212812423706,0.7464170178603208,0.0,0.6095,2.0955
0.605168342590332,0.7425424258777908,0.0,0.6095,2.0955
0.6101329326629639,0.7384802901226438,0.0,0.6444,2.096
0.6151325702667236,0.7342079360908682,0.0,0.6444,2.096
0.6201584339141846,0.7297306167181665,0.0,0.6444,2.096
0.6251933574676514,0.7250628171811022,0.0,0.6444,2.096
0.630396842956543,0.7200481429182427,0.0,0.6444,2.096
0.6351737976074219,0.7152750859384159,0.0,0.6444,2.096
0.640134334564209,0.7101481168490551,0.0,0.6793,2.0938
0.6451592445373535,0.7047787854310896,0.0,0.6793,2.0938
0.6501452922821045,0.6992773781165612,0.0,0.6793,2.0938
0.6551036834716797,0.6936363336237653,0.0,0.6793,2.0938
0.6601274013519287,0.6877493261316903,0.0,0.6793,2.0938
0.6651372909545898,0.6817079229591773,0.0,0.6793,2.0938
0.6701273918151855,0.6755225128951068,0.0,0.7141,2.0951
0.6752364635467529,0.6690176469024871,0.0,0.7141,2.0951
0.6801397800445557,0.6626126481621667,0.0,0.7141,2.0951
0.6853008270263672,0.6557011741305322,0.0,0.7141,2.0951
0.6901116371154785,0.6491034615122745,0.0,0.7141,2.0951
0.695103645324707,0.6421005199508916,0.0,0.7395,0.8763
0.7001383304595947,0.6348777613879005,0.0,0.7395,0.8763
0.7050981521606445,0.6276070905674092,0.0,0.7395,0.8763
0.7101309299468994,0.6200737289005807,0.0,0.7395,0.8763
0.7150988578796387,0.6124854070686693,0.0,0.7395,0.8763
0.7201666831970215,0.6045907894570071,0.0,0.7315,-1.3236
0.7251882553100586,0.5966170620510992,0.0,0.7315,-1.3236
0.7301883697509766,0.5885298753970137,0.0,0.7315,-1.3236
0.7352256774902344,0.5802356954571602,0.0,0.7315,-1.3236
0.7401728630065918,0.5719484615205467,0.0,0.7315,-1.3236
0.7451756000518799,0.5634276886908998,0.0,0.6983,-2.0954
0.7501621246337891,0.5547960331933781,0.0,0.6983,-2.0954
0.7551393508911133,0.5460447015326836,0.0,0.6983,-2.0954
0.7601654529571533,0.5370719631581091,0.0,0.6983,-2.0954
0.7651591300964355,0.5280244972150797,0.0,0.6983,-2.0954
0.7701268196105957,0.5188951711863619,0.0,0.6635,-2.0617
0.7751760482788086,0.5094865009849278,0.0,0.6635,-2.0617
0.7801105976104736,0.5001676440175848,0.0,0.6635,-2.0617
0.7850971221923828,0.4906285353138248,0.0,0.6635,-2.0617
0.7901344299316406,0.4808700385464776,0.0,0.6635,-2.0617
0.7950990200042725,0.4711345725189562,0.0,0.6287,-2.0961
0.8001196384429932,0.4611726929333161,0.0,0.6287,-2.0961
0.8051204681396484,0.4511360243634867,0.0,0.6287,-2.0961
0.8101091384887695,0.4410128153668119,0.0,0.6287,-2.0961
0.8151373863220215,0.43069968766337846,0.0,0.6287,-2.0961
0.8201472759246826,0.42031732529790417,0.0,0.6287,-2.0961
0.825124979019165,0.40989854346807764,0.0,0.5938,-2.0955
0.8301239013671875,0.39933447329352917,0.0,0.5938,-2.0955
0.8352277278900146,0.3884471220476086,0.0,0.5938,-2.0955
0.8401820659637451,0.3777831088610491,0.0,0.5938,-2.0955
0.8451590538024902,0.36697820077771426,0.0,0.5938,-2.0955
0.8504207134246826,0.35545777413340124,0.0,0.5938,-2.0955
0.8551511764526367,0.3450174033073924,0.0,0.5938,-2.0955
0.8601064682006836,0.3339991478435787,0.0,0.5589,-2.096
0.8653171062469482,0.3223258651192232,0.0,0.5589,-2.096
0.8702225685119629,0.31125727403910275,0.0,0.5589,-2.096
0.8751497268676758,0.30006531963853694,0.0,0.5589,-2.096
0.8801443576812744,0.2886467365356858,0.0,0.5589,-2.096
0.885169506072998,0.27708667176730245,0.0,0.5589,-2.096
0.8901901245117188,0.2654680639424781,0.0,0.524,-2.0955
0.8951442241668701,0.25393864501045454,0.0,0.524,-2.0955
0.9002811908721924,0.24191872738042708,0.0,0.524,-2.0955
0.9052345752716064,0.2302686684656646,0.0,0.524,-2.0955
0.9102778434753418,0.21834993805689332,0.0,0.524,-2.0955
0.9151029586791992,0.20689542110214929,0.0,0.524,-2.0955
0.9200873374938965,0.19501293348823706,0.0,0.4892,-2.096
0.9251441955566406,0.18290880940478038,0.0,0.4892,-2.096
0.9301245212554932,0.17094273895412992,0.0,0.4892,-2.096
0.9352071285247803,0.15868779632551352,0.0,0.4892,-2.096
0.940155029296875,0.14671876101849665,0.0,0.4892,-2.096
0.9452190399169922,0.13443217018799955,0.0,0.4892,-2.096
0.9501256942749023,0.12249488090505213,0.0,0.4543,-2.0955
0.9552605152130127,0.10997136994167926,0.0,0.4543,-2.0955
0.9601049423217773,0.09812982021750515,0.0,0.4543,-2.0955
0.9651343822479248,0.08581202110817374,0.0,0.4543,-2.0955
0.9701168537139893,0.07358812111729393,0.0,0.4543,-2.0955
0.975196361541748,0.06110761419880441,0.0,0.4194,-2.096
0.9801473617553711,0.04892785345296661,0.0,0.4194,-2.096
0.9851138591766357,0.036698079328641074,0.0,0.4194,-2.096
0.9901120662689209,0.024381208471687663,0.0,0.4194,-2.096
0.9951140880584717,0.012048919722292769,0.0,0.3846,-2.0955
1.0001404285430908,-0.0003463178730385831,0.0,0.3846,-2.0955
1.0051836967468262,-0.012783209897954586,0.0,0.3846,-2.0955
1.010138988494873,-0.025000040889305478,0.0,0.3846,-2.0955
1.01513671875,-0.03731535506321305,0.0,0.3846,-2.0955
1.0201210975646973,-0.049588609736444494,0.0,0.3846,-2.0955
1.025127649307251,-0.06190421712368674,0.0,0.3497,-2.096
1.0301904678344727,-0.07434265035187852,0.0,0.3497,-2.096
1.0351574420928955,-0.08652735469248529,0.0,0.3497,-2.096
1.040132761001587,-0.09871140664166533,0.0,0.3497,-2.096
1.0451247692108154,-0.11091208846775363,0.0,0.3497,-2.096
1.0500984191894531,-0.1230407774468937,0.0,0.3148,-2.0955
1.0550978183746338,-0.13520198000136946,0.0,0.3148,-2.0955
1.0601513385772705,-0.1474609281612162,0.0,0.3148,-2.0955
1.0650923252105713,-0.1594109772818607,0.0,0.3148,-2.0955
1.0700922012329102,-0.17146434330435348,0.0,0.3148,-2.0955
1.0751547813415527,-0.1836257561992921,0.0,0.3148,-2.0955
1.0801854133605957,-0.19566441990678093,0.0,0.3148,-2.0955
1.0851471424102783,-0.2074903361312548,0.0,0.2799,-2.096
1.0902135372161865,-0.21951367384264872,0.0,0.2799,-2.096
1.095167636871338,-0.23121676503787658,0.0,0.2799,-2.096
1.100175142288208,-0.24298909101677074,0.0,0.2799,-2.096
1.105081558227539,-0.25446545566589995,0.0,0.2799,-2.096
1.1102714538574219,-0.2665390394845341,0.0,0.2451,-2.0955
1.1151492595672607,-0.2778220555375201,0.0,0.2451,-2.0955
1.1201250553131104,-0.2892644994417607,0.0,0.2451,-2.0955
1.1251327991485596,-0.3007090412502223,0.0,0.2451,-2.0955
1.1301624774932861,-0.31212879220560913,0.0,0.2451,-2.0955
1.1351079940795898,-0.32328148660091177,0.0,0.2102,-2.096
1.1401324272155762,-0.33453221825732415,0.0,0.2102,-2.096
1.14536452293396,-0.3461593200453362,0.0,0.2102,-2.096
1.150195598602295,-0.35681227473562405,0.0,0.2102,-2.096
1.1552133560180664,-0.367789830833769,0.0,0.2102,-2.096
1.1602144241333008,-0.37863994116567795,0.0,0.2102,-2.096
1.1652491092681885,-0.38946857140970614,0.0,0.1753,-2.0955
1.170130968093872,-0.39987548601327677,0.0,0.1753,-2.0955
1.1751453876495361,-0.4104670427505765,0.0,0.1753,-2.0955
1.1801187992095947,-0.42087137316594897,0.0,0.1753,-2.0955
1.1851634979248047,-0.43131986151901264,0.0,0.1753,-2.0955
1.1901350021362305,-0.44151077644678716,0.0,0.1753,-2.0955
1.1950962543487549,-0.45157331269935,0.0,0.1405,-2.096
1.2001848220825195,-0.4617800944039765,0.0,0.1405,-2.096
1.205169916152954,-0.4716649085799687,0.0,0.1405,-2.096
1.2101771831512451,-0.48147722890890726,0.0,0.1405,-2.096
1.2152588367462158,-0.4913134952756377,0.0,0.1405,-2.096
1.2204194068908691,-0.5011743549398362,0.0,0.1056,-2.0955
1.2252700328826904,-0.5103229204371226,0.0,0.1056,-2.0955
1.2303199768066406,-0.519721472692261,0.0,0.1056,-2.0955
1.2351813316345215,-0.5286454937698505,0.0,0.1056,-2.0955
1.2401437759399414,-0.5376278959707954,0.0,0.1056,-2.0955
1.2454493045806885,-0.5470867225478054,0.0,0.1056,-2.0955
1.2503159046173096,-0.5556294342196298,0.0,0.1056,-2.0955
1.255213975906372,-0.5640962472536984,0.0,0.1056,-2.0955
1.2601726055145264,-0.5725316803202694,0.0,0.0707,-2.096
1.2651333808898926,-0.580831737506148,0.0,0.0707,-2.096
1.2701961994171143,-0.5891570583161375,0.0,0.0707,-2.096
1.2751030921936035,-0.5970837679020752,0.0,0.0707,-2.096
1.280111312866211,-0.6050278405608214,0.0,0.0707,-2.096
1.2851018905639648,-0.6127949477443604,0.0,0.0707,-2.096
1.290100336074829,-0.6204233139685804,0.0,0.0358,-2.0955
1.2951483726501465,-0.6279720880190917,0.0,0.0358,-2.0955
1.3001255989074707,-0.6352603551391774,0.0,0.0358,-2.0955
1.3050918579101562,-0.6423777604826667,0.0,0.0358,-2.0955
1.3100969791412354,-0.6493926514154699,0.0,0.001,-2.096
1.315161943435669,-0.6563279607510332,0.0,0.001,-2.096
1.3201138973236084,-0.6629478863546111,0.0,0.001,-2.096
1.3251070976257324,-0.6694604928425943,0.0,0.001,-2.096
1.330106258392334,-0.6758158474227834,0.0,0.001,-2.096
1.3351120948791504,-0.6820126625377254,0.0,-0.0339,-2.0955
1.3403151035308838,-0.6882747739547026,0.0,-0.0339,-2.0955
1.3453271389007568,-0.6941331666220147,0.0,-0.0339,-2.0955
1.3501756191253662,-0.6996366397375481,0.0,-0.0339,-2.0955
1.3551690578460693,-0.7051349678765396,0.0,-0.0339,-2.0955
1.360166311264038,-0.7104637719921779,0.0,-0.0339,-2.0955
1.3651916980743408,-0.7156459883888927,0.0,-0.0339,-2.0955
1.3701224327087402,-0.7205572416897459,0.0,-0.0688,-2.096
1.3751614093780518,-0.7253976706537825,0.0,-0.0688,-2.096
1.3801403045654297,-0.7300018460787092,0.0,-0.0688,-2.096
1.385122299194336,-0.7344301209048311,0.0,-0.0688,-2.096
1.3901066780090332,-0.7386804786747663,0.0,-0.0688,-2.096
1.3951120376586914,-0.7427664596062349,0.0,-0.1036,-2.0955
1.4001572132110596,-0.7466990836382467,0.0,-0.1036,-2.0955
1.4051918983459473,-0.7504365348894154,0.0,-0.1036,-2.0955
1.41019868850708,-0.7539671008369898,0.0,-0.1036,-2.0955
1.415123701095581,-0.7572580148713891,0.0,-0.1036,-2.0955
1.420135498046875,-0.7604208144452328,0.0,-0.1036,-2.0955
1.4251387119293213,-0.76339017306342,0.0,-0.1036,-2.0955
1.4301998615264893,-0.7662020274091346,0.0,-0.1385,-2.096
1.4351825714111328,-0.7687810845737604,0.0,-0.1385,-2.096
1.4401521682739258,-0.7711657222621373,0.0,-0.1385,-2.096
1.4451169967651367,-0.773360375772508,0.0,-0.1385,-2.096
1.4501128196716309,-0.7753788234680692,0.0,-0.1385,-2.096
1.4551293849945068,-0.7772134662680842,0.0,-0.1385,-2.096
1.460113525390625,-0.7788450806281503,0.0,-0.1385,-2.096
1.465214729309082,-0.7803172828139905,0.0,-0.1734,-2.0955
1.470177173614502,-0.7815571405305046,0.0,-0.1734,-2.0955
1.4751465320587158,-0.7826083768276088,0.0,-0.1734,-2.0955
1.4802563190460205,-0.7834904190295601,0.0,-0.1734,-2.0955
1.48533296585083,-0.7841668040094476,0.0,-0.1734,-2.0955
1.4901783466339111,-0.7846263421119486,0.0,-0.2083,-2.096
1.4951722621917725,-0.7849097144115676,0.0,-0.2083,-2.096
1.5002169609069824,-0.7849998176514287,0.0,-0.2083,-2.096
1.505178451538086,-0.7848961205454781,0.0,-0.2083,-2.096
1.5101468563079834,-0.7846011903571675,0.0,-0.2083,-2.096
1.5151259899139404,-0.7841138539749553,0.0,-0.2083,-2.096
1.5201399326324463,-0.783429237425071,0.0,-0.2431,-2.0955
1.5251433849334717,-0.7825522837584938,0.0,-0.2431,-2.0955
1.5301506519317627,-0.7814810905951253,0.0,-0.2431,-2.0955
1.5351619720458984,-0.7802154159333942,0.0,-0.2431,-2.0955
1.5401556491851807,-0.778761837726653,0.0,-0.278,-2.096
1.5453872680664062,-0.7770334268505087,0.0,-0.278,-2.096
1.5502018928527832,-0.775257302992873,0.0,-0.278,-2.096
1.555164098739624,-0.7732411399157859,0.0,-0.278,-2.096
1.5601508617401123,-0.7710256904309672,0.0,-0.278,-2.096
1.5651695728302002,-0.7686049932252574,0.0,-0.278,-2.096
1.5702266693115234,-0.765972521695224,0.0,-0.3129,-2.0955
1.5751869678497314,-0.7632026163319042,0.0,-0.3129,-2.0955
1.5802419185638428,-0.7601891916517025,0.0,-0.3129,-2.0955
1.5851507186889648,-0.7570794083389399,0.0,-0.3129,-2.0955
1.5901203155517578,-0.7537477082201363,0.0,-0.3129,-2.0955
1.5951588153839111,-0.7501822586369222,0.0,-0.3129,-2.0955
1.6001343727111816,-0.7464768957031522,0.0,-0.3129,-2.0955
1.605140209197998,-0.7425649314593872,0.0,-0.3129,-2.0955
1.610149621963501,-0.7384663310519124,0.0,-0.3477,-2.096
1.6151437759399414,-0.7341981566377124,0.0,-0.3477,-2.096
1.620110034942627,-0.7297746025426245,0.0,-0.3477,-2.096
1.6251945495605469,-0.7250616904828973,0.0,-0.3477,-2.096
1.6302258968353271,-0.7202159504441876,0.0,-0.3477,-2.096
1.6351094245910645,-0.7153404796582697,0.0,-0.3826,-2.0955
1.6402511596679688,-0.710025288487487,0.0,-0.3826,-2.0955
1.645158052444458,-0.7047800801152173,0.0,-0.3826,-2.0955
1.650136947631836,-0.6992867289885045,0.0,-0.3826,-2.0955
1.6551399230957031,-0.6935944834125225,0.0,-0.3826,-2.0955
1.6602671146392822,-0.6875831489202306,0.0,-0.3826,-2.0955
1.6651341915130615,-0.6817117129219264,0.0,-0.3826,-2.0955
1.6701316833496094,-0.6755171217135584,0.0,-0.4175,-2.096
1.67543363571167,-0.6687631424857877,0.0,-0.4175,-2.096
1.6802527904510498,-0.6624631678140667,0.0,-0.4175,-2.096
1.6851868629455566,-0.6558556582966794,0.0,-0.4175,-2.096
1.6901679039001465,-0.6490254151180939,0.0,-0.4175,-2.096
1.695195198059082,-0.6419706069578383,0.0,-0.4175,-2.096
1.7004060745239258,-0.6344891918380867,0.0,-0.4175,-2.096
1.7051515579223633,-0.6275279699355139,0.0,-0.4524,-2.0955
1.7101540565490723,-0.620038752388376,0.0,-0.4524,-2.0955
1.7151732444763184,-0.6123706460449155,0.0,-0.4524,-2.0955
1.7200968265533447,-0.6047006578705519,0.0,-0.4524,-2.0955
1.725123405456543,-0.5967209874635184,0.0,-0.4524,-2.0955
1.730119228363037,-0.588642699486526,0.0,-0.4524,-2.0955
1.7351114749908447,-0.5804253533447353,0.0,-0.4872,-2.096
1.7401318550109863,-0.572017726333929,0.0,-0.4872,-2.096
1.7451350688934326,-0.563497284319412,0.0,-0.4872,-2.096
1.7502946853637695,-0.5545647037982238,0.0,-0.4872,-2.096
1.7552189826965332,-0.5459035961186284,0.0,-0.4872,-2.096
1.7601914405822754,-0.5370252194173751,0.0,-0.4872,-2.096
1.7651777267456055,-0.5279905598297756,0.0,-0.4872,-2.096
1.7701051235198975,-0.518935319382567,0.0,-0.5221,-2.0955
1.7751426696777344,-0.5095491218093018,0.0,-0.5221,-2.0955
1.7800967693328857,-0.5001939276094917,0.0,-0.5221,-2.0955
1.7850902080535889,-0.49064184580729475,0.0,-0.5221,-2.0955
1.790215253829956,-0.4807124747070827,0.0,-0.5221,-2.0955
1.7951924800872803,-0.4709501925700645,0.0,-0.5221,-2.0955
1.8001360893249512,-0.46113986125717293,0.0,-0.557,-2.096
1.8051679134368896,-0.45104026446356404,0.0,-0.557,-2.096
1.8102903366088867,-0.4406430671319406,0.0,-0.557,-2.096
1.8151535987854004,-0.43066626007398423,0.0,-0.557,-2.096
1.820448637008667,-0.4196894468765199,0.0,-0.557,-2.096
1.8252770900726318,-0.40957856993989095,0.0,-0.557,-2.096
1.83050537109375,-0.39852424728401215,0.0,-0.5739,-0.122
1.8351774215698242,-0.3885549261266839,0.0,-0.5739,-0.122
1.8401670455932617,-0.37781557922383724,0.0,-0.5739,-0.122
1.845186471939087,-0.3669184258176285,0.0,-0.5739,-0.122
1.8501918315887451,-0.3559609553204563,0.0,-0.5739,-0.122
1.8552870750427246,-0.3447163312250918,0.0,-0.5739,-0.122
1.860163927078247,-0.3338709062234196,0.0,-0.5468,2.0954
1.8651461601257324,-0.32271021957281154,0.0,-0.5468,2.0954
1.8702082633972168,-0.3112896605770095,0.0,-0.5468,2.0954
1.8751804828643799,-0.2999952293382969,0.0,-0.5468,2.0954
1.8801281452178955,-0.28868391750026845,0.0,-0.5468,2.0954
1.8851346969604492,-0.27716698898370407,0.0,-0.5468,2.0954
1.8901774883270264,-0.26549739044629456,0.0,-0.5468,2.0954
1.8951199054718018,-0.25399539316826986,0.0,-0.5119,2.0945
1.9003665447235107,-0.2417184682610916,0.0,-0.5119,2.0945
1.9052464962005615,-0.23024056277206326,0.0,-0.5119,2.0945
1.910269021987915,-0.21837083456086467,0.0,-0.5119,2.0945
1.9151272773742676,-0.20683756744474716,0.0,-0.5119,2.0945
1.920093297958374,-0.19499869485941498,0.0,-0.477,2.094
1.9254164695739746,-0.1822557557289774,0.0,-0.477,2.094
1.9301369190216064,-0.17091289780290064,0.0,-0.477,2.094
1.935140609741211,-0.15884845138523285,0.0,-0.477,2.094
1.9401257038116455,-0.14678980703504915,0.0,-0.477,2.094
1.945261001586914,-0.13433021396232922,0.0,-0.477,2.094
1.9501664638519287,-0.12239556765781534,0.0,-0.477,2.094
1.9551441669464111,-0.11025546535232136,0.0,-0.4422,2.0955
1.9602503776550293,-0.0977739579890026,0.0,-0.4422,2.0955
1.9651947021484375,-0.08566415310904979,0.0,-0.4422,2.0955
1.9701721668243408,-0.07345231025777384,0.0,-0.4422,2.0955
1.9751472473144531,-0.061228368991461876,0.0,-0.4422,2.0955
1.980156660079956,-0.048904966951843175,0.0,-0.4422,2.0955
1.9851422309875488,-0.03662818653486008,0.0,-0.4422,2.0955
1.9901411533355713,-0.024309509900907526,0.0,-0.4422,2.0955
1.9951286315917969,-0.012013057396777948,0.0,-0.4073,2.0958
2.0004000663757324,0.0009866235260000244,0.0,-0.4073,2.0958
2.005117893218994,0.012620949758759608,0.0,-0.4073,2.0958
2.010131359100342,0.024981235193056516,0.0,-0.4073,2.0958
2.0152249336242676,0.03753265882948655,0.0,-0.4073,2.0958
2.02022385597229,0.04984151868509869,0.0,-0.3724,2.0937
2.0252952575683594,0.06231626842505156,0.0,-0.3724,2.0937
2.030132293701172,0.0741998277709863,0.0,-0.3724,2.0937
2.0351381301879883,0.086480018681143,0.0,-0.3724,2.0937
2.0401196479797363,0.0986793245694521,0.0,-0.3724,2.0937
2.04510760307312,0.11087017871454893,0.0,-0.3376,2.0951
2.05017352104187,0.12322369723156334,0.0,-0.3376,2.0951
2.0551326274871826,0.1352865408717703,0.0,-0.3376,2.0951
2.0601308345794678,0.147411262088658,0.0,-0.3376,2.0951
2.0652332305908203,0.1597512150899711,0.0,-0.3376,2.0951
2.0701494216918945,0.17160204737103796,0.0,-0.3027,2.0956
2.0751445293426514,0.18360117457794142,0.0,-0.3027,2.0956
2.0801846981048584,0.1956627116510411,0.0,-0.3027,2.0956
2.0851244926452637,0.2074364644438466,0.0,-0.3027,2.0956
2.0905327796936035,0.22026945492598843,0.0,-0.3027,2.0956
2.09525203704834,0.23141566676680678,0.0,-0.3027,2.0956
2.10028338432312,0.2432429076278829,0.0,-0.3027,2.0956
2.105147361755371,0.25461896879658313,0.0,-0.2678,2.0959
2.1101715564727783,0.26630730038531325,0.0,-0.2678,2.0959
2.1151764392852783,0.27788474553628983,0.0,-0.2678,2.0959
2.120328664779663,0.289731237667054,0.0,-0.2678,2.0959
2.1254122257232666,0.3013454679240312,0.0,-0.2678,2.0959
2.1302411556243896,0.3123068171611013,0.0,-0.2678,2.0959
2.1351990699768066,0.32348614940930354,0.0,-0.2329,2.0938
2.140329122543335,0.3349709821087264,0.0,-0.2329,2.0938
2.1452043056488037,0.34580464694751045,0.0,-0.2329,2.0938
2.1504335403442383,0.3573348538987389,0.0,-0.2329,2.0938
2.155247449874878,0.36786410985646184,0.0,-0.2329,2.0938
2.1602489948272705,0.3787146221099271,0.0,-0.1981,2.0954
2.165170907974243,0.38930111356793956,0.0,-0.1981,2.0954
2.170130729675293,0.39987498004067157,0.0,-0.1981,2.0954
2.175166606903076,0.4105116478917617,0.0,-0.1981,2.0954
2.1801583766937256,0.42095376018902597,0.0,-0.1981,2.0954
2.185234546661377,0.431466248882512,0.0,-0.1981,2.0954
2.190239906311035,0.44172466433710134,0.0,-0.1981,2.0954
2.1952102184295654,0.45180317793282493,0.0,-0.1632,2.0956
2.2002639770507812,0.46193794010012496,0.0,-0.1632,2.0956
2.205169677734375,0.4716644385729401,0.0,-0.1632,2.0956
2.210405111312866,0.48192106374809573,0.0,-0.1632,2.0956
2.2151219844818115,0.4910502276625143,0.0,-0.1632,2.0956
2.2201483249664307,0.5006596249287807,0.0,-0.1632,2.0956
2.225142240524292,0.5100834071777007,0.0,-0.1632,2.0956
2.2300961017608643,0.5193075679753318,0.0,-0.1283,2.0962
2.235156774520874,0.5286007222310493,0.0,-0.1283,2.0962
2.2401154041290283,0.5375769101610456,0.0,-0.1283,2.0962
2.2451272010803223,0.5465167757464332,0.0,-0.1283,2.0962
2.2502222061157227,0.555466177986155,0.0,-0.1283,2.0962
2.255129814147949,0.5639518872099721,0.0,-0.0935,2.0938
2.2604992389678955,0.5730824815856463,0.0,-0.0935,2.0938
2.2651233673095703,0.5808151248342236,0.0,-0.0935,2.0938
2.2701199054718018,0.5890327010415204,0.0,-0.0935,2.0938
2.2751336097717285,0.5971326246860484,0.0,-0.0935,2.0938
2.280202627182007,0.6051712995575047,0.0,-0.0935,2.0938
2.285123825073242,0.6128287545224307,0.0,-0.0586,2.0956
2.290252685546875,0.6206534287136987,0.0,-0.0586,2.0956
2.2951900959014893,0.6280338249857145,0.0,-0.0586,2.0956
2.300166368484497,0.6353194160506113,0.0,-0.0586,2.0956
2.305262804031372,0.642619978323393,0.0,-0.0586,2.0956
2.3101658821105957,0.6494881054368007,0.0,-0.0586,2.0956
2.3150832653045654,0.6562214951784575,0.0,-0.0237,2.0958
2.3201234340667725,0.6629604810833294,0.0,-0.0237,2.0958
2.3251466751098633,0.6695114576257282,0.0,-0.0237,2.0958
2.330118179321289,0.6758308037084034,0.0,-0.0237,2.0958
2.335177421569824,0.6820924199715807,0.0,-0.0237,2.0958
2.3401999473571777,0.6881381609475337,0.0,-0.0237,2.0958
2.3451175689697266,0.6938916451481191,0.0,0.0111,2.0937
2.35025954246521,0.6997304749700757,0.0,0.0111,2.0937
2.3552463054656982,0.7052186665134931,0.0,0.0111,2.0937
2.3601553440093994,0.7104522683497407,0.0,0.0111,2.0937
2.365112066268921,0.7155652589673963,0.0,0.0111,2.0937
2.3700931072235107,0.7205285420099146,0.0,0.046,2.0953
2.3751468658447266,0.7253839611713566,0.0,0.046,2.0953
2.3801779747009277,0.7300360017398708,0.0,0.046,2.0953
2.3851797580718994,0.7344801461775309,0.0,0.046,2.0953
2.3902666568756104,0.7388139038837894,0.0,0.046,2.0953
2.3952465057373047,0.7428736998937827,0.0,0.0809,2.0956
2.400116443634033,0.746668054971168,0.0,0.0809,2.0956
2.4050889015197754,0.7503619540778412,0.0,0.0809,2.0956
2.410088539123535,0.7538914320194988,0.0,0.0809,2.0956
2.4151241779327393,0.7572583247317755,0.0,0.1158,2.096
2.420128107070923,0.7604162888213634,0.0,0.1158,2.096
2.4251062870025635,0.7633715355904448,0.0,0.1158,2.096
2.4300968647003174,0.766146733340142,0.0,0.1158,2.096
2.435105085372925,0.7687424180561887,0.0,0.1506,2.0938
2.4401180744171143,0.7711500021949625,0.0,0.1506,2.0938
2.445180654525757,0.7733872945429651,0.0,0.1506,2.0938
2.4501914978027344,0.7754090851614934,0.0,0.1506,2.0938
2.455110788345337,0.7772070213673234,0.0,0.1506,2.0938
2.4601495265960693,0.7788561718642558,0.0,0.1506,2.0938
2.4651050567626953,0.7802877381323142,0.0,0.1855,2.0953
2.4702911376953125,0.7815833840733489,0.0,0.1855,2.0953
2.475186347961426,0.7826160296968873,0.0,0.1855,2.0953
2.4802284240722656,0.7834861517483168,0.0,0.1855,2.0953
2.4853227138519287,0.7841656390301347,0.0,0.1855,2.0953
2.490206003189087,0.7846284433317136,0.0,0.1855,2.0953
2.495150327682495,0.7849088921504586,0.0,0.2204,2.0956
2.500173568725586,0.7849998832969127,0.0,0.2204,2.0956
2.5057027339935303,0.7848740222003793,0.0,0.2204,2.0956
2.5102314949035645,0.7845945099531749,0.0,0.2204,2.0956
2.515169382095337,0.7841087634420467,0.0,0.2204,2.0956
2.520200729370117,0.7834197429267673,0.0,0.2204,2.0956
2.525167465209961,0.7825475955126492,0.0,0.2204,2.0956
2.5301430225372314,0.7814828699057877,0.0,0.2204,2.0956
2.5351524353027344,0.7802180083240832,0.0,0.2552,2.0962
2.540130376815796,0.7787696769585657,0.0,0.2552,2.0962
2.5452959537506104,0.7770653963283372,0.0,0.2552,2.0962
2.550109386444092,0.775293101293017,0.0,0.2552,2.0962
2.5551347732543945,0.7732536074546281,0.0,0.2552,2.0962
2.56013822555542,0.7710315436439038,0.0,0.2552,2.0962
2.565107583999634,0.7686360592522407,0.0,0.2901,2.0938
2.570155620574951,0.766010846745317,0.0,0.2901,2.0938
2.5751051902770996,0.7632497865985911,0.0,0.2901,2.0938
2.5800905227661133,0.7602822325284813,0.0,0.2901,2.0938
2.5850932598114014,0.7571168521155432,0.0,0.2901,2.0938
2.5901291370391846,0.7537416305514586,0.0,0.325,2.0956
2.595092296600342,0.7502305564169263,0.0,0.325,2.0956
2.6000888347625732,0.7465116368150303,0.0,0.325,2.0956
2.605085849761963,0.7426084003880977,0.0,0.3598,2.0958
2.610137939453125,0.738476102614582,0.0,0.3598,2.0958
2.615129232406616,0.7342108489435843,0.0,0.3598,2.0958
2.620122194290161,0.7297635535036462,0.0,0.3598,2.0958
2.6250932216644287,0.7251574235239909,0.0,0.3598,2.0958
2.63008713722229,0.7203520096758941,0.0,0.3947,2.0937
2.635122537612915,0.7153271610880644,0.0,0.3947,2.0937
2.6401500701904297,0.7101315781949332,0.0,0.3947,2.0937
2.645094871520996,0.7048486842282096,0.0,0.3947,2.0937
2.6500868797302246,0.6993428241276274,0.0,0.4296,2.0951
2.655224323272705,0.6934969816235854,0.0,0.4296,2.0951
2.6601128578186035,0.6877666168286236,0.0,0.4296,2.0951
2.665097713470459,0.6817563130112302,0.0,0.4296,2.0951
2.6700439453125,0.675627317017509,0.0,0.4296,2.0951
2.675093650817871,0.669201825357185,0.0,0.4644,2.0955
2.6801536083221436,0.6625943618021812,0.0,0.4644,2.0955
2.6850838661193848,0.6559952034621451,0.0,0.4644,2.0955
2.6901137828826904,0.649100485538709,0.0,0.4644,2.0955
2.6951332092285156,0.6420585746866493,0.0,0.4644,2.0955
2.7002906799316406,0.6346567158773253,0.0,0.4993,2.0959
2.7051761150360107,0.6274915826445756,0.0,0.4993,2.0959
2.7102341651916504,0.6199175713315374,0.0,0.4993,2.0959
2.715230703353882,0.6122819776170176,0.0,0.4993,2.0959
2.7202367782592773,0.6044805167976884,0.0,0.4993,2.0959
2.72526478767395,0.5964943829245957,0.0,0.4993,2.0959
2.7301864624023438,0.5885329881581555,0.0,0.4993,2.0959
2.735166072845459,0.5803346911482451,0.0,0.5342,2.0938
2.7403030395507812,0.5717285231176894,0.0,0.5342,2.0938
2.745175361633301,0.5634280981036616,0.0,0.5342,2.0938
2.750149965286255,0.5548172474394842,0.0,0.5342,2.0938
2.755162000656128,0.5460045702366009,0.0,0.5342,2.0938
2.760183095932007,0.5370402292655856,0.0,0.5691,2.0953
2.765148162841797,0.5280445107256654,0.0,0.5691,2.0953
2.7701401710510254,0.5188704634058543,0.0,0.5691,2.0953
2.7751262187957764,0.5095799828686763,0.0,0.5691,2.0953
2.7801644802093506,0.5000652196375034,0.0,0.5691,2.0953
2.7851743698120117,0.4904798092337971,0.0,0.5691,2.0953
2.7901408672332764,0.48085749035031017,0.0,0.6039,2.0795
2.7951269149780273,0.4710795449999742,0.0,0.6039,2.0795
2.8001060485839844,0.46119981382365,0.0,0.6039,2.0795
2.805122137069702,0.45113265609486486,0.0,0.6039,2.0795
2.810131072998047,0.44096806397023497,0.0,0.6068,-1.1626
2.8152241706848145,0.43052073872861923,0.0,0.6068,-1.1626
2.820122480392456,0.4203689694139533,0.0,0.6068,-1.1626
2.82511305809021,0.4099236158089897,0.0,0.6068,-1.1626
2.8301076889038086,0.3993688952016613,0.0,0.5735,-2.0955
2.835115909576416,0.3886867302478864,0.0,0.5735,-2.0955
2.840167760848999,0.37781403303516137,0.0,0.5735,-2.0955
2.8451192378997803,0.3670649995673623,0.0,0.5735,-2.0955
2.850119113922119,0.3561207816641433,0.0,0.5735,-2.0955
2.8551390171051025,0.3450443382714633,0.0,0.5387,-2.096
2.860153913497925,0.3338932561683213,0.0,0.5387,-2.096
2.8651182651519775,0.32277292967019044,0.0,0.5387,-2.096
2.870100498199463,0.31153361895001047,0.0,0.5387,-2.096
2.875105381011963,0.3001663751396556,0.0,0.5387,-2.096
2.8800947666168213,0.2887604641867815,0.0,0.5038,-2.0955
2.885143280029297,0.2771471850464107,0.0,0.5038,-2.0955
2.8901140689849854,0.26564456997520497,0.0,0.5038,-2.0955
2.895097255706787,0.2540482455112569,0.0,0.5038,-2.0955
2.900092124938965,0.2423622561509464,0.0,0.4689,-2.0961
2.9051482677459717,0.23047214405125058,0.0,0.4689,-2.0961
2.9100968837738037,0.2187785651858159,0.0,0.4689,-2.0961
2.915097713470459,0.20690789918366997,0.0,0.4689,-2.0961
2.9201109409332275,0.1949565481173942,0.0,0.4341,-2.0955
2.925114631652832,0.1829797108647542,0.0,0.4341,-2.0955
2.930175304412842,0.17082050336384058,0.0,0.4341,-2.0955
2.9351539611816406,0.15881620576459599,0.0,0.4341,-2.0955
2.940115451812744,0.14681464396646354,0.0,0.4341,-2.0955
2.9451329708099365,0.13464128899773817,0.0,0.4341,-2.0955
2.950141668319702,0.12245596893640961,0.0,0.4341,-2.0955
2.9551572799682617,0.11022344713819449,0.0,0.3992,-2.096
2.9602890014648438,0.09767944688205815,0.0,0.3992,-2.096
2.9651122093200684,0.08586637497388656,0.0,0.3992,-2.096
2.9701640605926514,0.07347221371219921,0.0,0.3992,-2.096
2.9751994609832764,0.061099993701892674,0.0,0.3992,-2.096
2.9801437854766846,0.04893665594228263,0.0,0.3992,-2.096
2.9852402210235596,0.03638678986121043,0.0,0.3643,-2.0955
2.9902031421661377,0.02415670899157781,0.0,0.3643,-2.0955
2.995313882827759,0.011556251508156342,0.0,0.3643,-2.0955
3.000248670578003,-0.0006132589415197119,0.0,0.3643,-2.0955
3.005136728286743,-0.012667393839510953,0.0,0.3643,-2.0955
3.0101940631866455,-0.025135794082387603,0.0,0.3643,-2.0955
3.01521635055542,-0.03751151588666079,0.0,0.3643,-2.0955
3.0201923847198486,-0.04976406220268696,0.0,0.3294,-2.096
3.0252685546875,-0.06225062271464409,0.0,0.3294,-2.096
3.0301671028137207,-0.07428528748225385,0.0,0.3294,-2.096
3.03513240814209,-0.08646599313516187,0.0,0.3294,-2.096
3.04009747505188,-0.09862507632092442,0.0,0.3294,-2.096
3.0451247692108154,-0.11091208846775309,0.0,0.2946,-2.0955
3.050189256668091,-0.12326202241283772,0.0,0.2946,-2.0955
3.0551202297210693,-0.13525642348693426,0.0,0.2946,-2.0955
3.0600860118865967,-0.14730268761423396,0.0,0.2946,-2.0955
3.065114736557007,-0.15946509503079312,0.0,0.2946,-2.0955
3.0701029300689697,-0.17149016323904787,0.0,0.2597,-2.096
3.075157642364502,-0.18363261615265086,0.0,0.2597,-2.096
3.080090284347534,-0.195437213224604,0.0,0.2597,-2.096
3.0850930213928223,-0.20736160940837617,0.0,0.2597,-2.096
3.0901033878326416,-0.21925285269566347,0.0,0.2248,-2.0955
3.0951144695281982,-0.2310914598396979,0.0,0.2248,-2.0955
3.1001648902893066,-0.24296504966034968,0.0,0.2248,-2.0955
3.1051414012908936,-0.25460506406978634,0.0,0.2248,-2.0955
3.1101343631744385,-0.2662210137322891,0.0,0.2248,-2.0955
3.1151340007781982,-0.27778686026441274,0.0,0.2248,-2.0955
3.1202733516693115,-0.28960445399093837,0.0,0.2248,-2.0955
3.125131368637085,-0.3007057824965686,0.0,0.19,-2.096
3.1303069591522217,-0.31245569610815005,0.0,0.19,-2.096
3.1351664066314697,-0.3234127524417339,0.0,0.19,-2.096
3.1401805877685547,-0.3346396607373587,0.0,0.19,-2.096
3.145186185836792,-0.3457645295930233,0.0,0.19,-2.096
3.150235414505005,-0.356899734245163,0.0,0.19,-2.096
3.155388116836548,-0.36817053111834447,0.0,0.19,-2.096
3.1604654788970947,-0.3791821777255757,0.0,0.1551,-2.0955
3.165364980697632,-0.38971665169634084,0.0,0.1551,-2.0955
3.1702561378479004,-0.4001410906483561,0.0,0.1551,-2.0955
3.175192356109619,-0.41056577302880404,0.0,0.1551,-2.0955
3.180137872695923,-0.42091107856770893,0.0,0.1551,-2.0955
3.1851096153259277,-0.43120882858597037,0.0,0.1551,-2.0955
3.1901090145111084,-0.4414577831709225,0.0,0.1551,-2.0955
3.1951210498809814,-0.45162333014679173,0.0,0.1202,-2.096
3.200119972229004,-0.4616507537570704,0.0,0.1202,-2.096
3.2052340507507324,-0.4717913308602156,0.0,0.1202,-2.096
3.2100980281829834,-0.48132303603212806,0.0,0.1202,-2.096
3.2151072025299072,-0.4910217856586345,0.0,0.0853,-2.0955
3.220661163330078,-0.5016330951366849,0.0,0.0853,-2.0955
3.2251405715942383,-0.510080278662083,0.0,0.0853,-2.0955
3.2301089763641357,-0.5193313777661002,0.0,0.0853,-2.0955
3.2350916862487793,-0.5284820406997053,0.0,0.0853,-2.0955
3.240133285522461,-0.5376090445724062,0.0,0.0505,-2.096
3.245197057723999,-0.5466404312934107,0.0,0.0505,-2.096
3.2501332759857178,-0.5553111854387488,0.0,0.0505,-2.096
3.2551283836364746,-0.5639494331574008,0.0,0.0505,-2.096
3.2601218223571777,-0.5724459906289628,0.0,0.0505,-2.096
3.2651190757751465,-0.5808080049417237,0.0,0.0156,-2.0955
3.2701363563537598,-0.5890595184407259,0.0,0.0156,-2.0955
3.275148391723633,-0.5971562877176363,0.0,0.0156,-2.0955
3.2801451683044434,-0.6050810348225838,0.0,0.0156,-2.0955
3.2851438522338867,-0.6128596190392259,0.0,0.0156,-2.0955
3.290144920349121,-0.6204906705548817,0.0,0.0156,-2.0955
3.29512357711792,-0.6279353935104577,0.0,-0.0193,-2.096
3.300483465194702,-0.6357784228462464,0.0,-0.0193,-2.096
3.305128574371338,-0.6424298005816981,0.0,-0.0193,-2.096
3.310121536254883,-0.6494266748508761,0.0,-0.0193,-2.096
3.3151588439941406,-0.6563237674113828,0.0,-0.0193,-2.096
3.3201303482055664,-0.6629696118895297,0.0,-0.0193,-2.096
3.3251218795776367,-0.6694795290929966,0.0,-0.0541,-2.0955
3.330212116241455,-0.6759486260733889,0.0,-0.0541,-2.0955
3.3351945877075195,-0.6821133733629955,0.0,-0.0541,-2.0955
3.3402318954467773,-0.6881760708926564,0.0,-0.0541,-2.0955
3.3452298641204834,-0.6940210985025341,0.0,-0.0541,-2.0955
3.350170373916626,-0.6996307734206548,0.0,-0.089,-2.096
3.3552098274230957,-0.7051791473324596,0.0,-0.089,-2.096
3.360208749771118,-0.7105082781404959,0.0,-0.089,-2.096
3.3651716709136963,-0.7156256893965711,0.0,-0.089,-2.096
3.37015700340271,-0.7205910667910777,0.0,-0.089,-2.096
3.3751814365386963,-0.7254165468069027,0.0,-0.1239,-2.0955
3.380450963973999,-0.7302832166428648,0.0,-0.1239,-2.0955
3.385207414627075,-0.7345042162000206,0.0,-0.1239,-2.0955
3.390169620513916,-0.738732996104928,0.0,-0.1239,-2.0955
3.395185947418213,-0.7428254201429476,0.0,-0.1239,-2.0955
3.40023136138916,-0.7467554844939789,0.0,-0.1239,-2.0955
3.4051942825317383,-0.7504382603666855,0.0,-0.1588,-2.096
3.410139799118042,-0.7539266570940595,0.0,-0.1588,-2.096
3.415203332901001,-0.7573097380006331,0.0,-0.1588,-2.096
3.4201295375823975,-0.7604171647805598,0.0,-0.1588,-2.096
3.425119400024414,-0.763379073757759,0.0,-0.1588,-2.096
3.430121898651123,-0.766160180250045,0.0,-0.1588,-2.096
3.4351353645324707,-0.7687575331641447,0.0,-0.1588,-2.096
3.4401285648345947,-0.7711548400809899,0.0,-0.1936,-2.0955
3.4451818466186523,-0.7733877983447499,0.0,-0.1936,-2.0955
3.4501147270202637,-0.775379557645173,0.0,-0.1936,-2.0955
3.455111265182495,-0.7772071866543274,0.0,-0.1936,-2.0955
3.460284471511841,-0.7788976569724477,0.0,-0.2285,-2.096
3.465216636657715,-0.7803177958150365,0.0,-0.2285,-2.096
3.470163106918335,-0.7815538943186526,0.0,-0.2285,-2.096
3.4751315116882324,-0.7826054866360425,0.0,-0.2285,-2.096
3.480146884918213,-0.783473643657035,0.0,-0.2285,-2.096
3.4851343631744385,-0.7841440911693208,0.0,-0.2285,-2.096
3.4901387691497803,-0.784623324890863,0.0,-0.2285,-2.096
3.49513578414917,-0.7849083449006935,0.0,-0.2634,-2.0955
3.500232696533203,-0.7849997902416717,0.0,-0.2634,-2.0955
3.505141496658325,-0.7848975978488738,0.0,-0.2634,-2.0955
3.510122060775757,-0.7846031369271055,0.0,-0.2634,-2.0955
3.5151350498199463,-0.7841127923200133,0.0,-0.2634,-2.0955
3.5201315879821777,-0.7834305383609432,0.0,-0.2634,-2.0955
3.5250978469848633,-0.7825611374063635,0.0,-0.2982,-2.096
3.53031587600708,-0.7814424472616959,0.0,-0.2982,-2.096
3.535140037536621,-0.7802213773849533,0.0,-0.2982,-2.096
3.540264844894409,-0.7787279099004303,0.0,-0.2982,-2.096
3.5452890396118164,-0.7770678143894229,0.0,-0.2982,-2.096
3.550375461578369,-0.7751899583690386,0.0,-0.2982,-2.096
3.555258274078369,-0.773201057504618,0.0,-0.3331,-2.0955
3.560293197631836,-0.7709596750312061,0.0,-0.3331,-2.0955
3.5651893615722656,-0.7685950698555322,0.0,-0.3331,-2.0955
3.5702593326568604,-0.7659548896558651,0.0,-0.3331,-2.0955
3.5753698348999023,-0.7630969542020263,0.0,-0.3331,-2.0955
3.580240488052368,-0.7601900715829039,0.0,-0.3331,-2.0955
3.5851235389709473,-0.7570971234076066,0.0,-0.3331,-2.0955
3.5902037620544434,-0.7536901935976698,0.0,-0.3331,-2.0955
3.5951781272888184,-0.7501682305644314,0.0,-0.3331,-2.0955
3.6002137660980225,-0.7464162895833324,0.0,-0.368,-2.096
3.605177879333496,-0.7425347955506706,0.0,-0.368,-2.096
3.610210657119751,-0.7384152634486452,0.0,-0.368,-2.096
3.6152167320251465,-0.7341344639096273,0.0,-0.368,-2.096
3.6201493740081787,-0.7297388518013025,0.0,-0.4029,-2.0955
3.625192165374756,-0.7250639438691382,0.0,-0.4029,-2.0955
3.630168914794922,-0.7202718401282753,0.0,-0.4029,-2.0955
3.63513445854187,-0.7153150522435184,0.0,-0.4029,-2.0955
3.6402249336242676,-0.7100528705271993,0.0,-0.4029,-2.0955
3.6451425552368164,-0.7047969101093444,0.0,-0.4377,-2.096
3.650156021118164,-0.699265354860763,0.0,-0.4377,-2.096
3.655142307281494,-0.6935917297939566,0.0,-0.4377,-2.096
3.6601200103759766,-0.6877581133866,0.0,-0.4377,-2.096
3.665142297744751,-0.6817018005751238,0.0,-0.4377,-2.096
3.670116901397705,-0.6755356908219572,0.0,-0.4726,-2.0955
3.675168752670288,-0.6691049870342247,0.0,-0.4726,-2.0955
3.68013334274292,-0.6626211603514519,0.0,-0.4726,-2.0955
3.68509840965271,-0.6559755033320284,0.0,-0.4726,-2.0955
3.690098285675049,-0.6491219780183477,0.0,-0.5075,-2.096
3.6950950622558594,-0.6421126965707987,0.0,-0.5075,-2.096
3.700150728225708,-0.6348597787691753,0.0,-0.5075,-2.096
3.70510196685791,-0.6276014396795734,0.0,-0.5075,-2.096
3.710113286972046,-0.620100409811989,0.0,-0.5075,-2.096
3.7150990962982178,-0.6124850392983048,0.0,-0.5423,-2.0955
3.7201149463653564,-0.6046721623762294,0.0,-0.5423,-2.0955
3.7251105308532715,-0.5967416167679732,0.0,-0.5423,-2.0955
3.730117082595825,-0.5886462004794745,0.0,-0.5423,-2.0955
3.7350988388061523,-0.5804463338651619,0.0,-0.5423,-2.0955
3.7401070594787598,-0.5720596027781893,0.0,-0.5772,-2.096
3.745234251022339,-0.5633269635489128,0.0,-0.5772,-2.096
3.7501630783081055,-0.5547943692967,0.0,-0.5772,-2.096
3.7551143169403076,-0.5460890539591124,0.0,-0.5772,-2.096
3.760124921798706,-0.5371448590943234,0.0,-0.5772,-2.096
3.7651329040527344,-0.5280723545671722,0.0,-0.5772,-2.096
3.770134210586548,-0.5188814937778129,0.0,-0.6121,-2.0955
3.7751193046569824,-0.5095929530526085,0.0,-0.6121,-2.0955
3.7801406383514404,-0.500110541927287,0.0,-0.6121,-2.0955
3.7851099967956543,-0.49060374964018166,0.0,-0.6121,-2.0955
3.7901127338409424,-0.4809123291665703,0.0,-0.6121,-2.0955
3.795098066329956,-0.47113645373769436,0.0,-0.6267,0.0876
3.8001365661621094,-0.46113890959601744,0.0,-0.6267,0.0876
3.8051466941833496,-0.4510830929942648,0.0,-0.6267,0.0876
3.8101704120635986,-0.44088779806812567,0.0,-0.6267,0.0876
3.8151426315307617,-0.43068887297730646,0.0,-0.6267,0.0876
3.820138692855835,-0.4203352023959502,0.0,-0.5998,2.0955
3.8251919746398926,-0.40975762621865397,0.0,-0.5998,2.0955
3.830225706100464,-0.39911830028560524,0.0,-0.5998,2.0955
3.8351998329162598,-0.38850690086347056,0.0,-0.5998,2.0955
3.8401410579681396,-0.3778717561185051,0.0,-0.5998,2.0955
3.845128059387207,-0.36704576919301735,0.0,-0.5998,2.0955
3.8501291275024414,-0.3560987738938468,0.0,-0.5998,2.0955
3.8551249504089355,-0.3450754976997768,0.0,-0.5649,2.0947
3.860224485397339,-0.3337357352303976,0.0,-0.5649,2.0947
3.8651187419891357,-0.32277185772353656,0.0,-0.5649,2.0947
3.870096445083618,-0.31154279367897,0.0,-0.5649,2.0947
3.8751070499420166,-0.30016257208112523,0.0,-0.5649,2.0947
3.8801567554473877,-0.28861830352810947,0.0,-0.53,2.0947
3.885172128677368,-0.2770806203359326,0.0,-0.53,2.0947
3.8902478218078613,-0.26533415270391086,0.0,-0.53,2.0947
3.895153045654297,-0.25391805952801816,0.0,-0.53,2.0947
3.900156259536743,-0.2422118127131013,0.0,-0.53,2.0947
3.9052393436431885,-0.23025742622697726,0.0,-0.53,2.0947
3.9102206230163574,-0.21848547996272472,0.0,-0.53,2.0947
3.915276288986206,-0.2064830456446462,0.0,-0.4952,2.0955
3.920222759246826,-0.19468941497933648,0.0,-0.4952,2.0955
3.9252853393554688,-0.18257029037461248,0.0,-0.4952,2.0955
3.9301671981811523,-0.1708400154399098,0.0,-0.4952,2.0955
3.9351468086242676,-0.15883348023897534,0.0,-0.4952,2.0955
3.9401943683624268,-0.14662345343090036,0.0,-0.4952,2.0955
3.945218086242676,-0.1344344873478022,0.0,-0.4952,2.0955
3.950129747390747,-0.12248500774818194,0.0,-0.4603,2.0958
3.955298662185669,-0.10987822070521225,0.0,-0.4603,2.0958
3.9601762294769287,-0.09795539194251959,0.0,-0.4603,2.0958
3.965111017227173,-0.0858692972129309,0.0,-0.4603,2.0958
3.97013783454895,-0.07353660691469532,0.0,-0.4603,2.0958
3.975133180618286,-0.0612629538335713,0.0,-0.4603,2.0958
3.980137586593628,-0.04895191357579695,0.0,-0.4254,2.0939
3.9851574897766113,-0.036590597012791375,0.0,-0.4254,2.0939
3.990370035171509,-0.023745317390625402,0.0,-0.4254,2.0939
3.9951462745666504,-0.011969552246922475,0.0,-0.4254,2.0939
4.000130653381348,0.00032221085781381387,0.0,-0.4254,2.0939
4.005226135253906,0.0128878556404113,0.0,-0.4254,2.0939
4.0101964473724365,0.02514167082702854,0.0,-0.4254,2.0939
4.015183210372925,0.03742988037937212,0.0,-0.3905,2.0953
4.02036714553833,0.050194174226215624,0.0,-0.3905,2.0953
4.0251171588897705,0.06187842671212268,0.0,-0.3905,2.0953
4.030127763748169,0.07418870623643917,0.0,-0.3905,2.0953
4.035247564315796,0.08674825186471181,0.0,-0.3905,2.0953
4.040205717086792,0.09888989656497461,0.0,-0.3905,2.0953
4.045119762420654,0.11089986482305145,0.0,-0.3557,2.0955
4.0502777099609375,0.12347745077792027,0.0,-0.3557,2.0955
4.05516505241394,0.13536530844631917,0.0,-0.3557,2.0955
4.060105800628662,0.14735062244987593,0.0,-0.3557,2.0955
4.065113306045532,0.15946164073000801,0.0,-0.3557,2.0955
4.070122003555298,0.17153606486410283,0.0,-0.3208,2.0962
4.075224161148071,0.18379210588496056,0.0,-0.3208,2.0962
4.080381631851196,0.19613301405688008,0.0,-0.3208,2.0962
4.0851500034332275,0.2074971409012517,0.0,-0.3208,2.0962
4.090131521224976,0.21931947185001957,0.0,-0.3208,2.0962
4.095125913619995,0.23111843190681344,0.0,-0.3208,2.0962
4.1002607345581055,0.243189798548558,0.0,-0.3208,2.0962
4.105135679244995,0.25459171544807097,0.0,-0.2859,2.0938
4.110166072845459,0.2662945788636727,0.0,-0.2859,2.0938
4.115143060684204,0.27780775753481324,0.0,-0.2859,2.0938
4.120133638381958,0.28928417698023634,0.0,-0.2859,2.0938
4.125176668167114,0.30080897341297863,0.0,-0.2859,2.0938
4.130164861679077,0.31213418718146263,0.0,-0.2859,2.0938
4.13514256477356,0.323359175862722,0.0,-0.2859,2.0938
4.140226602554321,0.3347423090200509,0.0,-0.2511,2.0956
4.145259618759155,0.3459271035187563,0.0,-0.2511,2.0956
4.150241851806641,0.35691387388102463,0.0,-0.2511,2.0956
4.155142545700073,0.36763554553624544,0.0,-0.2511,2.0956
4.16023325920105,0.3786806299581174,0.0,-0.2511,2.0956
4.165126085281372,0.38920512104000693,0.0,-0.2511,2.0956
4.170100212097168,0.39981021369521486,0.0,-0.2511,2.0956
4.175175905227661,0.4105311933900332,0.0,-0.2162,2.0958
4.1802263259887695,0.4210951926104849,0.0,-0.2162,2.0958
4.185113430023193,0.4312166897310515,0.0,-0.2162,2.0958
4.190115928649902,0.44147188258667247,0.0,-0.2162,2.0958
4.195118427276611,0.45161803996944444,0.0,-0.2162,2.0958
4.200113296508789,0.4616374381908363,0.0,-0.1813,2.0937
4.205670356750488,0.47265086972883685,0.0,-0.1813,2.0937
4.210139513015747,0.4814038516739993,0.0,-0.1813,2.0937
4.215155363082886,0.49111444764671797,0.0,-0.1813,2.0937
4.220165491104126,0.5006922307419642,0.0,-0.1813,2.0937
4.225224494934082,0.5102375809267454,0.0,-0.1813,2.0937
4.230142831802368,0.5193939846427653,0.0,-0.1465,2.0953
4.235187530517578,0.5286567948259768,0.0,-0.1465,2.0953
4.240384101867676,0.5380596044073789,0.0,-0.1465,2.0953
4.245181560516357,0.5466130014477496,0.0,-0.1465,2.0953
4.250144720077515,0.5553311332906804,0.0,-0.1465,2.0953
4.255148410797119,0.56398378885689,0.0,-0.1465,2.0953
4.260149955749512,0.5724934637135608,0.0,-0.1465,2.0953
4.265197515487671,0.580938124083188,0.0,-0.1116,2.0956
4.270411252975464,0.5895074081982505,0.0,-0.1116,2.0956
4.275163650512695,0.5971807127220311,0.0,-0.1116,2.0956
4.280195236206055,0.6051596898460373,0.0,-0.1116,2.0956
4.285172939300537,0.6129044417549516,0.0,-0.1116,2.0956
4.290109157562256,0.6204366421735201,0.0,-0.1116,2.0956
4.295136451721191,0.6279544469040022,0.0,-0.0767,2.096
4.300122022628784,0.6352551738602878,0.0,-0.0767,2.096
4.305140972137451,0.6424473706328288,0.0,-0.0767,2.096
4.310100078582764,0.6493969458486061,0.0,-0.0767,2.096
4.3151116371154785,0.6562598919315126,0.0,-0.0767,2.096
4.3202064037323,0.6630700301118507,0.0,-0.0419,2.0938
4.325397729873657,0.6698345051792578,0.0,-0.0419,2.0938
4.330210208892822,0.6759462343265892,0.0,-0.0419,2.0938
4.335205316543579,0.6821264682252266,0.0,-0.0419,2.0938
4.340205192565918,0.688144385444012,0.0,-0.0419,2.0938
4.345154047012329,0.6939337063457144,0.0,-0.0419,2.0938
4.350124835968018,0.6995798351399537,0.0,-0.007,2.0953
4.355146884918213,0.7051109355967583,0.0,-0.007,2.0953
4.360137462615967,0.7104335106024363,0.0,-0.007,2.0953
4.365118980407715,0.7155722701836605,0.0,-0.007,2.0953
4.370151042938232,0.7205852354834449,0.0,-0.007,2.0953
4.375266790390015,0.7254969629738379,0.0,-0.007,2.0953
4.380153656005859,0.7300139530523566,0.0,0.0279,2.0956
4.385178089141846,0.7344786934987801,0.0,0.0279,2.0956
4.390165090560913,0.7387292174059911,0.0,0.0279,2.0956
4.395165920257568,0.7428094476950282,0.0,0.0279,2.0956
4.4001264572143555,0.7466756771821044,0.0,0.0279,2.0956
4.405179977416992,0.7504279068715494,0.0,0.0279,2.0956
4.410160779953003,0.7539410691600189,0.0,0.0279,2.0956
4.415234327316284,0.7573298569436999,0.0,0.0628,2.0962
4.420147180557251,0.7604279670145421,0.0,0.0628,2.0962
4.425147294998169,0.7633951051862058,0.0,0.0628,2.0962
4.43014121055603,0.7661705503426158,0.0,0.0628,2.0962
4.435110092163086,0.7687449178847682,0.0,0.0628,2.0962
4.4401209354400635,0.7711513217014901,0.0,0.0628,2.0962
4.445106267929077,0.7733558358552702,0.0,0.0976,2.0938
4.450193166732788,0.775409726563101,0.0,0.0976,2.0938
4.455162763595581,0.7772250273847885,0.0,0.0976,2.0938
4.460131883621216,0.7788507376689224,0.0,0.0976,2.0938
4.465148210525513,0.7802993743756593,0.0,0.0976,2.0938
4.470189809799194,0.7815600553177361,0.0,0.0976,2.0938
4.475147485733032,0.7826085602730012,0.0,0.1325,2.0956
4.480538606643677,0.7835332639092026,0.0,0.1325,2.0956
4.485114336013794,0.7841417838555794,0.0,0.1325,2.0956
4.490239143371582,0.7846309533713016,0.0,0.1325,2.0956
4.495260238647461,0.7849129749396955,0.0,0.1325,2.0956
4.500503778457642,0.7849990168529041,0.0,0.1674,2.0958
4.505348443984985,0.78488918868923,0.0,0.1674,2.0958
4.510234355926514,0.7845942831674343,0.0,0.1674,2.0958
4.515240430831909,0.7841003969318884,0.0,0.1674,2.0958
4.520270824432373,0.7834087608585051,0.0,0.1674,2.0958
4.5251898765563965,0.7825432281710564,0.0,0.1674,2.0958
4.53026556968689,0.7814542354190073,0.0,0.1674,2.0958
4.535162448883057,0.7802152862954757,0.0,0.1674,2.0958
4.540156126022339,0.7787616897694314,0.0,0.2022,2.0937
4.545157194137573,0.7771138541568395,0.0,0.2022,2.0937
4.550302028656006,0.7752184784556819,0.0,0.2022,2.0937
4.555147647857666,0.7732481347091762,0.0,0.2022,2.0937
4.560124158859253,0.7710380580555222,0.0,0.2022,2.0937
4.565154314041138,0.7686126429518434,0.0,0.2022,2.0937
4.57014799118042,0.7660149599178971,0.0,0.2022,2.0937
4.575217247009277,0.7631851381771882,0.0,0.2371,2.0953
4.580187082290649,0.7602229113613805,0.0,0.2371,2.0953
4.585154056549072,0.7570772324236232,0.0,0.2371,2.0953
4.590129375457764,0.7537414662821087,0.0,0.2371,2.0953
4.595099210739136,0.7502255377432824,0.0,0.2371,2.0953
4.600090265274048,0.7465105457036372,0.0,0.2371,2.0953
4.6051647663116455,0.7425452870786212,0.0,0.272,2.0956
4.610131502151489,0.73848148651996,0.0,0.272,2.0956
4.615097284317017,0.7342387250207635,0.0,0.272,2.0956
4.620147705078125,0.7297403687258212,0.0,0.272,2.0956
4.625101566314697,0.7251495424029673,0.0,0.3068,2.096
4.630141258239746,0.7202989581820722,0.0,0.3068,2.096
4.635120391845703,0.7153293405735347,0.0,0.3068,2.096
4.640138626098633,0.7101436064791325,0.0,0.3068,2.096
4.645167827606201,0.7047694634135678,0.0,0.3068,2.096
4.650132894515991,0.6992912706671883,0.0,0.3068,2.096
4.655104875564575,0.6936349571150877,0.0,0.3417,2.0938
4.660156965255737,0.6877141734041516,0.0,0.3417,2.0938
4.665117025375366,0.6817327023145218,0.0,0.3417,2.0938
4.670219659805298,0.6754065754334807,0.0,0.3417,2.0938
4.675192356109619,0.6690745444397513,0.0,0.3417,2.0938
4.680133104324341,0.6626214756125179,0.0,0.3766,2.0954
4.685168266296387,0.6558808590318911,0.0,0.3766,2.0954
4.6901609897613525,0.6490350066577849,0.0,0.3766,2.0954
4.695126533508301,0.6420680466820635,0.0,0.3766,2.0954
4.700137376785278,0.6348791446263723,0.0,0.3766,2.0954
4.705165147781372,0.6275078337408966,0.0,0.3766,2.0954
4.710160970687866,0.6200282948574347,0.0,0.3766,2.0954
4.7151405811309814,0.6124210420234217,0.0,0.4115,2.0955
4.720181226730347,0.604567912165852,0.0,0.4115,2.0955
4.725588321685791,0.5959753865087882,0.0,0.4115,2.0955
4.730437994003296,0.5881223104693901,0.0,0.4115,2.0955
4.73519492149353,0.5802867797745396,0.0,0.4115,2.0955
4.7401440143585205,0.571997189501487,0.0,0.4115,2.0955
4.745269536972046,0.5632663554683537,0.0,0.4115,2.0955
4.750212669372559,0.554707839807318,0.0,0.4115,2.0955
4.755160331726074,0.5460075273738187,0.0,0.4115,2.0955
4.760117292404175,0.5371585797083895,0.0,0.4463,2.096
4.765135765075684,0.5280671339393213,0.0,0.4463,2.096
4.770188331604004,0.5187813313267687,0.0,0.4463,2.096
4.775130748748779,0.5095714850315977,0.0,0.4463,2.096
4.780141592025757,0.500108729089564,0.0,0.4463,2.096
4.785216808319092,0.4903980894013986,0.0,0.4463,2.096
4.790141344070435,0.48085656084647505,0.0,0.4812,2.0938
4.795122385025024,0.4710884813388619,0.0,0.4812,2.0938
4.801228284835815,0.45895737226198613,0.0,0.4812,2.0938
4.80514121055603,0.45109416071558095,0.0,0.4812,2.0938
4.810126066207886,0.4409782791473715,0.0,0.4812,2.0938
4.815370082855225,0.4302197964135473,0.0,0.4812,2.0938
4.8204662799835205,0.41965267650956056,0.0,0.4812,2.0938
4.825286626815796,0.40955850578702807,0.0,0.4812,2.0938
4.830371856689453,0.3988078915536735,0.0,0.5161,2.0954
4.835151195526123,0.3886111234569435,0.0,0.5161,2.0954
4.840196132659912,0.37775269934580746,0.0,0.5161,2.0954
4.84514045715332,0.3670187422444678,0.0,0.5161,2.0954
4.850158214569092,0.3560348445625709,0.0,0.5161,2.0954
4.855145454406738,0.3450300786473191,0.0,0.5161,2.0954
4.86021614074707,0.3337543618723138,0.0,0.5161,2.0954
4.86513614654541,0.32273273117499485,0.0,0.5311,-0.0706
4.870282888412476,0.3111207038909551,0.0,0.5311,-0.0706
4.87521505355835,0.29991644232416015,0.0,0.5311,-0.0706
4.88019061088562,0.2885406573157034,0.0,0.5311,-0.0706
4.8851470947265625,0.27713838323181883,0.0,0.5311,-0.0706
4.890125513076782,0.2656180120427902,0.0,0.5311,-0.0706
4.895181894302368,0.25385073807517566,0.0,0.5006,-2.0954
4.900286436080933,0.2419064214555803,0.0,0.5006,-2.0954
4.905130624771118,0.2305137364225946,0.0,0.5006,-2.0954
4.910154581069946,0.21864190913515874,0.0,0.5006,-2.0954
4.915282249450684,0.20646886383091342,0.0,0.5006,-2.0954
4.920156478881836,0.19484776119124375,0.0,0.5006,-2.0954
4.925114631652832,0.18297971086475437,0.0,0.4657,-2.096
4.930116415023804,0.17096225033588147,0.0,0.4657,-2.096
4.935551166534424,0.15785677099286202,0.0,0.4657,-2.096
4.940188884735107,0.1466367388653516,0.0,0.4657,-2.096
4.945119142532349,0.13467488611620487,0.0,0.4657,-2.096
4.950162887573242,0.12240427942653331,0.0,0.4657,-2.096
4.9552695751190186,0.10994924714098117,0.0,0.4657,-2.096
4.960129499435425,0.0980697334405816,0.0,0.4308,-2.0955
4.965252637863159,0.08552212679854947,0.0,0.4308,-2.0955
4.970345497131348,0.07302671619230111,0.0,0.4308,-2.0955
4.975181579589844,0.06114395802743391,0.0,0.4308,-2.0955
4.980311155319214,0.04852469284095358,0.0,0.4308,-2.0955
4.985138177871704,0.03663817123751601,0.0,0.4308,-2.0955
4.990303993225098,0.02390811171089052,0.0,0.396,-2.0961
4.9951677322387695,0.011916640528633733,0.0,0.396,-2.0961
5.000434160232544,-0.0010707040266919536,0.0,0.396,-2.0961
5.005159378051758,-0.01272324425761126,0.0,0.396,-2.0961
5.010156869888306,-0.02504411668359073,0.0,0.396,-2.0961
5.015151500701904,-0.037351768327088,0.0,0.396,-2.0961
5.020147085189819,-0.04965257095749639,0.0,0.396,-2.0961
5.0251288414001465,-0.06190714784801955,0.0,0.3611,-2.0955
5.030264854431152,-0.07452527232889787,0.0,0.3611,-2.0955
5.035250425338745,-0.0867552643595662,0.0,0.3611,-2.0955
5.040220022201538,-0.09892489398028351,0.0,0.3611,-2.0955
5.045161962509155,-0.11100289182627346,0.0,0.3611,-2.0955
5.0501627922058105,-0.12319756625348836,0.0,0.3611,-2.0955
5.055171012878418,-0.13537978762706548,0.0,0.3611,-2.0955
5.060129165649414,-0.14740721947443436,0.0,0.3262,-2.096
5.065163612365723,-0.1595831150389284,0.0,0.3262,-2.096
5.070106744766235,-0.17149934361332309,0.0,0.3262,-2.096
5.075124740600586,-0.1835537257934901,0.0,0.3262,-2.096
5.080132246017456,-0.19553743687136363,0.0,0.3262,-2.096
5.085144281387329,-0.20748353134449396,0.0,0.3262,-2.096
5.090108871459961,-0.21926583791947135,0.0,0.2914,-2.0955
5.0952229499816895,-0.23134712054996978,0.0,0.2914,-2.0955
5.1001296043396,-0.24288230073972344,0.0,0.2914,-2.0955
5.105107545852661,-0.25452608352807954,0.0,0.2914,-2.0955
5.110101222991943,-0.2661441270497603,0.0,0.2914,-2.0955
5.115138053894043,-0.27779620907109404,0.0,0.2565,-2.096
5.1201770305633545,-0.2893836546492986,0.0,0.2565,-2.096
5.125157833099365,-0.30076606845596743,0.0,0.2565,-2.096
5.130276203155518,-0.3123861130445661,0.0,0.2565,-2.096
5.135248899459839,-0.32359811340353195,0.0,0.2565,-2.096
5.140132904052734,-0.3345332820817945,0.0,0.2216,-2.0955
5.145113229751587,-0.34560299311910186,0.0,0.2216,-2.0955
5.150168418884277,-0.35675256863053767,0.0,0.2216,-2.0955
5.155219078063965,-0.36780229753784655,0.0,0.2216,-2.0955
5.160260438919067,-0.3787393430935723,0.0,0.2216,-2.0955
5.1651387214660645,-0.389232183544546,0.0,0.2216,-2.0955
5.170138597488403,-0.39989167701817735,0.0,0.1867,-2.096
5.175159692764282,-0.4104971138326322,0.0,0.1867,-2.096
5.18016242980957,-0.42096219704694965,0.0,0.1867,-2.096
5.185231685638428,-0.43146035450468123,0.0,0.1867,-2.096
5.190149545669556,-0.4415404319499083,0.0,0.1867,-2.096
5.195266246795654,-0.45191616575774113,0.0,0.1867,-2.096
5.200165271759033,-0.46174110402097124,0.0,0.1867,-2.096
5.2051191329956055,-0.4715647911089308,0.0,0.1519,-2.0955
5.210206985473633,-0.4815352757411159,0.0,0.1519,-2.0955
5.215150833129883,-0.49110573239413574,0.0,0.1519,-2.0955
5.220242023468018,-0.500837580606263,0.0,0.1519,-2.0955
5.2251975536346436,-0.5101870871896516,0.0,0.1519,-2.0955
5.230472564697266,-0.5200034329588874,0.0,0.117,-2.096
5.23515248298645,-0.5285928977556789,0.0,0.117,-2.096
5.240132570266724,-0.5376077592285258,0.0,0.117,-2.096
5.245103120803833,-0.5464741443546157,0.0,0.117,-2.096
5.250123500823975,-0.5552941460801489,0.0,0.117,-2.096
5.2551188468933105,-0.5639330725158507,0.0,0.117,-2.096
5.260263681411743,-0.5726853220414448,0.0,0.0821,-2.0955
5.265150308609009,-0.5808598195253025,0.0,0.0821,-2.0955
5.270292520523071,-0.5893140110350822,0.0,0.0821,-2.0955
5.275162220001221,-0.5971784229361642,0.0,0.0821,-2.0955
5.28012490272522,-0.605049194009333,0.0,0.0821,-2.0955
5.285443544387817,-0.6133211946346747,0.0,0.0821,-2.0955
5.290190696716309,-0.6205598154538184,0.0,0.0821,-2.0955
5.295179843902588,-0.6280186563309617,0.0,0.0821,-2.0955
5.300121307373047,-0.6352541375948862,0.0,0.0473,-2.096
5.305276870727539,-0.6426399015253479,0.0,0.0473,-2.096
5.310100555419922,-0.6493976065251624,0.0,0.0473,-2.096
5.315161228179932,-0.6563269930627902,0.0,0.0473,-2.096
5.320214033126831,-0.6630801013241092,0.0,0.0473,-2.096
5.325151681900024,-0.6695179042403163,0.0,0.0473,-2.096
5.33015513420105,-0.6758771621698902,0.0,0.0124,-2.0955
5.335263013839722,-0.682196876194358,0.0,0.0124,-2.0955
5.3402769565582275,-0.6882295291052205,0.0,0.0124,-2.0955
5.345138788223267,-0.693916113227999,0.0,0.0124,-2.0955
5.350120544433594,-0.6995750339354389,0.0,0.0124,-2.0955
5.355154991149902,-0.7051197219882932,0.0,0.0124,-2.0955
5.360139608383179,-0.7104357616504893,0.0,0.0124,-2.0955
5.3651416301727295,-0.7155952355965096,0.0,-0.0225,-2.096
5.370134592056274,-0.7205691397633565,0.0,-0.0225,-2.096
5.375111103057861,-0.7253502428892993,0.0,-0.0225,-2.096
5.380104303359985,-0.7299691940885057,0.0,-0.0225,-2.096
5.385183811187744,-0.7344836740275793,0.0,-0.0225,-2.096
5.390133619308472,-0.7387029612620225,0.0,-0.0574,-2.0955
5.395245790481567,-0.7428731298174146,0.0,-0.0574,-2.0955
5.400162935256958,-0.7467034375586408,0.0,-0.0574,-2.0955
5.405117988586426,-0.7503830242123538,0.0,-0.0574,-2.0955
5.410142660140991,-0.7539286225686564,0.0,-0.0574,-2.0955
5.4151530265808105,-0.7572770681236899,0.0,-0.0574,-2.0955
5.4202306270599365,-0.7604790270062249,0.0,-0.0922,-2.096
5.425187110900879,-0.763417977496153,0.0,-0.0922,-2.096
5.430119514465332,-0.7661588997961281,0.0,-0.0922,-2.096
5.435122966766357,-0.7687513451420523,0.0,-0.0922,-2.096
5.440107822418213,-0.771145273451652,0.0,-0.0922,-2.096
5.4451515674591064,-0.7733749984181028,0.0,-0.1271,-2.0955
5.450119972229004,-0.7753815764886566,0.0,-0.1271,-2.0955
5.455104827880859,-0.7772049551326128,0.0,-0.1271,-2.0955
5.460090160369873,-0.7788378770112387,0.0,-0.1271,-2.0955
5.465091228485107,-0.7802840063572375,0.0,-0.162,-2.096
5.470162630081177,-0.7815537842508262,0.0,-0.162,-2.096
5.47513222694397,-0.7826056243037276,0.0,-0.162,-2.096
5.480098724365234,-0.7834662316865705,0.0,-0.162,-2.096
5.485112428665161,-0.7841415639495225,0.0,-0.1969,-2.0955
5.4902427196502686,-0.7846312237304581,0.0,-0.1969,-2.0955
5.495167970657349,-0.7849095538276682,0.0,-0.1969,-2.0955
5.50015664100647,-0.7849999049503925,0.0,-0.1969,-2.0955
5.505192518234253,-0.7848955554371958,0.0,-0.1969,-2.0955
5.510229110717773,-0.7845946988928729,0.0,-0.1969,-2.0955
5.515190839767456,-0.7841062407611433,0.0,-0.2317,-2.096
5.520246267318726,-0.7834126126410577,0.0,-0.2317,-2.096
5.525129079818726,-0.7825550667345264,0.0,-0.2317,-2.096
5.530128479003906,-0.781486260473133,0.0,-0.2317,-2.096
5.5351386070251465,-0.7802217660465827,0.0,-0.2317,-2.096
5.540142059326172,-0.7787660537728192,0.0,-0.2317,-2.096
5.5451343059539795,-0.7771218330124937,0.0,-0.2666,-2.0955
5.550144910812378,-0.7752793617521062,0.0,-0.2666,-2.0955
5.555307865142822,-0.7731799236136054,0.0,-0.2666,-2.0955
5.560159683227539,-0.7710216035054928,0.0,-0.2666,-2.0955
5.565277814865112,-0.7685506772747204,0.0,-0.2666,-2.0955
5.57017707824707,-0.7659992760881222,0.0,-0.2666,-2.0955
5.575126886367798,-0.7632372769476543,0.0,-0.3015,-2.096
5.5801403522491455,-0.7602516286127644,0.0,-0.3015,-2.096
5.585205316543579,-0.7570438061254406,0.0,-0.3015,-2.096
5.59026575088501,-0.753647434918372,0.0,-0.3015,-2.096
5.595375061035156,-0.7500250212205719,0.0,-0.3015,-2.096
5.600241184234619,-0.7463953487546078,0.0,-0.3015,-2.096
5.605127573013306,-0.742575038010788,0.0,-0.3363,-2.0955
5.6101109981536865,-0.7384986332424938,0.0,-0.3363,-2.0955
5.615139007568359,-0.7342023182183541,0.0,-0.3363,-2.0955
5.620180368423462,-0.7297106767003002,0.0,-0.3363,-2.0955
5.625310182571411,-0.7249523524242963,0.0,-0.3363,-2.0955
5.630185604095459,-0.7202554731548378,0.0,-0.3712,-2.096
5.635147333145142,-0.7153019735645377,0.0,-0.3712,-2.096
5.640193700790405,-0.7100857119407844,0.0,-0.3712,-2.096
5.645150423049927,-0.7047883658595598,0.0,-0.3712,-2.096
5.650194406509399,-0.6992223318178822,0.0,-0.3712,-2.096
5.655188798904419,-0.6935380264545727,0.0,-0.4061,-2.0955
5.660222291946411,-0.6876364761789401,0.0,-0.4061,-2.0955
5.665188312530518,-0.6816455250524764,0.0,-0.4061,-2.0955
5.6702001094818115,-0.6754311457325235,0.0,-0.4061,-2.0955
5.675180912017822,-0.6690893049450144,0.0,-0.4061,-2.0955
5.680152416229248,-0.6625959382617803,0.0,-0.4409,-2.096
5.685178279876709,-0.6558672896834146,0.0,-0.4409,-2.096
5.6901774406433105,-0.6490121849056952,0.0,-0.4409,-2.096
5.695141077041626,-0.6420474109009313,0.0,-0.4409,-2.096
5.700106620788574,-0.6349237510115119,0.0,-0.4758,-2.0955
5.705115079879761,-0.6275820140651687,0.0,-0.4758,-2.0955
5.710127830505371,-0.6200784162256544,0.0,-0.4758,-2.0955
5.715108156204224,-0.6124710637698216,0.0,-0.4758,-2.0955
5.720088720321655,-0.604713405220461,0.0,-0.4758,-2.0955
5.7251434326171875,-0.5966888954940315,0.0,-0.5107,-2.096
5.7301926612854,-0.5885228716071834,0.0,-0.5107,-2.096
5.735149145126343,-0.5803628022145112,0.0,-0.5107,-2.096
5.740164518356323,-0.5719625568740025,0.0,-0.5107,-2.096
5.745204448699951,-0.5633781474137584,0.0,-0.5107,-2.096
5.750141382217407,-0.5548322217140034,0.0,-0.5456,-2.0955
5.7551820278167725,-0.5459690834192451,0.0,-0.5456,-2.0955
5.7601447105407715,-0.5371092698134174,0.0,-0.5456,-2.0955
5.765160322189331,-0.5280223217957251,0.0,-0.5456,-2.0955
5.7704176902771,-0.5183566879134516,0.0,-0.5804,-2.096
5.775461673736572,-0.5089504166314502,0.0,-0.5804,-2.096
5.7801361083984375,-0.5001191528451671,0.0,-0.5804,-2.096
5.785132646560669,-0.4905601432663435,0.0,-0.5804,-2.096
5.790094614028931,-0.4809476470931705,0.0,-0.5804,-2.096
5.795161485671997,-0.47101134348202384,0.0,-0.6098,-1.2598
5.800127267837524,-0.46115746680189057,0.0,-0.6098,-1.2598
5.805132627487183,-0.45111148383670097,0.0,-0.6098,-1.2598
5.810173273086548,-0.44088196028527454,0.0,-0.6098,-1.2598
5.81512451171875,-0.4307262323060842,0.0,-0.6098,-1.2598
5.820122003555298,-0.42036996254503434,0.0,-0.5996,1.7769
5.825242757797241,-0.40965079784590863,0.0,-0.5996,1.7769
5.8301005363464355,-0.3993840810082483,0.0,-0.5996,1.7769
5.835089921951294,-0.3887424105734723,0.0,-0.5996,1.7769
5.840089797973633,-0.377982556370657,0.0,-0.5996,1.7769
5.845108270645142,-0.36708890720720655,0.0,-0.5649,2.0938
5.850117206573486,-0.3561249735804312,0.0,-0.5649,2.0938
5.855142593383789,-0.34503641627547277,0.0,-0.5649,2.0938
5.860233545303345,-0.33371551175948116,0.0,-0.5649,2.0938
5.865173816680908,-0.322648043012493,0.0,-0.5649,2.0938
5.870176076889038,-0.3113625279884984,0.0,-0.53,2.0947
5.875218391418457,-0.29990883511481603,0.0,-0.53,2.0947
5.880178213119507,-0.2885690915188039,0.0,-0.53,2.0947
5.885162591934204,-0.2771026254507545,0.0,-0.53,2.0947
5.890200614929199,-0.26544371709318265,0.0,-0.53,2.0947
5.895290851593018,-0.2535964556015009,0.0,-0.53,2.0947
5.900129795074463,-0.2422738927957442,0.0,-0.4951,2.0955
5.905113220214844,-0.2305547660409818,0.0,-0.4951,2.0955
5.910175085067749,-0.21859334368440705,0.0,-0.4951,2.0955
5.915179252624512,-0.20671391538480666,0.0,-0.4951,2.0955
5.92015266418457,-0.19485687438524926,0.0,-0.4951,2.0955
5.925168991088867,-0.1828493424475188,0.0,-0.4603,2.0962
5.930190086364746,-0.17078492223405153,0.0,-0.4603,2.0962
5.93515419960022,-0.15881562994740156,0.0,-0.4603,2.0962
5.9401774406433105,-0.14666446484923779,0.0,-0.4603,2.0962
5.945149898529053,-0.13460016114473833,0.0,-0.4603,2.0962
5.950199604034424,-0.1223148378662358,0.0,-0.4254,2.0939
5.955183744430542,-0.11015882799093948,0.0,-0.4254,2.0939
5.960155725479126,-0.09800556245175297,0.0,-0.4254,2.0939
5.965126991271973,-0.08583013910969081,0.0,-0.4254,2.0939
5.97029709815979,-0.07314555688469095,0.0,-0.4254,2.0939
5.975172996520996,-0.06116506083516519,0.0,-0.4254,2.0939
5.980169773101807,-0.04887269104600551,0.0,-0.3905,2.0955
5.985152959823608,-0.03660175641093538,0.0,-0.3905,2.0955
5.990148305892944,-0.02429187907369553,0.0,-0.3905,2.0955
5.99532151222229,-0.011537438310647073,0.0,-0.3905,2.0955
6.0001983642578125,0.0004891960289732212,0.0,-0.3905,2.0955
6.0054497718811035,0.013439299601173228,0.0,-0.3557,2.0957
6.010194540023804,0.025136969431429183,0.0,-0.3557,2.0957
6.01517653465271,0.037413435767627755,0.0,-0.3557,2.0957
6.020249366760254,0.04990430502167039,0.0,-0.3557,2.0957
6.025163650512695,0.06199272461552915,0.0,-0.3557,2.0957
6.030130624771118,0.07419573036526972,0.0,-0.3557,2.0957
6.035445213317871,0.08723268187190097,0.0,-0.3208,2.0937
6.040197134017944,0.09886889801991552,0.0,-0.3208,2.0937
6.045321941375732,0.11139344538816903,0.0,-0.3208,2.0937
6.050129413604736,0.12311626898232704,0.0,-0.3208,2.0937
6.055121421813965,0.1352593193982384,0.0,-0.3208,2.0937
6.060150861740112,0.1474597731432203,0.0,-0.3208,2.0937
6.0652549266815186,0.15980360087319062,0.0,-0.3208,2.0937
6.07023811340332,0.1718154777138907,0.0,-0.2859,2.0952
6.075117826461792,0.18353714713529193,0.0,-0.2859,2.0952
6.080244779586792,0.1958062016883456,0.0,-0.2859,2.0952
6.085123777389526,0.20743476321555723,0.0,-0.2859,2.0952
6.090159893035889,0.21938665383838538,0.0,-0.2859,2.0952
6.095110177993774,0.2310813452375161,0.0,-0.2859,2.0952
6.10017466545105,0.2429879728197338,0.0,-0.2511,2.0956
6.105106830596924,0.2545244148940257,0.0,-0.2511,2.0956
6.110102653503418,0.266147445958948,0.0,-0.2511,2.0956
6.115113019943237,0.277738465721621,0.0,-0.2511,2.0956
6.120123624801636,0.2892612198315662,0.0,-0.2511,2.0956
6.125320911407471,0.3011375144203122,0.0,-0.2162,2.096
6.130176782608032,0.3121611617980545,0.0,-0.2162,2.096
6.135200023651123,0.3234882923352841,0.0,-0.2162,2.096
6.140177965164185,0.3346338101064364,0.0,-0.2162,2.096
6.1452367305755615,0.34587643310079885,0.0,-0.2162,2.096
6.150197982788086,0.3568175119891566,0.0,-0.2162,2.096
6.155118703842163,0.36758359353014686,0.0,-0.1813,2.0938
6.160146713256836,0.37849365658343626,0.0,-0.1813,2.0938
6.165107488632202,0.3891652920875847,0.0,-0.1813,2.0938
6.1701576709747314,0.3999321535253324,0.0,-0.1813,2.0938
6.1751086711883545,0.41038985651220916,0.0,-0.1813,2.0938
6.180124759674072,0.42088378126633524,0.0,-0.1465,2.0953
6.185398578643799,0.43180413490801095,0.0,-0.1465,2.0953
6.190141201019287,0.44152341661000444,0.0,-0.1465,2.0953
6.195140600204468,0.4516627650481621,0.0,-0.1465,2.0953
6.200110912322998,0.4616326825822596,0.0,-0.1465,2.0953
6.205114841461182,0.47155632992752183,0.0,-0.1465,2.0953
6.210247993469238,0.48161514128191224,0.0,-0.1465,2.0953
6.215154409408569,0.49111261286496716,0.0,-0.1116,2.0956
6.220333576202393,0.5010114190451415,0.0,-0.1116,2.0956
6.22533106803894,0.5104372858078596,0.0,-0.1116,2.0956
6.230200529098511,0.5195006673295979,0.0,-0.1116,2.0956
6.235193967819214,0.5286685303259002,0.0,-0.1116,2.0956
6.240301847457886,0.5379118815665311,0.0,-0.1116,2.0956
6.2452123165130615,0.5466674378754816,0.0,-0.1116,2.0956
6.250133752822876,0.5553120166135763,0.0,-0.0767,2.0962
6.255312442779541,0.5642650943556362,0.0,-0.0767,2.0962
6.260145425796509,0.5724858200443733,0.0,-0.0767,2.0962
6.265113592147827,0.5807989071476727,0.0,-0.0767,2.0962
6.270179986953735,0.5891306352270209,0.0,-0.0767,2.0962
6.275126934051514,0.5971219377335448,0.0,-0.0418,2.0938
6.2802557945251465,0.6052548049629382,0.0,-0.0418,2.0938
6.285215139389038,0.6129694623337196,0.0,-0.0418,2.0938
6.29020881652832,0.6205871817641903,0.0,-0.0418,2.0938
6.295166492462158,0.627998900827177,0.0,-0.0418,2.0938
6.300217866897583,0.6353940044097637,0.0,-0.0418,2.0938
6.305231094360352,0.6425750620955363,0.0,-0.007,2.0956
6.310176610946655,0.6495029657815252,0.0,-0.007,2.0956
6.315189838409424,0.6563656980075665,0.0,-0.007,2.0956
6.320103883743286,0.6629346612489962,0.0,-0.007,2.0956
6.325133562088013,0.6694945728501187,0.0,-0.007,2.0956
6.3301122188568115,0.6758233256840775,0.0,0.0279,2.0958
6.335191011428833,0.6821090082367113,0.0,0.0279,2.0958
6.340172290802002,0.6881053377852051,0.0,0.0279,2.0958
6.345157146453857,0.6939372797529013,0.0,0.0279,2.0958
6.350114107131958,0.6995678318902367,0.0,0.0279,2.0958
6.355134010314941,0.7050969797997132,0.0,0.0279,2.0958
6.360148191452026,0.7104447655198561,0.0,0.0279,2.0958
6.365185499191284,0.715639705670182,0.0,0.0628,2.0937
6.3701887130737305,0.7206220850999949,0.0,0.0628,2.0937
6.375171422958374,0.7254071090892895,0.0,0.0628,2.0937
6.38015604019165,0.7300161148767844,0.0,0.0628,2.0937
6.385113954544067,0.7344228538335829,0.0,0.0628,2.0937
6.390106916427612,0.7386806776589224,0.0,0.0628,2.0937
6.395090579986572,0.7427493345301688,0.0,0.0628,2.0937
6.400119304656982,0.7466702328211228,0.0,0.0976,2.0953
6.405164480209351,0.7504166888748134,0.0,0.0976,2.0953
6.410120248794556,0.7539132247208628,0.0,0.0976,2.0953
6.4151084423065186,0.7572480984417698,0.0,0.0976,2.0953
6.420112609863281,0.7604067982790021,0.0,0.1325,2.0956
6.425121784210205,0.7633804441944458,0.0,0.1325,2.0956
6.430218696594238,0.7662121303797478,0.0,0.1325,2.0956
6.435152769088745,0.7687662182273968,0.0,0.1325,2.0956
6.440380096435547,0.7712705885734811,0.0,0.1325,2.0956
6.445280313491821,0.7734293749196516,0.0,0.1325,2.0956
6.4501752853393555,0.7754028532937175,0.0,0.1325,2.0956
6.455204486846924,0.7772394667622907,0.0,0.1325,2.0956
6.460214614868164,0.7788761989421867,0.0,0.1674,2.096
6.465157508850098,0.7803018797545074,0.0,0.1674,2.096
6.470294237136841,0.7815840964104586,0.0,0.1674,2.096
6.475158929824829,0.7826107610697617,0.0,0.1674,2.096
6.480108261108398,0.783467700827615,0.0,0.1674,2.096
6.485140085220337,0.7841447498316797,0.0,0.1674,2.096
6.4901838302612305,0.7846267592038955,0.0,0.1674,2.096
6.495156526565552,0.7849091249064195,0.0,0.2022,2.0938
6.500170946121216,0.78499988679701,0.0,0.2022,2.0938
6.505167007446289,0.7848965791637856,0.0,0.2022,2.0938
6.51021409034729,0.7845958882007873,0.0,0.2022,2.0938
6.5152268409729,0.7841020002589721,0.0,0.2022,2.0938
6.520158529281616,0.783426336259588,0.0,0.2371,2.0953
6.525119066238403,0.7825570138773459,0.0,0.2371,2.0953
6.530264139175415,0.7814545703418666,0.0,0.2371,2.0953
6.5351481437683105,0.7802191746714036,0.0,0.2371,2.0953
6.540154695510864,0.7787621336358537,0.0,0.2371,2.0953
6.545139312744141,0.7771200879811541,0.0,0.2371,2.0953
6.550110340118408,0.7752927325724178,0.0,0.272,2.0956
6.555153131484985,0.7732458033408639,0.0,0.272,2.0956
6.5601208209991455,0.7710396036270672,0.0,0.272,2.0956
6.565119028091431,0.7686303261797425,0.0,0.272,2.0956
6.570148229598999,0.7660148313879153,0.0,0.272,2.0956
6.575131177902222,0.7632348020911464,0.0,0.3069,2.0962
6.5802576541900635,0.7601795113951706,0.0,0.3069,2.0962
6.585233211517334,0.75702560775145,0.0,0.3069,2.0962
6.590222358703613,0.7536773689951021,0.0,0.3069,2.0962
6.595144987106323,0.7501923017330507,0.0,0.3069,2.0962
6.600237846374512,0.7463978983689428,0.0,0.3069,2.0962
6.605152606964111,0.7425550144603309,0.0,0.3069,2.0962
6.610121965408325,0.738489462120907,0.0,0.3417,2.0938
6.615160703659058,0.7341833816957918,0.0,0.3417,2.0938
6.620362043380737,0.7295453881409263,0.0,0.3417,2.0938
6.625176906585693,0.7250783645778258,0.0,0.3417,2.0938
6.630178689956665,0.7202622539983469,0.0,0.3417,2.0938
6.635174036026001,0.715274843685078,0.0,0.3417,2.0938
6.640142440795898,0.7101395971530574,0.0,0.3417,2.0938
6.64513087272644,0.7048095962313179,0.0,0.3766,2.0955
6.650310039520264,0.699092666791548,0.0,0.3766,2.0955
6.655116319656372,0.6936217421367927,0.0,0.3766,2.0955
6.660100221633911,0.6877816387275147,0.0,0.3766,2.0955
6.665097236633301,0.6817568959596508,0.0,0.3766,2.0955
6.670150995254517,0.6754928598770846,0.0,0.4115,2.0958
6.675173997879028,0.669098222331174,0.0,0.4115,2.0958
6.680102348327637,0.6626621411728107,0.0,0.4115,2.0958
6.685100555419922,0.655972596639528,0.0,0.4115,2.0958
6.6901068687438965,0.6491100746812577,0.0,0.4115,2.0958
6.69509744644165,0.6421093142232115,0.0,0.4463,2.0937
6.700176000595093,0.6348231189100016,0.0,0.4463,2.0937
6.705111503601074,0.6275873120656339,0.0,0.4463,2.0937
6.710127830505371,0.6200784162256544,0.0,0.4463,2.0937
6.715585231781006,0.611734441166961,0.0,0.4812,2.0951
6.720144510269165,0.6046256655211333,0.0,0.4812,2.0951
6.725167274475098,0.596650687688711,0.0,0.4812,2.0951
6.7305662631988525,0.58791274290638,0.0,0.4812,2.0951
6.735226631164551,0.580234111360728,0.0,0.4812,2.0951
6.740134954452515,0.5720124915343356,0.0,0.4812,2.0951
6.7452404499053955,0.5633163166846258,0.0,0.4812,2.0951
6.750192642211914,0.5547427860296643,0.0,0.4812,2.0951
6.755187273025513,0.5459597888956422,0.0,0.5161,2.0955
6.760371923446655,0.5367004875443842,0.0,0.5161,2.0955
6.765314340591431,0.527741195336326,0.0,0.5161,2.0955
6.7701311111450195,0.5188872294993295,0.0,0.5161,2.0955
6.775113105773926,0.5096045812889631,0.0,0.5161,2.0955
6.780176162719727,0.5000430106913536,0.0,0.5161,2.0955
6.785138845443726,0.4905482084574244,0.0,0.5161,2.0955
6.7901318073272705,0.4808751507181623,0.0,0.5509,2.0959
6.795163631439209,0.47100711010122653,0.0,0.5509,2.0959
6.800124883651733,0.4611622249964203,0.0,0.5509,2.0959
6.805134534835815,0.4511076342825749,0.0,0.5509,2.0959
6.8101489543914795,0.44093158030415464,0.0,0.5509,2.0959
6.815109729766846,0.43075670861948356,0.0,0.5824,1.4568
6.8202314376831055,0.4201420142316937,0.0,0.5824,1.4568
6.825100660324097,0.40994969043364177,0.0,0.5824,1.4568
6.830108880996704,0.3993663642142927,0.0,0.5824,1.4568
6.835118055343628,0.38868213267401425,0.0,0.5824,1.4568
6.840150594711304,0.37785114103684864,0.0,0.5743,-1.6876
6.845158338546753,0.36697976008806055,0.0,0.5743,-1.6876
6.8502397537231445,0.35585561698390195,0.0,0.5743,-1.6876
6.855211496353149,0.34488377731726994,0.0,0.5743,-1.6876
6.860172271728516,0.333852281016937,0.0,0.5743,-1.6876
6.865171194076538,0.32265393917017027,0.0,0.5743,-1.6876
6.870154142379761,0.3114121839560536,0.0,0.5743,-1.6876
6.8751380443573,0.3000919423518052,0.0,0.5396,-2.0958
6.880146503448486,0.2886418154695546,0.0,0.5396,-2.0958
6.885153532028198,0.2771235300794422,0.0,0.5396,-2.0958
6.890111684799194,0.26565010283457546,0.0,0.5396,-2.0958
6.895111322402954,0.25401542157590573,0.0,0.5396,-2.0958
6.900105237960815,0.24233149714022192,0.0,0.5047,-2.0949
6.905192852020264,0.23036703584966733,0.0,0.5047,-2.0949
6.910114288330078,0.21873734324976288,0.0,0.5047,-2.0949
6.915103197097778,0.20689485391529203,0.0,0.5047,-2.0949
6.920111894607544,0.19495426989805825,0.0,0.5047,-2.0949
6.925149440765381,0.18289622994867688,0.0,0.4698,-2.0959
6.930298328399658,0.1705243653237464,0.0,0.4698,-2.0959
6.935506820678711,0.15796389897670213,0.0,0.4698,-2.0959
6.940376043319702,0.1461832766326967,0.0,0.4698,-2.0959
6.945180177688599,0.1345265934724069,0.0,0.4698,-2.0959
6.950139045715332,0.12246235748973637,0.0,0.4698,-2.0959
6.955108165740967,0.11034336894162745,0.0,0.4698,-2.0959
6.960139513015747,0.0980452318688457,0.0,0.4698,-2.0959
6.965121030807495,0.08584475036752819,0.0,0.435,-2.0944
6.9701690673828125,0.07345992040774024,0.0,0.435,-2.0944
6.9751136302948,0.061311020703559614,0.0,0.435,-2.0944
6.980133771896362,0.048961302879501414,0.0,0.435,-2.0944
6.98514199256897,0.0366287738704749,0.0,0.435,-2.0944
6.990193605422974,0.024180216883559043,0.0,0.435,-2.0944
6.995157480239868,0.011941920578587588,0.0,0.4001,-2.0951
7.0001866817474365,-0.0004603852085566409,0.0,0.4001,-2.0951
7.0052807331085205,-0.013022483814564794,0.0,0.4001,-2.0951
7.0103607177734375,-0.025546575118319943,0.0,0.4001,-2.0951
7.015221834182739,-0.03752502388105625,0.0,0.4001,-2.0951
7.02021050453186,-0.04980865841868743,0.0,0.4001,-2.0951
7.02514123916626,-0.06193762732960169,0.0,0.3652,-2.0953
7.030179262161255,-0.07431513963784167,0.0,0.3652,-2.0953
7.035170793533325,-0.08656008063757994,0.0,0.3652,-2.0953
7.040162801742554,-0.09878490312097479,0.0,0.3652,-2.0953
7.045190095901489,-0.11107157541130311,0.0,0.3652,-2.0953
7.050273418426514,-0.12346699894781113,0.0,0.3652,-2.0953
7.055439233779907,-0.13603130155273374,0.0,0.3303,-2.0952
7.060179233551025,-0.14752849613790708,0.0,0.3303,-2.0952
7.065222978591919,-0.15972646111000796,0.0,0.3303,-2.0952
7.070278644561768,-0.171913008645832,0.0,0.3303,-2.0952
7.075195789337158,-0.18372408077963603,0.0,0.3303,-2.0952
7.080235481262207,-0.19578399535299576,0.0,0.3303,-2.0952
7.085174798965454,-0.20755611487231948,0.0,0.3303,-2.0952
7.090130090713501,-0.2193160844767299,0.0,0.3303,-2.0952
7.095149278640747,-0.2311734989495343,0.0,0.2955,-2.0951
7.1002256870269775,-0.24310761680967027,0.0,0.2955,-2.0951
7.1052374839782715,-0.2548291973827393,0.0,0.2955,-2.0951
7.110266447067261,-0.26652742550045644,0.0,0.2955,-2.0951
7.11519455909729,-0.2779265377432363,0.0,0.2955,-2.0951
7.12018895149231,-0.28941098273770344,0.0,0.2955,-2.0951
7.125483274459839,-0.3015072527132515,0.0,0.2955,-2.0951
7.130307674407959,-0.31245731428422513,0.0,0.2955,-2.0951
7.135239124298096,-0.323576149800157,0.0,0.2955,-2.0951
7.14020848274231,-0.3347018887694676,0.0,0.2606,-2.0952
7.145441293716431,-0.34632923649782055,0.0,0.2606,-2.0952
7.150136470794678,-0.3566823844445783,0.0,0.2606,-2.0952
7.155122995376587,-0.3675929450434443,0.0,0.2606,-2.0952
7.160160779953003,-0.3785240480999586,0.0,0.2606,-2.0952
7.1651928424835205,-0.3893480858218422,0.0,0.2606,-2.0952
7.170169115066528,-0.3999564387403662,0.0,0.2606,-2.0952
7.1751134395599365,-0.4103998810075513,0.0,0.2257,-2.0952
7.180174827575684,-0.4209880034827826,0.0,0.2257,-2.0952
7.185110092163086,-0.43120981123249263,0.0,0.2257,-2.0952
7.190122604370117,-0.4414854956180266,0.0,0.2257,-2.0952
7.195265054702759,-0.45191376190723553,0.0,0.2257,-2.0952
7.200147390365601,-0.46170544056015345,0.0,0.2257,-2.0952
7.205127000808716,-0.4715803030522167,0.0,0.1909,-2.0952
7.210139274597168,-0.48140338723964904,0.0,0.1909,-2.0952
7.215099811553955,-0.49100756425959513,0.0,0.1909,-2.0952
7.220097303390503,-0.5005627046111062,0.0,0.1909,-2.0952
7.225107669830322,-0.5100185993483437,0.0,0.156,-2.0952
7.230177640914917,-0.5194583489671993,0.0,0.156,-2.0952
7.235157489776611,-0.5286020263009354,0.0,0.156,-2.0952
7.240175247192383,-0.5376844466622495,0.0,0.156,-2.0952
7.245145082473755,-0.5465484306969555,0.0,0.156,-2.0952
7.250166654586792,-0.555369364667126,0.0,0.156,-2.0952
7.255114316940308,-0.5639253010337817,0.0,0.1211,-2.0952
7.260216951370239,-0.5726064960192294,0.0,0.1211,-2.0952
7.265154600143433,-0.5808669386494185,0.0,0.1211,-2.0952
7.270272731781006,-0.5892817702021277,0.0,0.1211,-2.0952
7.27526330947876,-0.597340204779032,0.0,0.1211,-2.0952
7.280200481414795,-0.6051679290297227,0.0,0.1211,-2.0952
7.285167455673218,-0.6128959919623047,0.0,0.1211,-2.0952
7.290286302566528,-0.6207041860610649,0.0,0.0862,-2.0952
7.295149087905884,-0.627973146457988,0.0,0.0862,-2.0952
7.300283193588257,-0.6354885971945303,0.0,0.0862,-2.0952
7.3052778244018555,-0.6426412522054762,0.0,0.0862,-2.0952
7.310403347015381,-0.6498168418013206,0.0,0.0862,-2.0952
7.315242290496826,-0.6564366433007527,0.0,0.0862,-2.0952
7.320157051086426,-0.6630048727559036,0.0,0.0862,-2.0952
7.325143337249756,-0.6695071597906443,0.0,0.0514,-2.0952
7.33017373085022,-0.6759004874984713,0.0,0.0514,-2.0952
7.335248708724976,-0.682179421762688,0.0,0.0514,-2.0952
7.3401875495910645,-0.6881234477585345,0.0,0.0514,-2.0952
7.345221757888794,-0.6940117565667733,0.0,0.0514,-2.0952
7.350407838821411,-0.6998961671739139,0.0,0.0514,-2.0952
7.355210065841675,-0.7051794056578272,0.0,0.0514,-2.0952
7.3601768016815186,-0.710474774687048,0.0,0.0514,-2.0952
7.365112066268921,-0.7155652589673964,0.0,0.0165,-2.0952
7.370185613632202,-0.7206190535505503,0.0,0.0165,-2.0952
7.375123500823975,-0.7253619329306441,0.0,0.0165,-2.0952
7.380108833312988,-0.7299733031306314,0.0,0.0165,-2.0952
7.3850998878479,-0.7344106024852147,0.0,0.0165,-2.0952
7.3902153968811035,-0.7387711724569418,0.0,-0.0184,-2.0952
7.395285367965698,-0.7429046684045536,0.0,-0.0184,-2.0952
7.400171995162964,-0.7467103307724462,0.0,-0.0184,-2.0952
7.405140161514282,-0.7503990816635162,0.0,-0.0184,-2.0952
7.410135507583618,-0.7539237087679618,0.0,-0.0184,-2.0952
7.415158033370972,-0.757280320475617,0.0,-0.0533,-2.0952
7.420145034790039,-0.7604266533541129,0.0,-0.0533,-2.0952
7.425184965133667,-0.7634167451612083,0.0,-0.0533,-2.0952
7.4302778244018555,-0.7662438286041265,0.0,-0.0533,-2.0952
7.435215950012207,-0.7687977268810079,0.0,-0.0533,-2.0952
7.440176010131836,-0.7711767100595285,0.0,-0.0533,-2.0952
7.445255756378174,-0.7734190128705775,0.0,-0.0533,-2.0952
7.450240850448608,-0.7754280433182936,0.0,-0.0881,-2.0952
7.455313444137573,-0.7772771111939929,0.0,-0.0881,-2.0952
7.460226535797119,-0.7788798633766962,0.0,-0.0881,-2.0952
7.465153932571411,-0.7803009162260559,0.0,-0.0881,-2.0952
7.470120429992676,-0.781544036302216,0.0,-0.0881,-2.0952
7.475125789642334,-0.7826043851523058,0.0,-0.0881,-2.0952
7.4801459312438965,-0.7834734970594023,0.0,-0.0881,-2.0952
7.4851837158203125,-0.7841497637997987,0.0,-0.0881,-2.0952
7.490571022033691,-0.7846556208168818,0.0,-0.123,-2.0952
7.495145320892334,-0.7849087039379458,0.0,-0.123,-2.0952
7.500327110290527,-0.7849995854969011,0.0,-0.123,-2.0952
7.50512433052063,-0.7848982804816317,0.0,-0.123,-2.0952
7.510184049606323,-0.7845982615754427,0.0,-0.123,-2.0952
7.515153408050537,-0.7841106391241648,0.0,-0.123,-2.0952
7.520211696624756,-0.7834180271509622,0.0,-0.1579,-2.0952
7.525196313858032,-0.7825419730047287,0.0,-0.1579,-2.0952
7.530207633972168,-0.7814677871704098,0.0,-0.1579,-2.0952
7.5353734493255615,-0.7801577497174774,0.0,-0.1579,-2.0952
7.540226697921753,-0.7787397728316491,0.0,-0.1579,-2.0952
7.545217752456665,-0.7770927240554738,0.0,-0.1579,-2.0952
7.550184965133667,-0.7752638586073912,0.0,-0.1579,-2.0952
7.5551533699035645,-0.7732457019718181,0.0,-0.1579,-2.0952
7.560153245925903,-0.7710245859149106,0.0,-0.1927,-2.0952
7.565321207046509,-0.7685288780840706,0.0,-0.1927,-2.0952
7.57014274597168,-0.7660177874687737,0.0,-0.1927,-2.0952
7.575131177902222,-0.7632348020911464,0.0,-0.1927,-2.0952
7.580147743225098,-0.7602470876893188,0.0,-0.1927,-2.0952
7.585181713104248,-0.7570592002085054,0.0,-0.2276,-2.0952
7.59019660949707,-0.7536951254521255,0.0,-0.2276,-2.0952
7.595404624938965,-0.7500034976959821,0.0,-0.2276,-2.0952
7.6001996994018555,-0.7464270309894746,0.0,-0.2276,-2.0952
7.605209589004517,-0.7425094199205061,0.0,-0.2276,-2.0952
7.610248565673828,-0.7383835320115969,0.0,-0.2276,-2.0952
7.615202188491821,-0.734147163903783,0.0,-0.2276,-2.0952
7.620243549346924,-0.7296532214147269,0.0,-0.2625,-2.0952
7.62527060508728,-0.7249897861167466,0.0,-0.2625,-2.0952
7.630224227905273,-0.7202175877086444,0.0,-0.2625,-2.0952
7.635152578353882,-0.7152966448783536,0.0,-0.2625,-2.0952
7.640176773071289,-0.710103508628835,0.0,-0.2625,-2.0952
7.645250558853149,-0.7046795832495094,0.0,-0.2625,-2.0952
7.650163650512695,-0.6992568045066545,0.0,-0.2974,-2.0952
7.655149936676025,-0.6935829179530576,0.0,-0.2974,-2.0952
7.660285234451294,-0.6875615872223451,0.0,-0.2974,-2.0952
7.665251016616821,-0.6815688157874116,0.0,-0.2974,-2.0952
7.670175552368164,-0.6754620048149402,0.0,-0.2974,-2.0952
7.675198793411255,-0.6690662412754823,0.0,-0.2974,-2.0952
7.680262565612793,-0.662450234155283,0.0,-0.2974,-2.0952
7.685184478759766,-0.6558588892852728,0.0,-0.3322,-2.0952
7.690242767333984,-0.6489215422880905,0.0,-0.3322,-2.0952
7.695154905319214,-0.6420277887512225,0.0,-0.3322,-2.0952
7.700125694274902,-0.6348960888351438,0.0,-0.3322,-2.0952
7.705254554748535,-0.6273753302623045,0.0,-0.3322,-2.0952
7.710139274597168,-0.6200611088870142,0.0,-0.3322,-2.0952
7.7151288986206055,-0.6124390652967755,0.0,-0.3671,-2.0952
7.720215559005737,-0.604513901751072,0.0,-0.3671,-2.0952
7.725234508514404,-0.5965429236489517,0.0,-0.3671,-2.0952
7.730114936828613,-0.5886497014456739,0.0,-0.3671,-2.0952
7.735089302062988,-0.580462167614506,0.0,-0.3671,-2.0952
7.740108489990234,-0.5720571869238353,0.0,-0.3671,-2.0952
7.745156288146973,-0.5634608501003913,0.0,-0.402,-2.0952
7.750143527984619,-0.5548284781831936,0.0,-0.402,-2.0952
7.755124092102051,-0.5460717357945423,0.0,-0.402,-2.0952
7.76015043258667,-0.5370989785500975,0.0,-0.402,-2.0952
7.765096664428711,-0.528138478827225,0.0,-0.402,-2.0952
7.770133972167969,-0.518881934988907,0.0,-0.4368,-2.0952
7.775365829467773,-0.5091303504087886,0.0,-0.4368,-2.0952
7.780094861984253,-0.5001975528584316,0.0,-0.4368,-2.0952
7.7851035594940186,-0.49061614257732983,0.0,-0.4368,-2.0952
7.7901389598846436,-0.4808612083548628,0.0,-0.4368,-2.0952
7.79517388343811,-0.47098688365310215,0.0,-0.4368,-2.0952
7.8003761768341064,-0.46066056899918445,0.0,-0.4717,-2.0952
7.8060853481292725,-0.4491866178476844,0.0,-0.4717,-2.0952
7.810205698013306,-0.44081579625712936,0.0,-0.4717,-2.0952
7.815199136734009,-0.43057236189845904,0.0,-0.4717,-2.0952
7.820171356201172,-0.42026716847477424,0.0,-0.4717,-2.0952
7.825097560882568,-0.40995620899263585,0.0,-0.5066,-2.0952
7.830156326293945,-0.3992656263695356,0.0,-0.5066,-2.0952
7.8351356983184814,-0.38864432973031854,0.0,-0.5066,-2.0952
7.840113639831543,-0.37793102258880573,0.0,-0.5066,-2.0952
7.84510064125061,-0.3671055383518192,0.0,-0.5259,-0.3407
7.850143909454346,-0.356066285588852,0.0,-0.5259,-0.3407
7.855179071426392,-0.3449556094287267,0.0,-0.5259,-0.3407
7.860144138336182,-0.3339150736529491,0.0,-0.5259,-0.3407
7.865138292312622,-0.3227279072871276,0.0,-0.5259,-0.3407
7.870138883590698,-0.3114467263656966,0.0,-0.5259,-0.3407
7.875131368637085,-0.3001071551493287,0.0,-0.5259,-0.3407
7.880129098892212,-0.28868173040543565,0.0,-0.5043,2.0955
7.885302543640137,-0.2767796754427488,0.0,-0.5043,2.0955
7.890111446380615,-0.2656506561196924,0.0,-0.5043,2.0955
7.895197868347168,-0.2538134600101022,0.0,-0.5043,2.0955
7.900135517120361,-0.24226047021706013,0.0,-0.5043,2.0955
7.905213356018066,-0.23031869580117129,0.0,-0.5043,2.0955
7.910214185714722,-0.21850072798538975,0.0,-0.4695,2.0946
7.915210962295532,-0.2066384735768704,0.0,-0.4695,2.0946
7.9201459884643555,-0.19487282240741383,0.0,-0.4695,2.0946
7.925149440765381,-0.18289622994867696,0.0,-0.4695,2.0946
7.930120944976807,-0.1709513469303336,0.0,-0.4695,2.0946
7.93511962890625,-0.1588991225101361,0.0,-0.4346,2.0941
7.940171003341675,-0.14668006063186384,0.0,-0.4346,2.0941
7.945165157318115,-0.13456308782426016,0.0,-0.4346,2.0941
7.950091600418091,-0.12257793079121257,0.0,-0.4346,2.0941
7.955100774765015,-0.11036141519927146,0.0,-0.3997,2.0955
7.960134029388428,-0.09805864940824531,0.0,-0.3997,2.0955
7.965142250061035,-0.08579273415249748,0.0,-0.3997,2.0955
7.970225095748901,-0.07332235123790302,0.0,-0.3997,2.0955
7.975116968154907,-0.061302814181148815,0.0,-0.3997,2.0955
7.980114698410034,-0.04900824929251962,0.0,-0.3649,2.0956
7.985132694244385,-0.03665167994341595,0.0,-0.3649,2.0956
7.9901123046875,-0.024380620779311264,0.0,-0.3649,2.0956
7.995113849639893,-0.012049507629060081,0.0,-0.3649,2.0956
8.000118732452393,0.0002928120583489486,0.0,-0.33,2.0937
8.005303859710693,0.013079509607110702,0.0,-0.33,2.0937
8.010154485702515,0.025038239915581826,0.0,-0.33,2.0937
8.015108346939087,0.03724546486361003,0.0,-0.33,2.0937
8.020090103149414,0.04951232527918164,0.0,-0.33,2.0937
8.02510380744934,0.061845602454749564,0.0,-0.33,2.0937
8.030152320861816,0.07424899648045291,0.0,-0.2951,2.0953
8.03512191772461,0.08644027956162949,0.0,-0.2951,2.0953
8.040117263793945,0.09867349144741763,0.0,-0.2951,2.0953
8.04511547088623,0.1108893873914675,0.0,-0.2951,2.0953
8.050128936767578,0.12311510758292939,0.0,-0.2603,2.0956
8.055133581161499,0.13528885758518,0.0,-0.2603,2.0956
8.060274600982666,0.14775948920638027,0.0,-0.2603,2.0956
8.065208435058594,0.1596913447146615,0.0,-0.2603,2.0956
8.07013487815857,0.17156704811284437,0.0,-0.2603,2.0956
8.075186491012573,0.18370178651996003,0.0,-0.2603,2.0956
8.08014464378357,0.1955670477531326,0.0,-0.2603,2.0956
8.085136413574219,0.20746481809447628,0.0,-0.2254,2.096
8.090200185775757,0.21948206055753638,0.0,-0.2254,2.096
8.095410823822021,0.23178982760550257,0.0,-0.2254,2.096
8.100231409072876,0.24312103443776298,0.0,-0.2254,2.096
8.105176448822021,0.2546868225823535,0.0,-0.2254,2.096
8.110246896743774,0.26648207502643706,0.0,-0.2254,2.096
8.115168809890747,0.2778671485481733,0.0,-0.2254,2.096
8.120173454284668,0.2893754561436287,0.0,-0.2254,2.096
8.125201940536499,0.3008665404347524,0.0,-0.1905,2.0938
8.130162954330444,0.3121298712021804,0.0,-0.1905,2.0938
8.135165452957153,0.3234106094134079,0.0,-0.1905,2.0938
8.140157699584961,0.3345885999197403,0.0,-0.1905,2.0938
8.145192384719849,0.34577825407723156,0.0,-0.1905,2.0938
8.150152921676636,0.35671852451150454,0.0,-0.1905,2.0938
8.155117511749268,0.3675809958757051,0.0,-0.1905,2.0938
8.160105466842651,0.3784045382145834,0.0,-0.1556,2.0953
8.165149211883545,0.38925465006345145,0.0,-0.1556,2.0953
8.170122623443604,0.39985777683862717,0.0,-0.1556,2.0953
8.175089120864868,0.4103487551184793,0.0,-0.1556,2.0953
8.180095911026001,0.4208237246891227,0.0,-0.1208,2.0956
8.185189247131348,0.4313729171405586,0.0,-0.1208,2.0956
8.190160751342773,0.4415632806432928,0.0,-0.1208,2.0956
8.195104837417603,0.4515906267412632,0.0,-0.1208,2.0956
8.200180053710938,0.46177058471507887,0.0,-0.1208,2.0956
8.205137252807617,0.4716005151520752,0.0,-0.0859,2.0962
8.210128545761108,0.4813824874143066,0.0,-0.0859,2.0962
8.215277671813965,0.491349721862953,0.0,-0.0859,2.0962
8.220179319381714,0.500718495476932,0.0,-0.0859,2.0962
8.22513484954834,0.5100695522163683,0.0,-0.0859,2.0962
8.230109453201294,0.5193322595938871,0.0,-0.0859,2.0962
8.235109567642212,0.5285146477176562,0.0,-0.051,2.0938
8.240234613418579,0.5377911075210223,0.0,-0.051,2.0938
8.245195150375366,0.5466370553823263,0.0,-0.051,2.0938
8.250223159790039,0.5554678398696784,0.0,-0.051,2.0938
8.255205154418945,0.5640811178808967,0.0,-0.051,2.0938
8.26022720336914,0.5726237905400815,0.0,-0.051,2.0938
8.26522970199585,0.5809915062287322,0.0,-0.051,2.0938
8.270243406295776,0.589233987430017,0.0,-0.0162,2.0953
8.275399446487427,0.5975579808799278,0.0,-0.0162,2.0953
8.280273914337158,0.6052832603462728,0.0,-0.0162,2.0953
8.285196781158447,0.6129411778691228,0.0,-0.0162,2.0953
8.290166854858398,0.6205238040870117,0.0,-0.0162,2.0953
8.29515266418457,0.6279784386049128,0.0,-0.0162,2.0953
8.300139665603638,0.635280734058128,0.0,0.0187,2.0956
8.305153846740723,0.6424656154236135,0.0,0.0187,2.0956
8.310297966003418,0.6496710014120181,0.0,0.0187,2.0956
8.315257549285889,0.6564572785846949,0.0,0.0187,2.0956
8.320122718811035,0.6629595364993174,0.0,0.0187,2.0956
8.325140476226807,0.6695034758734074,0.0,0.0187,2.0956
8.330151319503784,0.6758723772019571,0.0,0.0187,2.0956
8.335140705108643,0.6820475963363731,0.0,0.0187,2.0956
8.340203762054443,0.6881426878725934,0.0,0.0536,2.0962
8.345338344573975,0.6941460722661777,0.0,0.0536,2.0962
8.350197076797485,0.6996606363283817,0.0,0.0536,2.0962
8.355195999145508,0.7051641637841756,0.0,0.0536,2.0962
8.360186100006104,0.7104845264305635,0.0,0.0536,2.0962
8.365140438079834,0.7155940269808994,0.0,0.0536,2.0962
8.370140552520752,0.7205749717683394,0.0,0.0884,2.0938
8.375240802764893,0.7254724842450903,0.0,0.0884,2.0938
8.380151748657227,0.7300122235633258,0.0,0.0884,2.0938
8.385116815567017,0.7344253454577273,0.0,0.0884,2.0938
8.390115022659302,0.7386874428736726,0.0,0.0884,2.0938
8.395110607147217,0.7427653180395066,0.0,0.1233,2.0956
8.400150060653687,0.7466936408984328,0.0,0.1233,2.0956
8.405155181884766,0.7504099572229815,0.0,0.1233,2.0956
8.410123109817505,0.7539151906116582,0.0,0.1233,2.0956
8.415106534957886,0.757246858765715,0.0,0.1233,2.0956
8.42026972770691,0.7605029342774299,0.0,0.1582,2.0958
8.42517876625061,0.7634131848876076,0.0,0.1582,2.0958
8.430183172225952,0.7661930731681555,0.0,0.1582,2.0958
8.435264110565186,0.7688217244544502,0.0,0.1582,2.0958
8.440163612365723,0.7711709969448247,0.0,0.1582,2.0958
8.44517207145691,0.7733836668499043,0.0,0.1582,2.0958
8.450211524963379,0.7754167805739192,0.0,0.193,2.0937
8.455320358276367,0.7772794969361977,0.0,0.193,2.0937
8.460137844085693,0.7788525738133587,0.0,0.193,2.0937
8.465142488479614,0.7802978322731099,0.0,0.193,2.0937
8.47011923789978,0.7815437607369343,0.0,0.193,2.0937
8.475102663040161,0.7825999307455941,0.0,0.193,2.0937
8.480130672454834,0.7834711505408279,0.0,0.2279,2.0953
8.485174894332886,0.7841487512349169,0.0,0.2279,2.0953
8.490119218826294,0.7846218299804859,0.0,0.2279,2.0953
8.495089054107666,0.7849065754337275,0.0,0.2279,2.0953
8.500088214874268,0.7849999698544619,0.0,0.2279,2.0953
8.50508737564087,0.7848997422914866,0.0,0.2628,2.0956
8.510124683380127,0.7846029312650522,0.0,0.2628,2.0956
8.515090703964233,0.7841179827867086,0.0,0.2628,2.0956
8.520098686218262,0.7834356625186586,0.0,0.2628,2.0956
8.525090217590332,0.7825626191735694,0.0,0.2977,2.096
8.530141353607178,0.7814832590701497,0.0,0.2977,2.096
8.535093545913696,0.7802340008217491,0.0,0.2977,2.096
8.54009461402893,0.7787807618226471,0.0,0.2977,2.096
8.545084476470947,0.7771391897502501,0.0,0.3325,2.0938
8.550127983093262,0.7752859099860514,0.0,0.3325,2.0938
8.55509328842163,0.7732712332514934,0.0,0.3325,2.0938
8.560091257095337,0.7710532892739469,0.0,0.3325,2.0938
8.565039873123169,0.7686699596014225,0.0,0.3674,2.0954
8.570112228393555,0.7660342345482216,0.0,0.3674,2.0954
8.575140714645386,0.7632293019133153,0.0,0.3674,2.0954
8.580121040344238,0.7602634916715927,0.0,0.3674,2.0954
8.585119009017944,0.7571000753823857,0.0,0.3674,2.0954
8.590272903442383,0.7536424993853404,0.0,0.3674,2.0954
8.595216989517212,0.7501399928641825,0.0,0.4023,2.0955
8.60020399093628,0.7464237541048353,0.0,0.4023,2.0955
8.60515570640564,0.7425525350345568,0.0,0.4023,2.0955
8.610156297683716,0.7384607468552037,0.0,0.4023,2.0955
8.61515474319458,0.7341885843769713,0.0,0.4023,2.0955
8.620126962661743,0.7297592202565,0.0,0.4371,2.096
8.625142812728882,0.7251105798281307,0.0,0.4371,2.096
8.630137920379639,0.7203022306829048,0.0,0.4371,2.096
8.635109424591064,0.71534047965827,0.0,0.4371,2.096
8.640111684799194,0.7101719194407228,0.0,0.472,2.0938
8.645166873931885,0.7047704992185977,0.0,0.472,2.0938
8.650107860565186,0.699319319699175,0.0,0.472,2.0938
8.655127048492432,0.6936093522803717,0.0,0.472,2.0938
8.660152435302734,0.6877195600940444,0.0,0.5069,2.0954
8.665356636047363,0.6814395460907535,0.0,0.5069,2.0954
8.670118808746338,0.675533294889831,0.0,0.5069,2.0954
8.675184965133667,0.6690840773649777,0.0,0.5069,2.0954
8.680112600326538,0.6626485866734267,0.0,0.5069,2.0954
8.68510913848877,0.6559609695714338,0.0,0.5417,2.0955
8.690162420272827,0.6490330222264215,0.0,0.5417,2.0955
8.695176601409912,0.6419969998330476,0.0,0.5417,2.0955
8.700128316879272,0.6348922851076184,0.0,0.5417,2.0955
8.705135822296143,0.6275512841002795,0.0,0.5417,2.0955
8.71018648147583,0.6199897076433908,0.0,0.5417,2.0955
8.715104818344116,0.612476212706464,0.0,0.5766,2.096
8.720213890075684,0.6045165274199716,0.0,0.5766,2.096
8.725123167037964,0.5967213694965463,0.0,0.5766,2.096
8.730143308639526,0.5886034087312089,0.0,0.5766,2.096
8.735137701034546,0.5803818059491302,0.0,0.5766,2.096
8.740198373794556,0.5719053675737605,0.0,0.6115,2.0938
8.745394706726074,0.5630513047668892,0.0,0.6115,2.0938
8.750174522399902,0.5547744021481271,0.0,0.6115,2.0938
8.75522255897522,0.5458972582474235,0.0,0.6115,2.0938
8.760256052017212,0.5369089878156368,0.0,0.6115,2.0938
8.765192747116089,0.527963147549082,0.0,0.6115,2.0938
8.770251035690308,0.5186652653282569,0.0,0.6115,2.0938
8.775315761566162,0.50922432731184,0.0,0.6451,1.7646
8.78013277053833,0.5001254976672124,0.0,0.6451,1.7646
8.785145044326782,0.4905362734624623,0.0,0.6451,1.7646
8.790128946304321,0.48088072759549855,0.0,0.6451,1.7646
8.795156240463257,0.47102169165608787,0.0,0.6451,1.7646
8.800152778625488,0.461106552501014,0.0,0.6451,1.7646
8.805171728134155,0.4510325647398646,0.0,0.6451,1.7646
8.810368776321411,0.4404829607746747,0.0,0.6383,-1.7533
8.815260171890259,0.43044649502565707,0.0,0.6383,-1.7533
8.820247888565063,0.42010774319744415,0.0,0.6383,-1.7533
8.825180530548096,0.409781698778255,0.0,0.6383,-1.7533
8.830195665359497,0.3991820932891202,0.0,0.6383,-1.7533
8.835139989852905,0.38863513423914803,0.0,0.6383,-1.7533
8.840184211730957,0.37777847016912275,0.0,0.6383,-1.7533
8.84510064125061,0.3671055383518193,0.0,0.6035,-2.0957
8.850114107131958,0.35613178541713003,0.0,0.6035,-2.0957
8.855348587036133,0.34458003583306984,0.0,0.6035,-2.0957
8.860310792922974,0.33354306908233317,0.0,0.6035,-2.0957
8.86526107788086,0.32245184928040205,0.0,0.6035,-2.0957
8.870191097259521,0.31132852359260144,0.0,0.6035,-2.0957
8.875144243240356,0.30007781606449074,0.0,0.6035,-2.0957
8.880160093307495,0.2886106484127974,0.0,0.5686,-2.0957
8.885120868682861,0.2771988949032316,0.0,0.5686,-2.0957
8.890124082565308,0.2656213318031199,0.0,0.5686,-2.0957
8.89511227607727,0.25401319620640134,0.0,0.5686,-2.0957
8.900119543075562,0.24229794138675842,0.0,0.5338,-2.0954
8.905433654785156,0.22979926107397786,0.0,0.5338,-2.0954
8.910159826278687,0.2186294855015472,0.0,0.5338,-2.0954
8.9151451587677,0.20679502722053755,0.0,0.5338,-2.0954
8.920149564743042,0.19486427883476953,0.0,0.5338,-2.0954
8.925127983093262,0.18294769104599284,0.0,0.4989,-2.0961
8.93014121055603,0.17090256811321886,0.0,0.4989,-2.0961
8.935178995132446,0.15875574447283305,0.0,0.4989,-2.0961
8.940163850784302,0.146697389208869,0.0,0.4989,-2.0961
8.945136547088623,0.13463260004643182,0.0,0.4989,-2.0961
8.950139999389648,0.1224600343803989,0.0,0.4989,-2.0961
8.955127000808716,0.11029737982254853,0.0,0.464,-2.0955
8.960158348083496,0.09799914531627306,0.0,0.464,-2.0955
8.965136766433716,0.08580617658168689,0.0,0.464,-2.0955
8.970102548599243,0.07362324425395934,0.0,0.464,-2.0955
8.975118637084961,0.06129871091741558,0.0,0.464,-2.0955
8.980104684829712,0.0490328960889241,0.0,0.4292,-2.096
8.985135555267334,0.03664463192430438,0.0,0.4292,-2.096
8.990129709243774,0.0243377191989135,0.0,0.4292,-2.096
8.995102882385254,0.012076551332997298,0.0,0.4292,-2.096
9.000099420547485,-0.00024518600236665943,0.0,0.3943,-2.0955
9.005149602890015,-0.01269914040084192,0.0,0.3943,-2.0955
9.010104417800903,-0.024914827463432446,0.0,0.3943,-2.0955
9.015089511871338,-0.03719906700461603,0.0,0.3943,-2.0955
9.020090103149414,-0.04951232527918154,0.0,0.3594,-2.096
9.025153875350952,-0.061968692858373794,0.0,0.3594,-2.096
9.030160188674927,-0.07426831267876607,0.0,0.3594,-2.096
9.035121440887451,-0.08643911076059943,0.0,0.3594,-2.096
9.04010820388794,-0.09865132553320959,0.0,0.3594,-2.096
9.04510760307312,-0.11087017871454966,0.0,0.3594,-2.096
9.050130844116211,-0.1231197531788642,0.0,0.3245,-2.0955
9.055354356765747,-0.13582514401488543,0.0,0.3245,-2.0955
9.06016755104065,-0.14750019857612776,0.0,0.3245,-2.0955
9.06510066986084,-0.1594311275998813,0.0,0.3245,-2.0955
9.07010555267334,-0.17149647474900784,0.0,0.3245,-2.0955
9.075093984603882,-0.18347997868430665,0.0,0.2897,-2.096
9.0801842212677,-0.19566157281333268,0.0,0.2897,-2.096
9.085114240646362,-0.2074120800716079,0.0,0.2897,-2.096
9.090096473693848,-0.2192364799294207,0.0,0.2897,-2.096
9.095158338546753,-0.23119485114119132,0.0,0.2897,-2.096
9.100113153457642,-0.2428437208308639,0.0,0.2548,-2.0955
9.105222463607788,-0.25479416070316047,0.0,0.2548,-2.0955
9.110154867172241,-0.26626858246500124,0.0,0.2548,-2.0955
9.115225076675415,-0.2779969225822949,0.0,0.2548,-2.0955
9.120133876800537,-0.2892847235755255,0.0,0.2548,-2.0955
9.125115871429443,-0.30067047894272686,0.0,0.2199,-2.096
9.130144119262695,-0.312087250305022,0.0,0.2199,-2.096
9.135152339935303,-0.3233811424795495,0.0,0.2199,-2.096
9.14011836051941,-0.3345008350977063,0.0,0.2199,-2.096
9.14509916305542,-0.34557184510967587,0.0,0.2199,-2.096
9.150124311447144,-0.3566556716088651,0.0,0.185,-2.0955
9.155212879180908,-0.36778879193639646,0.0,0.185,-2.0955
9.160120725631714,-0.3784375076002654,0.0,0.185,-2.0955
9.165143966674805,-0.38924341685684505,0.0,0.185,-2.0955
9.170124769210815,-0.3998623306526427,0.0,0.185,-2.0955
9.175107717514038,-0.41038785160208807,0.0,0.1502,-2.096
9.180285930633545,-0.42121924033950264,0.0,0.1502,-2.096
9.185131788253784,-0.43125452062553415,0.0,0.1502,-2.096
9.19009780883789,-0.4414349319513405,0.0,0.1502,-2.096
9.195090770721436,-0.45156225077845524,0.0,0.1502,-2.096
9.20014238357544,-0.4616954545300199,0.0,0.1153,-2.0955
9.205213785171509,-0.47175138536913896,0.0,0.1153,-2.0955
9.210100889205933,-0.48132860978715786,0.0,0.1153,-2.0955
9.215102910995483,-0.4910135281043259,0.0,0.1153,-2.0955
9.220105171203613,-0.5005776511063227,0.0,0.1153,-2.0955
9.2251615524292,-0.5101196075527838,0.0,0.0804,-2.096
9.230262994766235,-0.5196161475245163,0.0,0.0804,-2.096
9.235213994979858,-0.5287050393873571,0.0,0.0804,-2.096
9.240276336669922,-0.5378660587786465,0.0,0.0804,-2.096
9.245169639587402,-0.5465919006848159,0.0,0.0804,-2.096
9.250223398208618,-0.5554682553397821,0.0,0.0804,-2.096
9.255266666412354,-0.5641866055658834,0.0,0.0804,-2.096
9.260135412216187,-0.5724689231010586,0.0,0.0456,-2.0955
9.26528549194336,-0.5810840212084929,0.0,0.0456,-2.0955
9.27028203010559,-0.5892969197928406,0.0,0.0456,-2.0955
9.275259971618652,-0.5973348638874372,0.0,0.0456,-2.0955
9.280215501785278,-0.6051915221466776,0.0,0.0456,-2.0955
9.285180807113647,-0.6129165650527669,0.0,0.0456,-2.0955
9.290220260620117,-0.6206044647135615,0.0,0.0456,-2.0955
9.295229196548462,-0.6280916715486561,0.0,0.0456,-2.0955
9.30030369758606,-0.6355182813819068,0.0,0.0107,-2.096
9.305136919021606,-0.6424416266848774,0.0,0.0107,-2.096
9.310278415679932,-0.6496439372192411,0.0,0.0107,-2.096
9.31512975692749,-0.656284411499415,0.0,0.0107,-2.096
9.320261240005493,-0.6631424084792409,0.0,0.0107,-2.096
9.325136423110962,-0.6694982568980659,0.0,0.0107,-2.096
9.33010482788086,-0.6758140526048112,0.0,0.0107,-2.096
9.335191011428833,-0.6821090082367111,0.0,-0.0242,-2.0955
9.340348243713379,-0.6883140723935853,0.0,-0.0242,-2.0955
9.34522294998169,-0.6940131304090845,0.0,-0.0242,-2.0955
9.350165367126465,-0.6996251735773112,0.0,-0.0242,-2.0955
9.355130910873413,-0.7050936198985207,0.0,-0.0242,-2.0955
9.360119104385376,-0.7104142503161124,0.0,-0.0242,-2.0955
9.365116119384766,-0.7155693690316713,0.0,-0.059,-2.096
9.370208978652954,-0.7206419050855775,0.0,-0.059,-2.096
9.375140190124512,-0.7253776677871073,0.0,-0.059,-2.096
9.380208492279053,-0.7300636646522335,0.0,-0.059,-2.096
9.385133028030396,-0.7344394635404922,0.0,-0.059,-2.096
9.390116691589355,-0.7386888356525344,0.0,-0.0939,-2.0955
9.395195007324219,-0.7428326448081463,0.0,-0.0939,-2.0955
9.400102376937866,-0.7466573463315112,0.0,-0.0939,-2.0955
9.405102729797363,-0.7503719718083655,0.0,-0.0939,-2.0955
9.41009521484375,-0.7538960205783714,0.0,-0.0939,-2.0955
9.415118932723999,-0.7572549161740609,0.0,-0.1288,-2.096
9.420228481292725,-0.7604777146896828,0.0,-0.1288,-2.096
9.425130844116211,-0.7633856514632708,0.0,-0.1288,-2.096
9.430112361907959,-0.7661550581764788,0.0,-0.1288,-2.096
9.435133218765259,-0.7687564622437751,0.0,-0.1288,-2.096
9.440295696258545,-0.7712318034273364,0.0,-0.1637,-2.0955
9.445130109786987,-0.773365923367094,0.0,-0.1637,-2.0955
9.450221538543701,-0.7754206271290551,0.0,-0.1637,-2.0955
9.455211877822876,-0.7772420232025811,0.0,-0.1637,-2.0955
9.460134267807007,-0.7788514721594685,0.0,-0.1637,-2.0955
9.465128898620605,-0.7802941687689768,0.0,-0.1637,-2.0955
9.470167398452759,-0.7815548848501654,0.0,-0.1637,-2.0955
9.475125789642334,-0.7826043851523058,0.0,-0.1985,-2.096
9.480204820632935,-0.7834825362721782,0.0,-0.1985,-2.096
9.485103845596313,-0.7841405740238495,0.0,-0.1985,-2.096
9.490099668502808,-0.7846203321102704,0.0,-0.1985,-2.096
9.495098352432251,-0.7849069288696746,0.0,-0.1985,-2.096
9.500132322311401,-0.7849999321725395,0.0,-0.2334,-2.0955
9.505151987075806,-0.7848971795606506,0.0,-0.2334,-2.0955
9.510266304016113,-0.7845917464208795,0.0,-0.2334,-2.0955
9.515220642089844,-0.7841027311265006,0.0,-0.2334,-2.0955
9.520124435424805,-0.7834316530202999,0.0,-0.2334,-2.0955
9.525130987167358,-0.7825546957623737,0.0,-0.2334,-2.0955
9.530140161514282,-0.7814835370315408,0.0,-0.2334,-2.0955
9.53516674041748,-0.7802141194754189,0.0,-0.2334,-2.0955
9.540131330490112,-0.7787693812276223,0.0,-0.2683,-2.096
9.54537320137024,-0.777038355819289,0.0,-0.2683,-2.096
9.550217866897583,-0.7752511146980389,0.0,-0.2683,-2.096
9.555192232131958,-0.7732291730191867,0.0,-0.2683,-2.096
9.560187101364136,-0.7710088971187271,0.0,-0.2683,-2.096
9.56517505645752,-0.7686022436733448,0.0,-0.2683,-2.096
9.5701322555542,-0.766023441946525,0.0,-0.3032,-2.0955
9.575146198272705,-0.7632261390008398,0.0,-0.3032,-2.0955
9.580162286758423,-0.760238151127029,0.0,-0.3032,-2.0955
9.585123300552368,-0.7570972787785231,0.0,-0.3032,-2.0955
9.59033203125,-0.7536016844040679,0.0,-0.3032,-2.0955
9.59512972831726,-0.7502033821270641,0.0,-0.3032,-2.0955
9.600121974945068,-0.7464863555298704,0.0,-0.338,-2.096
9.605204343795776,-0.7425136179017966,0.0,-0.338,-2.096
9.610113859176636,-0.7384962408605125,0.0,-0.338,-2.096
9.615155458450317,-0.7341879600688219,0.0,-0.338,-2.096
9.620179414749146,-0.7297115437296505,0.0,-0.338,-2.096
9.625149726867676,-0.7251040473379158,0.0,-0.3729,-2.0955
9.630261898040771,-0.720180627490978,0.0,-0.3729,-2.0955
9.635165691375732,-0.7152833223131502,0.0,-0.3729,-2.0955
9.64012885093689,-0.7101538799116623,0.0,-0.3729,-2.0955
9.645135164260864,-0.7048049361335662,0.0,-0.3729,-2.0955
9.650155305862427,-0.6992661564358652,0.0,-0.4078,-2.096
9.655412673950195,-0.6932792170840739,0.0,-0.4078,-2.096
9.66015076637268,-0.6877215446288933,0.0,-0.4078,-2.096
9.66514539718628,-0.6816980104433318,0.0,-0.4078,-2.096
9.670100688934326,-0.6755560552657061,0.0,-0.4078,-2.096
9.675096035003662,-0.6691987516972239,0.0,-0.4426,-2.0955
9.68019151687622,-0.6625442255404576,0.0,-0.4426,-2.0955
9.685110092163086,-0.6559596776455389,0.0,-0.4426,-2.0955
9.690089702606201,-0.6491338808834716,0.0,-0.4426,-2.0955
9.695085763931274,-0.6421258873821811,0.0,-0.4775,-2.096
9.70016360282898,-0.6348411034919091,0.0,-0.4775,-2.096
9.70509672164917,-0.6276092096271093,0.0,-0.4775,-2.096
9.710092782974243,-0.6201314149641911,0.0,-0.4775,-2.096
9.715087413787842,-0.612503059642084,0.0,-0.4775,-2.096
9.720090389251709,-0.6047107807981277,0.0,-0.5124,-2.0955
9.725164413452148,-0.5966552728020924,0.0,-0.5124,-2.0955
9.730116605758667,-0.5886469784742755,0.0,-0.5124,-2.0955
9.7350914478302,-0.580458605066332,0.0,-0.5124,-2.0955
9.740097045898438,-0.5720765134351599,0.0,-0.5473,-2.096
9.745140075683594,-0.5634886877069306,0.0,-0.5473,-2.096
9.750102996826172,-0.5548991850607873,0.0,-0.5473,-2.096
9.75510048866272,-0.5461135519464793,0.0,-0.5473,-2.096
9.760099649429321,-0.5371903074464769,0.0,-0.5473,-2.096
9.765108823776245,-0.5281162931609361,0.0,-0.5821,-2.0955
9.77018690109253,-0.5187839789854123,0.0,-0.5821,-2.0955
9.775208950042725,-0.5094247692609054,0.0,-0.5821,-2.0955
9.780363082885742,-0.49968757596848623,0.0,-0.5821,-2.0955
9.785127401351929,-0.4905702418055016,0.0,-0.5821,-2.0955
9.79012680053711,-0.48088491022800506,0.0,-0.614,-1.5109
9.795170783996582,-0.47099299867731803,0.0,-0.614,-1.5109
9.800250768661499,-0.46091095695099205,0.0,-0.614,-1.5109
9.80517315864563,-0.4510296773267786,0.0,-0.614,-1.5109
9.810147523880005,-0.44093449904864723,0.0,-0.614,-1.5109
9.815097093582153,-0.43078276021543765,0.0,-0.614,-1.5109
9.820088863372803,-0.42043898284390147,0.0,-0.6079,1.5418
9.825263261795044,-0.4096076623084951,0.0,-0.6079,1.5418
9.83011245727539,-0.3993587712185773,0.0,-0.6079,1.5418
9.835105180740356,-0.38870971785229785,0.0,-0.6079,1.5418
9.840112209320068,-0.377934114675512,0.0,-0.6079,1.5418
9.845124959945679,-0.367052525843156,0.0,-0.6079,1.5418
9.85014009475708,-0.3560746697410775,0.0,-0.5734,2.0931
9.85515809059143,-0.3450020871228962,0.0,-0.5734,2.0931
9.860209703445435,-0.33376873083935715,0.0,-0.5734,2.0931
9.865196704864502,-0.32259658470677854,0.0,-0.5734,2.0931
9.870173215866089,-0.3113690049376826,0.0,-0.5734,2.0931
9.875177383422852,-0.30000229282879914,0.0,-0.5734,2.0931
9.880500078201294,-0.28783075414388465,0.0,-0.5385,2.0954
9.885173320770264,-0.2770778696790926,0.0,-0.5385,2.0954
9.890241384506226,-0.2653490936461413,0.0,-0.5385,2.0954
9.895129442214966,-0.25397313916541275,0.0,-0.5385,2.0954
9.900137424468994,-0.24225599600676845,0.0,-0.5385,2.0954
9.90511155128479,-0.23055870035173603,0.0,-0.5385,2.0954
9.9101243019104,-0.21871362622306223,0.0,-0.5385,2.0954
9.91522765159607,-0.20659876653844317,0.0,-0.5036,2.0955
9.920218467712402,-0.19469966786742338,0.0,-0.5036,2.0955
9.925220966339111,-0.18272468695632227,0.0,-0.5036,2.0955
9.930238962173462,-0.17066727232829423,0.0,-0.5036,2.0955
9.935164213180542,-0.1587914455448144,0.0,-0.4688,2.0962
9.940223455429077,-0.14655298213806336,0.0,-0.4688,2.0962
9.945308208465576,-0.13421551041817645,0.0,-0.4688,2.0962
9.95028018951416,-0.12211852536100254,0.0,-0.4688,2.0962
9.955307006835938,-0.10985784409932922,0.0,-0.4688,2.0962
9.960245847702026,-0.09778504253071085,0.0,-0.4339,2.0937
9.965164184570312,-0.08573896418116406,0.0,-0.4339,2.0937
9.97014594078064,-0.07351670361447762,0.0,-0.4339,2.0937
9.975160121917725,-0.06119671496337085,0.0,-0.4339,2.0937
9.980117797851562,-0.049000620512373284,0.0,-0.4339,2.0937
9.98512578010559,-0.03666871264404831,0.0,-0.399,2.0955
9.990151643753052,-0.02428365135013204,0.0,-0.399,2.0955
9.995351314544678,-0.01146394919445832,0.0,-0.399,2.0955
