time,ref_pos,ref_vel,meas_pos,meas_vel
0.00512242317199707,-1.5581642069367239,0.0,-1.5717,0.0058
0.010115385055541992,-1.5458544660748281,0.0,-1.5717,0.0058
0.015091180801391602,-1.5335931485823213,0.0,-1.5717,0.0058
0.02010178565979004,-1.5212552480881976,0.0,-1.5717,0.0058
0.02520298957824707,-1.5087068896016396,0.0,-1.5717,0.0058
0.030156373977661133,-1.4965373795399484,0.0,-1.5717,0.0058
0.03510761260986328,-1.4843911113484747,0.0,-1.5717,0.0058
0.0401153564453125,-1.472127501849089,0.0,-1.5717,0.0058
0.045098066329956055,-1.4599494314159092,0.0,-1.5717,0.0058
0.05014395713806152,-1.4476446352636552,0.0,-1.5686,0.1809
0.055108070373535156,-1.4355694417116238,0.0,-1.5686,0.1809
0.06011009216308594,-1.4234353089136333,0.0,-1.5686,0.1809
0.06509137153625488,-1.4113876524134998,0.0,-1.5686,0.1809
0.07010245323181152,-1.399307311104365,0.0,-1.5629,0.3334
0.07512259483337402,-1.387247746092958,0.0,-1.5629,0.3334
0.08011221885681152,-1.3753067235129823,0.0,-1.5629,0.3334
0.08512210845947266,-1.3633655331160899,0.0,-1.5629,0.3334
0.09013175964355469,-1.3514762903830926,0.0,-1.5629,0.3334
0.0951700210571289,-1.339573942840932,0.0,-1.5629,0.3334
0.10029172897338867,-1.3275338529745475,0.0,-1.5519,0.6046
0.10524106025695801,-1.3159587874292216,0.0,-1.5519,0.6046
0.11015558242797852,-1.3045260849754379,0.0,-1.5519,0.6046
0.11515092849731445,-1.292970421813111,0.0,-1.5519,0.6046
0.12014555931091309,-1.2814848202490468,0.0,-1.5519,0.6046
0.12512469291687012,-1.2701057518956758,0.0,-1.529,1.2324
0.13053345680236816,-1.2578282871580375,0.0,-1.529,1.2324
0.13517189025878906,-1.2473712519966287,0.0,-1.529,1.2324
0.14013957977294922,-1.236248151249333,0.0,-1.529,1.2324
0.14519810676574707,-1.225005404079404,0.0,-1.529,1.2324
0.15018606185913086,-1.2140050012735857,0.0,-1.529,1.2324
0.15513920783996582,-1.203168054415348,0.0,-1.4992,1.6408
0.1601715087890625,-1.1922490992216297,0.0,-1.4992,1.6408
0.1654219627380371,-1.180957695708645,0.0,-1.4992,1.6408
0.17022085189819336,-1.1707301050969638,0.0,-1.4992,1.6408
0.17533135414123535,-1.1599384246626359,0.0,-1.4992,1.6408
0.1801741123199463,-1.14980981212759,0.0,-1.4992,1.6408
0.18515467643737793,-1.13949464238795,0.0,-1.4992,1.6408
0.1904010772705078,-1.1287431463676079,0.0,-1.4992,1.6408
0.19522738456726074,-1.118958529828181,0.0,-1.4645,2.0944
0.20012474060058594,-1.109136062043406,0.0,-1.4645,2.0944
0.20514822006225586,-1.0991741899380536,0.0,-1.4645,2.0944
0.21016550064086914,-1.0893418533957624,0.0,-1.4645,2.0944
0.21517181396484375,-1.0796502298568855,0.0,-1.4645,2.0944
0.22022223472595215,-1.069996326088915,0.0,-1.4645,2.0944
0.225111722946167,-1.0607701289759217,0.0,-1.4305,1.9633
0.23027420043945312,-1.0511594654742669,0.0,-1.4305,1.9633
0.23514819145202637,-1.042211253610669,0.0,-1.4305,1.9633
0.2401256561279297,-1.0332009926971684,0.0,-1.4305,1.9633
0.2451629638671875,-1.0242162428721868,0.0,-1.4305,1.9633
0.2503025531768799,-1.0151901526089468,0.0,-1.3974,1.9361
0.25539636611938477,-1.0063873666351015,0.0,-1.3974,1.9361
0.2604258060455322,-0.9978376224207776,0.0,-1.3974,1.9361
0.26546263694763184,-0.9894186690949986,0.0,-1.3974,1.9361
0.27042627334594727,-0.98126445853434,0.0,-1.3974,1.9361
0.2751317024230957,-0.9736667554970486,0.0,-1.3974,1.9361
0.2801699638366699,-0.9656763371370711,0.0,-1.3633,2.015
0.28515028953552246,-0.957926787533349,0.0,-1.3633,2.015
0.29012608528137207,-0.9503341102113032,0.0,-1.3633,2.015
0.2951064109802246,-0.9428863394071257,0.0,-1.3633,2.015
0.30012035369873047,-0.9355435708921995,0.0,-1.3298,1.9553
0.30517053604125977,-0.9283070622808636,0.0,-1.3298,1.9553
0.3102843761444092,-0.9211441380376834,0.0,-1.3298,1.9553
0.31516242027282715,-0.9144677209202098,0.0,-1.3298,1.9553
0.3201882839202881,-0.9077502173388252,0.0,-1.3298,1.9553
0.3252909183502197,-0.9010992116344383,0.0,-1.2962,1.9767
0.3301866054534912,-0.8948796923434701,0.0,-1.2962,1.9767
0.3353104591369629,-0.8885415699321068,0.0,-1.2962,1.9767
0.34023237228393555,-0.8826196901346695,0.0,-1.2962,1.9767
0.34519386291503906,-0.8768167209169901,0.0,-1.2962,1.9767
0.35017871856689453,-0.8711562206866624,0.0,-1.2962,1.9767
0.35517120361328125,-0.8656590333954387,0.0,-1.2962,1.9767
0.36014294624328613,-0.8603570635782732,0.0,-1.2962,1.9767
0.3651916980743408,-0.855150338406004,0.0,-1.2623,1.9861
0.3702692985534668,-0.8500954453919686,0.0,-1.2623,1.9861
0.37517261505126953,-0.845388094130151,0.0,-1.2623,1.9861
0.38015151023864746,-0.8407843194195417,0.0,-1.2623,1.9861
0.3851311206817627,-0.8363585241064291,0.0,-1.2623,1.9861
0.39011716842651367,-0.8321070932092743,0.0,-1.2287,1.9727
0.39516329765319824,-0.8279889709476972,0.0,-1.2287,1.9727
0.40023088455200195,-0.8240412048779343,0.0,-1.2287,1.9727
0.40518999099731445,-0.8203611723176101,0.0,-1.2287,1.9727
0.4101226329803467,-0.8168814638274743,0.0,-1.2287,1.9727
0.4151344299316406,-0.8135313404758463,0.0,-1.2287,1.9727
0.42014312744140625,-0.8103708411679531,0.0,-1.2287,1.9727
0.42529296875,-0.8073175971811317,0.0,-1.1949,1.986
0.43024373054504395,-0.8045707725687046,0.0,-1.1949,1.986
0.4352762699127197,-0.8019685463298294,0.0,-1.1949,1.986
0.44021129608154297,-0.7996033627351875,0.0,-1.1949,1.986
0.4452512264251709,-0.7973792258731626,0.0,-1.1949,1.986
0.4502549171447754,-0.7953628833576663,0.0,-1.1949,1.986
0.4552898406982422,-0.7935273627941188,0.0,-1.1611,1.9858
0.46058225631713867,-0.7918076193742944,0.0,-1.1611,1.9858
0.4653913974761963,-0.7904316461509281,0.0,-1.1611,1.9858
0.47020888328552246,-0.789231874130995,0.0,-1.1611,1.9858
0.47522640228271484,-0.7881726107584516,0.0,-1.1611,1.9858
0.48047542572021484,-0.7872725987971383,0.0,-1.1611,1.9858
0.48519229888916016,-0.7866455783748965,0.0,-1.1611,1.9858
0.4901883602142334,-0.7861692232124211,0.0,-1.1273,1.9873
0.49517083168029785,-0.7858866658954428,0.0,-1.1273,1.9873
0.5005209445953369,-0.7857973780845323,0.0,-1.1273,1.9873
0.5053665637969971,-0.7859078901874679,0.0,-1.1273,1.9873
0.5104236602783203,-0.7862171901310582,0.0,-1.1273,1.9873
0.515465259552002,-0.7867226624907766,0.0,-1.1273,1.9873
0.520338773727417,-0.7873982480817336,0.0,-1.1273,1.9873
0.5255007743835449,-0.7883140840321846,0.0,-1.0934,1.9942
0.5303201675415039,-0.7893548860615549,0.0,-1.0934,1.9942
0.5352320671081543,-0.7905999864239958,0.0,-1.0934,1.9942
0.5401649475097656,-0.7920373745492919,0.0,-1.0934,1.9942
0.5452032089233398,-0.7936985256211763,0.0,-1.0934,1.9942
0.5502476692199707,-0.7955567626422249,0.0,-1.0934,1.9942
0.5552012920379639,-0.7975710088078564,0.0,-1.0594,1.9962
0.5602755546569824,-0.7998284605802525,0.0,-1.0594,1.9962
0.5651729106903076,-0.8021930071827679,0.0,-1.0594,1.9962
0.5701234340667725,-0.8047681305906158,0.0,-1.0594,1.9962
0.5751368999481201,-0.8075648247282364,0.0,-1.0594,1.9962
0.5801730155944824,-0.8105647692310478,0.0,-1.0254,2.0013
0.5852792263031006,-0.8138007512885247,0.0,-1.0254,2.0013
0.5901463031768799,-0.8170665247174826,0.0,-1.0254,2.0013
0.5951797962188721,-0.820629308662652,0.0,-1.0254,2.0013
0.6001203060150146,-0.8243086979132948,0.0,-1.0254,2.0013
0.6050894260406494,-0.8281907855392041,0.0,-0.9914,2.0064
0.6101162433624268,-0.8323020796316096,0.0,-0.9914,2.0064
0.6150949001312256,-0.8365555217664482,0.0,-0.9914,2.0064
0.6200971603393555,-0.8410100264305296,0.0,-0.9914,2.0064
0.6251416206359863,-0.8456846207099274,0.0,-0.9572,2.0117
0.6301069259643555,-0.8504637123867455,0.0,-0.9572,2.0117
0.635098934173584,-0.8554451931545406,0.0,-0.9572,2.0117
0.6401033401489258,-0.8606156388847002,0.0,-0.9572,2.0117
0.6451163291931152,-0.8659709389628393,0.0,-0.9229,2.024
0.6501433849334717,-0.8715168112938071,0.0,-0.9229,2.024
0.6551098823547363,-0.8771671511224916,0.0,-0.9229,2.024
0.6600987911224365,-0.8830129875433522,0.0,-0.9229,2.024
0.665093183517456,-0.8890344758354457,0.0,-0.8931,1.5362
0.6701474189758301,-0.8952989737975403,0.0,-0.8931,1.5362
0.6751043796539307,-0.9016083332031951,0.0,-0.8931,1.5362
0.6801140308380127,-0.9081496315016151,0.0,-0.8931,1.5362
0.6851463317871094,-0.9148857466963916,0.0,-0.8748,1.0226
0.6901063919067383,-0.9216855908047525,0.0,-0.8748,1.0226
0.6950922012329102,-0.9286795714545439,0.0,-0.8748,1.0226
0.7000977993011475,-0.935859782797817,0.0,-0.8748,1.0226
0.7050902843475342,-0.9431775815559997,0.0,-0.8678,0.263
0.7101540565490723,-0.9507575744065209,0.0,-0.8678,0.263
0.7151145935058594,-0.9583351933073583,0.0,-0.8678,0.263
0.7201204299926758,-0.9661327884413295,0.0,-0.8678,0.263
0.7251272201538086,-0.9740814519053579,0.0,-0.8678,0.263
0.7301323413848877,-0.9821750228464957,0.0,-0.8697,-0.1508
0.7352476119995117,-0.9905970668733992,0.0,-0.8697,-0.1508
0.7401659488677979,-0.9988361862392847,0.0,-0.8697,-0.1508
0.7451491355895996,-1.0073231952173138,0.0,-0.8697,-0.1508
0.7501931190490723,-1.0160543727926257,0.0,-0.8697,-0.1508
0.7551476955413818,-1.02476641015491,0.0,-0.8697,-0.1508
0.7602002620697021,-1.0337869753326525,0.0,-0.8795,-0.5629
0.7655985355377197,-1.0435741906350615,0.0,-0.8795,-0.5629
0.770244836807251,-1.052119586364874,0.0,-0.8795,-0.5629
0.7751901149749756,-1.0613362176925498,0.0,-0.8795,-0.5629
0.7802824974060059,-1.070955493801038,0.0,-0.8795,-0.5629
0.7852065563201904,-1.0803784952870685,0.0,-0.8795,-0.5629
0.790508508682251,-1.090655804053327,0.0,-0.8795,-0.5629
0.7956130504608154,-1.1006763461914468,0.0,-0.8984,-1.0667
0.8001465797424316,-1.1096774023221903,0.0,-0.8984,-1.0667
0.8052651882171631,-1.119952425517996,0.0,-0.8984,-1.0667
0.8101060390472412,-1.129777188030035,0.0,-0.8984,-1.0667
0.815171480178833,-1.1401669366813332,0.0,-0.8984,-1.0667
0.8201239109039307,-1.1504303367798443,0.0,-0.8984,-1.0667
0.8251228332519531,-1.1608932702630255,0.0,-0.928,-1.6276
0.830228328704834,-1.1716835959084855,0.0,-0.928,-1.6276
0.8352253437042236,-1.1823440953301891,0.0,-0.928,-1.6276
0.8401889801025391,-1.1930281648915202,0.0,-0.928,-1.6276
0.845184326171875,-1.203873222838718,0.0,-0.928,-1.6276
0.8502638339996338,-1.2149936440598383,0.0,-0.928,-1.6276
0.855175256729126,-1.225832266764843,0.0,-0.928,-1.6276
0.8602831363677979,-1.2371915167182956,0.0,-0.9625,-2.0344
0.8652510643005371,-1.2483219622485264,0.0,-0.9625,-2.0344
0.8702020645141602,-1.2594926322467048,0.0,-0.9625,-2.0344
0.8751704692840576,-1.270778277051324,0.0,-0.9625,-2.0344
0.8801772594451904,-1.2822250480478314,0.0,-0.9625,-2.0344
0.8852231502532959,-1.2938334380475471,0.0,-0.9625,-2.0344
0.8901803493499756,-1.3053055762750905,0.0,-0.9625,-2.0344
0.8951475620269775,-1.3168654708629686,0.0,-0.9975,-2.0944
0.9001812934875488,-1.3286432400252521,0.0,-0.9975,-2.0944
0.9051346778869629,-1.3402921453138772,0.0,-0.9975,-2.0944
0.9101390838623047,-1.3521177118163599,0.0,-0.9975,-2.0944
0.9151718616485596,-1.364064827524063,0.0,-0.9975,-2.0944
0.9201695919036865,-1.3759798924214703,0.0,-0.9975,-2.0944
0.9251730442047119,-1.3879567050132156,0.0,-1.0324,-2.0932
0.9302401542663574,-1.4001319240267776,0.0,-1.0324,-2.0932
0.9353020191192627,-1.4123377206472376,0.0,-1.0324,-2.0932
0.940152645111084,-1.4240717896309785,0.0,-1.0324,-2.0932
0.9451301097869873,-1.4361480866483496,0.0,-1.0324,-2.0932
0.950141429901123,-1.4483397770805688,0.0,-1.0324,-2.0932
0.9551301002502441,-1.4605065148390803,0.0,-1.0674,-2.0944
0.9604098796844482,-1.4734126739607476,0.0,-1.0674,-2.0944
0.9651403427124023,-1.4849989170119673,0.0,-1.0674,-2.0944
0.97013258934021,-1.4972468412995916,0.0,-1.0674,-2.0944
0.9751684665679932,-1.509620128384692,0.0,-1.0674,-2.0944
0.9801268577575684,-1.5218180058203545,0.0,-1.1023,-2.0944
0.9851610660552979,-1.5342145398385065,0.0,-1.1023,-2.0944
0.9901342391967773,-1.5464697737726856,0.0,-1.1023,-2.0944
0.9951627254486084,-1.5588673401938105,0.0,-1.1023,-2.0944
1.0002226829528809,-1.571345496366249,0.0,-1.1023,-2.0944
1.0052080154418945,-1.5836395022585799,0.0,-1.1023,-2.0944
1.010162353515625,-1.595853960039574,0.0,-1.1373,-2.0944
1.0153727531433105,-1.6086931097890491,0.0,-1.1373,-2.0944
1.020291805267334,-1.62080507940444,0.0,-1.1373,-2.0944
1.025259017944336,-1.6330235045067738,0.0,-1.1373,-2.0944
1.0301625728607178,-1.6450704928581354,0.0,-1.1373,-2.0944
1.0352203845977783,-1.657477959609051,0.0,-1.1373,-2.0944
1.0401897430419922,-1.669647142676742,0.0,-1.1373,-2.0944
1.0452239513397217,-1.6819505541835886,0.0,-1.1723,-2.0944
1.050302505493164,-1.6943341654850328,0.0,-1.1723,-2.0944
1.055163860321045,-1.7061587393993713,0.0,-1.1723,-2.0944
1.0602502822875977,-1.718496914027852,0.0,-1.1723,-2.0944
1.0652823448181152,-1.7306661284200713,0.0,-1.1723,-2.0944
1.0704655647277832,-1.7431590890576611,0.0,-1.2072,-2.0944
1.0752801895141602,-1.7547227636824507,0.0,-1.2072,-2.0944
1.08015775680542,-1.7663946934270556,0.0,-1.2072,-2.0944
1.085237979888916,-1.778502706187905,0.0,-1.2072,-2.0944
1.0901567935943604,-1.790175641509263,0.0,-1.2072,-2.0944
1.0952351093292236,-1.8021721021459405,0.0,-1.2072,-2.0944
1.1001524925231934,-1.8137323028503365,0.0,-1.2422,-2.0944
1.105226755142212,-1.8256004980358327,0.0,-1.2422,-2.0944
1.110182285308838,-1.8371285168852611,0.0,-1.2422,-2.0944
1.115196704864502,-1.8487278135556342,0.0,-1.2422,-2.0944
1.1202130317687988,-1.860262511033022,0.0,-1.2422,-2.0944
1.125365972518921,-1.8720364636665483,0.0,-1.2422,-2.0944
1.1302556991577148,-1.8831360495101306,0.0,-1.2772,-2.0944
1.135136604309082,-1.8941421082293985,0.0,-1.2772,-2.0944
1.1401569843292236,-1.90538333103621,0.0,-1.2772,-2.0944
1.1451530456542969,-1.916487480959526,0.0,-1.2772,-2.0944
1.1501450538635254,-1.9274975670454373,0.0,-1.2772,-2.0944
1.1551446914672852,-1.938436547910529,0.0,-1.2772,-2.0944
1.1601638793945312,-1.949327071231316,0.0,-1.3121,-2.0944
1.1654608249664307,-1.96071814168052,0.0,-1.3121,-2.0944
1.1701714992523193,-1.9707578248899926,0.0,-1.3121,-2.0944
1.175168514251709,-1.981311984048196,0.0,-1.3121,-2.0944
1.1802191734313965,-1.991876632685591,0.0,-1.3121,-2.0944
1.1853103637695312,-2.0024187639874684,0.0,-1.3121,-2.0944
1.1901488304138184,-2.0123353002989894,0.0,-1.3471,-2.0944
1.1952087879180908,-2.0225966197489167,0.0,-1.3471,-2.0944
1.2001492977142334,-2.032505571526959,0.0,-1.3471,-2.0944
1.2051494121551514,-2.0424208138033055,0.0,-1.3471,-2.0944
1.210188865661621,-2.0522963105650205,0.0,-1.3471,-2.0944
1.2151315212249756,-2.061864903575337,0.0,-1.3471,-2.0944
1.2201433181762695,-2.071446441420548,0.0,-1.3821,-2.0944
1.2253530025482178,-2.081274708073929,0.0,-1.3821,-2.0944
1.2302489280700684,-2.0903864709829367,0.0,-1.3821,-2.0944
1.2351961135864258,-2.0994687689060556,0.0,-1.3821,-2.0944
1.2401585578918457,-2.108450785108654,0.0,-1.3821,-2.0944
1.2452216148376465,-2.11748022119034,0.0,-1.3821,-2.0944
1.2501673698425293,-2.1261669380929433,0.0,-1.3821,-2.0944
1.255136489868164,-2.1347596660995998,0.0,-1.417,-2.0944
1.2601540088653564,-2.143296629482607,0.0,-1.417,-2.0944
1.26515531539917,-2.151664451954735,0.0,-1.417,-2.0944
1.2702388763427734,-2.160022932700341,0.0,-1.417,-2.0944
1.2751457691192627,-2.1679484163267064,0.0,-1.417,-2.0944
1.2801451683044434,-2.17587736161748,0.0,-1.452,-2.0944
1.2851574420928955,-2.1836768882317124,0.0,-1.452,-2.0944
1.2901394367218018,-2.191278713506366,0.0,-1.452,-2.0944
1.2951605319976807,-2.1987864078440147,0.0,-1.452,-2.0944
1.3001594543457031,-2.206105727401405,0.0,-1.452,-2.0944
1.3053536415100098,-2.2135449396109173,0.0,-1.452,-2.0944
1.3102142810821533,-2.22035146305414,0.0,-1.487,-2.0944
1.3152134418487549,-2.22719395239006,0.0,-1.487,-2.0944
1.3201751708984375,-2.23382512391,0.0,-1.487,-2.0944
1.3251914978027344,-2.240365491073745,0.0,-1.487,-2.0944
1.3301856517791748,-2.2467117652136537,0.0,-1.487,-2.0944
1.3351976871490479,-2.2529134831976902,0.0,-1.487,-2.0944
1.3403384685516357,-2.2590988083383996,0.0,-1.487,-2.0944
1.345191240310669,-2.264772909684367,0.0,-1.522,-2.0944
1.3504259586334229,-2.2707127289043583,0.0,-1.522,-2.0944
1.3552730083465576,-2.2760439165107713,0.0,-1.522,-2.0944
1.3601887226104736,-2.2812836036076063,0.0,-1.522,-2.0944
1.3653714656829834,-2.286624395953643,0.0,-1.522,-2.0944
1.3701612949371338,-2.2913915919710184,0.0,-1.522,-2.0944
1.3751728534698486,-2.2962047841735123,0.0,-1.5569,-2.0944
1.380152940750122,-2.3008096312919384,0.0,-1.5569,-2.0944
1.385185718536377,-2.3052816609459983,0.0,-1.5569,-2.0944
1.3902275562286377,-2.3095776372771306,0.0,-1.5569,-2.0944
1.3952455520629883,-2.313669266586022,0.0,-1.5569,-2.0944
1.4001884460449219,-2.31751917264596,0.0,-1.5919,-2.0944
1.4051554203033447,-2.3212064566323343,0.0,-1.5919,-2.0944
1.4102332592010498,-2.324787157888776,0.0,-1.5919,-2.0944
1.4151411056518555,-2.3280656504694144,0.0,-1.5919,-2.0944
1.4201157093048096,-2.3312050233265644,0.0,-1.5919,-2.0944
1.425149917602539,-2.3341929389079095,0.0,-1.6269,-2.0944
1.430234432220459,-2.337016895574218,0.0,-1.6269,-2.0944
1.435241460800171,-2.3396067674540175,0.0,-1.6269,-2.0944
1.4402151107788086,-2.341991047476173,0.0,-1.6269,-2.0944
1.4451825618743896,-2.344184427415511,0.0,-1.6269,-2.0944
1.4501550197601318,-2.346191387425191,0.0,-1.6269,-2.0944
1.4551444053649902,-2.3480149966231054,0.0,-1.6618,-2.0944
1.4601693153381348,-2.34965859092315,0.0,-1.6618,-2.0944
1.465193510055542,-2.3511079005825994,0.0,-1.6618,-2.0944
1.4701528549194336,-2.352347854268772,0.0,-1.6618,-2.0944
1.4751458168029785,-2.3534045660338507,0.0,-1.6618,-2.0944
1.480175495147705,-2.354274365110685,0.0,-1.6968,-2.0944
1.4851374626159668,-2.354940774771116,0.0,-1.6968,-2.0944
1.4901337623596191,-2.3554192691248,0.0,-1.6968,-2.0944
1.495185375213623,-2.355706530995484,0.0,-1.6968,-2.0944
1.500169038772583,-2.355796216103961,0.0,-1.6968,-2.0944
1.505122184753418,-2.355694692445117,0.0,-1.7318,-2.0944
1.5101494789123535,-2.355397310986446,0.0,-1.7318,-2.0944
1.5151352882385254,-2.354909091168044,0.0,-1.7318,-2.0944
1.5201587677001953,-2.354222625842694,0.0,-1.7318,-2.0944
1.5251026153564453,-2.3533565378684584,0.0,-1.7318,-2.0944
1.530259609222412,-2.3522519576216943,0.0,-1.7667,-2.0944
1.5351805686950684,-2.351006685552071,0.0,-1.7667,-2.0944
1.5401346683502197,-2.3495646729091666,0.0,-1.7667,-2.0944
1.54512357711792,-2.3479218985128263,0.0,-1.7667,-2.0944
1.5501291751861572,-2.346081775709479,0.0,-1.8017,-2.0944
1.5552732944488525,-2.3439909851503433,0.0,-1.8017,-2.0944
1.5601670742034912,-2.3418145056636677,0.0,-1.8017,-2.0944
1.565288782119751,-2.339341495732764,0.0,-1.8017,-2.0944
1.5701918601989746,-2.33678762996089,0.0,-1.8017,-2.0944
1.575129508972168,-2.334032091346726,0.0,-1.8367,-2.0944
1.5802509784698486,-2.330979945192453,0.0,-1.8367,-2.0944
1.5853779315948486,-2.327727427440246,0.0,-1.8367,-2.0944
1.5901570320129395,-2.324518734962854,0.0,-1.8367,-2.0944
1.59517240524292,-2.320968714113122,0.0,-1.8367,-2.0944
1.6001462936401367,-2.317264125442905,0.0,-1.8716,-2.0944
1.6053237915039062,-2.313214295232304,0.0,-1.8716,-2.0944
1.6102714538574219,-2.30916069513255,0.0,-1.8716,-2.0944
1.615144968032837,-2.3049934430117047,0.0,-1.8716,-2.0944
1.6201262474060059,-2.300556197048908,0.0,-1.8716,-2.0944
1.6251037120819092,-2.2959438425433345,0.0,-1.8716,-2.0944
1.630131483078003,-2.2911048685057316,0.0,-1.9066,-2.0944
1.635258436203003,-2.2859853875845144,0.0,-1.9066,-2.0944
1.6401617527008057,-2.2809156251695795,0.0,-1.9066,-2.0944
1.6451609134674072,-2.2755732996516005,0.0,-1.9066,-2.0944
1.6501848697662354,-2.2700293485168714,0.0,-1.9066,-2.0944
1.6552867889404297,-2.264221114680976,0.0,-1.9066,-2.0944
1.6601591110229492,-2.2585079485604855,0.0,-1.9416,-2.0944
1.6652965545654297,-2.2523094169935085,0.0,-1.9416,-2.0944
1.6701619625091553,-2.2462754072381284,0.0,-1.9416,-2.0944
1.675276756286621,-2.2397619858008238,0.0,-1.9416,-2.0944
1.6802141666412354,-2.2333105922226495,0.0,-1.9416,-2.0944
1.6851718425750732,-2.226672339705415,0.0,-1.9765,-2.0944
1.6902263164520264,-2.2197406977185836,0.0,-1.9765,-2.0944
1.6951215267181396,-2.2128714772881906,0.0,-1.9765,-2.0944
1.7001526355743408,-2.2056533389218633,0.0,-1.9765,-2.0944
1.7051572799682617,-2.1983158184720892,0.0,-1.9765,-2.0944
1.7101519107818604,-2.1908383245644263,0.0,-2.0115,-2.0944
1.7153913974761963,-2.182830221236937,0.0,-2.0115,-2.0944
1.7202391624450684,-2.175273092306357,0.0,-2.0115,-2.0944
1.7251734733581543,-2.1674370799059197,0.0,-2.0115,-2.0944
1.7301554679870605,-2.159379894359811,0.0,-2.0115,-2.0944
1.7352793216705322,-2.1509429087347383,0.0,-2.0115,-2.0944
1.7402043342590332,-2.1426916251600856,0.0,-2.0115,-2.0944
1.7451691627502441,-2.1342350695193995,0.0,-2.0465,-2.0944
1.7504141330718994,-2.1251525021216215,0.0,-2.0465,-2.0944
1.7551894187927246,-2.1167523133426993,0.0,-2.0465,-2.0944
1.7601487636566162,-2.1078983069813906,0.0,-2.0465,-2.0944
1.7651989459991455,-2.0987481609965406,0.0,-2.0465,-2.0944
1.7701659202575684,-2.0896191369032766,0.0,-2.0465,-2.0944
1.7752125263214111,-2.080214385757832,0.0,-2.0814,-2.0944
1.7802588939666748,-2.070682042615298,0.0,-2.0814,-2.0944
1.7851905822753906,-2.0612449182453734,0.0,-2.0814,-2.0944
1.7901554107666016,-2.05162546679277,0.0,-2.0814,-2.0944
1.7951629161834717,-2.041804848025433,0.0,-2.0814,-2.0944
1.8001708984375,-2.031866714068296,0.0,-2.0814,-2.0944
1.8051517009735107,-2.0218693143614765,0.0,-2.1039,-1.1546
1.8102052211761475,-2.01161309608558,0.0,-2.1039,-1.1546
1.8151707649230957,-2.00142719173297,0.0,-2.1039,-1.1546
1.8201770782470703,-1.9910515764629704,0.0,-2.1039,-1.1546
1.825195550918579,-1.9805464302300537,0.0,-2.1039,-1.1546
1.8305168151855469,-1.969296258449738,0.0,-2.1039,-1.1546
1.8353569507598877,-1.9589664858431644,0.0,-2.1039,-1.1546
1.8401625156402588,-1.9486216985027127,0.0,-2.1071,-0.198
1.845283031463623,-1.9375042191236038,0.0,-2.1071,-0.198
1.8501596450805664,-1.9268280272152887,0.0,-2.1071,-0.198
1.8551466464996338,-1.9158237647555922,0.0,-2.1071,-0.198
1.86016845703125,-1.9046571222204092,0.0,-2.1071,-0.198
1.8651564121246338,-1.893483498444133,0.0,-2.1071,-0.198
1.870149850845337,-1.8822182258759947,0.0,-2.0914,0.7528
1.8754518032073975,-1.870173118890969,0.0,-2.0914,0.7528
1.8804116249084473,-1.8588300163450944,0.0,-2.0914,0.7528
1.8852887153625488,-1.8476079145023476,0.0,-2.0914,0.7528
1.8901784420013428,-1.836291503934745,0.0,-2.0914,0.7528
1.8952410221099854,-1.82450907719475,0.0,-2.0914,0.7528
1.9002234935760498,-1.8128504150124127,0.0,-2.0914,0.7528
1.9051790237426758,-1.8011959635329193,0.0,-2.0914,0.7528
1.9101693630218506,-1.7894032237195998,0.0,-2.0698,1.2033
1.9153151512145996,-1.7771869057113538,0.0,-2.0698,1.2033
1.9202890396118164,-1.7653273871209765,0.0,-2.0698,1.2033
1.9253284931182861,-1.7532631100948897,0.0,-2.0698,1.2033
1.9302113056182861,-1.7415301722472194,0.0,-2.0698,1.2033
1.9351997375488281,-1.7295019740249509,0.0,-2.0698,1.2033
1.9403855800628662,-1.7169564957172616,0.0,-2.0411,1.6956
1.94515061378479,-1.7053947501346451,0.0,-2.0411,1.6956
1.9502017498016357,-1.6931059375066149,0.0,-2.0411,1.6956
1.9551587104797363,-1.6810162810256872,0.0,-2.0411,1.6956
1.9601213932037354,-1.668885894770086,0.0,-2.0411,1.6956
1.9651281833648682,-1.6566235436494061,0.0,-2.0411,1.6956
1.97019362449646,-1.6441959512081084,0.0,-2.0117,1.74
1.9751393795013428,-1.6320440398653302,0.0,-2.0117,1.74
1.9801201820373535,-1.619791079011688,0.0,-2.0117,1.74
1.9850926399230957,-1.6075466786947372,0.0,-2.0117,1.74
1.9901001453399658,-1.595206919867957,0.0,-1.9829,1.8271
1.9951436519622803,-1.5827723460258836,0.0,-1.9829,1.8271
2.000211238861084,-1.570275380066639,0.0,-1.9829,1.8271
2.0051558017730713,-1.558081901020078,0.0,-1.9829,1.8271
2.010199785232544,-1.5456464285277385,0.0,-1.9829,1.8271
2.015211582183838,-1.53329655699937,0.0,-1.9829,1.8271
2.020172357559204,-1.5210815553343437,0.0,-1.9478,2.0795
2.025418519973755,-1.5081770387733484,0.0,-1.9478,2.0795
2.0301854610443115,-1.4964659684527992,0.0,-1.9478,2.0795
2.0353903770446777,-1.483698043129921,0.0,-1.9478,2.0795
2.040282726287842,-1.4717180298357442,0.0,-1.9478,2.0795
2.0452380180358887,-1.459607758461365,0.0,-1.9147,1.7772
2.050321578979492,-1.4472120363746783,0.0,-1.9147,1.7772
2.0552358627319336,-1.4352590087502102,0.0,-1.9147,1.7772
2.0601627826690674,-1.4233076783010865,0.0,-1.9147,1.7772
2.0651168823242188,-1.4113260503189653,0.0,-1.9147,1.7772
2.070204257965088,-1.3990623182300923,0.0,-1.9147,1.7772
2.0751655101776123,-1.3871448458470046,0.0,-1.8836,1.8123
2.08022141456604,-1.3750459259590666,0.0,-1.8836,1.8123
2.0851175785064697,-1.3633763076017271,0.0,-1.8836,1.8123
2.090118408203125,-1.3515079060324957,0.0,-1.8836,1.8123
2.0951120853424072,-1.3397104861734472,0.0,-1.8487,2.0893
2.100468873977661,-1.3271185301267219,0.0,-1.8487,2.0893
2.10516095161438,-1.3161456555550575,0.0,-1.8487,2.0893
2.1102049350738525,-1.3044115927653124,0.0,-1.8487,2.0893
2.1152544021606445,-1.2927317711888233,0.0,-1.8487,2.0893
2.1203453540802,-1.2810268371503952,0.0,-1.8156,1.8949
2.1252262592315674,-1.2698743934693624,0.0,-1.8156,1.8949
2.1301331520080566,-1.258733894224516,0.0,-1.8156,1.8949
2.135122299194336,-1.2474826924506945,0.0,-1.8156,1.8949
2.1401450634002686,-1.2362359174427453,0.0,-1.8156,1.8949
2.145111560821533,-1.2251970291670502,0.0,-1.7823,1.9644
2.150158405303955,-1.214065755806145,0.0,-1.7823,1.9644
2.1551482677459717,-1.2031483130840783,0.0,-1.7823,1.9644
2.160194158554077,-1.192200166190293,0.0,-1.7823,1.9644
2.16518497467041,-1.1814650895036687,0.0,-1.7823,1.9644
2.1701719760894775,-1.1708338168315473,0.0,-1.7482,2.0
2.1753089427948,-1.1599855207999952,0.0,-1.7482,2.0
2.1801633834838867,-1.1498321446148263,0.0,-1.7482,2.0
2.1851999759674072,-1.1394013039784583,0.0,-1.7482,2.0
2.1902005672454834,-1.1291518647955563,0.0,-1.7482,2.0
2.195160150527954,-1.1190941285491771,0.0,-1.7482,2.0
2.2001566886901855,-1.1090723410532735,0.0,-1.7148,1.9533
2.205251455307007,-1.0989706913334845,0.0,-1.7148,1.9533
2.2101666927337646,-1.089339531375257,0.0,-1.7148,1.9533
2.2151076793670654,-1.0797736236357367,0.0,-1.7148,1.9533
2.220144510269165,-1.0701439478001222,0.0,-1.7148,1.9533
2.2251129150390625,-1.0607678941473566,0.0,-1.7148,1.9533
2.23018479347229,-1.051324753050924,0.0,-1.6811,1.9756
2.2351911067962646,-1.042133012220047,0.0,-1.6811,1.9756
2.240175247192383,-1.0331118801326473,0.0,-1.6811,1.9756
2.245121955871582,-1.024288836827772,0.0,-1.6811,1.9756
2.250180244445801,-1.0154032766198013,0.0,-1.6475,1.9712
2.2551381587982178,-1.0068301245052687,0.0,-1.6475,1.9712
2.2601661682128906,-0.9982755077416782,0.0,-1.6475,1.9712
2.2651755809783936,-0.9898945850586186,0.0,-1.6475,1.9712
2.270195245742798,-0.9816408227358117,0.0,-1.6475,1.9712
2.2752087116241455,-0.9735434919920763,0.0,-1.6475,1.9712
2.280125856399536,-0.9657456343393596,0.0,-1.6475,1.9712
2.285142421722412,-0.9579389122835588,0.0,-1.6139,1.9649
2.2902541160583496,-0.9501407380530505,0.0,-1.6139,1.9649
2.2952539920806885,-0.9426679769706027,0.0,-1.6139,1.9649
2.300323963165283,-0.9352487089817332,0.0,-1.6139,1.9649
2.305227041244507,-0.9282270063309865,0.0,-1.6139,1.9649
2.3102803230285645,-0.9211497490587202,0.0,-1.6139,1.9649
2.315272808074951,-0.9143184144347619,0.0,-1.5803,1.9694
2.320274591445923,-0.9076362987358338,0.0,-1.5803,1.9694
2.3252549171447754,-0.9011455364232401,0.0,-1.5803,1.9694
2.330155372619629,-0.8949188655677328,0.0,-1.5803,1.9694
2.3353688716888428,-0.8884703306311316,0.0,-1.5803,1.9694
2.3402535915374756,-0.8825945150412515,0.0,-1.5803,1.9694
2.3453569412231445,-0.876628838549656,0.0,-1.5467,1.9665
2.3501973152160645,-0.8711354238555877,0.0,-1.5467,1.9665
2.355205535888672,-0.8656218293867236,0.0,-1.5467,1.9665
2.360200881958008,-0.8602962988406044,0.0,-1.5467,1.9665
2.365229845046997,-0.8551116814959392,0.0,-1.5467,1.9665
2.3702399730682373,-0.8501241144402555,0.0,-1.5467,1.9665
2.3752572536468506,-0.8453083462791039,0.0,-1.5132,1.9661
2.3803746700286865,-0.8405821467066878,0.0,-1.5132,1.9661
2.3854644298553467,-0.8360686906061,0.0,-1.5132,1.9661
2.3902668952941895,-0.8319822242050486,0.0,-1.5132,1.9661
2.3952245712280273,-0.8279401109492922,0.0,-1.5132,1.9661
2.400203227996826,-0.8240622372121382,0.0,-1.5132,1.9661
2.4051945209503174,-0.8203578938827996,0.0,-1.5132,1.9661
2.4101850986480713,-0.8168385568388998,0.0,-1.5132,1.9661
2.4153518676757812,-0.8133902378786737,0.0,-1.5132,1.9661
2.4202163219451904,-0.810326049218384,0.0,-1.4796,1.9669
2.4253525733947754,-0.8072834270647603,0.0,-1.4796,1.9669
2.430290699005127,-0.8045455996632435,0.0,-1.4796,1.9669
2.4351747035980225,-0.8020191662818632,0.0,-1.4796,1.9669
2.440260648727417,-0.7995806449967171,0.0,-1.4796,1.9669
2.4451582431793213,-0.7974185057443597,0.0,-1.4796,1.9669
2.4502198696136475,-0.7953763407050731,0.0,-1.4796,1.9669
2.455198049545288,-0.7935590869510587,0.0,-1.4796,1.9669
2.4601798057556152,-0.7919308342535781,0.0,-1.4461,1.9663
2.4652278423309326,-0.7904755176645412,0.0,-1.4461,1.9663
2.4701857566833496,-0.7892372062747416,0.0,-1.4461,1.9663
2.475179433822632,-0.7881816251608156,0.0,-1.4461,1.9663
2.4803004264831543,-0.787299172633817,0.0,-1.4461,1.9663
2.4852092266082764,-0.7866436381561138,0.0,-1.4461,1.9663
2.4903171062469482,-0.7861595020492852,0.0,-1.4461,1.9663
2.495260000228882,-0.7858833606102956,0.0,-1.4125,1.9669
2.500260829925537,-0.7857965903395542,0.0,-1.4125,1.9669
2.5052080154418945,-0.7859013957092071,0.0,-1.4125,1.9669
2.510143518447876,-0.7861948741221555,0.0,-1.4125,1.9669
2.5151009559631348,-0.7866795426022976,0.0,-1.4125,1.9669
2.5201051235198975,-0.7873616661702084,0.0,-1.4125,1.9669
2.525108814239502,-0.7882373202165185,0.0,-1.3789,1.9677
2.5301620960235596,-0.7893179060075465,0.0,-1.3789,1.9677
2.5351383686065674,-0.7905744959729079,0.0,-1.3789,1.9677
2.5401127338409424,-0.792021180074793,0.0,-1.3789,1.9677
2.5451180934906006,-0.7936688445240171,0.0,-1.3789,1.9677
2.550105094909668,-0.7955015663453044,0.0,-1.3454,1.9686
2.5551705360412598,-0.797557924534389,0.0,-1.3454,1.9686
2.5601394176483154,-0.799765335288985,0.0,-1.3454,1.9686
2.565122127532959,-0.8021675534932678,0.0,-1.3454,1.9686
2.5701186656951904,-0.8047655609665204,0.0,-1.3454,1.9686
2.5751161575317383,-0.8075528633129365,0.0,-1.3454,1.9686
2.5801076889038086,-0.8105246351385315,0.0,-1.3118,1.9701
2.5851664543151855,-0.8137271770712963,0.0,-1.3118,1.9701
2.5901103019714355,-0.8170417203010448,0.0,-1.3118,1.9701
2.5950963497161865,-0.8205687123161404,0.0,-1.3118,1.9701
2.6001219749450684,-0.8243099712650258,0.0,-1.2782,1.9718
2.6051182746887207,-0.8282138526351767,0.0,-1.2782,1.9718
2.6101176738739014,-0.8323032758698317,0.0,-1.2782,1.9718
2.61509370803833,-0.8365544817780526,0.0,-1.2782,1.9718
2.6201748847961426,-0.8410806647652802,0.0,-1.2782,1.9718
2.625135660171509,-0.8456789895782872,0.0,-1.2445,1.974
2.630120038986206,-0.8504765662062487,0.0,-1.2445,1.974
2.6351475715637207,-0.8554945954391542,0.0,-1.2445,1.974
2.6401188373565674,-0.8606319235736126,0.0,-1.2445,1.974
2.645118474960327,-0.8659732687786168,0.0,-1.2445,1.974
2.6501193046569824,-0.8714898289736421,0.0,-1.2108,1.9766
2.655172824859619,-0.8772398467552391,0.0,-1.2108,1.9766
2.6601197719573975,-0.8830379299546339,0.0,-1.2108,1.9766
2.66512393951416,-0.8890720783028166,0.0,-1.2108,1.9766
2.670142889022827,-0.8952932826342701,0.0,-1.2108,1.9766
2.675112009048462,-0.9016181695878462,0.0,-1.1771,1.9797
2.68019437789917,-0.9082558855046244,0.0,-1.1771,1.9797
2.685145139694214,-0.9148841315102663,0.0,-1.1771,1.9797
2.6901018619537354,-0.9216793084429798,0.0,-1.1771,1.9797
2.6951000690460205,-0.9286907331956393,0.0,-1.1771,1.9797
2.700089454650879,-0.9358476817738118,0.0,-1.1433,1.9847
2.7051188945770264,-0.9432199640175417,0.0,-1.1433,1.9847
2.7101359367370605,-0.9507301698513185,0.0,-1.1433,1.9847
2.7151036262512207,-0.9583182751988112,0.0,-1.1433,1.9847
2.720160722732544,-0.9661961617635165,0.0,-1.1433,1.9847
2.7251195907592773,-0.9740692268431,0.0,-1.1433,1.9847
2.7301361560821533,-0.9821812471906136,0.0,-1.1095,1.9905
2.7353291511535645,-0.9907325361724644,0.0,-1.1095,1.9905
2.740180253982544,-0.9988603500585238,0.0,-1.1095,1.9905
2.745138645172119,-1.0073051828987452,0.0,-1.1095,1.9905
2.750110626220703,-1.01591045057667,0.0,-1.1095,1.9905
2.7551026344299316,-1.024686576192694,0.0,-1.0755,1.9979
2.7601587772369385,-1.0337123566482593,0.0,-1.0755,1.9979
2.7651028633117676,-1.0426691582110528,0.0,-1.0755,1.9979
2.7701127529144287,-1.0518751251845253,0.0,-1.0755,1.9979
2.7751121520996094,-1.0611899565636485,0.0,-1.0411,1.9911
2.7803993225097656,-1.0711776815858038,0.0,-1.0411,1.9911
2.785212278366089,-1.0803895140744393,0.0,-1.0411,1.9911
2.790189743041992,-1.090034116200658,0.0,-1.0411,1.9911
2.79514217376709,-1.099746883848898,0.0,-1.0411,1.9911
2.8001580238342285,-1.1097002430219027,0.0,-1.0189,1.3797
2.805147409439087,-1.1197146774263258,0.0,-1.0189,1.3797
2.8101208209991455,-1.1298073461504023,0.0,-1.0189,1.3797
2.8151631355285645,-1.1401497305306818,0.0,-1.0189,1.3797
2.8201816082000732,-1.150550512945107,0.0,-1.0073,0.7794
2.8252127170562744,-1.1610823334404872,0.0,-1.0073,0.7794
2.830202102661133,-1.1716279031358126,0.0,-1.0073,0.7794
2.835146188735962,-1.1821744750565966,0.0,-1.0073,0.7794
2.8401436805725098,-1.1929302397900352,0.0,-1.0073,0.7794
2.845165967941284,-1.203833199446051,0.0,-1.0108,-0.2234
2.850405216217041,-1.2153044772984134,0.0,-1.0108,-0.2234
2.855386257171631,-1.2262997650360195,0.0,-1.0108,-0.2234
2.860191822052002,-1.2369876828744581,0.0,-1.0108,-0.2234
2.8651480674743652,-1.2480903951825209,0.0,-1.0108,-0.2234
2.870166540145874,-1.2594122090736057,0.0,-1.0108,-0.2234
2.8751461505889893,-1.2707228573032454,0.0,-1.0108,-0.2234
2.88014817237854,-1.282158338830291,0.0,-1.027,-0.7756
2.885173797607422,-1.2937195573796298,0.0,-1.027,-0.7756
2.8902790546417236,-1.305534666869637,0.0,-1.027,-0.7756
2.8951685428619385,-1.316914431424464,0.0,-1.027,-0.7756
2.90026593208313,-1.3288418007338862,0.0,-1.027,-0.7756
2.9052181243896484,-1.3404888730024422,0.0,-1.027,-0.7756
2.9101622104644775,-1.3521724884191633,0.0,-1.0542,-1.598
2.9154012203216553,-1.3646105471033858,0.0,-1.0542,-1.598
2.920322895050049,-1.3763461559134837,0.0,-1.0542,-1.598
2.925173282623291,-1.3879572768180117,0.0,-1.0542,-1.598
2.930133104324341,-1.399874247071693,0.0,-1.0542,-1.598
2.935145378112793,-1.4119593916706699,0.0,-1.0542,-1.598
2.94020676612854,-1.4242029101588072,0.0,-1.089,-2.0944
2.945122003555298,-1.4361283917857988,0.0,-1.089,-2.0944
2.9500973224639893,-1.4482323343479415,0.0,-1.089,-2.0944
2.9551031589508057,-1.4604407329625577,0.0,-1.089,-2.0944
2.9601080417633057,-1.4726740903131543,0.0,-1.1239,-2.0944
2.965240716934204,-1.4852449762440114,0.0,-1.1239,-2.0944
2.970221996307373,-1.4974663652882005,0.0,-1.1239,-2.0944
2.9751980304718018,-1.5096928159398626,0.0,-1.1239,-2.0944
2.98022198677063,-1.5220521533596916,0.0,-1.1239,-2.0944
2.985234498977661,-1.5343954406825375,0.0,-1.1239,-2.0944
2.990161418914795,-1.5465367709362714,0.0,-1.1589,-2.0944
2.9953298568725586,-1.559279465426615,0.0,-1.1589,-2.0944
3.000648021697998,-1.5723944445525302,0.0,-1.1589,-2.0944
3.00516676902771,-1.583537795911856,0.0,-1.1589,-2.0944
3.0101282596588135,-1.5957699221697519,0.0,-1.1589,-2.0944
3.0151143074035645,-1.608056474498121,0.0,-1.1589,-2.0944
3.020113468170166,-1.620366158862379,0.0,-1.1589,-2.0944
3.025134563446045,-1.6327175421076268,0.0,-1.1939,-2.0944
3.030095338821411,-1.6449054258191744,0.0,-1.1939,-2.0944
3.035095453262329,-1.6571717376061808,0.0,-1.1939,-2.0944
3.040104866027832,-1.669439485918516,0.0,-1.1939,-2.0944
3.045117139816284,-1.6816897887454867,0.0,-1.2288,-2.0944
3.0501646995544434,-1.6939985385658285,0.0,-1.2288,-2.0944
3.0551233291625977,-1.7060602796472784,0.0,-1.2288,-2.0944
3.060091257095337,-1.7181117200836757,0.0,-1.2288,-2.0944
3.065087080001831,-1.7301946381064972,0.0,-1.2638,-2.0944
3.070115566253662,-1.7423168999293919,0.0,-1.2638,-2.0944
3.075127124786377,-1.754355769346996,0.0,-1.2638,-2.0944
3.0801072120666504,-1.7662739715585258,0.0,-1.2638,-2.0944
3.0851118564605713,-1.7782027360514276,0.0,-1.2988,-2.0944
3.090503454208374,-1.7909963652053345,0.0,-1.2988,-2.0944
3.095142364501953,-1.8019535305247996,0.0,-1.2988,-2.0944
3.1002109050750732,-1.813869281035057,0.0,-1.2988,-2.0944
3.1051249504089355,-1.8253630133555103,0.0,-1.2988,-2.0944
3.1101083755493164,-1.8369570483368407,0.0,-1.3337,-2.0944
3.115339994430542,-1.8490582693533897,0.0,-1.3337,-2.0944
3.1201422214508057,-1.8601001811032754,0.0,-1.3337,-2.0944
3.1251587867736816,-1.8715645676790613,0.0,-1.3337,-2.0944
3.1301305294036865,-1.8828528246347151,0.0,-1.3337,-2.0944
3.135157823562622,-1.894189791877191,0.0,-1.3337,-2.0944
3.1401710510253906,-1.9054147124018355,0.0,-1.3687,-2.0944
3.1452455520629883,-1.9166922893310963,0.0,-1.3687,-2.0944
3.150163412094116,-1.9275378966486718,0.0,-1.3687,-2.0944
3.1550943851470947,-1.9383269271543193,0.0,-1.3687,-2.0944
3.1601274013519287,-1.9492482582279465,0.0,-1.3687,-2.0944
3.1651268005371094,-1.960002979691159,0.0,-1.3687,-2.0944
3.1701648235321045,-1.970743658640208,0.0,-1.4037,-2.0944
3.175161123275757,-1.9812964476901358,0.0,-1.4037,-2.0944
3.180142641067505,-1.9917173314769103,0.0,-1.4037,-2.0944
3.1851162910461426,-2.002018912344117,0.0,-1.4037,-2.0944
3.190114974975586,-2.0122662646469527,0.0,-1.4037,-2.0944
3.195101499557495,-2.0223802203366534,0.0,-1.4387,-2.0944
3.200122117996216,-2.032451360512276,0.0,-1.4387,-2.0944
3.2050936222076416,-2.0423108196213735,0.0,-1.4387,-2.0944
3.2101597785949707,-2.052239654401608,0.0,-1.4387,-2.0944
3.215102434158325,-2.0618089373876787,0.0,-1.4736,-2.0944
3.220170021057129,-2.0714971616058397,0.0,-1.4736,-2.0944
3.2251343727111816,-2.0808649851333483,0.0,-1.4736,-2.0944
3.230137348175049,-2.090180171285967,0.0,-1.4736,-2.0944
3.2351326942443848,-2.099353143782285,0.0,-1.4736,-2.0944
3.2401387691497803,-2.108415225580211,0.0,-1.5086,-2.0944
3.245177745819092,-2.1174025760819184,0.0,-1.5086,-2.0944
3.250185966491699,-2.126199349512591,0.0,-1.5086,-2.0944
3.255143642425537,-2.1347719359258326,0.0,-1.5086,-2.0944
3.260124921798706,-2.1432475477286452,0.0,-1.5086,-2.0944
3.2652101516723633,-2.151755409021254,0.0,-1.5436,-2.0944
3.2701287269592285,-2.159843408376555,0.0,-1.5436,-2.0944
3.2752022743225098,-2.168038859176087,0.0,-1.5436,-2.0944
3.2801625728607178,-2.175904705299411,0.0,-1.5436,-2.0944
3.2851130962371826,-2.183608545756841,0.0,-1.5785,-2.0944
3.290181875228882,-2.191342818448753,0.0,-1.5785,-2.0944
3.2951252460479736,-2.1987341902476545,0.0,-1.5785,-2.0944
3.3001198768615723,-2.2060483918493596,0.0,-1.5785,-2.0944
3.3051164150238037,-2.213208894264426,0.0,-1.6135,-2.0944
3.310392141342163,-2.2205976640652803,0.0,-1.6135,-2.0944
3.315131664276123,-2.227083319177748,0.0,-1.6135,-2.0944
3.3201615810394287,-2.23380718084202,0.0,-1.6135,-2.0944
3.3252620697021484,-2.240456321448871,0.0,-1.6135,-2.0944
3.3301501274108887,-2.2466672086744683,0.0,-1.6485,-2.0944
3.3355917930603027,-2.2533939842007236,0.0,-1.6485,-2.0944
3.3402786254882812,-2.2590278355690505,0.0,-1.6485,-2.0944
3.3451526165008545,-2.2647283838535652,0.0,-1.6485,-2.0944
3.35013747215271,-2.2703902980763564,0.0,-1.6485,-2.0944
3.355107307434082,-2.2758643575605366,0.0,-1.6834,-2.0944
3.3601584434509277,-2.2812518462595173,0.0,-1.6834,-2.0944
3.365168809890747,-2.2864191161041667,0.0,-1.6834,-2.0944
3.370131492614746,-2.2913624338158103,0.0,-1.6834,-2.0944
3.375109910964966,-2.29614544558377,0.0,-1.6834,-2.0944
3.3801164627075195,-2.300776550083353,0.0,-1.6834,-2.0944
3.385200262069702,-2.3052943185206676,0.0,-1.6834,-2.0944
3.3901314735412598,-2.3094974976023273,0.0,-1.7184,-2.0944
3.395339250564575,-2.3137439148138745,0.0,-1.7184,-2.0944
3.400144100189209,-2.3174854317888167,0.0,-1.7184,-2.0944
3.405142068862915,-2.3211967895744556,0.0,-1.7184,-2.0944
3.4102084636688232,-2.3247701384684243,0.0,-1.7184,-2.0944
3.4153780937194824,-2.32821941078119,0.0,-1.7534,-2.0944
3.420135974884033,-2.3312174332017848,0.0,-1.7534,-2.0944
3.4251561164855957,-2.334196500528905,0.0,-1.7534,-2.0944
3.43013596534729,-2.3369640608481235,0.0,-1.7534,-2.0944
3.435119152069092,-2.339545767695531,0.0,-1.7534,-2.0944
3.4401588439941406,-2.341965126076408,0.0,-1.7534,-2.0944
3.44511079788208,-2.3441540796112776,0.0,-1.7884,-2.0944
3.450207233428955,-2.346211458610272,0.0,-1.7884,-2.0944
3.455151081085205,-2.348017308760984,0.0,-1.7884,-2.0944
3.4601974487304688,-2.3496672470322335,0.0,-1.7884,-2.0944
3.4651339054107666,-2.351091845441397,0.0,-1.7884,-2.0944
3.4701361656188965,-2.3523439995315085,0.0,-1.7884,-2.0944
3.4751319885253906,-2.353401905209835,0.0,-1.8233,-2.0944
3.4801695346832275,-2.3542734500787406,0.0,-1.8233,-2.0944
3.485131025314331,-2.354940033627489,0.0,-1.8233,-2.0944
3.4901700019836426,-2.355422033754913,0.0,-1.8233,-2.0944
3.4951529502868652,-2.3557053174553597,0.0,-1.8233,-2.0944
3.5002951622009277,-2.355795989304938,0.0,-1.8233,-2.0944
3.5051798820495605,-2.3556923899417503,0.0,-1.8583,-2.0944
3.510509967803955,-2.3553684657750336,0.0,-1.8583,-2.0944
3.5152058601379395,-2.3549007995593043,0.0,-1.8583,-2.0944
3.5202338695526123,-2.354210882253973,0.0,-1.8583,-2.0944
3.5252041816711426,-2.353336765272814,0.0,-1.8583,-2.0944
3.530268907546997,-2.352249780665854,0.0,-1.8583,-2.0944
3.5353455543518066,-2.350961702707916,0.0,-1.8933,-2.0944
3.5404531955718994,-2.349465499535172,0.0,-1.8933,-2.0944
3.545276165008545,-2.3478686428038547,0.0,-1.8933,-2.0944
3.550147294998169,-2.346074766084377,0.0,-1.8933,-2.0944
3.5551273822784424,-2.3440530754392555,0.0,-1.8933,-2.0944
3.56013822555542,-2.3418278704388005,0.0,-1.8933,-2.0944
3.5652425289154053,-2.3393647203547436,0.0,-1.9282,-2.0944
3.5701539516448975,-2.3368080733343186,0.0,-1.9282,-2.0944
3.575198173522949,-2.333992475638281,0.0,-1.9282,-2.0944
3.580153226852417,-2.331040045147115,0.0,-1.9282,-2.0944
3.5851337909698486,-2.3278867688512896,0.0,-1.9282,-2.0944
3.5901906490325928,-2.3244955618350325,0.0,-1.9282,-2.0944
3.5951480865478516,-2.320986377612265,0.0,-1.9282,-2.0944
3.6001501083374023,-2.31726121416414,0.0,-1.9632,-2.0944
3.6051909923553467,-2.313320629557466,0.0,-1.9632,-2.0944
3.6101319789886475,-2.3092774145174086,0.0,-1.9632,-2.0944
3.615353584289551,-2.304811210784676,0.0,-1.9632,-2.0944
3.620227336883545,-2.3004642941946405,0.0,-1.9632,-2.0944
3.6252408027648926,-2.2958142935356003,0.0,-1.9981,-2.0944
3.630155563354492,-2.2910812590762997,0.0,-1.9981,-2.0944
3.635223865509033,-2.286020530726298,0.0,-1.9981,-2.0944
3.640251398086548,-2.28082136451446,0.0,-1.9981,-2.0944
3.6452910900115967,-2.275431859161009,0.0,-1.9981,-2.0944
3.6502246856689453,-2.269984714007405,0.0,-1.9981,-2.0944
3.655151605606079,-2.2643773171046435,0.0,-2.0331,-2.0944
3.6601717472076416,-2.258492921610605,0.0,-2.0331,-2.0944
3.665165901184082,-2.252469262430614,0.0,-2.0331,-2.0944
3.6701483726501465,-2.2462924816351846,0.0,-2.0331,-2.0944
3.675161838531494,-2.239910230660093,0.0,-2.0331,-2.0944
3.6801795959472656,-2.233356319468314,0.0,-2.0331,-2.0944
3.685138702392578,-2.226717243925636,0.0,-2.0681,-2.0944
3.6903324127197266,-2.2195934391058616,0.0,-2.0681,-2.0944
3.695138692855835,-2.2128471207026204,0.0,-2.0681,-2.0944
3.700133800506592,-2.2056806585147815,0.0,-2.0681,-2.0944
3.7051007747650146,-2.1983995323866012,0.0,-2.0681,-2.0944
3.7101099491119385,-2.190901784132584,0.0,-2.0681,-2.0944
3.715165138244629,-2.183179480472557,0.0,-2.0998,-1.1628
3.7201743125915527,-2.175375115207367,0.0,-2.0998,-1.1628
3.7251172065734863,-2.167527247008346,0.0,-2.0998,-1.1628
3.7301087379455566,-2.159456141992658,0.0,-2.0998,-1.1628
3.735112428665161,-2.151220096667006,0.0,-2.0998,-1.1628
3.7401022911071777,-2.142863982337488,0.0,-2.122,-1.2676
3.7453536987304688,-2.133918095859022,0.0,-2.122,-1.2676
3.7501556873321533,-2.125603591160591,0.0,-2.122,-1.2676
3.7551190853118896,-2.1168769329331885,0.0,-2.122,-1.2676
3.760237693786621,-2.107738342075791,0.0,-2.122,-1.2676
3.765188217163086,-2.098767741663556,0.0,-2.147,-1.4887
3.770418405532837,-2.0891516900354787,0.0,-2.147,-1.4887
3.7751553058624268,-2.080321742808289,0.0,-2.147,-1.4887
3.780172824859619,-2.0708456829681694,0.0,-2.147,-1.4887
3.785173177719116,-2.06127843140372,0.0,-2.147,-1.4887
3.7901620864868164,-2.0516124531801228,0.0,-2.147,-1.4887
3.7952191829681396,-2.0416938319217084,0.0,-2.1594,-0.6567
3.800306797027588,-2.0315954272454237,0.0,-2.1594,-0.6567
3.8051700592041016,-2.021832260171851,0.0,-2.1594,-0.6567
3.8101096153259277,-2.011808169327528,0.0,-2.1594,-0.6567
3.815119743347168,-2.001532390271314,0.0,-2.1594,-0.6567
3.82012677192688,-1.9911563579866773,0.0,-2.1594,-0.6567
3.825159788131714,-1.9806216557373408,0.0,-2.1524,0.3815
3.830134391784668,-1.9701085265370177,0.0,-2.1524,0.3815
3.83512282371521,-1.9594682425748478,0.0,-2.1524,0.3815
3.840134382247925,-1.948682513268745,0.0,-2.1524,0.3815
3.845136880874634,-1.9378228653316634,0.0,-2.1341,0.933
3.8501439094543457,-1.9268626123837493,0.0,-2.1341,0.933
3.8551013469696045,-1.9159241074449944,0.0,-2.1341,0.933
3.860102891921997,-1.904803456122326,0.0,-2.1341,0.933
3.8651652336120605,-1.893463666241962,0.0,-2.108,1.3749
3.8703665733337402,-1.8817275413467747,0.0,-2.108,1.3749
3.875145435333252,-1.870871426252624,0.0,-2.108,1.3749
3.8803677558898926,-1.8589306553047207,0.0,-2.108,1.3749
3.885138750076294,-1.8479539639444353,0.0,-2.108,1.3749
3.890133857727051,-1.8363949734621823,0.0,-2.0791,1.334
3.8952083587646484,-1.824585305339902,0.0,-2.0791,1.334
3.9001710414886475,-1.812973463417737,0.0,-2.0791,1.334
3.9051802158355713,-1.8011931531286358,0.0,-2.0791,1.334
3.9101758003234863,-1.7893879763192992,0.0,-2.0475,1.9033
3.9152371883392334,-1.7773724033420957,0.0,-2.0475,1.9033
3.9202096462249756,-1.765517069932241,0.0,-2.0475,1.9033
3.925135374069214,-1.7537262924456642,0.0,-2.0475,1.9033
3.930121898651123,-1.74174537826702,0.0,-2.0475,1.9033
3.935122013092041,-1.7296896912574193,0.0,-2.0132,2.0697
3.940176486968994,-1.7174631021342344,0.0,-2.0132,2.0697
3.9453561305999756,-1.70489539271704,0.0,-2.0132,2.0697
3.9501497745513916,-1.6932325492411942,0.0,-2.0132,2.0697
3.9551312923431396,-1.6810832280299552,0.0,-2.0132,2.0697
3.960200071334839,-1.6686933804249133,0.0,-2.0132,2.0697
3.9651551246643066,-1.6565575003614124,0.0,-2.0132,2.0697
3.970184087753296,-1.6442193671802179,0.0,-2.0132,2.0697
3.9751713275909424,-1.6319654909486232,0.0,-1.9795,2.0272
3.9801952838897705,-1.6196062262955941,0.0,-1.9795,2.0272
3.9851770401000977,-1.6073387621096673,0.0,-1.9795,2.0272
3.9901504516601562,-1.5950829166180367,0.0,-1.9795,2.0272
3.9953250885009766,-1.5823249464169282,0.0,-1.9795,2.0272
4.000248432159424,-1.570183655829233,0.0,-1.9795,2.0272
4.005143880844116,-1.5581112959743062,0.0,-1.9498,1.8621
4.010199069976807,-1.545648191550391,0.0,-1.9498,1.8621
4.015161514282227,-1.5334198914638477,0.0,-1.9498,1.8621
4.020187854766846,-1.521043413671412,0.0,-1.9498,1.8621
4.025259017944336,-1.50856914908302,0.0,-1.9498,1.8621
4.030185699462891,-1.4964653831185837,0.0,-1.9498,1.8621
4.035145998001099,-1.48429702303366,0.0,-1.9147,2.0724
4.040165662765503,-1.4720044240551036,0.0,-1.9147,2.0724
4.0453314781188965,-1.4593796004129334,0.0,-1.9147,2.0724
4.050156354904175,-1.4476144391954362,0.0,-1.9147,2.0724
4.05513072013855,-1.43551441935359,0.0,-1.9147,2.0724
4.060147523880005,-1.423344638786904,0.0,-1.9147,2.0724
4.065122365951538,-1.4113128088809812,0.0,-1.8796,2.033
4.070501089096069,-1.3983480951149907,0.0,-1.8796,2.033
4.07513165473938,-1.3872260224298125,0.0,-1.8796,2.033
4.080142498016357,-1.3752344039808415,0.0,-1.8796,2.033
4.0851969718933105,-1.3631874766497347,0.0,-1.8796,2.033
4.090151309967041,-1.3514299967355194,0.0,-1.8796,2.033
4.0951642990112305,-1.339587428261336,0.0,-1.8796,2.033
4.100188732147217,-1.3277753673918578,0.0,-1.8506,1.5976
4.105167388916016,-1.3161306387702567,0.0,-1.8506,1.5976
4.1101672649383545,-1.3044989823763173,0.0,-1.8506,1.5976
4.115144729614258,-1.2929847197874524,0.0,-1.8506,1.5976
4.120158433914185,-1.2814553047739525,0.0,-1.8205,1.7421
4.125360727310181,-1.269568135083353,0.0,-1.8205,1.7421
4.130182504653931,-1.2586222173363912,0.0,-1.8205,1.7421
4.135131120681763,-1.2474628683344928,0.0,-1.8205,1.7421
4.14013934135437,-1.2362486831562203,0.0,-1.8205,1.7421
4.145127773284912,-1.225161130511286,0.0,-1.7856,2.0901
4.150214195251465,-1.2139432020126055,0.0,-1.7856,2.0901
4.1551995277404785,-1.2030366243199782,0.0,-1.7856,2.0901
4.160170793533325,-1.1922506445064718,0.0,-1.7856,2.0901
4.165221214294434,-1.1813874861261138,0.0,-1.7856,2.0901
4.1701414585113525,-1.1708985782091075,0.0,-1.7856,2.0901
4.175131559371948,-1.1603583535449953,0.0,-1.7527,1.8594
4.1802332401275635,-1.1496867438907195,0.0,-1.7527,1.8594
4.1852335929870605,-1.1393320427011215,0.0,-1.7527,1.8594
4.190155029296875,-1.129244713501131,0.0,-1.7527,1.8594
4.195143222808838,-1.1191282718285966,0.0,-1.7527,1.8594
4.200117349624634,-1.1091508041289164,0.0,-1.7527,1.8594
4.2051310539245605,-1.0992080328540323,0.0,-1.7196,1.9583
4.210159778594971,-1.0893529991881852,0.0,-1.7196,1.9583
4.2153236865997314,-1.0793581092391635,0.0,-1.7196,1.9583
4.220119476318359,-1.070191501026265,0.0,-1.7196,1.9583
4.225135087966919,-1.0607263276400003,0.0,-1.7196,1.9583
4.230109691619873,-1.051463626287553,0.0,-1.6854,2.0079
4.235152006149292,-1.0422042984313005,0.0,-1.6854,2.0079
4.2401463985443115,-1.0331637180657438,0.0,-1.6854,2.0079
4.245274543762207,-1.0240187657101614,0.0,-1.6854,2.0079
4.2502617835998535,-1.0152611848328186,0.0,-1.6854,2.0079
4.255246162414551,-1.0066448814498796,0.0,-1.6521,1.9426
4.260221719741821,-0.998181786738593,0.0,-1.6521,1.9426
4.265386343002319,-0.9895451122707103,0.0,-1.6521,1.9426
4.270147085189819,-0.9817193195936581,0.0,-1.6521,1.9426
4.2751548290252686,-0.9736297346111867,0.0,-1.6521,1.9426
4.280213117599487,-0.9656085494974453,0.0,-1.6521,1.9426
4.28519868850708,-0.9578522101851904,0.0,-1.6521,1.9426
4.290138244628906,-0.9503157409433189,0.0,-1.6185,1.9764
4.295163154602051,-0.9428023650163034,0.0,-1.6185,1.9764
4.300143241882324,-0.935510411853484,0.0,-1.6185,1.9764
4.3051722049713135,-0.9283046974689622,0.0,-1.6185,1.9764
4.3101279735565186,-0.9213607338188127,0.0,-1.6185,1.9764
4.315107583999634,-0.9145419197946183,0.0,-1.6185,1.9764
4.320142984390259,-0.9078100283781275,0.0,-1.5848,1.9704
4.325248718261719,-0.9011535137414178,0.0,-1.5848,1.9704
4.330186367034912,-0.8948799913510684,0.0,-1.5848,1.9704
4.335128307342529,-0.8887638677614397,0.0,-1.5848,1.9704
4.340137243270874,-0.8827325913415522,0.0,-1.5848,1.9704
4.345128059387207,-0.8768925846825585,0.0,-1.5848,1.9704
4.350141763687134,-0.8711975548105164,0.0,-1.5513,1.9617
4.355289697647095,-0.865530662597871,0.0,-1.5513,1.9617
4.360108137130737,-0.8603935837513852,0.0,-1.5513,1.9617
4.36510968208313,-0.8552334855665636,0.0,-1.5513,1.9617
4.3702552318573,-0.8501091964485206,0.0,-1.5513,1.9617
4.375150680541992,-0.8454087695472178,0.0,-1.5177,1.9698
4.380178928375244,-0.8407594604874408,0.0,-1.5177,1.9698
4.385155916213989,-0.8363369350870037,0.0,-1.5177,1.9698
4.390115976333618,-0.8321080880451021,0.0,-1.5177,1.9698
4.395157814025879,-0.8279933449742813,0.0,-1.4841,1.9656
4.4001524448394775,-0.8241008716079677,0.0,-1.4841,1.9656
4.405092000961304,-0.8204321272405276,0.0,-1.4841,1.9656
4.410108327865601,-0.8168912939412732,0.0,-1.4841,1.9656
4.415102243423462,-0.8135522573997158,0.0,-1.4506,1.9659
4.420175790786743,-0.8103508476100019,0.0,-1.4506,1.9659
4.425113677978516,-0.8074205422599218,0.0,-1.4506,1.9659
4.430110216140747,-0.8046424211797476,0.0,-1.4506,1.9659
4.435101509094238,-0.8020556944469963,0.0,-1.417,1.9677
4.440636396408081,-0.7994082908323463,0.0,-1.417,1.9677
4.445130348205566,-0.797430302574595,0.0,-1.417,1.9677
4.450133323669434,-0.7954096123819734,0.0,-1.417,1.9677
4.455112934112549,-0.7935885616497899,0.0,-1.417,1.9677
4.460129499435425,-0.7919463236602151,0.0,-1.3835,1.967
4.4651408195495605,-0.7904989443491945,0.0,-1.3835,1.967
4.470104217529297,-0.7892560391196978,0.0,-1.3835,1.967
4.475117444992065,-0.7881935484263674,0.0,-1.3835,1.967
4.4801201820373535,-0.787326790529947,0.0,-1.3499,1.9686
4.485381603240967,-0.7866240069905879,0.0,-1.3499,1.9686
4.490132093429565,-0.7861735120284513,0.0,-1.3499,1.9686
4.4951255321502686,-0.7858883686450555,0.0,-1.3499,1.9686
4.500147104263306,-0.7857964106230534,0.0,-1.3499,1.9686
4.5051538944244385,-0.7858992233782419,0.0,-1.3499,1.9686
4.510133504867554,-0.7861940876930847,0.0,-1.3163,1.9699
4.515142202377319,-0.7866843730722244,0.0,-1.3163,1.9699
4.520123481750488,-0.7873645251832366,0.0,-1.3163,1.9699
4.525113344192505,-0.7882382006122242,0.0,-1.3163,1.9699
4.530128479003906,-0.7893100663217637,0.0,-1.3163,1.9699
4.5351221561431885,-0.7905700922721839,0.0,-1.2827,1.9714
4.540261268615723,-0.792067304269551,0.0,-1.2827,1.9714
4.545159339904785,-0.793683220861775,0.0,-1.2827,1.9714
4.550140380859375,-0.7955152124836299,0.0,-1.2827,1.9714
4.555187225341797,-0.7975650236319464,0.0,-1.2827,1.9714
4.560122728347778,-0.7997576063411876,0.0,-1.2827,1.9714
4.565258979797363,-0.8022361916792884,0.0,-1.2491,1.9737
4.570226669311523,-0.8048238050996724,0.0,-1.2491,1.9737
4.575202465057373,-0.8076026551124889,0.0,-1.2491,1.9737
4.580130577087402,-0.8105386930742124,0.0,-1.2491,1.9737
4.585095167160034,-0.8136807172304256,0.0,-1.2491,1.9737
4.590105772018433,-0.8170385998984661,0.0,-1.2491,1.9737
4.595099925994873,-0.8205713082449523,0.0,-1.2154,1.9762
4.600564002990723,-0.8246479499413607,0.0,-1.2154,1.9762
4.605149507522583,-0.8282388329791958,0.0,-1.2154,1.9762
4.610195159912109,-0.8323680943909711,0.0,-1.2154,1.9762
4.6151511669158936,-0.8366046209327872,0.0,-1.2154,1.9762
4.620147466659546,-0.8410557413672101,0.0,-1.2154,1.9762
4.625117540359497,-0.8456618724994344,0.0,-1.1817,1.9792
4.630244016647339,-0.8505981536392003,0.0,-1.1817,1.9792
4.635121822357178,-0.8554684392080635,0.0,-1.1817,1.9792
4.640265703201294,-0.8607863358797125,0.0,-1.1817,1.9792
4.645188331604004,-0.8660491347196189,0.0,-1.1817,1.9792
4.650240421295166,-0.871625582584291,0.0,-1.1479,1.9827
4.655200719833374,-0.8772720728105686,0.0,-1.1479,1.9827
4.660257339477539,-0.8832015468312849,0.0,-1.1479,1.9827
4.6651599407196045,-0.8891161016793088,0.0,-1.1479,1.9827
4.670173168182373,-0.8953313261666411,0.0,-1.1479,1.9827
4.675174951553345,-0.9016993344292517,0.0,-1.1479,1.9827
4.680312633514404,-0.9084123480035461,0.0,-1.1479,1.9827
4.68516206741333,-0.9149070680154174,0.0,-1.1141,1.988
4.6902015209198,-0.9218175507681304,0.0,-1.1141,1.988
4.6952598094940186,-0.9289174351910909,0.0,-1.1141,1.988
4.700174808502197,-0.9359714785563246,0.0,-1.1141,1.988
4.705168962478638,-0.9432941455247519,0.0,-1.1141,1.988
4.7101171016693115,-0.9507016856671989,0.0,-1.1141,1.988
4.715133905410767,-0.9583649856571148,0.0,-1.0802,1.994
4.720336675643921,-0.9664730179458535,0.0,-1.0802,1.994
4.725162982940674,-0.9741387614541885,0.0,-1.0802,1.994
4.730131149291992,-0.9821730777562959,0.0,-1.0802,1.994
4.7352354526519775,-0.9905768685730862,0.0,-1.0802,1.994
4.740253925323486,-0.9989848120194209,0.0,-1.0802,1.994
4.74515700340271,-1.0073367048578725,0.0,-1.0461,2.0032
4.750206232070923,-1.0160772540337755,0.0,-1.0461,2.0032
4.755278825759888,-1.0249987934580749,0.0,-1.0461,2.0032
4.760156631469727,-1.0337084973092574,0.0,-1.0461,2.0032
4.7651567459106445,-1.0427674787633234,0.0,-1.0461,2.0032
4.770157814025879,-1.0519585143563148,0.0,-1.0461,2.0032
4.775231599807739,-1.0614140571737902,0.0,-1.0131,1.7511
4.780125141143799,-1.070656326883806,0.0,-1.0131,1.7511
4.78512978553772,-1.0802306752179531,0.0,-1.0131,1.7511
4.7901225090026855,-1.0899030513674366,0.0,-1.0131,1.7511
4.795186519622803,-1.0998343740872727,0.0,-1.0131,1.7511
4.800146102905273,-1.1096764506393035,0.0,-1.0131,1.7511
4.8052332401275635,-1.1198879290428354,0.0,-0.9948,1.2586
4.810159206390381,-1.1298856644202206,0.0,-0.9948,1.2586
4.8152759075164795,-1.1403822843886426,0.0,-0.9948,1.2586
4.820167779922485,-1.1505217091349,0.0,-0.9948,1.2586
4.825144529342651,-1.1609389032104538,0.0,-0.9948,1.2586
4.830224275588989,-1.1716749886666062,0.0,-0.9948,1.2586
4.835209608078003,-1.1823103737239196,0.0,-0.9948,1.2586
4.840160369873047,-1.1929663165687445,0.0,-0.9863,0.5547
4.8451831340789795,-1.2038706238800612,0.0,-0.9863,0.5547
4.8504416942596436,-1.2153846868032228,0.0,-0.9863,0.5547
4.855277061462402,-1.2260578091660919,0.0,-0.9863,0.5547
4.8602259159088135,-1.2370637847261436,0.0,-0.9863,0.5547
4.865238666534424,-1.2482940866471037,0.0,-0.9863,0.5547
4.87034273147583,-1.2598111244865453,0.0,-0.9863,0.5547
4.8752195835113525,-1.2708902085485518,0.0,-0.9936,-0.3827
4.880326509475708,-1.2825673807767786,0.0,-0.9936,-0.3827
4.885242700576782,-1.2938785520374667,0.0,-0.9936,-0.3827
4.8901989459991455,-1.30534873632004,0.0,-0.9936,-0.3827
4.895216941833496,-1.317027378744546,0.0,-0.9936,-0.3827
4.9002416133880615,-1.3287847477359316,0.0,-0.9936,-0.3827
4.905177593231201,-1.340393317575999,0.0,-1.0124,-0.9177
4.910411834716797,-1.3527638102998099,0.0,-1.0124,-0.9177
4.915125370025635,-1.363954221764756,0.0,-1.0124,-0.9177
4.920091867446899,-1.3757942146583282,0.0,-1.0124,-0.9177
4.925089597702026,-1.387756579637705,0.0,-1.0124,-0.9177
4.930088996887207,-1.3997680829013786,0.0,-1.0425,-1.7874
4.935166358947754,-1.4120100636425128,0.0,-1.0425,-1.7874
4.940100193023682,-1.4239447165148693,0.0,-1.0425,-1.7874
4.945099592208862,-1.4360739417380128,0.0,-1.0425,-1.7874
4.95009183883667,-1.4482189767672384,0.0,-1.0425,-1.7874
4.955255508422852,-1.4608127311331554,0.0,-1.0774,-2.0944
4.960156440734863,-1.4727925144703429,0.0,-1.0774,-2.0944
4.965134143829346,-1.4849837212343384,0.0,-1.0774,-2.0944
4.970124006271362,-1.4972257673016736,0.0,-1.0774,-2.0944
4.975122451782227,-1.5095069947723414,0.0,-1.1124,-2.0944
4.980235815048218,-1.5220861902070255,0.0,-1.1124,-2.0944
4.985135078430176,-1.5341505202005354,0.0,-1.1124,-2.0944
4.990172624588013,-1.546564392625413,0.0,-1.1124,-2.0944
4.995192050933838,-1.5589396529457762,0.0,-1.1124,-2.0944
5.0001325607299805,-1.5711232414605834,0.0,-1.1124,-2.0944
5.005305051803589,-1.5838787758739825,0.0,-1.1473,-2.0944
5.010515451431274,-1.5967242932033177,0.0,-1.1473,-2.0944
5.015212535858154,-1.6082984458093221,0.0,-1.1473,-2.0944
5.0201334953308105,-1.62041545018264,0.0,-1.1473,-2.0944
5.025108337402344,-1.6326530660634546,0.0,-1.1473,-2.0944
5.030178070068359,-1.6451085397556122,0.0,-1.1473,-2.0944
5.035204172134399,-1.657438221628815,0.0,-1.1823,-2.0944
5.040268898010254,-1.6698407937695623,0.0,-1.1823,-2.0944
5.045338153839111,-1.6822293498130103,0.0,-1.1823,-2.0944
5.050225257873535,-1.6941460314439,0.0,-1.1823,-2.0944
5.055383920669556,-1.706693279588327,0.0,-1.1823,-2.0944
5.060226678848267,-1.7184397436409569,0.0,-1.1823,-2.0944
5.065196514129639,-1.7304588873303288,0.0,-1.1823,-2.0944
5.070138931274414,-1.742373128835371,0.0,-1.2173,-2.0944
5.075387954711914,-1.7549811204798709,0.0,-1.2173,-2.0944
5.080197334289551,-1.766489217485213,0.0,-1.2173,-2.0944
5.085173845291138,-1.7783501734608462,0.0,-1.2173,-2.0944
5.090146541595459,-1.790151365797016,0.0,-1.2173,-2.0944
5.09511923789978,-1.8018990250321958,0.0,-1.2522,-2.0944
5.100163698196411,-1.8137585809323271,0.0,-1.2522,-2.0944
5.105145215988159,-1.825410289900116,0.0,-1.2522,-2.0944
5.1101460456848145,-1.8370444437777387,0.0,-1.2522,-2.0944
5.1151323318481445,-1.848579337537584,0.0,-1.2872,-2.0944
5.120183944702148,-1.8601958317849097,0.0,-1.2872,-2.0944
5.125136852264404,-1.8715146011474872,0.0,-1.2872,-2.0944
5.130115747451782,-1.8828193739390096,0.0,-1.2872,-2.0944
5.135106325149536,-1.8940740627832262,0.0,-1.3222,-2.0944
5.140143394470215,-1.9053530128251186,0.0,-1.3222,-2.0944
5.145124673843384,-1.9164246601695192,0.0,-1.3222,-2.0944
5.150134801864624,-1.9274750448026436,0.0,-1.3222,-2.0944
5.15514349937439,-1.9384339503684862,0.0,-1.3571,-2.0944
5.160199403762817,-1.949403818986037,0.0,-1.3571,-2.0944
5.165206432342529,-1.9601735140638796,0.0,-1.3571,-2.0944
5.170191287994385,-1.9707998166681904,0.0,-1.3571,-2.0944
5.175141334533691,-1.981254849254835,0.0,-1.3571,-2.0944
5.180159091949463,-1.991751575846163,0.0,-1.3571,-2.0944
5.185171604156494,-2.002132891314008,0.0,-1.3571,-2.0944
5.1901867389678955,-2.0124125948549203,0.0,-1.3921,-2.0944
5.1954145431518555,-2.023011482106047,0.0,-1.3921,-2.0944
5.200186014175415,-2.0325787986049058,0.0,-1.3921,-2.0944
5.205225706100464,-2.042571209743317,0.0,-1.3921,-2.0944
5.210311412811279,-2.0525349653238054,0.0,-1.3921,-2.0944
5.215272665023804,-2.0621364189733975,0.0,-1.3921,-2.0944
5.2202064990997314,-2.071566443307119,0.0,-1.4271,-2.0944
5.225187301635742,-2.080964198593595,0.0,-1.4271,-2.0944
5.230302810668945,-2.0904860714823066,0.0,-1.4271,-2.0944
5.235306024551392,-2.099669107104094,0.0,-1.4271,-2.0944
5.2401282787323,-2.1083963739031297,0.0,-1.4271,-2.0944
5.245161294937134,-2.117373456489515,0.0,-1.4271,-2.0944
5.250112771987915,-2.1260717705371817,0.0,-1.462,-2.0944
5.255186557769775,-2.1348455489030007,0.0,-1.462,-2.0944
5.260159969329834,-2.143306686628909,0.0,-1.462,-2.0944
5.26509428024292,-2.151563192512832,0.0,-1.462,-2.0944
5.270095109939575,-2.1597886044358305,0.0,-1.462,-2.0944
5.275125741958618,-2.167916356116428,0.0,-1.497,-2.0944
5.28046989440918,-2.1763872292269433,0.0,-1.497,-2.0944
5.28516149520874,-2.183683133993666,0.0,-1.497,-2.0944
5.290124416351318,-2.1912560220357498,0.0,-1.497,-2.0944
5.295165300369263,-2.198793463684079,0.0,-1.497,-2.0944
5.30012845993042,-2.2060608268994493,0.0,-1.497,-2.0944
5.305215835571289,-2.213349772793891,0.0,-1.532,-2.0944
5.3104424476623535,-2.2206672632049083,0.0,-1.532,-2.0944
5.3152196407318115,-2.22720233681466,0.0,-1.532,-2.0944
5.320275545120239,-2.2339576133507304,0.0,-1.532,-2.0944
5.325212478637695,-2.2403924981368695,0.0,-1.532,-2.0944
5.330223321914673,-2.2467590038905865,0.0,-1.567,-2.0944
5.335357189178467,-2.2531080769365954,0.0,-1.567,-2.0944
5.340331554412842,-2.259090609540298,0.0,-1.567,-2.0944
5.345272064208984,-2.264866051045077,0.0,-1.567,-2.0944
5.350319862365723,-2.270594215794807,0.0,-1.567,-2.0944
5.35526704788208,-2.276037460869083,0.0,-1.567,-2.0944
5.360209941864014,-2.2813058549257375,0.0,-1.6019,-2.0944
5.365354061126709,-2.2866067774254213,0.0,-1.6019,-2.0944
5.3702712059021,-2.2914990726395055,0.0,-1.6019,-2.0944
5.375181198120117,-2.2962126489025794,0.0,-1.6019,-2.0944
5.380133628845215,-2.300792118905153,0.0,-1.6019,-2.0944
5.385119915008545,-2.30522437144516,0.0,-1.6019,-2.0944
5.3901238441467285,-2.3094911312696915,0.0,-1.6369,-2.0944
5.395141124725342,-2.313585995004245,0.0,-1.6369,-2.0944
5.400142669677734,-2.317484343132775,0.0,-1.6369,-2.0944
5.405099153518677,-2.3211657079466486,0.0,-1.6369,-2.0944
5.410172700881958,-2.324745583169487,0.0,-1.6369,-2.0944
5.415130138397217,-2.3280585246381187,0.0,-1.6369,-2.0944
5.420220136642456,-2.3312689377028444,0.0,-1.6719,-2.0944
5.42552638053894,-2.334408713726102,0.0,-1.6719,-2.0944
5.430155277252197,-2.3369744288864993,0.0,-1.6719,-2.0944
5.435140132904053,-2.33955623965701,0.0,-1.6719,-2.0944
5.440146207809448,-2.341959301431682,0.0,-1.6719,-2.0944
5.445214509963989,-2.344197925088107,0.0,-1.6719,-2.0944
5.450160264968872,-2.3461934046513075,0.0,-1.6719,-2.0944
5.4555065631866455,-2.348139936301603,0.0,-1.7068,-2.0944
5.460155725479126,-2.3496544074029853,0.0,-1.7068,-2.0944
5.465130567550659,-2.3510909455444984,0.0,-1.7068,-2.0944
5.4701783657073975,-2.3523537423579453,0.0,-1.7068,-2.0944
5.475119352340698,-2.3533994724757075,0.0,-1.7068,-2.0944
5.480124473571777,-2.354266523548286,0.0,-1.7068,-2.0944
5.485108375549316,-2.354937423350565,0.0,-1.7068,-2.0944
5.49026894569397,-2.3554295301328225,0.0,-1.7418,-2.0944
5.495143413543701,-2.355704958981757,0.0,-1.7418,-2.0944
5.500303030014038,-2.3557959710729457,0.0,-1.7418,-2.0944
5.505196571350098,-2.35569171911982,0.0,-1.7418,-2.0944
5.510167598724365,-2.3553958851142185,0.0,-1.7768,-2.0944
5.515369892120361,-2.3548813782677653,0.0,-1.7768,-2.0944
5.520206451416016,-2.354215174650319,0.0,-1.7768,-2.0944
5.525193691253662,-2.3533388112023186,0.0,-1.7768,-2.0944
5.530232906341553,-2.3522582056850774,0.0,-1.7768,-2.0944
5.535234212875366,-2.350992082623188,0.0,-1.7768,-2.0944
5.540198802947998,-2.349544767315422,0.0,-1.8118,-2.0944
5.545375823974609,-2.3478337637689912,0.0,-1.8118,-2.0944
5.550308704376221,-2.3460122142202717,0.0,-1.8118,-2.0944
5.555180549621582,-2.344030469851945,0.0,-1.8118,-2.0944
5.560173749923706,-2.341811412086111,0.0,-1.8118,-2.0944
5.565135478973389,-2.33941840994231,0.0,-1.8118,-2.0944
5.570410966873169,-2.336669256976167,0.0,-1.8118,-2.0944
5.575521230697632,-2.333805612653029,0.0,-1.8118,-2.0944
5.5801684856414795,-2.331030668412991,0.0,-1.8467,-2.0944
5.585190773010254,-2.3278496186556916,0.0,-1.8467,-2.0944
5.59016227722168,-2.3245151198510308,0.0,-1.8467,-2.0944
5.595152378082275,-2.3209832608423584,0.0,-1.8467,-2.0944
5.600177049636841,-2.317240650205584,0.0,-1.8467,-2.0944
5.605278968811035,-2.3132501999014514,0.0,-1.8467,-2.0944
5.6101531982421875,-2.3092596663532516,0.0,-1.8817,-2.0944
5.615275144577026,-2.3048797670927614,0.0,-1.8817,-2.0944
5.620123624801636,-2.3005585803415944,0.0,-1.8817,-2.0944
5.625340223312378,-2.2957202582116514,0.0,-1.8817,-2.0944
5.630382061004639,-2.290858988469448,0.0,-1.8817,-2.0944
5.635153770446777,-2.28609176058112,0.0,-1.9166,-2.0944
5.640156030654907,-2.2809216398949346,0.0,-1.9166,-2.0944
5.645409107208252,-2.27530352829198,0.0,-1.9166,-2.0944
5.6501593589782715,-2.2700579409251676,0.0,-1.9166,-2.0944
5.655177116394043,-2.2643478493265703,0.0,-1.9166,-2.0944
5.660185098648071,-2.2584770429011556,0.0,-1.9166,-2.0944
5.665110349655151,-2.252537191115533,0.0,-1.9516,-2.0944
5.670220851898193,-2.246201403956995,0.0,-1.9516,-2.0944
5.675188302993774,-2.2398760990125055,0.0,-1.9516,-2.0944
5.680137634277344,-2.2334118123836033,0.0,-1.9516,-2.0944
5.68511962890625,-2.226743084857632,0.0,-1.9516,-2.0944
5.690179347991943,-2.2198058655882025,0.0,-1.9866,-2.0944
5.695293664932251,-2.2126271503472283,0.0,-1.9866,-2.0944
5.700178861618042,-2.2056152952800043,0.0,-1.9866,-2.0944
5.705172538757324,-2.198293208791861,0.0,-1.9866,-2.0944
5.7101709842681885,-2.1908094757440484,0.0,-1.9866,-2.0944
5.715200662612915,-2.183124664668064,0.0,-2.0215,-2.0944
5.720260381698608,-2.1752397043649347,0.0,-2.0215,-2.0944
5.725381851196289,-2.167102993631057,0.0,-2.0215,-2.0944
5.730230093002319,-2.1592581052551507,0.0,-2.0215,-2.0944
5.735258102416992,-2.1509781600515043,0.0,-2.0215,-2.0944
5.740206241607666,-2.1426884029709923,0.0,-2.0215,-2.0944
5.745195627212524,-2.1341896236854154,0.0,-2.0565,-2.0944
5.750198602676392,-2.1255287123926694,0.0,-2.0565,-2.0944
5.755176067352295,-2.116775971992829,0.0,-2.0565,-2.0944
5.760220050811768,-2.1077700810736832,0.0,-2.0565,-2.0944
5.765320539474487,-2.0985262048570537,0.0,-2.0565,-2.0944
5.770234107971191,-2.0894929275131204,0.0,-2.0565,-2.0944
5.775161981582642,-2.080309218667421,0.0,-2.0915,-2.0944
5.780242919921875,-2.070712416301994,0.0,-2.0915,-2.0944
5.785144805908203,-2.061333059299066,0.0,-2.0915,-2.0944
5.79015326499939,-2.051629649694778,0.0,-2.0915,-2.0944
5.795141220092773,-2.041847651150981,0.0,-2.0915,-2.0944
5.800111532211304,-2.0319851972025615,0.0,-2.1136,-1.2762
5.80513858795166,-2.0218957807211737,0.0,-2.1136,-1.2762
5.81016993522644,-2.0116850978233685,0.0,-2.1136,-1.2762
5.815149307250977,-2.0014714354571566,0.0,-2.1136,-1.2762
5.82011342048645,-1.9911841655380584,0.0,-2.1169,-0.1766
5.8252272605896,-1.9804797259540239,0.0,-2.1169,-0.1766
5.830122470855713,-1.9701338373572852,0.0,-2.1169,-0.1766
5.835142612457275,-1.9594258415324435,0.0,-2.1169,-0.1766
5.840159893035889,-1.9486273678005697,0.0,-2.1086,0.3973
5.8452911376953125,-1.9374865431716097,0.0,-2.1086,0.3973
5.850128650665283,-1.9268961486857972,0.0,-2.1086,0.3973
5.8551318645477295,-1.9158565089276798,0.0,-2.1086,0.3973
5.860105991363525,-1.9047965388387593,0.0,-2.1086,0.3973
5.865109205245972,-1.8935896233138751,0.0,-2.0919,0.8279
5.8702192306518555,-1.8820611577490742,0.0,-2.0919,0.8279
5.875209331512451,-1.8707258099726296,0.0,-2.0919,0.8279
5.880148649215698,-1.8594332211852032,0.0,-2.0919,0.8279
5.885139226913452,-1.8479528637256974,0.0,-2.0919,0.8279
5.890133380889893,-1.836396080059985,0.0,-2.0695,1.2831
5.895150423049927,-1.8247205063515772,0.0,-2.0695,1.2831
5.900180101394653,-1.8129522100720048,0.0,-2.0695,1.2831
5.905239582061768,-1.801053190908585,0.0,-2.0695,1.2831
5.910166501998901,-1.7894100003132583,0.0,-2.0695,1.2831
5.9152703285217285,-1.7772935541808748,0.0,-2.0695,1.2831
5.920191049575806,-1.765561498389669,0.0,-2.0695,1.2831
5.925180673599243,-1.7536176507722312,0.0,-2.04,1.7893
5.9302897453308105,-1.7413413537392213,0.0,-2.04,1.7893
5.9351630210876465,-1.729590651443496,0.0,-2.04,1.7893
5.940124034881592,-1.717590177061717,0.0,-2.04,1.7893
5.945116996765137,-1.7054764262342914,0.0,-2.04,1.7893
5.950119256973267,-1.6933068885553326,0.0,-2.0087,1.8673
5.955134630203247,-1.6810750780036048,0.0,-2.0087,1.8673
5.960108757019043,-1.6689168131824494,0.0,-2.0087,1.8673
5.965104103088379,-1.6566825729705346,0.0,-2.0087,1.8673
5.970115661621094,-1.6443873748459228,0.0,-2.0087,1.8673
5.9751832485198975,-1.6319361814934419,0.0,-1.979,1.8475
5.9801013469696045,-1.6198374384718368,0.0,-1.979,1.8475
5.985177040100098,-1.6073387621096689,0.0,-1.979,1.8475
5.990140199661255,-1.5951081874718394,0.0,-1.979,1.8475
5.995224714279175,-1.5825724570538744,0.0,-1.979,1.8475
6.000148773193359,-1.5704294297627779,0.0,-1.9439,2.0835
6.005171537399292,-1.5580430997078099,0.0,-1.9439,2.0835
6.010174036026001,-1.545709897423144,0.0,-1.9439,2.0835
6.015140771865845,-1.533470987441643,0.0,-1.9439,2.0835
6.020119905471802,-1.5212106510673502,0.0,-1.9439,2.0835
6.025108098983765,-1.508940173674121,0.0,-1.9098,1.879
6.030134439468384,-1.4965912309338434,0.0,-1.9098,1.879
6.035111904144287,-1.4843805920955861,0.0,-1.9098,1.879
6.0401341915130615,-1.4720814203009416,0.0,-1.9098,1.879
6.0451226234436035,-1.4598894770286557,0.0,-1.9098,1.879
6.050138235092163,-1.44765857197354,0.0,-1.8793,1.7266
6.055121660232544,-1.4355364282146252,0.0,-1.8793,1.7266
6.060174226760864,-1.4232799581591362,0.0,-1.8793,1.7266
6.065129280090332,-1.4112961132222914,0.0,-1.8793,1.7266
6.070153474807739,-1.3991845255960567,0.0,-1.8793,1.7266
6.075118064880371,-1.3872586079802944,0.0,-1.8444,2.0944
6.080200910568237,-1.3750948949230393,0.0,-1.8444,2.0944
6.085212469100952,-1.3631506192614147,0.0,-1.8444,2.0944
6.090191602706909,-1.3513345892674182,0.0,-1.8444,2.0944
6.095146656036377,-1.339629008777902,0.0,-1.8444,2.0944
6.100137710571289,-1.327895015903888,0.0,-1.8108,1.9299
6.105202913284302,-1.3160477702387638,0.0,-1.8108,1.9299
6.110140562057495,-1.3045609317013285,0.0,-1.8108,1.9299
6.115170478820801,-1.2929253288919318,0.0,-1.8108,1.9299
6.120136260986328,-1.2815061372754117,0.0,-1.8108,1.9299
6.125256776809692,-1.2698048833072337,0.0,-1.7777,1.9446
6.1301374435424805,-1.2587241828929263,0.0,-1.7777,1.9446
6.135185718536377,-1.2473401786542089,0.0,-1.7777,1.9446
6.140242338180542,-1.2360189168583045,0.0,-1.7777,1.9446
6.145121812820435,-1.2251743284422734,0.0,-1.7777,1.9446
6.15021014213562,-1.2139521051241056,0.0,-1.7777,1.9446
6.155227899551392,-1.202974809987793,0.0,-1.7436,2.0062
6.160206317901611,-1.1921738976694862,0.0,-1.7436,2.0062
6.165183782577515,-1.1814676423320887,0.0,-1.7436,2.0062
6.170157194137573,-1.170865185164742,0.0,-1.7436,2.0062
6.175132751464844,-1.1603558475230487,0.0,-1.7436,2.0062
6.180093288421631,-1.1499780619660198,0.0,-1.7101,1.9551
6.18514347076416,-1.1395177327106545,0.0,-1.7101,1.9551
6.190274477005005,-1.1290011871851733,0.0,-1.7101,1.9551
6.19514536857605,-1.119123943736564,0.0,-1.7101,1.9551
6.200124502182007,-1.1091365375906679,0.0,-1.7101,1.9551
6.205127477645874,-1.0992150836341652,0.0,-1.7101,1.9551
6.210114002227783,-1.0894421711280642,0.0,-1.6765,1.9719
6.215269327163696,-1.0794626544735673,0.0,-1.6765,1.9719
6.220158576965332,-1.0701172287747742,0.0,-1.6765,1.9719
6.225127696990967,-1.0607401828674612,0.0,-1.6765,1.9719
6.230119943618774,-1.0514446672845552,0.0,-1.6765,1.9719
6.235132932662964,-1.042239075087298,0.0,-1.6429,1.9731
6.240254163742065,-1.0329700981055066,0.0,-1.6429,1.9731
6.245308876037598,-1.0239580170221543,0.0,-1.6429,1.9731
6.250267267227173,-1.015251630260528,0.0,-1.6429,1.9731
6.2551939487457275,-1.0067344279311714,0.0,-1.6429,1.9731
6.260172128677368,-0.9982654510048973,0.0,-1.6429,1.9731
6.265150785446167,-0.9899357162505901,0.0,-1.6093,1.9643
6.2702858448028564,-0.9814931919308201,0.0,-1.6093,1.9643
6.275149345397949,-0.9736385124742822,0.0,-1.6093,1.9643
6.280131101608276,-0.9657373929823254,0.0,-1.6093,1.9643
6.285114765167236,-0.9579815355889291,0.0,-1.6093,1.9643
6.290107250213623,-0.9503625663550399,0.0,-1.5757,1.9689
6.29523491859436,-0.9426961906904995,0.0,-1.5757,1.9689
6.300133228302002,-0.9355249185287642,0.0,-1.5757,1.9689
6.305110692977905,-0.9283918693495791,0.0,-1.5757,1.9689
6.310103416442871,-0.9213947562410022,0.0,-1.5422,1.9668
6.315459728240967,-0.9140657731283982,0.0,-1.5422,1.9668
6.320144176483154,-0.9078084542313772,0.0,-1.5422,1.9668
6.3251354694366455,-0.9012992979068029,0.0,-1.5422,1.9668
6.330119371414185,-0.8949640275100655,0.0,-1.5422,1.9668
6.3351709842681885,-0.8887117648565362,0.0,-1.5086,1.9658
6.340177774429321,-0.8826844805560049,0.0,-1.5086,1.9658
6.34530782699585,-0.8766854038337157,0.0,-1.5086,1.9658
6.350117921829224,-0.8712242269914829,0.0,-1.5086,1.9658
6.355123519897461,-0.8657107192382291,0.0,-1.5086,1.9658
6.360153675079346,-0.8603458090733773,0.0,-1.5086,1.9658
6.36511754989624,-0.8552255071800042,0.0,-1.475,1.9669
6.370187282562256,-0.8501756408630785,0.0,-1.475,1.9669
6.375135898590088,-0.8454227049232843,0.0,-1.475,1.9669
6.380094528198242,-0.840836000090489,0.0,-1.475,1.9669
6.385092258453369,-0.8363923697086998,0.0,-1.475,1.9669
6.390097379684448,-0.8321236088254856,0.0,-1.4415,1.9664
6.395181894302368,-0.8279741389338383,0.0,-1.4415,1.9664
6.400130987167358,-0.8241172017125019,0.0,-1.4415,1.9664
6.405103921890259,-0.820423491455375,0.0,-1.4415,1.9664
6.4101104736328125,-0.8168898193271344,0.0,-1.4415,1.9664
6.415125370025635,-0.81353722741959,0.0,-1.4079,1.967
6.4202048778533936,-0.8103330498680077,0.0,-1.4079,1.967
6.425127029418945,-0.8074128677904914,0.0,-1.4079,1.967
6.4301300048828125,-0.8046317933230501,0.0,-1.4079,1.967
6.4351277351379395,-0.8020426015063352,0.0,-1.4079,1.967
6.440400123596191,-0.7995165429262421,0.0,-1.3743,1.9678
6.4451422691345215,-0.7974252604674058,0.0,-1.3743,1.9678
6.450310468673706,-0.79534157226337,0.0,-1.3743,1.9678
6.455180406570435,-0.7935651919866954,0.0,-1.3743,1.9678
6.46016263961792,-0.7919361175517755,0.0,-1.3743,1.9678
6.465305328369141,-0.7904547073735079,0.0,-1.3743,1.9678
6.470239877700806,-0.7892247344286658,0.0,-1.3743,1.9678
6.475237607955933,-0.7881704626318479,0.0,-1.3408,1.9687
6.480300664901733,-0.7872991362685797,0.0,-1.3408,1.9687
6.485506534576416,-0.7866099228808089,0.0,-1.3408,1.9687
6.490441799163818,-0.7861502092867252,0.0,-1.3408,1.9687
6.4953882694244385,-0.785878713979879,0.0,-1.3408,1.9687
6.500240802764893,-0.7857965514220864,0.0,-1.3408,1.9687
6.505197525024414,-0.7859009728678256,0.0,-1.3408,1.9687
6.510293006896973,-0.7862067067036225,0.0,-1.3408,1.9687
6.515156507492065,-0.7866860514546472,0.0,-1.3072,1.9703
6.520135164260864,-0.7873663459119703,0.0,-1.3072,1.9703
6.525140047073364,-0.7882433935339609,0.0,-1.3072,1.9703
6.5301244258880615,-0.7893091217002323,0.0,-1.3072,1.9703
6.535120964050293,-0.7905697685505447,0.0,-1.2735,1.9721
6.540173053741455,-0.7920398906390665,0.0,-1.2735,1.9721
6.545188665390015,-0.7936934501251703,0.0,-1.2735,1.9721
6.550137519836426,-0.7955141056850603,0.0,-1.2735,1.9721
6.555138349533081,-0.7975442394204486,0.0,-1.2735,1.9721
6.560136079788208,-0.7997637893298588,0.0,-1.2735,1.9721
6.565143346786499,-0.8021781866930265,0.0,-1.2399,1.9743
6.570190668106079,-0.8048043805900744,0.0,-1.2399,1.9743
6.575145244598389,-0.8075696377060505,0.0,-1.2399,1.9743
6.580162286758423,-0.8105581756678677,0.0,-1.2399,1.9743
6.585193872451782,-0.8137450563517458,0.0,-1.2399,1.9743
6.5901947021484375,-0.8170998862458545,0.0,-1.2062,1.977
6.595311403274536,-0.8207249825300907,0.0,-1.2062,1.977
6.600266456604004,-0.8244202849263033,0.0,-1.2062,1.977
6.605288505554199,-0.8283500917467359,0.0,-1.2062,1.977
6.610288619995117,-0.8324463337180216,0.0,-1.2062,1.977
6.615246295928955,-0.8366876839909014,0.0,-1.2062,1.977
6.6202661991119385,-0.8411637095580465,0.0,-1.2062,1.977
6.625140190124512,-0.8456832692151456,0.0,-1.1725,1.9801
6.630326747894287,-0.8506793506482123,0.0,-1.1725,1.9801
6.635148286819458,-0.855495322067946,0.0,-1.1725,1.9801
6.640133380889893,-0.8606472076589442,0.0,-1.1725,1.9801
6.645167589187622,-0.8660266044294777,0.0,-1.1725,1.9801
6.6501624584198,-0.8715381862689319,0.0,-1.1725,1.9801
6.655248403549194,-0.8773271724184137,0.0,-1.1725,1.9801
6.66016960144043,-0.8830971801565896,0.0,-1.1388,1.9837
6.665176153182983,-0.8891359296236715,0.0,-1.1388,1.9837
6.670152425765991,-0.8953052641897943,0.0,-1.1388,1.9837
6.6752002239227295,-0.9017319307041908,0.0,-1.1388,1.9837
6.680201292037964,-0.9082650309968785,0.0,-1.1388,1.9837
6.6852335929870605,-0.9150040033025828,0.0,-1.1388,1.9837
6.690302610397339,-0.921957842424581,0.0,-1.1049,1.9891
6.695279359817505,-0.9289451919124486,0.0,-1.1049,1.9891
6.7003419399261475,-0.9362140172929405,0.0,-1.1049,1.9891
6.705343723297119,-0.9435531959667538,0.0,-1.1049,1.9891
6.710186719894409,-0.9508069797984592,0.0,-1.1049,1.9891
6.715145826339722,-0.9583833771217266,0.0,-1.1049,1.9891
6.720170497894287,-0.9662115378167428,0.0,-1.1049,1.9891
6.7251551151275635,-0.9741261527072076,0.0,-1.071,1.9952
6.730151414871216,-0.9822061454124529,0.0,-1.071,1.9952
6.735126733779907,-0.9903963096373851,0.0,-1.071,1.9952
6.7403175830841064,-0.9990923814889787,0.0,-1.071,1.9952
6.7452123165130615,-1.0074316914416843,0.0,-1.071,1.9952
6.750219106674194,-1.01609972016825,0.0,-1.0369,2.0046
6.755168676376343,-1.0248035852572663,0.0,-1.0369,2.0046
6.760270118713379,-1.0339126469468458,0.0,-1.0369,2.0046
6.765176057815552,-1.0428027212287256,0.0,-1.0369,2.0046
6.770186424255371,-1.05201146525893,0.0,-1.0369,2.0046
6.775209188461304,-1.0613720048851905,0.0,-1.0369,2.0046
6.780307292938232,-1.0710026463971294,0.0,-1.0369,2.0046
6.785255432128906,-1.0804726191999392,0.0,-1.0075,1.5131
6.790476322174072,-1.0905930089190563,0.0,-1.0075,1.5131
6.795236110687256,-1.0999322234600133,0.0,-1.0075,1.5131
6.800246477127075,-1.1098768027007004,0.0,-1.0075,1.5131
6.8051838874816895,-1.1197883053566338,0.0,-1.0075,1.5131
6.810357332229614,-1.1302900053711946,0.0,-1.0075,1.5131
6.815244436264038,-1.140317380201767,0.0,-1.0075,1.5131
6.8202738761901855,-1.1507427241843198,0.0,-0.9928,1.0264
6.82520604133606,-1.161068290489709,0.0,-0.9928,1.0264
6.8304126262664795,-1.1720750406058165,0.0,-0.9928,1.0264
6.835220098495483,-1.1823328546892844,0.0,-0.9928,1.0264
6.8401734828948975,-1.1929946633378152,0.0,-0.9928,1.0264
6.845191478729248,-1.2038888166987287,0.0,-0.9928,1.0264
6.850149631500244,-1.2147426175302638,0.0,-0.9928,1.0264
6.855181932449341,-1.2258470553496763,0.0,-0.9891,0.2567
6.860157251358032,-1.2369105205714952,0.0,-0.9891,0.2567
6.865123748779297,-1.248035724554952,0.0,-0.9891,0.2567
6.870124101638794,-1.259316138152344,0.0,-0.9891,0.2567
6.875099420547485,-1.2706163693707069,0.0,-0.9891,0.2567
6.880125999450684,-1.2821074883407244,0.0,-1.0007,-0.6004
6.885318756103516,-1.2940540663966658,0.0,-1.0007,-0.6004
6.890114068984985,-1.3051517568196913,0.0,-1.0007,-0.6004
6.895122528076172,-1.3168070534546847,0.0,-1.0007,-0.6004
6.900165796279907,-1.3286068856931468,0.0,-1.0007,-0.6004
6.90528678894043,-1.3406507636573315,0.0,-1.0007,-0.6004
6.910147666931152,-1.352138041142504,0.0,-1.0235,-1.1946
6.915219306945801,-1.3641777066662404,0.0,-1.0235,-1.1946
6.920180559158325,-1.3760060932866331,0.0,-1.0235,-1.1946
6.925194978713989,-1.388009311483791,0.0,-1.0235,-1.1946
6.930148363113403,-1.399910974900181,0.0,-1.0235,-1.1946
6.9352028369903564,-1.41209816541762,0.0,-1.0235,-1.1946
6.94013786315918,-1.4240359777131066,0.0,-1.0555,-1.9383
6.945131301879883,-1.4361509829590309,0.0,-1.0555,-1.9383
6.950109481811523,-1.4482619534609846,0.0,-1.0555,-1.9383
6.955202102661133,-1.460682325146246,0.0,-1.0555,-1.9383
6.960142135620117,-1.4727575120203966,0.0,-1.0555,-1.9383
6.965155601501465,-1.4850363221416663,0.0,-1.0905,-2.0944
6.970248460769653,-1.4975313454992705,0.0,-1.0905,-2.0944
6.975257396697998,-1.50983877883146,0.0,-1.0905,-2.0944
6.980258464813232,-1.5221419404141634,0.0,-1.0905,-2.0944
6.985127687454224,-1.534132312825157,0.0,-1.0905,-2.0944
6.990140676498413,-1.5464856415059456,0.0,-1.0905,-2.0944
6.995118856430054,-1.5587591652093489,0.0,-1.1254,-2.0944
7.000117778778076,-1.5710867869492717,0.0,-1.1254,-2.0944
7.005175352096558,-1.5835589602560247,0.0,-1.1254,-2.0944
7.01013970375061,-1.5957981307174884,0.0,-1.1254,-2.0944
7.015140533447266,-1.608121078837139,0.0,-1.1254,-2.0944
7.02015233039856,-1.6204618073165151,0.0,-1.1254,-2.0944
7.025136947631836,-1.632723403545351,0.0,-1.1604,-2.0944
7.030318737030029,-1.6454538804505188,0.0,-1.1604,-2.0944
7.0351197719573975,-1.6572313467503708,0.0,-1.1604,-2.0944
7.040133714675903,-1.6695100666716436,0.0,-1.1604,-2.0944
7.04517126083374,-1.6818219192240467,0.0,-1.1604,-2.0944
7.050150156021118,-1.6939631163836026,0.0,-1.1604,-2.0944
7.0551252365112305,-1.7060649130965615,0.0,-1.1954,-2.0944
7.06044602394104,-1.718970992680424,0.0,-1.1954,-2.0944
7.065343856811523,-1.7308146440516217,0.0,-1.1954,-2.0944
7.070188283920288,-1.7424918950161379,0.0,-1.1954,-2.0944
7.075309991836548,-1.7547942140219672,0.0,-1.1954,-2.0944
7.080251455307007,-1.7666184713901936,0.0,-1.1954,-2.0944
7.085177659988403,-1.7783592462751485,0.0,-1.1954,-2.0944
7.090162038803101,-1.7901880615531103,0.0,-1.2303,-2.0944
7.095165252685547,-1.8020074729037139,0.0,-1.2303,-2.0944
7.1003968715667725,-1.8143053203116586,0.0,-1.2303,-2.0944
7.105271816253662,-1.8257056058858017,0.0,-1.2303,-2.0944
7.110170602798462,-1.83710141474734,0.0,-1.2303,-2.0944
7.115300178527832,-1.8489664511838348,0.0,-1.2303,-2.0944
7.120175361633301,-1.860176155479428,0.0,-1.2303,-2.0944
7.125121116638184,-1.8714787547125613,0.0,-1.2653,-2.0944
7.130176305770874,-1.8829564096166913,0.0,-1.2653,-2.0944
7.135138988494873,-1.8941474660142918,0.0,-1.2653,-2.0944
7.140201568603516,-1.9054827917617996,0.0,-1.2653,-2.0944
7.145210266113281,-1.91661416999567,0.0,-1.2653,-2.0944
7.150137901306152,-1.9274818538918121,0.0,-1.2653,-2.0944
7.155170440673828,-1.9384926535599962,0.0,-1.3003,-2.0944
7.16018009185791,-1.9493620976371697,0.0,-1.3003,-2.0944
7.165180444717407,-1.9601178633090797,0.0,-1.3003,-2.0944
7.170223236083984,-1.9708676073605742,0.0,-1.3003,-2.0944
7.175313234329224,-1.98161615135673,0.0,-1.3003,-2.0944
7.180299997329712,-1.992044840244493,0.0,-1.3003,-2.0944
7.185345411300659,-2.0024909559684696,0.0,-1.3352,-2.0944
7.190188884735107,-2.012416969831169,0.0,-1.3352,-2.0944
7.195210933685303,-2.022600947213701,0.0,-1.3352,-2.0944
7.2001402378082275,-2.0324875015627493,0.0,-1.3352,-2.0944
7.205166578292847,-2.04245465525239,0.0,-1.3352,-2.0944
7.2102625370025635,-2.0524397905636342,0.0,-1.3352,-2.0944
7.21520471572876,-2.062005718379816,0.0,-1.3702,-2.0944
7.22026801109314,-2.071683256378188,0.0,-1.3702,-2.0944
7.225320339202881,-2.081213510674337,0.0,-1.3702,-2.0944
7.230148792266846,-2.0902013331668434,0.0,-1.3702,-2.0944
7.235234260559082,-2.0995383077449556,0.0,-1.3702,-2.0944
7.240222692489624,-2.1085660179736925,0.0,-1.3702,-2.0944
7.245313882827759,-2.117643495219813,0.0,-1.3702,-2.0944
7.250182151794434,-2.126192701170799,0.0,-1.4052,-2.0944
7.255297899246216,-2.1350364858727144,0.0,-1.4052,-2.0944
7.260173320770264,-2.143329213908163,0.0,-1.4052,-2.0944
7.2651660442352295,-2.1516822492590917,0.0,-1.4052,-2.0944
7.270288944244385,-2.1601045113420323,0.0,-1.4052,-2.0944
7.275131464004517,-2.167925516417712,0.0,-1.4052,-2.0944
7.280113935470581,-2.1758282882825357,0.0,-1.4401,-2.0944
7.285189628601074,-2.1837264841908257,0.0,-1.4401,-2.0944
7.290235996246338,-2.191424554254012,0.0,-1.4401,-2.0944
7.2951788902282715,-2.1988135720550863,0.0,-1.4401,-2.0944
7.300193548202515,-2.2061551109963475,0.0,-1.4401,-2.0944
7.3051934242248535,-2.213318021475134,0.0,-1.4401,-2.0944
7.3101806640625,-2.2203049062924,0.0,-1.4401,-2.0944
7.3151655197143555,-2.227129125937432,0.0,-1.4751,-2.0944
7.320205450057983,-2.23386509797843,0.0,-1.4751,-2.0944
7.325204372406006,-2.2403820639346,0.0,-1.4751,-2.0944
7.330154895782471,-2.246673189907135,0.0,-1.4751,-2.0944
7.3351500034332275,-2.2528552754294564,0.0,-1.4751,-2.0944
7.340208292007446,-2.258944390262634,0.0,-1.4751,-2.0944
7.3451926708221436,-2.2647745585929906,0.0,-1.4751,-2.0944
7.350146055221558,-2.27039989935503,0.0,-1.5101,-2.0944
7.355168581008911,-2.2759307778842133,0.0,-1.5101,-2.0944
7.360132694244385,-2.2812248349527424,0.0,-1.5101,-2.0944
7.365129709243774,-2.2863794757836526,0.0,-1.5101,-2.0944
7.370165586471558,-2.2913957902250788,0.0,-1.5101,-2.0944
7.375157833099365,-2.296190626404877,0.0,-1.5101,-2.0944
7.380120754241943,-2.300780442487839,0.0,-1.5451,-2.0944
7.385411500930786,-2.3054779917199477,0.0,-1.5451,-2.0944
7.3902976512908936,-2.3096360589907294,0.0,-1.5451,-2.0944
7.39514946937561,-2.3135926520651227,0.0,-1.5451,-2.0944
7.400091648101807,-2.317445504539683,0.0,-1.5451,-2.0944
7.405085802078247,-2.3211560353250658,0.0,-1.58,-2.0944
7.41015362739563,-2.324732483118598,0.0,-1.58,-2.0944
7.415118455886841,-2.3280509330898775,0.0,-1.58,-2.0944
7.420084714889526,-2.331186037555602,0.0,-1.58,-2.0944
7.425089597702026,-2.334158266480542,0.0,-1.615,-2.0944
7.4301323890686035,-2.3369621405315333,0.0,-1.615,-2.0944
7.435125827789307,-2.3395491000455557,0.0,-1.615,-2.0944
7.4400975704193115,-2.341936870703306,0.0,-1.615,-2.0944
7.445105314254761,-2.3441517590594487,0.0,-1.65,-2.0944
7.450215816497803,-2.346214755986411,0.0,-1.65,-2.0944
7.455107688903809,-2.3480022737541804,0.0,-1.65,-2.0944
7.460149765014648,-2.3496525720778387,0.0,-1.65,-2.0944
7.465120792388916,-2.3510883096385755,0.0,-1.65,-2.0944
7.470088720321655,-2.352333029328433,0.0,-1.6849,-2.0944
7.475147008895874,-2.3534047953460795,0.0,-1.6849,-2.0944
7.480097055435181,-2.3542623013094794,0.0,-1.6849,-2.0944
7.485115051269531,-2.3549381931079885,0.0,-1.6849,-2.0944
7.490126609802246,-2.355418722272398,0.0,-1.6849,-2.0944
7.495119094848633,-2.3557040416850477,0.0,-1.7199,-2.0944
7.500267744064331,-2.355796049092848,0.0,-1.7199,-2.0944
7.505194902420044,-2.3556917862991087,0.0,-1.7199,-2.0944
7.510202646255493,-2.3553931199624194,0.0,-1.7199,-2.0944
7.5152788162231445,-2.3548921873112327,0.0,-1.7199,-2.0944
7.520254373550415,-2.3542076684892983,0.0,-1.7199,-2.0944
7.5252525806427,-2.3533273150915766,0.0,-1.7549,-2.0944
7.530153036117554,-2.3522768612633698,0.0,-1.7549,-2.0944
7.535132884979248,-2.3510196473304164,0.0,-1.7549,-2.0944
7.540247678756714,-2.3495295763984325,0.0,-1.7549,-2.0944
7.545177459716797,-2.347903112986197,0.0,-1.7549,-2.0944
7.550177574157715,-2.3460630470252126,0.0,-1.7898,-2.0944
7.555224418640137,-2.344011801464868,0.0,-1.7898,-2.0944
7.560387849807739,-2.341712016796188,0.0,-1.7898,-2.0944
7.565184116363525,-2.339394027230535,0.0,-1.7898,-2.0944
7.5701587200164795,-2.3368055024381515,0.0,-1.7898,-2.0944
7.57514762878418,-2.3340216406508825,0.0,-1.7898,-2.0944
7.580214738845825,-2.3310022345139725,0.0,-1.8248,-2.0944
7.585236310958862,-2.327819912145911,0.0,-1.8248,-2.0944
7.590120553970337,-2.3245438707613286,0.0,-1.8248,-2.0944
7.595187187194824,-2.3209579753367136,0.0,-1.8248,-2.0944
7.600178003311157,-2.3172399221798536,0.0,-1.8248,-2.0944
7.605222940444946,-2.313295060035072,0.0,-1.8598,-2.0944
7.61014723777771,-2.3092646521240603,0.0,-1.8598,-2.0944
7.615102052688599,-2.3050308916767124,0.0,-1.8598,-2.0944
7.6202309131622314,-2.3004610415665474,0.0,-1.8598,-2.0944
7.6251771450042725,-2.2958744660619628,0.0,-1.8598,-2.0944
7.63042140007019,-2.2908203464111274,0.0,-1.8947,-2.0944
7.635167121887207,-2.2860781956638605,0.0,-1.8947,-2.0944
7.64030122756958,-2.2807689452770536,0.0,-1.8947,-2.0944
7.645159721374512,-2.2755745943495675,0.0,-1.8947,-2.0944
7.650199890136719,-2.270012511633719,0.0,-1.8947,-2.0944
7.655188798904419,-2.2643343532494695,0.0,-1.8947,-2.0944
7.660179615020752,-2.25848356466038,0.0,-1.8947,-2.0944
7.665216684341431,-2.2524071463688378,0.0,-1.9297,-2.0944
7.670256614685059,-2.2461564514107293,0.0,-1.9297,-2.0944
7.675205945968628,-2.2398533420113687,0.0,-1.9297,-2.0944
7.680216073989868,-2.2333080691126543,0.0,-1.9297,-2.0944
7.68528413772583,-2.22652012938323,0.0,-1.9297,-2.0944
7.690294504165649,-2.219646063381443,0.0,-1.9297,-2.0944
7.6952526569366455,-2.2126853726917837,0.0,-1.9647,-2.0944
7.700392484664917,-2.2053052520360303,0.0,-1.9647,-2.0944
7.705182075500488,-2.198279077009474,0.0,-1.9647,-2.0944
7.710157871246338,-2.1908293095472064,0.0,-1.9647,-2.0944
7.715542316436768,-2.1825970871357594,0.0,-1.9647,-2.0944
7.720426559448242,-2.174978135138112,0.0,-1.9647,-2.0944
7.725157022476196,-2.1674634442501253,0.0,-1.9647,-2.0944
7.7301506996154785,-2.159387675311705,0.0,-1.9996,-2.0944
7.735194206237793,-2.1510842945123594,0.0,-1.9996,-2.0944
7.740170478820801,-2.142748815599399,0.0,-1.9996,-2.0944
7.745143413543701,-2.134279283349387,0.0,-1.9996,-2.0944
7.750118017196655,-2.125669309767905,0.0,-1.9996,-2.0944
7.755136251449585,-2.116846519763575,0.0,-1.9996,-2.0944
7.760228395462036,-2.1077550695910907,0.0,-1.9996,-2.0944
7.765154838562012,-2.0988286554583366,0.0,-2.0346,-2.0944
7.770352125167847,-2.0892744319377208,0.0,-2.0346,-2.0944
7.775263071060181,-2.0801195400034844,0.0,-2.0346,-2.0944
7.780262470245361,-2.0706752423637096,0.0,-2.0346,-2.0944
7.785434007644653,-2.060776039489263,0.0,-2.0346,-2.0944
7.7901976108551025,-2.051543198613061,0.0,-2.0346,-2.0944
7.795135736465454,-2.0418584691769217,0.0,-2.0695,-2.0944
7.8001933097839355,-2.0318219813252707,0.0,-2.0695,-2.0944
7.805135726928711,-2.021901555097919,0.0,-2.0695,-2.0944
7.810147762298584,-2.0117303393867467,0.0,-2.0695,-2.0944
7.815147399902344,-2.0014753681379283,0.0,-2.0695,-2.0944
7.820236921310425,-1.9909269174731912,0.0,-2.0695,-2.0944
7.825225353240967,-1.9804837383562313,0.0,-2.0695,-2.0944
7.830152273178101,-1.9700705592565184,0.0,-2.0935,-1.4621
7.835465431213379,-1.958733930607843,0.0,-2.0935,-1.4621
7.840149879455566,-1.948649013974634,0.0,-2.0935,-1.4621
7.845254421234131,-1.937566602935494,0.0,-2.0935,-1.4621
7.850225210189819,-1.9266839129822777,0.0,-2.0935,-1.4621
7.85513973236084,-1.915839080670646,0.0,-2.0935,-1.4621
7.860129117965698,-1.9047449242617347,0.0,-2.0909,0.2787
7.865414381027222,-1.8929034382483954,0.0,-2.0909,0.2787
7.870166301727295,-1.8821809842559263,0.0,-2.0909,0.2787
7.875153303146362,-1.8708534965424441,0.0,-2.0909,0.2787
7.880211591720581,-1.8592888636928238,0.0,-2.0909,0.2787
7.885138511657715,-1.8479545140535714,0.0,-2.0771,0.6965
7.890185356140137,-1.8362754573917386,0.0,-2.0771,0.6965
7.895162343978882,-1.8246926879005825,0.0,-2.0771,0.6965
7.900219678878784,-1.8128593642090076,0.0,-2.0771,0.6965
7.905217170715332,-1.8011060289932292,0.0,-2.0771,0.6965
7.910161972045898,-1.7894207298837619,0.0,-2.0771,0.6965
7.9151222705841064,-1.7776458053854598,0.0,-2.0556,1.1936
7.920320987701416,-1.7652510548866045,0.0,-2.0556,1.1936
7.925156831741333,-1.7536748310620438,0.0,-2.0556,1.1936
7.930158853530884,-1.7416564280797329,0.0,-2.0556,1.1936
7.935141086578369,-1.7296436265556343,0.0,-2.0556,1.1936
7.940144300460815,-1.7175410804029632,0.0,-2.0245,1.7552
7.945160865783691,-1.7053698415218004,0.0,-2.0245,1.7552
7.950304985046387,-1.6928544467328919,0.0,-2.0245,1.7552
7.955162763595581,-1.681006384442623,0.0,-2.0245,1.7552
7.960139989852905,-1.6688403919198114,0.0,-2.0245,1.7552
7.965168714523315,-1.6565241862573348,0.0,-2.0245,1.7552
7.970245122909546,-1.6440695038207387,0.0,-2.0245,1.7552
7.97515344619751,-1.6320094549705195,0.0,-1.9902,2.0479
7.9801695346832275,-1.619669604676294,0.0,-1.9902,2.0479
7.985173463821411,-1.6073475721866872,0.0,-1.9902,2.0479
7.990156412124634,-1.5950682242495935,0.0,-1.9902,2.0479
7.995353937149048,-1.5822538089423113,0.0,-1.9902,2.0479
8.000301837921143,-1.5700519492468767,0.0,-1.9561,1.9972
8.005186557769775,-1.5580060621206238,0.0,-1.9561,1.9972
8.010143280029297,-1.5457857077077628,0.0,-1.9561,1.9972
8.015101194381714,-1.5335684813560608,0.0,-1.9561,1.9972
8.02013611793518,-1.5211707486059458,0.0,-1.9561,1.9972
8.025103092193604,-1.5089524827855763,0.0,-1.9225,1.9703
8.03018045425415,-1.4964782604809699,0.0,-1.9225,1.9703
8.035115242004395,-1.4843724104653098,0.0,-1.9225,1.9703
8.040091753005981,-1.4721852500996757,0.0,-1.9225,1.9703
8.045108795166016,-1.4599232376704006,0.0,-1.8886,1.9999
8.050129652023315,-1.4476794771129746,0.0,-1.8886,1.9999
8.055132389068604,-1.43551036510167,0.0,-1.8886,1.9999
8.0601646900177,-1.423303058264188,0.0,-1.8886,1.9999
8.06515097618103,-1.4112437238853628,0.0,-1.8548,1.9794
8.070218563079834,-1.3990278944089058,0.0,-1.8548,1.9794
8.07516098022461,-1.3871557073820786,0.0,-1.8548,1.9794
8.080185413360596,-1.3751319068881176,0.0,-1.8548,1.9794
8.085268497467041,-1.3630173697337613,0.0,-1.8548,1.9794
8.090168952941895,-1.3513882202517205,0.0,-1.8211,1.9795
8.09514594078064,-1.3396306944894985,0.0,-1.8211,1.9795
8.100107192993164,-1.3279665843519677,0.0,-1.8211,1.9795
8.105066776275635,-1.316365357458781,0.0,-1.8211,1.9795
8.110103130340576,-1.3046477745340814,0.0,-1.7873,1.9815
8.115114450454712,-1.2930545614070268,0.0,-1.7873,1.9815
8.120110750198364,-1.281564623717966,0.0,-1.7873,1.9815
8.125112056732178,-1.27013453806704,0.0,-1.7873,1.9815
8.130123138427734,-1.2587565542188144,0.0,-1.7536,1.9748
8.13521146774292,-1.24728231957434,0.0,-1.7536,1.9748
8.140151500701904,-1.2362215561443175,0.0,-1.7536,1.9748
8.14513373374939,-1.2251479327014922,0.0,-1.7536,1.9748
8.150121212005615,-1.2141474644234704,0.0,-1.7536,1.9748
8.155100345611572,-1.2032527377147666,0.0,-1.72,1.9724
8.1602041721344,-1.1921785332506594,0.0,-1.72,1.9724
8.165289878845215,-1.1812404619904782,0.0,-1.72,1.9724
8.170101881027222,-1.1709825710951671,0.0,-1.72,1.9724
8.17509937286377,-1.1604260183134891,0.0,-1.72,1.9724
8.180093765258789,-1.1499770692620328,0.0,-1.6864,1.9704
8.185145854949951,-1.1395128198312725,0.0,-1.6864,1.9704
8.190122365951538,-1.1293113173532174,0.0,-1.6864,1.9704
8.19512677192688,-1.1191614545494009,0.0,-1.6864,1.9704
8.20009732246399,-1.1091907516760544,0.0,-1.6864,1.9704
8.205122947692871,-1.099224014707786,0.0,-1.6528,1.9694
8.210113525390625,-1.0894431000548304,0.0,-1.6528,1.9694
8.215090990066528,-1.079805736809723,0.0,-1.6528,1.9694
8.220118284225464,-1.0701937655428413,0.0,-1.6528,1.9694
8.22512674331665,-1.0607419706587784,0.0,-1.6192,1.9683
8.230114936828613,-1.0514539262652267,0.0,-1.6192,1.9683
8.235093116760254,-1.0423116774723813,0.0,-1.6192,1.9683
8.24009895324707,-1.0332489817906179,0.0,-1.6192,1.9683
8.245273113250732,-1.024021297043539,0.0,-1.5856,1.9675
8.250181913375854,-1.0154003679430046,0.0,-1.5856,1.9675
8.255159616470337,-1.0067933160802012,0.0,-1.5856,1.9675
8.260124921798706,-0.9983451058611472,0.0,-1.5856,1.9675
8.265135288238525,-0.9899614250354581,0.0,-1.5856,1.9675
8.270116567611694,-0.9817690671568091,0.0,-1.5856,1.9675
8.27513861656189,-0.9736556870668297,0.0,-1.552,1.9669
8.280264616012573,-0.9655276683082303,0.0,-1.552,1.9669
8.285153150558472,-0.9579223786261075,0.0,-1.552,1.9669
8.290158033370972,-0.9502858477959437,0.0,-1.552,1.9669
8.295127868652344,-0.9428545820391148,0.0,-1.552,1.9669
8.300150871276855,-0.9354993595704966,0.0,-1.552,1.9669
8.305269718170166,-0.9281665555543904,0.0,-1.5184,1.9665
8.310188293457031,-0.9212771805882948,0.0,-1.5184,1.9665
8.315226078033447,-0.9143816101361539,0.0,-1.5184,1.9665
8.320160150527954,-0.907787361562073,0.0,-1.5184,1.9665
8.325144529342651,-0.9012876320546993,0.0,-1.5184,1.9665
8.330217599868774,-0.8948408245846516,0.0,-1.5184,1.9665
8.335237979888916,-0.8886299967601335,0.0,-1.5184,1.9665
8.340153694152832,-0.8827130626775864,0.0,-1.4849,1.9664
8.34536862373352,-0.8766153861335318,0.0,-1.4849,1.9664
8.350181341171265,-0.8711532876555861,0.0,-1.4849,1.9664
8.355170488357544,-0.8656598085661852,0.0,-1.4849,1.9664
8.360220670700073,-0.8602755491993924,0.0,-1.4849,1.9664
8.365170001983643,-0.8551723291088922,0.0,-1.4849,1.9664
8.370179176330566,-0.8501835697576576,0.0,-1.4513,1.9665
8.375687837600708,-0.8449034374875056,0.0,-1.4513,1.9665
8.380183219909668,-0.8407555700144022,0.0,-1.4513,1.9665
8.38513469696045,-0.8363554100305141,0.0,-1.4513,1.9665
8.390300512313843,-0.831954210800338,0.0,-1.4513,1.9665
8.395146131515503,-0.8280026642877633,0.0,-1.4513,1.9665
8.40012502670288,-0.8241217384548278,0.0,-1.4177,1.9668
8.405359506607056,-0.8202385934129612,0.0,-1.4177,1.9668
8.41021728515625,-0.8168164596109733,0.0,-1.4177,1.9668
8.415143489837646,-0.8135254541455755,0.0,-1.4177,1.9668
8.420139789581299,-0.810372884756198,0.0,-1.4177,1.9668
8.425215721130371,-0.8073619214811748,0.0,-1.4177,1.9668
8.430127620697021,-0.8046330736308233,0.0,-1.3842,1.9675
8.435291528701782,-0.8019609482175245,0.0,-1.3842,1.9675
8.440198183059692,-0.7996094019665849,0.0,-1.3842,1.9675
8.445189952850342,-0.7974051028856765,0.0,-1.3842,1.9675
8.450208902359009,-0.7953805537788948,0.0,-1.3842,1.9675
8.455325841903687,-0.7935149379790999,0.0,-1.3842,1.9675
8.460127592086792,-0.7919469113190686,0.0,-1.3506,1.9684
8.465323686599731,-0.790449783710937,0.0,-1.3506,1.9684
8.470207452774048,-0.7892322038346165,0.0,-1.3506,1.9684
8.47528624534607,-0.788161150089406,0.0,-1.3506,1.9684
8.480548620223999,-0.7872615543676504,0.0,-1.3506,1.9684
8.485185861587524,-0.7866463167865967,0.0,-1.3506,1.9684
8.490117073059082,-0.7861746610701977,0.0,-1.317,1.9698
8.49515438079834,-0.7858872824241613,0.0,-1.317,1.9698
8.500107765197754,-0.7857963717828733,0.0,-1.317,1.9698
8.505102157592773,-0.7858971679578353,0.0,-1.317,1.9698
8.510101318359375,-0.786191565144402,0.0,-1.317,1.9698
8.515103578567505,-0.7866798493500478,0.0,-1.2834,1.9715
8.52013349533081,-0.7873660857432557,0.0,-1.2834,1.9715
8.525104999542236,-0.7882365789535904,0.0,-1.2834,1.9715
8.530121088027954,-0.7893083438717577,0.0,-1.2834,1.9715
8.535119771957397,-0.7905694448398484,0.0,-1.2498,1.9736
8.540223836898804,-0.7920556646942745,0.0,-1.2498,1.9736
8.545146465301514,-0.7936787320491819,0.0,-1.2498,1.9736
8.55027174949646,-0.795566100446702,0.0,-1.2498,1.9736
8.555184125900269,-0.7975637050673909,0.0,-1.2498,1.9736
8.560154914855957,-0.7997725140669631,0.0,-1.2498,1.9736
8.565126180648804,-0.8021695842899919,0.0,-1.2161,1.9761
8.570162296295166,-0.8047890794365758,0.0,-1.2161,1.9761
8.575163125991821,-0.8075799529962054,0.0,-1.2161,1.9761
8.580146312713623,-0.8105483601851801,0.0,-1.2161,1.9761
8.585186004638672,-0.8137399252009616,0.0,-1.2161,1.9761
8.590174674987793,-0.8170860793620937,0.0,-1.2161,1.9761
8.59531021118164,-0.8207241153434947,0.0,-1.2161,1.9761
8.60012698173523,-0.8243137914433446,0.0,-1.1824,1.9792
8.605308055877686,-0.8283657518499138,0.0,-1.1824,1.9792
8.610129356384277,-0.8323130457069278,0.0,-1.1824,1.9792
8.615152359008789,-0.8366056614175357,0.0,-1.1824,1.9792
8.6201913356781,-0.8410956214029195,0.0,-1.1824,1.9792
8.625135660171509,-0.8456789895782876,0.0,-1.1487,1.9826
8.630258083343506,-0.8506119560380715,0.0,-1.1487,1.9826
8.63517427444458,-0.8555217253635578,0.0,-1.1487,1.9826
8.640122890472412,-0.8606361829237964,0.0,-1.1487,1.9826
8.645179033279419,-0.8660390345643032,0.0,-1.1487,1.9826
8.650163173675537,-0.8715389878793403,0.0,-1.1487,1.9826
8.655130386352539,-0.8771908292972342,0.0,-1.1148,1.9878
8.66031289100647,-0.8832676538280271,0.0,-1.1148,1.9878
8.66511869430542,-0.8890656650287556,0.0,-1.1148,1.9878
8.670099020004272,-0.8952381752888798,0.0,-1.1148,1.9878
8.675097703933716,-0.9015997266819847,0.0,-1.1148,1.9878
8.68010663986206,-0.9081398595149258,0.0,-1.0809,1.9937
8.685145139694214,-0.9148841315102659,0.0,-1.0809,1.9937
8.690143346786499,-0.9217368465614458,0.0,-1.0809,1.9937
8.695131778717041,-0.9287357223711696,0.0,-1.0809,1.9937
8.700149774551392,-0.9359351647131647,0.0,-1.0809,1.9937
8.705159187316895,-0.9432796612488739,0.0,-1.0469,2.0007
8.710421562194824,-0.951162385920552,0.0,-1.0469,2.0007
8.715221166610718,-0.9584996310453974,0.0,-1.0469,2.0007
8.720183610916138,-0.9662321651250526,0.0,-1.0469,2.0007
8.725209951400757,-0.97421403943605,0.0,-1.0469,2.0007
8.730318069458008,-0.9824781687239439,0.0,-1.0127,2.0104
8.735293865203857,-0.9906739073589745,0.0,-1.0127,2.0104
8.740179538726807,-0.9988591418401275,0.0,-1.0127,2.0104
8.745121717453003,-1.0072761188571238,0.0,-1.0127,2.0104
8.750140190124512,-1.0159620253524497,0.0,-1.0127,2.0104
8.75523042678833,-1.0249130121066812,0.0,-1.0127,2.0104
8.760149240493774,-1.0336952042172955,0.0,-0.9824,1.5685
8.765352010726929,-1.0431239087504358,0.0,-0.9824,1.5685
8.770212411880493,-1.0520595659612653,0.0,-0.9824,1.5685
8.775200128555298,-1.0613550057406096,0.0,-0.9824,1.5685
8.780235052108765,-1.070865277576514,0.0,-0.9824,1.5685
8.785292387008667,-1.080543793735811,0.0,-0.9824,1.5685
8.790179252624512,-1.0900136649561305,0.0,-0.9664,1.0867
8.795392751693726,-1.100241370809523,0.0,-0.9664,1.0867
8.800182819366455,-1.10974973324922,0.0,-0.9664,1.0867
8.805161714553833,-1.119743550418483,0.0,-0.9664,1.0867
8.810180902481079,-1.129929934104688,0.0,-0.9664,1.0867
8.815146923065186,-1.1401163022840886,0.0,-0.9664,1.0867
8.820157289505005,-1.1504998584976298,0.0,-0.9613,0.3377
8.825242519378662,-1.1611450273829684,0.0,-0.9613,0.3377
8.830414056777954,-1.1720780795093253,0.0,-0.9613,0.3377
8.835215091705322,-1.1823221250849998,0.0,-0.9613,0.3377
8.84029221534729,-1.1932513596265493,0.0,-0.9613,0.3377
8.845316886901855,-1.2041622591372318,0.0,-0.9613,0.3377
8.850265502929688,-1.2149973128456095,0.0,-0.9613,0.3377
8.855143070220947,-1.2257609667888485,0.0,-0.9713,-0.5301
8.86043095588684,-1.2375215409180358,0.0,-0.9713,-0.5301
8.865173578262329,-1.2481477477671643,0.0,-0.9713,-0.5301
8.870130062103271,-1.2593296309250992,0.0,-0.9713,-0.5301
8.875080347061157,-1.2705729067675349,0.0,-0.9713,-0.5301
8.88011622428894,-1.282085070827852,0.0,-0.9713,-0.5301
8.885144710540771,-1.2936524424242917,0.0,-0.9927,-1.104
8.890175819396973,-1.3052950630680542,0.0,-0.9927,-1.104
8.895367860794067,-1.3173796117409329,0.0,-0.9927,-1.104
8.900265216827393,-1.3288401226843747,0.0,-0.9927,-1.104
8.905258417129517,-1.3405838700393595,0.0,-0.9927,-1.104
8.910179615020752,-1.352213712809153,0.0,-0.9927,-1.104
8.915217638015747,-1.364173735965237,0.0,-0.9927,-1.104
8.920188426971436,-1.3760248897019165,0.0,-0.9927,-1.104
8.925110101699829,-1.3878057521362013,0.0,-0.9927,-1.104
8.93018364906311,-1.3999959095074352,0.0,-1.0245,-1.9047
8.935423374176025,-1.4126308512166923,0.0,-1.0245,-1.9047
8.940295219421387,-1.4244172175877168,0.0,-1.0245,-1.9047
8.945261478424072,-1.4364672714394593,0.0,-1.0245,-1.9047
8.950400590896606,-1.4489711231585456,0.0,-1.0245,-1.9047
8.955287218093872,-1.4608901611529832,0.0,-1.0245,-1.9047
8.96022081375122,-1.4729500279435326,0.0,-1.0595,-2.0944
8.965134143829346,-1.4849837212343366,0.0,-1.0595,-2.0944
8.970154047012329,-1.497299526528313,0.0,-1.0595,-2.0944
8.97513198852539,-1.5095304420479994,0.0,-1.0595,-2.0944
8.980098009109497,-1.5217469995353292,0.0,-1.0595,-2.0944
8.985252857208252,-1.5344406661966223,0.0,-1.0944,-2.0944
8.990209817886353,-1.546656073340607,0.0,-1.0944,-2.0944
8.995190143585205,-1.5589349496742888,0.0,-1.0944,-2.0944
9.000171422958374,-1.5712190815432088,0.0,-1.0944,-2.0944
9.005112648010254,-1.5834043427511415,0.0,-1.0944,-2.0944
9.010201930999756,-1.5959515141292488,0.0,-1.0944,-2.0944
9.015134811401367,-1.6081069833665846,0.0,-1.1294,-2.0944
9.020344495773315,-1.620934757475792,0.0,-1.1294,-2.0944
9.025137424468994,-1.6327245758324782,0.0,-1.1294,-2.0944
9.03014326095581,-1.6450230803241286,0.0,-1.1294,-2.0944
9.035141706466675,-1.6572851114280878,0.0,-1.1294,-2.0944
9.040287733078003,-1.6698868724954314,0.0,-1.1294,-2.0944
9.04532527923584,-1.6821979205422684,0.0,-1.1643,-2.0944
9.05064344406128,-1.6951644231029728,0.0,-1.1643,-2.0944
9.055375099182129,-1.7066718528980562,0.0,-1.1643,-2.0944
9.060202598571777,-1.7183814174601575,0.0,-1.1643,-2.0944
9.065462112426758,-1.731100145683299,0.0,-1.1643,-2.0944
9.070188045501709,-1.7424913212763917,0.0,-1.1643,-2.0944
9.07563853263855,-1.7555817755277516,0.0,-1.1993,-2.0944
9.080143451690674,-1.7663605273607492,0.0,-1.1993,-2.0944
9.085323810577393,-1.778706826011151,0.0,-1.1993,-2.0944
9.090238809585571,-1.79036983901265,0.0,-1.1993,-2.0944
9.095141887664795,-1.8019524067125288,0.0,-1.1993,-2.0944
9.100147724151611,-1.813721120596467,0.0,-1.1993,-2.0944
9.105180740356445,-1.8254931604115217,0.0,-1.1993,-2.0944
9.110169887542725,-1.8370997554211206,0.0,-1.1993,-2.0944
9.115198850631714,-1.8487327625605028,0.0,-1.2343,-2.0944
9.120198726654053,-1.8602297182622027,0.0,-1.2343,-2.0944
9.12524151802063,-1.8717530155472848,0.0,-1.2343,-2.0944
9.130136489868164,-1.882866312628081,0.0,-1.2343,-2.0944
9.13514518737793,-1.8941613961701147,0.0,-1.2343,-2.0944
9.140154838562012,-1.9053785439907909,0.0,-1.2343,-2.0944
9.145161390304565,-1.91650595713982,0.0,-1.2343,-2.0944
9.15012526512146,-1.9274540935469415,0.0,-1.2692,-2.0944
9.155353784561157,-1.9388920769815206,0.0,-1.2692,-2.0944
9.160129070281982,-1.949251864160133,0.0,-1.2692,-2.0944
9.165105819702148,-1.9599580444243596,0.0,-1.2692,-2.0944
9.17009449005127,-1.970594396391193,0.0,-1.3042,-2.0944
9.175168514251709,-1.9813119840481943,0.0,-1.3042,-2.0944
9.180099725723267,-1.9916279930479306,0.0,-1.3042,-2.0944
9.185094118118286,-2.001973218842137,0.0,-1.3042,-2.0944
9.190062999725342,-2.012160270617608,0.0,-1.3392,-2.0944
9.195255756378174,-2.022691338450667,0.0,-1.3392,-2.0944
9.200116395950317,-2.0324399472381645,0.0,-1.3392,-2.0944
9.205108642578125,-2.0423404348646175,0.0,-1.3392,-2.0944
9.210108518600464,-2.052139799738695,0.0,-1.3392,-2.0944
9.215152263641357,-2.0619048113848018,0.0,-1.3392,-2.0944
9.220127820968628,-2.0714170039829645,0.0,-1.3741,-2.0944
9.225212812423706,-2.081012012656152,0.0,-1.3741,-2.0944
9.23013710975647,-2.0901797304063083,0.0,-1.3741,-2.0944
9.235148906707764,-2.099382704081037,0.0,-1.3741,-2.0944
9.240195035934448,-2.108516329155006,0.0,-1.3741,-2.0944
9.245203018188477,-2.1174473076839373,0.0,-1.4091,-2.0944
9.250239372253418,-2.1262924179216074,0.0,-1.4091,-2.0944
9.255352020263672,-2.135129271843647,0.0,-1.4091,-2.0944
9.260167598724365,-2.14331955948325,0.0,-1.4091,-2.0944
9.265151977539062,-2.151658914881012,0.0,-1.4091,-2.0944
9.270160675048828,-2.159895485465393,0.0,-1.4091,-2.0944
9.275184869766235,-2.168011003257589,0.0,-1.4441,-2.0944
9.280417442321777,-2.1763049144224547,0.0,-1.4441,-2.0944
9.285186052322388,-2.183720973838173,0.0,-1.4441,-2.0944
9.290205240249634,-2.1913781074729,0.0,-1.4441,-2.0944
9.295233249664307,-2.198893994091502,0.0,-1.4441,-2.0944
9.300278663635254,-2.206278365499369,0.0,-1.4441,-2.0944
9.305263996124268,-2.2134179935739065,0.0,-1.4441,-2.0944
9.310203790664673,-2.2203369354805957,0.0,-1.4791,-2.0944
9.315361261367798,-2.2273938208516046,0.0,-1.4791,-2.0944
9.320329427719116,-2.2340287087483963,0.0,-1.4791,-2.0944
9.32514500617981,-2.240305635512285,0.0,-1.4791,-2.0944
9.330133199691772,-2.246645974073572,0.0,-1.4791,-2.0944
9.335240602493286,-2.252965857101387,0.0,-1.4791,-2.0944
9.340491533279419,-2.2592802295845096,0.0,-1.4791,-2.0944
9.345311403274536,-2.264911369145289,0.0,-1.514,-2.0944
9.350373029708862,-2.270653615229282,0.0,-1.514,-2.0944
9.3552405834198,-2.2760087948336114,0.0,-1.514,-2.0944
9.360192775726318,-2.2812878541033292,0.0,-1.514,-2.0944
9.365304231643677,-2.2865563235036315,0.0,-1.514,-2.0944
9.37032699584961,-2.2915535961102007,0.0,-1.514,-2.0944
9.37514328956604,-2.2961769165500834,0.0,-1.549,-2.0944
9.380139350891113,-2.300797308040627,0.0,-1.549,-2.0944
9.385151147842407,-2.305251567114401,0.0,-1.549,-2.0944
9.390231847763062,-2.309581215146317,0.0,-1.549,-2.0944
9.395184516906738,-2.3136206061462232,0.0,-1.549,-2.0944
9.400229930877686,-2.317550723552798,0.0,-1.549,-2.0944
9.405868291854858,-2.3217206909202894,0.0,-1.584,-2.0944
9.410433053970337,-2.3249241281729427,0.0,-1.584,-2.0944
9.415257215499878,-2.3281410361951718,0.0,-1.584,-2.0944
9.420195579528809,-2.3312539149701768,0.0,-1.584,-2.0944
9.425243854522705,-2.3342468801149896,0.0,-1.584,-2.0944
9.43018388748169,-2.336989783759437,0.0,-1.584,-2.0944
9.43522310256958,-2.33959761878476,0.0,-1.6189,-2.0944
9.440179824829102,-2.3419747945005125,0.0,-1.6189,-2.0944
9.445370197296143,-2.3442635895654798,0.0,-1.6189,-2.0944
9.450215816497803,-2.346214755986411,0.0,-1.6189,-2.0944
9.455265998840332,-2.348057056968731,0.0,-1.6189,-2.0944
9.46033000946045,-2.3497079515686248,0.0,-1.6189,-2.0944
9.465315341949463,-2.3511406321721906,0.0,-1.6189,-2.0944
9.470202684402466,-2.352359350629103,0.0,-1.6539,-2.0944
9.475186824798584,-2.353412448068711,0.0,-1.6539,-2.0944
9.480297803878784,-2.354293080909353,0.0,-1.6539,-2.0944
9.485159397125244,-2.354943297741266,0.0,-1.6539,-2.0944
9.490137338638306,-2.355419542402437,0.0,-1.6539,-2.0944
9.495136260986328,-2.355704689664186,0.0,-1.6539,-2.0944
9.500151634216309,-2.355796237724411,0.0,-1.6539,-2.0944
9.505139827728271,-2.3556939911110226,0.0,-1.6889,-2.0944
9.510169267654419,-2.35539575365601,0.0,-1.6889,-2.0944
9.515120506286621,-2.354910823041881,0.0,-1.6889,-2.0944
9.520146608352661,-2.3542245230836123,0.0,-1.6889,-2.0944
9.525160551071167,-2.3533452688958856,0.0,-1.6889,-2.0944
9.530143737792969,-2.3522790299093814,0.0,-1.7239,-2.0944
9.535290718078613,-2.350976676908293,0.0,-1.7239,-2.0944
9.540169477462769,-2.3495538730525913,0.0,-1.7239,-2.0944
9.545099020004272,-2.3479304526710765,0.0,-1.7239,-2.0944
9.55012559890747,-2.346083158891264,0.0,-1.7239,-2.0944
9.55509877204895,-2.344065230953004,0.0,-1.7588,-2.0944
9.560279369354248,-2.3417624221435447,0.0,-1.7588,-2.0944
9.565134763717651,-2.3394187683777106,0.0,-1.7588,-2.0944
9.57010817527771,-2.336832745191179,0.0,-1.7588,-2.0944
9.575162649154663,-2.334012975699249,0.0,-1.7938,-2.0944
9.580215454101562,-2.331001794688473,0.0,-1.7938,-2.0944
9.585163593292236,-2.3278673418589007,0.0,-1.7938,-2.0944
9.590230941772461,-2.3244677758750116,0.0,-1.7938,-2.0944
9.595136642456055,-2.3209946883320187,0.0,-1.7938,-2.0944
9.60011625289917,-2.3172870480166976,0.0,-1.8288,-2.0944
9.605148792266846,-2.313354392759531,0.0,-1.8288,-2.0944
9.61013150215149,-2.309277813314857,0.0,-1.8288,-2.0944
9.615117073059082,-2.305017786162063,0.0,-1.8288,-2.0944
9.620115280151367,-2.3005661632160166,0.0,-1.8637,-2.0944
9.625149726867676,-2.2959003741328123,0.0,-1.8637,-2.0944
9.630345821380615,-2.2908945762695048,0.0,-1.8637,-2.0944
9.635185956954956,-2.2860590573014288,0.0,-1.8637,-2.0944
9.640171527862549,-2.2809053494829072,0.0,-1.8637,-2.0944
9.645191431045532,-2.275540152018097,0.0,-1.8637,-2.0944
9.650177001953125,-2.2700381672152417,0.0,-1.8637,-2.0944
9.655196189880371,-2.264325814432504,0.0,-1.8987,-2.0944
9.660162448883057,-2.2585039792828274,0.0,-1.8987,-2.0944
9.665360450744629,-2.2522312025988,0.0,-1.8987,-2.0944
9.670143842697144,-2.246298172827256,0.0,-1.8987,-2.0944
9.675154685974121,-2.239919454635776,0.0,-1.8987,-2.0944
9.680098056793213,-2.233464141740093,0.0,-1.8987,-2.0944
9.685096502304077,-2.2267744138285672,0.0,-1.9337,-2.0944
9.690158605575562,-2.219834640809157,0.0,-1.9337,-2.0944
9.695101499557495,-2.2128998909445348,0.0,-1.9337,-2.0944
9.700104236602783,-2.205723535418163,0.0,-1.9337,-2.0944
9.705089092254639,-2.1984168378596594,0.0,-1.9686,-2.0944
9.710194826126099,-2.1907734115880197,0.0,-1.9686,-2.0944
9.715115785598755,-2.1832556213137844,0.0,-1.9686,-2.0944
9.72009539604187,-2.175499234226282,0.0,-1.9686,-2.0944
9.72512149810791,-2.167520370513267,0.0,-1.9686,-2.0944
9.730159282684326,-2.1593736695031973,0.0,-2.0036,-2.0944
9.735133409500122,-2.151185258951101,0.0,-2.0036,-2.0944
9.740165948867798,-2.142756467350509,0.0,-2.0036,-2.0944
9.745125770568848,-2.1343095758818973,0.0,-2.0036,-2.0944
9.750147581100464,-2.1256177337955453,0.0,-2.0036,-2.0944
9.755113124847412,-2.1168874926900663,0.0,-2.0385,-2.0944
9.760656356811523,-2.1069847004423288,0.0,-2.0385,-2.0944
9.76520323753357,-2.0987403285617927,0.0,-2.0385,-2.0944
9.770194053649902,-2.0895670673823132,0.0,-2.0385,-2.0944
9.77519416809082,-2.0802488312718594,0.0,-2.0385,-2.0944
9.780226707458496,-2.070743242039968,0.0,-2.0735,-2.0944
9.78528356552124,-2.061065850504934,0.0,-2.0735,-2.0944
9.79019045829773,-2.051557142967083,0.0,-2.0735,-2.0944
9.795217275619507,-2.0416975954204175,0.0,-2.0735,-2.0944
9.800254821777344,-2.0316991924781544,0.0,-2.0735,-2.0944
9.805206060409546,-2.0217595911065898,0.0,-2.0735,-2.0944
9.81013822555542,-2.011749797465684,0.0,-2.0984,-0.9735
9.815308809280396,-2.001142510325356,0.0,-2.0984,-0.9735
9.82015085220337,-1.991106203211753,0.0,-2.0984,-0.9735
9.825153112411499,-1.9806356972591008,0.0,-2.0984,-0.9735
9.830291748046875,-1.9697743712344236,0.0,-2.0984,-0.9735
9.835188388824463,-1.9593277514376737,0.0,-2.0984,-0.9735
9.840141296386719,-1.948667567540495,0.0,-2.0984,-0.9735
9.845186710357666,-1.937714232818324,0.0,-2.1,-0.1412
9.850241661071777,-1.9266477510412727,0.0,-2.1,-0.1412
9.855189561843872,-1.9157286968145217,0.0,-2.1,-0.1412
9.860141038894653,-1.904718318121122,0.0,-2.1,-0.1412
9.865106105804443,-1.893596590860009,0.0,-2.1,-0.1412
9.87011170387268,-1.8823045800549252,0.0,-2.1,-0.1412
9.875292778015137,-1.8705356212605335,0.0,-2.1,-0.1412
9.880297183990479,-1.8590925412771018,0.0,-2.0874,0.646
9.885255336761475,-1.8476849419542611,0.0,-2.0874,0.646
9.890296459197998,-1.8360175888727668,0.0,-2.0874,0.646
9.89517855644226,-1.8246548542357597,0.0,-2.0874,0.646
9.900283098220825,-1.8127105793011626,0.0,-2.0874,0.646
9.905166149139404,-1.8012263156932704,0.0,-2.0874,0.646
9.910239696502686,-1.7892366269066098,0.0,-2.0874,0.646
9.915151119232178,-1.7775771737956712,0.0,-2.0677,1.1232
9.920174837112427,-1.765600230348619,0.0,-2.0677,1.1232
9.925321817398071,-1.753279122458351,0.0,-2.0677,1.1232
9.93022894859314,-1.741487703334159,0.0,-2.0677,1.1232
9.93517518043518,-1.729561284480377,0.0,-2.0677,1.1232
9.940173149108887,-1.7174711888392171,0.0,-2.0677,1.1232
9.945261716842651,-1.7051248028467756,0.0,-2.0677,1.1232
9.950347661972046,-1.6927504779725293,0.0,-2.0677,1.1232
9.955153226852417,-1.6810296704919803,0.0,-2.0404,1.6316
9.960330724716187,-1.6683736767294959,0.0,-2.0404,1.6316
9.965231657028198,-1.6563698873173103,0.0,-2.0404,1.6316
9.970363140106201,-1.6437797213295355,0.0,-2.0404,1.6316
9.97524619102478,-1.6317814261493617,0.0,-2.0404,1.6316
9.98024845123291,-1.619475360666024,0.0,-2.0404,1.6316
9.985422849655151,-1.6067332051549892,0.0,-2.0404,1.6316
9.990148067474365,-1.5950887935630302,0.0,-2.0115,1.7218
9.995267152786255,-1.5824678089925377,0.0,-2.0115,1.7218
