time,ref_pos,ref_vel,meas_pos,meas_vel
0.0051419734954833984,1.5834766544211583,0.0,1.5708,0.0026
0.010130882263183594,1.5957763866314614,0.0,1.5708,0.0026
0.015133380889892578,1.608103459497062,0.0,1.5708,0.0026
0.020156383514404297,1.6204717828795556,0.0,1.5708,0.0026
0.025140047073364258,1.6327310234091992,0.0,1.5708,0.0026
0.030145645141601562,1.6450289337381763,0.0,1.5708,0.0026
0.035149574279785156,1.657304396484161,0.0,1.5708,0.0026
0.04012560844421387,1.6694902341452096,0.0,1.5741,0.1964
0.04522442817687988,1.6819517182869688,0.0,1.5741,0.1964
0.05006980895996094,1.6937674187120983,0.0,1.5741,0.1964
0.05512189865112305,1.706056804557127,0.0,1.5741,0.1964
0.06012725830078125,1.7181989261338289,0.0,1.5801,0.3291
0.06513690948486328,1.7303149630759609,0.0,1.5801,0.3291
0.07014727592468262,1.7423932103634812,0.0,1.5801,0.3291
0.07507753372192383,1.754236858647834,0.0,1.5801,0.3291
0.08012175559997559,1.7663087080730733,0.0,1.5801,0.3291
0.08513617515563965,1.7782605778192113,0.0,1.5879,0.4231
0.09031057357788086,1.7905397498706248,0.0,1.5879,0.4231
0.09518289566040039,1.80204905267157,0.0,1.5879,0.4231
0.10024237632751465,1.8139430781335713,0.0,1.5879,0.4231
0.10530567169189453,1.825784572444071,0.0,1.5879,0.4231
0.1101980209350586,1.8371650212386759,0.0,1.6066,1.0531
0.11547541618347168,1.8493705284965178,0.0,1.6066,1.0531
0.12015151977539062,1.8601214979713896,0.0,1.6066,1.0531
0.12515950202941895,1.8715661969984387,0.0,1.6066,1.0531
0.13022685050964355,1.8830707772011628,0.0,1.6066,1.0531
0.13515782356262207,1.8941897918771913,0.0,1.6066,1.0531
0.1402730941772461,1.9056423407060141,0.0,1.6373,1.6815
0.14530277252197266,1.916818960298855,0.0,1.6373,1.6815
0.15012693405151367,1.927457760039801,0.0,1.6373,1.6815
0.15513134002685547,1.9384074551451442,0.0,1.6373,1.6815
0.16018414497375488,1.9493708540851915,0.0,1.6373,1.6815
0.16514110565185547,1.9600336164035899,0.0,1.6798,2.3019
0.1701807975769043,1.970777556159029,0.0,1.6798,2.3019
0.17519903182983398,1.9813761318280907,0.0,1.6798,2.3019
0.18014788627624512,1.9917282500935465,0.0,1.6798,2.3019
0.18514609336853027,2.002080325045128,0.0,1.6798,2.3019
0.19016075134277344,2.012359607438189,0.0,1.6798,2.3019
0.19519615173339844,2.0225711353731826,0.0,1.6798,2.3019
0.2003951072692871,2.032995695395802,0.0,1.7274,2.5362
0.20522427558898926,2.042568390068741,0.0,1.7274,2.5362
0.21027064323425293,2.0524555764313783,0.0,1.7274,2.5362
0.21520113945007324,2.061998838781101,0.0,1.7274,2.5362
0.22030854225158691,2.071760216008398,0.0,1.7274,2.5362
0.2252187728881836,2.081023183693808,0.0,1.7274,2.5362
0.23016977310180664,2.0902401282047074,0.0,1.7274,2.5362
0.2351677417755127,2.0994170444709113,0.0,1.7795,3.0421
0.2401421070098877,2.1084212237186444,0.0,1.7795,3.0421
0.24523162841796875,2.1174979430747523,0.0,1.7795,3.0421
0.2501823902130127,2.126193116694499,0.0,1.7795,3.0421
0.2552459239959717,2.1349473632863685,0.0,1.7795,3.0421
0.26015138626098633,2.1432922042746387,0.0,1.8319,3.1416
0.2653377056121826,2.1519669163649966,0.0,1.8319,3.1416
0.2701537609100342,2.1598842155538103,0.0,1.8319,3.1416
0.27527451515197754,2.168154461229598,0.0,1.8319,3.1416
0.2802293300628662,2.1760095683975362,0.0,1.8319,3.1416
0.2852156162261963,2.1837665237628685,0.0,1.8319,3.1416
0.29016923904418945,2.19132373217525,0.0,1.8843,3.1416
0.2953071594238281,2.1990033104576314,0.0,1.8843,3.1416
0.30017757415771484,2.2061319741355754,0.0,1.8843,3.1416
0.30516791343688965,2.2132818751402565,0.0,1.8843,3.1416
0.3102538585662842,2.220406265275178,0.0,1.8843,3.1416
0.31513500213623047,2.227087835667062,0.0,1.8843,3.1416
0.3201942443847656,2.233850305124881,0.0,1.9366,3.1416
0.3251643180847168,2.240330500325923,0.0,1.9366,3.1416
0.3302762508392334,2.246825361225397,0.0,1.9366,3.1416
0.3351767063140869,2.252887873665451,0.0,1.9366,3.1416
0.3401451110839844,2.2588694022733495,0.0,1.989,3.1416
0.3453376293182373,2.264941575322256,0.0,1.989,3.1416
0.35014843940734863,2.270402566286611,0.0,1.989,3.1416
0.3551642894744873,2.275926126728007,0.0,1.989,3.1416
0.36020541191101074,2.2813011049094123,0.0,1.989,3.1416
0.3651540279388428,2.286404131398786,0.0,1.989,3.1416
0.37015295028686523,2.291383428324274,0.0,2.0413,3.0749
0.3752412796020508,2.296269260234523,0.0,2.0413,3.0749
0.3801696300506592,2.30082476328887,0.0,2.0413,3.0749
0.3851745128631592,2.30527190734265,0.0,2.0413,3.0749
0.3902113437652588,2.3095641196705117,0.0,2.0413,3.0749
0.3951871395111084,2.3136226975860676,0.0,2.093,2.9149
0.4006364345550537,2.3178592150042383,0.0,2.093,2.9149
0.40511631965637207,2.3211781422345497,0.0,2.093,2.9149
0.4100823402404785,2.324683497712817,0.0,2.093,2.9149
0.4151265621185303,2.328056200803114,0.0,2.093,2.9149
0.42017436027526855,2.3312409305171786,0.0,2.1418,2.5603
0.4252779483795166,2.334266441316185,0.0,2.1418,2.5603
0.4302246570587158,2.3370116537584247,0.0,2.1418,2.5603
0.43515491485595703,2.3395636156243693,0.0,2.1418,2.5603
0.44014906883239746,2.341960620325597,0.0,2.1418,2.5603
0.44513988494873047,2.3441663847877248,0.0,2.1842,2.2276
0.45029735565185547,2.3462460529401343,0.0,2.1842,2.2276
0.4553103446960449,2.3480723683991993,0.0,2.1842,2.2276
0.4604060649871826,2.3497312444438414,0.0,2.1842,2.2276
0.4651834964752197,2.3511052052310504,0.0,2.1842,2.2276
0.4701406955718994,2.3523450460297743,0.0,2.2209,1.9283
0.4751856327056885,2.3534122191230997,0.0,2.2209,1.9283
0.480191707611084,2.3542768526077205,0.0,2.2209,1.9283
0.48516249656677246,2.35494365394767,0.0,2.2209,1.9283
0.4901411533355713,2.3554198337894157,0.0,2.2209,1.9283
0.49528050422668457,2.3557100443081453,0.0,2.2209,1.9283
0.500234842300415,2.3557961131502383,0.0,2.2521,1.646
0.505173921585083,2.355692628998103,0.0,2.2521,1.646
0.510164737701416,2.355396110420967,0.0,2.2521,1.646
0.5152482986450195,2.354895794831541,0.0,2.2521,1.646
0.520186185836792,2.3542183435552193,0.0,2.2521,1.646
0.5251541137695312,2.353346522284159,0.0,2.278,1.3744
0.5303609371185303,2.3522281984244793,0.0,2.278,1.3744
0.5351574420928955,2.351012974201193,0.0,2.278,1.3744
0.5401451587677002,2.3495614191382814,0.0,2.278,1.3744
0.5454285144805908,2.3478152921581743,0.0,2.278,1.3744
0.5502433776855469,2.346037554644938,0.0,2.278,1.3744
0.5551552772521973,2.3440412177987344,0.0,2.278,1.3744
0.5602371692657471,2.341782006185682,0.0,2.2992,1.1258
0.5653054714202881,2.33933311173048,0.0,2.2992,1.1258
0.5701823234558105,2.336792773970704,0.0,2.2992,1.1258
0.5752906799316406,2.333939048323943,0.0,2.2992,1.1258
0.5802161693572998,2.3310013548591346,0.0,2.2992,1.1258
0.5851609706878662,2.3278690517005405,0.0,2.2992,1.1258
0.5901241302490234,2.3245414069050248,0.0,2.315,0.8388
0.5951945781707764,2.3209526053418417,0.0,2.315,0.8388
0.600151538848877,2.3172601224069633,0.0,2.315,0.8388
0.6051557064056396,2.313348861829453,0.0,2.315,0.8388
0.6102104187011719,2.3092117897791873,0.0,2.315,0.8388
0.615138053894043,2.304999477309608,0.0,2.3248,0.5157
0.6203446388244629,2.300357559960485,0.0,2.3248,0.5157
0.6251606941223145,2.295890011550052,0.0,2.3248,0.5157
0.6301524639129639,2.291084298144897,0.0,2.3248,0.5157
0.6351194381713867,2.2861266360182055,0.0,2.3248,0.5157
0.6400752067565918,2.281006573376968,0.0,2.3248,0.5157
0.6453430652618408,2.2753753536625148,0.0,2.3288,0.2193
0.6501264572143555,2.2700948104834273,0.0,2.3288,0.2193
0.6551430225372314,2.2643872304956956,0.0,2.3288,0.2193
0.6602451801300049,2.258405573736753,0.0,2.3288,0.2193
0.665144681930542,2.2524952118897628,0.0,2.3288,0.2193
0.6701598167419434,2.2462781032774144,0.0,2.3265,-0.1153
0.675227165222168,2.239825969381959,0.0,2.3265,-0.1153
0.6802501678466797,2.2332629645086852,0.0,2.3265,-0.1153
0.6851696968078613,2.2266752473881737,0.0,2.3265,-0.1153
0.6901383399963379,2.2198627518690284,0.0,2.3265,-0.1153
0.6952087879180908,2.2127476452659014,0.0,2.3265,-0.1153
0.7001521587371826,2.2056540305845527,0.0,2.319,-0.3866
0.7051198482513428,2.1983712767362142,0.0,2.319,-0.3866
0.7101256847381592,2.1908779880573164,0.0,2.319,-0.3866
0.7151165008544922,2.1832545179284684,0.0,2.319,-0.3866
0.7201223373413086,2.1754568654463426,0.0,2.3051,-0.7267
0.7251524925231934,2.1674707037172363,0.0,2.3051,-0.7267
0.7301082611083984,2.1594569199643407,0.0,2.3051,-0.7267
0.7351384162902832,2.1511769450325913,0.0,2.3051,-0.7267
0.74013352394104,2.142811234397322,0.0,2.3051,-0.7267
0.745142936706543,2.134280102089243,0.0,2.2881,-0.8697
0.7502405643463135,2.1254554878475487,0.0,2.2881,-0.8697
0.7553787231445312,2.1164167641429263,0.0,2.2881,-0.8697
0.7602243423461914,2.1077623609287266,0.0,2.2881,-0.8697
0.7651643753051758,2.0988112521094164,0.0,2.2881,-0.8697
0.770348072052002,2.0892819370081765,0.0,2.2881,-0.8697
0.7752864360809326,2.080075691870821,0.0,2.2881,-0.8697
0.7801649570465088,2.070860639957987,0.0,2.2666,-1.1192
0.7852129936218262,2.06120176215579,0.0,2.2666,-1.1192
0.7901203632354736,2.051693784789304,0.0,2.2666,-1.1192
0.7951362133026123,2.041857528484564,0.0,2.2666,-1.1192
0.8001222610473633,2.0319637857754174,0.0,2.2666,-1.1192
0.8050816059112549,2.022010780192292,0.0,2.2365,-1.599
0.8101978302001953,2.01162817797918,0.0,2.2365,-1.599
0.815148115158081,2.0014738933844503,0.0,2.2365,-1.599
0.8202221393585205,1.9909577111147665,0.0,2.2365,-1.599
0.8251869678497314,1.98056448482355,0.0,2.2022,-1.7835
0.8303544521331787,1.9696411882368154,0.0,2.2022,-1.7835
0.8351945877075195,1.9593144677862213,0.0,2.2022,-1.7835
0.8402099609375,1.9485191313219028,0.0,2.2022,-1.7835
0.8451826572418213,1.9377230692917535,0.0,2.2022,-1.7835
0.8501739501953125,1.9267965853980262,0.0,2.2022,-1.7835
0.8551523685455322,1.9158110893924376,0.0,2.1672,-1.8112
0.8602733612060547,1.9044229585171222,0.0,2.1672,-1.8112
0.8651423454284668,1.8935151222538176,0.0,2.1672,-1.8112
0.8701565265655518,1.8822031134347978,0.0,2.1672,-1.8112
0.8751769065856934,1.8707997063120176,0.0,2.1672,-1.8112
0.8801286220550537,1.859479150748072,0.0,2.1672,-1.8112
0.8852005004882812,1.8478114804436927,0.0,2.1262,-2.163
0.890150785446167,1.8363556888540344,0.0,2.1262,-2.163
0.8951461315155029,1.8247305209067548,0.0,2.1262,-2.163
0.9001526832580566,1.8130165288062026,0.0,2.1262,-2.163
0.9053092002868652,1.8008890483029631,0.0,2.1262,-2.163
0.9102315902709961,1.789255828439133,0.0,2.079,-2.4851
0.9153966903686523,1.7769928857689412,0.0,2.079,-2.4851
0.9202682971954346,1.7653769450598322,0.0,2.079,-2.4851
0.925269603729248,1.7534043592459225,0.0,2.079,-2.4851
0.9303920269012451,1.7410951280325704,0.0,2.079,-2.4851
0.9352130889892578,1.7294697271673318,0.0,2.079,-2.4851
0.9401328563690186,1.717568805648084,0.0,2.0298,-2.6025
0.9452157020568848,1.7052366070369263,0.0,2.0298,-2.6025
0.9502043724060059,1.6930995487546552,0.0,2.0298,-2.6025
0.9552209377288818,1.6808643374000118,0.0,2.0298,-2.6025
0.9602389335632324,1.6685982877984478,0.0,2.0298,-2.6025
0.9652774333953857,1.6562576678044107,0.0,2.0298,-2.6025
0.9703571796417236,1.643794357049777,0.0,1.9781,-2.9266
0.9753022193908691,1.6316436684391111,0.0,1.9781,-2.9266
0.980276346206665,1.619406699680176,0.0,1.9781,-2.9266
0.9852728843688965,1.6071026503308004,0.0,1.9781,-2.9266
0.9902071952819824,1.594943044925815,0.0,1.9781,-2.9266
0.9951558113098145,1.5827423627292796,0.0,1.9781,-2.9266
1.000148057937622,1.5704311936906885,0.0,1.9257,-3.1416
1.0054292678833008,1.557407585749581,0.0,1.9257,-3.1416
1.0101690292358398,1.5457222386163258,0.0,1.9257,-3.1416
1.0151231288909912,1.533514448513023,0.0,1.9257,-3.1416
1.0200612545013428,1.5213550051631484,0.0,1.9257,-3.1416
1.0250604152679443,1.5090574039277644,0.0,1.9257,-3.1416
1.0301251411437988,1.4966140593484845,0.0,1.8733,-3.1416
1.0350747108459473,1.4844717594756032,0.0,1.8733,-3.1416
1.0400617122650146,1.4722587486573087,0.0,1.8733,-3.1416
1.0450718402862549,1.4600134611016888,0.0,1.8733,-3.1416
1.05010986328125,1.4477276754144177,0.0,1.8733,-3.1416
1.0550634860992432,1.4356777508796204,0.0,1.821,-3.1416
1.060138463973999,1.4233665842356826,0.0,1.821,-3.1416
1.0651648044586182,1.4112103332661763,0.0,1.821,-3.1416
1.0701193809509277,1.3992665733677208,0.0,1.821,-3.1416
1.0751066207885742,1.3872860487033392,0.0,1.821,-3.1416
1.0800621509552002,1.375426310871827,0.0,1.7686,-3.1416
1.0851097106933594,1.3633950212818846,0.0,1.7686,-3.1416
1.0901281833648682,1.3514847588227779,0.0,1.7686,-3.1416
1.0951130390167236,1.3397082384845922,0.0,1.7686,-3.1416
1.1001293659210205,1.3279145851796532,0.0,1.7163,-3.1416
1.1051721572875977,1.31611951529311,0.0,1.7163,-3.1416
1.1101746559143066,1.3044818360192691,0.0,1.7163,-3.1416
1.1151623725891113,1.2929440258296132,0.0,1.7163,-3.1416
1.1201257705688477,1.2815301875502296,0.0,1.7163,-3.1416
1.125091552734375,1.2701812487117594,0.0,1.6639,-3.1416
1.1301720142364502,1.2586459547909423,0.0,1.6639,-3.1416
1.1351425647735596,1.2474371509321742,0.0,1.6639,-3.1416
1.1401255130767822,1.2362795340767643,0.0,1.6639,-3.1416
1.145127534866333,1.2251616584261977,0.0,1.6639,-3.1416
1.1502599716186523,1.2138426532411162,0.0,1.6115,-3.1416
1.1554067134857178,1.2025852911268062,0.0,1.6115,-3.1416
1.1601231098175049,1.1923536678066702,0.0,1.6115,-3.1416
1.1651229858398438,1.1815978438213763,0.0,1.6115,-3.1416
1.1701240539550781,1.17093551407824,0.0,1.6115,-3.1416
1.1750774383544922,1.1604721330042362,0.0,1.6115,-3.1416
1.180177927017212,1.1498018718029395,0.0,1.5592,-3.1416
1.1851840019226074,1.1394342170520186,0.0,1.5592,-3.1416
1.1902272701263428,1.1290974236853706,0.0,1.5592,-3.1416
1.1951754093170166,1.1190633526033231,0.0,1.5592,-3.1416
1.2001733779907227,1.1090390558183614,0.0,1.5592,-3.1416
1.205169916152954,1.0991314182149279,0.0,1.5068,-3.1416
1.2101874351501465,1.089299129299463,0.0,1.5068,-3.1416
1.2151947021484375,1.07960619824263,0.0,1.5068,-3.1416
1.2201645374298096,1.070105907448796,0.0,1.5068,-3.1416
1.2251462936401367,1.060705321851931,0.0,1.5068,-3.1416
1.23014497756958,1.0513983743086452,0.0,1.5068,-3.1416
1.2351746559143066,1.0421630036173983,0.0,1.4544,-3.1416
1.2402050495147705,1.033058333186788,0.0,1.4544,-3.1416
1.2451648712158203,1.0242128666299104,0.0,1.4544,-3.1416
1.2501163482666016,1.015514648869897,0.0,1.4544,-3.1416
1.2551994323730469,1.0067250227928732,0.0,1.4544,-3.1416
1.2601590156555176,0.998287576090802,0.0,1.4021,-3.1416
1.2651748657226562,0.9898957714859374,0.0,1.4021,-3.1416
1.2701313495635986,0.9817449700047639,0.0,1.4021,-3.1416
1.2751667499542236,0.9736106529115289,0.0,1.4021,-3.1416
1.2801249027252197,0.9657471327855623,0.0,1.4021,-3.1416
1.2851507663726807,0.957926052712037,0.0,1.3497,-3.1416
1.2901055812835693,0.9503650878902706,0.0,1.3497,-3.1416
1.2951428890228271,0.9428323535793565,0.0,1.3497,-3.1416
1.3001763820648193,0.9354624061497779,0.0,1.3497,-3.1416
1.30527663230896,0.9281567629404823,0.0,1.3497,-3.1416
1.3101627826690674,0.9213125144839429,0.0,1.2974,-3.1416
1.3153069019317627,0.914272316293838,0.0,1.2974,-3.1416
1.3201525211334229,0.9077974354644892,0.0,1.2974,-3.1416
1.3252346515655518,0.9011716170593058,0.0,1.2974,-3.1416
1.3301687240600586,0.8949021189656365,0.0,1.2974,-3.1416
1.3351795673370361,0.888701287540901,0.0,1.2974,-3.1416
1.340156078338623,0.8827102325889115,0.0,1.245,-3.1416
1.345158576965332,0.8768573977993305,0.0,1.245,-3.1416
1.350142240524292,0.8711970214069308,0.0,1.245,-3.1416
1.3552381992340088,0.8655864415212652,0.0,1.245,-3.1416
1.3602068424224854,0.8602900486596797,0.0,1.245,-3.1416
1.3652331829071045,0.8551082995053457,0.0,1.245,-3.1416
1.3701801300048828,0.8501826369222738,0.0,1.1926,-3.1416
1.3752644062042236,0.8453016093745171,0.0,1.1926,-3.1416
1.3802292346954346,0.8407138638375145,0.0,1.1926,-3.1416
1.3852977752685547,0.8362135066758374,0.0,1.1926,-3.1416
1.390183925628662,0.832051398938723,0.0,1.1926,-3.1416
1.3951747417449951,0.8279798432545036,0.0,1.1926,-3.1416
1.4001545906066895,0.8240992387841384,0.0,1.1403,-3.1416
1.4055736064910889,0.8200840792589614,0.0,1.1403,-3.1416
1.4101998805999756,0.8168284075251375,0.0,1.1403,-3.1416
1.415198564529419,0.8134896846535796,0.0,1.1403,-3.1416
1.420224666595459,0.8103209451977286,0.0,1.1403,-3.1416
1.425203800201416,0.8073687656556383,0.0,1.0879,-3.1416
1.431286096572876,0.8040160371792237,0.0,1.0879,-3.1416
1.4351756572723389,0.8020186906131233,0.0,1.0879,-3.1416
1.4401960372924805,0.799610390329054,0.0,1.0879,-3.1416
1.4452300071716309,0.7973881839293979,0.0,1.0879,-3.1416
1.4502429962158203,0.7953674596317639,0.0,1.0879,-3.1416
1.4551794528961182,0.7935655220566448,0.0,1.0355,-3.1416
1.4602696895599365,0.7919032073003646,0.0,1.0355,-3.1416
1.4651219844818115,0.7905040224598772,0.0,1.0355,-3.1416
1.4702789783477783,0.7892157379904313,0.0,1.0355,-3.1416
1.4752089977264404,0.7881759491335323,0.0,1.0355,-3.1416
1.480139970779419,0.7873237461300341,0.0,0.9832,-3.1416
1.4852626323699951,0.7866375314377021,0.0,0.9832,-3.1416
1.4901807308197021,0.7861698033100107,0.0,0.9832,-3.1416
1.4951612949371338,0.7858870230479916,0.0,0.9832,-3.1416
1.5001490116119385,0.785796412810972,0.0,0.9832,-3.1416
1.505131721496582,0.7858983399447519,0.0,0.933,-2.6752
1.5101563930511475,0.7861958863861895,0.0,0.933,-2.6752
1.5151422023773193,0.7866843730722244,0.0,0.933,-2.6752
1.5200600624084473,0.787354659641113,0.0,0.933,-2.6752
1.5251119136810303,0.7882379225754054,0.0,0.933,-2.6752
1.5300602912902832,0.7892941913188937,0.0,0.8931,-2.0657
1.5351216793060303,0.790569962782215,0.0,0.8931,-2.0657
1.5401368141174316,0.7920286461558587,0.0,0.8931,-2.0657
1.5451209545135498,0.7936698413054767,0.0,0.8931,-2.0657
1.5501790046691895,0.7955301603944614,0.0,0.8629,-1.5673
1.5552375316619873,0.7975864352004306,0.0,0.8629,-1.5673
1.5601463317871094,0.7997685379025925,0.0,0.8629,-1.5673
1.5651392936706543,0.8021761553684956,0.0,0.8629,-1.5673
1.5702016353607178,0.8048102969525426,0.0,0.8629,-1.5673
1.5751268863677979,0.8075590498472422,0.0,0.8629,-1.5673
1.5801348686218262,0.8105413293747655,0.0,0.841,-1.1429
1.5853323936462402,0.8138354714570628,0.0,0.841,-1.1429
1.5902595520019531,0.8171446147223712,0.0,0.841,-1.1429
1.5953989028930664,0.8207886627505177,0.0,0.841,-1.1429
1.6002802848815918,0.8244308510629853,0.0,0.841,-1.1429
1.6052429676055908,0.8283136260245735,0.0,0.8263,-0.7656
1.6102464199066162,0.8324109983845992,0.0,0.8263,-0.7656
1.6156251430511475,0.8370191294083379,0.0,0.8263,-0.7656
1.6201987266540527,0.8411023416862532,0.0,0.8263,-0.7656
1.625220775604248,0.8457594262453393,0.0,0.8263,-0.7656
1.6302075386047363,0.8505623675306248,0.0,0.8263,-0.7656
1.6351804733276367,0.8555280241016356,0.0,0.8263,-0.7656
1.640213966369629,0.8607319233894692,0.0,0.8182,-0.425
1.6453273296356201,0.8662001907751941,0.0,0.8182,-0.425
1.6502220630645752,0.8716049992481911,0.0,0.8182,-0.425
1.6552410125732422,0.8773186309600459,0.0,0.8182,-0.425
1.660292625427246,0.8832435351153852,0.0,0.8182,-0.425
1.66517972946167,0.8891403036729909,0.0,0.8182,-0.425
1.6701405048370361,0.8952902873401317,0.0,0.8179,-0.0114
1.6751751899719238,0.9016996419215726,0.0,0.8179,-0.0114
1.6802279949188232,0.9083003544535496,0.0,0.8179,-0.0114
1.6851332187652588,0.9148679801549892,0.0,0.8179,-0.0114
1.6901087760925293,0.9216888973637524,0.0,0.8179,-0.0114
1.6950886249542236,0.9286744980655505,0.0,0.8179,-0.0114
1.7000954151153564,0.9358563253178597,0.0,0.8244,0.3496
1.7051243782043457,0.9432280879016841,0.0,0.8244,0.3496
1.710108757019043,0.9506890667859847,0.0,0.8244,0.3496
1.7151482105255127,0.9583870555177235,0.0,0.8244,0.3496
1.720139980316162,0.9661635364172737,0.0,0.8378,0.7054
1.7252604961395264,0.9742950637542989,0.0,0.8378,0.7054
1.7302343845367432,0.9823415531644677,0.0,0.8378,0.7054
1.7352445125579834,0.9905919182066439,0.0,0.8378,0.7054
1.7401785850524902,0.998857530886757,0.0,0.8378,0.7054
1.7451739311218262,1.007365772221306,0.0,0.8378,0.7054
1.7501780986785889,1.016028164527761,0.0,0.8544,0.8539
1.7551841735839844,1.0248310456628442,0.0,0.8544,0.8539
1.760359287261963,1.0340730981111335,0.0,0.8544,0.8539
1.7652416229248047,1.0429223860732342,0.0,0.8544,0.8539
1.7701389789581299,1.0519236573000956,0.0,0.8544,0.8539
1.7751436233520508,1.0612489940742527,0.0,0.8544,0.8539
1.780216932296753,1.070830826069837,0.0,0.8775,1.2166
1.7852447032928467,1.0804519568628388,0.0,0.8775,1.2166
1.7903120517730713,1.0902725976487497,0.0,0.8775,1.2166
1.7951924800872803,1.099846134224832,0.0,0.8775,1.2166
1.8001885414123535,1.1097611544682189,0.0,0.8775,1.2166
1.8051953315734863,1.1198114055358035,0.0,0.8775,1.2166
1.8102896213531494,1.130151799849664,0.0,0.8775,1.2166
1.8152031898498535,1.1402323227527806,0.0,0.9072,1.5655
1.820277452468872,1.1507501749429692,0.0,0.9072,1.5655
1.8252315521240234,1.1611219555945176,0.0,0.9072,1.5655
1.8302507400512695,1.1717311900610972,0.0,0.9072,1.5655
1.8352105617523193,1.1823124174306086,0.0,0.9072,1.5655
1.8401753902435303,1.1929987865576395,0.0,0.9072,1.5655
1.8451414108276367,1.203779663569534,0.0,0.9454,2.0286
1.850158929824829,1.2147630543025165,0.0,0.9454,2.0286
1.8551239967346191,1.2257187166158978,0.0,0.9454,2.0286
1.8601760864257812,1.2369525602344864,0.0,0.9454,2.0286
1.8652045726776123,1.2482174312659478,0.0,0.9454,2.0286
1.8701553344726562,1.259386841494736,0.0,0.9892,2.3021
1.8751180171966553,1.2706587464465282,0.0,0.9892,2.3021
1.880183458328247,1.2822392650778278,0.0,0.9892,2.3021
1.8851537704467773,1.293673346834387,0.0,0.9892,2.3021
1.8902418613433838,1.3054483398814958,0.0,0.9892,2.3021
1.89518141746521,1.3169444759514861,0.0,0.9892,2.3021
1.900181531906128,1.3286437993271525,0.0,1.0352,2.404
1.9051527976989746,1.3403348619802595,0.0,1.0352,2.404
1.9102096557617188,1.352284868773052,0.0,1.0352,2.404
1.915165662765503,1.3640500798346267,0.0,1.0352,2.404
1.9201679229736328,1.3759759053535667,0.0,1.0352,2.404
1.9251995086669922,1.3880201759717306,0.0,1.0352,2.404
1.930185079574585,1.399999352846601,0.0,1.0853,2.6906
1.9351532459259033,1.4119783935792545,0.0,1.0853,2.6906
1.9402837753295898,1.424389489844052,0.0,1.0853,2.6906
1.9451572895050049,1.4362141230011458,0.0,1.0853,2.6906
1.950246810913086,1.4485964876116189,0.0,1.0853,2.6906
1.9552326202392578,1.460756842473734,0.0,1.0853,2.6906
1.9601526260375977,1.472783180464334,0.0,1.1373,2.9912
1.965162754058838,1.4850538558640602,0.0,1.1373,2.9912
1.9702436923980713,1.497519637315715,0.0,1.1373,2.9912
1.9751384258270264,1.5095462689901606,0.0,1.1373,2.9912
1.9803459644317627,1.522357314578563,0.0,1.1373,2.9912
1.9851958751678467,1.534300291295183,0.0,1.1373,2.9912
1.9901785850524902,1.5465790850254912,0.0,1.1897,3.1416
1.995483636856079,1.5596586704810216,0.0,1.1897,3.1416
2.000150680541992,1.571167927634771,0.0,1.1897,3.1416
2.0051662921905518,1.5835366201146859,0.0,1.1897,3.1416
2.0100581645965576,1.5955971441118488,0.0,1.1897,3.1416
2.0151729583740234,1.6082009529423211,0.0,1.242,3.1416
2.0202267169952393,1.620644886954248,0.0,1.242,3.1416
2.025132179260254,1.632711680666429,0.0,1.242,3.1416
2.030189275741577,1.6451360504794479,0.0,1.242,3.1416
2.0352256298065186,1.6574908159662824,0.0,1.2944,3.1416
2.0401453971862793,1.6695386487294723,0.0,1.2944,3.1416
2.04512882232666,1.681718310573978,0.0,1.2944,3.1416
2.0501201152801514,1.693889948439128,0.0,1.2944,3.1416
2.0551326274871826,1.7060828676666668,0.0,1.3468,3.1416
2.0604422092437744,1.718961754167155,0.0,1.3468,3.1416
2.065173864364624,1.730404196772886,0.0,1.3468,3.1416
2.0701699256896973,1.7424477167738457,0.0,1.3468,3.1416
2.0751583576202393,1.754430657933569,0.0,1.3468,3.1416
2.0801703929901123,1.7664248731236927,0.0,1.3468,3.1416
2.085165500640869,1.778330326575639,0.0,1.3991,3.1416
2.090212106704712,1.790306613518326,0.0,1.3991,3.1416
2.095165967941284,1.8020091585837932,0.0,1.3991,3.1416
2.1001462936401367,1.8137177659096775,0.0,1.3991,3.1416
2.1051697731018066,1.8254675765652535,0.0,1.3991,3.1416
2.1101744174957275,1.837110264464473,0.0,1.3991,3.1416
2.115154981613159,1.8486315803952433,0.0,1.4515,3.1416
2.1202263832092285,1.8602931170916552,0.0,1.4515,3.1416
2.1252799034118652,1.871840444109616,0.0,1.4515,3.1416
2.130171775817871,1.8829461593073067,0.0,1.4515,3.1416
2.1351795196533203,1.8942385455817106,0.0,1.4515,3.1416
2.140190362930298,1.9054577942291941,0.0,1.4515,3.1416
2.1453988552093506,1.9170316368115838,0.0,1.4515,3.1416
2.150357246398926,1.927963641973815,0.0,1.5039,3.1416
2.155215263366699,1.9385903132098967,0.0,1.5039,3.1416
2.160346269607544,1.9497210616589973,0.0,1.5039,3.1416
2.165194511413574,1.9601479865168956,0.0,1.5039,3.1416
2.1702537536621094,1.9709323588852723,0.0,1.5039,3.1416
2.175205945968628,1.981390664785115,0.0,1.5039,3.1416
2.1801929473876953,1.9918220462274014,0.0,1.5039,3.1416
2.1851818561553955,2.0021540152958726,0.0,1.5562,3.1416
2.190176248550415,2.0123912057932642,0.0,1.5562,3.1416
2.1951448917388916,2.0224677480567745,0.0,1.5562,3.1416
2.2001452445983887,2.0324974876418382,0.0,1.5562,3.1416
2.205155611038208,2.0424330344848176,0.0,1.5562,3.1416
2.210171937942505,2.0522633390245373,0.0,1.6086,3.1416
2.2151553630828857,2.0619107744416145,0.0,1.6086,3.1416
2.22027325630188,2.0716932163172546,0.0,1.6086,3.1416
2.22524356842041,2.081069653290253,0.0,1.6086,3.1416
2.230182647705078,2.0902639331333774,0.0,1.6086,3.1416
2.2352306842803955,2.099531788801385,0.0,1.6086,3.1416
2.2403578758239746,2.108808835067176,0.0,1.6086,3.1416
2.2451634407043457,2.117377254780015,0.0,1.6609,3.1416
2.250335454940796,2.1264598185858326,0.0,1.6609,3.1416
2.255152463912964,2.1347870683193384,0.0,1.6609,3.1416
2.2601354122161865,2.143265249895956,0.0,1.6609,3.1416
2.2651515007019043,2.151658123865267,0.0,1.6609,3.1416
2.270198345184326,2.159956882170066,0.0,1.6609,3.1416
2.2751853466033936,2.1680117664572287,0.0,1.7133,3.1416
2.280186653137207,2.1759425339859124,0.0,1.7133,3.1416
2.2852723598480225,2.183853935416811,0.0,1.7133,3.1416
2.290276527404785,2.1914857543411386,0.0,1.7133,3.1416
2.295185089111328,2.1988227439143304,0.0,1.7133,3.1416
2.3003294467926025,2.206351882258385,0.0,1.7133,3.1416
2.3052284717559814,2.213367673728924,0.0,1.7133,3.1416
2.3101613521575928,2.2202781576423822,0.0,1.7657,3.1416
2.3156466484069824,2.227779295303708,0.0,1.7657,3.1416
2.3202199935913086,2.233884295988532,0.0,1.7657,3.1416
2.3252832889556885,2.2404836254969105,0.0,1.7657,3.1416
2.3303372859954834,2.246901858190067,0.0,1.7657,3.1416
2.335200309753418,2.2529166841808514,0.0,1.7657,3.1416
2.340452194213867,2.2592336178271424,0.0,1.818,3.1416
2.3451895713806152,2.264770985939925,0.0,1.818,3.1416
2.3501784801483154,2.270436166261587,0.0,1.818,3.1416
2.3552803993225098,2.2760519211630315,0.0,1.818,3.1416
2.3601579666137695,2.2812513460923816,0.0,1.818,3.1416
2.365157127380371,2.28640727348101,0.0,1.818,3.1416
2.3703253269195557,2.291551965387462,0.0,1.818,3.1416
2.3752613067626953,2.2962881249349305,0.0,1.818,3.1416
2.380178928375244,2.3008331931023527,0.0,1.8704,3.1416
2.3852360248565674,2.3053254371832255,0.0,1.8704,3.1416
2.3905375003814697,2.309835693519803,0.0,1.8704,3.1416
2.395393133163452,2.313786813139312,0.0,1.8704,3.1416
2.400334119796753,2.3176299075420896,0.0,1.8704,3.1416
2.4052772521972656,2.321294607544198,0.0,1.8704,3.1416
2.4103825092315674,2.324889505051258,0.0,1.8704,3.1416
2.41560959815979,2.3283692078720284,0.0,1.9228,3.1416
2.4204585552215576,2.331414554169818,0.0,1.9228,3.1416
2.4255292415618896,2.334410349470902,0.0,1.9228,3.1416
2.4302608966827393,2.3370310832052414,0.0,1.9228,3.1416
2.435192346572876,2.339582286062546,0.0,1.9228,3.1416
2.4401519298553467,2.3419619391572115,0.0,1.9228,3.1416
2.4451560974121094,2.3441732406078195,0.0,1.9228,3.1416
2.4501454830169678,2.3461877192019265,0.0,1.9751,3.1416
2.4554247856140137,2.348111812066157,0.0,1.9751,3.1416
2.4606287479400635,2.349799187930192,0.0,1.9751,3.1416
2.465198516845703,2.351109247968788,0.0,1.9751,3.1416
2.470181703567505,2.352354512390752,0.0,1.9751,3.1416
2.4752132892608643,2.353417527834578,0.0,1.9751,3.1416
2.480602741241455,2.3543392389819133,0.0,2.0275,3.1416
2.4851856231689453,2.354946309448456,0.0,2.0275,3.1416
2.4902756214141846,2.3554300331824463,0.0,2.0275,3.1416
2.4951887130737305,2.355706655456363,0.0,2.0275,3.1416
2.5001468658447266,2.3557962432382475,0.0,2.0275,3.1416
2.505279302597046,2.3556883619010742,0.0,2.0275,3.1416
2.5102148056030273,2.3553921584015893,0.0,2.0798,3.1416
2.515216588973999,2.3548995356355364,0.0,2.0798,3.1416
2.520237684249878,2.354210284590393,0.0,2.0798,3.1416
2.5252394676208496,2.3533298772723166,0.0,2.0798,3.1416
2.5302116870880127,2.352263166742594,0.0,2.0798,3.1416
2.535168170928955,2.3510100572987804,0.0,2.0798,3.1416
2.5401408672332764,2.3495627503286065,0.0,2.1322,3.1416
2.545360803604126,2.3478390255319495,0.0,2.1322,3.1416
2.5501677989959717,2.346066831110333,0.0,2.1322,3.1416
2.555180311203003,2.3440305712704443,0.0,2.1322,3.1416
2.560184955596924,2.34180621853283,0.0,2.1322,3.1416
2.5651447772979736,2.339413749928943,0.0,2.1846,3.1416
2.57017183303833,2.336798431587338,0.0,2.1846,3.1416
2.5751914978027344,2.3339963287240586,0.0,2.1846,3.1416
2.5801467895507812,2.331044000432853,0.0,2.1846,3.1416
2.585175037384033,2.3278598801303194,0.0,2.1846,3.1416
2.5902152061462402,2.3244786286338877,0.0,2.1846,3.1416
2.5952320098876953,2.320925402705295,0.0,2.2331,2.5338
2.600456476211548,2.3170270520666487,0.0,2.2331,2.5338
2.6052699089050293,2.313257455439625,0.0,2.2331,2.5338
2.6101903915405273,2.309228549294469,0.0,2.2331,2.5338
2.6152331829071045,2.3049164232901482,0.0,2.2331,2.5338
2.6202292442321777,2.300462559471119,0.0,2.2663,1.697
2.625260829925537,2.2957953568567113,0.0,2.2663,1.697
2.630291700363159,2.290947706460907,0.0,2.2663,1.697
2.635369062423706,2.2858728728429005,0.0,2.2663,1.697
2.6402745246887207,2.2807970381325733,0.0,2.2663,1.697
2.645326852798462,2.275392981246873,0.0,2.2663,1.697
2.6503374576568604,2.269858234739163,0.0,2.2663,1.697
2.6552135944366455,2.264305705418818,0.0,2.2663,1.697
2.660137176513672,2.2585340305038164,0.0,2.2867,1.0424
2.6652724742889404,2.2523388861892855,0.0,2.2867,1.0424
2.6701226234436035,2.24632482974771,0.0,2.2867,1.0424
2.6750693321228027,2.240029501339168,0.0,2.2867,1.0424
2.6802008152008057,2.2333282533265546,0.0,2.2936,0.3268
2.685164213180542,2.226682677997591,0.0,2.2936,0.3268
2.6901702880859375,2.2198184344145075,0.0,2.2936,0.3268
2.6952064037323,2.212751029295596,0.0,2.2936,0.3268
2.7001564502716064,2.2056478055690625,0.0,2.2936,0.3268
2.705245018005371,2.1981857931199764,0.0,2.2936,0.3268
2.710247039794922,2.1906944189370394,0.0,2.2928,-0.039
2.71539044380188,2.182831694000817,0.0,2.2928,-0.039
2.72027850151062,2.175211191187632,0.0,2.2928,-0.039
2.7251760959625244,2.167432876747243,0.0,2.2928,-0.039
2.7301578521728516,2.159376003834333,0.0,2.2928,-0.039
2.7351577281951904,2.1511448757161395,0.0,2.2928,-0.039
2.7402541637420654,2.1426074387311274,0.0,2.2833,-0.5133
2.74517560005188,2.1342240154857963,0.0,2.2833,-0.5133
2.750133991241455,2.1256414426998114,0.0,2.2833,-0.5133
2.7551751136779785,2.1167776618596528,0.0,2.2833,-0.5133
2.7601897716522217,2.1078245482114406,0.0,2.2833,-0.5133
2.765197277069092,2.0987512069174703,0.0,2.2654,-0.9468
2.770334243774414,2.0893075419099967,0.0,2.2654,-0.9468
2.775217056274414,2.080205885954761,0.0,2.2654,-0.9468
2.780217409133911,2.070760920922116,0.0,2.2654,-0.9468
2.7853293418884277,2.060977678710215,0.0,2.2654,-0.9468
2.79036283493042,2.051221016482079,0.0,2.2654,-0.9468
2.795292377471924,2.0415493948860832,0.0,2.2419,-1.2278
2.8007314205169678,2.0307472339098203,0.0,2.2419,-1.2278
2.805205821990967,2.021760072377654,0.0,2.2419,-1.2278
2.8102338314056396,2.0115547123214315,0.0,2.2419,-1.2278
2.8152196407318115,2.001326407056351,0.0,2.2419,-1.2278
2.8202149868011475,1.990972610938627,0.0,2.2419,-1.2278
2.825159788131714,1.9806216557373408,0.0,2.2137,-1.4763
2.830246686935425,1.9698700711283672,0.0,2.2137,-1.4763
2.835158586502075,1.9593916130893518,0.0,2.2137,-1.4763
2.840172290802002,1.9486005672574787,0.0,2.2137,-1.4763
2.8452959060668945,1.937476145441698,0.0,2.2137,-1.4763
2.8501839637756348,1.9267745756981296,0.0,2.2137,-1.4763
2.855278253555298,1.915532203203054,0.0,2.2137,-1.4763
2.8602964878082275,1.904371331188665,0.0,2.1761,-1.992
2.865349531173706,1.893049277369203,0.0,2.1761,-1.992
2.870176315307617,1.882158315036493,0.0,2.1761,-1.992
2.875119686126709,1.8709301040222617,0.0,2.1761,-1.992
2.8801097869873047,1.85952234536563,0.0,2.1761,-1.992
2.8851144313812256,1.8480100742753196,0.0,2.1761,-1.992
2.8901238441467285,1.836418211890881,0.0,2.1297,-2.4546
2.8951098918914795,1.8248150864207862,0.0,2.1297,-2.4546
2.9000649452209473,1.8132223366763889,0.0,2.1297,-2.4546
2.905129909515381,1.801311749379772,0.0,2.1297,-2.4546
2.910144567489624,1.7894619536111815,0.0,2.0795,-2.7148
2.9153146743774414,1.77718804029108,0.0,2.0795,-2.7148
2.9201297760009766,1.7657078797564263,0.0,2.0795,-2.7148
2.9251341819763184,1.7537291513870485,0.0,2.0795,-2.7148
2.930133104324341,1.7417184065181002,0.0,2.0795,-2.7148
2.9351134300231934,1.729710420187102,0.0,2.03,-2.6085
2.940218687057495,1.7173608616877964,0.0,2.03,-2.6085
2.945167064666748,1.705354780432353,0.0,2.03,-2.6085
2.950216770172119,1.693069347269373,0.0,2.03,-2.6085
2.955181837081909,1.6809598120471414,0.0,1.9795,-2.727
2.960360288619995,1.6683013327346519,0.0,1.9795,-2.727
2.9652342796325684,1.6563634581221536,0.0,1.9795,-2.727
2.970228433609009,1.644110482350941,0.0,1.9795,-2.727
2.9752800464630127,1.6316981855458308,0.0,1.9795,-2.727
2.980314016342163,1.6193139774146044,0.0,1.9795,-2.727
2.9857637882232666,1.605893260497655,0.0,1.9296,-2.6611
2.990168809890747,1.5950376640959711,0.0,1.9296,-2.6611
2.995368480682373,1.5822179462127763,0.0,1.9296,-2.6611
3.000213623046875,1.5702695003076037,0.0,1.9296,-2.6611
3.00516414642334,1.5580613245627266,0.0,1.9296,-2.6611
3.010150909423828,1.5457669020339588,0.0,1.9296,-2.6611
3.0151655673980713,1.5334099072108536,0.0,1.9296,-2.6611
3.0201823711395264,1.5210569099386642,0.0,1.8775,-3.0339
3.0252034664154053,1.508705717333785,0.0,1.8775,-3.0339
3.0301673412323,1.496510453975217,0.0,1.8775,-3.0339
3.0351595878601074,1.484263712565253,0.0,1.8775,-3.0339
3.040158271789551,1.472022506420038,0.0,1.8775,-3.0339
3.045253038406372,1.4595710895566005,0.0,1.8775,-3.0339
3.0503084659576416,1.4472439718914536,0.0,1.8251,-3.1416
3.0552284717559814,1.4352769623006492,0.0,1.8251,-3.1416
3.060197114944458,1.4232245184473054,0.0,1.8251,-3.1416
3.0651979446411133,1.4111303121461316,0.0,1.8251,-3.1416
3.0702052116394043,1.3990600232978885,0.0,1.8251,-3.1416
3.0752508640289307,1.386940198615234,0.0,1.8251,-3.1416
3.0801424980163574,1.3752344039808415,0.0,1.7727,-3.1416
3.0851902961730957,1.3632033538302035,0.0,1.7727,-3.1416
3.090150833129883,1.3514311258390306,0.0,1.7727,-3.1416
3.095128297805786,1.3396722757450341,0.0,1.7727,-3.1416
3.1002111434936523,1.327722813476874,0.0,1.7727,-3.1416
3.105214834213257,1.3160199627176932,0.0,1.7727,-3.1416
3.1101584434509277,1.3045194475710602,0.0,1.7204,-3.1416
3.1151649951934814,1.2929379768006444,0.0,1.7204,-3.1416
3.120147466659546,1.2814804475562045,0.0,1.7204,-3.1416
3.125159740447998,1.2700259134852334,0.0,1.7204,-3.1416
3.1301865577697754,1.2586130461379403,0.0,1.7204,-3.1416
3.1351709365844727,1.2473733950082613,0.0,1.668,-3.1416
3.1402032375335693,1.2361061388267076,0.0,1.668,-3.1416
3.145212173461914,1.2249742608186882,0.0,1.668,-3.1416
3.150405168533325,1.2135237739605516,0.0,1.668,-3.1416
3.155191659927368,1.2030537666270507,0.0,1.668,-3.1416
3.1602189540863037,1.1921465995960254,0.0,1.668,-3.1416
3.165201187133789,1.181430371579307,0.0,1.668,-3.1416
3.170196771621704,1.1707812009192677,0.0,1.668,-3.1416
3.175194263458252,1.160226544603554,0.0,1.6156,-3.1416
3.1801395416259766,1.1498817740764362,0.0,1.6156,-3.1416
3.185133695602417,1.139537875769077,0.0,1.6156,-3.1416
3.190117359161377,1.1293215271137294,0.0,1.6156,-3.1416
3.195312023162842,1.118787857972948,0.0,1.5633,-3.1368
3.200247049331665,1.108892140451792,0.0,1.5633,-3.1368
3.2051620483398438,1.0991469285865718,0.0,1.5633,-3.1368
3.2101588249206543,1.0893548568353812,0.0,1.5633,-3.1368
3.215130567550659,1.0797295849064135,0.0,1.5633,-3.1368
3.2201156616210938,1.0701987475040236,0.0,1.5633,-3.1368
3.225140333175659,1.0607164950647614,0.0,1.5109,-3.1357
3.230179786682129,1.0513340103671251,0.0,1.5109,-3.1357
3.2351369857788086,1.0422316848891013,0.0,1.5109,-3.1357
3.2401416301727295,1.0331722867444486,0.0,1.5109,-3.1357
3.2451236248016357,1.024285882245531,0.0,1.4586,-3.1336
3.2501485347747803,1.015458544379753,0.0,1.4586,-3.1336
3.25520396232605,1.006717253457067,0.0,1.4586,-3.1336
3.2601425647735596,0.9983153343908014,0.0,1.4586,-3.1336
3.265162229537964,0.9899167321855334,0.0,1.4586,-3.1336
3.2701833248138428,0.981660251395179,0.0,1.4586,-3.1336
3.2751784324645996,0.9735919536584899,0.0,1.4062,-3.1356
3.2801644802093506,0.9656849518324889,0.0,1.4062,-3.1356
3.285146713256836,0.9579322987370277,0.0,1.4062,-3.1356
3.290177822113037,0.9502559570467669,0.0,1.4062,-3.1356
3.295180082321167,0.9427773176971231,0.0,1.4062,-3.1356
3.30021333694458,0.9354088827311002,0.0,1.3539,-3.1367
3.305178642272949,0.9282955762170758,0.0,1.3539,-3.1367
3.310152769088745,0.9213263850036842,0.0,1.3539,-3.1367
3.315192937850952,0.9144264360699794,0.0,1.3539,-3.1367
3.320178270339966,0.9077634375703786,0.0,1.3539,-3.1367
3.3251845836639404,0.901236063208226,0.0,1.3539,-3.1367
3.3303627967834473,0.8946588294252541,0.0,1.3539,-3.1367
3.3352038860321045,0.8886716045065268,0.0,1.3539,-3.1367
3.3401682376861572,0.8826957997371492,0.0,1.3015,-3.1357
3.345301628112793,0.8766925443159055,0.0,1.3015,-3.1357
3.350219488143921,0.8711106307550918,0.0,1.3015,-3.1357
3.3551993370056152,0.86562854617032,0.0,1.3015,-3.1357
3.3601863384246826,0.8603115503276001,0.0,1.3015,-3.1357
3.3651716709136963,0.8551706373983254,0.0,1.3015,-3.1357
3.370225191116333,0.8501385678239959,0.0,1.2492,-3.1333
3.375293016433716,0.845274665419371,0.0,1.2492,-3.1333
3.3803038597106934,0.8406462587945289,0.0,1.2492,-3.1333
3.3851919174194336,0.8363055974244784,0.0,1.2492,-3.1333
3.3901522159576416,0.8320778496659077,0.0,1.2492,-3.1333
3.395158290863037,0.8279929646153921,0.0,1.2492,-3.1333
3.4001150131225586,0.8241293607713267,0.0,1.1968,-3.1356
3.4051764011383057,0.8203710085339482,0.0,1.1968,-3.1356
3.410118579864502,0.8168842488717918,0.0,1.1968,-3.1356
3.415127754211426,0.8135356781643902,0.0,1.1968,-3.1356
3.420121431350708,0.8103841259861827,0.0,1.1445,-3.139
3.4253089427948,0.8073084369640273,0.0,1.1445,-3.139
3.430162191390991,0.8046145133751516,0.0,1.1445,-3.139
3.435128688812256,0.8020421254977348,0.0,1.1445,-3.139
3.4401350021362305,0.7996385184257974,0.0,1.1445,-3.139
3.4451262950897217,0.7974320171381317,0.0,1.0921,-3.1416
3.450164794921875,0.795397506958096,0.0,1.0921,-3.1416
3.4551615715026855,0.7935717121599702,0.0,1.0921,-3.1416
3.4601287841796875,0.7919465440290081,0.0,1.0921,-3.1416
3.4651026725769043,0.7905092319670164,0.0,1.0921,-3.1416
3.4702436923980713,0.7892238562082136,0.0,1.0398,-3.1416
3.4752368927001953,0.7881705997173334,0.0,1.0398,-3.1416
3.4802069664001465,0.7873134616650509,0.0,1.0398,-3.1416
3.4851627349853516,0.7866489722447102,0.0,1.0398,-3.1416
3.490151882171631,0.7861720008786632,0.0,1.0398,-3.1416
3.495196580886841,0.7858857051028517,0.0,0.9874,-3.1416
3.5002071857452393,0.7857964930822169,0.0,0.9874,-3.1416
3.5052008628845215,0.7859011073157931,0.0,0.9874,-3.1416
3.510221004486084,0.7862009858363016,0.0,0.9874,-3.1416
3.5154056549072266,0.7867155372624446,0.0,0.9359,-2.864
3.520313024520874,0.7873941959100654,0.0,0.9359,-2.864
3.5254974365234375,0.7883134253166858,0.0,0.9359,-2.864
3.530543327331543,0.7894074212676307,0.0,0.9359,-2.864
3.53518009185791,0.7905858383332705,0.0,0.9359,-2.864
3.5402002334594727,0.7920483306257513,0.0,0.9359,-2.864
3.5453591346740723,0.7937530435243196,0.0,0.9359,-2.864
3.5501389503479004,0.7955146590765161,0.0,0.9359,-2.864
3.555199146270752,0.7975700957173163,0.0,0.8941,-2.1514
3.560126781463623,0.7997594831764949,0.0,0.8941,-2.1514
3.565133810043335,0.8021734073042525,0.0,0.8941,-2.1514
3.5701730251312256,0.8047948648715365,0.0,0.8941,-2.1514
3.5751726627349854,0.8075854554691072,0.0,0.8941,-2.1514
3.5801572799682617,0.8105550989672886,0.0,0.8632,-1.6027
3.585339307785034,0.8138399881877022,0.0,0.8632,-1.6027
3.590219736099243,0.8171171490461825,0.0,0.8632,-1.6027
3.595165491104126,0.8206189170559361,0.0,0.8632,-1.6027
3.6002509593963623,0.8244084452401169,0.0,0.8632,-1.6027
3.6052653789520264,0.8283315706066364,0.0,0.8632,-1.6027
3.610213041305542,0.8323830587254919,0.0,0.8418,-1.1077
3.615294933319092,0.8367301776531499,0.0,0.8418,-1.1077
3.6201796531677246,0.8410849998219692,0.0,0.8418,-1.1077
3.6251423358917236,0.8456852964628101,0.0,0.8418,-1.1077
3.6301515102386475,0.8505074203606054,0.0,0.8418,-1.1077
3.6351613998413086,0.8555086442358679,0.0,0.8418,-1.1077
3.6401655673980713,0.8606810383646033,0.0,0.8297,-0.619
3.6452383995056152,0.8661035305082785,0.0,0.8297,-0.619
3.650169849395752,0.8715464697467479,0.0,0.8297,-0.619
3.6551764011383057,0.8772439780031375,0.0,0.8297,-0.619
3.6601505279541016,0.8830744986625677,0.0,0.8297,-0.619
3.6651320457458496,0.8890819900904683,0.0,0.8297,-0.619
3.670145273208618,0.8952962779663061,0.0,0.826,-0.182
3.675344467163086,0.9019180562062553,0.0,0.826,-0.182
3.6801271438598633,0.9081669697765613,0.0,0.826,-0.182
3.6851160526275635,0.914844723819609,0.0,0.826,-0.182
3.690157890319824,0.921757020580794,0.0,0.826,-0.182
3.6951167583465576,0.9287144109147862,0.0,0.826,-0.182
3.700136184692383,0.9359154531284491,0.0,0.8302,0.2287
3.705091953277588,0.9431800537270005,0.0,0.8302,0.2287
3.7101378440856934,0.9507330544467212,0.0,0.8302,0.2287
3.715131998062134,0.9583620431024887,0.0,0.8302,0.2287
3.7201645374298096,0.9662021621066931,0.0,0.8419,0.6193
3.7251880168914795,0.9741788826197189,0.0,0.8419,0.6193
3.7301578521728516,0.9822166497554603,0.0,0.8419,0.6193
3.7351510524749756,0.9904366919424228,0.0,0.8419,0.6193
3.740250825881958,0.9989795751384306,0.0,0.8419,0.6193
3.7451841831207275,1.0073833771739187,0.0,0.8419,0.6193
3.7501916885375977,1.0160518767141806,0.0,0.8573,0.7939
3.755441665649414,1.0252875001980253,0.0,0.8573,0.7939
3.760193347930908,1.0337745382517898,0.0,0.8573,0.7939
3.7651638984680176,1.0427805313016743,0.0,0.8573,0.7939
3.77018404006958,1.0520070525236296,0.0,0.8573,0.7939
3.775287628173828,1.061519198942172,0.0,0.8573,0.7939
3.78014874458313,1.0707011941313458,0.0,0.8795,1.1749
3.7851712703704834,1.0803105496003398,0.0,0.8795,1.1749
3.790165424346924,1.0899867072953011,0.0,0.8795,1.1749
3.7951443195343018,1.0997511170370529,0.0,0.8795,1.1749
3.8001625537872314,1.1097092842968603,0.0,0.8795,1.1749
3.805236577987671,1.1198946672680559,0.0,0.8795,1.1749
3.8101282119750977,1.1298224255672247,0.0,0.9086,1.5332
3.815282106399536,1.1403950690426656,0.0,0.9086,1.5332
3.8201465606689453,1.150477511727149,0.0,0.9086,1.5332
3.825068235397339,1.1607784441293931,0.0,0.9086,1.5332
3.8301403522491455,1.171496782672934,0.0,0.9086,1.5332
3.835155487060547,1.1821943990842132,0.0,0.944,1.8679
3.840141534805298,1.192925601422418,0.0,0.944,1.8679
3.8451433181762695,1.2037838216176246,0.0,0.944,1.8679
3.850205421447754,1.2148652427205575,0.0,0.944,1.8679
3.8551414012908936,1.2257572698492543,0.0,0.944,1.8679
3.860172986984253,1.2369456422349077,0.0,0.9828,2.0289
3.8652470111846924,1.2483128490173134,0.0,0.9828,2.0289
3.870131731033325,1.2593334089210406,0.0,0.9828,2.0289
3.875126600265503,1.2706783054424395,0.0,0.9828,2.0289
3.880127191543579,1.2821102222023848,0.0,0.9828,2.0289
3.8850836753845215,1.2935116185661997,0.0,1.0247,2.1885
3.890166759490967,1.3052740368153029,0.0,1.0247,2.1885
3.8952622413635254,1.3171330983004483,0.0,1.0247,2.1885
3.9001262187957764,1.3285140449272297,0.0,1.0247,2.1885
3.9052298069000244,1.340516416142219,0.0,1.0247,2.1885
3.9101388454437256,1.3521171471151248,0.0,1.0247,2.1885
3.915137529373169,1.363983148998869,0.0,1.0695,2.346
3.9201810359954834,1.376007232459929,0.0,1.0695,2.346
3.9252469539642334,1.3881339694113088,0.0,1.0695,2.346
3.9301204681396484,1.3998438321360325,0.0,1.0695,2.346
3.935126781463623,1.411914478454342,0.0,1.0695,2.346
3.9402239322662354,1.4242444999341255,0.0,1.0695,2.346
3.9451563358306885,1.4362118059195217,0.0,1.1194,2.6803
3.9502861499786377,1.44869232190063,0.0,1.1194,2.6803
3.9551448822021484,1.4605426078857944,0.0,1.1194,2.6803
3.9601447582244873,1.4727639291214005,0.0,1.1194,2.6803
3.9651482105255127,1.4850182040073543,0.0,1.1194,2.6803
3.9701454639434814,1.4972784523967333,0.0,1.1714,3.0054
3.9752986431121826,1.5099401920489761,0.0,1.1714,3.0054
3.980198860168457,1.5219952298723447,0.0,1.1714,3.0054
3.9851603507995605,1.5342127778268564,0.0,1.1714,3.0054
3.9903182983398438,1.5469234773045677,0.0,1.1714,3.0054
3.995293140411377,1.5591889269396,0.0,1.1714,3.0054
4.000887393951416,1.5729847707602373,0.0,1.2237,3.1043
4.005197286605835,1.583613046871154,0.0,1.2237,3.1043
4.0102012157440186,1.595949751106978,0.0,1.2237,3.1043
4.015203475952148,1.6082761282161826,0.0,1.2237,3.1043
4.020150423049927,1.6204571129311223,0.0,1.2237,3.1043
4.025189399719238,1.632852354295718,0.0,1.2237,3.1043
4.0301549434661865,1.6450517620131624,0.0,1.2761,3.1416
4.03525710105896,1.6575679536151964,0.0,1.2761,3.1416
4.040135383605957,1.669514149830903,0.0,1.2761,3.1416
4.045137166976929,1.6817386832171384,0.0,1.2761,3.1416
4.050163984298706,1.693996796497305,0.0,1.3285,3.1416
4.0551910400390625,1.7062247641215347,0.0,1.3285,3.1416
4.060193300247192,1.718358895243495,0.0,1.3285,3.1416
4.065150260925293,1.730347202595247,0.0,1.3285,3.1416
4.070184946060181,1.7424838626509231,0.0,1.3285,3.1416
4.075197219848633,1.7545238374467216,0.0,1.3285,3.1416
4.080152988433838,1.7663833047821778,0.0,1.3808,3.1416
4.085155963897705,1.7783076442464705,0.0,1.3808,3.1416
4.090152740478516,1.7901660441618512,0.0,1.3808,3.1416
4.09520411491394,1.8020990598296833,0.0,1.3808,3.1416
4.10016131401062,1.813752989876269,0.0,1.3808,3.1416
4.105271100997925,1.8257039375471262,0.0,1.4332,3.1416
4.110179901123047,1.8371229858658413,0.0,1.4332,3.1416
4.115206241607666,1.8487498090361594,0.0,1.4332,3.1416
4.12013840675354,1.8600914356500682,0.0,1.4332,3.1416
4.125229597091675,1.871725862929146,0.0,1.4332,3.1416
4.130197763442993,1.8830049628547427,0.0,1.4332,3.1416
4.135152816772461,1.8941785408089304,0.0,1.4855,3.1416
4.140266418457031,1.9056274501864516,0.0,1.4855,3.1416
4.145195960998535,1.916582498784136,0.0,1.4855,3.1416
4.150180101394653,1.927574558894624,0.0,1.4855,3.1416
4.1552183628082275,1.938597066001233,0.0,1.4855,3.1416
4.160201787948608,1.9494089696732062,0.0,1.4855,3.1416
4.1652514934539795,1.9602700032573934,0.0,1.4855,3.1416
4.170171737670898,1.9707583308242302,0.0,1.5379,3.1416
4.175416469573975,1.9818330754865054,0.0,1.5379,3.1416
4.180159568786621,1.9917525684198085,0.0,1.5379,3.1416
4.185181617736816,2.002153524045561,0.0,1.5379,3.1416
4.190203428268433,2.0124466219189983,0.0,1.5379,3.1416
4.1951744556427,2.0225273775202646,0.0,1.5379,3.1416
4.200177907943726,2.032562632116165,0.0,1.5903,3.1416
4.205400705337524,2.0429160780351645,0.0,1.5903,3.1416
4.210273742675781,2.0524616121217862,0.0,1.5903,3.1416
4.215321779251099,2.062230876339396,0.0,1.5903,3.1416
4.220433473587036,2.0719973816423893,0.0,1.5903,3.1416
4.225207567214966,2.0810021819950286,0.0,1.5903,3.1416
4.230209112167358,2.0903128628179166,0.0,1.6426,3.1416
4.23516845703125,2.0994183484998725,0.0,1.6426,3.1416
4.240196704864502,2.1085193277332945,0.0,1.6426,3.1416
4.245198965072632,2.117440133979763,0.0,1.6426,3.1416
4.250277042388916,2.126358054983998,0.0,1.6426,3.1416
4.255174160003662,2.1348242839848863,0.0,1.6426,3.1416
4.260175466537476,2.1433328342698044,0.0,1.695,3.1416
4.265204429626465,2.1517459186547505,0.0,1.695,3.1416
4.270259380340576,2.1600563428591713,0.0,1.695,3.1416
4.275225639343262,2.168076251985164,0.0,1.695,3.1416
4.280191659927368,2.17595039892148,0.0,1.695,3.1416
4.2851293087005615,2.183633532557162,0.0,1.695,3.1416
4.29015326499939,2.191299602845119,0.0,1.695,3.1416
4.2951483726501465,2.198768414813988,0.0,1.7474,3.1416
4.300386905670166,2.20643504368583,0.0,1.7474,3.1416
4.305160760879517,2.2132717399131105,0.0,1.7474,3.1416
4.310148477554321,2.220260323880889,0.0,1.7474,3.1416
4.315107822418213,2.227051056441134,0.0,1.7474,3.1416
4.320057153701782,2.2336692622098826,0.0,1.7997,3.1416
4.325119256973267,2.2402724785939814,0.0,1.7997,3.1416
4.330103158950806,2.2466082854281573,0.0,1.7997,3.1416
4.335083961486816,2.2527746323911417,0.0,1.7997,3.1416
4.340130805969238,2.258852420096839,0.0,1.7997,3.1416
4.345303297042847,2.264902031737296,0.0,1.8521,3.1416
4.350147485733032,2.2704014995186887,0.0,1.8521,3.1416
4.355256795883179,2.2760263565869328,0.0,1.8521,3.1416
4.36013388633728,2.281226085578836,0.0,1.8521,3.1416
4.3651511669158936,2.286401230954974,0.0,1.8521,3.1416
4.3701491355896,2.291379696206536,0.0,1.8521,3.1416
4.3751747608184814,2.296206581869823,0.0,1.8521,3.1416
4.380158424377441,2.300814603455153,0.0,1.9045,3.1416
4.385190725326538,2.3052860186447717,0.0,1.9045,3.1416
4.390260934829712,2.3096054616089376,0.0,1.9045,3.1416
4.395270109176636,2.3136888371045305,0.0,1.9045,3.1416
4.400213956832886,2.317538576142076,0.0,1.9045,3.1416
4.4052510261535645,2.321275641095476,0.0,1.9045,3.1416
4.410162687301636,2.3247387059803075,0.0,1.9568,3.1416
4.415190696716309,2.328097860396797,0.0,1.9568,3.1416
4.420355319976807,2.3313515546175,0.0,1.9568,3.1416
4.425180912017822,2.334210744117669,0.0,1.9568,3.1416
4.43017578125,2.336985433840542,0.0,1.9568,3.1416
4.435169219970703,2.339570752078756,0.0,1.9568,3.1416
4.440272569656372,2.3420174931896405,0.0,1.9568,3.1416
4.445235013961792,2.344206583668863,0.0,2.0092,3.1416
4.4501872062683105,2.3462037625400907,0.0,2.0092,3.1416
4.455193042755127,2.3480318343712807,0.0,2.0092,3.1416
4.46036958694458,2.3497200781753245,0.0,2.0092,3.1416
4.465230464935303,2.3511178410296116,0.0,2.0092,3.1416
4.47026515007019,2.3523737352800738,0.0,2.0615,3.1416
4.475221157073975,2.353419036992018,0.0,2.0615,3.1416
4.480238676071167,2.354284047559582,0.0,2.0615,3.1416
4.485286474227905,2.3549578412388055,0.0,2.0615,3.1416
4.490205764770508,2.355424752037958,0.0,2.0615,3.1416
4.4951605796813965,2.3557056037269577,0.0,2.0615,3.1416
4.500193357467651,2.3557961819639757,0.0,2.0615,3.1416
4.505160570144653,2.3556931634856317,0.0,2.1139,3.1416
4.5101542472839355,2.3553969360034124,0.0,2.1139,3.1416
4.5154807567596436,2.3548681340363418,0.0,2.1139,3.1416
4.520140886306763,2.3542254155072997,0.0,2.1139,3.1416
4.525125741958618,2.3533520426630794,0.0,2.1139,3.1416
4.530142545700073,2.3522793078926942,0.0,2.1139,3.1416
4.535137176513672,2.3510184814873503,0.0,2.1663,3.1416
4.540201663970947,2.3495438785969336,0.0,2.1663,3.1416
4.545170068740845,2.347905691079717,0.0,2.1663,3.1416
4.5501744747161865,2.3460642469362396,0.0,2.1663,3.1416
4.555155277252197,2.344041217798735,0.0,2.1663,3.1416
4.560152053833008,2.3418214649732425,0.0,2.2177,2.846
4.565243721008301,2.339364121985745,0.0,2.2177,2.846
4.570143461227417,2.3368137287007986,0.0,2.2177,2.846
4.575139999389648,2.334026041245314,0.0,2.2177,2.846
4.580289602279663,2.3309561786211224,0.0,2.2177,2.846
4.585225582122803,2.3278269124570126,0.0,2.2574,2.0398
4.590203046798706,2.3244870135951365,0.0,2.2574,2.0398
4.595147371292114,2.320986897060659,0.0,2.2574,2.0398
4.6001503467559814,2.3172610322056575,0.0,2.2574,2.0398
4.605322599411011,2.313215250334275,0.0,2.2574,2.0398
4.610278844833374,2.3091545060474057,0.0,2.2574,2.0398
4.61531400680542,2.304845807076956,0.0,2.2843,1.387
4.6202616691589355,2.3004330651628684,0.0,2.2843,1.387
4.62535548210144,2.295705819671587,0.0,2.2843,1.387
4.630188226699829,2.291049227816747,0.0,2.2843,1.387
4.63517951965332,2.2860655985424416,0.0,2.2843,1.387
4.640199184417725,2.2808762731807395,0.0,2.2843,1.387
4.645303249359131,2.2754186416681543,0.0,2.2843,1.387
4.650250196456909,2.2699561100984615,0.0,2.2843,1.387
4.655191659927368,2.264331047945322,0.0,2.2843,1.387
4.660171031951904,2.2584937722216103,0.0,2.3002,0.8144
4.665158748626709,2.2524780097777755,0.0,2.3002,0.8144
4.670302152633667,2.2460991994964212,0.0,2.3002,0.8144
4.6751484870910645,2.239927448474748,0.0,2.3002,0.8144
4.6801300048828125,2.2334219007674356,0.0,2.3002,0.8144
4.685124635696411,2.2267363018409556,0.0,2.3002,0.8144
4.690075874328613,2.2199493835238675,0.0,2.3032,0.125
4.695105075836182,2.2128948172637477,0.0,2.3032,0.125
4.700110197067261,2.205714891321987,0.0,2.3032,0.125
4.7050840854644775,2.1984242542321715,0.0,2.3032,0.125
4.710143804550171,2.190850584638946,0.0,2.3032,0.125
4.715166807174683,2.1831769054041636,0.0,2.3032,0.125
4.720183610916138,2.17536048846474,0.0,2.297,-0.3349
4.725129842758179,2.1675069992401106,0.0,2.297,-0.3349
4.730141878128052,2.1594020697244956,0.0,2.297,-0.3349
4.735119104385376,2.15120901221274,0.0,2.297,-0.3349
4.740138053894043,2.142803583475405,0.0,2.297,-0.3349
4.7451300621032715,2.1343022075873757,0.0,2.2827,-0.7596
4.750207185745239,2.125513735429029,0.0,2.2827,-0.7596
4.755177974700928,2.1167725922444776,0.0,2.2827,-0.7596
4.760215520858765,2.1077782300096906,0.0,2.2827,-0.7596
4.765143632888794,2.0988491037876567,0.0,2.2827,-0.7596
4.770137548446655,2.0896716435868274,0.0,2.2827,-0.7596
4.7751829624176025,2.08026985562289,0.0,2.2827,-0.7596
4.780143976211548,2.070900523770514,0.0,2.2628,-1.0369
4.7852702140808105,2.0610915653685136,0.0,2.2628,-1.0369
4.790181398391724,2.0515748054670357,0.0,2.2628,-1.0369
4.7952234745025635,2.0416853639877948,0.0,2.2628,-1.0369
4.80016303062439,2.0318824175743466,0.0,2.2628,-1.0369
4.805111408233643,2.0219506358287873,0.0,2.2628,-1.0369
4.810239315032959,2.0115435216933113,0.0,2.2337,-1.5436
4.815277338027954,2.0012074189108646,0.0,2.2337,-1.5436
4.820159196853638,1.991088822282977,0.0,2.2337,-1.5436
4.825172185897827,1.980595578147272,0.0,2.2337,-1.5436
4.830195188522339,1.9699794326427091,0.0,2.2337,-1.5436
4.835135221481323,1.9594416782420945,0.0,2.2004,-1.738
4.84029483795166,1.9483356233718,0.0,2.2004,-1.738
4.845166206359863,1.9377589343672454,0.0,2.2004,-1.738
4.850169897079468,1.9268054939859194,0.0,2.2004,-1.738
4.855162620544434,1.9157883790879644,0.0,2.2004,-1.738
4.8601765632629395,1.9046390290448694,0.0,2.2004,-1.738
4.865817546844482,1.891996469612647,0.0,2.161,-2.0746
4.8701910972595215,1.8821248503874977,0.0,2.161,-2.0746
4.875173807144165,1.8708067697697004,0.0,2.161,-2.0746
4.880268335342407,1.8591587135574126,0.0,2.161,-2.0746
4.885171413421631,1.8478785975230674,0.0,2.161,-2.0746
4.8901684284210205,1.8363147435335663,0.0,2.161,-2.0746
4.895172834396362,1.8246682073691345,0.0,2.161,-2.0746
4.900149345397949,1.813024358790275,0.0,2.1157,-2.3788
4.905215263366699,1.8011105257987832,0.0,2.1157,-2.3788
4.9101903438568115,1.7893535281598492,0.0,2.1157,-2.3788
4.915128946304321,1.7776299238463338,0.0,2.1157,-2.3788
4.920112133026123,1.7657500271378492,0.0,2.1157,-2.3788
4.925120830535889,1.753761171355258,0.0,2.0646,-2.8511
4.930298805236816,1.741319544247198,0.0,2.0646,-2.8511
4.935149908065796,1.729622321438153,0.0,2.0646,-2.8511
4.940141677856445,1.717547434121726,0.0,2.0646,-2.8511
4.945230007171631,1.7052018495584376,0.0,2.0646,-2.8511
4.950171232223511,1.693180278737056,0.0,2.0646,-2.8511
4.955152750015259,1.6810308347918497,0.0,2.0127,-2.9314
4.960384368896484,1.6682424067624295,0.0,2.0127,-2.9314
4.965131521224976,1.6566153613285008,0.0,2.0127,-2.9314
4.97010064125061,1.6444242541225107,0.0,2.0127,-2.9314
4.975139856338501,1.632042867497973,0.0,2.0127,-2.9314
4.980115175247192,1.6198034024292336,0.0,1.9604,-3.1416
4.985149621963501,1.6074063059155108,0.0,1.9604,-3.1416
4.990163564682007,1.5950505933962245,0.0,1.9604,-3.1416
4.9951512813568115,1.582753532979074,0.0,1.9604,-3.1416
5.000117301940918,1.5705070425925105,0.0,1.908,-3.1416
5.005342245101929,1.5576221662826015,0.0,1.908,-3.1416
5.010150909423828,1.545766902033959,0.0,1.908,-3.1416
5.0152435302734375,1.533217858349591,0.0,1.908,-3.1416
5.0201520919799805,1.5211314330713541,0.0,1.908,-3.1416
5.025126695632935,1.5088944542513023,0.0,1.908,-3.1416
5.030144929885864,1.496565475875394,0.0,1.8556,-3.1416
5.035278081893921,1.4839732753465036,0.0,1.8556,-3.1416
5.04017448425293,1.471982841947325,0.0,1.8556,-3.1416
5.045195817947388,1.459710781947041,0.0,1.8556,-3.1416
5.050177574157715,1.4475627578969357,0.0,1.8556,-3.1416
5.055449724197388,1.434739545768325,0.0,1.8033,-3.1416
5.0601348876953125,1.4233752469457104,0.0,1.8033,-3.1416
5.065151691436768,1.4112419967769858,0.0,1.8033,-3.1416
5.070117235183716,1.3992717372793224,0.0,1.8033,-3.1416
5.075153589248657,1.3871734289138833,0.0,1.8033,-3.1416
5.0800652503967285,1.375418907704469,0.0,1.7509,-3.1416
5.085116863250732,1.363378008840142,0.0,1.7509,-3.1416
5.090180158615112,1.351361686889042,0.0,1.7509,-3.1416
5.095117092132568,1.3396986858301,0.0,1.7509,-3.1416
5.100127935409546,1.3279179399294034,0.0,1.7509,-3.1416
5.105215311050415,1.3160188504242822,0.0,1.7509,-3.1416
5.1101624965667725,1.3045100446183486,0.0,1.6986,-3.1416
5.115147829055786,1.2929775707871114,0.0,1.6986,-3.1416
5.120111703872681,1.2815624372754706,0.0,1.6986,-3.1416
5.125070571899414,1.270229046941738,0.0,1.6986,-3.1416
5.130094766616821,1.2588207592129177,0.0,1.6986,-3.1416
5.1351447105407715,1.2474323289657716,0.0,1.6462,-3.1416
5.140154600143433,1.2362146414938753,0.0,1.6462,-3.1416
5.145132780075073,1.2251500443429133,0.0,1.6462,-3.1416
5.150184631347656,1.2140081436833565,0.0,1.6462,-3.1416
5.155223846435547,1.202983640427779,0.0,1.6462,-3.1416
5.160154819488525,1.1922851563659278,0.0,1.5938,-3.1416
5.165573358535767,1.1806336689091386,0.0,1.5938,-3.1416
5.1701812744140625,1.1708140855800142,0.0,1.5938,-3.1416
5.175180435180664,1.1602556113659426,0.0,1.5938,-3.1416
5.180145502090454,1.1498693664896402,0.0,1.5938,-3.1416
5.185141086578369,1.13952264561423,0.0,1.5938,-3.1416
5.190146207809448,1.1292627009445375,0.0,1.5415,-3.1416
5.195518493652344,1.1183716488931439,0.0,1.5415,-3.1416
5.20023250579834,1.1089211412018227,0.0,1.5415,-3.1416
5.205149173736572,1.0991723098162711,0.0,1.5415,-3.1416
5.210210561752319,1.089254085717565,0.0,1.5415,-3.1416
5.215157508850098,1.079677750905356,0.0,1.5415,-3.1416
5.220156192779541,1.0701217573543205,0.0,1.4891,-3.1416
5.225412845611572,1.0602058386785917,0.0,1.4891,-3.1416
5.230156660079956,1.051376772019299,0.0,1.4891,-3.1416
5.235199928283691,1.0421169304581515,0.0,1.4891,-3.1416
5.24031138420105,1.0328673161014201,0.0,1.4891,-3.1416
5.245185136795044,1.0241769952677622,0.0,1.4891,-3.1416
5.25028395652771,1.0152225521419758,0.0,1.4891,-3.1416
5.255202531814575,1.006719706919191,0.0,1.4367,-3.1416
5.260194778442383,0.9982272372360137,0.0,1.4367,-3.1416
5.265161991119385,0.9899171276792305,0.0,1.4367,-3.1416
5.270199298858643,0.9816342171798621,0.0,1.4367,-3.1416
5.275187969207764,0.9735766895585112,0.0,1.4367,-3.1416
5.280169248580933,0.9656774607828115,0.0,1.4367,-3.1416
5.285304069519043,0.9576898789693229,0.0,1.4367,-3.1416
5.290154218673706,0.9502916101437884,0.0,1.4367,-3.1416
5.295231580734253,0.9427011283233474,0.0,1.3844,-3.1387
5.300219297409058,0.9354002507236671,0.0,1.3844,-3.1387
5.3051674365997314,0.9283114541212533,0.0,1.3844,-3.1387
5.310148477554321,0.9213323297089032,0.0,1.3844,-3.1387
5.315326929092407,0.9142452411771742,0.0,1.3844,-3.1387
5.320180416107178,0.9077606046083788,0.0,1.3844,-3.1387
5.325177907943726,0.9012446572797427,0.0,1.3321,-3.1321
5.330233573913574,0.8948207952423999,0.0,1.3321,-3.1321
5.335198163986206,0.8886785883917202,0.0,1.3321,-3.1321
5.340168237686157,0.8826957997371486,0.0,1.3321,-3.1321
5.345173120498657,0.8768406312944792,0.0,1.3321,-3.1321
5.350160837173462,0.871176219891667,0.0,1.3321,-3.1321
5.3552374839782715,0.865587216358505,0.0,1.3321,-3.1321
5.360171556472778,0.8603270533588254,0.0,1.2797,-3.132
5.3652403354644775,0.8551010526476471,0.0,1.2797,-3.132
5.370167970657349,0.850194531057946,0.0,1.2797,-3.132
5.375184059143066,0.8453773083234424,0.0,1.2797,-3.132
5.380390882492065,0.8405674729286687,0.0,1.2797,-3.132
5.38518214225769,0.8363141053970328,0.0,1.2797,-3.132
5.390172958374023,0.832060546481226,0.0,1.2274,-3.1319
5.395270586013794,0.827903436518956,0.0,1.2274,-3.1319
5.400176048278809,0.8240829124121195,0.0,1.2274,-3.1319
5.405324459075928,0.8202639192765193,0.0,1.2274,-3.1319
5.410189628601074,0.8168354463925368,0.0,1.2274,-3.1319
5.415184736251831,0.8134986636066408,0.0,1.2274,-3.1319
5.420173406600952,0.810352306722889,0.0,1.2274,-3.1319
5.425146818161011,0.8074014956009509,0.0,1.2274,-3.1319
5.430217266082764,0.8045849636352334,0.0,1.175,-3.1345
5.435232639312744,0.8019902819304005,0.0,1.175,-3.1345
5.440180540084839,0.7996175295429697,0.0,1.175,-3.1345
5.445132255554199,0.7974294957645535,0.0,1.175,-3.1345
5.450130462646484,0.795410713250903,0.0,1.175,-3.1345
5.455122470855713,0.7935852563980638,0.0,1.175,-3.1345
5.460126161575317,0.7919473520815606,0.0,1.1227,-3.137
5.4651405811309814,0.7904990086120036,0.0,1.1227,-3.137
5.470133304595947,0.7892493150861121,0.0,1.1227,-3.137
5.475151062011719,0.7881870786642402,0.0,1.1227,-3.137
5.480106592178345,0.7873288830161973,0.0,1.0703,-3.1416
5.485444068908691,0.7866169498360116,0.0,1.0703,-3.1416
5.490376710891724,0.7861550449803084,0.0,1.0703,-3.1416
5.495166063308716,0.7858868443836469,0.0,1.0703,-3.1416
5.500133752822876,0.785796396096824,0.0,1.0703,-3.1416
5.505147933959961,0.7858989855218279,0.0,1.0703,-3.1416
5.51011061668396,0.7861922930566713,0.0,1.018,-3.1416
5.515343189239502,0.7867080995272322,0.0,1.018,-3.1416
5.520221948623657,0.7873799043623287,0.0,1.018,-3.1416
5.525180101394653,0.7882511932425276,0.0,1.018,-3.1416
5.5301594734191895,0.7893172940873782,0.0,1.018,-3.1416
5.535231590270996,0.7905998565304527,0.0,0.9656,-3.1416
5.540236234664917,0.7920595186475222,0.0,0.9656,-3.1416
5.545202970504761,0.7936984424032444,0.0,0.9656,-3.1416
5.550114870071411,0.7955053457403632,0.0,0.9656,-3.1416
5.555091619491577,0.7975243847344455,0.0,0.9656,-3.1416
5.560142517089844,0.7997667708983739,0.0,0.9154,-2.6718
5.565281867980957,0.8022476851035987,0.0,0.9154,-2.6718
5.570176362991333,0.8047966649621198,0.0,0.9154,-2.6718
5.57515025138855,0.8075725257445134,0.0,0.9154,-2.6718
5.580230474472046,0.8106000961234809,0.0,0.9154,-2.6718
5.585212230682373,0.8137570308356035,0.0,0.8782,-1.9104
5.590324640274048,0.8171895390960963,0.0,0.8782,-1.9104
5.595133543014526,0.8205957146047185,0.0,0.8782,-1.9104
5.600115537643433,0.8243050598785664,0.0,0.8782,-1.9104
5.60511326789856,0.8282098488174429,0.0,0.8782,-1.9104
5.6101157665252686,0.8323016808888499,0.0,0.853,-1.294
5.615150690078735,0.8366042047417708,0.0,0.853,-1.294
5.620158433914185,0.8410657100767299,0.0,0.853,-1.294
5.625125169754028,0.8456690794041349,0.0,0.853,-1.294
5.630114316940308,0.8504709571164966,0.0,0.8377,-0.7855
5.635189771652222,0.8555374727173748,0.0,0.8377,-0.7855
5.640151023864746,0.8606657509984142,0.0,0.8377,-0.7855
5.645165205001831,0.8660240149327192,0.0,0.8377,-0.7855
5.650157928466797,0.8715331094850002,0.0,0.8377,-0.7855
5.655187368392944,0.8772566477092609,0.0,0.83,-0.3998
5.660272836685181,0.8832199865911888,0.0,0.83,-0.3998
5.6652233600616455,0.8891936740028917,0.0,0.83,-0.3998
5.670246124267578,0.8954230152152243,0.0,0.83,-0.3998
5.675211191177368,0.9017460775697362,0.0,0.83,-0.3998
5.680233716964722,0.9083079243722751,0.0,0.83,-0.3998
5.685220718383789,0.9149865525070667,0.0,0.8295,-0.0231
5.690189361572266,0.9218006804739477,0.0,0.8295,-0.0231
5.695181369781494,0.9288060941568517,0.0,0.8295,-0.0231
5.700212001800537,0.9360254378023259,0.0,0.8295,-0.0231
5.7056872844696045,0.9440630126965021,0.0,0.8295,-0.0231
5.7102978229522705,0.9509750791220342,0.0,0.8295,-0.0231
5.715147495269775,0.9583859519953166,0.0,0.8368,0.3927
5.72026515007019,0.966360452502673,0.0,0.8368,0.3927
5.725452661514282,0.9746032463139442,0.0,0.8368,0.3927
5.730237722396851,0.9823470014393931,0.0,0.8368,0.3927
5.7352135181427,0.9905404345647648,0.0,0.8368,0.3927
5.740200042724609,0.9988937785793227,0.0,0.8368,0.3927
5.7452073097229,1.0074230928178776,0.0,0.8368,0.3927
5.750202417373657,1.0160705975756137,0.0,0.8368,0.3927
5.755425453186035,1.0252587499345989,0.0,0.8516,0.7846
5.760208368301392,1.0338015570604653,0.0,0.8516,0.7846
5.765268564224243,1.0429715639381705,0.0,0.8516,0.7846
5.7701311111450195,1.0519090972955671,0.0,0.8516,0.7846
5.775155305862427,1.061270910781503,0.0,0.8516,0.7846
5.780141830444336,1.0706880509154633,0.0,0.8516,0.7846
5.785139560699463,1.0802494954427821,0.0,0.8774,1.3867
5.790189027786255,1.0900327217810348,0.0,0.8774,1.3867
5.7952611446380615,1.0999816229171029,0.0,0.8774,1.3867
5.800140380859375,1.1096650305253781,0.0,0.8774,1.3867
5.805115222930908,1.1196497165250505,0.0,0.8774,1.3867
5.8101701736450195,1.1299080422464733,0.0,0.9095,1.6868
5.815173149108887,1.1401703779469765,0.0,0.9095,1.6868
5.820119857788086,1.1504218951716756,0.0,0.9095,1.6868
5.8250744342803955,1.160791480550681,0.0,0.9095,1.6868
5.830129861831665,1.1714745088750977,0.0,0.9095,1.6868
5.835138559341431,1.182158127384176,0.0,0.945,1.8497
5.840239524841309,1.1931374377199044,0.0,0.945,1.8497
5.845161199569702,1.2038228039593368,0.0,0.945,1.8497
5.850138902664185,1.2147190370167391,0.0,0.945,1.8497
5.855135202407837,1.225743538442381,0.0,0.945,1.8497
5.860175848007202,1.2369520280795476,0.0,0.945,1.8497
5.865139007568359,1.2480700274736494,0.0,0.9835,2.014
5.870130300521851,1.259330170638281,0.0,0.9835,2.014
5.875149488449097,1.2707304638316397,0.0,0.9835,2.014
5.88011908531189,1.282091632022951,0.0,0.9835,2.014
5.885061979293823,1.2934615625412276,0.0,0.9835,2.014
5.890105724334717,1.3051323918771047,0.0,1.0278,2.3371
5.895108699798584,1.316774785464605,0.0,1.0278,2.3371
5.900136947631836,1.3285392122347408,0.0,1.0278,2.3371
5.905085802078247,1.3401769264519972,0.0,1.0278,2.3371
5.9101173877716064,1.3520663245064581,0.0,1.0749,2.4613
5.915295600891113,1.3643592304894512,0.0,1.0749,2.4613
5.920166015625,1.3759713487110927,0.0,1.0749,2.4613
5.925145149230957,1.3878898045602597,0.0,1.0749,2.4613
5.9301598072052,1.3999385210292508,0.0,1.0749,2.4613
5.93514347076416,1.41195478516199,0.0,1.1212,2.4093
5.940167665481567,1.4241081794845465,0.0,1.1212,2.4093
5.945166826248169,1.4362372938838255,0.0,1.1212,2.4093
5.950138807296753,1.4483333885279976,0.0,1.1212,2.4093
5.955170154571533,1.4606043159034703,0.0,1.1212,2.4093
5.960175275802612,1.4728386013313053,0.0,1.1212,2.4093
5.9651923179626465,1.4851263290424739,0.0,1.1699,2.569
5.970249176025391,1.497533101728221,0.0,1.1699,2.569
5.9753196239471436,1.5099917783552763,0.0,1.1699,2.569
5.980204343795776,1.5220087271707983,0.0,1.1699,2.569
5.985162734985352,1.5342186511997389,0.0,1.1699,2.569
5.990183115005493,1.546590251255229,0.0,1.1699,2.569
5.9951560497283936,1.558850878768465,0.0,1.2205,2.7338
6.000134229660034,1.571127357292463,0.0,1.2205,2.7338
6.005177974700928,1.583565427137117,0.0,1.2205,2.7338
6.010178565979004,1.5958939220027533,0.0,1.2205,2.7338
6.015379428863525,1.6087095539138723,0.0,1.2205,2.7338
6.020211696624756,1.6206079191695042,0.0,1.2205,2.7338
6.025231122970581,1.6329549275531208,0.0,1.2728,3.1416
6.030322551727295,1.6454632454191542,0.0,1.2728,3.1416
6.035527229309082,1.6582300168042323,0.0,1.2728,3.1416
6.040224313735962,1.6697317199608144,0.0,1.2728,3.1416
6.045145750045776,1.6817596378562745,0.0,1.2728,3.1416
6.050230979919434,1.6941599675480612,0.0,1.2728,3.1416
6.05534815788269,1.7066064139817991,0.0,1.3252,3.1416
6.060165643692017,1.718291905342067,0.0,1.3252,3.1416
6.065241098403931,1.7305665390129161,0.0,1.3252,3.1416
6.0702223777771,1.7425739388079493,0.0,1.3252,3.1416
6.075125455856323,1.7543517676170493,0.0,1.3252,3.1416
6.08020806312561,1.7665148409557248,0.0,1.3252,3.1416
6.085175037384033,1.778353008718517,0.0,1.3252,3.1416
6.090203762054443,1.790286855234526,0.0,1.3776,3.1416
6.0953381061553955,1.8024148116201286,0.0,1.3776,3.1416
6.10014009475708,1.8137032288768906,0.0,1.3776,3.1416
6.105161428451538,1.8254481103927378,0.0,1.3776,3.1416
6.110170841217041,1.837101967855781,0.0,1.3776,3.1416
6.115396976470947,1.8491896662252354,0.0,1.4299,3.1416
6.120156526565552,1.8601329761827292,0.0,1.4299,3.1416
6.125341892242432,1.871981623848228,0.0,1.4299,3.1416
6.130152702331543,1.8829029994164292,0.0,1.4299,3.1416
6.135187149047852,1.8942556893844429,0.0,1.4299,3.1416
6.140230894088745,1.9055482088733187,0.0,1.4299,3.1416
6.145404100418091,1.9170432460358695,0.0,1.4299,3.1416
6.150204420089722,1.9276279792686044,0.0,1.4823,3.1416
6.155190706253052,1.9385368090920725,0.0,1.4823,3.1416
6.160336494445801,1.9496999489861908,0.0,1.4823,3.1416
6.165220022201538,1.9602026148012768,0.0,1.4823,3.1416
6.170201778411865,1.9708220767428921,0.0,1.4823,3.1416
6.175158977508545,1.9812919370931144,0.0,1.4823,3.1416
6.1801440715789795,1.9917203092927815,0.0,1.4823,3.1416
6.185204982757568,2.0022016654256922,0.0,1.5347,3.1416
6.19014835357666,2.012334328000541,0.0,1.5347,3.1416
6.19517707824707,2.0225326670425705,0.0,1.5347,3.1416
6.200187921524048,2.0325826024410856,0.0,1.5347,3.1416
6.20514702796936,2.0424161134935575,0.0,1.5347,3.1416
6.210120439529419,2.0521630228673544,0.0,1.5347,3.1416
6.215140342712402,2.0618818761169697,0.0,1.587,3.1416
6.220140695571899,2.0714414597837587,0.0,1.587,3.1416
6.22512412071228,2.0808457664812883,0.0,1.587,3.1416
6.230122089385986,2.090151954400476,0.0,1.587,3.1416
6.235132455825806,2.0993527090617774,0.0,1.587,3.1416
6.240153074264526,2.108440931471544,0.0,1.6394,3.1416
6.245260953903198,2.1175498397666814,0.0,1.6394,3.1416
6.250228643417358,2.1262737223980785,0.0,1.6394,3.1416
6.2551727294921875,2.134821830285429,0.0,1.6394,3.1416
6.260175466537476,2.1433328342698053,0.0,1.6394,3.1416
6.2652130126953125,2.151760154134105,0.0,1.6394,3.1416
6.270160675048828,2.1598954854653933,0.0,1.6917,3.1416
6.275161504745483,2.167973604833603,0.0,1.6917,3.1416
6.280368328094482,2.176227822927235,0.0,1.6917,3.1416
6.285143136978149,2.183654843571725,0.0,1.6917,3.1416
6.290133953094482,2.1912704294788066,0.0,1.6917,3.1416
6.2952234745025635,2.198879533584845,0.0,1.6917,3.1416
6.300161600112915,2.206108835674756,0.0,1.6917,3.1416
6.305189847946167,2.213312954480645,0.0,1.7441,3.1416
6.310246467590332,2.220396031888042,0.0,1.7441,3.1416
6.315306901931763,2.2273203372959554,0.0,1.7441,3.1416
6.320186138153076,2.233839603399446,0.0,1.7441,3.1416
6.325275421142578,2.2404735018711905,0.0,1.7441,3.1416
6.330269813537598,2.2468172917371145,0.0,1.7441,3.1416
6.335152864456177,2.2528587683271937,0.0,1.7965,3.1416
6.340444087982178,2.2592240116735356,0.0,1.7965,3.1416
6.345208644866943,2.2647929704538172,0.0,1.7965,3.1416
6.350192308425903,2.2704516308223006,0.0,1.7965,3.1416
6.355284214019775,2.2760560524476867,0.0,1.7965,3.1416
6.360386371612549,2.2814907436100365,0.0,1.7965,3.1416
6.365406274795532,2.2866596265897288,0.0,1.7965,3.1416
6.370221376419067,2.2914503556080277,0.0,1.8488,3.1416
6.375367641448975,2.296388239403779,0.0,1.8488,3.1416
6.380310773849487,2.3009526564899914,0.0,1.8488,3.1416
6.385191202163696,2.305286433654225,0.0,1.8488,3.1416
6.3901588916778564,2.3095203731072607,0.0,1.8488,3.1416
6.395201921463013,2.3136344847584587,0.0,1.8488,3.1416
6.400172710418701,2.3175072017426688,0.0,1.8488,3.1416
6.4051361083984375,2.321192473497362,0.0,1.9012,3.1416
6.4103076457977295,2.3248381886980525,0.0,1.9012,3.1416
6.415140628814697,2.3280653406693554,0.0,1.9012,3.1416
6.420211553573608,2.331263687553525,0.0,1.9012,3.1416
6.42514967918396,2.334192801916705,0.0,1.9012,3.1416
6.430128812789917,2.33696022011823,0.0,1.9536,3.1416
6.435198783874512,2.3395854958308755,0.0,1.9536,3.1416
6.440121650695801,2.341947978363285,0.0,1.9536,3.1416
6.445068120956421,2.344136013606783,0.0,1.9536,3.1416
6.45012092590332,2.346178270323384,0.0,1.9536,3.1416
6.455138683319092,2.3480130145185507,0.0,2.0059,3.1416
6.460184812545776,2.3496633598714975,0.0,2.0059,3.1416
6.465175628662109,2.351103086913092,0.0,2.0059,3.1416
6.470163583755493,2.352350331179622,0.0,2.0059,3.1416
6.475248098373413,2.353424201091066,0.0,2.0059,3.1416
6.480298280715942,2.354293153649059,0.0,2.0583,3.1416
6.48527455329895,2.3549564822453624,0.0,2.0583,3.1416
6.490274667739868,2.3554299613393437,0.0,2.0583,3.1416
6.495195388793945,2.3557069041191934,0.0,2.0583,3.1416
6.50017786026001,2.3557962042494323,0.0,2.0583,3.1416
6.505210876464844,2.3556911424122537,0.0,2.0583,3.1416
6.510171413421631,2.355395584606621,0.0,2.0583,3.1416
6.5151567459106445,2.3549065741486883,0.0,2.1106,3.1416
6.520286798477173,2.3542025796219366,0.0,2.1106,3.1416
6.525171756744385,2.353343086308385,0.0,2.1106,3.1416
6.530131816864014,2.3522818092492757,0.0,2.1106,3.1416
6.535222768783569,2.3509951997740766,0.0,2.1106,3.1416
6.540171384811401,2.349553281010497,0.0,2.1106,3.1416
6.5451860427856445,2.347900118545356,0.0,2.163,3.1416
6.550204753875732,2.346052521579985,0.0,2.163,3.1416
6.5551886558532715,2.344027021364864,0.0,2.163,3.1416
6.560135841369629,2.341828974682342,0.0,2.163,3.1416
6.565183639526367,2.3393942663638327,0.0,2.163,3.1416
6.570157051086426,2.336806402271364,0.0,2.2148,2.9166
6.575191497802734,2.3339963287240586,0.0,2.2148,2.9166
6.580564737319946,2.330786554668271,0.0,2.2148,2.9166
6.585166692733765,2.3278653210707025,0.0,2.2148,2.9166
6.59014892578125,2.324524321551295,0.0,2.2148,2.9166
6.595173597335815,2.3209678481427396,0.0,2.2148,2.9166
6.600151062011719,2.3172604863276973,0.0,2.255,2.0642
6.605162620544434,2.3133433305490247,0.0,2.255,2.0642
6.6102025508880615,2.309218374223086,0.0,2.255,2.0642
6.615215539932251,2.3049318317453134,0.0,2.255,2.0642
6.6202898025512695,2.300407468378648,0.0,2.255,2.0642
6.625226020812988,2.295828268767163,0.0,2.255,2.0642
6.630184173583984,2.291053202910756,0.0,2.2813,1.3465
6.635176420211792,2.2860687479245225,0.0,2.2813,1.3465
6.640459775924683,2.280602041049652,0.0,2.2813,1.3465
6.64514422416687,2.2755914245236024,0.0,2.2813,1.3465
6.65012001991272,2.2701020232187687,0.0,2.2813,1.3465
6.655118465423584,2.264415591023445,0.0,2.2813,1.3465
6.660078763961792,2.2586034719242933,0.0,2.2813,1.3465
6.665229320526123,2.25239168756398,0.0,2.2957,0.7302
6.670147657394409,2.246293380253554,0.0,2.2957,0.7302
6.675138235092163,2.239940668497685,0.0,2.2957,0.7302
6.680179119110107,2.2333569501343042,0.0,2.2957,0.7302
6.68515157699585,2.2266997999651603,0.0,2.2957,0.7302
6.690173149108887,2.219814465368265,0.0,2.2986,0.1317
6.695341348648071,2.212559436551628,0.0,2.2986,0.1317
6.7002012729644775,2.2055827818440266,0.0,2.2986,0.1317
6.7051682472229,2.198299567910172,0.0,2.2986,0.1317
6.710279941558838,2.1906446341790984,0.0,2.2986,0.1317
6.7152628898620605,2.1830286266572303,0.0,2.2986,0.1317
6.720319747924805,2.175146278888586,0.0,2.2986,0.1317
6.725222587585449,2.167358359484342,0.0,2.2936,-0.2694
6.730177640914917,2.1593437111984572,0.0,2.2936,-0.2694
6.735238075256348,2.1510114285921733,0.0,2.2936,-0.2694
6.740204334259033,2.1426916251600865,0.0,2.2936,-0.2694
6.745208024978638,2.13416833240562,0.0,2.2936,-0.2694
6.7501678466796875,2.125582376533507,0.0,2.2936,-0.2694
6.755143165588379,2.116834269566054,0.0,2.2936,-0.2694
6.760121583938599,2.107947188695845,0.0,2.2786,-0.803
6.7651588916778564,2.09882125909296,0.0,2.2786,-0.803
6.770196437835693,2.0895626545247734,0.0,2.2786,-0.803
6.775177955627441,2.0802792492777837,0.0,2.2786,-0.803
6.780166864395142,2.070857014049117,0.0,2.2786,-0.803
6.785301446914673,2.061031409604312,0.0,2.2786,-0.803
6.790161848068237,2.0516129179556435,0.0,2.2786,-0.803
6.795160293579102,2.0418100221458935,0.0,2.2539,-1.3143
6.800168752670288,2.031870996870612,0.0,2.2539,-1.3143
6.805302143096924,2.02156561827505,0.0,2.2539,-1.3143
6.810206890106201,2.01160969046381,0.0,2.2539,-1.3143
6.815155029296875,2.0014596373220606,0.0,2.2539,-1.3143
6.820163249969482,1.9910803800133516,0.0,2.2539,-1.3143
6.825163125991821,1.9806146349088642,0.0,2.2539,-1.3143
6.830134868621826,1.9701075140925584,0.0,2.2202,-1.7867
6.835306644439697,1.9590743148394276,0.0,2.2202,-1.7867
6.840119361877441,1.9487149809605506,0.0,2.2202,-1.7867
6.845233678817749,1.9376118293463223,0.0,2.2202,-1.7867
6.850237607955933,1.9266566605932425,0.0,2.2202,-1.7867
6.8551857471466064,1.915737147552091,0.0,2.178,-2.2265
6.8602516651153564,1.9044713908015187,0.0,2.178,-2.2265
6.865288972854614,1.8931854532946426,0.0,2.178,-2.2265
6.870238780975342,1.8820168953310874,0.0,2.178,-2.2265
6.875321626663208,1.8704698655133032,0.0,2.178,-2.2265
6.880325078964233,1.8590285542582683,0.0,2.178,-2.2265
6.885199069976807,1.84781478133775,0.0,2.1334,-2.3244
6.890185594558716,1.8362749040604354,0.0,2.1334,-2.3244
6.895157814025879,1.824703258953911,0.0,2.1334,-2.3244
6.9003236293792725,1.812615486172035,0.0,2.1334,-2.3244
6.905277252197266,1.8009643753862326,0.0,2.1334,-2.3244
6.910304307937622,1.7890835743337337,0.0,2.1334,-2.3244
6.915179014205933,1.7775108094035725,0.0,2.0869,-2.4264
6.920135736465454,1.7656936406408894,0.0,2.0869,-2.4264
6.925164699554443,1.753655961679811,0.0,2.0869,-2.4264
6.930141448974609,1.7416983210355557,0.0,2.0869,-2.4264
6.935121059417725,1.7296919944775344,0.0,2.0869,-2.4264
6.940110206604004,1.7176236779697043,0.0,2.0869,-2.4264
6.945137023925781,1.705427768313204,0.0,2.0353,-2.9339
6.950436353683472,1.6925344018070767,0.0,2.0353,-2.9339
6.955153703689575,1.6810285061918628,0.0,2.0353,-2.9339
6.960151195526123,1.6688129733740849,0.0,2.0353,-2.9339
6.965210199356079,1.656422489604893,0.0,2.0353,-2.9339
6.97014594078064,1.6443130304093738,0.0,2.0353,-2.9339
6.9752280712127686,1.631825977174924,0.0,1.9829,-3.1416
6.980111837387085,1.6198116180341968,0.0,1.9829,-3.1416
6.985193967819214,1.6072970610158768,0.0,1.9829,-3.1416
6.990178108215332,1.5950147439566225,0.0,1.9829,-3.1416
6.995250940322876,1.5825077869282,0.0,1.9829,-3.1416
7.000140905380249,1.5704488329699036,0.0,1.9306,-3.1416
7.005228519439697,1.5579025921869702,0.0,1.9306,-3.1416
7.010300636291504,1.5453978436092286,0.0,1.9306,-3.1416
7.0152060985565186,1.533310065014577,0.0,1.9306,-3.1416
7.020294189453125,1.5207817063696947,0.0,1.9306,-3.1416
7.0252461433410645,1.5086007999253546,0.0,1.9306,-3.1416
7.030156373977661,1.4965373795399497,0.0,1.8782,-3.1416
7.035184383392334,1.4842029359767415,0.0,1.8782,-3.1416
7.04018235206604,1.4719635931044162,0.0,1.8782,-3.1416
7.045140981674194,1.4598446571897468,0.0,1.8782,-3.1416
7.050127744674683,1.4476841227116721,0.0,1.8782,-3.1416
7.055132150650024,1.435510944280288,0.0,1.8782,-3.1416
7.060155153274536,1.4233261585016348,0.0,1.8258,-3.1416
7.065202474594116,1.411119374141854,0.0,1.8258,-3.1416
7.0701141357421875,1.399279196276507,0.0,1.8258,-3.1416
7.075141906738281,1.3872014405692892,0.0,1.8258,-3.1416
7.080133676528931,1.375255473268189,0.0,1.7735,-3.1416
7.085204839706421,1.3631687643756993,0.0,1.7735,-3.1416
7.090170860290527,1.3513837039154657,0.0,1.7735,-3.1416
7.095212697982788,1.339473366437554,0.0,1.7735,-3.1416
7.100141525268555,1.3278860700048516,0.0,1.7735,-3.1416
7.105172395706177,1.3161189591207525,0.0,1.7735,-3.1416
7.110306024551392,1.3041770973153382,0.0,1.7735,-3.1416
7.11520528793335,1.2928450440904593,0.0,1.7211,-3.1416
7.120167255401611,1.2814350814809599,0.0,1.7211,-3.1416
7.126187801361084,1.2676856130326117,0.0,1.7211,-3.1416
7.130153656005859,1.2586874961522025,0.0,1.7211,-3.1416
7.13521146774292,1.24728231957434,0.0,1.7211,-3.1416
7.140199184417725,1.236115180417216,0.0,1.7211,-3.1416
7.145199298858643,1.2250027647938309,0.0,1.7211,-3.1416
7.150171518325806,1.2140369494420233,0.0,1.6688,-3.1416
7.15514874458313,1.2031472740748952,0.0,1.6688,-3.1416
7.160215616226196,1.1921538103498919,0.0,1.6688,-3.1416
7.165146589279175,1.1815472933215376,0.0,1.6688,-3.1416
7.1701366901397705,1.1709086975064076,0.0,1.6688,-3.1416
7.1751182079315186,1.1603864213841029,0.0,1.6688,-3.1416
7.180128574371338,1.14990460442176,0.0,1.6164,-3.1358
7.185112476348877,1.1395816023443095,0.0,1.6164,-3.1358
7.190085411071777,1.1293866776814032,0.0,1.6164,-3.1358
7.1951539516448975,1.1191066315736808,0.0,1.6164,-3.1358
7.200189113616943,1.1090076737595163,0.0,1.6164,-3.1358
7.205129146575928,1.0992117932626957,0.0,1.5641,-3.133
7.210117340087891,1.089435668670943,0.0,1.5641,-3.133
7.21514105796814,1.0797094013373307,0.0,1.5641,-3.133
7.220104217529297,1.0702204873686763,0.0,1.5641,-3.133
7.225213050842285,1.0605801940887,0.0,1.5641,-3.133
7.230164527893066,1.0513622239329876,0.0,1.5641,-3.133
7.235257387161255,1.0420121916211085,0.0,1.5117,-3.1327
7.240254640579224,1.0329692415169895,0.0,1.5117,-3.1327
7.245201110839844,1.024148721755603,0.0,1.5117,-3.1327
7.250175952911377,1.015410756144532,0.0,1.5117,-3.1327
7.255170822143555,1.0067740949213613,0.0,1.5117,-3.1327
7.260191917419434,0.9982320640784342,0.0,1.5117,-3.1327
7.265180349349976,0.9898866756181156,0.0,1.4594,-3.1307
7.270185470581055,0.9816567541755121,0.0,1.4594,-3.1307
7.275163888931274,0.9736152324430597,0.0,1.4594,-3.1307
7.280153036117554,0.9657029309057459,0.0,1.4594,-3.1307
7.285164833068848,0.9579043761020716,0.0,1.4594,-3.1307
7.290189743041992,0.9502379517289067,0.0,1.4071,-3.1302
7.295135736465454,0.9428429383858079,0.0,1.4071,-3.1302
7.300060749053955,0.9356299379689946,0.0,1.4071,-3.1302
7.305065631866455,0.9284557430444137,0.0,1.4071,-3.1302
7.310123443603516,0.9213670095088607,0.0,1.3547,-3.13
7.315178871154785,0.9144454650561075,0.0,1.3547,-3.13
7.320209980010986,0.9077215757548696,0.0,1.3547,-3.13
7.325210809707642,0.9012023036355387,0.0,1.3547,-3.13
7.330138683319092,0.8949398004925435,0.0,1.3547,-3.13
7.335124969482422,0.8887679433659268,0.0,1.3024,-3.1321
7.340353727340698,0.8824757525013313,0.0,1.3024,-3.1321
7.345199346542358,0.8768104002752207,0.0,1.3024,-3.1321
7.350194454193115,0.8711386232126229,0.0,1.3024,-3.1321
7.355260133743286,0.8655626815748664,0.0,1.3024,-3.1321
7.360290288925171,0.8602025722864949,0.0,1.3024,-3.1321
7.365244150161743,0.855097187804634,0.0,1.2501,-3.1345
7.37032413482666,0.8500418530164178,0.0,1.2501,-3.1345
7.375246286392212,0.8453186769109305,0.0,1.2501,-3.1345
7.380295038223267,0.8406542483534784,0.0,1.2501,-3.1345
7.385272741317749,0.8362352775591458,0.0,1.2501,-3.1345
7.39018177986145,0.832053188606294,0.0,1.2501,-3.1345
7.395216226577759,0.8279467634156108,0.0,1.2501,-3.1345
7.4003026485443115,0.823986655889762,0.0,1.1977,-3.1368
7.405486583709717,0.8201468419322352,0.0,1.1977,-3.1368
7.410362720489502,0.8167167089967046,0.0,1.1977,-3.1368
7.415446519851685,0.813328925334182,0.0,1.1977,-3.1368
7.420670032501221,0.8100492947295516,0.0,1.1977,-3.1368
7.4254748821258545,0.8072133938189711,0.0,1.1977,-3.1368
7.430356502532959,0.8045103600996913,0.0,1.1977,-3.1368
7.435279130935669,0.8019671215491969,0.0,1.1453,-3.14
7.440321207046509,0.7995527944559201,0.0,1.1453,-3.14
7.445313453674316,0.7973529754370756,0.0,1.1453,-3.14
7.450350999832153,0.7953260382987923,0.0,1.1453,-3.14
7.455363035202026,0.7935021121885468,0.0,1.1453,-3.14
7.460286378860474,0.7918980844637815,0.0,1.1453,-3.14
7.465414762496948,0.7904253956101644,0.0,1.1453,-3.14
7.470329284667969,0.7892041806521944,0.0,1.1453,-3.14
7.47524619102478,0.7881688179142502,0.0,1.093,-3.1416
7.48021936416626,0.7873115622956567,0.0,1.093,-3.1416
7.485241413116455,0.7866399551249132,0.0,1.093,-3.1416
7.490236759185791,0.7861655537180569,0.0,1.093,-3.1416
7.495236158370972,0.7858842383435457,0.0,1.093,-3.1416
7.500336647033691,0.7857967658195919,0.0,1.093,-3.1416
7.505221366882324,0.7859019351039268,0.0,1.093,-3.1416
7.510165691375732,0.7861966182640328,0.0,1.0406,-3.1416
7.515172004699707,0.7866878714893784,0.0,1.0406,-3.1416
7.520252227783203,0.7873846486239936,0.0,1.0406,-3.1416
7.525341272354126,0.7882827030244425,0.0,1.0406,-3.1416
7.530183792114258,0.7893229702909468,0.0,1.0406,-3.1416
7.535296440124512,0.7906175381247744,0.0,1.0406,-3.1416
7.540149688720703,0.7920326397504266,0.0,0.9883,-3.1416
7.545199394226074,0.7936971941865859,0.0,0.9883,-3.1416
7.55014705657959,0.7955177952571967,0.0,0.9883,-3.1416
7.555114030838013,0.7975339048000545,0.0,0.9883,-3.1416
7.560069799423218,0.7997331085558684,0.0,0.9883,-3.1416
7.565116882324219,0.8021649255883816,0.0,0.936,-3.0673
7.570192098617554,0.8048051522379583,0.0,0.936,-3.0673
7.575163125991821,0.8075799529962056,0.0,0.936,-3.0673
7.580147981643677,0.8105493855938034,0.0,0.936,-3.0673
7.5852015018463135,0.8137500324548237,0.0,0.936,-3.0673
7.59028959274292,0.8171653451331274,0.0,0.893,-2.2068
7.595211744308472,0.8206525220546274,0.0,0.893,-2.2068
7.600165605545044,0.8243432675980789,0.0,0.893,-2.2068
7.605165481567383,0.8282516119489425,0.0,0.893,-2.2068
7.6101813316345215,0.8323565235701296,0.0,0.893,-2.2068
7.615210294723511,0.8366562413873322,0.0,0.8639,-1.4897
7.620211124420166,0.8411136153030141,0.0,0.8639,-1.4897
7.625169277191162,0.8457107524875456,0.0,0.8639,-1.4897
7.630180597305298,0.8505359433401264,0.0,0.8639,-1.4897
7.635143995285034,0.8554909623493689,0.0,0.8639,-1.4897
7.6401307582855225,0.8606444514028448,0.0,0.8639,-1.4897
7.645156383514404,0.8660144341385062,0.0,0.8461,-0.9088
7.650162220001221,0.871537919066247,0.0,0.8461,-0.9088
7.6551690101623535,0.8772354401873104,0.0,0.8461,-0.9088
7.660161972045898,0.8830881072626711,0.0,0.8461,-0.9088
7.6651506423950195,0.8891047305679948,0.0,0.8461,-0.9088
7.670151233673096,0.8953037664621949,0.0,0.8461,-0.9088
7.675174951553345,0.9016993344292522,0.0,0.8386,-0.3701
7.680150270462036,0.9081975509292586,0.0,0.8386,-0.3701
7.685236215591431,0.915007558225793,0.0,0.8386,-0.3701
7.6902313232421875,0.9218589035333367,0.0,0.8386,-0.3701
7.695443153381348,0.9291778341868615,0.0,0.8386,-0.3701
7.7002928256988525,0.9361427252730012,0.0,0.8386,-0.3701
7.705272912979126,0.9434482100388781,0.0,0.8405,0.1123
7.71042537689209,0.951168161799252,0.0,0.8405,0.1123
7.715208530426025,0.9584801303664476,0.0,0.8405,0.1123
7.720135927200317,0.9661571616494756,0.0,0.8405,0.1123
7.7251482009887695,0.9741150725941321,0.0,0.8405,0.1123
7.730156183242798,0.9822139263841573,0.0,0.8405,0.1123
7.735144376754761,0.990425606266458,0.0,0.8508,0.5533
7.74018406867981,0.9988667939387439,0.0,0.8508,0.5533
7.745163202285767,1.00734734905956,0.0,0.8508,0.5533
7.750150203704834,1.0159794953132402,0.0,0.8508,0.5533
7.755186557769775,1.024835270455489,0.0,0.8508,0.5533
7.760179758071899,1.0337500936933697,0.0,0.8508,0.5533
7.765346050262451,1.0431130257753618,0.0,0.8689,0.9615
7.7703306674957275,1.0522784898816924,0.0,0.8689,0.9615
7.775317430496216,1.061575131843525,0.0,0.8689,0.9615
7.780210256576538,1.0708181338178715,0.0,0.8689,0.9615
7.7850892543792725,1.0801526450756358,0.0,0.8689,0.9615
7.7901527881622314,1.0899620743642031,0.0,0.8689,0.9615
7.795295000076294,1.1000484344340475,0.0,0.8942,1.3384
7.800285339355469,1.1099543859975962,0.0,0.8942,1.3384
7.805248975753784,1.119919695395814,0.0,0.8942,1.3384
7.8102052211761475,1.129979557504213,0.0,0.8942,1.3384
7.81534481048584,1.140524399910962,0.0,0.8942,1.3384
7.8202314376831055,1.1506543125632027,0.0,0.8942,1.3384
7.825197696685791,1.1610507370546634,0.0,0.8942,1.3384
7.830170154571533,1.1715600628737837,0.0,0.9262,1.6884
7.835253000259399,1.1824033659082949,0.0,0.9262,1.6884
7.840204238891602,1.1930611519115781,0.0,0.9262,1.6884
7.84516716003418,1.2038357983305958,0.0,0.9262,1.6884
7.850183963775635,1.214818077891663,0.0,0.9262,1.6884
7.855327129364014,1.226168744595896,0.0,0.9262,1.6884
7.860211133956909,1.2370307890475305,0.0,0.9262,1.6884
7.865292310714722,1.2484147057510084,0.0,0.967,2.1601
7.870182514190674,1.259448372034035,0.0,0.967,2.1601
7.87522029876709,1.270891838671654,0.0,0.967,2.1601
7.880165338516235,1.2821977079131328,0.0,0.967,2.1601
7.885155200958252,1.2936766475512391,0.0,0.967,2.1601
7.890324592590332,1.305640367023769,0.0,0.967,2.1601
7.895205020904541,1.316999558662913,0.0,0.967,2.1601
7.90020489692688,1.3286986115723642,0.0,1.0158,2.5942
7.9052040576934814,1.3404557092253904,0.0,1.0158,2.5942
7.910166025161743,1.3521815238459762,0.0,1.0158,2.5942
7.915154933929443,1.3640245551728216,0.0,1.0158,2.5942
7.9201438426971436,1.3759183782557012,0.0,1.0158,2.5942
7.925122261047363,1.387834912930019,0.0,1.0158,2.5942
7.930201053619385,1.4000378037015984,0.0,1.0679,3.0261
7.935165882110596,1.4120089119991261,0.0,1.0679,3.0261
7.9401562213897705,1.4240804538521958,0.0,1.0679,3.0261
7.9451258182525635,1.4361376599455324,0.0,1.0679,3.0261
7.950117349624634,1.4482811188647093,0.0,1.0679,3.0261
7.955128192901611,1.4605018576890847,0.0,1.1202,3.0843
7.960171461105347,1.4728292672558123,0.0,1.1202,3.0843
7.965212821960449,1.4851765931325134,0.0,1.1202,3.0843
7.97032618522644,1.4977221912074803,0.0,1.1202,3.0843
7.97514796257019,1.5095697163579225,0.0,1.1202,3.0843
7.980146646499634,1.521866712843572,0.0,1.1202,3.0843
7.985139608383179,1.5341616795694029,0.0,1.1202,3.0843
7.990135908126831,1.546473887628501,0.0,1.1725,3.1416
7.995272874832153,1.559138954464135,0.0,1.1725,3.1416
8.000130414962769,1.5711179496767254,0.0,1.1725,3.1416
8.005135536193848,1.5834607811369374,0.0,1.1725,3.1416
8.010146856307983,1.5958157610434152,0.0,1.1725,3.1416
8.015155792236328,1.608158666699637,0.0,1.1725,3.1416
8.020184516906738,1.6205410248009415,0.0,1.2249,3.1416
8.025194644927979,1.6328652492781337,0.0,1.2249,3.1416
8.030246257781982,1.6452759440107116,0.0,1.2249,3.1416
8.03520131111145,1.6574312090207328,0.0,1.2249,3.1416
8.040213584899902,1.6697054719630102,0.0,1.2249,3.1416
8.045316934585571,1.6821775496212943,0.0,1.2249,3.1416
8.050193309783936,1.694068220796552,0.0,1.2249,3.1416
8.05518627166748,1.7062131809083492,0.0,1.2249,3.1416
8.060190677642822,1.7183525428006414,0.0,1.2773,3.1416
8.065218687057495,1.730512425724561,0.0,1.2773,3.1416
8.070451736450195,1.7431258185026575,0.0,1.2773,3.1416
8.07524585723877,1.7546404508928466,0.0,1.2773,3.1416
8.080186128616333,1.7664624549564287,0.0,1.2773,3.1416
8.085179567337036,1.77836378267112,0.0,1.2773,3.1416
8.090188026428223,1.7902495963460887,0.0,1.2773,3.1416
8.095181465148926,1.802045681365506,0.0,1.2773,3.1416
8.100356340408325,1.8142102931886295,0.0,1.3296,3.1416
8.105215072631836,1.8255732470188772,0.0,1.3296,3.1416
8.11044454574585,1.8377368377327739,0.0,1.3296,3.1416
8.115291118621826,1.8489455578187872,0.0,1.3296,3.1416
8.120176553726196,1.8601788883122143,0.0,1.3296,3.1416
8.125138998031616,1.8715194892407663,0.0,1.3296,3.1416
8.13015365600586,1.8829051574375903,0.0,1.3296,3.1416
8.135176658630371,1.8942321166077793,0.0,1.3296,3.1416
8.140230894088745,1.9055482088733184,0.0,1.382,3.1416
8.145202159881592,1.916596223061548,0.0,1.382,3.1416
8.15026330947876,1.927757331741183,0.0,1.382,3.1416
8.155269145965576,1.9387077029230726,0.0,1.382,3.1416
8.160298347473145,1.9496175546499253,0.0,1.382,3.1416
8.165951490402222,1.9617679005815876,0.0,1.4344,3.1416
8.17039966583252,1.9712419012699565,0.0,1.4344,3.1416
8.175287246704102,1.9815615377806362,0.0,1.4344,3.1416
8.1801917552948,1.9918195649568446,0.0,1.4344,3.1416
8.18519926071167,2.002189875914857,0.0,1.4344,3.1416
8.190343618392944,2.0127324013154655,0.0,1.4344,3.1416
8.195243835449219,2.0226672991026495,0.0,1.4344,3.1416
8.200244903564453,2.0326962343994532,0.0,1.4344,3.1416
8.205202102661133,2.0425246838943973,0.0,1.4867,3.1416
8.210191488265991,2.052301418710029,0.0,1.4867,3.1416
8.215386390686035,2.062355120393905,0.0,1.4867,3.1416
8.220180749893188,2.071517539259443,0.0,1.4867,3.1416
8.225130081176758,2.080856940180591,0.0,1.4867,3.1416
8.23012924194336,2.0901651812141524,0.0,1.4867,3.1416
8.235107183456421,2.0993066270065226,0.0,1.4867,3.1416
8.240136623382568,2.1084113696028566,0.0,1.5391,3.1416
8.245200872421265,2.11744350985159,0.0,1.5391,3.1416
8.250130414962769,2.1261025251585073,0.0,1.5391,3.1416
8.255114555358887,2.134722036856897,0.0,1.5391,3.1416
8.260075807571411,2.1431646611303723,0.0,1.5391,3.1416
8.265163898468018,2.151678689851014,0.0,1.5914,3.1416
8.270254373550415,2.1600481847901944,0.0,1.5914,3.1416
8.275179386138916,2.1680022263654233,0.0,1.5914,3.1416
8.280138492584229,2.175866873149883,0.0,1.5914,3.1416
8.285190105438232,2.1837272188986665,0.0,1.5914,3.1416
8.290146827697754,2.1912898786434525,0.0,1.6438,3.1416
8.295304775238037,2.1989997846518645,0.0,1.6438,3.1416
8.30016827583313,2.206118505673889,0.0,1.6438,3.1416
8.305207252502441,2.2133376130907063,0.0,1.6438,3.1416
8.310232877731323,2.2203772147460734,0.0,1.6438,3.1416
8.315253496170044,2.227248124279423,0.0,1.6438,3.1416
8.320277690887451,2.2339604449466988,0.0,1.6961,3.1416
8.32531476020813,2.2405241159082507,0.0,1.6961,3.1416
8.330631732940674,2.247270547003028,0.0,1.6961,3.1416
8.33519983291626,2.252916102187357,0.0,1.6961,3.1416
8.340142488479614,2.2588662889783544,0.0,1.6961,3.1416
8.345124959945679,2.2646964948826125,0.0,1.6961,3.1416
8.350105285644531,2.2703542887510952,0.0,1.6961,3.1416
8.355148553848267,2.2759090713920003,0.0,1.7485,3.1416
8.360414743423462,2.2815204553322155,0.0,1.7485,3.1416
8.36517333984375,2.2864237078823613,0.0,1.7485,3.1416
8.37016749382019,2.2913976560737277,0.0,1.7485,3.1416
8.375200510025024,2.296230848220732,0.0,1.7485,3.1416
8.38019323348999,2.3008461608297566,0.0,1.7485,3.1416
8.385177850723267,2.305274812766492,0.0,1.8008,3.1416
8.39015245437622,2.3095150028288867,0.0,1.8008,3.1416
8.39522671699524,2.313654253192179,0.0,1.8008,3.1416
8.400248050689697,2.3175645004287055,0.0,1.8008,3.1416
8.405184984207153,2.3212278575621466,0.0,1.8008,3.1416
8.410250186920166,2.3247987742882157,0.0,1.8008,3.1416
8.415189504623413,2.328097086335311,0.0,1.8008,3.1416
8.420164346694946,2.3312348018488525,0.0,1.8532,3.1416
8.425168752670288,2.3342037598597023,0.0,1.8532,3.1416
8.430217981338501,2.337008073566536,0.0,1.8532,3.1416
8.435207843780518,2.339590012749934,0.0,1.8532,3.1416
8.440211296081543,2.3419892908546056,0.0,1.8532,3.1416
8.445176362991333,2.344181807561621,0.0,1.8532,3.1416
8.450201272964478,2.3462091684340236,0.0,1.8532,3.1416
8.455204725265503,2.348035876029544,0.0,1.9055,3.1416
8.460346221923828,2.349712920550311,0.0,1.9055,3.1416
8.465179204940796,2.3511040498439897,0.0,1.9055,3.1416
8.470179796218872,2.3523540723825285,0.0,1.9055,3.1416
8.475311279296875,2.3534362895978713,0.0,1.9055,3.1416
8.480282306671143,2.3542907159117825,0.0,1.9055,3.1416
8.485235691070557,2.354952044289762,0.0,1.9579,3.1416
8.490237951278687,2.3554271900244697,0.0,1.9579,3.1416
8.495228052139282,2.355708115813818,0.0,1.9579,3.1416
8.500176191329956,2.3557962065384235,0.0,1.9579,3.1416
8.505178213119507,2.355692456905271,0.0,1.9579,3.1416
8.510215759277344,2.3553920829366346,0.0,1.9579,3.1416
8.5152006149292,2.354901417153385,0.0,2.0103,3.1416
8.520384073257446,2.3541872642452013,0.0,2.0103,3.1416
8.525222063064575,2.3533332759338403,0.0,2.0103,3.1416
8.530269622802734,2.352249613180093,0.0,2.0103,3.1416
8.535243272781372,2.350989614163521,0.0,2.0103,3.1416
8.540339708328247,2.3495009231809707,0.0,2.0103,3.1416
8.545156002044678,2.34791059661632,0.0,2.0626,3.1416
8.550211191177368,2.346050027883475,0.0,2.0626,3.1416
8.555156707763672,2.34404060955453,0.0,2.0626,3.1416
8.560140371322632,2.3418268765826284,0.0,2.0626,3.1416
8.565165042877197,2.339403591217075,0.0,2.0626,3.1416
8.570173025131226,2.3367977887182567,0.0,2.0626,3.1416
8.575174808502197,2.3340059599698693,0.0,2.115,3.1416
8.580194473266602,2.3310146946413655,0.0,2.115,3.1416
8.585195064544678,2.3278468197506097,0.0,2.115,3.1416
8.590191841125488,2.3244947399385723,0.0,2.115,3.1416
8.595468521118164,2.320753283803593,0.0,2.115,3.1416
8.600172281265259,2.3172442902337282,0.0,2.115,3.1416
8.605346202850342,2.3131963373772244,0.0,2.115,3.1416
8.610275506973267,2.309157301167411,0.0,2.115,3.1416
8.615155935287476,2.3049838706562267,0.0,2.1673,3.1416
8.620269298553467,2.3004261242253095,0.0,2.1673,3.1416
8.62514853477478,2.295901500448636,0.0,2.1673,3.1416
8.630131244659424,2.291105102241849,0.0,2.1673,3.1416
8.63513708114624,2.2861087149579764,0.0,2.1673,3.1416
8.64014983177185,2.2809281555884464,0.0,2.1673,3.1416
8.645146131515503,2.275589353207719,0.0,2.2162,2.5617
8.650229215621948,2.269979635136546,0.0,2.2162,2.5617
8.655142307281494,2.264388056588854,0.0,2.2162,2.5617
8.660192728042603,2.2584679688096854,0.0,2.2162,2.5617
8.665222883224487,2.252399562938412,0.0,2.2162,2.5617
8.670184135437012,2.246247546368131,0.0,2.2162,2.5617
8.675195693969727,2.2398665659243706,0.0,2.2468,1.5397
8.680161952972412,2.2333796531196795,0.0,2.2468,1.5397
8.685419082641602,2.226337110506168,0.0,2.2468,1.5397
8.690148830413818,2.2198482005900138,0.0,2.2468,1.5397
8.695115804672241,2.2128795957350804,0.0,2.2468,1.5397
8.700104475021362,2.205723189658591,0.0,2.2468,1.5397
8.705142498016357,2.198337720224696,0.0,2.2468,1.5397
8.710225582122803,2.1907268836892837,0.0,2.2614,0.7187
8.71538519859314,2.1828397941039546,0.0,2.2614,0.7187
8.720150470733643,2.1754126173182953,0.0,2.2614,0.7187
8.725133419036865,2.1675012685689348,0.0,2.2614,0.7187
8.730153560638428,2.1593830067564186,0.0,2.2614,0.7187
8.735172510147095,2.151120327388604,0.0,2.2614,0.7187
8.740166664123535,2.1427552591869827,0.0,2.2611,-0.0543
8.745260000228882,2.1340790635081657,0.0,2.2611,-0.0543
8.75021481513977,2.1255004222338654,0.0,2.2611,-0.0543
8.755274772644043,2.1166010442758245,0.0,2.2611,-0.0543
8.760175704956055,2.1078498501892486,0.0,2.2611,-0.0543
8.765196561813354,2.098752512307711,0.0,2.2611,-0.0543
8.770136833190918,2.089672967231462,0.0,2.2514,-0.5213
8.775144100189209,2.0803427649694974,0.0,2.2514,-0.5213
8.78016471862793,2.070861093195335,0.0,2.2514,-0.5213
8.785120725631714,2.0613794210939442,0.0,2.2514,-0.5213
8.79012131690979,2.051691925873359,0.0,2.2514,-0.5213
8.79515266418457,2.0418250739508794,0.0,2.2303,-1.1391
8.800472497940063,2.031264534061648,0.0,2.2303,-1.1391
8.805213928222656,2.0217437090195514,0.0,2.2303,-1.1391
8.810153245925903,2.0117191508121355,0.0,2.2303,-1.1391
8.81547999382019,2.000789373301673,0.0,2.2303,-1.1391
8.82018256187439,1.9910401541457814,0.0,2.2303,-1.1391
8.825219869613647,1.9804952739306398,0.0,2.203,-1.4316
8.830143451690674,1.9700892899390459,0.0,2.203,-1.4316
8.835148334503174,1.959413580710102,0.0,2.203,-1.4316
8.840235948562622,1.9484629477510127,0.0,2.203,-1.4316
8.845249891281128,1.9375764801006765,0.0,2.203,-1.4316
8.851024866104126,1.9249250301261636,0.0,2.1684,-1.8278
8.855395793914795,1.9152717551113674,0.0,2.1684,-1.8278
8.860493183135986,1.9039321616289469,0.0,2.1684,-1.8278
8.86537218093872,1.8929983424312609,0.0,2.1684,-1.8278
8.870221614837646,1.8820557599560852,0.0,2.1684,-1.8278
8.875203132629395,1.8707399374546303,0.0,2.1684,-1.8278
8.880311727523804,1.8590591807999155,0.0,2.1684,-1.8278
8.885177612304688,1.8478642940771826,0.0,2.1684,-1.8278
8.890113115310669,1.836443109915639,0.0,2.1294,-2.0385
8.89516568183899,1.8246848986704878,0.0,2.1294,-2.0385
8.900149583816528,1.8130237995065812,0.0,2.1294,-2.0385
8.905116081237793,1.8013443482884144,0.0,2.1294,-2.0385
8.910125494003296,1.789507129547983,0.0,2.1294,-2.0385
8.91513729095459,1.7776100717944954,0.0,2.0795,-2.7176
8.920206546783447,1.7655244747213061,0.0,2.0795,-2.7176
8.925158739089966,1.7536702566766111,0.0,2.0795,-2.7176
8.930087804794312,1.7418274399447489,0.0,2.0795,-2.7176
8.93514084815979,1.7296442023679268,0.0,2.0795,-2.7176
8.940123319625854,1.7175919098740966,0.0,2.0284,-2.8058
8.945151805877686,1.705391853791489,0.0,2.0284,-2.8058
8.950113296508789,1.6933214078212009,0.0,2.0284,-2.8058
8.955063581466675,1.6812485545164402,0.0,2.0284,-2.8058
8.960055351257324,1.6690474855187771,0.0,1.9767,-2.9
8.965149641036987,1.6565709428503754,0.0,1.9767,-2.9
8.970062255859375,1.6445185004176355,0.0,1.9767,-2.9
8.975108623504639,1.6321196572694316,0.0,1.9767,-2.9
8.980124235153198,1.619781102902894,0.0,1.9255,-2.816
8.985162258148193,1.6073751770647946,0.0,1.9255,-2.816
8.990139245986938,1.5951105382476543,0.0,1.9255,-2.816
8.995119094848633,1.5828329004735366,0.0,1.9255,-2.816
9.000084638595581,1.5705875953051391,0.0,1.9255,-2.816
9.005183696746826,1.558013116896943,0.0,1.8747,-2.7537
9.010119915008545,1.5458433001731187,0.0,1.8747,-2.7537
9.015219449996948,1.5332771759535138,0.0,1.8747,-2.7537
9.020124435424805,1.5211995018372406,0.0,1.8747,-2.7537
9.025131940841675,1.508881559067676,0.0,1.8229,-2.9256
9.030168771743774,1.4965069419515367,0.0,1.8229,-2.9256
9.035119533538818,1.4843618912403485,0.0,1.8229,-2.9256
9.04011583328247,1.4721263352233536,0.0,1.8229,-2.9256
9.045204401016235,1.45968982785952,0.0,1.7713,-2.8786
9.05029821395874,1.4472689398051632,0.0,1.7713,-2.8786
9.055207252502441,1.4353285067707755,0.0,1.7713,-2.8786
9.060143947601318,1.4233533014497863,0.0,1.7713,-2.8786
9.06519865989685,1.4111285850906765,0.0,1.7713,-2.8786
9.07016372680664,1.3991598542734685,0.0,1.7713,-2.8786
9.075182676315308,1.387103686683231,0.0,1.7199,-2.8379
9.080188512802124,1.3751245044579958,0.0,1.7199,-2.8379
9.085344314575195,1.3628370678572752,0.0,1.7199,-2.8379
9.090247631072998,1.3512019279230214,0.0,1.7199,-2.8379
9.095173358917236,1.3395660763802035,0.0,1.7199,-2.8379
9.100286483764648,1.327546151704583,0.0,1.7199,-2.8379
9.105296850204468,1.3158286566612287,0.0,1.7199,-2.8379
9.110422372817993,1.3039072396127935,0.0,1.6678,-3.0152
9.115303039550781,1.2926196045480225,0.0,1.6678,-3.0152
9.120461225509644,1.2807612811054034,0.0,1.6678,-3.0152
9.125229597091675,1.2698667906606462,0.0,1.6678,-3.0152
9.130230188369751,1.2585143240894228,0.0,1.6678,-3.0152
9.13533616065979,1.247002161578039,0.0,1.6678,-3.0152
9.140304565429688,1.2358801167039997,0.0,1.6678,-3.0152
9.145414113998413,1.2245272447504545,0.0,1.6155,-3.1416
9.150195121765137,1.2139850995123818,0.0,1.6155,-3.1416
9.155429124832153,1.202536479621434,0.0,1.6155,-3.1416
9.16023325920105,1.1921156968367796,0.0,1.6155,-3.1416
9.1652193069458,1.1813915703885782,0.0,1.6155,-3.1416
9.170202493667603,1.1707690591303577,0.0,1.6155,-3.1416
9.175239324569702,1.1601318324269938,0.0,1.6155,-3.1416
9.180135726928711,1.1498897150094414,0.0,1.5631,-3.1416
9.185200214385986,1.1394008127467838,0.0,1.5631,-3.1416
9.190072298049927,1.1294134198731967,0.0,1.5631,-3.1416
9.195111989974976,1.1191912719361903,0.0,1.5631,-3.1416
9.200064659118652,1.1092559081435298,0.0,1.5631,-3.1416
9.205305337905884,1.0988644969916173,0.0,1.5107,-3.1416
9.210164546966553,1.0893437110170285,0.0,1.5107,-3.1416
9.215178728103638,1.0796369283723788,0.0,1.5107,-3.1416
9.220192193984985,1.070053378793513,0.0,1.5107,-3.1416
9.225212335586548,1.0605815346243814,0.0,1.5107,-3.1416
9.230241060256958,1.0512207272884062,0.0,1.4584,-3.1416
9.235249519348145,1.0420265324355071,0.0,1.4584,-3.1416
9.240254402160645,1.0329696698110973,0.0,1.4584,-3.1416
9.24526071548462,1.0240432357287257,0.0,1.4584,-3.1416
9.250211000442505,1.0153496763136354,0.0,1.4584,-3.1416
9.255217790603638,1.0066935372438994,0.0,1.4584,-3.1416
9.26029109954834,0.9980647605367817,0.0,1.406,-3.1416
9.26527452468872,0.9897304908822879,0.0,1.406,-3.1416
9.270414352416992,0.9812838711747147,0.0,1.406,-3.1416
9.275160789489746,0.9736201936566615,0.0,1.406,-3.1416
9.280225038528442,0.965589825590842,0.0,1.406,-3.1416
9.285187005996704,0.9578702103166802,0.0,1.406,-3.1416
9.29018521308899,0.9502447936471664,0.0,1.406,-3.1416
9.295178174972534,0.942780139841484,0.0,1.3536,-3.1408
9.300177812576294,0.9354603341161754,0.0,1.3536,-3.1408
9.305553913116455,0.9277642953088541,0.0,1.3536,-3.1408
9.310187816619873,0.9212778409966814,0.0,1.3536,-3.1408
9.315227746963501,0.9143793529032044,0.0,1.3536,-3.1408
9.32033109664917,0.9075617430749846,0.0,1.3536,-3.1408
9.325385808944702,0.9009771515842485,0.0,1.3013,-3.1378
9.330179929733276,0.8948880646995672,0.0,1.3013,-3.1378
9.335288763046265,0.8885680360956608,0.0,1.3013,-3.1378
9.340151071548462,0.8827161758197137,0.0,1.3013,-3.1378
9.345128297805786,0.8768923097603123,0.0,1.3013,-3.1378
9.350136756896973,0.8712031556429543,0.0,1.3013,-3.1378
9.355127334594727,0.8657065837885138,0.0,1.2489,-3.1388
9.360140562057495,0.8603595646889697,0.0,1.2489,-3.1388
9.365132570266724,0.855210276928747,0.0,1.2489,-3.1388
9.370131015777588,0.850230686355807,0.0,1.2489,-3.1388
9.375134944915771,0.8454236040335232,0.0,1.1966,-3.1399
9.380146265029907,0.8407890756585374,0.0,1.1966,-3.1399
9.385161876678467,0.8363317460832943,0.0,1.1966,-3.1399
9.39013123512268,0.8320953549289373,0.0,1.1966,-3.1399
9.395124673843384,0.8280197840007564,0.0,1.1442,-3.1416
9.40023946762085,0.8240346787480318,0.0,1.1442,-3.1416
9.405169486999512,0.820376013449711,0.0,1.1442,-3.1416
9.410266637802124,0.8167825921678041,0.0,1.1442,-3.1416
9.415157794952393,0.8135161611889324,0.0,1.1442,-3.1416
9.420122146606445,0.8103836879688296,0.0,1.0918,-3.1416
9.425282716751099,0.8073234771394359,0.0,1.0918,-3.1416
9.430166959762573,0.8046119540491256,0.0,1.0918,-3.1416
9.43514084815979,0.802036056992967,0.0,1.0918,-3.1416
9.440138816833496,0.7996367595890782,0.0,1.0918,-3.1416
9.445149898529053,0.7974220340880528,0.0,1.0395,-3.1416
9.450148820877075,0.7954036504305517,0.0,1.0395,-3.1416
9.455224752426147,0.7935498514389961,0.0,1.0395,-3.1416
9.460201263427734,0.7919242333162773,0.0,1.0395,-3.1416
9.465176343917847,0.7904893740826416,0.0,1.0395,-3.1416
9.47018837928772,0.7892366013912488,0.0,1.0395,-3.1416
9.475194692611694,0.7881786947553406,0.0,0.9871,-3.1416
9.480254411697388,0.7873061993536047,0.0,0.9871,-3.1416
9.485249280929565,0.7866390560478794,0.0,0.9871,-3.1416
9.490158319473267,0.7861715099535008,0.0,0.9871,-3.1416
9.495184898376465,0.7858861403814801,0.0,0.9871,-3.1416
9.500220775604248,0.7857965156120965,0.0,0.9871,-3.1416
9.505134344100952,0.7858984442382896,0.0,0.9368,-2.686
9.510278940200806,0.7862055858953525,0.0,0.9368,-2.686
9.515148401260376,0.7866851001768369,0.0,0.9368,-2.686
9.520227670669556,0.7873808003724765,0.0,0.9368,-2.686
9.525195598602295,0.7882542143114376,0.0,0.9368,-2.686
9.530194759368896,0.7893255316398546,0.0,0.8959,-2.1243
9.535300970077515,0.7906187744461655,0.0,0.8959,-2.1243
9.540409326553345,0.792113449144814,0.0,0.8959,-2.1243
9.545188665390015,0.7936934501251703,0.0,0.8959,-2.1243
9.55012321472168,0.7955085726317085,0.0,0.8959,-2.1243
9.555131435394287,0.7975413006868306,0.0,0.8959,-2.1243
9.560139179229736,0.7997652248605212,0.0,0.8959,-2.1243
9.56517767906189,0.8021953982052751,0.0,0.8649,-1.6091
9.57015085220337,0.8047829092651471,0.0,0.8649,-1.6091
9.575126647949219,0.8075589123592819,0.0,0.8649,-1.6091
9.580168008804321,0.8105616921274167,0.0,0.8649,-1.6091
9.585158824920654,0.8137222029661363,0.0,0.8649,-1.6091
9.590144872665405,0.8170655389275853,0.0,0.8426,-1.1586
9.595243215560913,0.8206753963664615,0.0,0.8426,-1.1586
9.600210189819336,0.8243773062074053,0.0,0.8426,-1.1586
9.60517168045044,0.8282565714557801,0.0,0.8426,-1.1586
9.610179424285889,0.8323549277042108,0.0,0.8426,-1.1586
9.615218162536621,0.8366631121478076,0.0,0.8426,-1.1586
9.620223999023438,0.8411253236920312,0.0,0.8282,-0.7471
9.625424861907959,0.845952505161132,0.0,0.8282,-0.7471
9.630192995071411,0.8505481025037408,0.0,0.8282,-0.7471
9.635217905044556,0.8555660645537774,0.0,0.8282,-0.7471
9.640268802642822,0.8607895962096694,0.0,0.8282,-0.7471
9.645313739776611,0.866185416075004,0.0,0.8282,-0.7471
9.650156497955322,0.8715315063194963,0.0,0.8215,-0.3448
9.655322551727295,0.8774128832223829,0.0,0.8215,-0.3448
9.660191297531128,0.883122983357864,0.0,0.8215,-0.3448
9.665416717529297,0.8894303490897475,0.0,0.8215,-0.3448
9.670250654220581,0.8954287094959843,0.0,0.8215,-0.3448
9.675334692001343,0.9019054384033459,0.0,0.8215,-0.3448
9.68039584159851,0.9085224943566464,0.0,0.8215,-0.3448
9.685170888900757,0.9149190215772495,0.0,0.8223,0.0463
9.690171241760254,0.9217755421848735,0.0,0.8223,0.0463
9.695149660110474,0.9287610950166632,0.0,0.8223,0.0463
9.700141668319702,0.9359234067865242,0.0,0.8223,0.0463
9.705260276794434,0.9434294784405716,0.0,0.8223,0.0463
9.710175037384033,0.9507893085068726,0.0,0.8223,0.0463
9.715208530426025,0.9584801303664475,0.0,0.8316,0.5008
9.720198154449463,0.9662550438851739,0.0,0.8316,0.5008
9.725192308425903,0.9741857609043457,0.0,0.8316,0.5008
9.730382442474365,0.9825832852868782,0.0,0.8316,0.5008
9.73525071144104,0.9906022155951645,0.0,0.8316,0.5008
9.74026346206665,0.9990009258394361,0.0,0.8316,0.5008
9.745221376419067,1.0074472512104966,0.0,0.848,0.8646
9.750182390213013,1.0160356524773873,0.0,0.848,0.8646
9.755434036254883,1.0252739704860099,0.0,0.848,0.8646
9.760151863098145,1.0336999210877489,0.0,0.848,0.8646
9.765288352966309,1.04300768814144,0.0,0.848,0.8646
9.770238399505615,1.0521076701212402,0.0,0.848,0.8646
9.775187015533447,1.0613304024465187,0.0,0.8709,1.2059
9.780248880386353,1.0708915706057436,0.0,0.8709,1.2059
9.785427570343018,1.0808042110703127,0.0,0.8709,1.2059
9.790184736251831,1.0900243553142674,0.0,0.8709,1.2059
9.795146703720093,1.099755820604552,0.0,0.8709,1.2059
9.800213813781738,1.1098115999675124,0.0,0.8709,1.2059
9.805177211761475,1.119774830521337,0.0,0.8709,1.2059
9.810166835784912,1.1299012315482928,0.0,0.9002,1.5414
9.815286874771118,1.1404049035029888,0.0,0.9002,1.5414
9.820257902145386,1.1507094447763917,0.0,0.9002,1.5414
9.825198650360107,1.1610527431472746,0.0,0.9002,1.5414
9.830198764801025,1.1716208151591183,0.0,0.9002,1.5414
9.835209131240845,1.182309351871882,0.0,0.9002,1.5414
9.840184211730957,1.1930178566257736,0.0,0.9002,1.5414
9.845154285430908,1.2038077306498791,0.0,0.9378,1.995
9.850300312042236,1.215073835463897,0.0,0.9378,1.995
9.855127334594727,1.2257261103067267,0.0,0.9378,1.995
9.860112428665161,1.236810481518091,0.0,0.9378,1.995
9.865057945251465,1.2478878017151374,0.0,0.9378,1.995
9.870082378387451,1.2592216918014107,0.0,0.9835,2.4177
9.875136613845825,1.2707011245467954,0.0,0.9835,2.4177
9.880106210708618,1.2820621068286906,0.0,0.9835,2.4177
9.885107040405273,1.2935655264952888,0.0,0.9835,2.4177
9.890108585357666,1.3051390312654247,0.0,1.0312,2.4873
9.895114183425903,1.3167875813343473,0.0,1.0312,2.4873
9.900066137313843,1.3283731130925966,0.0,1.0312,2.4873
9.905069351196289,1.3401381466921334,0.0,1.0312,2.4873
9.910115957260132,1.3520629363678847,0.0,1.0312,2.4873
9.91510534286499,1.3639065775665533,0.0,1.0775,2.4038
9.920196771621704,1.3760448254239184,0.0,1.0775,2.4038
9.92519474029541,1.3880087396696619,0.0,1.0775,2.4038
9.930212259292603,1.4000647769460877,0.0,1.0775,2.4038
9.935185432434082,1.4120561296701017,0.0,1.1259,2.5378
9.940407991409302,1.4246904615082014,0.0,1.1259,2.5378
9.945148229598999,1.4361921107744942,0.0,1.1259,2.5378
9.950217962265015,1.4485262103191658,0.0,1.1259,2.5378
9.955208778381348,1.4606986257251708,0.0,1.1259,2.5378
9.96022343635559,1.4729564452439907,0.0,1.1738,2.4933
9.965142726898193,1.4850047615504876,0.0,1.1738,2.4933
9.970139265060425,1.4972632322238333,0.0,1.1738,2.4933
9.975139141082764,1.5095480275408346,0.0,1.1738,2.4933
9.980231761932373,1.5220762138801756,0.0,1.1738,2.4933
9.985158205032349,1.5342074917930155,0.0,1.2237,2.6688
9.990193367004395,1.546615522214316,0.0,1.2237,2.6688
9.99514102935791,1.5588138405806555,0.0,1.2237,2.6688
