time,ref_pos,ref_vel,meas_pos,meas_vel
0.005131721496582031,0.012655047948949,0.0,0.0,0.0
0.01009678840637207,0.02489602170224234,0.0,0.0,0.0
0.015095233917236328,0.037213162570498566,0.0,0.0,0.0
0.020154953002929688,0.04967193529862345,0.0,0.0,0.0
0.02512812614440918,0.06190538941352426,0.0,0.0,0.0
0.03014373779296875,0.07422792421237535,0.0,0.0,0.0
0.03510093688964844,0.08638885213293274,0.0,0.0,0.0
0.040130615234375,0.09870615685949259,0.0,0.0,0.0
0.04512333869934082,0.11090859600063874,0.0,0.0,0.0
0.050135135650634766,0.12313020575355582,0.0,0.0036,0.1819
0.05515146255493164,0.13533229573674868,0.0,0.0036,0.1819
0.060141801834106445,0.14743782773845,0.0,0.0036,0.1819
0.0652306079864502,0.1597448826922651,0.0,0.0036,0.1819
0.07015109062194824,0.17160606365644343,0.0,0.0036,0.1819
0.07514238357543945,0.18359602956332216,0.0,0.0036,0.1819
0.08018207550048828,0.1956564480382112,0.0,0.0096,0.3065
0.08523201942443848,0.20769220384432158,0.0,0.0096,0.3065
0.09013509750366211,0.21932794026386557,0.0,0.0096,0.3065
0.09514594078063965,0.23116563230539858,0.0,0.0096,0.3065
0.10020065307617188,0.24304891376312707,0.0,0.0096,0.3065
0.10515570640563965,0.2546384352641087,0.0,0.0096,0.3065
0.11016345024108887,0.2662884946297343,0.0,0.0278,0.9291
0.11538553237915039,0.27836695081624496,0.0,0.0278,0.9291
0.12041831016540527,0.2899366960780828,0.0,0.0278,0.9291
0.1253359317779541,0.3011717225747353,0.0,0.0278,0.9291
0.13038182258605957,0.3126250566433529,0.0,0.0278,0.9291
0.1354069709777832,0.3239532385581069,0.0,0.0278,0.9291
0.14014124870300293,0.33455189888851405,0.0,0.0616,1.7191
0.14556026458740234,0.3465925144265348,0.0,0.0616,1.7191
0.15036225318908691,0.35717831053660104,0.0,0.0616,1.7191
0.1553053855895996,0.3679903225722022,0.0,0.0616,1.7191
0.16018390655517578,0.37857401220681636,0.0,0.0616,1.7191
0.16519784927368164,0.3893588074902017,0.0,0.0616,1.7191
0.17026710510253906,0.40016435972591935,0.0,0.1061,2.267
0.1751265525817871,0.410427447894856,0.0,0.1061,2.267
0.18018031120300293,0.42099941766415927,0.0,0.1061,2.267
0.1851811408996582,0.43135621474931896,0.0,0.1061,2.267
0.19012856483459473,0.441497649946219,0.0,0.1061,2.267
0.1951611042022705,0.45170412177274594,0.0,0.1564,2.6737
0.20047569274902344,0.4623599893863008,0.0,0.1564,2.6737
0.20516085624694824,0.4716470481268769,0.0,0.1564,2.6737
0.21013522148132324,0.48139549181435215,0.0,0.1564,2.6737
0.21519923210144043,0.4911988428415368,0.0,0.1564,2.6737
0.22016572952270508,0.5006926835902288,0.0,0.1564,2.6737
0.22517824172973633,0.5101508903150456,0.0,0.2075,2.7838
0.23037004470825195,0.5198140040725305,0.0,0.2075,2.7838
0.235213041305542,0.5287033009080785,0.0,0.2075,2.7838
0.24018216133117676,0.5376968699736066,0.0,0.2075,2.7838
0.24513816833496094,0.5465361909872681,0.0,0.2075,2.7838
0.25018978118896484,0.5554096709797187,0.0,0.2075,2.7838
0.2554900646209717,0.5645695367054212,0.0,0.2075,2.7838
0.260223388671875,0.5726173554389219,0.0,0.2597,3.0167
0.2652409076690674,0.5810100897297907,0.0,0.2597,3.0167
0.2701728343963623,0.5891189774959621,0.0,0.2597,3.0167
0.27520203590393066,0.5972421508053284,0.0,0.2597,3.0167
0.2801933288574219,0.6051566937385013,0.0,0.2597,3.0167
0.2852463722229004,0.6130175779714069,0.0,0.2597,3.0167
0.2901897430419922,0.6205583750659898,0.0,0.3121,3.1416
0.29534220695495605,0.6282588089404321,0.0,0.3121,3.1416
0.3001558780670166,0.6353042200867659,0.0,0.3121,3.1416
0.3051464557647705,0.6424551416907314,0.0,0.3121,3.1416
0.31016969680786133,0.6494933891994618,0.0,0.3121,3.1416
0.3152768611907959,0.6564833929531644,0.0,0.3121,3.1416
0.3203728199005127,0.6632896219545326,0.0,0.3644,3.1416
0.32515931129455566,0.6695277273345004,0.0,0.3644,3.1416
0.3301119804382324,0.6758230265581764,0.0,0.3644,3.1416
0.3353004455566406,0.6822425421042332,0.0,0.3644,3.1416
0.340195894241333,0.6881333509813671,0.0,0.3644,3.1416
0.3451383113861084,0.6939155634173759,0.0,0.4168,3.1416
0.3504364490509033,0.6999281160355064,0.0,0.4168,3.1416
0.35552525520324707,0.7055205657674632,0.0,0.4168,3.1416
0.36020803451538086,0.710507528141506,0.0,0.4168,3.1416
0.3651871681213379,0.7156413971980724,0.0,0.4168,3.1416
0.37018537521362305,0.7206188203516098,0.0,0.4168,3.1416
0.3753037452697754,0.7255317638476043,0.0,0.4168,3.1416
0.3801536560058594,0.7300139530523566,0.0,0.4692,3.1416
0.3851912021636963,0.7344901068593286,0.0,0.4692,3.1416
0.39023256301879883,0.7387854846498959,0.0,0.4692,3.1416
0.3951451778411865,0.7427929017026762,0.0,0.4692,3.1416
0.40017104148864746,0.7467096051994795,0.0,0.4692,3.1416
0.40522074699401855,0.7504574103370533,0.0,0.4692,3.1416
0.41014599800109863,0.753930915545373,0.0,0.5215,3.0894
0.41524767875671387,0.7573385213525714,0.0,0.5215,3.0894
0.42021846771240234,0.760471590088884,0.0,0.5215,3.0894
0.425278902053833,0.7634706615618291,0.0,0.5215,3.0894
0.4301934242248535,0.7661985738800015,0.0,0.5215,3.0894
0.43514442443847656,0.7687620544427842,0.0,0.5215,3.0894
0.4401218891143799,0.7711517615231551,0.0,0.5215,3.0894
0.4451131820678711,0.7733587616803704,0.0,0.5725,2.7627
0.45023560523986816,0.7754260293270082,0.0,0.5725,2.7627
0.45513081550598145,0.777213961919801,0.0,0.5725,2.7627
0.4601318836212158,0.7788507376689225,0.0,0.5725,2.7627
0.4651772975921631,0.7803072094982054,0.0,0.5725,2.7627
0.47011613845825195,0.781543044215902,0.0,0.6202,2.4535
0.4752035140991211,0.7826193253598273,0.0,0.6202,2.4535
0.480121374130249,0.7834697197482459,0.0,0.6202,2.4535
0.48511481285095215,0.7841418388276944,0.0,0.6202,2.4535
0.4901137351989746,0.784621410144826,0.0,0.6202,2.4535
0.4951944351196289,0.7849105418221723,0.0,0.6598,2.0147
0.5002827644348145,0.7849996902659533,0.0,0.6598,2.0147
0.5052423477172852,0.7848935412806827,0.0,0.6598,2.0147
0.5103154182434082,0.7845878312314657,0.0,0.6598,2.0147
0.5152449607849121,0.7840998621719207,0.0,0.6598,2.0147
0.5203721523284912,0.7833928182682588,0.0,0.6919,1.6309
0.5251631736755371,0.7825484313695652,0.0,0.6919,1.6309
0.5301461219787598,0.781482147114977,0.0,0.6919,1.6309
0.5351533889770508,0.78021774911653,0.0,0.6919,1.6309
0.540135383605957,0.7787681242931247,0.0,0.6919,1.6309
0.5451290607452393,0.777123660934344,0.0,0.6919,1.6309
0.5501751899719238,0.7752676432453226,0.0,0.7172,1.2879
0.5553133487701416,0.7731775855406428,0.0,0.7172,1.2879
0.5601599216461182,0.7710214930398289,0.0,0.7172,1.2879
0.5653619766235352,0.7685083834138083,0.0,0.7172,1.2879
0.5702273845672607,0.7659721356785468,0.0,0.7172,1.2879
0.5752215385437012,0.7631826603996523,0.0,0.7172,1.2879
0.5803401470184326,0.7601287329865922,0.0,0.7363,0.9739
0.5853152275085449,0.756972067745655,0.0,0.7363,0.9739
0.5902328491210938,0.753670133469033,0.0,0.7363,0.9739
0.5952527523040771,0.750113997371108,0.0,0.7363,0.9739
0.6001932621002197,0.7464319460620359,0.0,0.7363,0.9739
0.6051757335662842,0.7425365124323853,0.0,0.7363,0.9739
0.6103122234344482,0.7383302235870584,0.0,0.7363,0.9739
0.6152594089508057,0.7340971878668875,0.0,0.7363,0.9739
0.6201436519622803,0.7297440526018483,0.0,0.7491,0.6482
0.6251685619354248,0.7250862501981369,0.0,0.7491,0.6482
0.6301603317260742,0.720280256657902,0.0,0.7491,0.6482
0.6351413726806641,0.7153080286539827,0.0,0.7491,0.6482
0.6401970386505127,0.7100822024976565,0.0,0.7491,0.6482
0.6451687812805176,0.7047684276022115,0.0,0.7539,0.2422
0.6501851081848145,0.699232754482022,0.0,0.7539,0.2422
0.655144214630127,0.6935895268710873,0.0,0.7539,0.2422
0.660132884979248,0.6877428063158584,0.0,0.7539,0.2422
0.6652069091796875,0.6816227775351581,0.0,0.7528,-0.0542
0.6701903343200684,0.6754434299265737,0.0,0.7528,-0.0542
0.6751902103424072,0.6690773121003655,0.0,0.7528,-0.0542
0.6802096366882324,0.6625202577186553,0.0,0.7528,-0.0542
0.6852412223815918,0.6557819817739037,0.0,0.7528,-0.0542
0.6902720928192139,0.6488808434649924,0.0,0.7528,-0.0542
0.695357084274292,0.6417407610436475,0.0,0.7475,-0.2691
0.7001903057098389,0.6348023662726783,0.0,0.7475,-0.2691
0.7051467895507812,0.6275350349958766,0.0,0.7475,-0.2691
0.710193395614624,0.619979248740572,0.0,0.7475,-0.2691
0.715216875076294,0.6123033187298023,0.0,0.7475,-0.2691
0.7202222347259521,0.6045033989092939,0.0,0.7475,-0.2691
0.7252979278564453,0.5964412494885085,0.0,0.7355,-0.6148
0.7301390171051025,0.5886104112907171,0.0,0.7355,-0.6148
0.735170841217041,0.5803267722417477,0.0,0.7355,-0.6148
0.7401621341705322,0.571966584045648,0.0,0.7355,-0.6148
0.745206356048584,0.5633748717943229,0.0,0.7355,-0.6148
0.7501349449157715,0.5548434521551543,0.0,0.7185,-0.8627
0.7552073001861572,0.5459242993510064,0.0,0.7185,-0.8627
0.7601485252380371,0.5371024089904881,0.0,0.7185,-0.8627
0.7651989459991455,0.5279518342016437,0.0,0.7185,-0.8627
0.7702045440673828,0.5187513237965425,0.0,0.7185,-0.8627
0.7752056121826172,0.5094310321476572,0.0,0.7185,-0.8627
0.7801754474639893,0.500044370442108,0.0,0.6949,-1.2033
0.7853353023529053,0.4901698704668973,0.0,0.6949,-1.2033
0.7902429103851318,0.48065855193938584,0.0,0.6949,-1.2033
0.795250654220581,0.47083540495715975,0.0,0.6949,-1.2033
0.8003199100494385,0.4607729192077547,0.0,0.6949,-1.2033
0.8052997589111328,0.45077410519878325,0.0,0.6949,-1.2033
0.8102593421936035,0.4407063236671222,0.0,0.6949,-1.2033
0.815143346786499,0.4306873982383267,0.0,0.6649,-1.5275
0.820310115814209,0.41997809913608025,0.0,0.6649,-1.5275
0.8251254558563232,0.40989754056248284,0.0,0.6649,-1.5275
0.8301527500152588,0.3992732199835587,0.0,0.6649,-1.5275
0.8351154327392578,0.3886877519285704,0.0,0.6649,-1.5275
0.8401098251342773,0.37793926813639206,0.0,0.6263,-1.9681
0.8453755378723145,0.3665061643976075,0.0,0.6263,-1.9681
0.8501534461975098,0.356045324984565,0.0,0.6263,-1.9681
0.855208158493042,0.34489117196458274,0.0,0.6263,-1.9681
0.8601956367492676,0.33380012921819685,0.0,0.6263,-1.9681
0.865241289138794,0.3224963434267519,0.0,0.6263,-1.9681
0.8701536655426025,0.31141326341718617,0.0,0.5852,-2.0921
0.8754441738128662,0.2993941852212671,0.0,0.5852,-2.0921
0.880152702331543,0.2886275989826058,0.0,0.5852,-2.0921
0.8851974010467529,0.2770223055788486,0.0,0.5852,-2.0921
0.8904116153717041,0.26495395223729884,0.0,0.5852,-2.0921
0.8952980041503906,0.25357976205812777,0.0,0.5852,-2.0921
0.900233268737793,0.24203115574256576,0.0,0.5386,-2.3754
0.905369758605957,0.22994993097503102,0.0,0.5386,-2.3754
0.9102315902709961,0.21845950164423633,0.0,0.5386,-2.3754
0.9151725769042969,0.20672979760931498,0.0,0.5386,-2.3754
0.9201946258544922,0.19475662771227606,0.0,0.5386,-2.3754
0.9251728057861328,0.1828401935863744,0.0,0.5386,-2.3754
0.9302029609680176,0.17075393191768934,0.0,0.4886,-2.6524
0.9355978965759277,0.15774388012466345,0.0,0.4886,-2.6524
0.9402706623077393,0.14643860809113765,0.0,0.4886,-2.6524
0.9452641010284424,0.13432268301214695,0.0,0.4886,-2.6524
0.950331449508667,0.12199364794826222,0.0,0.4886,-2.6524
0.9552114009857178,0.11009129725761171,0.0,0.4886,-2.6524
0.9601247310638428,0.09808140082158355,0.0,0.4365,-2.9603
0.965360164642334,0.08525852313688578,0.0,0.4365,-2.9603
0.9701371192932129,0.07353836308595402,0.0,0.4365,-2.9603
0.9751157760620117,0.0613057450827835,0.0,0.4365,-2.9603
0.980107307434082,0.049026440980267344,0.0,0.4365,-2.9603
0.9852657318115234,0.036323943931830624,0.0,0.3842,-3.1416
0.9901332855224609,0.024328903796662638,0.0,0.3842,-3.1416
0.9952025413513184,0.0118308058483371,0.0,0.3842,-3.1416
1.0001862049102783,-0.0004592092566908442,0.0,0.3842,-3.1416
1.005465030670166,-0.013476924536794619,0.0,0.3842,-3.1416
1.0102667808532715,-0.025315034158007996,0.0,0.3842,-3.1416
1.0153272151947021,-0.03778461012695462,0.0,0.3842,-3.1416
1.0207231044769287,-0.05107019448502253,0.0,0.3318,-3.1416
1.0252907276153564,-0.062305132130053925,0.0,0.3318,-3.1416
1.0303354263305664,-0.07469852531422422,0.0,0.3318,-3.1416
1.035262107849121,-0.08678389864080492,0.0,0.3318,-3.1416
1.0401701927185059,-0.09880298545326618,0.0,0.3318,-3.1416
1.0451750755310059,-0.11103490546959272,0.0,0.3318,-3.1416
1.050222635269165,-0.12334331725460744,0.0,0.3318,-3.1416
1.055147409439087,-0.1353224497931523,0.0,0.2794,-3.1416
1.0603327751159668,-0.14790038846647535,0.0,0.2794,-3.1416
1.0651309490203857,-0.15950424354791048,0.0,0.2794,-3.1416
1.0701234340667725,-0.1715395074611558,0.0,0.2794,-3.1416
1.0751216411590576,-0.18354629399190445,0.0,0.2794,-3.1416
1.0801382064819336,-0.19555167290924075,0.0,0.2794,-3.1416
1.0851433277130127,-0.20748126307851605,0.0,0.2271,-3.1416
1.090142011642456,-0.21934431245212901,0.0,0.2271,-3.1416
1.0951664447784424,-0.23121395557496832,0.0,0.2271,-3.1416
1.1003508567810059,-0.24340110947984048,0.0,0.2271,-3.1416
1.1052725315093994,-0.25491094742829595,0.0,0.2271,-3.1416
1.1102941036224365,-0.2665915781123391,0.0,0.1747,-3.1416
1.1152803897857666,-0.2781244885896536,0.0,0.1747,-3.1416
1.1202583312988281,-0.28957002415514227,0.0,0.1747,-3.1416
1.1252095699310303,-0.30088391878563003,0.0,0.1747,-3.1416
1.130204200744629,-0.31222320175461193,0.0,0.1747,-3.1416
1.13545823097229,-0.3240683826575692,0.0,0.1747,-3.1416
1.1403884887695312,-0.3351033838960999,0.0,0.1747,-3.1416
1.1451947689056396,-0.34578353269008644,0.0,0.1224,-3.1416
1.150193691253662,-0.3568080849183837,0.0,0.1224,-3.1416
1.1553690433502197,-0.36812898668499505,0.0,0.1224,-3.1416
1.160198450088501,-0.3786054319103264,0.0,0.1224,-3.1416
1.1651830673217773,-0.3893271527631357,0.0,0.1224,-3.1416
1.1702284812927246,-0.4000824099957084,0.0,0.1224,-3.1416
1.1751513481140137,-0.4104795724688509,0.0,0.1224,-3.1416
1.1801443099975586,-0.4209244787997048,0.0,0.07,-3.1416
1.1852402687072754,-0.43147803753360375,0.0,0.07,-3.1416
1.1905169486999512,-0.44228929209108964,0.0,0.07,-3.1416
1.1951673030853271,-0.4517166245995845,0.0,0.07,-3.1416
1.2001683712005615,-0.46174728553934186,0.0,0.07,-3.1416
1.2052061557769775,-0.47173634657115804,0.0,0.07,-3.1416
1.2103161811828613,-0.48174792326330196,0.0,0.0176,-3.1416
1.2151784896850586,-0.49115893975449665,0.0,0.0176,-3.1416
1.220188856124878,-0.5007366085366661,0.0,0.0176,-3.1416
1.2251489162445068,-0.5100959210999494,0.0,0.0176,-3.1416
1.2301721572875977,-0.5194482097940482,0.0,0.0176,-3.1416
1.2351469993591309,-0.5285828996751059,0.0,0.0176,-3.1416
1.2401974201202393,-0.5377242860388539,0.0,-0.0347,-3.1416
1.2451567649841309,-0.5465691109997753,0.0,-0.0347,-3.1416
1.2501482963562012,-0.5553373668472018,0.0,-0.0347,-3.1416
1.2553563117980957,-0.5643403018285471,0.0,-0.0347,-3.1416
1.2601714134216309,-0.5725296689921853,0.0,-0.0347,-3.1416
1.265132188796997,-0.5808297598372508,0.0,-0.0871,-3.1416
1.2701616287231445,-0.5891007131192486,0.0,-0.0871,-3.1416
1.2753329277038574,-0.5974515855452532,0.0,-0.0871,-3.1416
1.280148983001709,-0.6050870281131477,0.0,-0.0871,-3.1416
1.2851958274841309,-0.6129397084905788,0.0,-0.0871,-3.1416
1.2901926040649414,-0.6205626962127664,0.0,-0.1395,-3.1416
1.2952136993408203,-0.6280687456909592,0.0,-0.1395,-3.1416
1.300180435180664,-0.635339791373667,0.0,-0.1395,-3.1416
1.3051676750183105,-0.6424852105096817,0.0,-0.1395,-3.1416
1.3101727962493896,-0.6494976821879381,0.0,-0.1918,-3.1416
1.3152427673339844,-0.6564372881762088,0.0,-0.1918,-3.1416
1.3205528259277344,-0.663526941969858,0.0,-0.1918,-3.1416
1.3253469467163086,-0.6697691929896822,0.0,-0.1918,-3.1416
1.3303194046020508,-0.6760831227494942,0.0,-0.1918,-3.1416
1.3353893756866455,-0.6823509971640022,0.0,-0.1918,-3.1416
1.3403840065002441,-0.688356472410853,0.0,-0.1918,-3.1416
1.3451721668243408,-0.6939545961018588,0.0,-0.2442,-3.1416
1.3502321243286133,-0.699699823922437,0.0,-0.2442,-3.1416
1.3553664684295654,-0.7053487818380519,0.0,-0.2442,-3.1416
1.3601398468017578,-0.7104360117649465,0.0,-0.2442,-3.1416
1.3651924133300781,-0.7156467133005096,0.0,-0.2442,-3.1416
1.3701422214508057,-0.7205766046844582,0.0,-0.2442,-3.1416
1.3751459121704102,-0.7253830621359976,0.0,-0.2442,-3.1416
1.3801755905151367,-0.7300338402922385,0.0,-0.2965,-3.1416
1.385261058807373,-0.7345508879353276,0.0,-0.2965,-3.1416
1.390136957168579,-0.7387057463468873,0.0,-0.2965,-3.1416
1.395143985748291,-0.7427919506877285,0.0,-0.2965,-3.1416
1.4002044200897217,-0.7467349962651434,0.0,-0.2965,-3.1416
1.4053387641906738,-0.7505427457045417,0.0,-0.2965,-3.1416
1.4101624488830566,-0.7539422154337173,0.0,-0.3489,-3.1416
1.4155147075653076,-0.7575115296983881,0.0,-0.3489,-3.1416
1.4203271865844727,-0.7605380454818935,0.0,-0.3489,-3.1416
1.4254002571105957,-0.7635402165476498,0.0,-0.3489,-3.1416
1.4302887916564941,-0.7662497052066733,0.0,-0.3489,-3.1416
1.4351940155029297,-0.7687867914600004,0.0,-0.3489,-3.1416
1.4402801990509033,-0.7712246759688798,0.0,-0.3489,-3.1416
1.445176362991333,-0.7733854807667243,0.0,-0.4013,-3.1416
1.4501712322235107,-0.7754012950124726,0.0,-0.4013,-3.1416
1.455528736114502,-0.777351226186717,0.0,-0.4013,-3.1416
1.4602019786834717,-0.7788723134489063,0.0,-0.4013,-3.1416
1.4652254581451416,-0.7803201680804251,0.0,-0.4013,-3.1416
1.470177412033081,-0.7815571955378903,0.0,-0.4013,-3.1416
1.4751830101013184,-0.7826153886092205,0.0,-0.4013,-3.1416
1.4802610874176025,-0.7834911478771551,0.0,-0.4536,-3.1416
1.485356092453003,-0.7841694289988776,0.0,-0.4536,-3.1416
1.490678071975708,-0.7846633955466266,0.0,-0.4536,-3.1416
1.4952421188354492,-0.7849123082974946,0.0,-0.4536,-3.1416
1.500162124633789,-0.7849998981789871,0.0,-0.4536,-3.1416
1.505117416381836,-0.7848985547860513,0.0,-0.4536,-3.1416
1.5101420879364014,-0.7846015650672905,0.0,-0.4536,-3.1416
1.5151703357696533,-0.7841086513985586,0.0,-0.506,-3.1416
1.5201201438903809,-0.7834323216260402,0.0,-0.506,-3.1416
1.5251002311706543,-0.7825606742619143,0.0,-0.506,-3.1416
1.5301010608673096,-0.7814926480893967,0.0,-0.506,-3.1416
1.5351018905639648,-0.780231736302315,0.0,-0.5584,-3.1416
1.5401277542114258,-0.7787704901826153,0.0,-0.5584,-3.1416
1.5452282428741455,-0.7770890608647384,0.0,-0.5584,-3.1416
1.5501093864440918,-0.775293101293017,0.0,-0.5584,-3.1416
1.5552597045898438,-0.7732004481360163,0.0,-0.5584,-3.1416
1.5602004528045654,-0.771002707589754,0.0,-0.5584,-3.1416
1.5651898384094238,-0.7685948307015372,0.0,-0.6107,-3.1416
1.570331335067749,-0.7659159934633798,0.0,-0.6107,-3.1416
1.575305461883545,-0.7631341782020249,0.0,-0.6107,-3.1416
1.5802538394927979,-0.7601818582946184,0.0,-0.6107,-3.1416
1.5852398872375488,-0.7570212517228618,0.0,-0.6107,-3.1416
1.5901520252227783,-0.7537258587655971,0.0,-0.6591,-2.5021
1.5951745510101318,-0.750170828563961,0.0,-0.6591,-2.5021
1.600144624710083,-0.7464690722987559,0.0,-0.6591,-2.5021
1.6053383350372314,-0.742406315354921,0.0,-0.6591,-2.5021
1.6104345321655273,-0.738227716664353,0.0,-0.6591,-2.5021
1.6152033805847168,-0.7341461229783173,0.0,-0.6591,-2.5021
1.620131492614746,-0.7297551035200236,0.0,-0.6929,-1.7187
1.6252062320709229,-0.7250506483023257,0.0,-0.6929,-1.7187
1.6302013397216797,-0.7202400396235171,0.0,-0.6929,-1.7187
1.6352956295013428,-0.715151242196162,0.0,-0.6929,-1.7187
1.6401987075805664,-0.7100804477468122,0.0,-0.6929,-1.7187
1.6452069282531738,-0.7047269899605418,0.0,-0.6929,-1.7187
1.6501796245574951,-0.699238900901688,0.0,-0.6929,-1.7187
1.6551477909088135,-0.6935853963235843,0.0,-0.6929,-1.7187
1.6601765155792236,-0.6876909239869395,0.0,-0.7135,-1.0485
1.665287733078003,-0.6815238862972935,0.0,-0.7135,-1.0485
1.6702280044555664,-0.6753960873348783,0.0,-0.7135,-1.0485
1.6753664016723633,-0.6688499551741214,0.0,-0.7135,-1.0485
1.6801962852478027,-0.6625379184270799,0.0,-0.7135,-1.0485
1.6852238178253174,-0.6558055732684411,0.0,-0.7135,-1.0485
1.6901133060455322,-0.6491011468687173,0.0,-0.7205,-0.3543
1.6951334476470947,-0.6420582363958754,0.0,-0.7205,-0.3543
1.7001473903656006,-0.6348646203381901,0.0,-0.7205,-0.3543
1.7051465511322021,-0.6275353882451981,0.0,-0.7205,-0.3543
1.7103705406188965,-0.6197111846964987,0.0,-0.7205,-0.3543
1.7152495384216309,-0.6122529076907408,0.0,-0.7176,0.1504
1.7202434539794922,-0.6044700131107897,0.0,-0.7176,0.1504
1.725182294845581,-0.5966266150526518,0.0,-0.7176,0.1504
1.7301785945892334,-0.5885458280744972,0.0,-0.7176,0.1504
1.7351980209350586,-0.580281631988015,0.0,-0.7176,0.1504
1.740234136581421,-0.5718449493144747,0.0,-0.7092,0.4297
1.7454893589019775,-0.5628886276605691,0.0,-0.7092,0.4297
1.7502288818359375,-0.55467954839997,0.0,-0.7092,0.4297
1.755147933959961,-0.5460294942089673,0.0,-0.7092,0.4297
1.7602903842926025,-0.5368472173734292,0.0,-0.7092,0.4297
1.7652361392974854,-0.5278839499124224,0.0,-0.7092,0.4297
1.770141839981079,-0.5188673748691027,0.0,-0.6922,0.8631
1.7752563953399658,-0.5093357407424537,0.0,-0.6922,0.8631
1.7802507877349854,-0.4999011294903888,0.0,-0.6922,0.8631
1.7852118015289307,-0.49040773095879137,0.0,-0.6922,0.8631
1.7901856899261475,-0.4807701122733429,0.0,-0.6922,0.8631
1.7951750755310059,-0.470984531708821,0.0,-0.6922,0.8631
1.8002023696899414,-0.461007570432369,0.0,-0.6675,1.2609
1.8051464557647705,-0.4510835742023227,0.0,-0.6675,1.2609
1.8101613521575928,-0.4409062841455065,0.0,-0.6675,1.2609
1.8151218891143799,-0.4307316394617285,0.0,-0.6675,1.2609
1.8201406002044678,-0.4203312297339061,0.0,-0.6675,1.2609
1.8252546787261963,-0.4096257192519156,0.0,-0.6356,1.6206
1.8301465511322021,-0.39928638212847545,0.0,-0.6356,1.6206
1.8351449966430664,-0.3886244060768326,0.0,-0.6356,1.6206
1.8401658535003662,-0.3778181562007244,0.0,-0.6356,1.6206
1.845108985900879,-0.3670873480265862,0.0,-0.6,1.8147
1.8502261638641357,-0.35588548986892954,0.0,-0.6,1.8147
1.8551273345947266,-0.3450702164881698,0.0,-0.6,1.8147
1.8601560592651367,-0.3338884669222301,0.0,-0.6,1.8147
1.8652255535125732,-0.3225317234246,0.0,-0.6,1.8147
1.8701093196868896,-0.31151365024767647,0.0,-0.6,1.8147
1.8751845359802246,-0.29998599242318447,0.0,-0.5636,1.8535
1.8801512718200684,-0.2886308797200792,0.0,-0.5636,1.8535
1.885160207748413,-0.2771081266905942,0.0,-0.5636,1.8535
1.8901457786560059,-0.2655709815285025,0.0,-0.5636,1.8535
1.8951294422149658,-0.25397313916541203,0.0,-0.5636,1.8535
1.9001202583312988,-0.24229626358623857,0.0,-0.5636,1.8535
1.9051063060760498,-0.23057106528712715,0.0,-0.5201,2.2121
1.9102859497070312,-0.21833073571619835,0.0,-0.5201,2.2121
1.9151279926300049,-0.20683586584831065,0.0,-0.5201,2.2121
1.9201014041900635,-0.19497933021449124,0.0,-0.5201,2.2121
1.9251585006713867,-0.18287450168025177,0.0,-0.5201,2.2121
1.930114984512329,-0.17096569350938665,0.0,-0.5201,2.2121
1.9352483749389648,-0.15858817519075843,0.0,-0.4714,2.5287
1.9401309490203857,-0.14677709970893024,0.0,-0.4714,2.5287
1.9451050758361816,-0.13470906223455278,0.0,-0.4714,2.5287
1.9500958919525146,-0.12256747703673283,0.0,-0.4714,2.5287
1.9550962448120117,-0.11037247577938633,0.0,-0.4714,2.5287
1.9601256847381592,-0.09807906734714407,0.0,-0.4213,2.6552
1.9652900695800781,-0.08543036343675538,0.0,-0.4213,2.6552
1.9701504707336426,-0.07350558116123673,0.0,-0.4213,2.6552
1.9751203060150146,-0.06129460765199715,0.0,-0.4213,2.6552
1.98012113571167,-0.04899240489778939,0.0,-0.4213,2.6552
1.9851160049438477,-0.036692793329212,0.0,-0.4213,2.6552
1.990124225616455,-0.024351236143058747,0.0,-0.3691,3.0175
1.9951527118682861,-0.011953678737135535,0.0,-0.3691,3.0175
2.000117778778076,0.00029046015437494364,0.0,-0.3691,3.0175
2.005155086517334,0.012712662078067023,0.0,-0.3691,3.0175
2.0101261138916016,0.024968306268560565,0.0,-0.3691,3.0175
2.0151357650756836,0.03731300581761778,0.0,-0.3167,3.1416
2.0202066898345947,0.049799269755042445,0.0,-0.3167,3.1416
2.0251266956329346,0.061901872543595214,0.0,-0.3167,3.1416
2.030136823654175,0.074210949290507,0.0,-0.3167,3.1416
2.0351572036743164,0.08652677029922484,0.0,-0.3167,3.1416
2.040163993835449,0.09878781962978565,0.0,-0.3167,3.1416
2.0451242923736572,0.11091092431229714,0.0,-0.2644,3.1416
2.050292730331421,0.12351403200654165,0.0,-0.2644,3.1416
2.055162191390991,0.13535835842270194,0.0,-0.2644,3.1416
2.060117721557617,0.14737949858203397,0.0,-0.2644,3.1416
2.065077304840088,0.159374706433353,0.0,-0.2644,3.1416
2.0700933933258057,0.171467212195606,0.0,-0.2644,3.1416
2.075099468231201,0.18349312751919564,0.0,-0.212,3.1416
2.0801467895507812,0.1955721726833226,0.0,-0.212,3.1416
2.085137128829956,0.20746651930426072,0.0,-0.212,3.1416
2.090273380279541,0.21965536435705127,0.0,-0.212,3.1416
2.0951592922210693,0.2311970987294181,0.0,-0.212,3.1416
2.1002085208892822,0.24306736345404817,0.0,-0.1596,3.1416
2.1054844856262207,0.2554052746687144,0.0,-0.1596,3.1416
2.1101326942443848,0.26621714181007805,0.0,-0.1596,3.1416
2.115163564682007,0.27785505052624376,0.0,-0.1596,3.1416
2.120145320892334,0.28931095995851375,0.0,-0.1596,3.1416
2.12511944770813,0.30067862597995,0.0,-0.1073,3.1416
2.130138397216797,0.312074301967953,0.0,-0.1073,3.1416
2.1351158618927,0.32329916794052477,0.0,-0.1073,3.1416
2.1401140689849854,0.3344912604443808,0.0,-0.1073,3.1416
2.1451315879821777,0.3456436428958406,0.0,-0.0549,3.1416
2.1501498222351074,0.3567117155862323,0.0,-0.0549,3.1416
2.1551575660705566,0.3676682742411071,0.0,-0.0549,3.1416
2.160154342651367,0.3785101402095569,0.0,-0.0549,3.1416
2.1651883125305176,0.38933838518175157,0.0,-0.0549,3.1416
2.1701815128326416,0.3999827471399215,0.0,-0.0549,3.1416
2.175184726715088,0.4105497362312348,0.0,-0.0026,3.1416
2.180335283279419,0.42132194068181605,0.0,-0.0026,3.1416
2.1852059364318848,0.4314073035357144,0.0,-0.0026,3.1416
2.1901659965515137,0.4415739755883424,0.0,-0.0026,3.1416
2.195253372192383,0.45189020383687145,0.0,-0.0026,3.1416
2.2001070976257324,0.4616250735546665,0.0,0.0498,3.1416
2.2052011489868164,0.47172647721270267,0.0,0.0498,3.1416
2.2105419635772705,0.4821874316496813,0.0,0.0498,3.1416
2.2151546478271484,0.49111307156081785,0.0,0.0498,3.1416
2.220193862915039,0.5007461177130952,0.0,0.0498,3.1416
2.2252085208892822,0.5102076426033688,0.0,0.0498,3.1416
2.230109691619873,0.5193327005073437,0.0,0.0498,3.1416
2.2351653575897217,0.5286163708935339,0.0,0.1022,3.1416
2.2403693199157715,0.5380330597622017,0.0,0.1022,3.1416
2.2451977729797363,0.5466416972550066,0.0,0.1022,3.1416
2.2501261234283447,0.5552987176667865,0.0,0.1022,3.1416
2.2551183700561523,0.5639322544704843,0.0,0.1022,3.1416
2.2601282596588135,0.5724568535089734,0.0,0.1545,3.1416
2.265352964401245,0.5811958851341331,0.0,0.1545,3.1416
2.2701656818389893,0.5891073194674444,0.0,0.1545,3.1416
2.275273084640503,0.5973558455837088,0.0,0.1545,3.1416
2.280225992202759,0.6052079990799147,0.0,0.1545,3.1416
2.2852590084075928,0.6130370429265375,0.0,0.2069,3.1416
2.2902681827545166,0.6206768283509422,0.0,0.2069,3.1416
2.2952232360839844,0.6280828540872647,0.0,0.2069,3.1416
2.3002212047576904,0.6353988382665546,0.0,0.2069,3.1416
2.3052337169647217,0.6425787772134258,0.0,0.2069,3.1416
2.310241222381592,0.6495924424769042,0.0,0.2069,3.1416
2.3152363300323486,0.656428582233253,0.0,0.2593,3.1416
2.320220947265625,0.6630892280311831,0.0,0.2593,3.1416
2.325218439102173,0.6696038432724757,0.0,0.2593,3.1416
2.3301331996917725,0.6758496472786759,0.0,0.2593,3.1416
2.335235834121704,0.6821637115961795,0.0,0.2593,3.1416
2.340141534805298,0.6880688300646074,0.0,0.2593,3.1416
2.3451366424560547,0.6939136390679332,0.0,0.3116,3.1416
2.350229263305664,0.6996966252531239,0.0,0.3116,3.1416
2.35514235496521,0.7051060253552545,0.0,0.3116,3.1416
2.3601315021514893,0.7104272575217875,0.0,0.3116,3.1416
2.365147352218628,0.7156010368117324,0.0,0.3116,3.1416
2.370131254196167,0.7205658737302039,0.0,0.364,3.1416
2.3752541542053223,0.725485061076711,0.0,0.364,3.1416
2.3801727294921875,0.7300312465010169,0.0,0.364,3.1416
2.385193109512329,0.7344917668806592,0.0,0.364,3.1416
2.390169143676758,0.7387325983541906,0.0,0.364,3.1416
2.3951354026794434,0.7427851030725646,0.0,0.364,3.1416
2.4002163410186768,0.7467440625129547,0.0,0.4163,3.1416
2.4051878452301025,0.7504336014814341,0.0,0.4163,3.1416
2.4101717472076416,0.7539486014363391,0.0,0.4163,3.1416
2.4151527881622314,0.7572769132451149,0.0,0.4163,3.1416
2.4201929569244385,0.7604559835382714,0.0,0.4163,3.1416
2.425199270248413,0.7634249600722111,0.0,0.4163,3.1416
2.4301769733428955,0.7661897467707649,0.0,0.4687,3.1416
2.4352519512176514,0.768815667321954,0.0,0.4687,3.1416
2.4403645992279053,0.771263471071151,0.0,0.4687,3.1416
2.4451918601989746,0.7733920298514964,0.0,0.4687,3.1416
2.4501452445983887,0.7753913006925306,0.0,0.4687,3.1416
2.4551572799682617,0.7772231286451619,0.0,0.4687,3.1416
2.4601645469665527,0.7788607963881157,0.0,0.4687,3.1416
2.465147018432617,0.7802990531250886,0.0,0.5211,3.1416
2.4702811241149902,0.7815810821700829,0.0,0.5211,3.1416
2.475156545639038,0.7826103026538582,0.0,0.5211,3.1416
2.480128765106201,0.7834708570994171,0.0,0.5211,3.1416
2.48516583442688,0.784147710676524,0.0,0.5211,3.1416
2.4901702404022217,0.7846257251146977,0.0,0.5211,3.1416
2.4951438903808594,0.7849086501272737,0.0,0.5734,3.1416
2.5003502368927,0.7849995248145383,0.0,0.5734,3.1416
2.5052289962768555,0.7848940828454125,0.0,0.5734,3.1416
2.510157823562622,0.7846003278556934,0.0,0.5734,3.1416
2.5151939392089844,0.7841058760793879,0.0,0.5734,3.1416
2.520395278930664,0.7833891684795886,0.0,0.6255,2.9611
2.5253679752349854,0.7825083838421346,0.0,0.6255,2.9611
2.5303537845611572,0.7814335513469375,0.0,0.6255,2.9611
2.535212278366089,0.7802017294815722,0.0,0.6255,2.9611
2.540195941925049,0.7787493291761005,0.0,0.6255,2.9611
2.5452237129211426,0.7770906428006431,0.0,0.6255,2.9611
2.5502142906188965,0.7752525003068053,0.0,0.6695,2.2425
2.555144786834717,0.7732493509841523,0.0,0.6695,2.2425
2.5601558685302734,0.7710233708972872,0.0,0.6695,2.2425
2.565183639526367,0.7685979395689359,0.0,0.6695,2.2425
2.5702219009399414,0.7659750950409006,0.0,0.6695,2.2425
2.575197696685791,0.7631964240749295,0.0,0.6695,2.2425
2.580228328704834,0.760197550378218,0.0,0.7022,1.6583
2.585374355316162,0.7569334379618565,0.0,0.7022,1.6583
2.590212345123291,0.7536842748699928,0.0,0.7022,1.6583
2.5952534675598145,0.7501134773646647,0.0,0.7022,1.6583
2.6002469062805176,0.7463909777962291,0.0,0.7022,1.6583
2.605313301086426,0.7424263729773848,0.0,0.7022,1.6583
2.6103150844573975,0.7383278270093898,0.0,0.7245,1.1387
2.615291118621826,0.7340694825974025,0.0,0.7245,1.1387
2.620241403579712,0.7296551731978979,0.0,0.7245,1.1387
2.625232696533203,0.7250256307709821,0.0,0.7245,1.1387
2.630382776260376,0.7200619591898365,0.0,0.7245,1.1387
2.6351771354675293,0.715271694355164,0.0,0.7245,1.1387
2.640172243118286,0.7101082707822038,0.0,0.7383,0.6994
2.6452438831329346,0.7046868375932622,0.0,0.7383,0.6994
2.6502552032470703,0.6991541689250944,0.0,0.7383,0.6994
2.6551389694213867,0.6935955848490535,0.0,0.7383,0.6994
2.6601102352142334,0.6877697346703561,0.0,0.7383,0.6994
2.66512393951416,0.6817242484920799,0.0,0.7383,0.6994
2.670102834701538,0.6755533600723043,0.0,0.7427,0.2206
2.6751508712768555,0.6691280471564324,0.0,0.7427,0.2206
2.6801018714904785,0.6626627715979124,0.0,0.7427,0.2206
2.6851139068603516,0.6559545098830739,0.0,0.7427,0.2206
2.6901206970214844,0.6490908960899029,0.0,0.7427,0.2206
2.695136547088623,0.6420538385830401,0.0,0.739,-0.1871
2.7003114223480225,0.6346266092334264,0.0,0.739,-0.1871
2.7052369117736816,0.6274014815356492,0.0,0.739,-0.1871
2.71012020111084,0.6200899540061333,0.0,0.739,-0.1871
2.7151401042938232,0.6124217776833809,0.0,0.739,-0.1871
2.7201430797576904,0.6046279154890436,0.0,0.739,-0.1871
2.725145101547241,0.5966862210566192,0.0,0.739,-0.1871
2.730250120162964,0.5884290883392747,0.0,0.7293,-0.4932
2.7353291511535645,0.5800637906224322,0.0,0.7293,-0.4932
2.740144729614258,0.5719959814265262,0.0,0.7293,-0.4932
2.7451632022857666,0.5634489777353363,0.0,0.7293,-0.4932
2.7501959800720215,0.5547369618117691,0.0,0.7293,-0.4932
2.7551639080047607,0.5460011906328283,0.0,0.7293,-0.4932
2.76017689704895,0.5370513791996182,0.0,0.7105,-0.9581
2.7652599811553955,0.5278404305515718,0.0,0.7105,-0.9581
2.7701010704040527,0.5189428193277899,0.0,0.7105,-0.9581
2.7751259803771973,0.5095804301204002,0.0,0.7105,-0.9581
2.7801389694213867,0.5001137143825003,0.0,0.7105,-0.9581
2.785191297531128,0.4904472141660262,0.0,0.685,-1.2995
2.790311813354492,0.4805241940912889,0.0,0.685,-1.2995
2.7951152324676514,0.47110259115337705,0.0,0.685,-1.2995
2.8000926971435547,0.461226458090227,0.0,0.685,-1.2995
2.805103302001953,0.4511706686923432,0.0,0.685,-1.2995
2.810131072998047,0.44096806397023497,0.0,0.6554,-1.5079
2.8151628971099854,0.4306470878641712,0.0,0.6554,-1.5079
2.8201072216033936,0.42040074914060915,0.0,0.6554,-1.5079
2.825115203857422,0.40991910283005556,0.0,0.6554,-1.5079
2.830091953277588,0.39940230370996216,0.0,0.622,-1.7003
2.835171937942505,0.3885666766956664,0.0,0.622,-1.7003
2.8401358127593994,0.37788309426883787,0.0,0.622,-1.7003
2.8451027870178223,0.3671008608637127,0.0,0.622,-1.7003
2.850106716156006,0.35614802889145314,0.0,0.5876,-1.7511
2.8552029132843018,0.34490279204802254,0.0,0.5876,-1.7511
2.8601386547088623,0.33392731259181635,0.0,0.5876,-1.7511
2.865112066268921,0.3227868649107699,0.0,0.5876,-1.7511
2.8701090812683105,0.31151418994548036,0.0,0.5876,-1.7511
2.875100612640381,0.30017724097570203,0.0,0.5519,-1.8156
2.8801472187042236,0.28864017511126194,0.0,0.5519,-1.8156
2.8851051330566406,0.2772352010028741,0.0,0.5519,-1.8156
2.890115976333618,0.2656401436769801,0.0,0.5519,-1.8156
2.8951144218444824,0.2540081891166749,0.0,0.5519,-1.8156
2.9001152515411377,0.24230800816418355,0.0,0.5119,-2.0404
2.9053053855895996,0.23010171590853928,0.0,0.5119,-2.0404
2.9101600646972656,0.21862892078951632,0.0,0.5119,-2.0404
2.915180206298828,0.20671164648817006,0.0,0.5119,-2.0404
2.920198917388916,0.19474637502082962,0.0,0.5119,-2.0404
2.9252185821533203,0.18273040520475856,0.0,0.5119,-2.0404
2.930142641067505,0.1708991248764216,0.0,0.4679,-2.2371
2.9352126121520996,0.1586745520507289,0.0,0.4679,-2.2371
2.94016170501709,0.14670258776752743,0.0,0.4679,-2.2371
2.9451496601104736,0.13460074041291617,0.0,0.4679,-2.2371
2.9501075744628906,0.12253901948111595,0.0,0.4679,-2.2371
2.9551124572753906,0.11033289044214548,0.0,0.4184,-2.597
2.9601235389709473,0.0980843176633955,0.0,0.4184,-2.597
2.965109348297119,0.08587338834557028,0.0,0.4184,-2.597
2.9701106548309326,0.07360334116143318,0.0,0.4184,-2.597
2.975114107131958,0.06130984834362696,0.0,0.4184,-2.597
2.980167865753174,0.04887738572837378,0.0,0.3675,-2.7496
2.9851551055908203,0.03659647038115981,0.0,0.3675,-2.7496
2.990110158920288,0.024385910010206725,0.0,0.3675,-2.7496
2.995116710662842,0.012042452747418044,0.0,0.3675,-2.7496
3.000119686126709,-0.0002951639623234743,0.0,0.3157,-2.8979
3.0053601264953613,-0.013218252483544822,0.0,0.3157,-2.8979
3.010161876678467,-0.025056457891834832,0.0,0.3157,-2.8979
3.015141725540161,-0.037327688597089834,0.0,0.3157,-2.8979
3.020134687423706,-0.04962205738870959,0.0,0.3157,-2.8979
3.0251200199127197,-0.06188546046739738,0.0,0.3157,-2.8979
3.0302131175994873,-0.07439825683293634,0.0,0.2642,-2.8355
3.0352728366851807,-0.08681019532672432,0.0,0.2642,-2.8355
3.040165424346924,-0.09879131943853019,0.0,0.2642,-2.8355
3.0451598167419434,-0.11099765321215668,0.0,0.2642,-2.8355
3.0501859188079834,-0.1232538928541004,0.0,0.2642,-2.8355
3.0551085472106934,-0.13522804345576098,0.0,0.2118,-3.1416
3.060150146484375,-0.14745804061560902,0.0,0.2118,-3.1416
3.0651190280914307,-0.15947545791382237,0.0,0.2118,-3.1416
3.0701141357421875,-0.1715171305183885,0.0,0.2118,-3.1416
3.0751101970672607,-0.18351885334299167,0.0,0.2118,-3.1416
3.0801286697387695,-0.1955288952157269,0.0,0.1595,-3.1416
3.0853431224823,-0.20795642409372342,0.0,0.1595,-3.1416
3.0901825428009033,-0.2194402852670852,0.0,0.1595,-3.1416
3.0951626300811768,-0.23120496527186862,0.0,0.1595,-3.1416
3.1001365184783936,-0.24289851529040452,0.0,0.1595,-3.1416
3.105121612548828,-0.254558899736643,0.0,0.1595,-3.1416
3.1101579666137695,-0.26627577299126665,0.0,0.1071,-3.1416
3.11518931388855,-0.2779144400917324,0.0,0.1071,-3.1416
3.1201388835906982,-0.2892962020390954,0.0,0.1071,-3.1416
3.125129222869873,-0.3007008943547022,0.0,0.1071,-3.1416
3.1301515102386475,-0.3121039750911435,0.0,0.0547,-3.1416
3.135226249694824,-0.3235472216617877,0.0,0.0547,-3.1416
3.140122413635254,-0.3345098777700177,0.0,0.0547,-3.1416
3.1451330184936523,-0.3456468103626283,0.0,0.0547,-3.1416
3.150127649307251,-0.35666300459598493,0.0,0.0547,-3.1416
3.155122995376587,-0.3675929450434447,0.0,0.0024,-3.1416
3.1602821350097656,-0.37878620861453993,0.0,0.0024,-3.1416
3.1652023792266846,-0.3893685079642816,0.0,0.0024,-3.1416
3.1701314449310303,-0.39987649795781255,0.0,0.0024,-3.1416
3.1750967502593994,-0.4103647948709453,0.0,0.0024,-3.1416
3.1801555156707764,-0.42094780471881094,0.0,0.0024,-3.1416
3.1852190494537354,-0.43143432058565195,0.0,-0.05,-3.1416
3.190187454223633,-0.4416177263876704,0.0,-0.05,-3.1416
3.1951780319213867,-0.4517382637027276,0.0,-0.05,-3.1416
3.200185537338257,-0.46178152084837315,0.0,-0.05,-3.1416
3.205190420150757,-0.4717053281944394,0.0,-0.05,-3.1416
3.2102322578430176,-0.481584496147381,0.0,-0.1023,-3.1416
3.215304374694824,-0.4914010781268843,0.0,-0.1023,-3.1416
3.22041916847229,-0.5011739023905933,0.0,-0.1023,-3.1416
3.22530460357666,-0.5103877000021804,0.0,-0.1023,-3.1416
3.2302298545837402,-0.5195548838059777,0.0,-0.1023,-3.1416
3.2352027893066406,-0.5286846119561057,0.0,-0.1023,-3.1416
3.240199089050293,-0.5377272845960253,0.0,-0.1023,-3.1416
3.245450973510742,-0.5470896741817164,0.0,-0.1547,-3.1416
3.2502288818359375,-0.5554778110661175,0.0,-0.1547,-3.1416
3.255415678024292,-0.5644420600906411,0.0,-0.1547,-3.1416
3.2603726387023926,-0.5728690674261185,0.0,-0.1547,-3.1416
3.265199661254883,-0.5809416830776928,0.0,-0.1547,-3.1416
3.270186424255371,-0.5891411269306442,0.0,-0.1547,-3.1416
3.275216579437256,-0.5972654263197567,0.0,-0.1547,-3.1416
3.2802796363830566,-0.6052922458493112,0.0,-0.2071,-3.1416
3.2854015827178955,-0.6132565994301522,0.0,-0.2071,-3.1416
3.290306806564331,-0.6207351410441211,0.0,-0.2071,-3.1416
3.295240640640259,-0.6281086004571692,0.0,-0.2071,-3.1416
3.300187110900879,-0.6353494605843655,0.0,-0.2071,-3.1416
3.305265188217163,-0.6426233552256132,0.0,-0.2594,-3.1416
3.3103015422821045,-0.6496759519138336,0.0,-0.2594,-3.1416
3.315415382385254,-0.6566706362927397,0.0,-0.2594,-3.1416
3.320265531539917,-0.6631480720428503,0.0,-0.2594,-3.1416
3.325364112854004,-0.6697912722569552,0.0,-0.2594,-3.1416
3.3302018642425537,-0.6759357701489779,0.0,-0.2594,-3.1416
3.335174560546875,-0.6820889275468113,0.0,-0.3118,-3.1416
3.3403303623199463,-0.6882928691266988,0.0,-0.3118,-3.1416
3.3452582359313965,-0.694053791733108,0.0,-0.3118,-3.1416
3.350153684616089,-0.699612106603034,0.0,-0.3118,-3.1416
3.355255365371704,-0.7052284802991573,0.0,-0.3118,-3.1416
3.3602309226989746,-0.7105315263297755,0.0,-0.3118,-3.1416
3.3652548789978027,-0.7157100083101463,0.0,-0.3118,-3.1416
3.3701727390289307,-0.7206064602292068,0.0,-0.3641,-3.1416
3.3752083778381348,-0.725441935197326,0.0,-0.3641,-3.1416
3.3802318572998047,-0.7300848395338159,0.0,-0.3641,-3.1416
3.385188579559326,-0.734487824286938,0.0,-0.3641,-3.1416
3.3901712894439697,-0.7387343882194535,0.0,-0.3641,-3.1416
3.3951380252838135,-0.742787195456719,0.0,-0.3641,-3.1416
3.400184154510498,-0.7467195812402325,0.0,-0.4165,-3.1416
3.40519118309021,-0.7504360172380248,0.0,-0.4165,-3.1416
3.4101052284240723,-0.7539029027949399,0.0,-0.4165,-3.1416
3.4150993824005127,-0.7572422097383553,0.0,-0.4165,-3.1416
3.4201266765594482,-0.760415412846809,0.0,-0.4689,-3.1416
3.4251608848571777,-0.763402913245455,0.0,-0.4689,-3.1416
3.4301578998565674,-0.7661795098793149,0.0,-0.4689,-3.1416
3.4351441860198975,-0.7687619354697462,0.0,-0.4689,-3.1416
3.440140724182129,-0.7711604465826449,0.0,-0.4689,-3.1416
3.445126533508301,-0.7733644105169144,0.0,-0.5212,-3.1416
3.450314521789551,-0.7754563084937672,0.0,-0.5212,-3.1416
3.455324411392212,-0.7772808953042278,0.0,-0.5212,-3.1416
3.460143804550171,-0.7788544096846987,0.0,-0.5212,-3.1416
3.465190887451172,-0.780310867936937,0.0,-0.5212,-3.1416
3.470212697982788,-0.7815653317963863,0.0,-0.5212,-3.1416
3.475315809249878,-0.782640828341477,0.0,-0.5736,-3.1416
3.4802470207214355,-0.7834889972710412,0.0,-0.5736,-3.1416
3.485244035720825,-0.7841566714155594,0.0,-0.5736,-3.1416
3.4901838302612305,-0.7846267592038955,0.0,-0.5736,-3.1416
3.4951372146606445,-0.7849083988011971,0.0,-0.5736,-3.1416
3.5001749992370605,-0.7849998813653083,0.0,-0.5736,-3.1416
3.5053043365478516,-0.7848910087837502,0.0,-0.5736,-3.1416
3.510136365890503,-0.7846020144870237,0.0,-0.6247,-2.7766
3.515185594558716,-0.7841068577455216,0.0,-0.6247,-2.7766
3.520148277282715,-0.7834279359507855,0.0,-0.6247,-2.7766
3.525109052658081,-0.7825589602457133,0.0,-0.6247,-2.7766
3.5301096439361572,-0.7814906491112356,0.0,-0.6247,-2.7766
3.5351529121398926,-0.780217878721182,0.0,-0.6678,-2.1919
3.5401997566223145,-0.7787481442880195,0.0,-0.6678,-2.1919
3.545186758041382,-0.7771035421882183,0.0,-0.6678,-2.1919
3.5503172874450684,-0.7752125555996754,0.0,-0.6678,-2.1919
3.555185317993164,-0.773232114595968,0.0,-0.6678,-2.1919
3.5601675510406494,-0.7710179579101923,0.0,-0.7006,-1.6717
3.565160036087036,-0.7686097745113527,0.0,-0.7006,-1.6717
3.570161819458008,-0.766007504468565,0.0,-0.7006,-1.6717
3.575284004211426,-0.763146579266311,0.0,-0.7006,-1.6717
3.5801312923431396,-0.7602571943468556,0.0,-0.7006,-1.6717
3.585153818130493,-0.7570773878489065,0.0,-0.7006,-1.6717
3.590153694152832,-0.753724708587104,0.0,-0.7006,-1.6717
3.595242500305176,-0.7501214503805907,0.0,-0.7244,-1.206
3.6001389026641846,-0.7464734389455306,0.0,-0.7244,-1.206
3.6051793098449707,-0.7425336509441143,0.0,-0.7244,-1.206
3.6101462841033936,-0.7384691230284641,0.0,-0.7244,-1.206
3.615156412124634,-0.7341871276521904,0.0,-0.7244,-1.206
3.620131254196167,-0.7297553201940493,0.0,-0.7244,-1.206
3.6252129077911377,-0.7250443380463575,0.0,-0.7393,-0.7576
3.6302270889282227,-0.7202147809574541,0.0,-0.7393,-0.7576
3.635159492492676,-0.7152896204043515,0.0,-0.7393,-0.7576
3.6401193141937256,-0.7101639021272382,0.0,-0.7393,-0.7576
3.645132303237915,-0.7048080428796355,0.0,-0.7393,-0.7576
3.65018892288208,-0.6992284785894265,0.0,-0.746,-0.343
3.655238151550293,-0.6934810021054553,0.0,-0.746,-0.343
3.6601452827453613,-0.6877280651102904,0.0,-0.746,-0.343
3.6651227474212646,-0.681725706070621,0.0,-0.746,-0.343
3.670125961303711,-0.6755243099283367,0.0,-0.746,-0.343
3.6752636432647705,-0.6689825793204812,0.0,-0.746,-0.343
3.680143356323242,-0.6626079190510207,0.0,-0.7462,-0.0064
3.6852540969848633,-0.6557645292698087,0.0,-0.7462,-0.0064
3.6901421546936035,-0.6490611337815114,0.0,-0.7462,-0.0064
3.695115804672241,-0.642083268940183,0.0,-0.7462,-0.0064
3.700136423110962,-0.634880527859145,0.0,-0.7462,-0.0064
3.705101251602173,-0.6276024992279079,0.0,-0.7462,-0.0064
3.7101495265960693,-0.6200456037155433,0.0,-0.7388,0.3729
3.715176582336426,-0.6123654957277626,0.0,-0.7388,0.3729
3.720158100128174,-0.604604290216944,0.0,-0.7388,0.3729
3.7253191471099854,-0.5964072254041586,0.0,-0.7388,0.3729
3.730180263519287,-0.5885431044859261,0.0,-0.7388,0.3729
3.7351367473602295,-0.5803833895598195,0.0,-0.726,0.6519
3.740312099456787,-0.5717132124898665,0.0,-0.726,0.6519
3.7451236248016357,-0.5635169331958491,0.0,-0.726,0.6519
3.7501087188720703,-0.554889203458752,0.0,-0.726,0.6519
3.7551071643829346,-0.5461017254605659,0.0,-0.726,0.6519
3.760101795196533,-0.5371864487556707,0.0,-0.7062,1.0099
3.7651450634002686,-0.5280501666041781,0.0,-0.7062,1.0099
3.7701215744018555,-0.5189048775646474,0.0,-0.7062,1.0099
3.775101661682129,-0.5096260482944718,0.0,-0.7062,1.0099
3.7801568508148193,-0.5000797230754819,0.0,-0.6819,1.2382
3.7851202487945557,-0.4905840123260433,0.0,-0.6819,1.2382
3.79011607170105,-0.4809058230627436,0.0,-0.6819,1.2382
3.795125722885132,-0.4710818966773523,0.0,-0.6819,1.2382
3.800182580947876,-0.46104706942656737,0.0,-0.6556,1.3413
3.8051328659057617,-0.4511110026433211,0.0,-0.6556,1.3413
3.8101086616516113,-0.4410137882000026,0.0,-0.6556,1.3413
3.81510066986084,-0.4307753871911193,0.0,-0.6556,1.3413
3.8202381134033203,-0.42012810728062316,0.0,-0.6296,1.3223
3.8253016471862793,-0.4095269040007839,0.0,-0.6296,1.3223
3.830122709274292,-0.3993370043514733,0.0,-0.6296,1.3223
3.8351120948791504,-0.38869490366893467,0.0,-0.6296,1.3223
3.840092182159424,-0.37797740308789207,0.0,-0.5983,1.5901
3.8452744483947754,-0.36672660778336297,0.0,-0.5983,1.5901
3.8501346111297607,-0.3560867218703011,0.0,-0.5983,1.5901
3.855186939239502,-0.3449381799070252,0.0,-0.5983,1.5901
3.860180377960205,-0.3338341877395069,0.0,-0.5983,1.5901
3.865185022354126,-0.32262285009207253,0.0,-0.5652,1.6873
3.8711602687835693,-0.3091329683756928,0.0,-0.5652,1.6873
3.8752357959747314,-0.2998691684175396,0.0,-0.5652,1.6873
3.8804678916931152,-0.2879046011371619,0.0,-0.5652,1.6873
3.8852906227111816,-0.27680718604682586,0.0,-0.5652,1.6873
3.8901443481445312,-0.26557430136482485,0.0,-0.5652,1.6873
3.8951256275177,-0.25398204079391296,0.0,-0.5273,1.9314
3.9001784324645996,-0.24215979838185211,0.0,-0.5273,1.9314
3.9051637649536133,-0.2304356096274407,0.0,-0.5273,1.9314
3.910465955734253,-0.2179042943376518,0.0,-0.5273,1.9314
3.915210008621216,-0.20664074253333647,0.0,-0.5273,1.9314
3.9201581478118896,-0.1948437741600667,0.0,-0.482,2.3066
3.9251720905303955,-0.1828419089998401,0.0,-0.482,2.3066
3.9301884174346924,-0.1707889394768269,0.0,-0.482,2.3066
3.9351248741149902,-0.15888645479362004,0.0,-0.482,2.3066
3.9401257038116455,-0.14678980703504865,0.0,-0.482,2.3066
3.9451522827148438,-0.13459436845879966,0.0,-0.482,2.3066
3.9501559734344482,-0.12242112213557443,0.0,-0.482,2.3066
3.9551661014556885,-0.11020190750707623,0.0,-0.4337,2.4931
3.960416555404663,-0.09736731665858744,0.0,-0.4337,2.4931
3.9651618003845215,-0.08574480876299029,0.0,-0.4337,2.4931
3.970155954360962,-0.07349211711897413,0.0,-0.4337,2.4931
3.975167989730835,-0.061177370785803854,0.0,-0.4337,2.4931
3.980144739151001,-0.04893430861240246,0.0,-0.4337,2.4931
3.9851629734039307,-0.036577088257755117,0.0,-0.3815,3.0232
3.9903125762939453,-0.02388695438434419,0.0,-0.3815,3.0232
3.9951274394989014,-0.012015996932601233,0.0,-0.3815,3.0232
4.000226974487305,0.0005597531373321867,0.0,-0.3815,3.0232
4.005208253860474,0.012843763361016312,0.0,-0.3815,3.0232
4.01019549369812,0.02513932012934109,0.0,-0.3815,3.0232
4.015215635299683,0.03750975397352687,0.0,-0.3291,3.1416
4.020391941070557,0.050255198447575804,0.0,-0.3291,3.1416
4.025245428085327,0.06219376848642836,0.0,-0.3291,3.1416
4.03015661239624,0.07425953259424928,0.0,-0.3291,3.1416
4.035227060317993,0.0866979954465458,0.0,-0.3291,3.1416
4.040194749832153,0.09886306507797418,0.0,-0.3291,3.1416
4.045227766036987,0.1111635402087465,0.0,-0.3291,3.1416
4.050142049789429,0.12314704596570192,0.0,-0.2768,3.1416
4.0553576946258545,0.13583325151631123,0.0,-0.2768,3.1416
4.060265302658081,0.14773696796541996,0.0,-0.2768,3.1416
4.06528639793396,0.15987958772267338,0.0,-0.2768,3.1416
4.070208311080933,0.17174376201602526,0.0,-0.2768,3.1416
4.075207471847534,0.18375209129392453,0.0,-0.2768,3.1416
4.080406665802002,0.19619279288653127,0.0,-0.2244,3.1416
4.085149526596069,0.20749600677408356,0.0,-0.2244,3.1416
4.090144157409668,0.21934939345503032,0.0,-0.2244,3.1416
4.0951621532440186,0.23120384148164702,0.0,-0.2244,3.1416
4.100161075592041,0.2429561039750171,0.0,-0.2244,3.1416
4.105179071426392,0.2546929404421329,0.0,-0.2244,3.1416
4.110188245773315,0.26634601757354215,0.0,-0.2244,3.1416
4.115178108215332,0.27788859485616046,0.0,-0.172,3.1416
4.120351552963257,0.28978369731896003,0.0,-0.172,3.1416
4.1254401206970215,0.30140898924592274,0.0,-0.172,3.1416
4.130107879638672,0.31200524246715994,0.0,-0.172,3.1416
4.135138988494873,0.32335113921939546,0.0,-0.172,3.1416
4.140110969543457,0.3344843453791662,0.0,-0.172,3.1416
4.14511775970459,0.3456130236903301,0.0,-0.1197,3.1416
4.150172233581543,0.35676094859168456,0.0,-0.1197,3.1416
4.155148506164551,0.36764853321551383,0.0,-0.1197,3.1416
4.160123109817505,0.3784426589882258,0.0,-0.1197,3.1416
4.165164232254028,0.3892868172976443,0.0,-0.1197,3.1416
4.170131206512451,0.39987599198565665,0.0,-0.0673,3.1416
4.175193786621094,0.41056877990208934,0.0,-0.0673,3.1416
4.180233001708984,0.421109086690461,0.0,-0.0673,3.1416
4.185143709182739,0.4312790853732698,0.0,-0.0673,3.1416
4.190166711807251,0.4415754339806503,0.0,-0.0673,3.1416
4.195183753967285,0.4517498043478957,0.0,-0.0673,3.1416
4.200145244598389,0.46170116084694157,0.0,-0.0149,3.1416
4.205246210098267,0.47181529723694365,0.0,-0.0149,3.1416
4.21019434928894,0.4815106643996806,0.0,-0.0149,3.1416
4.21518874168396,0.49117866223061135,0.0,-0.0149,3.1416
4.220136404037476,0.5006369811462656,0.0,-0.0149,3.1416
4.225135803222656,0.5100713399687664,0.0,-0.0149,3.1416
4.230215549468994,0.5195284372952006,0.0,0.0374,3.1416
4.235193729400635,0.52866809568161,0.0,0.0374,3.1416
4.240132808685303,0.5376081876767875,0.0,0.0374,3.1416
4.245157957077026,0.5465712211933612,0.0,0.0374,3.1416
4.250136137008667,0.5553161724690263,0.0,0.0374,3.1416
4.255124807357788,0.5639432979761412,0.0,0.0898,3.1416
4.260283470153809,0.5727186987288642,0.0,0.0898,3.1416
4.2651047706604,0.5807842712042539,0.0,0.0898,3.1416
4.270112037658691,0.5890198747726878,0.0,0.0898,3.1416
4.275144338607788,0.5971497995951822,0.0,0.0898,3.1416
4.280126333236694,0.6050514416766021,0.0,0.1421,3.1416
4.285454034805298,0.6133373417704697,0.0,0.1421,3.1416
4.290212869644165,0.6205933029005016,0.0,0.1421,3.1416
4.295131206512451,0.6279466845343425,0.0,0.1421,3.1416
4.300135850906372,0.6352752076942348,0.0,0.1421,3.1416
4.3051934242248535,0.6425216946802372,0.0,0.1421,3.1416
4.310159921646118,0.6494798493709001,0.0,0.1945,3.1416
4.315327882766724,0.6565523748441652,0.0,0.1945,3.1416
4.320215940475464,0.6630826190676544,0.0,0.1945,3.1416
4.325233697891235,0.6696234823446693,0.0,0.1945,3.1416
4.330150127410889,0.6758708818795715,0.0,0.1945,3.1416
4.335160255432129,0.6820714645964102,0.0,0.1945,3.1416
4.3402392864227295,0.6881848401164514,0.0,0.2469,3.1416
4.345218181610107,0.6940076349814375,0.0,0.2469,3.1416
4.3501975536346436,0.6996611695498438,0.0,0.2469,3.1416
4.355149984359741,0.7051142951534015,0.0,0.2469,3.1416
4.360152006149292,0.7104487670737687,0.0,0.2469,3.1416
4.365159034729004,0.7156128802414503,0.0,0.2469,3.1416
4.370145082473755,0.7205794039231469,0.0,0.2992,3.1416
4.375204801559448,0.7254385653561373,0.0,0.2992,3.1416
4.380259990692139,0.7301103305999305,0.0,0.2992,3.1416
4.385131597518921,0.7344382179039457,0.0,0.2992,3.1416
4.39012598991394,0.7386965950487417,0.0,0.2992,3.1416
4.395129919052124,0.7427807279245766,0.0,0.2992,3.1416
4.400118589401245,0.7466696883642895,0.0,0.3516,3.1416
4.405156850814819,0.7504111655153337,0.0,0.3516,3.1416
4.410205125808716,0.7539715202483144,0.0,0.3516,3.1416
4.415167570114136,0.7572865149133513,0.0,0.3516,3.1416
4.420138597488403,0.7604227121654896,0.0,0.3516,3.1416
4.425111293792725,0.7633744139526751,0.0,0.3516,3.1416
4.430270433425903,0.766239867771957,0.0,0.4039,3.1416
4.435148239135742,0.7687639579527353,0.0,0.4039,3.1416
4.440131425857544,0.7711561593590868,0.0,0.4039,3.1416
4.445194482803345,0.7733931379767843,0.0,0.4039,3.1416
4.450175523757935,0.7754029449534051,0.0,0.4039,3.1416
4.455171585083008,0.7772280813949657,0.0,0.4563,3.1416
4.460173845291138,0.7788636583194912,0.0,0.4563,3.1416
4.465230464935303,0.7803215142347153,0.0,0.4563,3.1416
4.470281362533569,0.7815811369862925,0.0,0.4563,3.1416
4.4752795696258545,0.7826338995952682,0.0,0.4563,3.1416
4.480346202850342,0.7835041282268855,0.0,0.4563,3.1416
4.4852986335754395,0.7841628994841768,0.0,0.4563,3.1416
4.490176677703857,0.784626215124701,0.0,0.5087,3.1416
4.49540638923645,0.7849182589419693,0.0,0.5087,3.1416
4.50015926361084,0.7849999017409609,0.0,0.5087,3.1416
4.505146265029907,0.784897407823546,0.0,0.5087,3.1416
4.5101845264434814,0.784598223957411,0.0,0.5087,3.1416
4.515121221542358,0.7841144124855692,0.0,0.5087,3.1416
4.5202319622039795,0.7834148542486733,0.0,0.561,3.1416
4.52527117729187,0.7825273523813581,0.0,0.561,3.1416
4.5301432609558105,0.7814828143091253,0.0,0.561,3.1416
4.535121440887451,0.7802264287570093,0.0,0.561,3.1416
4.540264368057251,0.7787280582560986,0.0,0.561,3.1416
4.545156002044678,0.7771142698214234,0.0,0.561,3.1416
4.550130367279053,0.7752849878322402,0.0,0.6134,3.1416
4.555153131484985,0.7732458033408637,0.0,0.6134,3.1416
4.560269594192505,0.7709706329710916,0.0,0.6134,3.1416
4.565124034881592,0.7686278176481058,0.0,0.6134,3.1416
4.570132732391357,0.7660231849428586,0.0,0.6134,3.1416
4.575200080871582,0.7631950479000773,0.0,0.6614,2.4738
4.580214023590088,0.7602063475407363,0.0,0.6614,2.4738
4.585191249847412,0.7570529808781371,0.0,0.6614,2.4738
4.590212821960449,0.7536839460357208,0.0,0.6614,2.4738
4.59524393081665,0.750120410472492,0.0,0.6614,2.4738
4.600489139556885,0.7462057193464022,0.0,0.6956,1.7396
4.6051716804504395,0.7425397553391163,0.0,0.6956,1.7396
4.610406875610352,0.7382509051546718,0.0,0.6956,1.7396
4.615299940109253,0.7340617738212033,0.0,0.6956,1.7396
4.620254755020142,0.7296430282305718,0.0,0.6956,1.7396
4.625185966491699,0.7250698024829925,0.0,0.6956,1.7396
4.6302220821380615,0.7202196927338544,0.0,0.7181,1.1441
4.635374307632446,0.7150712091525421,0.0,0.7181,1.1441
4.64014458656311,0.7101373418623198,0.0,0.7181,1.1441
4.645119905471802,0.704821504787967,0.0,0.7181,1.1441
4.6501171588897705,0.6993089019922182,0.0,0.7181,1.1441
4.655119895935059,0.6936176122722074,0.0,0.73,0.6042
4.660120010375977,0.6877581133866,0.0,0.73,0.6042
4.665093898773193,0.6817609765557533,0.0,0.73,0.6042
4.6700944900512695,0.6755638412075322,0.0,0.73,0.6042
4.6751086711883545,0.6691824606726391,0.0,0.7336,0.1796
4.68013334274292,0.6626211603514519,0.0,0.7336,0.1796
4.6851677894592285,0.6558815051751524,0.0,0.7336,0.1796
4.6901140213012695,0.649100154873159,0.0,0.7336,0.1796
4.6950929164886475,0.642115740652828,0.0,0.7312,-0.1223
4.700160503387451,0.6348455994869097,0.0,0.7312,-0.1223
4.705096960067749,0.6276088564513729,0.0,0.7312,-0.1223
4.710151195526123,0.620043079556987,0.0,0.7312,-0.1223
4.7150959968566895,0.6124898202862454,0.0,0.7237,-0.3788
4.720213890075684,0.6045165274199722,0.0,0.7237,-0.3788
4.725180387496948,0.5966296719689657,0.0,0.7237,-0.3788
4.730114459991455,0.588650479434529,0.0,0.7237,-0.3788
4.735121488571167,0.5804087266223086,0.0,0.7237,-0.3788
4.740190505981445,0.5719186586220186,0.0,0.7119,-0.6034
4.74514102935791,0.5634870502411271,0.0,0.7119,-0.6034
4.750384092330933,0.5544086269616407,0.0,0.7119,-0.6034
4.755169153213501,0.5459918966213719,0.0,0.7119,-0.6034
4.760236501693726,0.5369441598597431,0.0,0.7119,-0.6034
4.76521635055542,0.5279200687327932,0.0,0.7119,-0.6034
4.770132303237915,0.5188850234584139,0.0,0.7119,-0.6034
4.775141477584839,0.5095513581636928,0.0,0.6942,-0.9025
4.7802958488464355,0.4998154435112936,0.0,0.6942,-0.9025
4.785133361816406,0.4905587661825022,0.0,0.6942,-0.9025
4.790323972702026,0.4805004815453235,0.0,0.6942,-0.9025
4.795161485671997,0.4710113434820238,0.0,0.6942,-0.9025
4.800167560577393,0.4610770494012791,0.0,0.6667,-1.4019
4.805162668228149,0.45105085147787843,0.0,0.6667,-1.4019
4.81012225151062,0.4409860620662449,0.0,0.6667,-1.4019
4.815225839614868,0.4305172970892794,0.0,0.6667,-1.4019
4.820173978805542,0.42026170570522753,0.0,0.6667,-1.4019
4.825122117996216,0.40990456088232935,0.0,0.635,-1.6129
4.83033013343811,0.3988965160010082,0.0,0.635,-1.6129
4.8351311683654785,0.3886540360054663,0.0,0.635,-1.6129
4.840154647827148,0.3778423795244366,0.0,0.635,-1.6129
4.845193862915039,0.3669023121016628,0.0,0.635,-1.6129
4.85017204284668,0.35600445088697613,0.0,0.635,-1.6129
4.855177164077759,0.34495983473558384,0.0,0.5996,-1.8022
4.860641717910767,0.33280411096649,0.0,0.5996,-1.8022
4.865255117416382,0.32246525126287384,0.0,0.5996,-1.8022
4.870175838470459,0.3113630677352229,0.0,0.5996,-1.8022
4.875166416168213,0.30002728648987037,0.0,0.5996,-1.8022
4.880186319351196,0.2885504999740063,0.0,0.5996,-1.8022
4.885146856307983,0.2771389333463979,0.0,0.5996,-1.8022
4.890120506286621,0.26562963118046984,0.0,0.5577,-2.1342
4.895153284072876,0.25391750316092176,0.0,0.5577,-2.1342
4.9001383781433105,0.24225375889836015,0.0,0.5577,-2.1342
4.905154228210449,0.23045809241443138,0.0,0.5577,-2.1342
4.9103264808654785,0.21823472188902368,0.0,0.5577,-2.1342
4.9154040813446045,0.2061789717020777,0.0,0.508,-2.6062
4.920187711715698,0.19477314586292183,0.0,0.508,-2.6062
4.925310134887695,0.18251081710636927,0.0,0.508,-2.6062
4.930257081985474,0.17062365475532282,0.0,0.508,-2.6062
4.935173034667969,0.15877014010757165,0.0,0.508,-2.6062
4.940185308456421,0.14664540325567857,0.0,0.508,-2.6062
4.945211172103882,0.13445128672028267,0.0,0.508,-2.6062
4.950177192687988,0.122369432258967,0.0,0.508,-2.6062
4.955158710479736,0.11021995423079169,0.0,0.4575,-2.7029
4.960306406021118,0.09763685807361128,0.0,0.4575,-2.7029
4.9652135372161865,0.08561798025747762,0.0,0.4575,-2.7029
4.9701433181762695,0.07352314292270806,0.0,0.4575,-2.7029
4.975130558013916,0.06126940184175137,0.0,0.4575,-2.7029
4.980166912078857,0.04887973306890155,0.0,0.4051,-3.1416
4.9853575229644775,0.036097814127933996,0.0,0.4051,-3.1416
4.990122318267822,0.024355937687155448,0.0,0.4051,-3.1416
4.995107889175415,0.012064205296018843,0.0,0.4051,-3.1416
5.000144004821777,-0.0003551375126745122,0.0,0.4051,-3.1416
5.005215883255005,-0.012862576071856237,0.0,0.4051,-3.1416
5.010320425033569,-0.025447259597014073,0.0,0.3528,-3.1416
5.015282154083252,-0.03767361108352468,0.0,0.3528,-3.1416
5.0201215744018555,-0.049589783339808784,0.0,0.3528,-3.1416
5.025113582611084,-0.061869634510999236,0.0,0.3528,-3.1416
5.030128002166748,-0.07418929158073688,0.0,0.3528,-3.1416
5.0351338386535645,-0.08646949952427592,0.0,0.3004,-3.1416
5.040339708328247,-0.09921769785275987,0.0,0.3004,-3.1416
5.045130968093872,-0.11092722246603193,0.0,0.3004,-3.1416
5.050113677978516,-0.12307794265632492,0.0,0.3004,-3.1416
5.055098533630371,-0.13520371756977412,0.0,0.3004,-3.1416
5.060104846954346,-0.14734831235037474,0.0,0.2481,-3.1416
5.065138339996338,-0.15952209052869762,0.0,0.2481,-3.1416
5.070120334625244,-0.171532048496496,0.0,0.2481,-3.1416
5.0751261711120605,-0.18355715584989157,0.0,0.2481,-3.1416
5.080115556716919,-0.1954975756005675,0.0,0.1957,-3.1416
5.085132122039795,-0.2074546108137673,0.0,0.1957,-3.1416
5.090160608291626,-0.21938834747943647,0.0,0.1957,-3.1416
5.0951292514801025,-0.23112629870345208,0.0,0.1957,-3.1416
5.100114822387695,-0.24284763476422777,0.0,0.1957,-3.1416
5.105118989944458,-0.254552781498171,0.0,0.1433,-3.1416
5.110257387161255,-0.2665064095521257,0.0,0.1433,-3.1416
5.115131378173828,-0.27778081101256047,0.0,0.1433,-3.1416
5.120115280151367,-0.2892420886556645,0.0,0.1433,-3.1416
5.125170946121216,-0.3007959391070338,0.0,0.1433,-3.1416
5.130153179168701,-0.31210775163246235,0.0,0.1433,-3.1416
5.135138511657715,-0.32335006766386853,0.0,0.091,-3.1416
5.140304803848267,-0.33491674186764336,0.0,0.091,-3.1416
5.145187139511108,-0.34576664106066735,0.0,0.091,-3.1416
5.1501171588897705,-0.3566399579329794,0.0,0.091,-3.1416
5.155142545700073,-0.36763554553624533,0.0,0.091,-3.1416
5.160339593887329,-0.3789103164920936,0.0,0.091,-3.1416
5.16527533531189,-0.38952472578858655,0.0,0.0386,-3.1416
5.170151948928833,-0.39992001072395716,0.0,0.0386,-3.1416
5.175254821777344,-0.41069706543689,0.0,0.0386,-3.1416
5.180203437805176,-0.4210475543587694,0.0,0.0386,-3.1416
5.185148477554321,-0.4312889111029956,0.0,0.0386,-3.1416
5.190138578414917,-0.4415180688690776,0.0,0.0386,-3.1416
5.195107460021973,-0.4515959170774672,0.0,-0.0138,-3.1416
5.2001426219940186,-0.4616959300578546,0.0,-0.0138,-3.1416
5.205126047134399,-0.4715784228320128,0.0,-0.0138,-3.1416
5.210103511810303,-0.4813337190284444,0.0,-0.0138,-3.1416
5.215109348297119,-0.49102591440231835,0.0,-0.0661,-3.1416
5.220120906829834,-0.5006075431792543,0.0,-0.0661,-3.1416
5.225193023681641,-0.5101785967333254,0.0,-0.0661,-3.1416
5.230171203613281,-0.5194464464438492,0.0,-0.0661,-3.1416
5.2351367473602295,-0.5285642071906267,0.0,-0.0661,-3.1416
5.2401111125946045,-0.5375691976498821,0.0,-0.0661,-3.1416
5.2451393604278564,-0.5465383013004388,0.0,-0.1185,-3.1416
5.250163555145264,-0.5553639625673998,0.0,-0.1185,-3.1416
5.255232095718384,-0.5641273224443002,0.0,-0.1185,-3.1416
5.2601940631866455,-0.5725678828526133,0.0,-0.1185,-3.1416
5.265180826187134,-0.580910442113661,0.0,-0.1185,-3.1416
5.27018141746521,-0.5891329667375379,0.0,-0.1185,-3.1416
5.275158882141113,-0.5971730800555692,0.0,-0.1708,-3.1416
5.280134201049805,-0.6050638036281396,0.0,-0.1708,-3.1416
5.285162925720215,-0.6128890115616175,0.0,-0.1708,-3.1416
5.290170431137085,-0.6205292060139691,0.0,-0.1708,-3.1416
5.29513955116272,-0.6279590336786532,0.0,-0.1708,-3.1416
5.300244092941284,-0.6354319828309107,0.0,-0.1708,-3.1416
5.305227279663086,-0.6425696582098305,0.0,-0.2232,-3.1416
5.310299634933472,-0.6496733116564043,0.0,-0.2232,-3.1416
5.315104961395264,-0.6562508578704275,0.0,-0.2232,-3.1416
5.320179224014282,-0.6630341483224605,0.0,-0.2232,-3.1416
5.3251214027404785,-0.6694789150429385,0.0,-0.2232,-3.1416
5.330117464065552,-0.6758299063579958,0.0,-0.2756,-3.1416
5.335277080535889,-0.6822140383752691,0.0,-0.2756,-3.1416
5.340176820755005,-0.6881107143485719,0.0,-0.2756,-3.1416
5.345183610916138,-0.6939677884734319,0.0,-0.2756,-3.1416
5.3501739501953125,-0.6996347732027798,0.0,-0.2756,-3.1416
5.355254650115967,-0.7052277055473756,0.0,-0.2756,-3.1416
5.360157012939453,-0.7104540189584305,0.0,-0.3279,-3.1416
5.365304470062256,-0.7157602381568222,0.0,-0.3279,-3.1416
5.370239496231079,-0.7206717461407139,0.0,-0.3279,-3.1416
5.375169277191162,-0.7254050866278301,0.0,-0.3279,-3.1416
5.380158424377441,-0.7300182766602562,0.0,-0.3279,-3.1416
5.385169744491577,-0.7344714298021648,0.0,-0.3279,-3.1416
5.390430927276611,-0.7389507141109698,0.0,-0.3803,-3.1416
5.395179271697998,-0.7428200963203629,0.0,-0.3803,-3.1416
5.400314569473267,-0.7468187285224044,0.0,-0.3803,-3.1416
5.405210494995117,-0.7504499924955927,0.0,-0.3803,-3.1416
5.410145282745361,-0.7539304242001986,0.0,-0.3803,-3.1416
5.415302753448486,-0.7573742479547432,0.0,-0.3803,-3.1416
5.420141220092773,-0.7604243178724703,0.0,-0.3803,-3.1416
5.425119876861572,-0.7633793478485223,0.0,-0.4326,-3.1416
5.430145740509033,-0.7661729824251204,0.0,-0.4326,-3.1416
5.4351723194122314,-0.7687759713109921,0.0,-0.4326,-3.1416
5.440147161483765,-0.7711634142750128,0.0,-0.4326,-3.1416
5.4451940059661865,-0.7733929365033642,0.0,-0.4326,-3.1416
5.450496196746826,-0.7755258334403582,0.0,-0.4326,-3.1416
5.455219507217407,-0.7772446616691494,0.0,-0.485,-3.1416
5.460395097732544,-0.7789315615456245,0.0,-0.485,-3.1416
5.46517014503479,-0.7803052834328462,0.0,-0.485,-3.1416
5.470224857330322,-0.7815681332820459,0.0,-0.485,-3.1416
5.475201368331909,-0.7826189135264348,0.0,-0.485,-3.1416
5.480205059051514,-0.7834825728136773,0.0,-0.485,-3.1416
5.485196590423584,-0.7841512405162969,0.0,-0.5374,-3.1416
5.490754127502441,-0.7846688653166954,0.0,-0.5374,-3.1416
5.495196342468262,-0.7849106128193759,0.0,-0.5374,-3.1416
5.500157356262207,-0.7849999040803778,0.0,-0.5374,-3.1416
5.505375385284424,-0.784888069541811,0.0,-0.5374,-3.1416
5.510162591934204,-0.7845999525645351,0.0,-0.5374,-3.1416
5.515193223953247,-0.7841059602433146,0.0,-0.5897,-3.1416
5.520113468170166,-0.7834333613963613,0.0,-0.5897,-3.1416
5.5251243114471436,-0.7825559940419797,0.0,-0.5897,-3.1416
5.530119180679321,-0.7814884273579707,0.0,-0.5897,-3.1416
5.535104274749756,-0.7802310891982739,0.0,-0.6408,-2.7659
5.5401856899261475,-0.7787525130086158,0.0,-0.6408,-2.7659
5.545116901397705,-0.7771278975779584,0.0,-0.6408,-2.7659
5.550122261047363,-0.7752881229777373,0.0,-0.6408,-2.7659
5.55509090423584,-0.773272245829211,0.0,-0.6813,-2.0597
5.560214996337891,-0.7709959638807129,0.0,-0.6813,-2.0597
5.565146207809448,-0.7686167061506992,0.0,-0.6813,-2.0597
5.570105075836182,-0.7660380883139366,0.0,-0.6813,-2.0597
5.575128793716431,-0.7632361770285562,0.0,-0.6813,-2.0597
5.580098867416382,-0.7602771087696042,0.0,-0.7105,-1.4886
5.585184097290039,-0.7570576454396216,0.0,-0.7105,-1.4886
5.590100049972534,-0.7537616682393794,0.0,-0.7105,-1.4886
5.595149278640747,-0.7501891850616285,0.0,-0.7105,-1.4886
5.600128173828125,-0.7464816257580635,0.0,-0.7306,-1.0193
5.6051599979400635,-0.7425491018672573,0.0,-0.7306,-1.0193
5.610151767730713,-0.7384645361669643,0.0,-0.7306,-1.0193
5.615121126174927,-0.7342179226783475,0.0,-0.7306,-1.0193
5.620118141174316,-0.7297672366349607,0.0,-0.7306,-1.0193
5.625151872634888,-0.7251020199438023,0.0,-0.7306,-1.0193
5.630122661590576,-0.7203171896780527,0.0,-0.7432,-0.6423
5.635249614715576,-0.7151980291516232,0.0,-0.7432,-0.6423
5.640109539031982,-0.7101741742366313,0.0,-0.7432,-0.6423
5.645098686218262,-0.7048445428807666,0.0,-0.7432,-0.6423
5.6500937938690186,-0.6993350786857169,0.0,-0.7432,-0.6423
5.655097007751465,-0.693644041892575,0.0,-0.748,-0.2451
5.660167217254639,-0.6877019819600959,0.0,-0.748,-0.2451
5.665160655975342,-0.681679350390623,0.0,-0.748,-0.2451
5.670135021209717,-0.6755129284874626,0.0,-0.748,-0.2451
5.675144910812378,-0.6691357333945938,0.0,-0.748,-0.2451
5.680142402648926,-0.6626091801555045,0.0,-0.7465,0.079
5.68531060218811,-0.6556879194824591,0.0,-0.7465,0.079
5.690165281295776,-0.6490290533243687,0.0,-0.7465,0.079
5.695253372192383,-0.6418880304821641,0.0,-0.7465,0.079
5.700215578079224,-0.6347657001467959,0.0,-0.7465,0.079
5.70515513420105,-0.6275226710478278,0.0,-0.7465,0.079
5.710282802581787,-0.6198439779618352,0.0,-0.7391,0.3762
5.715335845947266,-0.612119673777169,0.0,-0.7391,0.3762
5.7201597690582275,-0.6046016651036058,0.0,-0.7391,0.3762
5.725113391876221,-0.5967370325624595,0.0,-0.7391,0.3762
5.730095863342285,-0.5886808199695225,0.0,-0.7391,0.3762
5.735152721405029,-0.5803568633935972,0.0,-0.7246,0.7388
5.740165948867798,-0.5719601405556122,0.0,-0.7246,0.7388
5.745233058929443,-0.5633290109983211,0.0,-0.7246,0.7388
5.750178575515747,-0.5547673302777129,0.0,-0.7246,0.7388
5.755152463912964,-0.5460214679613895,0.0,-0.7246,0.7388
5.760161638259888,-0.5370788243233363,0.0,-0.7052,0.9904
5.765273094177246,-0.5278164936408347,0.0,-0.7052,0.9904
5.770099401473999,-0.5189459075160723,0.0,-0.7052,0.9904
5.775115013122559,-0.5096010033906695,0.0,-0.7052,0.9904
5.780098915100098,-0.500189849182969,0.0,-0.7052,0.9904
5.785147428512573,-0.4905316830302489,0.0,-0.6811,1.2259
5.790133237838745,-0.48087236226492586,0.0,-0.6811,1.2259
5.795148849487305,-0.47103627295700123,0.0,-0.6811,1.2259
5.800105094909668,-0.4612017170124583,0.0,-0.6811,1.2259
5.805124044418335,-0.45112880662982596,0.0,-0.6527,1.4473
5.810114145278931,-0.44100260055855767,0.0,-0.6527,1.4473
5.815107345581055,-0.43076162406690477,0.0,-0.6527,1.4473
5.82009220123291,-0.42043203136550145,0.0,-0.6527,1.4473
5.825119256973267,-0.40991057826346705,0.0,-0.6226,1.5321
5.83014178276062,-0.3992965067522919,0.0,-0.6226,1.5321
5.835133075714111,-0.3886499491623659,0.0,-0.6226,1.5321
5.840108156204224,-0.37794287554639183,0.0,-0.6226,1.5321
5.845122337341309,-0.36705824298147344,0.0,-0.5933,1.4886
5.8501365184783936,-0.3560825298373408,0.0,-0.5933,1.4886
5.855116844177246,-0.3450934536744299,0.0,-0.5933,1.4886
5.860104322433472,-0.3340039367389496,0.0,-0.5933,1.4886
5.865117073059082,-0.32277560953365486,0.0,-0.5588,1.7569
5.8702192306518555,-0.3112648309541776,0.0,-0.5588,1.7569
5.875140428543091,-0.30008650917784513,0.0,-0.5588,1.7569
5.8801305294036865,-0.2886784497583253,0.0,-0.5588,1.7569
5.885166168212891,-0.27709437356184435,0.0,-0.5588,1.7569
5.890169858932495,-0.265515096812068,0.0,-0.5227,1.8397
5.89544939994812,-0.25322638536613423,0.0,-0.5227,1.8397
5.9001781940460205,-0.2421603576819862,0.0,-0.5227,1.8397
5.905135869979858,-0.23050137119697442,0.0,-0.5227,1.8397
5.910117864608765,-0.21872887290793316,0.0,-0.5227,1.8397
5.915116786956787,-0.20686252407249828,0.0,-0.4818,2.0794
5.920167446136475,-0.1948215606026032,0.0,-0.4818,2.0794
5.925135135650635,-0.1829305374392497,0.0,-0.4818,2.0794
5.930220127105713,-0.17071261106134958,0.0,-0.4818,2.0794
5.935112237930298,-0.15891697240108044,0.0,-0.4818,2.0794
5.940321207046509,-0.14631614341998814,0.0,-0.4369,2.2852
5.945201396942139,-0.1344750374489933,0.0,-0.4369,2.2852
5.950205564498901,-0.12230031797885083,0.0,-0.4369,2.2852
5.955319166183472,-0.10982815233845487,0.0,-0.4369,2.2852
5.960265159606934,-0.09773778724150063,0.0,-0.4369,2.2852
5.9652626514434814,-0.08549757875388869,0.0,-0.389,2.4709
5.970244407653809,-0.0732749332526959,0.0,-0.389,2.4709
5.975219011306763,-0.06105192581865584,0.0,-0.389,2.4709
5.980137825012207,-0.048951326744082535,0.0,-0.389,2.4709
5.985129356384277,-0.03665990262863931,0.0,-0.389,2.4709
5.990147829055786,-0.024293054462557254,0.0,-0.3389,2.6439
5.995163679122925,-0.011926634968465518,0.0,-0.3389,2.6439
6.000159740447998,0.0003939439265242678,0.0,-0.3389,2.6439
6.0051939487457275,0.012808489508310629,0.0,-0.3389,2.6439
6.010221004486084,0.025202201214696202,0.0,-0.3389,2.6439
6.015202045440674,0.03747627758801353,0.0,-0.2875,2.8265
6.02045464515686,0.050409517953540844,0.0,-0.2875,2.8265
6.025236129760742,0.06217090947737769,0.0,-0.2875,2.8265
6.030198097229004,0.07436138099808047,0.0,-0.2875,2.8265
6.035288333892822,0.08684817925448653,0.0,-0.2875,2.8265
6.040121555328369,0.09868399106309243,0.0,-0.2875,2.8265
6.045196771621704,0.1110878730837896,0.0,-0.2354,2.9999
6.050212621688843,0.12331892894444661,0.0,-0.2354,2.9999
6.055231332778931,0.1355263142643761,0.0,-0.2354,2.9999
6.060248374938965,0.14769596743386995,0.0,-0.2354,2.9999
6.065387964248657,0.16012480734515275,0.0,-0.183,3.1416
6.070161581039429,0.1716313087709673,0.0,-0.183,3.1416
6.075234651565552,0.18381725765501467,0.0,-0.183,3.1416
6.080171346664429,0.19563082402923967,0.0,-0.183,3.1416
6.085155487060547,0.20751018333022483,0.0,-0.183,3.1416
6.090250730514526,0.21960173738598882,0.0,-0.183,3.1416
6.095147132873535,0.23116844182407997,0.0,-0.1306,3.1416
6.100266933441162,0.243204333787398,0.0,-0.1306,3.1416
6.1051530838012695,0.25463231725031416,0.0,-0.1306,3.1416
6.1104371547698975,0.2669233698298593,0.0,-0.1306,3.1416
6.115250587463379,0.2780557579478852,0.0,-0.1306,3.1416
6.120192527770996,0.2894191810850739,0.0,-0.1306,3.1416
6.1252663135528564,0.30101316484597795,0.0,-0.0783,3.1416
6.13022518157959,0.31227067424378524,0.0,-0.0783,3.1416
6.135254621505737,0.3236109700053692,0.0,-0.0783,3.1416
6.140368938446045,0.3350597829880742,0.0,-0.0783,3.1416
6.145334959030151,0.3460938810097606,0.0,-0.0783,3.1416
6.150195360183716,0.35681175100916923,0.0,-0.0783,3.1416
6.15519380569458,0.3677472353647846,0.0,-0.0783,3.1416
6.1601362228393555,0.3784709912424836,0.0,-0.0259,3.1416
6.1654651165008545,0.3899310004703287,0.0,-0.0259,3.1416
6.1701273918151855,0.3998678964006487,0.0,-0.0259,3.1416
6.175152063369751,0.4104810760253707,0.0,-0.0259,3.1416
6.180101633071899,0.4208356370123235,0.0,-0.0259,3.1416
6.185171365737915,0.43133607325839546,0.0,0.0264,3.1416
6.190213918685913,0.44167168294296305,0.0,0.0264,3.1416
6.195103645324707,0.45158822203285354,0.0,0.0264,3.1416
6.200106143951416,0.46162317128740876,0.0,0.0264,3.1416
6.205090761184692,0.47150885170872336,0.0,0.0788,3.1416
6.210150957107544,0.4814261442052527,0.0,0.0788,3.1416
6.2150983810424805,0.4910048117001715,0.0,0.0788,3.1416
6.220096588134766,0.5005613458236501,0.0,0.0788,3.1416
6.225093364715576,0.5099917805557533,0.0,0.1312,3.1416
6.230152368545532,0.5194116193220367,0.0,0.1312,3.1416
6.23510479927063,0.5285059526759458,0.0,0.1312,3.1416
6.240093231201172,0.5375370611349282,0.0,0.1312,3.1416
6.245098829269409,0.5464665463524666,0.0,0.1835,3.1416
6.250123023986816,0.555293314878527,0.0,0.1835,3.1416
6.255164623260498,0.5640115989784327,0.0,0.1835,3.1416
6.2601478099823,0.5724898430426085,0.0,0.1835,3.1416
6.265110731124878,0.5807941604040877,0.0,0.2359,3.1416
6.270147085189819,0.5890770072012383,0.0,0.2359,3.1416
6.275103330612183,0.5970841496169715,0.0,0.2359,3.1416
6.280149221420288,0.605087402690922,0.0,0.2359,3.1416
6.285122871398926,0.6128272847230243,0.0,0.2882,3.1416
6.290313005447388,0.620744499020331,0.0,0.2882,3.1416
6.295146226882935,0.6279689126833753,0.0,0.2882,3.1416
6.300123453140259,0.6352572463814666,0.0,0.2882,3.1416
6.305125951766968,0.6424260837152278,0.0,0.2882,3.1416
6.31022047996521,0.6495637204029033,0.0,0.3406,3.1416
6.315260171890259,0.656460825122205,0.0,0.3406,3.1416
6.320133209228516,0.662973390062667,0.0,0.3406,3.1416
6.325109958648682,0.6694641773908323,0.0,0.3406,3.1416
6.330109357833862,0.6758197361482305,0.0,0.3406,3.1416
6.335091590881348,0.681987623259393,0.0,0.393,3.1416
6.34014105796814,0.6880682640028648,0.0,0.393,3.1416
6.345113277435303,0.6938866961728051,0.0,0.393,3.1416
6.3501293659210205,0.6995849029400957,0.0,0.393,3.1416
6.355125427246094,0.7050876752941834,0.0,0.4453,3.1416
6.360145568847656,0.7104420143923535,0.0,0.4453,3.1416
6.365307807922363,0.7157636183878807,0.0,0.4453,3.1416
6.370275497436523,0.720706940743778,0.0,0.4453,3.1416
6.375177383422852,0.7254127268648262,0.0,0.4453,3.1416
6.380249977111816,0.7301012581623252,0.0,0.4453,3.1416
6.385263442993164,0.7345529617504674,0.0,0.4972,2.9078
6.390174388885498,0.7387369735211224,0.0,0.4972,2.9078
6.395371675491333,0.7429734054914359,0.0,0.4972,2.9078
6.400276184082031,0.7467895592510462,0.0,0.4972,2.9078
6.4051549434661865,0.7504097846081046,0.0,0.4972,2.9078
6.410139083862305,0.7539261657158932,0.0,0.4972,2.9078
6.4152467250823975,0.757337902510411,0.0,0.4972,2.9078
6.420215129852295,0.7604695483880406,0.0,0.4972,2.9078
6.4251484870910645,0.7633957901593604,0.0,0.5476,2.6901
6.430164098739624,0.7661828371707878,0.0,0.5476,2.6901
6.43514347076416,0.7687615785480445,0.0,0.5476,2.6901
6.440164804458618,0.7711715463336131,0.0,0.5476,2.6901
6.4451820850372314,0.7733878991038055,0.0,0.5476,2.6901
6.450146913528442,0.775391942684891,0.0,0.5959,2.4976
6.455313444137573,0.7772771111939929,0.0,0.5959,2.4976
6.460250616073608,0.7788872622022945,0.0,0.5959,2.4976
6.46515965461731,0.7803024578242994,0.0,0.5959,2.4976
6.470232009887695,0.7815697806820375,0.0,0.5959,2.4976
6.475262880325317,0.7826307053136863,0.0,0.5959,2.4976
6.480140686035156,0.7834726906467122,0.0,0.5959,2.4976
6.48516583442688,0.784147710676524,0.0,0.6385,2.1671
6.4901344776153564,0.7846229969933545,0.0,0.6385,2.1671
6.495112180709839,0.7849074532536603,0.0,0.6385,2.1671
6.500111103057861,0.7849999521819979,0.0,0.6385,2.1671
6.5050950050354,0.7848994413650847,0.0,0.6385,2.1671
6.510162830352783,0.7845999337953553,0.0,0.6753,1.8709
6.515212774276733,0.784103658337814,0.0,0.6753,1.8709
6.5200982093811035,0.7834357367202807,0.0,0.6753,1.8709
6.525094747543335,0.7825617394285115,0.0,0.6753,1.8709
6.53011417388916,0.7814895938659021,0.0,0.7045,1.4881
6.535117864608765,0.7802273998694003,0.0,0.7045,1.4881
6.540103435516357,0.7787780284695353,0.0,0.7045,1.4881
6.54515528678894,0.777114519214942,0.0,0.7045,1.4881
6.550094127655029,0.7752989998761372,0.0,0.7268,1.1337
6.555145978927612,0.7732488442105043,0.0,0.7268,1.1337
6.560133457183838,0.77103375208773,0.0,0.7268,1.1337
6.565106153488159,0.7686367758164454,0.0,0.7268,1.1337
6.570093870162964,0.766044125102564,0.0,0.7433,0.8355
6.575136423110962,0.7632317770781211,0.0,0.7433,0.8355
6.580103158950806,0.7602744734901545,0.0,0.7433,0.8355
6.585113286972046,0.7571038039734612,0.0,0.7433,0.8355
6.590094327926636,0.7537656093387509,0.0,0.7546,0.577
6.595181226730347,0.7501659788882425,0.0,0.7546,0.577
6.600123167037964,0.7464854459803563,0.0,0.7546,0.577
6.605138063430786,0.7425666477487153,0.0,0.7546,0.577
6.610114097595215,0.7384960414926544,0.0,0.7546,0.577
6.615142822265625,0.7341989889670214,0.0,0.7614,0.3471
6.620168447494507,0.7297215140963914,0.0,0.7614,0.3471
6.625185251235962,0.725070478459204,0.0,0.7614,0.3471
6.6301586627960205,0.7202818931445139,0.0,0.7614,0.3471
6.6352622509002686,0.7151851824088971,0.0,0.7635,0.1033
6.640188932418823,0.710090725295521,0.0,0.7635,0.1033
6.645118713378906,0.7048227991458832,0.0,0.7635,0.1033
6.650094985961914,0.6993337432313494,0.0,0.7635,0.1033
6.655096769332886,0.693644317182247,0.0,0.7635,0.1033
6.660104513168335,0.6877765370720771,0.0,0.7617,-0.0917
6.665176868438721,0.6816595223682441,0.0,0.7617,-0.0917
6.670148849487305,0.6754955557594806,0.0,0.7617,-0.0917
6.675106763839722,0.6691849197627959,0.0,0.7617,-0.0917
6.680095434188843,0.6626712821912455,0.0,0.7551,-0.3333
6.6851606369018555,0.6558911971474435,0.0,0.7551,-0.3333
6.690136671066284,0.6490687399853398,0.0,0.7551,-0.3333
6.695123910903931,0.6420717677458536,0.0,0.7551,-0.3333
6.700103998184204,0.6349275543824844,0.0,0.7551,-0.3333
6.70509672164917,0.6276092096271092,0.0,0.7453,-0.501
6.7102062702178955,0.6199597727627577,0.0,0.7453,-0.501
6.715160131454468,0.6123908787818331,0.0,0.7453,-0.501
6.720095872879028,0.6047021575791316,0.0,0.7453,-0.501
6.7250800132751465,0.596790511960375,0.0,0.7453,-0.501
6.73015832901001,0.588578898930378,0.0,0.7307,-0.7425
6.735095262527466,0.5804522715822251,0.0,0.7307,-0.7425
6.740090370178223,0.5720877868919436,0.0,0.7307,-0.7425
6.745089054107666,0.5635762847529856,0.0,0.7307,-0.7425
6.7501304149627686,0.5548513549221588,0.0,0.7134,-0.8844
6.755146741867065,0.5460316063610019,0.0,0.7134,-0.8844
6.760092258453369,0.5372035983057327,0.0,0.7134,-0.8844
6.7650909423828125,0.5281489188741065,0.0,0.7134,-0.8844
6.770125150680542,0.5188982595947367,0.0,0.6912,-1.1271
6.775150775909424,0.5095339144099197,0.0,0.6912,-1.1271
6.780146360397339,0.5000996648336125,0.0,0.6912,-1.1271
6.785186767578125,0.49045593692572487,0.0,0.6912,-1.1271
6.790143728256226,0.48085191331111055,0.0,0.6668,-1.2433
6.795190095901489,0.4709548966449047,0.0,0.6668,-1.2433
6.8001627922058105,0.4610865666388732,0.0,0.6668,-1.2433
6.805161714553833,0.4510527763764135,0.0,0.6668,-1.2433
6.810134649276733,0.44096076734834316,0.0,0.6668,-1.2433
6.815143346786499,0.4306873982383266,0.0,0.6401,-1.361
6.820171594619751,0.4202666718605401,0.0,0.6401,-1.361
6.825127601623535,0.40989302747592377,0.0,0.6401,-1.361
6.830127239227295,0.3993273863014919,0.0,0.6401,-1.361
6.8351452350616455,0.38862389520956225,0.0,0.6085,-1.6083
6.840131044387817,0.3778934015891921,0.0,0.6085,-1.6083
6.845118761062622,0.3670660390390251,0.0,0.6085,-1.6083
6.850118398666382,0.3561223536342507,0.0,0.6085,-1.6083
6.855117082595825,0.3450929255607232,0.0,0.5752,-1.6959
6.860262393951416,0.33365111416961346,0.0,0.5752,-1.6959
6.865212678909302,0.322560670109302,0.0,0.5752,-1.6959
6.870110034942627,0.3115120311532168,0.0,0.5752,-1.6959
6.875173807144165,0.3000104429748028,0.0,0.5752,-1.6959
6.88009238243103,0.28876593168575543,0.0,0.5401,-1.7834
6.885191917419434,0.2770349589292141,0.0,0.5401,-1.7834
6.8901519775390625,0.2655565955091297,0.0,0.5401,-1.7834
6.895108938217163,0.2540209849896969,0.0,0.5401,-1.7834
6.900088310241699,0.24237120414956587,0.0,0.5401,-1.7834
6.9051477909088135,0.2304732681787062,0.0,0.5004,-2.0233
6.910144567489624,0.2186656268162854,0.0,0.5004,-2.0233
6.915109634399414,0.20687953982623708,0.0,0.5004,-2.0233
6.920125961303711,0.19492066595960836,0.0,0.5004,-2.0233
6.925094366073608,0.18302831176019302,0.0,0.4597,-2.073
6.930135726928711,0.17091576715563236,0.0,0.4597,-2.073
6.935133457183838,0.15886572570990226,0.0,0.4597,-2.073
6.940096378326416,0.14686085180569347,0.0,0.4597,-2.073
6.945129156112671,0.13465055719373248,0.0,0.4146,-2.2941
6.950139284133911,0.12246177671250501,0.0,0.4146,-2.2941
6.955105781555176,0.11034919032156068,0.0,0.4146,-2.2941
6.960104465484619,0.09813098694525979,0.0,0.4146,-2.2941
6.9651031494140625,0.08588858396041926,0.0,0.4146,-2.2941
6.97011137008667,0.07360158500391999,0.0,0.3693,-2.3074
6.975270748138428,0.06092472067549805,0.0,0.3693,-2.3074
6.980170249938965,0.04887151737513997,0.0,0.3693,-2.3074
6.985138177871704,0.03663817123751481,0.0,0.3693,-2.3074
6.9900963306427,0.024419996138271078,0.0,0.3693,-2.3074
6.995092391967773,0.01210241921030581,0.0,0.3207,-2.5176
7.0001702308654785,-0.000419814868562676,0.0,0.3207,-2.5176
7.005097389221191,-0.012570390329482898,0.0,0.3207,-2.5176
7.0100953578948975,-0.02489249562042492,0.0,0.3207,-2.5176
7.015138387680054,-0.03731946624219811,0.0,0.3207,-2.5176
7.020200252532959,-0.04978342636892467,0.0,0.2701,-2.7109
7.025131464004517,-0.06191359543849559,0.0,0.2701,-2.7109
7.030127286911011,-0.074187535547717,0.0,0.2701,-2.7109
7.035136699676514,-0.0864765122972677,0.0,0.2701,-2.7109
7.040178060531616,-0.09882223432910398,0.0,0.2197,-2.6793
7.045140743255615,-0.11095108753168524,0.0,0.2197,-2.6793
7.050095319747925,-0.12303322822917542,0.0,0.2197,-2.6793
7.055095434188843,-0.13519618810175552,0.0,0.2197,-2.6793
7.060133934020996,-0.1474187697900358,0.0,0.1681,-2.8751
7.065330266952515,-0.15998550617778437,0.0,0.1681,-2.8751
7.07014012336731,-0.17157967083742334,0.0,0.1681,-2.8751
7.075114488601685,-0.18352914361413306,0.0,0.1681,-2.8751
7.080114841461182,-0.1954958672483795,0.0,0.1681,-2.8751
7.08514404296875,-0.20748296427817417,0.0,0.1166,-2.8322
7.090177536010742,-0.21942842999428272,0.0,0.1166,-2.8322
7.095142364501953,-0.23115720372990253,0.0,0.1166,-2.8322
7.100116014480591,-0.24285043042682927,0.0,0.1166,-2.8322
7.105116605758667,-0.2545472194482023,0.0,0.1166,-2.8322
7.110156774520874,-0.2662730074072284,0.0,0.0644,-3.0199
7.115169048309326,-0.2778676984564681,0.0,0.0644,-3.0199
7.1201331615448,-0.28928308378917134,0.0,0.0644,-3.0199
7.1251280307769775,-0.3006981787144273,0.0,0.0644,-3.0199
7.1301445960998535,-0.312088329328561,0.0,0.012,-3.1416
7.1351611614227295,-0.3234009657500161,0.0,0.012,-3.1416
7.140117406845093,-0.3344987074022207,0.0,0.012,-3.1416
7.145113468170166,-0.34560352104564795,0.0,0.012,-3.1416
7.150127410888672,-0.35666248081249136,0.0,-0.0403,-3.1062
7.1552734375,-0.3679207252981242,0.0,-0.0403,-3.1062
7.160118103027344,-0.37843184104898914,0.0,-0.0403,-3.1062
7.165130138397217,-0.3892138015328083,0.0,-0.0403,-3.1062
7.170243978500366,-0.40011529176796085,0.0,-0.0403,-3.1062
7.175177812576294,-0.4105352026797137,0.0,-0.0925,-3.0098
7.180176258087158,-0.4209909811073612,0.0,-0.0925,-3.0098
7.185116767883301,-0.43122356818219537,0.0,-0.0925,-3.0098
7.190128326416016,-0.44149716377606196,0.0,-0.0925,-3.0098
7.195122957229614,-0.45162717752924214,0.0,-0.1448,-3.119
7.2001752853393555,-0.46176107492255875,0.0,-0.1448,-3.119
7.205127477645874,-0.4715812431607313,0.0,-0.1448,-3.119
7.210105895996094,-0.48133836376489414,0.0,-0.1448,-3.119
7.215182781219482,-0.49116719573672984,0.0,-0.1969,-2.9761
7.22017765045166,-0.5007153256452678,0.0,-0.1969,-2.9761
7.225146532058716,-0.5100914518677581,0.0,-0.1969,-2.9761
7.230099678039551,-0.519314181891319,0.0,-0.1969,-2.9761
7.235116243362427,-0.5285268205767994,0.0,-0.2483,-2.8204
7.240252494812012,-0.5378232306200735,0.0,-0.2483,-2.8204
7.245141267776489,-0.5465416777855681,0.0,-0.2483,-2.8204
7.250131368637085,-0.5553078607269739,0.0,-0.2483,-2.8204
7.255216360092163,-0.564100336199004,0.0,-0.2483,-2.8204
7.260130882263184,-0.5724612790596335,0.0,-0.2985,-2.6576
7.265141010284424,-0.5808443943941783,0.0,-0.2985,-2.6576
7.270132303237915,-0.589052911401482,0.0,-0.2985,-2.6576
7.2751195430755615,-0.5971101054440602,0.0,-0.2985,-2.6576
7.280168771743774,-0.6051181169132284,0.0,-0.2985,-2.6576
7.2851598262786865,-0.6128842354264696,0.0,-0.3486,-2.6572
7.2901458740234375,-0.6204921112045033,0.0,-0.3486,-2.6572
7.295128345489502,-0.6279424504426605,0.0,-0.3486,-2.6572
7.30013108253479,-0.6352682996110638,0.0,-0.3486,-2.6572
7.305122375488281,-0.6424210151906684,0.0,-0.3982,-2.6079
7.310181617736816,-0.6495099003565458,0.0,-0.3982,-2.6079
7.315210580825806,-0.6563937557767702,0.0,-0.3982,-2.6079
7.320117235183716,-0.6629522945773536,0.0,-0.3982,-2.6079
7.3251307010650635,-0.6694908887480832,0.0,-0.3982,-2.6079
7.33014440536499,-0.6758637042001641,0.0,-0.4449,-2.3854
7.335140228271484,-0.6820470141515459,0.0,-0.4449,-2.3854
7.3401408195495605,-0.688067980971415,0.0,-0.4449,-2.3854
7.345152378082275,-0.693931782176131,0.0,-0.4449,-2.3854
7.350201606750488,-0.6996657018688789,0.0,-0.4449,-2.3854
7.355214834213257,-0.7051845720821198,0.0,-0.4901,-2.3013
7.3603034019470215,-0.7106074963557075,0.0,-0.4901,-2.3013
7.365131855010986,-0.7155853246522214,0.0,-0.4901,-2.3013
7.37011981010437,-0.7205546753007259,0.0,-0.4901,-2.3013
7.375112533569336,-0.7253515917963815,0.0,-0.4901,-2.3013
7.380107402801514,-0.7299720055543535,0.0,-0.5331,-2.1876
7.385138273239136,-0.7344440307475898,0.0,-0.5331,-2.1876
7.390141487121582,-0.7387095259749943,0.0,-0.5331,-2.1876
7.395287036895752,-0.7429059980926148,0.0,-0.5331,-2.1876
7.400206565856934,-0.7467366282670431,0.0,-0.5331,-2.1876
7.405194044113159,-0.7504380878208526,0.0,-0.5734,-2.0505
7.410240888595581,-0.7539960669181476,0.0,-0.5734,-2.0505
7.415158987045288,-0.75728093994998,0.0,-0.5734,-2.0505
7.4201483726501465,-0.7604286968109595,0.0,-0.5734,-2.0505
7.425294876098633,-0.763479823472117,0.0,-0.5734,-2.0505
7.430118799209595,-0.7661585156515714,0.0,-0.6106,-1.8929
7.435188293457031,-0.7687839381410958,0.0,-0.6106,-1.8929
7.440101623535156,-0.7711424138234415,0.0,-0.6106,-1.8929
7.4450976848602295,-0.7733522032888979,0.0,-0.6106,-1.8929
7.450090408325195,-0.7753701948016956,0.0,-0.6106,-1.8929
7.455210447311401,-0.7772415284403903,0.0,-0.6443,-1.7146
7.460121154785156,-0.778847431920738,0.0,-0.6443,-1.7146
7.465097904205322,-0.7802858080876846,0.0,-0.6443,-1.7146
7.470082521438599,-0.7815352679581732,0.0,-0.6443,-1.7146
7.475111246109009,-0.7826015844095511,0.0,-0.6743,-1.5246
7.4801435470581055,-0.7834731305345524,0.0,-0.6743,-1.5246
7.485126495361328,-0.7841431850948307,0.0,-0.6743,-1.5246
7.490102291107178,-0.7846205332159738,0.0,-0.6743,-1.5246
7.4951276779174805,-0.7849080391650676,0.0,-0.6995,-1.2815
7.500130891799927,-0.784999933631152,0.0,-0.6995,-1.2815
7.5051045417785645,-0.7848990645729843,0.0,-0.6995,-1.2815
7.5100908279418945,-0.7846055820810798,0.0,-0.6995,-1.2815
7.515092372894287,-0.7841177877221656,0.0,-0.7203,-1.0615
7.5202155113220215,-0.7834174301413785,0.0,-0.7203,-1.0615
7.525137186050415,-0.7825534899088257,0.0,-0.7203,-1.0615
7.530117988586426,-0.7814887051154918,0.0,-0.7203,-1.0615
7.5351152420043945,-0.7802281119558926,0.0,-0.7203,-1.0615
7.540144681930542,-0.7787652402604117,0.0,-0.7373,-0.8614
7.545175790786743,-0.7771073683780717,0.0,-0.7373,-0.8614
7.550156593322754,-0.7752748412696466,0.0,-0.7373,-0.8614
7.555098056793213,-0.7732692079659111,0.0,-0.7373,-0.8614
7.560099363327026,-0.771049537419706,0.0,-0.7373,-0.8614
7.565110683441162,-0.7686345066432083,0.0,-0.7506,-0.6804
7.570152282714844,-0.7660126463124697,0.0,-0.7506,-0.6804
7.575134992599487,-0.7632326021022267,0.0,-0.7506,-0.6804
7.580209493637085,-0.7602091329887858,0.0,-0.7506,-0.6804
7.585094690322876,-0.7571159202047875,0.0,-0.7601,-0.481
7.590242862701416,-0.7536632260668894,0.0,-0.7601,-0.481
7.595123767852783,-0.7502077099377468,0.0,-0.7601,-0.481
7.600104570388794,-0.7464996337604685,0.0,-0.7601,-0.481
7.605105400085449,-0.742592769319837,0.0,-0.7601,-0.481
7.610114336013794,-0.7384958421243821,0.0,-0.7658,-0.2893
7.615233659744263,-0.7341196800192168,0.0,-0.7658,-0.2893
7.620113134384155,-0.7297717862220497,0.0,-0.7658,-0.2893
7.6250927448272705,-0.725157873858711,0.0,-0.7658,-0.2893
7.630100965499878,-0.7203384566492587,0.0,-0.7658,-0.2893
7.635124921798706,-0.7153247393994175,0.0,-0.7673,-0.0756
7.6401894092559814,-0.7100902239672184,0.0,-0.7673,-0.0756
7.645107746124268,-0.7048347067748754,0.0,-0.7673,-0.0756
7.650129318237305,-0.699295277936576,0.0,-0.7673,-0.0756
7.655146837234497,-0.6935864978114792,0.0,-0.7673,-0.0756
7.660282135009766,-0.6875652755654713,0.0,-0.7673,-0.0756
7.6651458740234375,-0.6816974273403964,0.0,-0.7644,0.146
7.670163869857788,-0.6754766839380977,0.0,-0.7644,0.146
7.675113201141357,-0.6691766202372222,0.0,-0.7644,0.146
7.680152893066406,-0.6625953076790551,0.0,-0.7644,0.146
7.685126304626465,-0.6559377140044376,0.0,-0.7644,0.146
7.6901938915252686,-0.6489893614200755,0.0,-0.7644,0.146
7.695150375366211,-0.6420342168302692,0.0,-0.7571,0.3724
7.700175046920776,-0.6348245023735707,0.0,-0.7571,0.3724
7.705136775970459,-0.6275498711642538,0.0,-0.7571,0.3724
7.710164546966553,-0.6200228856749157,0.0,-0.7571,0.3724
7.715170621871948,-0.6123746926754404,0.0,-0.7571,0.3724
7.720172166824341,-0.6045821637413529,0.0,-0.7571,0.3724
7.725142002105713,-0.596691187855901,0.0,-0.7424,0.7511
7.730188846588135,-0.5885290972034265,0.0,-0.7424,0.7511
7.735314607620239,-0.580087956064532,0.0,-0.7424,0.7511
7.740151643753052,-0.5719843032196754,0.0,-0.7424,0.7511
7.745125770568848,-0.5635132490870004,0.0,-0.7424,0.7511
7.7501561641693115,-0.5548064324347866,0.0,-0.7424,0.7511
7.7553088665008545,-0.5457442833925804,0.0,-0.7424,0.7511
7.760169744491577,-0.5370642442550275,0.0,-0.7217,1.0516
7.765259265899658,-0.527841736175485,0.0,-0.7217,1.0516
7.770185708999634,-0.5187861853596122,0.0,-0.7217,1.0516
7.775130271911621,-0.5095723795456245,0.0,-0.7217,1.0516
7.780162334442139,-0.500069298758472,0.0,-0.7217,1.0516
7.78511905670166,-0.4905863073887191,0.0,-0.7217,1.0516
7.790143013000488,-0.4808533075745519,0.0,-0.693,1.4612
7.795337200164795,-0.47066460576063407,0.0,-0.693,1.4612
7.80016827583313,-0.461075621806717,0.0,-0.693,1.4612
7.80518102645874,-0.4510137963919658,0.0,-0.693,1.4612
7.810188055038452,-0.44085179783981115,0.0,-0.693,1.4612
7.815173149108887,-0.4306259488479202,0.0,-0.693,1.4612
7.8202478885650635,-0.42010774319744404,0.0,-0.693,1.4612
7.825145244598389,-0.4098559191691379,0.0,-0.6589,1.7391
7.830155849456787,-0.3992666388543169,0.0,-0.6589,1.7391
7.835129022598267,-0.3886586336872738,0.0,-0.6589,1.7391
7.840140342712402,-0.3778733022359554,0.0,-0.6589,1.7391
7.845164060592651,-0.36696728555341496,0.0,-0.6589,1.7391
7.850157260894775,-0.35603694065336183,0.0,-0.6589,1.7391
7.855144262313843,-0.34503271932910456,0.0,-0.6167,2.1451
7.860408544540405,-0.33332482642806033,0.0,-0.6167,2.1451
7.865252256393433,-0.32247168417429783,0.0,-0.6167,2.1451
7.8701746463775635,-0.31136576646623354,0.0,-0.6167,2.1451
7.87521505355835,-0.29991644232415915,0.0,-0.6167,2.1451
7.880155086517334,-0.288622131073863,0.0,-0.6167,2.1451
7.885157346725464,-0.2771147281578836,0.0,-0.5701,2.3833
7.890173673629761,-0.26550624364824815,0.0,-0.5701,2.3833
7.895298719406128,-0.25357809269675,0.0,-0.5701,2.3833
7.900146484375,-0.24223474338909767,0.0,-0.5701,2.3833
7.905147075653076,-0.23047495436891732,0.0,-0.5701,2.3833
7.9101808071136475,-0.218579790373473,0.0,-0.5701,2.3833
7.915157318115234,-0.20676609949530766,0.0,-0.5701,2.3833
7.920227289199829,-0.19467859244796462,0.0,-0.5202,2.6326
7.925295352935791,-0.18254627245731347,0.0,-0.5202,2.6326
7.930159330368042,-0.17085895352543284,0.0,-0.5202,2.6326
7.935148477554321,-0.15882944953546138,0.0,-0.5202,2.6326
7.9402477741241455,-0.14649406257688505,0.0,-0.5202,2.6326
7.945217847824097,-0.13443506663756571,0.0,-0.4678,3.1301
7.95025110244751,-0.12218938462424339,0.0,-0.4678,3.1301
7.955578565597534,-0.10919468999817804,0.0,-0.4678,3.1301
7.960288047790527,-0.09768178050696004,0.0,-0.4678,3.1301
7.965293645858765,-0.08542159617473565,0.0,-0.4678,3.1301
7.970244407653809,-0.0732749332526961,0.0,-0.4678,3.1301
7.975276470184326,-0.06091065180499516,0.0,-0.4678,3.1301
7.980550289154053,-0.04793606704085025,0.0,-0.4155,3.1416
7.9854230880737305,-0.03593629100049957,0.0,-0.4155,3.1416
7.9902918338775635,-0.023938084560406026,0.0,-0.4155,3.1416
7.995237827301025,-0.011743795206107415,0.0,-0.4155,3.1416
8.000232219696045,0.0005726886067240739,0.0,-0.4155,3.1416
8.005368709564209,0.013239416614935296,0.0,-0.4155,3.1416
8.010222673416138,0.025206314924923534,0.0,-0.4155,3.1416
8.01518177986145,0.03742635653538328,0.0,-0.3631,3.1416
8.020341396331787,0.05013080259704853,0.0,-0.3631,3.1416
8.025139093399048,0.06193235204143521,0.0,-0.3631,3.1416
8.03019094467163,0.07434382101851779,0.0,-0.3631,3.1416
8.035154581069946,0.08652034197015711,0.0,-0.3631,3.1416
8.040161609649658,0.09878198661077742,0.0,-0.3107,3.1416
8.045196056365967,0.11108612690693231,0.0,-0.3107,3.1416
8.050153255462646,0.12317433859992293,0.0,-0.3107,3.1416
8.055130958557129,0.1352824866203807,0.0,-0.3107,3.1416
8.060137748718262,0.14742801001869696,0.0,-0.3107,3.1416
8.065075874328613,0.15937125204831903,0.0,-0.3107,3.1416
8.070445537567139,0.172314577215458,0.0,-0.2584,3.1416
8.075149536132812,0.18361317957960535,0.0,-0.2584,3.1416
8.080111503601074,0.1954878949251191,0.0,-0.2584,3.1416
8.08510708808899,0.2073950675914655,0.0,-0.2584,3.1416
8.090119361877441,0.2192906790358685,0.0,-0.2584,3.1416
8.095130443572998,0.23112910826751842,0.0,-0.206,3.1416
8.10024380683899,0.24315010569577392,0.0,-0.206,3.1416
8.105139017105103,0.2545995021540695,0.0,-0.206,3.1416
8.110178470611572,0.26632334045212136,0.0,-0.206,3.1416
8.11515474319458,0.27783470368285457,0.0,-0.206,3.1416
8.120150804519653,0.28932353142617123,0.0,-0.1537,3.1416
8.125516176223755,0.30158216809782723,0.0,-0.1537,3.1416
8.130397081375122,0.3126595738669008,0.0,-0.1537,3.1416
8.135370016098022,0.32387022248399533,0.0,-0.1537,3.1416
8.140242576599121,0.33477794176236886,0.0,-0.1537,3.1416
8.145282983779907,0.34597882772556265,0.0,-0.1537,3.1416
8.15026593208313,0.3569667652985754,0.0,-0.1537,3.1416
8.155495882034302,0.36840523232829286,0.0,-0.1013,3.1416
8.160149574279785,0.37849983796871167,0.0,-0.1013,3.1416
8.16545295715332,0.38990497446291345,0.0,-0.1013,3.1416
8.170268774032593,0.4001679006308604,0.0,-0.1013,3.1416
8.175179243087769,0.41053820963729803,0.0,-0.1013,3.1416
8.18020749092102,0.4210559904578055,0.0,-0.1013,3.1416
8.185236692428589,0.4314706696430115,0.0,-0.0489,3.1416
8.190133810043335,0.4415083456269721,0.0,-0.0489,3.1416
8.195210218429565,0.45180317793282504,0.0,-0.0489,3.1416
8.200119256973267,0.46164932709897016,0.0,-0.0489,3.1416
8.2051420211792,0.471609915962071,0.0,-0.0489,3.1416
8.210171699523926,0.4814665478320226,0.0,-0.0489,3.1416
8.215148448944092,0.4911011453791395,0.0,-0.0489,3.1416
8.220148801803589,0.5006605306654758,0.0,0.0034,3.1416
8.225242853164673,0.5102719860695972,0.0,0.0034,3.1416
8.230268955230713,0.5196271655813404,0.0,0.0034,3.1416
8.235180377960205,0.5286437551280355,0.0,0.0034,3.1416
8.240114450454712,0.5375751962781206,0.0,0.0034,3.1416
8.245182037353516,0.546613845462321,0.0,0.0034,3.1416
8.250294208526611,0.5555916361685025,0.0,0.0034,3.1416
8.255119800567627,0.5639347086027839,0.0,0.0558,3.1416
8.260182857513428,0.5725489774103083,0.0,0.0558,3.1416
8.26516079902649,0.5808772216422917,0.0,0.0558,3.1416
8.270150661468506,0.5890828366393583,0.0,0.0558,3.1416
8.275195121765137,0.5972310849595645,0.0,0.0558,3.1416
8.280146598815918,0.6050832823167294,0.0,0.1081,3.1416
8.285216569900513,0.6129716662323469,0.0,0.1081,3.1416
8.290134191513062,0.6204744628628502,0.0,0.1081,3.1416
8.295113801956177,0.6279209263589117,0.0,0.1081,3.1416
8.300115585327148,0.6352458473562113,0.0,0.1081,3.1416
8.305123090744019,0.642422028902067,0.0,0.1605,3.1416
8.31012487411499,0.6494312990971015,0.0,0.1605,3.1416
8.315114974975586,0.656264408853811,0.0,0.1605,3.1416
8.320119857788086,0.6629557581297978,0.0,0.1605,3.1416
8.325138092041016,0.6695004059010582,0.0,0.2129,3.1416
8.330147743225098,0.6758678912063606,0.0,0.2129,3.1416
8.335102081298828,0.6820004344064964,0.0,0.2129,3.1416
8.340095520019531,0.6880141979917533,0.0,0.2129,3.1416
8.345093011856079,0.6938633243075198,0.0,0.2652,3.1416
8.350125789642334,0.699580902057021,0.0,0.2652,3.1416
8.355102300643921,0.7050626022693469,0.0,0.2652,3.1416
8.36011004447937,0.7104047443688916,0.0,0.2652,3.1416
8.365091562271118,0.7155444650995332,0.0,0.3176,3.1416
8.370132207870483,0.7205668068906174,0.0,0.3176,3.1416
8.375155687332153,0.7253922769397476,0.0,0.3176,3.1416
8.380151748657227,0.7300122235633258,0.0,0.3176,3.1416
8.385055541992188,0.7343719702025838,0.0,0.37,3.1416
8.390251874923706,0.7388015832986725,0.0,0.37,3.1416
8.395196437835693,0.7428337854897465,0.0,0.37,3.1416
8.400099515914917,0.7466551681246577,0.0,0.37,3.1416
8.40509295463562,0.7503648904559105,0.0,0.37,3.1416
8.41016149520874,0.7539415604227132,0.0,0.4223,3.1416
8.415148735046387,0.7572742802443434,0.0,0.4223,3.1416
8.42009449005127,0.7603956993591096,0.0,0.4223,3.1416
8.425090551376343,0.763362488079594,0.0,0.4223,3.1416
8.430088996887207,0.7661425061897419,0.0,0.4747,3.1416
8.435170650482178,0.7687751388439008,0.0,0.4747,3.1416
8.440095663070679,0.7711396639051313,0.0,0.4747,3.1416
8.445134162902832,0.7733676378126164,0.0,0.4747,3.1416
8.450096130371094,0.7753723982308519,0.0,0.527,3.1416
8.45513367652893,0.7772149531761426,0.0,0.527,3.1416
8.460123300552368,0.7788480931411609,0.0,0.527,3.1416
8.465100765228271,0.780286580152814,0.0,0.527,3.1416
8.470107078552246,0.7815409493449368,0.0,0.527,3.1416
8.475160598754883,0.7826110819347698,0.0,0.5794,3.1416
8.480148553848267,0.7834739001859696,0.0,0.5794,3.1416
8.485130786895752,0.7841436793766693,0.0,0.5794,3.1416
8.490108728408813,0.7846210266132468,0.0,0.5794,3.1416
8.495092391967773,0.7849067023852313,0.0,0.6297,2.6753
8.500150442123413,0.7849999123244886,0.0,0.6297,2.6753
8.505127906799316,0.7848981384547213,0.0,0.6297,2.6753
8.510142087936401,0.7846015650672905,0.0,0.6297,2.6753
8.515094995498657,0.7841174811486187,0.0,0.6703,2.0636
8.52017331123352,0.7834240282974584,0.0,0.6703,2.0636
8.525099515914917,0.7825608132098588,0.0,0.6703,2.0636
8.5301034450531,0.7814920928746818,0.0,0.6703,2.0636
8.535095691680908,0.780233418567966,0.0,0.6703,2.0636
8.54018521308899,0.7787526610741886,0.0,0.7013,1.5802
8.545149564743042,0.7771165142218346,0.0,0.7013,1.5802
8.550141334533691,0.7752807453644922,0.0,0.7013,1.5802
8.555100440979004,0.773268195258047,0.0,0.7013,1.5802
8.560116291046143,0.7710417010528391,0.0,0.7249,1.1962
8.5651376247406,0.7686210078179273,0.0,0.7249,1.1962
8.570110559463501,0.7660351337948178,0.0,0.7249,1.1962
8.575093507766724,0.763256521095758,0.0,0.7249,1.1962
8.580116748809814,0.7602661275268557,0.0,0.7417,0.8581
8.585171699523926,0.7570657297740115,0.0,0.7417,0.8581
8.590097665786743,0.7537633103937189,0.0,0.7417,0.8581
8.59510350227356,0.7502224225264311,0.0,0.7417,0.8581
8.60019063949585,0.7464339484114838,0.0,0.753,0.571
8.605245590209961,0.7424806010625753,0.0,0.753,0.571
8.610127687454224,0.7384846768398858,0.0,0.753,0.571
8.615119457244873,0.7342193789763956,0.0,0.753,0.571
8.620116233825684,0.7297689698322846,0.0,0.753,0.571
8.625123500823975,0.7251288239367611,0.0,0.7593,0.3204
8.630172967910767,0.7202678654739091,0.0,0.7593,0.3204
8.635114431381226,0.7153353945292803,0.0,0.7593,0.3204
8.640073776245117,0.7102117494171682,0.0,0.7593,0.3204
8.645112991333008,0.704829011926271,0.0,0.7612,0.097
8.650143146514893,0.6992797826723907,0.0,0.7612,0.097
8.655107259750366,0.6936322040685464,0.0,0.7612,0.097
8.660114526748657,0.6877646327232132,0.0,0.7612,0.097
8.665111541748047,0.6817394068415361,0.0,0.7581,-0.1577
8.670162916183472,0.6754778821936972,0.0,0.7581,-0.1577
8.675131559371948,0.6691529497166657,0.0,0.7581,-0.1577
8.680118322372437,0.6626410210725492,0.0,0.7581,-0.1577
8.685162544250488,0.6558886126538803,0.0,0.7581,-0.1577
8.690149545669556,0.6490508816367848,0.0,0.7514,-0.3432
8.69551134109497,0.6415215928974861,0.0,0.7514,-0.3432
8.700138330459595,0.6348777613879001,0.0,0.7514,-0.3432
8.70518684387207,0.6274756841121625,0.0,0.7514,-0.3432
8.710107803344727,0.6201087021396305,0.0,0.7514,-0.3432
8.715150594711304,0.6124055928468193,0.0,0.7514,-0.3432
8.720127582550049,0.6046522893586678,0.0,0.7398,-0.5914
8.72519063949585,0.5966132407919038,0.0,0.7398,-0.5914
8.730127096176147,0.588629862283527,0.0,0.7398,-0.5914
8.735124111175537,0.5804043719096107,0.0,0.7398,-0.5914
8.74014663696289,0.5719927598791785,0.0,0.7398,-0.5914
8.745136737823486,0.5634944187974094,0.0,0.7216,-0.9237
8.750122547149658,0.554865080513556,0.0,0.7216,-0.9237
8.755167245864868,0.5459952762790556,0.0,0.7216,-0.9237
8.760120153427124,0.5371534345142779,0.0,0.7216,-0.9237
8.765120506286621,0.528094976794879,0.0,0.7216,-0.9237
8.770128726959229,0.5188916415593254,0.0,0.699,-1.151
8.7753005027771,0.5092529653870279,0.0,0.699,-1.151
8.780207395553589,0.49998363244626326,0.0,0.699,-1.151
8.785150051116943,0.4905266335230272,0.0,0.699,-1.151
8.790170431137085,0.4807998590720201,0.0,0.699,-1.151
8.795139789581299,0.47105414646328647,0.0,0.699,-1.151
8.800212621688843,0.4609871063973731,0.0,0.6724,-1.3559
8.805232524871826,0.4509098416510141,0.0,0.6724,-1.3559
8.810172319412231,0.44088390621685053,0.0,0.6724,-1.3559
8.815134763717651,0.43070509496255877,0.0,0.6724,-1.3559
8.820184707641602,0.4202393577145563,0.0,0.6724,-1.3559
8.82514476776123,0.4098569221129038,0.0,0.6724,-1.3559
8.83012318611145,0.3993359919289679,0.0,0.6392,-1.6887
8.835278511047363,0.3883382862882014,0.0,0.6392,-1.6887
8.840304613113403,0.3775181605102916,0.0,0.6392,-1.6887
8.845143795013428,0.3670114656631897,0.0,0.6392,-1.6887
8.850130558013916,0.3560956298978942,0.0,0.6392,-1.6887
8.855160474777222,0.3449968056422236,0.0,0.5999,-2.0007
8.860171794891357,0.3338533453206308,0.0,0.5999,-2.0007
8.865127801895142,0.32275149059950264,0.0,0.5999,-2.0007
8.870301008224487,0.3110796766838234,0.0,0.5999,-2.0007
8.87523341178894,0.2998746022646841,0.0,0.5999,-2.0007
8.880223274230957,0.2884657420311258,0.0,0.5579,-2.1411
8.885344982147217,0.2766817345415739,0.0,0.5579,-2.1411
8.890320777893066,0.26516481444259243,0.0,0.5579,-2.1411
8.895179271697998,0.25385685829342136,0.0,0.5579,-2.1411
8.900181531906128,0.24215252746774615,0.0,0.5579,-2.1411
8.905173540115356,0.2304125645561065,0.0,0.5579,-2.1411
8.910120964050293,0.2187215319226801,0.0,0.5131,-2.2778
8.915148735046387,0.20678651909738016,0.0,0.5131,-2.2778
8.920129776000977,0.19491155296152893,0.0,0.5131,-2.2778
8.92511773109436,0.182972277721233,0.0,0.5131,-2.2778
8.930140733718872,0.17090371585805025,0.0,0.5131,-2.2778
8.935153722763062,0.1588167815817022,0.0,0.4636,-2.5971
8.940295696258545,0.14637795388042152,0.0,0.4636,-2.5971
8.945279836654663,0.1342844487609331,0.0,0.4636,-2.5971
8.950144529342651,0.12244899959602551,0.0,0.4636,-2.5971
8.955129623413086,0.11029097624368675,0.0,0.4636,-2.5971
8.960126161575317,0.09807790060959341,0.0,0.4636,-2.5971
8.965142965316772,0.08579098079029239,0.0,0.4129,-2.726
8.970366477966309,0.07297519852012484,0.0,0.4129,-2.726
8.975217342376709,0.06105602918353596,0.0,0.4129,-2.726
8.980254888534546,0.0486631890614034,0.0,0.4129,-2.726
8.985262393951416,0.0363321667769879,0.0,0.4129,-2.726
8.990343809127808,0.02380996507738005,0.0,0.4129,-2.726
8.995327472686768,0.011522740495480983,0.0,0.4129,-2.726
9.000304698944092,-0.0007514332572287638,0.0,0.3606,-3.078
9.0052649974823,-0.012983682720525375,0.0,0.3606,-3.078
9.010386228561401,-0.025609455148094484,0.0,0.3606,-3.078
9.015185832977295,-0.037436340758051384,0.0,0.3606,-3.078
9.02017068862915,-0.04971066388982072,0.0,0.3606,-3.078
9.025179386138916,-0.06203140976032716,0.0,0.3606,-3.078
9.030211448669434,-0.07439415952613086,0.0,0.3606,-3.078
9.03523588180542,-0.08671961743799905,0.0,0.3082,-3.1416
9.040420532226562,-0.09941542002563612,0.0,0.3082,-3.1416
9.045138597488403,-0.11094584886769994,0.0,0.3082,-3.1416
9.050113439559937,-0.123077361952101,0.0,0.3082,-3.1416
9.055123329162598,-0.1352639528523798,0.0,0.3082,-3.1416
9.060151100158691,-0.1474603506522584,0.0,0.2558,-3.1416
9.065154790878296,-0.15956181414490506,0.0,0.2558,-3.1416
9.070124626159668,-0.1715423762893868,0.0,0.2558,-3.1416
9.075157165527344,-0.18363147282812006,0.0,0.2558,-3.1416
9.080166101455688,-0.19561829665507408,0.0,0.2035,-3.1416
9.085228204727173,-0.2076831314549427,0.0,0.2035,-3.1416
9.090115308761597,-0.21928108136003766,0.0,0.2035,-3.1416
9.09510588645935,-0.2310712305933318,0.0,0.2035,-3.1416
9.100105047225952,-0.24282471020242857,0.0,0.2035,-3.1416
9.105119466781616,-0.25455389390645006,0.0,0.1511,-3.1416
9.11020302772522,-0.2663803093288107,0.0,0.1511,-3.1416
9.115249395370483,-0.27805300867151345,0.0,0.1511,-3.1416
9.12019395828247,-0.289422460413793,0.0,0.1511,-3.1416
9.125175952911377,-0.30080734413005195,0.0,0.1511,-3.1416
9.130154848098755,-0.3121115281652025,0.0,0.1511,-3.1416
9.135152101516724,-0.3233806067120361,0.0,0.0988,-3.1416
9.140258073806763,-0.33481251003500156,0.0,0.0988,-3.1416
9.145144701004028,-0.3456726777467551,0.0,0.0988,-3.1416
9.150126934051514,-0.35666143324490435,0.0,0.0988,-3.1416
9.155119180679321,-0.36758463259047874,0.0,0.0988,-3.1416
9.160113334655762,-0.37842153816266816,0.0,0.0988,-3.1416
9.165150880813599,-0.389258224243388,0.0,0.0464,-3.1416
9.170259952545166,-0.4001491842944298,0.0,0.0464,-3.1416
9.175231695175171,-0.41064845902252173,0.0,0.0464,-3.1416
9.180230855941772,-0.42110462075638244,0.0,0.0464,-3.1416
9.185376405715942,-0.4317584680614731,0.0,0.0464,-3.1416
9.19023585319519,-0.441716401377672,0.0,0.0464,-3.1416
9.19515585899353,-0.4516935423239233,0.0,-0.006,-3.1416
9.200347423553467,-0.4621043127648387,0.0,-0.006,-3.1416
9.205167531967163,-0.471660208497779,0.0,-0.006,-3.1416
9.21018934249878,-0.48150091252619326,0.0,-0.006,-3.1416
9.2151198387146,-0.4910460990502336,0.0,-0.006,-3.1416
9.220144271850586,-0.50065192612151,0.0,-0.006,-3.1416
9.225215435028076,-0.5102206011398658,0.0,-0.0583,-3.1416
9.230169296264648,-0.5194429197294649,0.0,-0.0583,-3.1416
9.235151529312134,-0.5285911589703269,0.0,-0.0583,-3.1416
9.24013376235962,-0.537609901466818,0.0,-0.0583,-3.1416
9.24515676498413,-0.5465691109997752,0.0,-0.0583,-3.1416
9.25024938583374,-0.5555135397126291,0.0,-0.1107,-3.1416
9.25525188446045,-0.5641612577351609,0.0,-0.1107,-3.1416
9.260265827178955,-0.5726889413073126,0.0,-0.1107,-3.1416
9.265186548233032,-0.5809199332545435,0.0,-0.1107,-3.1416
9.27030062675476,-0.5893272174656886,0.0,-0.1107,-3.1416
9.275221586227417,-0.5972734389132724,0.0,-0.1107,-3.1416
9.280202388763428,-0.6051709250557757,0.0,-0.1631,-3.1416
9.28513479232788,-0.6128456568202203,0.0,-0.1631,-3.1416
9.290255069732666,-0.6206570287536458,0.0,-0.1631,-3.1416
9.295167684555054,-0.6280006647563653,0.0,-0.1631,-3.1416
9.30013132095337,-0.6352686450186078,0.0,-0.1631,-3.1416
9.305194616317749,-0.6425233836603771,0.0,-0.1631,-3.1416
9.310142517089844,-0.6494557403551198,0.0,-0.2154,-3.1416
9.315340995788574,-0.656570101110116,0.0,-0.2154,-3.1416
9.320125579833984,-0.6629633148152798,0.0,-0.2154,-3.1416
9.325153350830078,-0.6695200530750354,0.0,-0.2154,-3.1416
9.330169677734375,-0.6758954039696202,0.0,-0.2154,-3.1416
9.335184574127197,-0.682101150792421,0.0,-0.2154,-3.1416
9.340163469314575,-0.6880948672355508,0.0,-0.2678,-3.1416
9.34516716003418,-0.69394882415723,0.0,-0.2678,-3.1416
9.350352048873901,-0.6998338506309698,0.0,-0.2678,-3.1416
9.355224609375,-0.7051951627571901,0.0,-0.2678,-3.1416
9.360259056091309,-0.7105610190698186,0.0,-0.2678,-3.1416
9.36527132987976,-0.7157266730214155,0.0,-0.2678,-3.1416
9.370309591293335,-0.7207402622326454,0.0,-0.2678,-3.1416
9.37520694732666,-0.7254405872718394,0.0,-0.3201,-3.1416
9.380194187164307,-0.7300506984975947,0.0,-0.3201,-3.1416
9.385332822799683,-0.7346132917224253,0.0,-0.3201,-3.1416
9.390270233154297,-0.7388168844311439,0.0,-0.3201,-3.1416
9.395305633544922,-0.7429208132350684,0.0,-0.3201,-3.1416
9.400203227996826,-0.7467340895827582,0.0,-0.3201,-3.1416
9.405286312103271,-0.7505048316112484,0.0,-0.3201,-3.1416
9.410159349441528,-0.7539400866232099,0.0,-0.3725,-3.1416
9.415204048156738,-0.7573102023648725,0.0,-0.3725,-3.1416
9.420255899429321,-0.7604944805784125,0.0,-0.3725,-3.1416
9.425201177597046,-0.7634260552771809,0.0,-0.3725,-3.1416
9.430133581161499,-0.7661664538529123,0.0,-0.3725,-3.1416
9.43512225151062,-0.7687509881051963,0.0,-0.3725,-3.1416
9.440129041671753,-0.7711550599649991,0.0,-0.4249,-3.1416
9.445192575454712,-0.7733923320726908,0.0,-0.4249,-3.1416
9.450252056121826,-0.7754323452306344,0.0,-0.4249,-3.1416
9.455195903778076,-0.7772364974670468,0.0,-0.4249,-3.1416
9.460201978683472,-0.7788723134489062,0.0,-0.4249,-3.1416
9.465132474899292,-0.7802951329869072,0.0,-0.4772,-3.1416
9.470227241516113,-0.781568682459224,0.0,-0.4772,-3.1416
9.47518515586853,-0.7826158007468851,0.0,-0.4772,-3.1416
9.480124473571777,-0.7834701967533895,0.0,-0.4772,-3.1416
9.485171556472778,-0.7841483679452058,0.0,-0.4772,-3.1416
9.490164041519165,-0.7846252529499207,0.0,-0.4772,-3.1416
9.495172023773193,-0.7849097054939829,0.0,-0.5296,-3.1416
9.500263690948486,-0.7849997306420325,0.0,-0.5296,-3.1416
9.505282402038574,-0.7848919083010109,0.0,-0.5296,-3.1416
9.510155439376831,-0.784600515435246,0.0,-0.5296,-3.1416
9.515153884887695,-0.7841105831622476,0.0,-0.5296,-3.1416
9.52015733718872,-0.7834265223119469,0.0,-0.5296,-3.1416
9.525147914886475,-0.7825514021532585,0.0,-0.5819,-3.1416
9.530311584472656,-0.7814434536480066,0.0,-0.5819,-3.1416
9.535379648208618,-0.7801560541936974,0.0,-0.5819,-3.1416
9.540194034576416,-0.778749921578199,0.0,-0.5819,-3.1416
9.545137405395508,-0.7771207527776688,0.0,-0.5819,-3.1416
9.550155401229858,-0.7752753025912114,0.0,-0.5819,-3.1416
9.555196285247803,-0.7732274484769748,0.0,-0.634,-2.9743
9.56015419960022,-0.771024144096376,0.0,-0.634,-2.9743
9.565251111984253,-0.7685640850624532,0.0,-0.634,-2.9743
9.570239305496216,-0.7659657014978749,0.0,-0.634,-2.9743
9.575191497802734,-0.7632000019291624,0.0,-0.634,-2.9743
9.580313444137573,-0.76014517551645,0.0,-0.634,-2.9743
9.585225343704224,-0.7570307412148166,0.0,-0.634,-2.9743
9.590206384658813,-0.7536883851556858,0.0,-0.634,-2.9743
9.595121145248413,-0.7502096140911121,0.0,-0.6766,-2.167
9.600274562835693,-0.7463698480972423,0.0,-0.6766,-2.167
9.605181455612183,-0.7425319340061615,0.0,-0.6766,-2.167
9.610111713409424,-0.7384980351525914,0.0,-0.6766,-2.167
9.61511778831482,-0.7342208352542599,0.0,-0.6766,-2.167
9.620126008987427,-0.72976008691903,0.0,-0.705,-1.4433
9.625288248062134,-0.7249731001925562,0.0,-0.705,-1.4433
9.630260467529297,-0.7201820312277921,0.0,-0.705,-1.4433
9.635246276855469,-0.7152014224426527,0.0,-0.705,-1.4433
9.640151977539062,-0.7101295733916584,0.0,-0.705,-1.4433
9.645151615142822,-0.7047870712386957,0.0,-0.705,-1.4433
9.650193214416504,-0.699223668090219,0.0,-0.705,-1.4433
9.655152559280396,-0.6935798887907234,0.0,-0.7222,-0.8753
9.660216569900513,-0.687643282932694,0.0,-0.7222,-0.8753
9.665300130844116,-0.6815087132527353,0.0,-0.7222,-0.8753
9.670148372650146,-0.6754961548402885,0.0,-0.7222,-0.8753
9.67512035369873,-0.6691673982211547,0.0,-0.7222,-0.8753
9.680224418640137,-0.6625007034318359,0.0,-0.7222,-0.8753
9.685168027877808,-0.6558811821037056,0.0,-0.728,-0.2912
9.690183639526367,-0.6490035849552276,0.0,-0.728,-0.2912
9.695167779922485,-0.6420095187639947,0.0,-0.728,-0.2912
9.700136661529541,-0.6348801820514858,0.0,-0.728,-0.2912
9.70529580116272,-0.6273141853060666,0.0,-0.728,-0.2912
9.710129022598267,-0.6200766134152771,0.0,-0.728,-0.2912
9.715157985687256,-0.6123941894943826,0.0,-0.7244,0.1839
9.7201406955719,-0.6046316654084237,0.0,-0.7244,0.1839
9.725157260894775,-0.5966667353746635,0.0,-0.7244,0.1839
9.730172634124756,-0.5885555550444614,0.0,-0.7244,0.1839
9.735196352005005,-0.5802844038799043,0.0,-0.7244,0.1839
9.740157127380371,-0.5719750410016566,0.0,-0.7244,0.1839
9.745171070098877,-0.563435467479312,0.0,-0.7123,0.6163
9.750452756881714,-0.5542887302553217,0.0,-0.7123,0.6163
9.755179643630981,-0.5459733081536925,0.0,-0.7123,0.6163
9.76020073890686,-0.5370084937231915,0.0,-0.7123,0.6163
9.765397548675537,-0.5275892660085416,0.0,-0.7123,0.6163
9.770483016967773,-0.518235690328615,0.0,-0.7123,0.6163
9.775270223617554,-0.5093097906022791,0.0,-0.7123,0.6163
9.780160188674927,-0.5000733778567158,0.0,-0.6944,0.9095
9.78518533706665,-0.49045869146078314,0.0,-0.6944,0.9095
9.790333986282349,-0.4804809530398175,0.0,-0.6944,0.9095
9.795146465301514,-0.47104097654828364,0.0,-0.6944,0.9095
9.800195217132568,-0.46102184738288415,0.0,-0.6944,0.9095
9.805204391479492,-0.4509666332038274,0.0,-0.6944,0.9095
9.81011438369751,-0.441002114136396,0.0,-0.6944,0.9095
9.815155982971191,-0.43066134415778345,0.0,-0.6646,1.5216
9.820263385772705,-0.4200754578633907,0.0,-0.6646,1.5216
9.825304508209229,-0.40952088450953594,0.0,-0.6646,1.5216
9.83024287223816,-0.39908184554464293,0.0,-0.6646,1.5216
9.835291147232056,-0.3883112035540035,0.0,-0.6646,1.5216
9.841118097305298,-0.37575798162030555,0.0,-0.6259,1.9683
9.845262289047241,-0.36675312088768486,0.0,-0.6259,1.9683
9.850238561630249,-0.35585823743836864,0.0,-0.6259,1.9683
9.85517692565918,-0.34496036289807136,0.0,-0.6259,1.9683
9.860201597213745,-0.3337868248999688,0.0,-0.6259,1.9683
9.865195989608765,-0.3225981928040798,0.0,-0.6259,1.9683
9.87044095993042,-0.3107627615415004,0.0,-0.5849,2.0896
9.875228881835938,-0.29988492652790893,0.0,-0.5849,2.0896
9.880285739898682,-0.28832246492638863,0.0,-0.5849,2.0896
9.885199308395386,-0.277017904394233,0.0,-0.5849,2.0896
9.890177249908447,-0.2654979437725347,0.0,-0.5849,2.0896
9.895188570022583,-0.2538351592600625,0.0,-0.5849,2.0896
9.900181770324707,-0.2421519681657077,0.0,-0.5849,2.0896
9.905121326446533,-0.23053565644145627,0.0,-0.5384,2.3693
9.910186529159546,-0.21856623699190522,0.0,-0.5384,2.3693
9.915216207504272,-0.20662599428314188,0.0,-0.5384,2.3693
9.920175313949585,-0.19480276438567243,0.0,-0.5384,2.3693
9.925282955169678,-0.18257600889971998,0.0,-0.5384,2.3693
9.930109024047852,-0.17098004002849246,0.0,-0.4869,2.8418
9.935265064239502,-0.15854786530429163,0.0,-0.4869,2.8418
9.940131902694702,-0.1467747892817177,0.0,-0.4869,2.8418
9.945189714431763,-0.1345034222998768,0.0,-0.4869,2.8418
9.950117111206055,-0.12251578870109937,0.0,-0.4869,2.8418
9.955136775970459,-0.11027351189965193,0.0,-0.435,2.9356
9.960400581359863,-0.09740640672158692,0.0,-0.435,2.9356
9.965420484542847,-0.08511064365040599,0.0,-0.435,2.9356
9.970192432403564,-0.07340255141332863,0.0,-0.435,2.9356
9.975201606750488,-0.06109471796986899,0.0,-0.435,2.9356
9.980471849441528,-0.0481291486910628,0.0,-0.3827,3.0463
9.985149621963501,-0.036609979120614644,0.0,-0.3827,3.0463
9.990225076675415,-0.024102640757767184,0.0,-0.3827,3.0463
9.995185852050781,-0.011871959479897736,0.0,-0.3827,3.0463
