{
    "Q": [
        [
            0.2151942066952598,
            0.0078551991278505,
            7.968607004749569e-05
        ],
        [
            0.007855199127850479,
            0.6001890407384503,
            0.034521480020971246
        ],
        [
            7.968607004749386e-05,
            0.03452148002097113,
            0.2745452917054135
        ]
    ],
    "R": [
        [
            18.5688579658275,
            -0.29290288883569526,
            -0.2852873071308595
        ],
        [
            -0.29290288883569526,
            47.74231579992978,
            3.012400241509956
        ],
        [
            -0.2852873071308595,
            3.0124002415099556,
            26.421311119723953
        ]
    ]
}