{
    "Q": [
        [
            4.054804697340012,
            1.817493855601245,
            -1.5137733750241282
        ],
        [
            1.8174938556012497,
            3.649058128691958,
            -1.0000543667011104
        ],
        [
            -1.5137733750241011,
            -1.000054366701136,
            4.933352312597932
        ]
    ],
    "R": [
        [
            450.32032268707775,
            117.01090163643686,
            -153.2172375034395
        ],
        [
            117.01090163643686,
            353.20409769049144,
            -82.51180458009411
        ],
        [
            -153.21723750343943,
            -82.51180458009414,
            453.3564848977603
        ]
    ]
}