0.521774 -0.543094 0.099999 2.41732 0.424671 -2.70572 0 0 0.317927
0.521775 -0.543092 0.099999 2.41732 0.424671 -2.70572 0 0 0.318674
0.521776 -0.54309 0.099999 2.41732 0.424671 -2.70572 0 0 0.319421
0.521777 -0.543087 0.099999 2.41732 0.424671 -2.70572 0 0 0.320168
0.521778 -0.543085 0.099999 2.41732 0.424671 -2.70572 0 0 0.320915
0.521779 -0.543083 0.099999 2.41732 0.424671 -2.70572 0 0 0.321662
0.52178 -0.54308 0.099999 2.41732 0.424671 -2.70572 0 0 0.322409
0.52178 -0.543078 0.099999 2.41732 0.424671 -2.70572 0 0 0.323156
0.521781 -0.543076 0.099999 2.41732 0.424671 -2.70572 0 0 0.323903
0.521782 -0.543073 0.099999 2.41732 0.424671 -2.70572 0 0 0.32465
0.521783 -0.543071 0.099999 2.41732 0.424671 -2.70572 0 0 0.325398
0.521784 -0.543069 0.099999 2.41732 0.424671 -2.70572 0 0 0.326145
0.521785 -0.543064 0.099999 2.41732 0.424671 -2.70572 0 0 0.326914
0.521786 -0.54306 0.099999 2.41732 0.424671 -2.70572 0 0 0.327684
0.521786 -0.543056 0.099999 2.41732 0.424671 -2.70572 0 0 0.328454
0.521787 -0.543052 0.099999 2.41732 0.424671 -2.70572 0 0 0.329224
0.521788 -0.543048 0.099999 2.41732 0.424671 -2.70572 0 0 0.329994
0.521789 -0.543044 0.099999 2.41732 0.424671 -2.70572 0 0 0.330764
0.521789 -0.54304 0.099999 2.41732 0.424671 -2.70572 0 0 0.331534
0.52179 -0.543036 0.099999 2.41732 0.424671 -2.70572 0 0 0.332304
0.521791 -0.543031 0.099999 2.41732 0.424671 -2.70572 0 0 0.333074
0.521791 -0.543027 0.099999 2.41732 0.424671 -2.70572 0 0 0.333844
0.521792 -0.543023 0.099999 2.41732 0.424671 -2.70572 0 0 0.334614
0.521793 -0.543019 0.099999 2.41732 0.424671 -2.70572 0 0 0.335385
0.521794 -0.543015 0.099999 2.41732 0.424671 -2.70572 0 0 0.336155
0.521794 -0.543011 0.099999 2.41732 0.424671 -2.70572 0 0 0.336925
0.521795 -0.543007 0.099999 2.41732 0.424671 -2.70572 0 0 0.337695
0.521796 -0.543003 0.099999 2.41732 0.424671 -2.70572 0 0 0.338465
0.521797 -0.542998 0.099999 2.41732 0.424671 -2.70572 0 0 0.339243
0.521798 -0.542994 0.099999 2.41732 0.424671 -2.70572 0 0 0.340035
0.521798 -0.54299 0.099999 2.41732 0.424671 -2.70572 0 0 0.340827
0.521799 -0.542985 0.099999 2.41732 0.424671 -2.70572 0 0 0.341619
0.5218 -0.542981 0.099999 2.41732 0.424671 -2.70572 0 0 0.342411
0.521801 -0.542977 0.099999 2.41732 0.424671 -2.70572 0 0 0.343202
0.521802 -0.542972 0.099999 2.41732 0.424671 -2.70572 0 0 0.343994
0.521803 -0.542968 0.099999 2.41732 0.424671 -2.70572 0 0 0.344786
0.521804 -0.542964 0.099999 2.41732 0.424671 -2.70572 0 0 0.345578
0.521805 -0.542959 0.099999 2.41732 0.424671 -2.70572 0 0 0.34637
0.521806 -0.542955 0.099999 2.41732 0.424671 -2.70572 0 0 0.347162
0.521806 -0.542951 0.099999 2.41732 0.424671 -2.70572 0 0 0.347953
0.521807 -0.542946 0.099999 2.41732 0.424671 -2.70572 0 0 0.348745
0.521808 -0.542942 0.099999 2.41732 0.424671 -2.70572 0 0 0.349537
0.521809 -0.542938 0.099999 2.41732 0.424671 -2.70572 0 0 0.350329
0.52181 -0.542933 0.099999 2.41732 0.424671 -2.70572 0 0 0.351121
0.521811 -0.542929 0.099999 2.41732 0.424671 -2.70572 0 0 0.351913
0.521812 -0.542922 0.099999 2.41732 0.424671 -2.70572 0 0 0.352648
0.521813 -0.542915 0.099999 2.41732 0.424671 -2.70572 0 0 0.35337
0.521815 -0.542908 0.099999 2.41732 0.424671 -2.70572 0 0 0.354093
0.521816 -0.5429 0.099999 2.41732 0.424671 -2.70572 0 0 0.354815
0.521817 -0.542893 0.099999 2.41732 0.424671 -2.70572 0 0 0.355537
0.521818 -0.542885 0.099999 2.41732 0.424671 -2.70572 0 0 0.356259
0.52182 -0.542878 0.099999 2.41732 0.424671 -2.70572 0 0 0.356981
0.521821 -0.542871 0.099999 2.41732 0.424671 -2.70572 0 0 0.357703
0.521822 -0.542863 0.099999 2.41732 0.424671 -2.70572 0 0 0.358425
0.521824 -0.542856 0.099999 2.41732 0.424671 -2.70572 0 0 0.359148
0.521825 -0.542848 0.099999 2.41732 0.424671 -2.70572 0 0 0.35987
0.521826 -0.542841 0.099999 2.41732 0.424671 -2.70572 0 0 0.360592
0.521827 -0.542834 0.099999 2.41732 0.424671 -2.70572 0 0 0.361314
0.521829 -0.542826 0.099999 2.41732 0.424671 -2.70572 0 0 0.362036
0.52183 -0.542819 0.099999 2.41732 0.424671 -2.70572 0 0 0.362758
0.521831 -0.542812 0.099999 2.41732 0.424671 -2.70572 0 0 0.36348
0.521833 -0.542804 0.099999 2.41732 0.424671 -2.70572 0 0 0.364203
0.521834 -0.542797 0.099999 2.41732 0.424671 -2.70572 0 0 0.364925
0.521835 -0.542789 0.099999 2.41732 0.424671 -2.70572 0 0 0.365647
0.521837 -0.542782 0.099999 2.41732 0.424671 -2.70572 0 0 0.366369
0.521838 -0.542775 0.099999 2.41732 0.424671 -2.70572 0 0 0.367091
0.521839 -0.542767 0.099999 2.41732 0.424671 -2.70572 0 0 0.367813
0.521839 -0.542759 0.099999 2.41732 0.424671 -2.70572 0 0 0.368296
0.52184 -0.542752 0.099999 2.41732 0.424671 -2.70572 0 0 0.368681
0.52184 -0.542744 0.099999 2.41732 0.424671 -2.70572 0 0 0.369066
0.52184 -0.542736 0.099999 2.41732 0.424671 -2.70572 0 0 0.36945
0.52184 -0.542728 0.099999 2.41732 0.424671 -2.70572 0 0 0.369835
0.52184 -0.54272 0.099999 2.41732 0.424671 -2.70572 0 0 0.37022
0.52184 -0.542712 0.099999 2.41732 0.424671 -2.70572 0 0 0.370604
0.52184 -0.542705 0.099999 2.41732 0.424671 -2.70572 0 0 0.370989
0.52184 -0.542697 0.099999 2.41732 0.424671 -2.70572 0 0 0.371374
0.52184 -0.542689 0.099999 2.41732 0.424671 -2.70572 0 0 0.371758
0.52184 -0.542681 0.099999 2.41732 0.424671 -2.70572 0 0 0.372143
0.52184 -0.542673 0.099999 2.41732 0.424671 -2.70572 0 0 0.372528
0.52184 -0.542665 0.099999 2.41732 0.424671 -2.70572 0 0 0.372912
0.52184 -0.542658 0.099999 2.41732 0.424671 -2.70572 0 0 0.373297
0.52184 -0.54265 0.099999 2.41732 0.424671 -2.70572 0 0 0.373682
0.52184 -0.542642 0.099999 2.41732 0.424671 -2.70572 0 0 0.374066
0.52184 -0.542634 0.099999 2.41732 0.424671 -2.70572 0 0 0.37442
0.521839 -0.542625 0.099999 2.41732 0.424671 -2.70572 0 0 0.374577
0.521837 -0.542616 0.099999 2.41732 0.424671 -2.70572 0 0 0.374733
0.521836 -0.542607 0.099999 2.41732 0.424671 -2.70572 0 0 0.37489
0.521835 -0.542598 0.099999 2.41732 0.424671 -2.70572 0 0 0.375047
0.521833 -0.542589 0.099999 2.41732 0.424671 -2.70572 0 0 0.375203
0.521832 -0.54258 0.099999 2.41732 0.424671 -2.70572 0 0 0.37536
0.521831 -0.542571 0.099999 2.41732 0.424671 -2.70572 0 0 0.375516
0.521829 -0.542562 0.099999 2.41732 0.424671 -2.70572 0 0 0.375673
0.521828 -0.542553 0.099999 2.41732 0.424671 -2.70572 0 0 0.37583
0.521827 -0.542544 0.099999 2.41732 0.424671 -2.70572 0 0 0.375986
0.521825 -0.542535 0.099999 2.41732 0.424671 -2.70572 0 0 0.376143
0.521824 -0.542526 0.099999 2.41732 0.424671 -2.70572 0 0 0.376299
0.521823 -0.542517 0.099999 2.41732 0.424671 -2.70572 0 0 0.376456
0.521821 -0.542508 0.099999 2.41732 0.424671 -2.70572 0 0 0.376613
0.52182 -0.542499 0.099999 2.41732 0.424671 -2.70572 0 0 0.376769
0.521819 -0.54249 0.099999 2.41732 0.424671 -2.70572 0 0 0.376926
0.521816 -0.542481 0.099999 2.41732 0.424671 -2.70572 0 0 0.37703
0.521813 -0.542472 0.099999 2.41732 0.424671 -2.70572 0 0 0.377094
0.52181 -0.542463 0.099999 2.41732 0.424671 -2.70572 0 0 0.377157
0.521806 -0.542454 0.099999 2.41732 0.424671 -2.70572 0 0 0.377221
0.521803 -0.542445 0.099999 2.41732 0.424671 -2.70572 0 0 0.377284
0.5218 -0.542437 0.099999 2.41732 0.424671 -2.70572 0 0 0.377348
0.521796 -0.542428 0.099999 2.41732 0.424671 -2.70572 0 0 0.377412
0.521793 -0.542419 0.099999 2.41732 0.424671 -2.70572 0 0 0.377475
0.52179 -0.54241 0.099999 2.41732 0.424671 -2.70572 0 0 0.377539
0.521786 -0.542401 0.099999 2.41732 0.424671 -2.70572 0 0 0.377602
0.521783 -0.542392 0.099999 2.41732 0.424671 -2.70572 0 0 0.377666
0.521779 -0.542384 0.099999 2.41732 0.424671 -2.70572 0 0 0.377729
0.521776 -0.542375 0.099999 2.41732 0.424671 -2.70572 0 0 0.377793
0.521773 -0.542366 0.099999 2.41732 0.424671 -2.70572 0 0 0.377857
0.521769 -0.542357 0.099999 2.41732 0.424671 -2.70572 0 0 0.37792
0.521766 -0.542348 0.099999 2.41732 0.424671 -2.70572 0 0 0.377984
0.521763 -0.54234 0.099999 2.41732 0.424671 -2.70572 0 0 0.378047
0.521759 -0.542331 0.099999 2.41732 0.424671 -2.70572 0 0 0.378111
0.521756 -0.542322 0.099999 2.41732 0.424671 -2.70572 0 0 0.378175
0.521753 -0.542313 0.099999 2.41732 0.424671 -2.70572 0 0 0.378238
0.521749 -0.542304 0.099999 2.41732 0.424671 -2.70572 0 0 0.378302
0.521746 -0.542296 0.099999 2.41732 0.424671 -2.70572 0 0 0.378365
0.521742 -0.542287 0.099999 2.41732 0.424671 -2.70572 0 0 0.378139
0.521738 -0.542278 0.099999 2.41732 0.424671 -2.70572 0 0 0.377578
0.521734 -0.54227 0.099999 2.41732 0.424671 -2.70572 0 0 0.377018
0.52173 -0.542261 0.099999 2.41732 0.424671 -2.70572 0 0 0.376458
0.521726 -0.542253 0.099999 2.41732 0.424671 -2.70572 0 0 0.375898
0.521722 -0.542244 0.099999 2.41732 0.424671 -2.70572 0 0 0.375337
0.521718 -0.542236 0.099999 2.41732 0.424671 -2.70572 0 0 0.374777
0.521714 -0.542227 0.099999 2.41732 0.424671 -2.70572 0 0 0.374217
0.52171 -0.542218 0.099999 2.41732 0.424671 -2.70572 0 0 0.373656
0.521705 -0.54221 0.099999 2.41732 0.424671 -2.70572 0 0 0.373096
0.521701 -0.542201 0.099999 2.41732 0.424671 -2.70572 0 0 0.372536
0.521697 -0.542193 0.099999 2.41732 0.424671 -2.70572 0 0 0.371976
0.521693 -0.542184 0.099999 2.41732 0.424671 -2.70572 0 0 0.371415
0.521689 -0.542176 0.099999 2.41732 0.424671 -2.70572 0 0 0.370855
0.521685 -0.542167 0.099999 2.41732 0.424671 -2.70572 0 0 0.370295
0.521681 -0.542159 0.099999 2.41732 0.424671 -2.70572 0 0 0.369735
0.521677 -0.54215 0.099999 2.41732 0.424671 -2.70572 0 0 0.369174
0.521672 -0.542143 0.099999 2.41732 0.424671 -2.70572 0 0 0.368045
0.521666 -0.542135 0.099999 2.41732 0.424671 -2.70572 0 0 0.366847
0.521661 -0.542128 0.099999 2.41732 0.424671 -2.70572 0 0 0.365649
0.521655 -0.54212 0.099999 2.41732 0.424671 -2.70572 0 0 0.364452
0.52165 -0.542113 0.099999 2.41732 0.424671 -2.70572 0 0 0.363254
0.521645 -0.542106 0.099999 2.41732 0.424671 -2.70572 0 0 0.362056
0.521639 -0.542098 0.099999 2.41732 0.424671 -2.70572 0 0 0.360858
0.521634 -0.542091 0.099999 2.41732 0.424671 -2.70572 0 0 0.35966
0.521628 -0.542083 0.099999 2.41732 0.424671 -2.70572 0 0 0.358462
0.521623 -0.542076 0.099999 2.41732 0.424671 -2.70572 0 0 0.357264
0.521617 -0.542069 0.099999 2.41732 0.424671 -2.70572 0 0 0.356066
0.521612 -0.542061 0.099999 2.41732 0.424671 -2.70572 0 0 0.354869
0.521607 -0.542054 0.099999 2.41732 0.424671 -2.70572 0 0 0.353671
0.521601 -0.542047 0.099999 2.41732 0.424671 -2.70572 0 0 0.352473
0.521596 -0.542039 0.099999 2.41732 0.424671 -2.70572 0 0 0.351275
0.52159 -0.542032 0.099999 2.41732 0.424671 -2.70572 0 0 0.350077
0.521585 -0.542025 0.099999 2.41732 0.424671 -2.70572 0 0 0.348692
0.521579 -0.542018 0.099999 2.41732 0.424671 -2.70572 0 0 0.346909
0.521573 -0.542011 0.099999 2.41732 0.424671 -2.70572 0 0 0.345126
0.521567 -0.542004 0.099999 2.41732 0.424671 -2.70572 0 0 0.343343
0.521561 -0.541997 0.099999 2.41732 0.424671 -2.70572 0 0 0.34156
0.521555 -0.54199 0.099999 2.41732 0.424671 -2.70572 0 0 0.339777
0.521549 -0.541983 0.099999 2.41732 0.424671 -2.70572 0 0 0.337994
0.521543 -0.541976 0.099999 2.41732 0.424671 -2.70572 0 0 0.336211
0.521537 -0.541969 0.099999 2.41732 0.424671 -2.70572 0 0 0.334428
0.521531 -0.541962 0.099999 2.41732 0.424671 -2.70572 0 0 0.332645
0.521525 -0.541955 0.099999 2.41732 0.424671 -2.70572 0 0 0.330862
0.521519 -0.541948 0.099999 2.41732 0.424671 -2.70572 0 0 0.329079
0.521514 -0.541941 0.099999 2.41732 0.424671 -2.70572 0 0 0.327296
0.521508 -0.541935 0.099999 2.41732 0.424671 -2.70572 0 0 0.325513
0.521502 -0.541928 0.099999 2.41732 0.424671 -2.70572 0 0 0.32373
0.521496 -0.541921 0.099999 2.41732 0.424671 -2.70572 0 0 0.321947
0.52149 -0.541914 0.099999 2.41732 0.424671 -2.70572 0 0 0.320164
0.521484 -0.541907 0.099999 2.41732 0.424671 -2.70572 0 0 0.318381
0.521478 -0.5419 0.099999 2.41732 0.424671 -2.70572 0 0 0.316598
0.521472 -0.541893 0.099999 2.41732 0.424671 -2.70572 0 0 0.314815
0.521466 -0.541886 0.099999 2.41732 0.424671 -2.70572 0 0 0.313032
0.52146 -0.541879 0.099999 2.41732 0.424671 -2.70572 0 0 0.311249
0.521454 -0.541872 0.099999 2.41732 0.424671 -2.70572 0 0 0.309398
0.521447 -0.541864 0.099999 2.41732 0.424671 -2.70572 0 0 0.307311
0.521441 -0.541856 0.099999 2.41732 0.424671 -2.70572 0 0 0.305224
0.521434 -0.541849 0.099999 2.41732 0.424671 -2.70572 0 0 0.303137
0.521428 -0.541841 0.099999 2.41732 0.424671 -2.70572 0 0 0.30105
0.521421 -0.541833 0.099999 2.41732 0.424671 -2.70572 0 0 0.298963
0.521414 -0.541825 0.099999 2.41732 0.424671 -2.70572 0 0 0.296877
0.521408 -0.541818 0.099999 2.41732 0.424671 -2.70572 0 0 0.29479
0.521401 -0.54181 0.099999 2.41732 0.424671 -2.70572 0 0 0.292703
0.521394 -0.541802 0.099999 2.41732 0.424671 -2.70572 0 0 0.290616
0.521388 -0.541794 0.099999 2.41732 0.424671 -2.70572 0 0 0.288529
0.521381 -0.541786 0.099999 2.41732 0.424671 -2.70572 0 0 0.286442
0.521375 -0.541779 0.099999 2.41732 0.424671 -2.70572 0 0 0.284355
0.521368 -0.541771 0.099999 2.41732 0.424671 -2.70572 0 0 0.282268
0.521361 -0.541763 0.099999 2.41732 0.424671 -2.70572 0 0 0.280181
0.521355 -0.541755 0.099999 2.41732 0.424671 -2.70572 0 0 0.278094
0.521348 -0.541748 0.099999 2.41732 0.424671 -2.70572 0 0 0.276007
0.521341 -0.54174 0.099999 2.41732 0.424671 -2.70572 0 0 0.273953
0.521334 -0.541733 0.099999 2.41732 0.424671 -2.70572 0 0 0.271917
0.521327 -0.541726 0.099999 2.41732 0.424671 -2.70572 0 0 0.269881
0.52132 -0.541719 0.099999 2.41732 0.424671 -2.70572 0 0 0.267844
0.521313 -0.541712 0.099999 2.41732 0.424671 -2.70572 0 0 0.265808
0.521306 -0.541705 0.099999 2.41732 0.424671 -2.70572 0 0 0.263772
0.521299 -0.541698 0.099999 2.41732 0.424671 -2.70572 0 0 0.261736
0.521292 -0.541691 0.099999 2.41732 0.424671 -2.70572 0 0 0.259699
0.521285 -0.541684 0.099999 2.41732 0.424671 -2.70572 0 0 0.257663
0.521278 -0.541677 0.099999 2.41732 0.424671 -2.70572 0 0 0.255627
0.521271 -0.54167 0.099999 2.41732 0.424671 -2.70572 0 0 0.25359
0.521264 -0.541663 0.099999 2.41732 0.424671 -2.70572 0 0 0.251554
0.521257 -0.541656 0.099999 2.41732 0.424671 -2.70572 0 0 0.249518
0.52125 -0.541649 0.099999 2.41732 0.424671 -2.70572 0 0 0.247481
0.521243 -0.541642 0.099999 2.41732 0.424671 -2.70572 0 0 0.245445
0.521237 -0.541635 0.099999 2.41732 0.424671 -2.70572 0 0 0.243409
0.52123 -0.541628 0.099999 2.41732 0.424671 -2.70572 0 0 0.241408
0.521222 -0.541619 0.099999 2.41732 0.424671 -2.70572 0 0 0.239836
0.521215 -0.541611 0.099999 2.41732 0.424671 -2.70572 0 0 0.238265
0.521208 -0.541602 0.099999 2.41732 0.424671 -2.70572 0 0 0.236693
0.521201 -0.541593 0.099999 2.41732 0.424671 -2.70572 0 0 0.235121
0.521194 -0.541584 0.099999 2.41732 0.424671 -2.70572 0 0 0.23355
0.521187 -0.541576 0.099999 2.41732 0.424671 -2.70572 0 0 0.231978
0.52118 -0.541567 0.099999 2.41732 0.424671 -2.70572 0 0 0.230407
0.521172 -0.541558 0.099999 2.41732 0.424671 -2.70572 0 0 0.228835
0.521165 -0.541549 0.099999 2.41732 0.424671 -2.70572 0 0 0.227263
0.521158 -0.54154 0.099999 2.41732 0.424671 -2.70572 0 0 0.225692
0.521151 -0.541532 0.099999 2.41732 0.424671 -2.70572 0 0 0.22412
0.521144 -0.541523 0.099999 2.41732 0.424671 -2.70572 0 0 0.222548
0.521137 -0.541514 0.099999 2.41732 0.424671 -2.70572 0 0 0.220977
0.52113 -0.541505 0.099999 2.41732 0.424671 -2.70572 0 0 0.219405
0.521122 -0.541497 0.099999 2.41732 0.424671 -2.70572 0 0 0.217834
0.521115 -0.541488 0.099999 2.41732 0.424671 -2.70572 0 0 0.216262
0.521108 -0.541479 0.099999 2.41732 0.424671 -2.70572 0 0 0.21469
0.521101 -0.54147 0.099999 2.41732 0.424671 -2.70572 0 0 0.213119
0.521094 -0.541461 0.099999 2.41732 0.424671 -2.70572 0 0 0.211547
0.521087 -0.541453 0.099999 2.41732 0.424671 -2.70572 0 0 0.209975
0.52108 -0.541444 0.099999 2.41732 0.424671 -2.70572 0 0 0.208404
0.521073 -0.541435 0.099999 2.41732 0.424671 -2.70572 0 0 0.206832
0.521067 -0.541426 0.099999 2.41732 0.424671 -2.70572 0 0 0.205798
0.521061 -0.541417 0.099999 2.41732 0.424671 -2.70572 0 0 0.204775
0.521055 -0.541409 0.099999 2.41732 0.424671 -2.70572 0 0 0.203753
0.521049 -0.5414 0.099999 2.41732 0.424671 -2.70572 0 0 0.20273
0.521043 -0.541391 0.099999 2.41732 0.424671 -2.70572 0 0 0.201708
0.521037 -0.541382 0.099999 2.41732 0.424671 -2.70572 0 0 0.200685
0.521031 -0.541373 0.099999 2.41732 0.424671 -2.70572 0 0 0.199662
0.521025 -0.541364 0.099999 2.41732 0.424671 -2.70572 0 0 0.19864
0.52102 -0.541355 0.099999 2.41732 0.424671 -2.70572 0 0 0.197617
0.521014 -0.541346 0.099999 2.41732 0.424671 -2.70572 0 0 0.196595
0.521008 -0.541338 0.099999 2.41732 0.424671 -2.70572 0 0 0.195572
0.521002 -0.541329 0.099999 2.41732 0.424671 -2.70572 0 0 0.194549
0.520996 -0.54132 0.099999 2.41732 0.424671 -2.70572 0 0 0.193527
0.52099 -0.541311 0.099999 2.41732 0.424671 -2.70572 0 0 0.192504
0.520984 -0.541302 0.099999 2.41732 0.424671 -2.70572 0 0 0.191481
0.520978 -0.541293 0.099999 2.41732 0.424671 -2.70572 0 0 0.190459
0.520973 -0.541285 0.099999 2.41732 0.424671 -2.70572 0 0 0.189398
0.520968 -0.541276 0.099999 2.41732 0.424671 -2.70572 0 0 0.18828
0.520963 -0.541268 0.099999 2.41732 0.424671 -2.70572 0 0 0.187162
0.520958 -0.54126 0.099999 2.41732 0.424671 -2.70572 0 0 0.186044
0.520953 -0.541252 0.099999 2.41732 0.424671 -2.70572 0 0 0.184926
0.520948 -0.541244 0.099999 2.41732 0.424671 -2.70572 0 0 0.183808
0.520943 -0.541236 0.099999 2.41732 0.424671 -2.70572 0 0 0.18269
0.520938 -0.541227 0.099999 2.41732 0.424671 -2.70572 0 0 0.181572
0.520933 -0.541219 0.099999 2.41732 0.424671 -2.70572 0 0 0.180454
0.520928 -0.541211 0.099999 2.41732 0.424671 -2.70572 0 0 0.179336
0.520923 -0.541203 0.099999 2.41732 0.424671 -2.70572 0 0 0.178218
0.520917 -0.541195 0.099999 2.41732 0.424671 -2.70572 0 0 0.1771
0.520912 -0.541187 0.099999 2.41732 0.424671 -2.70572 0 0 0.175982
0.520907 -0.541179 0.099999 2.41732 0.424671 -2.70572 0 0 0.174864
0.520902 -0.54117 0.099999 2.41732 0.424671 -2.70572 0 0 0.173746
0.520897 -0.541162 0.099999 2.41732 0.424671 -2.70572 0 0 0.172628
0.520892 -0.541154 0.099999 2.41732 0.424671 -2.70572 0 0 0.17151
0.520888 -0.541146 0.099999 2.41732 0.424671 -2.70572 0 0 0.170215
0.520885 -0.541138 0.099999 2.41732 0.424671 -2.70572 0 0 0.168885
0.520881 -0.541131 0.099999 2.41732 0.424671 -2.70572 0 0 0.167556
0.520877 -0.541123 0.099999 2.41732 0.424671 -2.70572 0 0 0.166226
0.520873 -0.541115 0.099999 2.41732 0.424671 -2.70572 0 0 0.164896
0.520869 -0.541107 0.099999 2.41732 0.424671 -2.70572 0 0 0.163566
0.520866 -0.541099 0.099999 2.41732 0.424671 -2.70572 0 0 0.162236
0.520862 -0.541092 0.099999 2.41732 0.424671 -2.70572 0 0 0.160906
0.520858 -0.541084 0.099999 2.41732 0.424671 -2.70572 0 0 0.159576
0.520854 -0.541076 0.099999 2.41732 0.424671 -2.70572 0 0 0.158246
0.52085 -0.541068 0.099999 2.41732 0.424671 -2.70572 0 0 0.156916
0.520847 -0.54106 0.099999 2.41732 0.424671 -2.70572 0 0 0.155586
0.520843 -0.541053 0.099999 2.41732 0.424671 -2.70572 0 0 0.154256
0.520839 -0.541045 0.099999 2.41732 0.424671 -2.70572 0 0 0.152926
0.520835 -0.541037 0.099999 2.41732 0.424671 -2.70572 0 0 0.151596
0.520831 -0.541029 0.099999 2.41732 0.424671 -2.70572 0 0 0.150266
0.520828 -0.541021 0.099999 2.41732 0.424671 -2.70572 0 0 0.148936
0.520824 -0.541014 0.099999 2.41732 0.424671 -2.70572 0 0 0.147606
0.52082 -0.541006 0.099999 2.41732 0.424671 -2.70572 0 0 0.146276
0.520816 -0.540998 0.099999 2.41732 0.424671 -2.70572 0 0 0.144946
0.520812 -0.54099 0.099999 2.41732 0.424671 -2.70572 0 0 0.143616
0.520809 -0.540983 0.099999 2.41732 0.424671 -2.70572 0 0 0.142286
0.520806 -0.540976 0.099999 2.41732 0.424671 -2.70572 0 0 0.141459
0.520804 -0.54097 0.099999 2.41732 0.424671 -2.70572 0 0 0.140812
0.520802 -0.540964 0.099999 2.41732 0.424671 -2.70572 0 0 0.140165
0.5208 -0.540958 0.099999 2.41732 0.424671 -2.70572 0 0 0.139518
0.520798 -0.540951 0.099999 2.41732 0.424671 -2.70572 0 0 0.138871
0.520796 -0.540945 0.099999 2.41732 0.424671 -2.70572 0 0 0.138224
0.520794 -0.540939 0.099999 2.41732 0.424671 -2.70572 0 0 0.137577
0.520792 -0.540933 0.099999 2.41732 0.424671 -2.70572 0 0 0.13693
0.52079 -0.540927 0.099999 2.41732 0.424671 -2.70572 0 0 0.136283
0.520788 -0.540921 0.099999 2.41732 0.424671 -2.70572 0 0 0.135636
0.520786 -0.540915 0.099999 2.41732 0.424671 -2.70572 0 0 0.134989
0.520785 -0.540908 0.099999 2.41732 0.424671 -2.70572 0 0 0.134342
0.520783 -0.540902 0.099999 2.41732 0.424671 -2.70572 0 0 0.133695
0.520781 -0.540896 0.099999 2.41732 0.424671 -2.70572 0 0 0.133048
0.520779 -0.54089 0.099999 2.41732 0.424671 -2.70572 0 0 0.132402
0.520777 -0.540884 0.099999 2.41732 0.424671 -2.70572 0 0 0.131755
0.520775 -0.540878 0.099999 2.41732 0.424671 -2.70572 0 0 0.131132
0.520772 -0.540872 0.099999 2.41732 0.424671 -2.70572 0 0 0.130634
0.52077 -0.540866 0.099999 2.41732 0.424671 -2.70572 0 0 0.130135
0.520767 -0.54086 0.099999 2.41732 0.424671 -2.70572 0 0 0.129637
0.520765 -0.540855 0.099999 2.41732 0.424671 -2.70572 0 0 0.129139
0.520762 -0.540849 0.099999 2.41732 0.424671 -2.70572 0 0 0.128641
0.52076 -0.540843 0.099999 2.41732 0.424671 -2.70572 0 0 0.128142
0.520757 -0.540837 0.099999 2.41732 0.424671 -2.70572 0 0 0.127644
0.520754 -0.540831 0.099999 2.41732 0.424671 -2.70572 0 0 0.127146
0.520752 -0.540825 0.099999 2.41732 0.424671 -2.70572 0 0 0.126648
0.520749 -0.54082 0.099999 2.41732 0.424671 -2.70572 0 0 0.12615
0.520747 -0.540814 0.099999 2.41732 0.424671 -2.70572 0 0 0.125651
0.520744 -0.540808 0.099999 2.41732 0.424671 -2.70572 0 0 0.125153
0.520742 -0.540802 0.099999 2.41732 0.424671 -2.70572 0 0 0.124655
0.520739 -0.540796 0.099999 2.41732 0.424671 -2.70572 0 0 0.124157
0.520737 -0.540791 0.099999 2.41732 0.424671 -2.70572 0 0 0.123658
0.520734 -0.540785 0.099999 2.41732 0.424671 -2.70572 0 0 0.12316
0.520731 -0.540781 0.099999 2.41732 0.424671 -2.70572 0 0 0.122875
0.520727 -0.540777 0.099999 2.41732 0.424671 -2.70572 0 0 0.122739
0.520723 -0.540774 0.099999 2.41732 0.424671 -2.70572 0 0 0.122603
0.520719 -0.540771 0.099999 2.41732 0.424671 -2.70572 0 0 0.122466
0.520715 -0.540768 0.099999 2.41732 0.424671 -2.70572 0 0 0.12233
0.520711 -0.540765 0.099999 2.41732 0.424671 -2.70572 0 0 0.122193
0.520707 -0.540762 0.099999 2.41732 0.424671 -2.70572 0 0 0.122057
0.520703 -0.540759 0.099999 2.41732 0.424671 -2.70572 0 0 0.12192
0.520699 -0.540756 0.099999 2.41732 0.424671 -2.70572 0 0 0.121784
0.520695 -0.540753 0.099999 2.41732 0.424671 -2.70572 0 0 0.121647
0.520691 -0.54075 0.099999 2.41732 0.424671 -2.70572 0 0 0.121511
0.520687 -0.540747 0.099999 2.41732 0.424671 -2.70572 0 0 0.121375
0.520684 -0.540744 0.099999 2.41732 0.424671 -2.70572 0 0 0.121238
0.52068 -0.540741 0.099999 2.41732 0.424671 -2.70572 0 0 0.121102
0.520676 -0.540738 0.099999 2.41732 0.424671 -2.70572 0 0 0.120965
0.520672 -0.540734 0.099999 2.41732 0.424671 -2.70572 0 0 0.120829
0.520668 -0.540731 0.099999 2.41732 0.424671 -2.70572 0 0 0.120692
0.520664 -0.540728 0.099999 2.41732 0.424671 -2.70572 0 0 0.120556
0.52066 -0.540725 0.099999 2.41732 0.424671 -2.70572 0 0 0.120419
0.520656 -0.540722 0.099999 2.41732 0.424671 -2.70572 0 0 0.120283
0.520652 -0.540719 0.099999 2.41732 0.424671 -2.70572 0 0 0.120147
0.520648 -0.540716 0.099999 2.41732 0.424671 -2.70572 0 0 0.12001
0.520644 -0.540713 0.099999 2.41732 0.424671 -2.70572 0 0 0.120084
0.520639 -0.54071 0.099999 2.41732 0.424671 -2.70572 0 0 0.120374
0.520635 -0.540707 0.099999 2.41732 0.424671 -2.70572 0 0 0.120665
0.520631 -0.540704 0.099999 2.41732 0.424671 -2.70572 0 0 0.120955
0.520626 -0.540701 0.099999 2.41732 0.424671 -2.70572 0 0 0.121245
0.520622 -0.540698 0.099999 2.41732 0.424671 -2.70572 0 0 0.121536
0.520617 -0.540695 0.099999 2.41732 0.424671 -2.70572 0 0 0.121826
0.520613 -0.540692 0.099999 2.41732 0.424671 -2.70572 0 0 0.122116
0.520609 -0.540689 0.099999 2.41732 0.424671 -2.70572 0 0 0.122407
0.520604 -0.540686 0.099999 2.41732 0.424671 -2.70572 0 0 0.122697
0.5206 -0.540683 0.099999 2.41732 0.424671 -2.70572 0 0 0.122987
0.520595 -0.54068 0.099999 2.41732 0.424671 -2.70572 0 0 0.123278
0.520591 -0.540677 0.099999 2.41732 0.424671 -2.70572 0 0 0.123568
0.520587 -0.540674 0.099999 2.41732 0.424671 -2.70572 0 0 0.123858
0.520582 -0.540671 0.099999 2.41732 0.424671 -2.70572 0 0 0.124149
0.520578 -0.540668 0.099999 2.41732 0.424671 -2.70572 0 0 0.124439
0.520573 -0.540665 0.099999 2.41732 0.424671 -2.70572 0 0 0.124729
0.520569 -0.540663 0.099999 2.41732 0.424671 -2.70572 0 0 0.125169
0.520564 -0.54066 0.099999 2.41732 0.424671 -2.70572 0 0 0.125622
0.52056 -0.540658 0.099999 2.41732 0.424671 -2.70572 0 0 0.126075
0.520555 -0.540655 0.099999 2.41732 0.424671 -2.70572 0 0 0.126528
0.52055 -0.540652 0.099999 2.41732 0.424671 -2.70572 0 0 0.12698
0.520546 -0.54065 0.099999 2.41732 0.424671 -2.70572 0 0 0.127433
0.520541 -0.540647 0.099999 2.41732 0.424671 -2.70572 0 0 0.127886
0.520536 -0.540645 0.099999 2.41732 0.424671 -2.70572 0 0 0.128339
0.520532 -0.540642 0.099999 2.41732 0.424671 -2.70572 0 0 0.128791
0.520527 -0.54064 0.099999 2.41732 0.424671 -2.70572 0 0 0.129244
0.520522 -0.540637 0.099999 2.41732 0.424671 -2.70572 0 0 0.129697
0.520518 -0.540635 0.099999 2.41732 0.424671 -2.70572 0 0 0.13015
0.520513 -0.540632 0.099999 2.41732 0.424671 -2.70572 0 0 0.130602
0.520508 -0.54063 0.099999 2.41732 0.424671 -2.70572 0 0 0.131055
0.520504 -0.540627 0.099999 2.41732 0.424671 -2.70572 0 0 0.131508
0.520499 -0.540625 0.099999 2.41732 0.424671 -2.70572 0 0 0.131961
0.520495 -0.540622 0.099999 2.41732 0.424671 -2.70572 0 0 0.132191
0.520491 -0.54062 0.099999 2.41732 0.424671 -2.70572 0 0 0.132003
0.520487 -0.540618 0.099999 2.41732 0.424671 -2.70572 0 0 0.131815
0.520484 -0.540616 0.099999 2.41732 0.424671 -2.70572 0 0 0.131628
0.52048 -0.540614 0.099999 2.41732 0.424671 -2.70572 0 0 0.13144
0.520476 -0.540612 0.099999 2.41732 0.424671 -2.70572 0 0 0.131252
0.520473 -0.54061 0.099999 2.41732 0.424671 -2.70572 0 0 0.131064
0.520469 -0.540607 0.099999 2.41732 0.424671 -2.70572 0 0 0.130876
0.520465 -0.540605 0.099999 2.41732 0.424671 -2.70572 0 0 0.130688
0.520462 -0.540603 0.099999 2.41732 0.424671 -2.70572 0 0 0.1305
0.520458 -0.540601 0.099999 2.41732 0.424671 -2.70572 0 0 0.130312
0.520454 -0.540599 0.099999 2.41732 0.424671 -2.70572 0 0 0.130124
0.520451 -0.540597 0.099999 2.41732 0.424671 -2.70572 0 0 0.129936
0.520447 -0.540595 0.099999 2.41732 0.424671 -2.70572 0 0 0.129749
0.520443 -0.540593 0.099999 2.41732 0.424671 -2.70572 0 0 0.129561
0.52044 -0.540591 0.099999 2.41732 0.424671 -2.70572 0 0 0.129373
0.520436 -0.540588 0.099999 2.41732 0.424671 -2.70572 0 0 0.129185
0.520432 -0.540586 0.099999 2.41732 0.424671 -2.70572 0 0 0.128997
0.520429 -0.540584 0.099999 2.41732 0.424671 -2.70572 0 0 0.128809
0.520425 -0.540582 0.099999 2.41732 0.424671 -2.70572 0 0 0.128621
0.520421 -0.54058 0.099999 2.41732 0.424671 -2.70572 0 0 0.128433
0.520418 -0.540578 0.099999 2.41732 0.424671 -2.70572 0 0 0.128245
0.520414 -0.540576 0.099999 2.41732 0.424671 -2.70572 0 0 0.128143
0.52041 -0.540573 0.099999 2.41732 0.424671 -2.70572 0 0 0.128299
0.520407 -0.54057 0.099999 2.41732 0.424671 -2.70572 0 0 0.128455
0.520403 -0.540568 0.099999 2.41732 0.424671 -2.70572 0 0 0.128611
0.520399 -0.540565 0.099999 2.41732 0.424671 -2.70572 0 0 0.128767
0.520395 -0.540562 0.099999 2.41732 0.424671 -2.70572 0 0 0.128923
0.520392 -0.54056 0.099999 2.41732 0.424671 -2.70572 0 0 0.129079
0.520388 -0.540557 0.099999 2.41732 0.424671 -2.70572 0 0 0.129235
0.520384 -0.540554 0.099999 2.41732 0.424671 -2.70572 0 0 0.129391
0.520381 -0.540552 0.099999 2.41732 0.424671 -2.70572 0 0 0.129547
0.520377 -0.540549 0.099999 2.41732 0.424671 -2.70572 0 0 0.129702
0.520373 -0.540546 0.099999 2.41732 0.424671 -2.70572 0 0 0.129858
0.52037 -0.540544 0.099999 2.41732 0.424671 -2.70572 0 0 0.130014
0.520366 -0.540541 0.099999 2.41732 0.424671 -2.70572 0 0 0.13017
0.520362 -0.540538 0.099999 2.41732 0.424671 -2.70572 0 0 0.130326
0.520359 -0.540536 0.099999 2.41732 0.424671 -2.70572 0 0 0.130482
0.520355 -0.540533 0.099999 2.41732 0.424671 -2.70572 0 0 0.130638
0.520352 -0.54053 0.099999 2.41732 0.424671 -2.70572 0 0 0.13133
0.520349 -0.540527 0.099999 2.41732 0.424671 -2.70572 0 0 0.132278
0.520346 -0.540523 0.099999 2.41732 0.424671 -2.70572 0 0 0.133225
0.520343 -0.54052 0.099999 2.41732 0.424671 -2.70572 0 0 0.134173
0.52034 -0.540516 0.099999 2.41732 0.424671 -2.70572 0 0 0.135121
0.520337 -0.540513 0.099999 2.41732 0.424671 -2.70572 0 0 0.136068
0.520334 -0.54051 0.099999 2.41732 0.424671 -2.70572 0 0 0.137016
0.520331 -0.540506 0.099999 2.41732 0.424671 -2.70572 0 0 0.137964
0.520328 -0.540503 0.099999 2.41732 0.424671 -2.70572 0 0 0.138912
0.520325 -0.540499 0.099999 2.41732 0.424671 -2.70572 0 0 0.139859
0.520322 -0.540496 0.099999 2.41732 0.424671 -2.70572 0 0 0.140807
0.520319 -0.540493 0.099999 2.41732 0.424671 -2.70572 0 0 0.141755
0.520316 -0.540489 0.099999 2.41732 0.424671 -2.70572 0 0 0.142703
0.520313 -0.540486 0.099999 2.41732 0.424671 -2.70572 0 0 0.14365
0.52031 -0.540482 0.099999 2.41732 0.424671 -2.70572 0 0 0.144598
0.520307 -0.540479 0.099999 2.41732 0.424671 -2.70572 0 0 0.145546
0.520304 -0.540475 0.099999 2.41732 0.424671 -2.70572 0 0 0.146507
0.520301 -0.540472 0.099999 2.41732 0.424671 -2.70572 0 0 0.147584
0.520298 -0.540468 0.099999 2.41732 0.424671 -2.70572 0 0 0.14866
0.520295 -0.540465 0.099999 2.41732 0.424671 -2.70572 0 0 0.149737
0.520292 -0.540461 0.099999 2.41732 0.424671 -2.70572 0 0 0.150814
0.520288 -0.540458 0.099999 2.41732 0.424671 -2.70572 0 0 0.151891
0.520285 -0.540454 0.099999 2.41732 0.424671 -2.70572 0 0 0.152968
0.520282 -0.540451 0.099999 2.41732 0.424671 -2.70572 0 0 0.154045
0.520279 -0.540447 0.099999 2.41732 0.424671 -2.70572 0 0 0.155121
0.520276 -0.540444 0.099999 2.41732 0.424671 -2.70572 0 0 0.156198
0.520272 -0.54044 0.099999 2.41732 0.424671 -2.70572 0 0 0.157275
0.520269 -0.540437 0.099999 2.41732 0.424671 -2.70572 0 0 0.158352
0.520266 -0.540433 0.099999 2.41732 0.424671 -2.70572 0 0 0.159429
0.520263 -0.540429 0.099999 2.41732 0.424671 -2.70572 0 0 0.160505
0.52026 -0.540426 0.099999 2.41732 0.424671 -2.70572 0 0 0.161582
0.520257 -0.540422 0.099999 2.41732 0.424671 -2.70572 0 0 0.162659
0.520253 -0.540419 0.099999 2.41732 0.424671 -2.70572 0 0 0.163736
0.52025 -0.540415 0.099999 2.41732 0.424671 -2.70572 0 0 0.164813
0.520247 -0.540412 0.099999 2.41732 0.424671 -2.70572 0 0 0.165889
0.520244 -0.540408 0.099999 2.41732 0.424671 -2.70572 0 0 0.166966
0.520241 -0.540405 0.099999 2.41732 0.424671 -2.70572 0 0 0.168043
0.520238 -0.540401 0.099999 2.41732 0.424671 -2.70572 0 0 0.16912
0.520234 -0.540398 0.099999 2.41732 0.424671 -2.70572 0 0 0.1702
0.520231 -0.540395 0.099999 2.41732 0.424671 -2.70572 0 0 0.17176
0.520227 -0.540393 0.099999 2.41732 0.424671 -2.70572 0 0 0.173321
0.520223 -0.540391 0.099999 2.41732 0.424671 -2.70572 0 0 0.174881
0.52022 -0.540389 0.099999 2.41732 0.424671 -2.70572 0 0 0.176441
0.520216 -0.540387 0.099999 2.41732 0.424671 -2.70572 0 0 0.178002
0.520212 -0.540384 0.099999 2.41732 0.424671 -2.70572 0 0 0.179562
0.520209 -0.540382 0.099999 2.41732 0.424671 -2.70572 0 0 0.181123
0.520205 -0.54038 0.099999 2.41732 0.424671 -2.70572 0 0 0.182683
0.520201 -0.540378 0.099999 2.41732 0.424671 -2.70572 0 0 0.184243
0.520197 -0.540376 0.099999 2.41732 0.424671 -2.70572 0 0 0.185804
0.520194 -0.540373 0.099999 2.41732 0.424671 -2.70572 0 0 0.187364
0.52019 -0.540371 0.099999 2.41732 0.424671 -2.70572 0 0 0.188925
0.520186 -0.540369 0.099999 2.41732 0.424671 -2.70572 0 0 0.190485
0.520183 -0.540367 0.099999 2.41732 0.424671 -2.70572 0 0 0.192045
0.520179 -0.540364 0.099999 2.41732 0.424671 -2.70572 0 0 0.193606
0.520175 -0.540362 0.099999 2.41732 0.424671 -2.70572 0 0 0.195166
0.520172 -0.54036 0.099999 2.41732 0.424671 -2.70572 0 0 0.196628
0.52017 -0.540358 0.099999 2.41732 0.424671 -2.70572 0 0 0.197963
0.520168 -0.540356 0.099999 2.41732 0.424671 -2.70572 0 0 0.199297
0.520165 -0.540354 0.099999 2.41732 0.424671 -2.70572 0 0 0.200631
0.520163 -0.540353 0.099999 2.41732 0.424671 -2.70572 0 0 0.201966
0.520161 -0.540351 0.099999 2.41732 0.424671 -2.70572 0 0 0.2033
0.520159 -0.540349 0.099999 2.41732 0.424671 -2.70572 0 0 0.204634
0.520156 -0.540347 0.099999 2.41732 0.424671 -2.70572 0 0 0.205968
0.520154 -0.540345 0.099999 2.41732 0.424671 -2.70572 0 0 0.207303
0.520152 -0.540343 0.099999 2.41732 0.424671 -2.70572 0 0 0.208637
0.52015 -0.540341 0.099999 2.41732 0.424671 -2.70572 0 0 0.209971
0.520147 -0.540339 0.099999 2.41732 0.424671 -2.70572 0 0 0.211306
0.520145 -0.540337 0.099999 2.41732 0.424671 -2.70572 0 0 0.21264
0.520143 -0.540335 0.099999 2.41732 0.424671 -2.70572 0 0 0.213974
0.520141 -0.540334 0.099999 2.41732 0.424671 -2.70572 0 0 0.215308
0.520138 -0.540332 0.099999 2.41732 0.424671 -2.70572 0 0 0.216643
0.520136 -0.54033 0.099999 2.41732 0.424671 -2.70572 0 0 0.217977
0.520135 -0.540328 0.099999 2.41732 0.424671 -2.70572 0 0 0.218829
0.520134 -0.540327 0.099999 2.41732 0.424671 -2.70572 0 0 0.219603
0.520133 -0.540326 0.099999 2.41732 0.424671 -2.70572 0 0 0.220377
0.520132 -0.540324 0.099999 2.41732 0.424671 -2.70572 0 0 0.22115
0.520131 -0.540323 0.099999 2.41732 0.424671 -2.70572 0 0 0.221924
0.52013 -0.540322 0.099999 2.41732 0.424671 -2.70572 0 0 0.222698
0.520129 -0.54032 0.099999 2.41732 0.424671 -2.70572 0 0 0.223472
0.520128 -0.540319 0.099999 2.41732 0.424671 -2.70572 0 0 0.224246
0.520127 -0.540318 0.099999 2.41732 0.424671 -2.70572 0 0 0.225019
0.520126 -0.540316 0.099999 2.41732 0.424671 -2.70572 0 0 0.225793
0.520125 -0.540315 0.099999 2.41732 0.424671 -2.70572 0 0 0.226567
0.520124 -0.540314 0.099999 2.41732 0.424671 -2.70572 0 0 0.227341
0.520123 -0.540312 0.099999 2.41732 0.424671 -2.70572 0 0 0.228115
0.520122 -0.540311 0.099999 2.41732 0.424671 -2.70572 0 0 0.228889
0.520121 -0.54031 0.099999 2.41732 0.424671 -2.70572 0 0 0.229662
0.52012 -0.540308 0.099999 2.41732 0.424671 -2.70572 0 0 0.230436
0.520119 -0.540307 0.099999 2.41732 0.424671 -2.70572 0 0 0.23121
0.520118 -0.540306 0.099999 2.41732 0.424671 -2.70572 0 0 0.231984
0.520117 -0.540304 0.099999 2.41732 0.424671 -2.70572 0 0 0.232758
0.520116 -0.540303 0.099999 2.41732 0.424671 -2.70572 0 0 0.233531
0.520115 -0.540302 0.099999 2.41732 0.424671 -2.70572 0 0 0.234305
0.520114 -0.5403 0.099999 2.41732 0.424671 -2.70572 0 0 0.235079
0.520113 -0.540299 0.099999 2.41732 0.424671 -2.70572 0 0 0.235689
0.520112 -0.540299 0.099999 2.41732 0.424671 -2.70572 0 0 0.236249
0.520111 -0.540298 0.099999 2.41732 0.424671 -2.70572 0 0 0.236809
0.52011 -0.540297 0.099999 2.41732 0.424671 -2.70572 0 0 0.237369
0.52011 -0.540296 0.099999 2.41732 0.424671 -2.70572 0 0 0.237929
0.520109 -0.540295 0.099999 2.41732 0.424671 -2.70572 0 0 0.238488
0.520108 -0.540294 0.099999 2.41732 0.424671 -2.70572 0 0 0.239048
0.520107 -0.540293 0.099999 2.41732 0.424671 -2.70572 0 0 0.239608
0.520106 -0.540292 0.099999 2.41732 0.424671 -2.70572 0 0 0.240168
0.520106 -0.540291 0.099999 2.41732 0.424671 -2.70572 0 0 0.240727
0.520105 -0.540291 0.099999 2.41732 0.424671 -2.70572 0 0 0.241287
0.520104 -0.54029 0.099999 2.41732 0.424671 -2.70572 0 0 0.241847
0.520103 -0.540289 0.099999 2.41732 0.424671 -2.70572 0 0 0.242407
0.520102 -0.540288 0.099999 2.41732 0.424671 -2.70572 0 0 0.242967
0.520101 -0.540287 0.099999 2.41732 0.424671 -2.70572 0 0 0.243526
0.520101 -0.540286 0.099999 2.41732 0.424671 -2.70572 0 0 0.244086
0.5201 -0.540285 0.099999 2.41732 0.424671 -2.70572 0 0 0.244642
0.520098 -0.540283 0.099999 2.41732 0.424671 -2.70572 0 0 0.245181
0.520097 -0.540282 0.099999 2.41732 0.424671 -2.70572 0 0 0.24572
0.520096 -0.54028 0.099999 2.41732 0.424671 -2.70572 0 0 0.246259
0.520095 -0.540278 0.099999 2.41732 0.424671 -2.70572 0 0 0.246798
0.520093 -0.540277 0.099999 2.41732 0.424671 -2.70572 0 0 0.247337
0.520092 -0.540275 0.099999 2.41732 0.424671 -2.70572 0 0 0.247876
0.520091 -0.540274 0.099999 2.41732 0.424671 -2.70572 0 0 0.248415
0.52009 -0.540272 0.099999 2.41732 0.424671 -2.70572 0 0 0.248955
0.520088 -0.54027 0.099999 2.41732 0.424671 -2.70572 0 0 0.249494
0.520087 -0.540269 0.099999 2.41732 0.424671 -2.70572 0 0 0.250033
0.520086 -0.540267 0.099999 2.41732 0.424671 -2.70572 0 0 0.250572
0.520084 -0.540265 0.099999 2.41732 0.424671 -2.70572 0 0 0.251111
0.520083 -0.540264 0.099999 2.41732 0.424671 -2.70572 0 0 0.25165
0.520082 -0.540262 0.099999 2.41732 0.424671 -2.70572 0 0 0.252189
0.520081 -0.54026 0.099999 2.41732 0.424671 -2.70572 0 0 0.252728
0.520079 -0.540259 0.099999 2.41732 0.424671 -2.70572 0 0 0.253267
0.520078 -0.540256 0.099999 2.41732 0.424671 -2.70572 0 0 0.253696
0.520075 -0.540253 0.099999 2.41732 0.424671 -2.70572 0 0 0.254057
0.520073 -0.540251 0.099999 2.41732 0.424671 -2.70572 0 0 0.254418
0.520071 -0.540248 0.099999 2.41732 0.424671 -2.70572 0 0 0.254778
0.520069 -0.540245 0.099999 2.41732 0.424671 -2.70572 0 0 0.255139
0.520067 -0.540242 0.099999 2.41732 0.424671 -2.70572 0 0 0.2555
0.520064 -0.540239 0.099999 2.41732 0.424671 -2.70572 0 0 0.255861
0.520062 -0.540236 0.099999 2.41732 0.424671 -2.70572 0 0 0.256221
0.52006 -0.540234 0.099999 2.41732 0.424671 -2.70572 0 0 0.256582
0.520058 -0.540231 0.099999 2.41732 0.424671 -2.70572 0 0 0.256943
0.520056 -0.540228 0.099999 2.41732 0.424671 -2.70572 0 0 0.257304
0.520053 -0.540225 0.099999 2.41732 0.424671 -2.70572 0 0 0.257664
0.520051 -0.540222 0.099999 2.41732 0.424671 -2.70572 0 0 0.258025
0.520049 -0.54022 0.099999 2.41732 0.424671 -2.70572 0 0 0.258386
0.520047 -0.540217 0.099999 2.41732 0.424671 -2.70572 0 0 0.258746
0.520045 -0.540214 0.099999 2.41732 0.424671 -2.70572 0 0 0.259107
0.520042 -0.540211 0.099999 2.41732 0.424671 -2.70572 0 0 0.259468
0.52004 -0.540208 0.099999 2.41732 0.424671 -2.70572 0 0 0.259829
0.520038 -0.540205 0.099999 2.41732 0.424671 -2.70572 0 0 0.260189
0.520036 -0.540203 0.099999 2.41732 0.424671 -2.70572 0 0 0.26055
0.520034 -0.5402 0.099999 2.41732 0.424671 -2.70572 0 0 0.260911
0.520031 -0.540197 0.099999 2.41732 0.424671 -2.70572 0 0 0.261272
0.52003 -0.540193 0.099999 2.41732 0.424671 -2.70572 0 0 0.261259
0.520028 -0.540187 0.099999 2.41732 0.424671 -2.70572 0 0 0.260903
0.520027 -0.540181 0.099999 2.41732 0.424671 -2.70572 0 0 0.260546
0.520026 -0.540176 0.099999 2.41732 0.424671 -2.70572 0 0 0.26019
0.520024 -0.54017 0.099999 2.41732 0.424671 -2.70572 0 0 0.259834
0.520023 -0.540164 0.099999 2.41732 0.424671 -2.70572 0 0 0.259477
0.520022 -0.540159 0.099999 2.41732 0.424671 -2.70572 0 0 0.259121
0.52002 -0.540153 0.099999 2.41732 0.424671 -2.70572 0 0 0.258765
0.520019 -0.540148 0.099999 2.41732 0.424671 -2.70572 0 0 0.258408
0.520018 -0.540142 0.099999 2.41732 0.424671 -2.70572 0 0 0.258052
0.520017 -0.540136 0.099999 2.41732 0.424671 -2.70572 0 0 0.257696
0.520015 -0.540131 0.099999 2.41732 0.424671 -2.70572 0 0 0.257339
0.520014 -0.540125 0.099999 2.41732 0.424671 -2.70572 0 0 0.256983
0.520013 -0.540119 0.099999 2.41732 0.424671 -2.70572 0 0 0.256627
0.520011 -0.540114 0.099999 2.41732 0.424671 -2.70572 0 0 0.25627
0.52001 -0.540108 0.099999 2.41732 0.424671 -2.70572 0 0 0.255914
0.520009 -0.540102 0.099999 2.41732 0.424671 -2.70572 0 0 0.255558
0.520007 -0.540094 0.099999 2.41732 0.424671 -2.70572 0 0 0.254703
0.520005 -0.540085 0.099999 2.41732 0.424671 -2.70572 0 0 0.25382
0.520003 -0.540076 0.099999 2.41732 0.424671 -2.70572 0 0 0.252937
0.520001 -0.540068 0.099999 2.41732 0.424671 -2.70572 0 0 0.252055
0.52 -0.540059 0.099999 2.41732 0.424671 -2.70572 0 0 0.251172
0.519998 -0.54005 0.099999 2.41732 0.424671 -2.70572 0 0 0.25029
0.519996 -0.540042 0.099999 2.41732 0.424671 -2.70572 0 0 0.249407
0.519994 -0.540033 0.099999 2.41732 0.424671 -2.70572 0 0 0.248524
0.519992 -0.540024 0.099999 2.41732 0.424671 -2.70572 0 0 0.247642
0.519991 -0.540015 0.099999 2.41732 0.424671 -2.70572 0 0 0.246759
0.519989 -0.540007 0.099999 2.41732 0.424671 -2.70572 0 0 0.245877
0.519987 -0.539998 0.099999 2.41732 0.424671 -2.70572 0 0 0.244994
0.519985 -0.539989 0.099999 2.41732 0.424671 -2.70572 0 0 0.244112
0.519983 -0.53998 0.099999 2.41732 0.424671 -2.70572 0 0 0.243229
0.519982 -0.539972 0.099999 2.41732 0.424671 -2.70572 0 0 0.242346
0.51998 -0.539963 0.099999 2.41732 0.424671 -2.70572 0 0 0.241464
0.519979 -0.539953 0.099999 2.41732 0.424671 -2.70572 0 0 0.240353
0.519978 -0.539941 0.099999 2.41732 0.424671 -2.70572 0 0 0.238862
0.519978 -0.539929 0.099999 2.41732 0.424671 -2.70572 0 0 0.237371
0.519978 -0.539918 0.099999 2.41732 0.424671 -2.70572 0 0 0.235879
0.519978 -0.539906 0.099999 2.41732 0.424671 -2.70572 0 0 0.234388
0.519977 -0.539894 0.099999 2.41732 0.424671 -2.70572 0 0 0.232897
0.519977 -0.539882 0.099999 2.41732 0.424671 -2.70572 0 0 0.231406
0.519977 -0.53987 0.099999 2.41732 0.424671 -2.70572 0 0 0.229914
0.519976 -0.539859 0.099999 2.41732 0.424671 -2.70572 0 0 0.228423
0.519976 -0.539847 0.099999 2.41732 0.424671 -2.70572 0 0 0.226932
0.519976 -0.539835 0.099999 2.41732 0.424671 -2.70572 0 0 0.22544
0.519975 -0.539823 0.099999 2.41732 0.424671 -2.70572 0 0 0.223949
0.519975 -0.539811 0.099999 2.41732 0.424671 -2.70572 0 0 0.222458
0.519975 -0.539799 0.099999 2.41732 0.424671 -2.70572 0 0 0.220967
0.519975 -0.539788 0.099999 2.41732 0.424671 -2.70572 0 0 0.219475
0.519974 -0.539776 0.099999 2.41732 0.424671 -2.70572 0 0 0.217984
0.519974 -0.539764 0.099999 2.41732 0.424671 -2.70572 0 0 0.216493
0.519974 -0.539752 0.099999 2.41732 0.424671 -2.70572 0 0 0.215002
0.519973 -0.53974 0.099999 2.41732 0.424671 -2.70572 0 0 0.21351
0.519973 -0.539728 0.099999 2.41732 0.424671 -2.70572 0 0 0.212019
0.519973 -0.539717 0.099999 2.41732 0.424671 -2.70572 0 0 0.210528
0.519973 -0.539705 0.099999 2.41732 0.424671 -2.70572 0 0 0.209036
0.519972 -0.539693 0.099999 2.41732 0.424671 -2.70572 0 0 0.207603
0.519973 -0.539679 0.099999 2.41732 0.424671 -2.70572 0 0 0.206319
0.519973 -0.539666 0.099999 2.41732 0.424671 -2.70572 0 0 0.205035
0.519974 -0.539653 0.099999 2.41732 0.424671 -2.70572 0 0 0.203752
0.519974 -0.53964 0.099999 2.41732 0.424671 -2.70572 0 0 0.202468
0.519974 -0.539627 0.099999 2.41732 0.424671 -2.70572 0 0 0.201184
0.519975 -0.539613 0.099999 2.41732 0.424671 -2.70572 0 0 0.199901
0.519975 -0.5396 0.099999 2.41732 0.424671 -2.70572 0 0 0.198617
0.519975 -0.539587 0.099999 2.41732 0.424671 -2.70572 0 0 0.197333
0.519976 -0.539574 0.099999 2.41732 0.424671 -2.70572 0 0 0.19605
0.519976 -0.539561 0.099999 2.41732 0.424671 -2.70572 0 0 0.194766
0.519976 -0.539547 0.099999 2.41732 0.424671 -2.70572 0 0 0.193482
0.519977 -0.539534 0.099999 2.41732 0.424671 -2.70572 0 0 0.192199
0.519977 -0.539521 0.099999 2.41732 0.424671 -2.70572 0 0 0.190915
0.519977 -0.539508 0.099999 2.41732 0.424671 -2.70572 0 0 0.189631
0.519978 -0.539495 0.099999 2.41732 0.424671 -2.70572 0 0 0.188347
0.519978 -0.539481 0.099999 2.41732 0.424671 -2.70572 0 0 0.187064
0.519978 -0.539467 0.099999 2.41732 0.424671 -2.70572 0 0 0.185779
0.519978 -0.539453 0.099999 2.41732 0.424671 -2.70572 0 0 0.184494
0.519977 -0.539439 0.099999 2.41732 0.424671 -2.70572 0 0 0.183208
0.519977 -0.539424 0.099999 2.41732 0.424671 -2.70572 0 0 0.181923
0.519976 -0.53941 0.099999 2.41732 0.424671 -2.70572 0 0 0.180637
0.519976 -0.539395 0.099999 2.41732 0.424671 -2.70572 0 0 0.179352
0.519975 -0.539381 0.099999 2.41732 0.424671 -2.70572 0 0 0.178067
0.519975 -0.539367 0.099999 2.41732 0.424671 -2.70572 0 0 0.176781
0.519975 -0.539352 0.099999 2.41732 0.424671 -2.70572 0 0 0.175496
0.519974 -0.539338 0.099999 2.41732 0.424671 -2.70572 0 0 0.17421
0.519974 -0.539323 0.099999 2.41732 0.424671 -2.70572 0 0 0.172925
0.519973 -0.539309 0.099999 2.41732 0.424671 -2.70572 0 0 0.17164
0.519973 -0.539295 0.099999 2.41732 0.424671 -2.70572 0 0 0.170354
0.519972 -0.53928 0.099999 2.41732 0.424671 -2.70572 0 0 0.169069
0.519972 -0.539266 0.099999 2.41732 0.424671 -2.70572 0 0 0.167783
0.519972 -0.539251 0.099999 2.41732 0.424671 -2.70572 0 0 0.166498
0.519971 -0.539237 0.099999 2.41732 0.424671 -2.70572 0 0 0.165217
0.51997 -0.539221 0.099999 2.41732 0.424671 -2.70572 0 0 0.163963
0.519969 -0.539206 0.099999 2.41732 0.424671 -2.70572 0 0 0.162708
0.519967 -0.53919 0.099999 2.41732 0.424671 -2.70572 0 0 0.161454
0.519966 -0.539175 0.099999 2.41732 0.424671 -2.70572 0 0 0.1602
0.519965 -0.539159 0.099999 2.41732 0.424671 -2.70572 0 0 0.158946
0.519964 -0.539143 0.099999 2.41732 0.424671 -2.70572 0 0 0.157692
0.519963 -0.539128 0.099999 2.41732 0.424671 -2.70572 0 0 0.156437
0.519961 -0.539112 0.099999 2.41732 0.424671 -2.70572 0 0 0.155183
0.51996 -0.539097 0.099999 2.41732 0.424671 -2.70572 0 0 0.153929
0.519959 -0.539081 0.099999 2.41732 0.424671 -2.70572 0 0 0.152675
0.519958 -0.539066 0.099999 2.41732 0.424671 -2.70572 0 0 0.15142
0.519957 -0.53905 0.099999 2.41732 0.424671 -2.70572 0 0 0.150166
0.519955 -0.539035 0.099999 2.41732 0.424671 -2.70572 0 0 0.148912
0.519954 -0.539019 0.099999 2.41732 0.424671 -2.70572 0 0 0.147658
0.519953 -0.539004 0.099999 2.41732 0.424671 -2.70572 0 0 0.146404
0.519952 -0.538988 0.099999 2.41732 0.424671 -2.70572 0 0 0.145149
0.519951 -0.538972 0.099999 2.41732 0.424671 -2.70572 0 0 0.143895
0.519949 -0.538957 0.099999 2.41732 0.424671 -2.70572 0 0 0.142641
0.519948 -0.538941 0.099999 2.41732 0.424671 -2.70572 0 0 0.141387
0.519947 -0.538926 0.099999 2.41732 0.424671 -2.70572 0 0 0.140132
0.519946 -0.53891 0.099999 2.41732 0.424671 -2.70572 0 0 0.138878
0.519945 -0.538895 0.099999 2.41732 0.424671 -2.70572 0 0 0.137626
0.519943 -0.538878 0.099999 2.41732 0.424671 -2.70572 0 0 0.13644
0.519942 -0.538862 0.099999 2.41732 0.424671 -2.70572 0 0 0.135254
0.51994 -0.538845 0.099999 2.41732 0.424671 -2.70572 0 0 0.134068
0.519938 -0.538828 0.099999 2.41732 0.424671 -2.70572 0 0 0.132882
0.519937 -0.538812 0.099999 2.41732 0.424671 -2.70572 0 0 0.131695
0.519935 -0.538795 0.099999 2.41732 0.424671 -2.70572 0 0 0.130509
0.519934 -0.538779 0.099999 2.41732 0.424671 -2.70572 0 0 0.129323
0.519932 -0.538762 0.099999 2.41732 0.424671 -2.70572 0 0 0.128137
0.519931 -0.538746 0.099999 2.41732 0.424671 -2.70572 0 0 0.126951
0.519929 -0.538729 0.099999 2.41732 0.424671 -2.70572 0 0 0.125764
0.519928 -0.538712 0.099999 2.41732 0.424671 -2.70572 0 0 0.124578
0.519926 -0.538696 0.099999 2.41732 0.424671 -2.70572 0 0 0.123392
0.519925 -0.538679 0.099999 2.41732 0.424671 -2.70572 0 0 0.122206
0.519923 -0.538663 0.099999 2.41732 0.424671 -2.70572 0 0 0.121019
0.519922 -0.538646 0.099999 2.41732 0.424671 -2.70572 0 0 0.119833
0.51992 -0.53863 0.099999 2.41732 0.424671 -2.70572 0 0 0.118647
0.519918 -0.538612 0.099999 2.41732 0.424671 -2.70572 0 0 0.117424
0.519916 -0.538593 0.099999 2.41732 0.424671 -2.70572 0 0 0.116157
0.519913 -0.538575 0.099999 2.41732 0.424671 -2.70572 0 0 0.11489
0.51991 -0.538556 0.099999 2.41732 0.424671 -2.70572 0 0 0.113623
0.519908 -0.538537 0.099999 2.41732 0.424671 -2.70572 0 0 0.112356
0.519905 -0.538518 0.099999 2.41732 0.424671 -2.70572 0 0 0.111089
0.519903 -0.5385 0.099999 2.41732 0.424671 -2.70572 0 0 0.109822
0.5199 -0.538481 0.099999 2.41732 0.424671 -2.70572 0 0 0.108555
0.519898 -0.538462 0.099999 2.41732 0.424671 -2.70572 0 0 0.107288
0.519895 -0.538443 0.099999 2.41732 0.424671 -2.70572 0 0 0.106021
0.519893 -0.538425 0.099999 2.41732 0.424671 -2.70572 0 0 0.104754
0.51989 -0.538406 0.099999 2.41732 0.424671 -2.70572 0 0 0.103487
0.519887 -0.538387 0.099999 2.41732 0.424671 -2.70572 0 0 0.102221
0.519885 -0.538368 0.099999 2.41732 0.424671 -2.70572 0 0 0.100954
0.519882 -0.53835 0.099999 2.41732 0.424671 -2.70572 0 0 0.099687
0.51988 -0.538331 0.099999 2.41732 0.424671 -2.70572 0 0 0.09842
0.519877 -0.538312 0.099999 2.41732 0.424671 -2.70572 0 0 0.097153
0.519874 -0.53829 0.099999 2.41732 0.424671 -2.70572 0 0 0.096539
0.51987 -0.538269 0.099999 2.41732 0.424671 -2.70572 0 0 0.096008
0.519867 -0.538247 0.099999 2.41732 0.424671 -2.70572 0 0 0.095477
0.519863 -0.538225 0.099999 2.41732 0.424671 -2.70572 0 0 0.094946
0.519859 -0.538203 0.099999 2.41732 0.424671 -2.70572 0 0 0.094415
0.519856 -0.538181 0.099999 2.41732 0.424671 -2.70572 0 0 0.093883
0.519852 -0.538159 0.099999 2.41732 0.424671 -2.70572 0 0 0.093352
0.519849 -0.538137 0.099999 2.41732 0.424671 -2.70572 0 0 0.092821
0.519845 -0.538115 0.099999 2.41732 0.424671 -2.70572 0 0 0.09229
0.519841 -0.538093 0.099999 2.41732 0.424671 -2.70572 0 0 0.091758
0.519838 -0.538071 0.099999 2.41732 0.424671 -2.70572 0 0 0.091227
0.519834 -0.53805 0.099999 2.41732 0.424671 -2.70572 0 0 0.090696
0.51983 -0.538028 0.099999 2.41732 0.424671 -2.70572 0 0 0.090165
0.519827 -0.538006 0.099999 2.41732 0.424671 -2.70572 0 0 0.089633
0.519823 -0.537984 0.099999 2.41732 0.424671 -2.70572 0 0 0.089102
0.51982 -0.537962 0.099999 2.41732 0.424671 -2.70572 0 0 0.088571
0.519816 -0.53794 0.099999 2.41732 0.424671 -2.70572 0 0 0.08804
0.519812 -0.537918 0.099999 2.41732 0.424671 -2.70572 0 0 0.087508
0.519809 -0.537896 0.099999 2.41732 0.424671 -2.70572 0 0 0.086977
0.519805 -0.537874 0.099999 2.41732 0.424671 -2.70572 0 0 0.086446
0.519802 -0.537852 0.099999 2.41732 0.424671 -2.70572 0 0 0.085915
0.519798 -0.53783 0.099999 2.41732 0.424671 -2.70572 0 0 0.085384
0.519794 -0.537806 0.099999 2.41732 0.424671 -2.70572 0 0 0.084739
0.519789 -0.537781 0.099999 2.41732 0.424671 -2.70572 0 0 0.084065
0.519784 -0.537755 0.099999 2.41732 0.424671 -2.70572 0 0 0.083391
0.51978 -0.53773 0.099999 2.41732 0.424671 -2.70572 0 0 0.082717
0.519775 -0.537705 0.099999 2.41732 0.424671 -2.70572 0 0 0.082043
0.519771 -0.537679 0.099999 2.41732 0.424671 -2.70572 0 0 0.081369
0.519766 -0.537654 0.099999 2.41732 0.424671 -2.70572 0 0 0.080695
0.519762 -0.537629 0.099999 2.41732 0.424671 -2.70572 0 0 0.080021
0.519757 -0.537604 0.099999 2.41732 0.424671 -2.70572 0 0 0.079348
0.519752 -0.537578 0.099999 2.41732 0.424671 -2.70572 0 0 0.078674
0.519748 -0.537553 0.099999 2.41732 0.424671 -2.70572 0 0 0.078
0.519743 -0.537528 0.099999 2.41732 0.424671 -2.70572 0 0 0.077326
0.519739 -0.537503 0.099999 2.41732 0.424671 -2.70572 0 0 0.076652
0.519734 -0.537477 0.099999 2.41732 0.424671 -2.70572 0 0 0.075978
0.51973 -0.537452 0.099999 2.41732 0.424671 -2.70572 0 0 0.075304
0.519725 -0.537427 0.099999 2.41732 0.424671 -2.70572 0 0 0.07463
0.51972 -0.537401 0.099999 2.41732 0.424671 -2.70572 0 0 0.073933
0.519714 -0.537374 0.099999 2.41732 0.424671 -2.70572 0 0 0.073154
0.519708 -0.537346 0.099999 2.41732 0.424671 -2.70572 0 0 0.072376
0.519702 -0.537319 0.099999 2.41732 0.424671 -2.70572 0 0 0.071598
0.519695 -0.537292 0.099999 2.41732 0.424671 -2.70572 0 0 0.070819
0.519689 -0.537264 0.099999 2.41732 0.424671 -2.70572 0 0 0.070041
0.519683 -0.537237 0.099999 2.41732 0.424671 -2.70572 0 0 0.069262
0.519677 -0.53721 0.099999 2.41732 0.424671 -2.70572 0 0 0.068484
0.519671 -0.537182 0.099999 2.41732 0.424671 -2.70572 0 0 0.067705
0.519665 -0.537155 0.099999 2.41732 0.424671 -2.70572 0 0 0.066927
0.519658 -0.537128 0.099999 2.41732 0.424671 -2.70572 0 0 0.066148
0.519652 -0.5371 0.099999 2.41732 0.424671 -2.70572 0 0 0.06537
0.519646 -0.537073 0.099999 2.41732 0.424671 -2.70572 0 0 0.064592
0.51964 -0.537046 0.099999 2.41732 0.424671 -2.70572 0 0 0.063813
0.519634 -0.537018 0.099999 2.41732 0.424671 -2.70572 0 0 0.063035
0.519628 -0.536991 0.099999 2.41732 0.424671 -2.70572 0 0 0.062256
0.519621 -0.536964 0.099999 2.41732 0.424671 -2.70572 0 0 0.061478
0.519615 -0.536935 0.099999 2.41732 0.424671 -2.70572 0 0 0.061086
0.519608 -0.536905 0.099999 2.41732 0.424671 -2.70572 0 0 0.060908
0.519602 -0.536876 0.099999 2.41732 0.424671 -2.70572 0 0 0.060729
0.519595 -0.536846 0.099999 2.41732 0.424671 -2.70572 0 0 0.060551
0.519588 -0.536816 0.099999 2.41732 0.424671 -2.70572 0 0 0.060372
0.519582 -0.536787 0.099999 2.41732 0.424671 -2.70572 0 0 0.060194
0.519575 -0.536757 0.099999 2.41732 0.424671 -2.70572 0 0 0.060015
0.519568 -0.536727 0.099999 2.41732 0.424671 -2.70572 0 0 0.059836
0.519562 -0.536698 0.099999 2.41732 0.424671 -2.70572 0 0 0.059658
0.519555 -0.536668 0.099999 2.41732 0.424671 -2.70572 0 0 0.059479
0.519548 -0.536639 0.099999 2.41732 0.424671 -2.70572 0 0 0.059301
0.519542 -0.536609 0.099999 2.41732 0.424671 -2.70572 0 0 0.059122
0.519535 -0.536579 0.099999 2.41732 0.424671 -2.70572 0 0 0.058943
0.519528 -0.53655 0.099999 2.41732 0.424671 -2.70572 0 0 0.058765
0.519522 -0.53652 0.099999 2.41732 0.424671 -2.70572 0 0 0.058586
0.519515 -0.536491 0.099999 2.41732 0.424671 -2.70572 0 0 0.058408
0.519508 -0.536461 0.099999 2.41732 0.424671 -2.70572 0 0 0.058229
0.519501 -0.536431 0.099999 2.41732 0.424671 -2.70572 0 0 0.05805
0.519495 -0.536402 0.099999 2.41732 0.424671 -2.70572 0 0 0.057872
0.519488 -0.536372 0.099999 2.41732 0.424671 -2.70572 0 0 0.057693
0.519481 -0.536343 0.099999 2.41732 0.424671 -2.70572 0 0 0.057515
0.519475 -0.536313 0.099999 2.41732 0.424671 -2.70572 0 0 0.057336
0.519467 -0.536283 0.099999 2.41732 0.424671 -2.70572 0 0 0.057087
0.51946 -0.536252 0.099999 2.41732 0.424671 -2.70572 0 0 0.056779
0.519452 -0.536221 0.099999 2.41732 0.424671 -2.70572 0 0 0.056472
0.519444 -0.53619 0.099999 2.41732 0.424671 -2.70572 0 0 0.056165
0.519436 -0.536159 0.099999 2.41732 0.424671 -2.70572 0 0 0.055857
0.519428 -0.536128 0.099999 2.41732 0.424671 -2.70572 0 0 0.05555
0.51942 -0.536097 0.099999 2.41732 0.424671 -2.70572 0 0 0.055242
0.519412 -0.536066 0.099999 2.41732 0.424671 -2.70572 0 0 0.054935
0.519404 -0.536035 0.099999 2.41732 0.424671 -2.70572 0 0 0.054627
0.519396 -0.536004 0.099999 2.41732 0.424671 -2.70572 0 0 0.05432
0.519388 -0.535973 0.099999 2.41732 0.424671 -2.70572 0 0 0.054012
0.519381 -0.535942 0.099999 2.41732 0.424671 -2.70572 0 0 0.053705
0.519373 -0.535911 0.099999 2.41732 0.424671 -2.70572 0 0 0.053398
0.519365 -0.53588 0.099999 2.41732 0.424671 -2.70572 0 0 0.05309
0.519357 -0.535849 0.099999 2.41732 0.424671 -2.70572 0 0 0.052783
0.519349 -0.535818 0.099999 2.41732 0.424671 -2.70572 0 0 0.052475
0.519341 -0.535787 0.099999 2.41732 0.424671 -2.70572 0 0 0.052168
0.519333 -0.535756 0.099999 2.41732 0.424671 -2.70572 0 0 0.051453
0.519326 -0.535724 0.099999 2.41732 0.424671 -2.70572 0 0 0.050728
0.519318 -0.535692 0.099999 2.41732 0.424671 -2.70572 0 0 0.050003
0.519311 -0.53566 0.099999 2.41732 0.424671 -2.70572 0 0 0.049278
0.519303 -0.535628 0.099999 2.41732 0.424671 -2.70572 0 0 0.048553
0.519296 -0.535597 0.099999 2.41732 0.424671 -2.70572 0 0 0.047828
0.519288 -0.535565 0.099999 2.41732 0.424671 -2.70572 0 0 0.047103
0.51928 -0.535533 0.099999 2.41732 0.424671 -2.70572 0 0 0.046378
0.519273 -0.535501 0.099999 2.41732 0.424671 -2.70572 0 0 0.045653
0.519265 -0.535469 0.099999 2.41732 0.424671 -2.70572 0 0 0.044928
0.519258 -0.535438 0.099999 2.41732 0.424671 -2.70572 0 0 0.044203
0.51925 -0.535406 0.099999 2.41732 0.424671 -2.70572 0 0 0.043478
0.519243 -0.535374 0.099999 2.41732 0.424671 -2.70572 0 0 0.042753
0.519235 -0.535342 0.099999 2.41732 0.424671 -2.70572 0 0 0.042028
0.519227 -0.53531 0.099999 2.41732 0.424671 -2.70572 0 0 0.041303
0.51922 -0.535279 0.099999 2.41732 0.424671 -2.70572 0 0 0.040578
0.519213 -0.535247 0.099999 2.41732 0.424671 -2.70572 0 0 0.039788
0.519206 -0.535217 0.099999 2.41732 0.424671 -2.70572 0 0 0.0389
0.519199 -0.535186 0.099999 2.41732 0.424671 -2.70572 0 0 0.038012
0.519192 -0.535155 0.099999 2.41732 0.424671 -2.70572 0 0 0.037125
0.519186 -0.535124 0.099999 2.41732 0.424671 -2.70572 0 0 0.036237
0.519179 -0.535094 0.099999 2.41732 0.424671 -2.70572 0 0 0.035349
0.519172 -0.535063 0.099999 2.41732 0.424671 -2.70572 0 0 0.034461
0.519166 -0.535032 0.099999 2.41732 0.424671 -2.70572 0 0 0.033573
0.519159 -0.535002 0.099999 2.41732 0.424671 -2.70572 0 0 0.032686
0.519152 -0.534971 0.099999 2.41732 0.424671 -2.70572 0 0 0.031798
0.519145 -0.53494 0.099999 2.41732 0.424671 -2.70572 0 0 0.03091
0.519139 -0.534909 0.099999 2.41732 0.424671 -2.70572 0 0 0.030022
0.519132 -0.534879 0.099999 2.41732 0.424671 -2.70572 0 0 0.029135
0.519125 -0.534848 0.099999 2.41732 0.424671 -2.70572 0 0 0.028247
0.519118 -0.534817 0.099999 2.41732 0.424671 -2.70572 0 0 0.027359
0.519112 -0.534786 0.099999 2.41732 0.424671 -2.70572 0 0 0.026471
0.519105 -0.534756 0.099999 2.41732 0.424671 -2.70572 0 0 0.025583
0.519098 -0.534725 0.099999 2.41732 0.424671 -2.70572 0 0 0.024696
0.519092 -0.534694 0.099999 2.41732 0.424671 -2.70572 0 0 0.023808
0.519085 -0.534664 0.099999 2.41732 0.424671 -2.70572 0 0 0.02292
0.519078 -0.534633 0.099999 2.41732 0.424671 -2.70572 0 0 0.022032
0.519071 -0.534602 0.099999 2.41732 0.424671 -2.70572 0 0 0.021145
0.519064 -0.534572 0.099999 2.41732 0.424671 -2.70572 0 0 0.020391
0.519057 -0.534542 0.099999 2.41732 0.424671 -2.70572 0 0 0.019944
0.519049 -0.534513 0.099999 2.41926 0.424516 -2.70436 0 0 0.019497
0.519041 -0.534483 0.099999 2.42133 0.424344 -2.7029 0 0 0.01905
0.519034 -0.534454 0.099999 2.42333 0.424174 -2.70149 0 0 0.018603
0.519026 -0.534425 0.099999 2.42533 0.423998 -2.70008 0 0 0.018156
0.519018 -0.534395 0.099999 2.4274 0.42381 -2.69863 0 0 0.017709
0.519011 -0.534366 0.099999 2.4294 0.423623 -2.69722 0 0 0.017262
0.519003 -0.534336 0.099999 2.43148 0.423425 -2.69576 0 0 0.016815
0.518995 -0.534307 0.099999 2.43348 0.423227 -2.69436 0 0 0.016368
0.518988 -0.534277 0.099999 2.43555 0.423018 -2.6929 0 0 0.015921
0.51898 -0.534248 0.099999 2.43755 0.42281 -2.69149 0 0 0.015474
0.518972 -0.534218 0.099999 2.43962 0.42259 -2.69004 0 0 0.015027
0.518965 -0.534189 0.099999 2.44162 0.422371 -2.68864 0 0 0.01458
0.518957 -0.534159 0.099999 2.44369 0.42214 -2.68718 0 0 0.014133
0.518949 -0.53413 0.099999 2.44569 0.421911 -2.68578 0 0 0.013686
0.518942 -0.5341 0.099999 2.44776 0.421668 -2.68433 0 0 0.013239
0.518934 -0.534072 0.099999 2.44969 0.421437 -2.68297 0 0 0.013288
0.518926 -0.534044 0.099999 2.45162 0.421201 -2.68162 0 0 0.013519
0.518919 -0.534016 0.099999 2.45356 0.42096 -2.68027 0 0 0.01375
0.518911 -0.533988 0.099999 2.45549 0.420714 -2.67892 0 0 0.013981
0.518903 -0.53396 0.099999 2.45742 0.420463 -2.67757 0 0 0.014212
0.518895 -0.533932 0.099999 2.45935 0.420208 -2.67621 0 0 0.014443
0.518888 -0.533904 0.099999 2.46128 0.419948 -2.67487 0 0 0.014674
0.51888 -0.533876 0.099999 2.46321 0.419682 -2.67352 0 0 0.014905
0.518872 -0.533848 0.099999 2.46513 0.419412 -2.67217 0 0 0.015136
0.518864 -0.53382 0.099999 2.46706 0.419137 -2.67082 0 0 0.015367
0.518857 -0.533792 0.099999 2.46899 0.418858 -2.66948 0 0 0.015598
0.518849 -0.533764 0.099999 2.47092 0.418573 -2.66813 0 0 0.015829
0.518841 -0.533736 0.099999 2.47284 0.418284 -2.66679 0 0 0.01606
0.518833 -0.533709 0.099999 2.4747 0.418 -2.66549 0 0 0.016291
0.518826 -0.533681 0.099999 2.47663 0.417702 -2.66415 0 0 0.016522
0.518818 -0.533653 0.099999 2.47855 0.417398 -2.66281 0 0 0.016753
0.51881 -0.533625 0.099999 2.48048 0.41709 -2.66147 0 0 0.017056
0.518802 -0.533597 0.099999 2.4824 0.416776 -2.66013 0 0 0.017741
0.518794 -0.533569 0.099999 2.48433 0.416458 -2.65879 0 0 0.018426
0.518786 -0.533542 0.099999 2.48618 0.416147 -2.6575 0 0 0.019111
0.518778 -0.533514 0.099999 2.4881 0.41582 -2.65617 0 0 0.019796
0.51877 -0.533487 0.099999 2.48995 0.4155 -2.65488 0 0 0.020481
0.518762 -0.533459 0.099999 2.49187 0.415163 -2.65355 0 0 0.021167
0.518754 -0.533431 0.099999 2.49379 0.414821 -2.65222 0 0 0.021852
0.518746 -0.533404 0.099999 2.49565 0.414487 -2.65093 0 0 0.022537
0.518738 -0.533376 0.099999 2.49756 0.414136 -2.64961 0 0 0.023222
0.51873 -0.533349 0.099999 2.49941 0.413794 -2.64833 0 0 0.023907
0.518722 -0.533321 0.099999 2.50133 0.413433 -2.647 0 0 0.024592
0.518714 -0.533293 0.099999 2.50324 0.413068 -2.64567 0 0 0.025277
0.518706 -0.533266 0.099999 2.50509 0.412712 -2.6444 0 0 0.025962
0.518698 -0.533238 0.099999 2.50701 0.412338 -2.64308 0 0 0.026647
0.51869 -0.533211 0.099999 2.50885 0.411972 -2.6418 0 0 0.027333
0.518682 -0.533183 0.099999 2.51076 0.411589 -2.64048 0 0 0.028018
0.518674 -0.533155 0.099999 2.51267 0.4112 -2.63917 0 0 0.028703
0.518666 -0.533128 0.099999 2.51451 0.410821 -2.6379 0 0 0.029388
0.518658 -0.5331 0.099999 2.51642 0.410424 -2.63658 0 0 0.030073
0.51865 -0.533073 0.099999 2.51826 0.410036 -2.63532 0 0 0.030758
0.518642 -0.533045 0.099999 2.52017 0.409629 -2.634 0 0 0.031443
0.518634 -0.533017 0.099999 2.52208 0.409218 -2.63269 0 0 0.032114
0.518627 -0.532988 0.099999 2.52405 0.408787 -2.63134 0 0 0.032574
0.518619 -0.532959 0.099999 2.52602 0.408351 -2.62999 0 0 0.033034
0.518612 -0.532929 0.099999 2.52806 0.407895 -2.62859 0 0 0.033494
0.518604 -0.5329 0.099999 2.53003 0.407449 -2.62724 0 0 0.033953
0.518597 -0.532871 0.099999 2.532 0.406998 -2.62589 0 0 0.034413
0.518589 -0.532841 0.099999 2.53403 0.406526 -2.6245 0 0 0.034873
0.518582 -0.532812 0.099999 2.536 0.406065 -2.62316 0 0 0.035333
0.518574 -0.532783 0.099999 2.53796 0.405599 -2.62182 0 0 0.035793
0.518567 -0.532753 0.099999 2.53999 0.405111 -2.62043 0 0 0.036252
0.518559 -0.532724 0.099999 2.54195 0.404635 -2.61909 0 0 0.036712
0.518552 -0.532695 0.099999 2.54391 0.404154 -2.61776 0 0 0.037172
0.518544 -0.532665 0.099999 2.54593 0.403651 -2.61638 0 0 0.037632
0.518537 -0.532636 0.099999 2.54789 0.403161 -2.61505 0 0 0.038091
0.518529 -0.532607 0.099999 2.54985 0.402665 -2.61372 0 0 0.038551
0.518522 -0.532577 0.099999 2.55187 0.402147 -2.61235 0 0 0.039011
0.518514 -0.532548 0.099999 2.55382 0.401641 -2.61102 0 0 0.039471
0.518507 -0.532517 0.099999 2.5559 0.401095 -2.60961 0 0 0.039997
0.518499 -0.532484 0.099999 2.55812 0.400508 -2.60811 0 0 0.040594
0.518492 -0.53245 0.099999 2.5604 0.399897 -2.60656 0 0 0.041191
0.518484 -0.532417 0.099999 2.56261 0.399297 -2.60507 0 0 0.041788
0.518476 -0.532384 0.099999 2.56482 0.398691 -2.60358 0 0 0.042385
0.518469 -0.532351 0.099999 2.56703 0.398079 -2.60209 0 0 0.042982
0.518461 -0.532317 0.099999 2.56931 0.397442 -2.60056 0 0 0.043579
0.518454 -0.532284 0.099999 2.57151 0.396817 -2.59907 0 0 0.044175
0.518446 -0.532251 0.099999 2.57371 0.396186 -2.59759 0 0 0.044772
0.518439 -0.532218 0.099999 2.57591 0.39555 -2.59612 0 0 0.045369
0.518431 -0.532184 0.099999 2.57817 0.394887 -2.5946 0 0 0.045966
0.518424 -0.532151 0.099999 2.58037 0.394238 -2.59313 0 0 0.046563
0.518416 -0.532118 0.099999 2.58256 0.393583 -2.59166 0 0 0.04716
0.518409 -0.532085 0.099999 2.58475 0.392922 -2.5902 0 0 0.047757
0.518401 -0.532052 0.099999 2.58694 0.392255 -2.58874 0 0 0.048354
0.518394 -0.532018 0.099999 2.58919 0.391562 -2.58724 0 0 0.04895
0.518386 -0.531985 0.099999 2.59137 0.390882 -2.58579 0 0 0.049547
0.518376 -0.531949 0.099999 2.59375 0.390135 -2.58421 0 0 0.050387
0.518365 -0.531913 0.099999 2.59612 0.38938 -2.58263 0 0 0.051248
0.518355 -0.531877 0.099999 2.59849 0.388619 -2.58106 0 0 0.05211
0.518344 -0.531841 0.099999 2.60086 0.38785 -2.57949 0 0 0.052971
0.518334 -0.531805 0.099999 2.60323 0.387075 -2.57792 0 0 0.053833
0.518323 -0.531769 0.099999 2.60559 0.386292 -2.57636 0 0 0.054694
0.518313 -0.531733 0.099999 2.60795 0.385503 -2.57481 0 0 0.055556
0.518302 -0.531697 0.099999 2.6103 0.384707 -2.57326 0 0 0.056417
0.518292 -0.531662 0.099999 2.61259 0.383927 -2.57176 0 0 0.057279
0.518281 -0.531626 0.099999 2.61494 0.383117 -2.57021 0 0 0.058141
0.518271 -0.53159 0.099999 2.61728 0.382301 -2.56868 0 0 0.059002
0.51826 -0.531554 0.099999 2.61962 0.381479 -2.56714 0 0 0.059864
0.51825 -0.531518 0.099999 2.62196 0.380649 -2.56562 0 0 0.060725
0.518239 -0.531482 0.099999 2.62429 0.379813 -2.56409 0 0 0.061587
0.518229 -0.531446 0.099999 2.62663 0.37897 -2.56258 0 0 0.062448
0.518218 -0.53141 0.099999 2.62895 0.378121 -2.56106 0 0 0.06331
0.518208 -0.531374 0.099999 2.63128 0.377265 -2.55955 0 0 0.064171
0.518197 -0.531338 0.099999 2.6336 0.376403 -2.55805 0 0 0.065033
0.518187 -0.531302 0.099999 2.63591 0.375534 -2.55655 0 0 0.065894
0.518176 -0.531266 0.099999 2.63823 0.374659 -2.55506 0 0 0.066756
0.518166 -0.53123 0.099999 2.64054 0.373778 -2.55357 0 0 0.067618
0.518155 -0.531194 0.099999 2.64284 0.37289 -2.55208 0 0 0.068479
0.518144 -0.531156 0.099999 2.64527 0.371946 -2.55052 0 0 0.069506
0.518133 -0.531117 0.099999 2.64776 0.37097 -2.54892 0 0 0.070569
0.518121 -0.531078 0.099999 2.65025 0.369986 -2.54733 0 0 0.071633
0.518109 -0.53104 0.099999 2.65266 0.369021 -2.54579 0 0 0.072696
0.518098 -0.531001 0.099999 2.65514 0.368023 -2.54421 0 0 0.07376
0.518086 -0.530962 0.099999 2.65761 0.367018 -2.54264 0 0 0.074823
0.518075 -0.530923 0.099999 2.66008 0.366006 -2.54107 0 0 0.075886
0.518063 -0.530885 0.099999 2.66248 0.365013 -2.53955 0 0 0.07695
0.518052 -0.530846 0.099999 2.66493 0.363987 -2.53799 0 0 0.078013
0.51804 -0.530807 0.099999 2.66739 0.362954 -2.53645 0 0 0.079077
0.518028 -0.530769 0.099999 2.66977 0.361941 -2.53494 0 0 0.08014
0.518017 -0.53073 0.099999 2.67221 0.360895 -2.53341 0 0 0.081204
0.518005 -0.530691 0.099999 2.67465 0.359841 -2.53188 0 0 0.082267
0.517994 -0.530653 0.099999 2.67702 0.358808 -2.53039 0 0 0.08333
0.517982 -0.530614 0.099999 2.67945 0.357741 -2.52888 0 0 0.084394
0.517971 -0.530575 0.099999 2.68188 0.356668 -2.52737 0 0 0.085457
0.517959 -0.530536 0.099999 2.6843 0.355588 -2.52586 0 0 0.086516
0.517946 -0.530496 0.099999 2.68677 0.354473 -2.52433 0 0 0.087561
0.517933 -0.530455 0.099999 2.68931 0.353323 -2.52276 0 0 0.088606
0.517919 -0.530415 0.099999 2.69177 0.352195 -2.52124 0 0 0.089651
0.517906 -0.530374 0.099999 2.69429 0.351031 -2.51968 0 0 0.090696
0.517893 -0.530334 0.099999 2.69675 0.349889 -2.51818 0 0 0.091741
0.51788 -0.530293 0.099999 2.69926 0.348712 -2.51664 0 0 0.092786
0.517867 -0.530253 0.099999 2.7017 0.347556 -2.51514 0 0 0.093831
0.517854 -0.530212 0.099999 2.7042 0.346365 -2.51362 0 0 0.094876
0.517841 -0.530172 0.099999 2.70664 0.345196 -2.51214 0 0 0.095921
0.517828 -0.530131 0.099999 2.70912 0.343992 -2.51063 0 0 0.096966
0.517815 -0.530091 0.099999 2.71155 0.34281 -2.50917 0 0 0.098011
0.517802 -0.530051 0.099999 2.71396 0.341622 -2.50771 0 0 0.099056
0.517789 -0.53001 0.099999 2.71643 0.340398 -2.50622 0 0 0.100101
0.517776 -0.52997 0.099999 2.71884 0.339198 -2.50478 0 0 0.101146
0.517763 -0.529929 0.099999 2.7213 0.337961 -2.50331 0 0 0.102191
0.517749 -0.529889 0.099999 2.7237 0.336748 -2.50188 0 0 0.103236
0.517735 -0.529849 0.099999 2.72608 0.335529 -2.50046 0 0 0.103802
0.51772 -0.529809 0.099999 2.72847 0.334305 -2.49904 0 0 0.104134
0.517705 -0.529769 0.099999 2.73085 0.333074 -2.49764 0 0 0.104467
0.517689 -0.529729 0.099999 2.73322 0.331838 -2.49624 0 0 0.1048
0.517674 -0.529689 0.099999 2.73558 0.330595 -2.49485 0 0 0.105133
0.517659 -0.529649 0.099999 2.73794 0.329348 -2.49346 0 0 0.105465
0.517644 -0.529609 0.099999 2.7403 0.328094 -2.49208 0 0 0.105798
0.517628 -0.529569 0.099999 2.74265 0.326835 -2.49071 0 0 0.106131
0.517613 -0.52953 0.099999 2.74494 0.325602 -2.48939 0 0 0.106463
0.517598 -0.52949 0.099999 2.74727 0.324332 -2.48803 0 0 0.106796
0.517583 -0.52945 0.099999 2.74961 0.323057 -2.48668 0 0 0.107129
0.517567 -0.52941 0.099999 2.75193 0.321776 -2.48534 0 0 0.107461
0.517552 -0.52937 0.099999 2.75425 0.32049 -2.48401 0 0 0.107794
0.517537 -0.52933 0.099999 2.75657 0.319199 -2.48268 0 0 0.108127
0.517522 -0.52929 0.099999 2.75888 0.317903 -2.48137 0 0 0.10846
0.517507 -0.52925 0.099999 2.76118 0.316601 -2.48006 0 0 0.108792
0.517491 -0.529211 0.099999 2.76343 0.315328 -2.47879 0 0 0.109125
0.517476 -0.529171 0.099999 2.76572 0.314016 -2.47749 0 0 0.109458
0.517461 -0.529131 0.099999 2.768 0.3127 -2.4762 0 0 0.10979
0.517446 -0.529091 0.099999 2.77029 0.311379 -2.47492 0 0 0.110123
0.51743 -0.529051 0.099999 2.77256 0.310053 -2.47365 0 0 0.110456
0.517415 -0.529011 0.099999 2.77483 0.308723 -2.47239 0 0 0.110788
0.5174 -0.528972 0.099999 2.77704 0.307421 -2.47116 0 0 0.11107
0.517384 -0.528932 0.099999 2.7793 0.306081 -2.46991 0 0 0.111313
0.517369 -0.528893 0.099999 2.78149 0.30477 -2.4687 0 0 0.111557
0.517354 -0.528854 0.099999 2.78368 0.303455 -2.4675 0 0 0.1118
0.517338 -0.528815 0.099999 2.78587 0.302136 -2.4663 0 0 0.112044
0.517323 -0.528775 0.099999 2.7881 0.300779 -2.46508 0 0 0.112287
0.517307 -0.528736 0.099999 2.79028 0.299451 -2.4639 0 0 0.11253
0.517292 -0.528697 0.099999 2.79245 0.29812 -2.46272 0 0 0.112774
0.517276 -0.528658 0.099999 2.79461 0.296784 -2.46156 0 0 0.113017
0.517261 -0.528618 0.099999 2.79682 0.29541 -2.46037 0 0 0.113261
0.517245 -0.528579 0.099999 2.79897 0.294067 -2.45921 0 0 0.113504
0.51723 -0.52854 0.099999 2.80112 0.292719 -2.45807 0 0 0.113747
0.517214 -0.528501 0.099999 2.80326 0.291368 -2.45693 0 0 0.113991
0.517199 -0.528461 0.099999 2.80545 0.289979 -2.45577 0 0 0.114234
0.517184 -0.528422 0.099999 2.80758 0.28862 -2.45465 0 0 0.114478
0.517168 -0.528383 0.099999 2.8097 0.287258 -2.45353 0 0 0.114721
0.517153 -0.528343 0.099999 2.81187 0.285857 -2.45239 0 0 0.114966
0.517138 -0.528305 0.099999 2.81393 0.284523 -2.45132 0 0 0.115577
0.517124 -0.528267 0.099999 2.81598 0.283186 -2.45025 0 0 0.116189
0.51711 -0.528229 0.099999 2.81803 0.281845 -2.44919 0 0 0.1168
0.517095 -0.528191 0.099999 2.82007 0.280501 -2.44814 0 0 0.117412
0.517081 -0.528152 0.099999 2.82216 0.279119 -2.44707 0 0 0.118024
0.517067 -0.528114 0.099999 2.8242 0.277769 -2.44603 0 0 0.118635
0.517052 -0.528076 0.099999 2.82622 0.276416 -2.445 0 0 0.119247
0.517038 -0.528038 0.099999 2.82824 0.27506 -2.44397 0 0 0.119859
0.517023 -0.527999 0.099999 2.83031 0.273665 -2.44293 0 0 0.12047
0.517009 -0.527961 0.099999 2.83232 0.272303 -2.44192 0 0 0.121082
0.516995 -0.527923 0.099999 2.83433 0.270939 -2.44092 0 0 0.121693
0.51698 -0.527885 0.099999 2.83633 0.269572 -2.43992 0 0 0.122305
0.516966 -0.527846 0.099999 2.83838 0.268165 -2.4389 0 0 0.122917
0.516952 -0.527808 0.099999 2.84037 0.266793 -2.43792 0 0 0.123528
0.516937 -0.52777 0.099999 2.84235 0.265417 -2.43694 0 0 0.12414
0.516923 -0.527732 0.099999 2.84433 0.264039 -2.43597 0 0 0.124752
0.516909 -0.527694 0.099999 2.8463 0.262659 -2.43501 0 0 0.125167
0.516894 -0.527658 0.099999 2.84817 0.261349 -2.43411 0 0 0.125323
0.516879 -0.527622 0.099999 2.85003 0.260037 -2.43321 0 0 0.125479
0.516865 -0.527586 0.099999 2.85189 0.258722 -2.43231 0 0 0.125635
0.51685 -0.52755 0.099999 2.85374 0.257406 -2.43143 0 0 0.125791
0.516836 -0.527513 0.099999 2.85564 0.256051 -2.43052 0 0 0.125947
0.516821 -0.527477 0.099999 2.85748 0.254731 -2.42965 0 0 0.126103
0.516807 -0.527441 0.099999 2.85932 0.253408 -2.42878 0 0 0.126258
0.516792 -0.527405 0.099999 2.86115 0.252084 -2.42791 0 0 0.126414
0.516778 -0.527368 0.099999 2.86303 0.250721 -2.42703 0 0 0.12657
0.516763 -0.527332 0.099999 2.86485 0.249393 -2.42618 0 0 0.126726
0.516749 -0.527296 0.099999 2.86667 0.248063 -2.42534 0 0 0.126882
0.516734 -0.52726 0.099999 2.86848 0.246731 -2.4245 0 0 0.127038
0.516719 -0.527224 0.099999 2.87029 0.245398 -2.42367 0 0 0.127194
0.516705 -0.527187 0.099999 2.87215 0.244026 -2.42282 0 0 0.12735
0.51669 -0.527151 0.099999 2.87395 0.242689 -2.422 0 0 0.127506
0.516676 -0.527115 0.099999 2.87575 0.241351 -2.42118 0 0 0.127661
0.516661 -0.527079 0.099999 2.87754 0.240011 -2.42038 0 0 0.127817
0.516647 -0.527042 0.099999 2.87937 0.238633 -2.41955 0 0 0.127973
0.516632 -0.527006 0.099999 2.88116 0.23729 -2.41876 0 0 0.128129
0.516618 -0.52697 0.099999 2.88293 0.235946 -2.41797 0 0 0.128285
0.516603 -0.526934 0.099999 2.88471 0.2346 -2.41718 0 0 0.128441
0.516589 -0.526898 0.099999 2.88648 0.233253 -2.4164 0 0 0.128438
0.516577 -0.526862 0.099999 2.88824 0.231905 -2.41563 0 0 0.128115
0.516565 -0.526826 0.099999 2.89 0.230555 -2.41487 0 0 0.127793
0.516553 -0.52679 0.099999 2.89176 0.229205 -2.4141 0 0 0.127471
0.516541 -0.526754 0.099999 2.89351 0.227853 -2.41335 0 0 0.127148
0.516529 -0.526719 0.099999 2.8952 0.226537 -2.41262 0 0 0.126826
0.516517 -0.526683 0.099999 2.89695 0.225183 -2.41188 0 0 0.126504
0.516505 -0.526647 0.099999 2.89868 0.223828 -2.41114 0 0 0.126181
0.516493 -0.526611 0.099999 2.90042 0.222471 -2.41041 0 0 0.125859
0.516481 -0.526575 0.099999 2.90215 0.221114 -2.40969 0 0 0.125537
0.516469 -0.52654 0.099999 2.90382 0.219793 -2.40899 0 0 0.125214
0.516457 -0.526504 0.099999 2.90554 0.218434 -2.40827 0 0 0.124892
0.516445 -0.526468 0.099999 2.90726 0.217074 -2.40756 0 0 0.12457
0.516433 -0.526432 0.099999 2.90897 0.215713 -2.40686 0 0 0.124247
0.516421 -0.526396 0.099999 2.91068 0.214351 -2.40616 0 0 0.123925
0.516409 -0.52636 0.099999 2.91238 0.212988 -2.40547 0 0 0.123603
0.516397 -0.526325 0.099999 2.91403 0.211663 -2.40481 0 0 0.123281
0.516385 -0.52629 0.099999 2.91568 0.210337 -2.40415 0 0 0.12307
0.516373 -0.526257 0.099999 2.91723 0.209086 -2.40353 0 0 0.122895
0.51636 -0.526223 0.099999 2.91882 0.207796 -2.4029 0 0 0.122719
0.516348 -0.52619 0.099999 2.92036 0.206544 -2.40229 0 0 0.122544
0.516335 -0.526156 0.099999 2.92114 0.205915 -2.40198 0 0 0.122369
0.516323 -0.526122 0.099999 2.92114 0.205915 -2.40198 0 0 0.122194
0.51631 -0.526089 0.099999 2.92114 0.205915 -2.40198 0 0 0.122018
0.516298 -0.526055 0.099999 2.92114 0.205915 -2.40198 0 0 0.121843
0.516285 -0.526022 0.099999 2.92114 0.205915 -2.40198 0 0 0.121668
0.516273 -0.525988 0.099999 2.92114 0.205915 -2.40198 0 0 0.121493
0.51626 -0.525954 0.099999 2.92114 0.205915 -2.40198 0 0 0.121317
0.516248 -0.525921 0.099999 2.92114 0.205915 -2.40198 0 0 0.121142
0.516235 -0.525887 0.099999 2.92114 0.205915 -2.40198 0 0 0.120967
0.516223 -0.525854 0.099999 2.92114 0.205915 -2.40198 0 0 0.120792
0.51621 -0.52582 0.099999 2.92114 0.205915 -2.40198 0 0 0.120616
0.516198 -0.525786 0.099999 2.92114 0.205915 -2.40198 0 0 0.120441
0.516185 -0.525753 0.099999 2.92114 0.205915 -2.40198 0 0 0.12031
0.516173 -0.525719 0.099999 2.92114 0.205915 -2.40198 0 0 0.120373
0.516161 -0.525685 0.099999 2.92114 0.205915 -2.40198 0 0 0.120436
0.516149 -0.525651 0.099999 2.92114 0.205915 -2.40198 0 0 0.120498
0.516137 -0.525617 0.099999 2.92114 0.205915 -2.40198 0 0 0.120561
0.516125 -0.525583 0.099999 2.92114 0.205915 -2.40198 0 0 0.120623
0.516113 -0.525549 0.099999 2.92114 0.205915 -2.40198 0 0 0.120686
0.516101 -0.525515 0.099999 2.92114 0.205915 -2.40198 0 0 0.120749
0.516089 -0.525482 0.099999 2.92114 0.205915 -2.40198 0 0 0.120811
0.516076 -0.525448 0.099999 2.92114 0.205915 -2.40198 0 0 0.120874
0.516064 -0.525414 0.099999 2.92114 0.205915 -2.40198 0 0 0.120936
0.516052 -0.52538 0.099999 2.92114 0.205915 -2.40198 0 0 0.120999
0.51604 -0.525346 0.099999 2.92114 0.205915 -2.40198 0 0 0.121061
0.516028 -0.525312 0.099999 2.92114 0.205915 -2.40198 0 0 0.121124
0.516016 -0.525278 0.099999 2.92114 0.205915 -2.40198 0 0 0.121187
0.516004 -0.525244 0.099999 2.92114 0.205915 -2.40198 0 0 0.121249
0.515992 -0.52521 0.099999 2.92114 0.205915 -2.40198 0 0 0.121312
0.51598 -0.525176 0.099999 2.92114 0.205915 -2.40198 0 0 0.121374
0.515968 -0.525142 0.099999 2.92114 0.205915 -2.40198 0 0 0.121437
0.515955 -0.525109 0.099999 2.92114 0.205915 -2.40198 0 0 0.1215
0.515943 -0.525075 0.099999 2.92114 0.205915 -2.40198 0 0 0.121562
0.515931 -0.525041 0.099999 2.92114 0.205915 -2.40198 0 0 0.121625
0.515919 -0.525007 0.099999 2.92114 0.205915 -2.40198 0 0 0.121648
0.515908 -0.524973 0.099999 2.92114 0.205915 -2.40198 0 0 0.121265
0.515897 -0.524939 0.099999 2.92114 0.205915 -2.40198 0 0 0.120882
0.515886 -0.524905 0.099999 2.92114 0.205915 -2.40198 0 0 0.1205
0.515875 -0.524871 0.099999 2.92114 0.205915 -2.40198 0 0 0.120117
0.515864 -0.524837 0.099999 2.92114 0.205915 -2.40198 0 0 0.119735
0.515853 -0.524803 0.099999 2.92114 0.205915 -2.40198 0 0 0.119352
0.515842 -0.524769 0.099999 2.92114 0.205915 -2.40198 0 0 0.118969
0.515831 -0.524735 0.099999 2.92114 0.205915 -2.40198 0 0 0.118587
0.51582 -0.524701 0.099999 2.92114 0.205915 -2.40198 0 0 0.118204
0.515809 -0.524667 0.099999 2.92114 0.205915 -2.40198 0 0 0.117822
0.515798 -0.524633 0.099999 2.92114 0.205915 -2.40198 0 0 0.117439
0.515787 -0.524599 0.099999 2.92114 0.205915 -2.40198 0 0 0.117057
0.515776 -0.524565 0.099999 2.92114 0.205915 -2.40198 0 0 0.116674
0.515765 -0.524531 0.099999 2.92114 0.205915 -2.40198 0 0 0.116291
0.515754 -0.524497 0.099999 2.92114 0.205915 -2.40198 0 0 0.115909
0.515743 -0.524463 0.099999 2.92114 0.205915 -2.40198 0 0 0.115526
0.515732 -0.524431 0.099999 2.92114 0.205915 -2.40198 0 0 0.115042
0.515721 -0.5244 0.099999 2.92114 0.205915 -2.40198 0 0 0.114462
0.51571 -0.524368 0.099999 2.92114 0.205915 -2.40198 0 0 0.113882
0.515698 -0.524337 0.099999 2.92114 0.205915 -2.40198 0 0 0.113302
0.515687 -0.524306 0.099999 2.92114 0.205915 -2.40198 0 0 0.112722
0.515676 -0.524275 0.099999 2.92114 0.205915 -2.40198 0 0 0.112142
0.515665 -0.524244 0.099999 2.92114 0.205915 -2.40198 0 0 0.111562
0.515654 -0.524212 0.099999 2.92114 0.205915 -2.40198 0 0 0.110982
0.515642 -0.524181 0.099999 2.92114 0.205915 -2.40198 0 0 0.110402
0.515631 -0.52415 0.099999 2.92114 0.205915 -2.40198 0 0 0.109822
0.51562 -0.524119 0.099999 2.92114 0.205915 -2.40198 0 0 0.109242
0.515609 -0.524088 0.099999 2.92114 0.205915 -2.40198 0 0 0.108662
0.515598 -0.524056 0.099999 2.92114 0.205915 -2.40198 0 0 0.108082
0.515587 -0.524025 0.099999 2.92114 0.205915 -2.40198 0 0 0.107502
0.515575 -0.523994 0.099999 2.92114 0.205915 -2.40198 0 0 0.106922
0.515564 -0.523963 0.099999 2.92114 0.205915 -2.40198 0 0 0.106342
0.515553 -0.523932 0.099999 2.92114 0.205915 -2.40198 0 0 0.105762
0.515542 -0.523902 0.099999 2.92114 0.205915 -2.40198 0 0 0.105588
0.51553 -0.523873 0.099999 2.92114 0.205915 -2.40198 0 0 0.105438
0.515519 -0.523844 0.099999 2.92114 0.205915 -2.40198 0 0 0.105288
0.515508 -0.523815 0.099999 2.92114 0.205915 -2.40198 0 0 0.105137
0.515496 -0.523785 0.099999 2.92114 0.205915 -2.40198 0 0 0.104987
0.515485 -0.523756 0.099999 2.92114 0.205915 -2.40198 0 0 0.104837
0.515474 -0.523727 0.099999 2.92114 0.205915 -2.40198 0 0 0.104687
0.515462 -0.523698 0.099999 2.92114 0.205915 -2.40198 0 0 0.104537
0.515451 -0.523669 0.099999 2.92114 0.205915 -2.40198 0 0 0.104387
0.51544 -0.523639 0.099999 2.92114 0.205915 -2.40198 0 0 0.104237
0.515428 -0.52361 0.099999 2.92114 0.205915 -2.40198 0 0 0.104086
0.515417 -0.523581 0.099999 2.92114 0.205915 -2.40198 0 0 0.103936
0.515406 -0.523552 0.099999 2.92114 0.205915 -2.40198 0 0 0.103786
0.515394 -0.523523 0.099999 2.92114 0.205915 -2.40198 0 0 0.103636
0.515383 -0.523493 0.099999 2.92114 0.205915 -2.40198 0 0 0.103486
0.515372 -0.523464 0.099999 2.92114 0.205915 -2.40198 0 0 0.103336
0.515361 -0.523435 0.099999 2.92114 0.205915 -2.40198 0 0 0.103186
0.515349 -0.523406 0.099999 2.92114 0.205915 -2.40198 0 0 0.103036
0.515338 -0.523377 0.099999 2.92114 0.205915 -2.40198 0 0 0.102885
0.515327 -0.523347 0.099999 2.92114 0.205915 -2.40198 0 0 0.102735
0.515315 -0.523318 0.099999 2.92114 0.205915 -2.40198 0 0 0.102585
0.515304 -0.523289 0.099999 2.92114 0.205915 -2.40198 0 0 0.102435
0.515292 -0.523262 0.099999 2.92114 0.205915 -2.40198 0 0 0.102578
0.51528 -0.523235 0.099999 2.92114 0.205915 -2.40198 0 0 0.102774
0.515268 -0.523209 0.099999 2.92114 0.205915 -2.40198 0 0 0.102971
0.515256 -0.523182 0.099999 2.92114 0.205915 -2.40198 0 0 0.103167
0.515244 -0.523155 0.099999 2.92114 0.205915 -2.40198 0 0 0.103363
0.515232 -0.523129 0.099999 2.92114 0.205915 -2.40198 0 0 0.10356
0.51522 -0.523102 0.099999 2.92114 0.205915 -2.40198 0 0 0.103756
0.515209 -0.523075 0.099999 2.92114 0.205915 -2.40198 0 0 0.103952
0.515197 -0.523049 0.099999 2.92114 0.205915 -2.40198 0 0 0.104148
0.515185 -0.523022 0.099999 2.92114 0.205915 -2.40198 0 0 0.104345
0.515173 -0.522995 0.099999 2.92114 0.205915 -2.40198 0 0 0.104541
0.515161 -0.522969 0.099999 2.92114 0.205915 -2.40198 0 0 0.104737
0.515149 -0.522942 0.099999 2.92114 0.205915 -2.40198 0 0 0.104934
0.515137 -0.522915 0.099999 2.92114 0.205915 -2.40198 0 0 0.10513
0.515125 -0.522889 0.099999 2.92114 0.205915 -2.40198 0 0 0.105326
0.515113 -0.522862 0.099999 2.92114 0.205915 -2.40198 0 0 0.105523
0.515101 -0.522837 0.099999 2.92114 0.205915 -2.40198 0 0 0.105837
0.515089 -0.522815 0.099999 2.92114 0.205915 -2.40198 0 0 0.106466
0.515076 -0.522794 0.099999 2.92114 0.205915 -2.40198 0 0 0.107096
0.515064 -0.522773 0.099999 2.92114 0.205915 -2.40198 0 0 0.107725
0.515051 -0.522752 0.099999 2.92114 0.205915 -2.40198 0 0 0.108354
0.515039 -0.522731 0.099999 2.92114 0.205915 -2.40198 0 0 0.108983
0.515027 -0.52271 0.099999 2.92114 0.205915 -2.40198 0 0 0.109612
0.515014 -0.522688 0.099999 2.92114 0.205915 -2.40198 0 0 0.110241
0.515002 -0.522667 0.099999 2.92114 0.205915 -2.40198 0 0 0.11087
0.514989 -0.522646 0.099999 2.92114 0.205915 -2.40198 0 0 0.111499
0.514977 -0.522625 0.099999 2.92114 0.205915 -2.40198 0 0 0.112128
0.514964 -0.522604 0.099999 2.92114 0.205915 -2.40198 0 0 0.112758
0.514952 -0.522582 0.099999 2.92114 0.205915 -2.40198 0 0 0.113387
0.51494 -0.522561 0.099999 2.92114 0.205915 -2.40198 0 0 0.114016
0.514927 -0.52254 0.099999 2.92114 0.205915 -2.40198 0 0 0.114645
0.514915 -0.522519 0.099999 2.92114 0.205915 -2.40198 0 0 0.115274
0.514902 -0.522498 0.099999 2.92114 0.205915 -2.40198 0 0 0.115903
0.514892 -0.522479 0.099999 2.92114 0.205915 -2.40198 0 0 0.116826
0.514883 -0.522461 0.099999 2.92114 0.205915 -2.40198 0 0 0.117874
0.514874 -0.522443 0.099999 2.92114 0.205915 -2.40198 0 0 0.118922
0.514865 -0.522425 0.099999 2.92114 0.205915 -2.40198 0 0 0.11997
0.514855 -0.522407 0.099999 2.92114 0.205915 -2.40198 0 0 0.121018
0.514846 -0.522389 0.099999 2.92114 0.205915 -2.40198 0 0 0.122066
0.514837 -0.522371 0.099999 2.92114 0.205915 -2.40198 0 0 0.123114
0.514828 -0.522353 0.099999 2.92114 0.205915 -2.40198 0 0 0.124162
0.514819 -0.522335 0.099999 2.92114 0.205915 -2.40198 0 0 0.12521
0.514809 -0.522317 0.099999 2.92114 0.205915 -2.40198 0 0 0.126258
0.5148 -0.522299 0.099999 2.92114 0.205915 -2.40198 0 0 0.127307
0.514791 -0.522281 0.099999 2.92114 0.205915 -2.40198 0 0 0.128355
0.514782 -0.522263 0.099999 2.92114 0.205915 -2.40198 0 0 0.129403
0.514773 -0.522245 0.099999 2.92114 0.205915 -2.40198 0 0 0.130451
0.514763 -0.522227 0.099999 2.92114 0.205915 -2.40198 0 0 0.131499
0.514754 -0.522209 0.099999 2.92114 0.205915 -2.40198 0 0 0.132547
0.514745 -0.522191 0.099999 2.92114 0.205915 -2.40198 0 0 0.133595
0.514736 -0.522173 0.099999 2.92114 0.205915 -2.40198 0 0 0.134643
0.514727 -0.522155 0.099999 2.92114 0.205915 -2.40198 0 0 0.135691
0.514717 -0.522137 0.099999 2.92114 0.205915 -2.40198 0 0 0.136739
0.514708 -0.522119 0.099999 2.92114 0.205915 -2.40198 0 0 0.137787
0.514699 -0.522101 0.099999 2.92114 0.205915 -2.40198 0 0 0.138835
0.51469 -0.522085 0.099999 2.92114 0.205915 -2.40198 0 0 0.13992
0.51468 -0.522071 0.099999 2.92114 0.205915 -2.40198 0 0 0.141029
0.514671 -0.522056 0.099999 2.92114 0.205915 -2.40198 0 0 0.142138
0.514662 -0.522042 0.099999 2.92114 0.205915 -2.40198 0 0 0.143247
0.514653 -0.522028 0.099999 2.92114 0.205915 -2.40198 0 0 0.144356
0.514643 -0.522013 0.099999 2.92114 0.205915 -2.40198 0 0 0.145465
0.514634 -0.521999 0.099999 2.92114 0.205915 -2.40198 0 0 0.146574
0.514625 -0.521985 0.099999 2.92114 0.205915 -2.40198 0 0 0.147683
0.514615 -0.52197 0.099999 2.92114 0.205915 -2.40198 0 0 0.148792
0.514606 -0.521956 0.099999 2.92114 0.205915 -2.40198 0 0 0.149901
0.514597 -0.521942 0.099999 2.92114 0.205915 -2.40198 0 0 0.15101
0.514587 -0.521927 0.099999 2.92114 0.205915 -2.40198 0 0 0.152119
0.514578 -0.521913 0.099999 2.92114 0.205915 -2.40198 0 0 0.153228
0.514569 -0.521899 0.099999 2.92114 0.205915 -2.40198 0 0 0.154337
0.514559 -0.521884 0.099999 2.92114 0.205915 -2.40198 0 0 0.155446
0.51455 -0.52187 0.099999 2.92114 0.205915 -2.40198 0 0 0.156555
0.514541 -0.521856 0.099999 2.92114 0.205915 -2.40198 0 0 0.157657
0.514533 -0.521843 0.099999 2.92114 0.205915 -2.40198 0 0 0.158551
0.514526 -0.521831 0.099999 2.92114 0.205915 -2.40198 0 0 0.159446
0.514518 -0.521818 0.099999 2.92114 0.205915 -2.40198 0 0 0.16034
0.51451 -0.521805 0.099999 2.92114 0.205915 -2.40198 0 0 0.161234
0.514503 -0.521793 0.099999 2.92114 0.205915 -2.40198 0 0 0.162128
0.514495 -0.52178 0.099999 2.92114 0.205915 -2.40198 0 0 0.163022
0.514488 -0.521767 0.099999 2.92114 0.205915 -2.40198 0 0 0.163917
0.51448 -0.521755 0.099999 2.92114 0.205915 -2.40198 0 0 0.164811
0.514473 -0.521742 0.099999 2.92114 0.205915 -2.40198 0 0 0.165705
0.514465 -0.521729 0.099999 2.92114 0.205915 -2.40198 0 0 0.166599
0.514457 -0.521717 0.099999 2.92114 0.205915 -2.40198 0 0 0.167493
0.51445 -0.521704 0.099999 2.92114 0.205915 -2.40198 0 0 0.168388
0.514442 -0.521691 0.099999 2.92114 0.205915 -2.40198 0 0 0.169282
0.514435 -0.521679 0.099999 2.92114 0.205915 -2.40198 0 0 0.170176
0.514427 -0.521666 0.099999 2.92114 0.205915 -2.40198 0 0 0.17107
0.51442 -0.521653 0.099999 2.92114 0.205915 -2.40198 0 0 0.171965
0.514414 -0.521642 0.099999 2.92114 0.205915 -2.40198 0 0 0.172695
0.514409 -0.521632 0.099999 2.92114 0.205915 -2.40198 0 0 0.173231
0.514405 -0.521622 0.099999 2.92114 0.205915 -2.40198 0 0 0.173768
0.5144 -0.521611 0.099999 2.92114 0.205915 -2.40198 0 0 0.174304
0.514396 -0.521601 0.099999 2.92114 0.205915 -2.40198 0 0 0.17484
0.514391 -0.521591 0.099999 2.92114 0.205915 -2.40198 0 0 0.175376
0.514387 -0.521581 0.099999 2.92114 0.205915 -2.40198 0 0 0.175913
0.514382 -0.521571 0.099999 2.92114 0.205915 -2.40198 0 0 0.176449
0.514378 -0.521561 0.099999 2.92114 0.205915 -2.40198 0 0 0.176985
0.514373 -0.52155 0.099999 2.92114 0.205915 -2.40198 0 0 0.177521
0.514369 -0.52154 0.099999 2.92114 0.205915 -2.40198 0 0 0.178058
0.514364 -0.52153 0.099999 2.92114 0.205915 -2.40198 0 0 0.178594
0.51436 -0.52152 0.099999 2.92114 0.205915 -2.40198 0 0 0.17913
0.514356 -0.52151 0.099999 2.92114 0.205915 -2.40198 0 0 0.179666
0.514351 -0.5215 0.099999 2.92114 0.205915 -2.40198 0 0 0.180203
0.514347 -0.521489 0.099999 2.92114 0.205915 -2.40198 0 0 0.180739
0.514342 -0.521479 0.099999 2.92114 0.205915 -2.40198 0 0 0.181275
0.514338 -0.521469 0.099999 2.92114 0.205915 -2.40198 0 0 0.181811
0.514333 -0.521459 0.099999 2.92114 0.205915 -2.40198 0 0 0.182348
0.514329 -0.521449 0.099999 2.92114 0.205915 -2.40198 0 0 0.182884
0.514324 -0.521439 0.099999 2.92114 0.205915 -2.40198 0 0 0.18342
0.51432 -0.521428 0.099999 2.92114 0.205915 -2.40198 0 0 0.183956
0.514317 -0.521419 0.099999 2.92114 0.205915 -2.40198 0 0 0.184468
0.514315 -0.521409 0.099999 2.92114 0.205915 -2.40198 0 0 0.184935
0.514314 -0.5214 0.099999 2.92114 0.205915 -2.40198 0 0 0.185403
0.514313 -0.521391 0.099999 2.92114 0.205915 -2.40198 0 0 0.18587
0.514311 -0.521382 0.099999 2.92114 0.205915 -2.40198 0 0 0.186338
0.51431 -0.521372 0.099999 2.92114 0.205915 -2.40198 0 0 0.186805
0.514309 -0.521363 0.099999 2.92114 0.205915 -2.40198 0 0 0.187272
0.514307 -0.521354 0.099999 2.92114 0.205915 -2.40198 0 0 0.18774
0.514306 -0.521345 0.099999 2.92114 0.205915 -2.40198 0 0 0.188207
0.514305 -0.521335 0.099999 2.92114 0.205915 -2.40198 0 0 0.188675
0.514304 -0.521326 0.099999 2.92114 0.205915 -2.40198 0 0 0.189142
0.514302 -0.521317 0.099999 2.92114 0.205915 -2.40198 0 0 0.18961
0.514301 -0.521308 0.099999 2.92114 0.205915 -2.40198 0 0 0.190077
0.5143 -0.521298 0.099999 2.92114 0.205915 -2.40198 0 0 0.190544
0.514298 -0.521289 0.099999 2.92114 0.205915 -2.40198 0 0 0.191012
0.514297 -0.52128 0.099999 2.92114 0.205915 -2.40198 0 0 0.191479
0.514296 -0.521271 0.099999 2.92114 0.205915 -2.40198 0 0 0.191947
0.514295 -0.521261 0.099999 2.92114 0.205915 -2.40198 0 0 0.192174
0.514294 -0.521252 0.099999 2.92114 0.205915 -2.40198 0 0 0.192337
0.514294 -0.521242 0.099999 2.92114 0.205915 -2.40198 0 0 0.192499
0.514293 -0.521233 0.099999 2.92114 0.205915 -2.40198 0 0 0.192662
0.514292 -0.521224 0.099999 2.92114 0.205915 -2.40198 0 0 0.192824
0.514292 -0.521214 0.099999 2.92114 0.205915 -2.40198 0 0 0.192987
0.514291 -0.521205 0.099999 2.92114 0.205915 -2.40198 0 0 0.193149
0.51429 -0.521195 0.099999 2.92114 0.205915 -2.40198 0 0 0.193312
0.51429 -0.521186 0.099999 2.92114 0.205915 -2.40198 0 0 0.193474
0.514289 -0.521177 0.099999 2.92114 0.205915 -2.40198 0 0 0.193637
0.514288 -0.521167 0.099999 2.92114 0.205915 -2.40198 0 0 0.1938
0.514288 -0.521158 0.099999 2.92114 0.205915 -2.40198 0 0 0.193962
0.514287 -0.521148 0.099999 2.92114 0.205915 -2.40198 0 0 0.194125
0.514287 -0.521139 0.099999 2.92114 0.205915 -2.40198 0 0 0.194287
0.514286 -0.52113 0.099999 2.92114 0.205915 -2.40198 0 0 0.19445
0.514285 -0.52112 0.099999 2.92114 0.205915 -2.40198 0 0 0.194612
0.514285 -0.521111 0.099999 2.92114 0.205915 -2.40198 0 0 0.194819
0.514284 -0.5211 0.099999 2.92114 0.205915 -2.40198 0 0 0.195187
0.514283 -0.52109 0.099999 2.92114 0.205915 -2.40198 0 0 0.195555
0.514282 -0.521079 0.099999 2.92114 0.205915 -2.40198 0 0 0.195923
0.514281 -0.521069 0.099999 2.92114 0.205915 -2.40198 0 0 0.196292
0.51428 -0.521058 0.099999 2.92114 0.205915 -2.40198 0 0 0.19666
0.514279 -0.521047 0.099999 2.92114 0.205915 -2.40198 0 0 0.197028
0.514278 -0.521037 0.099999 2.92114 0.205915 -2.40198 0 0 0.197396
0.514277 -0.521026 0.099999 2.92114 0.205915 -2.40198 0 0 0.197764
0.514277 -0.521016 0.099999 2.92114 0.205915 -2.40198 0 0 0.198132
0.514276 -0.521005 0.099999 2.92114 0.205915 -2.40198 0 0 0.1985
0.514275 -0.520995 0.099999 2.92114 0.205915 -2.40198 0 0 0.198869
0.514274 -0.520984 0.099999 2.92114 0.205915 -2.40198 0 0 0.199237
0.514273 -0.520974 0.099999 2.92114 0.205915 -2.40198 0 0 0.199605
0.514272 -0.520963 0.099999 2.92114 0.205915 -2.40198 0 0 0.199973
0.514271 -0.520953 0.099999 2.92114 0.205915 -2.40198 0 0 0.200341
0.51427 -0.520942 0.099999 2.92114 0.205915 -2.40198 0 0 0.200709
0.514269 -0.520932 0.099999 2.92114 0.205915 -2.40198 0 0 0.201078
0.514268 -0.520921 0.099999 2.92114 0.205915 -2.40198 0 0 0.201446
0.514268 -0.520911 0.099999 2.92114 0.205915 -2.40198 0 0 0.201814
0.514267 -0.5209 0.099999 2.92114 0.205915 -2.40198 0 0 0.202182
0.514266 -0.52089 0.099999 2.92114 0.205915 -2.40198 0 0 0.20255
0.514264 -0.520879 0.099999 2.92114 0.205915 -2.40198 0 0 0.202971
0.51426 -0.520866 0.099999 2.92114 0.205915 -2.40198 0 0 0.203791
0.514256 -0.520854 0.099999 2.92114 0.205915 -2.40198 0 0 0.20461
0.514252 -0.520841 0.099999 2.92114 0.205915 -2.40198 0 0 0.20543
0.514248 -0.520828 0.099999 2.92114 0.205915 -2.40198 0 0 0.206249
0.514244 -0.520816 0.099999 2.92114 0.205915 -2.40198 0 0 0.207068
0.51424 -0.520803 0.099999 2.92114 0.205915 -2.40198 0 0 0.207888
0.514236 -0.52079 0.099999 2.92114 0.205915 -2.40198 0 0 0.208707
0.514232 -0.520777 0.099999 2.92114 0.205915 -2.40198 0 0 0.209527
0.514228 -0.520765 0.099999 2.92114 0.205915 -2.40198 0 0 0.210346
0.514224 -0.520752 0.099999 2.92114 0.205915 -2.40198 0 0 0.211166
0.51422 -0.520739 0.099999 2.92114 0.205915 -2.40198 0 0 0.211985
0.514216 -0.520727 0.099999 2.92114 0.205915 -2.40198 0 0 0.212805
0.514212 -0.520714 0.099999 2.92114 0.205915 -2.40198 0 0 0.213624
0.514208 -0.520701 0.099999 2.92114 0.205915 -2.40198 0 0 0.214444
0.514203 -0.520689 0.099999 2.92114 0.205915 -2.40198 0 0 0.215263
0.514199 -0.520676 0.099999 2.92114 0.205915 -2.40198 0 0 0.216083
0.514194 -0.520662 0.099999 2.92114 0.205915 -2.40198 0 0 0.21705
0.514188 -0.520646 0.099999 2.92114 0.205915 -2.40198 0 0 0.218142
0.514181 -0.52063 0.099999 2.92114 0.205915 -2.40198 0 0 0.219233
0.514175 -0.520614 0.099999 2.92114 0.205915 -2.40198 0 0 0.220325
0.514169 -0.520598 0.099999 2.92114 0.205915 -2.40198 0 0 0.221416
0.514162 -0.520582 0.099999 2.92114 0.205915 -2.40198 0 0 0.222508
0.514156 -0.520566 0.099999 2.92114 0.205915 -2.40198 0 0 0.223599
0.51415 -0.52055 0.099999 2.92114 0.205915 -2.40198 0 0 0.224691
0.514143 -0.520534 0.099999 2.92114 0.205915 -2.40198 0 0 0.225782
0.514137 -0.520518 0.099999 2.92114 0.205915 -2.40198 0 0 0.226874
0.514131 -0.520502 0.099999 2.92114 0.205915 -2.40198 0 0 0.227966
0.514124 -0.520486 0.099999 2.92114 0.205915 -2.40198 0 0 0.229057
0.514118 -0.52047 0.099999 2.92114 0.205915 -2.40198 0 0 0.230149
0.514111 -0.520454 0.099999 2.92114 0.205915 -2.40198 0 0 0.23124
0.514105 -0.520438 0.099999 2.92114 0.205915 -2.40198 0 0 0.232332
0.514099 -0.520422 0.099999 2.92114 0.205915 -2.40198 0 0 0.233423
0.514092 -0.520406 0.099999 2.92114 0.205915 -2.40198 0 0 0.234515
0.514084 -0.520386 0.099999 2.92114 0.205915 -2.40198 0 0 0.235281
0.514075 -0.520365 0.099999 2.92114 0.205915 -2.40198 0 0 0.236038
0.514066 -0.520345 0.099999 2.92114 0.205915 -2.40198 0 0 0.236794
0.514057 -0.520325 0.099999 2.92114 0.205915 -2.40198 0 0 0.237551
0.514048 -0.520304 0.099999 2.92114 0.205915 -2.40198 0 0 0.238307
0.51404 -0.520284 0.099999 2.92114 0.205915 -2.40198 0 0 0.239064
0.514031 -0.520264 0.099999 2.92114 0.205915 -2.40198 0 0 0.239821
0.514022 -0.520243 0.099999 2.92114 0.205915 -2.40198 0 0 0.240577
0.514013 -0.520223 0.099999 2.92114 0.205915 -2.40198 0 0 0.241334
0.514004 -0.520202 0.099999 2.92114 0.205915 -2.40198 0 0 0.24209
0.513996 -0.520182 0.099999 2.92114 0.205915 -2.40198 0 0 0.242847
0.513987 -0.520162 0.099999 2.92114 0.205915 -2.40198 0 0 0.243604
0.513978 -0.520141 0.099999 2.92114 0.205915 -2.40198 0 0 0.24436
0.513969 -0.520121 0.099999 2.92114 0.205915 -2.40198 0 0 0.245117
0.51396 -0.520101 0.099999 2.92114 0.205915 -2.40198 0 0 0.245873
0.513951 -0.52008 0.099999 2.92114 0.205915 -2.40198 0 0 0.24663
0.513943 -0.52006 0.099999 2.92114 0.205915 -2.40198 0 0 0.247387
0.513934 -0.520039 0.099999 2.92114 0.205915 -2.40198 0 0 0.248143
0.513925 -0.520019 0.099999 2.92114 0.205915 -2.40198 0 0 0.2489
0.513916 -0.519999 0.099999 2.92114 0.205915 -2.40198 0 0 0.249656
0.513907 -0.519978 0.099999 2.92114 0.205915 -2.40198 0 0 0.250413
0.513899 -0.519958 0.099999 2.92114 0.205915 -2.40198 0 0 0.251169
0.513886 -0.519934 0.099999 2.92114 0.205915 -2.40198 0 0 0.252253
0.513873 -0.51991 0.099999 2.92114 0.205915 -2.40198 0 0 0.253384
0.513859 -0.519886 0.099999 2.92114 0.205915 -2.40198 0 0 0.254515
0.513846 -0.519863 0.099999 2.92114 0.205915 -2.40198 0 0 0.255646
0.513833 -0.519839 0.099999 2.92114 0.205915 -2.40198 0 0 0.256777
0.51382 -0.519815 0.099999 2.92114 0.205915 -2.40198 0 0 0.257908
0.513807 -0.519791 0.099999 2.92114 0.205915 -2.40198 0 0 0.259039
0.513793 -0.519767 0.099999 2.92114 0.205915 -2.40198 0 0 0.26017
0.51378 -0.519743 0.099999 2.92114 0.205915 -2.40198 0 0 0.261301
0.513767 -0.519719 0.099999 2.92114 0.205915 -2.40198 0 0 0.262432
0.513754 -0.519695 0.099999 2.92114 0.205915 -2.40198 0 0 0.263563
0.513741 -0.519671 0.099999 2.92114 0.205915 -2.40198 0 0 0.264694
0.513727 -0.519647 0.099999 2.92114 0.205915 -2.40198 0 0 0.265825
0.513714 -0.519623 0.099999 2.92114 0.205915 -2.40198 0 0 0.266956
0.513701 -0.519599 0.099999 2.92114 0.205915 -2.40198 0 0 0.268087
0.513688 -0.519575 0.099999 2.92114 0.205915 -2.40198 0 0 0.269218
0.513674 -0.519549 0.099999 2.92114 0.205915 -2.40198 0 0 0.270237
0.513659 -0.519519 0.099999 2.92114 0.205915 -2.40198 0 0 0.270996
0.513645 -0.519489 0.099999 2.92114 0.205915 -2.40198 0 0 0.271755
0.51363 -0.519458 0.099999 2.92114 0.205915 -2.40198 0 0 0.272514
0.513615 -0.519428 0.099999 2.92114 0.205915 -2.40198 0 0 0.273274
0.5136 -0.519398 0.099999 2.92114 0.205915 -2.40198 0 0 0.274033
0.513586 -0.519368 0.099999 2.92114 0.205915 -2.40198 0 0 0.274792
0.513571 -0.519338 0.099999 2.92114 0.205915 -2.40198 0 0 0.275551
0.513556 -0.519307 0.099999 2.92114 0.205915 -2.40198 0 0 0.27631
0.513541 -0.519277 0.099999 2.92114 0.205915 -2.40198 0 0 0.277069
0.513527 -0.519247 0.099999 2.92114 0.205915 -2.40198 0 0 0.277829
0.513512 -0.519217 0.099999 2.92114 0.205915 -2.40198 0 0 0.278588
0.513497 -0.519186 0.099999 2.92114 0.205915 -2.40198 0 0 0.279347
0.513482 -0.519156 0.099999 2.92114 0.205915 -2.40198 0 0 0.280106
0.513468 -0.519126 0.099999 2.92114 0.205915 -2.40198 0 0 0.280865
0.513453 -0.519096 0.099999 2.92114 0.205915 -2.40198 0 0 0.281624
0.513438 -0.519066 0.099999 2.92114 0.205915 -2.40198 0 0 0.282384
0.513423 -0.519032 0.099999 2.92114 0.205915 -2.40198 0 0 0.283076
0.513407 -0.518997 0.099999 2.92114 0.205915 -2.40198 0 0 0.283744
0.513391 -0.518962 0.099999 2.92114 0.205915 -2.40198 0 0 0.284412
0.513375 -0.518928 0.099999 2.92114 0.205915 -2.40198 0 0 0.28508
0.51336 -0.518893 0.099999 2.92114 0.205915 -2.40198 0 0 0.285748
0.513344 -0.518858 0.099999 2.92114 0.205915 -2.40198 0 0 0.286416
0.513328 -0.518823 0.099999 2.92114 0.205915 -2.40198 0 0 0.287084
0.513312 -0.518788 0.099999 2.92114 0.205915 -2.40198 0 0 0.287752
0.513297 -0.518753 0.099999 2.92114 0.205915 -2.40198 0 0 0.28842
0.513281 -0.518719 0.099999 2.92114 0.205915 -2.40198 0 0 0.289088
0.513265 -0.518684 0.099999 2.92114 0.205915 -2.40198 0 0 0.289756
0.513249 -0.518649 0.099999 2.92114 0.205915 -2.40198 0 0 0.290424
0.513234 -0.518614 0.099999 2.92114 0.205915 -2.40198 0 0 0.291092
0.513218 -0.518579 0.099999 2.92114 0.205915 -2.40198 0 0 0.29176
0.513202 -0.518545 0.099999 2.92114 0.205915 -2.40198 0 0 0.292428
0.513186 -0.51851 0.099999 2.92114 0.205915 -2.40198 0 0 0.293096
0.513171 -0.518475 0.099999 2.92114 0.205915 -2.40198 0 0 0.293764
0.513155 -0.51844 0.099999 2.92114 0.205915 -2.40198 0 0 0.294432
0.513139 -0.518405 0.099999 2.92114 0.205915 -2.40198 0 0 0.2951
0.513123 -0.51837 0.099999 2.92114 0.205915 -2.40198 0 0 0.295768
0.513108 -0.518336 0.099999 2.92114 0.205915 -2.40198 0 0 0.296437
0.513092 -0.518301 0.099999 2.92114 0.205915 -2.40198 0 0 0.297105
0.513075 -0.518265 0.099999 2.92114 0.205915 -2.40198 0 0 0.297644
0.513057 -0.518228 0.099999 2.92114 0.205915 -2.40198 0 0 0.298108
0.513039 -0.51819 0.099999 2.92114 0.205915 -2.40198 0 0 0.298572
0.513021 -0.518153 0.099999 2.92114 0.205915 -2.40198 0 0 0.299035
0.513003 -0.518116 0.099999 2.92114 0.205915 -2.40198 0 0 0.299499
0.512985 -0.518079 0.099999 2.92114 0.205915 -2.40198 0 0 0.299963
0.512967 -0.518042 0.099999 2.92114 0.205915 -2.40198 0 0 0.300427
0.512949 -0.518005 0.099999 2.92114 0.205915 -2.40198 0 0 0.300891
0.512931 -0.517968 0.099999 2.92114 0.205915 -2.40198 0 0 0.301355
0.512913 -0.517931 0.099999 2.92114 0.205915 -2.40198 0 0 0.301819
0.512895 -0.517894 0.099999 2.92114 0.205915 -2.40198 0 0 0.302283
0.512877 -0.517857 0.099999 2.92114 0.205915 -2.40198 0 0 0.302747
0.512859 -0.51782 0.099999 2.92114 0.205915 -2.40198 0 0 0.303211
0.512841 -0.517783 0.099999 2.92114 0.205915 -2.40198 0 0 0.303674
0.512823 -0.517746 0.099999 2.92114 0.205915 -2.40198 0 0 0.304138
0.512806 -0.517709 0.099999 2.92114 0.205915 -2.40198 0 0 0.304602
0.512787 -0.517671 0.099999 2.92114 0.205915 -2.40198 0 0 0.305044
0.512769 -0.51763 0.099999 2.92114 0.205915 -2.40198 0 0 0.305121
0.51275 -0.517589 0.099999 2.92114 0.205915 -2.40198 0 0 0.305199
0.512731 -0.517548 0.099999 2.92114 0.205915 -2.40198 0 0 0.305276
0.512712 -0.517507 0.099999 2.92114 0.205915 -2.40198 0 0 0.305354
0.512693 -0.517465 0.099999 2.92114 0.205915 -2.40198 0 0 0.305431
0.512674 -0.517424 0.099999 2.92114 0.205915 -2.40198 0 0 0.305508
0.512655 -0.517383 0.099999 2.92114 0.205915 -2.40198 0 0 0.305586
0.512636 -0.517342 0.099999 2.92114 0.205915 -2.40198 0 0 0.305663
0.512617 -0.5173 0.099999 2.92114 0.205915 -2.40198 0 0 0.305741
0.512598 -0.517259 0.099999 2.92114 0.205915 -2.40198 0 0 0.305818
0.512579 -0.517218 0.099999 2.92114 0.205915 -2.40198 0 0 0.305896
0.51256 -0.517177 0.099999 2.92114 0.205915 -2.40198 0 0 0.305973
0.512541 -0.517135 0.099999 2.92114 0.205915 -2.40198 0 0 0.306051
0.512522 -0.517094 0.099999 2.92114 0.205915 -2.40198 0 0 0.306128
0.512503 -0.517053 0.099999 2.92114 0.205915 -2.40198 0 0 0.306206
0.512484 -0.517012 0.099999 2.92114 0.205915 -2.40198 0 0 0.306283
0.512464 -0.516969 0.099999 2.92114 0.205915 -2.40198 0 0 0.306018
0.512443 -0.516924 0.099999 2.92114 0.205915 -2.40198 0 0 0.305389
0.512423 -0.516879 0.099999 2.92114 0.205915 -2.40198 0 0 0.30476
0.512402 -0.516834 0.099999 2.92114 0.205915 -2.40198 0 0 0.30413
0.512381 -0.516789 0.099999 2.92114 0.205915 -2.40198 0 0 0.303501
0.512361 -0.516744 0.099999 2.92114 0.205915 -2.40198 0 0 0.302872
0.51234 -0.516699 0.099999 2.92114 0.205915 -2.40198 0 0 0.302243
0.512319 -0.516654 0.099999 2.92114 0.205915 -2.40198 0 0 0.301614
0.512299 -0.516609 0.099999 2.92114 0.205915 -2.40198 0 0 0.300985
0.512278 -0.516565 0.099999 2.92114 0.205915 -2.40198 0 0 0.300356
0.512257 -0.51652 0.099999 2.92114 0.205915 -2.40198 0 0 0.299727
0.512237 -0.516475 0.099999 2.92114 0.205915 -2.40198 0 0 0.299098
0.512216 -0.51643 0.099999 2.92114 0.205915 -2.40198 0 0 0.298469
0.512195 -0.516385 0.099999 2.92114 0.205915 -2.40198 0 0 0.29784
0.512175 -0.51634 0.099999 2.92114 0.205915 -2.40198 0 0 0.297211
0.512154 -0.516295 0.099999 2.92114 0.205915 -2.40198 0 0 0.296582
0.512133 -0.51625 0.099999 2.92114 0.205915 -2.40198 0 0 0.295952
0.512113 -0.516205 0.099999 2.92114 0.205915 -2.40198 0 0 0.295323
0.512092 -0.51616 0.099999 2.92114 0.205915 -2.40198 0 0 0.294694
0.512071 -0.516116 0.099999 2.92114 0.205915 -2.40198 0 0 0.294065
0.512051 -0.516071 0.099999 2.92114 0.205915 -2.40198 0 0 0.293436
0.51203 -0.516026 0.099999 2.92114 0.205915 -2.40198 0 0 0.292807
0.512009 -0.51598 0.099999 2.92114 0.205915 -2.40198 0 0 0.292237
0.511988 -0.515932 0.099999 2.92114 0.205915 -2.40198 0 0 0.291761
0.511967 -0.515885 0.099999 2.92114 0.205915 -2.40198 0 0 0.291285
0.511946 -0.515838 0.099999 2.92114 0.205915 -2.40198 0 0 0.290809
0.511925 -0.51579 0.099999 2.92114 0.205915 -2.40198 0 0 0.290333
0.511904 -0.515743 0.099999 2.92114 0.205915 -2.40198 0 0 0.289856
0.511883 -0.515695 0.099999 2.92114 0.205915 -2.40198 0 0 0.28938
0.511862 -0.515648 0.099999 2.92114 0.205915 -2.40198 0 0 0.288904
0.511841 -0.5156 0.099999 2.92114 0.205915 -2.40198 0 0 0.288428
0.51182 -0.515553 0.099999 2.92114 0.205915 -2.40198 0 0 0.287952
0.511799 -0.515506 0.099999 2.92114 0.205915 -2.40198 0 0 0.287475
0.511778 -0.515458 0.099999 2.92114 0.205915 -2.40198 0 0 0.286999
0.511757 -0.515411 0.099999 2.92114 0.205915 -2.40198 0 0 0.286523
0.511736 -0.515363 0.099999 2.92114 0.205915 -2.40198 0 0 0.286047
0.511715 -0.515316 0.099999 2.92114 0.205915 -2.40198 0 0 0.285571
0.511694 -0.515268 0.099999 2.92114 0.205915 -2.40198 0 0 0.285094
0.511673 -0.515221 0.099999 2.92114 0.205915 -2.40198 0 0 0.284618
0.511651 -0.515173 0.099999 2.92114 0.205915 -2.40198 0 0 0.28402
0.511629 -0.515125 0.099999 2.92114 0.205915 -2.40198 0 0 0.283393
0.511606 -0.515076 0.099999 2.92114 0.205915 -2.40198 0 0 0.282766
0.511583 -0.515028 0.099999 2.92114 0.205915 -2.40198 0 0 0.28214
0.511561 -0.51498 0.099999 2.92114 0.205915 -2.40198 0 0 0.281513
0.511538 -0.514932 0.099999 2.92114 0.205915 -2.40198 0 0 0.280887
0.511516 -0.514883 0.099999 2.92114 0.205915 -2.40198 0 0 0.28026
0.511493 -0.514835 0.099999 2.92114 0.205915 -2.40198 0 0 0.279634
0.51147 -0.514787 0.099999 2.92114 0.205915 -2.40198 0 0 0.279007
0.511448 -0.514738 0.099999 2.92114 0.205915 -2.40198 0 0 0.27838
0.511425 -0.51469 0.099999 2.92114 0.205915 -2.40198 0 0 0.277754
0.511403 -0.514642 0.099999 2.92114 0.205915 -2.40198 0 0 0.277127
0.51138 -0.514594 0.099999 2.92114 0.205915 -2.40198 0 0 0.276501
0.511358 -0.514545 0.099999 2.92114 0.205915 -2.40198 0 0 0.275874
0.511335 -0.514497 0.099999 2.92114 0.205915 -2.40198 0 0 0.275248
0.511312 -0.514449 0.099999 2.92114 0.205915 -2.40198 0 0 0.274621
0.511289 -0.5144 0.099999 2.92114 0.205915 -2.40198 0 0 0.274063
0.511265 -0.51435 0.099999 2.92114 0.205915 -2.40198 0 0 0.27372
0.51124 -0.514299 0.099999 2.92114 0.205915 -2.40198 0 0 0.273376
0.511215 -0.514249 0.099999 2.92114 0.205915 -2.40198 0 0 0.273033
0.511191 -0.514198 0.099999 2.92114 0.205915 -2.40198 0 0 0.27269
0.511166 -0.514148 0.099999 2.92114 0.205915 -2.40198 0 0 0.272347
0.511141 -0.514097 0.099999 2.92114 0.205915 -2.40198 0 0 0.272003
0.511117 -0.514047 0.099999 2.92114 0.205915 -2.40198 0 0 0.27166
0.511092 -0.513996 0.099999 2.92114 0.205915 -2.40198 0 0 0.271317
0.511067 -0.513946 0.099999 2.92114 0.205915 -2.40198 0 0 0.270973
0.511043 -0.513896 0.099999 2.92114 0.205915 -2.40198 0 0 0.27063
0.511018 -0.513845 0.099999 2.92114 0.205915 -2.40198 0 0 0.270287
0.510993 -0.513795 0.099999 2.92114 0.205915 -2.40198 0 0 0.269944
0.510969 -0.513744 0.099999 2.92114 0.205915 -2.40198 0 0 0.2696
0.510944 -0.513694 0.099999 2.92114 0.205915 -2.40198 0 0 0.269257
0.510919 -0.513643 0.099999 2.92114 0.205915 -2.40198 0 0 0.268914
0.510894 -0.513593 0.099999 2.92114 0.205915 -2.40198 0 0 0.268571
0.51087 -0.513542 0.099999 2.92114 0.205915 -2.40198 0 0 0.268227
0.510845 -0.513492 0.099999 2.92114 0.205915 -2.40198 0 0 0.267884
0.51082 -0.513441 0.099999 2.92114 0.205915 -2.40198 0 0 0.267541
0.510796 -0.513391 0.099999 2.92114 0.205915 -2.40198 0 0 0.267197
0.510771 -0.513341 0.099999 2.92114 0.205915 -2.40198 0 0 0.266854
0.510746 -0.51329 0.099999 2.92114 0.205915 -2.40198 0 0 0.26648
0.510719 -0.513236 0.099999 2.92114 0.205915 -2.40198 0 0 0.265925
0.510692 -0.513182 0.099999 2.92114 0.205915 -2.40198 0 0 0.26537
0.510665 -0.513128 0.099999 2.92114 0.205915 -2.40198 0 0 0.264814
0.510638 -0.513074 0.099999 2.92114 0.205915 -2.40198 0 0 0.264259
0.510611 -0.513021 0.099999 2.92114 0.205915 -2.40198 0 0 0.263704
0.510584 -0.512967 0.099999 2.92114 0.205915 -2.40198 0 0 0.263149
0.510557 -0.512913 0.099999 2.92114 0.205915 -2.40198 0 0 0.262593
0.51053 -0.512859 0.099999 2.92114 0.205915 -2.40198 0 0 0.262038
0.510503 -0.512805 0.099999 2.92114 0.205915 -2.40198 0 0 0.261483
0.510476 -0.512752 0.099999 2.92114 0.205915 -2.40198 0 0 0.260928
0.510449 -0.512698 0.099999 2.92114 0.205915 -2.40198 0 0 0.260372
0.510422 -0.512644 0.099999 2.92114 0.205915 -2.40198 0 0 0.259817
0.510395 -0.51259 0.099999 2.92114 0.205915 -2.40198 0 0 0.259262
0.510368 -0.512536 0.099999 2.92114 0.205915 -2.40198 0 0 0.258707
0.510341 -0.512483 0.099999 2.92114 0.205915 -2.40198 0 0 0.258151
0.510314 -0.512429 0.099999 2.92114 0.205915 -2.40198 0 0 0.257596
0.510285 -0.512373 0.099999 2.92114 0.205915 -2.40198 0 0 0.2571
0.510255 -0.512316 0.099999 2.92114 0.205915 -2.40198 0 0 0.256649
0.510224 -0.512259 0.099999 2.92114 0.205915 -2.40198 0 0 0.256198
0.510193 -0.512202 0.099999 2.92114 0.205915 -2.40198 0 0 0.255747
0.510163 -0.512146 0.099999 2.92114 0.205915 -2.40198 0 0 0.255296
0.510132 -0.512089 0.099999 2.92114 0.205915 -2.40198 0 0 0.254845
0.510101 -0.512032 0.099999 2.92114 0.205915 -2.40198 0 0 0.254394
0.510071 -0.511975 0.099999 2.92114 0.205915 -2.40198 0 0 0.253943
0.51004 -0.511918 0.099999 2.92114 0.205915 -2.40198 0 0 0.253492
0.510009 -0.511861 0.099999 2.92114 0.205915 -2.40198 0 0 0.253041
0.509979 -0.511804 0.099999 2.92114 0.205915 -2.40198 0 0 0.25259
0.509948 -0.511747 0.099999 2.92114 0.205915 -2.40198 0 0 0.252138
0.509918 -0.511691 0.099999 2.92114 0.205915 -2.40198 0 0 0.251687
0.509887 -0.511634 0.099999 2.92114 0.205915 -2.40198 0 0 0.251236
0.509856 -0.511577 0.099999 2.92114 0.205915 -2.40198 0 0 0.250785
0.509826 -0.51152 0.099999 2.92114 0.205915 -2.40198 0 0 0.250334
0.509795 -0.511463 0.099999 2.92114 0.205915 -2.40198 0 0 0.249883
0.509763 -0.511404 0.099999 2.92114 0.205915 -2.40198 0 0 0.249977
0.50973 -0.511344 0.099999 2.92114 0.205915 -2.40198 0 0 0.250071
0.509698 -0.511285 0.099999 2.92114 0.205915 -2.40198 0 0 0.250165
0.509665 -0.511226 0.099999 2.92114 0.205915 -2.40198 0 0 0.250259
0.509633 -0.511166 0.099999 2.92114 0.205915 -2.40198 0 0 0.250353
0.509601 -0.511107 0.099999 2.92114 0.205915 -2.40198 0 0 0.250447
0.509568 -0.511047 0.099999 2.92114 0.205915 -2.40198 0 0 0.250541
0.509536 -0.510988 0.099999 2.92114 0.205915 -2.40198 0 0 0.250635
0.509503 -0.510929 0.099999 2.92114 0.205915 -2.40198 0 0 0.250729
0.509471 -0.510869 0.099999 2.92114 0.205915 -2.40198 0 0 0.250823
0.509439 -0.51081 0.099999 2.92114 0.205915 -2.40198 0 0 0.250917
0.509406 -0.510751 0.099999 2.92114 0.205915 -2.40198 0 0 0.251011
0.509374 -0.510691 0.099999 2.92114 0.205915 -2.40198 0 0 0.251105
0.509341 -0.510632 0.099999 2.92114 0.205915 -2.40198 0 0 0.251199
0.509309 -0.510572 0.099999 2.92114 0.205915 -2.40198 0 0 0.251293
0.509277 -0.510513 0.099999 2.92114 0.205915 -2.40198 0 0 0.251388
0.509244 -0.510454 0.099999 2.92114 0.205915 -2.40198 0 0 0.251482
0.509212 -0.510394 0.099999 2.92114 0.205915 -2.40198 0 0 0.251576
0.50918 -0.510335 0.099999 2.92114 0.205915 -2.40198 0 0 0.25167
0.509147 -0.510276 0.099999 2.92114 0.205915 -2.40198 0 0 0.251764
0.509115 -0.510216 0.099999 2.92114 0.205915 -2.40198 0 0 0.251858
0.509082 -0.510157 0.099999 2.92114 0.205915 -2.40198 0 0 0.251952
0.509049 -0.510095 0.099999 2.92114 0.205915 -2.40198 0 0 0.252656
0.509016 -0.510034 0.099999 2.92114 0.205915 -2.40198 0 0 0.253427
0.508982 -0.509972 0.099999 2.92114 0.205915 -2.40198 0 0 0.254198
0.508949 -0.509911 0.099999 2.92114 0.205915 -2.40198 0 0 0.254969
0.508915 -0.509849 0.099999 2.92114 0.205915 -2.40198 0 0 0.25574
0.508882 -0.509788 0.099999 2.92114 0.205915 -2.40198 0 0 0.256511
0.508848 -0.509726 0.099999 2.92114 0.205915 -2.40198 0 0 0.257282
0.508815 -0.509665 0.099999 2.92114 0.205915 -2.40198 0 0 0.258053
0.508781 -0.509603 0.099999 2.92114 0.205915 -2.40198 0 0 0.258824
0.508748 -0.509541 0.099999 2.92114 0.205915 -2.40198 0 0 0.259595
0.508714 -0.50948 0.099999 2.92114 0.205915 -2.40198 0 0 0.260366
0.508681 -0.509418 0.099999 2.92114 0.205915 -2.40198 0 0 0.261136
0.508647 -0.509357 0.099999 2.92114 0.205915 -2.40198 0 0 0.261907
0.508614 -0.509295 0.099999 2.92114 0.205915 -2.40198 0 0 0.262678
0.50858 -0.509234 0.099999 2.92114 0.205915 -2.40198 0 0 0.263449
0.508547 -0.509172 0.099999 2.92114 0.205915 -2.40198 0 0 0.26422
0.508513 -0.50911 0.099999 2.92114 0.205915 -2.40198 0 0 0.265078
0.508478 -0.509048 0.099999 2.92114 0.205915 -2.40198 0 0 0.266112
0.508444 -0.508986 0.099999 2.92114 0.205915 -2.40198 0 0 0.267147
0.508409 -0.508924 0.099999 2.92114 0.205915 -2.40198 0 0 0.268181
0.508375 -0.508862 0.099999 2.92114 0.205915 -2.40198 0 0 0.269216
0.50834 -0.5088 0.099999 2.92114 0.205915 -2.40198 0 0 0.27025
0.508306 -0.508737 0.099999 2.92114 0.205915 -2.40198 0 0 0.271284
0.508271 -0.508675 0.099999 2.92114 0.205915 -2.40198 0 0 0.272319
0.508237 -0.508613 0.099999 2.92114 0.205915 -2.40198 0 0 0.273353
0.508202 -0.508551 0.099999 2.92114 0.205915 -2.40198 0 0 0.274388
0.508168 -0.508489 0.099999 2.92114 0.205915 -2.40198 0 0 0.275422
0.508133 -0.508427 0.099999 2.92114 0.205915 -2.40198 0 0 0.276457
0.508099 -0.508364 0.099999 2.92114 0.205915 -2.40198 0 0 0.277491
0.508064 -0.508302 0.099999 2.92114 0.205915 -2.40198 0 0 0.278526
0.50803 -0.50824 0.099999 2.92114 0.205915 -2.40198 0 0 0.27956
0.507995 -0.508178 0.099999 2.92114 0.205915 -2.40198 0 0 0.280595
0.507961 -0.508116 0.099999 2.92114 0.205915 -2.40198 0 0 0.281629
0.507926 -0.508055 0.099999 2.92114 0.205915 -2.40198 0 0 0.28387
0.50789 -0.507995 0.099999 2.92114 0.205915 -2.40198 0 0 0.286502
0.507855 -0.507935 0.099999 2.92114 0.205915 -2.40198 0 0 0.289133
0.50782 -0.507876 0.099999 2.92114 0.205915 -2.40198 0 0 0.291765
0.507785 -0.507816 0.099999 2.92114 0.205915 -2.40198 0 0 0.294396
0.507749 -0.507756 0.099999 2.92114 0.205915 -2.40198 0 0 0.297027
0.507714 -0.507696 0.099999 2.92114 0.205915 -2.40198 0 0 0.299659
0.507679 -0.507636 0.099999 2.92114 0.205915 -2.40198 0 0 0.30229
0.507643 -0.507576 0.099999 2.92114 0.205915 -2.40198 0 0 0.304922
0.507608 -0.507516 0.099999 2.92114 0.205915 -2.40198 0 0 0.307553
0.507573 -0.507456 0.099999 2.92114 0.205915 -2.40198 0 0 0.310184
0.507538 -0.507396 0.099999 2.92114 0.205915 -2.40198 0 0 0.312816
0.507502 -0.507336 0.099999 2.92114 0.205915 -2.40198 0 0 0.315447
0.507467 -0.507277 0.099999 2.92114 0.205915 -2.40198 0 0 0.318079
0.507432 -0.507217 0.099999 2.92114 0.205915 -2.40198 0 0 0.32071
0.507396 -0.507157 0.099999 2.92114 0.205915 -2.40198 0 0 0.323341
0.507361 -0.507097 0.099999 2.92114 0.205915 -2.40198 0 0 0.325973
0.507326 -0.507037 0.099999 2.92114 0.205915 -2.40198 0 0 0.328604
0.507291 -0.506977 0.099999 2.92114 0.205915 -2.40198 0 0 0.331236
0.507255 -0.506917 0.099999 2.92114 0.205915 -2.40198 0 0 0.333867
0.50722 -0.506857 0.099999 2.92114 0.205915 -2.40198 0 0 0.336498
0.507185 -0.506797 0.099999 2.92114 0.205915 -2.40198 0 0 0.33913
0.507152 -0.506738 0.099999 2.92114 0.205915 -2.40198 0 0 0.343541
0.507119 -0.50668 0.099999 2.92114 0.205915 -2.40198 0 0 0.348875
0.507087 -0.506621 0.099999 2.92114 0.205915 -2.40198 0 0 0.35421
0.507055 -0.506562 0.099999 2.92114 0.205915 -2.40198 0 0 0.359544
0.507023 -0.506504 0.099999 2.92114 0.205915 -2.40198 0 0 0.364878
0.506991 -0.506445 0.099999 2.92114 0.205915 -2.40198 0 0 0.370212
0.506959 -0.506386 0.099999 2.92114 0.205915 -2.40198 0 0 0.375546
0.506927 -0.506328 0.099999 2.92114 0.205915 -2.40198 0 0 0.38088
0.506895 -0.506269 0.099999 2.92114 0.205915 -2.40198 0 0 0.386214
0.506862 -0.50621 0.099999 2.92114 0.205915 -2.40198 0 0 0.391549
0.50683 -0.506152 0.099999 2.92114 0.205915 -2.40198 0 0 0.396883
0.506798 -0.506093 0.099999 2.92114 0.205915 -2.40198 0 0 0.402217
0.506766 -0.506034 0.099999 2.92114 0.205915 -2.40198 0 0 0.407551
0.506734 -0.505976 0.099999 2.92114 0.205915 -2.40198 0 0 0.412885
0.506702 -0.505917 0.099999 2.92114 0.205915 -2.40198 0 0 0.418219
0.50667 -0.505858 0.099999 2.92114 0.205915 -2.40198 0 0 0.423554
0.506638 -0.5058 0.099999 2.92114 0.205915 -2.40198 0 0 0.42904
0.50661 -0.505744 0.099999 2.92114 0.205915 -2.40198 0 0 0.436151
0.506581 -0.505688 0.099999 2.92114 0.205915 -2.40198 0 0 0.443262
0.506553 -0.505632 0.099999 2.92114 0.205915 -2.40198 0 0 0.450373
0.506525 -0.505576 0.099999 2.92114 0.205915 -2.40198 0 0 0.457484
0.506497 -0.50552 0.099999 2.92114 0.205915 -2.40198 0 0 0.464595
0.506469 -0.505464 0.099999 2.92114 0.205915 -2.40198 0 0 0.471706
0.50644 -0.505408 0.099999 2.92114 0.205915 -2.40198 0 0 0.478817
0.506412 -0.505352 0.099999 2.92114 0.205915 -2.40198 0 0 0.485928
0.506384 -0.505296 0.099999 2.92114 0.205915 -2.40198 0 0 0.493039
0.506356 -0.50524 0.099999 2.92114 0.205915 -2.40198 0 0 0.50015
0.506328 -0.505184 0.099999 2.92114 0.205915 -2.40198 0 0 0.507261
0.5063 -0.505128 0.099999 2.92114 0.205915 -2.40198 0 0 0.514372
0.506271 -0.505072 0.099999 2.92114 0.205915 -2.40198 0 0 0.521482
0.506243 -0.505016 0.099999 2.92114 0.205915 -2.40198 0 0 0.528593
0.506215 -0.50496 0.099999 2.92114 0.205915 -2.40198 0 0 0.535704
0.506187 -0.504904 0.099999 2.92114 0.205915 -2.40198 0 0 0.542815
0.506159 -0.504849 0.099999 2.92114 0.205915 -2.40198 0 0 0.550321
0.506132 -0.504797 0.099999 2.92114 0.205915 -2.40198 0 0 0.558203
0.506104 -0.504744 0.099999 2.92114 0.205915 -2.40198 0 0 0.566084
0.506077 -0.504691 0.099999 2.92114 0.205915 -2.40198 0 0 0.573966
0.50605 -0.504638 0.099999 2.92114 0.205915 -2.40198 0 0 0.581847
0.506022 -0.504586 0.099999 2.92114 0.205915 -2.40198 0 0 0.589729
0.505995 -0.504533 0.099999 2.92114 0.205915 -2.40198 0 0 0.59761
0.505967 -0.50448 0.099999 2.9212 0.205865 -2.40196 0 0 0.605491
0.50594 -0.504428 0.099999 2.9216 0.205534 -2.4018 0 0 0.613373
0.505913 -0.504375 0.099999 2.92202 0.205197 -2.40164 0 0 0.621254
0.505885 -0.504322 0.099999 2.92243 0.20486 -2.40148 0 0 0.629136
0.505858 -0.504269 0.099999 2.92284 0.204523 -2.40131 0 0 0.637017
0.505831 -0.504217 0.099999 2.92325 0.204192 -2.40116 0 0 0.644899
0.505803 -0.504164 0.099999 2.92366 0.203854 -2.401 0 0 0.65278
0.505776 -0.504111 0.099999 2.92407 0.203516 -2.40084 0 0 0.660662
0.505748 -0.504059 0.099999 2.92448 0.203185 -2.40068 0 0 0.668543
0.505721 -0.504006 0.099999 2.92489 0.202847 -2.40052 0 0 0.676424
0.505694 -0.503953 0.099999 2.9253 0.202509 -2.40036 0 0 0.684306
0.505666 -0.5039 0.099999 2.92572 0.20217 -2.4002 0 0 0.692187
0.505639 -0.503848 0.099999 2.92612 0.201838 -2.40004 0 0 0.700069
0.505611 -0.503795 0.099999 2.92653 0.2015 -2.39988 0 0 0.70795
0.505584 -0.503742 0.099999 2.92694 0.201161 -2.39973 0 0 0.715832
0.505558 -0.503691 0.099999 2.92734 0.200835 -2.39957 0 0 0.723838
0.505534 -0.50364 0.099999 2.92774 0.200509 -2.39942 0 0 0.73202
0.505509 -0.50359 0.099999 2.92812 0.200189 -2.39927 0 0 0.740202
0.505485 -0.503539 0.099999 2.92852 0.199863 -2.39912 0 0 0.748384
0.505461 -0.503489 0.099999 2.92891 0.199542 -2.39897 0 0 0.756566
0.505437 -0.503439 0.099999 2.9293 0.199222 -2.39883 0 0 0.764749
0.505412 -0.503388 0.099999 2.92969 0.198895 -2.39868 0 0 0.772931
0.505388 -0.503338 0.099999 2.93008 0.198575 -2.39853 0 0 0.781113
0.505364 -0.503288 0.099999 2.93047 0.198254 -2.39838 0 0 0.789295
0.50534 -0.503237 0.099999 2.93086 0.197927 -2.39823 0 0 0.797477
0.505315 -0.503187 0.099999 2.93125 0.197606 -2.39808 0 0 0.805659
0.505291 -0.503137 0.099999 2.93164 0.197285 -2.39794 0 0 0.813841
0.505267 -0.503086 0.099999 2.93203 0.196957 -2.39779 0 0 0.822023
0.505242 -0.503036 0.099999 2.93242 0.196636 -2.39764 0 0 0.830205
0.505218 -0.502985 0.099999 2.93281 0.196308 -2.3975 0 0 0.838388
0.505194 -0.502935 0.099999 2.9332 0.195987 -2.39735 0 0 0.84657
0.50517 -0.502885 0.099999 2.93359 0.195665 -2.39721 0 0 0.854752
0.505147 -0.502837 0.099999 2.93396 0.195357 -2.39707 0 0 0.86318
0.505124 -0.50279 0.099999 2.93432 0.195054 -2.39693 0 0 0.871655
0.505102 -0.502743 0.099999 2.93469 0.194751 -2.39679 0 0 0.88013
0.505079 -0.502696 0.099999 2.93505 0.194449 -2.39666 0 0 0.888605
0.505057 -0.502649 0.099999 2.93541 0.194146 -2.39652 0 0 0.897079
0.505034 -0.502602 0.099999 2.93577 0.193843 -2.39639 0 0 0.905554
0.505012 -0.502555 0.099999 2.93614 0.19354 -2.39625 0 0 0.914029
0.50499 -0.502509 0.099999 2.93649 0.193243 -2.39612 0 0 0.922503
0.504967 -0.502462 0.099999 2.93686 0.19294 -2.39599 0 0 0.930978
0.504945 -0.502415 0.099999 2.93722 0.192637 -2.39585 0 0 0.939453
0.504922 -0.502368 0.099999 2.93758 0.192333 -2.39572 0 0 0.947928
0.5049 -0.502321 0.099999 2.93794 0.19203 -2.39559 0 0 0.956402
0.504877 -0.502274 0.099999 2.9383 0.191726 -2.39545 0 0 0.964877
0.504855 -0.502227 0.099999 2.93867 0.191422 -2.39532 0 0 0.973352
0.504832 -0.50218 0.099999 2.93903 0.191118 -2.39519 0 0 0.981826
0.50481 -0.502133 0.099999 2.93939 0.190815 -2.39506 0 0 0.990301
0.504788 -0.502087 0.099999 2.93974 0.190517 -2.39493 0 0 0.999129
0.504767 -0.502044 0.099999 2.94008 0.190239 -2.39481 0 0 1.00892
0.504747 -0.502002 0.099999 2.9404 0.189967 -2.39469 0 0 1.0187
0.504726 -0.501959 0.099999 2.94073 0.189688 -2.39457 0 0 1.02849
0.504706 -0.501916 0.099999 2.94106 0.18941 -2.39445 0 0 1.03827
0.504686 -0.501874 0.099999 2.94138 0.189138 -2.39433 0 0 1.04806
0.504665 -0.501831 0.099999 2.94171 0.188859 -2.39421 0 0 1.05784
0.504645 -0.501788 0.099999 2.94204 0.188581 -2.39409 0 0 1.06763
0.504624 -0.501746 0.099999 2.94237 0.188308 -2.39397 0 0 1.07741
0.504604 -0.501703 0.099999 2.9427 0.188029 -2.39385 0 0 1.0872
0.504583 -0.50166 0.099999 2.94303 0.18775 -2.39373 0 0 1.09698
0.504563 -0.501618 0.099999 2.94335 0.187478 -2.39362 0 0 1.10677
0.504542 -0.501575 0.099999 2.94368 0.187199 -2.3935 0 0 1.11655
0.504522 -0.501532 0.099999 2.94401 0.18692 -2.39338 0 0 1.12634
0.504502 -0.50149 0.099999 2.94433 0.186647 -2.39326 0 0 1.13612
0.504481 -0.501447 0.099999 2.94466 0.186367 -2.39315 0 0 1.14591
0.504461 -0.501404 0.099999 2.94499 0.186088 -2.39303 0 0 1.15569
0.50444 -0.501362 0.099999 2.94531 0.185815 -2.39291 0 0 1.16548
0.50442 -0.501319 0.099999 2.94564 0.185535 -2.3928 0 0 1.17527
0.504399 -0.501276 0.099999 2.94597 0.185256 -2.39268 0 0 1.18505
0.504379 -0.501234 0.099999 2.9463 0.184982 -2.39256 0 0 1.19484
0.504359 -0.501191 0.099999 2.94662 0.184703 -2.39245 0 0 1.20462
0.504338 -0.501148 0.099999 2.94695 0.184423 -2.39233 0 0 1.21457
0.50432 -0.501108 0.099999 2.94726 0.184162 -2.39222 0 0 1.22531
0.504302 -0.501067 0.099999 2.94757 0.183895 -2.39211 0 0 1.23604
0.504283 -0.501026 0.099999 2.94789 0.183628 -2.392 0 0 1.24677
0.504265 -0.500985 0.099999 2.9482 0.183361 -2.39189 0 0 1.25751
0.504247 -0.500944 0.099999 2.94851 0.183094 -2.39178 0 0 1.26824
0.504228 -0.500903 0.099999 2.94883 0.182826 -2.39167 0 0 1.27898
0.50421 -0.500862 0.099999 2.94914 0.182559 -2.39156 0 0 1.28971
0.504191 -0.500821 0.099999 2.94945 0.182292 -2.39145 0 0 1.30045
0.504173 -0.50078 0.099999 2.94977 0.182024 -2.39134 0 0 1.31118
0.504155 -0.500739 0.099999 2.95008 0.181757 -2.39123 0 0 1.32191
0.504136 -0.500698 0.099999 2.95039 0.181489 -2.39112 0 0 1.33265
0.504118 -0.500657 0.099999 2.95071 0.181221 -2.39101 0 0 1.34338
0.5041 -0.500616 0.099999 2.95102 0.180953 -2.3909 0 0 1.35412
0.504081 -0.500576 0.099999 2.95133 0.180692 -2.39079 0 0 1.36485
0.504063 -0.500535 0.099999 2.95164 0.180424 -2.39068 0 0 1.37559
0.504045 -0.500494 0.099999 2.95195 0.180156 -2.39057 0 0 1.38632
0.504027 -0.500455 0.099999 2.95225 0.179901 -2.39047 0 0 1.39759
0.50401 -0.500418 0.099999 2.95253 0.179659 -2.39037 0 0 1.40922
0.503993 -0.50038 0.099999 2.95282 0.179411 -2.39027 0 0 1.42086
0.503976 -0.500343 0.099999 2.9531 0.179169 -2.39018 0 0 1.43249
0.503959 -0.500305 0.099999 2.95339 0.17892 -2.39008 0 0 1.44412
0.503942 -0.500268 0.099999 2.95367 0.178678 -2.38998 0 0 1.45575
0.503925 -0.500231 0.099999 2.95396 0.178436 -2.38988 0 0 1.46738
0.503908 -0.500193 0.099999 2.95425 0.178187 -2.38978 0 0 1.47902
0.503891 -0.500156 0.099999 2.95453 0.177945 -2.38969 0 0 1.49065
0.503874 -0.500119 0.099999 2.95481 0.177702 -2.38959 0 0 1.50228
0.503857 -0.500081 0.099999 2.82542 0.27695 -2.44541 0 0 1.51391
0.503839 -0.500044 0.099999 2.82517 0.277121 -2.44554 0 0 1.52554
0.503822 -0.500006 0.099999 2.8249 0.277296 -2.44567 0 0 1.53718
0.503805 -0.499969 0.0110232 1.59299 0.0221766 -3.1411 0 0 1.54881
0.503788 -0.499932 0.0111225 1.60264 0.0317994 -3.14058 0 0 1.56044
0.503771 -0.499894 0.0112246 1.61264 0.0417347 -3.13985 0 0 1.57207
0.503754 -0.499857 0.0113239 1.62245 0.0514524 -3.13893 0 0 1.58374
0.503739 -0.499822 0.0114179 1.63181 0.0606781 -3.13789 0 0 1.59656
0.503725 -0.499786 0.0115146 1.64152 0.0701942 -3.13662 0 0 1.60939
0.50371 -0.499751 0.0116086 1.65103 0.0794654 -3.13521 0 0 1.62222
0.503695 -0.499716 0.0117026 1.66061 0.0887488 -3.13361 0 0 1.63504
0.50368 -0.49968 0.0117993 1.67056 0.098303 -3.13177 0 0 1.64787
0.503665 -0.499645 0.0118933 1.6803 0.10759 -3.12979 0 0 1.6607
0.50365 -0.49961 0.0119873 1.69014 0.116868 -3.12761 0 0 1.67352
0.503635 -0.499574 0.0120839 1.70033 0.126393 -3.12517 0 0 1.68635
0.503621 -0.499539 0.0121779 1.71033 0.13563 -3.1226 0 0 1.69918
0.503606 -0.499503 0.0122746 1.72071 0.145097 -3.11976 0 0 1.712
0.503591 -0.499468 0.0123686 1.73088 0.154261 -3.11679 0 0 1.72483
0.503576 -0.499433 0.0124626 1.74114 0.163377 -3.11362 0 0 1.73766
0.503561 -0.499397 0.0125593 1.75179 0.172696 -3.11016 0 0 1.75049
0.503546 -0.499362 0.0126533 1.76223 0.181692 -3.10659 0 0 1.76331
0.503531 -0.499327 0.0127473 1.77276 0.190617 -3.10282 0 0 1.77614
0.503516 -0.499291 0.0128439 1.78369 0.199715 -3.09873 0 0 1.78897
0.503502 -0.499256 0.0129379 1.7944 0.208472 -3.09456 0 0 1.80179
0.503487 -0.499221 0.0130319 1.80521 0.217134 -3.09019 0 0 1.81462
0.503472 -0.499185 0.0131286 1.81641 0.225937 -3.0855 0 0 1.82745
0.503457 -0.49915 0.0132226 1.8274 0.234384 -3.08073 0 0 1.84027
0.503442 -0.499115 0.0133166 1.83847 0.242713 -3.07577 0 0 1.8531
0.503427 -0.499079 0.0134133 1.84995 0.25115 -3.07048 0 0 1.86593
0.503413 -0.49905 0.0134911 1.85927 0.257845 -3.06607 0 0 1.87981
0.503398 -0.499021 0.013569 1.86864 0.264446 -3.06153 0 0 1.89378
0.503383 -0.498991 0.0136496 1.8784 0.271171 -3.0567 0 0 1.90775
0.503369 -0.498962 0.0137275 1.88789 0.277567 -3.05191 0 0 1.92171
0.503354 -0.498933 0.0138053 1.89744 0.283857 -3.047 0 0 1.93568
0.503339 -0.498904 0.0138832 1.90703 0.290038 -3.04197 0 0 1.94965
0.503324 -0.498875 0.0139611 1.91669 0.296105 -3.03682 0 0 1.96361
0.50331 -0.498846 0.014039 1.92639 0.302057 -3.03156 0 0 1.97758
0.503295 -0.498817 0.0141169 1.93614 0.307889 -3.02619 0 0 1.99155
0.50328 -0.498788 0.0141947 1.94594 0.313598 -3.02071 0 0 2.00551
0.503266 -0.498758 0.0142753 1.95613 0.319373 -3.01492 0 0 2.01948
0.503251 -0.498729 0.0143532 1.96602 0.324824 -3.00923 0 0 2.03345
0.503236 -0.4987 0.0144311 1.97595 0.330146 -3.00344 0 0 2.04741
0.503222 -0.498671 0.0145089 1.98592 0.335333 -2.99756 0 0 2.06138
0.503207 -0.498642 0.0145868 1.99593 0.340386 -2.99158 0 0 2.07535
0.503192 -0.498613 0.0146647 2.00597 0.345301 -2.98551 0 0 2.08931
0.503179 -0.498586 0.0147372 2.01535 0.349752 -2.97979 0 0 2.10339
0.503167 -0.498562 0.0148017 2.0237 0.353606 -2.97464 0 0 2.11765
0.503155 -0.498538 0.0148661 2.03208 0.357363 -2.96944 0 0 2.13192
0.503143 -0.498515 0.0149279 2.04012 0.360871 -2.96441 0 0 2.14619
0.503132 -0.498491 0.0149923 2.04852 0.364435 -2.95912 0 0 2.16046
0.50312 -0.498467 0.0150568 2.05694 0.367899 -2.95377 0 0 2.17472
0.503108 -0.498443 0.0151212 2.06537 0.371263 -2.94839 0 0 2.18899
0.503096 -0.49842 0.015183 2.07346 0.374392 -2.94318 0 0 2.20326
0.503085 -0.498396 0.0152475 2.08191 0.377559 -2.93772 0 0 2.21753
0.503073 -0.498372 0.0153119 2.09036 0.380624 -2.93222 0 0 2.23179
0.503061 -0.498349 0.0153737 2.09846 0.383466 -2.92691 0 0 2.24606
0.503049 -0.498325 0.0154381 2.10692 0.386332 -2.92134 0 0 2.26033
0.503037 -0.498301 0.0155026 2.11538 0.389096 -2.91575 0 0 2.27459
0.503026 -0.498278 0.0155643 2.12349 0.39165 -2.91036 0 0 2.28886
0.503014 -0.498254 0.0156288 2.13194 0.394215 -2.90471 0 0 2.30313
0.503002 -0.49823 0.0156932 2.14039 0.396678 -2.89904 0 0 2.3174
0.50299 -0.498207 0.015755 2.14848 0.398943 -2.89359 0 0 2.33166
0.502981 -0.498186 0.0158114 2.15586 0.400931 -2.8886 0 0 2.34562
0.502972 -0.498167 0.0158624 2.16253 0.402662 -2.88407 0 0 2.35948
0.502963 -0.498148 0.0159135 2.1692 0.404331 -2.87954 0 0 2.37335
0.502953 -0.498129 0.0159645 2.17585 0.405936 -2.875 0 0 2.38721
0.502944 -0.49811 0.0160155 2.1825 0.40748 -2.87046 0 0 2.40108
0.502935 -0.498091 0.0160665 2.18913 0.408961 -2.8659 0 0 2.41494
0.502926 -0.498071 0.0161202 2.1961 0.410453 -2.86111 0 0 2.42881
0.502917 -0.498052 0.0161713 2.20271 0.411807 -2.85656 0 0 2.44267
0.502908 -0.498033 0.0162223 2.20931 0.4131 -2.852 0 0 2.45654
0.502899 -0.498014 0.0162733 2.21589 0.414332 -2.84744 0 0 2.47041
0.50289 -0.497995 0.0163243 2.22246 0.415504 -2.84289 0 0 2.48427
0.502881 -0.497976 0.0163754 2.22901 0.416616 -2.83834 0 0 2.49814
0.502872 -0.497957 0.0164264 2.23555 0.417668 -2.83379 0 0 2.512
0.502863 -0.497937 0.0164801 2.24241 0.418712 -2.829 0 0 2.52587
0.502854 -0.497918 0.0165311 2.2489 0.419643 -2.82447 0 0 2.53973
0.502844 -0.497899 0.0165821 2.25538 0.420517 -2.81994 0 0 2.5536
0.502835 -0.49788 0.0166332 2.26184 0.421333 -2.81541 0 0 2.56746
0.502826 -0.497861 0.0166842 2.26828 0.422092 -2.8109 0 0 2.58133
0.502817 -0.497842 0.0167352 2.27469 0.422795 -2.8064 0 0 2.5952
0.502808 -0.497822 0.0167889 2.28142 0.423474 -2.80167 0 0 2.60906
0.502799 -0.497803 0.01684 2.28779 0.424063 -2.79719 0 0 2.62293
0.50279 -0.497784 0.016891 2.29414 0.424597 -2.79272 0 0 2.63679
0.502782 -0.497769 0.0169313 2.29913 0.42498 -2.7892 0 0 2.65026
0.502776 -0.497756 0.0169662 2.30344 0.425286 -2.78616 0 0 2.66355
0.502769 -0.497742 0.0170038 2.30807 0.425587 -2.7829 0 0 2.67683
0.502762 -0.497729 0.0170387 2.31236 0.425841 -2.77987 0 0 2.69012
0.502755 -0.497716 0.0170736 2.31663 0.426071 -2.77685 0 0 2.7034
0.502749 -0.497702 0.0171112 2.32122 0.426291 -2.77361 0 0 2.71669
0.502742 -0.497689 0.0171461 2.32547 0.426471 -2.77061 0 0 2.72997
0.502735 -0.497676 0.017181 2.32971 0.426627 -2.76762 0 0 2.74325
0.502728 -0.497663 0.0172159 2.33393 0.426759 -2.76464 0 0 2.75654
0.502721 -0.497649 0.0172535 2.33846 0.426876 -2.76143 0 0 2.76982
0.502715 -0.497636 0.0172884 2.34265 0.426961 -2.75847 0 0 2.78311
0.502708 -0.497623 0.0173233 2.34683 0.427022 -2.75551 0 0 2.79639
0.502701 -0.497609 0.0173609 2.35132 0.427063 -2.75234 0 0 2.80968
0.502694 -0.497596 0.0173959 2.35547 0.427078 -2.74941 0 0 2.82296
0.502688 -0.497583 0.0174308 2.35961 0.427071 -2.74648 0 0 2.83625
0.502681 -0.49757 0.0174657 2.36373 0.427042 -2.74357 0 0 2.84954
0.502674 -0.497557 0.0175006 2.36783 0.426991 -2.74066 0 0 2.8628
0.502671 -0.497547 0.0175274 2.37098 0.426938 -2.73844 0 0 2.87593
0.502668 -0.497538 0.0175516 2.37381 0.426879 -2.73644 0 0 2.88905
0.502665 -0.497528 0.0175785 2.37694 0.426802 -2.73423 0 0 2.90218
0.502661 -0.497519 0.0176026 2.37975 0.426721 -2.73224 0 0 2.9153
0.502658 -0.497509 0.0176295 2.38286 0.426621 -2.73004 0 0 2.92843
0.502655 -0.4975 0.0176537 2.38566 0.42652 -2.72806 0 0 2.94155
0.502652 -0.49749 0.0176805 2.38876 0.426396 -2.72588 0 0 2.95468
0.502648 -0.49748 0.0177074 2.39185 0.42626 -2.7237 0 0 2.9678
0.502645 -0.497471 0.0177315 2.39462 0.426128 -2.72174 0 0 2.98093
0.502642 -0.497461 0.0177584 2.39769 0.42597 -2.71957 0 0 2.99405
0.502639 -0.497452 0.0177826 2.40044 0.425818 -2.71763 0 0 3.00718
0.502635 -0.497442 0.0178094 2.40349 0.425638 -2.71547 0 0 3.0203
0.502632 -0.497433 0.0178336 2.40623 0.425466 -2.71354 0 0 3.03342
0.502629 -0.497423 0.0178604 2.40927 0.425264 -2.7114 0 0 3.04655
0.502626 -0.497414 0.0178846 2.41199 0.425073 -2.70948 0 0 3.05967
0.502622 -0.497404 0.0179115 2.41501 0.42485 -2.70736 0 0 3.0728
0.502621 -0.497396 0.0179323 2.41735 0.424669 -2.70571 0 0 3.0853
0.50262 -0.49739 0.017935 2.41785 0.424629 -2.70535 0 0 3.09727
0.50262 -0.497383 0.0179382 2.41843 0.424583 -2.70494 0 0 3.10924
0.50262 -0.497377 0.0179409 2.41893 0.424543 -2.70459 0 0 3.1212
0.50262 -0.49737 0.0179441 2.41951 0.424495 -2.70418 0 0 3.13317
0.502619 -0.497364 0.0179468 2.42001 0.424454 -2.70383 0 0 3.14514
0.502619 -0.497357 0.01795 2.42059 0.424406 -2.70342 0 0 3.15711
0.502619 -0.49735 0.0179531 2.42117 0.424358 -2.70301 0 0 3.16908
0.502619 -0.497344 0.0179558 2.42167 0.424316 -2.70266 0 0 3.18105
0.502618 -0.497337 0.017959 2.42225 0.424266 -2.70225 0 0 3.19301
0.502618 -0.497331 0.0179617 2.42275 0.424224 -2.7019 0 0 3.20498
0.502618 -0.497324 0.0179649 2.42333 0.424173 -2.70149 0 0 3.21695
0.502618 -0.497318 0.0179676 2.42383 0.42413 -2.70114 0 0 3.22892
0.502617 -0.497311 0.0179708 2.42442 0.424079 -2.70073 0 0 3.24089
0.502617 -0.497305 0.0179735 2.42491 0.424035 -2.70038 0 0 3.25285
0.502617 -0.497298 0.0179767 2.4255 0.423983 -2.69997 0 0 3.26482
0.502616 -0.497292 0.0179794 2.426 0.423938 -2.69962 0 0 3.27679
0.502616 -0.497285 0.0179825 2.42658 0.423885 -2.69921 0 0 3.28876
0.502616 -0.497279 0.0179853 2.42708 0.42384 -2.69886 0 0 3.30073
0.502616 -0.497272 0.0179884 2.42766 0.423786 -2.69845 0 0 3.3127
0.502615 -0.497265 0.0179916 2.42824 0.423732 -2.69804 0 0 3.32466
0.502615 -0.497259 0.0179943 2.42874 0.423686 -2.69769 0 0 3.33663
0.502615 -0.497254 0.0179966 2.42916 0.423647 -2.69739 0 0 3.34745
0.502614 -0.49725 0.0179984 2.42949 0.423615 -2.69716 0 0 3.35681
0.502614 -0.497247 0.0179997 2.42974 0.423592 -2.69698 0 0 3.36617
0.502613 -0.497243 0.0180016 2.43007 0.42356 -2.69675 0 0 3.37553
0.502613 -0.497239 0.0180034 2.4304 0.423528 -2.69652 0 0 3.38489
0.502613 -0.497236 0.0180047 2.43065 0.423504 -2.69634 0 0 3.39425
0.502612 -0.497232 0.0180065 2.43099 0.423472 -2.69611 0 0 3.40361
0.502612 -0.497229 0.0180079 2.43123 0.423448 -2.69593 0 0 3.41297
0.502611 -0.497225 0.0180097 2.43157 0.423416 -2.6957 0 0 3.42233
0.502611 -0.497222 0.0180111 2.43182 0.423391 -2.69552 0 0 3.43169
0.50261 -0.497218 0.0180129 2.43215 0.423359 -2.69529 0 0 3.44105
0.50261 -0.497214 0.0180147 2.43248 0.423326 -2.69506 0 0 3.45041
0.502609 -0.497211 0.018016 2.43273 0.423302 -2.69488 0 0 3.45977
0.502609 -0.497207 0.0180179 2.43306 0.423269 -2.69465 0 0 3.46913
0.502608 -0.497204 0.0180192 2.43331 0.423244 -2.69447 0 0 3.47849
0.502608 -0.4972 0.018021 2.43365 0.423211 -2.69424 0 0 3.48785
0.502608 -0.497197 0.0180224 2.4339 0.423186 -2.69406 0 0 3.49721
0.502606 -0.497195 0.0180233 2.43406 0.423169 -2.69394 0 0 3.50533
0.502605 -0.497194 0.0180237 2.43415 0.42316 -2.69389 0 0 3.51326
0.502603 -0.497192 0.0180246 2.43431 0.423144 -2.69377 0 0 3.52119
0.502602 -0.497191 0.0180251 2.43439 0.423135 -2.69371 0 0 3.52912
0.502601 -0.49719 0.0180255 2.43448 0.423127 -2.69365 0 0 3.53706
0.502599 -0.497188 0.0180265 2.43464 0.42311 -2.69354 0 0 3.54499
0.502598 -0.497187 0.0180269 2.43473 0.423102 -2.69348 0 0 3.55292
0.502596 -0.497186 0.0180274 2.43481 0.423093 -2.69342 0 0 3.56085
0.502595 -0.497184 0.0180283 2.43498 0.423076 -2.6933 0 0 3.56878
0.502593 -0.497183 0.0180287 2.43506 0.423068 -2.69324 0 0 3.57672
0.502592 -0.497181 0.0180296 2.43523 0.423051 -2.69313 0 0 3.58465
0.502591 -0.49718 0.0180301 2.43531 0.423042 -2.69307 0 0 3.59258
0.502589 -0.497179 0.0180305 2.43539 0.423034 -2.69301 0 0 3.60051
0.502588 -0.497177 0.0180314 2.43556 0.423017 -2.69289 0 0 3.60844
0.502586 -0.497176 0.0180319 2.43564 0.423008 -2.69283 0 0 3.61638
0.502585 -0.497175 0.0180323 2.43573 0.423 -2.69278 0 0 3.62431
0.502584 -0.497174 0.0180328 2.43581 0.422991 -2.69272 0 0 3.63153
0.502582 -0.497174 0.0180328 2.43581 0.422991 -2.69272 0 0 3.6371
0.502581 -0.497174 0.0180328 2.43581 0.422991 -2.69272 0 0 3.64266
0.50258 -0.497174 0.0180328 2.43581 0.422991 -2.69272 0 0 3.64823
0.502579 -0.497174 0.0180328 2.43581 0.422991 -2.69272 0 0 3.65379
0.502578 -0.497174 0.0180328 2.43581 0.422991 -2.69272 0 0 3.65935
0.502576 -0.497174 0.0180328 2.43581 0.422991 -2.69272 0 0 3.66492
0.502575 -0.497174 0.0180328 2.43581 0.422991 -2.69272 0 0 3.67048
0.502574 -0.497174 0.0180328 2.43581 0.422991 -2.69272 0 0 3.67604
0.502573 -0.497174 0.0180328 2.43581 0.422991 -2.69272 0 0 3.68161
0.502572 -0.497174 0.0180328 2.43581 0.422991 -2.69272 0 0 3.68717
0.50257 -0.497174 0.0180328 2.43581 0.422991 -2.69272 0 0 3.69273
0.502569 -0.497174 0.0180328 2.43581 0.422991 -2.69272 0 0 3.6983
0.502568 -0.497174 0.0180328 2.43581 0.422991 -2.69272 0 0 3.70386
0.502567 -0.497174 0.0180328 2.43581 0.422991 -2.69272 0 0 3.70942
0.502566 -0.497174 0.0180328 2.43581 0.422991 -2.69272 0 0 3.71499
0.502564 -0.497174 0.0180328 2.43581 0.422991 -2.69272 0 0 3.72055
0.502563 -0.497174 0.0180328 2.43581 0.422991 -2.69272 0 0 3.72611
0.502562 -0.497174 0.0180328 2.43581 0.422991 -2.69272 0 0 3.73168
0.502561 -0.497174 0.0180328 2.43581 0.422991 -2.69272 0 0 3.73724
0.50256 -0.497174 0.0180328 2.43581 0.422991 -2.69272 0 0 3.74281
0.502559 -0.497174 0.0180328 2.43581 0.422991 -2.69272 0 0 3.74837
0.502557 -0.497174 0.0180328 2.43581 0.422991 -2.69272 0 0 3.75352
0.502555 -0.497174 0.0180328 2.43581 0.422991 -2.69272 0 0 3.75702
0.502553 -0.497175 0.0180323 2.43573 0.423 -2.69278 0 0 3.76052
0.502551 -0.497176 0.0180319 2.43564 0.423008 -2.69283 0 0 3.76403
0.502549 -0.497177 0.0180314 2.43556 0.423017 -2.69289 0 0 3.76753
0.502547 -0.497177 0.0180314 2.43556 0.423017 -2.69289 0 0 3.77103
0.502545 -0.497178 0.018031 2.43548 0.423025 -2.69295 0 0 3.77454
0.502543 -0.497179 0.0180305 2.43539 0.423034 -2.69301 0 0 3.77804
0.502541 -0.49718 0.0180301 2.43531 0.423042 -2.69307 0 0 3.78154
0.502539 -0.49718 0.0180301 2.43531 0.423042 -2.69307 0 0 3.78505
0.502537 -0.497181 0.0180296 2.43523 0.423051 -2.69313 0 0 3.78855
0.502535 -0.497182 0.0180292 2.43514 0.423059 -2.69318 0 0 3.79205
0.502533 -0.497183 0.0180287 2.43506 0.423068 -2.69324 0 0 3.79556
0.502531 -0.497183 0.0180287 2.43506 0.423068 -2.69324 0 0 3.79906
0.502529 -0.497184 0.0180283 2.43498 0.423076 -2.6933 0 0 3.80256
0.502527 -0.497185 0.0180278 2.43489 0.423085 -2.69336 0 0 3.80606
0.502525 -0.497185 0.0180278 2.43489 0.423085 -2.69336 0 0 3.80957
0.502524 -0.497186 0.0180274 2.43481 0.423093 -2.69342 0 0 3.81256
0.502522 -0.497185 0.0180278 2.43489 0.423085 -2.69336 0 0 3.81525
0.50252 -0.497185 0.0180278 2.43489 0.423085 -2.69336 0 0 3.81795
0.502519 -0.497185 0.0180278 2.43489 0.423085 -2.69336 0 0 3.82064
0.502517 -0.497185 0.0180278 2.43489 0.423085 -2.69336 0 0 3.82333
0.502516 -0.497185 0.0180278 2.43489 0.423085 -2.69336 0 0 3.82602
0.502514 -0.497185 0.0180278 2.43489 0.423085 -2.69336 0 0 3.82871
0.502512 -0.497185 0.0180278 2.43489 0.423085 -2.69336 0 0 3.83141
0.502511 -0.497184 0.0180283 2.43498 0.423076 -2.6933 0 0 3.8341
0.502509 -0.497184 0.0180283 2.43498 0.423076 -2.6933 0 0 3.83679
0.502508 -0.497184 0.0180283 2.43498 0.423076 -2.6933 0 0 3.83948
0.502506 -0.497184 0.0180283 2.43498 0.423076 -2.6933 0 0 3.84217
0.502505 -0.497184 0.0180283 2.43498 0.423076 -2.6933 0 0 3.84486
0.502503 -0.497184 0.0180283 2.43498 0.423076 -2.6933 0 0 3.84755
0.502501 -0.497183 0.0180287 2.43506 0.423068 -2.69324 0 0 3.85025
0.5025 -0.497183 0.0180287 2.43506 0.423068 -2.69324 0 0 3.85294
0.502498 -0.497183 0.0180287 2.43506 0.423068 -2.69324 0 0 3.85553
0.502496 -0.497182 0.0180292 2.43514 0.423059 -2.69318 0 0 3.8564
0.502494 -0.497181 0.0180296 2.43523 0.423051 -2.69313 0 0 3.85726
0.502492 -0.49718 0.0180301 2.43531 0.423042 -2.69307 0 0 3.85813
0.50249 -0.497179 0.0180305 2.43539 0.423034 -2.69301 0 0 3.859
0.502488 -0.497178 0.018031 2.43548 0.423025 -2.69295 0 0 3.85986
0.502486 -0.497177 0.0180314 2.43556 0.423017 -2.69289 0 0 3.86073
0.502484 -0.497176 0.0180319 2.43564 0.423008 -2.69283 0 0 3.86159
0.502482 -0.497175 0.0180323 2.43573 0.423 -2.69278 0 0 3.86246
0.50248 -0.497174 0.0180328 2.43581 0.422991 -2.69272 0 0 3.86333
0.502478 -0.497173 0.0180332 2.43589 0.422983 -2.69266 0 0 3.86419
0.502475 -0.497172 0.0180337 2.43597 0.422974 -2.6926 0 0 3.86506
0.502473 -0.497171 0.0180341 2.43606 0.422965 -2.69254 0 0 3.86592
0.502471 -0.49717 0.0180346 2.43614 0.422957 -2.69248 0 0 3.86679
0.502469 -0.497169 0.0180351 2.43622 0.422948 -2.69243 0 0 3.86766
0.502467 -0.497168 0.0180355 2.43631 0.42294 -2.69237 0 0 3.86852
0.502465 -0.497167 0.018036 2.43639 0.422931 -2.69231 0 0 3.86939
0.502463 -0.497166 0.0180364 2.43647 0.422922 -2.69225 0 0 3.87025
0.502461 -0.497165 0.0180369 2.43656 0.422914 -2.69219 0 0 3.87112
0.502459 -0.497164 0.0180373 2.43664 0.422905 -2.69213 0 0 3.87199
0.502457 -0.497163 0.0180378 2.43672 0.422896 -2.69207 0 0 3.87285
0.502455 -0.497162 0.0180382 2.43681 0.422888 -2.69202 0 0 3.87372
0.502453 -0.497161 0.0180387 2.43689 0.422879 -2.69196 0 0 3.87459
0.50245 -0.49716 0.0180391 2.43697 0.42287 -2.6919 0 0 3.8738
0.502447 -0.49716 0.0180391 2.43697 0.42287 -2.6919 0 0 3.87293
0.502445 -0.497159 0.0180396 2.43706 0.422862 -2.69184 0 0 3.87207
0.502442 -0.497158 0.01804 2.43714 0.422853 -2.69178 0 0 3.8712
0.502439 -0.497158 0.01804 2.43714 0.422853 -2.69178 0 0 3.87034
0.502437 -0.497157 0.0180405 2.43722 0.422844 -2.69172 0 0 3.86948
0.502434 -0.497156 0.0180409 2.43731 0.422836 -2.69167 0 0 3.86861
0.502431 -0.497156 0.0180409 2.43731 0.422836 -2.69167 0 0 3.86775
0.502429 -0.497155 0.0180414 2.43739 0.422827 -2.69161 0 0 3.86688
0.502426 -0.497154 0.0180418 2.43747 0.422818 -2.69155 0 0 3.86602
0.502423 -0.497154 0.0180418 2.43747 0.422818 -2.69155 0 0 3.86516
0.502421 -0.497153 0.0180423 2.43755 0.42281 -2.69149 0 0 3.86429
0.502418 -0.497152 0.0180427 2.43764 0.422801 -2.69143 0 0 3.86343
0.502415 -0.497152 0.0180427 2.43764 0.422801 -2.69143 0 0 3.86257
0.502413 -0.497151 0.0180432 2.43772 0.422792 -2.69137 0 0 3.8617
0.50241 -0.49715 0.0180437 2.4378 0.422783 -2.69132 0 0 3.86084
0.502407 -0.497149 0.0180441 2.43789 0.422774 -2.69126 0 0 3.85974
0.502404 -0.497147 0.018045 2.43805 0.422757 -2.69114 0 0 3.85825
0.5024 -0.497145 0.0180459 2.43822 0.422739 -2.69102 0 0 3.85677
0.502397 -0.497143 0.0180468 2.43839 0.422722 -2.69091 0 0 3.85528
0.502393 -0.497141 0.0180477 2.43855 0.422704 -2.69079 0 0 3.8538
0.50239 -0.497139 0.0180486 2.43872 0.422686 -2.69067 0 0 3.85232
0.502386 -0.497137 0.0180495 2.43889 0.422668 -2.69056 0 0 3.85083
0.502383 -0.497135 0.0180504 2.43905 0.422651 -2.69044 0 0 3.84935
0.502379 -0.497133 0.0180513 2.43922 0.422633 -2.69032 0 0 3.84787
0.502376 -0.49713 0.0180527 2.43947 0.422606 -2.69015 0 0 3.84638
0.502373 -0.497128 0.0180536 2.43963 0.422588 -2.69003 0 0 3.8449
0.502369 -0.497126 0.0180545 2.4398 0.42257 -2.68991 0 0 3.84341
0.502366 -0.497124 0.0180554 2.43997 0.422552 -2.6898 0 0 3.84193
0.502362 -0.497122 0.0180563 2.44013 0.422534 -2.68968 0 0 3.84045
0.502359 -0.49712 0.0180572 2.4403 0.422516 -2.68956 0 0 3.83896
0.502355 -0.497118 0.0180581 2.44047 0.422498 -2.68945 0 0 3.83748
0.502352 -0.497116 0.018059 2.44063 0.42248 -2.68933 0 0 3.836
0.502348 -0.497113 0.0180604 2.44088 0.422453 -2.68916 0 0 3.83345
0.502344 -0.497109 0.0180622 2.44121 0.422416 -2.68892 0 0 3.83066
0.502339 -0.497106 0.0180636 2.44146 0.422389 -2.68875 0 0 3.82787
0.502335 -0.497102 0.0180654 2.4418 0.422352 -2.68851 0 0 3.82508
0.502331 -0.497099 0.0180667 2.44204 0.422324 -2.68834 0 0 3.82229
0.502327 -0.497096 0.0180681 2.44229 0.422296 -2.68816 0 0 3.8195
0.502322 -0.497092 0.0180699 2.44263 0.422259 -2.68793 0 0 3.8167
0.502318 -0.497089 0.0180713 2.44288 0.422231 -2.68775 0 0 3.81391
0.502314 -0.497085 0.0180731 2.44321 0.422194 -2.68752 0 0 3.81112
0.50231 -0.497082 0.0180744 2.44346 0.422166 -2.68735 0 0 3.80833
0.502306 -0.497079 0.0180758 2.44371 0.422138 -2.68717 0 0 3.80554
0.502301 -0.497075 0.0180776 2.44404 0.4221 -2.68694 0 0 3.80275
0.502297 -0.497072 0.018079 2.44429 0.422072 -2.68676 0 0 3.79996
0.502293 -0.497068 0.0180808 2.44462 0.422034 -2.68653 0 0 3.79717
0.502289 -0.497065 0.0180821 2.44487 0.422005 -2.68635 0 0 3.79438
0.502284 -0.497062 0.0180835 2.44512 0.421977 -2.68618 0 0 3.79158
0.50228 -0.497058 0.0180853 2.44545 0.421938 -2.68595 0 0 3.78879
0.502276 -0.497055 0.0180867 2.4457 0.421909 -2.68577 0 0 3.786
0.502272 -0.497051 0.0180885 2.44604 0.421871 -2.68554 0 0 3.78321
0.502267 -0.497048 0.0180898 2.44628 0.421842 -2.68536 0 0 3.78042
0.502263 -0.497045 0.0180912 2.44653 0.421813 -2.68519 0 0 3.77763
0.502259 -0.497041 0.018093 2.44687 0.421774 -2.68496 0 0 3.77484
0.502255 -0.497035 0.0180957 2.44737 0.421715 -2.68461 0 0 3.77101
0.50225 -0.497027 0.0180993 2.44803 0.421636 -2.68414 0 0 3.76676
0.502245 -0.49702 0.0181025 2.44861 0.421567 -2.68373 0 0 3.76251
0.502241 -0.497012 0.0181061 2.44928 0.421487 -2.68327 0 0 3.75826
0.502236 -0.497004 0.0181097 2.44994 0.421407 -2.6828 0 0 3.75401
0.502232 -0.496997 0.0181129 2.45052 0.421336 -2.68239 0 0 3.74977
0.502227 -0.496989 0.0181165 2.45119 0.421255 -2.68193 0 0 3.74552
0.502223 -0.496981 0.0181201 2.45185 0.421173 -2.68146 0 0 3.74127
0.502218 -0.496974 0.0181233 2.45243 0.4211 -2.68105 0 0 3.73702
0.502213 -0.496966 0.0181269 2.4531 0.421017 -2.68059 0 0 3.73277
0.502209 -0.496958 0.0181306 2.45376 0.420933 -2.68012 0 0 3.72853
0.502204 -0.496951 0.0181337 2.45435 0.42086 -2.67971 0 0 3.72428
0.5022 -0.496943 0.0181373 2.45501 0.420775 -2.67925 0 0 3.72003
0.502195 -0.496935 0.018141 2.45567 0.42069 -2.67878 0 0 3.71578
0.50219 -0.496928 0.0181441 2.45626 0.420615 -2.67838 0 0 3.71153
0.502186 -0.49692 0.0181478 2.45692 0.420528 -2.67791 0 0 3.70729
0.502181 -0.496912 0.0181514 2.45759 0.420441 -2.67745 0 0 3.70297
0.502176 -0.496902 0.0181559 2.45842 0.420332 -2.67687 0 0 3.69822
0.50217 -0.496892 0.0181604 2.45925 0.420221 -2.67628 0 0 3.69348
0.502164 -0.496882 0.018165 2.46008 0.42011 -2.6757 0 0 3.68873
0.502159 -0.496872 0.0181695 2.46091 0.419998 -2.67512 0 0 3.68399
0.502153 -0.496862 0.018174 2.46174 0.419885 -2.67454 0 0 3.67924
0.502148 -0.496852 0.0181785 2.46257 0.41977 -2.67396 0 0 3.6745
0.502142 -0.496842 0.0181831 2.4634 0.419656 -2.67338 0 0 3.66975
0.502137 -0.496832 0.0181876 2.46423 0.41954 -2.6728 0 0 3.66501
0.502131 -0.496822 0.0181921 2.46506 0.419423 -2.67222 0 0 3.66026
0.502125 -0.496812 0.0181966 2.46589 0.419305 -2.67164 0 0 3.65552
0.50212 -0.496802 0.0182012 2.46672 0.419187 -2.67106 0 0 3.65077
0.502114 -0.496792 0.0182057 2.46755 0.419068 -2.67048 0 0 3.64602
0.502109 -0.496782 0.0182102 2.46838 0.418947 -2.6699 0 0 3.64128
0.502103 -0.496772 0.0182147 2.46921 0.418826 -2.66933 0 0 3.63653
0.502098 -0.496762 0.0182193 2.47004 0.418704 -2.66875 0 0 3.63179
0.502092 -0.496752 0.0182238 2.47086 0.418581 -2.66817 0 0 3.62704
0.502086 -0.49674 0.0182292 2.47186 0.418432 -2.66747 0 0 3.62182
0.502078 -0.496726 0.0182356 2.47302 0.418257 -2.66666 0 0 3.61623
0.502071 -0.496712 0.0182419 2.47418 0.41808 -2.66586 0 0 3.61064
0.502064 -0.496698 0.0182482 2.47534 0.417902 -2.66505 0 0 3.60505
0.502056 -0.496684 0.0182546 2.4765 0.417721 -2.66424 0 0 3.59946
0.502049 -0.496671 0.0182605 2.47758 0.417552 -2.66349 0 0 3.59387
0.502042 -0.496657 0.0182668 2.47874 0.417369 -2.66268 0 0 3.58828
0.502034 -0.496643 0.0182731 2.4799 0.417183 -2.66187 0 0 3.58269
0.502027 -0.496629 0.0182795 2.48106 0.416996 -2.66107 0 0 3.5771
0.50202 -0.496615 0.0182858 2.48222 0.416807 -2.66026 0 0 3.57151
0.502012 -0.496601 0.0182921 2.48338 0.416616 -2.65945 0 0 3.56592
0.502005 -0.496587 0.0182985 2.48453 0.416424 -2.65865 0 0 3.56033
0.501998 -0.496573 0.0183048 2.48569 0.416229 -2.65784 0 0 3.55474
0.50199 -0.496559 0.0183111 2.48685 0.416034 -2.65704 0 0 3.54915
0.501983 -0.496545 0.0183175 2.48801 0.415836 -2.65623 0 0 3.54356
0.501976 -0.496531 0.0183238 2.48917 0.415636 -2.65543 0 0 3.53797
0.501968 -0.496517 0.0183302 2.49032 0.415435 -2.65463 0 0 3.53238
0.501961 -0.496503 0.0183365 2.49148 0.415232 -2.65382 0 0 3.52679
0.501954 -0.496489 0.0183428 2.49264 0.415028 -2.65302 0 0 3.5212
0.501947 -0.496475 0.0183492 2.49379 0.414822 -2.65222 0 0 3.51561
0.501939 -0.496462 0.0183551 2.49487 0.414628 -2.65147 0 0 3.51002
0.501932 -0.496448 0.0183614 2.49602 0.414419 -2.65067 0 0 3.50443
0.501924 -0.496432 0.0183686 2.49734 0.414177 -2.64976 0 0 3.49877
0.501916 -0.496415 0.0183763 2.49875 0.413918 -2.64879 0 0 3.49305
0.501908 -0.496398 0.018384 2.50015 0.413656 -2.64782 0 0 3.48732
0.501899 -0.496381 0.0183917 2.50155 0.413391 -2.64685 0 0 3.4816
0.501891 -0.496364 0.0183994 2.50295 0.413124 -2.64588 0 0 3.47588
0.501883 -0.496347 0.0184071 2.50435 0.412855 -2.64491 0 0 3.47015
0.501874 -0.49633 0.0184148 2.50575 0.412583 -2.64394 0 0 3.46443
0.501866 -0.496313 0.0184225 2.50715 0.412308 -2.64297 0 0 3.45871
0.501858 -0.496296 0.0184302 2.50855 0.412031 -2.64201 0 0 3.45298
0.501849 -0.496278 0.0184383 2.51003 0.411735 -2.64099 0 0 3.44726
0.501841 -0.496261 0.018446 2.51143 0.411453 -2.64002 0 0 3.44154
0.501833 -0.496244 0.0184537 2.51283 0.411168 -2.63906 0 0 3.43581
0.501825 -0.496227 0.0184614 2.51423 0.410881 -2.63809 0 0 3.43009
0.501816 -0.49621 0.0184691 2.51562 0.410591 -2.63713 0 0 3.42436
0.501808 -0.496193 0.0184768 2.51702 0.410299 -2.63617 0 0 3.41864
0.5018 -0.496176 0.0184845 2.51842 0.410004 -2.63521 0 0 3.41292
0.501791 -0.496159 0.0184922 2.51981 0.409707 -2.63425 0 0 3.40719
0.501782 -0.496139 0.0185012 2.52145 0.409354 -2.63312 0 0 3.4016
0.501773 -0.49612 0.0185098 2.52301 0.409015 -2.63205 0 0 3.39601
0.501763 -0.4961 0.0185189 2.52465 0.408655 -2.63093 0 0 3.39043
0.501754 -0.496081 0.0185275 2.5262 0.40831 -2.62986 0 0 3.38485
0.501745 -0.496061 0.0185366 2.52784 0.407944 -2.62874 0 0 3.37927
0.501735 -0.496042 0.0185451 2.5294 0.407593 -2.62767 0 0 3.37369
0.501726 -0.496022 0.0185542 2.53103 0.407219 -2.62655 0 0 3.36811
0.501716 -0.496002 0.0185633 2.53267 0.406843 -2.62543 0 0 3.36253
0.501707 -0.495983 0.0185719 2.53422 0.406482 -2.62437 0 0 3.35694
0.501698 -0.495963 0.0185809 2.53585 0.406099 -2.62326 0 0 3.35136
0.501688 -0.495944 0.0185895 2.5374 0.405732 -2.6222 0 0 3.34578
0.501679 -0.495924 0.0185986 2.53903 0.405342 -2.62108 0 0 3.3402
0.501669 -0.495905 0.0186072 2.54058 0.404968 -2.62003 0 0 3.33462
0.50166 -0.495885 0.0186162 2.54221 0.404572 -2.61892 0 0 3.32904
0.501651 -0.495865 0.0186253 2.54384 0.404172 -2.61781 0 0 3.32345
0.501641 -0.495846 0.0186339 2.54538 0.403789 -2.61675 0 0 3.31787
0.501632 -0.495825 0.0186434 2.54709 0.403362 -2.61559 0 0 3.31222
0.501622 -0.495803 0.0186533 2.54888 0.402911 -2.61438 0 0 3.30642
0.501613 -0.495781 0.0186633 2.55066 0.402456 -2.61316 0 0 3.30063
0.501603 -0.495758 0.0186737 2.55253 0.401975 -2.6119 0 0 3.29483
0.501594 -0.495736 0.0186837 2.55431 0.401512 -2.61069 0 0 3.28903
0.501584 -0.495713 0.0186941 2.55618 0.401023 -2.60942 0 0 3.28323
0.501574 -0.495691 0.018704 2.55796 0.400551 -2.60822 0 0 3.27743
0.501565 -0.495669 0.018714 2.55974 0.400075 -2.60701 0 0 3.27164
0.501555 -0.495646 0.0187244 2.5616 0.399574 -2.60576 0 0 3.26584
0.501546 -0.495624 0.0187343 2.56337 0.39909 -2.60456 0 0 3.26004
0.501536 -0.495601 0.0187448 2.56523 0.39858 -2.6033 0 0 3.25424
0.501527 -0.495579 0.0187547 2.567 0.398087 -2.60211 0 0 3.24844
0.501517 -0.495557 0.0187647 2.56877 0.397591 -2.60091 0 0 3.24265
0.501508 -0.495534 0.0187751 2.57063 0.397069 -2.59967 0 0 3.23685
0.501498 -0.495512 0.018785 2.57239 0.396564 -2.59848 0 0 3.23105
0.501488 -0.495489 0.0187954 2.57424 0.396033 -2.59724 0 0 3.22525
0.501479 -0.495467 0.0188054 2.57601 0.395521 -2.59605 0 0 3.21945
0.501469 -0.495445 0.0188154 2.57777 0.395005 -2.59487 0 0 3.21366
0.50146 -0.495422 0.0188258 2.57962 0.394461 -2.59363 0 0 3.20786
0.50145 -0.4954 0.0188357 2.58138 0.393937 -2.59245 0 0 3.20206
0.501441 -0.495378 0.0188457 2.58314 0.393409 -2.59128 0 0 3.19626
0.501431 -0.495355 0.0188561 2.58498 0.392853 -2.59005 0 0 3.19047
0.501421 -0.495332 0.0188665 2.58681 0.392293 -2.58882 0 0 3.1847
0.50141 -0.495306 0.0188783 2.58889 0.391655 -2.58744 0 0 3.17907
0.5014 -0.495279 0.0188905 2.59104 0.390986 -2.58601 0 0 3.17343
0.501389 -0.495253 0.0189023 2.59311 0.390337 -2.58463 0 0 3.16779
0.501378 -0.495227 0.018914 2.59517 0.389682 -2.58326 0 0 3.16216
0.501367 -0.4952 0.0189263 2.59732 0.388997 -2.58183 0 0 3.15652
0.501356 -0.495174 0.018938 2.59938 0.388331 -2.58047 0 0 3.15088
0.501345 -0.495148 0.0189498 2.60144 0.387661 -2.5791 0 0 3.14525
0.501334 -0.495122 0.0189616 2.6035 0.386985 -2.57774 0 0 3.13961
0.501323 -0.495095 0.0189738 2.60563 0.386277 -2.57634 0 0 3.13397
0.501312 -0.495069 0.0189855 2.60768 0.385591 -2.57498 0 0 3.12834
0.501302 -0.495043 0.0189973 2.60973 0.384899 -2.57363 0 0 3.1227
0.501291 -0.495016 0.0190095 2.61186 0.384176 -2.57223 0 0 3.11707
0.50128 -0.49499 0.0190213 2.6139 0.383474 -2.57089 0 0 3.11143
0.501269 -0.494964 0.0190331 2.61595 0.382766 -2.56955 0 0 3.10579
0.501258 -0.494938 0.0190448 2.61799 0.382054 -2.56822 0 0 3.10015
0.501247 -0.494911 0.0190571 2.6201 0.381309 -2.56683 0 0 3.09452
0.501234 -0.494882 0.0190702 2.62237 0.380503 -2.56535 0 0 3.08879
0.501221 -0.494852 0.0190838 2.62471 0.379662 -2.56382 0 0 3.08302
0.501208 -0.494822 0.0190973 2.62705 0.378815 -2.5623 0 0 3.07725
0.501194 -0.494792 0.0191109 2.62939 0.377961 -2.56078 0 0 3.07147
0.501181 -0.494761 0.019125 2.6318 0.377072 -2.55921 0 0 3.0657
0.501167 -0.494731 0.0191385 2.63413 0.376204 -2.5577 0 0 3.05992
0.501154 -0.494701 0.0191521 2.63645 0.375331 -2.5562 0 0 3.05415
0.50114 -0.494671 0.0191657 2.63878 0.374451 -2.5547 0 0 3.04838
0.501127 -0.494641 0.0191793 2.64109 0.373564 -2.55321 0 0 3.0426
0.501113 -0.49461 0.0191933 2.64349 0.372641 -2.55167 0 0 3.03683
0.5011 -0.49458 0.0192069 2.6458 0.371741 -2.55018 0 0 3.03106
0.501086 -0.49455 0.0192205 2.6481 0.370836 -2.54871 0 0 3.02528
0.501073 -0.49452 0.019234 2.6504 0.369923 -2.54723 0 0 3.01951
0.501059 -0.494489 0.0192481 2.65278 0.368974 -2.54571 0 0 3.01374
0.501046 -0.494459 0.0192616 2.65507 0.36805 -2.54425 0 0 3.00796
0.501032 -0.494429 0.0192752 2.65737 0.367119 -2.54279 0 0 3.00219
0.501019 -0.494398 0.0192893 2.65973 0.36615 -2.54129 0 0 2.99649
0.501003 -0.494363 0.0193051 2.66239 0.365049 -2.5396 0 0 2.99163
0.500988 -0.494328 0.0193209 2.66505 0.363939 -2.53792 0 0 2.98677
0.500972 -0.494293 0.0193368 2.6677 0.362822 -2.53625 0 0 2.98191
0.500957 -0.494258 0.0193526 2.67035 0.361696 -2.53458 0 0 2.97705
0.500942 -0.494223 0.0193685 2.67299 0.360562 -2.53292 0 0 2.97219
0.500926 -0.494188 0.0193843 2.67562 0.359421 -2.53127 0 0 2.96733
0.500911 -0.494153 0.0194001 2.67825 0.358271 -2.52963 0 0 2.96247
0.500896 -0.494118 0.019416 2.68087 0.357114 -2.52799 0 0 2.95761
0.50088 -0.494083 0.0194318 2.68349 0.355948 -2.52636 0 0 2.95275
0.500865 -0.494048 0.0194477 2.6861 0.354775 -2.52474 0 0 2.94789
0.50085 -0.494013 0.0194635 2.68871 0.353595 -2.52313 0 0 2.94303
0.500834 -0.493978 0.0194793 2.69131 0.352407 -2.52152 0 0 2.93817
0.500819 -0.493943 0.0194952 2.69391 0.351211 -2.51992 0 0 2.93331
0.500804 -0.493908 0.019511 2.69649 0.350008 -2.51833 0 0 2.92845
0.500788 -0.493873 0.0195269 2.69908 0.348797 -2.51675 0 0 2.92359
0.500773 -0.493838 0.0195427 2.70165 0.347579 -2.51517 0 0 2.91873
0.500758 -0.493803 0.0195586 2.70422 0.346354 -2.51361 0 0 2.91387
0.500742 -0.493768 0.0195744 2.70679 0.345122 -2.51205 0 0 2.90901
0.500727 -0.493733 0.0195902 2.70935 0.343882 -2.5105 0 0 2.90415
0.500712 -0.493698 0.0196061 2.7119 0.342636 -2.50895 0 0 2.89929
0.500696 -0.493663 0.0196219 2.71445 0.341382 -2.50742 0 0 2.89443
0.500681 -0.493628 0.0196378 2.71699 0.340122 -2.50589 0 0 2.88957
0.500662 -0.493587 0.0196563 2.71996 0.338637 -2.50411 0 0 2.88609
0.500644 -0.493546 0.0196749 2.72292 0.337142 -2.50234 0 0 2.88263
0.500625 -0.493506 0.019693 2.7258 0.335676 -2.50063 0 0 2.87918
0.500606 -0.493465 0.0197115 2.72874 0.334163 -2.49888 0 0 2.87572
0.500588 -0.493424 0.0197301 2.73168 0.332642 -2.49715 0 0 2.87226
0.500569 -0.493383 0.0197487 2.7346 0.331111 -2.49542 0 0 2.8688
0.50055 -0.493342 0.0197672 2.73752 0.329572 -2.49371 0 0 2.86535
0.500531 -0.493302 0.0197853 2.74036 0.328063 -2.49205 0 0 2.86189
0.500513 -0.493261 0.0198039 2.74326 0.326507 -2.49036 0 0 2.85843
0.500494 -0.49322 0.0198224 2.74615 0.324942 -2.48868 0 0 2.85497
0.500475 -0.493179 0.019841 2.74904 0.32337 -2.48701 0 0 2.85152
0.500456 -0.493139 0.0198591 2.75184 0.321828 -2.4854 0 0 2.84806
0.500438 -0.493098 0.0198777 2.75471 0.320239 -2.48375 0 0 2.8446
0.500419 -0.493057 0.0198962 2.75756 0.318643 -2.48212 0 0 2.84114
0.5004 -0.493016 0.0199148 2.76041 0.317038 -2.4805 0 0 2.83769
0.500381 -0.492976 0.0199329 2.76318 0.315465 -2.47892 0 0 2.83423
0.500361 -0.492932 0.0199528 2.76622 0.313727 -2.47721 0 0 2.83098
0.50034 -0.492886 0.0199736 2.76939 0.311901 -2.47543 0 0 2.82803
0.500318 -0.492839 0.0199949 2.77261 0.310025 -2.47362 0 0 2.82508
0.500296 -0.492793 0.0200157 2.77575 0.30818 -2.47187 0 0 2.82213
0.500274 -0.492746 0.020037 2.77895 0.306285 -2.4701 0 0 2.81918
0.500252 -0.4927 0.0200578 2.78207 0.304422 -2.46838 0 0 2.81623
0.500231 -0.492653 0.0200791 2.78525 0.30251 -2.46664 0 0 2.81328
0.500209 -0.492606 0.0201003 2.78841 0.300589 -2.46491 0 0 2.81033
0.500187 -0.49256 0.0201212 2.7915 0.2987 -2.46323 0 0 2.80738
0.500165 -0.492513 0.0201424 2.79464 0.296762 -2.46154 0 0 2.80443
0.500143 -0.492467 0.0201633 2.79771 0.294857 -2.45989 0 0 2.80148
0.500122 -0.49242 0.0201845 2.80083 0.292903 -2.45822 0 0 2.79853
0.5001 -0.492374 0.0202053 2.80387 0.290982 -2.45661 0 0 2.79558
0.500078 -0.492327 0.0202266 2.80696 0.289013 -2.45497 0 0 2.79263
0.500056 -0.49228 0.0202479 2.81005 0.287035 -2.45335 0 0 2.78968
0.500034 -0.492234 0.0202687 2.81305 0.285092 -2.45178 0 0 2.78673
0.500013 -0.492187 0.02029 2.81611 0.2831 -2.45019 0 0 2.78378
0.499988 -0.492134 0.020314 2.81955 0.280845 -2.44841 0 0 2.78149
0.499963 -0.49208 0.0203384 2.82304 0.278539 -2.44662 0 0 2.77933
0.499939 -0.492025 0.0203633 2.82657 0.27618 -2.44482 0 0 2.77717
0.499914 -0.491971 0.0203877 2.83003 0.273856 -2.44307 0 0 2.77501
0.499889 -0.491916 0.0204126 2.83354 0.27148 -2.44131 0 0 2.77285
0.499864 -0.491862 0.0204371 2.83696 0.269139 -2.43961 0 0 2.77069
0.499839 -0.491808 0.0204615 2.84037 0.26679 -2.43792 0 0 2.76853
0.499814 -0.491753 0.0204864 2.84383 0.26439 -2.43622 0 0 2.76637
0.499789 -0.491699 0.0205109 2.84721 0.262026 -2.43457 0 0 2.76421
0.499764 -0.491644 0.0205358 2.85063 0.259611 -2.43292 0 0 2.76205
0.49974 -0.49159 0.0205602 2.85398 0.257233 -2.43131 0 0 2.75988
0.499715 -0.491536 0.0205846 2.85731 0.254849 -2.42972 0 0 2.75772
0.49969 -0.491481 0.0206095 2.86069 0.252413 -2.42813 0 0 2.75556
0.499665 -0.491427 0.020634 2.864 0.250016 -2.42658 0 0 2.7534
0.49964 -0.491372 0.0206589 2.86735 0.247568 -2.42503 0 0 2.75124
0.499615 -0.491318 0.0206833 2.87062 0.245159 -2.42352 0 0 2.74908
0.49959 -0.491263 0.0207082 2.87394 0.2427 -2.42201 0 0 2.74692
0.499565 -0.491209 0.0207326 2.87718 0.24028 -2.42054 0 0 2.74476
0.499541 -0.491155 0.0207571 2.88041 0.237856 -2.41909 0 0 2.7426
0.499516 -0.4911 0.020782 2.88368 0.235381 -2.41764 0 0 2.74044
0.499491 -0.491046 0.0208064 2.88688 0.232947 -2.41623 0 0 2.73827
0.499466 -0.490991 0.0208313 2.89012 0.230464 -2.41481 0 0 2.73611
0.499439 -0.490931 0.0208585 2.89364 0.22775 -2.41329 0 0 2.73461
0.499412 -0.490868 0.020887 2.89732 0.224896 -2.41172 0 0 2.73334
0.499384 -0.490805 0.0209155 2.90097 0.222036 -2.41018 0 0 2.73206
0.499357 -0.490742 0.020944 2.90461 0.219172 -2.40866 0 0 2.73079
0.499329 -0.490679 0.0209725 2.90823 0.216304 -2.40717 0 0 2.72952
0.499302 -0.490616 0.021001 2.91183 0.213433 -2.4057 0 0 2.72824
0.499274 -0.490553 0.0210296 2.9154 0.210558 -2.40426 0 0 2.72697
0.499247 -0.49049 0.0210581 2.91896 0.20768 -2.40284 0 0 2.72569
0.499219 -0.490427 0.0210799 2.92133 0.205755 -2.40191 0 0 2.72442
0.499192 -0.490364 0.0210911 2.92184 0.205341 -2.40171 0 0 2.72315
0.499164 -0.490301 0.0211023 2.92235 0.204928 -2.40151 0 0 2.72187
0.499137 -0.490238 0.0211135 2.92285 0.204514 -2.40131 0 0 2.7206
0.499109 -0.490175 0.0211247 2.92336 0.204101 -2.40111 0 0 2.71933
0.499082 -0.490112 0.0211359 2.92387 0.203687 -2.40092 0 0 2.71805
0.499054 -0.490049 0.0211471 2.92437 0.203272 -2.40072 0 0 2.71678
0.499027 -0.489986 0.0211583 2.92488 0.202858 -2.40052 0 0 2.7155
0.498999 -0.489922 0.0211697 2.92539 0.202437 -2.40032 0 0 2.71419
0.49897 -0.489852 0.0211821 2.92595 0.201976 -2.40011 0 0 2.71264
0.498942 -0.489782 0.0211946 2.92651 0.201514 -2.39989 0 0 2.7111
0.498913 -0.489712 0.021207 2.92708 0.201053 -2.39968 0 0 2.70956
0.498885 -0.489642 0.0212195 2.92764 0.200591 -2.39946 0 0 2.70802
0.498856 -0.489572 0.0212319 2.9282 0.200129 -2.39925 0 0 2.70647
0.498828 -0.489502 0.0212444 2.92876 0.199667 -2.39903 0 0 2.70493
0.498799 -0.489433 0.0212567 2.92931 0.199211 -2.39882 0 0 2.70339
0.498771 -0.489363 0.0212691 2.92987 0.198748 -2.39861 0 0 2.70185
0.498742 -0.489293 0.0212816 2.93043 0.198285 -2.3984 0 0 2.7003
0.498714 -0.489223 0.021294 2.93099 0.197822 -2.39818 0 0 2.69876
0.498685 -0.489153 0.0213065 2.93155 0.197358 -2.39797 0 0 2.69722
0.498657 -0.489083 0.0213189 2.93211 0.196894 -2.39776 0 0 2.69568
0.498628 -0.489013 0.0213314 2.93267 0.19643 -2.39755 0 0 2.69414
0.4986 -0.488943 0.0213438 2.93323 0.195966 -2.39734 0 0 2.69259
0.498571 -0.488873 0.0213563 2.93378 0.195501 -2.39713 0 0 2.69105
0.498543 -0.488803 0.0213687 2.93434 0.195037 -2.39692 0 0 2.68951
0.498514 -0.48873 0.0213817 2.93493 0.194552 -2.39671 0 0 2.68776
0.498486 -0.488654 0.0213952 2.93553 0.194046 -2.39648 0 0 2.68586
0.498458 -0.488578 0.0214087 2.93614 0.193541 -2.39626 0 0 2.68397
0.498429 -0.488502 0.0214222 2.93674 0.193035 -2.39603 0 0 2.68208
0.498401 -0.488426 0.0214358 2.93735 0.192529 -2.39581 0 0 2.68018
0.498373 -0.48835 0.0214493 2.93795 0.192023 -2.39558 0 0 2.67829
0.498344 -0.488274 0.0214628 2.93855 0.191516 -2.39536 0 0 2.67639
0.498316 -0.488199 0.0214761 2.93915 0.191016 -2.39514 0 0 2.6745
0.498288 -0.488123 0.0214896 2.93975 0.190509 -2.39492 0 0 2.67261
0.498259 -0.488047 0.0215032 2.94036 0.190002 -2.3947 0 0 2.67071
0.498231 -0.487971 0.0215167 2.94096 0.189494 -2.39448 0 0 2.66882
0.498203 -0.487895 0.0215302 2.94156 0.188986 -2.39426 0 0 2.66693
0.498174 -0.487819 0.0215437 2.94217 0.188478 -2.39405 0 0 2.66503
0.498146 -0.487743 0.0215572 2.94277 0.187969 -2.39383 0 0 2.66314
0.498118 -0.487668 0.0215706 2.94336 0.187467 -2.39361 0 0 2.66125
0.498089 -0.487592 0.0215841 2.94396 0.186958 -2.3934 0 0 2.65935
0.498061 -0.487516 0.0215976 2.94457 0.186449 -2.39318 0 0 2.65746
0.498033 -0.48744 0.0216111 2.94517 0.18594 -2.39297 0 0 2.65557
0.498004 -0.487364 0.0216246 2.94577 0.18543 -2.39275 0 0 2.65367
0.497976 -0.487288 0.0216382 2.94637 0.18492 -2.39254 0 0 2.65178
0.497947 -0.487212 0.0216517 2.94697 0.18441 -2.39232 0 0 2.64989
0.497919 -0.487136 0.0216652 2.94757 0.183899 -2.39211 0 0 2.64799
0.497891 -0.487059 0.0216789 2.94818 0.183381 -2.3919 0 0 2.64641
0.497862 -0.486978 0.0216933 2.94882 0.182837 -2.39167 0 0 2.64514
0.497833 -0.486898 0.0217075 2.94945 0.182298 -2.39145 0 0 2.64387
0.497805 -0.486818 0.0217217 2.95008 0.18176 -2.39123 0 0 2.6426
0.497776 -0.486738 0.021736 2.95071 0.181221 -2.39101 0 0 2.64133
0.497748 -0.486658 0.0217502 2.95134 0.180682 -2.39079 0 0 2.64005
0.497719 -0.486578 0.0217644 2.95197 0.180143 -2.39057 0 0 2.63878
0.49769 -0.486498 0.0217787 2.9526 0.179603 -2.39035 0 0 2.63751
0.497662 -0.486418 0.0217929 2.95323 0.179063 -2.39013 0 0 2.63624
0.497633 -0.486338 0.0218071 2.95385 0.178523 -2.38992 0 0 2.63497
0.497604 -0.486258 0.0218213 2.95448 0.177983 -2.3897 0 0 2.6337
0.497576 -0.486178 0.0218356 2.95511 0.177442 -2.38949 0 0 2.63243
0.497547 -0.486098 0.0218498 2.95574 0.176901 -2.38927 0 0 2.63116
0.497519 -0.486018 0.021864 2.95637 0.17636 -2.38906 0 0 2.62989
0.49749 -0.485938 0.0218782 2.95699 0.175818 -2.38884 0 0 2.62862
0.497461 -0.485858 0.0218925 2.95762 0.175277 -2.38863 0 0 2.62735
0.497433 -0.485778 0.0219067 2.95825 0.174735 -2.38842 0 0 2.62608
0.497403 -0.485695 0.0219215 2.9589 0.174172 -2.3882 0 0 2.62509
0.497374 -0.485612 0.0219362 2.95955 0.173609 -2.38798 0 0 2.62413
0.497344 -0.485528 0.0219512 2.9602 0.173039 -2.38776 0 0 2.62317
0.497314 -0.485445 0.0219659 2.96085 0.172476 -2.38755 0 0 2.6222
0.497285 -0.485362 0.0219807 2.9615 0.171912 -2.38733 0 0 2.62124
0.497255 -0.485278 0.0219956 2.96216 0.171341 -2.38711 0 0 2.62028
0.497226 -0.485195 0.0220104 2.9628 0.170777 -2.3869 0 0 2.61931
0.497196 -0.485112 0.0220252 2.96345 0.170213 -2.38668 0 0 2.61835
0.497166 -0.485028 0.0220401 2.96411 0.169641 -2.38647 0 0 2.61739
0.497137 -0.484945 0.0220549 2.96475 0.169076 -2.38626 0 0 2.61643
0.497107 -0.484862 0.0220696 2.9654 0.168511 -2.38605 0 0 2.61546
0.497078 -0.484778 0.0220846 2.96605 0.167939 -2.38583 0 0 2.6145
0.497048 -0.484695 0.0220993 2.9667 0.167373 -2.38562 0 0 2.61354
0.497018 -0.484612 0.0221141 2.96735 0.166807 -2.38541 0 0 2.61258
0.496989 -0.484528 0.022129 2.968 0.166234 -2.3852 0 0 2.61161
0.496959 -0.484445 0.0221438 2.96864 0.165667 -2.385 0 0 2.61065
0.49693 -0.484362 0.0221585 2.96929 0.165101 -2.38479 0 0 2.60978
0.496901 -0.484278 0.0221735 2.96994 0.164527 -2.38458 0 0 2.60908
0.496872 -0.484194 0.0221884 2.97059 0.163953 -2.38437 0 0 2.60838
0.496843 -0.48411 0.0222034 2.97124 0.163379 -2.38417 0 0 2.60768
0.496814 -0.484026 0.0222183 2.97189 0.162804 -2.38396 0 0 2.60698
0.496785 -0.483942 0.0222332 2.97255 0.162229 -2.38375 0 0 2.60628
0.496755 -0.483858 0.0222482 2.9732 0.161654 -2.38355 0 0 2.60558
0.496726 -0.483774 0.0222631 2.97385 0.161079 -2.38335 0 0 2.60488
0.496697 -0.48369 0.0222781 2.9745 0.160504 -2.38314 0 0 2.60418
0.496668 -0.483606 0.022293 2.97514 0.159928 -2.38294 0 0 2.60348
0.496639 -0.483523 0.0223078 2.97579 0.159359 -2.38274 0 0 2.60278
0.49661 -0.483439 0.0223227 2.97643 0.158783 -2.38254 0 0 2.60208
0.496581 -0.483355 0.0223376 2.97708 0.158206 -2.38234 0 0 2.60138
0.496552 -0.483271 0.0223526 2.97773 0.15763 -2.38214 0 0 2.60068
0.496523 -0.483187 0.0223675 2.97838 0.157053 -2.38195 0 0 2.59998
0.496494 -0.483103 0.0223824 2.97903 0.156476 -2.38175 0 0 2.59928
0.496465 -0.483019 0.0223974 2.97967 0.155899 -2.38155 0 0 2.59858
0.496436 -0.482935 0.0224123 2.98032 0.155321 -2.38136 0 0 2.59788
0.496407 -0.482851 0.0224273 2.98097 0.154743 -2.38116 0 0 2.59718
0.496378 -0.482767 0.0224422 2.98161 0.154165 -2.38097 0 0 2.59648
0.496349 -0.482683 0.0224571 2.98226 0.153587 -2.38077 0 0 2.59578
0.49632 -0.4826 0.0224719 2.9829 0.153016 -2.38058 0 0 2.59508
0.49629 -0.482515 0.022487 2.98355 0.15243 -2.38039 0 0 2.5945
0.496261 -0.482429 0.0225023 2.98421 0.151838 -2.38019 0 0 2.59428
0.496232 -0.482343 0.0225176 2.98487 0.151245 -2.38 0 0 2.59406
0.496203 -0.482256 0.0225331 2.98554 0.150645 -2.3798 0 0 2.59384
0.496173 -0.48217 0.0225484 2.9862 0.150052 -2.37961 0 0 2.59362
0.496144 -0.482084 0.0225637 2.98686 0.149459 -2.37942 0 0 2.5934
0.496115 -0.481998 0.022579 2.98751 0.148865 -2.37923 0 0 2.59318
0.496086 -0.481912 0.0225943 2.98817 0.148271 -2.37903 0 0 2.59296
0.496056 -0.481825 0.0226097 2.98884 0.147671 -2.37884 0 0 2.59275
0.496027 -0.481739 0.0226274 2.98885 0.14766 -2.37884 0 0 2.59253
0.495998 -0.481653 0.0226491 2.98776 0.14864 -2.37915 0 0 2.59231
0.495969 -0.481567 0.0226708 2.98668 0.14962 -2.37947 0 0 2.59209
0.495939 -0.48148 0.0226927 2.98558 0.15061 -2.37979 0 0 2.59187
0.49591 -0.481394 0.0227144 2.98449 0.151589 -2.38011 0 0 2.59165
0.495881 -0.481308 0.0227361 2.9834 0.152567 -2.38043 0 0 2.59143
0.495852 -0.481222 0.0227578 2.98231 0.153544 -2.38076 0 0 2.59121
0.495822 -0.481136 0.0227795 2.98122 0.154521 -2.38109 0 0 2.59099
0.495793 -0.481048 0.0228016 2.9801 0.15552 -2.38142 0 0 2.5904
0.495762 -0.480961 0.0228236 2.97899 0.156506 -2.38176 0 0 2.58962
0.495732 -0.480873 0.0228458 2.97787 0.157504 -2.3821 0 0 2.58885
0.495702 -0.480785 0.022868 2.97675 0.158501 -2.38244 0 0 2.58807
0.495672 -0.480697 0.0228902 2.97563 0.159497 -2.38279 0 0 2.5873
0.495642 -0.48061 0.0229121 2.97452 0.160481 -2.38314 0 0 2.58653
0.495611 -0.480522 0.0229343 2.9734 0.161476 -2.38349 0 0 2.58575
0.495581 -0.480434 0.0229565 2.97227 0.16247 -2.38384 0 0 2.58498
0.495551 -0.480346 0.0229787 2.97115 0.163463 -2.3842 0 0 2.58421
0.495521 -0.480259 0.0230006 2.97003 0.164444 -2.38455 0 0 2.58344
0.495491 -0.480171 0.0230228 2.96891 0.165436 -2.38491 0 0 2.58266
0.49546 -0.480083 0.023045 2.96778 0.166427 -2.38527 0 0 2.58189
0.49543 -0.479995 0.0230672 2.96665 0.167417 -2.38564 0 0 2.58112
0.4954 -0.479908 0.0230891 2.96553 0.168396 -2.386 0 0 2.58034
0.49537 -0.47982 0.0231113 2.9644 0.169384 -2.38637 0 0 2.57957
0.495339 -0.479732 0.0231335 2.96327 0.170372 -2.38674 0 0 2.57879
0.495309 -0.479644 0.0231557 2.96214 0.171359 -2.38712 0 0 2.57801
0.495276 -0.479555 0.0231781 2.96099 0.172357 -2.3875 0 0 2.57714
0.495243 -0.479466 0.0232006 2.95984 0.173354 -2.38788 0 0 2.57627
0.49521 -0.479376 0.0232233 2.95868 0.174361 -2.38827 0 0 2.5754
0.495177 -0.479287 0.0232457 2.95753 0.175356 -2.38866 0 0 2.57453
0.495144 -0.479198 0.0232681 2.95638 0.17635 -2.38905 0 0 2.57366
0.495111 -0.479108 0.0232908 2.95521 0.177354 -2.38945 0 0 2.57279
0.495079 -0.479019 0.0233133 2.95406 0.178346 -2.38985 0 0 2.57191
0.495046 -0.47893 0.0233357 2.95291 0.179338 -2.39024 0 0 2.57104
0.495013 -0.478841 0.0233582 2.95175 0.180328 -2.39064 0 0 2.57017
0.49498 -0.478751 0.0233809 2.95058 0.181329 -2.39105 0 0 2.5693
0.494947 -0.478662 0.0234033 2.94942 0.182317 -2.39146 0 0 2.56843
0.494914 -0.478573 0.0234257 2.94827 0.183305 -2.39186 0 0 2.56756
0.494881 -0.478484 0.0234482 2.94711 0.184292 -2.39227 0 0 2.56669
0.494848 -0.478394 0.0234709 2.94593 0.185288 -2.39269 0 0 2.56582
0.494815 -0.478305 0.0234933 2.94477 0.186273 -2.39311 0 0 2.56494
0.494782 -0.478216 0.0235158 2.94361 0.187257 -2.39352 0 0 2.56407
0.494749 -0.478127 0.0235382 2.94245 0.188239 -2.39394 0 0 2.5632
0.494716 -0.478037 0.0235609 2.94127 0.189232 -2.39437 0 0 2.56233
0.494683 -0.477948 0.0235833 2.94011 0.190213 -2.39479 0 0 2.56146
0.494651 -0.477859 0.0236058 2.93894 0.191193 -2.39522 0 0 2.56059
0.494618 -0.477769 0.0236285 2.93776 0.192182 -2.39565 0 0 2.55972
0.494585 -0.47768 0.0236509 2.93659 0.19316 -2.39609 0 0 2.55884
0.494548 -0.477588 0.0236741 2.93538 0.194169 -2.39653 0 0 2.55724
0.494512 -0.477496 0.0236973 2.93417 0.195177 -2.39699 0 0 2.55565
0.494476 -0.477404 0.0237205 2.93296 0.196184 -2.39744 0 0 2.55406
0.49444 -0.477311 0.023744 2.93174 0.197201 -2.3979 0 0 2.55247
0.494404 -0.477219 0.0237672 2.93053 0.198206 -2.39836 0 0 2.55087
0.494368 -0.477127 0.0237904 2.92931 0.199209 -2.39882 0 0 2.54928
0.494332 -0.477035 0.0238136 2.9281 0.200212 -2.39928 0 0 2.54768
0.494295 -0.476942 0.0238451 2.92673 0.201338 -2.39981 0 0 2.54609
0.494259 -0.47685 0.0238773 2.92536 0.202466 -2.40034 0 0 2.5445
0.494223 -0.476758 0.0239095 2.92398 0.203592 -2.40087 0 0 2.54291
0.494187 -0.476666 0.0239416 2.9226 0.204717 -2.40141 0 0 2.54131
0.494151 -0.476573 0.0239742 2.92121 0.205853 -2.40195 0 0 2.53972
0.494115 -0.476481 0.0240064 2.91983 0.206976 -2.4025 0 0 2.53813
0.494079 -0.476389 0.0240386 2.91845 0.208097 -2.40304 0 0 2.53653
0.494042 -0.476297 0.0240708 2.91707 0.209217 -2.40359 0 0 2.53494
0.494006 -0.476205 0.024103 2.91568 0.210335 -2.40414 0 0 2.53335
0.493969 -0.476111 0.0241359 2.91426 0.211477 -2.40471 0 0 2.53156
0.49393 -0.476017 0.0241688 2.91284 0.212617 -2.40529 0 0 2.52954
0.49389 -0.475923 0.0242017 2.91142 0.213755 -2.40586 0 0 2.52751
0.493851 -0.475828 0.0242349 2.90998 0.214904 -2.40645 0 0 2.52548
0.493812 -0.475734 0.0242678 2.90856 0.21604 -2.40703 0 0 2.52345
0.493773 -0.475639 0.024301 2.90712 0.217186 -2.40762 0 0 2.52143
0.493734 -0.475545 0.0243339 2.90569 0.218318 -2.40821 0 0 2.5194
0.493695 -0.475451 0.0243668 2.90426 0.219449 -2.4088 0 0 2.51737
0.493655 -0.475356 0.0244001 2.90281 0.22059 -2.40941 0 0 2.51535
0.493616 -0.475262 0.024433 2.90138 0.221718 -2.41001 0 0 2.51332
0.493577 -0.475167 0.0244662 2.89993 0.222856 -2.41062 0 0 2.5113
0.493538 -0.475073 0.0244991 2.89849 0.22398 -2.41122 0 0 2.50927
0.493499 -0.474979 0.024532 2.89705 0.225103 -2.41184 0 0 2.50724
0.493459 -0.474884 0.0245652 2.89559 0.226235 -2.41246 0 0 2.50522
0.49342 -0.47479 0.0245981 2.89415 0.227355 -2.41307 0 0 2.50319
0.493381 -0.474695 0.0246314 2.89269 0.228484 -2.4137 0 0 2.50116
0.493342 -0.474601 0.0246643 2.89124 0.2296 -2.41433 0 0 2.49913
0.493304 -0.474508 0.0246968 2.88981 0.230702 -2.41495 0 0 2.49689
0.493267 -0.474414 0.0247297 2.88836 0.231815 -2.41558 0 0 2.49461
0.49323 -0.474321 0.0247623 2.88692 0.232913 -2.41621 0 0 2.49233
0.493193 -0.474228 0.0247948 2.88548 0.23401 -2.41684 0 0 2.49005
0.493156 -0.474135 0.0248274 2.88404 0.235106 -2.41748 0 0 2.48777
0.493118 -0.474041 0.0248603 2.88258 0.236211 -2.41812 0 0 2.48549
0.493081 -0.473948 0.0248928 2.88114 0.237302 -2.41876 0 0 2.48321
0.493044 -0.473855 0.0249253 2.87969 0.238392 -2.41941 0 0 2.48093
0.493007 -0.473761 0.0249582 2.87823 0.239492 -2.42006 0 0 2.47865
0.49297 -0.473668 0.0249908 2.87678 0.240578 -2.42072 0 0 2.47637
0.492932 -0.473575 0.0250233 2.87533 0.241662 -2.42137 0 0 2.47409
0.492895 -0.473482 0.0250559 2.87388 0.242744 -2.42203 0 0 2.47181
0.492858 -0.473388 0.0250888 2.87241 0.243836 -2.4227 0 0 2.46953
0.492821 -0.473295 0.0251213 2.87095 0.244915 -2.42337 0 0 2.46725
0.492783 -0.473202 0.0251539 2.86949 0.245991 -2.42404 0 0 2.46497
0.492746 -0.473108 0.0251867 2.86801 0.247077 -2.42472 0 0 2.46269
0.492709 -0.473015 0.0252193 2.86655 0.248149 -2.42539 0 0 2.46041
0.492672 -0.472922 0.0252518 2.86509 0.24922 -2.42607 0 0 2.45813
0.492635 -0.472829 0.0252844 2.86362 0.250288 -2.42676 0 0 2.45586
0.492597 -0.472735 0.0253173 2.86214 0.251366 -2.42745 0 0 2.45358
0.49256 -0.472642 0.0253535 2.861 0.252191 -2.42798 0 0 2.4513
0.492523 -0.472549 0.0253942 2.86026 0.252726 -2.42833 0 0 2.44902
0.492488 -0.472456 0.0254349 2.85952 0.253261 -2.42868 0 0 2.44662
0.492454 -0.472363 0.0254757 2.85878 0.253795 -2.42903 0 0 2.44418
0.49242 -0.47227 0.0255164 2.85804 0.254329 -2.42938 0 0 2.44175
0.492386 -0.472176 0.0255575 2.85729 0.254868 -2.42974 0 0 2.43931
0.492351 -0.472083 0.0255982 2.85655 0.255401 -2.43009 0 0 2.43687
0.492317 -0.47199 0.0256389 2.8558 0.255933 -2.43044 0 0 2.43444
0.492283 -0.471897 0.0256797 2.85506 0.256465 -2.4308 0 0 2.432
0.492249 -0.471804 0.0257204 2.85431 0.256996 -2.43115 0 0 2.42957
0.492215 -0.471711 0.0257611 2.85357 0.257527 -2.43151 0 0 2.42713
0.49218 -0.471618 0.0258018 2.85282 0.258058 -2.43186 0 0 2.42469
0.492146 -0.471525 0.0258425 2.85208 0.258588 -2.43222 0 0 2.42226
0.492112 -0.471432 0.0258832 2.85133 0.259117 -2.43258 0 0 2.41982
0.492078 -0.471339 0.0259239 2.85058 0.259646 -2.43294 0 0 2.41738
0.492044 -0.471246 0.0259646 2.84984 0.260175 -2.4333 0 0 2.41495
0.49201 -0.471153 0.0260053 2.84909 0.260703 -2.43366 0 0 2.41251
0.491975 -0.47106 0.0260461 2.84834 0.261231 -2.43402 0 0 2.41008
0.491941 -0.470965 0.0260876 2.84757 0.261769 -2.4344 0 0 2.40758
0.491904 -0.470866 0.026131 2.84677 0.26233 -2.43478 0 0 2.40485
0.491867 -0.470766 0.0261748 2.84597 0.262896 -2.43518 0 0 2.40212
0.491829 -0.470667 0.0262181 2.84517 0.263455 -2.43557 0 0 2.39939
0.491792 -0.470568 0.0262614 2.84437 0.264014 -2.43596 0 0 2.39665
0.491755 -0.470468 0.0263052 2.84356 0.264578 -2.43635 0 0 2.39392
0.491718 -0.470369 0.0263485 2.84276 0.265136 -2.43674 0 0 2.39119
0.491681 -0.470269 0.0263923 2.84195 0.265699 -2.43714 0 0 2.38845
0.491644 -0.47017 0.0264357 2.84114 0.266255 -2.43754 0 0 2.38572
0.491607 -0.47007 0.0264794 2.84033 0.266817 -2.43794 0 0 2.38299
0.49157 -0.469971 0.0265228 2.83953 0.267372 -2.43833 0 0 2.38026
0.491533 -0.469871 0.0265665 2.83872 0.267933 -2.43874 0 0 2.37752
0.491496 -0.469772 0.0266099 2.83791 0.268487 -2.43913 0 0 2.37479
0.491459 -0.469672 0.0266537 2.8371 0.269046 -2.43954 0 0 2.37206
0.491422 -0.469573 0.026697 2.83629 0.269599 -2.43994 0 0 2.36932
0.491385 -0.469474 0.0267403 2.83548 0.270152 -2.44034 0 0 2.36659
0.491348 -0.469374 0.0267841 2.83467 0.270709 -2.44075 0 0 2.36386
0.491305 -0.469268 0.0268305 2.8338 0.2713 -2.44118 0 0 2.36044
0.49126 -0.469158 0.0268787 2.8329 0.271911 -2.44163 0 0 2.35659
0.491215 -0.469048 0.0269268 2.832 0.272522 -2.44208 0 0 2.35276
0.49117 -0.468937 0.0269754 2.83109 0.273138 -2.44254 0 0 2.34891
0.491125 -0.468827 0.0270236 2.83019 0.273748 -2.44299 0 0 2.34507
0.491079 -0.468717 0.0270717 2.82929 0.274357 -2.44345 0 0 2.34123
0.491034 -0.468607 0.0271199 2.82839 0.274964 -2.4439 0 0 2.33739
0.490989 -0.468497 0.027168 2.82748 0.275572 -2.44436 0 0 2.33355
0.490944 -0.468386 0.0272166 2.82657 0.276184 -2.44482 0 0 2.32971
0.490899 -0.468276 0.0272648 2.82566 0.276789 -2.44528 0 0 2.32587
0.490853 -0.468166 0.0273129 2.82476 0.277394 -2.44574 0 0 2.32203
0.490808 -0.468056 0.0273611 2.82385 0.277998 -2.44621 0 0 2.31819
0.490763 -0.467946 0.0274092 2.82294 0.278602 -2.44667 0 0 2.31435
0.490718 -0.467835 0.0274578 2.82203 0.27921 -2.44714 0 0 2.31051
0.490672 -0.467725 0.027506 2.82112 0.279811 -2.44761 0 0 2.30667
0.490627 -0.467615 0.0275541 2.82021 0.280412 -2.44807 0 0 2.30283
0.490582 -0.467505 0.0276023 2.8193 0.281012 -2.44854 0 0 2.29899
0.490537 -0.467395 0.0276504 2.81839 0.281612 -2.44901 0 0 2.29515
0.490492 -0.467284 0.027699 2.81747 0.282216 -2.44949 0 0 2.29131
0.490446 -0.467174 0.0277472 2.81655 0.282813 -2.44996 0 0 2.28747
0.490401 -0.467064 0.0277953 2.81564 0.28341 -2.45043 0 0 2.28363
0.490356 -0.466954 0.0278435 2.81472 0.284006 -2.45091 0 0 2.27979
0.490306 -0.46684 0.0278934 2.81378 0.284623 -2.4514 0 0 2.27537
0.490253 -0.466723 0.0279446 2.8128 0.285255 -2.45191 0 0 2.27044
0.4902 -0.466606 0.0279958 2.81183 0.285886 -2.45242 0 0 2.26551
0.490146 -0.466488 0.0280475 2.81084 0.286522 -2.45293 0 0 2.26058
0.490093 -0.466371 0.0280987 2.80987 0.287151 -2.45344 0 0 2.25565
0.490039 -0.466254 0.0281499 2.80889 0.28778 -2.45396 0 0 2.25072
0.489986 -0.466137 0.0282011 2.80791 0.288407 -2.45447 0 0 2.24579
0.489933 -0.46602 0.0282523 2.80693 0.289033 -2.45499 0 0 2.24086
0.489879 -0.465903 0.0283036 2.80595 0.289659 -2.4555 0 0 2.23593
0.489826 -0.465786 0.0283548 2.80497 0.290283 -2.45602 0 0 2.231
0.489772 -0.465668 0.0284064 2.80398 0.290912 -2.45655 0 0 2.22607
0.489719 -0.465551 0.0284577 2.803 0.291534 -2.45707 0 0 2.22114
0.489666 -0.465434 0.0285089 2.80201 0.292156 -2.45759 0 0 2.21621
0.489612 -0.465317 0.0285601 2.80103 0.292776 -2.45812 0 0 2.21128
0.489559 -0.4652 0.0286113 2.80004 0.293396 -2.45864 0 0 2.20634
0.489505 -0.465083 0.0286625 2.79906 0.294014 -2.45917 0 0 2.20141
0.489452 -0.464966 0.0287137 2.79807 0.294632 -2.4597 0 0 2.19648
0.489395 -0.46484 0.0287689 2.797 0.295296 -2.46027 0 0 2.19117
0.489337 -0.464715 0.0288236 2.79595 0.295953 -2.46083 0 0 2.18584
0.489279 -0.464589 0.0288788 2.79488 0.296614 -2.46141 0 0 2.18051
0.489222 -0.464464 0.0289335 2.79382 0.297269 -2.46198 0 0 2.17518
0.489164 -0.464338 0.028996 2.79251 0.298082 -2.46269 0 0 2.16985
0.489107 -0.464212 0.0290641 2.791 0.299008 -2.46351 0 0 2.16452
0.489049 -0.464087 0.0291317 2.7895 0.299925 -2.46432 0 0 2.15919
0.488991 -0.463961 0.0291998 2.78799 0.300848 -2.46514 0 0 2.15386
0.488934 -0.463836 0.0292673 2.78649 0.30176 -2.46596 0 0 2.14853
0.488876 -0.46371 0.0293354 2.78497 0.302678 -2.46679 0 0 2.1432
0.488819 -0.463584 0.0294035 2.78345 0.303593 -2.46762 0 0 2.13787
0.488761 -0.463459 0.0294711 2.78194 0.3045 -2.46845 0 0 2.13253
0.488703 -0.463333 0.0295392 2.78042 0.305411 -2.46929 0 0 2.1272
0.488646 -0.463208 0.0296068 2.77891 0.306312 -2.47013 0 0 2.12187
0.488588 -0.463082 0.0296749 2.77738 0.307219 -2.47097 0 0 2.11654
0.488531 -0.462956 0.029743 2.77585 0.308123 -2.47182 0 0 2.11121
0.488471 -0.462827 0.0298127 2.77428 0.309046 -2.47269 0 0 2.10578
0.488407 -0.46269 0.0298867 2.77261 0.310024 -2.47362 0 0 2.10018
0.488343 -0.462554 0.0299602 2.77095 0.310992 -2.47455 0 0 2.09458
0.488279 -0.462417 0.0300343 2.76928 0.311964 -2.47549 0 0 2.08898
0.488215 -0.462281 0.0301078 2.76761 0.312926 -2.47642 0 0 2.08338
0.488152 -0.462144 0.0301818 2.76593 0.313892 -2.47737 0 0 2.07778
0.488088 -0.462008 0.0302553 2.76426 0.314849 -2.47831 0 0 2.07218
0.488024 -0.461871 0.0303294 2.76258 0.31581 -2.47927 0 0 2.06658
0.48796 -0.461735 0.0304029 2.7609 0.31676 -2.48022 0 0 2.06098
0.487896 -0.461598 0.0304769 2.75921 0.317715 -2.48118 0 0 2.05538
0.487833 -0.461462 0.0305504 2.75753 0.31866 -2.48214 0 0 2.04978
0.487769 -0.461325 0.0306245 2.75584 0.319609 -2.4831 0 0 2.04418
0.487705 -0.461189 0.030698 2.75415 0.320548 -2.48407 0 0 2.03858
0.487641 -0.461052 0.030772 2.75245 0.32149 -2.48505 0 0 2.03298
0.487577 -0.460916 0.0308455 2.75076 0.322423 -2.48602 0 0 2.02738
0.487513 -0.460779 0.0309196 2.74905 0.32336 -2.487 0 0 2.02178
0.48745 -0.460643 0.0309931 2.74736 0.324287 -2.48798 0 0 2.01618
0.487386 -0.460506 0.0310671 2.74565 0.325217 -2.48897 0 0 2.01058
0.487322 -0.46037 0.0311406 2.74394 0.326138 -2.48996 0 0 2.00498
0.487258 -0.460234 0.0312141 2.74224 0.327055 -2.49095 0 0 1.99938
0.487194 -0.460097 0.0312882 2.74052 0.327976 -2.49195 0 0 1.99378
0.48713 -0.459961 0.0313617 2.73881 0.328887 -2.49295 0 0 1.98818
0.487065 -0.459819 0.0314384 2.73703 0.329835 -2.494 0 0 1.98246
0.486994 -0.459666 0.0315211 2.7351 0.330852 -2.49513 0 0 1.97643
0.486923 -0.459512 0.0316043 2.73315 0.331872 -2.49628 0 0 1.9704
0.486853 -0.459359 0.031687 2.73122 0.332881 -2.49742 0 0 1.96437
0.486782 -0.459205 0.0317703 2.72927 0.333892 -2.49857 0 0 1.95835
0.486712 -0.459052 0.031853 2.72732 0.334893 -2.49972 0 0 1.95232
0.486641 -0.458898 0.0319387 2.72527 0.335947 -2.50094 0 0 1.9463
0.48657 -0.458745 0.0320348 2.72278 0.337213 -2.50243 0 0 1.94027
0.4865 -0.458591 0.0321316 2.72027 0.338481 -2.50392 0 0 1.93424
0.486429 -0.458438 0.0322277 2.71777 0.339734 -2.50542 0 0 1.92822
0.486359 -0.458284 0.0323245 2.71524 0.340989 -2.50694 0 0 1.92219
0.486288 -0.458131 0.0324206 2.71273 0.342228 -2.50845 0 0 1.91616
0.486217 -0.457977 0.0325173 2.7102 0.343469 -2.50998 0 0 1.91013
0.486147 -0.457823 0.0326141 2.70766 0.344703 -2.51152 0 0 1.90411
0.486076 -0.45767 0.0327102 2.70513 0.345922 -2.51306 0 0 1.89808
0.486005 -0.457516 0.032807 2.70257 0.347142 -2.51461 0 0 1.89205
0.485935 -0.457363 0.0329031 2.70003 0.348347 -2.51617 0 0 1.88603
0.48586 -0.457192 0.0330105 2.69718 0.349686 -2.51791 0 0 1.87981
0.485783 -0.457014 0.0331224 2.69421 0.35107 -2.51974 0 0 1.87352
0.485707 -0.456837 0.0332336 2.69125 0.352436 -2.52156 0 0 1.86723
0.48563 -0.456659 0.0333454 2.68826 0.3538 -2.52341 0 0 1.86094
0.485554 -0.456481 0.0334572 2.68526 0.355155 -2.52526 0 0 1.85465
0.485477 -0.456304 0.0335685 2.68228 0.356491 -2.52712 0 0 1.84835
0.485401 -0.456126 0.0336803 2.67926 0.357825 -2.529 0 0 1.84206
0.485324 -0.455948 0.0337921 2.67624 0.359149 -2.53088 0 0 1.83577
0.485248 -0.45577 0.033904 2.67322 0.360462 -2.53278 0 0 1.82948
0.485171 -0.455593 0.0340152 2.6702 0.361758 -2.53467 0 0 1.82319
0.485095 -0.455415 0.034127 2.66716 0.36305 -2.53659 0 0 1.81689
0.485018 -0.455237 0.0342388 2.66411 0.364332 -2.53851 0 0 1.8106
0.484942 -0.45506 0.03435 2.66107 0.365596 -2.54044 0 0 1.80431
0.484865 -0.454882 0.0344619 2.65801 0.366856 -2.54238 0 0 1.79802
0.484789 -0.454704 0.0345737 2.65494 0.368105 -2.54434 0 0 1.79173
0.484712 -0.454526 0.034693 2.65187 0.369338 -2.54629 0 0 1.78544
0.484634 -0.454344 0.0348301 2.64876 0.370576 -2.54828 0 0 1.77922
0.484548 -0.454136 0.0349867 2.64519 0.371978 -2.55057 0 0 1.77348
0.484462 -0.453927 0.0351441 2.64159 0.373373 -2.55289 0 0 1.76774
0.484375 -0.453718 0.0353014 2.63798 0.374753 -2.55521 0 0 1.76201
0.484289 -0.453509 0.0354588 2.63436 0.376118 -2.55756 0 0 1.75627
0.484203 -0.4533 0.0356162 2.63073 0.377469 -2.55991 0 0 1.75053
0.484116 -0.453091 0.0357735 2.62708 0.378804 -2.56228 0 0 1.74479
0.48403 -0.452882 0.0359309 2.62343 0.380124 -2.56466 0 0 1.73905
0.483944 -0.452673 0.0360883 2.61976 0.381429 -2.56705 0 0 1.73332
0.483857 -0.452464 0.0362456 2.61608 0.382718 -2.56946 0 0 1.72758
0.483771 -0.452255 0.036403 2.6124 0.383992 -2.57188 0 0 1.72184
0.483685 -0.452047 0.0365596 2.60872 0.385244 -2.5743 0 0 1.7161
0.483598 -0.451838 0.036717 2.60501 0.386485 -2.57675 0 0 1.71036
0.483512 -0.451629 0.0368744 2.60129 0.387711 -2.57921 0 0 1.70463
0.483426 -0.45142 0.0370317 2.59756 0.38892 -2.58168 0 0 1.69889
0.483339 -0.451211 0.0371891 2.59382 0.390113 -2.58416 0 0 1.69315
0.483253 -0.451002 0.0373465 2.59007 0.391289 -2.58665 0 0 1.68741
0.483167 -0.450793 0.0375039 2.58631 0.392448 -2.58916 0 0 1.68168
0.48308 -0.450584 0.0376612 2.58254 0.393591 -2.59168 0 0 1.67594
0.482994 -0.450375 0.0378186 2.57875 0.394716 -2.59421 0 0 1.6702
0.482908 -0.450166 0.037976 2.57497 0.395824 -2.59675 0 0 1.66446
0.482821 -0.449958 0.0381326 2.57118 0.39691 -2.59929 0 0 1.65872
0.482735 -0.449747 0.0382915 2.56734 0.397993 -2.60188 0 0 1.65298
0.48264 -0.449507 0.0384722 2.56295 0.399204 -2.60484 0 0 1.64712
0.482544 -0.449267 0.0386529 2.55856 0.400391 -2.60781 0 0 1.64126
0.482449 -0.449027 0.0388336 2.55415 0.401555 -2.6108 0 0 1.6354
0.482354 -0.448787 0.039021 2.54976 0.402685 -2.61377 0 0 1.62954
0.482259 -0.448547 0.039248 2.54557 0.403743 -2.61663 0 0 1.62368
0.482163 -0.448307 0.039475 2.54136 0.404779 -2.61949 0 0 1.61782
0.482068 -0.448067 0.039702 2.53714 0.405794 -2.62238 0 0 1.61196
0.481973 -0.447827 0.0399289 2.53291 0.406787 -2.62527 0 0 1.6061
0.481878 -0.447587 0.0401559 2.52866 0.407759 -2.62818 0 0 1.60024
0.481783 -0.447347 0.0403829 2.5244 0.408709 -2.6311 0 0 1.59438
0.481687 -0.447107 0.0406099 2.52014 0.409637 -2.63403 0 0 1.58852
0.481592 -0.446867 0.0408369 2.51586 0.410543 -2.63697 0 0 1.58266
0.481497 -0.446627 0.0410638 2.51156 0.411426 -2.63993 0 0 1.5768
0.481402 -0.446387 0.0412908 2.50726 0.412287 -2.6429 0 0 1.57094
0.481307 -0.446147 0.0415178 2.50295 0.413125 -2.64588 0 0 1.56508
0.481211 -0.445907 0.0417448 2.49863 0.41394 -2.64887 0 0 1.55922
0.481113 -0.445652 0.041986 2.49402 0.414781 -2.65206 0 0 1.55341
0.481012 -0.44538 0.0422432 2.4891 0.415648 -2.65548 0 0 1.54766
0.480911 -0.445108 0.0425004 2.48416 0.416486 -2.65891 0 0 1.5419
0.48081 -0.444835 0.0427586 2.47919 0.417296 -2.66236 0 0 1.53615
0.480708 -0.444563 0.0430159 2.47423 0.418073 -2.66582 0 0 1.5304
0.480607 -0.444291 0.0432835 2.46946 0.418789 -2.66915 0 0 1.52464
0.480506 -0.444019 0.0435555 2.46475 0.419466 -2.67243 0 0 1.51889
0.480405 -0.443747 0.0438274 2.46004 0.420115 -2.67573 0 0 1.51314
0.480304 -0.443475 0.0440994 2.45531 0.420736 -2.67904 0 0 1.50738
0.480202 -0.443203 0.0443714 2.45058 0.42133 -2.68236 0 0 1.50163
0.480101 -0.44293 0.0446444 2.44581 0.421897 -2.6857 0 0 1.49588
0.48 -0.442658 0.0449164 2.44105 0.422434 -2.68904 0 0 1.49012
0.479899 -0.442386 0.0451884 2.43628 0.422943 -2.69239 0 0 1.48437
0.479797 -0.442114 0.0454604 2.4315 0.423423 -2.69575 0 0 1.47862
0.479696 -0.441842 0.0457324 2.4267 0.423874 -2.69912 0 0 1.47286
0.479595 -0.44157 0.0460044 2.4219 0.424296 -2.7025 0 0 1.46711
0.479494 -0.441297 0.0462774 2.41707 0.42469 -2.7059 0 0 1.46136
0.479389 -0.440996 0.0465784 2.41174 0.425091 -2.70966 0 0 1.4554
0.479284 -0.440691 0.0468834 2.40633 0.42546 -2.71348 0 0 1.44941
0.479178 -0.440386 0.0471884 2.4009 0.425792 -2.7173 0 0 1.44343
0.479073 -0.440081 0.0475075 2.39474 0.426122 -2.72165 0 0 1.43744
0.478968 -0.439776 0.0478837 2.38564 0.426521 -2.72808 0 0 1.43146
0.478863 -0.439471 0.0482599 2.37649 0.426813 -2.73454 0 0 1.42548
0.478757 -0.439166 0.0486361 2.36732 0.426999 -2.74103 0 0 1.41949
0.478652 -0.438861 0.0490123 2.35811 0.427076 -2.74754 0 0 1.41351
0.478547 -0.438556 0.0493885 2.34887 0.427044 -2.75407 0 0 1.40752
0.478442 -0.438251 0.0497647 2.33961 0.426902 -2.76062 0 0 1.40154
0.478336 -0.437947 0.0501396 2.33036 0.426649 -2.76716 0 0 1.39555
0.478231 -0.437642 0.0505158 2.32105 0.426283 -2.77373 0 0 1.38957
0.478126 -0.437337 0.050892 2.31173 0.425805 -2.78031 0 0 1.38358
0.47802 -0.437032 0.0512682 2.30239 0.425214 -2.7869 0 0 1.3776
0.477915 -0.436727 0.0516444 2.29304 0.424508 -2.79349 0 0 1.37162
0.47781 -0.436422 0.0520206 2.28368 0.423689 -2.80008 0 0 1.36563
0.477705 -0.436117 0.0523968 2.27431 0.422754 -2.80667 0 0 1.35965
0.477599 -0.435812 0.052773 2.26493 0.421705 -2.81324 0 0 1.35366
0.477494 -0.435507 0.0532507 2.25449 0.420399 -2.82056 0 0 1.34768
0.477389 -0.435202 0.0537321 2.24398 0.418943 -2.8279 0 0 1.34169
0.477284 -0.434897 0.0542136 2.23347 0.41734 -2.83523 0 0 1.33571
0.477178 -0.434592 0.054695 2.22295 0.415588 -2.84255 0 0 1.32973
0.47707 -0.434265 0.0552112 2.21166 0.413547 -2.85037 0 0 1.32424
0.47696 -0.433933 0.0557353 2.2002 0.4113 -2.85829 0 0 1.31889
0.476851 -0.4336 0.0562609 2.18872 0.40887 -2.86619 0 0 1.31353
0.476741 -0.433267 0.0567866 2.17724 0.406263 -2.87405 0 0 1.30818
0.476632 -0.432935 0.0573278 2.16742 0.403892 -2.88075 0 0 1.30282
0.476523 -0.432602 0.0579026 2.16057 0.40216 -2.88541 0 0 1.29747
0.476413 -0.43227 0.0584756 2.15375 0.400369 -2.89003 0 0 1.29211
0.476304 -0.431937 0.0590504 2.14691 0.39851 -2.89465 0 0 1.28676
0.476194 -0.431604 0.0596251 2.14007 0.396587 -2.89926 0 0 1.2814
0.476085 -0.431272 0.0601981 2.13326 0.394606 -2.90383 0 0 1.27605
0.475975 -0.430939 0.0607729 2.12644 0.392556 -2.90839 0 0 1.27069
0.475866 -0.430607 0.0613459 2.11964 0.39045 -2.91292 0 0 1.26534
0.475756 -0.430274 0.0619207 2.11283 0.388275 -2.91744 0 0 1.25998
0.475647 -0.429942 0.0624937 2.10606 0.386043 -2.92191 0 0 1.25463
0.475537 -0.429609 0.0630781 2.0989 0.383618 -2.92662 0 0 1.24927
0.475428 -0.429276 0.0637695 2.08772 0.379678 -2.93394 0 0 1.24392
0.475317 -0.428938 0.0644713 2.07639 0.375503 -2.94129 0 0 1.23865
0.475203 -0.42858 0.0652147 2.06442 0.370887 -2.949 0 0 1.23368
0.475088 -0.428221 0.0659601 2.05245 0.366061 -2.95663 0 0 1.2287
0.474973 -0.427863 0.0667034 2.04054 0.361054 -2.96415 0 0 1.22373
0.474858 -0.427505 0.0674467 2.02869 0.355855 -2.97155 0 0 1.21876
0.474744 -0.427147 0.0681901 2.01688 0.350466 -2.97885 0 0 1.21379
0.474629 -0.426788 0.0689355 2.00509 0.344875 -2.98605 0 0 1.20882
0.474514 -0.42643 0.0696788 1.99339 0.339117 -2.9931 0 0 1.20385
0.474399 -0.426072 0.0705789 1.97624 0.330296 -3.00328 0 0 1.19888
0.474284 -0.425713 0.0716048 1.95484 0.318652 -3.01566 0 0 1.19391
0.47417 -0.425355 0.0726279 1.93369 0.306434 -3.02755 0 0 1.18894
0.474055 -0.424997 0.073651 1.91273 0.293637 -3.03894 0 0 1.18397
0.47394 -0.424638 0.0747316 1.89354 0.281311 -3.04901 0 0 1.179
0.473825 -0.42428 0.0759237 1.87792 0.270844 -3.05694 0 0 1.17403
0.473711 -0.423922 0.0771158 1.8624 0.26007 -3.06456 0 0 1.16905
0.473596 -0.423563 0.0783112 1.84696 0.248971 -3.07187 0 0 1.16408
0.473481 -0.423205 0.0795033 1.83168 0.237624 -3.07883 0 0 1.15911
0.473359 -0.42283 0.0809467 1.82147 0.229845 -3.08332 0 0 1.15427
0.473234 -0.422446 0.0828978 1.82484 0.232433 -3.08185 0 0 1.1495
0.473109 -0.422061 0.0848539 1.82823 0.235015 -3.08036 0 0 1.14473
0.472984 -0.421677 0.086805 1.83161 0.237577 -3.07886 0 0 1.13996
0.472859 -0.421292 0.0887612 1.83501 0.240131 -3.07734 0 0 1.13519
0.472734 -0.420908 0.0900438 1.8978 0.284097 -3.04681 0 0 1.13042
0.472608 -0.420524 0.0912043 1.97543 0.329871 -3.00375 0 0 1.12565
0.472483 -0.420139 0.0923678 2.05682 0.367848 -2.95385 0 0 1.12088
0.472358 -0.419755 0.0935282 2.1402 0.396622 -2.89917 0 0 1.11611
0.472233 -0.41937 0.0946917 2.22425 0.415814 -2.84164 0 0 1.11134
0.472108 -0.418986 0.0958522 2.30665 0.425497 -2.7839 0 0 1.10657
0.471982 -0.418602 0.0967542 2.37623 0.42682 -2.73473 0 0 1.1018
0.471857 -0.418217 0.0969533 2.41838 0.424587 -2.70498 0 0 1.09703
0.471732 -0.417833 0.0971519 2.46052 0.420049 -2.67539 0 0 1.09226
0.471607 -0.417449 0.0973504 2.50251 0.413208 -2.64618 0 0 1.08749
0.471482 -0.417064 0.0975495 2.54422 0.404078 -2.61755 0 0 1.08272
0.471356 -0.41668 0.097748 2.58519 0.392789 -2.58991 0 0 1.07795
0.471231 -0.416295 0.0979471 2.62544 0.379401 -2.56335 0 0 1.07318
0.471106 -0.415911 0.0981456 2.66459 0.364132 -2.53821 0 0 1.06841
0.470981 -0.415527 0.0983442 2.70261 0.347126 -2.51459 0 0 1.06364
0.470856 -0.415142 0.0985432 2.73948 0.328529 -2.49256 0 0 1.05887
0.47073 -0.414758 0.0987418 2.77496 0.308647 -2.47232 0 0 1.0541
0.470598 -0.414361 0.098947 2.81022 0.286922 -2.45326 0 0 1.04922
0.47046 -0.413955 0.099157 2.84479 0.263719 -2.43575 0 0 1.04426
0.470321 -0.413549 0.0993669 2.87786 0.239769 -2.42023 0 0 1.0393
0.470183 -0.413143 0.0995768 2.90948 0.21531 -2.40665 0 0 1.03435
0.470045 -0.412736 0.0997872 2.93976 0.190502 -2.39492 0 0 1.02939
0.469906 -0.41233 0.0999971 2.96864 0.165672 -2.385 0 0 1.02443
0.469768 -0.411924 0.099999 2.97717 0.158129 -2.38232 0 0 1.01947
0.46963 -0.411518 0.099999 2.9855 0.150681 -2.37981 0 0 1.01451
0.469491 -0.411111 0.099999 2.99382 0.143159 -2.37743 0 0 1.00955
0.469353 -0.410705 0.099999 3.00209 0.135603 -2.37518 0 0 1.00459
0.469215 -0.410299 0.099999 3.01033 0.127999 -2.37305 0 0 0.999629
0.469076 -0.409893 0.099999 3.01854 0.120351 -2.37104 0 0 0.99467
0.468938 -0.409486 0.099999 3.02674 0.112643 -2.36916 0 0 0.98971
0.4688 -0.40908 0.099999 3.0349 0.104918 -2.36741 0 0 0.984751
0.468661 -0.408674 0.099999 3.04303 0.0971601 -2.36579 0 0 0.979792
0.468523 -0.408268 0.099999 3.05113 0.089374 -2.36429 0 0 0.974832
0.468385 -0.407861 0.099999 3.05922 0.0815443 -2.36292 0 0 0.969873
0.468239 -0.407443 0.099999 3.06751 0.0734819 -2.36164 0 0 0.964734
0.468094 -0.407025 0.099999 3.07577 0.0654023 -2.3605 0 0 0.959591
0.467948 -0.406606 0.099999 3.08402 0.0572907 -2.35949 0 0 0.954449
0.467802 -0.406188 0.099999 3.09222 0.0491902 -2.35862 0 0 0.949307
0.467657 -0.405769 0.099999 3.10042 0.0410665 -2.35789 0 0 0.944165
0.467511 -0.405351 0.099999 3.10858 0.0329626 -2.35728 0 0 0.939022
0.467366 -0.404932 0.099999 3.11673 0.0248442 -2.35681 0 0 0.93388
0.46722 -0.404514 0.099999 3.12483 0.0167542 -2.35648 0 0 0.928738
0.467074 -0.404096 0.099999 3.13291 0.00867764 -2.35627 0 0 0.923595
0.466929 -0.403677 0.099999 3.14099 0.00059931 -2.35619 0 0 0.918453
0.466783 -0.403259 0.099999 3.14159 0 -2.35619 0 0 0.913311
0.466637 -0.40284 0.099999 3.14159 0 -2.35619 0 0 0.908168
0.466492 -0.402422 0.099999 3.14159 0 -2.35619 0 0 0.903026
0.466346 -0.402003 0.099999 3.14159 0 -2.35619 0 0 0.897884
0.466201 -0.401585 0.099999 3.14159 0 -2.35619 0 0 0.892742
0.466055 -0.401166 0.099999 3.14159 0 -2.35619 0 0 0.887599
0.465909 -0.400747 0.099999 3.14159 0 -2.35619 0 0 0.88304
0.465762 -0.400326 0.099999 3.14159 0 -2.35619 0 0 0.879329
0.465615 -0.399905 0.099999 3.14159 0 -2.35619 0 0 0.875617
0.465468 -0.399484 0.099999 3.14159 0 -2.35619 0 0 0.871906
0.465321 -0.399063 0.099999 3.14159 0 -2.35619 0 0 0.868194
0.465174 -0.398641 0.099999 3.14159 0 -2.35619 0 0 0.864483
0.465027 -0.39822 0.099999 3.14159 0 -2.35619 0 0 0.860771
0.464881 -0.397799 0.099999 3.14159 0 -2.35619 0 0 0.857059
0.464734 -0.397378 0.099999 3.14159 0 -2.35619 0 0 0.853348
0.464587 -0.396957 0.099999 3.14159 0 -2.35619 0 0 0.849636
0.46444 -0.396536 0.099999 3.14159 0 -2.35619 0 0 0.845925
0.464293 -0.396115 0.099999 3.14159 0 -2.35619 0 0 0.842213
0.464146 -0.395694 0.099999 3.14159 0 -2.35619 0 0 0.838502
0.463999 -0.395272 0.099999 3.14159 0 -2.35619 0 0 0.83479
0.463852 -0.394851 0.099999 3.14159 0 -2.35619 0 0 0.831079
0.463705 -0.39443 0.099999 3.14159 0 -2.35619 0 0 0.827367
0.463558 -0.394009 0.099999 3.14159 0 -2.35619 0 0 0.823655
0.463411 -0.393588 0.099999 3.14159 0 -2.35619 0 0 0.819944
0.463265 -0.393167 0.099999 3.14159 0 -2.35619 0 0 0.816232
0.463118 -0.392746 0.099999 3.14159 0 -2.35619 0 0 0.812521
0.462971 -0.392325 0.099999 3.14159 0 -2.35619 0 0 0.808809
0.462824 -0.391904 0.099999 3.14159 0 -2.35619 0 0 0.805098
0.462676 -0.391481 0.099999 3.14159 0 -2.35619 0 0 0.80162
0.462527 -0.391056 0.099999 3.14159 0 -2.35619 0 0 0.79866
0.462377 -0.39063 0.099999 3.14159 0 -2.35619 0 0 0.795701
0.462228 -0.390205 0.099999 3.14159 0 -2.35619 0 0 0.792741
0.462078 -0.389779 0.099999 3.14159 0 -2.35619 0 0 0.789781
0.461929 -0.389354 0.099999 3.14159 0 -2.35619 0 0 0.786822
0.46178 -0.388929 0.099999 3.14159 0 -2.35619 0 0 0.783862
0.46163 -0.388503 0.099999 3.14159 0 -2.35619 0 0 0.780903
0.461481 -0.388078 0.099999 3.14159 0 -2.35619 0 0 0.777943
0.461331 -0.387652 0.099999 3.14159 0 -2.35619 0 0 0.774984
0.461182 -0.387227 0.099999 3.14159 0 -2.35619 0 0 0.772024
0.461032 -0.386801 0.099999 3.14159 0 -2.35619 0 0 0.769064
0.460883 -0.386376 0.099999 3.14159 0 -2.35619 0 0 0.766105
0.460733 -0.385951 0.099999 3.14159 0 -2.35619 0 0 0.763145
0.460584 -0.385525 0.099999 3.14159 0 -2.35619 0 0 0.760186
0.460435 -0.3851 0.099999 3.14159 0 -2.35619 0 0 0.757226
0.460285 -0.384674 0.099999 3.14159 0 -2.35619 0 0 0.754267
0.46013 -0.384247 0.099999 3.14159 0 -2.35619 0 0 0.751508
0.459974 -0.383819 0.099999 3.14159 0 -2.35619 0 0 0.74882
0.459817 -0.383391 0.099999 3.14159 0 -2.35619 0 0 0.746133
0.45966 -0.382962 0.099999 3.14159 0 -2.35619 0 0 0.743445
0.459504 -0.382534 0.099999 3.14159 0 -2.35619 0 0 0.740758
0.459347 -0.382106 0.099999 3.14159 0 -2.35619 0 0 0.73807
0.459191 -0.381678 0.099999 3.14159 0 -2.35619 0 0 0.735383
0.459034 -0.38125 0.099999 3.14159 0 -2.35619 0 0 0.732695
0.458877 -0.380821 0.099999 3.14159 0 -2.35619 0 0 0.730008
0.458721 -0.380393 0.099999 3.14159 0 -2.35619 0 0 0.72732
0.458564 -0.379965 0.099999 3.14159 0 -2.35619 0 0 0.724633
0.458407 -0.379537 0.099999 3.14159 0 -2.35619 0 0 0.721945
0.458251 -0.379109 0.099999 3.14159 0 -2.35619 0 0 0.719258
0.458094 -0.37868 0.099999 3.14159 0 -2.35619 0 0 0.71657
0.457938 -0.378252 0.099999 3.14159 0 -2.35619 0 0 0.713883
0.457781 -0.377824 0.099999 3.14159 0 -2.35619 0 0 0.711195
0.457623 -0.377396 0.099999 3.14159 0 -2.35619 0 0 0.708552
0.457461 -0.37697 0.099999 3.14159 0 -2.35619 0 0 0.706132
0.457298 -0.376544 0.099999 3.14159 0 -2.35619 0 0 0.703712
0.457135 -0.376118 0.099999 3.14159 0 -2.35619 0 0 0.701292
0.456972 -0.375692 0.099999 3.14159 0 -2.35619 0 0 0.698872
0.456809 -0.375265 0.099999 3.14159 0 -2.35619 0 0 0.696453
0.456647 -0.374839 0.099999 3.14159 0 -2.35619 0 0 0.694033
0.456484 -0.374413 0.099999 3.14159 0 -2.35619 0 0 0.691613
0.456321 -0.373987 0.099999 3.14159 0 -2.35619 0 0 0.689193
0.456158 -0.373561 0.099999 3.14159 0 -2.35619 0 0 0.686773
0.455996 -0.373135 0.099999 3.14159 0 -2.35619 0 0 0.684354
0.455833 -0.372709 0.099999 3.14159 0 -2.35619 0 0 0.681934
0.45567 -0.372283 0.099999 3.14159 0 -2.35619 0 0 0.679514
0.455507 -0.371856 0.099999 3.14159 0 -2.35619 0 0 0.677094
0.455344 -0.37143 0.099999 3.14159 0 -2.35619 0 0 0.674674
0.455182 -0.371004 0.099999 3.14159 0 -2.35619 0 0 0.672255
0.455019 -0.370578 0.099999 3.14159 0 -2.35619 0 0 0.669835
0.454856 -0.370152 0.099999 3.14159 0 -2.35619 0 0 0.667415
0.454693 -0.369726 0.099999 3.14159 0 -2.35619 0 0 0.664995
0.45453 -0.3693 0.099999 3.14159 0 -2.35619 0 0 0.662575
0.454368 -0.368873 0.099999 3.14159 0 -2.35619 0 0 0.660155
0.454205 -0.368447 0.099999 3.14159 0 -2.35619 0 0 0.657736
0.454042 -0.368022 0.099999 3.14159 0 -2.35619 0 0 0.65534
0.453875 -0.367606 0.099999 3.14159 0 -2.35619 0 0 0.653273
0.453709 -0.36719 0.099999 3.14159 0 -2.35619 0 0 0.651207
0.453542 -0.366774 0.099999 3.14159 0 -2.35619 0 0 0.649141
0.453375 -0.366358 0.099999 3.14159 0 -2.35619 0 0 0.647074
0.453209 -0.365942 0.099999 3.14159 0 -2.35619 0 0 0.645008
0.453042 -0.365527 0.099999 3.14159 0 -2.35619 0 0 0.642942
0.452876 -0.365111 0.099999 3.14159 0 -2.35619 0 0 0.640875
0.452709 -0.364695 0.099999 3.14159 0 -2.35619 0 0 0.638809
0.452542 -0.364279 0.099999 3.14159 0 -2.35619 0 0 0.636743
0.452376 -0.363863 0.099999 3.14159 0 -2.35619 0 0 0.634676
0.452209 -0.363447 0.099999 3.14159 0 -2.35619 0 0 0.63261
0.452042 -0.363031 0.099999 3.14159 0 -2.35619 0 0 0.630544
0.451876 -0.362615 0.099999 3.14159 0 -2.35619 0 0 0.628477
0.451709 -0.3622 0.099999 3.14159 0 -2.35619 0 0 0.626411
0.451543 -0.361784 0.099999 3.14159 0 -2.35619 0 0 0.624345
0.451376 -0.361368 0.099999 3.14159 0 -2.35619 0 0 0.622278
0.451207 -0.360961 0.099999 3.14159 0 -2.35619 0 0 0.620129
0.451037 -0.360565 0.099999 3.14159 0 -2.35619 0 0 0.617896
0.450866 -0.360168 0.099999 3.14159 0 -2.35619 0 0 0.615662
0.450696 -0.359772 0.099999 3.14159 0 -2.35619 0 0 0.613429
0.450525 -0.359375 0.099999 3.14159 0 -2.35619 0 0 0.611196
0.450354 -0.358979 0.099999 3.14159 0 -2.35619 0 0 0.608962
0.450184 -0.358582 0.099999 3.14159 0 -2.35619 0 0 0.606729
0.450013 -0.358186 0.099999 3.14159 0 -2.35619 0 0 0.604496
0.449842 -0.357789 0.099999 3.14159 0 -2.35619 0 0 0.602262
0.449672 -0.357393 0.099999 3.14159 0 -2.35619 0 0 0.600029
0.449501 -0.356996 0.099999 3.14159 0 -2.35619 0 0 0.597795
0.449331 -0.356599 0.099999 3.14159 0 -2.35619 0 0 0.595562
0.44916 -0.356203 0.099999 3.14159 0 -2.35619 0 0 0.593329
0.448989 -0.355806 0.099999 3.14159 0 -2.35619 0 0 0.591095
0.448819 -0.35541 0.099999 3.14159 0 -2.35619 0 0 0.588862
0.448648 -0.355013 0.099999 3.14159 0 -2.35619 0 0 0.586628
0.448477 -0.354617 0.099999 3.14159 0 -2.35619 0 0 0.584395
0.448309 -0.354246 0.099999 3.14159 0 -2.35619 0 0 0.582127
0.44814 -0.353877 0.099999 3.14159 0 -2.35619 0 0 0.579855
0.447972 -0.353509 0.099999 3.14159 0 -2.35619 0 0 0.577584
0.447804 -0.35314 0.099999 3.14159 0 -2.35619 0 0 0.575313
0.447635 -0.352772 0.099999 3.14159 0 -2.35619 0 0 0.573042
0.447467 -0.352403 0.099999 3.14159 0 -2.35619 0 0 0.57077
0.447299 -0.352035 0.099999 3.14159 0 -2.35619 0 0 0.568499
0.44713 -0.351666 0.099999 3.14159 0 -2.35619 0 0 0.566228
0.446962 -0.351298 0.099999 3.14159 0 -2.35619 0 0 0.563956
0.446793 -0.350929 0.099999 3.14159 0 -2.35619 0 0 0.561685
0.446625 -0.350561 0.099999 3.14159 0 -2.35619 0 0 0.559414
0.446457 -0.350192 0.099999 3.14159 0 -2.35619 0 0 0.557143
0.446288 -0.349824 0.099999 3.14159 0 -2.35619 0 0 0.554871
0.44612 -0.349455 0.099999 3.14159 0 -2.35619 0 0 0.5526
0.445952 -0.349086 0.099999 3.14159 0 -2.35619 0 0 0.550329
0.445783 -0.348718 0.099999 3.14159 0 -2.35619 0 0 0.548058
0.445615 -0.348349 0.099999 3.14159 0 -2.35619 0 0 0.545786
0.445446 -0.347981 0.099999 3.14159 0 -2.35619 0 0 0.543515
0.445278 -0.347612 0.099999 3.14159 0 -2.35619 0 0 0.541244
0.44511 -0.347244 0.099999 3.14159 0 -2.35619 0 0 0.538972
0.444941 -0.346875 0.099999 3.14159 0 -2.35619 0 0 0.536701
0.444773 -0.346507 0.099999 3.14159 0 -2.35619 0 0 0.53443
0.44461 -0.346164 0.099999 3.14159 0 -2.35619 0 0 0.531813
0.444447 -0.345828 0.099999 3.14159 0 -2.35619 0 0 0.529122
0.444285 -0.345491 0.099999 3.14159 0 -2.35619 0 0 0.526432
0.444123 -0.345155 0.099999 3.14159 0 -2.35619 0 0 0.523741
0.44396 -0.344818 0.099999 3.14159 0 -2.35619 0 0 0.52105
0.443798 -0.344482 0.099999 3.14159 0 -2.35619 0 0 0.51836
0.443636 -0.344145 0.099999 3.14159 0 -2.35619 0 0 0.515669
0.443473 -0.343808 0.099999 3.14159 0 -2.35619 0 0 0.512978
0.443311 -0.343472 0.099999 3.14159 0 -2.35619 0 0 0.510288
0.443149 -0.343135 0.099999 3.14159 0 -2.35619 0 0 0.507597
0.442986 -0.342799 0.099999 3.14159 0 -2.35619 0 0 0.504906
0.442824 -0.342462 0.099999 3.14159 0 -2.35619 0 0 0.502216
0.442662 -0.342126 0.099999 3.14159 0 -2.35619 0 0 0.499525
0.4425 -0.341789 0.099999 3.14159 0 -2.35619 0 0 0.496835
0.442337 -0.341452 0.099999 3.14159 0 -2.35619 0 0 0.494144
0.442175 -0.341116 0.099999 3.14159 0 -2.35619 0 0 0.491453
0.442014 -0.340788 0.099999 3.14159 0 -2.35619 0 0 0.488701
0.441858 -0.340487 0.099999 3.14159 0 -2.35619 0 0 0.485763
0.441701 -0.340186 0.099999 3.14159 0 -2.35619 0 0 0.482825
0.441545 -0.339886 0.099999 3.14159 0 -2.35619 0 0 0.479887
0.441388 -0.339585 0.099999 3.14159 0 -2.35619 0 0 0.47695
0.441232 -0.339284 0.099999 3.14159 0 -2.35619 0 0 0.474012
0.441076 -0.338983 0.099999 3.14159 0 -2.35619 0 0 0.471074
0.440919 -0.338682 0.099999 3.14159 0 -2.35619 0 0 0.468137
0.440763 -0.338381 0.099999 3.14159 0 -2.35619 0 0 0.465199
0.440606 -0.33808 0.099999 3.14159 0 -2.35619 0 0 0.462261
0.44045 -0.337779 0.099999 3.14159 0 -2.35619 0 0 0.459324
0.440294 -0.337478 0.099999 3.14159 0 -2.35619 0 0 0.456386
0.440137 -0.337177 0.099999 3.14159 0 -2.35619 0 0 0.453448
0.439981 -0.336877 0.099999 3.14159 0 -2.35619 0 0 0.450511
0.439824 -0.336576 0.099999 3.14159 0 -2.35619 0 0 0.447573
0.439668 -0.336275 0.099999 3.14159 0 -2.35619 0 0 0.444635
0.439511 -0.335974 0.099999 3.14159 0 -2.35619 0 0 0.441698
0.439361 -0.3357 0.099999 3.14159 0 -2.35619 0 0 0.438887
0.439214 -0.335439 0.099999 3.14159 0 -2.35619 0 0 0.436137
0.439066 -0.335178 0.099999 3.14159 0 -2.35619 0 0 0.433387
0.438919 -0.334917 0.099999 3.14159 0 -2.35619 0 0 0.430637
0.438771 -0.334656 0.099999 3.14159 0 -2.35619 0 0 0.427887
0.438623 -0.334396 0.099999 3.14159 0 -2.35619 0 0 0.425137
0.438476 -0.334135 0.099999 3.14159 0 -2.35619 0 0 0.422386
0.438328 -0.333874 0.099999 3.14159 0 -2.35619 0 0 0.419636
0.438181 -0.333613 0.099999 3.14159 0 -2.35619 0 0 0.416886
0.438033 -0.333352 0.099999 3.14159 0 -2.35619 0 0 0.414136
0.437886 -0.333091 0.099999 3.14159 0 -2.35619 0 0 0.411386
0.437738 -0.33283 0.099999 3.14159 0 -2.35619 0 0 0.408636
0.437591 -0.332569 0.099999 3.14159 0 -2.35619 0 0 0.405886
0.437443 -0.332308 0.099999 3.14159 0 -2.35619 0 0 0.403135
0.437296 -0.332047 0.099999 3.14159 0 -2.35619 0 0 0.400385
0.437148 -0.331787 0.099999 3.14159 0 -2.35619 0 0 0.397635
0.437001 -0.331526 0.099999 3.14159 0 -2.35619 0 0 0.394885
0.436853 -0.331265 0.099999 3.14159 0 -2.35619 0 0 0.392135
0.436706 -0.331004 0.099999 3.14159 0 -2.35619 0 0 0.389385
0.436558 -0.330743 0.099999 3.14159 0 -2.35619 0 0 0.386635
0.43641 -0.330482 0.099999 3.14159 0 -2.35619 0 0 0.383884
0.436263 -0.330221 0.099999 3.14159 0 -2.35619 0 0 0.381134
0.436123 -0.329983 0.099999 3.14159 0 -2.35619 0 0 0.377927
0.435989 -0.329762 0.099999 3.14159 0 -2.35619 0 0 0.37439
0.435855 -0.329541 0.099999 3.14159 0 -2.35619 0 0 0.370853
0.435721 -0.32932 0.099999 3.14159 0 -2.35619 0 0 0.367316
0.435587 -0.329098 0.099999 3.14159 0 -2.35619 0 0 0.363779
0.435453 -0.328877 0.099999 3.14159 0 -2.35619 0 0 0.360242
0.435319 -0.328656 0.099999 3.14159 0 -2.35619 0 0 0.356704
0.435184 -0.328435 0.099999 3.14159 0 -2.35619 0 0 0.353167
0.43505 -0.328213 0.099999 3.14159 0 -2.35619 0 0 0.34963
0.434916 -0.327992 0.099999 3.14159 0 -2.35619 0 0 0.346093
0.434782 -0.327771 0.099999 3.14159 0 -2.35619 0 0 0.342556
0.434648 -0.32755 0.099999 3.14159 0 -2.35619 0 0 0.339019
0.434514 -0.327328 0.099999 3.14159 0 -2.35619 0 0 0.335482
0.43438 -0.327107 0.099999 3.14159 0 -2.35619 0 0 0.331945
0.434246 -0.326886 0.099999 3.14159 0 -2.35619 0 0 0.328408
0.434112 -0.326665 0.099999 3.14159 0 -2.35619 0 0 0.324871
0.433978 -0.326444 0.099999 3.14159 0 -2.35619 0 0 0.321334
0.43386 -0.326263 0.099999 3.14159 0 -2.35619 0 0 0.317769
0.433743 -0.326083 0.099999 3.14159 0 -2.35619 0 0 0.314204
0.433625 -0.325903 0.099999 3.14159 0 -2.35619 0 0 0.310639
0.433507 -0.325722 0.099999 3.14159 0 -2.35619 0 0 0.307074
0.43339 -0.325542 0.099999 3.14159 0 -2.35619 0 0 0.303509
0.433272 -0.325361 0.099999 3.14159 0 -2.35619 0 0 0.299945
0.433154 -0.325181 0.099999 3.14159 0 -2.35619 0 0 0.29638
0.433037 -0.325 0.099999 3.14159 0 -2.35619 0 0 0.292815
0.432919 -0.32482 0.099999 3.14159 0 -2.35619 0 0 0.28925
0.432802 -0.324639 0.099999 3.14159 0 -2.35619 0 0 0.285685
0.432684 -0.324459 0.099999 3.14159 0 -2.35619 0 0 0.28212
0.432566 -0.324279 0.099999 3.14159 0 -2.35619 0 0 0.278555
0.432449 -0.324098 0.099999 3.14159 0 -2.35619 0 0 0.27499
0.432331 -0.323918 0.099999 3.14159 0 -2.35619 0 0 0.271426
0.432214 -0.323737 0.099999 3.14159 0 -2.35619 0 0 0.267861
0.432096 -0.323557 0.099999 3.14159 0 -2.35619 0 0 0.264296
0.431988 -0.323394 0.099999 3.14159 0 -2.35619 0 0 0.261056
0.431893 -0.323255 0.099999 3.14159 0 -2.35619 0 0 0.258239
0.431798 -0.323116 0.099999 3.14159 0 -2.35619 0 0 0.255421
0.431703 -0.322976 0.099999 3.14159 0 -2.35619 0 0 0.252603
0.431608 -0.322837 0.099999 3.14159 0 -2.35619 0 0 0.249786
0.431513 -0.322697 0.099999 3.14159 0 -2.35619 0 0 0.246968
0.431418 -0.322558 0.099999 3.14159 0 -2.35619 0 0 0.244151
0.431323 -0.322419 0.099999 3.14159 0 -2.35619 0 0 0.241333
0.431228 -0.322279 0.099999 3.14159 0 -2.35619 0 0 0.238515
0.431133 -0.32214 0.099999 3.14159 0 -2.35619 0 0 0.235698
0.431038 -0.322001 0.099999 3.14159 0 -2.35619 0 0 0.23288
0.430943 -0.321861 0.099999 3.14159 0 -2.35619 0 0 0.230063
0.430848 -0.321722 0.099999 3.14159 0 -2.35619 0 0 0.227245
0.430753 -0.321583 0.099999 3.14159 0 -2.35619 0 0 0.224427
0.430658 -0.321443 0.099999 3.14159 0 -2.35619 0 0 0.22161
0.430563 -0.321304 0.099999 3.14159 0 -2.35619 0 0 0.218792
0.430468 -0.321165 0.099999 3.14159 0 -2.35619 0 0 0.215975
0.430373 -0.321025 0.099999 3.14159 0 -2.35619 0 0 0.213157
0.430278 -0.320886 0.099999 3.14159 0 -2.35619 0 0 0.210339
0.430183 -0.320747 0.099999 3.14159 0 -2.35619 0 0 0.207522
0.430088 -0.320607 0.099999 3.14159 0 -2.35619 0 0 0.204704
0.429993 -0.320468 0.099999 3.14159 0 -2.35619 0 0 0.201887
0.429908 -0.320343 0.099999 3.14159 0 -2.35619 0 0 0.199255
0.429841 -0.320245 0.099999 3.14159 0 -2.35619 0 0 0.196987
0.429774 -0.320147 0.099999 3.14159 0 -2.35619 0 0 0.194719
0.429708 -0.320049 0.099999 3.14159 0 -2.35619 0 0 0.192451
0.429641 -0.319951 0.099999 3.14159 0 -2.35619 0 0 0.190184
0.429574 -0.319853 0.099999 3.14159 0 -2.35619 0 0 0.187916
0.429508 -0.319755 0.099999 3.14159 0 -2.35619 0 0 0.185648
0.429441 -0.319657 0.099999 3.14159 0 -2.35619 0 0 0.18338
0.429374 -0.31956 0.099999 3.14159 0 -2.35619 0 0 0.181112
0.429307 -0.319462 0.099999 3.14159 0 -2.35619 0 0 0.178844
0.429241 -0.319364 0.099999 3.14159 0 -2.35619 0 0 0.176577
0.429174 -0.319266 0.099999 3.14159 0 -2.35619 0 0 0.174309
0.429107 -0.319168 0.099999 3.14159 0 -2.35619 0 0 0.172041
0.429041 -0.31907 0.099999 3.14159 0 -2.35619 0 0 0.169773
0.428974 -0.318972 0.099999 3.14159 0 -2.35619 0 0 0.167505
0.428907 -0.318874 0.099999 3.14159 0 -2.35619 0 0 0.165237
0.42884 -0.318777 0.099999 3.14159 0 -2.35619 0 0 0.16297
0.428795 -0.31871 0.099999 3.14159 0 -2.35619 0 0 0.160967
0.428757 -0.318654 0.099999 3.14159 0 -2.35619 0 0 0.159045
0.428718 -0.318597 0.099999 3.14159 0 -2.35619 0 0 0.157124
0.428679 -0.318541 0.099999 3.14159 0 -2.35619 0 0 0.155202
0.428641 -0.318484 0.099999 3.14159 0 -2.35619 0 0 0.15328
0.428602 -0.318427 0.099999 3.14159 0 -2.35619 0 0 0.151359
0.428564 -0.318371 0.099999 3.14159 0 -2.35619 0 0 0.149437
0.428525 -0.318314 0.099999 3.14159 0 -2.35619 0 0 0.147516
0.428486 -0.318258 0.099999 3.14159 0 -2.35619 0 0 0.145594
0.428448 -0.318201 0.099999 3.14159 0 -2.35619 0 0 0.143673
0.428409 -0.318145 0.099999 3.14159 0 -2.35619 0 0 0.141751
0.428371 -0.318088 0.099999 3.14159 0 -2.35619 0 0 0.13983
0.428332 -0.318031 0.099999 3.14159 0 -2.35619 0 0 0.137908
0.428293 -0.317975 0.099999 3.14159 0 -2.35619 0 0 0.135987
0.428255 -0.317918 0.099999 3.14159 0 -2.35619 0 0 0.134065
0.428216 -0.317862 0.099999 3.14159 0 -2.35619 0 0 0.132144
0.428183 -0.317813 0.099999 3.14159 0 -2.35619 0 0 0.130336
0.428172 -0.317796 0.099999 3.14159 0 -2.35619 0 0 0.129008
0.428162 -0.317779 0.099999 3.14159 0 -2.35619 0 0 0.12768
0.428151 -0.317762 0.099999 3.14159 0 -2.35619 0 0 0.126352
0.42814 -0.317745 0.099999 3.14159 0 -2.35619 0 0 0.125024
0.428129 -0.317728 0.099999 3.14159 0 -2.35619 0 0 0.123696
0.428119 -0.317711 0.099999 3.14159 0 -2.35619 0 0 0.122368
0.428108 -0.317695 0.099999 3.14159 0 -2.35619 0 0 0.12104
0.428097 -0.317678 0.099999 3.14159 0 -2.35619 0 0 0.119712
0.428086 -0.317661 0.099999 3.14159 0 -2.35619 0 0 0.118385
0.428076 -0.317644 0.099999 3.14159 0 -2.35619 0 0 0.117057
0.428065 -0.317627 0.099999 3.14159 0 -2.35619 0 0 0.115729
0.428054 -0.31761 0.099999 3.14159 0 -2.35619 0 0 0.114401
0.428044 -0.317593 0.099999 3.14159 0 -2.35619 0 0 0.113073
0.428033 -0.317577 0.099999 3.14159 0 -2.35619 0 0 0.111745
0.428022 -0.31756 0.099999 3.14159 0 -2.35619 0 0 0.110417
0.428011 -0.317543 0.099999 3.14159 0 -2.35619 0 0 0.109089
0.428001 -0.317526 0.099999 3.14159 0 -2.35619 0 0 0.107761
0.42799 -0.317509 0.099999 3.14159 0 -2.35619 0 0 0.106433
0.427979 -0.317492 0.099999 3.14159 0 -2.35619 0 0 0.105105
0.427968 -0.317475 0.099999 3.14159 0 -2.35619 0 0 0.103777
0.427958 -0.317458 0.099999 3.14159 0 -2.35619 0 0 0.102449
0.42795 -0.317445 0.099999 3.14159 0 -2.35619 0 0 0.101142
0.42797 -0.317469 0.099999 3.14159 0 -2.35619 0 0 0.100038
0.427991 -0.317493 0.099999 3.14159 0 -2.35619 0 0 0.098933
0.428012 -0.317518 0.099999 3.14159 0 -2.35619 0 0 0.097828
0.428032 -0.317542 0.099999 3.14159 0 -2.35619 0 0 0.096724
0.428053 -0.317566 0.099999 3.14159 0 -2.35619 0 0 0.095619
0.428073 -0.31759 0.099999 3.14159 0 -2.35619 0 0 0.094514
0.428094 -0.317614 0.099999 3.14159 0 -2.35619 0 0 0.093409
0.428114 -0.317638 0.099999 3.14159 0 -2.35619 0 0 0.092305
0.428135 -0.317662 0.099999 3.14159 0 -2.35619 0 0 0.0912
0.428156 -0.317686 0.099999 3.14159 0 -2.35619 0 0 0.090095
0.428176 -0.31771 0.099999 3.14159 0 -2.35619 0 0 0.088991
0.428197 -0.317734 0.099999 3.14159 0 -2.35619 0 0 0.087886
0.428217 -0.317758 0.099999 3.14159 0 -2.35619 0 0 0.086781
0.428238 -0.317782 0.099999 3.14159 0 -2.35619 0 0 0.085677
0.428258 -0.317806 0.099999 3.14159 0 -2.35619 0 0 0.084572
0.428279 -0.31783 0.099999 3.14159 0 -2.35619 0 0 0.083467
0.428318 -0.317875 0.099999 3.14159 0 -2.35619 0 0 0.082583
0.428373 -0.31794 0.099999 3.14159 0 -2.35619 0 0 0.081902
0.428429 -0.318005 0.099999 3.14159 0 -2.35619 0 0 0.08122
0.428484 -0.31807 0.099999 3.14159 0 -2.35619 0 0 0.080538
0.42854 -0.318135 0.099999 3.14159 0 -2.35619 0 0 0.079857
0.428595 -0.3182 0.099999 3.14159 0 -2.35619 0 0 0.079175
0.42865 -0.318265 0.099999 3.14159 0 -2.35619 0 0 0.078493
0.428706 -0.31833 0.099999 3.14159 0 -2.35619 0 0 0.077812
0.428761 -0.318395 0.099999 3.14159 0 -2.35619 0 0 0.07713
0.428817 -0.31846 0.099999 3.14159 0 -2.35619 0 0 0.076448
0.428872 -0.318525 0.099999 3.14159 0 -2.35619 0 0 0.075767
0.428928 -0.31859 0.099999 3.14159 0 -2.35619 0 0 0.075085
0.428983 -0.318655 0.099999 3.14159 0 -2.35619 0 0 0.074403
0.429039 -0.31872 0.099999 3.14159 0 -2.35619 0 0 0.073722
0.429094 -0.318785 0.099999 3.14159 0 -2.35619 0 0 0.07304
0.42915 -0.318849 0.099999 3.14159 0 -2.35619 0 0 0.072358
0.429205 -0.318914 0.099999 3.14159 0 -2.35619 0 0 0.071677
0.429296 -0.319017 0.099999 3.14159 0 -2.35619 0 0 0.070988
0.42939 -0.319122 0.099999 3.14159 0 -2.35619 0 0 0.070299
0.429483 -0.319227 0.099999 3.14159 0 -2.35619 0 0 0.06961
0.429576 -0.319332 0.099999 3.14159 0 -2.35619 0 0 0.068921
0.429669 -0.319437 0.099999 3.14159 0 -2.35619 0 0 0.068232
0.429763 -0.319541 0.099999 3.14159 0 -2.35619 0 0 0.067543
0.429856 -0.319646 0.099999 3.14159 0 -2.35619 0 0 0.066854
0.429949 -0.319751 0.099999 3.14159 0 -2.35619 0 0 0.066165
0.430042 -0.319856 0.099999 3.14159 0 -2.35619 0 0 0.065476
0.430135 -0.319961 0.099999 3.14159 0 -2.35619 0 0 0.064787
0.430229 -0.320066 0.099999 3.14159 0 -2.35619 0 0 0.064098
0.430322 -0.32017 0.099999 3.14159 0 -2.35619 0 0 0.063409
0.430415 -0.320275 0.099999 3.14159 0 -2.35619 0 0 0.06272
0.430508 -0.32038 0.099999 3.14159 0 -2.35619 0 0 0.062031
0.430602 -0.320485 0.099999 3.14159 0 -2.35619 0 0 0.061342
0.430695 -0.32059 0.099999 3.14159 0 -2.35619 0 0 0.060653
0.430788 -0.320695 0.099999 3.14159 0 -2.35619 0 0 0.059964
0.430881 -0.320799 0.099999 3.14159 0 -2.35619 0 0 0.059275
0.430975 -0.320904 0.099999 3.14159 0 -2.35619 0 0 0.058586
0.431068 -0.321009 0.099999 3.14159 0 -2.35619 0 0 0.057897
0.431161 -0.321114 0.099999 3.14159 0 -2.35619 0 0 0.057208
0.431254 -0.321219 0.099999 3.14159 0 -2.35619 0 0 0.056519
0.431379 -0.321356 0.099999 3.14159 0 -2.35619 0 0 0.05557
0.43151 -0.3215 0.099999 3.14159 0 -2.35619 0 0 0.054574
0.43164 -0.321643 0.099999 3.14159 0 -2.35619 0 0 0.053579
0.431771 -0.321786 0.099999 3.14159 0 -2.35619 0 0 0.052584
0.431902 -0.321929 0.099999 3.14159 0 -2.35619 0 0 0.051589
0.432032 -0.322073 0.099999 3.14159 0 -2.35619 0 0 0.050594
0.432163 -0.322216 0.099999 3.14159 0 -2.35619 0 0 0.049599
0.432293 -0.322359 0.099999 3.14159 0 -2.35619 0 0 0.048604
0.432424 -0.322502 0.099999 3.14159 0 -2.35619 0 0 0.047608
0.432554 -0.322646 0.099999 3.14159 0 -2.35619 0 0 0.046613
0.432685 -0.322789 0.099999 3.14159 0 -2.35619 0 0 0.045618
0.432816 -0.322932 0.099999 3.14159 0 -2.35619 0 0 0.044623
0.432946 -0.323075 0.099999 3.14159 0 -2.35619 0 0 0.043628
0.433077 -0.323218 0.099999 3.14159 0 -2.35619 0 0 0.042633
0.433207 -0.323362 0.099999 3.14159 0 -2.35619 0 0 0.041638
0.433338 -0.323505 0.099999 3.14159 0 -2.35619 0 0 0.040642
0.433479 -0.323658 0.099999 3.14159 0 -2.35619 0 0 0.039773
0.433645 -0.323838 0.099999 3.14159 0 -2.35619 0 0 0.039229
0.433811 -0.324018 0.099999 3.14159 0 -2.35619 0 0 0.038685
0.433977 -0.324197 0.099999 3.14159 0 -2.35619 0 0 0.038142
0.434143 -0.324377 0.099999 3.14159 0 -2.35619 0 0 0.037598
0.434309 -0.324556 0.099999 3.14159 0 -2.35619 0 0 0.037054
0.434476 -0.324736 0.099999 3.14159 0 -2.35619 0 0 0.03651
0.434642 -0.324916 0.099999 3.14159 0 -2.35619 0 0 0.035966
0.434808 -0.325095 0.099999 3.14159 0 -2.35619 0 0 0.035422
0.434974 -0.325275 0.099999 3.14159 0 -2.35619 0 0 0.034878
0.43514 -0.325454 0.099999 3.14159 0 -2.35619 0 0 0.034334
0.435306 -0.325634 0.099999 3.14159 0 -2.35619 0 0 0.033791
0.435473 -0.325813 0.099999 3.14159 0 -2.35619 0 0 0.033247
0.435639 -0.325993 0.099999 3.14159 0 -2.35619 0 0 0.032703
0.435805 -0.326173 0.099999 3.14159 0 -2.35619 0 0 0.032159
0.435971 -0.326352 0.099999 3.14159 0 -2.35619 0 0 0.031615
0.436137 -0.326532 0.099999 3.14159 0 -2.35619 0 0 0.031071
0.436327 -0.326735 0.099999 3.14159 0 -2.35619 0 0 0.030453
0.436527 -0.326948 0.099999 3.14159 0 -2.35619 0 0 0.029803
0.436727 -0.327161 0.099999 3.14159 0 -2.35619 0 0 0.029153
0.436927 -0.327375 0.099999 3.14159 0 -2.35619 0 0 0.028503
0.437127 -0.327588 0.099999 3.14159 0 -2.35619 0 0 0.027853
0.437327 -0.327801 0.099999 3.14159 0 -2.35619 0 0 0.027203
0.437526 -0.328014 0.099999 3.14159 0 -2.35619 0 0 0.026554
0.437726 -0.328227 0.099999 3.14159 0 -2.35619 0 0 0.025904
0.437926 -0.32844 0.099999 3.14159 0 -2.35619 0 0 0.025254
0.438126 -0.328653 0.099999 3.14159 0 -2.35619 0 0 0.024604
0.438326 -0.328866 0.099999 3.14159 0 -2.35619 0 0 0.023954
0.438526 -0.32908 0.099999 3.14159 0 -2.35619 0 0 0.023305
0.438726 -0.329293 0.099999 3.14159 0 -2.35619 0 0 0.022655
0.438926 -0.329506 0.099999 3.14159 0 -2.35619 0 0 0.022005
0.439125 -0.329719 0.099999 3.14159 0 -2.35619 0 0 0.021355
0.439325 -0.329932 0.099999 3.14159 0 -2.35619 0 0 0.020705
0.439525 -0.330145 0.099999 3.14159 0 -2.35619 0 0 0.020055
0.439725 -0.330358 0.099999 3.14159 0 -2.35619 0 0 0.019406
0.439925 -0.330571 0.099999 3.14159 0 -2.35619 0 0 0.018756
0.440125 -0.330785 0.099999 3.14159 0 -2.35619 0 0 0.018106
0.440325 -0.330998 0.099999 3.14159 0 -2.35619 0 0 0.017456
0.440525 -0.331211 0.099999 3.14159 0 -2.35619 0 0 0.016806
0.440741 -0.331443 0.099999 3.14159 0 -2.35619 0 0 0.015946
0.440967 -0.331686 0.099999 3.14159 0 -2.35619 0 0 0.014949
0.441194 -0.33193 0.099999 3.14159 0 -2.35619 0 0 0.013953
0.44142 -0.332174 0.099999 3.14159 0 -2.35619 0 0 0.012957
0.441647 -0.332417 0.099999 3.14159 0 -2.35619 0 0 0.011961
0.441873 -0.332661 0.099999 3.14159 0 -2.35619 0 0 0.010964
0.4421 -0.332905 0.099999 3.14159 0 -2.35619 0 0 0.009968
0.442327 -0.333148 0.099999 3.14159 0 -2.35619 0 0 0.008972
0.442553 -0.333392 0.099999 3.14159 0 -2.35619 0 0 0.007975
0.44278 -0.333636 0.099999 3.14159 0 -2.35619 0 0 0.006979
0.443006 -0.333879 0.099999 3.14159 0 -2.35619 0 0 0.005983
0.443233 -0.334123 0.099999 3.14159 0 -2.35619 0 0 0.004987
0.443459 -0.334366 0.099999 3.14159 0 -2.35619 0 0 0.00399
0.443686 -0.33461 0.099999 3.14159 0 -2.35619 0 0 0.002994
0.443912 -0.334854 0.099999 3.14159 0 -2.35619 0 0 0.001998
0.444139 -0.335097 0.099999 3.14159 0 -2.35619 0 0 0.001001
0.444366 -0.335342 0.099999 3.14159 0 -2.35619 0 0 1.8e-05
0.444615 -0.335612 0.099999 3.14159 0 -2.35619 0 0 -0.000611
0.444864 -0.335882 0.099999 3.14159 0 -2.35619 0 0 -0.001241
0.445113 -0.336151 0.099999 3.14159 0 -2.35619 0 0 -0.00187
0.445362 -0.336421 0.099999 3.14159 0 -2.35619 0 0 -0.0025
0.445611 -0.336691 0.099999 3.14159 0 -2.35619 0 0 -0.00313
0.44586 -0.336961 0.099999 3.14159 0 -2.35619 0 0 -0.003759
0.446109 -0.33723 0.099999 3.14159 0 -2.35619 0 0 -0.004389
0.446358 -0.3375 0.099999 3.14159 0 -2.35619 0 0 -0.005018
0.446607 -0.33777 0.099999 3.14159 0 -2.35619 0 0 -0.005648
0.446856 -0.33804 0.099999 3.14159 0 -2.35619 0 0 -0.006278
0.447105 -0.33831 0.099999 3.14159 0 -2.35619 0 0 -0.006907
0.447354 -0.338579 0.099999 3.14159 0 -2.35619 0 0 -0.007537
0.447603 -0.338849 0.099999 3.14159 0 -2.35619 0 0 -0.008166
0.447852 -0.339119 0.099999 3.14159 0 -2.35619 0 0 -0.008796
0.448101 -0.339389 0.099999 3.14159 0 -2.35619 0 0 -0.009426
0.44835 -0.339658 0.099999 3.14159 0 -2.35619 0 0 -0.010055
0.448607 -0.339938 0.099999 3.14159 0 -2.35619 0 0 -0.010528
0.448873 -0.34023 0.099999 3.14159 0 -2.35619 0 0 -0.010819
0.449139 -0.340522 0.099999 3.14159 0 -2.35619 0 0 -0.01111
0.449405 -0.340814 0.099999 3.14159 0 -2.35619 0 0 -0.011401
0.449672 -0.341106 0.099999 3.14159 0 -2.35619 0 0 -0.011693
0.449938 -0.341398 0.099999 3.14159 0 -2.35619 0 0 -0.011984
0.450204 -0.34169 0.099999 3.14159 0 -2.35619 0 0 -0.012275
0.45047 -0.341982 0.099999 3.14159 0 -2.35619 0 0 -0.012566
0.450736 -0.342274 0.099999 3.14159 0 -2.35619 0 0 -0.012857
0.451003 -0.342566 0.099999 3.14159 0 -2.35619 0 0 -0.013148
0.451269 -0.342857 0.099999 3.14159 0 -2.35619 0 0 -0.013439
0.451535 -0.343149 0.099999 3.14159 0 -2.35619 0 0 -0.01373
0.451801 -0.343441 0.099999 3.14159 0 -2.35619 0 0 -0.014022
0.452067 -0.343733 0.099999 3.14159 0 -2.35619 0 0 -0.014313
0.452333 -0.344025 0.099999 3.14159 0 -2.35619 0 0 -0.014604
0.4526 -0.344317 0.099999 3.14159 0 -2.35619 0 0 -0.014895
0.452866 -0.344609 0.099999 3.14159 0 -2.35619 0 0 -0.015186
0.453132 -0.344901 0.099999 3.14159 0 -2.35619 0 0 -0.015477
0.453398 -0.345193 0.099999 3.14159 0 -2.35619 0 0 -0.015768
0.453664 -0.345485 0.099999 3.14159 0 -2.35619 0 0 -0.016059
0.453931 -0.345776 0.099999 3.14159 0 -2.35619 0 0 -0.01635
0.454197 -0.346068 0.099999 3.14159 0 -2.35619 0 0 -0.016642
0.454468 -0.346367 0.099999 3.14159 0 -2.35619 0 0 -0.016767
0.454747 -0.346679 0.099999 3.14159 0 -2.35619 0 0 -0.016605
0.455026 -0.34699 0.099999 3.14159 0 -2.35619 0 0 -0.016443
0.455305 -0.347302 0.099999 3.14159 0 -2.35619 0 0 -0.01628
0.455584 -0.347613 0.099999 3.14159 0 -2.35619 0 0 -0.016118
0.455863 -0.347924 0.099999 3.14159 0 -2.35619 0 0 -0.015956
0.456143 -0.348236 0.099999 3.14159 0 -2.35619 0 0 -0.015794
0.456422 -0.348547 0.099999 3.14159 0 -2.35619 0 0 -0.015632
0.456701 -0.348858 0.099999 3.14159 0 -2.35619 0 0 -0.015469
0.45698 -0.34917 0.099999 3.14159 0 -2.35619 0 0 -0.015307
0.457259 -0.349481 0.099999 3.14159 0 -2.35619 0 0 -0.015145
0.457538 -0.349793 0.099999 3.14159 0 -2.35619 0 0 -0.014983
0.457817 -0.350104 0.099999 3.14159 0 -2.35619 0 0 -0.014821
0.458097 -0.350415 0.099999 3.14159 0 -2.35619 0 0 -0.014658
0.458376 -0.350727 0.099999 3.14159 0 -2.35619 0 0 -0.014496
0.458655 -0.351038 0.099999 3.14159 0 -2.35619 0 0 -0.014334
0.458934 -0.35135 0.099999 3.14159 0 -2.35619 0 0 -0.014172
0.459223 -0.351672 0.099999 3.14159 0 -2.35619 0 0 -0.013786
0.459514 -0.351998 0.099999 3.14159 0 -2.35619 0 0 -0.013341
0.459806 -0.352323 0.099999 3.14159 0 -2.35619 0 0 -0.012896
0.460097 -0.352649 0.099999 3.14159 0 -2.35619 0 0 -0.012451
0.460388 -0.352974 0.099999 3.14159 0 -2.35619 0 0 -0.012006
0.46068 -0.3533 0.099999 3.14159 0 -2.35619 0 0 -0.011561
0.460971 -0.353625 0.099999 3.14159 0 -2.35619 0 0 -0.011116
0.461263 -0.353951 0.099999 3.14159 0 -2.35619 0 0 -0.010671
0.461554 -0.354276 0.099999 3.14159 0 -2.35619 0 0 -0.010226
0.461845 -0.354601 0.099999 3.14159 0 -2.35619 0 0 -0.009781
0.462137 -0.354927 0.099999 3.14159 0 -2.35619 0 0 -0.009336
0.462428 -0.355252 0.099999 3.14159 0 -2.35619 0 0 -0.008891
0.46272 -0.355578 0.099999 3.14159 0 -2.35619 0 0 -0.008446
0.463011 -0.355903 0.099999 3.14159 0 -2.35619 0 0 -0.008001
0.463302 -0.356229 0.099999 3.14159 0 -2.35619 0 0 -0.007556
0.463594 -0.356554 0.099999 3.14159 0 -2.35619 0 0 -0.007111
0.463886 -0.356882 0.099999 3.14159 0 -2.35619 0 0 -0.006688
0.464183 -0.357219 0.099999 3.14159 0 -2.35619 0 0 -0.006342
0.46448 -0.357555 0.099999 3.14159 0 -2.35619 0 0 -0.005997
0.464777 -0.357892 0.099999 3.14159 0 -2.35619 0 0 -0.005651
0.465074 -0.358228 0.099999 3.14159 0 -2.35619 0 0 -0.005305
0.465371 -0.358565 0.099999 3.14159 0 -2.35619 0 0 -0.00496
0.465668 -0.358901 0.099999 3.14159 0 -2.35619 0 0 -0.004614
0.465965 -0.359238 0.099999 3.14159 0 -2.35619 0 0 -0.004268
0.466262 -0.359574 0.099999 3.14159 0 -2.35619 0 0 -0.003923
0.466559 -0.35991 0.099999 3.14159 0 -2.35619 0 0 -0.003577
0.466856 -0.360247 0.099999 3.14159 0 -2.35619 0 0 -0.003231
0.467153 -0.360583 0.099999 3.14159 0 -2.35619 0 0 -0.002886
0.46745 -0.36092 0.099999 3.14159 0 -2.35619 0 0 -0.00254
0.467747 -0.361256 0.099999 3.14159 0 -2.35619 0 0 -0.002194
0.468044 -0.361593 0.099999 3.14159 0 -2.35619 0 0 -0.001849
0.468341 -0.361929 0.099999 3.14159 0 -2.35619 0 0 -0.001503
0.468638 -0.362266 0.099999 3.14159 0 -2.35619 0 0 -0.001157
0.468935 -0.362602 0.099999 3.14159 0 -2.35619 0 0 -0.000812
0.469231 -0.362939 0.099999 3.14159 0 -2.35619 0 0 -0.000466
0.469528 -0.363275 0.099999 3.14159 0 -2.35619 0 0 -0.00012
0.469825 -0.363611 0.099999 3.14159 0 -2.35619 0 0 0.000225
0.470122 -0.363948 0.099999 3.14159 0 -2.35619 0 0 0.000571
0.470419 -0.364285 0.099999 3.14159 0 -2.35619 0 0 0.000961
0.470718 -0.364629 0.099999 3.14159 0 -2.35619 0 0 0.001667
0.471016 -0.364973 0.099999 3.14159 0 -2.35619 0 0 0.002373
0.471314 -0.365316 0.099999 3.14159 0 -2.35619 0 0 0.003078
0.471612 -0.36566 0.099999 3.14159 0 -2.35619 0 0 0.003784
0.471911 -0.366004 0.099999 3.14159 0 -2.35619 0 0 0.00449
0.472209 -0.366347 0.099999 3.14159 0 -2.35619 0 0 0.005196
0.472507 -0.366691 0.099999 3.14159 0 -2.35619 0 0 0.005902
0.472805 -0.367035 0.099999 3.14159 0 -2.35619 0 0 0.006608
0.473104 -0.367378 0.099999 3.14159 0 -2.35619 0 0 0.007314
0.473402 -0.367722 0.099999 3.14159 0 -2.35619 0 0 0.00802
0.4737 -0.368065 0.099999 3.14159 0 -2.35619 0 0 0.008726
0.473998 -0.368409 0.099999 3.14159 0 -2.35619 0 0 0.009431
0.474297 -0.368753 0.099999 3.14159 0 -2.35619 0 0 0.010137
0.474595 -0.369096 0.099999 3.14159 0 -2.35619 0 0 0.010843
0.474893 -0.36944 0.099999 3.14159 0 -2.35619 0 0 0.011549
0.475191 -0.369784 0.099999 3.14159 0 -2.35619 0 0 0.012255
0.475491 -0.37013 0.099999 3.14159 0 -2.35619 0 0 0.012896
0.475793 -0.37048 0.099999 3.14159 0 -2.35619 0 0 0.013485
0.476095 -0.370829 0.099999 3.14159 0 -2.35619 0 0 0.014074
0.476396 -0.371178 0.099999 3.14159 0 -2.35619 0 0 0.014662
0.476698 -0.371527 0.099999 3.14159 0 -2.35619 0 0 0.015251
0.476999 -0.371876 0.099999 3.14159 0 -2.35619 0 0 0.015839
0.477301 -0.372225 0.099999 3.14159 0 -2.35619 0 0 0.016428
0.477602 -0.372574 0.099999 3.14159 0 -2.35619 0 0 0.017016
0.477904 -0.372924 0.099999 3.14159 0 -2.35619 0 0 0.017605
0.478206 -0.373273 0.099999 3.14159 0 -2.35619 0 0 0.018194
0.478507 -0.373622 0.099999 3.14159 0 -2.35619 0 0 0.018782
0.478809 -0.373971 0.099999 3.14159 0 -2.35619 0 0 0.019371
0.47911 -0.37432 0.099999 3.14159 0 -2.35619 0 0 0.019959
0.479412 -0.374669 0.099999 3.14159 0 -2.35619 0 0 0.020548
0.479714 -0.375019 0.099999 3.14159 0 -2.35619 0 0 0.021136
0.480015 -0.375368 0.099999 3.14159 0 -2.35619 0 0 0.021725
0.480317 -0.375717 0.099999 3.14159 0 -2.35619 0 0 0.022314
0.480622 -0.376069 0.099999 3.14159 0 -2.35619 0 0 0.022252
0.480927 -0.376421 0.099999 3.14159 0 -2.35619 0 0 0.022174
0.481232 -0.376773 0.099999 3.14159 0 -2.35619 0 0 0.022097
0.481537 -0.377125 0.099999 3.14159 0 -2.35619 0 0 0.022019
0.481842 -0.377477 0.099999 3.14159 0 -2.35619 0 0 0.021942
0.482147 -0.377829 0.099999 3.14159 0 -2.35619 0 0 0.021864
0.482452 -0.378181 0.099999 3.14159 0 -2.35619 0 0 0.021787
0.482757 -0.378533 0.099999 3.14159 0 -2.35619 0 0 0.021709
0.483062 -0.378885 0.099999 3.14159 0 -2.35619 0 0 0.021632
0.483367 -0.379237 0.099999 3.14159 0 -2.35619 0 0 0.021555
0.483671 -0.379589 0.099999 3.14159 0 -2.35619 0 0 0.021477
0.483976 -0.379941 0.099999 3.14159 0 -2.35619 0 0 0.0214
0.484281 -0.380293 0.099999 3.14159 0 -2.35619 0 0 0.021322
0.484586 -0.380645 0.099999 3.14159 0 -2.35619 0 0 0.021245
0.484891 -0.380998 0.099999 3.14159 0 -2.35619 0 0 0.021167
0.485196 -0.38135 0.099999 3.14159 0 -2.35619 0 0 0.02109
0.485501 -0.381702 0.099999 3.14159 0 -2.35619 0 0 0.021012
0.485806 -0.382054 0.099999 3.14159 0 -2.35619 0 0 0.020935
0.486111 -0.382406 0.099999 3.14159 0 -2.35619 0 0 0.020858
0.486416 -0.382758 0.099999 3.14159 0 -2.35619 0 0 0.02078
0.486721 -0.38311 0.099999 3.14159 0 -2.35619 0 0 0.020703
0.487026 -0.383462 0.099999 3.14159 0 -2.35619 0 0 0.020625
0.487331 -0.383815 0.099999 3.14159 0 -2.35619 0 0 0.020616
0.487635 -0.384168 0.099999 3.14159 0 -2.35619 0 0 0.020617
0.487939 -0.384521 0.099999 3.14159 0 -2.35619 0 0 0.020618
0.488243 -0.384874 0.099999 3.14159 0 -2.35619 0 0 0.020619
0.488548 -0.385227 0.099999 3.14159 0 -2.35619 0 0 0.020619
0.488852 -0.38558 0.099999 3.14159 0 -2.35619 0 0 0.02062
0.489156 -0.385933 0.099999 3.14159 0 -2.35619 0 0 0.020621
0.489461 -0.386287 0.099999 3.14159 0 -2.35619 0 0 0.020622
0.489765 -0.38664 0.099999 3.14159 0 -2.35619 0 0 0.020622
0.490069 -0.386993 0.099999 3.14159 0 -2.35619 0 0 0.020623
0.490373 -0.387346 0.099999 3.14159 0 -2.35619 0 0 0.020624
0.490678 -0.387699 0.099999 3.14159 0 -2.35619 0 0 0.020625
0.490982 -0.388052 0.099999 3.14159 0 -2.35619 0 0 0.020625
0.491286 -0.388405 0.099999 3.14159 0 -2.35619 0 0 0.020626
0.491591 -0.388758 0.099999 3.14159 0 -2.35619 0 0 0.020627
0.491895 -0.389111 0.099999 3.14159 0 -2.35619 0 0 0.020628
0.492198 -0.389464 0.099999 3.14159 0 -2.35619 0 0 0.020644
0.492499 -0.389817 0.099999 3.14159 0 -2.35619 0 0 0.020695
0.4928 -0.39017 0.099999 3.14159 0 -2.35619 0 0 0.020745
0.493101 -0.390523 0.099999 3.14159 0 -2.35619 0 0 0.020796
0.493402 -0.390876 0.099999 3.14159 0 -2.35619 0 0 0.020847
0.493703 -0.391229 0.099999 3.14159 0 -2.35619 0 0 0.020898
0.494004 -0.391582 0.099999 3.14159 0 -2.35619 0 0 0.020949
0.494305 -0.391935 0.099999 3.14159 0 -2.35619 0 0 0.021
0.494606 -0.392288 0.099999 3.14159 0 -2.35619 0 0 0.021051
0.494907 -0.392641 0.099999 3.14159 0 -2.35619 0 0 0.021101
0.495208 -0.392994 0.099999 3.14159 0 -2.35619 0 0 0.021152
0.495509 -0.393347 0.099999 3.14159 0 -2.35619 0 0 0.021203
0.49581 -0.3937 0.099999 3.14159 0 -2.35619 0 0 0.021254
0.496111 -0.394053 0.099999 3.14159 0 -2.35619 0 0 0.021305
0.496412 -0.394406 0.099999 3.14159 0 -2.35619 0 0 0.021356
0.496713 -0.394759 0.099999 3.14159 0 -2.35619 0 0 0.021406
0.497014 -0.395112 0.099999 3.14159 0 -2.35619 0 0 0.021457
0.497308 -0.395464 0.099999 3.14159 0 -2.35619 0 0 0.021851
0.497598 -0.395815 0.099999 3.14159 0 -2.35619 0 0 0.02237
0.497889 -0.396165 0.099999 3.14159 0 -2.35619 0 0 0.022889
0.498179 -0.396516 0.099999 3.14159 0 -2.35619 0 0 0.023407
0.49847 -0.396867 0.099999 3.14159 0 -2.35619 0 0 0.023926
0.49876 -0.397218 0.099999 3.14159 0 -2.35619 0 0 0.024444
0.499051 -0.397569 0.099999 3.14159 0 -2.35619 0 0 0.024963
0.499342 -0.39792 0.099999 3.14159 0 -2.35619 0 0 0.025482
0.499632 -0.39827 0.099999 3.14159 0 -2.35619 0 0 0.026
0.499923 -0.398621 0.099999 3.14159 0 -2.35619 0 0 0.026519
0.500213 -0.398972 0.099999 3.14159 0 -2.35619 0 0 0.027038
0.500504 -0.399323 0.099999 3.14159 0 -2.35619 0 0 0.027556
0.500795 -0.399674 0.099999 3.14159 0 -2.35619 0 0 0.028075
0.501085 -0.400025 0.099999 3.14159 0 -2.35619 0 0 0.028593
0.501376 -0.400376 0.099999 3.14159 0 -2.35619 0 0 0.029112
0.501666 -0.400726 0.099999 3.14159 0 -2.35619 0 0 0.029631
0.501957 -0.401077 0.099999 3.14159 0 -2.35619 0 0 0.030149
0.502248 -0.401428 0.099999 3.14159 0 -2.35619 0 0 0.030668
0.502538 -0.401779 0.099999 3.14159 0 -2.35619 0 0 0.031187
0.502829 -0.40213 0.099999 3.14159 0 -2.35619 0 0 0.031705
0.503119 -0.402481 0.099999 3.14159 0 -2.35619 0 0 0.032224
0.50341 -0.402831 0.099999 3.14159 0 -2.35619 0 0 0.032742
0.503693 -0.40318 0.099999 3.14159 0 -2.35619 0 0 0.033738
0.503972 -0.403527 0.099999 3.14159 0 -2.35619 0 0 0.035006
0.504251 -0.403875 0.099999 3.13718 0.0044143 -2.35621 0 0 0.036273
0.504529 -0.404222 0.099999 3.13048 0.0111106 -2.35632 0 0 0.037541
0.504808 -0.404569 0.099999 3.12377 0.017818 -2.35651 0 0 0.038809
0.505087 -0.404917 0.099999 3.11702 0.0245537 -2.3568 0 0 0.040076
0.505366 -0.405264 0.099999 3.11027 0.0312764 -2.35717 0 0 0.041344
0.505644 -0.405611 0.099999 3.10351 0.038003 -2.35764 0 0 0.042612
0.505923 -0.405959 0.099999 3.09671 0.0447505 -2.3582 0 0 0.043879
0.506202 -0.406306 0.099999 3.08991 0.0514775 -2.35886 0 0 0.045147
0.506481 -0.406653 0.099999 3.08309 0.0582011 -2.3596 0 0 0.046415
0.506759 -0.407001 0.099999 3.07624 0.064938 -2.36044 0 0 0.047682
0.507038 -0.407348 0.099999 3.06939 0.0716469 -2.36137 0 0 0.04895
0.507317 -0.407695 0.099999 3.06252 0.0783448 -2.3624 0 0 0.050218
0.507596 -0.408043 0.099999 3.05561 0.0850483 -2.36352 0 0 0.051486
0.507874 -0.40839 0.099999 3.0487 0.0917164 -2.36473 0 0 0.052753
0.508153 -0.408737 0.099999 3.04177 0.0983658 -2.36603 0 0 0.053994
0.508421 -0.409079 0.099999 3.03492 0.104899 -2.36741 0 0 0.054838
0.508689 -0.409421 0.099999 3.02805 0.111409 -2.36887 0 0 0.055681
0.508957 -0.409763 0.099999 3.02116 0.117893 -2.37043 0 0 0.056525
0.509225 -0.410105 0.099999 3.01425 0.12435 -2.37207 0 0 0.057369
0.509494 -0.410447 0.099999 3.00732 0.130776 -2.37381 0 0 0.058213
0.509762 -0.410788 0.099999 3.0004 0.137152 -2.37563 0 0 0.059056
0.51003 -0.41113 0.099999 2.99343 0.143511 -2.37754 0 0 0.0599
0.510298 -0.411472 0.099999 2.98644 0.149834 -2.37954 0 0 0.060744
0.510566 -0.411814 0.099999 2.97943 0.156117 -2.38163 0 0 0.061588
0.510835 -0.412156 0.099999 2.9724 0.162358 -2.3838 0 0 0.062431
0.511103 -0.412498 0.0999103 2.95685 0.175945 -2.38889 0 0 0.063275
0.511371 -0.41284 0.0997335 2.93215 0.196857 -2.39774 0 0 0.064119
0.511639 -0.413182 0.0995566 2.9065 0.217675 -2.40788 0 0 0.064963
0.511908 -0.413524 0.0993798 2.87985 0.238275 -2.41934 0 0 0.065806
0.512176 -0.413866 0.099203 2.85217 0.258524 -2.43218 0 0 0.06665
0.512444 -0.414208 0.0990261 2.82343 0.278281 -2.44642 0 0 0.067494
0.512706 -0.414546 0.0988514 2.79397 0.297179 -2.4619 0 0 0.06819
0.512961 -0.41488 0.0986787 2.76383 0.315095 -2.47856 0 0 0.068732
0.513217 -0.415214 0.098506 2.73269 0.332115 -2.49655 0 0 0.069275
0.513472 -0.415548 0.0983333 2.70056 0.348098 -2.51584 0 0 0.069817
0.513727 -0.415882 0.0981606 2.6675 0.362906 -2.53637 0 0 0.07036
0.513983 -0.416217 0.0979874 2.63348 0.376449 -2.55813 0 0 0.070902
0.514238 -0.416551 0.0978147 2.59877 0.388527 -2.58087 0 0 0.071444
0.514494 -0.416885 0.097642 2.5634 0.399081 -2.60453 0 0 0.071987
0.514749 -0.417219 0.0974693 2.52749 0.408023 -2.62898 0 0 0.072529
0.515004 -0.417553 0.0972966 2.49117 0.415287 -2.65404 0 0 0.073072
0.51526 -0.417888 0.0971234 2.45449 0.420841 -2.67961 0 0 0.073614
0.515515 -0.418222 0.0969507 2.41783 0.42463 -2.70536 0 0 0.074156
0.515771 -0.418556 0.096778 2.38125 0.426674 -2.73118 0 0 0.074699
0.516026 -0.41889 0.0961423 2.32681 0.426523 -2.76966 0 0 0.075241
0.516281 -0.419224 0.095133 2.25585 0.420578 -2.81961 0 0 0.075784
0.516537 -0.419558 0.0941236 2.18327 0.407655 -2.86993 0 0 0.076326
0.516792 -0.419893 0.0931112 2.11008 0.387377 -2.91926 0 0 0.076869
0.517047 -0.420227 0.0921018 2.03796 0.35994 -2.96577 0 0 0.077411
0.517303 -0.420561 0.0910924 1.96778 0.325779 -3.00821 0 0 0.077953
0.517558 -0.420895 0.0900831 1.90036 0.285758 -3.04547 0 0 0.078496
0.517814 -0.421229 0.0890737 1.83623 0.24104 -3.07679 0 0 0.079038
0.518069 -0.421563 0.0873843 1.83262 0.238334 -3.07841 0 0 0.079581
0.51832 -0.421895 0.0856974 1.82969 0.236124 -3.07972 0 0 0.080252
0.518564 -0.422221 0.084041 1.82682 0.233944 -3.08099 0 0 0.081123
0.518808 -0.422547 0.0823846 1.82395 0.231754 -3.08224 0 0 0.081993
0.519052 -0.422874 0.0807231 1.82108 0.229548 -3.08349 0 0 0.082864
0.519296 -0.4232 0.07952 1.83146 0.237464 -3.07893 0 0 0.083734
0.51954 -0.423526 0.0784344 1.84537 0.247811 -3.07261 0 0 0.084605
0.519784 -0.423852 0.0773489 1.85938 0.257928 -3.06601 0 0 0.085476
0.520028 -0.424179 0.07626 1.87353 0.267835 -3.05912 0 0 0.086346
0.520272 -0.424505 0.0751745 1.88773 0.277459 -3.05199 0 0 0.087217
0.520516 -0.424831 0.0741254 1.90309 0.287514 -3.04405 0 0 0.088087
0.52076 -0.425158 0.0731909 1.92213 0.299462 -3.03388 0 0 0.088958
0.521004 -0.425484 0.0722593 1.94129 0.310905 -3.02332 0 0 0.089828
0.521247 -0.42581 0.0713276 1.96061 0.321859 -3.01236 0 0 0.090699
0.521491 -0.426137 0.0703931 1.98013 0.332337 -3.00099 0 0 0.09157
0.521735 -0.426463 0.0696103 1.99446 0.339655 -2.99246 0 0 0.09244
0.521979 -0.426789 0.0689334 2.00512 0.344891 -2.98603 0 0 0.093311
0.522223 -0.427116 0.0682544 2.01586 0.34999 -2.97948 0 0 0.094181
0.522458 -0.427434 0.0675941 2.02634 0.354801 -2.97301 0 0 0.095185
0.522691 -0.427751 0.0669359 2.03683 0.359448 -2.96648 0 0 0.096218
0.522923 -0.428067 0.0662798 2.04732 0.363931 -2.95988 0 0 0.097251
0.523156 -0.428384 0.0656216 2.05788 0.368277 -2.95318 0 0 0.098283
0.523388 -0.4287 0.0649655 2.06843 0.372456 -2.94642 0 0 0.099316
0.523621 -0.429017 0.0643073 2.07904 0.376495 -2.93958 0 0 0.100349
0.523854 -0.429333 0.0636512 2.08963 0.380365 -2.93269 0 0 0.101382
0.524086 -0.42965 0.0629977 2.1001 0.38403 -2.92583 0 0 0.102415
0.524319 -0.429967 0.0624506 2.10657 0.386214 -2.92158 0 0 0.103447
0.524552 -0.430283 0.0619051 2.11302 0.388334 -2.91731 0 0 0.10448
0.524784 -0.4306 0.061358 2.1195 0.390405 -2.91301 0 0 0.105513
0.525017 -0.430916 0.0608126 2.12597 0.392412 -2.9087 0 0 0.106546
0.525249 -0.431233 0.0602655 2.13246 0.394369 -2.90436 0 0 0.107579
0.525482 -0.431549 0.05972 2.13894 0.396263 -2.90002 0 0 0.108611
0.525715 -0.431866 0.0591729 2.14545 0.398105 -2.89564 0 0 0.109644
0.525947 -0.432182 0.0586275 2.15194 0.399884 -2.89125 0 0 0.110677
0.526177 -0.432496 0.0580855 2.1584 0.401595 -2.88688 0 0 0.111675
0.526398 -0.432801 0.0575591 2.16467 0.403203 -2.88263 0 0 0.112565
0.526619 -0.433106 0.0570407 2.17169 0.40494 -2.87784 0 0 0.113455
0.52684 -0.433411 0.0565593 2.1822 0.407412 -2.87066 0 0 0.114345
0.527062 -0.433716 0.0560778 2.19272 0.409736 -2.86344 0 0 0.115235
0.527283 -0.434021 0.0555964 2.20324 0.411912 -2.85619 0 0 0.116125
0.527504 -0.434326 0.0551149 2.21377 0.41394 -2.84892 0 0 0.117016
0.527725 -0.434631 0.0546335 2.22429 0.415821 -2.84162 0 0 0.117906
0.527946 -0.434936 0.054152 2.23481 0.417553 -2.8343 0 0 0.118796
0.528167 -0.43524 0.0536722 2.24529 0.419133 -2.82699 0 0 0.119686
0.528388 -0.435545 0.0531907 2.25579 0.420571 -2.81965 0 0 0.120576
0.52861 -0.43585 0.0527261 2.2661 0.421842 -2.81242 0 0 0.121466
0.528831 -0.436155 0.0523499 2.27548 0.422877 -2.80585 0 0 0.122357
0.529052 -0.43646 0.0519737 2.28484 0.423797 -2.79926 0 0 0.123247
0.529273 -0.436765 0.0515976 2.2942 0.424602 -2.79267 0 0 0.124137
0.529494 -0.43707 0.0512214 2.30355 0.425294 -2.78608 0 0 0.125027
0.529715 -0.437375 0.0508452 2.31289 0.425871 -2.77949 0 0 0.125917
0.529936 -0.43768 0.050469 2.32221 0.426335 -2.77291 0 0 0.126808
0.530157 -0.437985 0.0500928 2.33152 0.426687 -2.76634 0 0 0.127698
0.530379 -0.43829 0.0497166 2.3408 0.426926 -2.75978 0 0 0.128588
0.5306 -0.438595 0.0493404 2.35006 0.427054 -2.75323 0 0 0.129478
0.530821 -0.4389 0.0489642 2.35929 0.427072 -2.74671 0 0 0.130368
0.53104 -0.439203 0.0485904 2.36843 0.426982 -2.74024 0 0 0.131288
0.53125 -0.439495 0.0482303 2.37721 0.426794 -2.73403 0 0 0.132378
0.53146 -0.439788 0.0478689 2.38599 0.426507 -2.72783 0 0 0.133467
0.531669 -0.440081 0.0475075 2.39474 0.426122 -2.72165 0 0 0.134557
0.531879 -0.440373 0.0472014 2.40067 0.425805 -2.71747 0 0 0.135646
0.532089 -0.440666 0.0469084 2.40588 0.425488 -2.71379 0 0 0.136735
0.532298 -0.440958 0.0466164 2.41107 0.425139 -2.71013 0 0 0.137825
0.532508 -0.441251 0.0463234 2.41626 0.424754 -2.70647 0 0 0.138914
0.532718 -0.441544 0.0460304 2.42144 0.424335 -2.70282 0 0 0.140004
0.532927 -0.441836 0.0457384 2.4266 0.423884 -2.69919 0 0 0.141093
0.533137 -0.442129 0.0454454 2.43176 0.423397 -2.69556 0 0 0.142182
0.533346 -0.442421 0.0451534 2.43689 0.422879 -2.69196 0 0 0.143272
0.533556 -0.442714 0.0448604 2.44203 0.422326 -2.68835 0 0 0.144361
0.533766 -0.443006 0.0445684 2.44714 0.421742 -2.68477 0 0 0.14545
0.533975 -0.443299 0.0442754 2.45225 0.421123 -2.68118 0 0 0.14654
0.534185 -0.443592 0.0439824 2.45735 0.420472 -2.67761 0 0 0.147629
0.534395 -0.443884 0.0436904 2.46242 0.419791 -2.67407 0 0 0.148719
0.534597 -0.44417 0.0434045 2.46737 0.419094 -2.67061 0 0 0.149761
0.534794 -0.44445 0.0431245 2.4722 0.418381 -2.66724 0 0 0.150769
0.53499 -0.44473 0.0428579 2.47728 0.4176 -2.6637 0 0 0.151778
0.535187 -0.44501 0.0425931 2.48238 0.41678 -2.66015 0 0 0.152786
0.535384 -0.44529 0.0423283 2.48746 0.415929 -2.65661 0 0 0.153794
0.53558 -0.44557 0.0420635 2.49254 0.415045 -2.65309 0 0 0.154802
0.535777 -0.44585 0.0417987 2.4976 0.41413 -2.64958 0 0 0.15581
0.535974 -0.446131 0.0415329 2.50266 0.41318 -2.64608 0 0 0.156819
0.53617 -0.446411 0.0412681 2.50769 0.412202 -2.6426 0 0 0.157827
0.536367 -0.446691 0.0410033 2.51271 0.411193 -2.63914 0 0 0.158835
0.536564 -0.446971 0.0407385 2.51771 0.410153 -2.6357 0 0 0.159843
0.53676 -0.447251 0.0404737 2.5227 0.409083 -2.63227 0 0 0.160852
0.536957 -0.447531 0.0402089 2.52767 0.407983 -2.62886 0 0 0.16186
0.537154 -0.447811 0.0399441 2.53262 0.406853 -2.62546 0 0 0.162868
0.53735 -0.448092 0.0396783 2.53758 0.405689 -2.62207 0 0 0.163876
0.537547 -0.448372 0.0394135 2.5425 0.4045 -2.61872 0 0 0.164884
0.537744 -0.448652 0.0391487 2.54741 0.403283 -2.61538 0 0 0.165892
0.53793 -0.448919 0.0389149 2.55216 0.40207 -2.61215 0 0 0.166759
0.538117 -0.449186 0.0387139 2.55707 0.400786 -2.60882 0 0 0.167626
0.538303 -0.449453 0.0385128 2.56197 0.399473 -2.60551 0 0 0.168493
0.53849 -0.44972 0.0383118 2.56685 0.398131 -2.60221 0 0 0.16936
0.538676 -0.449987 0.0381107 2.57171 0.396759 -2.59894 0 0 0.170227
0.538863 -0.450254 0.0379097 2.57656 0.39536 -2.59568 0 0 0.171094
0.53905 -0.450521 0.0377087 2.5814 0.393932 -2.59244 0 0 0.171961
0.539236 -0.450788 0.0375076 2.58622 0.392476 -2.58922 0 0 0.172828
0.539423 -0.451055 0.0373066 2.59102 0.390992 -2.58602 0 0 0.173695
0.539609 -0.451322 0.0371055 2.5958 0.389481 -2.58284 0 0 0.174562
0.539796 -0.451589 0.0369045 2.60057 0.387944 -2.57968 0 0 0.175429
0.539982 -0.451856 0.0367035 2.60533 0.386379 -2.57654 0 0 0.176296
0.540169 -0.452123 0.0365024 2.61006 0.384788 -2.57342 0 0 0.177163
0.540356 -0.45239 0.0363014 2.61478 0.383171 -2.57032 0 0 0.17803
0.540542 -0.452658 0.0360996 2.6195 0.381522 -2.56723 0 0 0.178897
0.540729 -0.452925 0.0358985 2.62418 0.379854 -2.56417 0 0 0.179764
0.540915 -0.453192 0.0356975 2.62885 0.378161 -2.56113 0 0 0.180631
0.541102 -0.453459 0.0354964 2.63349 0.376443 -2.55812 0 0 0.181498
0.541288 -0.453726 0.0352954 2.63812 0.374701 -2.55513 0 0 0.182365
0.541475 -0.453993 0.0350944 2.64273 0.372934 -2.55216 0 0 0.183232
0.541662 -0.45426 0.0348933 2.64732 0.371144 -2.54921 0 0 0.184099
0.541848 -0.454527 0.0346923 2.65189 0.369331 -2.54628 0 0 0.184966
0.542026 -0.454782 0.0345247 2.65628 0.367559 -2.54348 0 0 0.18565
0.542202 -0.455036 0.0343651 2.66066 0.365766 -2.5407 0 0 0.186315
0.542379 -0.455289 0.0342062 2.665 0.363959 -2.53795 0 0 0.186981
0.542556 -0.455543 0.0340466 2.66935 0.362122 -2.53521 0 0 0.187646
0.542732 -0.455797 0.033887 2.67368 0.360264 -2.53249 0 0 0.188311
0.542909 -0.45605 0.033728 2.67798 0.358392 -2.5298 0 0 0.188976
0.543086 -0.456304 0.0335685 2.68228 0.356491 -2.52712 0 0 0.189642
0.543262 -0.456558 0.0334089 2.68656 0.35457 -2.52446 0 0 0.190307
0.543439 -0.456812 0.0332493 2.69083 0.352628 -2.52182 0 0 0.190972
0.543616 -0.457065 0.0330903 2.69506 0.350674 -2.51921 0 0 0.191637
0.543792 -0.457319 0.0329307 2.6993 0.348693 -2.51661 0 0 0.192302
0.543969 -0.457573 0.0327712 2.70352 0.346692 -2.51404 0 0 0.192968
0.544145 -0.457827 0.0326116 2.70772 0.344671 -2.51148 0 0 0.193633
0.544322 -0.45808 0.0324526 2.71189 0.34264 -2.50896 0 0 0.194298
0.544499 -0.458334 0.032293 2.71606 0.340582 -2.50645 0 0 0.194963
0.544675 -0.458588 0.0321335 2.72022 0.338506 -2.50395 0 0 0.195629
0.544848 -0.458837 0.031977 2.72428 0.336453 -2.50153 0 0 0.196302
0.545011 -0.459076 0.03184 2.72763 0.334736 -2.49954 0 0 0.196992
0.545174 -0.459315 0.0317108 2.73066 0.33317 -2.49775 0 0 0.197682
0.545337 -0.459555 0.0315811 2.7337 0.331587 -2.49596 0 0 0.198372
0.545501 -0.459794 0.0314519 2.73671 0.330001 -2.49418 0 0 0.199062
0.545664 -0.460034 0.0313222 2.73973 0.328398 -2.49242 0 0 0.199752
0.545827 -0.460273 0.031193 2.74273 0.326792 -2.49067 0 0 0.200442
0.545991 -0.460512 0.0310639 2.74572 0.325176 -2.48893 0 0 0.201132
0.546154 -0.460752 0.0309342 2.74872 0.323544 -2.4872 0 0 0.201822
0.546317 -0.460991 0.030805 2.75169 0.321909 -2.48548 0 0 0.202512
0.54648 -0.46123 0.0306758 2.75466 0.320265 -2.48378 0 0 0.203202
0.546644 -0.46147 0.0305461 2.75763 0.318604 -2.48208 0 0 0.203892
0.546807 -0.461709 0.0304169 2.76058 0.316942 -2.4804 0 0 0.204582
0.54697 -0.461949 0.0302872 2.76354 0.315263 -2.47872 0 0 0.205272
0.547134 -0.462188 0.030158 2.76647 0.313582 -2.47707 0 0 0.205962
0.547297 -0.462427 0.0300289 2.7694 0.311893 -2.47542 0 0 0.206652
0.54746 -0.462667 0.0298992 2.77233 0.310188 -2.47378 0 0 0.207342
0.547614 -0.462894 0.0297765 2.7751 0.308567 -2.47224 0 0 0.208165
0.547764 -0.463118 0.0296554 2.77782 0.30696 -2.47073 0 0 0.20903
0.547914 -0.463342 0.0295343 2.78053 0.305346 -2.46923 0 0 0.209895
0.548065 -0.463566 0.0294133 2.78324 0.303724 -2.46774 0 0 0.21076
0.548215 -0.46379 0.0292922 2.78593 0.302096 -2.46626 0 0 0.211625
0.548365 -0.464014 0.0291711 2.78863 0.30046 -2.4648 0 0 0.21249
0.548516 -0.464237 0.0290506 2.7913 0.298825 -2.46334 0 0 0.213355
0.548666 -0.464461 0.0289348 2.7938 0.297285 -2.46199 0 0 0.21422
0.548816 -0.464685 0.0288368 2.79569 0.296111 -2.46097 0 0 0.215085
0.548967 -0.464909 0.0287387 2.79759 0.294932 -2.45995 0 0 0.21595
0.549117 -0.465133 0.0286406 2.79948 0.29375 -2.45894 0 0 0.216815
0.549267 -0.465357 0.0285426 2.80136 0.292564 -2.45794 0 0 0.21768
0.549418 -0.465581 0.0284445 2.80325 0.291375 -2.45694 0 0 0.218545
0.549568 -0.465804 0.0283469 2.80512 0.290187 -2.45594 0 0 0.21941
0.549719 -0.466028 0.0282488 2.807 0.28899 -2.45495 0 0 0.220276
0.549869 -0.466252 0.0281508 2.80887 0.28779 -2.45397 0 0 0.221141
0.550019 -0.466476 0.0280527 2.81074 0.286587 -2.45298 0 0 0.222006
0.55017 -0.4667 0.0279547 2.81261 0.285379 -2.45201 0 0 0.222871
0.55032 -0.466924 0.0278566 2.81448 0.284169 -2.45104 0 0 0.223736
0.55047 -0.467148 0.0277586 2.81634 0.282954 -2.45007 0 0 0.224601
0.550621 -0.467372 0.0276605 2.8182 0.281737 -2.44911 0 0 0.225466
0.550771 -0.467595 0.0275629 2.82004 0.280521 -2.44816 0 0 0.226331
0.550912 -0.467808 0.0274696 2.8218 0.279357 -2.44725 0 0 0.226997
0.551048 -0.468014 0.0273795 2.82351 0.278229 -2.44638 0 0 0.227563
0.551185 -0.468221 0.0272888 2.82521 0.277092 -2.44551 0 0 0.22813
0.551321 -0.468427 0.0271987 2.82691 0.275958 -2.44465 0 0 0.228696
0.551457 -0.468634 0.0271081 2.82861 0.274815 -2.44379 0 0 0.229262
0.551594 -0.46884 0.0270179 2.8303 0.273676 -2.44294 0 0 0.229828
0.55173 -0.469047 0.0269273 2.83199 0.272528 -2.44209 0 0 0.230395
0.551866 -0.469253 0.0268371 2.83368 0.271383 -2.44124 0 0 0.230961
0.552003 -0.46946 0.0267465 2.83537 0.27023 -2.4404 0 0 0.231527
0.552139 -0.469666 0.0266563 2.83705 0.26908 -2.43956 0 0 0.232093
0.552275 -0.469873 0.0265657 2.83873 0.267922 -2.43873 0 0 0.23266
0.552412 -0.470079 0.0264755 2.84041 0.266766 -2.4379 0 0 0.233226
0.552548 -0.470285 0.0263853 2.84208 0.265608 -2.43708 0 0 0.233792
0.552684 -0.470492 0.0262947 2.84375 0.264443 -2.43626 0 0 0.234358
0.552821 -0.470698 0.0262045 2.84542 0.26328 -2.43544 0 0 0.234925
0.552957 -0.470905 0.0261139 2.84709 0.262109 -2.43463 0 0 0.235491
0.553092 -0.47111 0.0260242 2.84874 0.260947 -2.43383 0 0 0.236032
0.553214 -0.471295 0.0259432 2.85023 0.259897 -2.43311 0 0 0.23632
0.553335 -0.471481 0.0258618 2.85172 0.258838 -2.43239 0 0 0.236608
0.553457 -0.471667 0.0257803 2.85322 0.257778 -2.43168 0 0 0.236896
0.553578 -0.471853 0.0256989 2.85471 0.256716 -2.43096 0 0 0.237184
0.5537 -0.472039 0.0256175 2.85619 0.255652 -2.43026 0 0 0.237472
0.553822 -0.472225 0.0255361 2.85768 0.254587 -2.42955 0 0 0.23776
0.553943 -0.472411 0.0254546 2.85916 0.253519 -2.42885 0 0 0.238048
0.554065 -0.472596 0.0253737 2.86064 0.252456 -2.42816 0 0 0.238336
0.554186 -0.472782 0.0253008 2.86288 0.250827 -2.4271 0 0 0.238624
0.554308 -0.472968 0.0252357 2.86581 0.248691 -2.42574 0 0 0.238913
0.55443 -0.473154 0.0251707 2.86874 0.246546 -2.42438 0 0 0.239201
0.554551 -0.47334 0.0251056 2.87165 0.244393 -2.42305 0 0 0.239489
0.554673 -0.473526 0.0250405 2.87456 0.242232 -2.42172 0 0 0.239777
0.554794 -0.473712 0.0249754 2.87747 0.240064 -2.42041 0 0 0.240065
0.554916 -0.473897 0.0249106 2.88035 0.2379 -2.41912 0 0 0.240353
0.555038 -0.474083 0.0248456 2.88324 0.235717 -2.41783 0 0 0.240641
0.555152 -0.474259 0.024784 2.88596 0.233645 -2.41663 0 0 0.240794
0.555259 -0.474424 0.0247262 2.88851 0.231696 -2.41551 0 0 0.240821
0.555367 -0.47459 0.0246681 2.89107 0.229731 -2.4144 0 0 0.240849
0.555474 -0.474756 0.02461 2.89363 0.227759 -2.4133 0 0 0.240876
0.555582 -0.474921 0.0245523 2.89616 0.225794 -2.41221 0 0 0.240903
0.555689 -0.475087 0.0244942 2.8987 0.223813 -2.41113 0 0 0.240931
0.555796 -0.475253 0.0244361 2.90124 0.221825 -2.41006 0 0 0.240958
0.555904 -0.475419 0.024378 2.90377 0.219833 -2.40901 0 0 0.240985
0.556011 -0.475584 0.0243203 2.90628 0.217848 -2.40797 0 0 0.241013
0.556119 -0.47575 0.0242622 2.9088 0.215846 -2.40693 0 0 0.24104
0.556226 -0.475916 0.0242041 2.91132 0.21384 -2.4059 0 0 0.241067
0.556333 -0.476081 0.0241464 2.91381 0.211841 -2.4049 0 0 0.241095
0.556441 -0.476247 0.0240883 2.91631 0.209825 -2.40389 0 0 0.241122
0.556548 -0.476413 0.0240302 2.91881 0.207805 -2.4029 0 0 0.241149
0.556656 -0.476578 0.0239724 2.92129 0.205792 -2.40192 0 0 0.241177
0.556763 -0.476744 0.0239144 2.92377 0.203763 -2.40095 0 0 0.241204
0.55687 -0.47691 0.0238563 2.92625 0.201731 -2.39999 0 0 0.241231
0.556978 -0.477075 0.0238035 2.92863 0.199776 -2.39908 0 0 0.241258
0.557085 -0.477241 0.0237616 2.93082 0.197966 -2.39825 0 0 0.241286
0.557193 -0.477407 0.0237198 2.933 0.196152 -2.39742 0 0 0.241313
0.5573 -0.477572 0.0236781 2.93517 0.194344 -2.39661 0 0 0.24134
0.557408 -0.477738 0.0236363 2.93735 0.192523 -2.3958 0 0 0.241368
0.557509 -0.477895 0.0235967 2.93941 0.190796 -2.39505 0 0 0.241247
0.557602 -0.478039 0.0235604 2.9413 0.18921 -2.39436 0 0 0.240922
0.557695 -0.478183 0.0235241 2.94318 0.187621 -2.39368 0 0 0.240598
0.557789 -0.478327 0.0234878 2.94506 0.18603 -2.393 0 0 0.240273
0.557882 -0.478471 0.0234515 2.94694 0.184436 -2.39233 0 0 0.239949
0.557975 -0.478615 0.0234151 2.94881 0.182839 -2.39167 0 0 0.239624
0.558068 -0.47876 0.0233786 2.9507 0.181229 -2.39101 0 0 0.2393
0.558162 -0.478904 0.0233423 2.95257 0.179627 -2.39036 0 0 0.238975
0.558255 -0.479048 0.023306 2.95444 0.178023 -2.38972 0 0 0.238651
0.558348 -0.479192 0.0232697 2.9563 0.176417 -2.38908 0 0 0.238326
0.558441 -0.479336 0.0232333 2.95816 0.174808 -2.38845 0 0 0.238002
0.558535 -0.47948 0.023197 2.96002 0.173197 -2.38782 0 0 0.237677
0.558628 -0.479624 0.0231607 2.96188 0.171584 -2.3872 0 0 0.237353
0.558721 -0.479769 0.0231242 2.96374 0.169957 -2.38659 0 0 0.237028
0.558814 -0.479913 0.0230878 2.9656 0.168339 -2.38598 0 0 0.236704
0.558907 -0.480057 0.0230515 2.96745 0.16672 -2.38538 0 0 0.236379
0.559001 -0.480201 0.0230152 2.96929 0.165098 -2.38479 0 0 0.236055
0.559082 -0.480325 0.022984 2.97088 0.1637 -2.38428 0 0 0.235973
0.55916 -0.480444 0.0229539 2.9724 0.162357 -2.3838 0 0 0.235934
0.559239 -0.480564 0.0229237 2.97393 0.161001 -2.38332 0 0 0.235896
0.559317 -0.480684 0.0228934 2.97546 0.159644 -2.38284 0 0 0.235857
0.559396 -0.480804 0.0228632 2.97699 0.158286 -2.38237 0 0 0.235819
0.559474 -0.480924 0.0228329 2.97852 0.156926 -2.3819 0 0 0.23578
0.559553 -0.481044 0.0228027 2.98005 0.155565 -2.38144 0 0 0.235742
0.559631 -0.481164 0.0227724 2.98157 0.154203 -2.38098 0 0 0.235703
0.55971 -0.481283 0.0227424 2.98308 0.152851 -2.38053 0 0 0.235664
0.559789 -0.481403 0.0227121 2.9846 0.151487 -2.38008 0 0 0.235626
0.559867 -0.481523 0.0226819 2.98612 0.150121 -2.37963 0 0 0.235587
0.559946 -0.481643 0.0226516 2.98764 0.148754 -2.37919 0 0 0.235549
0.560024 -0.481763 0.0226214 2.98915 0.147386 -2.37875 0 0 0.23551
0.560103 -0.481883 0.0225994 2.98839 0.148071 -2.37897 0 0 0.235472
0.560181 -0.482003 0.0225781 2.98748 0.1489 -2.37924 0 0 0.235433
0.56026 -0.482122 0.0225569 2.98656 0.149721 -2.3795 0 0 0.235395
0.560334 -0.482237 0.0225365 2.98568 0.150514 -2.37976 0 0 0.2355
0.560398 -0.482337 0.0225187 2.98492 0.151204 -2.37998 0 0 0.235985
0.560461 -0.482438 0.0225007 2.98414 0.1519 -2.38021 0 0 0.236471
0.560524 -0.482538 0.0224829 2.98337 0.152589 -2.38044 0 0 0.236956
0.560588 -0.482638 0.0224651 2.9826 0.153278 -2.38067 0 0 0.237441
0.560651 -0.482739 0.0224472 2.98183 0.153973 -2.3809 0 0 0.237926
0.560715 -0.482839 0.0224294 2.98106 0.154661 -2.38113 0 0 0.238411
0.560778 -0.482939 0.0224116 2.98029 0.155349 -2.38137 0 0 0.238896
0.560841 -0.48304 0.0223937 2.97951 0.156043 -2.3816 0 0 0.239381
0.560905 -0.48314 0.0223759 2.97874 0.15673 -2.38184 0 0 0.239867
0.560968 -0.48324 0.0223581 2.97797 0.157417 -2.38207 0 0 0.240352
0.561031 -0.483341 0.0223401 2.97719 0.15811 -2.38231 0 0 0.240837
0.561095 -0.483441 0.0223223 2.97642 0.158796 -2.38255 0 0 0.241322
0.561158 -0.483542 0.0223044 2.97564 0.159489 -2.38279 0 0 0.241807
0.561222 -0.483642 0.0222866 2.97487 0.160175 -2.38303 0 0 0.242292
0.561285 -0.483742 0.0222688 2.97409 0.16086 -2.38327 0 0 0.242777
0.561348 -0.483843 0.0222508 2.97331 0.161552 -2.38351 0 0 0.243262
0.561412 -0.483943 0.0222331 2.97254 0.162236 -2.38376 0 0 0.243748
0.561475 -0.484043 0.0222153 2.97176 0.16292 -2.384 0 0 0.244233
0.561539 -0.484144 0.0221973 2.97098 0.163611 -2.38425 0 0 0.244718
0.561602 -0.484244 0.0221795 2.9702 0.164295 -2.3845 0 0 0.245203
0.561665 -0.484344 0.0221617 2.96943 0.164978 -2.38474 0 0 0.245688
0.561726 -0.484441 0.0221445 2.96867 0.16564 -2.38499 0 0 0.246272
0.561776 -0.484522 0.0221301 2.96805 0.166193 -2.38519 0 0 0.247314
0.561826 -0.484602 0.0221159 2.96742 0.166739 -2.38539 0 0 0.248356
0.561876 -0.484683 0.0221014 2.96679 0.167291 -2.38559 0 0 0.249398
0.561926 -0.484763 0.0220872 2.96617 0.167837 -2.38579 0 0 0.25044
0.561976 -0.484844 0.0220728 2.96554 0.168388 -2.386 0 0 0.251482
0.562025 -0.484924 0.0220586 2.96492 0.168933 -2.3862 0 0 0.252523
0.562075 -0.485005 0.0220442 2.96429 0.169485 -2.38641 0 0 0.253565
0.562125 -0.485085 0.02203 2.96366 0.170029 -2.38661 0 0 0.254607
0.562175 -0.485166 0.0220155 2.96303 0.17058 -2.38682 0 0 0.255649
0.562225 -0.485246 0.0220013 2.96241 0.171124 -2.38703 0 0 0.256691
0.562275 -0.485327 0.0219869 2.96177 0.171674 -2.38724 0 0 0.257733
0.562325 -0.485407 0.0219727 2.96115 0.172218 -2.38745 0 0 0.258775
0.562375 -0.485488 0.0219583 2.96052 0.172768 -2.38766 0 0 0.259816
0.562424 -0.485568 0.0219441 2.95989 0.173311 -2.38787 0 0 0.260858
0.562474 -0.485649 0.0219296 2.95926 0.17386 -2.38808 0 0 0.2619
0.562524 -0.485729 0.0219154 2.95863 0.174402 -2.38829 0 0 0.262942
0.562565 -0.485798 0.0219031 2.95809 0.17487 -2.38847 0 0 0.264065
0.562601 -0.485859 0.0218923 2.95761 0.175283 -2.38863 0 0 0.265242
0.562637 -0.48592 0.0218814 2.95713 0.175696 -2.3888 0 0 0.266418
0.562672 -0.485982 0.0218704 2.95665 0.176116 -2.38896 0 0 0.267595
0.562708 -0.486043 0.0218596 2.95617 0.176529 -2.38912 0 0 0.268771
0.562743 -0.486104 0.0218487 2.95569 0.176942 -2.38929 0 0 0.269948
0.562779 -0.486166 0.0218377 2.9552 0.177361 -2.38945 0 0 0.271124
0.562815 -0.486227 0.0218269 2.95473 0.177773 -2.38962 0 0 0.272301
0.56285 -0.486288 0.021816 2.95425 0.178185 -2.38978 0 0 0.273477
0.562886 -0.486349 0.0218052 2.95377 0.178597 -2.38995 0 0 0.274654
0.562921 -0.486411 0.0217941 2.95328 0.179016 -2.39011 0 0 0.27583
0.562957 -0.486472 0.0217833 2.9528 0.179428 -2.39028 0 0 0.277006
0.562993 -0.486533 0.0217724 2.95232 0.179839 -2.39045 0 0 0.278183
0.563028 -0.486595 0.0217614 2.95183 0.180257 -2.39062 0 0 0.279359
0.563064 -0.486656 0.0217506 2.95135 0.180669 -2.39078 0 0 0.280536
0.563099 -0.486717 0.0217397 2.95087 0.18108 -2.39095 0 0 0.281712
0.563135 -0.486778 0.0217289 2.95039 0.181491 -2.39112 0 0 0.282878
0.56316 -0.486824 0.0217207 2.95003 0.1818 -2.39124 0 0 0.283715
0.563185 -0.48687 0.0217125 2.94967 0.18211 -2.39137 0 0 0.284553
0.563211 -0.486916 0.0217043 2.9493 0.18242 -2.3915 0 0 0.28539
0.563236 -0.486963 0.021696 2.94893 0.182736 -2.39163 0 0 0.286228
0.563262 -0.487009 0.0216878 2.94857 0.183045 -2.39176 0 0 0.287065
0.563287 -0.487055 0.0216796 2.94821 0.183355 -2.39189 0 0 0.287902
0.563312 -0.487101 0.0216714 2.94785 0.183664 -2.39201 0 0 0.28874
0.563338 -0.487147 0.0216632 2.94748 0.183973 -2.39214 0 0 0.289577
0.563363 -0.487194 0.0216549 2.94711 0.184289 -2.39227 0 0 0.290415
0.563389 -0.48724 0.0216467 2.94675 0.184598 -2.3924 0 0 0.291252
0.563414 -0.487286 0.0216385 2.94638 0.184906 -2.39253 0 0 0.29209
0.563439 -0.487332 0.0216303 2.94602 0.185215 -2.39266 0 0 0.292927
0.563465 -0.487378 0.0216221 2.94566 0.185524 -2.39279 0 0 0.293764
0.56349 -0.487424 0.021614 2.94529 0.185832 -2.39292 0 0 0.294602
0.563515 -0.487471 0.0216056 2.94492 0.186148 -2.39305 0 0 0.295439
0.563541 -0.487517 0.0215974 2.94456 0.186456 -2.39318 0 0 0.296277
0.563566 -0.487563 0.0215892 2.94419 0.186764 -2.39331 0 0 0.297114
0.563592 -0.487609 0.0215811 2.94383 0.187072 -2.39344 0 0 0.297951
0.563617 -0.487655 0.0215729 2.94347 0.18738 -2.39358 0 0 0.298789
0.563642 -0.487702 0.0215645 2.94309 0.187695 -2.39371 0 0 0.299626
0.563668 -0.487748 0.0215563 2.94273 0.188003 -2.39384 0 0 0.300464
0.563693 -0.487794 0.0215482 2.94236 0.188311 -2.39397 0 0 0.301301
0.56371 -0.487829 0.0215419 2.94209 0.188545 -2.39407 0 0 0.302414
0.563726 -0.487862 0.0215361 2.94183 0.188766 -2.39417 0 0 0.303546
0.563743 -0.487896 0.02153 2.94156 0.188993 -2.39427 0 0 0.304679
0.563759 -0.48793 0.021524 2.94129 0.18922 -2.39436 0 0 0.305811
0.563776 -0.487964 0.0215179 2.94102 0.189447 -2.39446 0 0 0.306943
0.563792 -0.487997 0.0215121 2.94075 0.189668 -2.39456 0 0 0.308076
0.563808 -0.488031 0.021506 2.94048 0.189895 -2.39466 0 0 0.309208
0.563825 -0.488065 0.0215 2.94021 0.190122 -2.39475 0 0 0.31034
0.563841 -0.488099 0.0214939 2.93994 0.190349 -2.39485 0 0 0.311473
0.563857 -0.488132 0.021488 2.93968 0.190569 -2.39495 0 0 0.312605
0.563874 -0.488166 0.021482 2.93941 0.190796 -2.39505 0 0 0.313737
0.56389 -0.4882 0.021476 2.93914 0.191023 -2.39515 0 0 0.31487
0.563906 -0.488234 0.0214699 2.93887 0.19125 -2.39525 0 0 0.316002
0.563923 -0.488267 0.021464 2.93861 0.19147 -2.39534 0 0 0.317134
0.563939 -0.488301 0.021458 2.93834 0.191696 -2.39544 0 0 0.318267
0.563955 -0.488335 0.0214519 2.93807 0.191923 -2.39554 0 0 0.319399
0.563969 -0.488364 0.0214468 2.93784 0.192116 -2.39563 0 0 0.320635
0.563977 -0.488387 0.0214427 2.93766 0.19227 -2.39569 0 0 0.322056
0.563985 -0.488409 0.0214388 2.93748 0.192416 -2.39576 0 0 0.323476
0.563993 -0.488431 0.0214349 2.93731 0.192563 -2.39582 0 0 0.324897
0.564001 -0.488453 0.021431 2.93713 0.192709 -2.39589 0 0 0.326317
0.564009 -0.488475 0.021427 2.93696 0.192856 -2.39595 0 0 0.327737
0.564017 -0.488497 0.0214231 2.93678 0.193002 -2.39602 0 0 0.329158
0.564025 -0.488519 0.0214192 2.93661 0.193148 -2.39608 0 0 0.330578
0.564033 -0.488542 0.0214151 2.93642 0.193302 -2.39615 0 0 0.331998
0.564041 -0.488564 0.0214112 2.93625 0.193448 -2.39621 0 0 0.333419
0.564049 -0.488586 0.0214073 2.93607 0.193594 -2.39628 0 0 0.334839
0.564057 -0.488608 0.0214034 2.9359 0.193741 -2.39634 0 0 0.336259
0.564065 -0.48863 0.0213995 2.93572 0.193887 -2.39641 0 0 0.33768
0.564073 -0.488652 0.0213956 2.93555 0.194033 -2.39647 0 0 0.3391
0.564081 -0.488675 0.0213915 2.93536 0.194186 -2.39654 0 0 0.34052
0.564088 -0.488697 0.0213876 2.93519 0.194332 -2.39661 0 0 0.341941
0.564096 -0.488719 0.0213837 2.93501 0.194479 -2.39667 0 0 0.343361
0.564095 -0.488733 0.0213812 2.9349 0.194572 -2.39671 0 0 0.344649
0.56409 -0.488745 0.021379 2.93481 0.194651 -2.39675 0 0 0.345901
0.564086 -0.488756 0.0213771 2.93472 0.194724 -2.39678 0 0 0.347153
0.564082 -0.488768 0.0213749 2.93462 0.194804 -2.39682 0 0 0.348405
0.564078 -0.48878 0.0213728 2.93453 0.194884 -2.39685 0 0 0.349657
0.564073 -0.488792 0.0213707 2.93443 0.194964 -2.39689 0 0 0.350909
0.564069 -0.488803 0.0213687 2.93434 0.195037 -2.39692 0 0 0.352161
0.564065 -0.488815 0.0213666 2.93425 0.195116 -2.39696 0 0 0.353413
0.56406 -0.488827 0.0213644 2.93415 0.195196 -2.39699 0 0 0.354665
0.564056 -0.488839 0.0213623 2.93406 0.195276 -2.39703 0 0 0.355917
0.564052 -0.488851 0.0213602 2.93396 0.195355 -2.39707 0 0 0.357169
0.564047 -0.488862 0.0213582 2.93387 0.195428 -2.3971 0 0 0.358421
0.564043 -0.488874 0.0213561 2.93378 0.195508 -2.39713 0 0 0.359673
0.564039 -0.488886 0.021354 2.93368 0.195588 -2.39717 0 0 0.360925
0.564034 -0.488898 0.0213518 2.93359 0.195667 -2.39721 0 0 0.362177
0.56403 -0.488909 0.0213499 2.9335 0.19574 -2.39724 0 0 0.363429
0.564026 -0.488921 0.0213477 2.9334 0.19582 -2.39727 0 0 0.364681
0.564021 -0.488933 0.0213456 2.93331 0.1959 -2.39731 0 0 0.365933
0.564017 -0.488945 0.0213435 2.93321 0.195979 -2.39735 0 0 0.367185
0.564013 -0.488957 0.0213413 2.93311 0.196059 -2.39738 0 0 0.368437
0.564009 -0.488968 0.0213394 2.93303 0.196132 -2.39742 0 0 0.369689
0.564004 -0.48898 0.0213372 2.93293 0.196211 -2.39745 0 0 0.370941
0.563993 -0.488985 0.0213363 2.93289 0.196245 -2.39747 0 0 0.371809
0.563979 -0.488988 0.0213358 2.93287 0.196264 -2.39748 0 0 0.372505
0.563964 -0.488991 0.0213353 2.93284 0.196284 -2.39748 0 0 0.373201
0.56395 -0.488993 0.0213349 2.93283 0.196298 -2.39749 0 0 0.373897
0.563936 -0.488996 0.0213344 2.9328 0.196317 -2.3975 0 0 0.374593
0.563921 -0.488998 0.021334 2.93279 0.196331 -2.39751 0 0 0.37529
0.563907 -0.489001 0.0213335 2.93276 0.196351 -2.39751 0 0 0.375986
0.563892 -0.489003 0.0213331 2.93275 0.196364 -2.39752 0 0 0.376682
0.563878 -0.489006 0.0213326 2.93272 0.196384 -2.39753 0 0 0.377378
0.563864 -0.489008 0.0213323 2.93271 0.196397 -2.39754 0 0 0.378075
0.563849 -0.489011 0.0213317 2.93268 0.196417 -2.39754 0 0 0.378771
0.563835 -0.489013 0.0213314 2.93267 0.19643 -2.39755 0 0 0.379467
0.563821 -0.489016 0.0213308 2.93264 0.19645 -2.39756 0 0 0.380163
0.563806 -0.489018 0.0213305 2.93263 0.196463 -2.39757 0 0 0.38086
0.563792 -0.489021 0.0213299 2.9326 0.196483 -2.39757 0 0 0.381556
0.563778 -0.489024 0.0213294 2.93258 0.196503 -2.39758 0 0 0.382252
0.563762 -0.489025 0.0213292 2.93257 0.19651 -2.39759 0 0 0.382941
0.563741 -0.489019 0.0213303 2.93262 0.19647 -2.39757 0 0 0.383572
0.563719 -0.489014 0.0213312 2.93266 0.196437 -2.39755 0 0 0.384203
0.563697 -0.489008 0.0213323 2.93271 0.196397 -2.39754 0 0 0.384835
0.563675 -0.489002 0.0213333 2.93276 0.196357 -2.39752 0 0 0.385466
0.563653 -0.488996 0.0213344 2.9328 0.196317 -2.3975 0 0 0.386098
0.563631 -0.48899 0.0213355 2.93285 0.196278 -2.39748 0 0 0.386729
0.563609 -0.488984 0.0213365 2.9329 0.196238 -2.39746 0 0 0.387361
0.563588 -0.488979 0.0213374 2.93294 0.196205 -2.39745 0 0 0.387992
0.563566 -0.488973 0.0213385 2.93299 0.196165 -2.39743 0 0 0.388623
0.563544 -0.488967 0.0213395 2.93303 0.196125 -2.39741 0 0 0.389255
0.563522 -0.488961 0.0213406 2.93308 0.196085 -2.39739 0 0 0.389886
0.5635 -0.488955 0.0213417 2.93313 0.196046 -2.39738 0 0 0.390518
0.563478 -0.48895 0.0213426 2.93317 0.196012 -2.39736 0 0 0.391149
0.563457 -0.488944 0.0213436 2.93322 0.195973 -2.39734 0 0 0.391781
0.563435 -0.488938 0.0213447 2.93327 0.195933 -2.39733 0 0 0.392412
0.563413 -0.488932 0.0213458 2.93331 0.195893 -2.39731 0 0 0.393043
0.563387 -0.488923 0.0213474 2.93339 0.195833 -2.39728 0 0 0.39337
0.563358 -0.488912 0.0213493 2.93347 0.19576 -2.39725 0 0 0.393443
0.563329 -0.488901 0.0213513 2.93356 0.195687 -2.39721 0 0 0.393516
0.5633 -0.48889 0.0213532 2.93365 0.195614 -2.39718 0 0 0.39359
0.563271 -0.488879 0.0213552 2.93374 0.195541 -2.39715 0 0 0.393663
0.563242 -0.488867 0.0213573 2.93383 0.195462 -2.39711 0 0 0.393736
0.563213 -0.488856 0.0213593 2.93392 0.195389 -2.39708 0 0 0.393809
0.563183 -0.488845 0.0213612 2.93401 0.195316 -2.39705 0 0 0.393882
0.563154 -0.488834 0.0213632 2.9341 0.195242 -2.39701 0 0 0.393955
0.563125 -0.488822 0.0213653 2.93419 0.195163 -2.39698 0 0 0.394028
0.563096 -0.488811 0.0213673 2.93428 0.19509 -2.39695 0 0 0.394101
0.563067 -0.4888 0.0213692 2.93437 0.195017 -2.39691 0 0 0.394175
0.563038 -0.488789 0.0213712 2.93445 0.194944 -2.39688 0 0 0.394248
0.563009 -0.488777 0.0213733 2.93455 0.194864 -2.39685 0 0 0.394321
0.56298 -0.488766 0.0213753 2.93464 0.194791 -2.39681 0 0 0.394394
0.562951 -0.488755 0.0213772 2.93473 0.194718 -2.39678 0 0 0.394467
0.562922 -0.488744 0.0213792 2.93481 0.194645 -2.39675 0 0 0.39454
0.562892 -0.488733 0.0213812 2.9349 0.194572 -2.39671 0 0 0.394613
0.562863 -0.488721 0.0213833 2.935 0.194492 -2.39668 0 0 0.394686
0.562834 -0.48871 0.0213853 2.93508 0.194419 -2.39665 0 0 0.39476
0.562805 -0.488699 0.0213872 2.93517 0.194346 -2.39661 0 0 0.394833
0.562776 -0.488688 0.0213892 2.93526 0.194273 -2.39658 0 0 0.394906
0.562745 -0.488674 0.0213917 2.93537 0.194179 -2.39654 0 0 0.394939
0.562711 -0.488658 0.0213945 2.9355 0.194073 -2.39649 0 0 0.394923
0.562678 -0.488642 0.0213973 2.93563 0.193967 -2.39644 0 0 0.394907
0.562644 -0.488625 0.0214004 2.93576 0.193854 -2.39639 0 0 0.394891
0.56261 -0.488609 0.0214032 2.93589 0.193747 -2.39635 0 0 0.394875
0.562577 -0.488593 0.0214061 2.93602 0.193641 -2.3963 0 0 0.394859
0.562543 -0.488576 0.0214091 2.93615 0.193528 -2.39625 0 0 0.394843
0.56251 -0.48856 0.0214119 2.93628 0.193421 -2.3962 0 0 0.394827
0.562476 -0.488544 0.0214148 2.93641 0.193315 -2.39615 0 0 0.394811
0.562442 -0.488527 0.0214178 2.93654 0.193202 -2.3961 0 0 0.394795
0.562409 -0.488511 0.0214206 2.93667 0.193095 -2.39606 0 0 0.394779
0.562375 -0.488495 0.0214235 2.9368 0.192989 -2.39601 0 0 0.394763
0.562342 -0.488478 0.0214265 2.93693 0.192876 -2.39596 0 0 0.394747
0.562308 -0.488462 0.0214294 2.93706 0.192769 -2.39591 0 0 0.394731
0.562274 -0.488446 0.0214322 2.93719 0.192662 -2.39587 0 0 0.394715
0.562241 -0.48843 0.021435 2.93731 0.192556 -2.39582 0 0 0.394699
0.562207 -0.488413 0.0214381 2.93745 0.192443 -2.39577 0 0 0.394683
0.56217 -0.488396 0.0214411 2.93758 0.192329 -2.39572 0 0 0.394647
0.562132 -0.488378 0.0214443 2.93773 0.19221 -2.39567 0 0 0.394609
0.562094 -0.48836 0.0214475 2.93787 0.19209 -2.39561 0 0 0.39457
0.562056 -0.488342 0.0214507 2.93801 0.19197 -2.39556 0 0 0.394531
0.562018 -0.488324 0.0214539 2.93816 0.19185 -2.39551 0 0 0.394493
0.56198 -0.488306 0.0214571 2.9383 0.19173 -2.39546 0 0 0.394454
0.561942 -0.488288 0.0214603 2.93844 0.19161 -2.3954 0 0 0.394416
0.561904 -0.48827 0.0214635 2.93859 0.19149 -2.39535 0 0 0.394377
0.561866 -0.488253 0.0214665 2.93872 0.191376 -2.3953 0 0 0.394339
0.561828 -0.488235 0.0214697 2.93886 0.191256 -2.39525 0 0 0.3943
0.56179 -0.488217 0.0214729 2.93901 0.191136 -2.3952 0 0 0.394262
0.561752 -0.488199 0.0214761 2.93915 0.191016 -2.39514 0 0 0.394223
0.561714 -0.488181 0.0214793 2.93929 0.190896 -2.39509 0 0 0.394185
0.561676 -0.488163 0.0214825 2.93944 0.190776 -2.39504 0 0 0.394146
0.561638 -0.488145 0.0214857 2.93958 0.190656 -2.39499 0 0 0.394108
0.5616 -0.488128 0.0214888 2.93971 0.190543 -2.39494 0 0 0.394069
0.561561 -0.488109 0.0214921 2.93987 0.190416 -2.39488 0 0 0.394207
0.561522 -0.488091 0.0214953 2.94001 0.190296 -2.39483 0 0 0.394751
0.561482 -0.488073 0.0214985 2.94015 0.190175 -2.39478 0 0 0.395295
0.561443 -0.488054 0.0215019 2.9403 0.190049 -2.39472 0 0 0.395839
0.561403 -0.488036 0.0215051 2.94044 0.189928 -2.39467 0 0 0.396383
0.561364 -0.488018 0.0215083 2.94059 0.189808 -2.39462 0 0 0.396927
0.561324 -0.487999 0.0215117 2.94074 0.189681 -2.39456 0 0 0.397471
0.561285 -0.487981 0.0215149 2.94088 0.189561 -2.39451 0 0 0.398015
0.561245 -0.487962 0.0215183 2.94103 0.189434 -2.39446 0 0 0.398559
0.561206 -0.487944 0.0215215 2.94117 0.189314 -2.3944 0 0 0.399103
0.561166 -0.487926 0.0215247 2.94132 0.189193 -2.39435 0 0 0.399647
0.561127 -0.487907 0.0215281 2.94147 0.189066 -2.3943 0 0 0.400191
0.561087 -0.487889 0.0215313 2.94161 0.188946 -2.39425 0 0 0.400735
0.561048 -0.48787 0.0215346 2.94176 0.188819 -2.39419 0 0 0.401279
0.561008 -0.487852 0.0215378 2.9419 0.188699 -2.39414 0 0 0.401823
0.560969 -0.487834 0.021541 2.94205 0.188578 -2.39409 0 0 0.402367
0.560929 -0.487815 0.0215444 2.9422 0.188451 -2.39403 0 0 0.402911
0.56089 -0.487797 0.0215476 2.94234 0.188331 -2.39398 0 0 0.403455
0.56085 -0.487778 0.021551 2.94249 0.188204 -2.39393 0 0 0.403999
0.56081 -0.48776 0.0215542 2.94263 0.188083 -2.39388 0 0 0.404543
0.560771 -0.487742 0.0215574 2.94278 0.187963 -2.39382 0 0 0.405087
0.560731 -0.487723 0.0215608 2.94293 0.187836 -2.39377 0 0 0.405631
0.560692 -0.487705 0.021564 2.94307 0.187715 -2.39372 0 0 0.406258
0.56065 -0.487685 0.0215675 2.94323 0.187581 -2.39366 0 0 0.407204
0.560608 -0.487665 0.0215711 2.94339 0.187447 -2.3936 0 0 0.408151
0.560567 -0.487646 0.0215745 2.94354 0.18732 -2.39355 0 0 0.409098
0.560525 -0.487626 0.021578 2.9437 0.187186 -2.39349 0 0 0.410044
0.560484 -0.487606 0.0215816 2.94385 0.187052 -2.39344 0 0 0.410991
0.560442 -0.487587 0.021585 2.944 0.186925 -2.39338 0 0 0.411938
0.560401 -0.487567 0.0215885 2.94416 0.186791 -2.39333 0 0 0.412885
0.560359 -0.487547 0.0215921 2.94432 0.186657 -2.39327 0 0 0.413831
0.560318 -0.487528 0.0215955 2.94447 0.18653 -2.39321 0 0 0.414778
0.560276 -0.487508 0.021599 2.94463 0.186396 -2.39316 0 0 0.415725
0.560235 -0.487488 0.0216026 2.94479 0.186262 -2.3931 0 0 0.416672
0.560193 -0.487469 0.021606 2.94494 0.186134 -2.39305 0 0 0.417618
0.560152 -0.487449 0.0216095 2.9451 0.186 -2.39299 0 0 0.418565
0.56011 -0.487429 0.0216131 2.94525 0.185866 -2.39293 0 0 0.419512
0.560069 -0.48741 0.0216165 2.9454 0.185738 -2.39288 0 0 0.420459
0.560027 -0.48739 0.02162 2.94556 0.185604 -2.39282 0 0 0.421405
0.559985 -0.487371 0.0216234 2.94571 0.185477 -2.39277 0 0 0.42234
0.559942 -0.487352 0.0216268 2.94586 0.185349 -2.39272 0 0 0.423268
0.559899 -0.487333 0.0216301 2.94601 0.185222 -2.39266 0 0 0.424196
0.559856 -0.487314 0.0216335 2.94616 0.185094 -2.39261 0 0 0.425124
0.559813 -0.487295 0.0216369 2.94631 0.184967 -2.39256 0 0 0.426052
0.55977 -0.487276 0.0216403 2.94646 0.184839 -2.3925 0 0 0.42698
0.559727 -0.487257 0.0216437 2.94661 0.184712 -2.39245 0 0 0.427908
0.559684 -0.487238 0.021647 2.94676 0.184584 -2.3924 0 0 0.428836
0.559641 -0.487219 0.0216504 2.94691 0.184457 -2.39234 0 0 0.429764
0.559598 -0.4872 0.0216538 2.94706 0.184329 -2.39229 0 0 0.430692
0.559555 -0.487181 0.0216572 2.94721 0.184201 -2.39224 0 0 0.43162
0.559512 -0.487162 0.0216606 2.94736 0.184074 -2.39218 0 0 0.432549
0.559469 -0.487143 0.0216639 2.94751 0.183946 -2.39213 0 0 0.433477
0.559426 -0.487124 0.0216673 2.94766 0.183818 -2.39208 0 0 0.434405
0.559383 -0.487105 0.0216707 2.94781 0.183691 -2.39202 0 0 0.435333
0.55934 -0.487086 0.0216741 2.94796 0.183563 -2.39197 0 0 0.436261
0.559297 -0.487067 0.0216775 2.94811 0.183435 -2.39192 0 0 0.437147
0.559255 -0.487047 0.021681 2.94827 0.183301 -2.39186 0 0 0.437383
0.559213 -0.487027 0.0216846 2.94843 0.183166 -2.39181 0 0 0.437619
0.559172 -0.487007 0.0216881 2.94859 0.183032 -2.39175 0 0 0.437855
0.55913 -0.486986 0.0216919 2.94875 0.182891 -2.39169 0 0 0.438091
0.559088 -0.486966 0.0216954 2.94891 0.182756 -2.39164 0 0 0.438327
0.559046 -0.486946 0.021699 2.94907 0.182621 -2.39158 0 0 0.438563
0.559004 -0.486926 0.0217025 2.94923 0.182487 -2.39153 0 0 0.438799
0.558963 -0.486906 0.0217061 2.94938 0.182352 -2.39147 0 0 0.439035
0.558921 -0.486886 0.0217096 2.94954 0.182218 -2.39142 0 0 0.439271
0.558879 -0.486866 0.0217132 2.9497 0.182083 -2.39136 0 0 0.439507
0.558837 -0.486845 0.0217169 2.94986 0.181942 -2.3913 0 0 0.439743
0.558796 -0.486825 0.0217205 2.95002 0.181807 -2.39125 0 0 0.439979
0.558754 -0.486805 0.0217241 2.95018 0.181672 -2.39119 0 0 0.440215
0.558712 -0.486785 0.0217276 2.95034 0.181538 -2.39114 0 0 0.440451
0.55867 -0.486765 0.0217312 2.95049 0.181403 -2.39108 0 0 0.440686
0.558628 -0.486745 0.0217347 2.95065 0.181268 -2.39103 0 0 0.440922
0.558587 -0.486724 0.0217385 2.95082 0.181127 -2.39097 0 0 0.441158
0.558545 -0.486704 0.021742 2.95098 0.180992 -2.39091 0 0 0.441394
0.558503 -0.486684 0.0217456 2.95113 0.180857 -2.39086 0 0 0.44163
0.558461 -0.486664 0.0217491 2.95129 0.180723 -2.3908 0 0 0.441866
0.558419 -0.486644 0.0217527 2.95145 0.180588 -2.39075 0 0 0.442102
0.558378 -0.486624 0.0217562 2.95161 0.180453 -2.3907 0 0 0.442338
0.558336 -0.486601 0.0217603 2.95179 0.180298 -2.39063 0 0 0.4422
0.558295 -0.486579 0.0217642 2.95196 0.180149 -2.39057 0 0 0.442047
0.558253 -0.486556 0.0217683 2.95214 0.179994 -2.39051 0 0 0.441894
0.558212 -0.486534 0.0217723 2.95231 0.179846 -2.39045 0 0 0.441741
0.55817 -0.486511 0.0217763 2.95249 0.179691 -2.39039 0 0 0.441588
0.558129 -0.486489 0.0217803 2.95267 0.179542 -2.39033 0 0 0.441435
0.558087 -0.486466 0.0217843 2.95285 0.179387 -2.39026 0 0 0.441282
0.558046 -0.486444 0.0217883 2.95302 0.179239 -2.3902 0 0 0.441129
0.558004 -0.486421 0.0217923 2.9532 0.179083 -2.39014 0 0 0.440976
0.557963 -0.486399 0.0217963 2.95337 0.178935 -2.39008 0 0 0.440823
0.557921 -0.486376 0.0218004 2.95356 0.17878 -2.39002 0 0 0.44067
0.55788 -0.486354 0.0218043 2.95373 0.178631 -2.38996 0 0 0.440517
0.557838 -0.486331 0.0218084 2.95391 0.178476 -2.3899 0 0 0.440365
0.557797 -0.486309 0.0218123 2.95408 0.178327 -2.38984 0 0 0.440212
0.557755 -0.486286 0.0218164 2.95426 0.178172 -2.38978 0 0 0.440059
0.557714 -0.486264 0.0218203 2.95444 0.178023 -2.38972 0 0 0.439906
0.557674 -0.48624 0.0218245 2.95462 0.177861 -2.38965 0 0 0.439691
0.557636 -0.486215 0.021829 2.95482 0.177692 -2.38958 0 0 0.439381
0.557598 -0.48619 0.0218334 2.95502 0.177523 -2.38952 0 0 0.43907
0.557561 -0.486165 0.0218379 2.95521 0.177354 -2.38945 0 0 0.43876
0.557523 -0.48614 0.0218423 2.95541 0.177185 -2.38938 0 0 0.438449
0.557485 -0.486115 0.0218468 2.95561 0.177016 -2.38932 0 0 0.438139
0.557448 -0.48609 0.0218512 2.9558 0.176847 -2.38925 0 0 0.437828
0.55741 -0.486066 0.0218555 2.95599 0.176684 -2.38919 0 0 0.437517
0.557372 -0.486041 0.0218599 2.95619 0.176515 -2.38912 0 0 0.437207
0.557334 -0.486016 0.0218644 2.95638 0.176346 -2.38905 0 0 0.436896
0.557297 -0.485991 0.0218688 2.95658 0.176177 -2.38898 0 0 0.436586
0.557259 -0.485966 0.0218733 2.95677 0.176008 -2.38892 0 0 0.436275
0.557221 -0.485941 0.0218777 2.95697 0.175839 -2.38885 0 0 0.435965
0.557183 -0.485916 0.0218822 2.95717 0.175669 -2.38879 0 0 0.435654
0.557146 -0.485891 0.0218866 2.95736 0.1755 -2.38872 0 0 0.435344
0.557108 -0.485866 0.0218911 2.95756 0.175331 -2.38865 0 0 0.435033
0.55707 -0.485841 0.0218955 2.95775 0.175161 -2.38859 0 0 0.434722
0.557033 -0.485814 0.0219003 2.95796 0.174978 -2.38851 0 0 0.43485
0.556995 -0.485787 0.0219051 2.95818 0.174796 -2.38844 0 0 0.435075
0.556958 -0.485759 0.0219101 2.9584 0.174606 -2.38837 0 0 0.4353
0.556921 -0.485732 0.0219149 2.95861 0.174423 -2.3883 0 0 0.435526
0.556883 -0.485705 0.0219197 2.95882 0.17424 -2.38823 0 0 0.435751
0.556846 -0.485677 0.0219247 2.95904 0.17405 -2.38815 0 0 0.435977
0.556809 -0.48565 0.0219295 2.95925 0.173867 -2.38808 0 0 0.436202
0.556771 -0.485623 0.0219343 2.95946 0.173684 -2.38801 0 0 0.436428
0.556734 -0.485595 0.0219393 2.95968 0.173494 -2.38794 0 0 0.436653
0.556696 -0.485568 0.0219441 2.95989 0.173311 -2.38787 0 0 0.436879
0.556659 -0.48554 0.021949 2.96011 0.173121 -2.38779 0 0 0.437104
0.556622 -0.485513 0.0219538 2.96032 0.172937 -2.38772 0 0 0.43733
0.556584 -0.485486 0.0219586 2.96053 0.172754 -2.38765 0 0 0.437555
0.556547 -0.485458 0.0219636 2.96075 0.172564 -2.38758 0 0 0.437781
0.55651 -0.485431 0.0219684 2.96096 0.172381 -2.38751 0 0 0.438006
0.556472 -0.485404 0.0219732 2.96117 0.172197 -2.38744 0 0 0.438231
0.556435 -0.485376 0.0219782 2.96139 0.172007 -2.38737 0 0 0.438457
0.556397 -0.485349 0.021983 2.9616 0.171824 -2.3873 0 0 0.438682
0.55636 -0.485322 0.0219878 2.96181 0.17164 -2.38723 0 0 0.438908
0.556323 -0.485294 0.0219928 2.96203 0.17145 -2.38715 0 0 0.439133
0.556285 -0.485267 0.0219976 2.96224 0.171267 -2.38708 0 0 0.439359
0.556248 -0.485239 0.0220026 2.96246 0.171076 -2.38701 0 0 0.439584
0.556211 -0.48521 0.0220077 2.96269 0.170879 -2.38694 0 0 0.439617
0.556175 -0.485181 0.0220129 2.96291 0.170682 -2.38686 0 0 0.439575
0.556139 -0.485151 0.0220182 2.96315 0.170478 -2.38678 0 0 0.439533
0.556103 -0.485121 0.0220236 2.96338 0.170274 -2.38671 0 0 0.439491
0.556067 -0.485092 0.0220287 2.96361 0.170077 -2.38663 0 0 0.439449
0.556031 -0.485062 0.022034 2.96384 0.169873 -2.38656 0 0 0.439407
0.555995 -0.485032 0.0220394 2.96408 0.169668 -2.38648 0 0 0.439365
0.555959 -0.485002 0.0220447 2.96431 0.169464 -2.3864 0 0 0.439323
0.555923 -0.484973 0.0220499 2.96454 0.169267 -2.38633 0 0 0.439281
0.555887 -0.484943 0.0220552 2.96477 0.169063 -2.38625 0 0 0.439239
0.555851 -0.484913 0.0220605 2.965 0.168858 -2.38618 0 0 0.439196
0.555815 -0.484883 0.0220659 2.96524 0.168654 -2.3861 0 0 0.439154
0.555779 -0.484854 0.022071 2.96546 0.168457 -2.38603 0 0 0.439112
0.555743 -0.484824 0.0220764 2.9657 0.168252 -2.38595 0 0 0.43907
0.555707 -0.484794 0.0220817 2.96593 0.168048 -2.38587 0 0 0.439028
0.555671 -0.484765 0.0220869 2.96616 0.16785 -2.3858 0 0 0.438986
0.555635 -0.484734 0.0220924 2.9664 0.167639 -2.38572 0 0 0.438876
0.555599 -0.484702 0.0220981 2.96665 0.167421 -2.38564 0 0 0.438372
0.555564 -0.48467 0.0221038 2.96689 0.167203 -2.38556 0 0 0.437868
0.555529 -0.484637 0.0221096 2.96715 0.166978 -2.38548 0 0 0.437364
0.555493 -0.484605 0.0221153 2.9674 0.166759 -2.3854 0 0 0.43686
0.555458 -0.484572 0.0221212 2.96766 0.166534 -2.38531 0 0 0.436356
0.555423 -0.48454 0.0221269 2.96791 0.166316 -2.38523 0 0 0.435852
0.555388 -0.484507 0.0221327 2.96816 0.166091 -2.38515 0 0 0.435348
0.555352 -0.484475 0.0221384 2.96841 0.165872 -2.38507 0 0 0.434844
0.555317 -0.484443 0.0221441 2.96866 0.165654 -2.38499 0 0 0.43434
0.555282 -0.48441 0.02215 2.96892 0.165429 -2.38491 0 0 0.433836
0.555246 -0.484378 0.0221557 2.96916 0.16521 -2.38483 0 0 0.433332
0.555211 -0.484345 0.0221616 2.96942 0.164985 -2.38475 0 0 0.432828
0.555176 -0.484313 0.0221673 2.96967 0.164766 -2.38467 0 0 0.432324
0.55514 -0.48428 0.0221731 2.96992 0.164541 -2.38459 0 0 0.431819
0.555105 -0.484248 0.0221788 2.97017 0.164322 -2.38451 0 0 0.431315
0.55507 -0.484216 0.0221845 2.97042 0.164103 -2.38443 0 0 0.430811
0.555036 -0.484181 0.0221907 2.97069 0.163864 -2.38434 0 0 0.430247
0.555002 -0.484146 0.022197 2.97096 0.163625 -2.38425 0 0 0.429637
0.554969 -0.484111 0.0222032 2.97124 0.163385 -2.38417 0 0 0.429028
0.554936 -0.484075 0.0222096 2.97151 0.163139 -2.38408 0 0 0.428419
0.554903 -0.48404 0.0222158 2.97179 0.1629 -2.38399 0 0 0.427809
0.554869 -0.484004 0.0222222 2.97206 0.162654 -2.38391 0 0 0.4272
0.554836 -0.483969 0.0222284 2.97234 0.162414 -2.38382 0 0 0.42659
0.554803 -0.483933 0.0222348 2.97261 0.162168 -2.38373 0 0 0.425981
0.554769 -0.483898 0.0222411 2.97289 0.161928 -2.38365 0 0 0.425371
0.554736 -0.483862 0.0222475 2.97316 0.161682 -2.38356 0 0 0.424762
0.554703 -0.483827 0.0222537 2.97344 0.161442 -2.38348 0 0 0.424153
0.55467 -0.483791 0.0222601 2.97371 0.161196 -2.38339 0 0 0.423543
0.554636 -0.483756 0.0222663 2.97398 0.160956 -2.3833 0 0 0.422934
0.554603 -0.483721 0.0222725 2.97426 0.160716 -2.38322 0 0 0.422324
0.55457 -0.483685 0.0222789 2.97453 0.160469 -2.38313 0 0 0.421715
0.554537 -0.48365 0.0222852 2.9748 0.16023 -2.38305 0 0 0.421105
0.554503 -0.483614 0.0222916 2.97508 0.159983 -2.38296 0 0 0.420496
0.55447 -0.483579 0.0222978 2.97535 0.159743 -2.38288 0 0 0.419887
0.554437 -0.483543 0.0223042 2.97563 0.159496 -2.38279 0 0 0.419277
0.554403 -0.483508 0.0223104 2.9759 0.159256 -2.38271 0 0 0.418668
0.55437 -0.483472 0.0223168 2.97618 0.159009 -2.38262 0 0 0.418058
0.554337 -0.483437 0.022323 2.97645 0.158769 -2.38254 0 0 0.417449
0.554304 -0.4834 0.0223296 2.97674 0.158515 -2.38245 0 0 0.41697
0.554273 -0.483363 0.0223362 2.97702 0.158261 -2.38236 0 0 0.416636
0.554241 -0.483326 0.0223428 2.97731 0.158007 -2.38227 0 0 0.416302
0.55421 -0.483288 0.0223495 2.9776 0.157746 -2.38218 0 0 0.415967
0.554178 -0.483251 0.0223561 2.97789 0.157492 -2.3821 0 0 0.415633
0.554147 -0.483213 0.0223629 2.97818 0.157231 -2.38201 0 0 0.415298
0.554115 -0.483176 0.0223695 2.97846 0.156977 -2.38192 0 0 0.414964
0.554084 -0.483138 0.0223762 2.97876 0.156716 -2.38183 0 0 0.414629
0.554052 -0.483101 0.0223828 2.97904 0.156462 -2.38174 0 0 0.414295
0.554021 -0.483064 0.0223894 2.97933 0.156208 -2.38166 0 0 0.413961
0.553989 -0.483026 0.0223961 2.97962 0.155947 -2.38157 0 0 0.413626
0.553958 -0.482989 0.0224027 2.9799 0.155692 -2.38148 0 0 0.413292
0.553926 -0.482951 0.0224095 2.9802 0.155431 -2.38139 0 0 0.412957
0.553895 -0.482914 0.0224161 2.98048 0.155177 -2.38131 0 0 0.412623
0.553863 -0.482876 0.0224228 2.98077 0.154915 -2.38122 0 0 0.412288
0.553832 -0.482839 0.0224294 2.98106 0.154661 -2.38113 0 0 0.411954
0.5538 -0.482802 0.022436 2.98134 0.154406 -2.38105 0 0 0.41162
0.55377 -0.482763 0.0224429 2.98164 0.154138 -2.38096 0 0 0.41184
0.55374 -0.482724 0.0224499 2.98194 0.15387 -2.38087 0 0 0.412119
0.55371 -0.482686 0.0224566 2.98224 0.153608 -2.38078 0 0 0.412399
0.55368 -0.482647 0.0224635 2.98254 0.15334 -2.38069 0 0 0.412678
0.55365 -0.482609 0.0224703 2.98283 0.153078 -2.3806 0 0 0.412958
0.553621 -0.48257 0.0224772 2.98313 0.152809 -2.38051 0 0 0.413237
0.553591 -0.482531 0.0224842 2.98343 0.152541 -2.38043 0 0 0.413517
0.553561 -0.482493 0.0224909 2.98372 0.152279 -2.38034 0 0 0.413796
0.553531 -0.482454 0.0224979 2.98402 0.15201 -2.38025 0 0 0.414076
0.553501 -0.482416 0.0225046 2.98431 0.151748 -2.38016 0 0 0.414355
0.553471 -0.482377 0.0225116 2.98461 0.15148 -2.38008 0 0 0.414635
0.553441 -0.482339 0.0225183 2.9849 0.151218 -2.37999 0 0 0.414914
0.553411 -0.4823 0.0225253 2.9852 0.150949 -2.3799 0 0 0.415194
0.553381 -0.482261 0.0225322 2.9855 0.15068 -2.37981 0 0 0.415473
0.553351 -0.482223 0.022539 2.98579 0.150418 -2.37973 0 0 0.415753
0.553321 -0.482184 0.0225459 2.98609 0.150149 -2.37964 0 0 0.416032
0.553292 -0.482145 0.0225528 2.98639 0.14988 -2.37955 0 0 0.416846
0.553263 -0.482104 0.0225601 2.9867 0.149597 -2.37946 0 0 0.418741
0.553234 -0.482064 0.0225672 2.98701 0.149321 -2.37937 0 0 0.420635
0.553205 -0.482023 0.0225745 2.98732 0.149038 -2.37928 0 0 0.42253
0.553176 -0.481983 0.0225816 2.98763 0.148762 -2.37919 0 0 0.424425
0.553146 -0.481942 0.0225889 2.98794 0.148479 -2.3791 0 0 0.42632
0.553117 -0.481902 0.022596 2.98825 0.148202 -2.37901 0 0 0.428215
0.553088 -0.481861 0.0226033 2.98856 0.147919 -2.37892 0 0 0.43011
0.553059 -0.481821 0.0226105 2.98887 0.147643 -2.37883 0 0 0.432005
0.55303 -0.48178 0.0226177 2.98918 0.14736 -2.37874 0 0 0.4339
0.553001 -0.48174 0.0226272 2.98886 0.147649 -2.37884 0 0 0.435795
0.552972 -0.4817 0.0226372 2.98836 0.148105 -2.37898 0 0 0.43769
0.552943 -0.481659 0.0226476 2.98784 0.148572 -2.37913 0 0 0.439585
0.552914 -0.481619 0.0226577 2.98733 0.149028 -2.37928 0 0 0.44148
0.552885 -0.481578 0.022668 2.98682 0.149495 -2.37943 0 0 0.443375
0.552856 -0.481538 0.0226781 2.98631 0.14995 -2.37958 0 0 0.44527
0.552827 -0.481497 0.0226884 2.98579 0.150417 -2.37973 0 0 0.447165
0.552798 -0.481457 0.0226985 2.98528 0.150872 -2.37988 0 0 0.44906
0.552769 -0.481416 0.0227089 2.98477 0.151339 -2.38003 0 0 0.450955
0.552739 -0.481376 0.0227189 2.98426 0.151794 -2.38018 0 0 0.45285
0.55271 -0.481335 0.0227293 2.98374 0.15226 -2.38033 0 0 0.454745
0.552681 -0.481295 0.0227394 2.98323 0.152715 -2.38048 0 0 0.45664
0.552653 -0.481254 0.0227497 2.98271 0.153181 -2.38064 0 0 0.459093
0.552625 -0.481211 0.0227605 2.98217 0.153669 -2.3808 0 0 0.463385
0.552598 -0.481169 0.0227711 2.98163 0.154146 -2.38096 0 0 0.467676
0.552571 -0.481126 0.022782 2.98109 0.154634 -2.38112 0 0 0.471967
0.552544 -0.481084 0.0227926 2.98056 0.155111 -2.38129 0 0 0.476259
0.552516 -0.481041 0.0228034 2.98001 0.155599 -2.38145 0 0 0.48055
0.552489 -0.480999 0.022814 2.97948 0.156076 -2.38161 0 0 0.484841
0.552462 -0.480956 0.0228248 2.97893 0.156563 -2.38178 0 0 0.489133
0.552435 -0.480914 0.0228354 2.97839 0.157039 -2.38194 0 0 0.493424
0.552407 -0.480871 0.0228463 2.97785 0.157527 -2.38211 0 0 0.497715
0.55238 -0.480829 0.0228569 2.97731 0.158002 -2.38227 0 0 0.502007
0.552353 -0.480787 0.0228675 2.97678 0.158478 -2.38244 0 0 0.506298
0.552326 -0.480744 0.0228783 2.97623 0.158965 -2.38261 0 0 0.510589
0.552299 -0.480702 0.0228889 2.97569 0.15944 -2.38277 0 0 0.514881
0.552271 -0.480659 0.0228997 2.97515 0.159927 -2.38294 0 0 0.519172
0.552244 -0.480617 0.0229103 2.97461 0.160402 -2.38311 0 0 0.523464
0.552217 -0.480574 0.0229212 2.97406 0.160888 -2.38328 0 0 0.527755
0.552191 -0.480531 0.022932 2.97351 0.161374 -2.38345 0 0 0.53293
0.552167 -0.480486 0.0229434 2.97294 0.161882 -2.38363 0 0 0.53856
0.552142 -0.480442 0.0229545 2.97238 0.162379 -2.38381 0 0 0.54419
0.552118 -0.480398 0.0229655 2.97181 0.162876 -2.38399 0 0 0.549821
0.552093 -0.480353 0.0229769 2.97124 0.163384 -2.38417 0 0 0.555451
0.552068 -0.480309 0.022988 2.97067 0.16388 -2.38435 0 0 0.561081
0.552044 -0.480265 0.0229991 2.97011 0.164377 -2.38453 0 0 0.566711
0.552019 -0.480221 0.0230102 2.96955 0.164873 -2.38471 0 0 0.572341
0.551995 -0.480176 0.0230215 2.96897 0.16538 -2.38489 0 0 0.577971
0.55197 -0.480132 0.0230326 2.96841 0.165875 -2.38507 0 0 0.583601
0.551945 -0.480088 0.0230437 2.96784 0.166371 -2.38525 0 0 0.589231
0.551921 -0.480043 0.0230551 2.96727 0.166877 -2.38544 0 0 0.594862
0.551896 -0.479999 0.0230662 2.9667 0.167372 -2.38562 0 0 0.600492
0.551872 -0.479955 0.0230773 2.96614 0.167867 -2.38581 0 0 0.606122
0.551847 -0.479911 0.0230883 2.96557 0.168362 -2.38599 0 0 0.611752
0.551823 -0.479866 0.0230997 2.96499 0.168868 -2.38618 0 0 0.617382
0.551798 -0.479822 0.0231108 2.96443 0.169362 -2.38636 0 0 0.623035
0.551776 -0.479775 0.0231226 2.96382 0.16989 -2.38656 0 0 0.628927
0.551753 -0.479727 0.0231347 2.9632 0.170428 -2.38677 0 0 0.634819
0.551731 -0.47968 0.0231466 2.9626 0.170956 -2.38697 0 0 0.640712
0.551709 -0.479633 0.0231584 2.96199 0.171483 -2.38717 0 0 0.646604
0.551686 -0.479586 0.0231703 2.96139 0.17201 -2.38737 0 0 0.652496
0.551664 -0.479539 0.0231822 2.96078 0.172536 -2.38757 0 0 0.658388
0.551641 -0.479491 0.0231943 2.96016 0.173074 -2.38778 0 0 0.66428
0.551619 -0.479444 0.0232061 2.95956 0.1736 -2.38798 0 0 0.670173
0.551597 -0.479397 0.023218 2.95895 0.174126 -2.38818 0 0 0.676065
0.551574 -0.47935 0.0232298 2.95834 0.174651 -2.38839 0 0 0.681957
0.551552 -0.479303 0.0232417 2.95774 0.175177 -2.38859 0 0 0.687849
0.551529 -0.479255 0.0232538 2.95712 0.175713 -2.3888 0 0 0.693741
0.551507 -0.479208 0.0232656 2.95651 0.176238 -2.38901 0 0 0.699633
0.551485 -0.479161 0.0232775 2.9559 0.176763 -2.38922 0 0 0.705526
0.551462 -0.479114 0.0232893 2.95529 0.177287 -2.38942 0 0 0.711418
0.55144 -0.479067 0.0233012 2.95468 0.177811 -2.38963 0 0 0.71731
0.551418 -0.479019 0.0233133 2.95406 0.178346 -2.38985 0 0 0.723202
0.551395 -0.478972 0.0233251 2.95345 0.17887 -2.39006 0 0 0.729094
0.551373 -0.478925 0.023337 2.95284 0.179393 -2.39027 0 0 0.734987
0.55135 -0.478878 0.0233488 2.95223 0.179916 -2.39048 0 0 0.740879
0.551328 -0.478831 0.0233607 2.95162 0.180439 -2.39069 0 0 0.746771
0.551306 -0.478783 0.0233728 2.951 0.180973 -2.39091 0 0 0.752663
0.551286 -0.478736 0.0233846 2.95039 0.181495 -2.39112 0 0 0.759263
0.551267 -0.478688 0.0233967 2.94976 0.182029 -2.39134 0 0 0.76587
0.551247 -0.478641 0.0234086 2.94915 0.18255 -2.39155 0 0 0.772477
0.551228 -0.478593 0.0234207 2.94853 0.183083 -2.39177 0 0 0.779084
0.551209 -0.478546 0.0234325 2.94792 0.183604 -2.39199 0 0 0.785691
0.551189 -0.478498 0.0234446 2.94729 0.184136 -2.39221 0 0 0.792298
0.55117 -0.478451 0.0234565 2.94668 0.184657 -2.39243 0 0 0.798905
0.55115 -0.478403 0.0234686 2.94605 0.185189 -2.39265 0 0 0.805512
0.551131 -0.478356 0.0234805 2.94544 0.185709 -2.39287 0 0 0.812119
0.551112 -0.478308 0.0234926 2.94481 0.18624 -2.39309 0 0 0.818725
0.551092 -0.478261 0.0235044 2.9442 0.186759 -2.39331 0 0 0.825332
0.551073 -0.478213 0.0235165 2.94357 0.18729 -2.39354 0 0 0.831939
0.551053 -0.478166 0.0235284 2.94296 0.187809 -2.39376 0 0 0.838546
0.551034 -0.478118 0.0235405 2.94233 0.188339 -2.39399 0 0 0.845153
0.551015 -0.47807 0.0235526 2.9417 0.188868 -2.39421 0 0 0.85176
0.550995 -0.478023 0.0235644 2.94109 0.189387 -2.39444 0 0 0.858367
0.550977 -0.477976 0.0235763 2.94047 0.189904 -2.39466 0 0 0.865315
0.55096 -0.477929 0.0235881 2.93986 0.190422 -2.39488 0 0 0.872738
0.550944 -0.477882 0.0236 2.93924 0.190939 -2.39511 0 0 0.880162
0.550927 -0.477835 0.0236118 2.93863 0.191457 -2.39534 0 0 0.887585
0.550911 -0.477788 0.0236237 2.93801 0.191973 -2.39556 0 0 0.895009
0.550894 -0.477741 0.0236355 2.93739 0.19249 -2.39579 0 0 0.902432
0.550878 -0.477695 0.0236471 2.93679 0.192995 -2.39601 0 0 0.909856
0.550861 -0.477648 0.023659 2.93617 0.193511 -2.39624 0 0 0.917279
0.550844 -0.477601 0.0236708 2.93555 0.194026 -2.39647 0 0 0.924703
0.550828 -0.477554 0.0236827 2.93494 0.194542 -2.3967 0 0 0.932126
0.550811 -0.477507 0.0236945 2.93432 0.195057 -2.39693 0 0 0.93955
0.550795 -0.47746 0.0237064 2.9337 0.195571 -2.39716 0 0 0.946973
0.550778 -0.477413 0.0237182 2.93308 0.196086 -2.39739 0 0 0.954397
0.550762 -0.477367 0.0237298 2.93248 0.196589 -2.39762 0 0 0.96182
0.550745 -0.47732 0.0237417 2.93186 0.197103 -2.39786 0 0 0.969244
0.550728 -0.477273 0.0237535 2.93124 0.197616 -2.39809 0 0 0.976667
0.550712 -0.477226 0.0237654 2.93062 0.19813 -2.39832 0 0 0.984091
0.550697 -0.47718 0.023777 2.93001 0.198631 -2.39855 0 0 0.991959
0.550682 -0.477134 0.0237886 2.9294 0.199133 -2.39879 0 0 0.99991
0.550667 -0.477088 0.0238002 2.9288 0.199634 -2.39902 0 0 1.00786
0.550652 -0.477042 0.0238118 2.92819 0.200136 -2.39925 0 0 1.01581
0.550637 -0.476996 0.0238262 2.92753 0.200676 -2.3995 0 0 1.02376
0.550622 -0.47695 0.0238423 2.92685 0.20124 -2.39976 0 0 1.03171
0.550607 -0.476904 0.0238584 2.92616 0.201804 -2.40003 0 0 1.03966
0.550592 -0.476858 0.0238745 2.92548 0.202368 -2.40029 0 0 1.04761
0.550577 -0.476812 0.0238906 2.92479 0.202931 -2.40056 0 0 1.05556
0.550562 -0.476766 0.0239067 2.9241 0.203494 -2.40082 0 0 1.06351
0.550547 -0.47672 0.0239228 2.92341 0.204057 -2.40109 0 0 1.07146
0.550532 -0.476674 0.0239389 2.92272 0.20462 -2.40136 0 0 1.07942
0.550517 -0.476628 0.0239549 2.92204 0.205182 -2.40163 0 0 1.08736
0.550502 -0.476582 0.023971 2.92135 0.205743 -2.4019 0 0 1.09532
0.550487 -0.476536 0.0239871 2.92066 0.206305 -2.40217 0 0 1.10327
0.550472 -0.47649 0.0240032 2.91997 0.206866 -2.40244 0 0 1.11122
0.550457 -0.476444 0.0240193 2.91928 0.207427 -2.40272 0 0 1.11917
0.550442 -0.476398 0.0240354 2.91858 0.207987 -2.40299 0 0 1.12712
0.550427 -0.476352 0.0240515 2.91789 0.208548 -2.40326 0 0 1.13507
0.550412 -0.476306 0.0240676 2.9172 0.209107 -2.40354 0 0 1.14302
0.550397 -0.47626 0.0240837 2.91651 0.209667 -2.40381 0 0 1.15097
0.550382 -0.476214 0.0240998 2.91582 0.210226 -2.40409 0 0 1.15892
0.550368 -0.476171 0.0241149 2.91517 0.210748 -2.40435 0 0 1.1666
0.550355 -0.476129 0.0241296 2.91453 0.211258 -2.4046 0 0 1.1742
0.550342 -0.476087 0.0241443 2.9139 0.211768 -2.40486 0 0 1.18179
0.550329 -0.476046 0.0241586 2.91328 0.212265 -2.40511 0 0 1.18939
0.550316 -0.476004 0.0241733 2.91265 0.212774 -2.40536 0 0 1.19698
0.550303 -0.475962 0.024188 2.91201 0.213283 -2.40562 0 0 1.20458
0.55029 -0.47592 0.0242027 2.91138 0.213791 -2.40588 0 0 1.21217
0.550277 -0.475879 0.0242171 2.91076 0.214287 -2.40613 0 0 1.21977
0.550264 -0.475837 0.0242318 2.91012 0.214795 -2.40639 0 0 1.22736
0.550251 -0.475795 0.0242465 2.90948 0.215303 -2.40665 0 0 1.23496
0.550238 -0.475753 0.0242611 2.90885 0.21581 -2.40691 0 0 1.24255
0.550225 -0.475711 0.0242758 2.90821 0.216317 -2.40717 0 0 1.25015
0.550212 -0.47567 0.0242902 2.90759 0.216812 -2.40743 0 0 1.25774
0.550199 -0.475628 0.0243049 2.90695 0.217318 -2.40769 0 0 1.26534
0.550186 -0.475586 0.0243196 2.90631 0.217824 -2.40795 0 0 1.27293
0.550173 -0.475544 0.0243343 2.90567 0.21833 -2.40822 0 0 1.28053
0.55016 -0.475503 0.0243486 2.90505 0.218823 -2.40848 0 0 1.28803
0.550149 -0.475465 0.0243619 2.90447 0.21928 -2.40872 0 0 1.29507
0.550137 -0.475428 0.0243749 2.90391 0.219725 -2.40895 0 0 1.30212
0.550125 -0.47539 0.0243882 2.90333 0.220182 -2.40919 0 0 1.30917
0.550113 -0.475352 0.0244015 2.90275 0.220638 -2.40943 0 0 1.31622
0.550102 -0.475314 0.0244148 2.90217 0.221094 -2.40967 0 0 1.32326
0.55009 -0.475277 0.0244277 2.90161 0.221538 -2.40991 0 0 1.33031
0.550078 -0.475239 0.024441 2.90103 0.221993 -2.41015 0 0 1.33736
0.550066 -0.475201 0.0244543 2.90045 0.222448 -2.4104 0 0 1.34441
0.550055 -0.475163 0.0244676 2.89987 0.222903 -2.41064 0 0 1.35146
0.550043 -0.475126 0.0244806 2.8993 0.223346 -2.41088 0 0 1.3585
0.550031 -0.475088 0.0244939 2.89872 0.223801 -2.41113 0 0 1.36555
0.550019 -0.47505 0.0245072 2.89814 0.224255 -2.41137 0 0 1.3726
0.550008 -0.475012 0.0245205 2.89756 0.224709 -2.41162 0 0 1.37965
0.549996 -0.474975 0.0245334 2.89699 0.22515 -2.41186 0 0 1.3867
0.549984 -0.474937 0.0245467 2.89641 0.225604 -2.41211 0 0 1.39374
0.549973 -0.474899 0.02456 2.89582 0.226057 -2.41236 0 0 1.40079
0.549961 -0.474862 0.0245729 2.89526 0.226498 -2.4126 0 0 1.40744
0.54995 -0.474825 0.0245859 2.89469 0.226938 -2.41284 0 0 1.41382
0.549939 -0.474789 0.0245985 2.89413 0.227367 -2.41308 0 0 1.42021
0.549928 -0.474752 0.0246114 2.89357 0.227807 -2.41332 0 0 1.42659
0.549917 -0.474715 0.0246244 2.893 0.228247 -2.41357 0 0 1.43297
0.549906 -0.474679 0.024637 2.89244 0.228674 -2.41381 0 0 1.43936
0.549895 -0.474642 0.0246499 2.89187 0.229114 -2.41405 0 0 1.44574
0.549884 -0.474605 0.0246629 2.8913 0.229553 -2.4143 0 0 1.45212
0.549873 -0.474569 0.0246755 2.89075 0.22998 -2.41454 0 0 1.45851
0.549862 -0.474532 0.0246884 2.89018 0.230418 -2.41479 0 0 1.46489
0.549851 -0.474496 0.024701 2.88962 0.230844 -2.41503 0 0 1.47127
0.54984 -0.474459 0.024714 2.88905 0.231282 -2.41528 0 0 1.47766
0.549829 -0.474422 0.0247269 2.88848 0.23172 -2.41553 0 0 1.48404
0.549818 -0.474386 0.0247395 2.88793 0.232146 -2.41577 0 0 1.49042
0.549807 -0.474349 0.0247525 2.88735 0.232583 -2.41602 0 0 1.49681
0.549797 -0.474312 0.0247654 2.88678 0.23302 -2.41627 0 0 1.50319
0.549786 -0.474276 0.024778 2.88623 0.233444 -2.41651 0 0 1.50957
0.549775 -0.474239 0.024791 2.88565 0.233881 -2.41677 0 0 1.51596
0.549764 -0.474202 0.0248039 2.88508 0.234317 -2.41702 0 0 1.52234
0.549753 -0.474166 0.0248165 2.88452 0.234741 -2.41726 0 0 1.52872
0.549742 -0.474129 0.0248295 2.88395 0.235176 -2.41752 0 0 1.53511
0.549731 -0.474093 0.0248421 2.88339 0.2356 -2.41776 0 0 1.54149
0.54972 -0.474057 0.0248547 2.88283 0.236023 -2.41801 0 0 1.5476
0.549709 -0.474021 0.0248672 2.88227 0.236446 -2.41826 0 0 1.55344
0.549698 -0.473986 0.0248795 2.88173 0.236857 -2.4185 0 0 1.55929
0.549688 -0.47395 0.0248921 2.88117 0.237279 -2.41875 0 0 1.56513
0.549677 -0.473915 0.0249043 2.88063 0.237689 -2.41899 0 0 1.57097
0.549666 -0.473879 0.0249169 2.88007 0.238111 -2.41924 0 0 1.57682
0.549655 -0.473844 0.0249292 2.87952 0.238521 -2.41949 0 0 1.58266
0.549645 -0.473808 0.0249418 2.87896 0.238942 -2.41974 0 0 1.5885
0.549634 -0.473773 0.024954 2.87842 0.239352 -2.41998 0 0 1.59435
0.549623 -0.473737 0.0249666 2.87786 0.239772 -2.42023 0 0 1.60019
0.549613 -0.473702 0.0249789 2.87731 0.240181 -2.42048 0 0 1.60603
0.549602 -0.473667 0.0249911 2.87677 0.24059 -2.42072 0 0 1.61188
0.549591 -0.473631 0.0250037 2.8762 0.241009 -2.42098 0 0 1.61772
0.54958 -0.473596 0.025016 2.87566 0.241417 -2.42122 0 0 1.62356
0.54957 -0.47356 0.0250286 2.8751 0.241837 -2.42148 0 0 1.62941
0.549559 -0.473525 0.0250408 2.87455 0.242244 -2.42173 0 0 1.63525
0.549548 -0.473489 0.0250534 2.87399 0.242663 -2.42198 0 0 1.64109
0.549538 -0.473456 0.025065 2.87347 0.243046 -2.42222 0 0 1.64674
0.549529 -0.473422 0.0250769 2.87294 0.243441 -2.42246 0 0 1.65238
0.549519 -0.473388 0.0250888 2.87241 0.243836 -2.4227 0 0 1.65801
0.549509 -0.473355 0.0251003 2.87189 0.244219 -2.42294 0 0 1.66365
0.5495 -0.473321 0.0251122 2.87136 0.244613 -2.42318 0 0 1.66928
0.54949 -0.473288 0.0251238 2.87084 0.244996 -2.42342 0 0 1.67492
0.54948 -0.473254 0.0251357 2.87031 0.245389 -2.42366 0 0 1.68056
0.549471 -0.473221 0.0251472 2.86979 0.245771 -2.4239 0 0 1.68619
0.549461 -0.473187 0.0251591 2.86926 0.246164 -2.42415 0 0 1.69182
0.549451 -0.473153 0.025171 2.86872 0.246557 -2.42439 0 0 1.69746
0.549441 -0.47312 0.0251825 2.8682 0.246938 -2.42463 0 0 1.7031
0.549432 -0.473086 0.0251944 2.86767 0.247331 -2.42488 0 0 1.70873
0.549422 -0.473053 0.025206 2.86715 0.247711 -2.42512 0 0 1.71437
0.549412 -0.473019 0.0252179 2.86662 0.248103 -2.42536 0 0 1.72
0.549403 -0.472985 0.0252298 2.86608 0.248495 -2.42561 0 0 1.72564
0.549393 -0.472952 0.0252413 2.86556 0.248875 -2.42585 0 0 1.73127
0.549384 -0.472919 0.0252529 2.86504 0.249254 -2.42609 0 0 1.73682
0.549376 -0.472886 0.0252644 2.86452 0.249634 -2.42634 0 0 1.74221
0.549368 -0.472854 0.0252756 2.86402 0.250001 -2.42657 0 0 1.74761
0.54936 -0.472821 0.0252872 2.8635 0.25038 -2.42681 0 0 1.753
0.549352 -0.472789 0.0252984 2.86299 0.250747 -2.42705 0 0 1.75839
0.549344 -0.472756 0.0253099 2.86247 0.251125 -2.42729 0 0 1.76378
0.549335 -0.472723 0.0253215 2.86195 0.251503 -2.42754 0 0 1.76918
0.549327 -0.472691 0.0253327 2.86144 0.25187 -2.42777 0 0 1.77457
0.549319 -0.472658 0.0253465 2.86113 0.252099 -2.42792 0 0 1.77996
0.549311 -0.472626 0.0253605 2.86087 0.252283 -2.42804 0 0 1.78535
0.549303 -0.472593 0.025375 2.86061 0.252473 -2.42817 0 0 1.79075
0.549295 -0.472561 0.025389 2.86036 0.252657 -2.42829 0 0 1.79614
0.549287 -0.472528 0.0254034 2.86009 0.252847 -2.42841 0 0 1.80153
0.549279 -0.472496 0.0254174 2.85984 0.253031 -2.42853 0 0 1.80692
0.549271 -0.472463 0.0254319 2.85958 0.25322 -2.42865 0 0 1.81232
0.549263 -0.472431 0.0254459 2.85932 0.253404 -2.42877 0 0 1.81771
0.549255 -0.472398 0.0254603 2.85906 0.253594 -2.4289 0 0 1.8231
0.549247 -0.472366 0.0254743 2.8588 0.253778 -2.42902 0 0 1.82849
0.549239 -0.472333 0.0254888 2.85854 0.253967 -2.42914 0 0 1.83389
0.549231 -0.472301 0.0255028 2.85829 0.254151 -2.42926 0 0 1.83928
0.549223 -0.472268 0.0255172 2.85802 0.25434 -2.42939 0 0 1.84467
0.549215 -0.472235 0.0255317 2.85776 0.254529 -2.42951 0 0 1.85006
0.549207 -0.472203 0.0255457 2.8575 0.254713 -2.42963 0 0 1.85534
0.5492 -0.472172 0.0255593 2.85726 0.254891 -2.42975 0 0 1.86029
0.549194 -0.47214 0.0255733 2.857 0.255074 -2.42987 0 0 1.86524
0.549187 -0.472108 0.0255873 2.85674 0.255257 -2.42999 0 0 1.87019
0.549181 -0.472077 0.0256009 2.8565 0.255435 -2.43011 0 0 1.87514
0.549174 -0.472045 0.0256149 2.85624 0.255618 -2.43023 0 0 1.88009
0.549167 -0.472014 0.0256284 2.85599 0.255796 -2.43035 0 0 1.88504
0.549161 -0.471982 0.0256424 2.85574 0.255979 -2.43047 0 0 1.88999
0.549154 -0.471951 0.025656 2.85549 0.256156 -2.43059 0 0 1.89494
0.549148 -0.471919 0.02567 2.85523 0.256339 -2.43071 0 0 1.89989
0.549141 -0.471888 0.0256836 2.85499 0.256516 -2.43083 0 0 1.90484
0.549134 -0.471856 0.0256976 2.85473 0.256699 -2.43095 0 0 1.90979
0.549128 -0.471824 0.0257116 2.85447 0.256882 -2.43107 0 0 1.91475
0.549121 -0.471793 0.0257252 2.85423 0.257059 -2.43119 0 0 1.9197
0.549115 -0.471761 0.0257392 2.85397 0.257242 -2.43132 0 0 1.92465
0.549108 -0.47173 0.0257528 2.85372 0.257419 -2.43143 0 0 1.9296
0.549101 -0.471698 0.0257668 2.85346 0.257601 -2.43156 0 0 1.93455
0.549095 -0.471667 0.0257803 2.85322 0.257778 -2.43168 0 0 1.93935
0.549089 -0.471635 0.0257943 2.85296 0.257961 -2.4318 0 0 1.94409
0.549083 -0.471603 0.0258084 2.8527 0.258143 -2.43192 0 0 1.94883
0.549077 -0.471571 0.0258224 2.85245 0.258326 -2.43204 0 0 1.95356
0.549071 -0.47154 0.0258359 2.8522 0.258502 -2.43216 0 0 1.9583
0.549064 -0.471508 0.0258499 2.85194 0.258685 -2.43229 0 0 1.96304
0.549058 -0.471476 0.0258639 2.85168 0.258867 -2.43241 0 0 1.96778
0.549052 -0.471445 0.0258775 2.85143 0.259043 -2.43253 0 0 1.97252
0.549046 -0.471413 0.0258915 2.85118 0.259225 -2.43265 0 0 1.97725
0.54904 -0.471381 0.0259055 2.85092 0.259408 -2.43278 0 0 1.98199
0.549034 -0.47135 0.0259191 2.85067 0.259584 -2.4329 0 0 1.98673
0.549028 -0.471318 0.0259331 2.85041 0.259766 -2.43302 0 0 1.99147
0.549021 -0.471286 0.0259471 2.85016 0.259948 -2.43315 0 0 1.99621
0.549015 -0.471254 0.0259611 2.8499 0.26013 -2.43327 0 0 2.00094
0.549009 -0.471223 0.0259747 2.84965 0.260306 -2.43339 0 0 2.00568
0.549003 -0.471191 0.0259887 2.84939 0.260487 -2.43351 0 0 2.01042
0.548997 -0.471159 0.0260027 2.84914 0.260669 -2.43364 0 0 2.01501
0.548991 -0.471126 0.0260172 2.84887 0.260856 -2.43377 0 0 2.01849
0.548985 -0.471093 0.0260316 2.8486 0.261044 -2.4339 0 0 2.02197
0.54898 -0.471059 0.0260465 2.84833 0.261236 -2.43403 0 0 2.02544
0.548974 -0.471026 0.0260609 2.84806 0.261424 -2.43416 0 0 2.02892
0.548968 -0.470993 0.0260754 2.8478 0.261611 -2.43429 0 0 2.0324
0.548962 -0.47096 0.0260898 2.84753 0.261798 -2.43441 0 0 2.03588
0.548957 -0.470926 0.0261047 2.84726 0.26199 -2.43455 0 0 2.03935
0.548951 -0.470893 0.0261192 2.84699 0.262177 -2.43468 0 0 2.04283
0.548945 -0.47086 0.0261336 2.84673 0.262364 -2.43481 0 0 2.04631
0.548939 -0.470826 0.0261485 2.84645 0.262556 -2.43494 0 0 2.04979
0.548933 -0.470793 0.0261629 2.84619 0.262743 -2.43507 0 0 2.05326
0.548928 -0.47076 0.0261774 2.84592 0.262929 -2.4352 0 0 2.05674
0.548922 -0.470727 0.0261918 2.84565 0.263116 -2.43533 0 0 2.06022
0.548916 -0.470693 0.0262067 2.84538 0.263308 -2.43546 0 0 2.0637
0.54891 -0.47066 0.0262212 2.84511 0.263495 -2.43559 0 0 2.06717
0.548905 -0.470627 0.0262356 2.84484 0.263681 -2.43572 0 0 2.07065
0.548899 -0.470594 0.02625 2.84458 0.263867 -2.43585 0 0 2.07413
0.548893 -0.47056 0.0262649 2.8443 0.264059 -2.43599 0 0 2.07761
0.548887 -0.470527 0.0262794 2.84404 0.264245 -2.43612 0 0 2.08108
0.548881 -0.470494 0.0262938 2.84377 0.264431 -2.43625 0 0 2.08456
0.548876 -0.47046 0.0263087 2.84349 0.264623 -2.43638 0 0 2.08804
0.54887 -0.470427 0.0263232 2.84323 0.264809 -2.43651 0 0 2.09148
0.548863 -0.470392 0.0263385 2.84294 0.265006 -2.43665 0 0 2.09305
0.548857 -0.470358 0.0263534 2.84267 0.265198 -2.43679 0 0 2.09462
0.54885 -0.470323 0.0263687 2.84238 0.265395 -2.43693 0 0 2.09618
0.548844 -0.470288 0.026384 2.8421 0.265592 -2.43707 0 0 2.09775
0.548837 -0.470254 0.0263989 2.84182 0.265783 -2.4372 0 0 2.09931
0.548831 -0.470219 0.0264142 2.84154 0.26598 -2.43734 0 0 2.10088
0.548824 -0.470184 0.0264295 2.84126 0.266176 -2.43748 0 0 2.10244
0.548818 -0.47015 0.0264444 2.84098 0.266368 -2.43762 0 0 2.10401
0.548811 -0.470115 0.0264597 2.8407 0.266564 -2.43776 0 0 2.10558
0.548804 -0.470081 0.0264746 2.84042 0.266755 -2.43789 0 0 2.10714
0.548798 -0.470046 0.0264899 2.84014 0.266951 -2.43803 0 0 2.10871
0.548791 -0.470011 0.0265053 2.83985 0.267148 -2.43817 0 0 2.11028
0.548785 -0.469977 0.0265201 2.83958 0.267339 -2.43831 0 0 2.11184
0.548778 -0.469942 0.0265355 2.83929 0.267535 -2.43845 0 0 2.11341
0.548772 -0.469907 0.0265508 2.83901 0.267731 -2.43859 0 0 2.11497
0.548765 -0.469873 0.0265657 2.83873 0.267922 -2.43873 0 0 2.11654
0.548757 -0.469837 0.0265814 2.83844 0.268123 -2.43887 0 0 2.11741
0.548748 -0.469799 0.0265981 2.83813 0.268336 -2.43903 0 0 2.11741
0.548738 -0.469761 0.0266147 2.83782 0.268549 -2.43918 0 0 2.1174
0.548729 -0.469724 0.0266309 2.83752 0.268756 -2.43933 0 0 2.1174
0.54872 -0.469686 0.0266475 2.83721 0.268968 -2.43948 0 0 2.1174
0.54871 -0.469649 0.0266637 2.83691 0.269175 -2.43963 0 0 2.1174
0.548701 -0.469611 0.0266804 2.8366 0.269387 -2.43978 0 0 2.11739
0.548691 -0.469573 0.026697 2.83629 0.269599 -2.43994 0 0 2.11739
0.548682 -0.469536 0.0267132 2.83599 0.269806 -2.44009 0 0 2.11739
0.548672 -0.469498 0.0267298 2.83568 0.270018 -2.44024 0 0 2.11739
0.548663 -0.469461 0.026746 2.83538 0.270224 -2.44039 0 0 2.11738
0.548653 -0.469423 0.0267627 2.83507 0.270436 -2.44055 0 0 2.11738
0.548644 -0.469385 0.0267793 2.83476 0.270648 -2.4407 0 0 2.11738
0.548635 -0.469348 0.0267955 2.83445 0.270854 -2.44085 0 0 2.11738
0.548625 -0.46931 0.0268121 2.83414 0.271066 -2.44101 0 0 2.11737
0.548616 -0.469273 0.0268283 2.83384 0.271272 -2.44116 0 0 2.11737
0.548606 -0.469235 0.026845 2.83353 0.271483 -2.44131 0 0 2.11737
0.548595 -0.469194 0.0268629 2.8332 0.271711 -2.44148 0 0 2.11657
0.548584 -0.469154 0.0268804 2.83287 0.271934 -2.44165 0 0 2.11566
0.548572 -0.469113 0.0268984 2.83253 0.272161 -2.44181 0 0 2.11475
0.548561 -0.469072 0.0269163 2.8322 0.272389 -2.44198 0 0 2.11384
0.548549 -0.469031 0.0269343 2.83186 0.272617 -2.44215 0 0 2.11293
0.548538 -0.46899 0.0269522 2.83153 0.272844 -2.44232 0 0 2.11202
0.548526 -0.468949 0.0269702 2.83119 0.273072 -2.44249 0 0 2.11111
0.548515 -0.468908 0.0269881 2.83085 0.273299 -2.44266 0 0 2.1102
0.548503 -0.468867 0.0270061 2.83052 0.273526 -2.44283 0 0 2.10929
0.548492 -0.468827 0.0270236 2.83019 0.273748 -2.44299 0 0 2.10838
0.54848 -0.468786 0.0270415 2.82985 0.273975 -2.44316 0 0 2.10747
0.548469 -0.468745 0.0270595 2.82952 0.274202 -2.44333 0 0 2.10656
0.548457 -0.468704 0.0270774 2.82918 0.274428 -2.4435 0 0 2.10565
0.548446 -0.468663 0.0270954 2.82885 0.274655 -2.44367 0 0 2.10474
0.548434 -0.468622 0.0271133 2.82851 0.274882 -2.44384 0 0 2.10383
0.548423 -0.468581 0.0271313 2.82817 0.275108 -2.44401 0 0 2.10291
0.548411 -0.468541 0.0271488 2.82784 0.275329 -2.44418 0 0 2.10201
0.5484 -0.4685 0.0271667 2.82751 0.275555 -2.44435 0 0 2.10109
0.548388 -0.468459 0.0271847 2.82717 0.275781 -2.44452 0 0 2.10018
0.548377 -0.468418 0.0272026 2.82683 0.276007 -2.44469 0 0 2.09927
0.548366 -0.468377 0.0272206 2.8265 0.276233 -2.44486 0 0 2.09836
0.548354 -0.468336 0.0272385 2.82616 0.276459 -2.44503 0 0 2.09745
0.548342 -0.468293 0.0272573 2.8258 0.276696 -2.44521 0 0 2.0956
0.548329 -0.468249 0.0272766 2.82544 0.276938 -2.4454 0 0 2.09347
0.548316 -0.468204 0.0272963 2.82507 0.277185 -2.44558 0 0 2.09134
0.548303 -0.46816 0.0273155 2.82471 0.277427 -2.44577 0 0 2.08921
0.54829 -0.468116 0.0273348 2.82435 0.277669 -2.44595 0 0 2.08708
0.548278 -0.468072 0.0273541 2.82398 0.277911 -2.44614 0 0 2.08495
0.548265 -0.468027 0.0273738 2.82361 0.278157 -2.44633 0 0 2.08282
0.548252 -0.467983 0.027393 2.82325 0.278399 -2.44651 0 0 2.08069
0.548239 -0.467939 0.0274123 2.82289 0.27864 -2.4467 0 0 2.07856
0.548227 -0.467895 0.0274316 2.82252 0.278881 -2.44689 0 0 2.07643
0.548214 -0.467851 0.0274508 2.82216 0.279122 -2.44707 0 0 2.0743
0.548201 -0.467806 0.0274705 2.82179 0.279368 -2.44726 0 0 2.07217
0.548188 -0.467762 0.0274898 2.82142 0.279609 -2.44745 0 0 2.07004
0.548175 -0.467718 0.027509 2.82106 0.27985 -2.44764 0 0 2.06791
0.548163 -0.467674 0.0275283 2.8207 0.28009 -2.44782 0 0 2.06578
0.54815 -0.46763 0.0275476 2.82033 0.28033 -2.44801 0 0 2.06365
0.548137 -0.467584 0.0275677 2.81995 0.280581 -2.44821 0 0 2.06141
0.548122 -0.467536 0.0275887 2.81955 0.280843 -2.44841 0 0 2.0587
0.548108 -0.467487 0.0276102 2.81915 0.281111 -2.44862 0 0 2.05599
0.548093 -0.467438 0.0276316 2.81874 0.281378 -2.44883 0 0 2.05329
0.548078 -0.467389 0.0276531 2.81834 0.281644 -2.44904 0 0 2.05058
0.548064 -0.46734 0.0276745 2.81793 0.281911 -2.44925 0 0 2.04787
0.548049 -0.467291 0.027696 2.81752 0.282178 -2.44946 0 0 2.04517
0.548035 -0.467243 0.027717 2.81713 0.282438 -2.44966 0 0 2.04246
0.54802 -0.467194 0.0277384 2.81672 0.282705 -2.44987 0 0 2.03975
0.548005 -0.467145 0.0277599 2.81631 0.282971 -2.45008 0 0 2.03705
0.547991 -0.467096 0.0277813 2.81591 0.283237 -2.45029 0 0 2.03434
0.547976 -0.467047 0.0278028 2.8155 0.283502 -2.45051 0 0 2.03163
0.547962 -0.466998 0.0278242 2.81509 0.283768 -2.45072 0 0 2.02893
0.547947 -0.466949 0.0278457 2.81468 0.284033 -2.45093 0 0 2.02622
0.547932 -0.466901 0.0278667 2.81428 0.284293 -2.45114 0 0 2.02352
0.547918 -0.466852 0.0278881 2.81388 0.284558 -2.45135 0 0 2.02081
0.547903 -0.466803 0.0279096 2.81347 0.284823 -2.45156 0 0 2.0181
0.547887 -0.466751 0.0279323 2.81304 0.285104 -2.45179 0 0 2.0152
0.54787 -0.466696 0.0279564 2.81258 0.285401 -2.45203 0 0 2.01218
0.547853 -0.466642 0.0279801 2.81213 0.285692 -2.45226 0 0 2.00917
0.547836 -0.466588 0.0280037 2.81168 0.285983 -2.4525 0 0 2.00615
0.547819 -0.466533 0.0280278 2.81122 0.28628 -2.45274 0 0 2.00313
0.547802 -0.466479 0.0280514 2.81077 0.28657 -2.45297 0 0 2.00012
0.547785 -0.466425 0.0280751 2.81032 0.286861 -2.45321 0 0 1.9971
0.547768 -0.46637 0.0280991 2.80986 0.287157 -2.45345 0 0 1.99408
0.547751 -0.466316 0.0281228 2.80941 0.287447 -2.45368 0 0 1.99106
0.547734 -0.466262 0.0281464 2.80895 0.287737 -2.45392 0 0 1.98805
0.547717 -0.466207 0.0281705 2.80849 0.288032 -2.45416 0 0 1.98503
0.5477 -0.466153 0.0281941 2.80804 0.288321 -2.4544 0 0 1.98201
0.547683 -0.466099 0.0282178 2.80759 0.28861 -2.45464 0 0 1.979
0.547666 -0.466044 0.0282418 2.80713 0.288905 -2.45488 0 0 1.97598
0.547649 -0.46599 0.0282655 2.80668 0.289194 -2.45512 0 0 1.97296
0.547632 -0.465935 0.0282896 2.80622 0.289488 -2.45536 0 0 1.96995
0.547615 -0.465881 0.0283132 2.80577 0.289776 -2.4556 0 0 1.96693
0.547598 -0.465827 0.0283368 2.80531 0.290064 -2.45584 0 0 1.96391
0.547581 -0.465772 0.0283609 2.80485 0.290358 -2.45609 0 0 1.96089
0.547564 -0.465718 0.0283845 2.8044 0.290646 -2.45633 0 0 1.95788
0.547547 -0.465664 0.0284082 2.80394 0.290933 -2.45657 0 0 1.95486
0.54753 -0.465609 0.0284323 2.80348 0.291226 -2.45681 0 0 1.95184
0.547513 -0.465552 0.0284572 2.803 0.291529 -2.45706 0 0 1.94901
0.547495 -0.465493 0.028483 2.80251 0.291843 -2.45733 0 0 1.94634
0.547478 -0.465434 0.0285089 2.80201 0.292156 -2.45759 0 0 1.94367
0.54746 -0.465375 0.0285347 2.80152 0.292469 -2.45786 0 0 1.941
0.547442 -0.465316 0.0285605 2.80102 0.292782 -2.45812 0 0 1.93832
0.547425 -0.465256 0.0285868 2.80051 0.293099 -2.45839 0 0 1.93565
0.547407 -0.465197 0.0286126 2.80002 0.293412 -2.45866 0 0 1.93298
0.54739 -0.465138 0.0286384 2.79952 0.293724 -2.45892 0 0 1.93031
0.547372 -0.465079 0.0286643 2.79902 0.294035 -2.45919 0 0 1.92764
0.547355 -0.465019 0.0286905 2.79852 0.294352 -2.45946 0 0 1.92497
0.547337 -0.46496 0.0287164 2.79802 0.294663 -2.45972 0 0 1.9223
0.547319 -0.464901 0.0287422 2.79752 0.294974 -2.45999 0 0 1.91962
0.547302 -0.464842 0.028768 2.79702 0.295285 -2.46026 0 0 1.91695
0.547284 -0.464783 0.0287939 2.79652 0.295595 -2.46053 0 0 1.91428
0.547267 -0.464723 0.0288201 2.79602 0.295911 -2.4608 0 0 1.91161
0.547249 -0.464664 0.0288459 2.79552 0.296221 -2.46107 0 0 1.90894
0.547231 -0.464605 0.0288718 2.79502 0.29653 -2.46134 0 0 1.90627
0.547214 -0.464544 0.0288985 2.7945 0.29685 -2.46161 0 0 1.90413
0.547196 -0.464484 0.0289247 2.79399 0.297165 -2.46189 0 0 1.90202
0.547178 -0.464423 0.0289514 2.79348 0.297484 -2.46217 0 0 1.8999
0.54716 -0.464363 0.0289825 2.79281 0.297898 -2.46253 0 0 1.89779
0.547142 -0.464302 0.0290155 2.79208 0.298347 -2.46292 0 0 1.89567
0.547125 -0.464241 0.0290484 2.79135 0.298795 -2.46332 0 0 1.89356
0.547107 -0.464181 0.0290809 2.79063 0.299236 -2.46371 0 0 1.89145
0.547089 -0.46412 0.0291138 2.7899 0.299683 -2.4641 0 0 1.88933
0.547071 -0.464059 0.0291468 2.78917 0.30013 -2.4645 0 0 1.88722
0.547053 -0.463999 0.0291792 2.78845 0.30057 -2.46489 0 0 1.88511
0.547035 -0.463938 0.0292122 2.78771 0.301016 -2.46529 0 0 1.88299
0.547018 -0.463878 0.0292446 2.78699 0.301454 -2.46569 0 0 1.88088
0.547 -0.463817 0.0292776 2.78626 0.301899 -2.46609 0 0 1.87877
0.546982 -0.463756 0.0293106 2.78553 0.302343 -2.46649 0 0 1.87665
0.546964 -0.463696 0.029343 2.7848 0.30278 -2.46688 0 0 1.87454
0.546946 -0.463635 0.029376 2.78407 0.303223 -2.46729 0 0 1.87242
0.546929 -0.463574 0.0294089 2.78333 0.303666 -2.46769 0 0 1.87058
0.546912 -0.463513 0.0294419 2.7826 0.304108 -2.46809 0 0 1.86917
0.546896 -0.463451 0.0294754 2.78185 0.304557 -2.4685 0 0 1.86776
0.546879 -0.46339 0.0295084 2.78111 0.304999 -2.46891 0 0 1.86636
0.546862 -0.463328 0.0295419 2.78036 0.305447 -2.46932 0 0 1.86495
0.546846 -0.463267 0.0295749 2.77962 0.305887 -2.46973 0 0 1.86354
0.546829 -0.463205 0.0296084 2.77887 0.306334 -2.47015 0 0 1.86213
0.546813 -0.463144 0.0296413 2.77813 0.306773 -2.47056 0 0 1.86072
0.546796 -0.463082 0.0296749 2.77738 0.307219 -2.47097 0 0 1.85931
0.546779 -0.463021 0.0297078 2.77664 0.307657 -2.47138 0 0 1.8579
0.546763 -0.46296 0.0297408 2.7759 0.308094 -2.47179 0 0 1.85649
0.546746 -0.462898 0.0297743 2.77514 0.308538 -2.47221 0 0 1.85509
0.54673 -0.462837 0.0298073 2.7744 0.308974 -2.47263 0 0 1.85368
0.546713 -0.462775 0.0298408 2.77365 0.309417 -2.47305 0 0 1.85227
0.546696 -0.462714 0.0298737 2.7729 0.309853 -2.47346 0 0 1.85086
0.54668 -0.462652 0.0299073 2.77215 0.310294 -2.47388 0 0 1.84945
0.546663 -0.462591 0.0299402 2.7714 0.310728 -2.4743 0 0 1.84804
0.546647 -0.462529 0.0299737 2.77065 0.311169 -2.47472 0 0 1.84663
0.54663 -0.462468 0.0300067 2.7699 0.311602 -2.47514 0 0 1.84522
0.546613 -0.462406 0.0300402 2.76914 0.312042 -2.47556 0 0 1.84382
0.546597 -0.462345 0.0300732 2.7684 0.312473 -2.47598 0 0 1.84241
0.54658 -0.462284 0.0301062 2.76765 0.312905 -2.4764 0 0 1.841
0.546564 -0.462221 0.0301402 2.76688 0.31335 -2.47684 0 0 1.8398
0.546548 -0.462157 0.0301748 2.76609 0.313801 -2.47728 0 0 1.83913
0.546532 -0.462093 0.0302094 2.76531 0.314251 -2.47772 0 0 1.83846
0.546516 -0.462029 0.030244 2.76452 0.314701 -2.47817 0 0 1.83779
0.5465 -0.461964 0.0302791 2.76372 0.315158 -2.47862 0 0 1.83712
0.546485 -0.4619 0.0303137 2.76294 0.315606 -2.47906 0 0 1.83645
0.546469 -0.461836 0.0303483 2.76215 0.316055 -2.47951 0 0 1.83577
0.546453 -0.461772 0.0303829 2.76136 0.316502 -2.47996 0 0 1.8351
0.546437 -0.461708 0.0304175 2.76057 0.316949 -2.48041 0 0 1.83443
0.546421 -0.461643 0.0304526 2.75977 0.317402 -2.48086 0 0 1.83376
0.546405 -0.461579 0.0304872 2.75898 0.317847 -2.48131 0 0 1.83309
0.54639 -0.461515 0.0305218 2.75819 0.318292 -2.48176 0 0 1.83242
0.546374 -0.461451 0.0305564 2.7574 0.318736 -2.48221 0 0 1.83175
0.546358 -0.461387 0.030591 2.75661 0.31918 -2.48267 0 0 1.83108
0.546342 -0.461322 0.0306261 2.7558 0.31963 -2.48313 0 0 1.83041
0.546326 -0.461258 0.0306607 2.75501 0.320072 -2.48358 0 0 1.82973
0.54631 -0.461194 0.0306953 2.75421 0.320513 -2.48403 0 0 1.82906
0.546295 -0.461128 0.0307309 2.75339 0.320968 -2.4845 0 0 1.82856
0.546278 -0.461062 0.0307666 2.75258 0.321422 -2.48497 0 0 1.82811
0.546262 -0.460995 0.0308028 2.75174 0.321882 -2.48545 0 0 1.82767
0.546246 -0.460929 0.0308385 2.75092 0.322334 -2.48592 0 0 1.82723
0.54623 -0.460863 0.0308742 2.7501 0.322786 -2.4864 0 0 1.82679
0.546214 -0.460796 0.0309104 2.74927 0.323244 -2.48688 0 0 1.82635
0.546198 -0.46073 0.030946 2.74844 0.323694 -2.48735 0 0 1.8259
0.546182 -0.460664 0.0309817 2.74762 0.324144 -2.48783 0 0 1.82546
0.546166 -0.460597 0.0310179 2.74678 0.324599 -2.48831 0 0 1.82502
0.54615 -0.460531 0.0310536 2.74596 0.325047 -2.48879 0 0 1.82458
0.546134 -0.460465 0.0310893 2.74513 0.325495 -2.48927 0 0 1.82414
0.546118 -0.460398 0.0311255 2.7443 0.325948 -2.48976 0 0 1.8237
0.546102 -0.460332 0.0311612 2.74347 0.326394 -2.49024 0 0 1.82325
0.546086 -0.460266 0.0311968 2.74264 0.326839 -2.49072 0 0 1.82281
0.54607 -0.460199 0.031233 2.7418 0.32729 -2.49121 0 0 1.82237
0.546054 -0.460133 0.0312687 2.74097 0.327734 -2.49169 0 0 1.82193
0.546038 -0.460067 0.0313044 2.74014 0.328177 -2.49217 0 0 1.82153
0.546023 -0.460001 0.0313401 2.73932 0.328619 -2.49266 0 0 1.8214
0.546008 -0.459935 0.0313757 2.73849 0.329061 -2.49314 0 0 1.82127
0.545993 -0.45987 0.0314109 2.73767 0.329495 -2.49362 0 0 1.82115
0.545978 -0.459804 0.0314465 2.73684 0.329935 -2.49411 0 0 1.82102
0.545963 -0.459738 0.0314822 2.736 0.330374 -2.4946 0 0 1.82089
0.545948 -0.459672 0.0315179 2.73517 0.330812 -2.49509 0 0 1.82076
0.545932 -0.459607 0.031553 2.73435 0.331243 -2.49557 0 0 1.82064
0.545917 -0.459541 0.0315887 2.73352 0.33168 -2.49606 0 0 1.82051
0.545902 -0.459475 0.0316243 2.73268 0.332116 -2.49655 0 0 1.82038
0.545887 -0.45941 0.0316595 2.73186 0.332545 -2.49704 0 0 1.82025
0.545872 -0.459344 0.0316951 2.73103 0.33298 -2.49753 0 0 1.82012
0.545857 -0.459278 0.0317308 2.73019 0.333413 -2.49802 0 0 1.82
0.545842 -0.459213 0.0317659 2.72937 0.33384 -2.49851 0 0 1.81987
0.545827 -0.459147 0.0318016 2.72853 0.334272 -2.49901 0 0 1.81974
0.545812 -0.459081 0.0318373 2.72769 0.334704 -2.4995 0 0 1.81961
0.545797 -0.459016 0.0318724 2.72687 0.335128 -2.49999 0 0 1.81948
0.545782 -0.45895 0.0319081 2.72603 0.335558 -2.50049 0 0 1.81936
0.545766 -0.458884 0.0319475 2.72504 0.336063 -2.50108 0 0 1.81923
0.545751 -0.458819 0.0319883 2.72398 0.336602 -2.50171 0 0 1.8191
0.545736 -0.458753 0.0320298 2.72291 0.337147 -2.50235 0 0 1.81897
0.545721 -0.458687 0.0320713 2.72183 0.337692 -2.50299 0 0 1.81885
0.545706 -0.458621 0.0321127 2.72076 0.338235 -2.50363 0 0 1.81872
0.545691 -0.458556 0.0321536 2.7197 0.338768 -2.50427 0 0 1.81865
0.545676 -0.458491 0.0321944 2.71863 0.339301 -2.5049 0 0 1.81858
0.545662 -0.458426 0.0322352 2.71757 0.339832 -2.50554 0 0 1.81851
0.545647 -0.458361 0.0322761 2.71651 0.340362 -2.50618 0 0 1.81844
0.545632 -0.458296 0.0323169 2.71544 0.340891 -2.50682 0 0 1.81837
0.545617 -0.458231 0.0323578 2.71438 0.341419 -2.50746 0 0 1.81829
0.545602 -0.458166 0.0323986 2.71331 0.341945 -2.5081 0 0 1.81822
0.545588 -0.458101 0.0324394 2.71224 0.342471 -2.50875 0 0 1.81815
0.545573 -0.458036 0.0324803 2.71117 0.342995 -2.5094 0 0 1.81808
0.545558 -0.457971 0.0325211 2.7101 0.343517 -2.51004 0 0 1.81801
0.545543 -0.457906 0.0325619 2.70903 0.344039 -2.51069 0 0 1.81794
0.545528 -0.457841 0.0326028 2.70795 0.344559 -2.51134 0 0 1.81787
0.545514 -0.457776 0.0326436 2.70688 0.345078 -2.51199 0 0 1.8178
0.545499 -0.457711 0.0326845 2.7058 0.345596 -2.51265 0 0 1.81773
0.545484 -0.457646 0.0327253 2.70473 0.346113 -2.5133 0 0 1.81766
0.545469 -0.457581 0.0327661 2.70365 0.346628 -2.51396 0 0 1.81758
0.545454 -0.457517 0.0328063 2.70259 0.347134 -2.5146 0 0 1.81724
0.545438 -0.457452 0.0328472 2.70151 0.347647 -2.51526 0 0 1.8166
0.545423 -0.457388 0.0328874 2.70045 0.348151 -2.51591 0 0 1.81595
0.545407 -0.457323 0.0329282 2.69937 0.348661 -2.51657 0 0 1.81531
0.545391 -0.457259 0.0329684 2.6983 0.349163 -2.51723 0 0 1.81466
0.545376 -0.457194 0.0330093 2.69722 0.34967 -2.51789 0 0 1.81402
0.54536 -0.45713 0.0330495 2.69615 0.350169 -2.51854 0 0 1.81337
0.545345 -0.457065 0.0330903 2.69506 0.350674 -2.51921 0 0 1.81273
0.545329 -0.457001 0.0331305 2.69399 0.35117 -2.51987 0 0 1.81208
0.545313 -0.456936 0.0331714 2.6929 0.351673 -2.52054 0 0 1.81143
0.545298 -0.456872 0.0332116 2.69183 0.352167 -2.5212 0 0 1.81079
0.545282 -0.456807 0.0332524 2.69074 0.352667 -2.52187 0 0 1.81014
0.545266 -0.456743 0.0332926 2.68967 0.353158 -2.52253 0 0 1.8095
0.545251 -0.456678 0.0333335 2.68858 0.353655 -2.52321 0 0 1.80886
0.545235 -0.456614 0.0333737 2.6875 0.354144 -2.52388 0 0 1.80821
0.545219 -0.45655 0.0334139 2.68642 0.354631 -2.52454 0 0 1.80756
0.545204 -0.456485 0.0334547 2.68533 0.355124 -2.52522 0 0 1.80692
0.545189 -0.456422 0.0334943 2.68427 0.355601 -2.52588 0 0 1.80564
0.545173 -0.456359 0.0335339 2.6832 0.356077 -2.52654 0 0 1.80429
0.545158 -0.456296 0.0335735 2.68214 0.356551 -2.5272 0 0 1.80294
0.545143 -0.456233 0.0336131 2.68107 0.357024 -2.52787 0 0 1.80159
0.545128 -0.456171 0.033652 2.68003 0.357489 -2.52852 0 0 1.80025
0.545113 -0.456108 0.0336916 2.67896 0.357959 -2.52919 0 0 1.7989
0.545098 -0.456045 0.0337312 2.67789 0.358429 -2.52985 0 0 1.79755
0.545083 -0.455982 0.0337708 2.67682 0.358897 -2.53052 0 0 1.7962
0.545068 -0.455919 0.0338103 2.67575 0.359364 -2.53119 0 0 1.79485
0.545053 -0.455856 0.0338499 2.67468 0.359829 -2.53186 0 0 1.7935
0.545037 -0.455793 0.0338895 2.67361 0.360293 -2.53253 0 0 1.79215
0.545022 -0.45573 0.0339291 2.67254 0.360756 -2.53321 0 0 1.7908
0.545007 -0.455668 0.033968 2.67148 0.36121 -2.53387 0 0 1.78945
0.544992 -0.455605 0.0340076 2.67041 0.36167 -2.53454 0 0 1.7881
0.544977 -0.455542 0.0340472 2.66933 0.362129 -2.53522 0 0 1.78676
0.544962 -0.455479 0.0340868 2.66825 0.362587 -2.5359 0 0 1.78541
0.544947 -0.455416 0.0341264 2.66718 0.363043 -2.53658 0 0 1.78406
0.544932 -0.455353 0.0341659 2.6661 0.363498 -2.53726 0 0 1.78271
0.544917 -0.45529 0.0342055 2.66502 0.363951 -2.53794 0 0 1.78136
0.544902 -0.455228 0.0342445 2.66396 0.364396 -2.53861 0 0 1.78001
0.544886 -0.455165 0.0342841 2.66288 0.364847 -2.5393 0 0 1.77866
0.544871 -0.455102 0.0343236 2.66179 0.365297 -2.53998 0 0 1.77731
0.544857 -0.455041 0.034362 2.66074 0.365731 -2.54065 0 0 1.77537
0.544842 -0.454981 0.0343997 2.65971 0.366156 -2.5413 0 0 1.77328
0.544828 -0.454921 0.0344374 2.65868 0.366581 -2.54196 0 0 1.77118
0.544814 -0.454861 0.0344751 2.65765 0.367004 -2.54261 0 0 1.76909
0.544799 -0.4548 0.0345134 2.65659 0.367433 -2.54328 0 0 1.767
0.544785 -0.45474 0.0345511 2.65556 0.367853 -2.54394 0 0 1.76491
0.544771 -0.45468 0.0345888 2.65452 0.368273 -2.5446 0 0 1.76282
0.544756 -0.45462 0.0346265 2.65349 0.368691 -2.54526 0 0 1.76073
0.544742 -0.45456 0.0346674 2.65245 0.369105 -2.54592 0 0 1.75863
0.544728 -0.4545 0.0347126 2.65143 0.369515 -2.54658 0 0 1.75654
0.544713 -0.454439 0.0347585 2.65039 0.369931 -2.54724 0 0 1.75445
0.544699 -0.454379 0.0348037 2.64936 0.370339 -2.5479 0 0 1.75236
0.544685 -0.454319 0.0348489 2.64833 0.370745 -2.54856 0 0 1.75027
0.54467 -0.454259 0.0348941 2.6473 0.371151 -2.54922 0 0 1.74817
0.544656 -0.454199 0.0349393 2.64627 0.371555 -2.54988 0 0 1.74608
0.544642 -0.454138 0.0349852 2.64522 0.371965 -2.55055 0 0 1.74399
0.544628 -0.454079 0.0350296 2.64421 0.37236 -2.5512 0 0 1.74197
0.544615 -0.454022 0.0350725 2.64323 0.372741 -2.55183 0 0 1.74018
0.544603 -0.453965 0.0351155 2.64225 0.373121 -2.55247 0 0 1.73838
0.54459 -0.453908 0.0351584 2.64126 0.373499 -2.5531 0 0 1.73659
0.544577 -0.45385 0.035202 2.64026 0.373883 -2.55374 0 0 1.7348
0.544565 -0.453793 0.035245 2.63928 0.37426 -2.55438 0 0 1.73301
0.544552 -0.453736 0.0352879 2.63829 0.374635 -2.55501 0 0 1.73121
0.54454 -0.453679 0.0353308 2.63731 0.375009 -2.55565 0 0 1.72942
0.544527 -0.453622 0.0353737 2.63632 0.375382 -2.55629 0 0 1.72763
0.544514 -0.453565 0.0354166 2.63533 0.375754 -2.55693 0 0 1.72584
0.544502 -0.453507 0.0354603 2.63432 0.376131 -2.55758 0 0 1.72405
0.544489 -0.45345 0.0355032 2.63334 0.376501 -2.55822 0 0 1.72225
0.544477 -0.453393 0.0355461 2.63234 0.37687 -2.55886 0 0 1.72046
0.544464 -0.453336 0.0355891 2.63135 0.377237 -2.5595 0 0 1.71867
0.544452 -0.453279 0.035632 2.63036 0.377604 -2.56015 0 0 1.71688
0.544439 -0.453222 0.0356749 2.62937 0.377969 -2.56079 0 0 1.71509
0.544426 -0.453165 0.0357178 2.62837 0.378333 -2.56144 0 0 1.71329
0.544414 -0.453107 0.0357615 2.62736 0.378703 -2.5621 0 0 1.7116
0.544401 -0.45305 0.0358044 2.62637 0.379064 -2.56274 0 0 1.70996
0.544388 -0.452993 0.0358473 2.62537 0.379425 -2.56339 0 0 1.70831
0.544375 -0.452936 0.0358902 2.62437 0.379785 -2.56404 0 0 1.70667
0.544363 -0.452879 0.0359332 2.62338 0.380143 -2.56469 0 0 1.70503
0.54435 -0.452822 0.0359761 2.62238 0.380501 -2.56535 0 0 1.70338
0.544337 -0.452765 0.036019 2.62138 0.380857 -2.566 0 0 1.70174
0.544324 -0.452708 0.0360619 2.62038 0.381212 -2.56665 0 0 1.7001
0.544311 -0.452651 0.0361048 2.61938 0.381566 -2.56731 0 0 1.69846
0.544299 -0.452594 0.0361478 2.61837 0.381918 -2.56796 0 0 1.69681
0.544286 -0.452537 0.0361907 2.61737 0.38227 -2.56862 0 0 1.69517
0.544273 -0.45248 0.0362336 2.61637 0.38262 -2.56928 0 0 1.69353
0.54426 -0.452422 0.0362773 2.61534 0.382976 -2.56995 0 0 1.69189
0.544248 -0.452365 0.0363202 2.61434 0.383324 -2.57061 0 0 1.69024
0.544235 -0.452308 0.0363631 2.61333 0.38367 -2.57127 0 0 1.6886
0.544222 -0.452251 0.036406 2.61233 0.384016 -2.57193 0 0 1.68696
0.544209 -0.452194 0.0364489 2.61132 0.384361 -2.57259 0 0 1.68531
0.544196 -0.452137 0.0364919 2.61031 0.384704 -2.57325 0 0 1.68367
0.544184 -0.45208 0.0365348 2.6093 0.385046 -2.57392 0 0 1.68203
0.544171 -0.452023 0.0365777 2.60829 0.385387 -2.57458 0 0 1.68039
0.544158 -0.451966 0.0366206 2.60728 0.385727 -2.57525 0 0 1.67874
0.544145 -0.451909 0.0366635 2.60627 0.386065 -2.57592 0 0 1.6771
0.544129 -0.451847 0.0367102 2.60517 0.386432 -2.57664 0 0 1.67534
0.544111 -0.451783 0.0367584 2.60403 0.386809 -2.57739 0 0 1.67348
0.544092 -0.451719 0.0368066 2.60289 0.387185 -2.57815 0 0 1.67163
0.544073 -0.451654 0.0368555 2.60173 0.387565 -2.57891 0 0 1.66978
0.544055 -0.45159 0.0369037 2.60059 0.387938 -2.57967 0 0 1.66792
0.544036 -0.451525 0.0369527 2.59943 0.388315 -2.58043 0 0 1.66607
0.544018 -0.451461 0.0370009 2.59829 0.388684 -2.58119 0 0 1.66421
0.543999 -0.451396 0.0370498 2.59713 0.389058 -2.58196 0 0 1.66236
0.54398 -0.451332 0.037098 2.59598 0.389424 -2.58272 0 0 1.6605
0.543962 -0.451267 0.0371469 2.59482 0.389795 -2.58349 0 0 1.65865
0.543943 -0.451203 0.0371951 2.59367 0.390158 -2.58425 0 0 1.65679
0.543924 -0.451138 0.0372441 2.59251 0.390526 -2.58503 0 0 1.65494
0.543906 -0.451074 0.0372923 2.59136 0.390886 -2.58579 0 0 1.65308
0.543887 -0.45101 0.0373405 2.59021 0.391244 -2.58656 0 0 1.65123
0.543869 -0.450945 0.0373894 2.58904 0.391607 -2.58734 0 0 1.64938
0.54385 -0.450881 0.0374376 2.58789 0.391962 -2.5881 0 0 1.64752
0.543831 -0.450816 0.0374865 2.58672 0.392322 -2.58888 0 0 1.64567
0.543806 -0.450744 0.0375407 2.58542 0.392718 -2.58975 0 0 1.64332
0.543781 -0.450673 0.0375942 2.58414 0.393106 -2.59061 0 0 1.64096
0.543755 -0.450601 0.0376484 2.58284 0.393498 -2.59147 0 0 1.6386
0.54373 -0.450529 0.0377026 2.58154 0.393888 -2.59234 0 0 1.63624
0.543705 -0.450457 0.0377568 2.58024 0.394277 -2.59322 0 0 1.63388
0.543679 -0.450385 0.0378111 2.57894 0.394663 -2.59409 0 0 1.63152
0.543654 -0.450314 0.0378645 2.57765 0.395041 -2.59495 0 0 1.62916
0.543628 -0.450242 0.0379187 2.57634 0.395423 -2.59583 0 0 1.6268
0.543603 -0.45017 0.0379729 2.57504 0.395803 -2.5967 0 0 1.62444
0.543578 -0.450098 0.0380272 2.57373 0.396181 -2.59758 0 0 1.62208
0.543552 -0.450026 0.0380814 2.57242 0.396557 -2.59846 0 0 1.61972
0.543527 -0.449955 0.0381348 2.57113 0.396925 -2.59933 0 0 1.61736
0.543502 -0.449883 0.038189 2.56982 0.397297 -2.60021 0 0 1.615
0.543476 -0.449811 0.0382433 2.56851 0.397667 -2.60109 0 0 1.61264
0.543451 -0.449739 0.0382975 2.56719 0.398034 -2.60198 0 0 1.61028
0.543425 -0.449667 0.0383517 2.56588 0.398399 -2.60287 0 0 1.60793
0.543398 -0.449593 0.0384074 2.56453 0.398773 -2.60378 0 0 1.60559
0.543368 -0.449515 0.0384661 2.5631 0.399164 -2.60474 0 0 1.60328
0.543337 -0.449436 0.0385256 2.56165 0.399558 -2.60572 0 0 1.60097
0.543307 -0.449358 0.0385844 2.56023 0.399944 -2.60668 0 0 1.59866
0.543276 -0.44928 0.0386431 2.5588 0.400327 -2.60765 0 0 1.59636
0.543246 -0.449201 0.0387026 2.55735 0.400713 -2.60863 0 0 1.59405
0.543216 -0.449123 0.0387613 2.55591 0.401092 -2.6096 0 0 1.59174
0.543185 -0.449045 0.03882 2.55448 0.401468 -2.61057 0 0 1.58943
0.543155 -0.448967 0.0388788 2.55305 0.401842 -2.61155 0 0 1.58712
0.543125 -0.448888 0.0389382 2.55159 0.402218 -2.61253 0 0 1.58482
0.543094 -0.44881 0.0389993 2.55017 0.402583 -2.6135 0 0 1.58251
0.543064 -0.448732 0.039073 2.5488 0.40293 -2.61443 0 0 1.5802
0.543034 -0.448654 0.0391468 2.54744 0.403274 -2.61535 0 0 1.57789
0.543003 -0.448575 0.0392215 2.54606 0.40362 -2.61629 0 0 1.57558
0.542973 -0.448497 0.0392953 2.54469 0.40396 -2.61722 0 0 1.57328
0.542942 -0.448419 0.0393691 2.54333 0.404298 -2.61816 0 0 1.57097
0.542912 -0.448341 0.0394428 2.54196 0.404633 -2.61909 0 0 1.56866
0.542882 -0.448262 0.0395175 2.54057 0.404971 -2.62003 0 0 1.56635
0.542851 -0.448184 0.0395913 2.5392 0.405302 -2.62097 0 0 1.56404
0.542821 -0.448106 0.0396651 2.53783 0.40563 -2.62191 0 0 1.56174
0.542791 -0.448028 0.0397389 2.53645 0.405957 -2.62284 0 0 1.55943
0.54276 -0.447949 0.0398136 2.53506 0.406285 -2.6238 0 0 1.55712
0.542728 -0.447868 0.0398902 2.53363 0.406619 -2.62477 0 0 1.5548
0.542691 -0.447778 0.0399753 2.53204 0.406988 -2.62586 0 0 1.55247
0.542654 -0.447689 0.0400595 2.53047 0.407349 -2.62694 0 0 1.55013
0.542617 -0.4476 0.0401436 2.52889 0.407707 -2.62802 0 0 1.54779
0.54258 -0.447511 0.0402278 2.52731 0.408062 -2.6291 0 0 1.54546
0.542543 -0.447421 0.0403129 2.52572 0.408419 -2.63019 0 0 1.54312
0.542506 -0.447332 0.0403971 2.52414 0.408768 -2.63128 0 0 1.54078
0.542469 -0.447243 0.0404813 2.52256 0.409114 -2.63237 0 0 1.53845
0.542432 -0.447154 0.0405654 2.52097 0.409457 -2.63345 0 0 1.53611
0.542395 -0.447064 0.0406506 2.51937 0.409801 -2.63455 0 0 1.53377
0.542358 -0.446975 0.0407347 2.51778 0.410138 -2.63565 0 0 1.53144
0.542321 -0.446886 0.0408189 2.51619 0.410472 -2.63674 0 0 1.5291
0.542284 -0.446796 0.040904 2.51459 0.410807 -2.63785 0 0 1.52676
0.542247 -0.446707 0.0409882 2.513 0.411134 -2.63894 0 0 1.52442
0.54221 -0.446618 0.0410724 2.5114 0.411459 -2.64004 0 0 1.52209
0.542172 -0.446529 0.0411565 2.50981 0.41178 -2.64114 0 0 1.51975
0.542135 -0.446439 0.0412416 2.5082 0.412102 -2.64225 0 0 1.51741
0.542091 -0.446336 0.0413391 2.50635 0.412467 -2.64353 0 0 1.51485
0.542044 -0.446228 0.0414412 2.50441 0.412845 -2.64487 0 0 1.5122
0.541998 -0.44612 0.0415433 2.50246 0.413218 -2.64621 0 0 1.50955
0.541951 -0.446012 0.0416455 2.50052 0.413586 -2.64756 0 0 1.5069
0.541904 -0.445903 0.0417486 2.49855 0.413953 -2.64892 0 0 1.50426
0.541857 -0.445795 0.0418507 2.4966 0.414312 -2.65027 0 0 1.50161
0.541811 -0.445687 0.0419528 2.49465 0.414667 -2.65162 0 0 1.49896
0.541764 -0.445579 0.042055 2.4927 0.415016 -2.65298 0 0 1.49632
0.541717 -0.445471 0.0421571 2.49075 0.415361 -2.65433 0 0 1.49367
0.54167 -0.445362 0.0422602 2.48877 0.415705 -2.6557 0 0 1.49102
0.541624 -0.445254 0.0423624 2.48681 0.41604 -2.65707 0 0 1.48837
0.541577 -0.445146 0.0424645 2.48485 0.416371 -2.65843 0 0 1.48573
0.54153 -0.445038 0.0425666 2.48289 0.416697 -2.65979 0 0 1.48308
0.541483 -0.44493 0.0426688 2.48092 0.417018 -2.66116 0 0 1.48043
0.541436 -0.444822 0.0427709 2.47896 0.417334 -2.66253 0 0 1.47779
0.54139 -0.444713 0.042874 2.47697 0.417648 -2.66391 0 0 1.47514
0.541341 -0.444601 0.0429799 2.47493 0.417966 -2.66534 0 0 1.47234
0.541284 -0.444471 0.0431035 2.47256 0.418327 -2.66698 0 0 1.46882
0.541227 -0.444341 0.0432335 2.47032 0.418662 -2.66855 0 0 1.46529
0.541169 -0.444211 0.0433635 2.46808 0.418991 -2.67011 0 0 1.46176
0.541112 -0.44408 0.0434945 2.46581 0.419316 -2.6717 0 0 1.45824
0.541055 -0.44395 0.0436245 2.46356 0.419633 -2.67327 0 0 1.45471
0.540997 -0.44382 0.0437544 2.46131 0.419943 -2.67484 0 0 1.45119
0.54094 -0.44369 0.0438844 2.45905 0.420247 -2.67642 0 0 1.44766
0.540883 -0.443559 0.0440154 2.45677 0.420547 -2.67801 0 0 1.44414
0.540826 -0.443429 0.0441454 2.45451 0.420838 -2.6796 0 0 1.44061
0.540768 -0.443299 0.0442754 2.45225 0.421123 -2.68118 0 0 1.43709
0.540711 -0.443169 0.0444054 2.44998 0.421402 -2.68277 0 0 1.43356
0.540654 -0.443038 0.0445364 2.4477 0.421676 -2.68437 0 0 1.43004
0.540597 -0.442908 0.0446664 2.44542 0.421942 -2.68597 0 0 1.42651
0.540539 -0.442778 0.0447964 2.44315 0.422201 -2.68756 0 0 1.42298
0.540482 -0.442648 0.0449264 2.44087 0.422453 -2.68916 0 0 1.41946
0.540425 -0.442517 0.0450574 2.43858 0.422701 -2.69077 0 0 1.41593
0.540367 -0.442387 0.0451874 2.43629 0.422941 -2.69238 0 0 1.41241
0.54031 -0.442257 0.0453174 2.43401 0.423174 -2.69398 0 0 1.40888
0.540253 -0.442127 0.0454474 2.43172 0.4234 -2.69559 0 0 1.40536
0.540196 -0.441996 0.0455784 2.42942 0.423622 -2.69721 0 0 1.40183
0.540138 -0.441866 0.0457084 2.42713 0.423835 -2.69882 0 0 1.39831
0.540081 -0.441735 0.0458394 2.42482 0.424043 -2.70045 0 0 1.39473
0.540017 -0.441584 0.0459904 2.42215 0.424275 -2.70232 0 0 1.39046
0.539953 -0.441434 0.0461404 2.4195 0.424496 -2.70419 0 0 1.38619
0.53989 -0.441284 0.0462904 2.41684 0.424708 -2.70606 0 0 1.38193
0.539826 -0.441133 0.0464414 2.41417 0.424913 -2.70794 0 0 1.37766
0.539763 -0.440983 0.0465914 2.41151 0.425107 -2.70982 0 0 1.37339
0.539699 -0.440833 0.0467414 2.40885 0.425293 -2.7117 0 0 1.36913
0.539636 -0.440683 0.0468914 2.40618 0.425469 -2.71358 0 0 1.36486
0.539572 -0.440532 0.0470424 2.4035 0.425637 -2.71547 0 0 1.36059
0.539508 -0.440382 0.0471924 2.40083 0.425796 -2.71735 0 0 1.35633
0.539445 -0.440232 0.0473424 2.39816 0.425945 -2.71924 0 0 1.35206
0.539381 -0.440082 0.0475063 2.39477 0.42612 -2.72163 0 0 1.34779
0.539318 -0.439931 0.0476925 2.39027 0.426331 -2.72481 0 0 1.34352
0.539254 -0.439781 0.0478775 2.38579 0.426515 -2.72798 0 0 1.33926
0.53919 -0.439631 0.0480625 2.38129 0.426673 -2.73115 0 0 1.33499
0.539127 -0.43948 0.0482488 2.37676 0.426806 -2.73435 0 0 1.33072
0.539063 -0.43933 0.0484338 2.37225 0.426913 -2.73754 0 0 1.32646
0.538997 -0.439169 0.0486324 2.36741 0.426998 -2.74097 0 0 1.32219
0.538928 -0.438998 0.0488433 2.36225 0.427055 -2.74461 0 0 1.31793
0.538859 -0.438826 0.0490554 2.35705 0.427078 -2.74829 0 0 1.31366
0.53879 -0.438655 0.0492664 2.35187 0.427067 -2.75195 0 0 1.3094
0.538721 -0.438484 0.0494773 2.34669 0.42702 -2.75561 0 0 1.30514
0.538653 -0.438312 0.0496894 2.34147 0.426939 -2.75931 0 0 1.30088
0.538584 -0.438141 0.0499003 2.33627 0.426823 -2.76298 0 0 1.29661
0.538515 -0.437969 0.0501125 2.33103 0.426671 -2.76668 0 0 1.29235
0.538446 -0.437798 0.0503234 2.32581 0.426484 -2.77037 0 0 1.28809
0.538377 -0.437627 0.0505343 2.32059 0.426263 -2.77406 0 0 1.28382
0.538308 -0.437455 0.0507465 2.31534 0.426004 -2.77777 0 0 1.27956
0.538239 -0.437284 0.0509574 2.31011 0.425711 -2.78146 0 0 1.2753
0.53817 -0.437112 0.0511696 2.30484 0.42538 -2.78517 0 0 1.27103
0.538102 -0.436941 0.0513805 2.2996 0.425015 -2.78887 0 0 1.26677
0.538033 -0.436769 0.0515926 2.29433 0.424612 -2.79258 0 0 1.26251
0.537964 -0.436598 0.0518035 2.28908 0.424176 -2.79628 0 0 1.25824
0.537895 -0.436427 0.0520145 2.28383 0.423703 -2.79997 0 0 1.25398
0.53782 -0.436233 0.0522537 2.27787 0.423123 -2.80416 0 0 1.24993
0.537745 -0.436037 0.0524955 2.27185 0.42249 -2.80839 0 0 1.2459
0.53767 -0.435841 0.0527372 2.26583 0.421809 -2.81262 0 0 1.24187
0.537595 -0.435645 0.0530329 2.25923 0.42101 -2.81724 0 0 1.23784
0.53752 -0.435449 0.0533422 2.25249 0.420134 -2.82196 0 0 1.23381
0.537445 -0.435253 0.0536516 2.24574 0.419197 -2.82668 0 0 1.22978
0.53737 -0.435057 0.053961 2.23899 0.418199 -2.83139 0 0 1.22575
0.537295 -0.434861 0.0542704 2.23223 0.417141 -2.8361 0 0 1.22172
0.53722 -0.434665 0.0545798 2.22547 0.416021 -2.8408 0 0 1.21769
0.537145 -0.434469 0.0548892 2.2187 0.41484 -2.8455 0 0 1.21366
0.53707 -0.434273 0.0551986 2.21194 0.413599 -2.85018 0 0 1.20963
0.536995 -0.434077 0.055508 2.20517 0.412296 -2.85486 0 0 1.2056
0.53692 -0.433881 0.0558174 2.19841 0.410932 -2.85952 0 0 1.20157
0.536844 -0.433685 0.0561268 2.19165 0.409507 -2.86418 0 0 1.19754
0.536769 -0.433489 0.0564362 2.18489 0.40802 -2.86882 0 0 1.1935
0.536694 -0.433293 0.0567455 2.17813 0.406473 -2.87344 0 0 1.18947
0.536619 -0.433097 0.0570549 2.17138 0.404865 -2.87805 0 0 1.18544
0.536544 -0.432902 0.0573848 2.16674 0.403723 -2.88121 0 0 1.18141
0.536469 -0.432706 0.0577231 2.16271 0.402708 -2.88395 0 0 1.17738
0.536394 -0.43251 0.0580614 2.15868 0.40167 -2.88669 0 0 1.17335
0.536319 -0.432314 0.0583997 2.15465 0.40061 -2.88942 0 0 1.16932
0.536244 -0.432118 0.058738 2.15063 0.399528 -2.89214 0 0 1.16529
0.536163 -0.4319 0.0591142 2.14615 0.398299 -2.89517 0 0 1.16121
0.53608 -0.431679 0.0594957 2.14161 0.397025 -2.89822 0 0 1.15713
0.535997 -0.431457 0.0598788 2.13706 0.395717 -2.90128 0 0 1.15304
0.535914 -0.431235 0.060262 2.1325 0.394381 -2.90434 0 0 1.14896
0.535832 -0.431014 0.0606434 2.12797 0.393023 -2.90736 0 0 1.14488
0.535749 -0.430792 0.0610266 2.12343 0.391631 -2.9104 0 0 1.14079
0.535666 -0.43057 0.0614098 2.11888 0.390211 -2.91342 0 0 1.13671
0.535584 -0.430349 0.0617912 2.11437 0.38877 -2.91642 0 0 1.13262
0.535501 -0.430127 0.0621744 2.10983 0.387294 -2.91942 0 0 1.12854
0.535418 -0.429905 0.0625576 2.1053 0.385791 -2.92241 0 0 1.12445
0.535336 -0.429684 0.062939 2.1008 0.384267 -2.92538 0 0 1.12037
0.535253 -0.429462 0.0633833 2.09396 0.3819 -2.92986 0 0 1.11628
0.53517 -0.42924 0.0638443 2.08651 0.379242 -2.93472 0 0 1.1122
0.535088 -0.429019 0.0643032 2.0791 0.37652 -2.93954 0 0 1.10811
0.535005 -0.428797 0.0647641 2.07167 0.373709 -2.94434 0 0 1.10403
0.534922 -0.428575 0.0652251 2.06425 0.370821 -2.9491 0 0 1.09994
0.534838 -0.428347 0.0656985 2.05664 0.367777 -2.95396 0 0 1.09596
0.534747 -0.4281 0.0662113 2.04842 0.364391 -2.95918 0 0 1.09229
0.534657 -0.427853 0.0667242 2.04021 0.360911 -2.96435 0 0 1.08862
0.534567 -0.427606 0.067237 2.03203 0.357341 -2.96948 0 0 1.08495
0.534477 -0.427359 0.0677499 2.02387 0.35368 -2.97454 0 0 1.08127
0.534387 -0.427113 0.0682606 2.01576 0.349944 -2.97954 0 0 1.0776
0.534297 -0.426866 0.0687735 2.00764 0.346106 -2.9845 0 0 1.07393
0.534207 -0.426619 0.0692864 1.99956 0.342179 -2.9894 0 0 1.07026
0.534117 -0.426372 0.0697992 1.9915 0.338167 -2.99424 0 0 1.06658
0.534026 -0.426125 0.0704274 1.97941 0.331962 -3.00141 0 0 1.06291
0.533936 -0.425878 0.0711333 1.96465 0.324081 -3.01002 0 0 1.05924
0.533846 -0.425631 0.0718392 1.94998 0.315906 -3.01842 0 0 1.05557
0.533756 -0.425384 0.072545 1.93539 0.307446 -3.0266 0 0 1.05189
0.533666 -0.425137 0.0732509 1.9209 0.298708 -3.03455 0 0 1.04822
0.533576 -0.42489 0.0739568 1.90651 0.289704 -3.04225 0 0 1.04455
0.533486 -0.424643 0.074715 1.89376 0.281455 -3.0489 0 0 1.04087
0.533396 -0.424396 0.0755375 1.88297 0.27427 -3.05441 0 0 1.0372
0.533299 -0.424132 0.0764165 1.87149 0.266427 -3.06013 0 0 1.03419
0.533198 -0.423859 0.0773256 1.85969 0.258143 -3.06587 0 0 1.03148
0.533098 -0.423586 0.0782347 1.84795 0.249691 -3.07141 0 0 1.02878
0.532998 -0.423314 0.0791404 1.83632 0.241108 -3.07675 0 0 1.02607
0.532898 -0.423041 0.0800494 1.82471 0.232338 -3.08191 0 0 1.02337
0.532797 -0.422768 0.0812617 1.82201 0.230264 -3.08309 0 0 1.02066
0.532697 -0.422496 0.0826437 1.8244 0.232097 -3.08205 0 0 1.01795
0.532597 -0.422223 0.0840308 1.8268 0.23393 -3.08099 0 0 1.01524
0.532497 -0.421951 0.0854128 1.8292 0.23575 -3.07994 0 0 1.01254
0.532396 -0.421678 0.0868 1.8316 0.23757 -3.07887 0 0 1.00983
0.532296 -0.421405 0.0881871 1.83401 0.239383 -3.07779 0 0 1.00713
0.532196 -0.421133 0.0893638 1.85431 0.254297 -3.06843 0 0 1.00442
0.532096 -0.42086 0.0901888 1.90728 0.290194 -3.04184 0 0 1.00171
0.531995 -0.420587 0.0910139 1.96242 0.322861 -3.01131 0 0 0.999005
0.531895 -0.420315 0.0918359 2.01925 0.351563 -2.97739 0 0 0.996299
0.531795 -0.420042 0.0926609 2.07774 0.376008 -2.94042 0 0 0.993592
0.531695 -0.41977 0.0934829 2.13692 0.395678 -2.90137 0 0 0.990886
0.531594 -0.419497 0.0943079 2.19659 0.410555 -2.86078 0 0 0.988179
0.531494 -0.419224 0.095133 2.25585 0.420578 -2.81961 0 0 0.985472
0.531394 -0.418952 0.095955 2.31381 0.425922 -2.77884 0 0 0.982766
0.531294 -0.418679 0.0967144 2.36783 0.426991 -2.74067 0 0 0.980059
0.531193 -0.418407 0.0968551 2.39755 0.425977 -2.71967 0 0 0.977353
0.531087 -0.418119 0.097004 2.42914 0.423648 -2.69741 0 0 0.97523
0.530977 -0.41782 0.0971586 2.46195 0.419855 -2.67439 0 0 0.973519
0.530867 -0.417521 0.0973132 2.49466 0.414665 -2.65162 0 0 0.971807
0.530756 -0.417222 0.0974678 2.52716 0.408096 -2.6292 0 0 0.970096
0.530646 -0.416923 0.0976224 2.55934 0.400181 -2.60728 0 0 0.968384
0.530536 -0.416625 0.0977764 2.59099 0.391 -2.58604 0 0 0.966673
0.530425 -0.416326 0.097931 2.62223 0.380552 -2.56544 0 0 0.964962
0.530315 -0.416027 0.0980856 2.65288 0.368936 -2.54565 0 0 0.96325
0.530204 -0.415728 0.0982402 2.68286 0.356233 -2.52676 0 0 0.961539
0.530094 -0.41543 0.0983943 2.71202 0.342579 -2.50888 0 0 0.959827
0.529984 -0.415131 0.0985489 2.74052 0.327977 -2.49196 0 0 0.958116
0.529873 -0.414832 0.0987035 2.76823 0.312572 -2.47608 0 0 0.956405
0.529763 -0.414533 0.0988581 2.79512 0.296465 -2.46128 0 0 0.954693
0.529653 -0.414235 0.0990122 2.82111 0.279816 -2.44761 0 0 0.952982
0.529542 -0.413936 0.0991668 2.84637 0.262613 -2.43498 0 0 0.95127
0.529432 -0.413637 0.0993214 2.87082 0.245011 -2.42343 0 0 0.949559
0.529322 -0.413338 0.099476 2.89447 0.227106 -2.41294 0 0 0.947852
0.529201 -0.413016 0.0996425 2.91907 0.20759 -2.40279 0 0 0.946419
0.529081 -0.412694 0.0998089 2.94281 0.187934 -2.39381 0 0 0.944986
0.52896 -0.412372 0.0999754 2.96571 0.168239 -2.38594 0 0 0.943553
0.52884 -0.412051 0.099999 2.97456 0.160446 -2.38312 0 0 0.94212
0.528719 -0.411729 0.099999 2.98117 0.154559 -2.3811 0 0 0.940687
0.528599 -0.411407 0.099999 2.98777 0.148635 -2.37915 0 0 0.939254
0.528478 -0.411085 0.099999 2.99435 0.142677 -2.37728 0 0 0.937821
0.528358 -0.410763 0.099999 3.00091 0.136686 -2.37549 0 0 0.936388
0.528238 -0.410442 0.099999 3.00743 0.130683 -2.37378 0 0 0.934955
0.528117 -0.41012 0.099999 3.01395 0.124632 -2.37215 0 0 0.933522
0.527997 -0.409798 0.099999 3.02046 0.118555 -2.37059 0 0 0.932089
0.527876 -0.409476 0.099999 3.02694 0.112453 -2.36912 0 0 0.930656
0.527756 -0.409154 0.099999 3.03341 0.106328 -2.36772 0 0 0.929223
0.527635 -0.408832 0.099999 3.03987 0.100183 -2.3664 0 0 0.92779
0.527515 -0.408511 0.099999 3.04628 0.0940373 -2.36517 0 0 0.926358
0.527394 -0.408189 0.099999 3.0527 0.087856 -2.36401 0 0 0.924925
0.52727 -0.407859 0.099999 3.05926 0.0815058 -2.36291 0 0 0.923383
0.527142 -0.407519 0.099999 3.066 0.0749492 -2.36187 0 0 0.921705
0.527014 -0.407179 0.099999 3.07273 0.0683807 -2.36091 0 0 0.920026
0.526885 -0.406839 0.099999 3.07943 0.0618028 -2.36004 0 0 0.918347
0.526757 -0.406499 0.099999 3.08612 0.0552178 -2.35926 0 0 0.916668
0.526629 -0.406159 0.099999 3.09279 0.048628 -2.35857 0 0 0.914989
0.5265 -0.405819 0.099999 3.09944 0.0420359 -2.35797 0 0 0.913311
0.526372 -0.405479 0.099999 3.10608 0.0354438 -2.35745 0 0 0.911632
0.526244 -0.405139 0.099999 3.1127 0.0288541 -2.35703 0 0 0.909953
0.526115 -0.404799 0.099999 3.11931 0.0222689 -2.35669 0 0 0.908274
0.525987 -0.404459 0.099999 3.1259 0.0156907 -2.35644 0 0 0.906595
0.525859 -0.404119 0.099999 3.13247 0.00912163 -2.35628 0 0 0.904917
0.52573 -0.403779 0.099999 3.13903 0.00256403 -2.3562 0 0 0.903238
0.525602 -0.403439 0.099999 3.14159 0 -2.35619 0 0 0.901559
0.525474 -0.4031 0.099999 3.14159 0 -2.35619 0 0 0.89988
0.525345 -0.40276 0.099999 3.14159 0 -2.35619 0 0 0.898202
0.525217 -0.40242 0.099999 3.14159 0 -2.35619 0 0 0.896523
0.525089 -0.40208 0.099999 3.14159 0 -2.35619 0 0 0.894844
0.52496 -0.40174 0.099999 3.14159 0 -2.35619 0 0 0.893165
0.524832 -0.4014 0.099999 3.14159 0 -2.35619 0 0 0.891486
0.524703 -0.40106 0.099999 3.14159 0 -2.35619 0 0 0.889808
0.524575 -0.40072 0.099999 3.14159 0 -2.35619 0 0 0.888129
0.524445 -0.400377 0.099999 3.14159 0 -2.35619 0 0 0.886422
0.524313 -0.40003 0.099999 3.14159 0 -2.35619 0 0 0.884661
0.524181 -0.399683 0.099999 3.14159 0 -2.35619 0 0 0.8829
0.524049 -0.399336 0.099999 3.14159 0 -2.35619 0 0 0.881139
0.523917 -0.398989 0.099999 3.14159 0 -2.35619 0 0 0.879378
0.523784 -0.398642 0.099999 3.14159 0 -2.35619 0 0 0.877617
0.523652 -0.398295 0.099999 3.14159 0 -2.35619 0 0 0.875856
0.52352 -0.397948 0.099999 3.14159 0 -2.35619 0 0 0.874095
0.523388 -0.3976 0.099999 3.14159 0 -2.35619 0 0 0.872334
0.523256 -0.397253 0.099999 3.14159 0 -2.35619 0 0 0.870573
0.523123 -0.396906 0.099999 3.14159 0 -2.35619 0 0 0.868812
0.522991 -0.396559 0.099999 3.14159 0 -2.35619 0 0 0.867051
0.522859 -0.396212 0.099999 3.14159 0 -2.35619 0 0 0.86529
0.522727 -0.395865 0.099999 3.14159 0 -2.35619 0 0 0.863529
0.522595 -0.395518 0.099999 3.14159 0 -2.35619 0 0 0.861768
0.522462 -0.395171 0.099999 3.14159 0 -2.35619 0 0 0.860007
0.52233 -0.394823 0.099999 3.14159 0 -2.35619 0 0 0.858246
0.522194 -0.394473 0.099999 3.14159 0 -2.35619 0 0 0.856529
0.522056 -0.394122 0.099999 3.14159 0 -2.35619 0 0 0.854825
0.521919 -0.393771 0.099999 3.14159 0 -2.35619 0 0 0.853121
0.521782 -0.39342 0.099999 3.14159 0 -2.35619 0 0 0.851417
0.521644 -0.393069 0.099999 3.14159 0 -2.35619 0 0 0.849713
0.521507 -0.392717 0.099999 3.14159 0 -2.35619 0 0 0.848009
0.521369 -0.392366 0.099999 3.14159 0 -2.35619 0 0 0.846305
0.521232 -0.392015 0.099999 3.14159 0 -2.35619 0 0 0.844601
0.521094 -0.391664 0.099999 3.14159 0 -2.35619 0 0 0.842897
0.520957 -0.391313 0.099999 3.14159 0 -2.35619 0 0 0.841193
0.520819 -0.390962 0.099999 3.14159 0 -2.35619 0 0 0.839489
0.520682 -0.39061 0.099999 3.14159 0 -2.35619 0 0 0.837785
0.520544 -0.390259 0.099999 3.14159 0 -2.35619 0 0 0.836081
0.520407 -0.389908 0.099999 3.14159 0 -2.35619 0 0 0.834378
0.520269 -0.389557 0.099999 3.14159 0 -2.35619 0 0 0.832674
0.520132 -0.389206 0.099999 3.14159 0 -2.35619 0 0 0.83097
0.519993 -0.388854 0.099999 3.14159 0 -2.35619 0 0 0.829241
0.51985 -0.388501 0.099999 3.14159 0 -2.35619 0 0 0.827412
0.519706 -0.388149 0.099999 3.14159 0 -2.35619 0 0 0.825582
0.519563 -0.387796 0.099999 3.14159 0 -2.35619 0 0 0.823753
0.519419 -0.387443 0.099999 3.14159 0 -2.35619 0 0 0.821923
0.519276 -0.38709 0.099999 3.14159 0 -2.35619 0 0 0.820094
0.519132 -0.386738 0.099999 3.14159 0 -2.35619 0 0 0.818265
0.518989 -0.386385 0.099999 3.14159 0 -2.35619 0 0 0.816435
0.518845 -0.386032 0.099999 3.14159 0 -2.35619 0 0 0.814606
0.518701 -0.385679 0.099999 3.14159 0 -2.35619 0 0 0.812776
0.518558 -0.385326 0.099999 3.14159 0 -2.35619 0 0 0.810947
0.518414 -0.384974 0.099999 3.14159 0 -2.35619 0 0 0.809118
0.518271 -0.384621 0.099999 3.14159 0 -2.35619 0 0 0.807288
0.518127 -0.384268 0.099999 3.14159 0 -2.35619 0 0 0.805459
0.517984 -0.383915 0.099999 3.14159 0 -2.35619 0 0 0.803629
0.51784 -0.383563 0.099999 3.14159 0 -2.35619 0 0 0.8018
0.517697 -0.38321 0.099999 3.14159 0 -2.35619 0 0 0.799971
0.517553 -0.382857 0.099999 3.14159 0 -2.35619 0 0 0.798141
0.51741 -0.382504 0.099999 3.14159 0 -2.35619 0 0 0.796312
0.517266 -0.382152 0.099999 3.14159 0 -2.35619 0 0 0.794483
0.517123 -0.381799 0.099999 3.14159 0 -2.35619 0 0 0.792653
0.516979 -0.381446 0.099999 3.14159 0 -2.35619 0 0 0.790824
0.516835 -0.381093 0.099999 3.14159 0 -2.35619 0 0 0.788989
0.516684 -0.380742 0.099999 3.14159 0 -2.35619 0 0 0.787107
0.516534 -0.380391 0.099999 3.14159 0 -2.35619 0 0 0.785224
0.516383 -0.380039 0.099999 3.14159 0 -2.35619 0 0 0.783342
0.516233 -0.379688 0.099999 3.14159 0 -2.35619 0 0 0.78146
0.516083 -0.379336 0.099999 3.14159 0 -2.35619 0 0 0.779578
0.515932 -0.378985 0.099999 3.14159 0 -2.35619 0 0 0.777695
0.515782 -0.378634 0.099999 3.14159 0 -2.35619 0 0 0.775813
0.515631 -0.378282 0.099999 3.14159 0 -2.35619 0 0 0.773931
0.515481 -0.377931 0.099999 3.14159 0 -2.35619 0 0 0.772048
0.51533 -0.37758 0.099999 3.14159 0 -2.35619 0 0 0.770166
0.51518 -0.377228 0.099999 3.14159 0 -2.35619 0 0 0.768284
0.515029 -0.376877 0.099999 3.14159 0 -2.35619 0 0 0.766401
0.514879 -0.376526 0.099999 3.14159 0 -2.35619 0 0 0.764519
0.514728 -0.376174 0.099999 3.14159 0 -2.35619 0 0 0.762637
0.514578 -0.375823 0.099999 3.14159 0 -2.35619 0 0 0.760754
0.514428 -0.375471 0.099999 3.14159 0 -2.35619 0 0 0.758872
0.514274 -0.375126 0.099999 3.14159 0 -2.35619 0 0 0.757082
0.514117 -0.374785 0.099999 3.14159 0 -2.35619 0 0 0.755376
0.513961 -0.374445 0.099999 3.14159 0 -2.35619 0 0 0.753669
0.513805 -0.374104 0.099999 3.14159 0 -2.35619 0 0 0.751962
0.513648 -0.373763 0.099999 3.14159 0 -2.35619 0 0 0.750255
0.513492 -0.373423 0.099999 3.14159 0 -2.35619 0 0 0.748548
0.513335 -0.373082 0.099999 3.14159 0 -2.35619 0 0 0.746841
0.513179 -0.372742 0.099999 3.14159 0 -2.35619 0 0 0.745134
0.513022 -0.372401 0.099999 3.14159 0 -2.35619 0 0 0.743428
0.512866 -0.372061 0.099999 3.14159 0 -2.35619 0 0 0.741721
0.512709 -0.37172 0.099999 3.14159 0 -2.35619 0 0 0.740014
0.512553 -0.37138 0.099999 3.14159 0 -2.35619 0 0 0.738307
0.512397 -0.371039 0.099999 3.14159 0 -2.35619 0 0 0.7366
0.51224 -0.370698 0.099999 3.14159 0 -2.35619 0 0 0.734893
0.512084 -0.370358 0.099999 3.14159 0 -2.35619 0 0 0.733186
0.511927 -0.370017 0.099999 3.14159 0 -2.35619 0 0 0.73148
0.511771 -0.369677 0.099999 3.14159 0 -2.35619 0 0 0.729773
0.511612 -0.369352 0.099999 3.14159 0 -2.35619 0 0 0.728681
0.511453 -0.369029 0.099999 3.14159 0 -2.35619 0 0 0.727619
0.511294 -0.368705 0.099999 3.14159 0 -2.35619 0 0 0.726556
0.511135 -0.368382 0.099999 3.14159 0 -2.35619 0 0 0.725494
0.510975 -0.368058 0.099999 3.14159 0 -2.35619 0 0 0.724431
0.510816 -0.367735 0.099999 3.14159 0 -2.35619 0 0 0.723369
0.510657 -0.367411 0.099999 3.14159 0 -2.35619 0 0 0.722306
0.510498 -0.367088 0.099999 3.14159 0 -2.35619 0 0 0.721244
0.510339 -0.366764 0.099999 3.14159 0 -2.35619 0 0 0.720181
0.51018 -0.36644 0.099999 3.14159 0 -2.35619 0 0 0.719119
0.510021 -0.366117 0.099999 3.14159 0 -2.35619 0 0 0.718056
0.509862 -0.365793 0.099999 3.14159 0 -2.35619 0 0 0.716994
0.509703 -0.36547 0.099999 3.14159 0 -2.35619 0 0 0.715931
0.509544 -0.365146 0.099999 3.14159 0 -2.35619 0 0 0.714869
0.509385 -0.364823 0.099999 3.14159 0 -2.35619 0 0 0.713806
0.509226 -0.364499 0.099999 3.14159 0 -2.35619 0 0 0.712744
0.509067 -0.364176 0.099999 3.14159 0 -2.35619 0 0 0.711681
0.508908 -0.363852 0.099999 3.14159 0 -2.35619 0 0 0.710619
0.508749 -0.363528 0.099999 3.14159 0 -2.35619 0 0 0.709556
0.508589 -0.363205 0.099999 3.14159 0 -2.35619 0 0 0.708494
0.50843 -0.362881 0.099999 3.14159 0 -2.35619 0 0 0.707431
0.508271 -0.362558 0.099999 3.14159 0 -2.35619 0 0 0.706369
0.508108 -0.362249 0.099999 3.14159 0 -2.35619 0 0 0.705565
0.507943 -0.361943 0.099999 3.14159 0 -2.35619 0 0 0.704805
0.507778 -0.361637 0.099999 3.14159 0 -2.35619 0 0 0.704044
0.507614 -0.361331 0.099999 3.14159 0 -2.35619 0 0 0.703284
0.507449 -0.361025 0.099999 3.14159 0 -2.35619 0 0 0.702523
0.507285 -0.360719 0.099999 3.14159 0 -2.35619 0 0 0.701763
0.50712 -0.360413 0.099999 3.14159 0 -2.35619 0 0 0.701002
0.506955 -0.360107 0.099999 3.14159 0 -2.35619 0 0 0.700242
0.506791 -0.359801 0.099999 3.14159 0 -2.35619 0 0 0.699481
0.506626 -0.359495 0.099999 3.14159 0 -2.35619 0 0 0.698721
0.506462 -0.359189 0.099999 3.14159 0 -2.35619 0 0 0.69796
0.506297 -0.358883 0.099999 3.14159 0 -2.35619 0 0 0.697199
0.506132 -0.358577 0.099999 3.14159 0 -2.35619 0 0 0.696439
0.505968 -0.358271 0.099999 3.14159 0 -2.35619 0 0 0.695678
0.505803 -0.357964 0.099999 3.14159 0 -2.35619 0 0 0.694918
0.505639 -0.357658 0.099999 3.14159 0 -2.35619 0 0 0.694157
0.505472 -0.357358 0.099999 3.14159 0 -2.35619 0 0 0.693268
0.505301 -0.357073 0.099999 3.14159 0 -2.35619 0 0 0.692056
0.50513 -0.356787 0.099999 3.14159 0 -2.35619 0 0 0.690843
0.504959 -0.356502 0.099999 3.14159 0 -2.35619 0 0 0.689631
0.504788 -0.356216 0.099999 3.14159 0 -2.35619 0 0 0.688419
0.504617 -0.355931 0.099999 3.14159 0 -2.35619 0 0 0.687206
0.504446 -0.355645 0.099999 3.14159 0 -2.35619 0 0 0.685994
0.504276 -0.35536 0.099999 3.14159 0 -2.35619 0 0 0.684781
0.504105 -0.355074 0.099999 3.14159 0 -2.35619 0 0 0.683569
0.503934 -0.354788 0.099999 3.14159 0 -2.35619 0 0 0.682356
0.503763 -0.354503 0.099999 3.14159 0 -2.35619 0 0 0.681144
0.503592 -0.354217 0.099999 3.14159 0 -2.35619 0 0 0.679932
0.503421 -0.353932 0.099999 3.14159 0 -2.35619 0 0 0.678719
0.50325 -0.353646 0.099999 3.14159 0 -2.35619 0 0 0.677507
0.503079 -0.353361 0.099999 3.14159 0 -2.35619 0 0 0.676294
0.502908 -0.353075 0.099999 3.14159 0 -2.35619 0 0 0.675082
0.502737 -0.35279 0.099999 3.14159 0 -2.35619 0 0 0.67387
0.502563 -0.352522 0.099999 3.14159 0 -2.35619 0 0 0.67224
0.502389 -0.352261 0.099999 3.14159 0 -2.35619 0 0 0.670441
0.502214 -0.352 0.099999 3.14159 0 -2.35619 0 0 0.668642
0.50204 -0.351739 0.099999 3.14159 0 -2.35619 0 0 0.666843
0.501865 -0.351478 0.099999 3.14159 0 -2.35619 0 0 0.665044
0.501691 -0.351217 0.099999 3.14159 0 -2.35619 0 0 0.663245
0.501516 -0.350956 0.099999 3.14159 0 -2.35619 0 0 0.661446
0.501342 -0.350695 0.099999 3.14159 0 -2.35619 0 0 0.659647
0.501167 -0.350434 0.099999 3.14159 0 -2.35619 0 0 0.657849
0.500993 -0.350173 0.099999 3.14159 0 -2.35619 0 0 0.65605
0.500818 -0.349912 0.099999 3.14159 0 -2.35619 0 0 0.654251
0.500644 -0.34965 0.099999 3.14159 0 -2.35619 0 0 0.652452
0.500469 -0.349389 0.099999 3.14159 0 -2.35619 0 0 0.650653
0.500295 -0.349128 0.099999 3.14159 0 -2.35619 0 0 0.648854
0.50012 -0.348867 0.099999 3.14159 0 -2.35619 0 0 0.647055
0.499946 -0.348606 0.099999 3.14159 0 -2.35619 0 0 0.645256
0.499771 -0.348345 0.099999 3.14159 0 -2.35619 0 0 0.643457
0.499596 -0.348084 0.099999 3.14159 0 -2.35619 0 0 0.641658
0.499422 -0.347823 0.099999 3.14159 0 -2.35619 0 0 0.639859
0.499247 -0.347562 0.099999 3.14159 0 -2.35619 0 0 0.638061
0.499073 -0.347301 0.099999 3.14159 0 -2.35619 0 0 0.636262
0.498898 -0.34704 0.099999 3.14159 0 -2.35619 0 0 0.634463
0.498726 -0.346795 0.099999 3.14159 0 -2.35619 0 0 0.63247
0.498554 -0.34656 0.099999 3.14159 0 -2.35619 0 0 0.630357
0.498383 -0.346325 0.099999 3.14159 0 -2.35619 0 0 0.628243
0.498211 -0.34609 0.099999 3.14159 0 -2.35619 0 0 0.62613
0.49804 -0.345855 0.099999 3.14159 0 -2.35619 0 0 0.624016
0.497868 -0.34562 0.099999 3.14159 0 -2.35619 0 0 0.621903
0.497697 -0.345385 0.099999 3.14159 0 -2.35619 0 0 0.619789
0.497525 -0.34515 0.099999 3.14159 0 -2.35619 0 0 0.617675
0.497354 -0.344915 0.099999 3.14159 0 -2.35619 0 0 0.615562
0.497182 -0.34468 0.099999 3.14159 0 -2.35619 0 0 0.613448
0.497011 -0.344445 0.099999 3.14159 0 -2.35619 0 0 0.611335
0.496839 -0.34421 0.099999 3.14159 0 -2.35619 0 0 0.609221
0.496668 -0.343974 0.099999 3.14159 0 -2.35619 0 0 0.607107
0.496496 -0.343739 0.099999 3.14159 0 -2.35619 0 0 0.604994
0.496325 -0.343504 0.099999 3.14159 0 -2.35619 0 0 0.60288
0.496153 -0.343269 0.099999 3.14159 0 -2.35619 0 0 0.600767
0.495982 -0.343035 0.099999 3.14159 0 -2.35619 0 0 0.598639
0.495816 -0.342829 0.099999 3.14159 0 -2.35619 0 0 0.596183
0.49565 -0.342623 0.099999 3.14159 0 -2.35619 0 0 0.593727
0.495484 -0.342416 0.099999 3.14159 0 -2.35619 0 0 0.591271
0.495318 -0.34221 0.099999 3.14159 0 -2.35619 0 0 0.588815
0.495153 -0.342003 0.099999 3.14159 0 -2.35619 0 0 0.586359
0.494987 -0.341797 0.099999 3.14159 0 -2.35619 0 0 0.583903
0.494821 -0.34159 0.099999 3.14159 0 -2.35619 0 0 0.581447
0.494655 -0.341384 0.099999 3.14159 0 -2.35619 0 0 0.578991
0.494489 -0.341177 0.099999 3.14159 0 -2.35619 0 0 0.576535
0.494323 -0.340971 0.099999 3.14159 0 -2.35619 0 0 0.574079
0.494158 -0.340765 0.099999 3.14159 0 -2.35619 0 0 0.571623
0.493992 -0.340558 0.099999 3.14159 0 -2.35619 0 0 0.569167
0.493826 -0.340352 0.099999 3.14159 0 -2.35619 0 0 0.566711
0.49366 -0.340145 0.099999 3.14159 0 -2.35619 0 0 0.564255
0.493494 -0.339939 0.099999 3.14159 0 -2.35619 0 0 0.561799
0.493328 -0.339732 0.099999 3.14159 0 -2.35619 0 0 0.559343
0.493168 -0.33954 0.099999 3.14159 0 -2.35619 0 0 0.556418
0.493013 -0.339364 0.099999 3.14159 0 -2.35619 0 0 0.552962
0.492858 -0.339189 0.099999 3.14159 0 -2.35619 0 0 0.549505
0.492703 -0.339013 0.099999 3.14159 0 -2.35619 0 0 0.546049
0.492548 -0.338837 0.099999 3.14159 0 -2.35619 0 0 0.542592
0.492393 -0.338661 0.099999 3.14159 0 -2.35619 0 0 0.539136
0.492238 -0.338485 0.099999 3.14159 0 -2.35619 0 0 0.535679
0.492083 -0.338309 0.099999 3.14159 0 -2.35619 0 0 0.532222
0.491929 -0.338134 0.099999 3.14159 0 -2.35619 0 0 0.528766
0.491774 -0.337958 0.099999 3.14159 0 -2.35619 0 0 0.525309
0.491619 -0.337782 0.099999 3.14159 0 -2.35619 0 0 0.521853
0.491464 -0.337606 0.099999 3.14159 0 -2.35619 0 0 0.518396
0.491309 -0.33743 0.099999 3.14159 0 -2.35619 0 0 0.514939
0.491154 -0.337254 0.099999 3.14159 0 -2.35619 0 0 0.511483
0.490999 -0.337079 0.099999 3.14159 0 -2.35619 0 0 0.508026
0.490845 -0.336903 0.099999 3.14159 0 -2.35619 0 0 0.50457
0.49069 -0.336727 0.099999 3.14159 0 -2.35619 0 0 0.501113
0.490535 -0.336551 0.099999 3.14159 0 -2.35619 0 0 0.497656
0.49038 -0.336375 0.099999 3.14159 0 -2.35619 0 0 0.4942
0.490225 -0.3362 0.099999 3.14159 0 -2.35619 0 0 0.490743
0.49007 -0.336024 0.099999 3.14159 0 -2.35619 0 0 0.487287
0.489915 -0.335848 0.099999 3.14159 0 -2.35619 0 0 0.48383
0.489765 -0.335684 0.099999 3.14159 0 -2.35619 0 0 0.480096
0.489622 -0.335539 0.099999 3.14159 0 -2.35619 0 0 0.475893
0.489479 -0.335395 0.099999 3.14159 0 -2.35619 0 0 0.47169
0.489336 -0.33525 0.099999 3.14159 0 -2.35619 0 0 0.467487
0.489193 -0.335106 0.099999 3.14159 0 -2.35619 0 0 0.463284
0.48905 -0.334962 0.099999 3.14159 0 -2.35619 0 0 0.459081
0.488907 -0.334817 0.099999 3.14159 0 -2.35619 0 0 0.454878
0.488765 -0.334673 0.099999 3.14159 0 -2.35619 0 0 0.450675
0.488622 -0.334528 0.099999 3.14159 0 -2.35619 0 0 0.446472
0.488479 -0.334384 0.099999 3.14159 0 -2.35619 0 0 0.442269
0.488336 -0.33424 0.099999 3.14159 0 -2.35619 0 0 0.438066
0.488193 -0.334095 0.099999 3.14159 0 -2.35619 0 0 0.433863
0.48805 -0.333951 0.099999 3.14159 0 -2.35619 0 0 0.42966
0.487907 -0.333806 0.099999 3.14159 0 -2.35619 0 0 0.425457
0.487764 -0.333662 0.099999 3.14159 0 -2.35619 0 0 0.421254
0.487621 -0.333517 0.099999 3.14159 0 -2.35619 0 0 0.417051
0.487478 -0.333373 0.099999 3.14159 0 -2.35619 0 0 0.412848
0.487346 -0.333254 0.099999 3.14159 0 -2.35619 0 0 0.408799
0.487216 -0.333142 0.099999 3.14159 0 -2.35619 0 0 0.404788
0.487087 -0.333029 0.099999 3.14159 0 -2.35619 0 0 0.400778
0.486957 -0.332917 0.099999 3.14159 0 -2.35619 0 0 0.396768
0.486828 -0.332805 0.099999 3.14159 0 -2.35619 0 0 0.392758
0.486698 -0.332692 0.099999 3.14159 0 -2.35619 0 0 0.388747
0.486568 -0.33258 0.099999 3.14159 0 -2.35619 0 0 0.384737
0.486439 -0.332467 0.099999 3.14159 0 -2.35619 0 0 0.380727
0.486309 -0.332355 0.099999 3.14159 0 -2.35619 0 0 0.376717
0.486179 -0.332243 0.099999 3.14159 0 -2.35619 0 0 0.372706
0.48605 -0.33213 0.099999 3.14159 0 -2.35619 0 0 0.368696
0.48592 -0.332018 0.099999 3.14159 0 -2.35619 0 0 0.364686
0.485791 -0.331906 0.099999 3.14159 0 -2.35619 0 0 0.360676
0.485661 -0.331793 0.099999 3.14159 0 -2.35619 0 0 0.356665
0.485531 -0.331681 0.099999 3.14159 0 -2.35619 0 0 0.352655
0.485402 -0.331568 0.099999 3.14159 0 -2.35619 0 0 0.348645
0.485276 -0.331463 0.099999 3.14159 0 -2.35619 0 0 0.344756
0.485164 -0.331383 0.099999 3.14159 0 -2.35619 0 0 0.341281
0.485051 -0.331303 0.099999 3.14159 0 -2.35619 0 0 0.337807
0.484939 -0.331223 0.099999 3.14159 0 -2.35619 0 0 0.334333
0.484826 -0.331143 0.099999 3.14159 0 -2.35619 0 0 0.330859
0.484714 -0.331063 0.099999 3.14159 0 -2.35619 0 0 0.327385
0.484602 -0.330983 0.099999 3.14159 0 -2.35619 0 0 0.323911
0.484489 -0.330903 0.099999 3.14159 0 -2.35619 0 0 0.320437
0.484377 -0.330823 0.099999 3.14159 0 -2.35619 0 0 0.316963
0.484264 -0.330743 0.099999 3.14159 0 -2.35619 0 0 0.313489
0.484152 -0.330663 0.099999 3.14159 0 -2.35619 0 0 0.310015
0.484039 -0.330583 0.099999 3.14159 0 -2.35619 0 0 0.306541
0.483927 -0.330503 0.099999 3.14159 0 -2.35619 0 0 0.303067
0.483815 -0.330423 0.099999 3.14159 0 -2.35619 0 0 0.299593
0.483702 -0.330342 0.099999 3.14159 0 -2.35619 0 0 0.296119
0.48359 -0.330262 0.099999 3.14159 0 -2.35619 0 0 0.292645
0.483477 -0.330182 0.099999 3.14159 0 -2.35619 0 0 0.289171
0.483365 -0.330102 0.099999 3.14159 0 -2.35619 0 0 0.285697
0.483252 -0.330022 0.099999 3.14159 0 -2.35619 0 0 0.282223
0.48314 -0.329942 0.099999 3.14159 0 -2.35619 0 0 0.278749
0.483028 -0.329862 0.099999 3.14159 0 -2.35619 0 0 0.275275
0.482915 -0.329782 0.099999 3.14159 0 -2.35619 0 0 0.271801
0.482805 -0.329706 0.099999 3.14159 0 -2.35619 0 0 0.268356
0.482714 -0.329657 0.099999 3.14159 0 -2.35619 0 0 0.265111
0.482622 -0.329608 0.099999 3.14159 0 -2.35619 0 0 0.261866
0.482531 -0.32956 0.099999 3.14159 0 -2.35619 0 0 0.25862
0.482439 -0.329511 0.099999 3.14159 0 -2.35619 0 0 0.255375
0.482348 -0.329462 0.099999 3.14159 0 -2.35619 0 0 0.25213
0.482256 -0.329413 0.099999 3.14159 0 -2.35619 0 0 0.248884
0.482164 -0.329364 0.099999 3.14159 0 -2.35619 0 0 0.245639
0.482073 -0.329316 0.099999 3.14159 0 -2.35619 0 0 0.242394
0.481981 -0.329267 0.099999 3.14159 0 -2.35619 0 0 0.239149
0.48189 -0.329218 0.099999 3.14159 0 -2.35619 0 0 0.235903
0.481798 -0.329169 0.099999 3.14159 0 -2.35619 0 0 0.232658
0.481706 -0.32912 0.099999 3.14159 0 -2.35619 0 0 0.229413
0.481615 -0.329072 0.099999 3.14159 0 -2.35619 0 0 0.226167
0.481523 -0.329023 0.099999 3.14159 0 -2.35619 0 0 0.222922
0.481432 -0.328974 0.099999 3.14159 0 -2.35619 0 0 0.219677
0.48134 -0.328925 0.099999 3.14159 0 -2.35619 0 0 0.216432
0.481263 -0.328894 0.099999 3.14159 0 -2.35619 0 0 0.213269
0.481197 -0.328878 0.099999 3.14159 0 -2.35619 0 0 0.210173
0.481131 -0.328861 0.099999 3.14159 0 -2.35619 0 0 0.207076
0.481065 -0.328845 0.099999 3.14159 0 -2.35619 0 0 0.20398
0.480999 -0.328828 0.099999 3.14159 0 -2.35619 0 0 0.200884
0.480933 -0.328811 0.099999 3.14159 0 -2.35619 0 0 0.197787
0.480867 -0.328795 0.099999 3.14159 0 -2.35619 0 0 0.194691
0.480801 -0.328778 0.099999 3.14159 0 -2.35619 0 0 0.191595
0.480735 -0.328762 0.099999 3.14159 0 -2.35619 0 0 0.188498
0.480669 -0.328745 0.099999 3.14159 0 -2.35619 0 0 0.185402
0.480603 -0.328729 0.099999 3.14159 0 -2.35619 0 0 0.182306
0.480538 -0.328712 0.099999 3.14159 0 -2.35619 0 0 0.179209
0.480472 -0.328695 0.099999 3.14159 0 -2.35619 0 0 0.176113
0.480406 -0.328679 0.099999 3.14159 0 -2.35619 0 0 0.173017
0.48034 -0.328662 0.099999 3.14159 0 -2.35619 0 0 0.16992
0.480274 -0.328646 0.099999 3.14159 0 -2.35619 0 0 0.166824
0.480208 -0.328629 0.099999 3.14159 0 -2.35619 0 0 0.163728
0.48017 -0.328645 0.099999 3.14159 0 -2.35619 0 0 0.160686
0.480133 -0.328661 0.099999 3.14159 0 -2.35619 0 0 0.157645
0.480096 -0.328678 0.099999 3.14159 0 -2.35619 0 0 0.154605
0.480059 -0.328694 0.099999 3.14159 0 -2.35619 0 0 0.151564
0.480022 -0.32871 0.099999 3.14159 0 -2.35619 0 0 0.148523
0.479985 -0.328727 0.099999 3.14159 0 -2.35619 0 0 0.145483
0.479948 -0.328743 0.099999 3.14159 0 -2.35619 0 0 0.142442
0.47991 -0.328759 0.099999 3.14159 0 -2.35619 0 0 0.139401
0.479873 -0.328775 0.099999 3.14159 0 -2.35619 0 0 0.136361
0.479836 -0.328792 0.099999 3.14159 0 -2.35619 0 0 0.13332
0.479799 -0.328808 0.099999 3.14159 0 -2.35619 0 0 0.130279
0.479762 -0.328824 0.099999 3.14159 0 -2.35619 0 0 0.127239
0.479725 -0.328841 0.099999 3.14159 0 -2.35619 0 0 0.124198
0.479688 -0.328857 0.099999 3.14159 0 -2.35619 0 0 0.121157
0.479651 -0.328873 0.099999 3.14159 0 -2.35619 0 0 0.118117
0.479614 -0.32889 0.099999 3.14159 0 -2.35619 0 0 0.115076
0.479576 -0.328906 0.099999 3.14159 0 -2.35619 0 0 0.112036
0.479539 -0.328922 0.099999 3.14159 0 -2.35619 0 0 0.108995
0.479502 -0.328939 0.099999 3.14159 0 -2.35619 0 0 0.105954
0.479465 -0.328955 0.099999 3.14159 0 -2.35619 0 0 0.102914
0.479428 -0.328971 0.099999 3.14159 0 -2.35619 0 0 0.099873
0.479391 -0.328988 0.099999 3.14159 0 -2.35619 0 0 0.096832
0.479384 -0.329035 0.099999 3.14159 0 -2.35619 0 0 0.094078
0.479381 -0.329087 0.099999 3.14159 0 -2.35619 0 0 0.09136
0.479379 -0.329139 0.099999 3.14159 0 -2.35619 0 0 0.088643
0.479376 -0.329191 0.099999 3.14159 0 -2.35619 0 0 0.085926
0.479373 -0.329243 0.099999 3.14159 0 -2.35619 0 0 0.083208
0.47937 -0.329295 0.099999 3.14159 0 -2.35619 0 0 0.080491
0.479367 -0.329347 0.099999 3.14159 0 -2.35619 0 0 0.077774
0.479364 -0.3294 0.099999 3.14159 0 -2.35619 0 0 0.075056
0.479362 -0.329452 0.099999 3.14159 0 -2.35619 0 0 0.072339
0.479359 -0.329504 0.099999 3.14159 0 -2.35619 0 0 0.069622
0.479356 -0.329556 0.099999 3.14159 0 -2.35619 0 0 0.066904
0.479353 -0.329608 0.099999 3.14159 0 -2.35619 0 0 0.064187
0.47935 -0.32966 0.099999 3.14159 0 -2.35619 0 0 0.06147
0.479348 -0.329712 0.099999 3.14159 0 -2.35619 0 0 0.058752
0.479345 -0.329764 0.099999 3.14159 0 -2.35619 0 0 0.056035
0.479342 -0.329816 0.099999 3.14159 0 -2.35619 0 0 0.053318
0.479351 -0.329878 0.099999 3.14159 0 -2.35619 0 0 0.050651
0.479388 -0.329965 0.099999 3.14159 0 -2.35619 0 0 0.048096
0.479425 -0.330052 0.099999 3.14159 0 -2.35619 0 0 0.045541
0.479461 -0.330139 0.099999 3.14159 0 -2.35619 0 0 0.042986
0.479498 -0.330226 0.099999 3.14159 0 -2.35619 0 0 0.040431
0.479534 -0.330313 0.099999 3.14159 0 -2.35619 0 0 0.037876
0.479571 -0.3304 0.099999 3.14159 0 -2.35619 0 0 0.035322
0.479607 -0.330487 0.099999 3.14159 0 -2.35619 0 0 0.032767
0.479644 -0.330574 0.099999 3.14159 0 -2.35619 0 0 0.030212
0.47968 -0.33066 0.099999 3.14159 0 -2.35619 0 0 0.027657
0.479717 -0.330747 0.099999 3.14159 0 -2.35619 0 0 0.025102
0.479753 -0.330834 0.099999 3.14159 0 -2.35619 0 0 0.022547
0.47979 -0.330921 0.099999 3.14159 0 -2.35619 0 0 0.019992
0.479826 -0.331008 0.099999 3.14159 0 -2.35619 0 0 0.017437
0.479863 -0.331095 0.099999 3.14159 0 -2.35619 0 0 0.014882
0.4799 -0.331182 0.099999 3.14159 0 -2.35619 0 0 0.012327
0.479936 -0.331269 0.099999 3.14159 0 -2.35619 0 0 0.009772
0.48 -0.331382 0.099999 3.14159 0 -2.35619 0 0 0.006755
0.480074 -0.331504 0.099999 3.14159 0 -2.35619 0 0 0.003575
0.480147 -0.331626 0.099999 3.14159 0 -2.35619 0 0 0.000394
0.480221 -0.331748 0.099999 3.14159 0 -2.35619 0 0 -0.002786
0.480295 -0.331871 0.099999 3.14159 0 -2.35619 0 0 -0.005966
0.480368 -0.331993 0.099999 3.14159 0 -2.35619 0 0 -0.009147
0.480442 -0.332115 0.099999 3.14159 0 -2.35619 0 0 -0.012327
0.480515 -0.332237 0.099999 3.14159 0 -2.35619 0 0 -0.015507
0.480589 -0.33236 0.099999 3.14159 0 -2.35619 0 0 -0.018688
0.480663 -0.332482 0.099999 3.14159 0 -2.35619 0 0 -0.021868
0.480736 -0.332604 0.099999 3.14159 0 -2.35619 0 0 -0.025048
0.48081 -0.332726 0.099999 3.14159 0 -2.35619 0 0 -0.028229
0.480884 -0.332849 0.099999 3.14159 0 -2.35619 0 0 -0.031409
0.480957 -0.332971 0.099999 3.14159 0 -2.35619 0 0 -0.03459
0.481031 -0.333093 0.099999 3.14159 0 -2.35619 0 0 -0.03777
0.481105 -0.333215 0.099999 3.14159 0 -2.35619 0 0 -0.04095
0.481178 -0.333338 0.099999 3.14159 0 -2.35619 0 0 -0.044131
0.481252 -0.33346 0.099999 3.14159 0 -2.35619 0 0 -0.047311
0.481325 -0.333582 0.099999 3.14159 0 -2.35619 0 0 -0.050491
0.481399 -0.333704 0.099999 3.14159 0 -2.35619 0 0 -0.053672
0.481473 -0.333827 0.099999 3.14159 0 -2.35619 0 0 -0.056852
0.481546 -0.333949 0.099999 3.14159 0 -2.35619 0 0 -0.060032
0.481643 -0.334093 0.099999 3.14159 0 -2.35619 0 0 -0.063343
0.481752 -0.33425 0.099999 3.14159 0 -2.35619 0 0 -0.066726
0.481862 -0.334407 0.099999 3.14159 0 -2.35619 0 0 -0.07011
0.481971 -0.334564 0.099999 3.14159 0 -2.35619 0 0 -0.073493
0.482081 -0.334721 0.099999 3.14159 0 -2.35619 0 0 -0.076876
0.48219 -0.334877 0.099999 3.14159 0 -2.35619 0 0 -0.08026
0.4823 -0.335034 0.099999 3.14159 0 -2.35619 0 0 -0.083643
0.482409 -0.335191 0.099999 3.14159 0 -2.35619 0 0 -0.087026
0.482518 -0.335348 0.099999 3.14159 0 -2.35619 0 0 -0.09041
0.482628 -0.335505 0.099999 3.14159 0 -2.35619 0 0 -0.093793
0.482737 -0.335662 0.099999 3.14159 0 -2.35619 0 0 -0.097176
0.482847 -0.335818 0.099999 3.14159 0 -2.35619 0 0 -0.10056
0.482956 -0.335975 0.099999 3.14159 0 -2.35619 0 0 -0.103943
0.483066 -0.336132 0.099999 3.14159 0 -2.35619 0 0 -0.107326
0.483175 -0.336289 0.099999 3.14159 0 -2.35619 0 0 -0.11071
0.483284 -0.336446 0.099999 3.14159 0 -2.35619 0 0 -0.114093
0.483396 -0.336605 0.099999 3.14159 0 -2.35619 0 0 -0.117451
0.483543 -0.336795 0.099999 3.14159 0 -2.35619 0 0 -0.120469
0.483689 -0.336986 0.099999 3.14159 0 -2.35619 0 0 -0.123486
0.483836 -0.337177 0.099999 3.14159 0 -2.35619 0 0 -0.126504
0.483982 -0.337367 0.099999 3.14159 0 -2.35619 0 0 -0.129521
0.484129 -0.337558 0.099999 3.14159 0 -2.35619 0 0 -0.132539
0.484275 -0.337748 0.099999 3.14159 0 -2.35619 0 0 -0.135556
0.484422 -0.337939 0.099999 3.14159 0 -2.35619 0 0 -0.138574
0.484568 -0.338129 0.099999 3.14159 0 -2.35619 0 0 -0.141591
0.484715 -0.33832 0.099999 3.14159 0 -2.35619 0 0 -0.144609
0.484861 -0.338511 0.099999 3.14159 0 -2.35619 0 0 -0.147626
0.485008 -0.338701 0.099999 3.14159 0 -2.35619 0 0 -0.150644
0.485154 -0.338892 0.099999 3.14159 0 -2.35619 0 0 -0.153661
0.4853 -0.339082 0.099999 3.14159 0 -2.35619 0 0 -0.156679
0.485447 -0.339273 0.099999 3.14159 0 -2.35619 0 0 -0.159696
0.485593 -0.339464 0.099999 3.14159 0 -2.35619 0 0 -0.162714
0.48574 -0.339654 0.099999 3.14159 0 -2.35619 0 0 -0.165731
0.485904 -0.339861 0.099999 3.14159 0 -2.35619 0 0 -0.168718
0.486086 -0.340084 0.099999 3.14159 0 -2.35619 0 0 -0.171675
0.486267 -0.340307 0.099999 3.14159 0 -2.35619 0 0 -0.174631
0.486449 -0.34053 0.099999 3.14159 0 -2.35619 0 0 -0.177587
0.486631 -0.340753 0.099999 3.14159 0 -2.35619 0 0 -0.180544
0.486813 -0.340975 0.099999 3.14159 0 -2.35619 0 0 -0.1835
0.486995 -0.341198 0.099999 3.14159 0 -2.35619 0 0 -0.186456
0.487176 -0.341421 0.099999 3.14159 0 -2.35619 0 0 -0.189413
0.487358 -0.341644 0.099999 3.14159 0 -2.35619 0 0 -0.192369
0.48754 -0.341867 0.099999 3.14159 0 -2.35619 0 0 -0.195325
0.487722 -0.34209 0.099999 3.14159 0 -2.35619 0 0 -0.198282
0.487903 -0.342313 0.099999 3.14159 0 -2.35619 0 0 -0.201238
0.488085 -0.342536 0.099999 3.14159 0 -2.35619 0 0 -0.204194
0.488267 -0.342759 0.099999 3.14159 0 -2.35619 0 0 -0.20715
0.488449 -0.342982 0.099999 3.14159 0 -2.35619 0 0 -0.210107
0.488631 -0.343205 0.099999 3.14159 0 -2.35619 0 0 -0.213063
0.488812 -0.343428 0.099999 3.14159 0 -2.35619 0 0 -0.216019
0.488994 -0.343651 0.099999 3.14159 0 -2.35619 0 0 -0.218976
0.489176 -0.343874 0.099999 3.14159 0 -2.35619 0 0 -0.221932
0.489358 -0.344096 0.099999 3.14159 0 -2.35619 0 0 -0.224888
0.489539 -0.344319 0.099999 3.14159 0 -2.35619 0 0 -0.227845
0.489721 -0.344542 0.099999 3.14159 0 -2.35619 0 0 -0.230801
0.489914 -0.344778 0.099999 3.14159 0 -2.35619 0 0 -0.233268
0.490124 -0.345033 0.099999 3.14159 0 -2.35619 0 0 -0.234996
0.490333 -0.345287 0.099999 3.14159 0 -2.35619 0 0 -0.236725
0.490542 -0.345542 0.099999 3.14159 0 -2.35619 0 0 -0.238453
0.490752 -0.345797 0.099999 3.14159 0 -2.35619 0 0 -0.240182
0.490961 -0.346051 0.099999 3.14159 0 -2.35619 0 0 -0.24191
0.491171 -0.346306 0.099999 3.14159 0 -2.35619 0 0 -0.243639
0.49138 -0.346561 0.099999 3.14159 0 -2.35619 0 0 -0.245367
0.49159 -0.346815 0.099999 3.14159 0 -2.35619 0 0 -0.247096
0.491799 -0.34707 0.099999 3.14159 0 -2.35619 0 0 -0.248824
0.492009 -0.347325 0.099999 3.14159 0 -2.35619 0 0 -0.250553
0.492218 -0.34758 0.099999 3.14159 0 -2.35619 0 0 -0.252281
0.492428 -0.347834 0.099999 3.14159 0 -2.35619 0 0 -0.25401
0.492637 -0.348089 0.099999 3.14159 0 -2.35619 0 0 -0.255738
0.492847 -0.348344 0.099999 3.14159 0 -2.35619 0 0 -0.257467
0.493056 -0.348598 0.099999 3.14159 0 -2.35619 0 0 -0.259195
0.493265 -0.348853 0.099999 3.14159 0 -2.35619 0 0 -0.260924
0.493497 -0.349132 0.099999 3.14159 0 -2.35619 0 0 -0.262186
0.493734 -0.349415 0.099999 3.14159 0 -2.35619 0 0 -0.26335
0.493971 -0.349699 0.099999 3.14159 0 -2.35619 0 0 -0.264514
0.494208 -0.349983 0.099999 3.14159 0 -2.35619 0 0 -0.265679
0.494445 -0.350267 0.099999 3.14159 0 -2.35619 0 0 -0.266843
0.494681 -0.350551 0.099999 3.14159 0 -2.35619 0 0 -0.268007
0.494918 -0.350834 0.099999 3.14159 0 -2.35619 0 0 -0.269171
0.495155 -0.351118 0.099999 3.14159 0 -2.35619 0 0 -0.270336
0.495392 -0.351402 0.099999 3.14159 0 -2.35619 0 0 -0.2715
0.495629 -0.351686 0.099999 3.14159 0 -2.35619 0 0 -0.272664
0.495865 -0.351969 0.099999 3.14159 0 -2.35619 0 0 -0.273828
0.496102 -0.352253 0.099999 3.14159 0 -2.35619 0 0 -0.274992
0.496339 -0.352537 0.099999 3.14159 0 -2.35619 0 0 -0.276157
0.496576 -0.352821 0.099999 3.14159 0 -2.35619 0 0 -0.277321
0.496813 -0.353105 0.099999 3.14159 0 -2.35619 0 0 -0.278485
0.497049 -0.353388 0.099999 3.14159 0 -2.35619 0 0 -0.279649
0.497292 -0.353679 0.099999 3.14159 0 -2.35619 0 0 -0.280629
0.497553 -0.353989 0.099999 3.14159 0 -2.35619 0 0 -0.281063
0.497814 -0.354298 0.099999 3.14159 0 -2.35619 0 0 -0.281498
0.498075 -0.354608 0.099999 3.14159 0 -2.35619 0 0 -0.281933
0.498336 -0.354918 0.099999 3.14159 0 -2.35619 0 0 -0.282367
0.498597 -0.355228 0.099999 3.14159 0 -2.35619 0 0 -0.282802
0.498858 -0.355538 0.099999 3.14159 0 -2.35619 0 0 -0.283236
0.499119 -0.355848 0.099999 3.14159 0 -2.35619 0 0 -0.283671
0.49938 -0.356157 0.099999 3.14159 0 -2.35619 0 0 -0.284105
0.499641 -0.356467 0.099999 3.14159 0 -2.35619 0 0 -0.28454
0.499902 -0.356777 0.099999 3.14159 0 -2.35619 0 0 -0.284974
0.500163 -0.357087 0.099999 3.14159 0 -2.35619 0 0 -0.285409
0.500424 -0.357397 0.099999 3.14159 0 -2.35619 0 0 -0.285843
0.500685 -0.357707 0.099999 3.14159 0 -2.35619 0 0 -0.286278
0.500946 -0.358017 0.099999 3.14159 0 -2.35619 0 0 -0.286712
0.501207 -0.358326 0.099999 3.14159 0 -2.35619 0 0 -0.287147
0.501468 -0.358636 0.099999 3.14159 0 -2.35619 0 0 -0.287581
0.501729 -0.358946 0.099999 3.14159 0 -2.35619 0 0 -0.288016
0.50199 -0.359256 0.099999 3.14159 0 -2.35619 0 0 -0.28845
0.502251 -0.359566 0.099999 3.14159 0 -2.35619 0 0 -0.288885
0.502512 -0.359876 0.099999 3.14159 0 -2.35619 0 0 -0.28932
0.502773 -0.360185 0.099999 3.14159 0 -2.35619 0 0 -0.289754
0.503037 -0.360499 0.099999 3.14159 0 -2.35619 0 0 -0.290116
0.503316 -0.360833 0.099999 3.14159 0 -2.35619 0 0 -0.290085
0.503596 -0.361167 0.099999 3.14159 0 -2.35619 0 0 -0.290053
0.503875 -0.3615 0.099999 3.14159 0 -2.35619 0 0 -0.290022
0.504155 -0.361834 0.099999 3.14159 0 -2.35619 0 0 -0.289991
0.504434 -0.362168 0.099999 3.14159 0 -2.35619 0 0 -0.289959
0.504714 -0.362501 0.099999 3.14159 0 -2.35619 0 0 -0.289928
0.504993 -0.362835 0.099999 3.14159 0 -2.35619 0 0 -0.289896
0.505273 -0.363169 0.099999 3.14159 0 -2.35619 0 0 -0.289865
0.505552 -0.363503 0.099999 3.14159 0 -2.35619 0 0 -0.289834
0.505832 -0.363836 0.099999 3.14159 0 -2.35619 0 0 -0.289802
0.506112 -0.36417 0.099999 3.14159 0 -2.35619 0 0 -0.289771
0.506391 -0.364504 0.099999 3.14159 0 -2.35619 0 0 -0.28974
0.506671 -0.364838 0.099999 3.14159 0 -2.35619 0 0 -0.289708
0.50695 -0.365171 0.099999 3.14159 0 -2.35619 0 0 -0.289677
0.50723 -0.365505 0.099999 3.14159 0 -2.35619 0 0 -0.289645
0.507509 -0.365839 0.099999 3.14159 0 -2.35619 0 0 -0.289614
0.507797 -0.366184 0.099999 3.14159 0 -2.35619 0 0 -0.28968
0.508091 -0.366538 0.099999 3.14159 0 -2.35619 0 0 -0.289815
0.508385 -0.366892 0.099999 3.14159 0 -2.35619 0 0 -0.28995
0.508679 -0.367246 0.099999 3.14159 0 -2.35619 0 0 -0.290084
0.508972 -0.367599 0.099999 3.14159 0 -2.35619 0 0 -0.290219
0.509266 -0.367953 0.099999 3.14159 0 -2.35619 0 0 -0.290354
0.50956 -0.368307 0.099999 3.14159 0 -2.35619 0 0 -0.290489
0.509854 -0.368661 0.099999 3.14159 0 -2.35619 0 0 -0.290624
0.510148 -0.369015 0.099999 3.14159 0 -2.35619 0 0 -0.290759
0.510442 -0.369369 0.099999 3.14159 0 -2.35619 0 0 -0.290894
0.510736 -0.369722 0.099999 3.14159 0 -2.35619 0 0 -0.291029
0.511029 -0.370076 0.099999 3.14159 0 -2.35619 0 0 -0.291164
0.511323 -0.37043 0.099999 3.14159 0 -2.35619 0 0 -0.291299
0.511617 -0.370784 0.099999 3.14159 0 -2.35619 0 0 -0.291434
0.511911 -0.371138 0.099999 3.14159 0 -2.35619 0 0 -0.291569
0.512205 -0.371492 0.099999 3.14159 0 -2.35619 0 0 -0.291704
0.512499 -0.371846 0.099999 3.14159 0 -2.35619 0 0 -0.29184
0.512804 -0.372217 0.099999 3.14159 0 -2.35619 0 0 -0.292098
0.51311 -0.372588 0.099999 3.14159 0 -2.35619 0 0 -0.292357
0.513415 -0.372959 0.099999 3.14159 0 -2.35619 0 0 -0.292615
0.513721 -0.373331 0.099999 3.14159 0 -2.35619 0 0 -0.292874
0.514026 -0.373702 0.099999 3.14159 0 -2.35619 0 0 -0.293132
0.514331 -0.374073 0.099999 3.14159 0 -2.35619 0 0 -0.293391
0.514637 -0.374444 0.099999 3.14159 0 -2.35619 0 0 -0.29365
0.514942 -0.374816 0.099999 3.14159 0 -2.35619 0 0 -0.293908
0.515248 -0.375187 0.099999 3.14159 0 -2.35619 0 0 -0.294167
0.515553 -0.375558 0.099999 3.14159 0 -2.35619 0 0 -0.294425
0.515858 -0.375929 0.099999 3.14159 0 -2.35619 0 0 -0.294684
0.516164 -0.376301 0.099999 3.14159 0 -2.35619 0 0 -0.294942
0.516469 -0.376672 0.099999 3.14159 0 -2.35619 0 0 -0.295201
0.516775 -0.377043 0.099999 3.14159 0 -2.35619 0 0 -0.295459
0.51708 -0.377414 0.099999 3.14159 0 -2.35619 0 0 -0.295718
0.517386 -0.377786 0.099999 3.14159 0 -2.35619 0 0 -0.295976
0.517691 -0.378157 0.099999 3.14159 0 -2.35619 0 0 -0.296235
0.517996 -0.378528 0.099999 3.14159 0 -2.35619 0 0 -0.296493
0.518302 -0.378899 0.099999 3.14159 0 -2.35619 0 0 -0.296752
0.518607 -0.379271 0.099999 3.14159 0 -2.35619 0 0 -0.29701
0.518913 -0.379642 0.099999 3.14159 0 -2.35619 0 0 -0.297269
0.519218 -0.380013 0.099999 3.14159 0 -2.35619 0 0 -0.297527
0.519533 -0.380396 0.099999 3.14159 0 -2.35619 0 0 -0.298207
0.519849 -0.38078 0.099999 3.14159 0 -2.35619 0 0 -0.298927
0.520164 -0.381164 0.099999 3.14159 0 -2.35619 0 0 -0.299647
0.52048 -0.381548 0.099999 3.14159 0 -2.35619 0 0 -0.300367
0.520796 -0.381932 0.099999 3.14159 0 -2.35619 0 0 -0.301087
0.521111 -0.382316 0.099999 3.14159 0 -2.35619 0 0 -0.301807
0.521427 -0.3827 0.099999 3.14159 0 -2.35619 0 0 -0.302527
0.521743 -0.383084 0.099999 3.14159 0 -2.35619 0 0 -0.303247
0.522058 -0.383468 0.099999 3.14159 0 -2.35619 0 0 -0.303968
0.522374 -0.383852 0.099999 3.14159 0 -2.35619 0 0 -0.304688
0.52269 -0.384236 0.099999 3.14159 0 -2.35619 0 0 -0.305408
0.523005 -0.38462 0.099999 3.14159 0 -2.35619 0 0 -0.306128
0.523321 -0.385005 0.099999 3.14159 0 -2.35619 0 0 -0.306848
0.523637 -0.385389 0.099999 3.14159 0 -2.35619 0 0 -0.307568
0.523952 -0.385773 0.099999 3.14159 0 -2.35619 0 0 -0.308288
0.524268 -0.386157 0.099999 3.14159 0 -2.35619 0 0 -0.309008
0.524586 -0.386544 0.099999 3.14159 0 -2.35619 0 0 -0.309753
0.524909 -0.386937 0.099999 3.14159 0 -2.35619 0 0 -0.310547
0.525232 -0.38733 0.099999 3.14159 0 -2.35619 0 0 -0.311341
0.525555 -0.387723 0.099999 3.14159 0 -2.35619 0 0 -0.312134
0.525877 -0.388116 0.099999 3.14159 0 -2.35619 0 0 -0.312928
0.5262 -0.38851 0.099999 3.14159 0 -2.35619 0 0 -0.313722
0.526523 -0.388903 0.099999 3.14159 0 -2.35619 0 0 -0.314516
0.526846 -0.389296 0.099999 3.14159 0 -2.35619 0 0 -0.315309
0.527169 -0.389689 0.099999 3.14159 0 -2.35619 0 0 -0.316103
0.527491 -0.390082 0.099999 3.14159 0 -2.35619 0 0 -0.316897
0.527814 -0.390475 0.099999 3.14159 0 -2.35619 0 0 -0.317691
0.528137 -0.390869 0.099999 3.14159 0 -2.35619 0 0 -0.318484
0.52846 -0.391262 0.099999 3.14159 0 -2.35619 0 0 -0.319278
0.528783 -0.391655 0.099999 3.14159 0 -2.35619 0 0 -0.320072
0.529105 -0.392048 0.099999 3.14159 0 -2.35619 0 0 -0.320866
0.529428 -0.392441 0.099999 3.14159 0 -2.35619 0 0 -0.321659
0.529751 -0.392834 0.099999 3.14159 0 -2.35619 0 0 -0.322453
0.530076 -0.39323 0.099999 3.14159 0 -2.35619 0 0 -0.322801
0.530401 -0.393627 0.099999 3.14159 0 -2.35619 0 0 -0.323012
0.530726 -0.394024 0.099999 3.14159 0 -2.35619 0 0 -0.323224
0.531051 -0.394421 0.099999 3.14159 0 -2.35619 0 0 -0.323436
0.531376 -0.394818 0.099999 3.14159 0 -2.35619 0 0 -0.323648
0.531701 -0.395214 0.099999 3.14159 0 -2.35619 0 0 -0.323859
0.532026 -0.395611 0.099999 3.14159 0 -2.35619 0 0 -0.324071
0.532351 -0.396008 0.099999 3.14159 0 -2.35619 0 0 -0.324283
0.532676 -0.396405 0.099999 3.14159 0 -2.35619 0 0 -0.324495
0.533001 -0.396802 0.099999 3.14159 0 -2.35619 0 0 -0.324706
0.533326 -0.397199 0.099999 3.14159 0 -2.35619 0 0 -0.324918
0.533651 -0.397595 0.099999 3.14159 0 -2.35619 0 0 -0.32513
0.533976 -0.397992 0.099999 3.14159 0 -2.35619 0 0 -0.325342
0.534301 -0.398389 0.099999 3.14159 0 -2.35619 0 0 -0.325554
0.534626 -0.398786 0.099999 3.14159 0 -2.35619 0 0 -0.325765
0.534951 -0.399183 0.099999 3.14159 0 -2.35619 0 0 -0.325977
0.535276 -0.399579 0.099999 3.14159 0 -2.35619 0 0 -0.326189
0.535601 -0.399976 0.099999 3.14159 0 -2.35619 0 0 -0.326401
0.535926 -0.400373 0.099999 3.14159 0 -2.35619 0 0 -0.326612
0.536251 -0.40077 0.099999 3.14159 0 -2.35619 0 0 -0.326824
0.536576 -0.401167 0.099999 3.14159 0 -2.35619 0 0 -0.327036
0.536901 -0.401564 0.099999 3.14159 0 -2.35619 0 0 -0.327248
0.537224 -0.40196 0.099999 3.14159 0 -2.35619 0 0 -0.327195
0.537546 -0.402355 0.099999 3.14159 0 -2.35619 0 0 -0.327013
0.537869 -0.402751 0.099999 3.14159 0 -2.35619 0 0 -0.326831
0.538191 -0.403147 0.099999 3.14159 0 -2.35619 0 0 -0.326649
0.538513 -0.403543 0.099999 3.14159 0 -2.35619 0 0 -0.326466
0.538836 -0.403939 0.099999 3.13594 0.00564839 -2.35623 0 0 -0.326284
0.539158 -0.404334 0.099999 3.12831 0.0132744 -2.35637 0 0 -0.326102
0.539481 -0.40473 0.099999 3.12065 0.0209333 -2.35663 0 0 -0.325919
0.539803 -0.405126 0.099999 3.11296 0.0286022 -2.35701 0 0 -0.325737
0.540125 -0.405522 0.099999 3.10524 0.0362775 -2.35751 0 0 -0.325555
0.540448 -0.405918 0.099999 3.09751 0.0439555 -2.35813 0 0 -0.325373
0.54077 -0.406313 0.099999 3.08977 0.0516132 -2.35887 0 0 -0.32519
0.541093 -0.406709 0.099999 3.08199 0.0592857 -2.35973 0 0 -0.325008
0.541415 -0.407105 0.099999 3.07419 0.0669498 -2.36071 0 0 -0.324826
0.541737 -0.407501 0.099999 3.06636 0.0746017 -2.36181 0 0 -0.324643
0.54206 -0.407897 0.099999 3.05851 0.0822378 -2.36304 0 0 -0.324461
0.542382 -0.408292 0.099999 3.05065 0.089835 -2.36438 0 0 -0.324272
0.542698 -0.408685 0.099999 3.04281 0.0973706 -2.36583 0 0 -0.324021
0.543014 -0.409078 0.099999 3.03494 0.10488 -2.3674 0 0 -0.32377
0.543329 -0.40947 0.099999 3.02706 0.112339 -2.36909 0 0 -0.323519
0.543645 -0.409863 0.099999 3.01914 0.119784 -2.3709 0 0 -0.323267
0.543961 -0.410256 0.099999 3.0112 0.127191 -2.37283 0 0 -0.323016
0.544277 -0.410648 0.099999 3.00324 0.134538 -2.37487 0 0 -0.322765
0.544593 -0.411041 0.099999 2.99524 0.14186 -2.37703 0 0 -0.322514
0.544909 -0.411434 0.099999 2.98722 0.149133 -2.37931 0 0 -0.322263
0.545225 -0.411826 0.099999 2.97918 0.156336 -2.3817 0 0 -0.322011
0.545541 -0.412219 0.099999 2.9711 0.163503 -2.38421 0 0 -0.32176
0.545857 -0.412612 0.0998513 2.94872 0.182919 -2.3917 0 0 -0.321509
0.546173 -0.413004 0.0996487 2.91997 0.206859 -2.40244 0 0 -0.321258
0.546489 -0.413397 0.0994455 2.88987 0.230659 -2.41492 0 0 -0.321007
0.546805 -0.41379 0.0992423 2.85841 0.254062 -2.4292 0 0 -0.320756
0.547121 -0.414182 0.0990396 2.82565 0.2768 -2.44529 0 0 -0.320504
0.547437 -0.414575 0.0988364 2.79139 0.298766 -2.46329 0 0 -0.320253
0.547749 -0.414963 0.0986358 2.75619 0.319414 -2.4829 0 0 -0.319438
0.548057 -0.415347 0.0984372 2.72001 0.338612 -2.50408 0 0 -0.318111
0.548366 -0.415731 0.0982387 2.68256 0.356365 -2.52694 0 0 -0.316784
0.548674 -0.416116 0.0980396 2.64382 0.372511 -2.55145 0 0 -0.315457
0.548983 -0.4165 0.0978411 2.60412 0.386779 -2.57733 0 0 -0.314129
0.549291 -0.416884 0.0976425 2.56351 0.399052 -2.60446 0 0 -0.312802
0.5496 -0.417268 0.097444 2.52218 0.409195 -2.63262 0 0 -0.311475
0.549908 -0.417652 0.0972454 2.48035 0.41711 -2.66156 0 0 -0.310148
0.550217 -0.418036 0.0970469 2.43825 0.422736 -2.691 0 0 -0.30882
0.550525 -0.41842 0.0968483 2.39613 0.426052 -2.72067 0 0 -0.307493
0.550834 -0.418804 0.0964022 2.34468 0.426993 -2.75703 0 0 -0.306166
0.551142 -0.419188 0.0952417 2.2636 0.421545 -2.81418 0 0 -0.304839
0.551451 -0.419573 0.0940782 2.17999 0.406905 -2.87217 0 0 -0.303511
0.551759 -0.419957 0.0929178 2.09616 0.382669 -2.92842 0 0 -0.302184
0.552068 -0.420341 0.0917573 2.01374 0.349 -2.98077 0 0 -0.300857
0.552376 -0.420725 0.0905968 1.93429 0.306794 -3.02721 0 0 -0.29953
0.552685 -0.421109 0.0894363 1.85887 0.257565 -3.06626 0 0 -0.298202
0.552993 -0.421493 0.0877399 1.83324 0.238799 -3.07814 0 0 -0.296875
0.553302 -0.421877 0.0857888 1.82985 0.236244 -3.07965 0 0 -0.295548
0.55361 -0.422261 0.0838377 1.82647 0.233675 -3.08114 0 0 -0.294221
0.553919 -0.422646 0.0818816 1.82308 0.231087 -3.08262 0 0 -0.292893
0.554227 -0.42303 0.0800861 1.82425 0.231982 -3.08211 0 0 -0.291566
0.554532 -0.423409 0.078824 1.84037 0.244123 -3.07491 0 0 -0.290026
0.554833 -0.42378 0.0775887 1.85628 0.255714 -3.06749 0 0 -0.2882
0.555133 -0.424152 0.07635 1.87236 0.267027 -3.0597 0 0 -0.286373
0.555433 -0.424524 0.0751112 1.88856 0.278012 -3.05157 0 0 -0.284547
0.555733 -0.424895 0.0739425 1.9068 0.289888 -3.04209 0 0 -0.282721
0.556033 -0.425267 0.0728794 1.92852 0.303341 -3.03039 0 0 -0.280894
0.556333 -0.425639 0.0718163 1.95045 0.316175 -3.01816 0 0 -0.279068
0.556633 -0.42601 0.0707561 1.97253 0.328329 -3.00545 0 0 -0.277242
0.556933 -0.426382 0.0697784 1.99182 0.338331 -2.99404 0 0 -0.275415
0.557234 -0.426754 0.0690061 2.00397 0.344336 -2.98672 0 0 -0.273589
0.557534 -0.427125 0.0682357 2.01615 0.350129 -2.9793 0 0 -0.271763
0.557834 -0.427497 0.0674633 2.02842 0.355736 -2.97172 0 0 -0.269936
0.558134 -0.427869 0.0666909 2.04074 0.361139 -2.96402 0 0 -0.26811
0.558434 -0.42824 0.0659206 2.05308 0.366322 -2.95623 0 0 -0.266284
0.558734 -0.428612 0.0651482 2.06549 0.371308 -2.94831 0 0 -0.264457
0.559034 -0.428984 0.0643758 2.07793 0.376082 -2.9403 0 0 -0.262631
0.559334 -0.429356 0.0636034 2.09041 0.380641 -2.93219 0 0 -0.260805
0.559626 -0.429714 0.0628872 2.10141 0.384475 -2.92498 0 0 -0.258898
0.559917 -0.430071 0.0622711 2.10869 0.386918 -2.92018 0 0 -0.256978
0.560207 -0.430427 0.0616566 2.11596 0.389282 -2.91536 0 0 -0.255058
0.560498 -0.430784 0.0610404 2.12326 0.391581 -2.91051 0 0 -0.253138
0.560788 -0.43114 0.060426 2.13056 0.393801 -2.90564 0 0 -0.251218
0.561079 -0.431497 0.0598098 2.13788 0.395955 -2.90073 0 0 -0.249297
0.561369 -0.431853 0.0591953 2.14518 0.398031 -2.89582 0 0 -0.247377
0.56166 -0.43221 0.0585792 2.15252 0.400039 -2.89087 0 0 -0.245457
0.56195 -0.432566 0.0579647 2.15983 0.401969 -2.88591 0 0 -0.243537
0.56224 -0.432923 0.0573485 2.16718 0.403831 -2.88092 0 0 -0.241617
0.562531 -0.433279 0.0567676 2.17765 0.40636 -2.87377 0 0 -0.239696
0.562821 -0.433635 0.0562057 2.18992 0.409133 -2.86536 0 0 -0.237776
0.563112 -0.433992 0.0556422 2.20224 0.411712 -2.85688 0 0 -0.235856
0.563402 -0.434348 0.0550802 2.21453 0.414081 -2.84839 0 0 -0.233936
0.563693 -0.434705 0.0545167 2.22685 0.416254 -2.83984 0 0 -0.232016
0.563983 -0.435061 0.0539547 2.23912 0.41822 -2.83129 0 0 -0.230095
0.56427 -0.435413 0.0533991 2.25125 0.419966 -2.82283 0 0 -0.228089
0.564549 -0.435752 0.052864 2.26291 0.421463 -2.81466 0 0 -0.22586
0.564827 -0.436091 0.0524289 2.27351 0.422669 -2.80723 0 0 -0.223632
0.565106 -0.43643 0.0520108 2.28392 0.423711 -2.79991 0 0 -0.221404
0.565384 -0.436769 0.0515926 2.29433 0.424612 -2.79258 0 0 -0.219175
0.565662 -0.437107 0.0511757 2.30469 0.42537 -2.78528 0 0 -0.216947
0.565941 -0.437446 0.0507576 2.31506 0.425989 -2.77796 0 0 -0.214719
0.566219 -0.437785 0.0503395 2.32542 0.426469 -2.77065 0 0 -0.21249
0.566498 -0.438124 0.0499213 2.33575 0.42681 -2.76335 0 0 -0.210262
0.566776 -0.438463 0.0495032 2.34605 0.427012 -2.75606 0 0 -0.208033
0.567054 -0.438802 0.0490851 2.35633 0.427079 -2.7488 0 0 -0.205805
0.567333 -0.439141 0.0486669 2.36656 0.427009 -2.74156 0 0 -0.203577
0.567611 -0.43948 0.0482488 2.37676 0.426806 -2.73435 0 0 -0.201348
0.56789 -0.439819 0.0478307 2.38692 0.426471 -2.72717 0 0 -0.19912
0.568168 -0.440158 0.0474164 2.39684 0.426015 -2.72017 0 0 -0.196892
0.568447 -0.440497 0.0470774 2.40288 0.425675 -2.71591 0 0 -0.194663
0.568725 -0.440835 0.0467394 2.40888 0.42529 -2.71167 0 0 -0.192435
0.569003 -0.441174 0.0464004 2.4149 0.424858 -2.70743 0 0 -0.190207
0.569282 -0.441513 0.0460614 2.4209 0.424381 -2.70321 0 0 -0.187978
0.56956 -0.441852 0.0457224 2.42688 0.423858 -2.69899 0 0 -0.18575
0.569839 -0.442191 0.0453834 2.43285 0.42329 -2.6948 0 0 -0.183521
0.570117 -0.44253 0.0450444 2.4388 0.422677 -2.69061 0 0 -0.181293
0.570393 -0.442865 0.0447094 2.44467 0.422028 -2.68649 0 0 -0.179131
0.57066 -0.443184 0.0443904 2.45024 0.42137 -2.68259 0 0 -0.177261
0.570926 -0.443502 0.0440724 2.45578 0.420676 -2.67871 0 0 -0.175391
0.571193 -0.443821 0.0437534 2.46132 0.419941 -2.67483 0 0 -0.173522
0.57146 -0.444139 0.0434355 2.46683 0.419171 -2.67098 0 0 -0.171652
0.571726 -0.444458 0.0431165 2.47234 0.41836 -2.66714 0 0 -0.169783
0.571993 -0.444776 0.0428144 2.47812 0.417467 -2.66311 0 0 -0.167913
0.572259 -0.445095 0.0425127 2.48392 0.416525 -2.65907 0 0 -0.166044
0.572526 -0.445413 0.042212 2.48969 0.415545 -2.65506 0 0 -0.164174
0.572792 -0.445732 0.0419103 2.49547 0.41452 -2.65106 0 0 -0.162305
0.573059 -0.44605 0.0416095 2.5012 0.413457 -2.64709 0 0 -0.160435
0.573326 -0.446369 0.0413078 2.50694 0.412351 -2.64312 0 0 -0.158566
0.573592 -0.446687 0.0410071 2.51264 0.411207 -2.63919 0 0 -0.156696
0.573859 -0.447006 0.0407054 2.51834 0.410021 -2.63527 0 0 -0.154827
0.574125 -0.447324 0.0404047 2.524 0.408799 -2.63138 0 0 -0.152957
0.574392 -0.447643 0.040103 2.52965 0.407534 -2.6275 0 0 -0.151088
0.574659 -0.447961 0.0398022 2.53527 0.406235 -2.62365 0 0 -0.149218
0.574916 -0.448266 0.0395138 2.54064 0.404954 -2.61999 0 0 -0.147199
0.575168 -0.448561 0.0392348 2.54581 0.403682 -2.61646 0 0 -0.145085
0.57542 -0.448857 0.0389616 2.55102 0.402364 -2.61292 0 0 -0.142971
0.575672 -0.449152 0.0387395 2.55645 0.400952 -2.60924 0 0 -0.140857
0.575924 -0.449448 0.0385166 2.56187 0.399498 -2.60557 0 0 -0.138743
0.576176 -0.449744 0.0382937 2.56728 0.398009 -2.60192 0 0 -0.136629
0.576428 -0.450039 0.0380716 2.57266 0.396489 -2.5983 0 0 -0.134514
0.57668 -0.450335 0.0378487 2.57803 0.394929 -2.5947 0 0 -0.1324
0.576932 -0.450631 0.0376258 2.58338 0.393335 -2.59111 0 0 -0.130286
0.577184 -0.450926 0.0374037 2.5887 0.391712 -2.58756 0 0 -0.128172
0.577436 -0.451222 0.0371808 2.59401 0.39005 -2.58403 0 0 -0.126058
0.577688 -0.451517 0.0369587 2.59929 0.388361 -2.58053 0 0 -0.123943
0.57794 -0.451813 0.0367358 2.60456 0.386633 -2.57704 0 0 -0.121829
0.578192 -0.452109 0.036513 2.60981 0.384872 -2.57358 0 0 -0.119715
0.578444 -0.452404 0.0362908 2.61503 0.383086 -2.57015 0 0 -0.117601
0.578696 -0.4527 0.0360679 2.62024 0.381261 -2.56674 0 0 -0.115487
0.578948 -0.452995 0.0358458 2.62541 0.379412 -2.56337 0 0 -0.113373
0.579184 -0.453266 0.0356418 2.63013 0.377687 -2.56029 0 0 -0.111272
0.579421 -0.453536 0.0354385 2.63483 0.375943 -2.55725 0 0 -0.10917
0.579658 -0.453807 0.0352344 2.63952 0.374167 -2.55422 0 0 -0.107069
0.579895 -0.454078 0.0350304 2.64419 0.372367 -2.55121 0 0 -0.104967
0.580131 -0.454349 0.0348263 2.64884 0.370542 -2.54823 0 0 -0.102866
0.580368 -0.45462 0.0346265 2.65349 0.368691 -2.54526 0 0 -0.100764
0.580605 -0.454891 0.0344562 2.65816 0.366792 -2.54229 0 0 -0.098663
0.580842 -0.455162 0.0342859 2.66282 0.364869 -2.53933 0 0 -0.096561
0.581079 -0.455433 0.0341157 2.66747 0.36292 -2.5364 0 0 -0.09446
0.581315 -0.455704 0.0339454 2.67209 0.360947 -2.53348 0 0 -0.092358
0.581552 -0.455975 0.0337752 2.6767 0.358949 -2.5306 0 0 -0.090257
0.581789 -0.456246 0.0336049 2.68129 0.356927 -2.52773 0 0 -0.088155
0.582026 -0.456517 0.0334346 2.68587 0.354881 -2.52489 0 0 -0.086054
0.582262 -0.456788 0.0332644 2.69042 0.352813 -2.52207 0 0 -0.083953
0.582499 -0.457059 0.0330941 2.69496 0.350721 -2.51927 0 0 -0.081851
0.582736 -0.457329 0.0329245 2.69947 0.348614 -2.51651 0 0 -0.07975
0.582973 -0.4576 0.0327542 2.70397 0.346478 -2.51376 0 0 -0.077648
0.58321 -0.457871 0.0325839 2.70845 0.344319 -2.51104 0 0 -0.075547
0.583446 -0.458142 0.0324137 2.71291 0.342139 -2.50834 0 0 -0.073445
0.583683 -0.458413 0.0322434 2.71736 0.339938 -2.50567 0 0 -0.071344
0.58392 -0.458684 0.0320731 2.72178 0.337716 -2.50302 0 0 -0.069242
0.584157 -0.458955 0.0319054 2.72609 0.335525 -2.50045 0 0 -0.067141
0.584383 -0.459203 0.0317713 2.72924 0.333905 -2.49859 0 0 -0.065495
0.584608 -0.459451 0.0316373 2.73238 0.332275 -2.49673 0 0 -0.063879
0.584834 -0.459698 0.0315038 2.7355 0.33064 -2.49489 0 0 -0.062262
0.58506 -0.459945 0.0313703 2.73861 0.328994 -2.49307 0 0 -0.060645
0.585285 -0.460192 0.0312368 2.74171 0.327338 -2.49126 0 0 -0.059029
0.585511 -0.460439 0.0311033 2.74481 0.325671 -2.48946 0 0 -0.057412
0.585736 -0.460686 0.0309698 2.74789 0.323994 -2.48767 0 0 -0.055795
0.585962 -0.460933 0.0308363 2.75097 0.322307 -2.4859 0 0 -0.054179
0.586187 -0.46118 0.0307028 2.75404 0.32061 -2.48413 0 0 -0.052562
0.586413 -0.461427 0.0305693 2.7571 0.318903 -2.48238 0 0 -0.050945
0.586638 -0.461674 0.0304358 2.76015 0.317186 -2.48064 0 0 -0.049329
0.586864 -0.461921 0.0303023 2.76319 0.315459 -2.47892 0 0 -0.047712
0.587089 -0.462168 0.0301688 2.76623 0.313723 -2.4772 0 0 -0.046095
0.587315 -0.462415 0.0300354 2.76925 0.311978 -2.4755 0 0 -0.044479
0.587541 -0.462662 0.0299019 2.77227 0.310223 -2.47381 0 0 -0.042862
0.587766 -0.462909 0.0297684 2.77528 0.308459 -2.47214 0 0 -0.041245
0.587989 -0.463148 0.0296392 2.77818 0.306744 -2.47053 0 0 -0.039719
0.588206 -0.463374 0.029517 2.78092 0.305114 -2.46902 0 0 -0.038349
0.588423 -0.4636 0.0293949 2.78365 0.303477 -2.46752 0 0 -0.036979
0.58864 -0.463826 0.0292727 2.78637 0.301833 -2.46603 0 0 -0.035608
0.588858 -0.464051 0.0291511 2.78907 0.300189 -2.46455 0 0 -0.034238
0.589075 -0.464277 0.029029 2.79178 0.298531 -2.46308 0 0 -0.032868
0.589292 -0.464503 0.0289164 2.79415 0.297065 -2.4618 0 0 -0.031497
0.58951 -0.464729 0.0288175 2.79607 0.295879 -2.46077 0 0 -0.030127
0.589727 -0.464955 0.0287186 2.79798 0.29469 -2.45975 0 0 -0.028757
0.589944 -0.46518 0.0286201 2.79987 0.293502 -2.45873 0 0 -0.027386
0.590161 -0.465406 0.0285211 2.80178 0.292304 -2.45772 0 0 -0.026016
0.590379 -0.465632 0.0284222 2.80368 0.291104 -2.45671 0 0 -0.024646
0.590596 -0.465858 0.0283233 2.80557 0.289899 -2.4557 0 0 -0.023275
0.590813 -0.466084 0.0282243 2.80747 0.288691 -2.45471 0 0 -0.021905
0.591031 -0.466309 0.0281258 2.80935 0.287484 -2.45372 0 0 -0.020535
0.591248 -0.466535 0.0280269 2.81123 0.286269 -2.45273 0 0 -0.019164
0.591465 -0.466761 0.027928 2.81312 0.28505 -2.45174 0 0 -0.017794
0.591676 -0.466969 0.0278369 2.81485 0.283925 -2.45084 0 0 -0.016252
0.591885 -0.467172 0.0277481 2.81654 0.282824 -2.44997 0 0 -0.014666
0.592094 -0.467375 0.0276592 2.81822 0.281721 -2.4491 0 0 -0.01308
0.592303 -0.467579 0.0275699 2.81991 0.280609 -2.44823 0 0 -0.011495
0.592512 -0.467782 0.027481 2.82159 0.2795 -2.44736 0 0 -0.009909
0.592721 -0.467985 0.0273922 2.82327 0.278388 -2.44651 0 0 -0.008323
0.59293 -0.468188 0.0273033 2.82494 0.277273 -2.44565 0 0 -0.006737
0.593139 -0.468392 0.027214 2.82662 0.276151 -2.4448 0 0 -0.005151
0.593348 -0.468595 0.0271251 2.82829 0.275031 -2.44395 0 0 -0.003565
0.593557 -0.468798 0.0270363 2.82995 0.273908 -2.44311 0 0 -0.001979
0.593766 -0.469002 0.026947 2.83162 0.272778 -2.44227 0 0 -0.000393
0.593975 -0.469205 0.0268581 2.83329 0.27165 -2.44144 0 0 0.001193
0.594184 -0.469408 0.0267692 2.83494 0.27052 -2.44061 0 0 0.002779
0.594393 -0.469611 0.0266804 2.8366 0.269387 -2.43978 0 0 0.004365
0.594602 -0.469815 0.0265911 2.83826 0.268246 -2.43896 0 0 0.00595
0.594811 -0.470018 0.0265022 2.83991 0.267109 -2.43814 0 0 0.007536
0.59502 -0.470221 0.0264133 2.84156 0.265968 -2.43733 0 0 0.009122
0.595229 -0.470424 0.0263245 2.8432 0.264826 -2.43653 0 0 0.010708
0.595438 -0.470628 0.0262352 2.84485 0.263675 -2.43572 0 0 0.012294
0.595647 -0.470831 0.0261463 2.84649 0.262528 -2.43492 0 0 0.01388
0.595856 -0.471034 0.0260574 2.84813 0.261378 -2.43413 0 0 0.015466
0.596065 -0.471237 0.0259686 2.84976 0.260226 -2.43334 0 0 0.017052
0.596266 -0.471426 0.0258858 2.85128 0.259151 -2.4326 0 0 0.01887
0.596464 -0.471608 0.0258062 2.85274 0.258115 -2.4319 0 0 0.020788
0.596662 -0.47179 0.0257265 2.8542 0.257076 -2.4312 0 0 0.022707
0.59686 -0.471972 0.0256468 2.85566 0.256036 -2.43051 0 0 0.024625
0.597057 -0.472154 0.0255671 2.85711 0.254994 -2.42982 0 0 0.026543
0.597255 -0.472336 0.0254875 2.85856 0.25395 -2.42913 0 0 0.028462
0.597453 -0.472518 0.0254078 2.86001 0.252904 -2.42845 0 0 0.03038
0.597651 -0.4727 0.0253295 2.86159 0.251767 -2.42771 0 0 0.032299
0.597848 -0.472882 0.0252658 2.86446 0.24968 -2.42637 0 0 0.034217
0.598046 -0.473064 0.0252021 2.86732 0.247585 -2.42504 0 0 0.036136
0.598244 -0.473246 0.0251385 2.87018 0.245482 -2.42372 0 0 0.038054
0.598442 -0.473428 0.0250748 2.87303 0.243372 -2.42242 0 0 0.039973
0.598639 -0.47361 0.0250111 2.87588 0.241254 -2.42113 0 0 0.041891
0.598837 -0.473792 0.0249474 2.87871 0.239129 -2.41985 0 0 0.04381
0.599035 -0.473974 0.0248837 2.88154 0.236997 -2.41858 0 0 0.045728
0.599233 -0.474156 0.02482 2.88437 0.234859 -2.41733 0 0 0.047647
0.599429 -0.474336 0.024757 2.88715 0.232736 -2.41611 0 0 0.049596
0.599617 -0.474498 0.0247003 2.88965 0.230821 -2.41502 0 0 0.051766
0.599805 -0.47466 0.0246436 2.89215 0.2289 -2.41393 0 0 0.053936
0.599993 -0.474823 0.0245866 2.89466 0.226962 -2.41286 0 0 0.056105
0.600182 -0.474985 0.0245299 2.89714 0.225031 -2.4118 0 0 0.058275
0.60037 -0.475147 0.0244732 2.89962 0.223095 -2.41075 0 0 0.060445
0.600558 -0.47531 0.0244162 2.90211 0.221142 -2.4097 0 0 0.062614
0.600746 -0.475472 0.0243595 2.90458 0.219196 -2.40867 0 0 0.064784
0.600934 -0.475634 0.0243028 2.90704 0.217246 -2.40765 0 0 0.066954
0.601122 -0.475797 0.0242458 2.90951 0.215279 -2.40664 0 0 0.069124
0.60131 -0.475959 0.0241891 2.91197 0.213319 -2.40564 0 0 0.071293
0.601498 -0.476121 0.0241324 2.91441 0.211355 -2.40465 0 0 0.073463
0.601686 -0.476283 0.0240757 2.91685 0.209387 -2.40368 0 0 0.075633
0.601874 -0.476446 0.0240186 2.91931 0.207403 -2.4027 0 0 0.077802
0.602062 -0.476608 0.0239619 2.92174 0.205426 -2.40175 0 0 0.079972
0.602251 -0.47677 0.0239053 2.92416 0.203445 -2.4008 0 0 0.082142
0.602439 -0.476933 0.0238482 2.92659 0.201449 -2.39986 0 0 0.084311
0.602622 -0.477085 0.0238009 2.92876 0.199667 -2.39903 0 0 0.086358
0.602802 -0.477228 0.0237649 2.93064 0.198108 -2.39831 0 0 0.088304
0.602982 -0.477372 0.0237286 2.93254 0.196534 -2.3976 0 0 0.090251
0.603162 -0.477515 0.0236925 2.93442 0.194969 -2.39689 0 0 0.092197
0.603342 -0.477659 0.0236562 2.93632 0.19339 -2.39619 0 0 0.094144
0.603522 -0.477802 0.0236202 2.93819 0.191819 -2.3955 0 0 0.09609
0.603702 -0.477945 0.0235841 2.94007 0.190246 -2.39481 0 0 0.098037
0.603882 -0.478089 0.0235478 2.94195 0.188659 -2.39412 0 0 0.099983
0.604062 -0.478232 0.0235117 2.94382 0.18708 -2.39345 0 0 0.10193
0.604241 -0.478376 0.0234754 2.9457 0.185488 -2.39278 0 0 0.103876
0.604421 -0.478519 0.0234394 2.94756 0.183904 -2.39211 0 0 0.105822
0.604601 -0.478663 0.023403 2.94944 0.182306 -2.39145 0 0 0.107769
0.604781 -0.478806 0.023367 2.9513 0.180717 -2.3908 0 0 0.109715
0.604961 -0.47895 0.0233307 2.95317 0.179115 -2.39015 0 0 0.111662
0.605141 -0.479093 0.0232946 2.95502 0.177521 -2.38952 0 0 0.113608
0.605321 -0.479237 0.0232583 2.95688 0.175914 -2.38888 0 0 0.115555
0.605501 -0.47938 0.0232222 2.95873 0.174316 -2.38826 0 0 0.117501
0.605681 -0.479523 0.0231862 2.96058 0.172715 -2.38764 0 0 0.119448
0.605861 -0.479667 0.0231499 2.96243 0.171101 -2.38702 0 0 0.121394
0.606041 -0.47981 0.0231138 2.96427 0.169497 -2.38641 0 0 0.12334
0.606221 -0.479954 0.0230775 2.96612 0.167878 -2.38581 0 0 0.125287
0.6064 -0.480097 0.0230414 2.96796 0.166269 -2.38522 0 0 0.127233
0.606576 -0.480232 0.0230074 2.96969 0.164749 -2.38466 0 0 0.128834
0.606745 -0.480355 0.0229764 2.97126 0.163361 -2.38416 0 0 0.13002
0.606914 -0.480479 0.0229451 2.97285 0.161961 -2.38366 0 0 0.131205
0.607084 -0.480602 0.0229141 2.97442 0.160571 -2.38317 0 0 0.132391
0.607253 -0.480726 0.0228828 2.976 0.159169 -2.38268 0 0 0.133577
0.607422 -0.480849 0.0228518 2.97757 0.157776 -2.38219 0 0 0.134762
0.607592 -0.480973 0.0228206 2.97914 0.15637 -2.38171 0 0 0.135948
0.607761 -0.481096 0.0227895 2.98071 0.154975 -2.38124 0 0 0.137133
0.60793 -0.48122 0.0227583 2.98228 0.153567 -2.38077 0 0 0.138319
0.6081 -0.481343 0.0227273 2.98384 0.152169 -2.3803 0 0 0.139504
0.608269 -0.481467 0.022696 2.98541 0.150758 -2.37984 0 0 0.14069
0.608438 -0.48159 0.022665 2.98697 0.149358 -2.37938 0 0 0.141875
0.608608 -0.481713 0.022634 2.98852 0.147957 -2.37893 0 0 0.143061
0.608777 -0.481837 0.0226076 2.98875 0.147754 -2.37887 0 0 0.144247
0.608946 -0.48196 0.0225857 2.9878 0.148603 -2.37914 0 0 0.145432
0.609116 -0.482084 0.0225637 2.98686 0.149459 -2.37942 0 0 0.146618
0.609285 -0.482207 0.0225418 2.98591 0.150307 -2.37969 0 0 0.147803
0.609444 -0.482312 0.0225231 2.98511 0.151031 -2.37993 0 0 0.14886
0.609602 -0.482414 0.022505 2.98433 0.151735 -2.38016 0 0 0.149899
0.609759 -0.482516 0.0224868 2.98354 0.152437 -2.38039 0 0 0.150939
0.609917 -0.482618 0.0224687 2.98276 0.15314 -2.38062 0 0 0.151978
0.610074 -0.48272 0.0224506 2.98197 0.153842 -2.38086 0 0 0.153018
0.610232 -0.482822 0.0224324 2.98119 0.154544 -2.38109 0 0 0.154057
0.610389 -0.482923 0.0224145 2.98041 0.155239 -2.38133 0 0 0.155096
0.610547 -0.483025 0.0223963 2.97963 0.15594 -2.38157 0 0 0.156136
0.610704 -0.483127 0.0223782 2.97884 0.156641 -2.3818 0 0 0.157175
0.610862 -0.483229 0.02236 2.97806 0.157341 -2.38204 0 0 0.158215
0.611019 -0.483331 0.0223419 2.97727 0.158042 -2.38229 0 0 0.159254
0.611177 -0.483433 0.0223238 2.97648 0.158742 -2.38253 0 0 0.160293
0.611334 -0.483535 0.0223056 2.97569 0.159441 -2.38277 0 0 0.161333
0.611492 -0.483637 0.0222875 2.97491 0.16014 -2.38302 0 0 0.162372
0.611649 -0.483739 0.0222693 2.97412 0.160839 -2.38326 0 0 0.163412
0.611807 -0.483841 0.0222512 2.97333 0.161538 -2.38351 0 0 0.164451
0.61196 -0.483937 0.0222341 2.97258 0.162195 -2.38374 0 0 0.16543
0.612106 -0.484019 0.0222195 2.97195 0.162756 -2.38394 0 0 0.166273
0.612251 -0.484101 0.022205 2.97131 0.163317 -2.38414 0 0 0.167115
0.612397 -0.484184 0.0221902 2.97067 0.163885 -2.38435 0 0 0.167958
0.612542 -0.484266 0.0221756 2.97003 0.164445 -2.38455 0 0 0.168801
0.612688 -0.484349 0.0221609 2.96939 0.165012 -2.38476 0 0 0.169644
0.612833 -0.484431 0.0221463 2.96875 0.165572 -2.38496 0 0 0.170487
0.612978 -0.484513 0.0221317 2.96812 0.166132 -2.38517 0 0 0.171329
0.613124 -0.484596 0.0221169 2.96747 0.166698 -2.38537 0 0 0.172172
0.613269 -0.484678 0.0221023 2.96683 0.167257 -2.38558 0 0 0.173015
0.613415 -0.48476 0.0220878 2.96619 0.167816 -2.38579 0 0 0.173858
0.61356 -0.484843 0.022073 2.96555 0.168382 -2.386 0 0 0.1747
0.613706 -0.484925 0.0220584 2.96491 0.16894 -2.38621 0 0 0.175543
0.613851 -0.485007 0.0220438 2.96427 0.169498 -2.38641 0 0 0.176386
0.613996 -0.48509 0.0220291 2.96362 0.170063 -2.38663 0 0 0.177229
0.614142 -0.485172 0.0220145 2.96298 0.170621 -2.38684 0 0 0.178072
0.614287 -0.485255 0.0219997 2.96234 0.171185 -2.38705 0 0 0.178914
0.614433 -0.485337 0.0219851 2.9617 0.171742 -2.38726 0 0 0.179757
0.614578 -0.485419 0.0219706 2.96105 0.172299 -2.38748 0 0 0.1806
0.614724 -0.485502 0.0219558 2.96041 0.172863 -2.38769 0 0 0.181443
0.614869 -0.485584 0.0219412 2.95977 0.173419 -2.38791 0 0 0.182286
0.615014 -0.485666 0.0219266 2.95912 0.173975 -2.38812 0 0 0.183128
0.615157 -0.485745 0.0219126 2.95851 0.174511 -2.38833 0 0 0.183895
0.615289 -0.485811 0.0219008 2.95799 0.174958 -2.38851 0 0 0.184376
0.615421 -0.485876 0.0218893 2.95748 0.175398 -2.38868 0 0 0.184856
0.615554 -0.485942 0.0218775 2.95696 0.175845 -2.38885 0 0 0.185337
0.615686 -0.486008 0.0218658 2.95644 0.176292 -2.38903 0 0 0.185818
0.615818 -0.486073 0.0218542 2.95593 0.176732 -2.3892 0 0 0.186299
0.61595 -0.486139 0.0218425 2.95542 0.177178 -2.38938 0 0 0.18678
0.616082 -0.486205 0.0218308 2.9549 0.177624 -2.38956 0 0 0.187261
0.616214 -0.48627 0.0218192 2.95439 0.178064 -2.38973 0 0 0.187742
0.616347 -0.486336 0.0218075 2.95387 0.17851 -2.38991 0 0 0.188223
0.616479 -0.486402 0.0217957 2.95335 0.178955 -2.39009 0 0 0.188703
0.616611 -0.486467 0.0217842 2.95284 0.179394 -2.39027 0 0 0.189184
0.616743 -0.486533 0.0217724 2.95232 0.179839 -2.39045 0 0 0.189665
0.616875 -0.486598 0.0217609 2.95181 0.180278 -2.39062 0 0 0.190146
0.617008 -0.486664 0.0217491 2.95129 0.180723 -2.3908 0 0 0.190627
0.61714 -0.48673 0.0217374 2.95077 0.181167 -2.39099 0 0 0.191108
0.617272 -0.486795 0.0217258 2.95026 0.181605 -2.39116 0 0 0.191589
0.617397 -0.486851 0.0217159 2.94982 0.181982 -2.39132 0 0 0.192161
0.617517 -0.486902 0.0217068 2.94942 0.182325 -2.39146 0 0 0.192785
0.617638 -0.486952 0.0216979 2.94902 0.182662 -2.3916 0 0 0.193409
0.617758 -0.487002 0.021689 2.94863 0.182998 -2.39174 0 0 0.194034
0.617879 -0.487053 0.0216799 2.94822 0.183341 -2.39188 0 0 0.194658
0.617999 -0.487103 0.0216711 2.94783 0.183677 -2.39202 0 0 0.195282
0.61812 -0.487154 0.021662 2.94743 0.18402 -2.39216 0 0 0.195906
0.61824 -0.487204 0.0216531 2.94703 0.184356 -2.3923 0 0 0.19653
0.618361 -0.487254 0.0216442 2.94664 0.184692 -2.39244 0 0 0.197155
0.618481 -0.487305 0.0216351 2.94623 0.185034 -2.39258 0 0 0.197779
0.618602 -0.487355 0.0216262 2.94584 0.18537 -2.39273 0 0 0.198403
0.618722 -0.487405 0.0216173 2.94544 0.185705 -2.39287 0 0 0.199027
0.618843 -0.487456 0.0216083 2.94504 0.186047 -2.39301 0 0 0.199652
0.618963 -0.487506 0.0215994 2.94464 0.186382 -2.39315 0 0 0.200276
0.619084 -0.487557 0.0215903 2.94424 0.186724 -2.3933 0 0 0.2009
0.619204 -0.487607 0.0215814 2.94385 0.187059 -2.39344 0 0 0.201524
0.619324 -0.487657 0.0215725 2.94345 0.187394 -2.39358 0 0 0.20214
0.619435 -0.487693 0.0215661 2.94316 0.187635 -2.39368 0 0 0.202641
0.619547 -0.48773 0.0215595 2.94287 0.187882 -2.39379 0 0 0.203142
0.619658 -0.487767 0.021553 2.94258 0.18813 -2.3939 0 0 0.203642
0.619769 -0.487803 0.0215466 2.94229 0.188371 -2.394 0 0 0.204143
0.61988 -0.48784 0.02154 2.942 0.188618 -2.39411 0 0 0.204643
0.619992 -0.487877 0.0215334 2.94171 0.188866 -2.39421 0 0 0.205144
0.620103 -0.487913 0.021527 2.94142 0.189106 -2.39432 0 0 0.205645
0.620214 -0.48795 0.0215204 2.94113 0.189354 -2.39442 0 0 0.206145
0.620326 -0.487987 0.0215138 2.94083 0.189601 -2.39453 0 0 0.206646
0.620437 -0.488023 0.0215074 2.94055 0.189841 -2.39463 0 0 0.207147
0.620548 -0.48806 0.0215009 2.94025 0.190089 -2.39474 0 0 0.207647
0.620659 -0.488097 0.0214943 2.93996 0.190336 -2.39485 0 0 0.208148
0.620771 -0.488133 0.0214879 2.93967 0.190576 -2.39495 0 0 0.208648
0.620882 -0.48817 0.0214813 2.93938 0.190823 -2.39506 0 0 0.209149
0.620993 -0.488207 0.0214747 2.93909 0.19107 -2.39517 0 0 0.20965
0.621105 -0.488243 0.0214683 2.9388 0.19131 -2.39527 0 0 0.21015
0.621216 -0.48828 0.0214617 2.93851 0.191556 -2.39538 0 0 0.210651
0.621327 -0.488317 0.0214551 2.93821 0.191803 -2.39549 0 0 0.211152
0.621438 -0.488353 0.0214487 2.93793 0.192043 -2.39559 0 0 0.211652
0.62155 -0.48839 0.0214422 2.93763 0.19229 -2.3957 0 0 0.212153
0.621661 -0.488427 0.0214356 2.93734 0.192536 -2.39581 0 0 0.212654
0.621772 -0.488464 0.021429 2.93704 0.192782 -2.39592 0 0 0.213154
0.621875 -0.488488 0.0214247 2.93685 0.192942 -2.39599 0 0 0.213769
0.621977 -0.488513 0.0214203 2.93665 0.193109 -2.39606 0 0 0.214388
0.62208 -0.488537 0.021416 2.93646 0.193268 -2.39613 0 0 0.215006
0.622182 -0.488561 0.0214118 2.93627 0.193428 -2.3962 0 0 0.215625
0.622285 -0.488586 0.0214073 2.93607 0.193594 -2.39628 0 0 0.216243
0.622387 -0.48861 0.021403 2.93588 0.193754 -2.39635 0 0 0.216862
0.622489 -0.488634 0.0213988 2.93569 0.193914 -2.39642 0 0 0.21748
0.622592 -0.488659 0.0213943 2.93549 0.19408 -2.39649 0 0 0.218099
0.622694 -0.488683 0.0213901 2.9353 0.194239 -2.39657 0 0 0.218717
0.622797 -0.488707 0.0213858 2.93511 0.194399 -2.39664 0 0 0.219336
0.622899 -0.488732 0.0213813 2.93491 0.194565 -2.39671 0 0 0.219955
0.623002 -0.488756 0.0213771 2.93472 0.194724 -2.39678 0 0 0.220573
0.623104 -0.48878 0.0213728 2.93453 0.194884 -2.39685 0 0 0.221192
0.623206 -0.488805 0.0213684 2.93433 0.19505 -2.39693 0 0 0.22181
0.623309 -0.488829 0.0213641 2.93414 0.195209 -2.397 0 0 0.222429
0.623411 -0.488854 0.0213596 2.93394 0.195375 -2.39707 0 0 0.223047
0.623511 -0.488874 0.0213561 2.93378 0.195508 -2.39713 0 0 0.22332
0.623605 -0.488887 0.0213538 2.93367 0.195594 -2.39717 0 0 0.223063
0.6237 -0.488901 0.0213513 2.93356 0.195687 -2.39721 0 0 0.222806
0.623795 -0.488914 0.021349 2.93346 0.195774 -2.39725 0 0 0.222549
0.62389 -0.488928 0.0213465 2.93335 0.195866 -2.3973 0 0 0.222291
0.623984 -0.488941 0.0213442 2.93324 0.195953 -2.39733 0 0 0.222034
0.624079 -0.488955 0.0213417 2.93313 0.196046 -2.39738 0 0 0.221777
0.624174 -0.488968 0.0213394 2.93303 0.196132 -2.39742 0 0 0.22152
0.624268 -0.488982 0.0213369 2.93292 0.196225 -2.39746 0 0 0.221263
0.624363 -0.488995 0.0213346 2.93281 0.196311 -2.3975 0 0 0.221005
0.624458 -0.489009 0.0213321 2.9327 0.196404 -2.39754 0 0 0.220748
0.624553 -0.489022 0.0213298 2.9326 0.19649 -2.39758 0 0 0.220491
0.624647 -0.489036 0.0213273 2.93248 0.196583 -2.39762 0 0 0.220234
0.624742 -0.489049 0.021325 2.93238 0.196669 -2.39766 0 0 0.219977
0.624837 -0.489063 0.0213225 2.93227 0.196762 -2.3977 0 0 0.21972
0.624932 -0.489076 0.0213202 2.93216 0.196848 -2.39774 0 0 0.219462
0.625026 -0.48909 0.0213177 2.93205 0.196941 -2.39778 0 0 0.219205
0.625114 -0.489097 0.0213164 2.932 0.196987 -2.3978 0 0 0.218885
0.6252 -0.489103 0.0213154 2.93195 0.197027 -2.39782 0 0 0.218551
0.625286 -0.489109 0.0213143 2.9319 0.197067 -2.39784 0 0 0.218218
0.625372 -0.489115 0.0213132 2.93185 0.197106 -2.39786 0 0 0.217884
0.625457 -0.489121 0.0213122 2.93181 0.197146 -2.39788 0 0 0.21755
0.625543 -0.489128 0.0213109 2.93175 0.197192 -2.3979 0 0 0.217217
0.625629 -0.489134 0.0213098 2.9317 0.197232 -2.39791 0 0 0.216883
0.625715 -0.48914 0.0213088 2.93165 0.197272 -2.39793 0 0 0.216549
0.625801 -0.489146 0.0213077 2.93161 0.197312 -2.39795 0 0 0.216215
0.625887 -0.489152 0.0213066 2.93156 0.197351 -2.39797 0 0 0.215882
0.625973 -0.489158 0.0213056 2.93151 0.197391 -2.39799 0 0 0.215548
0.626059 -0.489164 0.0213045 2.93146 0.197431 -2.39801 0 0 0.215214
0.626144 -0.48917 0.0213034 2.93141 0.197471 -2.39802 0 0 0.214881
0.62623 -0.489177 0.0213022 2.93136 0.197517 -2.39804 0 0 0.214547
0.626316 -0.489183 0.0213011 2.93131 0.197557 -2.39806 0 0 0.214213
0.626402 -0.489189 0.0213001 2.93126 0.197596 -2.39808 0 0 0.213879
0.626488 -0.489195 0.021299 2.93121 0.197636 -2.3981 0 0 0.213546
0.626574 -0.489201 0.0212979 2.93117 0.197676 -2.39812 0 0 0.213212
0.62666 -0.489207 0.0212969 2.93112 0.197716 -2.39813 0 0 0.212878
0.626746 -0.489213 0.0212958 2.93107 0.197755 -2.39815 0 0 0.212544
0.626831 -0.489219 0.0212947 2.93102 0.197795 -2.39817 0 0 0.212211
0.626917 -0.489226 0.0212935 2.93097 0.197841 -2.39819 0 0 0.211877
0.626996 -0.489226 0.0212935 2.93097 0.197841 -2.39819 0 0 0.212023
0.627072 -0.489225 0.0212937 2.93097 0.197835 -2.39819 0 0 0.21235
0.627148 -0.489223 0.021294 2.93099 0.197822 -2.39818 0 0 0.212678
0.627224 -0.489222 0.0212942 2.931 0.197815 -2.39818 0 0 0.213006
0.6273 -0.48922 0.0212945 2.93101 0.197802 -2.39817 0 0 0.213334
0.627376 -0.489219 0.0212947 2.93102 0.197795 -2.39817 0 0 0.213661
0.627452 -0.489217 0.0212951 2.93104 0.197782 -2.39817 0 0 0.213989
0.627528 -0.489216 0.0212953 2.93105 0.197775 -2.39816 0 0 0.214317
0.627604 -0.489214 0.0212956 2.93106 0.197762 -2.39816 0 0 0.214644
0.62768 -0.489213 0.0212958 2.93107 0.197755 -2.39815 0 0 0.214972
0.627756 -0.489211 0.0212961 2.93109 0.197742 -2.39815 0 0 0.2153
0.627831 -0.48921 0.0212963 2.93109 0.197736 -2.39814 0 0 0.215628
0.627907 -0.489208 0.0212967 2.93111 0.197722 -2.39814 0 0 0.215955
0.627983 -0.489207 0.0212969 2.93112 0.197716 -2.39813 0 0 0.216283
0.628059 -0.489205 0.0212972 2.93113 0.197702 -2.39813 0 0 0.216611
0.628135 -0.489204 0.0212974 2.93114 0.197696 -2.39813 0 0 0.216938
0.62821 -0.489201 0.0212979 2.93117 0.197676 -2.39812 0 0 0.217287
0.628277 -0.489189 0.0213001 2.93126 0.197596 -2.39808 0 0 0.217751
0.628344 -0.489177 0.0213022 2.93136 0.197517 -2.39804 0 0 0.218214
0.628411 -0.489164 0.0213045 2.93146 0.197431 -2.39801 0 0 0.218678
0.628478 -0.489152 0.0213066 2.93156 0.197351 -2.39797 0 0 0.219141
0.628545 -0.48914 0.0213088 2.93165 0.197272 -2.39793 0 0 0.219605
0.628612 -0.489128 0.0213109 2.93175 0.197192 -2.3979 0 0 0.220069
0.628679 -0.489116 0.021313 2.93185 0.197113 -2.39786 0 0 0.220532
0.628746 -0.489104 0.0213152 2.93194 0.197033 -2.39782 0 0 0.220996
0.628813 -0.489092 0.0213173 2.93204 0.196954 -2.39779 0 0 0.22146
0.62888 -0.48908 0.0213194 2.93213 0.196874 -2.39775 0 0 0.221923
0.628947 -0.489068 0.0213216 2.93223 0.196795 -2.39772 0 0 0.222387
0.629014 -0.489056 0.0213237 2.93232 0.196715 -2.39768 0 0 0.222851
0.629081 -0.489043 0.021326 2.93243 0.196629 -2.39764 0 0 0.223314
0.629148 -0.489031 0.0213282 2.93252 0.19655 -2.3976 0 0 0.223778
0.629215 -0.489019 0.0213303 2.93262 0.19647 -2.39757 0 0 0.224242
0.629282 -0.489007 0.0213324 2.93272 0.19639 -2.39753 0 0 0.224705
0.629343 -0.48899 0.0213355 2.93285 0.196278 -2.39748 0 0 0.225167
0.6294 -0.488969 0.0213392 2.93302 0.196138 -2.39742 0 0 0.225626
0.629456 -0.488949 0.0213427 2.93318 0.196006 -2.39736 0 0 0.226086
0.629513 -0.488928 0.0213465 2.93335 0.195866 -2.3973 0 0 0.226546
0.62957 -0.488908 0.02135 2.93351 0.195734 -2.39724 0 0 0.227005
0.629626 -0.488887 0.0213538 2.93367 0.195594 -2.39717 0 0 0.227465
0.629683 -0.488866 0.0213575 2.93384 0.195455 -2.39711 0 0 0.227925
0.62974 -0.488846 0.0213611 2.934 0.195322 -2.39705 0 0 0.228385
0.629796 -0.488825 0.0213648 2.93417 0.195183 -2.39699 0 0 0.228844
0.629853 -0.488804 0.0213685 2.93434 0.195043 -2.39693 0 0 0.229304
0.62991 -0.488784 0.0213721 2.93449 0.19491 -2.39687 0 0 0.229764
0.629966 -0.488763 0.0213758 2.93466 0.194771 -2.3968 0 0 0.230223
0.630023 -0.488742 0.0213796 2.93483 0.194631 -2.39674 0 0 0.230683
0.630079 -0.488722 0.0213831 2.93499 0.194498 -2.39668 0 0 0.231143
0.630136 -0.488701 0.0213869 2.93516 0.194359 -2.39662 0 0 0.231602
0.630193 -0.48868 0.0213906 2.93532 0.194219 -2.39656 0 0 0.232062
0.630249 -0.48866 0.0213941 2.93548 0.194086 -2.3965 0 0 0.232522
0.630306 -0.488639 0.0213979 2.93565 0.193947 -2.39644 0 0 0.232982
0.630363 -0.488618 0.0214016 2.93582 0.193807 -2.39637 0 0 0.233441
0.630419 -0.488598 0.0214052 2.93598 0.193674 -2.39631 0 0 0.233901
0.630476 -0.488577 0.0214089 2.93614 0.193534 -2.39625 0 0 0.234361
0.630533 -0.488556 0.0214126 2.93631 0.193395 -2.39619 0 0 0.23482
0.630585 -0.488532 0.0214169 2.9365 0.193235 -2.39612 0 0 0.235398
0.630633 -0.488503 0.0214221 2.93673 0.193042 -2.39603 0 0 0.236102
0.63068 -0.488474 0.0214272 2.93696 0.192849 -2.39595 0 0 0.236806
0.630728 -0.488446 0.0214322 2.93719 0.192662 -2.39587 0 0 0.237511
0.630776 -0.488417 0.0214374 2.93742 0.192469 -2.39578 0 0 0.238215
0.630823 -0.488388 0.0214425 2.93765 0.192276 -2.3957 0 0 0.238919
0.630871 -0.48836 0.0214475 2.93787 0.19209 -2.39561 0 0 0.239623
0.630919 -0.488331 0.0214527 2.9381 0.191896 -2.39553 0 0 0.240328
0.630966 -0.488302 0.0214578 2.93833 0.191703 -2.39544 0 0 0.241032
0.631014 -0.488273 0.021463 2.93856 0.19151 -2.39536 0 0 0.241736
0.631062 -0.488245 0.021468 2.93879 0.191323 -2.39528 0 0 0.24244
0.631109 -0.488216 0.0214731 2.93902 0.19113 -2.39519 0 0 0.243145
0.631157 -0.488187 0.0214783 2.93925 0.190936 -2.39511 0 0 0.243849
0.631205 -0.488158 0.0214834 2.93948 0.190743 -2.39502 0 0 0.244553
0.631252 -0.48813 0.0214884 2.9397 0.190556 -2.39494 0 0 0.245257
0.6313 -0.488101 0.0214936 2.93993 0.190362 -2.39486 0 0 0.245962
0.631348 -0.488072 0.0214987 2.94016 0.190169 -2.39477 0 0 0.246666
0.631387 -0.488036 0.0215051 2.94044 0.189928 -2.39467 0 0 0.247437
0.631425 -0.488 0.0215115 2.94073 0.189688 -2.39457 0 0 0.248214
0.631463 -0.487963 0.0215181 2.94102 0.189441 -2.39446 0 0 0.248992
0.631501 -0.487926 0.0215247 2.94132 0.189193 -2.39435 0 0 0.249769
0.631539 -0.48789 0.0215311 2.9416 0.188953 -2.39425 0 0 0.250547
0.631577 -0.487853 0.0215377 2.9419 0.188705 -2.39414 0 0 0.251324
0.631615 -0.487816 0.0215442 2.94219 0.188458 -2.39404 0 0 0.252102
0.631653 -0.48778 0.0215507 2.94248 0.188217 -2.39393 0 0 0.252879
0.631691 -0.487743 0.0215572 2.94277 0.187969 -2.39383 0 0 0.253657
0.631728 -0.487706 0.0215638 2.94306 0.187722 -2.39372 0 0 0.254434
0.631766 -0.48767 0.0215702 2.94335 0.187481 -2.39362 0 0 0.255212
0.631804 -0.487633 0.0215768 2.94364 0.187233 -2.39351 0 0 0.255989
0.631842 -0.487596 0.0215834 2.94393 0.186985 -2.39341 0 0 0.256767
0.63188 -0.48756 0.0215898 2.94422 0.186744 -2.39331 0 0 0.257545
0.631918 -0.487523 0.0215964 2.94451 0.186496 -2.3932 0 0 0.258322
0.631956 -0.487486 0.0216029 2.9448 0.186248 -2.3931 0 0 0.2591
0.631991 -0.487448 0.0216097 2.9451 0.185993 -2.39299 0 0 0.259927
0.63202 -0.487405 0.0216173 2.94544 0.185705 -2.39287 0 0 0.260852
0.632048 -0.487362 0.021625 2.94578 0.185416 -2.39275 0 0 0.261777
0.632077 -0.487319 0.0216326 2.94612 0.185128 -2.39262 0 0 0.262703
0.632105 -0.487276 0.0216403 2.94646 0.184839 -2.3925 0 0 0.263628
0.632134 -0.487233 0.0216479 2.9468 0.184551 -2.39238 0 0 0.264553
0.632162 -0.48719 0.0216556 2.94714 0.184262 -2.39226 0 0 0.265479
0.632191 -0.487147 0.0216632 2.94748 0.183973 -2.39214 0 0 0.266404
0.632219 -0.487104 0.0216709 2.94782 0.183684 -2.39202 0 0 0.267329
0.632248 -0.487062 0.0216783 2.94815 0.183402 -2.3919 0 0 0.268254
0.632276 -0.487019 0.021686 2.94849 0.183113 -2.39178 0 0 0.26918
0.632305 -0.486976 0.0216936 2.94883 0.182823 -2.39167 0 0 0.270105
0.632334 -0.486933 0.0217013 2.94917 0.182534 -2.39155 0 0 0.27103
0.632362 -0.48689 0.0217089 2.94951 0.182245 -2.39143 0 0 0.271956
0.632391 -0.486847 0.0217166 2.94985 0.181955 -2.39131 0 0 0.272881
0.632419 -0.486804 0.0217242 2.95019 0.181666 -2.39119 0 0 0.273806
0.632448 -0.486761 0.0217319 2.95053 0.181376 -2.39107 0 0 0.274732
0.632476 -0.486718 0.0217395 2.95087 0.181086 -2.39095 0 0 0.275657
0.632505 -0.486675 0.0217472 2.9512 0.180797 -2.39083 0 0 0.276582
0.632533 -0.486633 0.0217546 2.95153 0.180514 -2.39072 0 0 0.277507
0.632562 -0.48659 0.0217623 2.95187 0.180224 -2.3906 0 0 0.278433
0.63259 -0.486547 0.0217699 2.95221 0.179934 -2.39048 0 0 0.279358
0.632617 -0.486503 0.0217778 2.95256 0.179637 -2.39036 0 0 0.280336
0.632638 -0.486457 0.0217859 2.95292 0.179326 -2.39024 0 0 0.281482
0.632659 -0.48641 0.0217943 2.95329 0.179009 -2.39011 0 0 0.282628
0.63268 -0.486364 0.0218025 2.95365 0.178699 -2.38999 0 0 0.283774
0.632702 -0.486318 0.0218107 2.95401 0.178388 -2.38986 0 0 0.28492
0.632723 -0.486272 0.0218188 2.95437 0.178077 -2.38974 0 0 0.286066
0.632744 -0.486225 0.0218272 2.95474 0.17776 -2.38961 0 0 0.287213
0.632765 -0.486179 0.0218354 2.9551 0.177449 -2.38949 0 0 0.288359
0.632786 -0.486133 0.0218436 2.95546 0.177138 -2.38936 0 0 0.289505
0.632807 -0.486086 0.0218519 2.95583 0.17682 -2.38924 0 0 0.290651
0.632828 -0.48604 0.0218601 2.95619 0.176509 -2.38912 0 0 0.291797
0.632849 -0.485994 0.0218683 2.95655 0.176197 -2.38899 0 0 0.292943
0.63287 -0.485947 0.0218766 2.95692 0.175879 -2.38887 0 0 0.294089
0.632891 -0.485901 0.0218848 2.95728 0.175568 -2.38875 0 0 0.295235
0.632913 -0.485855 0.021893 2.95764 0.175256 -2.38862 0 0 0.296381
0.632934 -0.485809 0.0219012 2.958 0.174945 -2.3885 0 0 0.297527
0.632955 -0.485762 0.0219095 2.95837 0.174626 -2.38838 0 0 0.298673
0.632973 -0.485715 0.0219179 2.95874 0.174308 -2.38825 0 0 0.299675
0.63299 -0.485667 0.0219264 2.95912 0.173982 -2.38813 0 0 0.300603
0.633007 -0.485619 0.021935 2.95949 0.173657 -2.388 0 0 0.301532
0.633024 -0.485571 0.0219435 2.95987 0.173331 -2.38787 0 0 0.302461
0.63304 -0.485523 0.0219521 2.96024 0.173005 -2.38775 0 0 0.303389
0.633057 -0.485475 0.0219606 2.96062 0.172679 -2.38762 0 0 0.304318
0.633074 -0.485427 0.0219691 2.96099 0.172354 -2.3875 0 0 0.305247
0.633091 -0.485379 0.0219777 2.96137 0.172028 -2.38737 0 0 0.306176
0.633108 -0.485331 0.0219862 2.96174 0.171702 -2.38725 0 0 0.307104
0.633125 -0.485283 0.0219947 2.96212 0.171375 -2.38712 0 0 0.308033
0.633142 -0.485235 0.0220033 2.96249 0.171049 -2.387 0 0 0.308962
0.633158 -0.485187 0.0220118 2.96287 0.170723 -2.38688 0 0 0.30989
0.633175 -0.485139 0.0220203 2.96324 0.170396 -2.38675 0 0 0.310819
0.633192 -0.485091 0.0220289 2.96362 0.17007 -2.38663 0 0 0.311748
0.633209 -0.485043 0.0220374 2.96399 0.169743 -2.38651 0 0 0.312676
0.633226 -0.484995 0.022046 2.96436 0.169417 -2.38638 0 0 0.313605
0.633242 -0.484947 0.0220545 2.96474 0.16909 -2.38626 0 0 0.314506
0.633255 -0.484899 0.022063 2.96511 0.168763 -2.38614 0 0 0.315134
0.633268 -0.48485 0.0220717 2.96549 0.168429 -2.38601 0 0 0.315763
0.633281 -0.484802 0.0220803 2.96587 0.168102 -2.38589 0 0 0.316391
0.633294 -0.484753 0.022089 2.96625 0.167768 -2.38577 0 0 0.31702
0.633307 -0.484705 0.0220975 2.96662 0.167441 -2.38565 0 0 0.317649
0.633319 -0.484656 0.0221063 2.967 0.167107 -2.38552 0 0 0.318277
0.633332 -0.484608 0.0221148 2.96738 0.16678 -2.3854 0 0 0.318906
0.633345 -0.484559 0.0221235 2.96776 0.166445 -2.38528 0 0 0.319534
0.633358 -0.484511 0.022132 2.96813 0.166118 -2.38516 0 0 0.320163
0.633371 -0.484462 0.0221408 2.96851 0.165784 -2.38504 0 0 0.320791
0.633384 -0.484414 0.0221493 2.96888 0.165456 -2.38492 0 0 0.32142
0.633396 -0.484365 0.022158 2.96926 0.165121 -2.3848 0 0 0.322048
0.633409 -0.484317 0.0221665 2.96964 0.164793 -2.38468 0 0 0.322677
0.633422 -0.484268 0.0221753 2.97002 0.164459 -2.38456 0 0 0.323305
0.633435 -0.48422 0.0221838 2.97039 0.164131 -2.38444 0 0 0.323934
0.633448 -0.484171 0.0221925 2.97077 0.163796 -2.38432 0 0 0.324562
0.633461 -0.484123 0.022201 2.97114 0.163468 -2.3842 0 0 0.325191
0.633473 -0.484074 0.0222098 2.97152 0.163132 -2.38408 0 0 0.325819
0.633486 -0.484026 0.0222183 2.97189 0.162804 -2.38396 0 0 0.326448
0.633499 -0.483977 0.022227 2.97227 0.162469 -2.38384 0 0 0.327077
0.633512 -0.483929 0.0222355 2.97265 0.16214 -2.38372 0 0 0.327705
0.633525 -0.48388 0.0222443 2.97303 0.161805 -2.3836 0 0 0.328334
0.633536 -0.483832 0.0222528 2.9734 0.161476 -2.38349 0 0 0.32915
0.633547 -0.483784 0.0222613 2.97377 0.161148 -2.38337 0 0 0.329966
0.633559 -0.483736 0.0222699 2.97414 0.160819 -2.38326 0 0 0.330783
0.63357 -0.483688 0.0222784 2.97451 0.16049 -2.38314 0 0 0.3316
0.633581 -0.48364 0.0222869 2.97488 0.160161 -2.38302 0 0 0.332417
0.633593 -0.483592 0.0222955 2.97525 0.159832 -2.38291 0 0 0.333234
0.633604 -0.483544 0.022304 2.97562 0.159503 -2.38279 0 0 0.334051
0.633615 -0.483496 0.0223126 2.97599 0.159174 -2.38268 0 0 0.334868
0.633626 -0.483449 0.0223209 2.97636 0.158851 -2.38257 0 0 0.335684
0.633638 -0.483401 0.0223295 2.97673 0.158522 -2.38245 0 0 0.336501
0.633649 -0.483353 0.022338 2.9771 0.158193 -2.38234 0 0 0.337318
0.63366 -0.483305 0.0223465 2.97747 0.157863 -2.38222 0 0 0.338135
0.633672 -0.483257 0.0223551 2.97784 0.157534 -2.38211 0 0 0.338952
0.633683 -0.483209 0.0223636 2.97821 0.157204 -2.382 0 0 0.339769
0.633694 -0.483161 0.0223721 2.97858 0.156874 -2.38188 0 0 0.340585
0.633705 -0.483113 0.0223807 2.97895 0.156545 -2.38177 0 0 0.341402
0.633715 -0.483065 0.0223892 2.97932 0.156215 -2.38166 0 0 0.34209
0.633723 -0.483018 0.0223976 2.97968 0.155892 -2.38155 0 0 0.342603
0.633731 -0.482971 0.0224059 2.98004 0.155569 -2.38144 0 0 0.343115
0.63374 -0.482924 0.0224143 2.98041 0.155245 -2.38133 0 0 0.343627
0.633748 -0.482876 0.0224228 2.98077 0.154915 -2.38122 0 0 0.34414
0.633756 -0.482829 0.0224312 2.98114 0.154592 -2.38111 0 0 0.344652
0.633764 -0.482782 0.0224395 2.9815 0.154269 -2.381 0 0 0.345164
0.633772 -0.482735 0.0224479 2.98186 0.153945 -2.38089 0 0 0.345677
0.63378 -0.482687 0.0224564 2.98223 0.153615 -2.38078 0 0 0.346189
0.633788 -0.48264 0.0224648 2.98259 0.153291 -2.38067 0 0 0.346701
0.633796 -0.482593 0.0224732 2.98295 0.152968 -2.38057 0 0 0.347214
0.633804 -0.482546 0.0224815 2.98331 0.152644 -2.38046 0 0 0.347726
0.633812 -0.482499 0.0224899 2.98367 0.15232 -2.38035 0 0 0.348238
0.63382 -0.482451 0.0224984 2.98404 0.15199 -2.38024 0 0 0.348751
0.633828 -0.482404 0.0225068 2.9844 0.151666 -2.38014 0 0 0.349263
0.633836 -0.482357 0.0225151 2.98476 0.151342 -2.38003 0 0 0.349775
0.633844 -0.48231 0.0225235 2.98512 0.151018 -2.37992 0 0 0.350288
0.633848 -0.482263 0.0225318 2.98548 0.150694 -2.37982 0 0 0.350731
0.633852 -0.482217 0.02254 2.98584 0.150376 -2.37971 0 0 0.351162
0.633856 -0.482171 0.0225482 2.98619 0.150059 -2.37961 0 0 0.351593
0.633859 -0.482125 0.0225564 2.98654 0.149742 -2.37951 0 0 0.352024
0.633863 -0.482079 0.0225646 2.98689 0.149424 -2.37941 0 0 0.352455
0.633866 -0.482033 0.0225727 2.98725 0.149107 -2.3793 0 0 0.352886
0.63387 -0.481987 0.0225809 2.9876 0.148789 -2.3792 0 0 0.353317
0.633874 -0.481941 0.0225891 2.98795 0.148472 -2.3791 0 0 0.353748
0.633877 -0.481895 0.0225973 2.9883 0.148154 -2.379 0 0 0.354179
0.633881 -0.481849 0.0226055 2.98865 0.147836 -2.3789 0 0 0.35461
0.633884 -0.481803 0.0226137 2.98901 0.147519 -2.37879 0 0 0.355041
0.633888 -0.481757 0.0226229 2.98908 0.147455 -2.37877 0 0 0.355472
0.633892 -0.481711 0.0226345 2.9885 0.147979 -2.37894 0 0 0.355903
0.633895 -0.481665 0.0226461 2.98791 0.148504 -2.37911 0 0 0.356334
0.633899 -0.481619 0.0226577 2.98733 0.149028 -2.37928 0 0 0.356765
0.633902 -0.481573 0.0226693 2.98675 0.149552 -2.37945 0 0 0.357196
0.633906 -0.481527 0.0226809 2.98617 0.150075 -2.37962 0 0 0.357627
0.63391 -0.481481 0.0226925 2.98559 0.150599 -2.37979 0 0 0.358058
0.633913 -0.481435 0.0227041 2.98501 0.151123 -2.37996 0 0 0.358489
0.633917 -0.481389 0.0227157 2.98442 0.151646 -2.38013 0 0 0.35892
0.63392 -0.481343 0.0227273 2.98384 0.152169 -2.3803 0 0 0.359351
0.633924 -0.481297 0.0227389 2.98326 0.152692 -2.38048 0 0 0.359782
0.633925 -0.481254 0.0227497 2.98271 0.153181 -2.38064 0 0 0.360289
0.633926 -0.481211 0.0227605 2.98217 0.153669 -2.3808 0 0 0.360821
0.633926 -0.481168 0.0227714 2.98162 0.154158 -2.38096 0 0 0.361353
0.633927 -0.481125 0.0227822 2.98108 0.154646 -2.38113 0 0 0.361885
0.633927 -0.481083 0.0227928 2.98054 0.155123 -2.38129 0 0 0.362417
0.633928 -0.48104 0.0228037 2.98 0.15561 -2.38145 0 0 0.362949
0.633928 -0.480997 0.0228145 2.97945 0.156098 -2.38162 0 0 0.363481
0.633929 -0.480954 0.0228253 2.9789 0.156586 -2.38179 0 0 0.364013
0.633929 -0.480911 0.0228362 2.97836 0.157073 -2.38195 0 0 0.364545
0.63393 -0.480868 0.022847 2.97781 0.157561 -2.38212 0 0 0.365076
0.63393 -0.480825 0.0228579 2.97726 0.158048 -2.38229 0 0 0.365608
0.633931 -0.480783 0.0228685 2.97673 0.158523 -2.38245 0 0 0.36614
0.633931 -0.48074 0.0228793 2.97618 0.15901 -2.38262 0 0 0.366672
0.633932 -0.480697 0.0228902 2.97563 0.159497 -2.38279 0 0 0.367204
0.633932 -0.480654 0.022901 2.97508 0.159983 -2.38296 0 0 0.367736
0.633933 -0.480611 0.0229118 2.97453 0.16047 -2.38313 0 0 0.368268
0.633933 -0.480569 0.0229224 2.974 0.160945 -2.3833 0 0 0.36883
0.63393 -0.480528 0.0229328 2.97347 0.161408 -2.38346 0 0 0.369529
0.633927 -0.480487 0.0229431 2.97295 0.161871 -2.38363 0 0 0.370228
0.633924 -0.480446 0.0229534 2.97243 0.162334 -2.38379 0 0 0.370927
0.633921 -0.480405 0.0229638 2.9719 0.162797 -2.38396 0 0 0.371626
0.633918 -0.480364 0.0229741 2.97138 0.16326 -2.38412 0 0 0.372325
0.633915 -0.480323 0.0229845 2.97085 0.163722 -2.38429 0 0 0.373024
0.633912 -0.480282 0.0229948 2.97033 0.164185 -2.38446 0 0 0.373723
0.633909 -0.480241 0.0230051 2.9698 0.164647 -2.38462 0 0 0.374422
0.633906 -0.4802 0.0230155 2.96928 0.165109 -2.38479 0 0 0.375121
0.633903 -0.480159 0.0230258 2.96875 0.165571 -2.38496 0 0 0.37582
0.6339 -0.480118 0.0230362 2.96823 0.166033 -2.38513 0 0 0.37652
0.633897 -0.480077 0.0230465 2.9677 0.166495 -2.3853 0 0 0.377219
0.633894 -0.480036 0.0230568 2.96718 0.166956 -2.38547 0 0 0.377918
0.633891 -0.479995 0.0230672 2.96665 0.167417 -2.38564 0 0 0.378617
0.633888 -0.479954 0.0230775 2.96612 0.167878 -2.38581 0 0 0.379316
0.633885 -0.479913 0.0230878 2.9656 0.168339 -2.38598 0 0 0.380015
0.63388 -0.479872 0.0230982 2.96507 0.1688 -2.38615 0 0 0.380582
0.633873 -0.479832 0.0231083 2.96456 0.16925 -2.38632 0 0 0.381064
0.633867 -0.479792 0.0231184 2.96404 0.169699 -2.38649 0 0 0.381545
0.63386 -0.479752 0.0231284 2.96353 0.170148 -2.38666 0 0 0.382027
0.633854 -0.479712 0.0231385 2.96301 0.170597 -2.38683 0 0 0.382509
0.633847 -0.479672 0.0231486 2.9625 0.171045 -2.387 0 0 0.38299
0.633841 -0.479631 0.023159 2.96197 0.171505 -2.38717 0 0 0.383472
0.633834 -0.479591 0.023169 2.96145 0.171954 -2.38735 0 0 0.383953
0.633828 -0.479551 0.0231791 2.96094 0.172402 -2.38752 0 0 0.384435
0.633822 -0.479511 0.0231892 2.96042 0.17285 -2.38769 0 0 0.384917
0.633815 -0.479471 0.0231993 2.95991 0.173298 -2.38786 0 0 0.385398
0.633809 -0.479431 0.0232094 2.95939 0.173745 -2.38803 0 0 0.38588
0.633802 -0.47939 0.0232197 2.95886 0.174204 -2.38821 0 0 0.386362
0.633796 -0.47935 0.0232298 2.95834 0.174651 -2.38839 0 0 0.386843
0.633789 -0.47931 0.0232399 2.95783 0.175099 -2.38856 0 0 0.387325
0.633783 -0.47927 0.02325 2.95731 0.175545 -2.38874 0 0 0.387807
0.633776 -0.47923 0.0232601 2.95679 0.175992 -2.38891 0 0 0.388288
0.63377 -0.479189 0.0232704 2.95626 0.17645 -2.38909 0 0 0.38877
0.633763 -0.479149 0.0232805 2.95574 0.176897 -2.38927 0 0 0.389251
0.633757 -0.479109 0.0232906 2.95523 0.177343 -2.38945 0 0 0.389733
0.633751 -0.479069 0.0233007 2.95471 0.177789 -2.38962 0 0 0.390215
0.633744 -0.479029 0.0233108 2.95419 0.178235 -2.3898 0 0 0.390696
0.633738 -0.47899 0.0233206 2.95368 0.178669 -2.38998 0 0 0.39083
0.633733 -0.478953 0.0233299 2.9532 0.179081 -2.39014 0 0 0.39063
0.633727 -0.478917 0.023339 2.95274 0.179482 -2.3903 0 0 0.390429
0.633722 -0.47888 0.0233483 2.95226 0.179894 -2.39047 0 0 0.390228
0.633716 -0.478843 0.0233577 2.95178 0.180306 -2.39064 0 0 0.390027
0.633711 -0.478806 0.023367 2.9513 0.180717 -2.3908 0 0 0.389827
0.633705 -0.478769 0.0233763 2.95082 0.181129 -2.39097 0 0 0.389626
0.6337 -0.478732 0.0233856 2.95033 0.18154 -2.39114 0 0 0.389425
0.633694 -0.478695 0.023395 2.94985 0.181951 -2.39131 0 0 0.389224
0.633689 -0.478658 0.0234043 2.94937 0.182362 -2.39148 0 0 0.389024
0.633683 -0.478622 0.0234134 2.9489 0.182761 -2.39164 0 0 0.388823
0.633678 -0.478585 0.0234227 2.94842 0.183172 -2.39181 0 0 0.388622
0.633672 -0.478548 0.023432 2.94794 0.183582 -2.39198 0 0 0.388422
0.633667 -0.478511 0.0234414 2.94746 0.183992 -2.39215 0 0 0.388221
0.633661 -0.478474 0.0234507 2.94698 0.184402 -2.39232 0 0 0.38802
0.633656 -0.478437 0.02346 2.9465 0.184812 -2.39249 0 0 0.387819
0.63365 -0.4784 0.0234694 2.94601 0.185222 -2.39266 0 0 0.387619
0.633645 -0.478366 0.0234779 2.94557 0.185598 -2.39282 0 0 0.387119
0.633639 -0.478333 0.0234863 2.94514 0.185963 -2.39298 0 0 0.3866
0.633633 -0.478299 0.0234948 2.9447 0.186339 -2.39313 0 0 0.386081
0.633628 -0.478265 0.0235034 2.94425 0.186715 -2.39329 0 0 0.385561
0.633622 -0.478231 0.023512 2.94381 0.187091 -2.39345 0 0 0.385042
0.633616 -0.478198 0.0235203 2.94338 0.187456 -2.39361 0 0 0.384522
0.633611 -0.478164 0.0235289 2.94293 0.187831 -2.39377 0 0 0.384003
0.633605 -0.47813 0.0235374 2.94249 0.188206 -2.39393 0 0 0.383484
0.633599 -0.478097 0.0235458 2.94206 0.18857 -2.39408 0 0 0.382964
0.633594 -0.478063 0.0235543 2.94161 0.188946 -2.39425 0 0 0.382445
0.633588 -0.478029 0.0235629 2.94117 0.18932 -2.39441 0 0 0.381925
0.633582 -0.477995 0.0235715 2.94072 0.189695 -2.39457 0 0 0.381406
0.633577 -0.477962 0.0235798 2.94029 0.190059 -2.39473 0 0 0.380886
0.633571 -0.477928 0.0235884 2.93984 0.190433 -2.39489 0 0 0.380367
0.633565 -0.477894 0.023597 2.9394 0.190807 -2.39505 0 0 0.379848
0.63356 -0.477861 0.0236053 2.93897 0.191171 -2.39521 0 0 0.379328
0.633553 -0.477828 0.0236136 2.93853 0.191533 -2.39537 0 0 0.378872
0.633544 -0.477797 0.0236214 2.93813 0.191874 -2.39552 0 0 0.378527
0.633536 -0.477766 0.0236292 2.93772 0.192215 -2.39567 0 0 0.378182
0.633527 -0.477734 0.0236373 2.9373 0.192567 -2.39582 0 0 0.377836
0.633518 -0.477703 0.0236451 2.93689 0.192907 -2.39597 0 0 0.377491
0.63351 -0.477672 0.0236529 2.93649 0.193247 -2.39612 0 0 0.377146
0.633501 -0.477641 0.0236607 2.93608 0.193588 -2.39628 0 0 0.376801
0.633492 -0.47761 0.0236686 2.93567 0.193928 -2.39643 0 0 0.376455
0.633483 -0.477579 0.0236764 2.93527 0.194268 -2.39658 0 0 0.37611
0.633475 -0.477548 0.0236842 2.93486 0.194608 -2.39673 0 0 0.375765
0.633466 -0.477516 0.0236923 2.93444 0.194958 -2.39689 0 0 0.37542
0.633457 -0.477485 0.0237001 2.93403 0.195298 -2.39704 0 0 0.375075
0.633449 -0.477454 0.0237079 2.93362 0.195637 -2.39719 0 0 0.374729
0.63344 -0.477423 0.0237157 2.93321 0.195976 -2.39735 0 0 0.374384
0.633431 -0.477392 0.0237235 2.93281 0.196316 -2.3975 0 0 0.374039
0.633422 -0.477361 0.0237314 2.9324 0.196655 -2.39765 0 0 0.373694
0.633414 -0.47733 0.0237392 2.93199 0.196994 -2.39781 0 0 0.373348
0.633405 -0.477299 0.023747 2.93158 0.197332 -2.39796 0 0 0.373003
0.633396 -0.477267 0.0237551 2.93116 0.197682 -2.39812 0 0 0.372658
0.633388 -0.477236 0.0237629 2.93075 0.19802 -2.39827 0 0 0.372313
0.633379 -0.477205 0.0237707 2.93034 0.198359 -2.39843 0 0 0.371967
0.63337 -0.477174 0.0237785 2.92993 0.198697 -2.39858 0 0 0.371622
0.633361 -0.477144 0.0237861 2.92954 0.199024 -2.39873 0 0 0.371316
0.63335 -0.477115 0.0237934 2.92915 0.19934 -2.39888 0 0 0.371116
0.633339 -0.477086 0.0238007 2.92877 0.199656 -2.39903 0 0 0.370916
0.633329 -0.477057 0.023808 2.92839 0.199972 -2.39917 0 0 0.370716
0.633318 -0.477029 0.0238151 2.92802 0.200277 -2.39931 0 0 0.370516
0.633307 -0.477 0.0238248 2.92759 0.200627 -2.39948 0 0 0.370316
0.633296 -0.476971 0.0238349 2.92716 0.200982 -2.39964 0 0 0.370116
0.633286 -0.476942 0.0238451 2.92673 0.201338 -2.39981 0 0 0.369917
0.633275 -0.476914 0.0238549 2.92631 0.201682 -2.39997 0 0 0.369717
0.633264 -0.476885 0.023865 2.92588 0.202037 -2.40014 0 0 0.369517
0.633253 -0.476856 0.0238752 2.92545 0.202392 -2.4003 0 0 0.369317
0.633243 -0.476828 0.023885 2.92503 0.202735 -2.40047 0 0 0.369117
0.633232 -0.476799 0.0238951 2.92459 0.20309 -2.40063 0 0 0.368917
0.633221 -0.47677 0.0239053 2.92416 0.203445 -2.4008 0 0 0.368717
0.63321 -0.476741 0.0239154 2.92373 0.2038 -2.40097 0 0 0.368517
0.6332 -0.476713 0.0239252 2.92331 0.204143 -2.40113 0 0 0.368317
0.633189 -0.476684 0.0239354 2.92287 0.204497 -2.4013 0 0 0.368118
0.633177 -0.476656 0.0239451 2.92245 0.20484 -2.40147 0 0 0.367808
0.633164 -0.476629 0.0239546 2.92205 0.205169 -2.40162 0 0 0.367451
0.633151 -0.476601 0.0239644 2.92163 0.205511 -2.40179 0 0 0.367093
0.633138 -0.476574 0.0239738 2.92123 0.205841 -2.40195 0 0 0.366735
0.633125 -0.476547 0.0239833 2.92082 0.206171 -2.40211 0 0 0.366377
0.633112 -0.476519 0.0239931 2.9204 0.206512 -2.40227 0 0 0.36602
0.633099 -0.476492 0.0240025 2.92 0.206842 -2.40243 0 0 0.365662
0.633086 -0.476464 0.0240123 2.91958 0.207183 -2.4026 0 0 0.365304
0.633073 -0.476437 0.0240218 2.91917 0.207512 -2.40276 0 0 0.364947
0.63306 -0.47641 0.0240312 2.91876 0.207841 -2.40292 0 0 0.364589
0.633047 -0.476382 0.024041 2.91834 0.208182 -2.40308 0 0 0.364231
0.633034 -0.476355 0.0240505 2.91794 0.208511 -2.40324 0 0 0.363873
0.633021 -0.476328 0.0240599 2.91753 0.20884 -2.40341 0 0 0.363516
0.633008 -0.4763 0.0240697 2.91711 0.20918 -2.40357 0 0 0.363158
0.632995 -0.476273 0.0240792 2.9167 0.209509 -2.40374 0 0 0.3628
0.632982 -0.476245 0.024089 2.91628 0.209849 -2.4039 0 0 0.362443
0.632969 -0.476218 0.0240984 2.91588 0.210177 -2.40407 0 0 0.362
0.632953 -0.476189 0.0241086 2.91544 0.21053 -2.40424 0 0 0.360941
0.632937 -0.47616 0.0241187 2.915 0.210882 -2.40442 0 0 0.359882
0.632922 -0.476132 0.0241285 2.91458 0.211222 -2.40459 0 0 0.358823
0.632906 -0.476103 0.0241387 2.91414 0.211574 -2.40476 0 0 0.357764
0.63289 -0.476074 0.0241488 2.9137 0.211926 -2.40494 0 0 0.356705
0.632875 -0.476046 0.0241586 2.91328 0.212265 -2.40511 0 0 0.355646
0.632859 -0.476017 0.0241688 2.91284 0.212617 -2.40529 0 0 0.354587
0.632843 -0.475988 0.0241789 2.91241 0.212968 -2.40546 0 0 0.353528
0.632828 -0.475959 0.0241891 2.91197 0.213319 -2.40564 0 0 0.352469
0.632812 -0.475931 0.0241989 2.91154 0.213658 -2.40581 0 0 0.35141
0.632797 -0.475902 0.024209 2.9111 0.214009 -2.40599 0 0 0.350351
0.632781 -0.475873 0.0242192 2.91067 0.21436 -2.40617 0 0 0.349292
0.632765 -0.475844 0.0242293 2.91023 0.214711 -2.40635 0 0 0.348232
0.63275 -0.475816 0.0242391 2.9098 0.215049 -2.40652 0 0 0.347173
0.632734 -0.475787 0.0242492 2.90936 0.2154 -2.4067 0 0 0.346114
0.632718 -0.475758 0.0242594 2.90892 0.21575 -2.40688 0 0 0.345055
0.632703 -0.47573 0.0242692 2.9085 0.216088 -2.40705 0 0 0.343996
0.632687 -0.475701 0.0242793 2.90806 0.216438 -2.40723 0 0 0.342937
0.632671 -0.475672 0.0242895 2.90762 0.216788 -2.40741 0 0 0.341878
0.632656 -0.475643 0.0242996 2.90718 0.217137 -2.4076 0 0 0.340819
0.63264 -0.475615 0.0243094 2.90675 0.217475 -2.40777 0 0 0.33976
0.632625 -0.475586 0.0243196 2.90631 0.217824 -2.40795 0 0 0.338688
0.632607 -0.475555 0.0243304 2.90584 0.218198 -2.40815 0 0 0.337094
0.632589 -0.475523 0.0243416 2.90535 0.218583 -2.40835 0 0 0.3355
0.632571 -0.475492 0.0243525 2.90488 0.218956 -2.40854 0 0 0.333905
0.632553 -0.475461 0.0243633 2.90441 0.219329 -2.40874 0 0 0.332311
0.632535 -0.47543 0.0243742 2.90394 0.219701 -2.40894 0 0 0.330717
0.632517 -0.475399 0.024385 2.90347 0.220074 -2.40913 0 0 0.329122
0.632499 -0.475367 0.0243962 2.90298 0.220458 -2.40934 0 0 0.327528
0.632481 -0.475336 0.0244071 2.90251 0.22083 -2.40953 0 0 0.325934
0.632463 -0.475305 0.0244179 2.90203 0.221202 -2.40973 0 0 0.32434
0.632445 -0.475274 0.0244288 2.90156 0.221574 -2.40993 0 0 0.322745
0.632427 -0.475243 0.0244396 2.90109 0.221945 -2.41013 0 0 0.321151
0.632409 -0.475211 0.0244508 2.9006 0.222329 -2.41033 0 0 0.319557
0.632391 -0.47518 0.0244617 2.90013 0.2227 -2.41053 0 0 0.317962
0.632373 -0.475149 0.0244725 2.89965 0.223071 -2.41073 0 0 0.316368
0.632355 -0.475118 0.0244834 2.89918 0.223442 -2.41093 0 0 0.314774
0.632337 -0.475087 0.0244942 2.8987 0.223813 -2.41113 0 0 0.313179
0.632317 -0.475055 0.0245054 2.89821 0.224195 -2.41134 0 0 0.311764
0.632295 -0.475021 0.0245173 2.89769 0.224601 -2.41156 0 0 0.310568
0.632273 -0.474988 0.0245289 2.89719 0.224995 -2.41178 0 0 0.309372
0.632251 -0.474955 0.0245404 2.89668 0.225389 -2.41199 0 0 0.308176
0.632228 -0.474922 0.024552 2.89618 0.225782 -2.41221 0 0 0.306981
0.632206 -0.474889 0.0245635 2.89567 0.226176 -2.41242 0 0 0.305785
0.632184 -0.474856 0.024575 2.89516 0.226569 -2.41264 0 0 0.304589
0.632162 -0.474823 0.0245866 2.89466 0.226962 -2.41286 0 0 0.303393
0.63214 -0.47479 0.0245981 2.89415 0.227355 -2.41307 0 0 0.302197
0.632118 -0.474757 0.0246097 2.89364 0.227747 -2.41329 0 0 0.301001
0.632096 -0.474723 0.0246216 2.89312 0.228152 -2.41352 0 0 0.299805
0.632074 -0.47469 0.0246331 2.89261 0.228544 -2.41373 0 0 0.298609
0.632052 -0.474657 0.0246447 2.8921 0.228936 -2.41395 0 0 0.297413
0.63203 -0.474624 0.0246562 2.8916 0.229327 -2.41417 0 0 0.296217
0.632008 -0.474591 0.0246678 2.89109 0.229719 -2.41439 0 0 0.295021
0.631986 -0.474558 0.0246793 2.89058 0.23011 -2.41461 0 0 0.293825
0.631964 -0.474525 0.0246909 2.89007 0.230501 -2.41483 0 0 0.292629
0.631938 -0.474489 0.0247035 2.88952 0.230927 -2.41508 0 0 0.291029
0.631912 -0.474454 0.0247157 2.88898 0.231342 -2.41531 0 0 0.289372
0.631886 -0.474418 0.0247283 2.88842 0.231767 -2.41555 0 0 0.287716
0.63186 -0.474383 0.0247406 2.88788 0.232181 -2.41579 0 0 0.286059
0.631834 -0.474347 0.0247532 2.88732 0.232606 -2.41603 0 0 0.284403
0.631808 -0.474312 0.0247654 2.88678 0.23302 -2.41627 0 0 0.282746
0.631782 -0.474276 0.024778 2.88623 0.233444 -2.41651 0 0 0.28109
0.631756 -0.474241 0.0247903 2.88568 0.233857 -2.41675 0 0 0.279433
0.63173 -0.474205 0.0248029 2.88513 0.234281 -2.417 0 0 0.277776
0.631704 -0.47417 0.0248151 2.88458 0.234694 -2.41724 0 0 0.27612
0.631678 -0.474134 0.0248277 2.88403 0.235117 -2.41748 0 0 0.274463
0.631652 -0.474099 0.02484 2.88348 0.235529 -2.41772 0 0 0.272807
0.631626 -0.474063 0.0248526 2.88293 0.235952 -2.41797 0 0 0.27115
0.6316 -0.474028 0.0248648 2.88238 0.236364 -2.41821 0 0 0.269494
0.631574 -0.473992 0.0248774 2.88182 0.236786 -2.41846 0 0 0.267837
0.631548 -0.473957 0.0248896 2.88128 0.237197 -2.4187 0 0 0.266181
0.631521 -0.473921 0.0249022 2.88072 0.237619 -2.41895 0 0 0.264524
0.631495 -0.473886 0.0249145 2.88018 0.238029 -2.41919 0 0 0.262868
0.631469 -0.47385 0.0249271 2.87962 0.238451 -2.41944 0 0 0.261211
0.631443 -0.473815 0.0249393 2.87907 0.23886 -2.41969 0 0 0.259555
0.631417 -0.473779 0.0249519 2.87851 0.239281 -2.41994 0 0 0.257898
0.631391 -0.473744 0.0249642 2.87797 0.23969 -2.42018 0 0 0.256242
0.631362 -0.473707 0.0249771 2.87739 0.240123 -2.42044 0 0 0.255314
0.631332 -0.473669 0.0249904 2.8768 0.240566 -2.42071 0 0 0.254593
0.631301 -0.473632 0.0250034 2.87622 0.240998 -2.42097 0 0 0.253871
0.631271 -0.473594 0.0250167 2.87563 0.241441 -2.42124 0 0 0.253149
0.631241 -0.473557 0.0250296 2.87505 0.241872 -2.4215 0 0 0.252427
0.631211 -0.473519 0.0250429 2.87445 0.242314 -2.42177 0 0 0.251706
0.631181 -0.473482 0.0250559 2.87388 0.242744 -2.42203 0 0 0.250984
0.63115 -0.473444 0.0250692 2.87328 0.243186 -2.4223 0 0 0.250262
0.63112 -0.473407 0.0250821 2.8727 0.243616 -2.42257 0 0 0.24954
0.63109 -0.473369 0.0250954 2.87211 0.244057 -2.42284 0 0 0.248819
0.63106 -0.473331 0.0251087 2.87151 0.244497 -2.42311 0 0 0.248097
0.631029 -0.473294 0.0251217 2.87093 0.244926 -2.42337 0 0 0.247375
0.630999 -0.473256 0.025135 2.87034 0.245366 -2.42365 0 0 0.246653
0.630969 -0.473219 0.0251479 2.86976 0.245794 -2.42391 0 0 0.245932
0.630939 -0.473181 0.0251612 2.86916 0.246234 -2.42419 0 0 0.24521
0.630908 -0.473144 0.0251742 2.86858 0.246661 -2.42446 0 0 0.244488
0.630878 -0.473106 0.0251874 2.86798 0.2471 -2.42473 0 0 0.243935
0.630847 -0.473066 0.0252014 2.86735 0.247562 -2.42502 0 0 0.244025
0.630815 -0.473027 0.0252151 2.86674 0.248011 -2.42531 0 0 0.244116
0.630784 -0.472987 0.0252291 2.86611 0.248472 -2.4256 0 0 0.244207
0.630753 -0.472948 0.0252427 2.8655 0.248921 -2.42588 0 0 0.244297
0.630721 -0.472908 0.0252567 2.86487 0.249381 -2.42618 0 0 0.244388
0.63069 -0.472869 0.0252704 2.86425 0.249829 -2.42646 0 0 0.244478
0.630659 -0.472829 0.0252844 2.86362 0.250288 -2.42676 0 0 0.244569
0.630627 -0.47279 0.025298 2.86301 0.250736 -2.42704 0 0 0.24466
0.630596 -0.47275 0.025312 2.86238 0.251194 -2.42734 0 0 0.24475
0.630565 -0.472711 0.0253257 2.86176 0.251641 -2.42763 0 0 0.244841
0.630534 -0.472671 0.0253408 2.86123 0.252024 -2.42787 0 0 0.244931
0.630502 -0.472632 0.0253579 2.86092 0.252248 -2.42802 0 0 0.245022
0.630471 -0.472592 0.0253754 2.8606 0.252479 -2.42817 0 0 0.245113
0.63044 -0.472553 0.0253925 2.86029 0.252703 -2.42832 0 0 0.245203
0.630408 -0.472513 0.02541 2.85997 0.252933 -2.42847 0 0 0.245294
0.630377 -0.472474 0.0254271 2.85966 0.253157 -2.42861 0 0 0.245385
0.630345 -0.472434 0.0254446 2.85935 0.253387 -2.42876 0 0 0.246471
0.630313 -0.472394 0.0254621 2.85903 0.253617 -2.42891 0 0 0.248132
0.630281 -0.472354 0.0254796 2.85871 0.253847 -2.42906 0 0 0.249794
0.630249 -0.472314 0.0254971 2.85839 0.254076 -2.42921 0 0 0.251455
0.630216 -0.472274 0.0255146 2.85807 0.254306 -2.42937 0 0 0.253116
0.630184 -0.472234 0.0255321 2.85775 0.254535 -2.42952 0 0 0.254777
0.630152 -0.472194 0.0255496 2.85743 0.254764 -2.42967 0 0 0.256438
0.63012 -0.472154 0.0255671 2.85711 0.254994 -2.42982 0 0 0.2581
0.630088 -0.472115 0.0255842 2.8568 0.255217 -2.42997 0 0 0.259761
0.630056 -0.472075 0.0256017 2.85648 0.255446 -2.43012 0 0 0.261422
0.630023 -0.472035 0.0256192 2.85616 0.255675 -2.43027 0 0 0.263083
0.629991 -0.471995 0.0256368 2.85584 0.255904 -2.43042 0 0 0.264744
0.629959 -0.471955 0.0256543 2.85552 0.256133 -2.43057 0 0 0.266406
0.629927 -0.471915 0.0256718 2.8552 0.256362 -2.43073 0 0 0.268067
0.629895 -0.471875 0.0256893 2.85488 0.256591 -2.43088 0 0 0.269728
0.629862 -0.471835 0.0257068 2.85456 0.256819 -2.43103 0 0 0.271389
0.62983 -0.471795 0.0257243 2.85424 0.257048 -2.43119 0 0 0.27305
0.629798 -0.471755 0.0257418 2.85392 0.257276 -2.43134 0 0 0.274712
0.629766 -0.471715 0.0257593 2.8536 0.257504 -2.43149 0 0 0.276373
0.629734 -0.471675 0.0257768 2.85328 0.257733 -2.43164 0 0 0.278034
0.629702 -0.471635 0.0257943 2.85296 0.257961 -2.4318 0 0 0.279695
0.629669 -0.471595 0.0258119 2.85264 0.258189 -2.43195 0 0 0.281356
0.629638 -0.471555 0.0258294 2.85232 0.258417 -2.43211 0 0 0.283783
0.629607 -0.471513 0.0258477 2.85198 0.258656 -2.43227 0 0 0.286871
0.629575 -0.471472 0.0258657 2.85165 0.25889 -2.43243 0 0 0.289958
0.629544 -0.471431 0.0258836 2.85132 0.259123 -2.43258 0 0 0.293046
0.629513 -0.471389 0.025902 2.85098 0.259362 -2.43275 0 0 0.296133
0.629482 -0.471348 0.02592 2.85066 0.259595 -2.43291 0 0 0.299221
0.629451 -0.471307 0.0259379 2.85033 0.259828 -2.43306 0 0 0.302308
0.62942 -0.471265 0.0259563 2.84999 0.260067 -2.43323 0 0 0.305395
0.629388 -0.471224 0.0259743 2.84966 0.2603 -2.43339 0 0 0.308483
0.629357 -0.471183 0.0259922 2.84933 0.260533 -2.43355 0 0 0.31157
0.629326 -0.471141 0.0260106 2.84899 0.260771 -2.43371 0 0 0.314658
0.629295 -0.4711 0.0260285 2.84866 0.261004 -2.43387 0 0 0.317745
0.629264 -0.471059 0.0260465 2.84833 0.261236 -2.43403 0 0 0.320832
0.629232 -0.471017 0.0260649 2.84799 0.261475 -2.43419 0 0 0.32392
0.629201 -0.470976 0.0260828 2.84766 0.261707 -2.43435 0 0 0.327007
0.62917 -0.470935 0.0261008 2.84733 0.261939 -2.43451 0 0 0.330095
0.629139 -0.470893 0.0261192 2.84699 0.262177 -2.43468 0 0 0.333182
0.629109 -0.470853 0.0261367 2.84667 0.262403 -2.43483 0 0 0.336779
0.62908 -0.470813 0.0261542 2.84635 0.26263 -2.43499 0 0 0.340396
0.629051 -0.470773 0.0261717 2.84602 0.262856 -2.43515 0 0 0.344012
0.629021 -0.470733 0.0261892 2.8457 0.263082 -2.43531 0 0 0.347628
0.628992 -0.470692 0.0262071 2.84537 0.263314 -2.43547 0 0 0.351245
0.628962 -0.470652 0.0262247 2.84505 0.26354 -2.43562 0 0 0.354861
0.628933 -0.470612 0.0262422 2.84472 0.263766 -2.43578 0 0 0.358478
0.628903 -0.470572 0.0262597 2.8444 0.263991 -2.43594 0 0 0.362094
0.628874 -0.470532 0.0262772 2.84408 0.264217 -2.4361 0 0 0.36571
0.628844 -0.470492 0.0262947 2.84375 0.264443 -2.43626 0 0 0.369327
0.628815 -0.470452 0.0263122 2.84343 0.264668 -2.43641 0 0 0.372943
0.628786 -0.470411 0.0263302 2.8431 0.264899 -2.43658 0 0 0.376559
0.628756 -0.470371 0.0263477 2.84277 0.265124 -2.43674 0 0 0.380176
0.628727 -0.470331 0.0263652 2.84245 0.26535 -2.4369 0 0 0.383792
0.628697 -0.470291 0.0263827 2.84212 0.265575 -2.43705 0 0 0.387408
0.628668 -0.470251 0.0264002 2.8418 0.2658 -2.43721 0 0 0.391025
0.628639 -0.470211 0.0264177 2.84148 0.266025 -2.43737 0 0 0.394899
0.628612 -0.470173 0.0264343 2.84117 0.266238 -2.43752 0 0 0.399177
0.628585 -0.470135 0.026451 2.84086 0.266452 -2.43768 0 0 0.403454
0.628559 -0.470097 0.0264676 2.84055 0.266665 -2.43783 0 0 0.407732
0.628532 -0.470059 0.0264842 2.84024 0.266879 -2.43798 0 0 0.412009
0.628505 -0.470021 0.0265009 2.83993 0.267092 -2.43813 0 0 0.416287
0.628478 -0.469982 0.026518 2.83962 0.267311 -2.43829 0 0 0.420564
0.628451 -0.469944 0.0265346 2.83931 0.267524 -2.43844 0 0 0.424842
0.628424 -0.469906 0.0265512 2.839 0.267737 -2.43859 0 0 0.429119
0.628397 -0.469868 0.0265679 2.83869 0.26795 -2.43875 0 0 0.433397
0.62837 -0.46983 0.0265845 2.83838 0.268162 -2.4389 0 0 0.437674
0.628343 -0.469791 0.0266016 2.83806 0.268381 -2.43906 0 0 0.441952
0.628316 -0.469753 0.0266182 2.83776 0.268593 -2.43921 0 0 0.446229
0.628289 -0.469715 0.0266348 2.83745 0.268806 -2.43936 0 0 0.450507
0.628262 -0.469677 0.0266515 2.83714 0.269018 -2.43952 0 0 0.454784
0.628235 -0.469639 0.0266681 2.83683 0.269231 -2.43967 0 0 0.459062
0.628208 -0.4696 0.0266852 2.83651 0.269449 -2.43983 0 0 0.463339
0.628181 -0.469562 0.0267018 2.8362 0.269661 -2.43998 0 0 0.467616
0.628154 -0.469524 0.0267184 2.83589 0.269873 -2.44014 0 0 0.471894
0.628128 -0.469486 0.0267351 2.83558 0.270085 -2.44029 0 0 0.476171
0.628101 -0.469448 0.0267517 2.83527 0.270297 -2.44045 0 0 0.480449
0.628074 -0.46941 0.0267684 2.83496 0.270509 -2.4406 0 0 0.484726
0.628047 -0.469371 0.0267854 2.83464 0.270726 -2.44076 0 0 0.489069
0.628019 -0.469333 0.0268021 2.83433 0.270938 -2.44091 0 0 0.493568
0.627991 -0.469295 0.0268187 2.83402 0.271149 -2.44107 0 0 0.498067
0.627963 -0.469257 0.0268353 2.83371 0.271361 -2.44122 0 0 0.502565
0.627936 -0.469219 0.026852 2.8334 0.271572 -2.44138 0 0 0.507064
0.627908 -0.469181 0.0268686 2.83309 0.271783 -2.44154 0 0 0.511563
0.62788 -0.469143 0.0268852 2.83278 0.271995 -2.44169 0 0 0.516062
0.627852 -0.469105 0.0269019 2.83247 0.272206 -2.44185 0 0 0.520561
0.627825 -0.469067 0.0269185 2.83216 0.272417 -2.442 0 0 0.52506
0.627797 -0.469029 0.0269351 2.83185 0.272628 -2.44216 0 0 0.529559
0.627769 -0.468991 0.0269518 2.83153 0.272839 -2.44232 0 0 0.534057
0.627741 -0.468953 0.0269684 2.83122 0.27305 -2.44247 0 0 0.538556
0.627714 -0.468915 0.026985 2.83091 0.27326 -2.44263 0 0 0.543055
0.627686 -0.468877 0.0270017 2.8306 0.273471 -2.44279 0 0 0.547554
0.627658 -0.468839 0.0270183 2.83029 0.273681 -2.44294 0 0 0.552053
0.627631 -0.468801 0.0270349 2.82998 0.273892 -2.4431 0 0 0.556552
0.627603 -0.468763 0.0270516 2.82967 0.274102 -2.44326 0 0 0.561051
0.627574 -0.468725 0.0270682 2.82935 0.274312 -2.44341 0 0 0.565935
0.627545 -0.468688 0.0270844 2.82905 0.274517 -2.44357 0 0 0.57097
0.627516 -0.46865 0.027101 2.82874 0.274727 -2.44372 0 0 0.576004
0.627487 -0.468612 0.0271177 2.82843 0.274937 -2.44388 0 0 0.581038
0.627457 -0.468575 0.0271339 2.82812 0.275141 -2.44404 0 0 0.586072
0.627428 -0.468537 0.0271505 2.82781 0.275351 -2.44419 0 0 0.591107
0.627399 -0.4685 0.0271667 2.82751 0.275555 -2.44435 0 0 0.596141
0.62737 -0.468462 0.0271833 2.82719 0.275765 -2.44451 0 0 0.601175
0.627341 -0.468425 0.0271995 2.82689 0.275969 -2.44466 0 0 0.606209
0.627312 -0.468387 0.0272162 2.82658 0.276178 -2.44482 0 0 0.611244
0.627282 -0.46835 0.0272324 2.82627 0.276382 -2.44497 0 0 0.616278
0.627253 -0.468312 0.027249 2.82596 0.276591 -2.44513 0 0 0.621312
0.627224 -0.468275 0.0272652 2.82566 0.276795 -2.44529 0 0 0.626346
0.627195 -0.468237 0.0272818 2.82534 0.277004 -2.44545 0 0 0.631381
0.627166 -0.4682 0.027298 2.82504 0.277207 -2.4456 0 0 0.636415
0.627136 -0.468162 0.0273147 2.82473 0.277416 -2.44576 0 0 0.641449
0.627107 -0.468125 0.0273309 2.82442 0.277619 -2.44592 0 0 0.64649
0.627079 -0.468088 0.0273471 2.82412 0.277823 -2.44607 0 0 0.65157
0.62705 -0.46805 0.0273637 2.8238 0.278031 -2.44623 0 0 0.656651
0.627022 -0.468013 0.0273799 2.8235 0.278234 -2.44639 0 0 0.661731
0.626993 -0.467976 0.0273961 2.82319 0.278437 -2.44654 0 0 0.666811
0.626965 -0.467939 0.0274123 2.82289 0.27864 -2.4467 0 0 0.671892
0.626936 -0.467902 0.0274285 2.82258 0.278843 -2.44686 0 0 0.676972
0.626908 -0.467865 0.0274447 2.82228 0.279045 -2.44701 0 0 0.682052
0.626879 -0.467828 0.0274609 2.82197 0.279248 -2.44717 0 0 0.687133
0.626851 -0.467791 0.0274771 2.82166 0.27945 -2.44733 0 0 0.692213
0.626822 -0.467754 0.0274933 2.82136 0.279653 -2.44748 0 0 0.697293
0.626793 -0.467717 0.0275095 2.82105 0.279855 -2.44764 0 0 0.702374
0.626765 -0.46768 0.0275257 2.82075 0.280057 -2.4478 0 0 0.707454
0.626736 -0.467643 0.0275419 2.82044 0.280259 -2.44795 0 0 0.712534
0.626708 -0.467606 0.0275581 2.82013 0.280461 -2.44811 0 0 0.717615
0.626679 -0.467568 0.0275747 2.81982 0.280669 -2.44827 0 0 0.722695
0.626651 -0.467531 0.0275909 2.81951 0.280871 -2.44843 0 0 0.727775
0.626622 -0.467494 0.0276071 2.81921 0.281072 -2.44859 0 0 0.732856
0.626594 -0.467457 0.0276233 2.8189 0.281274 -2.44875 0 0 0.737936
0.626565 -0.46742 0.0276395 2.81859 0.281476 -2.4489 0 0 0.743016
0.626537 -0.467383 0.0276557 2.81829 0.281677 -2.44906 0 0 0.748097
0.626508 -0.467346 0.0276719 2.81798 0.281878 -2.44922 0 0 0.753177
0.62648 -0.467309 0.0276881 2.81767 0.28208 -2.44938 0 0 0.75826
0.626451 -0.467272 0.0277043 2.81737 0.282281 -2.44954 0 0 0.763387
0.626423 -0.467235 0.0277205 2.81706 0.282482 -2.4497 0 0 0.768514
0.626394 -0.467198 0.0277367 2.81675 0.282683 -2.44986 0 0 0.773641
0.626366 -0.467161 0.0277529 2.81645 0.282884 -2.45002 0 0 0.778768
0.626337 -0.467124 0.0277691 2.81614 0.283085 -2.45017 0 0 0.783895
0.626309 -0.467087 0.0277853 2.81583 0.283285 -2.45033 0 0 0.789022
0.626281 -0.46705 0.0278015 2.81552 0.283486 -2.45049 0 0 0.79415
0.626252 -0.467013 0.0278177 2.81522 0.283687 -2.45065 0 0 0.799277
0.626224 -0.466976 0.0278339 2.81491 0.283887 -2.45081 0 0 0.804404
0.626195 -0.466939 0.02785 2.8146 0.284087 -2.45097 0 0 0.809531
0.626167 -0.466902 0.0278662 2.81429 0.284288 -2.45113 0 0 0.814658
0.626139 -0.466865 0.0278824 2.81398 0.284488 -2.45129 0 0 0.819785
0.62611 -0.466828 0.0278986 2.81368 0.284688 -2.45145 0 0 0.824913
0.626082 -0.466791 0.0279148 2.81337 0.284888 -2.45161 0 0 0.83004
0.626053 -0.466753 0.0279315 2.81305 0.285093 -2.45178 0 0 0.835167
0.626025 -0.466716 0.0279477 2.81274 0.285293 -2.45194 0 0 0.840294
0.625997 -0.46668 0.0279634 2.81244 0.285487 -2.4521 0 0 0.845447
0.625969 -0.466643 0.0279796 2.81214 0.285687 -2.45226 0 0 0.850628
0.625941 -0.466606 0.0279958 2.81183 0.285886 -2.45242 0 0 0.855808
0.625913 -0.46657 0.0280116 2.81153 0.28608 -2.45257 0 0 0.860989
0.625885 -0.466533 0.0280278 2.81122 0.28628 -2.45274 0 0 0.86617
0.625857 -0.466496 0.028044 2.81091 0.286479 -2.4529 0 0 0.871351
0.625829 -0.46646 0.0280597 2.81061 0.286673 -2.45305 0 0 0.876532
0.625801 -0.466423 0.0280759 2.8103 0.286872 -2.45322 0 0 0.881713
0.625773 -0.466386 0.0280921 2.80999 0.287071 -2.45338 0 0 0.886893
0.625745 -0.46635 0.0281079 2.80969 0.287264 -2.45354 0 0 0.892074
0.625717 -0.466313 0.0281241 2.80938 0.287463 -2.4537 0 0 0.897255
0.625689 -0.466276 0.0281403 2.80907 0.287661 -2.45386 0 0 0.902436
0.625661 -0.46624 0.028156 2.80877 0.287855 -2.45402 0 0 0.907617
0.625633 -0.466203 0.0281722 2.80846 0.288053 -2.45418 0 0 0.912798
0.625605 -0.466167 0.028188 2.80816 0.288246 -2.45434 0 0 0.917978
0.625577 -0.46613 0.0282042 2.80785 0.288444 -2.4545 0 0 0.923159
0.625549 -0.466093 0.0282204 2.80754 0.288643 -2.45467 0 0 0.92834
0.625522 -0.466058 0.0282357 2.80725 0.28883 -2.45482 0 0 0.933902
0.625496 -0.466023 0.028251 2.80696 0.289017 -2.45497 0 0 0.939503
0.625469 -0.465988 0.0282664 2.80666 0.289204 -2.45513 0 0 0.945105
0.625442 -0.465953 0.0282817 2.80637 0.289392 -2.45528 0 0 0.950707
0.625415 -0.465918 0.028297 2.80608 0.289579 -2.45544 0 0 0.956308
0.625388 -0.465883 0.0283123 2.80578 0.289765 -2.45559 0 0 0.96191
0.625362 -0.465848 0.0283276 2.80549 0.289952 -2.45575 0 0 0.967512
0.625335 -0.465813 0.028343 2.80519 0.290139 -2.4559 0 0 0.973113
0.625308 -0.465778 0.0283583 2.8049 0.290326 -2.45606 0 0 0.978715
0.625281 -0.465743 0.0283736 2.80461 0.290512 -2.45621 0 0 0.984317
0.625254 -0.465708 0.0283889 2.80431 0.290699 -2.45637 0 0 0.989918
0.625227 -0.465673 0.0284042 2.80402 0.290885 -2.45653 0 0 0.99552
0.625201 -0.465638 0.0284196 2.80373 0.291072 -2.45668 0 0 1.00112
0.625174 -0.465603 0.0284349 2.80343 0.291258 -2.45684 0 0 1.00672
0.625147 -0.465568 0.0284502 2.80314 0.291444 -2.45699 0 0 1.01232
0.62512 -0.465533 0.0284655 2.80284 0.29163 -2.45715 0 0 1.01793
0.625093 -0.465498 0.0284809 2.80255 0.291816 -2.45731 0 0 1.02353
0.625067 -0.465463 0.0284962 2.80226 0.292002 -2.45746 0 0 1.02913
0.62504 -0.465428 0.0285115 2.80196 0.292188 -2.45762 0 0 1.03473
0.625013 -0.465393 0.0285268 2.80167 0.292373 -2.45778 0 0 1.04033
0.624986 -0.465358 0.0285421 2.80137 0.292559 -2.45793 0 0 1.04594
0.624959 -0.465323 0.0285575 2.80108 0.292745 -2.45809 0 0 1.05154
0.624934 -0.465288 0.0285728 2.80078 0.29293 -2.45825 0 0 1.0575
0.624908 -0.465254 0.0285877 2.8005 0.29311 -2.4584 0 0 1.06354
0.624882 -0.46522 0.0286026 2.80021 0.29329 -2.45855 0 0 1.06958
0.624857 -0.465186 0.0286174 2.79992 0.29347 -2.4587 0 0 1.07562
0.624831 -0.465152 0.0286323 2.79964 0.29365 -2.45886 0 0 1.08166
0.624806 -0.465117 0.0286476 2.79934 0.293835 -2.45902 0 0 1.08771
0.62478 -0.465083 0.0286625 2.79906 0.294014 -2.45917 0 0 1.09375
0.624755 -0.465049 0.0286774 2.79877 0.294194 -2.45932 0 0 1.09979
0.624729 -0.465015 0.0286923 2.79848 0.294373 -2.45948 0 0 1.10583
0.624704 -0.464981 0.0287072 2.79819 0.294553 -2.45963 0 0 1.11188
0.624678 -0.464946 0.0287225 2.7979 0.294737 -2.45979 0 0 1.11792
0.624652 -0.464912 0.0287374 2.79761 0.294916 -2.45994 0 0 1.12396
0.624627 -0.464878 0.0287523 2.79733 0.295095 -2.4601 0 0 1.13
0.624601 -0.464844 0.0287671 2.79704 0.295274 -2.46025 0 0 1.13604
0.624576 -0.46481 0.028782 2.79675 0.295453 -2.4604 0 0 1.14209
0.62455 -0.464776 0.0287969 2.79646 0.295632 -2.46056 0 0 1.14813
0.624525 -0.464741 0.0288122 2.79617 0.295816 -2.46072 0 0 1.15406
0.624502 -0.464707 0.0288271 2.79588 0.295995 -2.46087 0 0 1.15962
0.624478 -0.464673 0.028842 2.79559 0.296174 -2.46103 0 0 1.16518
0.624454 -0.464639 0.0288569 2.7953 0.296352 -2.46118 0 0 1.17075
0.624431 -0.464605 0.0288718 2.79502 0.29653 -2.46134 0 0 1.17631
0.624407 -0.464571 0.0288867 2.79473 0.296709 -2.46149 0 0 1.18187
0.624384 -0.464537 0.0289015 2.79444 0.296887 -2.46165 0 0 1.18743
0.62436 -0.464503 0.0289164 2.79415 0.297065 -2.4618 0 0 1.193
0.624337 -0.464469 0.0289313 2.79387 0.297243 -2.46196 0 0 1.19856
0.624313 -0.464435 0.0289462 2.79358 0.297421 -2.46211 0 0 1.20412
0.62429 -0.464401 0.028962 2.79326 0.297618 -2.46228 0 0 1.20968
0.624266 -0.464367 0.0289803 2.79285 0.297868 -2.4625 0 0 1.21524
0.624243 -0.464333 0.0289987 2.79245 0.298119 -2.46272 0 0 1.22081
0.624219 -0.464299 0.0290171 2.79204 0.298369 -2.46294 0 0 1.22637
0.624196 -0.464265 0.0290355 2.79163 0.298619 -2.46316 0 0 1.23193
0.624172 -0.464231 0.0290539 2.79123 0.298869 -2.46338 0 0 1.23749
0.624148 -0.464197 0.0290722 2.79082 0.299119 -2.4636 0 0 1.24305
0.624127 -0.464163 0.0290906 2.79041 0.299368 -2.46382 0 0 1.24887
0.624106 -0.464129 0.029109 2.79001 0.299617 -2.46405 0 0 1.2548
0.624086 -0.464095 0.0291274 2.7896 0.299867 -2.46427 0 0 1.26074
0.624065 -0.464061 0.0291457 2.78919 0.300116 -2.46449 0 0 1.26668
0.624045 -0.464028 0.0291636 2.78879 0.300357 -2.4647 0 0 1.27262
0.624024 -0.463994 0.0291819 2.78839 0.300606 -2.46493 0 0 1.27856
0.624004 -0.46396 0.0292003 2.78798 0.300855 -2.46515 0 0 1.2845
0.623983 -0.463926 0.0292187 2.78757 0.301103 -2.46537 0 0 1.29044
0.623963 -0.463892 0.0292371 2.78716 0.301352 -2.46559 0 0 1.29638
0.623942 -0.463859 0.0292549 2.78676 0.301592 -2.46581 0 0 1.30232
0.623922 -0.463825 0.0292733 2.78636 0.30184 -2.46603 0 0 1.30826
0.623901 -0.463791 0.0292917 2.78595 0.302088 -2.46626 0 0 1.3142
0.623881 -0.463757 0.02931 2.78554 0.302336 -2.46648 0 0 1.32014
0.62386 -0.463724 0.0293279 2.78514 0.302576 -2.4667 0 0 1.32607
0.62384 -0.46369 0.0293462 2.78473 0.302823 -2.46692 0 0 1.33201
0.623819 -0.463656 0.0293646 2.78432 0.303071 -2.46715 0 0 1.33795
0.623799 -0.463622 0.029383 2.78391 0.303318 -2.46737 0 0 1.34389
0.623778 -0.463588 0.0294014 2.7835 0.303564 -2.4676 0 0 1.34983
0.623758 -0.463555 0.0294192 2.7831 0.303804 -2.46781 0 0 1.35577
0.623737 -0.463521 0.0294376 2.78269 0.30405 -2.46804 0 0 1.36171
0.623717 -0.463487 0.029456 2.78228 0.304297 -2.46827 0 0 1.36765
0.623696 -0.463453 0.0294743 2.78187 0.304543 -2.46849 0 0 1.37359
0.623678 -0.463418 0.0294933 2.78145 0.304796 -2.46872 0 0 1.37883
0.623661 -0.463383 0.0295122 2.78103 0.305049 -2.46896 0 0 1.38353
0.623644 -0.463347 0.0295316 2.78059 0.305309 -2.4692 0 0 1.38823
0.623628 -0.463312 0.0295505 2.78017 0.305562 -2.46943 0 0 1.39293
0.623611 -0.463276 0.02957 2.77973 0.305822 -2.46967 0 0 1.39763
0.623594 -0.463241 0.0295889 2.77931 0.306074 -2.46991 0 0 1.40234
0.623578 -0.463205 0.0296084 2.77887 0.306334 -2.47015 0 0 1.40704
0.623561 -0.46317 0.0296273 2.77845 0.306586 -2.47038 0 0 1.41174
0.623544 -0.463134 0.0296468 2.77801 0.306845 -2.47062 0 0 1.41644
0.623528 -0.463099 0.0296657 2.77759 0.307096 -2.47086 0 0 1.42115
0.623511 -0.463063 0.0296851 2.77715 0.307355 -2.4711 0 0 1.42585
0.623494 -0.463027 0.0297046 2.77671 0.307613 -2.47134 0 0 1.43055
0.623478 -0.462992 0.0297235 2.77629 0.307865 -2.47158 0 0 1.43525
0.623461 -0.462956 0.029743 2.77585 0.308123 -2.47182 0 0 1.43995
0.623445 -0.462921 0.0297619 2.77542 0.308373 -2.47206 0 0 1.44466
0.623428 -0.462885 0.0297813 2.77499 0.308631 -2.4723 0 0 1.44936
0.623411 -0.46285 0.0298002 2.77456 0.308881 -2.47254 0 0 1.45406
0.623395 -0.462812 0.0298208 2.7741 0.309153 -2.4728 0 0 1.45803
0.623378 -0.462775 0.0298408 2.77365 0.309417 -2.47305 0 0 1.46199
0.623361 -0.462737 0.0298613 2.77318 0.309689 -2.4733 0 0 1.46596
0.623345 -0.4627 0.0298813 2.77273 0.309952 -2.47356 0 0 1.46992
0.623328 -0.462663 0.0299013 2.77228 0.310216 -2.47381 0 0 1.47388
0.623311 -0.462625 0.0299219 2.77182 0.310487 -2.47407 0 0 1.47785
0.623295 -0.462588 0.0299418 2.77137 0.31075 -2.47432 0 0 1.48181
0.623278 -0.46255 0.0299624 2.7709 0.31102 -2.47458 0 0 1.48577
0.623262 -0.462513 0.0299824 2.77045 0.311283 -2.47483 0 0 1.48974
0.623245 -0.462476 0.0300024 2.77 0.311545 -2.47508 0 0 1.4937
0.623228 -0.462438 0.0300229 2.76954 0.311815 -2.47535 0 0 1.49766
0.623212 -0.462401 0.0300429 2.76908 0.312077 -2.4756 0 0 1.50163
0.623195 -0.462363 0.0300635 2.76862 0.312346 -2.47586 0 0 1.50559
0.623179 -0.462326 0.0300835 2.76816 0.312608 -2.47611 0 0 1.50955
0.623162 -0.462289 0.0301034 2.76771 0.312869 -2.47637 0 0 1.51352
0.623145 -0.462251 0.030124 2.76725 0.313138 -2.47663 0 0 1.51748
0.623128 -0.462212 0.0301451 2.76677 0.313413 -2.4769 0 0 1.52079
0.623111 -0.46217 0.0301678 2.76625 0.313709 -2.47719 0 0 1.52319
0.623093 -0.462128 0.0301905 2.76574 0.314005 -2.47748 0 0 1.52559
0.623076 -0.462086 0.0302132 2.76522 0.314301 -2.47777 0 0 1.52799
0.623059 -0.462044 0.0302359 2.76471 0.314596 -2.47806 0 0 1.53039
0.623041 -0.462002 0.0302586 2.76419 0.314891 -2.47835 0 0 1.53279
0.623024 -0.46196 0.0302813 2.76367 0.315186 -2.47865 0 0 1.53519
0.623006 -0.461918 0.030304 2.76316 0.31548 -2.47894 0 0 1.53758
0.622989 -0.461876 0.0303267 2.76264 0.315775 -2.47923 0 0 1.53998
0.622971 -0.461834 0.0303494 2.76212 0.316069 -2.47952 0 0 1.54238
0.622954 -0.461792 0.0303721 2.76161 0.316362 -2.47982 0 0 1.54478
0.622936 -0.46175 0.0303948 2.76109 0.316656 -2.48011 0 0 1.54718
0.622919 -0.461708 0.0304175 2.76057 0.316949 -2.48041 0 0 1.54958
0.622902 -0.461666 0.0304402 2.76005 0.317242 -2.4807 0 0 1.55198
0.622884 -0.461624 0.0304629 2.75953 0.317534 -2.48099 0 0 1.55438
0.622867 -0.461582 0.0304856 2.75902 0.317826 -2.48129 0 0 1.55678
0.622849 -0.46154 0.0305083 2.7585 0.318118 -2.48159 0 0 1.55918
0.622832 -0.461498 0.030531 2.75798 0.31841 -2.48188 0 0 1.56158
0.622814 -0.461456 0.0305537 2.75746 0.318702 -2.48218 0 0 1.56398
0.622797 -0.461414 0.0305764 2.75694 0.318993 -2.48247 0 0 1.56638
0.622779 -0.461372 0.0305991 2.75642 0.319284 -2.48277 0 0 1.56878
0.622762 -0.46133 0.0306218 2.7559 0.319574 -2.48307 0 0 1.57118
0.622744 -0.461287 0.030645 2.75537 0.319871 -2.48337 0 0 1.57293
0.622724 -0.461241 0.0306699 2.7548 0.320189 -2.4837 0 0 1.57332
0.622704 -0.461195 0.0306947 2.75423 0.320506 -2.48403 0 0 1.57372
0.622684 -0.461148 0.0307201 2.75364 0.32083 -2.48436 0 0 1.57411
0.622664 -0.461102 0.030745 2.75307 0.321147 -2.48469 0 0 1.5745
0.622644 -0.461056 0.0307699 2.7525 0.321463 -2.48502 0 0 1.57489
0.622624 -0.46101 0.0307947 2.75193 0.321779 -2.48535 0 0 1.57529
0.622604 -0.460964 0.0308196 2.75136 0.322094 -2.48567 0 0 1.57568
0.622584 -0.460917 0.030845 2.75077 0.322416 -2.48601 0 0 1.57607
0.622564 -0.460871 0.0308698 2.7502 0.322731 -2.48634 0 0 1.57646
0.622544 -0.460825 0.0308947 2.74963 0.323046 -2.48667 0 0 1.57685
0.622524 -0.460779 0.0309196 2.74905 0.32336 -2.487 0 0 1.57725
0.622504 -0.460733 0.0309444 2.74848 0.323674 -2.48733 0 0 1.57764
0.622485 -0.460686 0.0309698 2.74789 0.323994 -2.48767 0 0 1.57803
0.622465 -0.46064 0.0309947 2.74732 0.324307 -2.488 0 0 1.57842
0.622445 -0.460594 0.0310196 2.74675 0.32462 -2.48834 0 0 1.57882
0.622425 -0.460548 0.0310444 2.74617 0.324932 -2.48867 0 0 1.57921
0.622403 -0.460496 0.0310725 2.74552 0.325285 -2.48905 0 0 1.57942
0.622381 -0.460443 0.0311012 2.74486 0.325644 -2.48943 0 0 1.57956
0.622359 -0.46039 0.0311298 2.7442 0.326002 -2.48982 0 0 1.57971
0.622337 -0.460337 0.0311585 2.74353 0.32636 -2.4902 0 0 1.57985
0.622315 -0.460284 0.0311871 2.74287 0.326718 -2.49059 0 0 1.58
0.622292 -0.460231 0.0312157 2.7422 0.327075 -2.49097 0 0 1.58014
0.62227 -0.460178 0.0312444 2.74154 0.327432 -2.49136 0 0 1.58029
0.622248 -0.460125 0.031273 2.74087 0.327788 -2.49175 0 0 1.58044
0.622226 -0.460071 0.0313022 2.7402 0.32815 -2.49215 0 0 1.58058
0.622204 -0.460018 0.0313309 2.73953 0.328505 -2.49253 0 0 1.58073
0.622182 -0.459965 0.0313595 2.73886 0.32886 -2.49292 0 0 1.58088
0.62216 -0.459912 0.0313882 2.7382 0.329214 -2.49331 0 0 1.58102
0.622138 -0.459859 0.0314168 2.73753 0.329568 -2.4937 0 0 1.58117
0.622115 -0.459806 0.0314454 2.73686 0.329921 -2.4941 0 0 1.58131
0.622093 -0.459753 0.0314741 2.73619 0.330274 -2.49449 0 0 1.58146
0.622071 -0.4597 0.0315027 2.73553 0.330626 -2.49488 0 0 1.58161
0.622049 -0.459645 0.0315325 2.73483 0.330991 -2.49529 0 0 1.58161
0.622025 -0.459585 0.0315649 2.73407 0.331389 -2.49573 0 0 1.58093
0.622001 -0.459525 0.0315973 2.73332 0.331786 -2.49618 0 0 1.58025
0.621977 -0.459464 0.0316303 2.73255 0.332189 -2.49663 0 0 1.57957
0.621953 -0.459404 0.0316627 2.73179 0.332585 -2.49708 0 0 1.57889
0.621929 -0.459344 0.0316951 2.73103 0.33298 -2.49753 0 0 1.57821
0.621906 -0.459283 0.0317281 2.73025 0.333381 -2.49799 0 0 1.57754
0.621882 -0.459223 0.0317605 2.72949 0.333774 -2.49844 0 0 1.57686
0.621858 -0.459163 0.031793 2.72873 0.334167 -2.49889 0 0 1.57618
0.621834 -0.459102 0.0318259 2.72796 0.334566 -2.49934 0 0 1.5755
0.62181 -0.459042 0.0318584 2.7272 0.334958 -2.4998 0 0 1.57482
0.621786 -0.458982 0.0318908 2.72644 0.33535 -2.50025 0 0 1.57414
0.621762 -0.458921 0.0319242 2.72564 0.335756 -2.50072 0 0 1.57347
0.621738 -0.458861 0.0319619 2.72467 0.336254 -2.5013 0 0 1.57279
0.621715 -0.458801 0.0319996 2.72369 0.336751 -2.50188 0 0 1.57211
0.621691 -0.45874 0.032038 2.7227 0.337255 -2.50247 0 0 1.57143
0.621667 -0.45868 0.0320757 2.72172 0.337749 -2.50306 0 0 1.57075
0.621643 -0.45862 0.0321134 2.72074 0.338243 -2.50364 0 0 1.57008
0.621619 -0.458559 0.0321517 2.71975 0.338744 -2.50424 0 0 1.5694
0.621595 -0.458499 0.0321894 2.71877 0.339235 -2.50482 0 0 1.56872
0.621571 -0.458439 0.0322271 2.71778 0.339726 -2.50541 0 0 1.56804
0.621548 -0.458378 0.0322654 2.71679 0.340224 -2.50601 0 0 1.56736
0.621524 -0.458318 0.0323031 2.7158 0.340712 -2.5066 0 0 1.5667
0.621498 -0.45825 0.0323458 2.71469 0.341265 -2.50727 0 0 1.56622
0.621473 -0.458182 0.0323885 2.71357 0.341816 -2.50795 0 0 1.56574
0.621447 -0.458115 0.0324306 2.71247 0.342357 -2.50861 0 0 1.56526
0.621422 -0.458047 0.0324734 2.71135 0.342906 -2.50929 0 0 1.56479
0.621396 -0.45798 0.0325155 2.71025 0.343445 -2.50995 0 0 1.56431
0.621371 -0.457912 0.0325582 2.70913 0.343991 -2.51063 0 0 1.56383
0.621345 -0.457844 0.0326009 2.708 0.344535 -2.51131 0 0 1.56335
0.62132 -0.457777 0.032643 2.7069 0.34507 -2.51198 0 0 1.56287
0.621294 -0.457709 0.0326857 2.70577 0.345612 -2.51267 0 0 1.56239
0.621269 -0.457642 0.0327278 2.70466 0.346145 -2.51334 0 0 1.56191
0.621243 -0.457574 0.0327705 2.70354 0.346684 -2.51403 0 0 1.56144
0.621218 -0.457506 0.0328133 2.70241 0.347221 -2.51471 0 0 1.56096
0.621193 -0.457439 0.0328554 2.70129 0.34775 -2.51539 0 0 1.56048
0.621167 -0.457371 0.0328981 2.70016 0.348285 -2.51608 0 0 1.56
0.621142 -0.457304 0.0329402 2.69905 0.34881 -2.51677 0 0 1.55952
0.621116 -0.457236 0.0329829 2.69792 0.349342 -2.51746 0 0 1.55905
0.621089 -0.457164 0.0330281 2.69672 0.349904 -2.5182 0 0 1.55862
0.621061 -0.457087 0.0330765 2.69543 0.350503 -2.51899 0 0 1.55826
0.621033 -0.45701 0.0331249 2.69414 0.351101 -2.51978 0 0 1.55789
0.621005 -0.456933 0.0331733 2.69285 0.351696 -2.52057 0 0 1.55753
0.620977 -0.456856 0.0332216 2.69156 0.35229 -2.52136 0 0 1.55716
0.620948 -0.456779 0.03327 2.69027 0.352882 -2.52216 0 0 1.55679
0.62092 -0.456702 0.0333184 2.68898 0.353472 -2.52296 0 0 1.55643
0.620892 -0.456624 0.0333674 2.68767 0.354067 -2.52377 0 0 1.55606
0.620864 -0.456547 0.0334158 2.68637 0.354654 -2.52457 0 0 1.55569
0.620835 -0.45647 0.0334642 2.68508 0.355238 -2.52538 0 0 1.55533
0.620807 -0.456393 0.0335125 2.68378 0.35582 -2.52619 0 0 1.55496
0.620779 -0.456316 0.0335609 2.68248 0.356401 -2.52699 0 0 1.5546
0.620751 -0.456239 0.0336093 2.68118 0.356979 -2.5278 0 0 1.55423
0.620723 -0.456162 0.0336577 2.67987 0.357556 -2.52862 0 0 1.55386
0.620694 -0.456085 0.033706 2.67857 0.358131 -2.52943 0 0 1.5535
0.620666 -0.456008 0.0337544 2.67726 0.358704 -2.53025 0 0 1.55313
0.620638 -0.455931 0.0338028 2.67596 0.359275 -2.53106 0 0 1.55276
0.620607 -0.455845 0.0338568 2.67449 0.35991 -2.53198 0 0 1.55231
0.620576 -0.455757 0.0339121 2.673 0.360558 -2.53292 0 0 1.55185
0.620545 -0.45567 0.0339668 2.67151 0.361195 -2.53385 0 0 1.55139
0.620513 -0.455583 0.0340214 2.67003 0.361831 -2.53478 0 0 1.55093
0.620482 -0.455495 0.0340767 2.66853 0.362471 -2.53573 0 0 1.55047
0.620451 -0.455408 0.0341314 2.66704 0.363101 -2.53666 0 0 1.55001
0.62042 -0.455321 0.034186 2.66555 0.363728 -2.53761 0 0 1.54955
0.620388 -0.455234 0.0342407 2.66406 0.364353 -2.53855 0 0 1.54909
0.620357 -0.455146 0.034296 2.66255 0.364983 -2.5395 0 0 1.54863
0.620326 -0.455059 0.0343507 2.66105 0.365603 -2.54045 0 0 1.54817
0.620295 -0.454972 0.0344053 2.65956 0.36622 -2.5414 0 0 1.54771
0.620264 -0.454884 0.0344606 2.65804 0.366842 -2.54236 0 0 1.54724
0.620232 -0.454797 0.0345153 2.65654 0.367454 -2.54332 0 0 1.54679
0.620201 -0.45471 0.0345699 2.65504 0.368063 -2.54427 0 0 1.54632
0.62017 -0.454622 0.0346252 2.65352 0.368677 -2.54524 0 0 1.54586
0.620139 -0.454535 0.0346863 2.65203 0.369276 -2.54619 0 0 1.5454
0.620108 -0.454448 0.0347518 2.65054 0.36987 -2.54715 0 0 1.54494
0.620076 -0.454361 0.0348173 2.64905 0.370461 -2.5481 0 0 1.54448
0.620045 -0.454273 0.0348835 2.64754 0.371056 -2.54906 0 0 1.54402
0.620014 -0.454186 0.034949 2.64605 0.371643 -2.55002 0 0 1.54356
0.619983 -0.454099 0.0350146 2.64455 0.372226 -2.55098 0 0 1.5431
0.619951 -0.454011 0.0350808 2.64304 0.372814 -2.55196 0 0 1.54264
0.61992 -0.453922 0.0351478 2.6415 0.373406 -2.55294 0 0 1.54272
0.61989 -0.453831 0.0352163 2.63993 0.374009 -2.55395 0 0 1.54291
0.619859 -0.453741 0.0352841 2.63838 0.374602 -2.55496 0 0 1.54309
0.619828 -0.453651 0.0353519 2.63682 0.375192 -2.55596 0 0 1.54328
0.619797 -0.453561 0.0354196 2.63526 0.37578 -2.55697 0 0 1.54347
0.619766 -0.45347 0.0354882 2.63368 0.376372 -2.55799 0 0 1.54365
0.619735 -0.45338 0.0355559 2.63212 0.376954 -2.55901 0 0 1.54384
0.619704 -0.45329 0.0356237 2.63055 0.377533 -2.56002 0 0 1.54403
0.619673 -0.4532 0.0356915 2.62898 0.37811 -2.56104 0 0 1.54421
0.619642 -0.453109 0.03576 2.6274 0.37869 -2.56207 0 0 1.5444
0.619611 -0.453019 0.0358278 2.62582 0.379261 -2.5631 0 0 1.54459
0.61958 -0.452929 0.0358955 2.62425 0.379829 -2.56412 0 0 1.54478
0.619549 -0.452839 0.0359633 2.62267 0.380394 -2.56515 0 0 1.54496
0.619518 -0.452748 0.0360318 2.62108 0.380963 -2.56619 0 0 1.54515
0.619487 -0.452658 0.0360996 2.6195 0.381522 -2.56723 0 0 1.54534
0.619456 -0.452568 0.0361673 2.61792 0.382079 -2.56826 0 0 1.54552
0.619426 -0.452478 0.0362351 2.61633 0.382632 -2.5693 0 0 1.54573
0.619398 -0.452388 0.0363029 2.61474 0.383183 -2.57034 0 0 1.546
0.61937 -0.452299 0.0363699 2.61317 0.383725 -2.57137 0 0 1.54627
0.619342 -0.45221 0.0364369 2.6116 0.384264 -2.5724 0 0 1.54654
0.619313 -0.45212 0.0365047 2.61001 0.384806 -2.57345 0 0 1.54681
0.619285 -0.452031 0.0365717 2.60843 0.385339 -2.57449 0 0 1.54708
0.619257 -0.451941 0.0366394 2.60684 0.385875 -2.57554 0 0 1.54735
0.619229 -0.451852 0.0367065 2.60526 0.386403 -2.57658 0 0 1.54762
0.619201 -0.451762 0.0367742 2.60366 0.386933 -2.57764 0 0 1.5479
0.619173 -0.451673 0.0368412 2.60207 0.387454 -2.57869 0 0 1.54817
0.619144 -0.451583 0.036909 2.60047 0.387978 -2.57975 0 0 1.54844
0.619116 -0.451494 0.036976 2.59888 0.388494 -2.5808 0 0 1.54871
0.619088 -0.451405 0.037043 2.59729 0.389006 -2.58185 0 0 1.54898
0.61906 -0.451315 0.0371108 2.59568 0.389521 -2.58292 0 0 1.54925
0.619032 -0.451226 0.0371778 2.59409 0.390028 -2.58398 0 0 1.54952
0.619003 -0.451136 0.0372456 2.59247 0.390537 -2.58505 0 0 1.54979
0.618975 -0.451047 0.0373126 2.59087 0.391037 -2.58612 0 0 1.55006
0.618948 -0.450957 0.0373804 2.58926 0.39154 -2.58719 0 0 1.55074
0.618921 -0.450868 0.0374474 2.58766 0.392034 -2.58826 0 0 1.55162
0.618894 -0.450779 0.0375144 2.58605 0.392525 -2.58933 0 0 1.55249
0.618866 -0.450689 0.0375822 2.58443 0.393019 -2.59041 0 0 1.55337
0.618839 -0.4506 0.0376492 2.58282 0.393504 -2.59149 0 0 1.55424
0.618812 -0.450511 0.0377162 2.58122 0.393986 -2.59256 0 0 1.55511
0.618785 -0.450422 0.0377832 2.57961 0.394464 -2.59364 0 0 1.55599
0.618758 -0.450332 0.037851 2.57798 0.394945 -2.59473 0 0 1.55686
0.618731 -0.450243 0.037918 2.57636 0.395418 -2.59581 0 0 1.55774
0.618704 -0.450154 0.037985 2.57475 0.395887 -2.5969 0 0 1.55861
0.618676 -0.450064 0.0380528 2.57311 0.396359 -2.598 0 0 1.55948
0.618649 -0.449975 0.0381198 2.57149 0.396822 -2.59908 0 0 1.56036
0.618622 -0.449886 0.0381868 2.56987 0.397281 -2.60017 0 0 1.56123
0.618595 -0.449796 0.0382546 2.56823 0.397743 -2.60128 0 0 1.56211
0.618568 -0.449707 0.0383216 2.56661 0.398197 -2.60237 0 0 1.56298
0.618541 -0.449618 0.0383886 2.56498 0.398647 -2.60347 0 0 1.56385
0.618514 -0.449528 0.0384564 2.56334 0.399099 -2.60458 0 0 1.56473
0.618486 -0.449439 0.0385234 2.56171 0.399543 -2.60568 0 0 1.5656
0.618459 -0.44935 0.0385904 2.56008 0.399983 -2.60678 0 0 1.56648
0.618432 -0.449261 0.0386574 2.55845 0.40042 -2.60789 0 0 1.56735
0.618405 -0.449171 0.0387252 2.5568 0.400859 -2.609 0 0 1.56822
0.618378 -0.449082 0.0387922 2.55516 0.40129 -2.61011 0 0 1.5691
0.618351 -0.448994 0.0388584 2.55354 0.401713 -2.61121 0 0 1.57047
0.618324 -0.448906 0.0389247 2.55192 0.402132 -2.61231 0 0 1.5722
0.618297 -0.448819 0.0389908 2.55032 0.402543 -2.61339 0 0 1.57392
0.61827 -0.448731 0.039074 2.54879 0.402934 -2.61444 0 0 1.57564
0.618244 -0.448644 0.0391563 2.54727 0.403318 -2.61547 0 0 1.57737
0.618217 -0.448556 0.0392395 2.54573 0.403703 -2.61652 0 0 1.57909
0.61819 -0.448469 0.0393218 2.5442 0.404082 -2.61756 0 0 1.58082
0.618163 -0.448382 0.0394041 2.54268 0.404457 -2.6186 0 0 1.58254
0.618136 -0.448294 0.0394873 2.54113 0.404834 -2.61965 0 0 1.58426
0.618109 -0.448207 0.0395696 2.5396 0.405204 -2.62069 0 0 1.58599
0.618083 -0.448119 0.0396528 2.53805 0.405576 -2.62175 0 0 1.58771
0.618056 -0.448032 0.0397351 2.53652 0.40594 -2.6228 0 0 1.58943
0.618029 -0.447944 0.0398183 2.53497 0.406306 -2.62386 0 0 1.59116
0.618002 -0.447857 0.0399006 2.53344 0.406664 -2.62491 0 0 1.59288
0.617975 -0.447769 0.0399838 2.53188 0.407024 -2.62597 0 0 1.59461
0.617948 -0.447682 0.0400661 2.53034 0.407377 -2.62702 0 0 1.59633
0.617921 -0.447595 0.0401484 2.5288 0.407727 -2.62808 0 0 1.59807
0.617894 -0.447507 0.0402316 2.52724 0.408078 -2.62915 0 0 1.60057
0.617867 -0.447419 0.0403148 2.52568 0.408426 -2.63022 0 0 1.60306
0.617839 -0.447331 0.040398 2.52412 0.408772 -2.63129 0 0 1.60556
0.617812 -0.447244 0.0404803 2.52257 0.40911 -2.63235 0 0 1.60806
0.617785 -0.447156 0.0405635 2.52101 0.409449 -2.63343 0 0 1.61056
0.617757 -0.447068 0.0406468 2.51944 0.409786 -2.63451 0 0 1.61306
0.61773 -0.44698 0.04073 2.51787 0.410119 -2.63558 0 0 1.61555
0.617703 -0.446893 0.0408123 2.51632 0.410446 -2.63665 0 0 1.61805
0.617675 -0.446805 0.0408955 2.51475 0.410773 -2.63774 0 0 1.62055
0.617648 -0.446717 0.0409787 2.51317 0.411098 -2.63882 0 0 1.62305
0.617621 -0.446629 0.041062 2.5116 0.411419 -2.63991 0 0 1.62555
0.617593 -0.446542 0.0411442 2.51004 0.411734 -2.64098 0 0 1.62804
0.617566 -0.446454 0.0412275 2.50846 0.412049 -2.64207 0 0 1.63054
0.617539 -0.446366 0.0413107 2.50689 0.412361 -2.64316 0 0 1.63304
0.617511 -0.446279 0.041393 2.50532 0.412667 -2.64424 0 0 1.63554
0.617484 -0.446191 0.0414762 2.50374 0.412973 -2.64533 0 0 1.63804
0.617455 -0.446103 0.0415594 2.50216 0.413276 -2.64643 0 0 1.6409
0.617425 -0.446014 0.0416436 2.50055 0.413579 -2.64754 0 0 1.64421
0.617395 -0.445926 0.0417268 2.49897 0.413876 -2.64863 0 0 1.64753
0.617365 -0.445837 0.041811 2.49736 0.414173 -2.64974 0 0 1.65084
0.617335 -0.445748 0.0418952 2.49576 0.414467 -2.65086 0 0 1.65416
0.617305 -0.44566 0.0419784 2.49417 0.414755 -2.65196 0 0 1.65747
0.617275 -0.445571 0.0420626 2.49256 0.415042 -2.65308 0 0 1.66078
0.617245 -0.445483 0.0421458 2.49096 0.415323 -2.65418 0 0 1.6641
0.617215 -0.445394 0.04223 2.48935 0.415604 -2.6553 0 0 1.66741
0.617185 -0.445306 0.0423132 2.48775 0.415879 -2.65641 0 0 1.67073
0.617155 -0.445217 0.0423974 2.48614 0.416154 -2.65753 0 0 1.67404
0.617125 -0.445129 0.0424806 2.48454 0.416422 -2.65864 0 0 1.67736
0.617095 -0.44504 0.0425647 2.48292 0.416691 -2.65977 0 0 1.68067
0.617065 -0.444952 0.042648 2.48132 0.416953 -2.66088 0 0 1.68398
0.617035 -0.444863 0.0427321 2.4797 0.417214 -2.66201 0 0 1.6873
0.617005 -0.444774 0.0428163 2.47808 0.417473 -2.66314 0 0 1.69061
0.616975 -0.444686 0.0428995 2.47648 0.417725 -2.66426 0 0 1.69393
0.616945 -0.444597 0.0429837 2.47485 0.417977 -2.66539 0 0 1.69724
0.616915 -0.444509 0.0430669 2.47325 0.418223 -2.66651 0 0 1.70056
0.616885 -0.44442 0.0431545 2.47168 0.418459 -2.6676 0 0 1.70387
0.616855 -0.444332 0.0432425 2.47016 0.418685 -2.66866 0 0 1.70718
0.616825 -0.444243 0.0433315 2.46863 0.418911 -2.66973 0 0 1.7105
0.616794 -0.444155 0.0434195 2.46711 0.419131 -2.67079 0 0 1.71385
0.61676 -0.444067 0.0435075 2.46559 0.419348 -2.67185 0 0 1.71728
0.616727 -0.44398 0.0435945 2.46408 0.41956 -2.67291 0 0 1.72072
0.616694 -0.443892 0.0436825 2.46256 0.419772 -2.67397 0 0 1.72415
0.61666 -0.443804 0.0437704 2.46103 0.419981 -2.67504 0 0 1.72758
0.616627 -0.443717 0.0438574 2.45952 0.420185 -2.67609 0 0 1.73101
0.616594 -0.443629 0.0439454 2.45799 0.420388 -2.67716 0 0 1.73445
0.61656 -0.443542 0.0440324 2.45648 0.420586 -2.67822 0 0 1.73788
0.616527 -0.443454 0.0441204 2.45495 0.420783 -2.67929 0 0 1.74131
0.616494 -0.443366 0.0442084 2.45342 0.420977 -2.68037 0 0 1.74474
0.61646 -0.443279 0.0442954 2.4519 0.421167 -2.68143 0 0 1.74817
0.616427 -0.443191 0.0443834 2.45037 0.421355 -2.6825 0 0 1.75161
0.616394 -0.443104 0.0444704 2.44885 0.421539 -2.68357 0 0 1.75504
0.61636 -0.443016 0.0445584 2.44731 0.421721 -2.68464 0 0 1.75847
0.616327 -0.442928 0.0446464 2.44577 0.421901 -2.68572 0 0 1.7619
0.616294 -0.442841 0.0447334 2.44425 0.422076 -2.68679 0 0 1.76534
0.616261 -0.442753 0.0448214 2.44271 0.42225 -2.68787 0 0 1.76877
0.616225 -0.442666 0.0449084 2.44119 0.422419 -2.68894 0 0 1.77211
0.61619 -0.442578 0.0449964 2.43965 0.422587 -2.69002 0 0 1.77543
0.616154 -0.442491 0.0450834 2.43812 0.42275 -2.69109 0 0 1.77876
0.616119 -0.442403 0.0451714 2.43658 0.422912 -2.69218 0 0 1.78208
0.616083 -0.442315 0.0452594 2.43503 0.423071 -2.69326 0 0 1.7854
0.616048 -0.442228 0.0453464 2.4335 0.423225 -2.69434 0 0 1.78872
0.616012 -0.44214 0.0454344 2.43195 0.423378 -2.69543 0 0 1.79204
0.615977 -0.442053 0.0455214 2.43042 0.423526 -2.6965 0 0 1.79536
0.615941 -0.441965 0.0456094 2.42887 0.423673 -2.69759 0 0 1.79868
0.615905 -0.441877 0.0456974 2.42732 0.423817 -2.69868 0 0 1.802
0.61587 -0.44179 0.0457844 2.42579 0.423957 -2.69976 0 0 1.80532
0.615834 -0.441702 0.0458724 2.42423 0.424095 -2.70086 0 0 1.80864
0.615799 -0.441615 0.0459594 2.4227 0.424228 -2.70194 0 0 1.81196
0.615763 -0.441527 0.0460474 2.42114 0.42436 -2.70303 0 0 1.81528
0.615728 -0.44144 0.0461344 2.41961 0.424488 -2.70412 0 0 1.81861
0.615692 -0.441352 0.0462224 2.41805 0.424613 -2.70521 0 0 1.82193
0.615657 -0.441265 0.0463094 2.41651 0.424735 -2.7063 0 0 1.82521
0.615621 -0.441178 0.0463964 2.41497 0.424853 -2.70738 0 0 1.82836
0.615584 -0.441091 0.0464834 2.41343 0.424968 -2.70847 0 0 1.8315
0.615548 -0.441005 0.0465694 2.4119 0.425079 -2.70954 0 0 1.83465
0.615512 -0.440918 0.0466564 2.41036 0.425189 -2.71063 0 0 1.83779
0.615476 -0.440831 0.0467434 2.40881 0.425295 -2.71172 0 0 1.84094
0.61544 -0.440745 0.0468294 2.40729 0.425397 -2.7128 0 0 1.84409
0.615404 -0.440658 0.0469164 2.40574 0.425498 -2.71389 0 0 1.84723
0.615368 -0.440571 0.0470034 2.40419 0.425595 -2.71498 0 0 1.85038
0.615332 -0.440485 0.0470894 2.40266 0.425688 -2.71606 0 0 1.85352
0.615296 -0.440398 0.0471764 2.40111 0.425779 -2.71715 0 0 1.85667
0.61526 -0.440312 0.0472624 2.39958 0.425866 -2.71823 0 0 1.85981
0.615224 -0.440225 0.0473494 2.39803 0.425951 -2.71933 0 0 1.86296
0.615188 -0.440138 0.0474372 2.39644 0.426036 -2.72045 0 0 1.86611
0.615152 -0.440052 0.0475433 2.39388 0.426164 -2.72226 0 0 1.86925
0.615116 -0.439965 0.0476506 2.39128 0.426286 -2.72409 0 0 1.8724
0.61508 -0.439878 0.0477579 2.38869 0.426399 -2.72593 0 0 1.87554
0.615044 -0.439792 0.047864 2.38611 0.426502 -2.72774 0 0 1.87869
0.615008 -0.439705 0.0479713 2.38351 0.426598 -2.72958 0 0 1.88183
0.614972 -0.439618 0.0480786 2.3809 0.426686 -2.73143 0 0 1.88498
0.614936 -0.439532 0.0481846 2.37832 0.426763 -2.73325 0 0 1.88813
0.6149 -0.439445 0.048292 2.37571 0.426833 -2.73509 0 0 1.89127
0.614864 -0.439359 0.048398 2.37313 0.426894 -2.73692 0 0 1.89434
0.614827 -0.439274 0.0485029 2.37057 0.426946 -2.73873 0 0 1.89675
0.614789 -0.439189 0.0486077 2.36801 0.426989 -2.74054 0 0 1.89916
0.614752 -0.439104 0.0487126 2.36545 0.427023 -2.74235 0 0 1.90157
0.614715 -0.439019 0.0488174 2.36288 0.42705 -2.74416 0 0 1.90398
0.614678 -0.438934 0.0489222 2.36032 0.427068 -2.74598 0 0 1.90639
0.614641 -0.438849 0.0490271 2.35775 0.427077 -2.7478 0 0 1.9088
0.614603 -0.438763 0.0491332 2.35515 0.427078 -2.74964 0 0 1.91121
0.614566 -0.438678 0.049238 2.35257 0.42707 -2.75146 0 0 1.91362
0.614529 -0.438593 0.0493428 2.35 0.427054 -2.75328 0 0 1.91603
0.614492 -0.438508 0.0494477 2.34742 0.427029 -2.7551 0 0 1.91843
0.614455 -0.438423 0.0495525 2.34484 0.426996 -2.75692 0 0 1.92084
0.614418 -0.438338 0.0496574 2.34226 0.426954 -2.75875 0 0 1.92325
0.61438 -0.438253 0.0497622 2.33967 0.426903 -2.76057 0 0 1.92566
0.614343 -0.438168 0.049867 2.33709 0.426844 -2.7624 0 0 1.92807
0.614306 -0.438083 0.0499719 2.3345 0.426776 -2.76423 0 0 1.93048
0.614269 -0.437998 0.0500767 2.33191 0.426699 -2.76606 0 0 1.93289
0.614231 -0.437914 0.0501803 2.32935 0.426615 -2.76787 0 0 1.93516
0.614194 -0.43783 0.0502839 2.32679 0.426522 -2.76968 0 0 1.93729
0.614156 -0.437747 0.0503863 2.32426 0.426422 -2.77147 0 0 1.93943
0.614118 -0.437663 0.0504899 2.32169 0.426312 -2.77328 0 0 1.94157
0.61408 -0.43758 0.0505923 2.31916 0.426195 -2.77507 0 0 1.94371
0.614043 -0.437496 0.0506959 2.31659 0.426069 -2.77688 0 0 1.94585
0.614005 -0.437413 0.0507983 2.31405 0.425935 -2.77867 0 0 1.94798
0.613967 -0.437329 0.0509019 2.31148 0.425791 -2.78049 0 0 1.95012
0.613929 -0.437246 0.0510043 2.30894 0.425641 -2.78228 0 0 1.95226
0.613892 -0.437162 0.0511079 2.30637 0.42548 -2.78409 0 0 1.9544
0.613854 -0.437079 0.0512103 2.30383 0.425312 -2.78589 0 0 1.95653
0.613816 -0.436995 0.0513139 2.30126 0.425134 -2.7877 0 0 1.95867
0.613779 -0.436912 0.0514162 2.29871 0.42495 -2.78949 0 0 1.96081
0.613741 -0.436828 0.0515198 2.29614 0.424755 -2.79131 0 0 1.96295
0.613703 -0.436745 0.0516222 2.29359 0.424553 -2.7931 0 0 1.96509
0.613665 -0.436661 0.0517258 2.29101 0.424341 -2.79492 0 0 1.96723
0.613628 -0.436578 0.0518282 2.28847 0.424122 -2.79671 0 0 1.96936
0.613589 -0.436498 0.0519269 2.28601 0.423904 -2.79844 0 0 1.97214
0.61355 -0.436417 0.0520268 2.28352 0.423674 -2.80019 0 0 1.97494
0.613512 -0.436337 0.0521255 2.28107 0.42344 -2.80192 0 0 1.97774
0.613473 -0.436257 0.0522241 2.27861 0.423197 -2.80364 0 0 1.98054
0.613434 -0.436177 0.0523228 2.27615 0.422947 -2.80537 0 0 1.98334
0.613396 -0.436097 0.0524215 2.27369 0.422689 -2.8071 0 0 1.98614
0.613357 -0.436016 0.0525214 2.2712 0.422419 -2.80885 0 0 1.98894
0.613319 -0.435936 0.0526201 2.26875 0.422145 -2.81057 0 0 1.99174
0.61328 -0.435856 0.0527187 2.26629 0.421863 -2.8123 0 0 1.99454
0.613241 -0.435776 0.0528261 2.26374 0.421562 -2.81408 0 0 1.99734
0.613203 -0.435696 0.0529524 2.26099 0.421228 -2.81601 0 0 2.00014
0.613164 -0.435616 0.0530786 2.25824 0.420884 -2.81794 0 0 2.00294
0.613125 -0.435535 0.0532065 2.25545 0.420526 -2.81989 0 0 2.00574
0.613087 -0.435455 0.0533328 2.2527 0.420162 -2.82181 0 0 2.00854
0.613048 -0.435375 0.0534591 2.24994 0.419787 -2.82374 0 0 2.01134
0.61301 -0.435295 0.0535853 2.24719 0.419403 -2.82567 0 0 2.01414
0.612971 -0.435215 0.0537116 2.24443 0.419008 -2.82759 0 0 2.01694
0.612932 -0.435134 0.0538395 2.24164 0.418598 -2.82954 0 0 2.01974
0.612894 -0.435054 0.0539658 2.23888 0.418183 -2.83146 0 0 2.02254
0.612855 -0.434974 0.054092 2.23612 0.417758 -2.83338 0 0 2.02534
0.612816 -0.434894 0.0542183 2.23337 0.417323 -2.83531 0 0 2.02814
0.612778 -0.434814 0.0543446 2.23061 0.416878 -2.83723 0 0 2.03095
0.612738 -0.434737 0.0544662 2.22795 0.416439 -2.83907 0 0 2.0336
0.612698 -0.434661 0.0545861 2.22533 0.415998 -2.8409 0 0 2.03623
0.612657 -0.434584 0.0547077 2.22267 0.415541 -2.84274 0 0 2.03885
0.612617 -0.434508 0.0548276 2.22005 0.41508 -2.84456 0 0 2.04148
0.612577 -0.434432 0.0549476 2.21742 0.414611 -2.84638 0 0 2.04411
0.612537 -0.434355 0.0550692 2.21477 0.414126 -2.84822 0 0 2.04674
0.612497 -0.434279 0.0551891 2.21214 0.413638 -2.85004 0 0 2.04937
0.612457 -0.434203 0.0553091 2.20952 0.41314 -2.85185 0 0 2.052
0.612416 -0.434126 0.0554306 2.20686 0.412627 -2.85369 0 0 2.05463
0.612376 -0.43405 0.0555506 2.20424 0.412112 -2.8555 0 0 2.05726
0.612336 -0.433974 0.0556706 2.20162 0.411587 -2.85731 0 0 2.05989
0.612296 -0.433898 0.0557905 2.19899 0.411052 -2.85912 0 0 2.06252
0.612256 -0.433821 0.0559121 2.19634 0.410502 -2.86095 0 0 2.06514
0.612216 -0.433745 0.0560321 2.19372 0.409949 -2.86275 0 0 2.06777
0.612175 -0.433669 0.056152 2.19109 0.409388 -2.86456 0 0 2.0704
0.612135 -0.433592 0.0562736 2.18844 0.408809 -2.86638 0 0 2.07303
0.612095 -0.433517 0.056392 2.18585 0.408236 -2.86815 0 0 2.07563
0.612056 -0.433446 0.056504 2.18341 0.407686 -2.86983 0 0 2.07813
0.612016 -0.433374 0.0566177 2.18092 0.40712 -2.87153 0 0 2.08064
0.611977 -0.433302 0.0567313 2.17844 0.406546 -2.87323 0 0 2.08315
0.611937 -0.433231 0.0568434 2.176 0.405971 -2.8749 0 0 2.08566
0.611897 -0.433159 0.0569571 2.17352 0.405381 -2.87659 0 0 2.08816
0.611858 -0.433087 0.0570707 2.17104 0.404782 -2.87828 0 0 2.09067
0.611818 -0.433016 0.057188 2.16909 0.404304 -2.87962 0 0 2.09318
0.611779 -0.432944 0.0573123 2.16761 0.403938 -2.88062 0 0 2.09569
0.611739 -0.432872 0.0574366 2.16613 0.403569 -2.88163 0 0 2.09819
0.6117 -0.432801 0.0575591 2.16467 0.403203 -2.88263 0 0 2.1007
0.61166 -0.432729 0.0576834 2.16319 0.402828 -2.88363 0 0 2.10321
0.611621 -0.432657 0.0578077 2.16171 0.40245 -2.88464 0 0 2.10572
0.611581 -0.432586 0.0579302 2.16025 0.402075 -2.88563 0 0 2.10823
0.611542 -0.432514 0.0580545 2.15877 0.401692 -2.88663 0 0 2.11073
0.611502 -0.432442 0.0581787 2.15729 0.401305 -2.88764 0 0 2.11324
0.611462 -0.432371 0.0583013 2.15583 0.400921 -2.88863 0 0 2.11575
0.611425 -0.432306 0.0584135 2.15449 0.400567 -2.88953 0 0 2.11887
0.611389 -0.432244 0.0585205 2.15322 0.400226 -2.89039 0 0 2.12223
0.611353 -0.432182 0.0586275 2.15194 0.399884 -2.89125 0 0 2.12559
0.611316 -0.43212 0.0587345 2.15067 0.39954 -2.89212 0 0 2.12895
0.61128 -0.432058 0.0588415 2.14939 0.399193 -2.89298 0 0 2.13232
0.611244 -0.431995 0.0589503 2.1481 0.398838 -2.89385 0 0 2.13568
0.611207 -0.431933 0.0590573 2.14683 0.398487 -2.89471 0 0 2.13904
0.611171 -0.431871 0.0591643 2.14555 0.398134 -2.89557 0 0 2.1424
0.611135 -0.431809 0.0592713 2.14428 0.397778 -2.89643 0 0 2.14576
0.611098 -0.431747 0.0593783 2.14301 0.39742 -2.89728 0 0 2.14913
0.611062 -0.431685 0.0594853 2.14173 0.39706 -2.89814 0 0 2.15249
0.611026 -0.431623 0.0595923 2.14046 0.396698 -2.89899 0 0 2.15585
0.610989 -0.431561 0.0596993 2.13919 0.396334 -2.89985 0 0 2.15921
0.610953 -0.431499 0.0598063 2.13792 0.395967 -2.9007 0 0 2.16257
0.610917 -0.431437 0.0599134 2.13665 0.395598 -2.90156 0 0 2.16594
0.61088 -0.431375 0.0600204 2.13537 0.395227 -2.90241 0 0 2.1693
0.610844 -0.431313 0.0601274 2.1341 0.394854 -2.90326 0 0 2.17266
0.610808 -0.431251 0.0602344 2.13283 0.394479 -2.90412 0 0 2.17602
0.610771 -0.431189 0.0603414 2.13156 0.394101 -2.90497 0 0 2.17938
0.610735 -0.431126 0.0604501 2.13027 0.393715 -2.90583 0 0 2.18275
0.610699 -0.431064 0.0605572 2.129 0.393333 -2.90668 0 0 2.18611
0.610662 -0.431002 0.0606642 2.12773 0.392949 -2.90753 0 0 2.18947
0.610627 -0.430943 0.060766 2.12652 0.392581 -2.90834 0 0 2.1925
0.610593 -0.430886 0.0608644 2.12535 0.392224 -2.90911 0 0 2.19532
0.610558 -0.430828 0.0609645 2.12416 0.391859 -2.90991 0 0 2.19815
0.610524 -0.430771 0.0610629 2.123 0.391498 -2.91068 0 0 2.20097
0.610489 -0.430713 0.061163 2.12181 0.391129 -2.91147 0 0 2.20379
0.610455 -0.430656 0.0612614 2.12064 0.390765 -2.91225 0 0 2.20662
0.61042 -0.430598 0.0613615 2.11946 0.390392 -2.91304 0 0 2.20944
0.610386 -0.430541 0.0614598 2.11829 0.390024 -2.91382 0 0 2.21226
0.610351 -0.430484 0.0615582 2.11713 0.389654 -2.91459 0 0 2.21509
0.610317 -0.430426 0.0616583 2.11594 0.389275 -2.91538 0 0 2.21791
0.610282 -0.430369 0.0617567 2.11477 0.388902 -2.91615 0 0 2.22073
0.610248 -0.430311 0.0618568 2.11359 0.388519 -2.91693 0 0 2.22356
0.610213 -0.430254 0.0619552 2.11242 0.388142 -2.91771 0 0 2.22638
0.610179 -0.430196 0.0620553 2.11124 0.387756 -2.91849 0 0 2.2292
0.610144 -0.430139 0.0621537 2.11008 0.387375 -2.91926 0 0 2.23202
0.61011 -0.430081 0.0622538 2.10889 0.386985 -2.92004 0 0 2.23485
0.610075 -0.430024 0.0623522 2.10773 0.3866 -2.92081 0 0 2.23767
0.61004 -0.429967 0.0624506 2.10657 0.386214 -2.92158 0 0 2.24059
0.610005 -0.429909 0.0625507 2.10538 0.385818 -2.92236 0 0 2.24351
0.609969 -0.429852 0.062649 2.10422 0.385428 -2.92312 0 0 2.24643
0.609934 -0.429794 0.0627492 2.10304 0.385029 -2.9239 0 0 2.24934
0.609899 -0.429737 0.0628475 2.10188 0.384635 -2.92467 0 0 2.25226
0.609864 -0.429679 0.0629476 2.10069 0.384232 -2.92544 0 0 2.25518
0.609828 -0.429622 0.0630511 2.09934 0.383768 -2.92633 0 0 2.2581
0.609793 -0.429564 0.0631716 2.09739 0.383096 -2.92761 0 0 2.26102
0.609758 -0.429507 0.0632899 2.09548 0.38243 -2.92887 0 0 2.26393
0.609723 -0.429449 0.0634103 2.09353 0.381747 -2.93014 0 0 2.26685
0.609688 -0.429392 0.0635287 2.09161 0.38107 -2.9314 0 0 2.26977
0.609652 -0.429334 0.0636491 2.08967 0.380377 -2.93267 0 0 2.27269
0.609617 -0.429277 0.0637675 2.08775 0.37969 -2.93392 0 0 2.2756
0.609582 -0.42922 0.0638858 2.08584 0.378999 -2.93516 0 0 2.27852
0.609547 -0.429162 0.0640062 2.0839 0.37829 -2.93643 0 0 2.28144
0.609511 -0.429105 0.0641246 2.08199 0.377588 -2.93767 0 0 2.28436
0.609476 -0.429047 0.064245 2.08004 0.376869 -2.93893 0 0 2.28692
0.609441 -0.42899 0.0643634 2.07813 0.376157 -2.94017 0 0 2.28909
0.609406 -0.428933 0.0644817 2.07622 0.37544 -2.9414 0 0 2.29126
0.60937 -0.428876 0.0646001 2.07431 0.374718 -2.94263 0 0 2.29343
0.609335 -0.428819 0.0647184 2.07241 0.373991 -2.94386 0 0 2.29559
0.6093 -0.428762 0.0648368 2.0705 0.373258 -2.94509 0 0 2.29776
0.609265 -0.428705 0.0649551 2.06859 0.372521 -2.94632 0 0 2.29993
0.609229 -0.428649 0.0650714 2.06672 0.371792 -2.94752 0 0 2.3021
0.609194 -0.428592 0.0651898 2.06482 0.371045 -2.94874 0 0 2.30427
0.609159 -0.428535 0.0653081 2.06292 0.370293 -2.94996 0 0 2.30644
0.609124 -0.428478 0.0654265 2.06101 0.369536 -2.95118 0 0 2.30861
0.609088 -0.428421 0.0655448 2.05911 0.368774 -2.95239 0 0 2.31077
0.609053 -0.428364 0.0656632 2.05721 0.368007 -2.9536 0 0 2.31294
0.609018 -0.428307 0.0657815 2.05531 0.367235 -2.95481 0 0 2.31511
0.608983 -0.42825 0.0658999 2.05341 0.366458 -2.95602 0 0 2.31728
0.608948 -0.428193 0.0660182 2.05151 0.365677 -2.95722 0 0 2.31945
0.608912 -0.428136 0.0661366 2.04962 0.36489 -2.95843 0 0 2.32162
0.608877 -0.428079 0.0662549 2.04772 0.364098 -2.95963 0 0 2.32379
0.608842 -0.428022 0.0663733 2.04583 0.363302 -2.96082 0 0 2.32595
0.608807 -0.427965 0.0664916 2.04393 0.3625 -2.96202 0 0 2.32812
0.608771 -0.427908 0.06661 2.04204 0.361694 -2.96321 0 0 2.33029
0.608736 -0.427851 0.0667283 2.04015 0.360883 -2.9644 0 0 2.33246
0.608701 -0.427794 0.0668467 2.03826 0.360067 -2.96558 0 0 2.33417
0.608668 -0.427738 0.0669629 2.0364 0.35926 -2.96675 0 0 2.33512
0.608634 -0.427682 0.0670792 2.03454 0.358449 -2.96791 0 0 2.33608
0.6086 -0.427626 0.0671955 2.03269 0.357633 -2.96906 0 0 2.33703
0.608567 -0.427571 0.0673097 2.03087 0.356827 -2.9702 0 0 2.33798
0.608533 -0.427515 0.067426 2.02902 0.356002 -2.97135 0 0 2.33893
0.608499 -0.427459 0.0675422 2.02717 0.355173 -2.9725 0 0 2.33988
0.608465 -0.427403 0.0676585 2.02532 0.354338 -2.97365 0 0 2.34084
0.608432 -0.427347 0.0677748 2.02347 0.353499 -2.97479 0 0 2.34179
0.608398 -0.427291 0.0678911 2.02162 0.352656 -2.97593 0 0 2.34274
0.608364 -0.427235 0.0680073 2.01978 0.351808 -2.97707 0 0 2.34369
0.608331 -0.427179 0.0681236 2.01793 0.350955 -2.9782 0 0 2.34464
0.608297 -0.427123 0.0682399 2.01609 0.350098 -2.97934 0 0 2.3456
0.608263 -0.427067 0.0683562 2.01425 0.349236 -2.98047 0 0 2.34655
0.608229 -0.427011 0.0684724 2.01241 0.34837 -2.98159 0 0 2.3475
0.608196 -0.426955 0.0685887 2.01057 0.347499 -2.98272 0 0 2.34845
0.608162 -0.426899 0.068705 2.00873 0.346623 -2.98384 0 0 2.3494
0.60813 -0.426846 0.068815 2.00699 0.345791 -2.98489 0 0 2.34965
0.608099 -0.426794 0.068923 2.00528 0.34497 -2.98593 0 0 2.34971
0.608068 -0.426741 0.069033 2.00355 0.344129 -2.98698 0 0 2.34978
0.608037 -0.426689 0.069141 2.00185 0.343301 -2.98801 0 0 2.34985
0.608006 -0.426636 0.0692511 2.00011 0.342452 -2.98906 0 0 2.34991
0.607975 -0.426584 0.069359 1.99841 0.341616 -2.99009 0 0 2.34998
0.607944 -0.426531 0.0694691 1.99668 0.34076 -2.99113 0 0 2.35005
0.607913 -0.426479 0.069577 1.99499 0.339916 -2.99215 0 0 2.35011
0.607882 -0.426426 0.0696871 1.99326 0.339051 -2.99318 0 0 2.35018
0.607851 -0.426374 0.0697951 1.99156 0.3382 -2.9942 0 0 2.35025
0.60782 -0.426322 0.069903 1.98987 0.337344 -2.99521 0 0 2.35031
0.607788 -0.426269 0.0700159 1.98805 0.336418 -2.99629 0 0 2.35038
0.607757 -0.426217 0.0701645 1.98492 0.334821 -2.99815 0 0 2.35045
0.607726 -0.426164 0.070316 1.98175 0.333179 -3.00003 0 0 2.35051
0.607695 -0.426112 0.0704646 1.97863 0.331554 -3.00187 0 0 2.35058
0.607664 -0.426059 0.070616 1.97546 0.329885 -3.00373 0 0 2.35065
0.607634 -0.426007 0.0707646 1.97235 0.328234 -3.00555 0 0 2.35028
0.607606 -0.425954 0.0709161 1.96919 0.326537 -3.0074 0 0 2.34848
0.607578 -0.425901 0.0710676 1.96602 0.324827 -3.00923 0 0 2.34668
0.607551 -0.425848 0.071219 1.96287 0.323103 -3.01106 0 0 2.34488
0.607523 -0.425795 0.0713705 1.95971 0.321366 -3.01287 0 0 2.34308
0.607495 -0.425742 0.0715219 1.95656 0.319615 -3.01468 0 0 2.34128
0.607468 -0.425689 0.0716734 1.95342 0.317851 -3.01647 0 0 2.33948
0.60744 -0.425636 0.0718249 1.95028 0.316074 -3.01826 0 0 2.33768
0.607413 -0.425583 0.0719763 1.94714 0.314284 -3.02003 0 0 2.33588
0.607385 -0.42553 0.0721278 1.944 0.31248 -3.0218 0 0 2.33408
0.607357 -0.425478 0.0722764 1.94093 0.310698 -3.02352 0 0 2.33228
0.60733 -0.425425 0.0724279 1.93781 0.308869 -3.02526 0 0 2.33048
0.607302 -0.425372 0.0725793 1.93469 0.307027 -3.02699 0 0 2.32869
0.607274 -0.425319 0.0727308 1.93157 0.305173 -3.02872 0 0 2.32688
0.607247 -0.425266 0.0728823 1.92846 0.303305 -3.03043 0 0 2.32509
0.607219 -0.425213 0.0730337 1.92535 0.301426 -3.03213 0 0 2.32328
0.607191 -0.42516 0.0731852 1.92225 0.299533 -3.03382 0 0 2.32149
0.607164 -0.425107 0.0733366 1.91915 0.297629 -3.03549 0 0 2.31969
0.607136 -0.425054 0.0734881 1.91605 0.295712 -3.03716 0 0 2.31788
0.607108 -0.425001 0.0736396 1.91296 0.293783 -3.03882 0 0 2.31609
0.607081 -0.424948 0.073791 1.90988 0.291841 -3.04046 0 0 2.31428
0.607053 -0.424895 0.0739425 1.9068 0.289888 -3.04209 0 0 2.31249
0.607026 -0.424843 0.0740911 1.90378 0.287961 -3.04368 0 0 2.31065
0.606999 -0.424791 0.0742397 1.90077 0.286022 -3.04526 0 0 2.30861
0.606973 -0.424739 0.0743953 1.89797 0.284206 -3.04672 0 0 2.30658
0.606947 -0.424687 0.0745685 1.89569 0.282718 -3.0479 0 0 2.30454
0.60692 -0.424635 0.0747416 1.89341 0.281224 -3.04908 0 0 2.3025
0.606894 -0.424584 0.0749114 1.89118 0.279752 -3.05023 0 0 2.30046
0.606868 -0.424532 0.0750846 1.88891 0.278245 -3.05139 0 0 2.29842
0.606841 -0.42448 0.0752578 1.88664 0.27673 -3.05255 0 0 2.29638
0.606815 -0.424428 0.0754309 1.88437 0.275209 -3.0537 0 0 2.29434
0.606789 -0.424376 0.0756041 1.8821 0.273682 -3.05484 0 0 2.2923
0.606763 -0.424324 0.0757772 1.87984 0.272147 -3.05598 0 0 2.29026
0.606736 -0.424273 0.075947 1.87762 0.270636 -3.05709 0 0 2.28822
0.60671 -0.424221 0.0761202 1.87536 0.269089 -3.05822 0 0 2.28618
0.606684 -0.424169 0.0762933 1.8731 0.267536 -3.05934 0 0 2.28414
0.606657 -0.424117 0.0764665 1.87084 0.265976 -3.06045 0 0 2.2821
0.606631 -0.424065 0.0766396 1.86859 0.26441 -3.06155 0 0 2.28006
0.606605 -0.424013 0.0768128 1.86634 0.262837 -3.06265 0 0 2.27802
0.606579 -0.423962 0.0769826 1.86413 0.261289 -3.06372 0 0 2.27599
0.606554 -0.423912 0.0771491 1.86197 0.259765 -3.06477 0 0 2.27397
0.60653 -0.423861 0.0773189 1.85977 0.258204 -3.06582 0 0 2.27195
0.606505 -0.423811 0.0774854 1.85762 0.256669 -3.06686 0 0 2.26993
0.60648 -0.42376 0.0776553 1.85542 0.255097 -3.0679 0 0 2.2679
0.606455 -0.42371 0.0778218 1.85327 0.25355 -3.06892 0 0 2.26588
0.60643 -0.423659 0.0779916 1.85108 0.251967 -3.06995 0 0 2.26386
0.606405 -0.423609 0.0781581 1.84893 0.250409 -3.07095 0 0 2.26184
0.60638 -0.423559 0.0783246 1.84679 0.248846 -3.07195 0 0 2.25982
0.606355 -0.423508 0.0784944 1.8446 0.247245 -3.07296 0 0 2.25779
0.606331 -0.423458 0.0786609 1.84246 0.245671 -3.07395 0 0 2.25577
0.606306 -0.423407 0.0788307 1.84028 0.24406 -3.07495 0 0 2.25375
0.606281 -0.423357 0.0789972 1.83815 0.242475 -3.07592 0 0 2.25173
0.606256 -0.423306 0.079167 1.83598 0.240853 -3.0769 0 0 2.24971
0.606231 -0.423256 0.0793335 1.83385 0.239257 -3.07786 0 0 2.24769
0.606206 -0.423205 0.0795033 1.83168 0.237624 -3.07883 0 0 2.24566
0.606181 -0.423155 0.0796698 1.82955 0.236019 -3.07978 0 0 2.24364
0.606155 -0.423104 0.0798397 1.82739 0.234375 -3.08074 0 0 2.24193
0.606129 -0.423052 0.0800128 1.82518 0.232695 -3.0817 0 0 2.24022
0.606102 -0.423001 0.0801826 1.82302 0.231041 -3.08265 0 0 2.23851
0.606076 -0.42295 0.0803525 1.82086 0.229382 -3.08358 0 0 2.2368
0.606049 -0.422899 0.0805961 1.82086 0.229379 -3.08358 0 0 2.23509
0.606023 -0.422848 0.0808552 1.82131 0.229723 -3.08339 0 0 2.23338
0.605996 -0.422796 0.0811194 1.82176 0.230075 -3.08319 0 0 2.23167
0.60597 -0.422745 0.0813786 1.82221 0.230419 -3.083 0 0 2.22996
0.605943 -0.422694 0.0816377 1.82266 0.230763 -3.0828 0 0 2.22825
0.605917 -0.422643 0.0818968 1.82311 0.231107 -3.08261 0 0 2.22654
0.605891 -0.422592 0.0821559 1.82356 0.231451 -3.08241 0 0 2.22483
0.605864 -0.42254 0.0824202 1.82401 0.231801 -3.08221 0 0 2.22312
0.605838 -0.422489 0.0826793 1.82446 0.232144 -3.08202 0 0 2.22141
0.605811 -0.422438 0.0829384 1.82491 0.232487 -3.08182 0 0 2.2197
0.605785 -0.422387 0.0831975 1.82536 0.23283 -3.08163 0 0 2.21799
0.605758 -0.422336 0.0834567 1.82581 0.233172 -3.08143 0 0 2.21628
0.605732 -0.422284 0.0837209 1.82626 0.233521 -3.08123 0 0 2.21457
0.605705 -0.422233 0.08398 1.82671 0.233863 -3.08103 0 0 2.21286
0.605679 -0.422182 0.0842391 1.82716 0.234205 -3.08083 0 0 2.21115
0.605653 -0.422131 0.0844983 1.82761 0.234546 -3.08064 0 0 2.20944
0.605626 -0.42208 0.0847574 1.82806 0.234888 -3.08044 0 0 2.20773
0.6056 -0.422028 0.0850216 1.82852 0.235235 -3.08024 0 0 2.20602
0.605574 -0.421977 0.0852807 1.82897 0.235576 -3.08004 0 0 2.20499
0.605549 -0.421925 0.085545 1.82943 0.235924 -3.07983 0 0 2.20404
0.605525 -0.421874 0.0858041 1.82988 0.236264 -3.07963 0 0 2.20309
0.6055 -0.421822 0.0860683 1.83033 0.236611 -3.07943 0 0 2.20214
0.605475 -0.42177 0.0863325 1.83079 0.236957 -3.07923 0 0 2.20119
0.60545 -0.421719 0.0865916 1.83124 0.237297 -3.07903 0 0 2.20024
0.605425 -0.421667 0.0868558 1.8317 0.237643 -3.07882 0 0 2.19929
0.6054 -0.421615 0.0871201 1.83216 0.237989 -3.07862 0 0 2.19834
0.605375 -0.421564 0.0873792 1.83261 0.238328 -3.07842 0 0 2.19739
0.60535 -0.421512 0.0876434 1.83307 0.238673 -3.07821 0 0 2.19644
0.605325 -0.42146 0.0879076 1.83353 0.239018 -3.07801 0 0 2.19549
0.6053 -0.421409 0.0881667 1.83398 0.239356 -3.0778 0 0 2.19454
0.605275 -0.421357 0.0884309 1.83444 0.239701 -3.0776 0 0 2.19359
0.60525 -0.421305 0.0886952 1.8349 0.240045 -3.07739 0 0 2.19264
0.605225 -0.421254 0.0889543 1.83535 0.240383 -3.07719 0 0 2.19169
0.6052 -0.421202 0.0891553 1.84128 0.244798 -3.07449 0 0 2.19074
0.605175 -0.421152 0.0893064 1.85071 0.251697 -3.07012 0 0 2.18987
0.605152 -0.421103 0.0894545 1.86002 0.258378 -3.06571 0 0 2.18917
0.605129 -0.421055 0.0895995 1.86921 0.264842 -3.06125 0 0 2.18847
0.605106 -0.421007 0.0897446 1.87847 0.271222 -3.05666 0 0 2.18777
0.605083 -0.420959 0.0898897 1.88781 0.277513 -3.05195 0 0 2.18707
0.60506 -0.42091 0.0900377 1.89741 0.283841 -3.04701 0 0 2.18637
0.605037 -0.420862 0.0901828 1.90688 0.289942 -3.04205 0 0 2.18567
0.605014 -0.420814 0.0903279 1.91643 0.295943 -3.03696 0 0 2.18497
0.604991 -0.420766 0.0904729 1.92603 0.301841 -3.03175 0 0 2.18427
0.604968 -0.420718 0.090618 1.93571 0.307631 -3.02643 0 0 2.18357
0.604945 -0.420669 0.0907661 1.94565 0.313428 -3.02087 0 0 2.18287
0.604921 -0.420621 0.0909111 1.95545 0.318991 -3.01531 0 0 2.18217
0.604898 -0.420573 0.0910562 1.96531 0.324437 -3.00965 0 0 2.18147
0.604875 -0.420525 0.0912012 1.97522 0.329761 -3.00387 0 0 2.18077
0.604852 -0.420477 0.0913463 1.9852 0.334962 -2.99799 0 0 2.18007
0.604829 -0.420428 0.0914944 1.99544 0.34014 -2.99188 0 0 2.17937
0.604806 -0.42038 0.0916394 2.00552 0.345082 -2.98579 0 0 2.17867
0.604784 -0.420331 0.0917875 2.01586 0.349991 -2.97948 0 0 2.1783
0.604763 -0.420282 0.0919356 2.02625 0.354759 -2.97307 0 0 2.17805
0.604742 -0.420232 0.0920867 2.0369 0.359477 -2.96643 0 0 2.1778
0.60472 -0.420183 0.0922348 2.04738 0.363954 -2.95984 0 0 2.17755
0.604699 -0.420133 0.0923859 2.05811 0.36837 -2.95303 0 0 2.1773
0.604678 -0.420084 0.092534 2.06866 0.372548 -2.94627 0 0 2.17705
0.604656 -0.420035 0.092682 2.07925 0.376574 -2.93944 0 0 2.17679
0.604635 -0.419985 0.0928332 2.09008 0.380526 -2.9324 0 0 2.17654
0.604614 -0.419936 0.0929812 2.10073 0.384243 -2.92542 0 0 2.17629
0.604593 -0.419886 0.0931323 2.11161 0.387876 -2.91825 0 0 2.17604
0.604571 -0.419837 0.0932804 2.12229 0.391279 -2.91115 0 0 2.17579
0.60455 -0.419788 0.0934285 2.13299 0.394525 -2.90401 0 0 2.17554
0.604529 -0.419738 0.0935796 2.14391 0.397675 -2.89667 0 0 2.17529
0.604507 -0.419689 0.0937277 2.15463 0.400603 -2.88944 0 0 2.17504
0.604486 -0.41964 0.0938758 2.16534 0.403373 -2.88217 0 0 2.17479
0.604465 -0.41959 0.0940269 2.17627 0.406037 -2.87471 0 0 2.17454
0.604443 -0.419541 0.094175 2.18698 0.408488 -2.86738 0 0 2.17429
0.604422 -0.419491 0.0943261 2.1979 0.410827 -2.85987 0 0 2.17403
0.604401 -0.419442 0.0944741 2.20858 0.412961 -2.8525 0 0 2.17378
0.60438 -0.419393 0.0946222 2.21925 0.414939 -2.84511 0 0 2.17353
0.604358 -0.419343 0.0947733 2.23011 0.416797 -2.83757 0 0 2.17328
0.604337 -0.419294 0.0949214 2.24073 0.418463 -2.83017 0 0 2.17303
0.604316 -0.419243 0.0950755 2.25175 0.420034 -2.82247 0 0 2.17293
0.604295 -0.419192 0.0952297 2.26274 0.421442 -2.81478 0 0 2.17292
0.604275 -0.419141 0.0953838 2.27368 0.422687 -2.80711 0 0 2.17291
0.604254 -0.419089 0.0955409 2.28479 0.423792 -2.7993 0 0 2.17289
0.604233 -0.419038 0.0956951 2.29564 0.424716 -2.79166 0 0 2.17288
0.604213 -0.418987 0.0958492 2.30644 0.425484 -2.78405 0 0 2.17287
0.604192 -0.418936 0.0960033 2.31718 0.426098 -2.77647 0 0 2.17285
0.604171 -0.418884 0.0961605 2.32806 0.426569 -2.76878 0 0 2.17284
0.604151 -0.418833 0.0963146 2.33868 0.426881 -2.76128 0 0 2.17283
0.60413 -0.418782 0.0964687 2.34922 0.427047 -2.75382 0 0 2.17281
0.604109 -0.41873 0.0966259 2.35991 0.42707 -2.74627 0 0 2.1728
0.604089 -0.418679 0.0967144 2.36783 0.426991 -2.74067 0 0 2.17278
0.604068 -0.418628 0.0967408 2.37339 0.426888 -2.73674 0 0 2.17277
0.604047 -0.418577 0.0967672 2.37896 0.426745 -2.7328 0 0 2.17276
0.604027 -0.418525 0.0967941 2.38464 0.426558 -2.72879 0 0 2.17274
0.604006 -0.418474 0.0968204 2.39022 0.426333 -2.72485 0 0 2.17273
0.603985 -0.418423 0.0968468 2.3958 0.426069 -2.7209 0 0 2.17271
0.603964 -0.418369 0.0968747 2.40171 0.425744 -2.71673 0 0 2.17258
0.603942 -0.418315 0.0969026 2.40763 0.425374 -2.71255 0 0 2.17246
0.60392 -0.418261 0.0969306 2.41355 0.424959 -2.70838 0 0 2.17233
0.603898 -0.418207 0.0969585 2.41948 0.424498 -2.7042 0 0 2.1722
0.603877 -0.418153 0.0969864 2.42541 0.423991 -2.70003 0 0 2.17208
0.603855 -0.418099 0.0970143 2.43133 0.423439 -2.69586 0 0 2.17195
0.603833 -0.418045 0.0970422 2.43726 0.42284 -2.6917 0 0 2.17183
0.603811 -0.417991 0.0970702 2.44319 0.422196 -2.68754 0 0 2.1717
0.60379 -0.417937 0.0970981 2.44912 0.421507 -2.68338 0 0 2.17158
0.603768 -0.417883 0.097126 2.45504 0.420771 -2.67923 0 0 2.17145
0.603746 -0.417829 0.0971539 2.46096 0.41999 -2.67508 0 0 2.17132
0.603724 -0.417775 0.0971818 2.46688 0.419163 -2.67095 0 0 2.1712
0.603703 -0.417721 0.0972098 2.4728 0.418291 -2.66682 0 0 2.17107
0.603681 -0.417667 0.0972377 2.47871 0.417373 -2.6627 0 0 2.17095
0.603659 -0.417613 0.0972656 2.48462 0.41641 -2.65859 0 0 2.17082
0.603638 -0.417559 0.0972935 2.49052 0.415402 -2.65449 0 0 2.1707
0.603612 -0.417499 0.0973245 2.49706 0.414228 -2.64995 0 0 2.16989
0.603583 -0.417433 0.0973587 2.50426 0.412874 -2.64497 0 0 2.1684
0.603554 -0.417367 0.0973928 2.51144 0.411452 -2.64002 0 0 2.16692
0.603525 -0.417302 0.0974264 2.5185 0.409987 -2.63516 0 0 2.16543
0.603496 -0.417236 0.0974605 2.52565 0.408434 -2.63024 0 0 2.16394
0.603467 -0.41717 0.0974947 2.53279 0.406815 -2.62535 0 0 2.16246
0.603439 -0.417104 0.0975288 2.53991 0.405131 -2.62048 0 0 2.16097
0.60341 -0.417039 0.0975624 2.5469 0.403409 -2.61572 0 0 2.15949
0.603381 -0.416973 0.0975965 2.55399 0.401596 -2.61091 0 0 2.158
0.603352 -0.416907 0.0976306 2.56105 0.39972 -2.60612 0 0 2.15652
0.603323 -0.416841 0.0976648 2.5681 0.397781 -2.60137 0 0 2.15503
0.603294 -0.416775 0.0976989 2.57512 0.395779 -2.59665 0 0 2.15354
0.603265 -0.41671 0.0977325 2.58201 0.393747 -2.59203 0 0 2.15206
0.603236 -0.416644 0.0977666 2.58899 0.391623 -2.58737 0 0 2.15057
0.603207 -0.416578 0.0978007 2.59594 0.389438 -2.58275 0 0 2.14909
0.603178 -0.416512 0.0978349 2.60286 0.387194 -2.57816 0 0 2.1476
0.603149 -0.416447 0.0978685 2.60966 0.384925 -2.57368 0 0 2.14611
0.60312 -0.416381 0.0979026 2.61653 0.382564 -2.56917 0 0 2.14463
0.603091 -0.416315 0.0979367 2.62337 0.380145 -2.5647 0 0 2.14314
0.603062 -0.416249 0.0979709 2.63018 0.377669 -2.56026 0 0 2.14166
0.603033 -0.416184 0.0980045 2.63686 0.375176 -2.55594 0 0 2.14017
0.603004 -0.416118 0.0980386 2.64362 0.37259 -2.55158 0 0 2.13869
0.602973 -0.416048 0.0980748 2.65074 0.369788 -2.54701 0 0 2.13697
0.602936 -0.415972 0.0981141 2.65844 0.366678 -2.54211 0 0 2.13492
0.6029 -0.415896 0.0981534 2.6661 0.363499 -2.53726 0 0 2.13287
0.602864 -0.41582 0.0981927 2.67371 0.360252 -2.53247 0 0 2.13082
0.602828 -0.415745 0.0982314 2.68117 0.356982 -2.52781 0 0 2.12877
0.602792 -0.415669 0.0982707 2.68869 0.353605 -2.52314 0 0 2.12672
0.602755 -0.415593 0.09831 2.69616 0.350164 -2.51854 0 0 2.12467
0.602719 -0.415517 0.0983493 2.70358 0.346662 -2.514 0 0 2.12262
0.602683 -0.415441 0.0983886 2.71096 0.343099 -2.50952 0 0 2.12057
0.602647 -0.415365 0.0984279 2.71828 0.339478 -2.50511 0 0 2.11852
0.602611 -0.415289 0.0984672 2.72556 0.3358 -2.50077 0 0 2.11647
0.602575 -0.415214 0.098506 2.73269 0.332115 -2.49655 0 0 2.11442
0.602538 -0.415138 0.0985453 2.73986 0.328329 -2.49234 0 0 2.11237
0.602502 -0.415062 0.0985846 2.74698 0.32449 -2.4882 0 0 2.11032
0.602466 -0.414986 0.0986239 2.75406 0.320601 -2.48412 0 0 2.10827
0.60243 -0.41491 0.0986632 2.76108 0.316663 -2.48012 0 0 2.10622
0.602394 -0.414834 0.0987025 2.76804 0.312678 -2.47618 0 0 2.10417
0.602356 -0.414755 0.0987433 2.77523 0.308487 -2.47217 0 0 2.10219
0.602319 -0.414675 0.0987847 2.78245 0.304196 -2.46817 0 0 2.10022
0.602282 -0.414595 0.098826 2.78961 0.299858 -2.46426 0 0 2.09825
0.602244 -0.414515 0.0988674 2.79671 0.295476 -2.46042 0 0 2.09627
0.602207 -0.414434 0.0989093 2.80385 0.290995 -2.45662 0 0 2.0943
0.602169 -0.414354 0.0989507 2.81083 0.286529 -2.45294 0 0 2.09233
0.602132 -0.414274 0.098992 2.81776 0.282025 -2.44934 0 0 2.09036
0.602095 -0.414194 0.0990334 2.82462 0.277484 -2.44581 0 0 2.08839
0.602057 -0.414114 0.0990747 2.83143 0.272908 -2.44237 0 0 2.08642
0.60202 -0.414034 0.0991161 2.83818 0.2683 -2.439 0 0 2.08445
0.601983 -0.413954 0.0991575 2.84487 0.263661 -2.43571 0 0 2.08248
0.601945 -0.413874 0.0991988 2.85151 0.258993 -2.4325 0 0 2.08051
0.601908 -0.413794 0.0992402 2.85808 0.254297 -2.42936 0 0 2.07853
0.60187 -0.413714 0.0992816 2.8646 0.249577 -2.4263 0 0 2.07656
0.601833 -0.413634 0.0993229 2.87106 0.244833 -2.42332 0 0 2.07459
0.601796 -0.413553 0.0993648 2.87754 0.240008 -2.42037 0 0 2.07262
0.601758 -0.413473 0.0994062 2.88389 0.235222 -2.41754 0 0 2.07123
0.601721 -0.41339 0.0994491 2.89041 0.230238 -2.41469 0 0 2.07151
0.601683 -0.413308 0.0994915 2.8968 0.225297 -2.41194 0 0 2.07179
0.601645 -0.413225 0.0995344 2.90321 0.22028 -2.40924 0 0 2.07207
0.601608 -0.413143 0.0995768 2.90948 0.21531 -2.40665 0 0 2.07235
0.60157 -0.41306 0.0996197 2.91576 0.210267 -2.40411 0 0 2.07264
0.601533 -0.412977 0.0996626 2.922 0.205214 -2.40165 0 0 2.07292
0.601495 -0.412895 0.099705 2.92809 0.200214 -2.39929 0 0 2.0732
0.601457 -0.412812 0.0997479 2.93421 0.195147 -2.39697 0 0 2.07348
0.60142 -0.41273 0.0997903 2.9402 0.190135 -2.39476 0 0 2.07376
0.601382 -0.412647 0.0998332 2.9462 0.18506 -2.3926 0 0 2.07404
0.601345 -0.412565 0.0998756 2.95208 0.180043 -2.39053 0 0 2.07432
0.601307 -0.412482 0.0999186 2.95798 0.174966 -2.38851 0 0 2.0746
0.601269 -0.4124 0.099961 2.96375 0.169951 -2.38659 0 0 2.07488
0.601232 -0.412317 0.099999 2.96908 0.165281 -2.38485 0 0 2.07516
0.601194 -0.412235 0.099999 2.97077 0.163794 -2.38432 0 0 2.07545
0.601157 -0.412152 0.099999 2.97248 0.162285 -2.38377 0 0 2.07573
0.601119 -0.41207 0.099999 2.97417 0.160793 -2.38325 0 0 2.07601
0.601081 -0.411987 0.099999 2.97588 0.159279 -2.38272 0 0 2.07629
0.601044 -0.411904 0.099999 2.97758 0.157763 -2.38219 0 0 2.07657
0.601006 -0.411822 0.099999 2.97927 0.156263 -2.38168 0 0 2.07685
0.600969 -0.411739 0.099999 2.98097 0.154742 -2.38116 0 0 2.07713
0.600931 -0.411655 0.099999 2.98269 0.153201 -2.38064 0 0 2.07754
0.60089 -0.411564 0.099999 2.98456 0.151528 -2.38009 0 0 2.07861
0.600849 -0.411473 0.099999 2.98642 0.149852 -2.37954 0 0 2.07968
0.600808 -0.411381 0.099999 2.9883 0.148155 -2.379 0 0 2.08074
0.600768 -0.41129 0.099999 2.99016 0.146474 -2.37846 0 0 2.08181
0.600727 -0.411198 0.099999 2.99204 0.144771 -2.37793 0 0 2.08288
0.600686 -0.411107 0.099999 2.9939 0.143085 -2.37741 0 0 2.08395
0.600645 -0.411016 0.099999 2.99575 0.141395 -2.37689 0 0 2.08502
0.600604 -0.410924 0.099999 2.99763 0.139685 -2.37638 0 0 2.08609
0.600564 -0.410833 0.099999 2.99948 0.137991 -2.37587 0 0 2.08716
0.600523 -0.410741 0.099999 3.00135 0.136275 -2.37537 0 0 2.08823
0.600482 -0.41065 0.099999 3.0032 0.134576 -2.37488 0 0 2.0893
0.600441 -0.410559 0.099999 3.00505 0.132874 -2.3744 0 0 2.09037
0.600401 -0.410467 0.099999 3.00692 0.131151 -2.37391 0 0 2.09144
0.60036 -0.410376 0.099999 3.00876 0.129445 -2.37344 0 0 2.0925
0.600319 -0.410284 0.099999 3.01063 0.127717 -2.37297 0 0 2.09357
0.600278 -0.410193 0.099999 3.01247 0.126006 -2.37251 0 0 2.09464
0.600233 -0.410093 0.099999 3.0145 0.124124 -2.37201 0 0 2.09569
0.600184 -0.409988 0.099999 3.01662 0.122144 -2.3715 0 0 2.09672
0.600135 -0.409883 0.099999 3.01874 0.120162 -2.37099 0 0 2.09775
0.600086 -0.409777 0.099999 3.02088 0.118158 -2.37049 0 0 2.09878
0.600037 -0.409672 0.099999 3.023 0.11617 -2.37 0 0 2.09981
0.599989 -0.409567 0.099999 3.02511 0.11418 -2.36952 0 0 2.10084
0.59994 -0.409461 0.099999 3.02725 0.112168 -2.36905 0 0 2.10187
0.599891 -0.409356 0.099999 3.02936 0.110173 -2.36859 0 0 2.1029
0.599842 -0.409251 0.099999 3.03147 0.108176 -2.36813 0 0 2.10393
0.599793 -0.409145 0.099999 3.03359 0.106157 -2.36768 0 0 2.10496
0.599745 -0.40904 0.099999 3.0357 0.104155 -2.36724 0 0 2.10599
0.599696 -0.408934 0.099999 3.03782 0.102132 -2.36681 0 0 2.10702
0.599647 -0.408829 0.099999 3.03993 0.100125 -2.36639 0 0 2.10805
0.599598 -0.408724 0.099999 3.04203 0.098117 -2.36598 0 0 2.10908
0.599549 -0.408618 0.099999 3.04415 0.0960877 -2.36557 0 0 2.11011
0.599501 -0.408513 0.099999 3.04624 0.0940757 -2.36518 0 0 2.11114
0.599452 -0.408408 0.099999 3.04834 0.0920618 -2.36479 0 0 2.11216
0.599392 -0.408293 0.099999 3.05063 0.0898542 -2.36438 0 0 2.11239
0.599332 -0.408179 0.099999 3.0529 0.0876638 -2.36398 0 0 2.11263
0.599273 -0.408065 0.099999 3.05517 0.0854716 -2.36359 0 0 2.11286
0.599213 -0.40795 0.099999 3.05745 0.0832583 -2.36321 0 0 2.1131
0.599153 -0.407836 0.099999 3.05972 0.0810627 -2.36284 0 0 2.11333
0.599093 -0.407722 0.099999 3.06198 0.0788654 -2.36248 0 0 2.11357
0.599034 -0.407607 0.099999 3.06426 0.0766474 -2.36213 0 0 2.1138
0.598974 -0.407493 0.099999 3.06652 0.0744473 -2.36179 0 0 2.11404
0.598914 -0.407379 0.099999 3.06877 0.0722458 -2.36146 0 0 2.11428
0.598855 -0.407265 0.099999 3.07103 0.0700431 -2.36114 0 0 2.11451
0.598795 -0.40715 0.099999 3.0733 0.06782 -2.36083 0 0 2.11475
0.598735 -0.407036 0.099999 3.07555 0.0656151 -2.36053 0 0 2.11498
0.598675 -0.406922 0.099999 3.0778 0.0634093 -2.36024 0 0 2.11522
0.598616 -0.406807 0.099999 3.08006 0.0611833 -2.35996 0 0 2.11545
0.598556 -0.406693 0.099999 3.08231 0.0589758 -2.35969 0 0 2.11569
0.598496 -0.406579 0.099999 3.08455 0.0567677 -2.35943 0 0 2.11592
0.598437 -0.406464 0.099999 3.08681 0.0545396 -2.35918 0 0 2.11616
0.598377 -0.40635 0.099999 3.08905 0.0523303 -2.35895 0 0 2.11639
0.598317 -0.406236 0.099999 3.09128 0.0501207 -2.35872 0 0 2.11663
0.598258 -0.406121 0.099999 3.09354 0.0478913 -2.3585 0 0 2.11686
0.598198 -0.406007 0.099999 3.09577 0.0456811 -2.35829 0 0 2.1171
0.598138 -0.405893 0.099999 3.098 0.0434708 -2.35809 0 0 2.11733
0.598077 -0.405773 0.099999 3.10034 0.041144 -2.35789 0 0 2.11737
0.598015 -0.405652 0.099999 3.10271 0.0387979 -2.3577 0 0 2.11739
0.597953 -0.405531 0.099999 3.10507 0.036452 -2.35753 0 0 2.11741
0.597892 -0.405411 0.099999 3.10741 0.0341256 -2.35736 0 0 2.11743
0.59783 -0.40529 0.099999 3.10976 0.0317803 -2.35721 0 0 2.11745
0.597768 -0.405169 0.099999 3.11212 0.0294354 -2.35706 0 0 2.11747
0.597706 -0.405048 0.099999 3.11447 0.027091 -2.35693 0 0 2.11749
0.597645 -0.404928 0.099999 3.1168 0.0247667 -2.35681 0 0 2.11751
0.597583 -0.404807 0.099999 3.11915 0.0224238 -2.3567 0 0 2.11753
0.597521 -0.404686 0.099999 3.1215 0.0200817 -2.3566 0 0 2.11755
0.59746 -0.404566 0.099999 3.12382 0.01776 -2.35651 0 0 2.11757
0.597398 -0.404445 0.099999 3.12617 0.01542 -2.35643 0 0 2.11759
0.597336 -0.404324 0.099999 3.12851 0.0130811 -2.35637 0 0 2.11761
0.597274 -0.404203 0.099999 3.13085 0.0107436 -2.35631 0 0 2.11763
0.597213 -0.404083 0.099999 3.13317 0.00842671 -2.35627 0 0 2.11765
0.597151 -0.403962 0.099999 3.1355 0.006092 -2.35623 0 0 2.11767
0.59709 -0.403841 0.099999 3.13783 0.00375887 -2.35621 0 0 2.11798
0.597032 -0.403718 0.099999 3.1402 0.0013889 -2.3562 0 0 2.11882
0.596973 -0.403595 0.099999 3.14159 0 -2.35619 0 0 2.11965
0.596914 -0.403472 0.099999 3.14159 0 -2.35619 0 0 2.12049
0.596855 -0.40335 0.099999 3.14159 0 -2.35619 0 0 2.12133
0.596797 -0.403227 0.099999 3.14159 0 -2.35619 0 0 2.12217
0.596738 -0.403104 0.099999 3.14159 0 -2.35619 0 0 2.12301
0.596679 -0.402982 0.099999 3.14159 0 -2.35619 0 0 2.12385
0.596621 -0.402859 0.099999 3.14159 0 -2.35619 0 0 2.12469
0.596562 -0.402736 0.099999 3.14159 0 -2.35619 0 0 2.12553
0.596503 -0.402614 0.099999 3.14159 0 -2.35619 0 0 2.12637
0.596444 -0.402491 0.099999 3.14159 0 -2.35619 0 0 2.12721
0.596386 -0.402368 0.099999 3.14159 0 -2.35619 0 0 2.12805
0.596327 -0.402246 0.099999 3.14159 0 -2.35619 0 0 2.12888
0.596268 -0.402123 0.099999 3.14159 0 -2.35619 0 0 2.12972
0.596209 -0.402 0.099999 3.14159 0 -2.35619 0 0 2.13056
0.596151 -0.401878 0.099999 3.14159 0 -2.35619 0 0 2.1314
0.596094 -0.401751 0.099999 3.14159 0 -2.35619 0 0 2.13225
0.596037 -0.401623 0.099999 3.14159 0 -2.35619 0 0 2.13311
0.59598 -0.401496 0.099999 3.14159 0 -2.35619 0 0 2.13397
0.595924 -0.401368 0.099999 3.14159 0 -2.35619 0 0 2.13482
0.595867 -0.401241 0.099999 3.14159 0 -2.35619 0 0 2.13568
0.59581 -0.401113 0.099999 3.14159 0 -2.35619 0 0 2.13654
0.595754 -0.400985 0.099999 3.14159 0 -2.35619 0 0 2.13739
0.595697 -0.400858 0.099999 3.14159 0 -2.35619 0 0 2.13825
0.59564 -0.40073 0.099999 3.14159 0 -2.35619 0 0 2.1391
0.595584 -0.400603 0.099999 3.14159 0 -2.35619 0 0 2.13996
0.595527 -0.400475 0.099999 3.14159 0 -2.35619 0 0 2.14082
0.59547 -0.400347 0.099999 3.14159 0 -2.35619 0 0 2.14167
0.595414 -0.40022 0.099999 3.14159 0 -2.35619 0 0 2.14253
0.595357 -0.400092 0.099999 3.14159 0 -2.35619 0 0 2.14339
0.5953 -0.399965 0.099999 3.14159 0 -2.35619 0 0 2.14424
0.595244 -0.399837 0.099999 3.14159 0 -2.35619 0 0 2.1451
0.595187 -0.399709 0.099999 3.14159 0 -2.35619 0 0 2.14596
0.59513 -0.399582 0.099999 3.14159 0 -2.35619 0 0 2.14681
0.595074 -0.399454 0.099999 3.14159 0 -2.35619 0 0 2.14767
0.595017 -0.399327 0.099999 3.14159 0 -2.35619 0 0 2.14852
0.59496 -0.399199 0.099999 3.14159 0 -2.35619 0 0 2.14938
0.594904 -0.399071 0.099999 3.14159 0 -2.35619 0 0 2.15024
0.594845 -0.398938 0.099999 3.14159 0 -2.35619 0 0 2.15093
0.594786 -0.398802 0.099999 3.14159 0 -2.35619 0 0 2.15155
0.594727 -0.398665 0.099999 3.14159 0 -2.35619 0 0 2.15217
0.594668 -0.398529 0.099999 3.14159 0 -2.35619 0 0 2.15279
0.594608 -0.398393 0.099999 3.14159 0 -2.35619 0 0 2.15341
0.594549 -0.398256 0.099999 3.14159 0 -2.35619 0 0 2.15403
0.59449 -0.39812 0.099999 3.14159 0 -2.35619 0 0 2.15465
0.594431 -0.397984 0.099999 3.14159 0 -2.35619 0 0 2.15527
0.594371 -0.397848 0.099999 3.14159 0 -2.35619 0 0 2.15589
0.594312 -0.397711 0.099999 3.14159 0 -2.35619 0 0 2.15651
0.594253 -0.397575 0.099999 3.14159 0 -2.35619 0 0 2.15713
0.594194 -0.397439 0.099999 3.14159 0 -2.35619 0 0 2.15775
0.594135 -0.397302 0.099999 3.14159 0 -2.35619 0 0 2.15837
0.594075 -0.397166 0.099999 3.14159 0 -2.35619 0 0 2.15898
0.594016 -0.39703 0.099999 3.14159 0 -2.35619 0 0 2.1596
0.593957 -0.396894 0.099999 3.14159 0 -2.35619 0 0 2.16022
0.593897 -0.396756 0.099999 3.14159 0 -2.35619 0 0 2.16081
0.593835 -0.396612 0.099999 3.14159 0 -2.35619 0 0 2.16114
0.593772 -0.396467 0.099999 3.14159 0 -2.35619 0 0 2.16147
0.59371 -0.396322 0.099999 3.14159 0 -2.35619 0 0 2.1618
0.593647 -0.396178 0.099999 3.14159 0 -2.35619 0 0 2.16212
0.593585 -0.396033 0.099999 3.14159 0 -2.35619 0 0 2.16245
0.593523 -0.395889 0.099999 3.14159 0 -2.35619 0 0 2.16278
0.59346 -0.395744 0.099999 3.14159 0 -2.35619 0 0 2.1631
0.593398 -0.395599 0.099999 3.14159 0 -2.35619 0 0 2.16343
0.593335 -0.395455 0.099999 3.14159 0 -2.35619 0 0 2.16376
0.593273 -0.39531 0.099999 3.14159 0 -2.35619 0 0 2.16409
0.59321 -0.395165 0.099999 3.14159 0 -2.35619 0 0 2.16441
0.593148 -0.395021 0.099999 3.14159 0 -2.35619 0 0 2.16474
0.593085 -0.394876 0.099999 3.14159 0 -2.35619 0 0 2.16507
0.593023 -0.394731 0.099999 3.14159 0 -2.35619 0 0 2.16539
0.59296 -0.394587 0.099999 3.14159 0 -2.35619 0 0 2.16572
0.592898 -0.394442 0.099999 3.14159 0 -2.35619 0 0 2.16605
0.592835 -0.394296 0.099999 3.14159 0 -2.35619 0 0 2.16597
0.592772 -0.394148 0.099999 3.14159 0 -2.35619 0 0 2.16553
0.592709 -0.394 0.099999 3.14159 0 -2.35619 0 0 2.16509
0.592646 -0.393852 0.099999 3.14159 0 -2.35619 0 0 2.16465
0.592584 -0.393704 0.099999 3.14159 0 -2.35619 0 0 2.16421
0.592521 -0.393556 0.099999 3.14159 0 -2.35619 0 0 2.16377
0.592458 -0.393408 0.099999 3.14159 0 -2.35619 0 0 2.16333
0.592395 -0.39326 0.099999 3.14159 0 -2.35619 0 0 2.16289
0.592332 -0.393112 0.099999 3.14159 0 -2.35619 0 0 2.16245
0.592269 -0.392964 0.099999 3.14159 0 -2.35619 0 0 2.16201
0.592206 -0.392816 0.099999 3.14159 0 -2.35619 0 0 2.16157
0.592143 -0.392668 0.099999 3.14159 0 -2.35619 0 0 2.16113
0.59208 -0.392519 0.099999 3.14159 0 -2.35619 0 0 2.16069
0.592017 -0.392371 0.099999 3.14159 0 -2.35619 0 0 2.16025
0.591954 -0.392223 0.099999 3.14159 0 -2.35619 0 0 2.15982
0.591891 -0.392075 0.099999 3.14159 0 -2.35619 0 0 2.15938
0.591829 -0.391927 0.099999 3.14159 0 -2.35619 0 0 2.15894
0.591766 -0.391779 0.099999 3.14159 0 -2.35619 0 0 2.1585
0.591703 -0.391631 0.099999 3.14159 0 -2.35619 0 0 2.15806
0.59164 -0.391483 0.099999 3.14159 0 -2.35619 0 0 2.15762
0.591577 -0.391335 0.099999 3.14159 0 -2.35619 0 0 2.15718
0.591514 -0.391187 0.099999 3.14159 0 -2.35619 0 0 2.15674
0.591452 -0.391037 0.099999 3.14159 0 -2.35619 0 0 2.15608
0.591392 -0.390884 0.099999 3.14159 0 -2.35619 0 0 2.15514
0.591332 -0.39073 0.099999 3.14159 0 -2.35619 0 0 2.15419
0.591271 -0.390577 0.099999 3.14159 0 -2.35619 0 0 2.15325
0.591211 -0.390424 0.099999 3.14159 0 -2.35619 0 0 2.1523
0.591151 -0.39027 0.099999 3.14159 0 -2.35619 0 0 2.15136
0.59109 -0.390117 0.099999 3.14159 0 -2.35619 0 0 2.15041
0.59103 -0.389964 0.099999 3.14159 0 -2.35619 0 0 2.14947
0.59097 -0.38981 0.099999 3.14159 0 -2.35619 0 0 2.14853
0.590909 -0.389657 0.099999 3.14159 0 -2.35619 0 0 2.14758
0.590849 -0.389504 0.099999 3.14159 0 -2.35619 0 0 2.14664
0.590789 -0.38935 0.099999 3.14159 0 -2.35619 0 0 2.14569
0.590728 -0.389197 0.099999 3.14159 0 -2.35619 0 0 2.14475
0.590668 -0.389044 0.099999 3.14159 0 -2.35619 0 0 2.1438
0.590608 -0.38889 0.099999 3.14159 0 -2.35619 0 0 2.14286
0.590547 -0.388737 0.099999 3.14159 0 -2.35619 0 0 2.14192
0.590487 -0.388584 0.099999 3.14159 0 -2.35619 0 0 2.14097
0.590428 -0.388426 0.099999 3.14159 0 -2.35619 0 0 2.13988
0.590369 -0.388267 0.099999 3.14159 0 -2.35619 0 0 2.13877
0.59031 -0.388109 0.099999 3.14159 0 -2.35619 0 0 2.13765
0.590251 -0.38795 0.099999 3.14159 0 -2.35619 0 0 2.13654
0.590191 -0.387792 0.099999 3.14159 0 -2.35619 0 0 2.13543
0.590132 -0.387634 0.099999 3.14159 0 -2.35619 0 0 2.13431
0.590073 -0.387475 0.099999 3.14159 0 -2.35619 0 0 2.1332
0.590014 -0.387317 0.099999 3.14159 0 -2.35619 0 0 2.13208
0.589955 -0.387158 0.099999 3.14159 0 -2.35619 0 0 2.13097
0.589896 -0.387 0.099999 3.14159 0 -2.35619 0 0 2.12986
0.589837 -0.386841 0.099999 3.14159 0 -2.35619 0 0 2.12874
0.589778 -0.386683 0.099999 3.14159 0 -2.35619 0 0 2.12763
0.589719 -0.386524 0.099999 3.14159 0 -2.35619 0 0 2.12651
0.58966 -0.386366 0.099999 3.14159 0 -2.35619 0 0 2.1254
0.589601 -0.386207 0.099999 3.14159 0 -2.35619 0 0 2.12429
0.589542 -0.386049 0.099999 3.14159 0 -2.35619 0 0 2.12317
0.589484 -0.38589 0.099999 3.14159 0 -2.35619 0 0 2.12197
0.58943 -0.385731 0.099999 3.14159 0 -2.35619 0 0 2.12053
0.589376 -0.385572 0.099999 3.14159 0 -2.35619 0 0 2.11909
0.589321 -0.385413 0.099999 3.14159 0 -2.35619 0 0 2.11765
0.589267 -0.385254 0.099999 3.14159 0 -2.35619 0 0 2.11621
0.589213 -0.385095 0.099999 3.14159 0 -2.35619 0 0 2.11477
0.589158 -0.384936 0.099999 3.14159 0 -2.35619 0 0 2.11334
0.589104 -0.384777 0.099999 3.14159 0 -2.35619 0 0 2.1119
0.58905 -0.384618 0.099999 3.14159 0 -2.35619 0 0 2.11046
0.588995 -0.384459 0.099999 3.14159 0 -2.35619 0 0 2.10902
0.588941 -0.3843 0.099999 3.14159 0 -2.35619 0 0 2.10758
0.588887 -0.384141 0.099999 3.14159 0 -2.35619 0 0 2.10615
0.588832 -0.383981 0.099999 3.14159 0 -2.35619 0 0 2.10471
0.588778 -0.383822 0.099999 3.14159 0 -2.35619 0 0 2.10327
0.588723 -0.383663 0.099999 3.14159 0 -2.35619 0 0 2.10183
0.588669 -0.383504 0.099999 3.14159 0 -2.35619 0 0 2.10039
0.588615 -0.383345 0.099999 3.14159 0 -2.35619 0 0 2.09895
0.58856 -0.383186 0.099999 3.14159 0 -2.35619 0 0 2.09752
0.588506 -0.383027 0.099999 3.14159 0 -2.35619 0 0 2.09608
0.588452 -0.382868 0.099999 3.14159 0 -2.35619 0 0 2.09464
0.588397 -0.382709 0.099999 3.14159 0 -2.35619 0 0 2.0932
0.588343 -0.38255 0.099999 3.14159 0 -2.35619 0 0 2.09176
0.58829 -0.38239 0.099999 3.14159 0 -2.35619 0 0 2.09038
0.588241 -0.382228 0.099999 3.14159 0 -2.35619 0 0 2.08924
0.588192 -0.382065 0.099999 3.14159 0 -2.35619 0 0 2.0881
0.588143 -0.381903 0.099999 3.14159 0 -2.35619 0 0 2.08695
0.588095 -0.38174 0.099999 3.14159 0 -2.35619 0 0 2.08581
0.588046 -0.381578 0.099999 3.14159 0 -2.35619 0 0 2.08467
0.587997 -0.381416 0.099999 3.14159 0 -2.35619 0 0 2.08353
0.587948 -0.381253 0.099999 3.14159 0 -2.35619 0 0 2.08239
0.5879 -0.381091 0.099999 3.14159 0 -2.35619 0 0 2.08125
0.587851 -0.380929 0.099999 3.14159 0 -2.35619 0 0 2.0801
0.587802 -0.380766 0.099999 3.14159 0 -2.35619 0 0 2.07896
0.587753 -0.380604 0.099999 3.14159 0 -2.35619 0 0 2.07782
0.587705 -0.380441 0.099999 3.14159 0 -2.35619 0 0 2.07668
0.587656 -0.380279 0.099999 3.14159 0 -2.35619 0 0 2.07554
0.587607 -0.380117 0.099999 3.14159 0 -2.35619 0 0 2.07439
0.587558 -0.379954 0.099999 3.14159 0 -2.35619 0 0 2.07325
0.58751 -0.379792 0.099999 3.14159 0 -2.35619 0 0 2.07211
0.587459 -0.379622 0.099999 3.14159 0 -2.35619 0 0 2.07078
0.587409 -0.379446 0.099999 3.14159 0 -2.35619 0 0 2.06934
0.587358 -0.379271 0.099999 3.14159 0 -2.35619 0 0 2.0679
0.587307 -0.379096 0.099999 3.14159 0 -2.35619 0 0 2.06646
0.587256 -0.378921 0.099999 3.14159 0 -2.35619 0 0 2.06502
0.587205 -0.378746 0.099999 3.14159 0 -2.35619 0 0 2.06358
0.587154 -0.378571 0.099999 3.14159 0 -2.35619 0 0 2.06214
0.587103 -0.378396 0.099999 3.14159 0 -2.35619 0 0 2.06069
0.587052 -0.378221 0.099999 3.14159 0 -2.35619 0 0 2.05925
0.587001 -0.378046 0.099999 3.14159 0 -2.35619 0 0 2.05781
0.58695 -0.377871 0.099999 3.14159 0 -2.35619 0 0 2.05637
0.586899 -0.377695 0.099999 3.14159 0 -2.35619 0 0 2.05493
0.586848 -0.37752 0.099999 3.14159 0 -2.35619 0 0 2.05349
0.586797 -0.377345 0.099999 3.14159 0 -2.35619 0 0 2.05204
0.586746 -0.37717 0.099999 3.14159 0 -2.35619 0 0 2.0506
0.586695 -0.376995 0.099999 3.14159 0 -2.35619 0 0 2.04916
0.586644 -0.376819 0.099999 3.14159 0 -2.35619 0 0 2.04758
0.586584 -0.376625 0.099999 3.14159 0 -2.35619 0 0 2.04295
0.586525 -0.37643 0.099999 3.14159 0 -2.35619 0 0 2.03831
0.586465 -0.376236 0.099999 3.14159 0 -2.35619 0 0 2.03368
0.586405 -0.376042 0.099999 3.14159 0 -2.35619 0 0 2.02905
0.586346 -0.375847 0.099999 3.14159 0 -2.35619 0 0 2.02441
0.586286 -0.375653 0.099999 3.14159 0 -2.35619 0 0 2.01978
0.586226 -0.375458 0.099999 3.14159 0 -2.35619 0 0 2.01514
0.586167 -0.375264 0.099999 3.14159 0 -2.35619 0 0 2.01051
0.586107 -0.37507 0.099999 3.14159 0 -2.35619 0 0 2.00588
0.586047 -0.374875 0.099999 3.14159 0 -2.35619 0 0 2.00124
0.585988 -0.374681 0.099999 3.14159 0 -2.35619 0 0 1.99661
0.585928 -0.374487 0.099999 3.14159 0 -2.35619 0 0 1.99198
0.585868 -0.374292 0.099999 3.14159 0 -2.35619 0 0 1.98734
0.585809 -0.374098 0.099999 3.14159 0 -2.35619 0 0 1.98271
0.585749 -0.373903 0.099999 3.14159 0 -2.35619 0 0 1.97807
0.585689 -0.373709 0.099999 3.14159 0 -2.35619 0 0 1.97344
0.58563 -0.373515 0.099999 3.14159 0 -2.35619 0 0 1.9688
0.58557 -0.37332 0.099999 3.14159 0 -2.35619 0 0 1.96417
0.58551 -0.373126 0.099999 3.14159 0 -2.35619 0 0 1.95954
0.585451 -0.372932 0.099999 3.14159 0 -2.35619 0 0 1.9549
0.585391 -0.372737 0.099999 3.14159 0 -2.35619 0 0 1.95027
0.585331 -0.372543 0.099999 3.14159 0 -2.35619 0 0 1.94564
0.585262 -0.372336 0.099999 3.14159 0 -2.35619 0 0 1.9399
0.585193 -0.372128 0.099999 3.14159 0 -2.35619 0 0 1.9341
0.585123 -0.37192 0.099999 3.14159 0 -2.35619 0 0 1.92831
0.585054 -0.371712 0.099999 3.14159 0 -2.35619 0 0 1.92251
0.584984 -0.371504 0.099999 3.14159 0 -2.35619 0 0 1.91672
0.584915 -0.371296 0.099999 3.14159 0 -2.35619 0 0 1.91092
0.584845 -0.371088 0.099999 3.14159 0 -2.35619 0 0 1.90512
0.584776 -0.37088 0.099999 3.14159 0 -2.35619 0 0 1.89933
0.584706 -0.370672 0.099999 3.14159 0 -2.35619 0 0 1.89353
0.584637 -0.370465 0.099999 3.14159 0 -2.35619 0 0 1.88773
0.584567 -0.370257 0.099999 3.14159 0 -2.35619 0 0 1.88194
0.584498 -0.370049 0.099999 3.14159 0 -2.35619 0 0 1.87614
0.584428 -0.369841 0.099999 3.14159 0 -2.35619 0 0 1.87034
0.584358 -0.369633 0.099999 3.14159 0 -2.35619 0 0 1.86455
0.584289 -0.369425 0.099999 3.14159 0 -2.35619 0 0 1.85875
0.584219 -0.369217 0.099999 3.14159 0 -2.35619 0 0 1.85295
0.584149 -0.369007 0.099999 3.14159 0 -2.35619 0 0 1.84708
0.584077 -0.368793 0.099999 3.14159 0 -2.35619 0 0 1.84107
0.584004 -0.368579 0.099999 3.14159 0 -2.35619 0 0 1.83507
0.583932 -0.368364 0.099999 3.14159 0 -2.35619 0 0 1.82906
0.58386 -0.36815 0.099999 3.14159 0 -2.35619 0 0 1.82305
0.583787 -0.367936 0.099999 3.14159 0 -2.35619 0 0 1.81705
0.583715 -0.367722 0.099999 3.14159 0 -2.35619 0 0 1.81104
0.583643 -0.367508 0.099999 3.14159 0 -2.35619 0 0 1.80503
0.583571 -0.367294 0.099999 3.14159 0 -2.35619 0 0 1.79903
0.583498 -0.36708 0.099999 3.14159 0 -2.35619 0 0 1.79302
0.583426 -0.366866 0.099999 3.14159 0 -2.35619 0 0 1.78702
0.583354 -0.366651 0.099999 3.14159 0 -2.35619 0 0 1.78101
0.583282 -0.366437 0.099999 3.14159 0 -2.35619 0 0 1.775
0.583209 -0.366223 0.099999 3.14159 0 -2.35619 0 0 1.769
0.583137 -0.366009 0.099999 3.14159 0 -2.35619 0 0 1.76299
0.583065 -0.365795 0.099999 3.14159 0 -2.35619 0 0 1.75699
0.582992 -0.365581 0.099999 3.14159 0 -2.35619 0 0 1.75098
0.582923 -0.365361 0.099999 3.14159 0 -2.35619 0 0 1.74584
0.582855 -0.36514 0.099999 3.14159 0 -2.35619 0 0 1.74091
0.582786 -0.364919 0.099999 3.14159 0 -2.35619 0 0 1.73598
0.582717 -0.364698 0.099999 3.14159 0 -2.35619 0 0 1.73105
0.582649 -0.364477 0.099999 3.14159 0 -2.35619 0 0 1.72613
0.58258 -0.364256 0.099999 3.14159 0 -2.35619 0 0 1.7212
0.582511 -0.364035 0.099999 3.14159 0 -2.35619 0 0 1.71627
0.582443 -0.363814 0.099999 3.14159 0 -2.35619 0 0 1.71134
0.582374 -0.363593 0.099999 3.14159 0 -2.35619 0 0 1.70642
0.582306 -0.363372 0.099999 3.14159 0 -2.35619 0 0 1.70149
0.582237 -0.363151 0.099999 3.14159 0 -2.35619 0 0 1.69656
0.582168 -0.36293 0.099999 3.14159 0 -2.35619 0 0 1.69163
0.5821 -0.362709 0.099999 3.14159 0 -2.35619 0 0 1.68671
0.582031 -0.362488 0.099999 3.14159 0 -2.35619 0 0 1.68178
0.581963 -0.362267 0.099999 3.14159 0 -2.35619 0 0 1.67685
0.581894 -0.362046 0.099999 3.14159 0 -2.35619 0 0 1.67192
0.581825 -0.361825 0.099999 3.14159 0 -2.35619 0 0 1.667
0.581757 -0.361604 0.099999 3.14159 0 -2.35619 0 0 1.66207
0.581688 -0.361383 0.099999 3.14159 0 -2.35619 0 0 1.65714
0.581619 -0.361162 0.099999 3.14159 0 -2.35619 0 0 1.65221
0.581551 -0.360941 0.099999 3.14159 0 -2.35619 0 0 1.64729
0.581482 -0.36072 0.099999 3.14159 0 -2.35619 0 0 1.64236
0.581411 -0.360491 0.099999 3.14159 0 -2.35619 0 0 1.63767
0.581338 -0.360257 0.099999 3.14159 0 -2.35619 0 0 1.63309
0.581266 -0.360024 0.099999 3.14159 0 -2.35619 0 0 1.62851
0.581193 -0.35979 0.099999 3.14159 0 -2.35619 0 0 1.62392
0.58112 -0.359557 0.099999 3.14159 0 -2.35619 0 0 1.61934
0.581048 -0.359324 0.099999 3.14159 0 -2.35619 0 0 1.61476
0.580975 -0.35909 0.099999 3.14159 0 -2.35619 0 0 1.61017
0.580903 -0.358857 0.099999 3.14159 0 -2.35619 0 0 1.60559
0.58083 -0.358624 0.099999 3.14159 0 -2.35619 0 0 1.60101
0.580757 -0.35839 0.099999 3.14159 0 -2.35619 0 0 1.59642
0.580685 -0.358157 0.099999 3.14159 0 -2.35619 0 0 1.59184
0.580612 -0.357924 0.099999 3.14159 0 -2.35619 0 0 1.58726
0.58054 -0.35769 0.099999 3.14159 0 -2.35619 0 0 1.58267
0.580467 -0.357457 0.099999 3.14159 0 -2.35619 0 0 1.57809
0.580394 -0.357224 0.099999 3.14159 0 -2.35619 0 0 1.57351
0.580322 -0.35699 0.099999 3.14159 0 -2.35619 0 0 1.56892
0.580248 -0.356755 0.099999 3.14159 0 -2.35619 0 0 1.56428
0.580163 -0.356505 0.099999 3.14159 0 -2.35619 0 0 1.55924
0.580078 -0.356256 0.099999 3.14159 0 -2.35619 0 0 1.55421
0.579994 -0.356006 0.099999 3.14159 0 -2.35619 0 0 1.54917
0.579909 -0.355757 0.099999 3.14159 0 -2.35619 0 0 1.54413
0.579824 -0.355507 0.099999 3.14159 0 -2.35619 0 0 1.53909
0.579739 -0.355257 0.099999 3.14159 0 -2.35619 0 0 1.53405
0.579655 -0.355008 0.099999 3.14159 0 -2.35619 0 0 1.52902
0.57957 -0.354758 0.099999 3.14159 0 -2.35619 0 0 1.52398
0.579485 -0.354509 0.099999 3.14159 0 -2.35619 0 0 1.51894
0.579401 -0.354259 0.099999 3.14159 0 -2.35619 0 0 1.5139
0.579316 -0.35401 0.099999 3.14159 0 -2.35619 0 0 1.50886
0.579231 -0.35376 0.099999 3.14159 0 -2.35619 0 0 1.50383
0.579147 -0.353511 0.099999 3.14159 0 -2.35619 0 0 1.49879
0.579062 -0.353261 0.099999 3.14159 0 -2.35619 0 0 1.49375
0.578977 -0.353012 0.099999 3.14159 0 -2.35619 0 0 1.48871
0.578893 -0.352762 0.099999 3.14159 0 -2.35619 0 0 1.48368
0.578802 -0.352507 0.099999 3.14159 0 -2.35619 0 0 1.47871
0.578707 -0.352247 0.099999 3.14159 0 -2.35619 0 0 1.47379
0.578613 -0.351987 0.099999 3.14159 0 -2.35619 0 0 1.46888
0.578518 -0.351727 0.099999 3.14159 0 -2.35619 0 0 1.46396
0.578423 -0.351467 0.099999 3.14159 0 -2.35619 0 0 1.45904
0.578328 -0.351207 0.099999 3.14159 0 -2.35619 0 0 1.45413
0.578233 -0.350948 0.099999 3.14159 0 -2.35619 0 0 1.44921
0.578139 -0.350688 0.099999 3.14159 0 -2.35619 0 0 1.4443
0.578044 -0.350428 0.099999 3.14159 0 -2.35619 0 0 1.43938
0.577949 -0.350168 0.099999 3.14159 0 -2.35619 0 0 1.43447
0.577854 -0.349908 0.099999 3.14159 0 -2.35619 0 0 1.42955
0.577759 -0.349648 0.099999 3.14159 0 -2.35619 0 0 1.42464
0.577665 -0.349388 0.099999 3.14159 0 -2.35619 0 0 1.41972
0.57757 -0.349129 0.099999 3.14159 0 -2.35619 0 0 1.41481
0.577475 -0.348869 0.099999 3.14159 0 -2.35619 0 0 1.40989
0.57738 -0.348609 0.099999 3.14159 0 -2.35619 0 0 1.40498
0.577286 -0.348349 0.099999 3.14159 0 -2.35619 0 0 1.40006
0.577191 -0.348089 0.099999 3.14159 0 -2.35619 0 0 1.39514
0.577096 -0.347829 0.099999 3.14159 0 -2.35619 0 0 1.39023
0.577001 -0.347569 0.099999 3.14159 0 -2.35619 0 0 1.38531
0.576906 -0.34731 0.099999 3.14159 0 -2.35619 0 0 1.3804
0.576812 -0.34705 0.099999 3.14159 0 -2.35619 0 0 1.37548
0.576713 -0.346788 0.099999 3.14159 0 -2.35619 0 0 1.3709
0.576611 -0.346524 0.099999 3.14159 0 -2.35619 0 0 1.36671
0.576508 -0.34626 0.099999 3.14159 0 -2.35619 0 0 1.36253
0.576406 -0.345996 0.099999 3.14159 0 -2.35619 0 0 1.35834
0.576303 -0.345732 0.099999 3.14159 0 -2.35619 0 0 1.35415
0.576201 -0.345468 0.099999 3.14159 0 -2.35619 0 0 1.34997
0.576098 -0.345204 0.099999 3.14159 0 -2.35619 0 0 1.34578
0.575996 -0.34494 0.099999 3.14159 0 -2.35619 0 0 1.34159
0.575893 -0.344676 0.099999 3.14159 0 -2.35619 0 0 1.33741
0.575791 -0.344412 0.099999 3.14159 0 -2.35619 0 0 1.33322
0.575688 -0.344148 0.099999 3.14159 0 -2.35619 0 0 1.32903
0.575586 -0.343884 0.099999 3.14159 0 -2.35619 0 0 1.32485
0.575483 -0.34362 0.099999 3.14159 0 -2.35619 0 0 1.32066
0.575381 -0.343356 0.099999 3.14159 0 -2.35619 0 0 1.31647
0.575278 -0.343092 0.099999 3.14159 0 -2.35619 0 0 1.31229
0.575176 -0.342828 0.099999 3.14159 0 -2.35619 0 0 1.3081
0.575073 -0.342564 0.099999 3.14159 0 -2.35619 0 0 1.30391
0.574965 -0.342298 0.099999 3.14159 0 -2.35619 0 0 1.29927
0.574857 -0.342032 0.099999 3.14159 0 -2.35619 0 0 1.29456
0.574748 -0.341765 0.099999 3.14159 0 -2.35619 0 0 1.28986
0.57464 -0.341498 0.099999 3.14159 0 -2.35619 0 0 1.28515
0.574531 -0.341232 0.099999 3.14159 0 -2.35619 0 0 1.28045
0.574422 -0.340965 0.099999 3.14159 0 -2.35619 0 0 1.27574
0.574314 -0.340698 0.099999 3.14159 0 -2.35619 0 0 1.27103
0.574205 -0.340432 0.099999 3.14159 0 -2.35619 0 0 1.26633
0.574097 -0.340165 0.099999 3.14159 0 -2.35619 0 0 1.26162
0.573988 -0.339899 0.099999 3.14159 0 -2.35619 0 0 1.25692
0.57388 -0.339632 0.099999 3.14159 0 -2.35619 0 0 1.25221
0.573771 -0.339365 0.099999 3.14159 0 -2.35619 0 0 1.24751
0.573662 -0.339099 0.099999 3.14159 0 -2.35619 0 0 1.2428
0.573554 -0.338832 0.099999 3.14159 0 -2.35619 0 0 1.2381
0.573445 -0.338565 0.099999 3.14159 0 -2.35619 0 0 1.23339
0.573337 -0.338299 0.099999 3.14159 0 -2.35619 0 0 1.22869
0.573226 -0.338031 0.099999 3.14159 0 -2.35619 0 0 1.22391
0.573113 -0.337763 0.099999 3.14159 0 -2.35619 0 0 1.21899
0.572999 -0.337494 0.099999 3.14159 0 -2.35619 0 0 1.21407
0.572885 -0.337225 0.099999 3.14159 0 -2.35619 0 0 1.20915
0.572772 -0.336956 0.099999 3.14159 0 -2.35619 0 0 1.20423
0.572658 -0.336688 0.099999 3.14159 0 -2.35619 0 0 1.19931
0.572544 -0.336419 0.099999 3.14159 0 -2.35619 0 0 1.19439
0.57243 -0.33615 0.099999 3.14159 0 -2.35619 0 0 1.18947
0.572317 -0.335881 0.099999 3.14159 0 -2.35619 0 0 1.18455
0.572203 -0.335612 0.099999 3.14159 0 -2.35619 0 0 1.17963
0.572089 -0.335344 0.099999 3.14159 0 -2.35619 0 0 1.17471
0.571975 -0.335075 0.099999 3.14159 0 -2.35619 0 0 1.16978
0.571862 -0.334806 0.099999 3.14159 0 -2.35619 0 0 1.16486
0.571748 -0.334537 0.099999 3.14159 0 -2.35619 0 0 1.15994
0.571634 -0.334268 0.099999 3.14159 0 -2.35619 0 0 1.15502
0.571521 -0.334 0.099999 3.14159 0 -2.35619 0 0 1.1501
0.571407 -0.333731 0.099999 3.14159 0 -2.35619 0 0 1.14518
0.571293 -0.333462 0.099999 3.14159 0 -2.35619 0 0 1.14026
0.571179 -0.333193 0.099999 3.14159 0 -2.35619 0 0 1.13534
0.571066 -0.332925 0.099999 3.14159 0 -2.35619 0 0 1.13042
0.570952 -0.332656 0.099999 3.14159 0 -2.35619 0 0 1.1255
0.570838 -0.332387 0.099999 3.14159 0 -2.35619 0 0 1.12058
0.570723 -0.332119 0.099999 3.14159 0 -2.35619 0 0 1.11563
0.570604 -0.331852 0.099999 3.14159 0 -2.35619 0 0 1.11056
0.570484 -0.331585 0.099999 3.14159 0 -2.35619 0 0 1.1055
0.570365 -0.331318 0.099999 3.14159 0 -2.35619 0 0 1.10044
0.570246 -0.331052 0.099999 3.14159 0 -2.35619 0 0 1.09537
0.570126 -0.330785 0.099999 3.14159 0 -2.35619 0 0 1.09031
0.570007 -0.330518 0.099999 3.14159 0 -2.35619 0 0 1.08525
0.569887 -0.330252 0.099999 3.14159 0 -2.35619 0 0 1.08018
0.569768 -0.329985 0.099999 3.14159 0 -2.35619 0 0 1.07512
0.569649 -0.329718 0.099999 3.14159 0 -2.35619 0 0 1.07006
0.569529 -0.329451 0.099999 3.14159 0 -2.35619 0 0 1.06499
0.56941 -0.329185 0.099999 3.14159 0 -2.35619 0 0 1.05993
0.56929 -0.328918 0.099999 3.14159 0 -2.35619 0 0 1.05487
0.569171 -0.328651 0.099999 3.14159 0 -2.35619 0 0 1.0498
0.569052 -0.328384 0.099999 3.14159 0 -2.35619 0 0 1.04474
0.568932 -0.328118 0.099999 3.14159 0 -2.35619 0 0 1.03968
0.568813 -0.327851 0.099999 3.14159 0 -2.35619 0 0 1.03461
0.568691 -0.327589 0.099999 3.14159 0 -2.35619 0 0 1.02946
0.568569 -0.32733 0.099999 3.14159 0 -2.35619 0 0 1.02426
0.568446 -0.327071 0.099999 3.14159 0 -2.35619 0 0 1.01906
0.568323 -0.326812 0.099999 3.14159 0 -2.35619 0 0 1.01385
0.568201 -0.326553 0.099999 3.14159 0 -2.35619 0 0 1.00865
0.568078 -0.326294 0.099999 3.14159 0 -2.35619 0 0 1.00345
0.567955 -0.326035 0.099999 3.14159 0 -2.35619 0 0 0.998247
0.567833 -0.325776 0.099999 3.14159 0 -2.35619 0 0 0.993044
0.56771 -0.325516 0.099999 3.14159 0 -2.35619 0 0 0.987842
0.567587 -0.325257 0.099999 3.14159 0 -2.35619 0 0 0.98264
0.567464 -0.324998 0.099999 3.14159 0 -2.35619 0 0 0.977438
0.567342 -0.324739 0.099999 3.14159 0 -2.35619 0 0 0.972235
0.567219 -0.32448 0.099999 3.14159 0 -2.35619 0 0 0.967033
0.567096 -0.324221 0.099999 3.14159 0 -2.35619 0 0 0.961831
0.566974 -0.323962 0.099999 3.14159 0 -2.35619 0 0 0.956629
0.566851 -0.323703 0.099999 3.14159 0 -2.35619 0 0 0.951426
0.566728 -0.323444 0.099999 3.14159 0 -2.35619 0 0 0.946261
0.566605 -0.323195 0.099999 3.14159 0 -2.35619 0 0 0.94158
0.566482 -0.322946 0.099999 3.14159 0 -2.35619 0 0 0.936899
0.566359 -0.322697 0.099999 3.14159 0 -2.35619 0 0 0.932218
0.566236 -0.322448 0.099999 3.14159 0 -2.35619 0 0 0.927537
0.566113 -0.322199 0.099999 3.14159 0 -2.35619 0 0 0.922855
0.56599 -0.32195 0.099999 3.14159 0 -2.35619 0 0 0.918174
0.565867 -0.321701 0.099999 3.14159 0 -2.35619 0 0 0.913493
0.565744 -0.321452 0.099999 3.14159 0 -2.35619 0 0 0.908812
0.565621 -0.321203 0.099999 3.14159 0 -2.35619 0 0 0.904131
0.565498 -0.320954 0.099999 3.14159 0 -2.35619 0 0 0.89945
0.565375 -0.320705 0.099999 3.14159 0 -2.35619 0 0 0.894769
0.565252 -0.320456 0.099999 3.14159 0 -2.35619 0 0 0.890088
0.565129 -0.320207 0.099999 3.14159 0 -2.35619 0 0 0.885407
0.565006 -0.319958 0.099999 3.14159 0 -2.35619 0 0 0.880726
0.564883 -0.319709 0.099999 3.14159 0 -2.35619 0 0 0.876045
0.56476 -0.31946 0.099999 3.14159 0 -2.35619 0 0 0.871363
0.564637 -0.319211 0.099999 3.14159 0 -2.35619 0 0 0.866682
0.564513 -0.318962 0.099999 3.14159 0 -2.35619 0 0 0.862001
0.56439 -0.318713 0.099999 3.14159 0 -2.35619 0 0 0.85732
0.564267 -0.318464 0.099999 3.14159 0 -2.35619 0 0 0.852639
0.564144 -0.318215 0.099999 3.14159 0 -2.35619 0 0 0.847958
0.564021 -0.317965 0.099999 3.14159 0 -2.35619 0 0 0.843277
0.563895 -0.317727 0.099999 3.14159 0 -2.35619 0 0 0.838784
0.563769 -0.317488 0.099999 3.14159 0 -2.35619 0 0 0.834296
0.563643 -0.317249 0.099999 3.14159 0 -2.35619 0 0 0.829808
0.563517 -0.317011 0.099999 3.14159 0 -2.35619 0 0 0.82532
0.563391 -0.316772 0.099999 3.14159 0 -2.35619 0 0 0.820832
0.563265 -0.316534 0.099999 3.14159 0 -2.35619 0 0 0.816344
0.563139 -0.316295 0.099999 3.14159 0 -2.35619 0 0 0.811856
0.563012 -0.316056 0.099999 3.14159 0 -2.35619 0 0 0.807367
0.562886 -0.315818 0.099999 3.14159 0 -2.35619 0 0 0.802879
0.56276 -0.315579 0.099999 3.14159 0 -2.35619 0 0 0.798391
0.562634 -0.31534 0.099999 3.14159 0 -2.35619 0 0 0.793903
0.562508 -0.315102 0.099999 3.14159 0 -2.35619 0 0 0.789415
0.562382 -0.314863 0.099999 3.14159 0 -2.35619 0 0 0.784927
0.562256 -0.314625 0.099999 3.14159 0 -2.35619 0 0 0.780439
0.56213 -0.314386 0.099999 3.14159 0 -2.35619 0 0 0.775951
0.562003 -0.314147 0.099999 3.14159 0 -2.35619 0 0 0.771463
0.561877 -0.313915 0.099999 3.14159 0 -2.35619 0 0 0.766916
0.561749 -0.313693 0.099999 3.14159 0 -2.35619 0 0 0.762281
0.561621 -0.31347 0.099999 3.14159 0 -2.35619 0 0 0.757645
0.561494 -0.313248 0.099999 3.14159 0 -2.35619 0 0 0.75301
0.561366 -0.313026 0.099999 3.14159 0 -2.35619 0 0 0.748375
0.561238 -0.312803 0.099999 3.14159 0 -2.35619 0 0 0.743739
0.561111 -0.312581 0.099999 3.14159 0 -2.35619 0 0 0.739104
0.560983 -0.312358 0.099999 3.14159 0 -2.35619 0 0 0.734468
0.560855 -0.312136 0.099999 3.14159 0 -2.35619 0 0 0.729833
0.560728 -0.311913 0.099999 3.14159 0 -2.35619 0 0 0.725198
0.5606 -0.311691 0.099999 3.14159 0 -2.35619 0 0 0.720562
0.560472 -0.311468 0.099999 3.14159 0 -2.35619 0 0 0.715927
0.560345 -0.311246 0.099999 3.14159 0 -2.35619 0 0 0.711291
0.560217 -0.311024 0.099999 3.14159 0 -2.35619 0 0 0.706656
0.560089 -0.310801 0.099999 3.14159 0 -2.35619 0 0 0.702021
0.559962 -0.310579 0.099999 3.14159 0 -2.35619 0 0 0.697385
0.559834 -0.310356 0.099999 3.14159 0 -2.35619 0 0 0.69275
0.559711 -0.310152 0.099999 3.14159 0 -2.35619 0 0 0.688378
0.559589 -0.309952 0.099999 3.14159 0 -2.35619 0 0 0.68406
0.559468 -0.309752 0.099999 3.14159 0 -2.35619 0 0 0.679743
0.559346 -0.309552 0.099999 3.14159 0 -2.35619 0 0 0.675425
0.559224 -0.309352 0.099999 3.14159 0 -2.35619 0 0 0.671108
0.559103 -0.309152 0.099999 3.14159 0 -2.35619 0 0 0.66679
0.558981 -0.308952 0.099999 3.14159 0 -2.35619 0 0 0.662473
0.558859 -0.308751 0.099999 3.14159 0 -2.35619 0 0 0.658155
0.558738 -0.308551 0.099999 3.14159 0 -2.35619 0 0 0.653838
0.558616 -0.308351 0.099999 3.14159 0 -2.35619 0 0 0.64952
0.558494 -0.308151 0.099999 3.14159 0 -2.35619 0 0 0.645203
0.558373 -0.307951 0.099999 3.14159 0 -2.35619 0 0 0.640885
0.558251 -0.307751 0.099999 3.14159 0 -2.35619 0 0 0.636568
0.558129 -0.307551 0.099999 3.14159 0 -2.35619 0 0 0.63225
0.558008 -0.30735 0.099999 3.14159 0 -2.35619 0 0 0.627932
0.557886 -0.30715 0.099999 3.14159 0 -2.35619 0 0 0.623615
0.557764 -0.30695 0.099999 3.14159 0 -2.35619 0 0 0.619297
0.557643 -0.30675 0.099999 3.14159 0 -2.35619 0 0 0.61498
0.557521 -0.30655 0.099999 3.14159 0 -2.35619 0 0 0.610662
0.557399 -0.30635 0.099999 3.14159 0 -2.35619 0 0 0.606345
0.557278 -0.30615 0.099999 3.14159 0 -2.35619 0 0 0.602027
0.557156 -0.30595 0.099999 3.14159 0 -2.35619 0 0 0.59771
0.557042 -0.305766 0.099999 3.14159 0 -2.35619 0 0 0.593811
0.556931 -0.305588 0.099999 3.14159 0 -2.35619 0 0 0.590067
0.556819 -0.305409 0.099999 3.14159 0 -2.35619 0 0 0.586323
0.556708 -0.305231 0.099999 3.14159 0 -2.35619 0 0 0.58258
0.556596 -0.305053 0.099999 3.14159 0 -2.35619 0 0 0.578836
0.556485 -0.304875 0.099999 3.14159 0 -2.35619 0 0 0.575092
0.556374 -0.304697 0.099999 3.14159 0 -2.35619 0 0 0.571348
0.556262 -0.304519 0.099999 3.14159 0 -2.35619 0 0 0.567604
0.556151 -0.304341 0.099999 3.14159 0 -2.35619 0 0 0.56386
0.55604 -0.304163 0.099999 3.14159 0 -2.35619 0 0 0.560116
0.555928 -0.303985 0.099999 3.14159 0 -2.35619 0 0 0.556372
0.555817 -0.303807 0.099999 3.14159 0 -2.35619 0 0 0.552628
0.555705 -0.303629 0.099999 3.14159 0 -2.35619 0 0 0.548884
0.555594 -0.303451 0.099999 3.14159 0 -2.35619 0 0 0.54514
0.555483 -0.303273 0.099999 3.14159 0 -2.35619 0 0 0.541396
0.555371 -0.303095 0.099999 3.14159 0 -2.35619 0 0 0.537652
0.555261 -0.30292 0.099999 3.14159 0 -2.35619 0 0 0.53397
0.555157 -0.302763 0.099999 3.14159 0 -2.35619 0 0 0.53062
0.555054 -0.302606 0.099999 3.14159 0 -2.35619 0 0 0.52727
0.55495 -0.302449 0.099999 3.14159 0 -2.35619 0 0 0.523919
0.554846 -0.302292 0.099999 3.14159 0 -2.35619 0 0 0.520569
0.554742 -0.302135 0.099999 3.14159 0 -2.35619 0 0 0.517219
0.554639 -0.301978 0.099999 3.14159 0 -2.35619 0 0 0.513869
0.554535 -0.30182 0.099999 3.14159 0 -2.35619 0 0 0.510518
0.554431 -0.301663 0.099999 3.14159 0 -2.35619 0 0 0.507168
0.554327 -0.301506 0.099999 3.14159 0 -2.35619 0 0 0.503818
0.554224 -0.301349 0.099999 3.14159 0 -2.35619 0 0 0.500468
0.55412 -0.301192 0.099999 3.14159 0 -2.35619 0 0 0.497117
0.554016 -0.301035 0.099999 3.14159 0 -2.35619 0 0 0.493767
0.553912 -0.300878 0.099999 3.14159 0 -2.35619 0 0 0.490417
0.553808 -0.30072 0.099999 3.14159 0 -2.35619 0 0 0.487066
0.553705 -0.300563 0.099999 3.14159 0 -2.35619 0 0 0.483716
0.553601 -0.300406 0.099999 3.14159 0 -2.35619 0 0 0.480366
0.553501 -0.300261 0.099999 3.14159 0 -2.35619 0 0 0.477725
0.553403 -0.300126 0.099999 3.14159 0 -2.35619 0 0 0.475587
0.553305 -0.29999 0.099999 3.14159 0 -2.35619 0 0 0.47345
0.553207 -0.299854 0.099999 3.14159 0 -2.35619 0 0 0.471313
0.55311 -0.299718 0.099999 3.14159 0 -2.35619 0 0 0.469175
0.553012 -0.299582 0.099999 3.14159 0 -2.35619 0 0 0.467038
0.552914 -0.299446 0.099999 3.14159 0 -2.35619 0 0 0.464901
0.552816 -0.29931 0.099999 3.14159 0 -2.35619 0 0 0.462763
0.552718 -0.299174 0.099999 3.14159 0 -2.35619 0 0 0.460626
0.552621 -0.299038 0.099999 3.14159 0 -2.35619 0 0 0.458489
0.552523 -0.298903 0.099999 3.14159 0 -2.35619 0 0 0.456352
0.552425 -0.298767 0.099999 3.14159 0 -2.35619 0 0 0.454214
0.552327 -0.298631 0.099999 3.14159 0 -2.35619 0 0 0.452077
0.552229 -0.298495 0.099999 3.14159 0 -2.35619 0 0 0.44994
0.552132 -0.298359 0.099999 3.14159 0 -2.35619 0 0 0.447802
0.552034 -0.298223 0.099999 3.14159 0 -2.35619 0 0 0.445665
0.551936 -0.298087 0.099999 3.14159 0 -2.35619 0 0 0.443528
0.551838 -0.297951 0.099999 3.14159 0 -2.35619 0 0 0.44139
0.55174 -0.297816 0.099999 3.14159 0 -2.35619 0 0 0.439253
0.551643 -0.29768 0.099999 3.14159 0 -2.35619 0 0 0.437116
0.551545 -0.297544 0.099999 3.14159 0 -2.35619 0 0 0.434978
0.551447 -0.297408 0.099999 3.14159 0 -2.35619 0 0 0.432841
0.551353 -0.297283 0.099999 3.14159 0 -2.35619 0 0 0.430831
0.551261 -0.297169 0.099999 3.14159 0 -2.35619 0 0 0.428956
0.55117 -0.297055 0.099999 3.14159 0 -2.35619 0 0 0.42708
0.551079 -0.296941 0.099999 3.14159 0 -2.35619 0 0 0.425204
0.550988 -0.296827 0.099999 3.14159 0 -2.35619 0 0 0.423329
0.550897 -0.296713 0.099999 3.14159 0 -2.35619 0 0 0.421453
0.550806 -0.296599 0.099999 3.14159 0 -2.35619 0 0 0.419577
0.550715 -0.296485 0.099999 3.14159 0 -2.35619 0 0 0.417701
0.550624 -0.296371 0.099999 3.14159 0 -2.35619 0 0 0.415826
0.550532 -0.296257 0.099999 3.14159 0 -2.35619 0 0 0.41395
0.550441 -0.296143 0.099999 3.14159 0 -2.35619 0 0 0.412074
0.55035 -0.296029 0.099999 3.14159 0 -2.35619 0 0 0.410199
0.550259 -0.295915 0.099999 3.14159 0 -2.35619 0 0 0.408323
0.550168 -0.295801 0.099999 3.14159 0 -2.35619 0 0 0.406447
0.550077 -0.295687 0.099999 3.14159 0 -2.35619 0 0 0.404571
0.549986 -0.295573 0.099999 3.14159 0 -2.35619 0 0 0.402696
0.549895 -0.295459 0.099999 3.14159 0 -2.35619 0 0 0.40082
0.549813 -0.295366 0.099999 3.14159 0 -2.35619 0 0 0.398614
0.549733 -0.295274 0.099999 3.14159 0 -2.35619 0 0 0.396377
0.549652 -0.295183 0.099999 3.14159 0 -2.35619 0 0 0.39414
0.549572 -0.295092 0.099999 3.14159 0 -2.35619 0 0 0.391903
0.549492 -0.295 0.099999 3.14159 0 -2.35619 0 0 0.389666
0.549411 -0.294909 0.099999 3.14159 0 -2.35619 0 0 0.387429
0.549331 -0.294817 0.099999 3.14159 0 -2.35619 0 0 0.385192
0.54925 -0.294726 0.099999 3.14159 0 -2.35619 0 0 0.382956
0.54917 -0.294634 0.099999 3.14159 0 -2.35619 0 0 0.380719
0.54909 -0.294543 0.099999 3.14159 0 -2.35619 0 0 0.378482
0.549009 -0.294451 0.099999 3.14159 0 -2.35619 0 0 0.376245
0.548929 -0.29436 0.099999 3.14159 0 -2.35619 0 0 0.374008
0.548848 -0.294268 0.099999 3.14159 0 -2.35619 0 0 0.371771
0.548768 -0.294177 0.099999 3.14159 0 -2.35619 0 0 0.369534
0.548688 -0.294085 0.099999 3.14159 0 -2.35619 0 0 0.367297
0.548607 -0.293994 0.099999 3.14159 0 -2.35619 0 0 0.36506
0.548531 -0.29391 0.099999 3.14159 0 -2.35619 0 0 0.362859
0.548463 -0.293839 0.099999 3.14159 0 -2.35619 0 0 0.360725
0.548396 -0.293769 0.099999 3.14159 0 -2.35619 0 0 0.358591
0.548328 -0.293698 0.099999 3.14159 0 -2.35619 0 0 0.356457
0.54826 -0.293628 0.099999 3.14159 0 -2.35619 0 0 0.354323
0.548192 -0.293557 0.099999 3.14159 0 -2.35619 0 0 0.352189
0.548125 -0.293487 0.099999 3.14159 0 -2.35619 0 0 0.350055
0.548057 -0.293416 0.099999 3.14159 0 -2.35619 0 0 0.347921
0.547989 -0.293345 0.099999 3.14159 0 -2.35619 0 0 0.345787
0.547921 -0.293275 0.099999 3.14159 0 -2.35619 0 0 0.343653
0.547854 -0.293204 0.099999 3.14159 0 -2.35619 0 0 0.341519
0.547786 -0.293134 0.099999 3.14159 0 -2.35619 0 0 0.339385
0.547718 -0.293063 0.099999 3.14159 0 -2.35619 0 0 0.337251
0.54765 -0.292993 0.099999 3.14159 0 -2.35619 0 0 0.335117
0.547582 -0.292922 0.099999 3.14159 0 -2.35619 0 0 0.332983
0.547515 -0.292852 0.099999 3.14159 0 -2.35619 0 0 0.330849
0.547447 -0.292781 0.099999 3.14159 0 -2.35619 0 0 0.328715
0.547379 -0.292711 0.099999 3.14159 0 -2.35619 0 0 0.326581
0.547311 -0.29264 0.099999 3.14159 0 -2.35619 0 0 0.324447
0.547244 -0.29257 0.099999 3.14159 0 -2.35619 0 0 0.322313
0.547176 -0.292499 0.099999 3.14159 0 -2.35619 0 0 0.320179
0.547108 -0.292428 0.099999 3.14159 0 -2.35619 0 0 0.318045
0.547044 -0.292362 0.099999 3.14159 0 -2.35619 0 0 0.315865
0.546988 -0.292309 0.099999 3.14159 0 -2.35619 0 0 0.313544
0.546933 -0.292255 0.099999 3.14159 0 -2.35619 0 0 0.311223
0.546878 -0.292202 0.099999 3.14159 0 -2.35619 0 0 0.308903
0.546823 -0.292149 0.099999 3.14159 0 -2.35619 0 0 0.306582
0.546768 -0.292095 0.099999 3.14159 0 -2.35619 0 0 0.304261
0.546713 -0.292042 0.099999 3.14159 0 -2.35619 0 0 0.30194
0.546658 -0.291989 0.099999 3.14159 0 -2.35619 0 0 0.299619
0.546603 -0.291935 0.099999 3.14159 0 -2.35619 0 0 0.297298
0.546548 -0.291882 0.099999 3.14159 0 -2.35619 0 0 0.294977
0.546493 -0.291828 0.099999 3.14159 0 -2.35619 0 0 0.292656
0.546438 -0.291775 0.099999 3.14159 0 -2.35619 0 0 0.290335
0.546383 -0.291722 0.099999 3.14159 0 -2.35619 0 0 0.288014
0.546328 -0.291668 0.099999 3.14159 0 -2.35619 0 0 0.285693
0.546273 -0.291615 0.099999 3.14159 0 -2.35619 0 0 0.283372
0.546218 -0.291562 0.099999 3.14159 0 -2.35619 0 0 0.281052
0.546163 -0.291508 0.099999 3.14159 0 -2.35619 0 0 0.278731
0.546115 -0.291465 0.099999 3.14159 0 -2.35619 0 0 0.276902
0.546069 -0.291427 0.099999 3.14159 0 -2.35619 0 0 0.275315
0.546024 -0.29139 0.099999 3.14159 0 -2.35619 0 0 0.273727
0.545978 -0.291352 0.099999 3.14159 0 -2.35619 0 0 0.27214
0.545933 -0.291314 0.099999 3.14159 0 -2.35619 0 0 0.270552
0.545888 -0.291276 0.099999 3.14159 0 -2.35619 0 0 0.268965
0.545842 -0.291238 0.099999 3.14159 0 -2.35619 0 0 0.267377
0.545797 -0.2912 0.099999 3.14159 0 -2.35619 0 0 0.26579
0.545752 -0.291162 0.099999 3.14159 0 -2.35619 0 0 0.264202
0.545706 -0.291124 0.099999 3.14159 0 -2.35619 0 0 0.262615
0.545661 -0.291086 0.099999 3.14159 0 -2.35619 0 0 0.261027
0.545615 -0.291048 0.099999 3.14159 0 -2.35619 0 0 0.25944
0.54557 -0.291011 0.099999 3.14159 0 -2.35619 0 0 0.257853
0.545525 -0.290973 0.099999 3.14159 0 -2.35619 0 0 0.256265
0.545479 -0.290935 0.099999 3.14159 0 -2.35619 0 0 0.254678
0.545434 -0.290897 0.099999 3.14159 0 -2.35619 0 0 0.25309
0.545389 -0.29086 0.099999 3.14159 0 -2.35619 0 0 0.251498
0.545351 -0.290835 0.099999 3.14159 0 -2.35619 0 0 0.249866
0.545312 -0.290809 0.099999 3.14159 0 -2.35619 0 0 0.248234
0.545274 -0.290784 0.099999 3.14159 0 -2.35619 0 0 0.246602
0.545236 -0.290759 0.099999 3.14159 0 -2.35619 0 0 0.24497
0.545197 -0.290733 0.099999 3.14159 0 -2.35619 0 0 0.243338
0.545159 -0.290708 0.099999 3.14159 0 -2.35619 0 0 0.241706
0.545121 -0.290682 0.099999 3.14159 0 -2.35619 0 0 0.240074
0.545082 -0.290657 0.099999 3.14159 0 -2.35619 0 0 0.238442
0.545044 -0.290632 0.099999 3.14159 0 -2.35619 0 0 0.23681
0.545006 -0.290606 0.099999 3.14159 0 -2.35619 0 0 0.235179
0.544967 -0.290581 0.099999 3.14159 0 -2.35619 0 0 0.233547
0.544929 -0.290556 0.099999 3.14159 0 -2.35619 0 0 0.231915
0.544891 -0.29053 0.099999 3.14159 0 -2.35619 0 0 0.230283
0.544852 -0.290505 0.099999 3.14159 0 -2.35619 0 0 0.228651
0.544814 -0.290479 0.099999 3.14159 0 -2.35619 0 0 0.227019
0.544776 -0.290454 0.099999 3.14159 0 -2.35619 0 0 0.225387
0.544737 -0.290429 0.099999 3.14159 0 -2.35619 0 0 0.223755
0.544699 -0.290403 0.099999 3.14159 0 -2.35619 0 0 0.222123
0.544661 -0.290378 0.099999 3.14159 0 -2.35619 0 0 0.220491
0.544622 -0.290352 0.099999 3.14159 0 -2.35619 0 0 0.218859
0.544584 -0.290327 0.099999 3.14159 0 -2.35619 0 0 0.217227
0.544546 -0.290302 0.099999 3.14159 0 -2.35619 0 0 0.215595
0.544516 -0.290286 0.099999 3.14159 0 -2.35619 0 0 0.214037
0.544486 -0.290271 0.099999 3.14159 0 -2.35619 0 0 0.212479
0.544456 -0.290256 0.099999 3.14159 0 -2.35619 0 0 0.210921
0.544426 -0.29024 0.099999 3.14159 0 -2.35619 0 0 0.209363
0.544396 -0.290225 0.099999 3.14159 0 -2.35619 0 0 0.207806
0.544366 -0.290209 0.099999 3.14159 0 -2.35619 0 0 0.206248
0.544336 -0.290194 0.099999 3.14159 0 -2.35619 0 0 0.20469
0.544306 -0.290179 0.099999 3.14159 0 -2.35619 0 0 0.203132
0.544276 -0.290163 0.099999 3.14159 0 -2.35619 0 0 0.201574
0.544246 -0.290148 0.099999 3.14159 0 -2.35619 0 0 0.200016
0.544217 -0.290133 0.099999 3.14159 0 -2.35619 0 0 0.198458
0.544187 -0.290117 0.099999 3.14159 0 -2.35619 0 0 0.196901
0.544157 -0.290102 0.099999 3.14159 0 -2.35619 0 0 0.195343
0.544127 -0.290086 0.099999 3.14159 0 -2.35619 0 0 0.193785
0.544097 -0.290071 0.099999 3.14159 0 -2.35619 0 0 0.192227
0.544067 -0.290056 0.099999 3.14159 0 -2.35619 0 0 0.190669
0.54404 -0.290043 0.099999 3.14159 0 -2.35619 0 0 0.189214
0.544017 -0.290035 0.099999 3.14159 0 -2.35619 0 0 0.187897
0.543994 -0.290026 0.099999 3.14159 0 -2.35619 0 0 0.186579
0.543972 -0.290017 0.099999 3.14159 0 -2.35619 0 0 0.185261
0.543949 -0.290009 0.099999 3.14159 0 -2.35619 0 0 0.183944
0.543926 -0.29 0.099999 3.14159 0 -2.35619 0 0 0.182626
0.543903 -0.289992 0.099999 3.14159 0 -2.35619 0 0 0.181309
0.54388 -0.289983 0.099999 3.14159 0 -2.35619 0 0 0.179991
0.543857 -0.289974 0.099999 3.14159 0 -2.35619 0 0 0.178673
0.543835 -0.289966 0.099999 3.14159 0 -2.35619 0 0 0.177356
0.543812 -0.289957 0.099999 3.14159 0 -2.35619 0 0 0.176038
0.543789 -0.289948 0.099999 3.14159 0 -2.35619 0 0 0.17472
0.543766 -0.28994 0.099999 3.14159 0 -2.35619 0 0 0.173403
0.543743 -0.289931 0.099999 3.14159 0 -2.35619 0 0 0.172085
0.543721 -0.289923 0.099999 3.14159 0 -2.35619 0 0 0.170768
0.543698 -0.289914 0.099999 3.14159 0 -2.35619 0 0 0.16945
0.543675 -0.289905 0.099999 3.14159 0 -2.35619 0 0 0.168132
0.543657 -0.289901 0.099999 3.14159 0 -2.35619 0 0 0.167017
0.543639 -0.289898 0.099999 3.14159 0 -2.35619 0 0 0.165935
0.543622 -0.289894 0.099999 3.14159 0 -2.35619 0 0 0.164854
0.543605 -0.289891 0.099999 3.14159 0 -2.35619 0 0 0.163772
0.543588 -0.289887 0.099999 3.14159 0 -2.35619 0 0 0.162691
0.54357 -0.289884 0.099999 3.14159 0 -2.35619 0 0 0.161609
0.543553 -0.28988 0.099999 3.14159 0 -2.35619 0 0 0.160528
0.543536 -0.289877 0.099999 3.14159 0 -2.35619 0 0 0.159447
0.543518 -0.289874 0.099999 3.14159 0 -2.35619 0 0 0.158365
0.543501 -0.28987 0.099999 3.14159 0 -2.35619 0 0 0.157284
0.543484 -0.289867 0.099999 3.14159 0 -2.35619 0 0 0.156202
0.543466 -0.289863 0.099999 3.14159 0 -2.35619 0 0 0.155121
0.543449 -0.28986 0.099999 3.14159 0 -2.35619 0 0 0.154039
0.543432 -0.289856 0.099999 3.14159 0 -2.35619 0 0 0.152958
0.543414 -0.289853 0.099999 3.14159 0 -2.35619 0 0 0.151876
0.543397 -0.28985 0.099999 3.14159 0 -2.35619 0 0 0.150795
0.54338 -0.289846 0.099999 3.14159 0 -2.35619 0 0 0.149713
0.543362 -0.289843 0.099999 3.14159 0 -2.35619 0 0 0.148632
0.543345 -0.289839 0.099999 3.14159 0 -2.35619 0 0 0.14755
0.543328 -0.289836 0.099999 3.14159 0 -2.35619 0 0 0.146469
0.543311 -0.289832 0.099999 3.14159 0 -2.35619 0 0 0.145387
0.543293 -0.289829 0.099999 3.14159 0 -2.35619 0 0 0.144306
0.543279 -0.289829 0.099999 3.14159 0 -2.35619 0 0 0.143201
0.543266 -0.28983 0.099999 3.14159 0 -2.35619 0 0 0.142089
0.543253 -0.289831 0.099999 3.14159 0 -2.35619 0 0 0.140977
0.543239 -0.289832 0.099999 3.14159 0 -2.35619 0 0 0.139865
0.543226 -0.289833 0.099999 3.14159 0 -2.35619 0 0 0.138753
0.543213 -0.289834 0.099999 3.14159 0 -2.35619 0 0 0.137641
0.5432 -0.289835 0.099999 3.14159 0 -2.35619 0 0 0.136529
0.543187 -0.289836 0.099999 3.14159 0 -2.35619 0 0 0.135417
0.543173 -0.289837 0.099999 3.14159 0 -2.35619 0 0 0.134305
0.54316 -0.289838 0.099999 3.14159 0 -2.35619 0 0 0.133193
0.543147 -0.289839 0.099999 3.14159 0 -2.35619 0 0 0.132081
0.543134 -0.28984 0.099999 3.14159 0 -2.35619 0 0 0.130969
0.543121 -0.289841 0.099999 3.14159 0 -2.35619 0 0 0.129857
0.543107 -0.289842 0.099999 3.14159 0 -2.35619 0 0 0.128745
0.543094 -0.289844 0.099999 3.14159 0 -2.35619 0 0 0.127633
0.543081 -0.289845 0.099999 3.14159 0 -2.35619 0 0 0.12652
0.543069 -0.289846 0.099999 3.14159 0 -2.35619 0 0 0.125415
0.543061 -0.28985 0.099999 3.14159 0 -2.35619 0 0 0.124341
0.543054 -0.289854 0.099999 3.14159 0 -2.35619 0 0 0.123267
0.543047 -0.289859 0.099999 3.14159 0 -2.35619 0 0 0.122192
0.543039 -0.289863 0.099999 3.14159 0 -2.35619 0 0 0.121118
0.543032 -0.289867 0.099999 3.14159 0 -2.35619 0 0 0.120044
0.543025 -0.289871 0.099999 3.14159 0 -2.35619 0 0 0.118969
0.543017 -0.289875 0.099999 3.14159 0 -2.35619 0 0 0.117895
0.54301 -0.289879 0.099999 3.14159 0 -2.35619 0 0 0.11682
0.543003 -0.289883 0.099999 3.14159 0 -2.35619 0 0 0.115746
0.542995 -0.289888 0.099999 3.14159 0 -2.35619 0 0 0.114672
0.542988 -0.289892 0.099999 3.14159 0 -2.35619 0 0 0.113597
0.542981 -0.289896 0.099999 3.14159 0 -2.35619 0 0 0.112523
0.542973 -0.2899 0.099999 3.14159 0 -2.35619 0 0 0.111449
0.542966 -0.289904 0.099999 3.14159 0 -2.35619 0 0 0.110374
0.542959 -0.289908 0.099999 3.14159 0 -2.35619 0 0 0.1093
0.542951 -0.289912 0.099999 3.14159 0 -2.35619 0 0 0.108225
0.542946 -0.289918 0.099999 3.14159 0 -2.35619 0 0 0.107834
0.542942 -0.289924 0.099999 3.14159 0 -2.35619 0 0 0.107874
0.542938 -0.289931 0.099999 3.14159 0 -2.35619 0 0 0.107915
0.542934 -0.289937 0.099999 3.14159 0 -2.35619 0 0 0.107956
0.54293 -0.289944 0.099999 3.14159 0 -2.35619 0 0 0.107996
0.542926 -0.28995 0.099999 3.14159 0 -2.35619 0 0 0.108037
0.542922 -0.289957 0.099999 3.14159 0 -2.35619 0 0 0.108078
0.542918 -0.289963 0.099999 3.14159 0 -2.35619 0 0 0.108119
0.542913 -0.289969 0.099999 3.14159 0 -2.35619 0 0 0.108159
0.542909 -0.289976 0.099999 3.14159 0 -2.35619 0 0 0.1082
0.542905 -0.289982 0.099999 3.14159 0 -2.35619 0 0 0.108241
0.542901 -0.289989 0.099999 3.14159 0 -2.35619 0 0 0.108281
0.542897 -0.289995 0.099999 3.14159 0 -2.35619 0 0 0.108322
0.542893 -0.290002 0.099999 3.14159 0 -2.35619 0 0 0.108363
0.542889 -0.290008 0.099999 3.14159 0 -2.35619 0 0 0.108403
0.542885 -0.290014 0.099999 3.14159 0 -2.35619 0 0 0.108444
0.542881 -0.290021 0.099999 3.14159 0 -2.35619 0 0 0.108485
0.542877 -0.290027 0.099999 3.14159 0 -2.35619 0 0 0.108525
0.542873 -0.290034 0.099999 3.14159 0 -2.35619 0 0 0.108566
0.542869 -0.29004 0.099999 3.14159 0 -2.35619 0 0 0.108607
0.542865 -0.290047 0.099999 3.14159 0 -2.35619 0 0 0.108648
0.542861 -0.290053 0.099999 3.14159 0 -2.35619 0 0 0.108688
0.542858 -0.290061 0.099999 3.14159 0 -2.35619 0 0 0.108802
0.542856 -0.290069 0.099999 3.14159 0 -2.35619 0 0 0.108984
0.542854 -0.290078 0.099999 3.14159 0 -2.35619 0 0 0.109167
0.542852 -0.290087 0.099999 3.14159 0 -2.35619 0 0 0.109349
0.54285 -0.290096 0.099999 3.14159 0 -2.35619 0 0 0.109532
0.542848 -0.290104 0.099999 3.14159 0 -2.35619 0 0 0.109714
0.542847 -0.290113 0.099999 3.14159 0 -2.35619 0 0 0.109897
0.542845 -0.290122 0.099999 3.14159 0 -2.35619 0 0 0.110079
0.542843 -0.29013 0.099999 3.14159 0 -2.35619 0 0 0.110262
0.542841 -0.290139 0.099999 3.14159 0 -2.35619 0 0 0.110444
0.542839 -0.290148 0.099999 3.14159 0 -2.35619 0 0 0.110627
0.542837 -0.290156 0.099999 3.14159 0 -2.35619 0 0 0.110809
0.542835 -0.290165 0.099999 3.14159 0 -2.35619 0 0 0.110992
0.542833 -0.290174 0.099999 3.14159 0 -2.35619 0 0 0.111174
0.542832 -0.290183 0.099999 3.14159 0 -2.35619 0 0 0.111357
0.54283 -0.290191 0.099999 3.14159 0 -2.35619 0 0 0.111539
0.542828 -0.2902 0.099999 3.14159 0 -2.35619 0 0 0.111722
0.542829 -0.290209 0.099999 3.14159 0 -2.35619 0 0 0.111988
0.542831 -0.290219 0.099999 3.14159 0 -2.35619 0 0 0.11226
0.542832 -0.290228 0.099999 3.14159 0 -2.35619 0 0 0.112532
0.542834 -0.290238 0.099999 3.14159 0 -2.35619 0 0 0.112804
0.542835 -0.290247 0.099999 3.14159 0 -2.35619 0 0 0.113075
0.542837 -0.290256 0.099999 3.14159 0 -2.35619 0 0 0.113347
0.542839 -0.290266 0.099999 3.14159 0 -2.35619 0 0 0.113619
0.54284 -0.290275 0.099999 3.14159 0 -2.35619 0 0 0.113891
0.542842 -0.290285 0.099999 3.14159 0 -2.35619 0 0 0.114162
0.542843 -0.290294 0.099999 3.14159 0 -2.35619 0 0 0.114434
0.542845 -0.290304 0.099999 3.14159 0 -2.35619 0 0 0.114706
0.542846 -0.290313 0.099999 3.14159 0 -2.35619 0 0 0.114978
0.542848 -0.290322 0.099999 3.14159 0 -2.35619 0 0 0.115249
0.54285 -0.290332 0.099999 3.14159 0 -2.35619 0 0 0.115521
0.542851 -0.290341 0.099999 3.14159 0 -2.35619 0 0 0.115793
0.542853 -0.290351 0.099999 3.14159 0 -2.35619 0 0 0.116065
0.542855 -0.290361 0.099999 3.14159 0 -2.35619 0 0 0.116054
0.542859 -0.290371 0.099999 3.14159 0 -2.35619 0 0 0.115561
0.542862 -0.290382 0.099999 3.14159 0 -2.35619 0 0 0.115068
0.542866 -0.290393 0.099999 3.14159 0 -2.35619 0 0 0.114574
0.542869 -0.290403 0.099999 3.14159 0 -2.35619 0 0 0.114081
0.542873 -0.290414 0.099999 3.14159 0 -2.35619 0 0 0.113588
0.542876 -0.290425 0.099999 3.14159 0 -2.35619 0 0 0.113094
0.54288 -0.290435 0.099999 3.14159 0 -2.35619 0 0 0.112601
0.542883 -0.290446 0.099999 3.14159 0 -2.35619 0 0 0.112108
0.542887 -0.290457 0.099999 3.14159 0 -2.35619 0 0 0.111615
0.54289 -0.290467 0.099999 3.14159 0 -2.35619 0 0 0.111121
0.542894 -0.290478 0.099999 3.14159 0 -2.35619 0 0 0.110628
0.542898 -0.290489 0.099999 3.14159 0 -2.35619 0 0 0.110135
0.542901 -0.290499 0.099999 3.14159 0 -2.35619 0 0 0.109641
0.542905 -0.29051 0.099999 3.14159 0 -2.35619 0 0 0.109148
0.542908 -0.290521 0.099999 3.14159 0 -2.35619 0 0 0.108655
0.542912 -0.290531 0.099999 3.14159 0 -2.35619 0 0 0.108162
0.542915 -0.290542 0.099999 3.14159 0 -2.35619 0 0 0.107668
0.542919 -0.290553 0.099999 3.14159 0 -2.35619 0 0 0.107175
0.542922 -0.290564 0.099999 3.14159 0 -2.35619 0 0 0.106682
0.542926 -0.290574 0.099999 3.14159 0 -2.35619 0 0 0.106188
0.542929 -0.290585 0.099999 3.14159 0 -2.35619 0 0 0.105695
0.542934 -0.290596 0.099999 3.14159 0 -2.35619 0 0 0.105206
0.54294 -0.290606 0.099999 3.14159 0 -2.35619 0 0 0.104726
0.542945 -0.290617 0.099999 3.14159 0 -2.35619 0 0 0.104247
0.542951 -0.290628 0.099999 3.14159 0 -2.35619 0 0 0.103768
0.542957 -0.290638 0.099999 3.14159 0 -2.35619 0 0 0.103288
0.542963 -0.290649 0.099999 3.14159 0 -2.35619 0 0 0.102809
0.542969 -0.29066 0.099999 3.14159 0 -2.35619 0 0 0.10233
0.542975 -0.29067 0.099999 3.14159 0 -2.35619 0 0 0.10185
0.542981 -0.290681 0.099999 3.14159 0 -2.35619 0 0 0.101371
0.542987 -0.290692 0.099999 3.14159 0 -2.35619 0 0 0.100892
0.542993 -0.290703 0.099999 3.14159 0 -2.35619 0 0 0.100412
0.542999 -0.290713 0.099999 3.14159 0 -2.35619 0 0 0.099933
0.543005 -0.290724 0.099999 3.14159 0 -2.35619 0 0 0.099454
0.543011 -0.290735 0.099999 3.14159 0 -2.35619 0 0 0.098975
0.543017 -0.290745 0.099999 3.14159 0 -2.35619 0 0 0.098495
0.543022 -0.290756 0.099999 3.14159 0 -2.35619 0 0 0.098016
0.543028 -0.290767 0.099999 3.14159 0 -2.35619 0 0 0.097537
0.543035 -0.290778 0.099999 3.14159 0 -2.35619 0 0 0.097075
0.543043 -0.290788 0.099999 3.14159 0 -2.35619 0 0 0.096622
0.54305 -0.290799 0.099999 3.14159 0 -2.35619 0 0 0.096169
0.543058 -0.29081 0.099999 3.14159 0 -2.35619 0 0 0.095716
0.543066 -0.290821 0.099999 3.14159 0 -2.35619 0 0 0.095262
0.543073 -0.290832 0.099999 3.14159 0 -2.35619 0 0 0.094809
0.543081 -0.290842 0.099999 3.14159 0 -2.35619 0 0 0.094356
0.543088 -0.290853 0.099999 3.14159 0 -2.35619 0 0 0.093902
0.543096 -0.290864 0.099999 3.14159 0 -2.35619 0 0 0.093449
0.543103 -0.290875 0.099999 3.14159 0 -2.35619 0 0 0.092996
0.543111 -0.290886 0.099999 3.14159 0 -2.35619 0 0 0.092543
0.543118 -0.290896 0.099999 3.14159 0 -2.35619 0 0 0.092089
0.543126 -0.290907 0.099999 3.14159 0 -2.35619 0 0 0.091636
0.543133 -0.290918 0.099999 3.14159 0 -2.35619 0 0 0.091183
0.543141 -0.290929 0.099999 3.14159 0 -2.35619 0 0 0.090729
0.543148 -0.29094 0.099999 3.14159 0 -2.35619 0 0 0.090276
0.543156 -0.290951 0.099999 3.14159 0 -2.35619 0 0 0.089768
0.543165 -0.290964 0.099999 3.14159 0 -2.35619 0 0 0.08888
0.543175 -0.290978 0.099999 3.14159 0 -2.35619 0 0 0.087991
0.543184 -0.290991 0.099999 3.14159 0 -2.35619 0 0 0.087103
0.543193 -0.291005 0.099999 3.14159 0 -2.35619 0 0 0.086215
0.543202 -0.291018 0.099999 3.14159 0 -2.35619 0 0 0.085327
0.543211 -0.291032 0.099999 3.14159 0 -2.35619 0 0 0.084439
0.543221 -0.291045 0.099999 3.14159 0 -2.35619 0 0 0.08355
0.54323 -0.291059 0.099999 3.14159 0 -2.35619 0 0 0.082662
0.543239 -0.291073 0.099999 3.14159 0 -2.35619 0 0 0.081774
0.543248 -0.291086 0.099999 3.14159 0 -2.35619 0 0 0.080886
0.543258 -0.2911 0.099999 3.14159 0 -2.35619 0 0 0.079997
0.543267 -0.291113 0.099999 3.14159 0 -2.35619 0 0 0.079109
0.543276 -0.291127 0.099999 3.14159 0 -2.35619 0 0 0.078221
0.543285 -0.29114 0.099999 3.14159 0 -2.35619 0 0 0.077333
0.543295 -0.291154 0.099999 3.14159 0 -2.35619 0 0 0.076444
0.543304 -0.291167 0.099999 3.14159 0 -2.35619 0 0 0.075556
0.543313 -0.291181 0.099999 3.14159 0 -2.35619 0 0 0.074668
0.543322 -0.291194 0.099999 3.14159 0 -2.35619 0 0 0.07378
0.543331 -0.291208 0.099999 3.14159 0 -2.35619 0 0 0.072891
0.543341 -0.291221 0.099999 3.14159 0 -2.35619 0 0 0.072003
0.54335 -0.291235 0.099999 3.14159 0 -2.35619 0 0 0.071115
0.543359 -0.291249 0.099999 3.14159 0 -2.35619 0 0 0.070213
0.54337 -0.291263 0.099999 3.14159 0 -2.35619 0 0 0.068836
0.54338 -0.291277 0.099999 3.14159 0 -2.35619 0 0 0.06746
0.543391 -0.291292 0.099999 3.14159 0 -2.35619 0 0 0.066083
0.543402 -0.291306 0.099999 3.14159 0 -2.35619 0 0 0.064706
0.543412 -0.291321 0.099999 3.14159 0 -2.35619 0 0 0.06333
0.543423 -0.291335 0.099999 3.14159 0 -2.35619 0 0 0.061953
0.543434 -0.29135 0.099999 3.14159 0 -2.35619 0 0 0.060576
0.543444 -0.291364 0.099999 3.14159 0 -2.35619 0 0 0.0592
0.543455 -0.291379 0.099999 3.14159 0 -2.35619 0 0 0.057823
0.543465 -0.291393 0.099999 3.14159 0 -2.35619 0 0 0.056447
0.543476 -0.291408 0.099999 3.14159 0 -2.35619 0 0 0.05507
0.543487 -0.291422 0.099999 3.14159 0 -2.35619 0 0 0.053693
0.543497 -0.291437 0.099999 3.14159 0 -2.35619 0 0 0.052317
0.543508 -0.291451 0.099999 3.14159 0 -2.35619 0 0 0.05094
0.543519 -0.291466 0.099999 3.14159 0 -2.35619 0 0 0.049564
0.543529 -0.29148 0.099999 3.14159 0 -2.35619 0 0 0.048187
0.54354 -0.291495 0.099999 3.14159 0 -2.35619 0 0 0.046745
0.54355 -0.291509 0.099999 3.14159 0 -2.35619 0 0 0.045223
0.543561 -0.291523 0.099999 3.14159 0 -2.35619 0 0 0.043702
0.543571 -0.291538 0.099999 3.14159 0 -2.35619 0 0 0.042181
0.543582 -0.291552 0.099999 3.14159 0 -2.35619 0 0 0.04066
0.543593 -0.291566 0.099999 3.14159 0 -2.35619 0 0 0.039139
0.543603 -0.29158 0.099999 3.14159 0 -2.35619 0 0 0.037617
0.543614 -0.291595 0.099999 3.14159 0 -2.35619 0 0 0.036096
0.543624 -0.291609 0.099999 3.14159 0 -2.35619 0 0 0.034575
0.543635 -0.291623 0.099999 3.14159 0 -2.35619 0 0 0.033054
0.543645 -0.291637 0.099999 3.14159 0 -2.35619 0 0 0.031533
0.543656 -0.291652 0.099999 3.14159 0 -2.35619 0 0 0.030011
0.543667 -0.291666 0.099999 3.14159 0 -2.35619 0 0 0.02849
0.543677 -0.29168 0.099999 3.14159 0 -2.35619 0 0 0.026969
0.543688 -0.291695 0.099999 3.14159 0 -2.35619 0 0 0.025448
0.543698 -0.291709 0.099999 3.14159 0 -2.35619 0 0 0.023927
0.543709 -0.291723 0.099999 3.14159 0 -2.35619 0 0 0.022405
0.54372 -0.291739 0.099999 3.14159 0 -2.35619 0 0 0.021598
0.543731 -0.291755 0.099999 3.14159 0 -2.35619 0 0 0.020886
0.543742 -0.29177 0.099999 3.14159 0 -2.35619 0 0 0.020174
0.543753 -0.291786 0.099999 3.14159 0 -2.35619 0 0 0.019462
0.543765 -0.291802 0.099999 3.14159 0 -2.35619 0 0 0.018749
0.543776 -0.291818 0.099999 3.14159 0 -2.35619 0 0 0.018037
0.543787 -0.291833 0.099999 3.14159 0 -2.35619 0 0 0.017325
0.543798 -0.291849 0.099999 3.14159 0 -2.35619 0 0 0.016613
0.543809 -0.291865 0.099999 3.14159 0 -2.35619 0 0 0.015901
0.543821 -0.291881 0.099999 3.14159 0 -2.35619 0 0 0.015188
0.543832 -0.291897 0.099999 3.14159 0 -2.35619 0 0 0.014476
0.543843 -0.291912 0.099999 3.14159 0 -2.35619 0 0 0.013764
0.543854 -0.291928 0.099999 3.14159 0 -2.35619 0 0 0.013052
0.543865 -0.291944 0.099999 3.14159 0 -2.35619 0 0 0.012339
0.543876 -0.29196 0.099999 3.14159 0 -2.35619 0 0 0.011627
0.543888 -0.291976 0.099999 3.14159 0 -2.35619 0 0 0.010915
0.543899 -0.291991 0.099999 3.14159 0 -2.35619 0 0 0.010203
0.54391 -0.292007 0.099999 3.14159 0 -2.35619 0 0 0.009491
0.543921 -0.292023 0.099999 3.14159 0 -2.35619 0 0 0.008778
0.543932 -0.292039 0.099999 3.14159 0 -2.35619 0 0 0.008066
0.543943 -0.292054 0.099999 3.14159 0 -2.35619 0 0 0.007354
0.543955 -0.29207 0.099999 3.14159 0 -2.35619 0 0 0.006642
0.543966 -0.292088 0.099999 3.14159 0 -2.35619 0 0 0.006186
0.543977 -0.292107 0.099999 3.14159 0 -2.35619 0 0 0.005801
0.543987 -0.292126 0.099999 3.14159 0 -2.35619 0 0 0.005416
0.543998 -0.292145 0.099999 3.14159 0 -2.35619 0 0 0.005031
0.544009 -0.292164 0.099999 3.14159 0 -2.35619 0 0 0.004646
0.54402 -0.292182 0.099999 3.14159 0 -2.35619 0 0 0.00426
0.544031 -0.292201 0.099999 3.14159 0 -2.35619 0 0 0.003875
0.544042 -0.29222 0.099999 3.14159 0 -2.35619 0 0 0.00349
0.544053 -0.292239 0.099999 3.14159 0 -2.35619 0 0 0.003105
0.544064 -0.292258 0.099999 3.14159 0 -2.35619 0 0 0.00272
0.544075 -0.292276 0.099999 3.14159 0 -2.35619 0 0 0.002334
0.544086 -0.292295 0.099999 3.14159 0 -2.35619 0 0 0.001949
0.544097 -0.292314 0.099999 3.14159 0 -2.35619 0 0 0.001564
0.544108 -0.292333 0.099999 3.14159 0 -2.35619 0 0 0.001179
0.544119 -0.292352 0.099999 3.14159 0 -2.35619 0 0 0.000794
0.54413 -0.292371 0.099999 3.14159 0 -2.35619 0 0 0.000409
0.544141 -0.29239 0.099999 3.14159 0 -2.35619 0 0 -7.5e-05
0.544154 -0.292411 0.099999 3.14159 0 -2.35619 0 0 -0.000923
0.544167 -0.292431 0.099999 3.14159 0 -2.35619 0 0 -0.00177
0.544181 -0.292452 0.099999 3.14159 0 -2.35619 0 0 -0.002618
0.544194 -0.292473 0.099999 3.14159 0 -2.35619 0 0 -0.003465
0.544207 -0.292494 0.099999 3.14159 0 -2.35619 0 0 -0.004313
0.54422 -0.292514 0.099999 3.14159 0 -2.35619 0 0 -0.00516
0.544233 -0.292535 0.099999 3.14159 0 -2.35619 0 0 -0.006008
0.544247 -0.292556 0.099999 3.14159 0 -2.35619 0 0 -0.006856
0.54426 -0.292577 0.099999 3.14159 0 -2.35619 0 0 -0.007703
0.544273 -0.292597 0.099999 3.14159 0 -2.35619 0 0 -0.008551
0.544286 -0.292618 0.099999 3.14159 0 -2.35619 0 0 -0.009398
0.544299 -0.292639 0.099999 3.14159 0 -2.35619 0 0 -0.010246
0.544313 -0.29266 0.099999 3.14159 0 -2.35619 0 0 -0.011093
0.544326 -0.292681 0.099999 3.14159 0 -2.35619 0 0 -0.011941
0.544339 -0.292701 0.099999 3.14159 0 -2.35619 0 0 -0.012789
0.544352 -0.292722 0.099999 3.14159 0 -2.35619 0 0 -0.013636
0.544365 -0.292743 0.099999 3.14159 0 -2.35619 0 0 -0.014697
0.544378 -0.292765 0.099999 3.14159 0 -2.35619 0 0 -0.015878
0.544391 -0.292787 0.099999 3.14159 0 -2.35619 0 0 -0.017059
0.544403 -0.292809 0.099999 3.14159 0 -2.35619 0 0 -0.01824
0.544416 -0.292831 0.099999 3.14159 0 -2.35619 0 0 -0.01942
0.544429 -0.292852 0.099999 3.14159 0 -2.35619 0 0 -0.020601
0.544442 -0.292874 0.099999 3.14159 0 -2.35619 0 0 -0.021782
0.544454 -0.292896 0.099999 3.14159 0 -2.35619 0 0 -0.022963
0.544467 -0.292918 0.099999 3.14159 0 -2.35619 0 0 -0.024144
0.54448 -0.292939 0.099999 3.14159 0 -2.35619 0 0 -0.025325
0.544492 -0.292961 0.099999 3.14159 0 -2.35619 0 0 -0.026506
0.544505 -0.292983 0.099999 3.14159 0 -2.35619 0 0 -0.027686
0.544518 -0.293005 0.099999 3.14159 0 -2.35619 0 0 -0.028867
0.544531 -0.293026 0.099999 3.14159 0 -2.35619 0 0 -0.030048
0.544543 -0.293048 0.099999 3.14159 0 -2.35619 0 0 -0.031229
0.544556 -0.29307 0.099999 3.14159 0 -2.35619 0 0 -0.03241
0.544569 -0.293092 0.099999 3.14159 0 -2.35619 0 0 -0.033591
0.544581 -0.293114 0.099999 3.14159 0 -2.35619 0 0 -0.034772
0.544594 -0.293135 0.099999 3.14159 0 -2.35619 0 0 -0.035953
0.544607 -0.293157 0.099999 3.14159 0 -2.35619 0 0 -0.037133
0.54462 -0.293179 0.099999 3.14159 0 -2.35619 0 0 -0.038314
0.544632 -0.293201 0.099999 3.14159 0 -2.35619 0 0 -0.039495
0.544645 -0.293224 0.099999 3.14159 0 -2.35619 0 0 -0.040823
0.544658 -0.293248 0.099999 3.14159 0 -2.35619 0 0 -0.042274
0.544671 -0.293273 0.099999 3.14159 0 -2.35619 0 0 -0.043726
0.544684 -0.293297 0.099999 3.14159 0 -2.35619 0 0 -0.045177
0.544697 -0.293322 0.099999 3.14159 0 -2.35619 0 0 -0.046629
0.54471 -0.293346 0.099999 3.14159 0 -2.35619 0 0 -0.04808
0.544723 -0.29337 0.099999 3.14159 0 -2.35619 0 0 -0.049532
0.544736 -0.293395 0.099999 3.14159 0 -2.35619 0 0 -0.050983
0.544749 -0.293419 0.099999 3.14159 0 -2.35619 0 0 -0.052435
0.544762 -0.293444 0.099999 3.14159 0 -2.35619 0 0 -0.053887
0.544775 -0.293468 0.099999 3.14159 0 -2.35619 0 0 -0.055338
0.544788 -0.293492 0.099999 3.14159 0 -2.35619 0 0 -0.05679
0.544801 -0.293517 0.099999 3.14159 0 -2.35619 0 0 -0.058241
0.544813 -0.293541 0.099999 3.14159 0 -2.35619 0 0 -0.059693
0.544826 -0.293566 0.099999 3.14159 0 -2.35619 0 0 -0.061144
0.544839 -0.29359 0.099999 3.14159 0 -2.35619 0 0 -0.062596
0.544852 -0.293614 0.099999 3.14159 0 -2.35619 0 0 -0.064047
0.544867 -0.293641 0.099999 3.14159 0 -2.35619 0 0 -0.065363
0.544881 -0.293668 0.099999 3.14159 0 -2.35619 0 0 -0.066674
0.544895 -0.293694 0.099999 3.14159 0 -2.35619 0 0 -0.067985
0.54491 -0.293721 0.099999 3.14159 0 -2.35619 0 0 -0.069296
0.544924 -0.293748 0.099999 3.14159 0 -2.35619 0 0 -0.070608
0.544938 -0.293774 0.099999 3.14159 0 -2.35619 0 0 -0.071919
0.544953 -0.293801 0.099999 3.14159 0 -2.35619 0 0 -0.07323
0.544967 -0.293827 0.099999 3.14159 0 -2.35619 0 0 -0.074541
0.544981 -0.293854 0.099999 3.14159 0 -2.35619 0 0 -0.075853
0.544995 -0.293881 0.099999 3.14159 0 -2.35619 0 0 -0.077164
0.54501 -0.293907 0.099999 3.14159 0 -2.35619 0 0 -0.078475
0.545024 -0.293934 0.099999 3.14159 0 -2.35619 0 0 -0.079786
0.545038 -0.293961 0.099999 3.14159 0 -2.35619 0 0 -0.081098
0.545053 -0.293987 0.099999 3.14159 0 -2.35619 0 0 -0.082409
0.545067 -0.294014 0.099999 3.14159 0 -2.35619 0 0 -0.08372
0.545081 -0.29404 0.099999 3.14159 0 -2.35619 0 0 -0.085031
0.545097 -0.294068 0.099999 3.14159 0 -2.35619 0 0 -0.086424
0.545115 -0.294098 0.099999 3.14159 0 -2.35619 0 0 -0.087941
0.545133 -0.294128 0.099999 3.14159 0 -2.35619 0 0 -0.089458
0.54515 -0.294158 0.099999 3.14159 0 -2.35619 0 0 -0.090975
0.545168 -0.294188 0.099999 3.14159 0 -2.35619 0 0 -0.092493
0.545186 -0.294219 0.099999 3.14159 0 -2.35619 0 0 -0.09401
0.545204 -0.294249 0.099999 3.14159 0 -2.35619 0 0 -0.095527
0.545222 -0.294279 0.099999 3.14159 0 -2.35619 0 0 -0.097044
0.545239 -0.294309 0.099999 3.14159 0 -2.35619 0 0 -0.098561
0.545257 -0.294339 0.099999 3.14159 0 -2.35619 0 0 -0.100078
0.545275 -0.294369 0.099999 3.14159 0 -2.35619 0 0 -0.101595
0.545293 -0.294399 0.099999 3.14159 0 -2.35619 0 0 -0.103112
0.545311 -0.294429 0.099999 3.14159 0 -2.35619 0 0 -0.104629
0.545328 -0.294459 0.099999 3.14159 0 -2.35619 0 0 -0.106147
0.545346 -0.294489 0.099999 3.14159 0 -2.35619 0 0 -0.107664
0.545364 -0.294519 0.099999 3.14159 0 -2.35619 0 0 -0.109181
0.545382 -0.294549 0.099999 3.14159 0 -2.35619 0 0 -0.110698
0.5454 -0.294579 0.099999 3.14159 0 -2.35619 0 0 -0.112215
0.545418 -0.294609 0.099999 3.14159 0 -2.35619 0 0 -0.113732
0.545435 -0.294639 0.099999 3.14159 0 -2.35619 0 0 -0.115249
0.545453 -0.294669 0.099999 3.14159 0 -2.35619 0 0 -0.116766
0.545471 -0.294699 0.099999 3.14159 0 -2.35619 0 0 -0.118283
0.54549 -0.29473 0.099999 3.14159 0 -2.35619 0 0 -0.119937
0.54551 -0.294763 0.099999 3.14159 0 -2.35619 0 0 -0.121911
0.545531 -0.294796 0.099999 3.14159 0 -2.35619 0 0 -0.123884
0.545552 -0.294829 0.099999 3.14159 0 -2.35619 0 0 -0.125857
0.545573 -0.294862 0.099999 3.14159 0 -2.35619 0 0 -0.127831
0.545594 -0.294895 0.099999 3.14159 0 -2.35619 0 0 -0.129804
0.545614 -0.294928 0.099999 3.14159 0 -2.35619 0 0 -0.131778
0.545635 -0.294961 0.099999 3.14159 0 -2.35619 0 0 -0.133751
0.545656 -0.294995 0.099999 3.14159 0 -2.35619 0 0 -0.135724
0.545677 -0.295028 0.099999 3.14159 0 -2.35619 0 0 -0.137698
0.545698 -0.295061 0.099999 3.14159 0 -2.35619 0 0 -0.139671
0.545718 -0.295094 0.099999 3.14159 0 -2.35619 0 0 -0.141644
0.545739 -0.295127 0.099999 3.14159 0 -2.35619 0 0 -0.143618
0.54576 -0.29516 0.099999 3.14159 0 -2.35619 0 0 -0.145591
0.545781 -0.295193 0.099999 3.14159 0 -2.35619 0 0 -0.147565
0.545802 -0.295226 0.099999 3.14159 0 -2.35619 0 0 -0.149538
0.545822 -0.295259 0.099999 3.14159 0 -2.35619 0 0 -0.151511
0.545844 -0.295295 0.099999 3.14159 0 -2.35619 0 0 -0.153427
0.545866 -0.295331 0.099999 3.14159 0 -2.35619 0 0 -0.155321
0.545887 -0.295368 0.099999 3.14159 0 -2.35619 0 0 -0.157214
0.545909 -0.295405 0.099999 3.14159 0 -2.35619 0 0 -0.159108
0.545931 -0.295441 0.099999 3.14159 0 -2.35619 0 0 -0.161002
0.545953 -0.295478 0.099999 3.14159 0 -2.35619 0 0 -0.162895
0.545975 -0.295515 0.099999 3.14159 0 -2.35619 0 0 -0.164789
0.545996 -0.295551 0.099999 3.14159 0 -2.35619 0 0 -0.166683
0.546018 -0.295588 0.099999 3.14159 0 -2.35619 0 0 -0.168576
0.54604 -0.295625 0.099999 3.14159 0 -2.35619 0 0 -0.17047
0.546062 -0.295661 0.099999 3.14159 0 -2.35619 0 0 -0.172364
0.546083 -0.295698 0.099999 3.14159 0 -2.35619 0 0 -0.174257
0.546105 -0.295735 0.099999 3.14159 0 -2.35619 0 0 -0.176151
0.546127 -0.295771 0.099999 3.14159 0 -2.35619 0 0 -0.178045
0.546149 -0.295808 0.099999 3.14159 0 -2.35619 0 0 -0.179938
0.54617 -0.295845 0.099999 3.14159 0 -2.35619 0 0 -0.181832
0.546193 -0.295882 0.099999 3.14159 0 -2.35619 0 0 -0.183714
0.546217 -0.295921 0.099999 3.14159 0 -2.35619 0 0 -0.185533
0.546241 -0.29596 0.099999 3.14159 0 -2.35619 0 0 -0.187351
0.546265 -0.295999 0.099999 3.14159 0 -2.35619 0 0 -0.189169
0.546289 -0.296038 0.099999 3.14159 0 -2.35619 0 0 -0.190988
0.546313 -0.296077 0.099999 3.14159 0 -2.35619 0 0 -0.192806
0.546337 -0.296116 0.099999 3.14159 0 -2.35619 0 0 -0.194625
0.546361 -0.296155 0.099999 3.14159 0 -2.35619 0 0 -0.196443
0.546385 -0.296194 0.099999 3.14159 0 -2.35619 0 0 -0.198262
0.546409 -0.296233 0.099999 3.14159 0 -2.35619 0 0 -0.20008
0.546433 -0.296272 0.099999 3.14159 0 -2.35619 0 0 -0.201898
0.546457 -0.296311 0.099999 3.14159 0 -2.35619 0 0 -0.203717
0.546481 -0.29635 0.099999 3.14159 0 -2.35619 0 0 -0.205535
0.546505 -0.296389 0.099999 3.14159 0 -2.35619 0 0 -0.207354
0.54653 -0.296428 0.099999 3.14159 0 -2.35619 0 0 -0.209172
0.546554 -0.296467 0.099999 3.14159 0 -2.35619 0 0 -0.210991
0.546578 -0.296506 0.099999 3.14159 0 -2.35619 0 0 -0.212809
0.546602 -0.296544 0.099999 3.14159 0 -2.35619 0 0 -0.214628
0.546626 -0.296583 0.099999 3.14159 0 -2.35619 0 0 -0.216446
0.54665 -0.296622 0.099999 3.14159 0 -2.35619 0 0 -0.218264
0.546674 -0.296661 0.099999 3.14159 0 -2.35619 0 0 -0.220083
0.546698 -0.2967 0.099999 3.14159 0 -2.35619 0 0 -0.221901
0.546722 -0.29674 0.099999 3.14159 0 -2.35619 0 0 -0.223702
0.546749 -0.296782 0.099999 3.14159 0 -2.35619 0 0 -0.225207
0.546776 -0.296825 0.099999 3.14159 0 -2.35619 0 0 -0.226713
0.546803 -0.296867 0.099999 3.14159 0 -2.35619 0 0 -0.228218
0.546829 -0.29691 0.099999 3.14159 0 -2.35619 0 0 -0.229723
0.546856 -0.296952 0.099999 3.14159 0 -2.35619 0 0 -0.231229
0.546883 -0.296995 0.099999 3.14159 0 -2.35619 0 0 -0.232734
0.54691 -0.297037 0.099999 3.14159 0 -2.35619 0 0 -0.234239
0.546937 -0.29708 0.099999 3.14159 0 -2.35619 0 0 -0.235744
0.546964 -0.297122 0.099999 3.14159 0 -2.35619 0 0 -0.23725
0.54699 -0.297165 0.099999 3.14159 0 -2.35619 0 0 -0.238755
0.547017 -0.297207 0.099999 3.14159 0 -2.35619 0 0 -0.24026
0.547044 -0.29725 0.099999 3.14159 0 -2.35619 0 0 -0.241766
0.547071 -0.297292 0.099999 3.14159 0 -2.35619 0 0 -0.243271
0.547098 -0.297335 0.099999 3.14159 0 -2.35619 0 0 -0.244776
0.547124 -0.297377 0.099999 3.14159 0 -2.35619 0 0 -0.246282
0.547151 -0.29742 0.099999 3.14159 0 -2.35619 0 0 -0.247787
0.547179 -0.297464 0.099999 3.14159 0 -2.35619 0 0 -0.249119
0.547208 -0.297511 0.099999 3.14159 0 -2.35619 0 0 -0.250266
0.547236 -0.297557 0.099999 3.14159 0 -2.35619 0 0 -0.251413
0.547265 -0.297604 0.099999 3.14159 0 -2.35619 0 0 -0.25256
0.547294 -0.29765 0.099999 3.14159 0 -2.35619 0 0 -0.253707
0.547322 -0.297697 0.099999 3.14159 0 -2.35619 0 0 -0.254854
0.547351 -0.297743 0.099999 3.14159 0 -2.35619 0 0 -0.256001
0.54738 -0.29779 0.099999 3.14159 0 -2.35619 0 0 -0.257148
0.547408 -0.297836 0.099999 3.14159 0 -2.35619 0 0 -0.258295
0.547437 -0.297883 0.099999 3.14159 0 -2.35619 0 0 -0.259442
0.547466 -0.297929 0.099999 3.14159 0 -2.35619 0 0 -0.260589
0.547494 -0.297976 0.099999 3.14159 0 -2.35619 0 0 -0.261736
0.547523 -0.298023 0.099999 3.14159 0 -2.35619 0 0 -0.262883
0.547552 -0.298069 0.099999 3.14159 0 -2.35619 0 0 -0.26403
0.54758 -0.298116 0.099999 3.14159 0 -2.35619 0 0 -0.265177
0.547609 -0.298162 0.099999 3.14159 0 -2.35619 0 0 -0.266324
0.547637 -0.298209 0.099999 3.14159 0 -2.35619 0 0 -0.267471
0.547666 -0.298255 0.099999 3.14159 0 -2.35619 0 0 -0.268045
0.547694 -0.298302 0.099999 3.14159 0 -2.35619 0 0 -0.268562
0.547722 -0.298349 0.099999 3.14159 0 -2.35619 0 0 -0.26908
0.54775 -0.298396 0.099999 3.14159 0 -2.35619 0 0 -0.269597
0.547778 -0.298442 0.099999 3.14159 0 -2.35619 0 0 -0.270114
0.547807 -0.298489 0.099999 3.14159 0 -2.35619 0 0 -0.270632
0.547835 -0.298536 0.099999 3.14159 0 -2.35619 0 0 -0.271149
0.547863 -0.298583 0.099999 3.14159 0 -2.35619 0 0 -0.271666
0.547891 -0.29863 0.099999 3.14159 0 -2.35619 0 0 -0.272184
0.547919 -0.298676 0.099999 3.14159 0 -2.35619 0 0 -0.272701
0.547948 -0.298723 0.099999 3.14159 0 -2.35619 0 0 -0.273219
0.547976 -0.29877 0.099999 3.14159 0 -2.35619 0 0 -0.273736
0.548004 -0.298817 0.099999 3.14159 0 -2.35619 0 0 -0.274253
0.548032 -0.298863 0.099999 3.14159 0 -2.35619 0 0 -0.274771
0.54806 -0.29891 0.099999 3.14159 0 -2.35619 0 0 -0.275288
0.548089 -0.298957 0.099999 3.14159 0 -2.35619 0 0 -0.275805
0.548117 -0.299004 0.099999 3.14159 0 -2.35619 0 0 -0.276323
0.548145 -0.29905 0.099999 3.14159 0 -2.35619 0 0 -0.27684
0.548173 -0.299097 0.099999 3.14159 0 -2.35619 0 0 -0.277357
0.548201 -0.299144 0.099999 3.14159 0 -2.35619 0 0 -0.277875
0.548229 -0.299191 0.099999 3.14159 0 -2.35619 0 0 -0.278392
0.548258 -0.299237 0.099999 3.14159 0 -2.35619 0 0 -0.278909
0.548285 -0.299286 0.099999 3.14159 0 -2.35619 0 0 -0.278813
0.548312 -0.299334 0.099999 3.14159 0 -2.35619 0 0 -0.278577
0.548339 -0.299383 0.099999 3.14159 0 -2.35619 0 0 -0.27834
0.548365 -0.299431 0.099999 3.14159 0 -2.35619 0 0 -0.278103
0.548392 -0.29948 0.099999 3.14159 0 -2.35619 0 0 -0.277867
0.548419 -0.299528 0.099999 3.14159 0 -2.35619 0 0 -0.27763
0.548446 -0.299577 0.099999 3.14159 0 -2.35619 0 0 -0.277393
0.548473 -0.299625 0.099999 3.14159 0 -2.35619 0 0 -0.277157
0.5485 -0.299674 0.099999 3.14159 0 -2.35619 0 0 -0.27692
0.548527 -0.299722 0.099999 3.14159 0 -2.35619 0 0 -0.276683
0.548554 -0.299771 0.099999 3.14159 0 -2.35619 0 0 -0.276447
0.54858 -0.299819 0.099999 3.14159 0 -2.35619 0 0 -0.27621
0.548607 -0.299868 0.099999 3.14159 0 -2.35619 0 0 -0.275973
0.548634 -0.299916 0.099999 3.14159 0 -2.35619 0 0 -0.275737
0.548661 -0.299965 0.099999 3.14159 0 -2.35619 0 0 -0.2755
0.548688 -0.300013 0.099999 3.14159 0 -2.35619 0 0 -0.275263
0.548715 -0.300062 0.099999 3.14159 0 -2.35619 0 0 -0.275011
0.548744 -0.300114 0.099999 3.14159 0 -2.35619 0 0 -0.274709
0.548772 -0.300165 0.099999 3.14159 0 -2.35619 0 0 -0.274407
0.548801 -0.300217 0.099999 3.14159 0 -2.35619 0 0 -0.274105
0.548829 -0.300268 0.099999 3.14159 0 -2.35619 0 0 -0.273803
0.548858 -0.300319 0.099999 3.14159 0 -2.35619 0 0 -0.273501
0.548886 -0.300371 0.099999 3.14159 0 -2.35619 0 0 -0.273199
0.548915 -0.300422 0.099999 3.14159 0 -2.35619 0 0 -0.272898
0.548943 -0.300474 0.099999 3.14159 0 -2.35619 0 0 -0.272596
0.548972 -0.300525 0.099999 3.14159 0 -2.35619 0 0 -0.272294
0.549 -0.300577 0.099999 3.14159 0 -2.35619 0 0 -0.271992
0.549029 -0.300628 0.099999 3.14159 0 -2.35619 0 0 -0.27169
0.549057 -0.300679 0.099999 3.14159 0 -2.35619 0 0 -0.271388
0.549086 -0.300731 0.099999 3.14159 0 -2.35619 0 0 -0.271086
0.549114 -0.300782 0.099999 3.14159 0 -2.35619 0 0 -0.270784
0.549143 -0.300834 0.099999 3.14159 0 -2.35619 0 0 -0.270482
0.549171 -0.300885 0.099999 3.14159 0 -2.35619 0 0 -0.270181
0.549201 -0.300937 0.099999 3.14159 0 -2.35619 0 0 -0.270396
0.54923 -0.300989 0.099999 3.14159 0 -2.35619 0 0 -0.270869
0.549259 -0.301042 0.099999 3.14159 0 -2.35619 0 0 -0.271342
0.549288 -0.301094 0.099999 3.14159 0 -2.35619 0 0 -0.271815
0.549318 -0.301146 0.099999 3.14159 0 -2.35619 0 0 -0.272288
0.549347 -0.301199 0.099999 3.14159 0 -2.35619 0 0 -0.272762
0.549376 -0.301251 0.099999 3.14159 0 -2.35619 0 0 -0.273235
0.549406 -0.301303 0.099999 3.14159 0 -2.35619 0 0 -0.273708
0.549435 -0.301356 0.099999 3.14159 0 -2.35619 0 0 -0.274181
0.549464 -0.301408 0.099999 3.14159 0 -2.35619 0 0 -0.274654
0.549494 -0.30146 0.099999 3.14159 0 -2.35619 0 0 -0.275127
0.549523 -0.301513 0.099999 3.14159 0 -2.35619 0 0 -0.2756
0.549552 -0.301565 0.099999 3.14159 0 -2.35619 0 0 -0.276073
0.549582 -0.301617 0.099999 3.14159 0 -2.35619 0 0 -0.276547
0.549611 -0.30167 0.099999 3.14159 0 -2.35619 0 0 -0.27702
0.54964 -0.301722 0.099999 3.14159 0 -2.35619 0 0 -0.277493
0.54967 -0.301774 0.099999 3.14159 0 -2.35619 0 0 -0.277966
0.549699 -0.301826 0.099999 3.14159 0 -2.35619 0 0 -0.278439
0.549728 -0.301879 0.099999 3.14159 0 -2.35619 0 0 -0.278912
0.549757 -0.301931 0.099999 3.14159 0 -2.35619 0 0 -0.279385
0.549787 -0.301983 0.099999 3.14159 0 -2.35619 0 0 -0.279859
0.549816 -0.302036 0.099999 3.14159 0 -2.35619 0 0 -0.280332
0.549845 -0.302088 0.099999 3.14159 0 -2.35619 0 0 -0.281154
0.549873 -0.302139 0.099999 3.14159 0 -2.35619 0 0 -0.282239
0.549901 -0.302191 0.099999 3.14159 0 -2.35619 0 0 -0.283324
0.549929 -0.302243 0.099999 3.14159 0 -2.35619 0 0 -0.28441
0.549957 -0.302294 0.099999 3.14159 0 -2.35619 0 0 -0.285495
0.549985 -0.302346 0.099999 3.14159 0 -2.35619 0 0 -0.28658
0.550013 -0.302398 0.099999 3.14159 0 -2.35619 0 0 -0.287666
0.550041 -0.302449 0.099999 3.14159 0 -2.35619 0 0 -0.288751
0.55007 -0.302501 0.099999 3.14159 0 -2.35619 0 0 -0.289836
0.550098 -0.302553 0.099999 3.14159 0 -2.35619 0 0 -0.290922
0.550126 -0.302604 0.099999 3.14159 0 -2.35619 0 0 -0.292007
0.550154 -0.302656 0.099999 3.14159 0 -2.35619 0 0 -0.293092
0.550182 -0.302708 0.099999 3.14159 0 -2.35619 0 0 -0.294178
0.55021 -0.302759 0.099999 3.14159 0 -2.35619 0 0 -0.295263
0.550238 -0.302811 0.099999 3.14159 0 -2.35619 0 0 -0.296348
0.550266 -0.302863 0.099999 3.14159 0 -2.35619 0 0 -0.297434
0.550294 -0.302914 0.099999 3.14159 0 -2.35619 0 0 -0.298519
0.550321 -0.302968 0.099999 3.14159 0 -2.35619 0 0 -0.299364
0.550347 -0.303022 0.099999 3.14159 0 -2.35619 0 0 -0.300208
0.550374 -0.303076 0.099999 3.14159 0 -2.35619 0 0 -0.301051
0.5504 -0.30313 0.099999 3.14159 0 -2.35619 0 0 -0.301895
0.550427 -0.303184 0.099999 3.14159 0 -2.35619 0 0 -0.302739
0.550453 -0.303238 0.099999 3.14159 0 -2.35619 0 0 -0.303583
0.55048 -0.303292 0.099999 3.14159 0 -2.35619 0 0 -0.304427
0.550506 -0.303345 0.099999 3.14159 0 -2.35619 0 0 -0.305271
0.550532 -0.303399 0.099999 3.14159 0 -2.35619 0 0 -0.306115
0.550559 -0.303453 0.099999 3.14159 0 -2.35619 0 0 -0.306959
0.550585 -0.303507 0.099999 3.14159 0 -2.35619 0 0 -0.307803
0.550612 -0.303561 0.099999 3.14159 0 -2.35619 0 0 -0.308647
0.550638 -0.303615 0.099999 3.14159 0 -2.35619 0 0 -0.309491
0.550665 -0.303669 0.099999 3.14159 0 -2.35619 0 0 -0.310335
0.550691 -0.303722 0.099999 3.14159 0 -2.35619 0 0 -0.311179
0.550718 -0.303776 0.099999 3.14159 0 -2.35619 0 0 -0.312023
0.550745 -0.303832 0.099999 3.14159 0 -2.35619 0 0 -0.312873
0.550772 -0.303889 0.099999 3.14159 0 -2.35619 0 0 -0.313731
0.5508 -0.303947 0.099999 3.14159 0 -2.35619 0 0 -0.314589
0.550828 -0.304004 0.099999 3.14159 0 -2.35619 0 0 -0.315447
0.550855 -0.304062 0.099999 3.14159 0 -2.35619 0 0 -0.316305
0.550883 -0.304119 0.099999 3.14159 0 -2.35619 0 0 -0.317163
0.550911 -0.304177 0.099999 3.14159 0 -2.35619 0 0 -0.318021
0.550938 -0.304234 0.099999 3.14159 0 -2.35619 0 0 -0.318879
0.550966 -0.304292 0.099999 3.14159 0 -2.35619 0 0 -0.319737
0.550994 -0.304349 0.099999 3.14159 0 -2.35619 0 0 -0.320595
0.551021 -0.304407 0.099999 3.14159 0 -2.35619 0 0 -0.321453
0.551049 -0.304464 0.099999 3.14159 0 -2.35619 0 0 -0.322311
0.551077 -0.304522 0.099999 3.14159 0 -2.35619 0 0 -0.323169
0.551105 -0.304579 0.099999 3.14159 0 -2.35619 0 0 -0.324027
0.551132 -0.304637 0.099999 3.14159 0 -2.35619 0 0 -0.324885
0.55116 -0.304694 0.099999 3.14159 0 -2.35619 0 0 -0.325743
0.551188 -0.304752 0.099999 3.14159 0 -2.35619 0 0 -0.326601
0.551215 -0.304809 0.099999 3.14159 0 -2.35619 0 0 -0.327459
0.551243 -0.304867 0.099999 3.14159 0 -2.35619 0 0 -0.328317
0.551271 -0.304924 0.099999 3.14159 0 -2.35619 0 0 -0.329175
0.551298 -0.304982 0.099999 3.14159 0 -2.35619 0 0 -0.330033
0.551326 -0.305039 0.099999 3.14159 0 -2.35619 0 0 -0.330891
0.551355 -0.305097 0.099999 3.14159 0 -2.35619 0 0 -0.331794
0.551385 -0.305156 0.099999 3.14159 0 -2.35619 0 0 -0.33279
0.551416 -0.305215 0.099999 3.14159 0 -2.35619 0 0 -0.333786
0.551446 -0.305275 0.099999 3.14159 0 -2.35619 0 0 -0.334782
0.551477 -0.305334 0.099999 3.14159 0 -2.35619 0 0 -0.335778
0.551507 -0.305393 0.099999 3.14159 0 -2.35619 0 0 -0.336774
0.551538 -0.305452 0.099999 3.14159 0 -2.35619 0 0 -0.33777
0.551568 -0.305511 0.099999 3.14159 0 -2.35619 0 0 -0.338766
0.551598 -0.30557 0.099999 3.14159 0 -2.35619 0 0 -0.339761
0.551629 -0.305629 0.099999 3.14159 0 -2.35619 0 0 -0.340757
0.551659 -0.305688 0.099999 3.14159 0 -2.35619 0 0 -0.341753
0.55169 -0.305747 0.099999 3.14159 0 -2.35619 0 0 -0.342749
0.55172 -0.305806 0.099999 3.14159 0 -2.35619 0 0 -0.343745
0.551751 -0.305865 0.099999 3.14159 0 -2.35619 0 0 -0.344741
0.551781 -0.305924 0.099999 3.14159 0 -2.35619 0 0 -0.345737
0.551812 -0.305983 0.099999 3.14159 0 -2.35619 0 0 -0.346733
0.551842 -0.306042 0.099999 3.14159 0 -2.35619 0 0 -0.347729
0.551873 -0.306102 0.099999 3.14159 0 -2.35619 0 0 -0.348849
0.551903 -0.306162 0.099999 3.14159 0 -2.35619 0 0 -0.350008
0.551934 -0.306222 0.099999 3.14159 0 -2.35619 0 0 -0.351168
0.551964 -0.306282 0.099999 3.14159 0 -2.35619 0 0 -0.352328
0.551994 -0.306342 0.099999 3.14159 0 -2.35619 0 0 -0.353488
0.552025 -0.306402 0.099999 3.14159 0 -2.35619 0 0 -0.354648
0.552055 -0.306461 0.099999 3.14159 0 -2.35619 0 0 -0.355808
0.552086 -0.306521 0.099999 3.14159 0 -2.35619 0 0 -0.356967
0.552116 -0.306581 0.099999 3.14159 0 -2.35619 0 0 -0.358127
0.552146 -0.306641 0.099999 3.14159 0 -2.35619 0 0 -0.359287
0.552177 -0.306701 0.099999 3.14159 0 -2.35619 0 0 -0.360447
0.552207 -0.306761 0.099999 3.14159 0 -2.35619 0 0 -0.361607
0.552238 -0.306821 0.099999 3.14159 0 -2.35619 0 0 -0.362767
0.552268 -0.306881 0.099999 3.14159 0 -2.35619 0 0 -0.363926
0.552298 -0.306941 0.099999 3.14159 0 -2.35619 0 0 -0.365086
0.552329 -0.307001 0.099999 3.14159 0 -2.35619 0 0 -0.366246
0.552359 -0.307061 0.099999 3.14159 0 -2.35619 0 0 -0.367407
0.552388 -0.307121 0.099999 3.14159 0 -2.35619 0 0 -0.368576
0.552418 -0.307181 0.099999 3.14159 0 -2.35619 0 0 -0.369744
0.552447 -0.307241 0.099999 3.14159 0 -2.35619 0 0 -0.370912
0.552476 -0.307301 0.099999 3.14159 0 -2.35619 0 0 -0.37208
0.552506 -0.307362 0.099999 3.14159 0 -2.35619 0 0 -0.373248
0.552535 -0.307422 0.099999 3.14159 0 -2.35619 0 0 -0.374416
0.552564 -0.307482 0.099999 3.14159 0 -2.35619 0 0 -0.375584
0.552594 -0.307542 0.099999 3.14159 0 -2.35619 0 0 -0.376753
0.552623 -0.307602 0.099999 3.14159 0 -2.35619 0 0 -0.377921
0.552652 -0.307663 0.099999 3.14159 0 -2.35619 0 0 -0.379089
0.552681 -0.307723 0.099999 3.14159 0 -2.35619 0 0 -0.380257
0.552711 -0.307783 0.099999 3.14159 0 -2.35619 0 0 -0.381425
0.55274 -0.307843 0.099999 3.14159 0 -2.35619 0 0 -0.382593
0.552769 -0.307903 0.099999 3.14159 0 -2.35619 0 0 -0.383761
0.552799 -0.307964 0.099999 3.14159 0 -2.35619 0 0 -0.384929
0.552828 -0.308024 0.099999 3.14159 0 -2.35619 0 0 -0.386098
0.552857 -0.308084 0.099999 3.14159 0 -2.35619 0 0 -0.387266
0.552887 -0.308144 0.099999 3.14159 0 -2.35619 0 0 -0.388434
0.552916 -0.308204 0.099999 3.14159 0 -2.35619 0 0 -0.389602
0.552945 -0.308265 0.099999 3.14159 0 -2.35619 0 0 -0.39077
0.552974 -0.308325 0.099999 3.14159 0 -2.35619 0 0 -0.391938
0.553004 -0.308385 0.099999 3.14159 0 -2.35619 0 0 -0.393021
0.553033 -0.308446 0.099999 3.14159 0 -2.35619 0 0 -0.393171
0.553061 -0.308507 0.099999 3.14159 0 -2.35619 0 0 -0.393321
0.55309 -0.308568 0.099999 3.14159 0 -2.35619 0 0 -0.393472
0.553119 -0.308629 0.099999 3.14159 0 -2.35619 0 0 -0.393622
0.553148 -0.308689 0.099999 3.14159 0 -2.35619 0 0 -0.393772
0.553177 -0.30875 0.099999 3.14159 0 -2.35619 0 0 -0.393923
0.553206 -0.308811 0.099999 3.14159 0 -2.35619 0 0 -0.394073
0.553234 -0.308872 0.099999 3.14159 0 -2.35619 0 0 -0.394223
0.553263 -0.308933 0.099999 3.14159 0 -2.35619 0 0 -0.394374
0.553292 -0.308994 0.099999 3.14159 0 -2.35619 0 0 -0.394524
0.553321 -0.309055 0.099999 3.14159 0 -2.35619 0 0 -0.394674
0.55335 -0.309116 0.099999 3.14159 0 -2.35619 0 0 -0.394825
0.553379 -0.309177 0.099999 3.14159 0 -2.35619 0 0 -0.394975
0.553408 -0.309237 0.099999 3.14159 0 -2.35619 0 0 -0.395125
0.553436 -0.309298 0.099999 3.14159 0 -2.35619 0 0 -0.395276
0.553465 -0.309359 0.099999 3.14159 0 -2.35619 0 0 -0.395426
0.553494 -0.309421 0.099999 3.14159 0 -2.35619 0 0 -0.395379
0.553523 -0.309483 0.099999 3.14159 0 -2.35619 0 0 -0.395144
0.553552 -0.309545 0.099999 3.14159 0 -2.35619 0 0 -0.394909
0.553581 -0.309607 0.099999 3.14159 0 -2.35619 0 0 -0.394674
0.553611 -0.309669 0.099999 3.14159 0 -2.35619 0 0 -0.394439
0.55364 -0.309731 0.099999 3.14159 0 -2.35619 0 0 -0.394204
0.553669 -0.309793 0.099999 3.14159 0 -2.35619 0 0 -0.393968
0.553698 -0.309855 0.099999 3.14159 0 -2.35619 0 0 -0.393733
0.553727 -0.309917 0.099999 3.14159 0 -2.35619 0 0 -0.393498
0.553756 -0.309978 0.099999 3.14159 0 -2.35619 0 0 -0.393263
0.553785 -0.31004 0.099999 3.14159 0 -2.35619 0 0 -0.393028
0.553814 -0.310102 0.099999 3.14159 0 -2.35619 0 0 -0.392793
0.553843 -0.310164 0.099999 3.14159 0 -2.35619 0 0 -0.392558
0.553872 -0.310226 0.099999 3.14159 0 -2.35619 0 0 -0.392323
0.553901 -0.310288 0.099999 3.14159 0 -2.35619 0 0 -0.392087
0.55393 -0.31035 0.099999 3.14159 0 -2.35619 0 0 -0.391852
0.553959 -0.310412 0.099999 3.14159 0 -2.35619 0 0 -0.391617
0.553989 -0.310475 0.099999 3.14159 0 -2.35619 0 0 -0.390585
0.554019 -0.310538 0.099999 3.14159 0 -2.35619 0 0 -0.389499
0.554049 -0.310601 0.099999 3.14159 0 -2.35619 0 0 -0.388414
0.554079 -0.310664 0.099999 3.14159 0 -2.35619 0 0 -0.387329
0.554109 -0.310727 0.099999 3.14159 0 -2.35619 0 0 -0.386243
0.554139 -0.31079 0.099999 3.14159 0 -2.35619 0 0 -0.385158
0.554168 -0.310853 0.099999 3.14159 0 -2.35619 0 0 -0.384073
0.554198 -0.310916 0.099999 3.14159 0 -2.35619 0 0 -0.382988
0.554228 -0.310979 0.099999 3.14159 0 -2.35619 0 0 -0.381902
0.554258 -0.311042 0.099999 3.14159 0 -2.35619 0 0 -0.380817
0.554288 -0.311105 0.099999 3.14159 0 -2.35619 0 0 -0.379732
0.554318 -0.311168 0.099999 3.14159 0 -2.35619 0 0 -0.378647
0.554348 -0.311231 0.099999 3.14159 0 -2.35619 0 0 -0.377561
0.554378 -0.311294 0.099999 3.14159 0 -2.35619 0 0 -0.376476
0.554408 -0.311357 0.099999 3.14159 0 -2.35619 0 0 -0.375391
0.554438 -0.31142 0.099999 3.14159 0 -2.35619 0 0 -0.374305
0.554467 -0.311483 0.099999 3.14159 0 -2.35619 0 0 -0.37322
0.554497 -0.311546 0.099999 3.14159 0 -2.35619 0 0 -0.372135
0.554527 -0.311609 0.099999 3.14159 0 -2.35619 0 0 -0.37105
0.554557 -0.311672 0.099999 3.14159 0 -2.35619 0 0 -0.369964
0.554587 -0.311735 0.099999 3.14159 0 -2.35619 0 0 -0.368879
0.554617 -0.311798 0.099999 3.14159 0 -2.35619 0 0 -0.367794
0.554646 -0.311863 0.099999 3.14159 0 -2.35619 0 0 -0.366902
0.554675 -0.311928 0.099999 3.14159 0 -2.35619 0 0 -0.366048
0.554704 -0.311993 0.099999 3.14159 0 -2.35619 0 0 -0.365193
0.554733 -0.312058 0.099999 3.14159 0 -2.35619 0 0 -0.364338
0.554762 -0.312122 0.099999 3.14159 0 -2.35619 0 0 -0.363483
0.554791 -0.312187 0.099999 3.14159 0 -2.35619 0 0 -0.362629
0.55482 -0.312252 0.099999 3.14159 0 -2.35619 0 0 -0.361774
0.55485 -0.312317 0.099999 3.14159 0 -2.35619 0 0 -0.360919
0.554879 -0.312382 0.099999 3.14159 0 -2.35619 0 0 -0.360064
0.554908 -0.312447 0.099999 3.14159 0 -2.35619 0 0 -0.35921
0.554937 -0.312512 0.099999 3.14159 0 -2.35619 0 0 -0.358355
0.554966 -0.312577 0.099999 3.14159 0 -2.35619 0 0 -0.3575
0.554995 -0.312641 0.099999 3.14159 0 -2.35619 0 0 -0.356646
0.555024 -0.312706 0.099999 3.14159 0 -2.35619 0 0 -0.355791
0.555053 -0.312771 0.099999 3.14159 0 -2.35619 0 0 -0.354936
0.555082 -0.312836 0.099999 3.14159 0 -2.35619 0 0 -0.354081
0.555111 -0.312901 0.099999 3.14159 0 -2.35619 0 0 -0.353266
0.55514 -0.312966 0.099999 3.14159 0 -2.35619 0 0 -0.352558
0.555168 -0.313031 0.099999 3.14159 0 -2.35619 0 0 -0.351849
0.555197 -0.313097 0.099999 3.14159 0 -2.35619 0 0 -0.351141
0.555225 -0.313162 0.099999 3.14159 0 -2.35619 0 0 -0.350433
0.555254 -0.313227 0.099999 3.14159 0 -2.35619 0 0 -0.349725
0.555282 -0.313292 0.099999 3.14159 0 -2.35619 0 0 -0.349017
0.555311 -0.313357 0.099999 3.14159 0 -2.35619 0 0 -0.348308
0.555339 -0.313423 0.099999 3.14159 0 -2.35619 0 0 -0.3476
0.555368 -0.313488 0.099999 3.14159 0 -2.35619 0 0 -0.346892
0.555397 -0.313553 0.099999 3.14159 0 -2.35619 0 0 -0.346184
0.555425 -0.313618 0.099999 3.14159 0 -2.35619 0 0 -0.345476
0.555454 -0.313683 0.099999 3.14159 0 -2.35619 0 0 -0.344768
0.555482 -0.313748 0.099999 3.14159 0 -2.35619 0 0 -0.344059
0.555511 -0.313814 0.099999 3.14159 0 -2.35619 0 0 -0.343351
0.555539 -0.313879 0.099999 3.14159 0 -2.35619 0 0 -0.342643
0.555568 -0.313944 0.099999 3.14159 0 -2.35619 0 0 -0.341935
0.555597 -0.31401 0.099999 3.14159 0 -2.35619 0 0 -0.341654
0.555626 -0.314077 0.099999 3.14159 0 -2.35619 0 0 -0.34156
0.555655 -0.314144 0.099999 3.14159 0 -2.35619 0 0 -0.341467
0.555684 -0.314211 0.099999 3.14159 0 -2.35619 0 0 -0.341373
0.555713 -0.314277 0.099999 3.14159 0 -2.35619 0 0 -0.34128
0.555742 -0.314344 0.099999 3.14159 0 -2.35619 0 0 -0.341186
0.55577 -0.314411 0.099999 3.14159 0 -2.35619 0 0 -0.341093
0.555799 -0.314477 0.099999 3.14159 0 -2.35619 0 0 -0.340999
0.555828 -0.314544 0.099999 3.14159 0 -2.35619 0 0 -0.340906
0.555857 -0.314611 0.099999 3.14159 0 -2.35619 0 0 -0.340812
0.555886 -0.314678 0.099999 3.14159 0 -2.35619 0 0 -0.340719
0.555915 -0.314744 0.099999 3.14159 0 -2.35619 0 0 -0.340625
0.555944 -0.314811 0.099999 3.14159 0 -2.35619 0 0 -0.340532
0.555973 -0.314878 0.099999 3.14159 0 -2.35619 0 0 -0.340438
0.556002 -0.314945 0.099999 3.14159 0 -2.35619 0 0 -0.340345
0.556031 -0.315011 0.099999 3.14159 0 -2.35619 0 0 -0.340251
0.55606 -0.315078 0.099999 3.14159 0 -2.35619 0 0 -0.340158
0.556089 -0.315145 0.099999 3.14159 0 -2.35619 0 0 -0.340064
0.556118 -0.315212 0.099999 3.14159 0 -2.35619 0 0 -0.33997
0.556147 -0.315278 0.099999 3.14159 0 -2.35619 0 0 -0.339877
0.556176 -0.315345 0.099999 3.14159 0 -2.35619 0 0 -0.339783
0.556205 -0.315412 0.099999 3.14159 0 -2.35619 0 0 -0.33969
0.556235 -0.31548 0.099999 3.14159 0 -2.35619 0 0 -0.339864
0.556265 -0.31555 0.099999 3.14159 0 -2.35619 0 0 -0.340218
0.556296 -0.315619 0.099999 3.14159 0 -2.35619 0 0 -0.340572
0.556326 -0.315689 0.099999 3.14159 0 -2.35619 0 0 -0.340925
0.556357 -0.315758 0.099999 3.14159 0 -2.35619 0 0 -0.341279
0.556387 -0.315828 0.099999 3.14159 0 -2.35619 0 0 -0.341633
0.556418 -0.315897 0.099999 3.14159 0 -2.35619 0 0 -0.341987
0.556448 -0.315967 0.099999 3.14159 0 -2.35619 0 0 -0.342341
0.556479 -0.316036 0.099999 3.14159 0 -2.35619 0 0 -0.342695
0.556509 -0.316106 0.099999 3.14159 0 -2.35619 0 0 -0.343049
0.55654 -0.316176 0.099999 3.14159 0 -2.35619 0 0 -0.343402
0.55657 -0.316245 0.099999 3.14159 0 -2.35619 0 0 -0.343756
0.556601 -0.316315 0.099999 3.14159 0 -2.35619 0 0 -0.34411
0.556631 -0.316384 0.099999 3.14159 0 -2.35619 0 0 -0.344464
0.556662 -0.316454 0.099999 3.14159 0 -2.35619 0 0 -0.344818
0.556692 -0.316523 0.099999 3.14159 0 -2.35619 0 0 -0.345172
0.556723 -0.316593 0.099999 3.14159 0 -2.35619 0 0 -0.345524
0.556756 -0.316664 0.099999 3.14159 0 -2.35619 0 0 -0.34581
0.556789 -0.316735 0.099999 3.14159 0 -2.35619 0 0 -0.346097
0.556821 -0.316805 0.099999 3.14159 0 -2.35619 0 0 -0.346383
0.556854 -0.316876 0.099999 3.14159 0 -2.35619 0 0 -0.34667
0.556887 -0.316947 0.099999 3.14159 0 -2.35619 0 0 -0.346956
0.55692 -0.317018 0.099999 3.14159 0 -2.35619 0 0 -0.347243
0.556953 -0.317089 0.099999 3.14159 0 -2.35619 0 0 -0.347529
0.556985 -0.31716 0.099999 3.14159 0 -2.35619 0 0 -0.347815
0.557018 -0.317231 0.099999 3.14159 0 -2.35619 0 0 -0.348102
0.557051 -0.317302 0.099999 3.14159 0 -2.35619 0 0 -0.348388
0.557084 -0.317373 0.099999 3.14159 0 -2.35619 0 0 -0.348675
0.557117 -0.317444 0.099999 3.14159 0 -2.35619 0 0 -0.348961
0.557149 -0.317515 0.099999 3.14159 0 -2.35619 0 0 -0.349248
0.557182 -0.317586 0.099999 3.14159 0 -2.35619 0 0 -0.349534
0.557215 -0.317657 0.099999 3.14159 0 -2.35619 0 0 -0.349821
0.557248 -0.317728 0.099999 3.14159 0 -2.35619 0 0 -0.350107
0.557281 -0.317799 0.099999 3.14159 0 -2.35619 0 0 -0.350253
0.557314 -0.317872 0.099999 3.14159 0 -2.35619 0 0 -0.350227
0.557347 -0.317945 0.099999 3.14159 0 -2.35619 0 0 -0.350202
0.55738 -0.318018 0.099999 3.14159 0 -2.35619 0 0 -0.350177
0.557413 -0.318091 0.099999 3.14159 0 -2.35619 0 0 -0.350152
0.557446 -0.318164 0.099999 3.14159 0 -2.35619 0 0 -0.350127
0.557479 -0.318237 0.099999 3.14159 0 -2.35619 0 0 -0.350102
0.557513 -0.31831 0.099999 3.14159 0 -2.35619 0 0 -0.350077
0.557546 -0.318383 0.099999 3.14159 0 -2.35619 0 0 -0.350052
0.557579 -0.318456 0.099999 3.14159 0 -2.35619 0 0 -0.350026
0.557612 -0.318529 0.099999 3.14159 0 -2.35619 0 0 -0.350001
0.557645 -0.318602 0.099999 3.14159 0 -2.35619 0 0 -0.349976
0.557678 -0.318675 0.099999 3.14159 0 -2.35619 0 0 -0.349951
0.557711 -0.318748 0.099999 3.14159 0 -2.35619 0 0 -0.349926
0.557744 -0.318821 0.099999 3.14159 0 -2.35619 0 0 -0.349901
0.557777 -0.318894 0.099999 3.14159 0 -2.35619 0 0 -0.349876
0.55781 -0.318967 0.099999 3.14159 0 -2.35619 0 0 -0.349851
0.557844 -0.31904 0.099999 3.14159 0 -2.35619 0 0 -0.349825
0.557877 -0.319113 0.099999 3.14159 0 -2.35619 0 0 -0.3498
0.55791 -0.319186 0.099999 3.14159 0 -2.35619 0 0 -0.349775
0.557943 -0.319259 0.099999 3.14159 0 -2.35619 0 0 -0.34975
0.557976 -0.319332 0.099999 3.14159 0 -2.35619 0 0 -0.349725
0.558009 -0.319406 0.099999 3.14159 0 -2.35619 0 0 -0.349351
0.558043 -0.319481 0.099999 3.14159 0 -2.35619 0 0 -0.348344
0.558076 -0.319556 0.099999 3.14159 0 -2.35619 0 0 -0.347336
0.55811 -0.319631 0.099999 3.14159 0 -2.35619 0 0 -0.346329
0.558143 -0.319707 0.099999 3.14159 0 -2.35619 0 0 -0.345321
0.558177 -0.319782 0.099999 3.14159 0 -2.35619 0 0 -0.344313
0.558211 -0.319857 0.099999 3.14159 0 -2.35619 0 0 -0.343306
0.558244 -0.319932 0.099999 3.14159 0 -2.35619 0 0 -0.342298
0.558278 -0.320008 0.099999 3.14159 0 -2.35619 0 0 -0.34129
0.558311 -0.320083 0.099999 3.14159 0 -2.35619 0 0 -0.340283
0.558345 -0.320158 0.099999 3.14159 0 -2.35619 0 0 -0.339275
0.558378 -0.320233 0.099999 3.14159 0 -2.35619 0 0 -0.338268
0.558412 -0.320309 0.099999 3.14159 0 -2.35619 0 0 -0.33726
0.558445 -0.320384 0.099999 3.14159 0 -2.35619 0 0 -0.336252
0.558479 -0.320459 0.099999 3.14159 0 -2.35619 0 0 -0.335245
0.558512 -0.320534 0.099999 3.14159 0 -2.35619 0 0 -0.334237
0.558546 -0.32061 0.099999 3.14159 0 -2.35619 0 0 -0.33323
0.55858 -0.320686 0.099999 3.14159 0 -2.35619 0 0 -0.332092
0.558615 -0.320764 0.099999 3.14159 0 -2.35619 0 0 -0.330918
0.558649 -0.320841 0.099999 3.14159 0 -2.35619 0 0 -0.329744
0.558684 -0.320918 0.099999 3.14159 0 -2.35619 0 0 -0.32857
0.558718 -0.320995 0.099999 3.14159 0 -2.35619 0 0 -0.327396
0.558753 -0.321072 0.099999 3.14159 0 -2.35619 0 0 -0.326222
0.558787 -0.32115 0.099999 3.14159 0 -2.35619 0 0 -0.325048
0.558822 -0.321227 0.099999 3.14159 0 -2.35619 0 0 -0.323875
0.558856 -0.321304 0.099999 3.14159 0 -2.35619 0 0 -0.322701
0.558891 -0.321381 0.099999 3.14159 0 -2.35619 0 0 -0.321527
0.558925 -0.321458 0.099999 3.14159 0 -2.35619 0 0 -0.320353
0.55896 -0.321536 0.099999 3.14159 0 -2.35619 0 0 -0.319179
0.558995 -0.321613 0.099999 3.14159 0 -2.35619 0 0 -0.318005
0.559029 -0.32169 0.099999 3.14159 0 -2.35619 0 0 -0.316831
0.559064 -0.321767 0.099999 3.14159 0 -2.35619 0 0 -0.315657
0.559098 -0.321844 0.099999 3.14159 0 -2.35619 0 0 -0.314483
0.559132 -0.321921 0.099999 3.14159 0 -2.35619 0 0 -0.313219
0.559167 -0.321998 0.099999 3.14159 0 -2.35619 0 0 -0.31161
0.559201 -0.322075 0.099999 3.14159 0 -2.35619 0 0 -0.310001
0.559235 -0.322152 0.099999 3.14159 0 -2.35619 0 0 -0.308392
0.559269 -0.322229 0.099999 3.14159 0 -2.35619 0 0 -0.306783
0.559303 -0.322306 0.099999 3.14159 0 -2.35619 0 0 -0.305174
0.559337 -0.322383 0.099999 3.14159 0 -2.35619 0 0 -0.303565
0.559371 -0.32246 0.099999 3.14159 0 -2.35619 0 0 -0.301956
0.559405 -0.322537 0.099999 3.14159 0 -2.35619 0 0 -0.300347
0.559439 -0.322614 0.099999 3.14159 0 -2.35619 0 0 -0.298739
0.559473 -0.322691 0.099999 3.14159 0 -2.35619 0 0 -0.29713
0.559507 -0.322768 0.099999 3.14159 0 -2.35619 0 0 -0.295521
0.559541 -0.322845 0.099999 3.14159 0 -2.35619 0 0 -0.293912
0.559575 -0.322922 0.099999 3.14159 0 -2.35619 0 0 -0.292303
0.559609 -0.322999 0.099999 3.14159 0 -2.35619 0 0 -0.290694
0.559643 -0.323076 0.099999 3.14159 0 -2.35619 0 0 -0.289085
0.559677 -0.323153 0.099999 3.14159 0 -2.35619 0 0 -0.287476
0.559712 -0.32323 0.099999 3.14159 0 -2.35619 0 0 -0.285867
0.559746 -0.323307 0.099999 3.14159 0 -2.35619 0 0 -0.284259
0.55978 -0.323384 0.099999 3.14159 0 -2.35619 0 0 -0.28265
0.559814 -0.323461 0.099999 3.14159 0 -2.35619 0 0 -0.281041
0.559848 -0.323538 0.099999 3.14159 0 -2.35619 0 0 -0.279432
0.559882 -0.323614 0.099999 3.14159 0 -2.35619 0 0 -0.277755
0.559913 -0.323691 0.099999 3.14159 0 -2.35619 0 0 -0.27554
0.559945 -0.323767 0.099999 3.14159 0 -2.35619 0 0 -0.273325
0.559976 -0.323844 0.099999 3.14159 0 -2.35619 0 0 -0.27111
0.560008 -0.32392 0.099999 3.14159 0 -2.35619 0 0 -0.268895
0.56004 -0.323996 0.099999 3.14159 0 -2.35619 0 0 -0.26668
0.560071 -0.324073 0.099999 3.14159 0 -2.35619 0 0 -0.264465
0.560103 -0.324149 0.099999 3.14159 0 -2.35619 0 0 -0.26225
0.560134 -0.324226 0.099999 3.14159 0 -2.35619 0 0 -0.260035
0.560166 -0.324302 0.099999 3.14159 0 -2.35619 0 0 -0.25782
0.560198 -0.324378 0.099999 3.14159 0 -2.35619 0 0 -0.255605
0.560229 -0.324455 0.099999 3.14159 0 -2.35619 0 0 -0.25339
0.560261 -0.324531 0.099999 3.14159 0 -2.35619 0 0 -0.251175
0.560292 -0.324608 0.099999 3.14159 0 -2.35619 0 0 -0.24896
0.560324 -0.324684 0.099999 3.14159 0 -2.35619 0 0 -0.246745
0.560356 -0.32476 0.099999 3.14159 0 -2.35619 0 0 -0.244529
0.560387 -0.324837 0.099999 3.14159 0 -2.35619 0 0 -0.242314
0.560419 -0.324914 0.099999 3.14159 0 -2.35619 0 0 -0.239999
0.56045 -0.324993 0.099999 3.14159 0 -2.35619 0 0 -0.237597
0.560482 -0.325072 0.099999 3.14159 0 -2.35619 0 0 -0.235195
0.560514 -0.32515 0.099999 3.14159 0 -2.35619 0 0 -0.232794
0.560545 -0.325229 0.099999 3.14159 0 -2.35619 0 0 -0.230392
0.560577 -0.325307 0.099999 3.14159 0 -2.35619 0 0 -0.22799
0.560608 -0.325386 0.099999 3.14159 0 -2.35619 0 0 -0.225588
0.56064 -0.325465 0.099999 3.14159 0 -2.35619 0 0 -0.223186
0.560672 -0.325543 0.099999 3.14159 0 -2.35619 0 0 -0.220785
0.560703 -0.325622 0.099999 3.14159 0 -2.35619 0 0 -0.218383
0.560735 -0.325701 0.099999 3.14159 0 -2.35619 0 0 -0.215981
0.560767 -0.325779 0.099999 3.14159 0 -2.35619 0 0 -0.213579
0.560798 -0.325858 0.099999 3.14159 0 -2.35619 0 0 -0.211178
0.56083 -0.325936 0.099999 3.14159 0 -2.35619 0 0 -0.208776
0.560861 -0.326015 0.099999 3.14159 0 -2.35619 0 0 -0.206374
0.560893 -0.326094 0.099999 3.14159 0 -2.35619 0 0 -0.203972
0.560925 -0.326172 0.099999 3.14159 0 -2.35619 0 0 -0.201571
0.560956 -0.326251 0.099999 3.14159 0 -2.35619 0 0 -0.199528
0.560987 -0.32633 0.099999 3.14159 0 -2.35619 0 0 -0.197499
0.561019 -0.326409 0.099999 3.14159 0 -2.35619 0 0 -0.19547
0.56105 -0.326488 0.099999 3.14159 0 -2.35619 0 0 -0.19344
0.561082 -0.326567 0.099999 3.14159 0 -2.35619 0 0 -0.191411
0.561113 -0.326646 0.099999 3.14159 0 -2.35619 0 0 -0.189382
0.561145 -0.326725 0.099999 3.14159 0 -2.35619 0 0 -0.187352
0.561176 -0.326804 0.099999 3.14159 0 -2.35619 0 0 -0.185323
0.561207 -0.326883 0.099999 3.14159 0 -2.35619 0 0 -0.183294
0.561239 -0.326962 0.099999 3.14159 0 -2.35619 0 0 -0.181264
0.56127 -0.327041 0.099999 3.14159 0 -2.35619 0 0 -0.179235
0.561302 -0.327119 0.099999 3.14159 0 -2.35619 0 0 -0.177206
0.561333 -0.327198 0.099999 3.14159 0 -2.35619 0 0 -0.175176
0.561365 -0.327277 0.099999 3.14159 0 -2.35619 0 0 -0.173147
0.561396 -0.327356 0.099999 3.14159 0 -2.35619 0 0 -0.171118
0.561427 -0.327435 0.099999 3.14159 0 -2.35619 0 0 -0.169088
0.561459 -0.327514 0.099999 3.14159 0 -2.35619 0 0 -0.167059
0.56149 -0.327593 0.099999 3.14159 0 -2.35619 0 0 -0.165029
0.561522 -0.327672 0.099999 3.14159 0 -2.35619 0 0 -0.163
0.561553 -0.327751 0.099999 3.14159 0 -2.35619 0 0 -0.160971
0.561585 -0.32783 0.099999 3.14159 0 -2.35619 0 0 -0.158941
0.561616 -0.327909 0.099999 3.14159 0 -2.35619 0 0 -0.156912
0.561648 -0.327987 0.099999 3.14159 0 -2.35619 0 0 -0.155393
0.561679 -0.328065 0.099999 3.14159 0 -2.35619 0 0 -0.153951
0.561711 -0.328143 0.099999 3.14159 0 -2.35619 0 0 -0.15251
0.561743 -0.328221 0.099999 3.14159 0 -2.35619 0 0 -0.151068
0.561774 -0.3283 0.099999 3.14159 0 -2.35619 0 0 -0.149627
0.561806 -0.328378 0.099999 3.14159 0 -2.35619 0 0 -0.148185
0.561838 -0.328456 0.099999 3.14159 0 -2.35619 0 0 -0.146743
0.561869 -0.328534 0.099999 3.14159 0 -2.35619 0 0 -0.145302
0.561901 -0.328612 0.099999 3.14159 0 -2.35619 0 0 -0.14386
0.561933 -0.32869 0.099999 3.14159 0 -2.35619 0 0 -0.142418
0.561965 -0.328768 0.099999 3.14159 0 -2.35619 0 0 -0.140977
0.561996 -0.328847 0.099999 3.14159 0 -2.35619 0 0 -0.139535
0.562028 -0.328925 0.099999 3.14159 0 -2.35619 0 0 -0.138094
0.56206 -0.329003 0.099999 3.14159 0 -2.35619 0 0 -0.136652
0.562091 -0.329081 0.099999 3.14159 0 -2.35619 0 0 -0.13521
0.562123 -0.329159 0.099999 3.14159 0 -2.35619 0 0 -0.133769
0.562154 -0.329236 0.099999 3.14159 0 -2.35619 0 0 -0.132405
0.562185 -0.329311 0.099999 3.14159 0 -2.35619 0 0 -0.131228
0.562215 -0.329386 0.099999 3.14159 0 -2.35619 0 0 -0.13005
0.562246 -0.329461 0.099999 3.14159 0 -2.35619 0 0 -0.128873
0.562276 -0.329536 0.099999 3.14159 0 -2.35619 0 0 -0.127696
0.562307 -0.329611 0.099999 3.14159 0 -2.35619 0 0 -0.126518
0.562338 -0.329685 0.099999 3.14159 0 -2.35619 0 0 -0.125341
0.562368 -0.32976 0.099999 3.14159 0 -2.35619 0 0 -0.124164
0.562399 -0.329835 0.099999 3.14159 0 -2.35619 0 0 -0.122986
0.562429 -0.32991 0.099999 3.14159 0 -2.35619 0 0 -0.121809
0.56246 -0.329985 0.099999 3.14159 0 -2.35619 0 0 -0.120632
0.56249 -0.33006 0.099999 3.14159 0 -2.35619 0 0 -0.119454
0.562521 -0.330135 0.099999 3.14159 0 -2.35619 0 0 -0.118277
0.562551 -0.330209 0.099999 3.14159 0 -2.35619 0 0 -0.1171
0.562582 -0.330284 0.099999 3.14159 0 -2.35619 0 0 -0.115922
0.562612 -0.330359 0.099999 3.14159 0 -2.35619 0 0 -0.114745
0.562643 -0.330434 0.099999 3.14159 0 -2.35619 0 0 -0.113568
0.562671 -0.330507 0.099999 3.14159 0 -2.35619 0 0 -0.112531
0.562699 -0.330579 0.099999 3.14159 0 -2.35619 0 0 -0.111549
0.562727 -0.330651 0.099999 3.14159 0 -2.35619 0 0 -0.110567
0.562755 -0.330723 0.099999 3.14159 0 -2.35619 0 0 -0.109585
0.562783 -0.330795 0.099999 3.14159 0 -2.35619 0 0 -0.108603
0.562811 -0.330867 0.099999 3.14159 0 -2.35619 0 0 -0.10762
0.562839 -0.330939 0.099999 3.14159 0 -2.35619 0 0 -0.106638
0.562866 -0.331011 0.099999 3.14159 0 -2.35619 0 0 -0.105656
0.562894 -0.331083 0.099999 3.14159 0 -2.35619 0 0 -0.104674
0.562922 -0.331154 0.099999 3.14159 0 -2.35619 0 0 -0.103692
0.56295 -0.331226 0.099999 3.14159 0 -2.35619 0 0 -0.10271
0.562978 -0.331298 0.099999 3.14159 0 -2.35619 0 0 -0.101727
0.563006 -0.33137 0.099999 3.14159 0 -2.35619 0 0 -0.100745
0.563034 -0.331442 0.099999 3.14159 0 -2.35619 0 0 -0.099763
0.563062 -0.331514 0.099999 3.14159 0 -2.35619 0 0 -0.098781
0.563089 -0.331586 0.099999 3.14159 0 -2.35619 0 0 -0.097799
0.563117 -0.331658 0.099999 3.14159 0 -2.35619 0 0 -0.096816
0.563145 -0.33173 0.099999 3.14159 0 -2.35619 0 0 -0.095834
0.563173 -0.331802 0.099999 3.14159 0 -2.35619 0 0 -0.094852
0.563201 -0.331874 0.099999 3.14159 0 -2.35619 0 0 -0.09387
0.563229 -0.331946 0.099999 3.14159 0 -2.35619 0 0 -0.092888
0.563257 -0.332018 0.099999 3.14159 0 -2.35619 0 0 -0.091905
0.563283 -0.332087 0.099999 3.14159 0 -2.35619 0 0 -0.090683
0.563308 -0.332155 0.099999 3.14159 0 -2.35619 0 0 -0.089317
0.563333 -0.332223 0.099999 3.14159 0 -2.35619 0 0 -0.087951
0.563358 -0.33229 0.099999 3.14159 0 -2.35619 0 0 -0.086586
0.563383 -0.332358 0.099999 3.14159 0 -2.35619 0 0 -0.08522
0.563408 -0.332426 0.099999 3.14159 0 -2.35619 0 0 -0.083854
0.563433 -0.332493 0.099999 3.14159 0 -2.35619 0 0 -0.082488
0.563459 -0.332561 0.099999 3.14159 0 -2.35619 0 0 -0.081122
0.563484 -0.332629 0.099999 3.14159 0 -2.35619 0 0 -0.079756
0.563509 -0.332696 0.099999 3.14159 0 -2.35619 0 0 -0.07839
0.563534 -0.332764 0.099999 3.14159 0 -2.35619 0 0 -0.077024
0.563559 -0.332832 0.099999 3.14159 0 -2.35619 0 0 -0.075658
0.563584 -0.332899 0.099999 3.14159 0 -2.35619 0 0 -0.074292
0.563609 -0.332967 0.099999 3.14159 0 -2.35619 0 0 -0.072926
0.563634 -0.333035 0.099999 3.14159 0 -2.35619 0 0 -0.071561
0.563659 -0.333102 0.099999 3.14159 0 -2.35619 0 0 -0.070195
0.563684 -0.33317 0.099999 3.14159 0 -2.35619 0 0 -0.068832
0.563707 -0.333233 0.099999 3.14159 0 -2.35619 0 0 -0.067538
0.56373 -0.333296 0.099999 3.14159 0 -2.35619 0 0 -0.066244
0.563752 -0.333359 0.099999 3.14159 0 -2.35619 0 0 -0.06495
0.563775 -0.333423 0.099999 3.14159 0 -2.35619 0 0 -0.063656
0.563798 -0.333486 0.099999 3.14159 0 -2.35619 0 0 -0.062362
0.56382 -0.333549 0.099999 3.14159 0 -2.35619 0 0 -0.061068
0.563843 -0.333612 0.099999 3.14159 0 -2.35619 0 0 -0.059774
0.563866 -0.333675 0.099999 3.14159 0 -2.35619 0 0 -0.05848
0.563888 -0.333739 0.099999 3.14159 0 -2.35619 0 0 -0.057186
0.563911 -0.333802 0.099999 3.14159 0 -2.35619 0 0 -0.055892
0.563934 -0.333865 0.099999 3.14159 0 -2.35619 0 0 -0.054598
0.563956 -0.333928 0.099999 3.14159 0 -2.35619 0 0 -0.053304
0.563979 -0.333992 0.099999 3.14159 0 -2.35619 0 0 -0.05201
0.564002 -0.334055 0.099999 3.14159 0 -2.35619 0 0 -0.050716
0.564024 -0.334118 0.099999 3.14159 0 -2.35619 0 0 -0.049422
0.564047 -0.334181 0.099999 3.14159 0 -2.35619 0 0 -0.048128
0.564069 -0.334242 0.099999 3.14159 0 -2.35619 0 0 -0.046633
0.564089 -0.334301 0.099999 3.14159 0 -2.35619 0 0 -0.04492
0.56411 -0.33436 0.099999 3.14159 0 -2.35619 0 0 -0.043208
0.56413 -0.334418 0.099999 3.14159 0 -2.35619 0 0 -0.041495
0.564151 -0.334477 0.099999 3.14159 0 -2.35619 0 0 -0.039782
0.564171 -0.334536 0.099999 3.14159 0 -2.35619 0 0 -0.03807
0.564192 -0.334594 0.099999 3.14159 0 -2.35619 0 0 -0.036357
0.564212 -0.334653 0.099999 3.14159 0 -2.35619 0 0 -0.034644
0.564233 -0.334712 0.099999 3.14159 0 -2.35619 0 0 -0.032932
0.564253 -0.33477 0.099999 3.14159 0 -2.35619 0 0 -0.031219
0.564274 -0.334829 0.099999 3.14159 0 -2.35619 0 0 -0.029507
0.564294 -0.334888 0.099999 3.14159 0 -2.35619 0 0 -0.027794
0.564315 -0.334946 0.099999 3.14159 0 -2.35619 0 0 -0.026081
0.564336 -0.335005 0.099999 3.14159 0 -2.35619 0 0 -0.024369
0.564356 -0.335064 0.099999 3.14159 0 -2.35619 0 0 -0.022656
0.564377 -0.335122 0.099999 3.14159 0 -2.35619 0 0 -0.020943
0.564397 -0.335181 0.099999 3.14159 0 -2.35619 0 0 -0.019231
0.564418 -0.33524 0.099999 3.14159 0 -2.35619 0 0 -0.017518
0.564438 -0.335299 0.099999 3.14159 0 -2.35619 0 0 -0.015805
0.564459 -0.335357 0.099999 3.14159 0 -2.35619 0 0 -0.014093
0.564479 -0.335416 0.099999 3.14159 0 -2.35619 0 0 -0.01238
0.5645 -0.335475 0.099999 3.14159 0 -2.35619 0 0 -0.010667
0.56452 -0.335531 0.099999 3.14159 0 -2.35619 0 0 -0.008911
0.564539 -0.335582 0.099999 3.14159 0 -2.35619 0 0 -0.007085
0.564559 -0.335634 0.099999 3.14159 0 -2.35619 0 0 -0.005259
0.564578 -0.335686 0.099999 3.14159 0 -2.35619 0 0 -0.003433
0.564598 -0.335738 0.099999 3.14159 0 -2.35619 0 0 -0.001607
0.564618 -0.33579 0.099999 3.14159 0 -2.35619 0 0 0.000219
0.564637 -0.335842 0.099999 3.14159 0 -2.35619 0 0 0.002045
0.564657 -0.335893 0.099999 3.14159 0 -2.35619 0 0 0.003871
0.564676 -0.335945 0.099999 3.14159 0 -2.35619 0 0 0.005697
0.564696 -0.335997 0.099999 3.14159 0 -2.35619 0 0 0.007523
0.564715 -0.336049 0.099999 3.14159 0 -2.35619 0 0 0.009349
0.564735 -0.336101 0.099999 3.14159 0 -2.35619 0 0 0.011175
0.564754 -0.336152 0.099999 3.14159 0 -2.35619 0 0 0.013001
0.564774 -0.336204 0.099999 3.14159 0 -2.35619 0 0 0.014827
0.564793 -0.336256 0.099999 3.14159 0 -2.35619 0 0 0.016653
0.564813 -0.336308 0.099999 3.14159 0 -2.35619 0 0 0.018479
0.564832 -0.33636 0.099999 3.14159 0 -2.35619 0 0 0.020305
0.56485 -0.336406 0.099999 3.14159 0 -2.35619 0 0 0.022266
0.564867 -0.336451 0.099999 3.14159 0 -2.35619 0 0 0.02426
0.564884 -0.336497 0.099999 3.14159 0 -2.35619 0 0 0.026253
0.564902 -0.336542 0.099999 3.14159 0 -2.35619 0 0 0.028247
0.564919 -0.336587 0.099999 3.14159 0 -2.35619 0 0 0.03024
0.564936 -0.336632 0.099999 3.14159 0 -2.35619 0 0 0.032234
0.564953 -0.336677 0.099999 3.14159 0 -2.35619 0 0 0.034227
0.564971 -0.336723 0.099999 3.14159 0 -2.35619 0 0 0.03622
0.564988 -0.336768 0.099999 3.14159 0 -2.35619 0 0 0.038214
0.565005 -0.336813 0.099999 3.14159 0 -2.35619 0 0 0.040207
0.565022 -0.336858 0.099999 3.14159 0 -2.35619 0 0 0.042201
0.56504 -0.336904 0.099999 3.14159 0 -2.35619 0 0 0.044194
0.565057 -0.336949 0.099999 3.14159 0 -2.35619 0 0 0.046188
0.565074 -0.336994 0.099999 3.14159 0 -2.35619 0 0 0.048181
0.565091 -0.337039 0.099999 3.14159 0 -2.35619 0 0 0.050175
0.565109 -0.337084 0.099999 3.14159 0 -2.35619 0 0 0.052168
0.565126 -0.337128 0.099999 3.14159 0 -2.35619 0 0 0.054223
0.565142 -0.337168 0.099999 3.14159 0 -2.35619 0 0 0.056477
0.565158 -0.337208 0.099999 3.14159 0 -2.35619 0 0 0.058731
0.565174 -0.337248 0.099999 3.14159 0 -2.35619 0 0 0.060986
0.565191 -0.337288 0.099999 3.14159 0 -2.35619 0 0 0.06324
0.565207 -0.337328 0.099999 3.14159 0 -2.35619 0 0 0.065494
0.565223 -0.337368 0.099999 3.14159 0 -2.35619 0 0 0.067748
0.565239 -0.337408 0.099999 3.14159 0 -2.35619 0 0 0.070002
0.565256 -0.337448 0.099999 3.14159 0 -2.35619 0 0 0.072256
0.565272 -0.337488 0.099999 3.14159 0 -2.35619 0 0 0.07451
0.565288 -0.337529 0.099999 3.14159 0 -2.35619 0 0 0.076764
0.565304 -0.337569 0.099999 3.14159 0 -2.35619 0 0 0.079019
0.56532 -0.337609 0.099999 3.14159 0 -2.35619 0 0 0.081273
0.565337 -0.337649 0.099999 3.14159 0 -2.35619 0 0 0.083527
0.565353 -0.337689 0.099999 3.14159 0 -2.35619 0 0 0.085781
0.565369 -0.337729 0.099999 3.14159 0 -2.35619 0 0 0.088035
0.565385 -0.337769 0.099999 3.14159 0 -2.35619 0 0 0.090289
0.565402 -0.337809 0.099999 3.14159 0 -2.35619 0 0 0.092543
0.565418 -0.337849 0.099999 3.14159 0 -2.35619 0 0 0.094797
0.565434 -0.337889 0.099999 3.14159 0 -2.35619 0 0 0.097052
0.56545 -0.337929 0.099999 3.14159 0 -2.35619 0 0 0.099306
0.565466 -0.337969 0.099999 3.14159 0 -2.35619 0 0 0.10156
0.565483 -0.338008 0.099999 3.14159 0 -2.35619 0 0 0.10378
0.565498 -0.338042 0.099999 3.14159 0 -2.35619 0 0 0.105788
0.565514 -0.338077 0.099999 3.14159 0 -2.35619 0 0 0.107796
0.56553 -0.338111 0.099999 3.14159 0 -2.35619 0 0 0.109804
0.565546 -0.338146 0.099999 3.14159 0 -2.35619 0 0 0.111812
0.565561 -0.33818 0.099999 3.14159 0 -2.35619 0 0 0.11382
0.565577 -0.338215 0.099999 3.14159 0 -2.35619 0 0 0.115828
0.565593 -0.338249 0.099999 3.14159 0 -2.35619 0 0 0.117836
0.565609 -0.338284 0.099999 3.14159 0 -2.35619 0 0 0.119844
0.565624 -0.338318 0.099999 3.14159 0 -2.35619 0 0 0.121852
0.56564 -0.338353 0.099999 3.14159 0 -2.35619 0 0 0.12386
0.565656 -0.338387 0.099999 3.14159 0 -2.35619 0 0 0.125868
0.565672 -0.338422 0.099999 3.14159 0 -2.35619 0 0 0.127876
0.565687 -0.338456 0.099999 3.14159 0 -2.35619 0 0 0.129884
0.565703 -0.338491 0.099999 3.14159 0 -2.35619 0 0 0.131892
0.565719 -0.338525 0.099999 3.14159 0 -2.35619 0 0 0.1339
0.565735 -0.33856 0.099999 3.14159 0 -2.35619 0 0 0.135908
0.565749 -0.33859 0.099999 3.14159 0 -2.35619 0 0 0.137734
0.565763 -0.338617 0.099999 3.14159 0 -2.35619 0 0 0.139419
0.565777 -0.338644 0.099999 3.14159 0 -2.35619 0 0 0.141105
0.565791 -0.338671 0.099999 3.14159 0 -2.35619 0 0 0.14279
0.565805 -0.338698 0.099999 3.14159 0 -2.35619 0 0 0.144475
0.565819 -0.338725 0.099999 3.14159 0 -2.35619 0 0 0.146161
0.565833 -0.338752 0.099999 3.14159 0 -2.35619 0 0 0.147846
0.565847 -0.338779 0.099999 3.14159 0 -2.35619 0 0 0.149532
0.565862 -0.338806 0.099999 3.14159 0 -2.35619 0 0 0.151217
0.565876 -0.338833 0.099999 3.14159 0 -2.35619 0 0 0.152903
0.56589 -0.33886 0.099999 3.14159 0 -2.35619 0 0 0.154588
0.565904 -0.338887 0.099999 3.14159 0 -2.35619 0 0 0.156274
0.565918 -0.338914 0.099999 3.14159 0 -2.35619 0 0 0.157959
0.565932 -0.33894 0.099999 3.14159 0 -2.35619 0 0 0.159644
0.565946 -0.338967 0.099999 3.14159 0 -2.35619 0 0 0.16133
0.56596 -0.338994 0.099999 3.14159 0 -2.35619 0 0 0.163015
0.565974 -0.339021 0.099999 3.14159 0 -2.35619 0 0 0.164701
0.565987 -0.339043 0.099999 3.14159 0 -2.35619 0 0 0.165649
0.566001 -0.339064 0.099999 3.14159 0 -2.35619 0 0 0.166593
0.566014 -0.339086 0.099999 3.14159 0 -2.35619 0 0 0.167536
0.566028 -0.339107 0.099999 3.14159 0 -2.35619 0 0 0.16848
0.566041 -0.339129 0.099999 3.14159 0 -2.35619 0 0 0.169423
0.566055 -0.339151 0.099999 3.14159 0 -2.35619 0 0 0.170367
0.566068 -0.339172 0.099999 3.14159 0 -2.35619 0 0 0.17131
0.566082 -0.339194 0.099999 3.14159 0 -2.35619 0 0 0.172254
0.566096 -0.339215 0.099999 3.14159 0 -2.35619 0 0 0.173197
0.566109 -0.339237 0.099999 3.14159 0 -2.35619 0 0 0.174141
0.566123 -0.339258 0.099999 3.14159 0 -2.35619 0 0 0.175084
0.566136 -0.33928 0.099999 3.14159 0 -2.35619 0 0 0.176028
0.56615 -0.339301 0.099999 3.14159 0 -2.35619 0 0 0.176971
0.566163 -0.339323 0.099999 3.14159 0 -2.35619 0 0 0.177915
0.566177 -0.339344 0.099999 3.14159 0 -2.35619 0 0 0.178858
0.56619 -0.339366 0.099999 3.14159 0 -2.35619 0 0 0.179802
0.566204 -0.339387 0.099999 3.14159 0 -2.35619 0 0 0.180745
0.566217 -0.339409 0.099999 3.14159 0 -2.35619 0 0 0.181689
0.566231 -0.33943 0.099999 3.14159 0 -2.35619 0 0 0.182632
0.566245 -0.339452 0.099999 3.14159 0 -2.35619 0 0 0.183576
0.566258 -0.339474 0.099999 3.14159 0 -2.35619 0 0 0.184519
0.566272 -0.339495 0.099999 3.14159 0 -2.35619 0 0 0.185463
0.566286 -0.339513 0.099999 3.14159 0 -2.35619 0 0 0.186017
0.5663 -0.33953 0.099999 3.14159 0 -2.35619 0 0 0.186525
0.566314 -0.339547 0.099999 3.14159 0 -2.35619 0 0 0.187034
0.566328 -0.339565 0.099999 3.14159 0 -2.35619 0 0 0.187543
0.566342 -0.339582 0.099999 3.14159 0 -2.35619 0 0 0.188051
0.566356 -0.339599 0.099999 3.14159 0 -2.35619 0 0 0.18856
0.56637 -0.339616 0.099999 3.14159 0 -2.35619 0 0 0.189069
0.566384 -0.339634 0.099999 3.14159 0 -2.35619 0 0 0.189578
0.566398 -0.339651 0.099999 3.14159 0 -2.35619 0 0 0.190086
0.566412 -0.339668 0.099999 3.14159 0 -2.35619 0 0 0.190595
0.566426 -0.339686 0.099999 3.14159 0 -2.35619 0 0 0.191104
0.56644 -0.339703 0.099999 3.14159 0 -2.35619 0 0 0.191612
0.566454 -0.33972 0.099999 3.14159 0 -2.35619 0 0 0.192121
0.566468 -0.339737 0.099999 3.14159 0 -2.35619 0 0 0.19263
0.566482 -0.339755 0.099999 3.14159 0 -2.35619 0 0 0.193138
0.566496 -0.339772 0.099999 3.14159 0 -2.35619 0 0 0.193647
0.566509 -0.339787 0.099999 3.14159 0 -2.35619 0 0 0.194239
0.566521 -0.339799 0.099999 3.14159 0 -2.35619 0 0 0.195003
0.566534 -0.33981 0.099999 3.14159 0 -2.35619 0 0 0.195768
0.566546 -0.339821 0.099999 3.14159 0 -2.35619 0 0 0.196533
0.566558 -0.339832 0.099999 3.14159 0 -2.35619 0 0 0.197298
0.56657 -0.339844 0.099999 3.14159 0 -2.35619 0 0 0.198063
0.566582 -0.339855 0.099999 3.14159 0 -2.35619 0 0 0.198828
0.566594 -0.339866 0.099999 3.14159 0 -2.35619 0 0 0.199593
0.566606 -0.339877 0.099999 3.14159 0 -2.35619 0 0 0.200358
0.566619 -0.339889 0.099999 3.14159 0 -2.35619 0 0 0.201123
0.566631 -0.3399 0.099999 3.14159 0 -2.35619 0 0 0.201887
0.566643 -0.339911 0.099999 3.14159 0 -2.35619 0 0 0.202652
0.566655 -0.339922 0.099999 3.14159 0 -2.35619 0 0 0.203417
0.566667 -0.339934 0.099999 3.14159 0 -2.35619 0 0 0.204182
0.566679 -0.339945 0.099999 3.14159 0 -2.35619 0 0 0.204947
0.566691 -0.339956 0.099999 3.14159 0 -2.35619 0 0 0.205712
0.566703 -0.339967 0.099999 3.14159 0 -2.35619 0 0 0.206477
0.566713 -0.339975 0.099999 3.14159 0 -2.35619 0 0 0.207556
0.566722 -0.339982 0.099999 3.14159 0 -2.35619 0 0 0.208741
0.566731 -0.339988 0.099999 3.14159 0 -2.35619 0 0 0.209925
0.56674 -0.339994 0.099999 3.14159 0 -2.35619 0 0 0.21111
0.566749 -0.340001 0.099999 3.14159 0 -2.35619 0 0 0.212294
0.566758 -0.340007 0.099999 3.14159 0 -2.35619 0 0 0.213479
0.566767 -0.340014 0.099999 3.14159 0 -2.35619 0 0 0.214663
0.566776 -0.34002 0.099999 3.14159 0 -2.35619 0 0 0.215848
0.566785 -0.340027 0.099999 3.14159 0 -2.35619 0 0 0.217032
0.566794 -0.340033 0.099999 3.14159 0 -2.35619 0 0 0.218216
0.566803 -0.34004 0.099999 3.14159 0 -2.35619 0 0 0.219401
0.566812 -0.340046 0.099999 3.14159 0 -2.35619 0 0 0.220585
0.566821 -0.340053 0.099999 3.14159 0 -2.35619 0 0 0.22177
0.56683 -0.340059 0.099999 3.14159 0 -2.35619 0 0 0.222954
0.566839 -0.340065 0.099999 3.14159 0 -2.35619 0 0 0.224139
0.566848 -0.340072 0.099999 3.14159 0 -2.35619 0 0 0.225323
0.566857 -0.340078 0.099999 3.14159 0 -2.35619 0 0 0.226508
0.566866 -0.340085 0.099999 3.14159 0 -2.35619 0 0 0.227692
0.566875 -0.340091 0.099999 3.14159 0 -2.35619 0 0 0.228877
0.566884 -0.340098 0.099999 3.14159 0 -2.35619 0 0 0.230061
0.566893 -0.340104 0.099999 3.14159 0 -2.35619 0 0 0.231246
0.566902 -0.340111 0.099999 3.14159 0 -2.35619 0 0 0.23243
0.56691 -0.340115 0.099999 3.14159 0 -2.35619 0 0 0.233302
0.566917 -0.340118 0.099999 3.14159 0 -2.35619 0 0 0.234008
0.566923 -0.340121 0.099999 3.14159 0 -2.35619 0 0 0.234713
0.56693 -0.340124 0.099999 3.14159 0 -2.35619 0 0 0.235419
0.566937 -0.340128 0.099999 3.14159 0 -2.35619 0 0 0.236125
0.566944 -0.340131 0.099999 3.14159 0 -2.35619 0 0 0.236831
0.566951 -0.340134 0.099999 3.14159 0 -2.35619 0 0 0.237536
0.566957 -0.340137 0.099999 3.14159 0 -2.35619 0 0 0.238242
0.566964 -0.34014 0.099999 3.14159 0 -2.35619 0 0 0.238948
0.566971 -0.340144 0.099999 3.14159 0 -2.35619 0 0 0.239654
0.566978 -0.340147 0.099999 3.14159 0 -2.35619 0 0 0.240359
0.566985 -0.34015 0.099999 3.14159 0 -2.35619 0 0 0.241065
0.566992 -0.340153 0.099999 3.14159 0 -2.35619 0 0 0.241771
0.566998 -0.340156 0.099999 3.14159 0 -2.35619 0 0 0.242476
0.567005 -0.340159 0.099999 3.14159 0 -2.35619 0 0 0.243182
0.567012 -0.340163 0.099999 3.14159 0 -2.35619 0 0 0.243888
0.567019 -0.340166 0.099999 3.14159 0 -2.35619 0 0 0.244577
0.567024 -0.340167 0.099999 3.14159 0 -2.35619 0 0 0.245078
0.56703 -0.340168 0.099999 3.14159 0 -2.35619 0 0 0.24558
0.567036 -0.340169 0.099999 3.14159 0 -2.35619 0 0 0.246081
0.567041 -0.340171 0.099999 3.14159 0 -2.35619 0 0 0.246582
0.567047 -0.340172 0.099999 3.14159 0 -2.35619 0 0 0.247083
0.567053 -0.340173 0.099999 3.14159 0 -2.35619 0 0 0.247584
0.567058 -0.340175 0.099999 3.14159 0 -2.35619 0 0 0.248085
0.567064 -0.340176 0.099999 3.14159 0 -2.35619 0 0 0.248586
0.56707 -0.340177 0.099999 3.14159 0 -2.35619 0 0 0.249087
0.567075 -0.340178 0.099999 3.14159 0 -2.35619 0 0 0.249588
0.567081 -0.34018 0.099999 3.14159 0 -2.35619 0 0 0.250089
0.567086 -0.340181 0.099999 3.14159 0 -2.35619 0 0 0.250591
0.567092 -0.340182 0.099999 3.14159 0 -2.35619 0 0 0.251092
0.567098 -0.340184 0.099999 3.14159 0 -2.35619 0 0 0.251593
0.567103 -0.340185 0.099999 3.14159 0 -2.35619 0 0 0.252094
0.567109 -0.340186 0.099999 3.14159 0 -2.35619 0 0 0.252595
0.567114 -0.340186 0.099999 3.14159 0 -2.35619 0 0 0.253042
0.567119 -0.340186 0.099999 3.14159 0 -2.35619 0 0 0.253435
0.567124 -0.340185 0.099999 3.14159 0 -2.35619 0 0 0.253829
0.567128 -0.340184 0.099999 3.14159 0 -2.35619 0 0 0.254223
0.567133 -0.340183 0.099999 3.14159 0 -2.35619 0 0 0.254617
0.567138 -0.340183 0.099999 3.14159 0 -2.35619 0 0 0.25501
0.567143 -0.340182 0.099999 3.14159 0 -2.35619 0 0 0.255404
0.567148 -0.340181 0.099999 3.14159 0 -2.35619 0 0 0.255798
0.567152 -0.34018 0.099999 3.14159 0 -2.35619 0 0 0.256192
0.567157 -0.34018 0.099999 3.14159 0 -2.35619 0 0 0.256585
0.567162 -0.340179 0.099999 3.14159 0 -2.35619 0 0 0.256979
0.567167 -0.340178 0.099999 3.14159 0 -2.35619 0 0 0.257373
0.567172 -0.340177 0.099999 3.14159 0 -2.35619 0 0 0.257767
0.567176 -0.340177 0.099999 3.14159 0 -2.35619 0 0 0.25816
0.567181 -0.340176 0.099999 3.14159 0 -2.35619 0 0 0.258554
0.567186 -0.340175 0.099999 3.14159 0 -2.35619 0 0 0.258948
0.567191 -0.340174 0.099999 3.14159 0 -2.35619 0 0 0.259342
0.567195 -0.340174 0.099999 3.14159 0 -2.35619 0 0 0.259736
0.5672 -0.340173 0.099999 3.14159 0 -2.35619 0 0 0.260129
0.567205 -0.340172 0.099999 3.14159 0 -2.35619 0 0 0.260523
0.56721 -0.340171 0.099999 3.14159 0 -2.35619 0 0 0.260917
0.567215 -0.340171 0.099999 3.14159 0 -2.35619 0 0 0.261311
0.567219 -0.340169 0.099999 3.14159 0 -2.35619 0 0 0.261566
0.567224 -0.340167 0.099999 3.14159 0 -2.35619 0 0 0.261621
0.567228 -0.340164 0.099999 3.14159 0 -2.35619 0 0 0.261676
0.567233 -0.340161 0.099999 3.14159 0 -2.35619 0 0 0.261732
0.567237 -0.340159 0.099999 3.14159 0 -2.35619 0 0 0.261787
0.567242 -0.340156 0.099999 3.14159 0 -2.35619 0 0 0.261843
0.567246 -0.340153 0.099999 3.14159 0 -2.35619 0 0 0.261898
0.567251 -0.340151 0.099999 3.14159 0 -2.35619 0 0 0.261953
0.567256 -0.340148 0.099999 3.14159 0 -2.35619 0 0 0.262009
0.56726 -0.340146 0.099999 3.14159 0 -2.35619 0 0 0.262064
0.567265 -0.340143 0.099999 3.14159 0 -2.35619 0 0 0.26212
0.567269 -0.34014 0.099999 3.14159 0 -2.35619 0 0 0.262175
0.567274 -0.340138 0.099999 3.14159 0 -2.35619 0 0 0.26223
0.567278 -0.340135 0.099999 3.14159 0 -2.35619 0 0 0.262286
0.567283 -0.340132 0.099999 3.14159 0 -2.35619 0 0 0.262341
0.567287 -0.34013 0.099999 3.14159 0 -2.35619 0 0 0.262397
0.567292 -0.340127 0.099999 3.14159 0 -2.35619 0 0 0.262452
0.567296 -0.340125 0.099999 3.14159 0 -2.35619 0 0 0.262545
0.5673 -0.340122 0.099999 3.14159 0 -2.35619 0 0 0.262646
0.567304 -0.34012 0.099999 3.14159 0 -2.35619 0 0 0.262746
0.567308 -0.340117 0.099999 3.14159 0 -2.35619 0 0 0.262847
0.567312 -0.340115 0.099999 3.14159 0 -2.35619 0 0 0.262947
0.567316 -0.340113 0.099999 3.14159 0 -2.35619 0 0 0.263048
0.56732 -0.34011 0.099999 3.14159 0 -2.35619 0 0 0.263149
0.567324 -0.340108 0.099999 3.14159 0 -2.35619 0 0 0.263249
0.567328 -0.340105 0.099999 3.14159 0 -2.35619 0 0 0.26335
0.567332 -0.340103 0.099999 3.14159 0 -2.35619 0 0 0.26345
0.567336 -0.3401 0.099999 3.14159 0 -2.35619 0 0 0.263551
0.56734 -0.340098 0.099999 3.14159 0 -2.35619 0 0 0.263651
0.567344 -0.340096 0.099999 3.14159 0 -2.35619 0 0 0.263752
0.567348 -0.340093 0.099999 3.14159 0 -2.35619 0 0 0.263852
0.567352 -0.340091 0.099999 3.14159 0 -2.35619 0 0 0.263953
0.567355 -0.340088 0.099999 3.14159 0 -2.35619 0 0 0.264054
0.56736 -0.340086 0.099999 3.14159 0 -2.35619 0 0 0.264184
0.567364 -0.340084 0.099999 3.14159 0 -2.35619 0 0 0.264398
0.567368 -0.340082 0.099999 3.14159 0 -2.35619 0 0 0.264611
0.567372 -0.34008 0.099999 3.14159 0 -2.35619 0 0 0.264825
0.567376 -0.340079 0.099999 3.14159 0 -2.35619 0 0 0.265039
0.567381 -0.340077 0.099999 3.14159 0 -2.35619 0 0 0.265252
0.567385 -0.340075 0.099999 3.14159 0 -2.35619 0 0 0.265466
0.567389 -0.340073 0.099999 3.14159 0 -2.35619 0 0 0.26568
0.567393 -0.340071 0.099999 3.14159 0 -2.35619 0 0 0.265894
0.567398 -0.340069 0.099999 3.14159 0 -2.35619 0 0 0.266107
0.567402 -0.340067 0.099999 3.14159 0 -2.35619 0 0 0.266321
0.567406 -0.340065 0.099999 3.14159 0 -2.35619 0 0 0.266535
0.56741 -0.340064 0.099999 3.14159 0 -2.35619 0 0 0.266748
0.567415 -0.340062 0.099999 3.14159 0 -2.35619 0 0 0.266962
0.567419 -0.34006 0.099999 3.14159 0 -2.35619 0 0 0.267176
0.567423 -0.340058 0.099999 3.14159 0 -2.35619 0 0 0.267389
0.567427 -0.340056 0.099999 3.14159 0 -2.35619 0 0 0.267603
0.567432 -0.340054 0.099999 3.14159 0 -2.35619 0 0 0.267817
0.567436 -0.340052 0.099999 3.14159 0 -2.35619 0 0 0.26803
0.56744 -0.34005 0.099999 3.14159 0 -2.35619 0 0 0.268244
0.567444 -0.340049 0.099999 3.14159 0 -2.35619 0 0 0.268458
0.567449 -0.340047 0.099999 3.14159 0 -2.35619 0 0 0.268672
0.567453 -0.340045 0.099999 3.14159 0 -2.35619 0 0 0.268886
0.567456 -0.340045 0.099999 3.14159 0 -2.35619 0 0 0.269102
0.567459 -0.340044 0.099999 3.14159 0 -2.35619 0 0 0.269318
0.567462 -0.340044 0.099999 3.14159 0 -2.35619 0 0 0.269534
0.567465 -0.340044 0.099999 3.14159 0 -2.35619 0 0 0.26975
0.567467 -0.340043 0.099999 3.14159 0 -2.35619 0 0 0.269966
0.56747 -0.340043 0.099999 3.14159 0 -2.35619 0 0 0.270182
0.567473 -0.340043 0.099999 3.14159 0 -2.35619 0 0 0.270398
0.567476 -0.340042 0.099999 3.14159 0 -2.35619 0 0 0.270614
0.567479 -0.340042 0.099999 3.14159 0 -2.35619 0 0 0.270831
0.567482 -0.340042 0.099999 3.14159 0 -2.35619 0 0 0.271047
0.567485 -0.340042 0.099999 3.14159 0 -2.35619 0 0 0.271263
0.567488 -0.340041 0.099999 3.14159 0 -2.35619 0 0 0.271479
0.567491 -0.340041 0.099999 3.14159 0 -2.35619 0 0 0.271695
0.567494 -0.340041 0.099999 3.14159 0 -2.35619 0 0 0.271911
0.567497 -0.34004 0.099999 3.14159 0 -2.35619 0 0 0.272127
0.5675 -0.34004 0.099999 3.14159 0 -2.35619 0 0 0.272343
0.567502 -0.34004 0.099999 3.14159 0 -2.35619 0 0 0.272515
0.567503 -0.340042 0.099999 3.14159 0 -2.35619 0 0 0.272657
0.567504 -0.340043 0.099999 3.14159 0 -2.35619 0 0 0.272799
0.567505 -0.340044 0.099999 3.14159 0 -2.35619 0 0 0.27294
0.567506 -0.340045 0.099999 3.14159 0 -2.35619 0 0 0.273082
0.567507 -0.340046 0.099999 3.14159 0 -2.35619 0 0 0.273224
0.567508 -0.340047 0.099999 3.14159 0 -2.35619 0 0 0.273365
0.567508 -0.340049 0.099999 3.14159 0 -2.35619 0 0 0.273507
0.567509 -0.34005 0.099999 3.14159 0 -2.35619 0 0 0.273649
0.56751 -0.340051 0.099999 3.14159 0 -2.35619 0 0 0.273791
0.567511 -0.340052 0.099999 3.14159 0 -2.35619 0 0 0.273932
0.567512 -0.340053 0.099999 3.14159 0 -2.35619 0 0 0.274074
0.567513 -0.340054 0.099999 3.14159 0 -2.35619 0 0 0.274216
0.567514 -0.340055 0.099999 3.14159 0 -2.35619 0 0 0.274357
0.567515 -0.340057 0.099999 3.14159 0 -2.35619 0 0 0.274499
0.567516 -0.340058 0.099999 3.14159 0 -2.35619 0 0 0.274641
0.567517 -0.340059 0.099999 3.14159 0 -2.35619 0 0 0.274775
0.567515 -0.34006 0.099999 3.14159 0 -2.35619 0 0 0.274588
0.567514 -0.340061 0.099999 3.14159 0 -2.35619 0 0 0.2744
0.567512 -0.340063 0.099999 3.14159 0 -2.35619 0 0 0.274212
0.567511 -0.340064 0.099999 3.14159 0 -2.35619 0 0 0.274024
0.567509 -0.340065 0.099999 3.14159 0 -2.35619 0 0 0.273836
0.567508 -0.340066 0.099999 3.14159 0 -2.35619 0 0 0.273648
0.567506 -0.340068 0.099999 3.14159 0 -2.35619 0 0 0.27346
0.567505 -0.340069 0.099999 3.14159 0 -2.35619 0 0 0.273273
0.567503 -0.34007 0.099999 3.14159 0 -2.35619 0 0 0.273085
0.567501 -0.340071 0.099999 3.14159 0 -2.35619 0 0 0.272897
0.5675 -0.340073 0.099999 3.14159 0 -2.35619 0 0 0.272709
0.567498 -0.340074 0.099999 3.14159 0 -2.35619 0 0 0.272521
0.567497 -0.340075 0.099999 3.14159 0 -2.35619 0 0 0.272333
0.567495 -0.340076 0.099999 3.14159 0 -2.35619 0 0 0.272145
0.567494 -0.340078 0.099999 3.14159 0 -2.35619 0 0 0.271957
0.567492 -0.340079 0.099999 3.14159 0 -2.35619 0 0 0.27177
0.567491 -0.34008 0.099999 3.14159 0 -2.35619 0 0 0.271582
0.567489 -0.340081 0.099999 3.14159 0 -2.35619 0 0 0.271394
0.567487 -0.340083 0.099999 3.14159 0 -2.35619 0 0 0.271206
0.567486 -0.340084 0.099999 3.14159 0 -2.35619 0 0 0.271018
0.567484 -0.340085 0.099999 3.14159 0 -2.35619 0 0 0.27083
0.567483 -0.340086 0.099999 3.14159 0 -2.35619 0 0 0.270642
0.56748 -0.340088 0.099999 3.14159 0 -2.35619 0 0 0.269989
0.567478 -0.34009 0.099999 3.14159 0 -2.35619 0 0 0.269296
0.567475 -0.340093 0.099999 3.14159 0 -2.35619 0 0 0.268604
0.567473 -0.340095 0.099999 3.14159 0 -2.35619 0 0 0.267911
0.56747 -0.340097 0.099999 3.14159 0 -2.35619 0 0 0.267219
0.567467 -0.340099 0.099999 3.14159 0 -2.35619 0 0 0.266527
0.567465 -0.340101 0.099999 3.14159 0 -2.35619 0 0 0.265834
0.567462 -0.340103 0.099999 3.14159 0 -2.35619 0 0 0.265142
0.56746 -0.340106 0.099999 3.14159 0 -2.35619 0 0 0.264449
0.567457 -0.340108 0.099999 3.14159 0 -2.35619 0 0 0.263757
0.567455 -0.34011 0.099999 3.14159 0 -2.35619 0 0 0.263065
0.567452 -0.340112 0.099999 3.14159 0 -2.35619 0 0 0.262372
0.567449 -0.340114 0.099999 3.14159 0 -2.35619 0 0 0.26168
0.567447 -0.340116 0.099999 3.14159 0 -2.35619 0 0 0.260988
0.567444 -0.340119 0.099999 3.14159 0 -2.35619 0 0 0.260295
0.567442 -0.340121 0.099999 3.14159 0 -2.35619 0 0 0.259603
0.567439 -0.340123 0.099999 3.14159 0 -2.35619 0 0 0.258967
0.567435 -0.340126 0.099999 3.14159 0 -2.35619 0 0 0.258436
0.567432 -0.340129 0.099999 3.14159 0 -2.35619 0 0 0.257904
0.567429 -0.340132 0.099999 3.14159 0 -2.35619 0 0 0.257373
0.567425 -0.340135 0.099999 3.14159 0 -2.35619 0 0 0.256842
0.567422 -0.340138 0.099999 3.14159 0 -2.35619 0 0 0.25631
0.567418 -0.340141 0.099999 3.14159 0 -2.35619 0 0 0.255779
0.567415 -0.340144 0.099999 3.14159 0 -2.35619 0 0 0.255248
0.567412 -0.340147 0.099999 3.14159 0 -2.35619 0 0 0.254717
0.567408 -0.34015 0.099999 3.14159 0 -2.35619 0 0 0.254185
0.567405 -0.340153 0.099999 3.14159 0 -2.35619 0 0 0.253654
0.567401 -0.340156 0.099999 3.14159 0 -2.35619 0 0 0.253123
0.567398 -0.340159 0.099999 3.14159 0 -2.35619 0 0 0.252591
0.567394 -0.340162 0.099999 3.14159 0 -2.35619 0 0 0.25206
0.567391 -0.340165 0.099999 3.14159 0 -2.35619 0 0 0.251529
0.567388 -0.340168 0.099999 3.14159 0 -2.35619 0 0 0.250997
0.567384 -0.340171 0.099999 3.14159 0 -2.35619 0 0 0.250466
0.56738 -0.340174 0.099999 3.14159 0 -2.35619 0 0 0.250351
0.567375 -0.340177 0.099999 3.14159 0 -2.35619 0 0 0.250355
0.56737 -0.340181 0.099999 3.14159 0 -2.35619 0 0 0.250358
0.567365 -0.340184 0.099999 3.14159 0 -2.35619 0 0 0.250362
0.56736 -0.340187 0.099999 3.14159 0 -2.35619 0 0 0.250365
0.567355 -0.34019 0.099999 3.14159 0 -2.35619 0 0 0.250369
0.56735 -0.340193 0.099999 3.14159 0 -2.35619 0 0 0.250373
0.567345 -0.340196 0.099999 3.14159 0 -2.35619 0 0 0.250376
0.56734 -0.340199 0.099999 3.14159 0 -2.35619 0 0 0.25038
0.567335 -0.340202 0.099999 3.14159 0 -2.35619 0 0 0.250384
0.56733 -0.340205 0.099999 3.14159 0 -2.35619 0 0 0.250387
0.567326 -0.340208 0.099999 3.14159 0 -2.35619 0 0 0.250391
0.567321 -0.340212 0.099999 3.14159 0 -2.35619 0 0 0.250394
0.567316 -0.340215 0.099999 3.14159 0 -2.35619 0 0 0.250398
0.567311 -0.340218 0.099999 3.14159 0 -2.35619 0 0 0.250402
0.567306 -0.340221 0.099999 3.14159 0 -2.35619 0 0 0.250405
0.567301 -0.340224 0.099999 3.14159 0 -2.35619 0 0 0.250409
0.567296 -0.340227 0.099999 3.14159 0 -2.35619 0 0 0.250412
0.567291 -0.34023 0.099999 3.14159 0 -2.35619 0 0 0.250416
0.567286 -0.340233 0.099999 3.14159 0 -2.35619 0 0 0.25042
0.567281 -0.340236 0.099999 3.14159 0 -2.35619 0 0 0.250423
0.567276 -0.34024 0.099999 3.14159 0 -2.35619 0 0 0.250427
0.567271 -0.340243 0.099999 3.14159 0 -2.35619 0 0 0.250375
0.567265 -0.340246 0.099999 3.14159 0 -2.35619 0 0 0.250298
0.567259 -0.34025 0.099999 3.14159 0 -2.35619 0 0 0.25022
0.567253 -0.340253 0.099999 3.14159 0 -2.35619 0 0 0.250143
0.567247 -0.340257 0.099999 3.14159 0 -2.35619 0 0 0.250065
0.567241 -0.34026 0.099999 3.14159 0 -2.35619 0 0 0.249988
0.567235 -0.340264 0.099999 3.14159 0 -2.35619 0 0 0.249911
0.567229 -0.340267 0.099999 3.14159 0 -2.35619 0 0 0.249833
0.567223 -0.340271 0.099999 3.14159 0 -2.35619 0 0 0.249756
0.567217 -0.340275 0.099999 3.14159 0 -2.35619 0 0 0.249678
0.567211 -0.340278 0.099999 3.14159 0 -2.35619 0 0 0.249601
0.567205 -0.340282 0.099999 3.14159 0 -2.35619 0 0 0.249523
0.567199 -0.340285 0.099999 3.14159 0 -2.35619 0 0 0.249446
0.567193 -0.340289 0.099999 3.14159 0 -2.35619 0 0 0.249368
0.567187 -0.340292 0.099999 3.14159 0 -2.35619 0 0 0.249291
0.567181 -0.340296 0.099999 3.14159 0 -2.35619 0 0 0.249213
0.567175 -0.340299 0.099999 3.14159 0 -2.35619 0 0 0.249079
0.567169 -0.340303 0.099999 3.14159 0 -2.35619 0 0 0.248472
0.567162 -0.340307 0.099999 3.14159 0 -2.35619 0 0 0.247865
0.567156 -0.34031 0.099999 3.14159 0 -2.35619 0 0 0.247258
0.56715 -0.340314 0.099999 3.14159 0 -2.35619 0 0 0.246651
0.567143 -0.340318 0.099999 3.14159 0 -2.35619 0 0 0.246044
0.567137 -0.340322 0.099999 3.14159 0 -2.35619 0 0 0.245437
0.56713 -0.340325 0.099999 3.14159 0 -2.35619 0 0 0.24483
0.567124 -0.340329 0.099999 3.14159 0 -2.35619 0 0 0.244223
0.567118 -0.340333 0.099999 3.14159 0 -2.35619 0 0 0.243616
0.567111 -0.340337 0.099999 3.14159 0 -2.35619 0 0 0.243009
0.567105 -0.34034 0.099999 3.14159 0 -2.35619 0 0 0.242402
0.567098 -0.340344 0.099999 3.14159 0 -2.35619 0 0 0.241795
0.567092 -0.340348 0.099999 3.14159 0 -2.35619 0 0 0.241188
0.567086 -0.340352 0.099999 3.14159 0 -2.35619 0 0 0.240581
0.567079 -0.340356 0.099999 3.14159 0 -2.35619 0 0 0.239974
0.567073 -0.340359 0.099999 3.14159 0 -2.35619 0 0 0.239367
0.567067 -0.340364 0.099999 3.14159 0 -2.35619 0 0 0.238752
0.567062 -0.340368 0.099999 3.14159 0 -2.35619 0 0 0.238131
0.567057 -0.340373 0.099999 3.14159 0 -2.35619 0 0 0.237509
0.567052 -0.340378 0.099999 3.14159 0 -2.35619 0 0 0.236888
0.567047 -0.340383 0.099999 3.14159 0 -2.35619 0 0 0.236266
0.567042 -0.340387 0.099999 3.14159 0 -2.35619 0 0 0.235645
0.567037 -0.340392 0.099999 3.14159 0 -2.35619 0 0 0.235024
0.567032 -0.340397 0.099999 3.14159 0 -2.35619 0 0 0.234402
0.567028 -0.340402 0.099999 3.14159 0 -2.35619 0 0 0.233781
0.567023 -0.340406 0.099999 3.14159 0 -2.35619 0 0 0.23316
0.567018 -0.340411 0.099999 3.14159 0 -2.35619 0 0 0.232538
0.567013 -0.340416 0.099999 3.14159 0 -2.35619 0 0 0.231917
0.567008 -0.340421 0.099999 3.14159 0 -2.35619 0 0 0.231295
0.567003 -0.340425 0.099999 3.14159 0 -2.35619 0 0 0.230674
0.566998 -0.34043 0.099999 3.14159 0 -2.35619 0 0 0.230053
0.566993 -0.340435 0.099999 3.14159 0 -2.35619 0 0 0.229431
0.566988 -0.340439 0.099999 3.14159 0 -2.35619 0 0 0.22881
0.566983 -0.340444 0.099999 3.14159 0 -2.35619 0 0 0.228189
0.566978 -0.340449 0.099999 3.14159 0 -2.35619 0 0 0.227567
0.566973 -0.340454 0.099999 3.14159 0 -2.35619 0 0 0.226946
0.566968 -0.340458 0.099999 3.14159 0 -2.35619 0 0 0.226324
0.566963 -0.340463 0.099999 3.14159 0 -2.35619 0 0 0.225703
0.566958 -0.340469 0.099999 3.14159 0 -2.35619 0 0 0.225378
0.566954 -0.340475 0.099999 3.14159 0 -2.35619 0 0 0.225435
0.56695 -0.340481 0.099999 3.14159 0 -2.35619 0 0 0.225491
0.566945 -0.340487 0.099999 3.14159 0 -2.35619 0 0 0.225547
0.566941 -0.340493 0.099999 3.14159 0 -2.35619 0 0 0.225604
0.566937 -0.3405 0.099999 3.14159 0 -2.35619 0 0 0.22566
0.566932 -0.340506 0.099999 3.14159 0 -2.35619 0 0 0.225716
0.566928 -0.340512 0.099999 3.14159 0 -2.35619 0 0 0.225773
0.566924 -0.340518 0.099999 3.14159 0 -2.35619 0 0 0.225829
0.566919 -0.340524 0.099999 3.14159 0 -2.35619 0 0 0.225885
0.566915 -0.340531 0.099999 3.14159 0 -2.35619 0 0 0.225942
0.566911 -0.340537 0.099999 3.14159 0 -2.35619 0 0 0.225998
0.566907 -0.340543 0.099999 3.14159 0 -2.35619 0 0 0.226054
0.566902 -0.340549 0.099999 3.14159 0 -2.35619 0 0 0.22611
0.566898 -0.340556 0.099999 3.14159 0 -2.35619 0 0 0.226167
0.566894 -0.340562 0.099999 3.14159 0 -2.35619 0 0 0.226223
0.566889 -0.340568 0.099999 3.14159 0 -2.35619 0 0 0.226279
0.566885 -0.340575 0.099999 3.14159 0 -2.35619 0 0 0.226332
0.56688 -0.340583 0.099999 3.14159 0 -2.35619 0 0 0.226384
0.566875 -0.34059 0.099999 3.14159 0 -2.35619 0 0 0.226436
0.566871 -0.340597 0.099999 3.14159 0 -2.35619 0 0 0.226488
0.566866 -0.340605 0.099999 3.14159 0 -2.35619 0 0 0.22654
0.566862 -0.340612 0.099999 3.14159 0 -2.35619 0 0 0.226592
0.566857 -0.340619 0.099999 3.14159 0 -2.35619 0 0 0.226644
0.566852 -0.340627 0.099999 3.14159 0 -2.35619 0 0 0.226696
0.566848 -0.340634 0.099999 3.14159 0 -2.35619 0 0 0.226748
0.566843 -0.340642 0.099999 3.14159 0 -2.35619 0 0 0.2268
0.566839 -0.340649 0.099999 3.14159 0 -2.35619 0 0 0.226852
0.566834 -0.340656 0.099999 3.14159 0 -2.35619 0 0 0.226904
0.566829 -0.340664 0.099999 3.14159 0 -2.35619 0 0 0.226956
0.566825 -0.340671 0.099999 3.14159 0 -2.35619 0 0 0.227008
0.56682 -0.340678 0.099999 3.14159 0 -2.35619 0 0 0.22706
0.566815 -0.340686 0.099999 3.14159 0 -2.35619 0 0 0.227112
0.566811 -0.340693 0.099999 3.14159 0 -2.35619 0 0 0.22712
0.566806 -0.340702 0.099999 3.14159 0 -2.35619 0 0 0.22702
0.566801 -0.34071 0.099999 3.14159 0 -2.35619 0 0 0.22692
0.566796 -0.340718 0.099999 3.14159 0 -2.35619 0 0 0.22682
0.566791 -0.340726 0.099999 3.14159 0 -2.35619 0 0 0.22672
0.566786 -0.340734 0.099999 3.14159 0 -2.35619 0 0 0.226621
0.566781 -0.340743 0.099999 3.14159 0 -2.35619 0 0 0.226521
0.566776 -0.340751 0.099999 3.14159 0 -2.35619 0 0 0.226421
0.566771 -0.340759 0.099999 3.14159 0 -2.35619 0 0 0.226321
0.566766 -0.340767 0.099999 3.14159 0 -2.35619 0 0 0.226221
0.566761 -0.340775 0.099999 3.14159 0 -2.35619 0 0 0.226122
0.566756 -0.340783 0.099999 3.14159 0 -2.35619 0 0 0.226022
0.566751 -0.340792 0.099999 3.14159 0 -2.35619 0 0 0.225922
0.566747 -0.3408 0.099999 3.14159 0 -2.35619 0 0 0.225822
0.566742 -0.340808 0.099999 3.14159 0 -2.35619 0 0 0.225722
0.566737 -0.340816 0.099999 3.14159 0 -2.35619 0 0 0.225622
0.566732 -0.340824 0.099999 3.14159 0 -2.35619 0 0 0.225523
0.566727 -0.340833 0.099999 3.14159 0 -2.35619 0 0 0.225423
0.566722 -0.340841 0.099999 3.14159 0 -2.35619 0 0 0.225323
0.566717 -0.340849 0.099999 3.14159 0 -2.35619 0 0 0.225223
0.566712 -0.340857 0.099999 3.14159 0 -2.35619 0 0 0.225123
0.566707 -0.340865 0.099999 3.14159 0 -2.35619 0 0 0.225024
0.566702 -0.340874 0.099999 3.14159 0 -2.35619 0 0 0.224862
0.566698 -0.340884 0.099999 3.14159 0 -2.35619 0 0 0.224442
0.566693 -0.340894 0.099999 3.14159 0 -2.35619 0 0 0.224022
0.566688 -0.340903 0.099999 3.14159 0 -2.35619 0 0 0.223603
0.566684 -0.340913 0.099999 3.14159 0 -2.35619 0 0 0.223183
0.566679 -0.340923 0.099999 3.14159 0 -2.35619 0 0 0.222763
0.566675 -0.340933 0.099999 3.14159 0 -2.35619 0 0 0.222344
0.56667 -0.340943 0.099999 3.14159 0 -2.35619 0 0 0.221924
0.566665 -0.340953 0.099999 3.14159 0 -2.35619 0 0 0.221504
0.566661 -0.340962 0.099999 3.14159 0 -2.35619 0 0 0.221085
0.566656 -0.340972 0.099999 3.14159 0 -2.35619 0 0 0.220665
0.566652 -0.340982 0.099999 3.14159 0 -2.35619 0 0 0.220245
0.566647 -0.340992 0.099999 3.14159 0 -2.35619 0 0 0.219826
0.566642 -0.341002 0.099999 3.14159 0 -2.35619 0 0 0.219406
0.566638 -0.341012 0.099999 3.14159 0 -2.35619 0 0 0.218986
0.566633 -0.341021 0.099999 3.14159 0 -2.35619 0 0 0.218567
0.566629 -0.341031 0.099999 3.14159 0 -2.35619 0 0 0.218147
0.566625 -0.341041 0.099999 3.14159 0 -2.35619 0 0 0.217696
0.566622 -0.34105 0.099999 3.14159 0 -2.35619 0 0 0.217227
0.566618 -0.341059 0.099999 3.14159 0 -2.35619 0 0 0.216757
0.566615 -0.341068 0.099999 3.14159 0 -2.35619 0 0 0.216288
0.566612 -0.341077 0.099999 3.14159 0 -2.35619 0 0 0.215818
0.566609 -0.341086 0.099999 3.14159 0 -2.35619 0 0 0.215349
0.566606 -0.341095 0.099999 3.14159 0 -2.35619 0 0 0.214879
0.566602 -0.341104 0.099999 3.14159 0 -2.35619 0 0 0.214409
0.566599 -0.341113 0.099999 3.14159 0 -2.35619 0 0 0.21394
0.566596 -0.341122 0.099999 3.14159 0 -2.35619 0 0 0.21347
0.566593 -0.341131 0.099999 3.14159 0 -2.35619 0 0 0.213001
0.566589 -0.34114 0.099999 3.14159 0 -2.35619 0 0 0.212531
0.566586 -0.341149 0.099999 3.14159 0 -2.35619 0 0 0.212062
0.566583 -0.341158 0.099999 3.14159 0 -2.35619 0 0 0.211592
0.56658 -0.341167 0.099999 3.14159 0 -2.35619 0 0 0.211123
0.566577 -0.341176 0.099999 3.14159 0 -2.35619 0 0 0.210653
0.566573 -0.341185 0.099999 3.14159 0 -2.35619 0 0 0.210182
0.566571 -0.341194 0.099999 3.14159 0 -2.35619 0 0 0.209684
0.566569 -0.341202 0.099999 3.14159 0 -2.35619 0 0 0.209186
0.566567 -0.341211 0.099999 3.14159 0 -2.35619 0 0 0.208688
0.566565 -0.34122 0.099999 3.14159 0 -2.35619 0 0 0.208189
0.566562 -0.341228 0.099999 3.14159 0 -2.35619 0 0 0.207691
0.56656 -0.341237 0.099999 3.14159 0 -2.35619 0 0 0.207193
0.566558 -0.341246 0.099999 3.14159 0 -2.35619 0 0 0.206695
0.566556 -0.341255 0.099999 3.14159 0 -2.35619 0 0 0.206196
0.566554 -0.341263 0.099999 3.14159 0 -2.35619 0 0 0.205698
0.566552 -0.341272 0.099999 3.14159 0 -2.35619 0 0 0.2052
0.566549 -0.341281 0.099999 3.14159 0 -2.35619 0 0 0.204702
