0.521293 -0.542907 0.232126 3.007583 0.051758 -3.787332 -0.274386 0.040369 -0.186873
0.521293 -0.542907 0.232126 3.007583 0.051758 -3.787332 -0.274386 0.040369 -0.186873
0.521293 -0.542907 0.232126 3.007583 0.051758 -3.787332 -0.274386 0.040369 -0.186873
0.521171 -0.542699 0.231695 3.008240 0.051292 -3.786817 -0.165533 0.055362 -0.194223
0.521171 -0.542699 0.231695 3.008240 0.051292 -3.786817 -0.165533 0.055362 -0.194223
0.521171 -0.542699 0.231695 3.008240 0.051292 -3.786817 -0.165533 0.055362 -0.194223
0.521171 -0.542699 0.231695 3.008240 0.051292 -3.786817 -0.165533 0.055362 -0.194223
0.521208 -0.542516 0.230922 3.007694 0.050507 -3.787236 0.006173 0.038577 0.018904
0.521208 -0.542516 0.230922 3.007694 0.050507 -3.787236 0.006173 0.038577 0.018904
0.521208 -0.542516 0.230922 3.007694 0.050507 -3.787236 0.006173 0.038577 0.018904
0.521355 -0.542592 0.230151 3.008239 0.049229 -3.788604 0.057863 0.009785 0.068305
0.521355 -0.542592 0.230151 3.008239 0.049229 -3.788604 0.057863 0.009785 0.068305
0.521355 -0.542592 0.230151 3.008239 0.049229 -3.788604 0.057863 0.009785 0.068305
0.521437 -0.542657 0.229321 3.008626 0.048477 -3.790613 0.132163 0.026724 0.120511
0.521437 -0.542657 0.229321 3.008626 0.048477 -3.790613 0.132163 0.026724 0.120511
0.521437 -0.542657 0.229321 3.008626 0.048477 -3.790613 0.132163 0.026724 0.120511
0.521437 -0.542657 0.229321 3.008626 0.048477 -3.790613 0.132163 0.026724 0.120511
0.521588 -0.542583 0.228135 3.008553 0.046567 -3.791568 0.176064 -0.013268 0.191426
0.521588 -0.542583 0.228135 3.008553 0.046567 -3.791568 0.176064 -0.013268 0.191426
0.521588 -0.542583 0.228135 3.008553 0.046567 -3.791568 0.176064 -0.013268 0.191426
0.521650 -0.542821 0.227039 3.009757 0.045221 -3.793173 0.196773 -0.043582 0.202573
0.521650 -0.542821 0.227039 3.009757 0.045221 -3.793173 0.196773 -0.043582 0.202573
0.521650 -0.542821 0.227039 3.009757 0.045221 -3.793173 0.196773 -0.043582 0.202573
0.521373 -0.543032 0.225519 3.011183 0.042349 -3.793973 0.221783 0.123188 0.283240
0.521373 -0.543032 0.225519 3.011183 0.042349 -3.793973 0.221783 0.123188 0.283240
0.521373 -0.543032 0.225519 3.011183 0.042349 -3.793973 0.221783 0.123188 0.283240
0.521373 -0.543032 0.225519 3.011183 0.042349 -3.793973 0.221783 0.123188 0.283240
0.520905 -0.543223 0.224095 3.013277 0.039479 -3.795531 0.198546 0.120744 0.196439
0.520905 -0.543223 0.224095 3.013277 0.039479 -3.795531 0.198546 0.120744 0.196439
0.520905 -0.543223 0.224095 3.013277 0.039479 -3.795531 0.198546 0.120744 0.196439
0.520980 -0.543149 0.222587 3.013751 0.036916 -3.796435 0.146153 0.101062 0.214239
0.520980 -0.543149 0.222587 3.013751 0.036916 -3.796435 0.146153 0.101062 0.214239
0.520980 -0.543149 0.222587 3.013751 0.036916 -3.796435 0.146153 0.101062 0.214239
0.520833 -0.543384 0.221455 3.014838 0.034380 -3.798060 0.196795 0.074092 0.175309
0.520833 -0.543384 0.221455 3.014838 0.034380 -3.798060 0.196795 0.074092 0.175309
0.520833 -0.543384 0.221455 3.014838 0.034380 -3.798060 0.196795 0.074092 0.175309
0.520833 -0.543384 0.221455 3.014838 0.034380 -3.798060 0.196795 0.074092 0.175309
0.521101 -0.543322 0.220358 3.014762 0.032091 -3.800494 0.239778 0.047616 0.196705
0.521101 -0.543322 0.220358 3.014762 0.032091 -3.800494 0.239778 0.047616 0.196705
0.521101 -0.543322 0.220358 3.014762 0.032091 -3.800494 0.239778 0.047616 0.196705
0.521516 -0.543496 0.219342 3.014532 0.031325 -3.802281 0.210203 0.037706 0.203994
0.521516 -0.543496 0.219342 3.014532 0.031325 -3.802281 0.210203 0.037706 0.203994
0.521516 -0.543496 0.219342 3.014532 0.031325 -3.802281 0.210203 0.037706 0.203994
0.521783 -0.543320 0.218738 3.013270 0.029290 -3.804220 0.224248 0.028200 0.270741
0.521783 -0.543320 0.218738 3.013270 0.029290 -3.804220 0.224248 0.028200 0.270741
0.521783 -0.543320 0.218738 3.013270 0.029290 -3.804220 0.224248 0.028200 0.270741
0.521783 -0.543320 0.218738 3.013270 0.029290 -3.804220 0.224248 0.028200 0.270741
0.521962 -0.543311 0.217953 3.012768 0.027883 -3.805108 0.235837 0.036428 0.266100
0.521962 -0.543311 0.217953 3.012768 0.027883 -3.805108 0.235837 0.036428 0.266100
0.521962 -0.543311 0.217953 3.012768 0.027883 -3.805108 0.235837 0.036428 0.266100
0.522230 -0.543216 0.216854 3.012348 0.026056 -3.806339 0.243373 0.074183 0.291581
0.522230 -0.543216 0.216854 3.012348 0.026056 -3.806339 0.243373 0.074183 0.291581
0.522230 -0.543216 0.216854 3.012348 0.026056 -3.806339 0.243373 0.074183 0.291581
0.522377 -0.543178 0.215913 3.012470 0.025300 -3.807196 0.179673 0.096995 0.420434
0.522377 -0.543178 0.215913 3.012470 0.025300 -3.807196 0.179673 0.096995 0.420434
0.522377 -0.543178 0.215913 3.012470 0.025300 -3.807196 0.179673 0.096995 0.420434
0.522377 -0.543178 0.215913 3.012470 0.025300 -3.807196 0.179673 0.096995 0.420434
0.522567 -0.543150 0.214818 3.012344 0.024977 -3.807302 0.192731 0.115005 0.428750
0.522567 -0.543150 0.214818 3.012344 0.024977 -3.807302 0.192731 0.115005 0.428750
0.522567 -0.543150 0.214818 3.012344 0.024977 -3.807302 0.192731 0.115005 0.428750
0.522511 -0.542669 0.213208 3.012718 0.022464 -3.808157 0.191845 0.132259 0.469305
0.522511 -0.542669 0.213208 3.012718 0.022464 -3.808157 0.191845 0.132259 0.469305
0.522511 -0.542669 0.213208 3.012718 0.022464 -3.808157 0.191845 0.132259 0.469305
0.522344 -0.542950 0.211725 3.014136 0.020777 -3.808438 0.260769 0.148415 0.435297
0.522344 -0.542950 0.211725 3.014136 0.020777 -3.808438 0.260769 0.148415 0.435297
0.522344 -0.542950 0.211725 3.014136 0.020777 -3.808438 0.260769 0.148415 0.435297
0.522344 -0.542950 0.211725 3.014136 0.020777 -3.808438 0.260769 0.148415 0.435297
0.522034 -0.542766 0.209835 3.016710 0.018920 -3.808790 0.195838 0.148551 0.365007
0.522034 -0.542766 0.209835 3.016710 0.018920 -3.808790 0.195838 0.148551 0.365007
0.522034 -0.542766 0.209835 3.016710 0.018920 -3.808790 0.195838 0.148551 0.365007
0.521975 -0.542550 0.207890 3.017976 0.016818 -3.809361 0.176516 0.144957 0.415745
0.521975 -0.542550 0.207890 3.017976 0.016818 -3.809361 0.176516 0.144957 0.415745
0.521975 -0.542550 0.207890 3.017976 0.016818 -3.809361 0.176516 0.144957 0.415745
0.521630 -0.542384 0.206069 3.019822 0.013933 -3.809239 0.194151 -0.005953 0.489581
0.521630 -0.542384 0.206069 3.019822 0.013933 -3.809239 0.194151 -0.005953 0.489581
0.521630 -0.542384 0.206069 3.019822 0.013933 -3.809239 0.194151 -0.005953 0.489581
0.521630 -0.542384 0.206069 3.019822 0.013933 -3.809239 0.194151 -0.005953 0.489581
0.521107 -0.542084 0.204316 3.021301 0.010823 -3.809395 0.190648 0.008779 0.409152
0.521107 -0.542084 0.204316 3.021301 0.010823 -3.809395 0.190648 0.008779 0.409152
0.521107 -0.542084 0.204316 3.021301 0.010823 -3.809395 0.190648 0.008779 0.409152
0.521224 -0.541953 0.202964 3.021280 0.009173 -3.809806 0.185769 0.011202 0.432954
0.521224 -0.541953 0.202964 3.021280 0.009173 -3.809806 0.185769 0.011202 0.432954
0.521224 -0.541953 0.202964 3.021280 0.009173 -3.809806 0.185769 0.011202 0.432954
0.521189 -0.541343 0.201183 3.021559 0.007287 -3.809759 0.108609 -0.073887 0.374776
0.521189 -0.541343 0.201183 3.021559 0.007287 -3.809759 0.108609 -0.073887 0.374776
0.521189 -0.541343 0.201183 3.021559 0.007287 -3.809759 0.108609 -0.073887 0.374776
0.521189 -0.541343 0.201183 3.021559 0.007287 -3.809759 0.108609 -0.073887 0.374776
0.521112 -0.541157 0.199290 3.022594 0.004750 -3.811049 0.169902 0.020604 0.302955
0.521112 -0.541157 0.199290 3.022594 0.004750 -3.811049 0.169902 0.020604 0.302955
0.521112 -0.541157 0.199290 3.022594 0.004750 -3.811049 0.169902 0.020604 0.302955
0.521152 -0.541004 0.197910 3.023029 0.003411 -3.811243 0.192221 0.053565 0.247250
0.521152 -0.541004 0.197910 3.023029 0.003411 -3.811243 0.192221 0.053565 0.247250
0.521152 -0.541004 0.197910 3.023029 0.003411 -3.811243 0.192221 0.053565 0.247250
0.520855 -0.540885 0.196282 3.024518 -0.000034 -3.811792 0.195949 0.086934 0.288304
0.520855 -0.540885 0.196282 3.024518 -0.000034 -3.811792 0.195949 0.086934 0.288304
0.520855 -0.540885 0.196282 3.024518 -0.000034 -3.811792 0.195949 0.086934 0.288304
0.520855 -0.540885 0.196282 3.024518 -0.000034 -3.811792 0.195949 0.086934 0.288304
0.520836 -0.540950 0.194563 3.025968 -0.001785 -3.813767 0.184755 0.089364 0.111344
0.520836 -0.540950 0.194563 3.025968 -0.001785 -3.813767 0.184755 0.089364 0.111344
0.520836 -0.540950 0.194563 3.025968 -0.001785 -3.813767 0.184755 0.089364 0.111344
0.520733 -0.541177 0.193130 3.027489 -0.004137 -3.815478 0.150579 0.084529 -0.039290
0.520733 -0.541177 0.193130 3.027489 -0.004137 -3.815478 0.150579 0.084529 -0.039290
0.520733 -0.541177 0.193130 3.027489 -0.004137 -3.815478 0.150579 0.084529 -0.039290
0.520738 -0.541264 0.191414 3.029273 -0.006354 -3.817462 0.227803 0.064297 -0.072067
0.520738 -0.541264 0.191414 3.029273 -0.006354 -3.817462 0.227803 0.064297 -0.072067
0.520738 -0.541264 0.191414 3.029273 -0.006354 -3.817462 0.227803 0.064297 -0.072067
0.520738 -0.541264 0.191414 3.029273 -0.006354 -3.817462 0.227803 0.064297 -0.072067
0.520737 -0.541003 0.189750 3.029190 -0.008834 -3.817978 0.196737 0.075512 -0.147690
0.520737 -0.541003 0.189750 3.029190 -0.008834 -3.817978 0.196737 0.075512 -0.147690
0.520737 -0.541003 0.189750 3.029190 -0.008834 -3.817978 0.196737 0.075512 -0.147690
0.520583 -0.540737 0.188072 3.030055 -0.011733 -3.818426 0.210939 0.074787 -0.093151
0.520583 -0.540737 0.188072 3.030055 -0.011733 -3.818426 0.210939 0.074787 -0.093151
0.520583 -0.540737 0.188072 3.030055 -0.011733 -3.818426 0.210939 0.074787 -0.093151
0.520373 -0.540525 0.186567 3.029259 -0.014823 -3.819190 0.169356 0.072582 0.001188
0.520373 -0.540525 0.186567 3.029259 -0.014823 -3.819190 0.169356 0.072582 0.001188
0.520373 -0.540525 0.186567 3.029259 -0.014823 -3.819190 0.169356 0.072582 0.001188
0.520373 -0.540525 0.186567 3.029259 -0.014823 -3.819190 0.169356 0.072582 0.001188
0.520409 -0.540315 0.185022 3.029740 -0.017297 -3.820487 0.234230 0.116644 0.082547
0.520409 -0.540315 0.185022 3.029740 -0.017297 -3.820487 0.234230 0.116644 0.082547
0.520409 -0.540315 0.185022 3.029740 -0.017297 -3.820487 0.234230 0.116644 0.082547
0.520585 -0.540297 0.183685 3.028123 -0.018634 -3.822518 0.228760 0.083926 0.106945
0.520585 -0.540297 0.183685 3.028123 -0.018634 -3.822518 0.228760 0.083926 0.106945
0.520585 -0.540297 0.183685 3.028123 -0.018634 -3.822518 0.228760 0.083926 0.106945
0.520581 -0.540231 0.182326 3.028010 -0.020737 -3.825016 0.225823 0.067941 0.122223
0.520581 -0.540231 0.182326 3.028010 -0.020737 -3.825016 0.225823 0.067941 0.122223
0.520581 -0.540231 0.182326 3.028010 -0.020737 -3.825016 0.225823 0.067941 0.122223
0.520581 -0.540231 0.182326 3.028010 -0.020737 -3.825016 0.225823 0.067941 0.122223
0.520565 -0.540389 0.180830 3.028893 -0.022603 -3.827233 0.180634 -0.013662 0.230455
0.520565 -0.540389 0.180830 3.028893 -0.022603 -3.827233 0.180634 -0.013662 0.230455
0.520565 -0.540389 0.180830 3.028893 -0.022603 -3.827233 0.180634 -0.013662 0.230455
0.520528 -0.540346 0.178907 3.030081 -0.024711 -3.828539 0.146589 -0.030657 0.295336
0.520528 -0.540346 0.178907 3.030081 -0.024711 -3.828539 0.146589 -0.030657 0.295336
0.520528 -0.540346 0.178907 3.030081 -0.024711 -3.828539 0.146589 -0.030657 0.295336
0.520097 -0.540495 0.177162 3.032679 -0.027828 -3.830128 0.162653 0.027520 0.337087
0.520097 -0.540495 0.177162 3.032679 -0.027828 -3.830128 0.162653 0.027520 0.337087
0.520097 -0.540495 0.177162 3.032679 -0.027828 -3.830128 0.162653 0.027520 0.337087
0.520097 -0.540495 0.177162 3.032679 -0.027828 -3.830128 0.162653 0.027520 0.337087
0.519899 -0.540331 0.175577 3.033707 -0.030450 -3.831736 0.161789 0.050175 0.383153
0.519899 -0.540331 0.175577 3.033707 -0.030450 -3.831736 0.161789 0.050175 0.383153
0.519899 -0.540331 0.175577 3.033707 -0.030450 -3.831736 0.161789 0.050175 0.383153
0.519868 -0.540303 0.173840 3.033960 -0.032190 -3.833311 0.134458 0.080994 0.372311
0.519868 -0.540303 0.173840 3.033960 -0.032190 -3.833311 0.134458 0.080994 0.372311
0.519868 -0.540303 0.173840 3.033960 -0.032190 -3.833311 0.134458 0.080994 0.372311
0.519839 -0.540304 0.172197 3.034638 -0.034563 -3.835349 0.138780 0.060914 0.236404
0.519839 -0.540304 0.172197 3.034638 -0.034563 -3.835349 0.138780 0.060914 0.236404
0.519839 -0.540304 0.172197 3.034638 -0.034563 -3.835349 0.138780 0.060914 0.236404
0.519839 -0.540304 0.172197 3.034638 -0.034563 -3.835349 0.138780 0.060914 0.236404
0.519819 -0.540214 0.170459 3.034668 -0.036645 -3.836581 0.146019 0.026924 0.154410
0.519819 -0.540214 0.170459 3.034668 -0.036645 -3.836581 0.146019 0.026924 0.154410
0.519819 -0.540214 0.170459 3.034668 -0.036645 -3.836581 0.146019 0.026924 0.154410
0.519912 -0.540237 0.168704 3.035050 -0.039562 -3.839490 0.171026 0.012546 0.222487
0.519912 -0.540237 0.168704 3.035050 -0.039562 -3.839490 0.171026 0.012546 0.222487
0.519912 -0.540237 0.168704 3.035050 -0.039562 -3.839490 0.171026 0.012546 0.222487
0.519862 -0.540287 0.166830 3.036326 -0.041711 -3.841147 0.221450 0.074390 0.225366
0.519862 -0.540287 0.166830 3.036326 -0.041711 -3.841147 0.221450 0.074390 0.225366
0.519862 -0.540287 0.166830 3.036326 -0.041711 -3.841147 0.221450 0.074390 0.225366
0.519862 -0.540287 0.166830 3.036326 -0.041711 -3.841147 0.221450 0.074390 0.225366
0.519714 -0.540392 0.164964 3.037177 -0.044526 -3.843972 0.204004 0.072959 0.283312
0.519714 -0.540392 0.164964 3.037177 -0.044526 -3.843972 0.204004 0.072959 0.283312
0.519714 -0.540392 0.164964 3.037177 -0.044526 -3.843972 0.204004 0.072959 0.283312
0.519962 -0.540211 0.163180 3.036344 -0.046544 -3.845521 0.166144 0.072299 0.275400
0.519962 -0.540211 0.163180 3.036344 -0.046544 -3.845521 0.166144 0.072299 0.275400
0.519962 -0.540211 0.163180 3.036344 -0.046544 -3.845521 0.166144 0.072299 0.275400
0.520094 -0.540159 0.161294 3.036541 -0.048214 -3.848193 0.243380 0.009892 0.214929
0.520094 -0.540159 0.161294 3.036541 -0.048214 -3.848193 0.243380 0.009892 0.214929
0.520094 -0.540159 0.161294 3.036541 -0.048214 -3.848193 0.243380 0.009892 0.214929
0.520094 -0.540159 0.161294 3.036541 -0.048214 -3.848193 0.243380 0.009892 0.214929
0.520183 -0.540069 0.159656 3.035107 -0.049458 -3.849998 0.189941 0.029451 0.237165
0.520183 -0.540069 0.159656 3.035107 -0.049458 -3.849998 0.189941 0.029451 0.237165
0.520183 -0.540069 0.159656 3.035107 -0.049458 -3.849998 0.189941 0.029451 0.237165
0.520235 -0.539840 0.157740 3.035145 -0.051529 -3.850552 0.187402 0.011582 0.255848
0.520235 -0.539840 0.157740 3.035145 -0.051529 -3.850552 0.187402 0.011582 0.255848
0.520235 -0.539840 0.157740 3.035145 -0.051529 -3.850552 0.187402 0.011582 0.255848
0.519974 -0.539451 0.155916 3.034095 -0.053463 -3.851696 0.169129 -0.012442 0.221864
0.519974 -0.539451 0.155916 3.034095 -0.053463 -3.851696 0.169129 -0.012442 0.221864
0.519974 -0.539451 0.155916 3.034095 -0.053463 -3.851696 0.169129 -0.012442 0.221864
0.519974 -0.539451 0.155916 3.034095 -0.053463 -3.851696 0.169129 -0.012442 0.221864
0.520201 -0.538832 0.154059 3.030846 -0.055164 -3.851556 0.208939 -0.001353 0.132026
0.520201 -0.538832 0.154059 3.030846 -0.055164 -3.851556 0.208939 -0.001353 0.132026
0.520201 -0.538832 0.154059 3.030846 -0.055164 -3.851556 0.208939 -0.001353 0.132026
0.520032 -0.537936 0.152187 3.027440 -0.060316 -3.853265 0.243061 0.014148 0.051551
0.520032 -0.537936 0.152187 3.027440 -0.060316 -3.853265 0.243061 0.014148 0.051551
0.520032 -0.537936 0.152187 3.027440 -0.060316 -3.853265 0.243061 0.014148 0.051551
0.520017 -0.537228 0.149638 3.024603 -0.064200 -3.855735 0.243759 -0.035026 -0.074825
0.520017 -0.537228 0.149638 3.024603 -0.064200 -3.855735 0.243759 -0.035026 -0.074825
0.520017 -0.537228 0.149638 3.024603 -0.064200 -3.855735 0.243759 -0.035026 -0.074825
0.520017 -0.537228 0.149638 3.024603 -0.064200 -3.855735 0.243759 -0.035026 -0.074825
0.519997 -0.536685 0.146856 3.022084 -0.067515 -3.857371 0.210038 -0.013115 0.028579
0.519997 -0.536685 0.146856 3.022084 -0.067515 -3.857371 0.210038 -0.013115 0.028579
0.519997 -0.536685 0.146856 3.022084 -0.067515 -3.857371 0.210038 -0.013115 0.028579
0.519750 -0.536326 0.143795 3.020931 -0.072546 -3.862003 0.243543 -0.019151 0.017267
0.519750 -0.536326 0.143795 3.020931 -0.072546 -3.862003 0.243543 -0.019151 0.017267
0.519750 -0.536326 0.143795 3.020931 -0.072546 -3.862003 0.243543 -0.019151 0.017267
0.519507 -0.536009 0.140623 3.019933 -0.078031 -3.867114 0.303859 0.002978 -0.110030
0.519507 -0.536009 0.140623 3.019933 -0.078031 -3.867114 0.303859 0.002978 -0.110030
0.519507 -0.536009 0.140623 3.019933 -0.078031 -3.867114 0.303859 0.002978 -0.110030
0.519507 -0.536009 0.140623 3.019933 -0.078031 -3.867114 0.303859 0.002978 -0.110030
0.519397 -0.535638 0.137764 3.017671 -0.084195 -3.872226 0.282448 -0.003796 -0.173239
0.519397 -0.535638 0.137764 3.017671 -0.084195 -3.872226 0.282448 -0.003796 -0.173239
0.519397 -0.535638 0.137764 3.017671 -0.084195 -3.872226 0.282448 -0.003796 -0.173239
0.519207 -0.535058 0.134782 3.015507 -0.091947 -3.877803 0.256181 -0.012816 -0.127457
0.519207 -0.535058 0.134782 3.015507 -0.091947 -3.877803 0.256181 -0.012816 -0.127457
0.519207 -0.535058 0.134782 3.015507 -0.091947 -3.877803 0.256181 -0.012816 -0.127457
0.518865 -0.534236 0.131917 3.012925 -0.101114 -3.883168 0.192397 0.008944 0.078630
0.518865 -0.534236 0.131917 3.012925 -0.101114 -3.883168 0.192397 0.008944 0.078630
0.518865 -0.534236 0.131917 3.012925 -0.101114 -3.883168 0.192397 0.008944 0.078630
0.518865 -0.534236 0.131917 3.012925 -0.101114 -3.883168 0.192397 0.008944 0.078630
0.518450 -0.533411 0.129378 3.010095 -0.110370 -3.887737 0.213911 0.017655 0.097149
0.518450 -0.533411 0.129378 3.010095 -0.110370 -3.887737 0.213911 0.017655 0.097149
0.518450 -0.533411 0.129378 3.010095 -0.110370 -3.887737 0.213911 0.017655 0.097149
0.518259 -0.532659 0.126464 3.007748 -0.117915 -3.892613 0.194874 0.063173 0.060382
0.518259 -0.532659 0.126464 3.007748 -0.117915 -3.892613 0.194874 0.063173 0.060382
0.518259 -0.532659 0.126464 3.007748 -0.117915 -3.892613 0.194874 0.063173 0.060382
0.518251 -0.531980 0.123545 3.005352 -0.124191 -3.897472 0.160205 0.010524 0.165600
0.518251 -0.531980 0.123545 3.005352 -0.124191 -3.897472 0.160205 0.010524 0.165600
0.518251 -0.531980 0.123545 3.005352 -0.124191 -3.897472 0.160205 0.010524 0.165600
0.518251 -0.531980 0.123545 3.005352 -0.124191 -3.897472 0.160205 0.010524 0.165600
0.518000 -0.531521 0.120944 3.003045 -0.129806 -3.901924 0.138363 0.034640 0.152244
0.518000 -0.531521 0.120944 3.003045 -0.129806 -3.901924 0.138363 0.034640 0.152244
0.518000 -0.531521 0.120944 3.003045 -0.129806 -3.901924 0.138363 0.034640 0.152244
0.518144 -0.531055 0.118305 3.000405 -0.134662 -3.906554 0.205356 0.033556 0.055596
0.518144 -0.531055 0.118305 3.000405 -0.134662 -3.906554 0.205356 0.033556 0.055596
0.518144 -0.531055 0.118305 3.000405 -0.134662 -3.906554 0.205356 0.033556 0.055596
0.518116 -0.530967 0.115370 3.000233 -0.139078 -3.912891 0.203813 0.029688 -0.023354
0.518116 -0.530967 0.115370 3.000233 -0.139078 -3.912891 0.203813 0.029688 -0.023354
0.518116 -0.530967 0.115370 3.000233 -0.139078 -3.912891 0.203813 0.029688 -0.023354
0.518116 -0.530967 0.115370 3.000233 -0.139078 -3.912891 0.203813 0.029688 -0.023354
0.518084 -0.530693 0.112279 2.999719 -0.144649 -3.918525 0.197069 0.051624 0.008555
0.518084 -0.530693 0.112279 2.999719 -0.144649 -3.918525 0.197069 0.051624 0.008555
0.518084 -0.530693 0.112279 2.999719 -0.144649 -3.918525 0.197069 0.051624 0.008555
0.517893 -0.530212 0.108989 2.999693 -0.151366 -3.925127 0.232790 0.049979 0.115344
0.517893 -0.530212 0.108989 2.999693 -0.151366 -3.925127 0.232790 0.049979 0.115344
0.517893 -0.530212 0.108989 2.999693 -0.151366 -3.925127 0.232790 0.049979 0.115344
0.517806 -0.529602 0.105925 2.999487 -0.157194 -3.931339 0.243990 0.101886 0.114414
0.517806 -0.529602 0.105925 2.999487 -0.157194 -3.931339 0.243990 0.101886 0.114414
0.517806 -0.529602 0.105925 2.999487 -0.157194 -3.931339 0.243990 0.101886 0.114414
0.517806 -0.529602 0.105925 2.999487 -0.157194 -3.931339 0.243990 0.101886 0.114414
0.517928 -0.528586 0.102831 2.997058 -0.163433 -3.935864 0.158376 0.107041 0.155572
0.517928 -0.528586 0.102831 2.997058 -0.163433 -3.935864 0.158376 0.107041 0.155572
0.517928 -0.528586 0.102831 2.997058 -0.163433 -3.935864 0.158376 0.107041 0.155572
0.517668 -0.527146 0.099891 2.993855 -0.171851 -3.941885 0.123869 0.085974 0.182131
0.517668 -0.527146 0.099891 2.993855 -0.171851 -3.941885 0.123869 0.085974 0.182131
0.517668 -0.527146 0.099891 2.993855 -0.171851 -3.941885 0.123869 0.085974 0.182131
0.516609 -0.526072 0.097152 2.994346 -0.178426 -3.944773 0.177772 0.070947 0.127943
0.516609 -0.526072 0.097152 2.994346 -0.178426 -3.944773 0.177772 0.070947 0.127943
0.516609 -0.526072 0.097152 2.994346 -0.178426 -3.944773 0.177772 0.070947 0.127943
0.516609 -0.526072 0.097152 2.994346 -0.178426 -3.944773 0.177772 0.070947 0.127943
0.516203 -0.524951 0.094234 2.992813 -0.185245 -3.949096 0.181107 0.025524 0.120494
0.516203 -0.524951 0.094234 2.992813 -0.185245 -3.949096 0.181107 0.025524 0.120494
0.516203 -0.524951 0.094234 2.992813 -0.185245 -3.949096 0.181107 0.025524 0.120494
0.515595 -0.523880 0.091605 2.992212 -0.192225 -3.953386 0.154433 -0.015707 0.161186
0.515595 -0.523880 0.091605 2.992212 -0.192225 -3.953386 0.154433 -0.015707 0.161186
0.515595 -0.523880 0.091605 2.992212 -0.192225 -3.953386 0.154433 -0.015707 0.161186
0.514660 -0.523222 0.089029 2.993572 -0.198812 -3.956984 0.251119 -0.010378 0.170528
0.514660 -0.523222 0.089029 2.993572 -0.198812 -3.956984 0.251119 -0.010378 0.170528
0.514660 -0.523222 0.089029 2.993572 -0.198812 -3.956984 0.251119 -0.010378 0.170528
0.514660 -0.523222 0.089029 2.993572 -0.198812 -3.956984 0.251119 -0.010378 0.170528
0.514182 -0.522566 0.086605 2.993325 -0.204514 -3.961398 0.154130 -0.006787 0.164387
0.514182 -0.522566 0.086605 2.993325 -0.204514 -3.961398 0.154130 -0.006787 0.164387
0.514182 -0.522566 0.086605 2.993325 -0.204514 -3.961398 0.154130 -0.006787 0.164387
0.514293 -0.522099 0.084286 2.993106 -0.209586 -3.967559 0.175202 0.016905 0.229321
0.514293 -0.522099 0.084286 2.993106 -0.209586 -3.967559 0.175202 0.016905 0.229321
0.514293 -0.522099 0.084286 2.993106 -0.209586 -3.967559 0.175202 0.016905 0.229321
0.514234 -0.521976 0.082078 2.992974 -0.214096 -3.974128 0.196916 0.000216 0.208658
0.514234 -0.521976 0.082078 2.992974 -0.214096 -3.974128 0.196916 0.000216 0.208658
0.514234 -0.521976 0.082078 2.992974 -0.214096 -3.974128 0.196916 0.000216 0.208658
0.514234 -0.521976 0.082078 2.992974 -0.214096 -3.974128 0.196916 0.000216 0.208658
0.514685 -0.521626 0.080062 2.990005 -0.218506 -3.981260 0.128851 0.011734 0.063213
0.514685 -0.521626 0.080062 2.990005 -0.218506 -3.981260 0.128851 0.011734 0.063213
0.514685 -0.521626 0.080062 2.990005 -0.218506 -3.981260 0.128851 0.011734 0.063213
0.514697 -0.521773 0.078061 2.990617 -0.223155 -3.988100 0.172100 0.005631 0.007190
0.514697 -0.521773 0.078061 2.990617 -0.223155 -3.988100 0.172100 0.005631 0.007190
0.514697 -0.521773 0.078061 2.990617 -0.223155 -3.988100 0.172100 0.005631 0.007190
0.514773 -0.521603 0.076166 2.989938 -0.228650 -3.993805 0.224147 0.089787 -0.006065
0.514773 -0.521603 0.076166 2.989938 -0.228650 -3.993805 0.224147 0.089787 -0.006065
0.514773 -0.521603 0.076166 2.989938 -0.228650 -3.993805 0.224147 0.089787 -0.006065
0.514773 -0.521603 0.076166 2.989938 -0.228650 -3.993805 0.224147 0.089787 -0.006065
0.515042 -0.521309 0.074267 2.988385 -0.233874 -4.000037 0.191865 0.093054 -0.097122
0.515042 -0.521309 0.074267 2.988385 -0.233874 -4.000037 0.191865 0.093054 -0.097122
0.515042 -0.521309 0.074267 2.988385 -0.233874 -4.000037 0.191865 0.093054 -0.097122
0.514804 -0.521594 0.071857 2.991598 -0.236537 -4.002872 0.180301 0.068862 -0.044850
0.514804 -0.521594 0.071857 2.991598 -0.236537 -4.002872 0.180301 0.068862 -0.044850
0.514804 -0.521594 0.071857 2.991598 -0.236537 -4.002872 0.180301 0.068862 -0.044850
0.514678 -0.521537 0.069545 2.993663 -0.239534 -4.005894 0.174616 0.071358 0.072943
0.514678 -0.521537 0.069545 2.993663 -0.239534 -4.005894 0.174616 0.071358 0.072943
0.514678 -0.521537 0.069545 2.993663 -0.239534 -4.005894 0.174616 0.071358 0.072943
0.514678 -0.521537 0.069545 2.993663 -0.239534 -4.005894 0.174616 0.071358 0.072943
0.514634 -0.521217 0.067218 2.995025 -0.242357 -4.008342 0.178047 0.034791 0.209795
0.514634 -0.521217 0.067218 2.995025 -0.242357 -4.008342 0.178047 0.034791 0.209795
0.514634 -0.521217 0.067218 2.995025 -0.242357 -4.008342 0.178047 0.034791 0.209795
0.514237 -0.521292 0.064864 2.998010 -0.243854 -4.009175 0.207264 0.044685 0.355903
0.514237 -0.521292 0.064864 2.998010 -0.243854 -4.009175 0.207264 0.044685 0.355903
0.514237 -0.521292 0.064864 2.998010 -0.243854 -4.009175 0.207264 0.044685 0.355903
0.514069 -0.521104 0.062604 3.000436 -0.245804 -4.010158 0.175357 0.066222 0.417436
0.514069 -0.521104 0.062604 3.000436 -0.245804 -4.010158 0.175357 0.066222 0.417436
0.514069 -0.521104 0.062604 3.000436 -0.245804 -4.010158 0.175357 0.066222 0.417436
0.514069 -0.521104 0.062604 3.000436 -0.245804 -4.010158 0.175357 0.066222 0.417436
0.513628 -0.520992 0.060344 3.003338 -0.249038 -4.011255 0.237707 0.090339 0.426809
0.513628 -0.520992 0.060344 3.003338 -0.249038 -4.011255 0.237707 0.090339 0.426809
0.513628 -0.520992 0.060344 3.003338 -0.249038 -4.011255 0.237707 0.090339 0.426809
0.513505 -0.520384 0.057923 3.004851 -0.254749 -4.014244 0.233375 0.091856 0.408183
0.513505 -0.520384 0.057923 3.004851 -0.254749 -4.014244 0.233375 0.091856 0.408183
0.513505 -0.520384 0.057923 3.004851 -0.254749 -4.014244 0.233375 0.091856 0.408183
0.513429 -0.520416 0.055738 3.006779 -0.257321 -4.016167 0.223879 0.096941 0.318651
0.513429 -0.520416 0.055738 3.006779 -0.257321 -4.016167 0.223879 0.096941 0.318651
0.513429 -0.520416 0.055738 3.006779 -0.257321 -4.016167 0.223879 0.096941 0.318651
0.513429 -0.520416 0.055738 3.006779 -0.257321 -4.016167 0.223879 0.096941 0.318651
0.513821 -0.520010 0.053332 3.007100 -0.261851 -4.021234 0.188951 0.095688 0.293495
0.513821 -0.520010 0.053332 3.007100 -0.261851 -4.021234 0.188951 0.095688 0.293495
0.513821 -0.520010 0.053332 3.007100 -0.261851 -4.021234 0.188951 0.095688 0.293495
0.514116 -0.519502 0.050985 3.006659 -0.266517 -4.025170 0.217178 0.055576 0.274220
0.514116 -0.519502 0.050985 3.006659 -0.266517 -4.025170 0.217178 0.055576 0.274220
0.514116 -0.519502 0.050985 3.006659 -0.266517 -4.025170 0.217178 0.055576 0.274220
0.513986 -0.519072 0.049086 3.007218 -0.272202 -4.028116 0.234263 0.000305 0.310348
0.513986 -0.519072 0.049086 3.007218 -0.272202 -4.028116 0.234263 0.000305 0.310348
0.513986 -0.519072 0.049086 3.007218 -0.272202 -4.028116 0.234263 0.000305 0.310348
0.513986 -0.519072 0.049086 3.007218 -0.272202 -4.028116 0.234263 0.000305 0.310348
0.513562 -0.518121 0.046803 3.008784 -0.279411 -4.030664 0.249394 0.084678 0.289560
0.513562 -0.518121 0.046803 3.008784 -0.279411 -4.030664 0.249394 0.084678 0.289560
0.513562 -0.518121 0.046803 3.008784 -0.279411 -4.030664 0.249394 0.084678 0.289560
0.512941 -0.517363 0.044447 3.010484 -0.286029 -4.031389 0.205629 0.040397 0.308692
0.512941 -0.517363 0.044447 3.010484 -0.286029 -4.031389 0.205629 0.040397 0.308692
0.512941 -0.517363 0.044447 3.010484 -0.286029 -4.031389 0.205629 0.040397 0.308692
0.512339 -0.515975 0.042324 3.010959 -0.295581 -4.033795 0.219534 0.053890 0.202918
0.512339 -0.515975 0.042324 3.010959 -0.295581 -4.033795 0.219534 0.053890 0.202918
0.512339 -0.515975 0.042324 3.010959 -0.295581 -4.033795 0.219534 0.053890 0.202918
0.512339 -0.515975 0.042324 3.010959 -0.295581 -4.033795 0.219534 0.053890 0.202918
0.511391 -0.514689 0.040465 3.011565 -0.303021 -4.035148 0.159481 0.132494 0.215270
0.511391 -0.514689 0.040465 3.011565 -0.303021 -4.035148 0.159481 0.132494 0.215270
0.511391 -0.514689 0.040465 3.011565 -0.303021 -4.035148 0.159481 0.132494 0.215270
0.510734 -0.513248 0.038446 3.011271 -0.312126 -4.037286 0.193563 0.122221 0.164845
0.510734 -0.513248 0.038446 3.011271 -0.312126 -4.037286 0.193563 0.122221 0.164845
0.510734 -0.513248 0.038446 3.011271 -0.312126 -4.037286 0.193563 0.122221 0.164845
0.510327 -0.511919 0.036602 3.011362 -0.320856 -4.041194 0.146939 0.101268 0.257456
0.510327 -0.511919 0.036602 3.011362 -0.320856 -4.041194 0.146939 0.101268 0.257456
0.510327 -0.511919 0.036602 3.011362 -0.320856 -4.041194 0.146939 0.101268 0.257456
0.510327 -0.511919 0.036602 3.011362 -0.320856 -4.041194 0.146939 0.101268 0.257456
0.509675 -0.510982 0.034492 3.013093 -0.326888 -4.042877 0.220747 0.075346 0.337931
0.509675 -0.510982 0.034492 3.013093 -0.326888 -4.042877 0.220747 0.075346 0.337931
0.509675 -0.510982 0.034492 3.013093 -0.326888 -4.042877 0.220747 0.075346 0.337931
0.508994 -0.509902 0.032607 3.013640 -0.334605 -4.044828 0.233387 0.086279 0.377297
0.508994 -0.509902 0.032607 3.013640 -0.334605 -4.044828 0.233387 0.086279 0.377297
0.508994 -0.509902 0.032607 3.013640 -0.334605 -4.044828 0.233387 0.086279 0.377297
0.508361 -0.508702 0.031103 3.013327 -0.343659 -4.048121 0.199558 0.071425 0.243675
0.508361 -0.508702 0.031103 3.013327 -0.343659 -4.048121 0.199558 0.071425 0.243675
0.508361 -0.508702 0.031103 3.013327 -0.343659 -4.048121 0.199558 0.071425 0.243675
0.508361 -0.508702 0.031103 3.013327 -0.343659 -4.048121 0.199558 0.071425 0.243675
0.507831 -0.507890 0.029281 3.012990 -0.350306 -4.050063 0.195403 0.040136 0.295279
0.507831 -0.507890 0.029281 3.012990 -0.350306 -4.050063 0.195403 0.040136 0.295279
0.507831 -0.507890 0.029281 3.012990 -0.350306 -4.050063 0.195403 0.040136 0.295279
0.507266 -0.507053 0.027281 3.013101 -0.357965 -4.054560 0.191760 0.080195 0.235115
0.507266 -0.507053 0.027281 3.013101 -0.357965 -4.054560 0.191760 0.080195 0.235115
0.507266 -0.507053 0.027281 3.013101 -0.357965 -4.054560 0.191760 0.080195 0.235115
0.506614 -0.506480 0.025260 3.013802 -0.364366 -4.058842 0.188720 0.139759 0.223832
0.506614 -0.506480 0.025260 3.013802 -0.364366 -4.058842 0.188720 0.139759 0.223832
0.506614 -0.506480 0.025260 3.013802 -0.364366 -4.058842 0.188720 0.139759 0.223832
0.506614 -0.506480 0.025260 3.013802 -0.364366 -4.058842 0.188720 0.139759 0.223832
0.506369 -0.505147 0.023751 3.010129 -0.374430 -4.063822 0.179628 0.170053 0.140125
0.506369 -0.505147 0.023751 3.010129 -0.374430 -4.063822 0.179628 0.170053 0.140125
0.506369 -0.505147 0.023751 3.010129 -0.374430 -4.063822 0.179628 0.170053 0.140125
0.505649 -0.503791 0.022068 3.008676 -0.385454 -4.068505 0.219295 0.171293 0.149623
0.505649 -0.503791 0.022068 3.008676 -0.385454 -4.068505 0.219295 0.171293 0.149623
0.505649 -0.503791 0.022068 3.008676 -0.385454 -4.068505 0.219295 0.171293 0.149623
0.505040 -0.502671 0.020491 3.006206 -0.395817 -4.073167 0.268899 0.056478 0.336331
0.505040 -0.502671 0.020491 3.006206 -0.395817 -4.073167 0.268899 0.056478 0.336331
0.505040 -0.502671 0.020491 3.006206 -0.395817 -4.073167 0.268899 0.056478 0.336331
0.505040 -0.502671 0.020491 3.006206 -0.395817 -4.073167 0.268899 0.056478 0.336331
0.504310 -0.501120 0.018780 3.002420 -0.408808 -4.077288 0.227978 0.097492 0.502501
0.504310 -0.501120 0.018780 3.002420 -0.408808 -4.077288 0.227978 0.097492 0.502501
0.504310 -0.501120 0.018780 3.002420 -0.408808 -4.077288 0.227978 0.097492 0.502501
0.503412 -0.500191 0.017126 2.999899 -0.419637 -4.082092 0.166022 0.136159 0.594425
0.503412 -0.500191 0.017126 2.999899 -0.419637 -4.082092 0.166022 0.136159 0.594425
0.503412 -0.500191 0.017126 2.999899 -0.419637 -4.082092 0.166022 0.136159 0.594425
0.502594 -0.499430 0.015680 2.997136 -0.430275 -4.087180 0.132934 0.110682 0.929752
0.502594 -0.499430 0.015680 2.997136 -0.430275 -4.087180 0.132934 0.110682 0.929752
0.502594 -0.499430 0.015680 2.997136 -0.430275 -4.087180 0.132934 0.110682 0.929752
0.502594 -0.499430 0.015680 2.997136 -0.430275 -4.087180 0.132934 0.110682 0.929752
0.502515 -0.498484 0.015144 2.990864 -0.442243 -4.094587 0.043144 0.302782 1.688647
0.502515 -0.498484 0.015144 2.990864 -0.442243 -4.094587 0.043144 0.302782 1.688647
0.502515 -0.498484 0.015144 2.990864 -0.442243 -4.094587 0.043144 0.302782 1.688647
0.502949 -0.497775 0.015027 2.984033 -0.453662 -4.103331 -0.099027 0.344633 2.129004
0.502949 -0.497775 0.015027 2.984033 -0.453662 -4.103331 -0.099027 0.344633 2.129004
0.502949 -0.497775 0.015027 2.984033 -0.453662 -4.103331 -0.099027 0.344633 2.129004
0.502765 -0.497359 0.014851 2.980411 -0.465048 -4.111240 -0.226697 0.276706 2.434433
0.502765 -0.497359 0.014851 2.980411 -0.465048 -4.111240 -0.226697 0.276706 2.434433
0.502765 -0.497359 0.014851 2.980411 -0.465048 -4.111240 -0.226697 0.276706 2.434433
0.502765 -0.497359 0.014851 2.980411 -0.465048 -4.111240 -0.226697 0.276706 2.434433
0.502969 -0.497070 0.014833 2.976571 -0.474924 -4.118288 -0.260382 0.224174 2.597955
0.502969 -0.497070 0.014833 2.976571 -0.474924 -4.118288 -0.260382 0.224174 2.597955
0.502969 -0.497070 0.014833 2.976571 -0.474924 -4.118288 -0.260382 0.224174 2.597955
0.502787 -0.496934 0.014684 2.974617 -0.482907 -4.123051 -0.247355 0.110486 2.718144
0.502787 -0.496934 0.014684 2.974617 -0.482907 -4.123051 -0.247355 0.110486 2.718144
0.502787 -0.496934 0.014684 2.974617 -0.482907 -4.123051 -0.247355 0.110486 2.718144
0.502714 -0.496913 0.014816 2.971678 -0.487763 -4.126138 -0.179956 0.050662 2.946539
0.502714 -0.496913 0.014816 2.971678 -0.487763 -4.126138 -0.179956 0.050662 2.946539
0.502714 -0.496913 0.014816 2.971678 -0.487763 -4.126138 -0.179956 0.050662 2.946539
0.502714 -0.496913 0.014816 2.971678 -0.487763 -4.126138 -0.179956 0.050662 2.946539
0.502758 -0.496586 0.014558 2.970283 -0.490825 -4.127872 -0.063575 0.042007 3.260265
0.502758 -0.496586 0.014558 2.970283 -0.490825 -4.127872 -0.063575 0.042007 3.260265
0.502758 -0.496586 0.014558 2.970283 -0.490825 -4.127872 -0.063575 0.042007 3.260265
0.502558 -0.496731 0.014423 2.971360 -0.492217 -4.128070 0.003798 0.015105 3.448053
0.502558 -0.496731 0.014423 2.971360 -0.492217 -4.128070 0.003798 0.015105 3.448053
0.502558 -0.496731 0.014423 2.971360 -0.492217 -4.128070 0.003798 0.015105 3.448053
0.502508 -0.496714 0.014248 2.973154 -0.490400 -4.126886 0.261868 -0.051262 3.766817
0.502508 -0.496714 0.014248 2.973154 -0.490400 -4.126886 0.261868 -0.051262 3.766817
0.502508 -0.496714 0.014248 2.973154 -0.490400 -4.126886 0.261868 -0.051262 3.766817
0.502508 -0.496714 0.014248 2.973154 -0.490400 -4.126886 0.261868 -0.051262 3.766817
0.502313 -0.497103 0.014209 2.975137 -0.484269 -4.122544 0.383680 -0.047946 3.997926
0.502313 -0.497103 0.014209 2.975137 -0.484269 -4.122544 0.383680 -0.047946 3.997926
0.502313 -0.497103 0.014209 2.975137 -0.484269 -4.122544 0.383680 -0.047946 3.997926
0.502399 -0.497248 0.014145 2.977886 -0.476394 -4.117821 0.436193 0.003520 4.090465
0.502399 -0.497248 0.014145 2.977886 -0.476394 -4.117821 0.436193 0.003520 4.090465
0.502399 -0.497248 0.014145 2.977886 -0.476394 -4.117821 0.436193 0.003520 4.090465
0.502530 -0.497378 0.013954 2.980236 -0.468769 -4.113502 0.474467 0.128814 4.166216
0.502530 -0.497378 0.013954 2.980236 -0.468769 -4.113502 0.474467 0.128814 4.166216
0.502530 -0.497378 0.013954 2.980236 -0.468769 -4.113502 0.474467 0.128814 4.166216
0.502530 -0.497378 0.013954 2.980236 -0.468769 -4.113502 0.474467 0.128814 4.166216
0.502438 -0.497450 0.013817 2.982537 -0.461619 -4.109582 0.404335 0.274873 4.172039
0.502438 -0.497450 0.013817 2.982537 -0.461619 -4.109582 0.404335 0.274873 4.172039
0.502438 -0.497450 0.013817 2.982537 -0.461619 -4.109582 0.404335 0.274873 4.172039
0.502513 -0.497556 0.013767 2.983858 -0.455051 -4.106147 0.352569 0.412999 4.219708
0.502513 -0.497556 0.013767 2.983858 -0.455051 -4.106147 0.352569 0.412999 4.219708
0.502513 -0.497556 0.013767 2.983858 -0.455051 -4.106147 0.352569 0.412999 4.219708
0.502521 -0.497624 0.013934 2.984913 -0.450337 -4.104053 0.121312 0.683428 4.235557
0.502521 -0.497624 0.013934 2.984913 -0.450337 -4.104053 0.121312 0.683428 4.235557
0.502521 -0.497624 0.013934 2.984913 -0.450337 -4.104053 0.121312 0.683428 4.235557
0.502521 -0.497624 0.013934 2.984913 -0.450337 -4.104053 0.121312 0.683428 4.235557
0.502391 -0.497500 0.014119 2.986158 -0.447583 -4.103104 -0.047761 0.886045 4.274114
0.502391 -0.497500 0.014119 2.986158 -0.447583 -4.103104 -0.047761 0.886045 4.274114
0.502391 -0.497500 0.014119 2.986158 -0.447583 -4.103104 -0.047761 0.886045 4.274114
0.502555 -0.497399 0.014180 2.986405 -0.446937 -4.103697 -0.130745 0.991116 4.319945
0.502555 -0.497399 0.014180 2.986405 -0.446937 -4.103697 -0.130745 0.991116 4.319945
0.502555 -0.497399 0.014180 2.986405 -0.446937 -4.103697 -0.130745 0.991116 4.319945
0.502436 -0.497357 0.014344 2.986404 -0.446639 -4.105376 -0.196033 1.219604 3.971145
0.502436 -0.497357 0.014344 2.986404 -0.446639 -4.105376 -0.196033 1.219604 3.971145
0.502436 -0.497357 0.014344 2.986404 -0.446639 -4.105376 -0.196033 1.219604 3.971145
0.502436 -0.497357 0.014344 2.986404 -0.446639 -4.105376 -0.196033 1.219604 3.971145
0.502418 -0.497274 0.014511 2.986167 -0.447164 -4.107550 -0.174620 1.399667 3.565552
0.502418 -0.497274 0.014511 2.986167 -0.447164 -4.107550 -0.174620 1.399667 3.565552
0.502418 -0.497274 0.014511 2.986167 -0.447164 -4.107550 -0.174620 1.399667 3.565552
0.502350 -0.496890 0.014578 2.985739 -0.448734 -4.111804 -0.178713 1.436223 3.461648
0.502350 -0.496890 0.014578 2.985739 -0.448734 -4.111804 -0.178713 1.436223 3.461648
0.502350 -0.496890 0.014578 2.985739 -0.448734 -4.111804 -0.178713 1.436223 3.461648
0.502144 -0.496636 0.014746 2.985424 -0.449254 -4.115716 -0.133186 1.532380 3.185762
0.502144 -0.496636 0.014746 2.985424 -0.449254 -4.115716 -0.133186 1.532380 3.185762
0.502144 -0.496636 0.014746 2.985424 -0.449254 -4.115716 -0.133186 1.532380 3.185762
0.502144 -0.496636 0.014746 2.985424 -0.449254 -4.115716 -0.133186 1.532380 3.185762
0.502019 -0.496405 0.015019 2.984574 -0.448701 -4.118365 -0.031557 1.636839 3.021662
0.502019 -0.496405 0.015019 2.984574 -0.448701 -4.118365 -0.031557 1.636839 3.021662
0.502019 -0.496405 0.015019 2.984574 -0.448701 -4.118365 -0.031557 1.636839 3.021662
0.501606 -0.496152 0.015335 2.984532 -0.447010 -4.119550 -0.023090 1.706171 3.038215
0.501606 -0.496152 0.015335 2.984532 -0.447010 -4.119550 -0.023090 1.706171 3.038215
0.501606 -0.496152 0.015335 2.984532 -0.447010 -4.119550 -0.023090 1.706171 3.038215
0.501340 -0.495776 0.015842 2.984024 -0.444936 -4.119545 -0.011034 1.840537 2.995854
0.501340 -0.495776 0.015842 2.984024 -0.444936 -4.119545 -0.011034 1.840537 2.995854
0.501340 -0.495776 0.015842 2.984024 -0.444936 -4.119545 -0.011034 1.840537 2.995854
0.501340 -0.495776 0.015842 2.984024 -0.444936 -4.119545 -0.011034 1.840537 2.995854
0.501049 -0.494990 0.016164 2.983202 -0.443185 -4.118965 -0.097292 1.897571 2.824540
0.501049 -0.494990 0.016164 2.983202 -0.443185 -4.118965 -0.097292 1.897571 2.824540
0.501049 -0.494990 0.016164 2.983202 -0.443185 -4.118965 -0.097292 1.897571 2.824540
0.500861 -0.494491 0.016607 2.982523 -0.440828 -4.117689 -0.094205 1.951547 2.779768
0.500861 -0.494491 0.016607 2.982523 -0.440828 -4.117689 -0.094205 1.951547 2.779768
0.500861 -0.494491 0.016607 2.982523 -0.440828 -4.117689 -0.094205 1.951547 2.779768
0.500509 -0.493530 0.017325 2.981205 -0.442082 -4.118053 -0.088566 2.083654 2.622124
0.500509 -0.493530 0.017325 2.981205 -0.442082 -4.118053 -0.088566 2.083654 2.622124
0.500509 -0.493530 0.017325 2.981205 -0.442082 -4.118053 -0.088566 2.083654 2.622124
0.500509 -0.493530 0.017325 2.981205 -0.442082 -4.118053 -0.088566 2.083654 2.622124
0.500148 -0.492730 0.017900 2.980002 -0.442045 -4.118208 -0.194052 2.131834 2.591040
0.500148 -0.492730 0.017900 2.980002 -0.442045 -4.118208 -0.194052 2.131834 2.591040
0.500148 -0.492730 0.017900 2.980002 -0.442045 -4.118208 -0.194052 2.131834 2.591040
0.499917 -0.492148 0.018258 2.979312 -0.441577 -4.119194 -0.191189 2.206876 2.678003
0.499917 -0.492148 0.018258 2.979312 -0.441577 -4.119194 -0.191189 2.206876 2.678003
0.499917 -0.492148 0.018258 2.979312 -0.441577 -4.119194 -0.191189 2.206876 2.678003
0.499883 -0.491440 0.018634 2.978033 -0.442871 -4.121636 -0.265849 2.264103 2.634089
0.499883 -0.491440 0.018634 2.978033 -0.442871 -4.121636 -0.265849 2.264103 2.634089
0.499883 -0.491440 0.018634 2.978033 -0.442871 -4.121636 -0.265849 2.264103 2.634089
0.499883 -0.491440 0.018634 2.978033 -0.442871 -4.121636 -0.265849 2.264103 2.634089
0.499383 -0.490240 0.019376 2.977110 -0.449357 -4.126575 -0.359580 2.252946 2.717190
0.499383 -0.490240 0.019376 2.977110 -0.449357 -4.126575 -0.359580 2.252946 2.717190
0.499383 -0.490240 0.019376 2.977110 -0.449357 -4.126575 -0.359580 2.252946 2.717190
0.498829 -0.489046 0.020227 2.975962 -0.456112 -4.131489 -0.317020 2.278642 2.725193
0.498829 -0.489046 0.020227 2.975962 -0.456112 -4.131489 -0.317020 2.278642 2.725193
0.498829 -0.489046 0.020227 2.975962 -0.456112 -4.131489 -0.317020 2.278642 2.725193
0.498200 -0.487683 0.021317 2.973923 -0.461564 -4.134304 -0.263198 2.254382 2.628756
0.498200 -0.487683 0.021317 2.973923 -0.461564 -4.134304 -0.263198 2.254382 2.628756
0.498200 -0.487683 0.021317 2.973923 -0.461564 -4.134304 -0.263198 2.254382 2.628756
0.498200 -0.487683 0.021317 2.973923 -0.461564 -4.134304 -0.263198 2.254382 2.628756
0.497244 -0.486015 0.022596 2.971663 -0.467735 -4.136524 -0.263542 2.399396 2.610518
0.497244 -0.486015 0.022596 2.971663 -0.467735 -4.136524 -0.263542 2.399396 2.610518
0.497244 -0.486015 0.022596 2.971663 -0.467735 -4.136524 -0.263542 2.399396 2.610518
0.496329 -0.484026 0.024259 2.968189 -0.474772 -4.137423 -0.312886 2.429165 2.646849
0.496329 -0.484026 0.024259 2.968189 -0.474772 -4.137423 -0.312886 2.429165 2.646849
0.496329 -0.484026 0.024259 2.968189 -0.474772 -4.137423 -0.312886 2.429165 2.646849
0.495274 -0.481604 0.026396 2.964725 -0.485518 -4.139598 -0.277349 2.452070 2.588889
0.495274 -0.481604 0.026396 2.964725 -0.485518 -4.139598 -0.277349 2.452070 2.588889
0.495274 -0.481604 0.026396 2.964725 -0.485518 -4.139598 -0.277349 2.452070 2.588889
0.495274 -0.481604 0.026396 2.964725 -0.485518 -4.139598 -0.277349 2.452070 2.588889
0.494420 -0.479016 0.028622 2.961328 -0.497493 -4.142191 -0.304985 2.435619 2.669826
0.494420 -0.479016 0.028622 2.961328 -0.497493 -4.142191 -0.304985 2.435619 2.669826
0.494420 -0.479016 0.028622 2.961328 -0.497493 -4.142191 -0.304985 2.435619 2.669826
0.493734 -0.476834 0.031135 2.957835 -0.508832 -4.146501 -0.325486 2.522581 2.612191
0.493734 -0.476834 0.031135 2.957835 -0.508832 -4.146501 -0.325486 2.522581 2.612191
0.493734 -0.476834 0.031135 2.957835 -0.508832 -4.146501 -0.325486 2.522581 2.612191
0.493510 -0.474821 0.033492 2.953980 -0.519942 -4.152914 -0.456929 2.585719 2.472833
0.493510 -0.474821 0.033492 2.953980 -0.519942 -4.152914 -0.456929 2.585719 2.472833
0.493510 -0.474821 0.033492 2.953980 -0.519942 -4.152914 -0.456929 2.585719 2.472833
0.493510 -0.474821 0.033492 2.953980 -0.519942 -4.152914 -0.456929 2.585719 2.472833
0.493142 -0.472886 0.035689 2.951562 -0.532531 -4.160834 -0.534923 2.811619 2.473519
0.493142 -0.472886 0.035689 2.951562 -0.532531 -4.160834 -0.534923 2.811619 2.473519
0.493142 -0.472886 0.035689 2.951562 -0.532531 -4.160834 -0.534923 2.811619 2.473519
0.492687 -0.471475 0.037802 2.949482 -0.543906 -4.168040 -0.566060 2.900166 2.513883
0.492687 -0.471475 0.037802 2.949482 -0.543906 -4.168040 -0.566060 2.900166 2.513883
0.492687 -0.471475 0.037802 2.949482 -0.543906 -4.168040 -0.566060 2.900166 2.513883
0.492482 -0.470353 0.039622 2.945584 -0.552385 -4.173559 -0.530328 3.191860 2.428711
0.492482 -0.470353 0.039622 2.945584 -0.552385 -4.173559 -0.530328 3.191860 2.428711
0.492482 -0.470353 0.039622 2.945584 -0.552385 -4.173559 -0.530328 3.191860 2.428711
0.492482 -0.470353 0.039622 2.945584 -0.552385 -4.173559 -0.530328 3.191860 2.428711
0.492069 -0.468917 0.041824 2.941535 -0.564248 -4.180394 -0.557314 3.256079 2.530497
0.492069 -0.468917 0.041824 2.941535 -0.564248 -4.180394 -0.557314 3.256079 2.530497
0.492069 -0.468917 0.041824 2.941535 -0.564248 -4.180394 -0.557314 3.256079 2.530497
0.491574 -0.467908 0.043653 2.939792 -0.573601 -4.186795 -0.538346 3.367847 2.464407
0.491574 -0.467908 0.043653 2.939792 -0.573601 -4.186795 -0.538346 3.367847 2.464407
0.491574 -0.467908 0.043653 2.939792 -0.573601 -4.186795 -0.538346 3.367847 2.464407
0.490789 -0.466783 0.045746 2.937648 -0.584983 -4.192210 -0.426594 3.341872 2.393483
0.490789 -0.466783 0.045746 2.937648 -0.584983 -4.192210 -0.426594 3.341872 2.393483
0.490789 -0.466783 0.045746 2.937648 -0.584983 -4.192210 -0.426594 3.341872 2.393483
0.490789 -0.466783 0.045746 2.937648 -0.584983 -4.192210 -0.426594 3.341872 2.393483
0.489400 -0.464766 0.048845 2.935185 -0.601661 -4.196526 -0.389832 3.169927 2.277089
0.489400 -0.464766 0.048845 2.935185 -0.601661 -4.196526 -0.389832 3.169927 2.277089
0.489400 -0.464766 0.048845 2.935185 -0.601661 -4.196526 -0.389832 3.169927 2.277089
0.488005 -0.462973 0.052152 2.931847 -0.613573 -4.197340 -0.342902 3.063756 2.165390
0.488005 -0.462973 0.052152 2.931847 -0.613573 -4.197340 -0.342902 3.063756 2.165390
0.488005 -0.462973 0.052152 2.931847 -0.613573 -4.197340 -0.342902 3.063756 2.165390
0.487922 -0.461918 0.055012 2.925330 -0.614851 -4.196899 -0.278712 2.876586 1.999082
0.487922 -0.461918 0.055012 2.925330 -0.614851 -4.196899 -0.278712 2.876586 1.999082
0.487922 -0.461918 0.055012 2.925330 -0.614851 -4.196899 -0.278712 2.876586 1.999082
0.487922 -0.461918 0.055012 2.925330 -0.614851 -4.196899 -0.278712 2.876586 1.999082
0.487803 -0.460308 0.058672 2.917619 -0.618692 -4.197016 -0.339634 2.707825 1.937677
0.487803 -0.460308 0.058672 2.917619 -0.618692 -4.197016 -0.339634 2.707825 1.937677
0.487803 -0.460308 0.058672 2.917619 -0.618692 -4.197016 -0.339634 2.707825 1.937677
0.486090 -0.456555 0.064451 2.911215 -0.640851 -4.198485 -0.286227 2.437007 1.892008
0.486090 -0.456555 0.064451 2.911215 -0.640851 -4.198485 -0.286227 2.437007 1.892008
0.486090 -0.456555 0.064451 2.911215 -0.640851 -4.198485 -0.286227 2.437007 1.892008
0.482786 -0.451165 0.072004 2.907740 -0.678442 -4.200209 -0.165452 2.038509 1.528117
0.482786 -0.451165 0.072004 2.907740 -0.678442 -4.200209 -0.165452 2.038509 1.528117
0.482786 -0.451165 0.072004 2.907740 -0.678442 -4.200209 -0.165452 2.038509 1.528117
0.482786 -0.451165 0.072004 2.907740 -0.678442 -4.200209 -0.165452 2.038509 1.528117
0.479670 -0.446658 0.079226 2.904728 -0.708037 -4.199543 -0.066674 1.468970 1.307909
0.479670 -0.446658 0.079226 2.904728 -0.708037 -4.199543 -0.066674 1.468970 1.307909
0.479670 -0.446658 0.079226 2.904728 -0.708037 -4.199543 -0.066674 1.468970 1.307909
0.477824 -0.442144 0.085603 2.898920 -0.731622 -4.201198 -0.038372 1.200865 1.139778
0.477824 -0.442144 0.085603 2.898920 -0.731622 -4.201198 -0.038372 1.200865 1.139778
0.477824 -0.442144 0.085603 2.898920 -0.731622 -4.201198 -0.038372 1.200865 1.139778
0.475882 -0.437122 0.092793 2.892363 -0.755615 -4.204609 -0.026321 0.703251 0.925998
0.475882 -0.437122 0.092793 2.892363 -0.755615 -4.204609 -0.026321 0.703251 0.925998
0.475882 -0.437122 0.092793 2.892363 -0.755615 -4.204609 -0.026321 0.703251 0.925998
0.475882 -0.437122 0.092793 2.892363 -0.755615 -4.204609 -0.026321 0.703251 0.925998
0.473635 -0.430481 0.100458 2.887987 -0.783205 -4.206845 -0.029107 0.374709 0.808824
0.473635 -0.430481 0.100458 2.887987 -0.783205 -4.206845 -0.029107 0.374709 0.808824
0.473635 -0.430481 0.100458 2.887987 -0.783205 -4.206845 -0.029107 0.374709 0.808824
0.471549 -0.422387 0.109296 2.882116 -0.811701 -4.208766 -0.097538 0.220626 0.775987
0.471549 -0.422387 0.109296 2.882116 -0.811701 -4.208766 -0.097538 0.220626 0.775987
0.471549 -0.422387 0.109296 2.882116 -0.811701 -4.208766 -0.097538 0.220626 0.775987
0.468638 -0.412651 0.120231 2.873326 -0.841403 -4.207778 -0.062537 0.266946 0.843813
0.468638 -0.412651 0.120231 2.873326 -0.841403 -4.207778 -0.062537 0.266946 0.843813
0.468638 -0.412651 0.120231 2.873326 -0.841403 -4.207778 -0.062537 0.266946 0.843813
0.468638 -0.412651 0.120231 2.873326 -0.841403 -4.207778 -0.062537 0.266946 0.843813
0.465770 -0.402618 0.131940 2.856591 -0.858450 -4.196190 -0.010066 0.422655 0.911846
0.465770 -0.402618 0.131940 2.856591 -0.858450 -4.196190 -0.010066 0.422655 0.911846
0.465770 -0.402618 0.131940 2.856591 -0.858450 -4.196190 -0.010066 0.422655 0.911846
0.463615 -0.392735 0.144998 2.830261 -0.867348 -4.182736 -0.019502 0.505504 0.875286
0.463615 -0.392735 0.144998 2.830261 -0.867348 -4.182736 -0.019502 0.505504 0.875286
0.463615 -0.392735 0.144998 2.830261 -0.867348 -4.182736 -0.019502 0.505504 0.875286
0.461713 -0.382551 0.160192 2.802816 -0.880812 -4.174575 0.025483 0.437564 0.740492
0.461713 -0.382551 0.160192 2.802816 -0.880812 -4.174575 0.025483 0.437564 0.740492
0.461713 -0.382551 0.160192 2.802816 -0.880812 -4.174575 0.025483 0.437564 0.740492
0.461713 -0.382551 0.160192 2.802816 -0.880812 -4.174575 0.025483 0.437564 0.740492
0.459169 -0.372903 0.176075 2.778751 -0.897304 -4.166914 0.115535 0.371536 0.797944
0.459169 -0.372903 0.176075 2.778751 -0.897304 -4.166914 0.115535 0.371536 0.797944
0.459169 -0.372903 0.176075 2.778751 -0.897304 -4.166914 0.115535 0.371536 0.797944
0.456303 -0.364003 0.192672 2.753368 -0.913674 -4.158426 0.172494 0.442684 0.792350
0.456303 -0.364003 0.192672 2.753368 -0.913674 -4.158426 0.172494 0.442684 0.792350
0.456303 -0.364003 0.192672 2.753368 -0.913674 -4.158426 0.172494 0.442684 0.792350
0.453341 -0.355745 0.209815 2.726072 -0.931869 -4.151548 0.214491 0.318862 0.681496
0.453341 -0.355745 0.209815 2.726072 -0.931869 -4.151548 0.214491 0.318862 0.681496
0.453341 -0.355745 0.209815 2.726072 -0.931869 -4.151548 0.214491 0.318862 0.681496
0.453341 -0.355745 0.209815 2.726072 -0.931869 -4.151548 0.214491 0.318862 0.681496
0.449595 -0.348096 0.226429 2.701438 -0.949461 -4.143942 0.239202 0.300183 0.567791
0.449595 -0.348096 0.226429 2.701438 -0.949461 -4.143942 0.239202 0.300183 0.567791
0.449595 -0.348096 0.226429 2.701438 -0.949461 -4.143942 0.239202 0.300183 0.567791
0.445870 -0.340974 0.242733 2.677726 -0.966055 -4.137771 0.205274 0.301748 0.471625
0.445870 -0.340974 0.242733 2.677726 -0.966055 -4.137771 0.205274 0.301748 0.471625
0.445870 -0.340974 0.242733 2.677726 -0.966055 -4.137771 0.205274 0.301748 0.471625
0.442208 -0.334847 0.257306 2.653986 -0.975362 -4.128051 0.265991 0.234958 0.502928
0.442208 -0.334847 0.257306 2.653986 -0.975362 -4.128051 0.265991 0.234958 0.502928
0.442208 -0.334847 0.257306 2.653986 -0.975362 -4.128051 0.265991 0.234958 0.502928
0.442208 -0.334847 0.257306 2.653986 -0.975362 -4.128051 0.265991 0.234958 0.502928
0.438392 -0.329150 0.271064 2.630299 -0.982551 -4.117626 0.319628 0.188868 0.490433
0.438392 -0.329150 0.271064 2.630299 -0.982551 -4.117626 0.319628 0.188868 0.490433
0.438392 -0.329150 0.271064 2.630299 -0.982551 -4.117626 0.319628 0.188868 0.490433
0.434562 -0.323869 0.283330 2.610603 -0.991306 -4.109706 0.356431 0.153846 0.397445
0.434562 -0.323869 0.283330 2.610603 -0.991306 -4.109706 0.356431 0.153846 0.397445
0.434562 -0.323869 0.283330 2.610603 -0.991306 -4.109706 0.356431 0.153846 0.397445
0.430919 -0.319418 0.293323 2.594402 -0.996011 -4.100761 0.316295 0.019782 0.257610
0.430919 -0.319418 0.293323 2.594402 -0.996011 -4.100761 0.316295 0.019782 0.257610
0.430919 -0.319418 0.293323 2.594402 -0.996011 -4.100761 0.316295 0.019782 0.257610
0.430919 -0.319418 0.293323 2.594402 -0.996011 -4.100761 0.316295 0.019782 0.257610
0.427613 -0.315608 0.301489 2.580620 -0.998747 -4.091678 0.317443 0.089314 0.238068
0.427613 -0.315608 0.301489 2.580620 -0.998747 -4.091678 0.317443 0.089314 0.238068
0.427613 -0.315608 0.301489 2.580620 -0.998747 -4.091678 0.317443 0.089314 0.238068
0.424419 -0.312855 0.307305 2.572106 -0.999441 -4.080693 0.391344 0.143289 0.159089
0.424419 -0.312855 0.307305 2.572106 -0.999441 -4.080693 0.391344 0.143289 0.159089
0.424419 -0.312855 0.307305 2.572106 -0.999441 -4.080693 0.391344 0.143289 0.159089
0.422130 -0.310855 0.310979 2.567742 -0.999650 -4.074597 0.423758 0.208559 0.216452
0.422130 -0.310855 0.310979 2.567742 -0.999650 -4.074597 0.423758 0.208559 0.216452
0.422130 -0.310855 0.310979 2.567742 -0.999650 -4.074597 0.423758 0.208559 0.216452
0.422130 -0.310855 0.310979 2.567742 -0.999650 -4.074597 0.423758 0.208559 0.216452
0.420937 -0.309650 0.313238 2.562831 -1.000320 -4.072589 0.371032 0.224207 0.168648
0.420937 -0.309650 0.313238 2.562831 -1.000320 -4.072589 0.371032 0.224207 0.168648
0.420937 -0.309650 0.313238 2.562831 -1.000320 -4.072589 0.371032 0.224207 0.168648
0.420412 -0.309622 0.313169 2.562648 -0.996232 -4.068606 0.389883 0.285245 0.063854
0.420412 -0.309622 0.313169 2.562648 -0.996232 -4.068606 0.389883 0.285245 0.063854
0.420412 -0.309622 0.313169 2.562648 -0.996232 -4.068606 0.389883 0.285245 0.063854
0.420962 -0.310486 0.311414 2.563104 -0.989362 -4.066542 0.311157 0.275173 -0.019139
0.420962 -0.310486 0.311414 2.563104 -0.989362 -4.066542 0.311157 0.275173 -0.019139
0.420962 -0.310486 0.311414 2.563104 -0.989362 -4.066542 0.311157 0.275173 -0.019139
0.420962 -0.310486 0.311414 2.563104 -0.989362 -4.066542 0.311157 0.275173 -0.019139
0.422129 -0.311794 0.308826 2.566829 -0.983851 -4.066210 0.281846 0.325100 -0.179044
0.422129 -0.311794 0.308826 2.566829 -0.983851 -4.066210 0.281846 0.325100 -0.179044
0.422129 -0.311794 0.308826 2.566829 -0.983851 -4.066210 0.281846 0.325100 -0.179044
0.423816 -0.314162 0.305081 2.573285 -0.975166 -4.066626 0.273942 0.396956 -0.192323
0.423816 -0.314162 0.305081 2.573285 -0.975166 -4.066626 0.273942 0.396956 -0.192323
0.423816 -0.314162 0.305081 2.573285 -0.975166 -4.066626 0.273942 0.396956 -0.192323
0.427102 -0.317255 0.300293 2.575606 -0.956560 -4.065777 0.167551 0.482025 -0.096768
0.427102 -0.317255 0.300293 2.575606 -0.956560 -4.065777 0.167551 0.482025 -0.096768
0.427102 -0.317255 0.300293 2.575606 -0.956560 -4.065777 0.167551 0.482025 -0.096768
0.427102 -0.317255 0.300293 2.575606 -0.956560 -4.065777 0.167551 0.482025 -0.096768
0.431169 -0.321061 0.295581 2.577269 -0.935781 -4.066350 0.207546 0.512415 -0.058622
0.431169 -0.321061 0.295581 2.577269 -0.935781 -4.066350 0.207546 0.512415 -0.058622
0.431169 -0.321061 0.295581 2.577269 -0.935781 -4.066350 0.207546 0.512415 -0.058622
0.435208 -0.325347 0.291258 2.580987 -0.918158 -4.067948 0.274472 0.535949 -0.059135
0.435208 -0.325347 0.291258 2.580987 -0.918158 -4.067948 0.274472 0.535949 -0.059135
0.435208 -0.325347 0.291258 2.580987 -0.918158 -4.067948 0.274472 0.535949 -0.059135
0.439244 -0.330187 0.287207 2.583090 -0.898945 -4.068638 0.226323 0.603778 0.136127
0.439244 -0.330187 0.287207 2.583090 -0.898945 -4.068638 0.226323 0.603778 0.136127
0.439244 -0.330187 0.287207 2.583090 -0.898945 -4.068638 0.226323 0.603778 0.136127
0.439244 -0.330187 0.287207 2.583090 -0.898945 -4.068638 0.226323 0.603778 0.136127
0.444072 -0.335786 0.282878 2.584308 -0.873940 -4.068336 0.154283 0.577977 0.185299
0.444072 -0.335786 0.282878 2.584308 -0.873940 -4.068336 0.154283 0.577977 0.185299
0.444072 -0.335786 0.282878 2.584308 -0.873940 -4.068336 0.154283 0.577977 0.185299
0.449881 -0.341809 0.278373 2.586818 -0.846179 -4.070718 0.078322 0.598004 0.209155
0.449881 -0.341809 0.278373 2.586818 -0.846179 -4.070718 0.078322 0.598004 0.209155
0.449881 -0.341809 0.278373 2.586818 -0.846179 -4.070718 0.078322 0.598004 0.209155
0.456670 -0.348375 0.273649 2.587624 -0.813368 -4.074107 0.086295 0.518079 0.067304
0.456670 -0.348375 0.273649 2.587624 -0.813368 -4.074107 0.086295 0.518079 0.067304
0.456670 -0.348375 0.273649 2.587624 -0.813368 -4.074107 0.086295 0.518079 0.067304
0.456670 -0.348375 0.273649 2.587624 -0.813368 -4.074107 0.086295 0.518079 0.067304
0.463682 -0.355174 0.269262 2.588367 -0.780786 -4.077835 0.074172 0.502057 -0.036808
0.463682 -0.355174 0.269262 2.588367 -0.780786 -4.077835 0.074172 0.502057 -0.036808
0.463682 -0.355174 0.269262 2.588367 -0.780786 -4.077835 0.074172 0.502057 -0.036808
0.470317 -0.362462 0.264927 2.591046 -0.748670 -4.081345 0.088756 0.452837 0.008864
0.470317 -0.362462 0.264927 2.591046 -0.748670 -4.081345 0.088756 0.452837 0.008864
0.470317 -0.362462 0.264927 2.591046 -0.748670 -4.081345 0.088756 0.452837 0.008864
0.477340 -0.369725 0.260888 2.590422 -0.718659 -4.086020 0.074236 0.452401 0.036963
0.477340 -0.369725 0.260888 2.590422 -0.718659 -4.086020 0.074236 0.452401 0.036963
0.477340 -0.369725 0.260888 2.590422 -0.718659 -4.086020 0.074236 0.452401 0.036963
0.477340 -0.369725 0.260888 2.590422 -0.718659 -4.086020 0.074236 0.452401 0.036963
0.483513 -0.376952 0.256787 2.592689 -0.688234 -4.088081 0.128443 0.383026 -0.106541
0.483513 -0.376952 0.256787 2.592689 -0.688234 -4.088081 0.128443 0.383026 -0.106541
0.483513 -0.376952 0.256787 2.592689 -0.688234 -4.088081 0.128443 0.383026 -0.106541
0.489183 -0.384138 0.252314 2.596716 -0.660484 -4.089984 0.126842 0.325060 -0.110049
0.489183 -0.384138 0.252314 2.596716 -0.660484 -4.089984 0.126842 0.325060 -0.110049
0.489183 -0.384138 0.252314 2.596716 -0.660484 -4.089984 0.126842 0.325060 -0.110049
0.494486 -0.391113 0.247549 2.604077 -0.635697 -4.092738 0.116108 0.265206 -0.099551
0.494486 -0.391113 0.247549 2.604077 -0.635697 -4.092738 0.116108 0.265206 -0.099551
0.494486 -0.391113 0.247549 2.604077 -0.635697 -4.092738 0.116108 0.265206 -0.099551
0.494486 -0.391113 0.247549 2.604077 -0.635697 -4.092738 0.116108 0.265206 -0.099551
0.499234 -0.397803 0.242935 2.610889 -0.615061 -4.095529 0.049218 0.184707 -0.134245
0.499234 -0.397803 0.242935 2.610889 -0.615061 -4.095529 0.049218 0.184707 -0.134245
0.499234 -0.397803 0.242935 2.610889 -0.615061 -4.095529 0.049218 0.184707 -0.134245
0.504302 -0.404067 0.238134 2.616306 -0.596116 -4.099201 0.034187 0.161515 -0.069418
0.504302 -0.404067 0.238134 2.616306 -0.596116 -4.099201 0.034187 0.161515 -0.069418
0.504302 -0.404067 0.238134 2.616306 -0.596116 -4.099201 0.034187 0.161515 -0.069418
0.509125 -0.410190 0.233471 2.622477 -0.578780 -4.104359 0.085976 0.074076 -0.001291
0.509125 -0.410190 0.233471 2.622477 -0.578780 -4.104359 0.085976 0.074076 -0.001291
0.509125 -0.410190 0.233471 2.622477 -0.578780 -4.104359 0.085976 0.074076 -0.001291
0.509125 -0.410190 0.233471 2.622477 -0.578780 -4.104359 0.085976 0.074076 -0.001291
0.513547 -0.415983 0.228478 2.629152 -0.563021 -4.108601 0.066627 0.048118 0.136357
0.513547 -0.415983 0.228478 2.629152 -0.563021 -4.108601 0.066627 0.048118 0.136357
0.513547 -0.415983 0.228478 2.629152 -0.563021 -4.108601 0.066627 0.048118 0.136357
0.518513 -0.421789 0.222644 2.637460 -0.546114 -4.114366 0.072699 0.020836 0.103438
0.518513 -0.421789 0.222644 2.637460 -0.546114 -4.114366 0.072699 0.020836 0.103438
0.518513 -0.421789 0.222644 2.637460 -0.546114 -4.114366 0.072699 0.020836 0.103438
0.523483 -0.427428 0.216607 2.646220 -0.532300 -4.123553 0.039861 -0.058985 0.114734
0.523483 -0.427428 0.216607 2.646220 -0.532300 -4.123553 0.039861 -0.058985 0.114734
0.523483 -0.427428 0.216607 2.646220 -0.532300 -4.123553 0.039861 -0.058985 0.114734
0.523483 -0.427428 0.216607 2.646220 -0.532300 -4.123553 0.039861 -0.058985 0.114734
0.528119 -0.433319 0.209781 2.657331 -0.516228 -4.130210 0.086096 -0.012337 0.185504
0.528119 -0.433319 0.209781 2.657331 -0.516228 -4.130210 0.086096 -0.012337 0.185504
0.528119 -0.433319 0.209781 2.657331 -0.516228 -4.130210 0.086096 -0.012337 0.185504
0.533023 -0.439311 0.202539 2.665615 -0.496949 -4.134710 0.053735 0.033237 0.223200
0.533023 -0.439311 0.202539 2.665615 -0.496949 -4.134710 0.053735 0.033237 0.223200
0.533023 -0.439311 0.202539 2.665615 -0.496949 -4.134710 0.053735 0.033237 0.223200
0.536936 -0.445282 0.194930 2.679809 -0.484351 -4.142966 0.155682 0.070886 0.210556
0.536936 -0.445282 0.194930 2.679809 -0.484351 -4.142966 0.155682 0.070886 0.210556
0.536936 -0.445282 0.194930 2.679809 -0.484351 -4.142966 0.155682 0.070886 0.210556
0.536936 -0.445282 0.194930 2.679809 -0.484351 -4.142966 0.155682 0.070886 0.210556
0.540680 -0.451113 0.186649 2.695981 -0.472111 -4.151413 0.106090 0.021181 0.313348
0.540680 -0.451113 0.186649 2.695981 -0.472111 -4.151413 0.106090 0.021181 0.313348
0.540680 -0.451113 0.186649 2.695981 -0.472111 -4.151413 0.106090 0.021181 0.313348
0.544404 -0.456905 0.178360 2.711621 -0.459358 -4.159577 0.070440 0.042212 0.241920
0.544404 -0.456905 0.178360 2.711621 -0.459358 -4.159577 0.070440 0.042212 0.241920
0.544404 -0.456905 0.178360 2.711621 -0.459358 -4.159577 0.070440 0.042212 0.241920
0.547880 -0.462029 0.170093 2.726563 -0.448392 -4.167105 0.074684 0.076635 0.186788
0.547880 -0.462029 0.170093 2.726563 -0.448392 -4.167105 0.074684 0.076635 0.186788
0.547880 -0.462029 0.170093 2.726563 -0.448392 -4.167105 0.074684 0.076635 0.186788
0.547880 -0.462029 0.170093 2.726563 -0.448392 -4.167105 0.074684 0.076635 0.186788
0.550901 -0.467089 0.161671 2.741635 -0.435926 -4.172682 0.066152 0.011651 0.133924
0.550901 -0.467089 0.161671 2.741635 -0.435926 -4.172682 0.066152 0.011651 0.133924
0.550901 -0.467089 0.161671 2.741635 -0.435926 -4.172682 0.066152 0.011651 0.133924
0.553435 -0.471575 0.153761 2.755547 -0.424493 -4.176663 0.065112 0.041229 0.175227
0.553435 -0.471575 0.153761 2.755547 -0.424493 -4.176663 0.065112 0.041229 0.175227
0.553435 -0.471575 0.153761 2.755547 -0.424493 -4.176663 0.065112 0.041229 0.175227
0.555567 -0.475341 0.146395 2.768535 -0.415651 -4.180114 0.090445 0.052476 0.146330
0.555567 -0.475341 0.146395 2.768535 -0.415651 -4.180114 0.090445 0.052476 0.146330
0.555567 -0.475341 0.146395 2.768535 -0.415651 -4.180114 0.090445 0.052476 0.146330
0.555567 -0.475341 0.146395 2.768535 -0.415651 -4.180114 0.090445 0.052476 0.146330
0.557144 -0.478621 0.139211 2.782971 -0.410323 -4.186276 0.078932 0.050381 0.166662
0.557144 -0.478621 0.139211 2.782971 -0.410323 -4.186276 0.078932 0.050381 0.166662
0.557144 -0.478621 0.139211 2.782971 -0.410323 -4.186276 0.078932 0.050381 0.166662
0.558626 -0.481446 0.132682 2.796317 -0.406587 -4.191576 0.015242 0.050985 0.209068
0.558626 -0.481446 0.132682 2.796317 -0.406587 -4.191576 0.015242 0.050985 0.209068
0.558626 -0.481446 0.132682 2.796317 -0.406587 -4.191576 0.015242 0.050985 0.209068
0.560659 -0.483952 0.126445 2.805572 -0.399648 -4.195415 -0.053594 0.058219 0.238188
0.560659 -0.483952 0.126445 2.805572 -0.399648 -4.195415 -0.053594 0.058219 0.238188
0.560659 -0.483952 0.126445 2.805572 -0.399648 -4.195415 -0.053594 0.058219 0.238188
0.560659 -0.483952 0.126445 2.805572 -0.399648 -4.195415 -0.053594 0.058219 0.238188
0.562338 -0.486066 0.120433 2.815336 -0.393646 -4.199224 -0.054252 0.023104 0.320107
0.562338 -0.486066 0.120433 2.815336 -0.393646 -4.199224 -0.054252 0.023104 0.320107
0.562338 -0.486066 0.120433 2.815336 -0.393646 -4.199224 -0.054252 0.023104 0.320107
0.563617 -0.487910 0.114623 2.824668 -0.386383 -4.200926 -0.070030 0.037398 0.294023
0.563617 -0.487910 0.114623 2.824668 -0.386383 -4.200926 -0.070030 0.037398 0.294023
0.563617 -0.487910 0.114623 2.824668 -0.386383 -4.200926 -0.070030 0.037398 0.294023
0.565011 -0.489262 0.109377 2.832396 -0.381805 -4.204532 -0.062594 0.012373 0.353666
0.565011 -0.489262 0.109377 2.832396 -0.381805 -4.204532 -0.062594 0.012373 0.353666
0.565011 -0.489262 0.109377 2.832396 -0.381805 -4.204532 -0.062594 0.012373 0.353666
0.565011 -0.489262 0.109377 2.832396 -0.381805 -4.204532 -0.062594 0.012373 0.353666
0.565777 -0.490352 0.104207 2.841571 -0.378086 -4.207737 0.003150 -0.036715 0.341907
0.565777 -0.490352 0.104207 2.841571 -0.378086 -4.207737 0.003150 -0.036715 0.341907
0.565777 -0.490352 0.104207 2.841571 -0.378086 -4.207737 0.003150 -0.036715 0.341907
0.566612 -0.490649 0.099208 2.849609 -0.377381 -4.211224 -0.048704 -0.078396 0.302775
0.566612 -0.490649 0.099208 2.849609 -0.377381 -4.211224 -0.048704 -0.078396 0.302775
0.566612 -0.490649 0.099208 2.849609 -0.377381 -4.211224 -0.048704 -0.078396 0.302775
0.566604 -0.491047 0.094647 2.857834 -0.376433 -4.211895 -0.080657 -0.054325 0.218102
0.566604 -0.491047 0.094647 2.857834 -0.376433 -4.211895 -0.080657 -0.054325 0.218102
0.566604 -0.491047 0.094647 2.857834 -0.376433 -4.211895 -0.080657 -0.054325 0.218102
0.566604 -0.491047 0.094647 2.857834 -0.376433 -4.211895 -0.080657 -0.054325 0.218102
0.566433 -0.490928 0.090330 2.865310 -0.378781 -4.213715 -0.066787 -0.015184 0.223711
0.566433 -0.490928 0.090330 2.865310 -0.378781 -4.213715 -0.066787 -0.015184 0.223711
0.566433 -0.490928 0.090330 2.865310 -0.378781 -4.213715 -0.066787 -0.015184 0.223711
0.566104 -0.490010 0.085682 2.872895 -0.383837 -4.215724 -0.016639 -0.013055 0.231278
0.566104 -0.490010 0.085682 2.872895 -0.383837 -4.215724 -0.016639 -0.013055 0.231278
0.566104 -0.490010 0.085682 2.872895 -0.383837 -4.215724 -0.016639 -0.013055 0.231278
0.565386 -0.489751 0.080938 2.881903 -0.385624 -4.217796 -0.032214 -0.008563 0.320789
0.565386 -0.489751 0.080938 2.881903 -0.385624 -4.217796 -0.032214 -0.008563 0.320789
0.565386 -0.489751 0.080938 2.881903 -0.385624 -4.217796 -0.032214 -0.008563 0.320789
0.565386 -0.489751 0.080938 2.881903 -0.385624 -4.217796 -0.032214 -0.008563 0.320789
0.564675 -0.489319 0.076702 2.890072 -0.390038 -4.219561 -0.010971 0.018612 0.421701
0.564675 -0.489319 0.076702 2.890072 -0.390038 -4.219561 -0.010971 0.018612 0.421701
0.564675 -0.489319 0.076702 2.890072 -0.390038 -4.219561 -0.010971 0.018612 0.421701
0.563268 -0.488502 0.072670 2.898076 -0.395463 -4.221028 -0.061627 0.068383 0.500187
0.563268 -0.488502 0.072670 2.898076 -0.395463 -4.221028 -0.061627 0.068383 0.500187
0.563268 -0.488502 0.072670 2.898076 -0.395463 -4.221028 -0.061627 0.068383 0.500187
0.562580 -0.488098 0.068469 2.905114 -0.397910 -4.223438 0.053714 0.047774 0.377636
0.562580 -0.488098 0.068469 2.905114 -0.397910 -4.223438 0.053714 0.047774 0.377636
0.562580 -0.488098 0.068469 2.905114 -0.397910 -4.223438 0.053714 0.047774 0.377636
0.562580 -0.488098 0.068469 2.905114 -0.397910 -4.223438 0.053714 0.047774 0.377636
0.561661 -0.487945 0.064364 2.912941 -0.398623 -4.225008 0.057071 0.125631 0.479426
0.561661 -0.487945 0.064364 2.912941 -0.398623 -4.225008 0.057071 0.125631 0.479426
0.561661 -0.487945 0.064364 2.912941 -0.398623 -4.225008 0.057071 0.125631 0.479426
0.560831 -0.487564 0.060489 2.919272 -0.400389 -4.226585 0.027622 0.111664 0.601391
0.560831 -0.487564 0.060489 2.919272 -0.400389 -4.226585 0.027622 0.111664 0.601391
0.560831 -0.487564 0.060489 2.919272 -0.400389 -4.226585 0.027622 0.111664 0.601391
0.559468 -0.487205 0.056944 2.926576 -0.402797 -4.227700 0.025335 0.111507 0.584014
0.559468 -0.487205 0.056944 2.926576 -0.402797 -4.227700 0.025335 0.111507 0.584014
0.559468 -0.487205 0.056944 2.926576 -0.402797 -4.227700 0.025335 0.111507 0.584014
0.559468 -0.487205 0.056944 2.926576 -0.402797 -4.227700 0.025335 0.111507 0.584014
0.558373 -0.486767 0.053788 2.933083 -0.405935 -4.228170 0.060317 0.152869 0.512419
0.558373 -0.486767 0.053788 2.933083 -0.405935 -4.228170 0.060317 0.152869 0.512419
0.558373 -0.486767 0.053788 2.933083 -0.405935 -4.228170 0.060317 0.152869 0.512419
0.557584 -0.486307 0.051045 2.937732 -0.407937 -4.228168 0.062362 0.185323 0.468433
0.557584 -0.486307 0.051045 2.937732 -0.407937 -4.228168 0.062362 0.185323 0.468433
0.557584 -0.486307 0.051045 2.937732 -0.407937 -4.228168 0.062362 0.185323 0.468433
0.556973 -0.486160 0.048454 2.941716 -0.409424 -4.230102 0.043032 0.050693 0.373865
0.556973 -0.486160 0.048454 2.941716 -0.409424 -4.230102 0.043032 0.050693 0.373865
0.556973 -0.486160 0.048454 2.941716 -0.409424 -4.230102 0.043032 0.050693 0.373865
0.556973 -0.486160 0.048454 2.941716 -0.409424 -4.230102 0.043032 0.050693 0.373865
0.556496 -0.485848 0.045792 2.945940 -0.411641 -4.231525 0.042039 0.054481 0.337484
0.556496 -0.485848 0.045792 2.945940 -0.411641 -4.231525 0.042039 0.054481 0.337484
0.556496 -0.485848 0.045792 2.945940 -0.411641 -4.231525 0.042039 0.054481 0.337484
0.556116 -0.485713 0.043394 2.950555 -0.413467 -4.234006 0.052351 0.036400 0.292133
0.556116 -0.485713 0.043394 2.950555 -0.413467 -4.234006 0.052351 0.036400 0.292133
0.556116 -0.485713 0.043394 2.950555 -0.413467 -4.234006 0.052351 0.036400 0.292133
0.555688 -0.485967 0.040741 2.956563 -0.412565 -4.234992 0.061823 0.012448 0.368361
0.555688 -0.485967 0.040741 2.956563 -0.412565 -4.234992 0.061823 0.012448 0.368361
0.555688 -0.485967 0.040741 2.956563 -0.412565 -4.234992 0.061823 0.012448 0.368361
0.555688 -0.485967 0.040741 2.956563 -0.412565 -4.234992 0.061823 0.012448 0.368361
0.554962 -0.485497 0.038816 2.961699 -0.416538 -4.236352 0.011871 0.073615 0.485213
0.554962 -0.485497 0.038816 2.961699 -0.416538 -4.236352 0.011871 0.073615 0.485213
0.554962 -0.485497 0.038816 2.961699 -0.416538 -4.236352 0.011871 0.073615 0.485213
0.554233 -0.484768 0.036896 2.965722 -0.419205 -4.236027 -0.019409 0.129095 0.487615
0.554233 -0.484768 0.036896 2.965722 -0.419205 -4.236027 -0.019409 0.129095 0.487615
0.554233 -0.484768 0.036896 2.965722 -0.419205 -4.236027 -0.019409 0.129095 0.487615
0.553842 -0.484184 0.035157 2.968787 -0.421992 -4.236646 0.029596 0.015371 0.385959
0.553842 -0.484184 0.035157 2.968787 -0.421992 -4.236646 0.029596 0.015371 0.385959
0.553842 -0.484184 0.035157 2.968787 -0.421992 -4.236646 0.029596 0.015371 0.385959
0.553842 -0.484184 0.035157 2.968787 -0.421992 -4.236646 0.029596 0.015371 0.385959
0.553217 -0.483102 0.034211 2.970098 -0.427050 -4.237643 0.051585 -0.029915 0.379458
0.553217 -0.483102 0.034211 2.970098 -0.427050 -4.237643 0.051585 -0.029915 0.379458
0.553217 -0.483102 0.034211 2.970098 -0.427050 -4.237643 0.051585 -0.029915 0.379458
0.552849 -0.481610 0.033271 2.969655 -0.432893 -4.237842 0.058901 0.015629 0.414406
0.552849 -0.481610 0.033271 2.969655 -0.432893 -4.237842 0.058901 0.015629 0.414406
0.552849 -0.481610 0.033271 2.969655 -0.432893 -4.237842 0.058901 0.015629 0.414406
0.552255 -0.480541 0.031761 2.973350 -0.437503 -4.239357 0.143540 0.119931 0.439911
0.552255 -0.480541 0.031761 2.973350 -0.437503 -4.239357 0.143540 0.119931 0.439911
0.552255 -0.480541 0.031761 2.973350 -0.437503 -4.239357 0.143540 0.119931 0.439911
0.552255 -0.480541 0.031761 2.973350 -0.437503 -4.239357 0.143540 0.119931 0.439911
0.551703 -0.479734 0.030157 2.976374 -0.439190 -4.239374 0.116880 0.094672 0.467805
0.551703 -0.479734 0.030157 2.976374 -0.439190 -4.239374 0.116880 0.094672 0.467805
0.551703 -0.479734 0.030157 2.976374 -0.439190 -4.239374 0.116880 0.094672 0.467805
0.551077 -0.478608 0.028755 2.979389 -0.444336 -4.241028 0.118965 0.011793 0.462160
0.551077 -0.478608 0.028755 2.979389 -0.444336 -4.241028 0.118965 0.011793 0.462160
0.551077 -0.478608 0.028755 2.979389 -0.444336 -4.241028 0.118965 0.011793 0.462160
0.550278 -0.477411 0.027152 2.983001 -0.450351 -4.242886 0.091189 0.068029 0.415680
0.550278 -0.477411 0.027152 2.983001 -0.450351 -4.242886 0.091189 0.068029 0.415680
0.550278 -0.477411 0.027152 2.983001 -0.450351 -4.242886 0.091189 0.068029 0.415680
0.550278 -0.477411 0.027152 2.983001 -0.450351 -4.242886 0.091189 0.068029 0.415680
0.549667 -0.476428 0.025475 2.985852 -0.455476 -4.244903 0.088713 0.168505 0.420046
0.549667 -0.476428 0.025475 2.985852 -0.455476 -4.244903 0.088713 0.168505 0.420046
0.549667 -0.476428 0.025475 2.985852 -0.455476 -4.244903 0.088713 0.168505 0.420046
0.549322 -0.475646 0.023970 2.988689 -0.461236 -4.248539 0.125055 0.221910 0.545637
0.549322 -0.475646 0.023970 2.988689 -0.461236 -4.248539 0.125055 0.221910 0.545637
0.549322 -0.475646 0.023970 2.988689 -0.461236 -4.248539 0.125055 0.221910 0.545637
0.548943 -0.474976 0.022770 2.990404 -0.465958 -4.251958 0.112052 0.261754 0.897281
0.548943 -0.474976 0.022770 2.990404 -0.465958 -4.251958 0.112052 0.261754 0.897281
0.548943 -0.474976 0.022770 2.990404 -0.465958 -4.251958 0.112052 0.261754 0.897281
0.548943 -0.474976 0.022770 2.990404 -0.465958 -4.251958 0.112052 0.261754 0.897281
0.548972 -0.474119 0.022318 2.988702 -0.472245 -4.255161 0.027166 0.360454 1.522821
0.548972 -0.474119 0.022318 2.988702 -0.472245 -4.255161 0.027166 0.360454 1.522821
0.548972 -0.474119 0.022318 2.988702 -0.472245 -4.255161 0.027166 0.360454 1.522821
0.549325 -0.473481 0.022334 2.986428 -0.478283 -4.259131 0.044281 0.420455 1.847261
0.549325 -0.473481 0.022334 2.986428 -0.478283 -4.259131 0.044281 0.420455 1.847261
0.549325 -0.473481 0.022334 2.986428 -0.478283 -4.259131 0.044281 0.420455 1.847261
0.549504 -0.472930 0.022270 2.986300 -0.482371 -4.261541 0.158518 0.426485 1.995874
0.549504 -0.472930 0.022270 2.986300 -0.482371 -4.261541 0.158518 0.426485 1.995874
0.549504 -0.472930 0.022270 2.986300 -0.482371 -4.261541 0.158518 0.426485 1.995874
0.549504 -0.472930 0.022270 2.986300 -0.482371 -4.261541 0.158518 0.426485 1.995874
0.549603 -0.472369 0.022166 2.986697 -0.485068 -4.262395 0.137372 0.439374 2.310154
0.549603 -0.472369 0.022166 2.986697 -0.485068 -4.262395 0.137372 0.439374 2.310154
0.549603 -0.472369 0.022166 2.986697 -0.485068 -4.262395 0.137372 0.439374 2.310154
0.549657 -0.471824 0.022183 2.988635 -0.488077 -4.264429 0.137388 0.528063 2.538099
0.549657 -0.471824 0.022183 2.988635 -0.488077 -4.264429 0.137388 0.528063 2.538099
0.549657 -0.471824 0.022183 2.988635 -0.488077 -4.264429 0.137388 0.528063 2.538099
0.549703 -0.471480 0.022269 2.990329 -0.488039 -4.263407 0.150050 0.569697 2.582020
0.549703 -0.471480 0.022269 2.990329 -0.488039 -4.263407 0.150050 0.569697 2.582020
0.549703 -0.471480 0.022269 2.990329 -0.488039 -4.263407 0.150050 0.569697 2.582020
0.549703 -0.471480 0.022269 2.990329 -0.488039 -4.263407 0.150050 0.569697 2.582020
0.549619 -0.471558 0.022293 2.990702 -0.483505 -4.259637 0.166824 0.831294 2.477246
0.549619 -0.471558 0.022293 2.990702 -0.483505 -4.259637 0.166824 0.831294 2.477246
0.549619 -0.471558 0.022293 2.990702 -0.483505 -4.259637 0.166824 0.831294 2.477246
0.549609 -0.471182 0.022550 2.989873 -0.481352 -4.256440 0.184589 0.973373 2.361125
0.549609 -0.471182 0.022550 2.989873 -0.481352 -4.256440 0.184589 0.973373 2.361125
0.549609 -0.471182 0.022550 2.989873 -0.481352 -4.256440 0.184589 0.973373 2.361125
0.549221 -0.470421 0.023130 2.989447 -0.482792 -4.254221 0.242204 1.035197 2.203080
0.549221 -0.470421 0.023130 2.989447 -0.482792 -4.254221 0.242204 1.035197 2.203080
0.549221 -0.470421 0.023130 2.989447 -0.482792 -4.254221 0.242204 1.035197 2.203080
0.549221 -0.470421 0.023130 2.989447 -0.482792 -4.254221 0.242204 1.035197 2.203080
0.548741 -0.469941 0.023586 2.990448 -0.484930 -4.253563 0.237140 1.166529 2.081815
0.548741 -0.469941 0.023586 2.990448 -0.484930 -4.253563 0.237140 1.166529 2.081815
0.548741 -0.469941 0.023586 2.990448 -0.484930 -4.253563 0.237140 1.166529 2.081815
0.548398 -0.469334 0.024095 2.991514 -0.488952 -4.253983 0.245076 1.235495 2.018719
0.548398 -0.469334 0.024095 2.991514 -0.488952 -4.253983 0.245076 1.235495 2.018719
0.548398 -0.469334 0.024095 2.991514 -0.488952 -4.253983 0.245076 1.235495 2.018719
0.548052 -0.468424 0.024782 2.992923 -0.495755 -4.256518 0.208942 1.323498 1.905188
0.548052 -0.468424 0.024782 2.992923 -0.495755 -4.256518 0.208942 1.323498 1.905188
0.548052 -0.468424 0.024782 2.992923 -0.495755 -4.256518 0.208942 1.323498 1.905188
0.548052 -0.468424 0.024782 2.992923 -0.495755 -4.256518 0.208942 1.323498 1.905188
0.547847 -0.467711 0.025250 2.993395 -0.498621 -4.256688 0.149949 1.348719 1.787406
0.547847 -0.467711 0.025250 2.993395 -0.498621 -4.256688 0.149949 1.348719 1.787406
0.547847 -0.467711 0.025250 2.993395 -0.498621 -4.256688 0.149949 1.348719 1.787406
0.547625 -0.466890 0.025851 2.993419 -0.501096 -4.255448 0.147136 1.407454 1.854303
0.547625 -0.466890 0.025851 2.993419 -0.501096 -4.255448 0.147136 1.407454 1.854303
0.547625 -0.466890 0.025851 2.993419 -0.501096 -4.255448 0.147136 1.407454 1.854303
0.547348 -0.465785 0.026539 2.993245 -0.503634 -4.253419 0.126775 1.421067 1.857809
0.547348 -0.465785 0.026539 2.993245 -0.503634 -4.253419 0.126775 1.421067 1.857809
0.547348 -0.465785 0.026539 2.993245 -0.503634 -4.253419 0.126775 1.421067 1.857809
0.547348 -0.465785 0.026539 2.993245 -0.503634 -4.253419 0.126775 1.421067 1.857809
0.547165 -0.464545 0.027532 2.991772 -0.506219 -4.251147 0.098093 1.441188 1.955415
0.547165 -0.464545 0.027532 2.991772 -0.506219 -4.251147 0.098093 1.441188 1.955415
0.547165 -0.464545 0.027532 2.991772 -0.506219 -4.251147 0.098093 1.441188 1.955415
0.546716 -0.463094 0.028835 2.991187 -0.510079 -4.250776 0.056505 1.483480 1.846528
0.546716 -0.463094 0.028835 2.991187 -0.510079 -4.250776 0.056505 1.483480 1.846528
0.546716 -0.463094 0.028835 2.991187 -0.510079 -4.250776 0.056505 1.483480 1.846528
0.546334 -0.461641 0.030084 2.990328 -0.514734 -4.250650 0.012459 1.448884 1.744386
0.546334 -0.461641 0.030084 2.990328 -0.514734 -4.250650 0.012459 1.448884 1.744386
0.546334 -0.461641 0.030084 2.990328 -0.514734 -4.250650 0.012459 1.448884 1.744386
0.546334 -0.461641 0.030084 2.990328 -0.514734 -4.250650 0.012459 1.448884 1.744386
0.546073 -0.460157 0.031447 2.989269 -0.520240 -4.250977 0.022950 1.415681 1.721888
0.546073 -0.460157 0.031447 2.989269 -0.520240 -4.250977 0.022950 1.415681 1.721888
0.546073 -0.460157 0.031447 2.989269 -0.520240 -4.250977 0.022950 1.415681 1.721888
0.545627 -0.458334 0.033069 2.988860 -0.528681 -4.252637 0.044779 1.462331 1.790534
0.545627 -0.458334 0.033069 2.988860 -0.528681 -4.252637 0.044779 1.462331 1.790534
0.545627 -0.458334 0.033069 2.988860 -0.528681 -4.252637 0.044779 1.462331 1.790534
0.545006 -0.456469 0.034982 2.987619 -0.538657 -4.253657 -0.064619 1.469490 1.748665
0.545006 -0.456469 0.034982 2.987619 -0.538657 -4.253657 -0.064619 1.469490 1.748665
0.545006 -0.456469 0.034982 2.987619 -0.538657 -4.253657 -0.064619 1.469490 1.748665
0.545006 -0.456469 0.034982 2.987619 -0.538657 -4.253657 -0.064619 1.469490 1.748665
0.544763 -0.455200 0.036487 2.987055 -0.544657 -4.255576 -0.060307 1.562537 1.739354
0.544763 -0.455200 0.036487 2.987055 -0.544657 -4.255576 -0.060307 1.562537 1.739354
0.544763 -0.455200 0.036487 2.987055 -0.544657 -4.255576 -0.060307 1.562537 1.739354
0.544686 -0.454437 0.037919 2.985897 -0.546872 -4.256502 -0.077442 1.602167 1.777290
0.544686 -0.454437 0.037919 2.985897 -0.546872 -4.256502 -0.077442 1.602167 1.777290
0.544686 -0.454437 0.037919 2.985897 -0.546872 -4.256502 -0.077442 1.602167 1.777290
0.544633 -0.453446 0.039406 2.984146 -0.550240 -4.257702 -0.115871 1.839951 1.813958
0.544633 -0.453446 0.039406 2.984146 -0.550240 -4.257702 -0.115871 1.839951 1.813958
0.544633 -0.453446 0.039406 2.984146 -0.550240 -4.257702 -0.115871 1.839951 1.813958
0.544633 -0.453446 0.039406 2.984146 -0.550240 -4.257702 -0.115871 1.839951 1.813958
0.544369 -0.452205 0.041417 2.983306 -0.557957 -4.260000 -0.091606 2.028069 1.896438
0.544369 -0.452205 0.041417 2.983306 -0.557957 -4.260000 -0.091606 2.028069 1.896438
0.544369 -0.452205 0.041417 2.983306 -0.557957 -4.260000 -0.091606 2.028069 1.896438
0.543970 -0.451006 0.043602 2.982506 -0.566998 -4.262065 -0.107409 2.062555 1.896655
0.543970 -0.451006 0.043602 2.982506 -0.566998 -4.262065 -0.107409 2.062555 1.896655
0.543970 -0.451006 0.043602 2.982506 -0.566998 -4.262065 -0.107409 2.062555 1.896655
0.543882 -0.450280 0.045676 2.980580 -0.572984 -4.263373 -0.094342 2.243096 1.869854
0.543882 -0.450280 0.045676 2.980580 -0.572984 -4.263373 -0.094342 2.243096 1.869854
0.543882 -0.450280 0.045676 2.980580 -0.572984 -4.263373 -0.094342 2.243096 1.869854
0.543882 -0.450280 0.045676 2.980580 -0.572984 -4.263373 -0.094342 2.243096 1.869854
0.543760 -0.449755 0.047379 2.978756 -0.576966 -4.263204 -0.066341 2.252992 1.767812
0.543760 -0.449755 0.047379 2.978756 -0.576966 -4.263204 -0.066341 2.252992 1.767812
0.543760 -0.449755 0.047379 2.978756 -0.576966 -4.263204 -0.066341 2.252992 1.767812
0.543302 -0.449082 0.049414 2.977080 -0.583395 -4.263358 -0.061629 2.196888 1.676097
0.543302 -0.449082 0.049414 2.977080 -0.583395 -4.263358 -0.061629 2.196888 1.676097
0.543302 -0.449082 0.049414 2.977080 -0.583395 -4.263358 -0.061629 2.196888 1.676097
0.543176 -0.448420 0.051651 2.975715 -0.589673 -4.264561 -0.049691 2.078997 1.485199
0.543176 -0.448420 0.051651 2.975715 -0.589673 -4.264561 -0.049691 2.078997 1.485199
0.543176 -0.448420 0.051651 2.975715 -0.589673 -4.264561 -0.049691 2.078997 1.485199
0.543176 -0.448420 0.051651 2.975715 -0.589673 -4.264561 -0.049691 2.078997 1.485199
0.543203 -0.447923 0.053717 2.972952 -0.593427 -4.265442 -0.090390 1.930221 1.377620
0.543203 -0.447923 0.053717 2.972952 -0.593427 -4.265442 -0.090390 1.930221 1.377620
0.543203 -0.447923 0.053717 2.972952 -0.593427 -4.265442 -0.090390 1.930221 1.377620
0.543239 -0.447309 0.056250 2.969876 -0.599152 -4.267187 -0.100786 1.961670 1.351522
0.543239 -0.447309 0.056250 2.969876 -0.599152 -4.267187 -0.100786 1.961670 1.351522
0.543239 -0.447309 0.056250 2.969876 -0.599152 -4.267187 -0.100786 1.961670 1.351522
0.542805 -0.445872 0.060249 2.966273 -0.613335 -4.270299 -0.035613 1.948457 1.290605
0.542805 -0.445872 0.060249 2.966273 -0.613335 -4.270299 -0.035613 1.948457 1.290605
0.542805 -0.445872 0.060249 2.966273 -0.613335 -4.270299 -0.035613 1.948457 1.290605
0.542805 -0.445872 0.060249 2.966273 -0.613335 -4.270299 -0.035613 1.948457 1.290605
0.540929 -0.442355 0.066053 2.963491 -0.642543 -4.273018 -0.041979 1.656570 1.209670
0.540929 -0.442355 0.066053 2.963491 -0.642543 -4.273018 -0.041979 1.656570 1.209670
0.540929 -0.442355 0.066053 2.963491 -0.642543 -4.273018 -0.041979 1.656570 1.209670
0.538618 -0.438497 0.072645 2.960457 -0.673959 -4.273302 -0.002713 1.418211 1.138861
0.538618 -0.438497 0.072645 2.960457 -0.673959 -4.273302 -0.002713 1.418211 1.138861
0.538618 -0.438497 0.072645 2.960457 -0.673959 -4.273302 -0.002713 1.418211 1.138861
0.536618 -0.434854 0.079061 2.955433 -0.695545 -4.270581 -0.029273 1.043142 1.111157
0.536618 -0.434854 0.079061 2.955433 -0.695545 -4.270581 -0.029273 1.043142 1.111157
0.536618 -0.434854 0.079061 2.955433 -0.695545 -4.270581 -0.029273 1.043142 1.111157
0.536618 -0.434854 0.079061 2.955433 -0.695545 -4.270581 -0.029273 1.043142 1.111157
0.534538 -0.430543 0.085896 2.949909 -0.717785 -4.267979 -0.005659 0.688854 1.093902
0.534538 -0.430543 0.085896 2.949909 -0.717785 -4.267979 -0.005659 0.688854 1.093902
0.534538 -0.430543 0.085896 2.949909 -0.717785 -4.267979 -0.005659 0.688854 1.093902
0.531768 -0.424556 0.094213 2.945685 -0.748500 -4.265132 0.057988 0.533689 1.046085
0.531768 -0.424556 0.094213 2.945685 -0.748500 -4.265132 0.057988 0.533689 1.046085
0.531768 -0.424556 0.094213 2.945685 -0.748500 -4.265132 0.057988 0.533689 1.046085
0.528813 -0.417469 0.103871 2.939833 -0.782513 -4.262033 -0.018227 0.338498 0.840177
0.528813 -0.417469 0.103871 2.939833 -0.782513 -4.262033 -0.018227 0.338498 0.840177
0.528813 -0.417469 0.103871 2.939833 -0.782513 -4.262033 -0.018227 0.338498 0.840177
0.528813 -0.417469 0.103871 2.939833 -0.782513 -4.262033 -0.018227 0.338498 0.840177
0.526805 -0.410698 0.113303 2.930003 -0.808469 -4.258351 -0.040204 0.163011 0.717823
0.526805 -0.410698 0.113303 2.930003 -0.808469 -4.258351 -0.040204 0.163011 0.717823
0.526805 -0.410698 0.113303 2.930003 -0.808469 -4.258351 -0.040204 0.163011 0.717823
0.524945 -0.403658 0.123016 2.918260 -0.831809 -4.254984 -0.015220 0.136054 0.719123
0.524945 -0.403658 0.123016 2.918260 -0.831809 -4.254984 -0.015220 0.136054 0.719123
0.524945 -0.403658 0.123016 2.918260 -0.831809 -4.254984 -0.015220 0.136054 0.719123
0.523147 -0.396158 0.133680 2.907565 -0.855243 -4.251977 0.029276 0.184403 0.756522
0.523147 -0.396158 0.133680 2.907565 -0.855243 -4.251977 0.029276 0.184403 0.756522
0.523147 -0.396158 0.133680 2.907565 -0.855243 -4.251977 0.029276 0.184403 0.756522
0.523147 -0.396158 0.133680 2.907565 -0.855243 -4.251977 0.029276 0.184403 0.756522
0.520919 -0.388527 0.145552 2.895196 -0.882243 -4.248704 0.055092 0.182638 0.639527
0.520919 -0.388527 0.145552 2.895196 -0.882243 -4.248704 0.055092 0.182638 0.639527
0.520919 -0.388527 0.145552 2.895196 -0.882243 -4.248704 0.055092 0.182638 0.639527
0.518410 -0.380870 0.158487 2.882666 -0.913421 -4.245735 0.074046 0.153186 0.661692
0.518410 -0.380870 0.158487 2.882666 -0.913421 -4.245735 0.074046 0.153186 0.661692
0.518410 -0.380870 0.158487 2.882666 -0.913421 -4.245735 0.074046 0.153186 0.661692
0.515487 -0.373118 0.172665 2.868608 -0.949146 -4.243512 0.106409 0.168653 0.737596
0.515487 -0.373118 0.172665 2.868608 -0.949146 -4.243512 0.106409 0.168653 0.737596
0.515487 -0.373118 0.172665 2.868608 -0.949146 -4.243512 0.106409 0.168653 0.737596
0.515487 -0.373118 0.172665 2.868608 -0.949146 -4.243512 0.106409 0.168653 0.737596
0.512722 -0.365398 0.187885 2.851322 -0.986938 -4.242475 0.139296 0.216828 0.904908
0.512722 -0.365398 0.187885 2.851322 -0.986938 -4.242475 0.139296 0.216828 0.904908
0.512722 -0.365398 0.187885 2.851322 -0.986938 -4.242475 0.139296 0.216828 0.904908
0.509970 -0.358419 0.203596 2.833535 -1.022964 -4.242660 0.120604 0.281748 0.955724
0.509970 -0.358419 0.203596 2.833535 -1.022964 -4.242660 0.120604 0.281748 0.955724
0.509970 -0.358419 0.203596 2.833535 -1.022964 -4.242660 0.120604 0.281748 0.955724
0.507353 -0.351968 0.219410 2.812524 -1.055268 -4.243239 0.174242 0.286329 0.826899
0.507353 -0.351968 0.219410 2.812524 -1.055268 -4.243239 0.174242 0.286329 0.826899
0.507353 -0.351968 0.219410 2.812524 -1.055268 -4.243239 0.174242 0.286329 0.826899
0.507353 -0.351968 0.219410 2.812524 -1.055268 -4.243239 0.174242 0.286329 0.826899
0.504412 -0.346476 0.234682 2.789944 -1.082117 -4.240283 0.265299 0.295779 0.723251
0.504412 -0.346476 0.234682 2.789944 -1.082117 -4.240283 0.265299 0.295779 0.723251
0.504412 -0.346476 0.234682 2.789944 -1.082117 -4.240283 0.265299 0.295779 0.723251
0.500647 -0.341498 0.249579 2.771603 -1.107106 -4.236693 0.233202 0.332375 0.668210
0.500647 -0.341498 0.249579 2.771603 -1.107106 -4.236693 0.233202 0.332375 0.668210
0.500647 -0.341498 0.249579 2.771603 -1.107106 -4.236693 0.233202 0.332375 0.668210
0.496973 -0.337413 0.263482 2.753338 -1.127554 -4.232449 0.244121 0.244589 0.605851
0.496973 -0.337413 0.263482 2.753338 -1.127554 -4.232449 0.244121 0.244589 0.605851
0.496973 -0.337413 0.263482 2.753338 -1.127554 -4.232449 0.244121 0.244589 0.605851
0.496973 -0.337413 0.263482 2.753338 -1.127554 -4.232449 0.244121 0.244589 0.605851
0.492979 -0.333489 0.277249 2.733228 -1.149825 -4.228037 0.285998 0.192211 0.573981
0.492979 -0.333489 0.277249 2.733228 -1.149825 -4.228037 0.285998 0.192211 0.573981
0.492979 -0.333489 0.277249 2.733228 -1.149825 -4.228037 0.285998 0.192211 0.573981
0.488554 -0.330488 0.288775 2.717437 -1.165031 -4.220619 0.266649 0.290566 0.574625
0.488554 -0.330488 0.288775 2.717437 -1.165031 -4.220619 0.266649 0.290566 0.574625
0.488554 -0.330488 0.288775 2.717437 -1.165031 -4.220619 0.266649 0.290566 0.574625
0.484876 -0.328098 0.298583 2.701774 -1.174487 -4.213688 0.318993 0.185831 0.546703
0.484876 -0.328098 0.298583 2.701774 -1.174487 -4.213688 0.318993 0.185831 0.546703
0.484876 -0.328098 0.298583 2.701774 -1.174487 -4.213688 0.318993 0.185831 0.546703
0.484876 -0.328098 0.298583 2.701774 -1.174487 -4.213688 0.318993 0.185831 0.546703
0.481342 -0.326161 0.306756 2.685973 -1.180320 -4.206024 0.266500 0.209793 0.507751
0.481342 -0.326161 0.306756 2.685973 -1.180320 -4.206024 0.266500 0.209793 0.507751
0.481342 -0.326161 0.306756 2.685973 -1.180320 -4.206024 0.266500 0.209793 0.507751
0.477723 -0.324791 0.313101 2.677366 -1.184468 -4.197489 0.258155 0.241411 0.384235
0.477723 -0.324791 0.313101 2.677366 -1.184468 -4.197489 0.258155 0.241411 0.384235
0.477723 -0.324791 0.313101 2.677366 -1.184468 -4.197489 0.258155 0.241411 0.384235
0.474941 -0.324061 0.317697 2.667103 -1.183003 -4.190249 0.204193 0.203205 0.259635
0.474941 -0.324061 0.317697 2.667103 -1.183003 -4.190249 0.204193 0.203205 0.259635
0.474941 -0.324061 0.317697 2.667103 -1.183003 -4.190249 0.204193 0.203205 0.259635
0.474941 -0.324061 0.317697 2.667103 -1.183003 -4.190249 0.204193 0.203205 0.259635
0.473545 -0.323599 0.320830 2.658203 -1.179441 -4.185331 0.187001 0.211727 0.055722
0.473545 -0.323599 0.320830 2.658203 -1.179441 -4.185331 0.187001 0.211727 0.055722
0.473545 -0.323599 0.320830 2.658203 -1.179441 -4.185331 0.187001 0.211727 0.055722
0.472602 -0.323847 0.322197 2.653757 -1.172868 -4.181041 0.203074 0.232654 -0.016687
0.472602 -0.323847 0.322197 2.653757 -1.172868 -4.181041 0.203074 0.232654 -0.016687
0.472602 -0.323847 0.322197 2.653757 -1.172868 -4.181041 0.203074 0.232654 -0.016687
0.472709 -0.324552 0.323011 2.650176 -1.168293 -4.180759 0.185075 0.284741 -0.217169
0.472709 -0.324552 0.323011 2.650176 -1.168293 -4.180759 0.185075 0.284741 -0.217169
0.472709 -0.324552 0.323011 2.650176 -1.168293 -4.180759 0.185075 0.284741 -0.217169
0.472709 -0.324552 0.323011 2.650176 -1.168293 -4.180759 0.185075 0.284741 -0.217169
0.473249 -0.325508 0.323437 2.648343 -1.166010 -4.182381 0.124103 0.306511 -0.256036
0.473249 -0.325508 0.323437 2.648343 -1.166010 -4.182381 0.124103 0.306511 -0.256036
0.473249 -0.325508 0.323437 2.648343 -1.166010 -4.182381 0.124103 0.306511 -0.256036
0.474167 -0.327376 0.321917 2.649859 -1.156441 -4.181824 0.124348 0.297183 -0.151967
0.474167 -0.327376 0.321917 2.649859 -1.156441 -4.181824 0.124348 0.297183 -0.151967
0.474167 -0.327376 0.321917 2.649859 -1.156441 -4.181824 0.124348 0.297183 -0.151967
0.476301 -0.329854 0.318977 2.651331 -1.140249 -4.181772 0.107218 0.404300 -0.132682
0.476301 -0.329854 0.318977 2.651331 -1.140249 -4.181772 0.107218 0.404300 -0.132682
0.476301 -0.329854 0.318977 2.651331 -1.140249 -4.181772 0.107218 0.404300 -0.132682
0.476301 -0.329854 0.318977 2.651331 -1.140249 -4.181772 0.107218 0.404300 -0.132682
0.479116 -0.332998 0.315815 2.651610 -1.123076 -4.182719 0.102352 0.425003 -0.173147
0.479116 -0.332998 0.315815 2.651610 -1.123076 -4.182719 0.102352 0.425003 -0.173147
0.479116 -0.332998 0.315815 2.651610 -1.123076 -4.182719 0.102352 0.425003 -0.173147
0.482435 -0.336921 0.312262 2.653046 -1.104364 -4.184270 0.087224 0.434820 -0.187046
0.482435 -0.336921 0.312262 2.653046 -1.104364 -4.184270 0.087224 0.434820 -0.187046
0.482435 -0.336921 0.312262 2.653046 -1.104364 -4.184270 0.087224 0.434820 -0.187046
0.486722 -0.341919 0.307854 2.652715 -1.079148 -4.186694 0.077253 0.475276 -0.234025
0.486722 -0.341919 0.307854 2.652715 -1.079148 -4.186694 0.077253 0.475276 -0.234025
0.486722 -0.341919 0.307854 2.652715 -1.079148 -4.186694 0.077253 0.475276 -0.234025
0.486722 -0.341919 0.307854 2.652715 -1.079148 -4.186694 0.077253 0.475276 -0.234025
0.492202 -0.347855 0.302074 2.653696 -1.044033 -4.187071 0.014102 0.434275 -0.176591
0.492202 -0.347855 0.302074 2.653696 -1.044033 -4.187071 0.014102 0.434275 -0.176591
0.492202 -0.347855 0.302074 2.653696 -1.044033 -4.187071 0.014102 0.434275 -0.176591
0.498647 -0.354487 0.295765 2.652455 -1.004179 -4.187639 -0.050010 0.484157 -0.131080
0.498647 -0.354487 0.295765 2.652455 -1.004179 -4.187639 -0.050010 0.484157 -0.131080
0.498647 -0.354487 0.295765 2.652455 -1.004179 -4.187639 -0.050010 0.484157 -0.131080
0.505215 -0.361864 0.289320 2.654312 -0.963215 -4.187633 -0.009399 0.554314 -0.331762
0.505215 -0.361864 0.289320 2.654312 -0.963215 -4.187633 -0.009399 0.554314 -0.331762
0.505215 -0.361864 0.289320 2.654312 -0.963215 -4.187633 -0.009399 0.554314 -0.331762
0.505215 -0.361864 0.289320 2.654312 -0.963215 -4.187633 -0.009399 0.554314 -0.331762
0.511569 -0.369479 0.282970 2.660904 -0.925600 -4.188679 0.029304 0.568581 -0.426780
0.511569 -0.369479 0.282970 2.660904 -0.925600 -4.188679 0.029304 0.568581 -0.426780
0.511569 -0.369479 0.282970 2.660904 -0.925600 -4.188679 0.029304 0.568581 -0.426780
0.518178 -0.377433 0.276537 2.663353 -0.883600 -4.185723 -0.000497 0.561787 -0.449242
0.518178 -0.377433 0.276537 2.663353 -0.883600 -4.185723 -0.000497 0.561787 -0.449242
0.518178 -0.377433 0.276537 2.663353 -0.883600 -4.185723 -0.000497 0.561787 -0.449242
0.525152 -0.385638 0.270429 2.666248 -0.843357 -4.185532 0.033347 0.470399 -0.556949
0.525152 -0.385638 0.270429 2.666248 -0.843357 -4.185532 0.033347 0.470399 -0.556949
0.525152 -0.385638 0.270429 2.666248 -0.843357 -4.185532 0.033347 0.470399 -0.556949
0.525152 -0.385638 0.270429 2.666248 -0.843357 -4.185532 0.033347 0.470399 -0.556949
0.531401 -0.393948 0.264273 2.674608 -0.805734 -4.185611 0.049013 0.382414 -0.421715
0.531401 -0.393948 0.264273 2.674608 -0.805734 -4.185611 0.049013 0.382414 -0.421715
0.531401 -0.393948 0.264273 2.674608 -0.805734 -4.185611 0.049013 0.382414 -0.421715
0.538009 -0.402230 0.257788 2.678550 -0.763367 -4.181723 0.049738 0.345778 -0.338263
0.538009 -0.402230 0.257788 2.678550 -0.763367 -4.181723 0.049738 0.345778 -0.338263
0.538009 -0.402230 0.257788 2.678550 -0.763367 -4.181723 0.049738 0.345778 -0.338263
0.544795 -0.410137 0.251967 2.677206 -0.723673 -4.179147 -0.061472 0.458500 -0.337193
0.544795 -0.410137 0.251967 2.677206 -0.723673 -4.179147 -0.061472 0.458500 -0.337193
0.544795 -0.410137 0.251967 2.677206 -0.723673 -4.179147 -0.061472 0.458500 -0.337193
0.544795 -0.410137 0.251967 2.677206 -0.723673 -4.179147 -0.061472 0.458500 -0.337193
0.550459 -0.417689 0.246544 2.680446 -0.688112 -4.175705 -0.029575 0.411421 -0.247371
0.550459 -0.417689 0.246544 2.680446 -0.688112 -4.175705 -0.029575 0.411421 -0.247371
0.550459 -0.417689 0.246544 2.680446 -0.688112 -4.175705 -0.029575 0.411421 -0.247371
0.555334 -0.425110 0.240926 2.687001 -0.654495 -4.170407 -0.036530 0.339449 -0.189239
0.555334 -0.425110 0.240926 2.687001 -0.654495 -4.170407 -0.036530 0.339449 -0.189239
0.555334 -0.425110 0.240926 2.687001 -0.654495 -4.170407 -0.036530 0.339449 -0.189239
0.560663 -0.432399 0.234939 2.694384 -0.620084 -4.167583 -0.022235 0.202984 -0.204089
0.560663 -0.432399 0.234939 2.694384 -0.620084 -4.167583 -0.022235 0.202984 -0.204089
0.560663 -0.432399 0.234939 2.694384 -0.620084 -4.167583 -0.022235 0.202984 -0.204089
0.560663 -0.432399 0.234939 2.694384 -0.620084 -4.167583 -0.022235 0.202984 -0.204089
0.566310 -0.439075 0.229547 2.698491 -0.587310 -4.166733 -0.044796 0.145022 -0.372038
0.566310 -0.439075 0.229547 2.698491 -0.587310 -4.166733 -0.044796 0.145022 -0.372038
0.566310 -0.439075 0.229547 2.698491 -0.587310 -4.166733 -0.044796 0.145022 -0.372038
0.571601 -0.445518 0.223491 2.706090 -0.553345 -4.163023 -0.019757 0.090911 -0.406295
0.571601 -0.445518 0.223491 2.706090 -0.553345 -4.163023 -0.019757 0.090911 -0.406295
0.571601 -0.445518 0.223491 2.706090 -0.553345 -4.163023 -0.019757 0.090911 -0.406295
0.576491 -0.451527 0.217604 2.713392 -0.521009 -4.159866 -0.051587 0.096986 -0.292516
0.576491 -0.451527 0.217604 2.713392 -0.521009 -4.159866 -0.051587 0.096986 -0.292516
0.576491 -0.451527 0.217604 2.713392 -0.521009 -4.159866 -0.051587 0.096986 -0.292516
0.576491 -0.451527 0.217604 2.713392 -0.521009 -4.159866 -0.051587 0.096986 -0.292516
0.581256 -0.457181 0.211910 2.720209 -0.487051 -4.154135 -0.021664 0.042657 -0.126239
0.581256 -0.457181 0.211910 2.720209 -0.487051 -4.154135 -0.021664 0.042657 -0.126239
0.581256 -0.457181 0.211910 2.720209 -0.487051 -4.154135 -0.021664 0.042657 -0.126239
0.585915 -0.462950 0.205346 2.730385 -0.452699 -4.149187 -0.041622 0.097195 -0.061698
0.585915 -0.462950 0.205346 2.730385 -0.452699 -4.149187 -0.041622 0.097195 -0.061698
0.585915 -0.462950 0.205346 2.730385 -0.452699 -4.149187 -0.041622 0.097195 -0.061698
0.590430 -0.467964 0.199326 2.737726 -0.420542 -4.143246 -0.085820 0.088117 0.034845
0.590430 -0.467964 0.199326 2.737726 -0.420542 -4.143246 -0.085820 0.088117 0.034845
0.590430 -0.467964 0.199326 2.737726 -0.420542 -4.143246 -0.085820 0.088117 0.034845
0.590430 -0.467964 0.199326 2.737726 -0.420542 -4.143246 -0.085820 0.088117 0.034845
0.594468 -0.472145 0.193387 2.746230 -0.394132 -4.139472 -0.136519 0.020410 0.077679
0.594468 -0.472145 0.193387 2.746230 -0.394132 -4.139472 -0.136519 0.020410 0.077679
0.594468 -0.472145 0.193387 2.746230 -0.394132 -4.139472 -0.136519 0.020410 0.077679
0.598408 -0.475898 0.187577 2.754601 -0.371108 -4.137640 -0.123395 -0.018272 0.081146
0.598408 -0.475898 0.187577 2.754601 -0.371108 -4.137640 -0.123395 -0.018272 0.081146
0.598408 -0.475898 0.187577 2.754601 -0.371108 -4.137640 -0.123395 -0.018272 0.081146
0.602055 -0.479249 0.181625 2.763465 -0.349077 -4.135337 -0.142018 0.010794 0.058560
0.602055 -0.479249 0.181625 2.763465 -0.349077 -4.135337 -0.142018 0.010794 0.058560
0.602055 -0.479249 0.181625 2.763465 -0.349077 -4.135337 -0.142018 0.010794 0.058560
0.602055 -0.479249 0.181625 2.763465 -0.349077 -4.135337 -0.142018 0.010794 0.058560
0.605034 -0.481922 0.175605 2.772724 -0.330934 -4.132780 -0.104346 -0.030940 0.094673
0.605034 -0.481922 0.175605 2.772724 -0.330934 -4.132780 -0.104346 -0.030940 0.094673
0.605034 -0.481922 0.175605 2.772724 -0.330934 -4.132780 -0.104346 -0.030940 0.094673
0.607615 -0.483884 0.169904 2.781628 -0.318212 -4.131605 -0.111823 -0.065051 0.245706
0.607615 -0.483884 0.169904 2.781628 -0.318212 -4.131605 -0.111823 -0.065051 0.245706
0.607615 -0.483884 0.169904 2.781628 -0.318212 -4.131605 -0.111823 -0.065051 0.245706
0.610196 -0.484972 0.164359 2.789091 -0.309468 -4.131371 -0.143667 -0.045101 0.243264
0.610196 -0.484972 0.164359 2.789091 -0.309468 -4.131371 -0.143667 -0.045101 0.243264
0.610196 -0.484972 0.164359 2.789091 -0.309468 -4.131371 -0.143667 -0.045101 0.243264
0.610196 -0.484972 0.164359 2.789091 -0.309468 -4.131371 -0.143667 -0.045101 0.243264
0.612759 -0.485922 0.158403 2.796388 -0.300465 -4.130091 -0.133170 -0.007433 0.199175
0.612759 -0.485922 0.158403 2.796388 -0.300465 -4.130091 -0.133170 -0.007433 0.199175
0.612759 -0.485922 0.158403 2.796388 -0.300465 -4.130091 -0.133170 -0.007433 0.199175
0.615351 -0.487479 0.151884 2.806114 -0.289726 -4.131943 -0.064781 0.005221 0.189269
0.615351 -0.487479 0.151884 2.806114 -0.289726 -4.131943 -0.064781 0.005221 0.189269
0.615351 -0.487479 0.151884 2.806114 -0.289726 -4.131943 -0.064781 0.005221 0.189269
0.618398 -0.488545 0.145672 2.811469 -0.279858 -4.134601 -0.070777 -0.105692 0.233963
0.618398 -0.488545 0.145672 2.811469 -0.279858 -4.134601 -0.070777 -0.105692 0.233963
0.618398 -0.488545 0.145672 2.811469 -0.279858 -4.134601 -0.070777 -0.105692 0.233963
0.618398 -0.488545 0.145672 2.811469 -0.279858 -4.134601 -0.070777 -0.105692 0.233963
0.620929 -0.489349 0.139200 2.818584 -0.273365 -4.138498 -0.019252 -0.051165 0.157874
0.620929 -0.489349 0.139200 2.818584 -0.273365 -4.138498 -0.019252 -0.051165 0.157874
0.620929 -0.489349 0.139200 2.818584 -0.273365 -4.138498 -0.019252 -0.051165 0.157874
0.623555 -0.490354 0.132739 2.825498 -0.265664 -4.141668 -0.035107 0.012261 0.193005
0.623555 -0.490354 0.132739 2.825498 -0.265664 -4.141668 -0.035107 0.012261 0.193005
0.623555 -0.490354 0.132739 2.825498 -0.265664 -4.141668 -0.035107 0.012261 0.193005
0.626187 -0.491152 0.125846 2.832750 -0.258436 -4.144206 -0.112210 -0.023415 0.245124
0.626187 -0.491152 0.125846 2.832750 -0.258436 -4.144206 -0.112210 -0.023415 0.245124
0.626187 -0.491152 0.125846 2.832750 -0.258436 -4.144206 -0.112210 -0.023415 0.245124
0.626187 -0.491152 0.125846 2.832750 -0.258436 -4.144206 -0.112210 -0.023415 0.245124
0.628032 -0.491289 0.118867 2.842068 -0.256449 -4.147915 -0.055539 -0.046744 0.201231
0.628032 -0.491289 0.118867 2.842068 -0.256449 -4.147915 -0.055539 -0.046744 0.201231
0.628032 -0.491289 0.118867 2.842068 -0.256449 -4.147915 -0.055539 -0.046744 0.201231
0.629422 -0.491105 0.112152 2.850659 -0.256061 -4.149828 -0.039222 0.019786 0.225402
0.629422 -0.491105 0.112152 2.850659 -0.256061 -4.149828 -0.039222 0.019786 0.225402
0.629422 -0.491105 0.112152 2.850659 -0.256061 -4.149828 -0.039222 0.019786 0.225402
0.630599 -0.490713 0.105658 2.859447 -0.256544 -4.151322 -0.035882 -0.031540 0.267634
0.630599 -0.490713 0.105658 2.859447 -0.256544 -4.151322 -0.035882 -0.031540 0.267634
0.630599 -0.490713 0.105658 2.859447 -0.256544 -4.151322 -0.035882 -0.031540 0.267634
0.630599 -0.490713 0.105658 2.859447 -0.256544 -4.151322 -0.035882 -0.031540 0.267634
0.630977 -0.490276 0.099505 2.870624 -0.258848 -4.153297 -0.002066 0.026687 0.210504
0.630977 -0.490276 0.099505 2.870624 -0.258848 -4.153297 -0.002066 0.026687 0.210504
0.630977 -0.490276 0.099505 2.870624 -0.258848 -4.153297 -0.002066 0.026687 0.210504
0.631692 -0.489814 0.093644 2.878990 -0.257636 -4.153155 -0.084953 0.084687 0.253562
0.631692 -0.489814 0.093644 2.878990 -0.257636 -4.153155 -0.084953 0.084687 0.253562
0.631692 -0.489814 0.093644 2.878990 -0.257636 -4.153155 -0.084953 0.084687 0.253562
0.632793 -0.489381 0.088097 2.884789 -0.254132 -4.151740 -0.101244 0.059913 0.196842
0.632793 -0.489381 0.088097 2.884789 -0.254132 -4.151740 -0.101244 0.059913 0.196842
0.632793 -0.489381 0.088097 2.884789 -0.254132 -4.151740 -0.101244 0.059913 0.196842
0.632793 -0.489381 0.088097 2.884789 -0.254132 -4.151740 -0.101244 0.059913 0.196842
0.633323 -0.488648 0.082737 2.892915 -0.254635 -4.152220 -0.028309 0.016499 0.265530
0.633323 -0.488648 0.082737 2.892915 -0.254635 -4.152220 -0.028309 0.016499 0.265530
0.633323 -0.488648 0.082737 2.892915 -0.254635 -4.152220 -0.028309 0.016499 0.265530
0.633784 -0.487612 0.077672 2.900304 -0.256492 -4.153014 0.010388 0.040201 0.174671
0.633784 -0.487612 0.077672 2.900304 -0.256492 -4.153014 0.010388 0.040201 0.174671
0.633784 -0.487612 0.077672 2.900304 -0.256492 -4.153014 0.010388 0.040201 0.174671
0.633917 -0.486664 0.072881 2.908142 -0.258957 -4.154065 0.049800 0.028248 0.151085
0.633917 -0.486664 0.072881 2.908142 -0.258957 -4.154065 0.049800 0.028248 0.151085
0.633917 -0.486664 0.072881 2.908142 -0.258957 -4.154065 0.049800 0.028248 0.151085
0.633917 -0.486664 0.072881 2.908142 -0.258957 -4.154065 0.049800 0.028248 0.151085
0.633738 -0.485510 0.068672 2.916014 -0.263582 -4.154179 0.008238 0.100410 0.289695
0.633738 -0.485510 0.068672 2.916014 -0.263582 -4.154179 0.008238 0.100410 0.289695
0.633738 -0.485510 0.068672 2.916014 -0.263582 -4.154179 0.008238 0.100410 0.289695
0.633863 -0.484138 0.064601 2.921436 -0.267989 -4.155331 0.032709 0.157089 0.317335
0.633863 -0.484138 0.064601 2.921436 -0.267989 -4.155331 0.032709 0.157089 0.317335
0.633863 -0.484138 0.064601 2.921436 -0.267989 -4.155331 0.032709 0.157089 0.317335
0.634041 -0.482841 0.061047 2.925547 -0.272572 -4.158528 -0.062755 0.166390 0.360942
0.634041 -0.482841 0.061047 2.925547 -0.272572 -4.158528 -0.062755 0.166390 0.360942
0.634041 -0.482841 0.061047 2.925547 -0.272572 -4.158528 -0.062755 0.166390 0.360942
0.634041 -0.482841 0.061047 2.925547 -0.272572 -4.158528 -0.062755 0.166390 0.360942
0.634101 -0.481414 0.057968 2.928291 -0.276841 -4.159928 -0.043425 0.136989 0.352395
0.634101 -0.481414 0.057968 2.928291 -0.276841 -4.159928 -0.043425 0.136989 0.352395
0.634101 -0.481414 0.057968 2.928291 -0.276841 -4.159928 -0.043425 0.136989 0.352395
0.634045 -0.480227 0.055032 2.931301 -0.280681 -4.160734 0.009942 0.133556 0.407771
0.634045 -0.480227 0.055032 2.931301 -0.280681 -4.160734 0.009942 0.133556 0.407771
0.634045 -0.480227 0.055032 2.931301 -0.280681 -4.160734 0.009942 0.133556 0.407771
0.634068 -0.479303 0.052160 2.934303 -0.283928 -4.161839 0.020672 0.151074 0.500706
0.634068 -0.479303 0.052160 2.934303 -0.283928 -4.161839 0.020672 0.151074 0.500706
0.634068 -0.479303 0.052160 2.934303 -0.283928 -4.161839 0.020672 0.151074 0.500706
0.634068 -0.479303 0.052160 2.934303 -0.283928 -4.161839 0.020672 0.151074 0.500706
0.633861 -0.478500 0.049823 2.937047 -0.287085 -4.163589 -0.003912 0.129029 0.517797
0.633861 -0.478500 0.049823 2.937047 -0.287085 -4.163589 -0.003912 0.129029 0.517797
0.633861 -0.478500 0.049823 2.937047 -0.287085 -4.163589 -0.003912 0.129029 0.517797
0.634079 -0.477853 0.047325 2.939406 -0.289853 -4.166143 -0.014763 0.124486 0.481920
0.634079 -0.477853 0.047325 2.939406 -0.289853 -4.166143 -0.014763 0.124486 0.481920
0.634079 -0.477853 0.047325 2.939406 -0.289853 -4.166143 -0.014763 0.124486 0.481920
0.634144 -0.477315 0.044973 2.941157 -0.292748 -4.168552 0.004423 0.140604 0.441245
0.634144 -0.477315 0.044973 2.941157 -0.292748 -4.168552 0.004423 0.140604 0.441245
0.634144 -0.477315 0.044973 2.941157 -0.292748 -4.168552 0.004423 0.140604 0.441245
0.634144 -0.477315 0.044973 2.941157 -0.292748 -4.168552 0.004423 0.140604 0.441245
0.634096 -0.477033 0.042708 2.944266 -0.297160 -4.171879 0.050465 0.175096 0.436129
0.634096 -0.477033 0.042708 2.944266 -0.297160 -4.171879 0.050465 0.175096 0.436129
0.634096 -0.477033 0.042708 2.944266 -0.297160 -4.171879 0.050465 0.175096 0.436129
0.633915 -0.476769 0.040495 2.948582 -0.302062 -4.176075 0.092232 0.167819 0.395072
0.633915 -0.476769 0.040495 2.948582 -0.302062 -4.176075 0.092232 0.167819 0.395072
0.633915 -0.476769 0.040495 2.948582 -0.302062 -4.176075 0.092232 0.167819 0.395072
0.633788 -0.476675 0.038329 2.952012 -0.304411 -4.178607 0.084154 0.120869 0.315898
0.633788 -0.476675 0.038329 2.952012 -0.304411 -4.178607 0.084154 0.120869 0.315898
0.633788 -0.476675 0.038329 2.952012 -0.304411 -4.178607 0.084154 0.120869 0.315898
0.633788 -0.476675 0.038329 2.952012 -0.304411 -4.178607 0.084154 0.120869 0.315898
0.633461 -0.476816 0.036365 2.955586 -0.305376 -4.179822 0.009291 0.234314 0.412452
0.633461 -0.476816 0.036365 2.955586 -0.305376 -4.179822 0.009291 0.234314 0.412452
0.633461 -0.476816 0.036365 2.955586 -0.305376 -4.179822 0.009291 0.234314 0.412452
0.632957 -0.476289 0.034745 2.957912 -0.310803 -4.180378 0.044715 0.197675 0.367764
0.632957 -0.476289 0.034745 2.957912 -0.310803 -4.180378 0.044715 0.197675 0.367764
0.632957 -0.476289 0.034745 2.957912 -0.310803 -4.180378 0.044715 0.197675 0.367764
0.632134 -0.475568 0.033510 2.961019 -0.318301 -4.182796 0.142333 0.175537 0.284119
0.632134 -0.475568 0.033510 2.961019 -0.318301 -4.182796 0.142333 0.175537 0.284119
0.632134 -0.475568 0.033510 2.961019 -0.318301 -4.182796 0.142333 0.175537 0.284119
0.632134 -0.475568 0.033510 2.961019 -0.318301 -4.182796 0.142333 0.175537 0.284119
0.632223 -0.475324 0.032157 2.960450 -0.320596 -4.184733 0.019228 0.158848 0.234249
0.632223 -0.475324 0.032157 2.960450 -0.320596 -4.184733 0.019228 0.158848 0.234249
0.632223 -0.475324 0.032157 2.960450 -0.320596 -4.184733 0.019228 0.158848 0.234249
0.632299 -0.474824 0.030485 2.961852 -0.324279 -4.187806 0.039800 0.185602 0.173865
0.632299 -0.474824 0.030485 2.961852 -0.324279 -4.187806 0.039800 0.185602 0.173865
0.632299 -0.474824 0.030485 2.961852 -0.324279 -4.187806 0.039800 0.185602 0.173865
0.631636 -0.474242 0.028833 2.964552 -0.328916 -4.189669 0.022549 0.140186 0.265583
0.631636 -0.474242 0.028833 2.964552 -0.328916 -4.189669 0.022549 0.140186 0.265583
0.631636 -0.474242 0.028833 2.964552 -0.328916 -4.189669 0.022549 0.140186 0.265583
0.631636 -0.474242 0.028833 2.964552 -0.328916 -4.189669 0.022549 0.140186 0.265583
0.631130 -0.473479 0.027385 2.966178 -0.332474 -4.190529 0.025511 0.147649 0.297184
0.631130 -0.473479 0.027385 2.966178 -0.332474 -4.190529 0.025511 0.147649 0.297184
0.631130 -0.473479 0.027385 2.966178 -0.332474 -4.190529 0.025511 0.147649 0.297184
0.630459 -0.472666 0.025897 2.968373 -0.336052 -4.190536 0.057569 0.223552 0.308967
0.630459 -0.472666 0.025897 2.968373 -0.336052 -4.190536 0.057569 0.223552 0.308967
0.630459 -0.472666 0.025897 2.968373 -0.336052 -4.190536 0.057569 0.223552 0.308967
0.629750 -0.471367 0.024642 2.969735 -0.342131 -4.192061 0.024159 0.148619 0.208172
0.629750 -0.471367 0.024642 2.969735 -0.342131 -4.192061 0.024159 0.148619 0.208172
0.629750 -0.471367 0.024642 2.969735 -0.342131 -4.192061 0.024159 0.148619 0.208172
0.629750 -0.471367 0.024642 2.969735 -0.342131 -4.192061 0.024159 0.148619 0.208172
0.628889 -0.469883 0.023218 2.971367 -0.346757 -4.193106 0.046781 0.200819 0.077425
0.628889 -0.469883 0.023218 2.971367 -0.346757 -4.193106 0.046781 0.200819 0.077425
0.628889 -0.469883 0.023218 2.971367 -0.346757 -4.193106 0.046781 0.200819 0.077425
0.627985 -0.468704 0.021606 2.973464 -0.349776 -4.192919 0.101040 0.294625 0.151570
0.627985 -0.468704 0.021606 2.973464 -0.349776 -4.192919 0.101040 0.294625 0.151570
0.627985 -0.468704 0.021606 2.973464 -0.349776 -4.192919 0.101040 0.294625 0.151570
0.626951 -0.467509 0.020237 2.974581 -0.352768 -4.193083 0.004014 0.229006 -0.016312
0.626951 -0.467509 0.020237 2.974581 -0.352768 -4.193083 0.004014 0.229006 -0.016312
0.626951 -0.467509 0.020237 2.974581 -0.352768 -4.193083 0.004014 0.229006 -0.016312
0.626951 -0.467509 0.020237 2.974581 -0.352768 -4.193083 0.004014 0.229006 -0.016312
0.625743 -0.466666 0.019092 2.976379 -0.354497 -4.193097 0.023882 0.232373 0.236770
0.625743 -0.466666 0.019092 2.976379 -0.354497 -4.193097 0.023882 0.232373 0.236770
0.625743 -0.466666 0.019092 2.976379 -0.354497 -4.193097 0.023882 0.232373 0.236770
0.625269 -0.465857 0.017867 2.976828 -0.356443 -4.195131 0.017923 0.277845 0.420102
0.625269 -0.465857 0.017867 2.976828 -0.356443 -4.195131 0.017923 0.277845 0.420102
0.625269 -0.465857 0.017867 2.976828 -0.356443 -4.195131 0.017923 0.277845 0.420102
0.624899 -0.465644 0.017017 2.977378 -0.358131 -4.197358 0.082130 0.471283 0.774745
0.624899 -0.465644 0.017017 2.977378 -0.358131 -4.197358 0.082130 0.471283 0.774745
0.624899 -0.465644 0.017017 2.977378 -0.358131 -4.197358 0.082130 0.471283 0.774745
0.624899 -0.465644 0.017017 2.977378 -0.358131 -4.197358 0.082130 0.471283 0.774745
0.624850 -0.465396 0.016807 2.976285 -0.360796 -4.200464 0.031906 0.636343 1.265245
0.624850 -0.465396 0.016807 2.976285 -0.360796 -4.200464 0.031906 0.636343 1.265245
0.624850 -0.465396 0.016807 2.976285 -0.360796 -4.200464 0.031906 0.636343 1.265245
0.624824 -0.465201 0.016820 2.975654 -0.362503 -4.202569 0.019341 0.675864 1.366652
0.624824 -0.465201 0.016820 2.975654 -0.362503 -4.202569 0.019341 0.675864 1.366652
0.624824 -0.465201 0.016820 2.975654 -0.362503 -4.202569 0.019341 0.675864 1.366652
0.624694 -0.465020 0.016837 2.975415 -0.363818 -4.203957 0.017534 0.697989 1.465622
0.624694 -0.465020 0.016837 2.975415 -0.363818 -4.203957 0.017534 0.697989 1.465622
0.624694 -0.465020 0.016837 2.975415 -0.363818 -4.203957 0.017534 0.697989 1.465622
0.624694 -0.465020 0.016837 2.975415 -0.363818 -4.203957 0.017534 0.697989 1.465622
0.624563 -0.464817 0.017154 2.975030 -0.365217 -4.205709 -0.004070 0.855515 1.476902
0.624563 -0.464817 0.017154 2.975030 -0.365217 -4.205709 -0.004070 0.855515 1.476902
0.624563 -0.464817 0.017154 2.975030 -0.365217 -4.205709 -0.004070 0.855515 1.476902
0.624242 -0.464457 0.017210 2.975301 -0.365747 -4.206615 -0.026750 0.950473 1.564400
0.624242 -0.464457 0.017210 2.975301 -0.365747 -4.206615 -0.026750 0.950473 1.564400
0.624242 -0.464457 0.017210 2.975301 -0.365747 -4.206615 -0.026750 0.950473 1.564400
0.623753 -0.464000 0.017309 2.974243 -0.364276 -4.204955 0.023056 1.091692 1.668847
0.623753 -0.464000 0.017309 2.974243 -0.364276 -4.204955 0.023056 1.091692 1.668847
0.623753 -0.464000 0.017309 2.974243 -0.364276 -4.204955 0.023056 1.091692 1.668847
0.623753 -0.464000 0.017309 2.974243 -0.364276 -4.204955 0.023056 1.091692 1.668847
0.623282 -0.463252 0.017518 2.973287 -0.364059 -4.203693 0.087868 1.176588 1.713383
0.623282 -0.463252 0.017518 2.973287 -0.364059 -4.203693 0.087868 1.176588 1.713383
0.623282 -0.463252 0.017518 2.973287 -0.364059 -4.203693 0.087868 1.176588 1.713383
0.622735 -0.462543 0.017766 2.972830 -0.362079 -4.201633 0.087571 1.227015 1.739991
0.622735 -0.462543 0.017766 2.972830 -0.362079 -4.201633 0.087571 1.227015 1.739991
0.622735 -0.462543 0.017766 2.972830 -0.362079 -4.201633 0.087571 1.227015 1.739991
0.622344 -0.461694 0.018425 2.971134 -0.360676 -4.199220 0.103165 1.317039 1.755442
0.622344 -0.461694 0.018425 2.971134 -0.360676 -4.199220 0.103165 1.317039 1.755442
0.622344 -0.461694 0.018425 2.971134 -0.360676 -4.199220 0.103165 1.317039 1.755442
0.622344 -0.461694 0.018425 2.971134 -0.360676 -4.199220 0.103165 1.317039 1.755442
0.621829 -0.460441 0.019144 2.969936 -0.360662 -4.197097 0.020956 1.419648 1.746420
0.621829 -0.460441 0.019144 2.969936 -0.360662 -4.197097 0.020956 1.419648 1.746420
0.621829 -0.460441 0.019144 2.969936 -0.360662 -4.197097 0.020956 1.419648 1.746420
0.621483 -0.459298 0.019657 2.968885 -0.360228 -4.195926 0.028016 1.424832 1.687928
0.621483 -0.459298 0.019657 2.968885 -0.360228 -4.195926 0.028016 1.424832 1.687928
0.621483 -0.459298 0.019657 2.968885 -0.360228 -4.195926 0.028016 1.424832 1.687928
0.621284 -0.458178 0.020265 2.967400 -0.360493 -4.195789 -0.041412 1.604533 1.624154
0.621284 -0.458178 0.020265 2.967400 -0.360493 -4.195789 -0.041412 1.604533 1.624154
0.621284 -0.458178 0.020265 2.967400 -0.360493 -4.195789 -0.041412 1.604533 1.624154
0.621284 -0.458178 0.020265 2.967400 -0.360493 -4.195789 -0.041412 1.604533 1.624154
0.621142 -0.456846 0.020914 2.966013 -0.362258 -4.196538 -0.086504 1.543442 1.535537
0.621142 -0.456846 0.020914 2.966013 -0.362258 -4.196538 -0.086504 1.543442 1.535537
0.621142 -0.456846 0.020914 2.966013 -0.362258 -4.196538 -0.086504 1.543442 1.535537
0.620679 -0.455525 0.021733 2.964159 -0.365130 -4.197909 -0.135074 1.637121 1.514865
0.620679 -0.455525 0.021733 2.964159 -0.365130 -4.197909 -0.135074 1.637121 1.514865
0.620679 -0.455525 0.021733 2.964159 -0.365130 -4.197909 -0.135074 1.637121 1.514865
0.620081 -0.454049 0.022558 2.962591 -0.369528 -4.199347 -0.077956 1.798652 1.437514
0.620081 -0.454049 0.022558 2.962591 -0.369528 -4.199347 -0.077956 1.798652 1.437514
0.620081 -0.454049 0.022558 2.962591 -0.369528 -4.199347 -0.077956 1.798652 1.437514
0.620081 -0.454049 0.022558 2.962591 -0.369528 -4.199347 -0.077956 1.798652 1.437514
0.619341 -0.452633 0.023703 2.960768 -0.374923 -4.200707 -0.045396 1.818148 1.373577
0.619341 -0.452633 0.023703 2.960768 -0.374923 -4.200707 -0.045396 1.818148 1.373577
0.619341 -0.452633 0.023703 2.960768 -0.374923 -4.200707 -0.045396 1.818148 1.373577
0.618712 -0.450531 0.024984 2.958747 -0.382487 -4.203385 -0.051166 1.760856 1.406993
0.618712 -0.450531 0.024984 2.958747 -0.382487 -4.203385 -0.051166 1.760856 1.406993
0.618712 -0.450531 0.024984 2.958747 -0.382487 -4.203385 -0.051166 1.760856 1.406993
0.618101 -0.448358 0.026235 2.957490 -0.391323 -4.206999 0.000415 1.698991 1.278254
0.618101 -0.448358 0.026235 2.957490 -0.391323 -4.206999 0.000415 1.698991 1.278254
0.618101 -0.448358 0.026235 2.957490 -0.391323 -4.206999 0.000415 1.698991 1.278254
0.618101 -0.448358 0.026235 2.957490 -0.391323 -4.206999 0.000415 1.698991 1.278254
0.617531 -0.446146 0.027642 2.955861 -0.401938 -4.212399 -0.023602 1.779511 1.344760
0.617531 -0.446146 0.027642 2.955861 -0.401938 -4.212399 -0.023602 1.779511 1.344760
0.617531 -0.446146 0.027642 2.955861 -0.401938 -4.212399 -0.023602 1.779511 1.344760
0.616451 -0.443180 0.029601 2.954979 -0.420612 -4.219986 -0.041473 1.712702 1.463267
0.616451 -0.443180 0.029601 2.954979 -0.420612 -4.219986 -0.041473 1.712702 1.463267
0.616451 -0.443180 0.029601 2.954979 -0.420612 -4.219986 -0.041473 1.712702 1.463267
0.615130 -0.439888 0.031935 2.955982 -0.443633 -4.229147 -0.040355 1.770991 1.541653
0.615130 -0.439888 0.031935 2.955982 -0.443633 -4.229147 -0.040355 1.770991 1.541653
0.615130 -0.439888 0.031935 2.955982 -0.443633 -4.229147 -0.040355 1.770991 1.541653
0.615130 -0.439888 0.031935 2.955982 -0.443633 -4.229147 -0.040355 1.770991 1.541653
0.614736 -0.438324 0.033311 2.954906 -0.452598 -4.234653 -0.173689 2.005480 1.764990
0.614736 -0.438324 0.033311 2.954906 -0.452598 -4.234653 -0.173689 2.005480 1.764990
0.614736 -0.438324 0.033311 2.954906 -0.452598 -4.234653 -0.173689 2.005480 1.764990
0.614952 -0.437836 0.034182 2.953106 -0.455119 -4.239841 -0.228511 2.027435 1.814666
0.614952 -0.437836 0.034182 2.953106 -0.455119 -4.239841 -0.228511 2.027435 1.814666
0.614952 -0.437836 0.034182 2.953106 -0.455119 -4.239841 -0.228511 2.027435 1.814666
0.614847 -0.437026 0.034812 2.951927 -0.459771 -4.245654 -0.320748 2.207143 1.996836
0.614847 -0.437026 0.034812 2.951927 -0.459771 -4.245654 -0.320748 2.207143 1.996836
0.614847 -0.437026 0.034812 2.951927 -0.459771 -4.245654 -0.320748 2.207143 1.996836
0.614847 -0.437026 0.034812 2.951927 -0.459771 -4.245654 -0.320748 2.207143 1.996836
0.614416 -0.436287 0.035487 2.950793 -0.466594 -4.251081 -0.324516 2.470246 2.222515
0.614416 -0.436287 0.035487 2.950793 -0.466594 -4.251081 -0.324516 2.470246 2.222515
0.614416 -0.436287 0.035487 2.950793 -0.466594 -4.251081 -0.324516 2.470246 2.222515
0.613931 -0.435064 0.036540 2.949322 -0.477377 -4.256948 -0.283188 2.557804 2.377954
0.613931 -0.435064 0.036540 2.949322 -0.477377 -4.256948 -0.283188 2.557804 2.377954
0.613931 -0.435064 0.036540 2.949322 -0.477377 -4.256948 -0.283188 2.557804 2.377954
0.612989 -0.433718 0.037646 2.949933 -0.491521 -4.263295 -0.179397 2.628142 2.539580
0.612989 -0.433718 0.037646 2.949933 -0.491521 -4.263295 -0.179397 2.628142 2.539580
0.612989 -0.433718 0.037646 2.949933 -0.491521 -4.263295 -0.179397 2.628142 2.539580
0.612989 -0.433718 0.037646 2.949933 -0.491521 -4.263295 -0.179397 2.628142 2.539580
0.611938 -0.432650 0.039161 2.951712 -0.506424 -4.268865 -0.076929 2.661015 2.483552
0.611938 -0.432650 0.039161 2.951712 -0.506424 -4.268865 -0.076929 2.661015 2.483552
0.611938 -0.432650 0.039161 2.951712 -0.506424 -4.268865 -0.076929 2.661015 2.483552
0.610859 -0.431333 0.040608 2.952406 -0.522014 -4.274409 -0.070119 2.643745 2.432134
0.610859 -0.431333 0.040608 2.952406 -0.522014 -4.274409 -0.070119 2.643745 2.432134
0.610859 -0.431333 0.040608 2.952406 -0.522014 -4.274409 -0.070119 2.643745 2.432134
0.610130 -0.430119 0.041693 2.954026 -0.537419 -4.280655 -0.087941 2.658405 2.306420
0.610130 -0.430119 0.041693 2.954026 -0.537419 -4.280655 -0.087941 2.658405 2.306420
0.610130 -0.430119 0.041693 2.954026 -0.537419 -4.280655 -0.087941 2.658405 2.306420
0.610130 -0.430119 0.041693 2.954026 -0.537419 -4.280655 -0.087941 2.658405 2.306420
0.609068 -0.429145 0.042631 2.956624 -0.552135 -4.286748 -0.039254 2.526654 2.039112
0.609068 -0.429145 0.042631 2.956624 -0.552135 -4.286748 -0.039254 2.526654 2.039112
0.609068 -0.429145 0.042631 2.956624 -0.552135 -4.286748 -0.039254 2.526654 2.039112
0.608290 -0.427465 0.043953 2.957710 -0.572890 -4.294711 -0.020095 2.541500 1.997521
0.608290 -0.427465 0.043953 2.957710 -0.572890 -4.294711 -0.020095 2.541500 1.997521
0.608290 -0.427465 0.043953 2.957710 -0.572890 -4.294711 -0.020095 2.541500 1.997521
0.607431 -0.426211 0.044694 2.961928 -0.593239 -4.304002 0.012103 2.557406 2.051762
0.607431 -0.426211 0.044694 2.961928 -0.593239 -4.304002 0.012103 2.557406 2.051762
0.607431 -0.426211 0.044694 2.961928 -0.593239 -4.304002 0.012103 2.557406 2.051762
0.607431 -0.426211 0.044694 2.961928 -0.593239 -4.304002 0.012103 2.557406 2.051762
0.606434 -0.425069 0.045554 2.966670 -0.615751 -4.315477 0.014826 2.456492 2.070930
0.606434 -0.425069 0.045554 2.966670 -0.615751 -4.315477 0.014826 2.456492 2.070930
0.606434 -0.425069 0.045554 2.966670 -0.615751 -4.315477 0.014826 2.456492 2.070930
0.605528 -0.423384 0.046527 2.971141 -0.641003 -4.327946 -0.020483 2.455392 2.155903
0.605528 -0.423384 0.046527 2.971141 -0.641003 -4.327946 -0.020483 2.455392 2.155903
0.605528 -0.423384 0.046527 2.971141 -0.641003 -4.327946 -0.020483 2.455392 2.155903
0.605097 -0.422742 0.046680 2.973947 -0.657599 -4.337504 0.107676 2.376283 2.470315
0.605097 -0.422742 0.046680 2.973947 -0.657599 -4.337504 0.107676 2.376283 2.470315
0.605097 -0.422742 0.046680 2.973947 -0.657599 -4.337504 0.107676 2.376283 2.470315
0.605097 -0.422742 0.046680 2.973947 -0.657599 -4.337504 0.107676 2.376283 2.470315
0.605205 -0.422458 0.046858 2.971789 -0.667444 -4.344326 0.277300 2.186203 2.544795
0.605205 -0.422458 0.046858 2.971789 -0.667444 -4.344326 0.277300 2.186203 2.544795
0.605205 -0.422458 0.046858 2.971789 -0.667444 -4.344326 0.277300 2.186203 2.544795
0.605219 -0.421963 0.047594 2.967992 -0.677429 -4.348991 0.410458 2.072513 2.620544
0.605219 -0.421963 0.047594 2.967992 -0.677429 -4.348991 0.410458 2.072513 2.620544
0.605219 -0.421963 0.047594 2.967992 -0.677429 -4.348991 0.410458 2.072513 2.620544
0.605114 -0.421288 0.048830 2.967361 -0.692011 -4.356611 0.563759 1.759879 2.595857
0.605114 -0.421288 0.048830 2.967361 -0.692011 -4.356611 0.563759 1.759879 2.595857
0.605114 -0.421288 0.048830 2.967361 -0.692011 -4.356611 0.563759 1.759879 2.595857
0.605114 -0.421288 0.048830 2.967361 -0.692011 -4.356611 0.563759 1.759879 2.595857
0.605103 -0.420838 0.049829 2.968984 -0.703801 -4.365748 0.667037 1.660434 2.485504
0.605103 -0.420838 0.049829 2.968984 -0.703801 -4.365748 0.667037 1.660434 2.485504
0.605103 -0.420838 0.049829 2.968984 -0.703801 -4.365748 0.667037 1.660434 2.485504
0.605344 -0.420572 0.050991 2.969978 -0.715353 -4.375230 0.660502 1.686226 2.396407
0.605344 -0.420572 0.050991 2.969978 -0.715353 -4.375230 0.660502 1.686226 2.396407
0.605344 -0.420572 0.050991 2.969978 -0.715353 -4.375230 0.660502 1.686226 2.396407
0.605350 -0.419103 0.053380 2.969960 -0.736490 -4.385001 0.642941 1.640403 2.042424
0.605350 -0.419103 0.053380 2.969960 -0.736490 -4.385001 0.642941 1.640403 2.042424
0.605350 -0.419103 0.053380 2.969960 -0.736490 -4.385001 0.642941 1.640403 2.042424
0.605350 -0.419103 0.053380 2.969960 -0.736490 -4.385001 0.642941 1.640403 2.042424
0.604674 -0.418332 0.055395 2.972785 -0.752186 -4.390752 0.691768 1.567296 1.920210
0.604674 -0.418332 0.055395 2.972785 -0.752186 -4.390752 0.691768 1.567296 1.920210
0.604674 -0.418332 0.055395 2.972785 -0.752186 -4.390752 0.691768 1.567296 1.920210
0.603991 -0.417394 0.056836 2.976133 -0.764090 -4.394212 0.678274 1.467767 1.873637
0.603991 -0.417394 0.056836 2.976133 -0.764090 -4.394212 0.678274 1.467767 1.873637
0.603991 -0.417394 0.056836 2.976133 -0.764090 -4.394212 0.678274 1.467767 1.873637
0.602825 -0.415976 0.058509 2.979091 -0.775393 -4.393507 0.677084 1.294735 1.834131
0.602825 -0.415976 0.058509 2.979091 -0.775393 -4.393507 0.677084 1.294735 1.834131
0.602825 -0.415976 0.058509 2.979091 -0.775393 -4.393507 0.677084 1.294735 1.834131
0.602825 -0.415976 0.058509 2.979091 -0.775393 -4.393507 0.677084 1.294735 1.834131
0.602169 -0.414880 0.059575 2.978875 -0.777650 -4.391321 0.630152 1.395581 1.776786
0.602169 -0.414880 0.059575 2.978875 -0.777650 -4.391321 0.630152 1.395581 1.776786
0.602169 -0.414880 0.059575 2.978875 -0.777650 -4.391321 0.630152 1.395581 1.776786
0.601912 -0.414146 0.060346 2.978884 -0.776205 -4.389795 0.598066 1.436721 1.804090
0.601912 -0.414146 0.060346 2.978884 -0.776205 -4.389795 0.598066 1.436721 1.804090
0.601912 -0.414146 0.060346 2.978884 -0.776205 -4.389795 0.598066 1.436721 1.804090
0.601548 -0.412569 0.062024 2.978910 -0.782301 -4.390506 0.471512 1.608386 1.982454
0.601548 -0.412569 0.062024 2.978910 -0.782301 -4.390506 0.471512 1.608386 1.982454
0.601548 -0.412569 0.062024 2.978910 -0.782301 -4.390506 0.471512 1.608386 1.982454
0.601548 -0.412569 0.062024 2.978910 -0.782301 -4.390506 0.471512 1.608386 1.982454
0.600726 -0.410906 0.063998 2.981080 -0.790806 -4.391892 0.422399 1.733476 2.067159
0.600726 -0.410906 0.063998 2.981080 -0.790806 -4.391892 0.422399 1.733476 2.067159
0.600726 -0.410906 0.063998 2.981080 -0.790806 -4.391892 0.422399 1.733476 2.067159
0.599523 -0.408471 0.067248 2.984290 -0.809654 -4.394431 0.378726 1.758341 2.121178
0.599523 -0.408471 0.067248 2.984290 -0.809654 -4.394431 0.378726 1.758341 2.121178
0.599523 -0.408471 0.067248 2.984290 -0.809654 -4.394431 0.378726 1.758341 2.121178
0.597103 -0.404578 0.071205 2.989902 -0.838023 -4.394888 0.298576 1.735865 2.059902
0.597103 -0.404578 0.071205 2.989902 -0.838023 -4.394888 0.298576 1.735865 2.059902
0.597103 -0.404578 0.071205 2.989902 -0.838023 -4.394888 0.298576 1.735865 2.059902
0.597103 -0.404578 0.071205 2.989902 -0.838023 -4.394888 0.298576 1.735865 2.059902
0.595211 -0.401504 0.074142 2.996671 -0.857497 -4.395569 0.283318 1.712158 1.978594
0.595211 -0.401504 0.074142 2.996671 -0.857497 -4.395569 0.283318 1.712158 1.978594
0.595211 -0.401504 0.074142 2.996671 -0.857497 -4.395569 0.283318 1.712158 1.978594
0.594891 -0.399839 0.075208 2.996366 -0.861086 -4.397485 0.185968 1.756270 2.076053
0.594891 -0.399839 0.075208 2.996366 -0.861086 -4.397485 0.185968 1.756270 2.076053
0.594891 -0.399839 0.075208 2.996366 -0.861086 -4.397485 0.185968 1.756270 2.076053
0.594731 -0.398489 0.076281 2.995823 -0.864937 -4.399130 0.087908 1.973123 2.673450
0.594731 -0.398489 0.076281 2.995823 -0.864937 -4.399130 0.087908 1.973123 2.673450
0.594731 -0.398489 0.076281 2.995823 -0.864937 -4.399130 0.087908 1.973123 2.673450
0.594731 -0.398489 0.076281 2.995823 -0.864937 -4.399130 0.087908 1.973123 2.673450
0.593840 -0.395594 0.079941 2.994171 -0.883060 -4.401723 0.144879 1.805975 2.780766
0.593840 -0.395594 0.079941 2.994171 -0.883060 -4.401723 0.144879 1.805975 2.780766
0.593840 -0.395594 0.079941 2.994171 -0.883060 -4.401723 0.144879 1.805975 2.780766
0.591863 -0.391469 0.084631 2.995763 -0.910830 -4.402606 0.180614 1.719433 2.680929
0.591863 -0.391469 0.084631 2.995763 -0.910830 -4.402606 0.180614 1.719433 2.680929
0.591863 -0.391469 0.084631 2.995763 -0.910830 -4.402606 0.180614 1.719433 2.680929
0.588859 -0.387531 0.089011 2.999404 -0.932786 -4.397458 0.227388 1.441739 2.107425
0.588859 -0.387531 0.089011 2.999404 -0.932786 -4.397458 0.227388 1.441739 2.107425
0.588859 -0.387531 0.089011 2.999404 -0.932786 -4.397458 0.227388 1.441739 2.107425
0.588859 -0.387531 0.089011 2.999404 -0.932786 -4.397458 0.227388 1.441739 2.107425
0.587631 -0.384988 0.090976 2.998255 -0.935727 -4.393052 0.142611 1.412240 1.925768
0.587631 -0.384988 0.090976 2.998255 -0.935727 -4.393052 0.142611 1.412240 1.925768
0.587631 -0.384988 0.090976 2.998255 -0.935727 -4.393052 0.142611 1.412240 1.925768
0.587768 -0.383506 0.092268 2.992688 -0.928890 -4.392270 0.114692 1.485799 2.105408
0.587768 -0.383506 0.092268 2.992688 -0.928890 -4.392270 0.114692 1.485799 2.105408
0.587768 -0.383506 0.092268 2.992688 -0.928890 -4.392270 0.114692 1.485799 2.105408
0.587175 -0.380729 0.096423 2.989162 -0.942603 -4.394200 0.127494 1.429404 2.070671
0.587175 -0.380729 0.096423 2.989162 -0.942603 -4.394200 0.127494 1.429404 2.070671
0.587175 -0.380729 0.096423 2.989162 -0.942603 -4.394200 0.127494 1.429404 2.070671
0.587175 -0.380729 0.096423 2.989162 -0.942603 -4.394200 0.127494 1.429404 2.070671
0.585809 -0.377235 0.101976 2.990050 -0.963822 -4.395959 0.165898 1.397709 1.947853
0.585809 -0.377235 0.101976 2.990050 -0.963822 -4.395959 0.165898 1.397709 1.947853
0.585809 -0.377235 0.101976 2.990050 -0.963822 -4.395959 0.165898 1.397709 1.947853
0.584658 -0.374195 0.107163 2.987424 -0.978147 -4.394813 0.145774 1.392248 1.894453
0.584658 -0.374195 0.107163 2.987424 -0.978147 -4.394813 0.145774 1.392248 1.894453
0.584658 -0.374195 0.107163 2.987424 -0.978147 -4.394813 0.145774 1.392248 1.894453
0.584170 -0.371683 0.111777 2.982049 -0.982725 -4.392816 0.117774 1.270710 1.861039
0.584170 -0.371683 0.111777 2.982049 -0.982725 -4.392816 0.117774 1.270710 1.861039
0.584170 -0.371683 0.111777 2.982049 -0.982725 -4.392816 0.117774 1.270710 1.861039
0.584170 -0.371683 0.111777 2.982049 -0.982725 -4.392816 0.117774 1.270710 1.861039
0.584061 -0.368551 0.117244 2.972757 -0.988453 -4.391236 0.106100 1.112723 1.806311
0.584061 -0.368551 0.117244 2.972757 -0.988453 -4.391236 0.106100 1.112723 1.806311
0.584061 -0.368551 0.117244 2.972757 -0.988453 -4.391236 0.106100 1.112723 1.806311
0.583217 -0.364704 0.123966 2.963664 -0.998199 -4.387431 0.103908 1.050653 1.813518
0.583217 -0.364704 0.123966 2.963664 -0.998199 -4.387431 0.103908 1.050653 1.813518
0.583217 -0.364704 0.123966 2.963664 -0.998199 -4.387431 0.103908 1.050653 1.813518
0.582089 -0.360638 0.131889 2.955317 -1.008659 -4.383215 0.166292 1.034624 1.662608
0.582089 -0.360638 0.131889 2.955317 -1.008659 -4.383215 0.166292 1.034624 1.662608
0.582089 -0.360638 0.131889 2.955317 -1.008659 -4.383215 0.166292 1.034624 1.662608
0.582089 -0.360638 0.131889 2.955317 -1.008659 -4.383215 0.166292 1.034624 1.662608
0.581744 -0.356650 0.139622 2.943206 -1.013371 -4.379115 0.115454 1.015465 1.663226
0.581744 -0.356650 0.139622 2.943206 -1.013371 -4.379115 0.115454 1.015465 1.663226
0.581744 -0.356650 0.139622 2.943206 -1.013371 -4.379115 0.115454 1.015465 1.663226
0.580822 -0.351473 0.149690 2.931870 -1.029895 -4.377140 0.134195 0.872669 1.677866
0.580822 -0.351473 0.149690 2.931870 -1.029895 -4.377140 0.134195 0.872669 1.677866
0.580822 -0.351473 0.149690 2.931870 -1.029895 -4.377140 0.134195 0.872669 1.677866
0.578250 -0.344798 0.162932 2.923038 -1.062318 -4.373861 0.154389 0.705517 1.393493
0.578250 -0.344798 0.162932 2.923038 -1.062318 -4.373861 0.154389 0.705517 1.393493
0.578250 -0.344798 0.162932 2.923038 -1.062318 -4.373861 0.154389 0.705517 1.393493
0.578250 -0.344798 0.162932 2.923038 -1.062318 -4.373861 0.154389 0.705517 1.393493
0.574632 -0.338170 0.176847 2.911666 -1.091716 -4.364791 0.102727 0.617940 1.179654
0.574632 -0.338170 0.176847 2.911666 -1.091716 -4.364791 0.102727 0.617940 1.179654
0.574632 -0.338170 0.176847 2.911666 -1.091716 -4.364791 0.102727 0.617940 1.179654
0.571901 -0.332320 0.189339 2.895661 -1.105465 -4.354648 0.105451 0.748006 1.021946
0.571901 -0.332320 0.189339 2.895661 -1.105465 -4.354648 0.105451 0.748006 1.021946
0.571901 -0.332320 0.189339 2.895661 -1.105465 -4.354648 0.105451 0.748006 1.021946
0.569907 -0.326490 0.201930 2.877372 -1.114535 -4.348868 0.041988 0.613351 0.746353
0.569907 -0.326490 0.201930 2.877372 -1.114535 -4.348868 0.041988 0.613351 0.746353
0.569907 -0.326490 0.201930 2.877372 -1.114535 -4.348868 0.041988 0.613351 0.746353
0.569907 -0.326490 0.201930 2.877372 -1.114535 -4.348868 0.041988 0.613351 0.746353
0.567578 -0.320531 0.215794 2.857605 -1.128234 -4.344824 0.025939 0.473956 0.659794
0.567578 -0.320531 0.215794 2.857605 -1.128234 -4.344824 0.025939 0.473956 0.659794
0.567578 -0.320531 0.215794 2.857605 -1.128234 -4.344824 0.025939 0.473956 0.659794
0.564373 -0.314577 0.230667 2.836362 -1.147105 -4.339143 0.041159 0.486653 0.713900
0.564373 -0.314577 0.230667 2.836362 -1.147105 -4.339143 0.041159 0.486653 0.713900
0.564373 -0.314577 0.230667 2.836362 -1.147105 -4.339143 0.041159 0.486653 0.713900
0.560992 -0.308952 0.245301 2.816971 -1.165918 -4.333848 0.082150 0.389724 0.712942
0.560992 -0.308952 0.245301 2.816971 -1.165918 -4.333848 0.082150 0.389724 0.712942
0.560992 -0.308952 0.245301 2.816971 -1.165918 -4.333848 0.082150 0.389724 0.712942
0.560992 -0.308952 0.245301 2.816971 -1.165918 -4.333848 0.082150 0.389724 0.712942
0.557498 -0.304324 0.257958 2.797914 -1.177477 -4.325894 0.056287 0.324795 0.791403
0.557498 -0.304324 0.257958 2.797914 -1.177477 -4.325894 0.056287 0.324795 0.791403
0.557498 -0.304324 0.257958 2.797914 -1.177477 -4.325894 0.056287 0.324795 0.791403
0.554665 -0.300549 0.268823 2.780308 -1.182060 -4.319229 0.088532 0.316935 0.594753
0.554665 -0.300549 0.268823 2.780308 -1.182060 -4.319229 0.088532 0.316935 0.594753
0.554665 -0.300549 0.268823 2.780308 -1.182060 -4.319229 0.088532 0.316935 0.594753
0.552758 -0.297440 0.278275 2.763431 -1.184236 -4.316490 0.113243 0.343801 0.501844
0.552758 -0.297440 0.278275 2.763431 -1.184236 -4.316490 0.113243 0.343801 0.501844
0.552758 -0.297440 0.278275 2.763431 -1.184236 -4.316490 0.113243 0.343801 0.501844
0.552758 -0.297440 0.278275 2.763431 -1.184236 -4.316490 0.113243 0.343801 0.501844
0.551080 -0.294878 0.286520 2.748865 -1.189410 -4.314765 0.204243 0.266359 0.407763
0.551080 -0.294878 0.286520 2.748865 -1.189410 -4.314765 0.204243 0.266359 0.407763
0.551080 -0.294878 0.286520 2.748865 -1.189410 -4.314765 0.204243 0.266359 0.407763
0.549330 -0.293137 0.293171 2.739142 -1.192962 -4.312934 0.221019 0.315288 0.376574
0.549330 -0.293137 0.293171 2.739142 -1.192962 -4.312934 0.221019 0.315288 0.376574
0.549330 -0.293137 0.293171 2.739142 -1.192962 -4.312934 0.221019 0.315288 0.376574
0.548101 -0.291849 0.298497 2.730409 -1.195162 -4.312422 0.211847 0.242152 0.369619
0.548101 -0.291849 0.298497 2.730409 -1.195162 -4.312422 0.211847 0.242152 0.369619
0.548101 -0.291849 0.298497 2.730409 -1.195162 -4.312422 0.211847 0.242152 0.369619
0.548101 -0.291849 0.298497 2.730409 -1.195162 -4.312422 0.211847 0.242152 0.369619
0.546907 -0.290742 0.302965 2.723683 -1.200989 -4.312094 0.148653 0.227743 0.423559
0.546907 -0.290742 0.302965 2.723683 -1.200989 -4.312094 0.148653 0.227743 0.423559
0.546907 -0.290742 0.302965 2.723683 -1.200989 -4.312094 0.148653 0.227743 0.423559
0.545556 -0.290033 0.305750 2.720569 -1.200991 -4.309931 0.115773 0.350073 0.397501
0.545556 -0.290033 0.305750 2.720569 -1.200991 -4.309931 0.115773 0.350073 0.397501
0.545556 -0.290033 0.305750 2.720569 -1.200991 -4.309931 0.115773 0.350073 0.397501
0.544644 -0.289518 0.307723 2.716501 -1.199180 -4.307784 0.132020 0.454842 0.200930
0.544644 -0.289518 0.307723 2.716501 -1.199180 -4.307784 0.132020 0.454842 0.200930
0.544644 -0.289518 0.307723 2.716501 -1.199180 -4.307784 0.132020 0.454842 0.200930
0.544644 -0.289518 0.307723 2.716501 -1.199180 -4.307784 0.132020 0.454842 0.200930
0.543866 -0.288995 0.308861 2.716010 -1.197090 -4.306358 0.121085 0.319981 0.145520
0.543866 -0.288995 0.308861 2.716010 -1.197090 -4.306358 0.121085 0.319981 0.145520
0.543866 -0.288995 0.308861 2.716010 -1.197090 -4.306358 0.121085 0.319981 0.145520
0.543242 -0.288916 0.309536 2.714624 -1.194227 -4.305824 0.118222 0.344869 0.096548
0.543242 -0.288916 0.309536 2.714624 -1.194227 -4.305824 0.118222 0.344869 0.096548
0.543242 -0.288916 0.309536 2.714624 -1.194227 -4.305824 0.118222 0.344869 0.096548
0.542896 -0.288957 0.310007 2.711988 -1.191518 -4.304830 0.089571 0.334654 0.155996
0.542896 -0.288957 0.310007 2.711988 -1.191518 -4.304830 0.089571 0.334654 0.155996
0.542896 -0.288957 0.310007 2.711988 -1.191518 -4.304830 0.089571 0.334654 0.155996
0.542896 -0.288957 0.310007 2.711988 -1.191518 -4.304830 0.089571 0.334654 0.155996
0.542407 -0.289054 0.310545 2.711896 -1.190170 -4.304018 0.071586 0.360240 0.141693
0.542407 -0.289054 0.310545 2.711896 -1.190170 -4.304018 0.071586 0.360240 0.141693
0.542407 -0.289054 0.310545 2.711896 -1.190170 -4.304018 0.071586 0.360240 0.141693
0.542166 -0.289314 0.310781 2.710111 -1.186355 -4.302346 0.109124 0.377233 0.096030
0.542166 -0.289314 0.310781 2.710111 -1.186355 -4.302346 0.109124 0.377233 0.096030
0.542166 -0.289314 0.310781 2.710111 -1.186355 -4.302346 0.109124 0.377233 0.096030
0.542275 -0.289469 0.310479 2.709141 -1.179128 -4.299680 0.068714 0.353082 0.123504
0.542275 -0.289469 0.310479 2.709141 -1.179128 -4.299680 0.068714 0.353082 0.123504
0.542275 -0.289469 0.310479 2.709141 -1.179128 -4.299680 0.068714 0.353082 0.123504
0.542275 -0.289469 0.310479 2.709141 -1.179128 -4.299680 0.068714 0.353082 0.123504
0.542301 -0.289584 0.310465 2.706953 -1.171620 -4.296160 0.067892 0.371132 0.150330
0.542301 -0.289584 0.310465 2.706953 -1.171620 -4.296160 0.067892 0.371132 0.150330
0.542301 -0.289584 0.310465 2.706953 -1.171620 -4.296160 0.067892 0.371132 0.150330
0.542128 -0.290082 0.310263 2.705097 -1.160016 -4.289488 0.056117 0.358772 0.156272
0.542128 -0.290082 0.310263 2.705097 -1.160016 -4.289488 0.056117 0.358772 0.156272
0.542128 -0.290082 0.310263 2.705097 -1.160016 -4.289488 0.056117 0.358772 0.156272
0.542168 -0.290426 0.310301 2.701952 -1.147500 -4.282798 0.027917 0.327696 0.051065
0.542168 -0.290426 0.310301 2.701952 -1.147500 -4.282798 0.027917 0.327696 0.051065
0.542168 -0.290426 0.310301 2.701952 -1.147500 -4.282798 0.027917 0.327696 0.051065
0.542168 -0.290426 0.310301 2.701952 -1.147500 -4.282798 0.027917 0.327696 0.051065
0.542815 -0.290634 0.310705 2.698529 -1.135551 -4.277134 -0.022339 0.438212 -0.022541
0.542815 -0.290634 0.310705 2.698529 -1.135551 -4.277134 -0.022339 0.438212 -0.022541
0.542815 -0.290634 0.310705 2.698529 -1.135551 -4.277134 -0.022339 0.438212 -0.022541
0.543026 -0.290754 0.311446 2.693115 -1.122408 -4.270074 -0.039998 0.448940 0.012632
0.543026 -0.290754 0.311446 2.693115 -1.122408 -4.270074 -0.039998 0.448940 0.012632
0.543026 -0.290754 0.311446 2.693115 -1.122408 -4.270074 -0.039998 0.448940 0.012632
0.543319 -0.290902 0.312556 2.687266 -1.109202 -4.261744 -0.019872 0.431252 0.070900
0.543319 -0.290902 0.312556 2.687266 -1.109202 -4.261744 -0.019872 0.431252 0.070900
0.543319 -0.290902 0.312556 2.687266 -1.109202 -4.261744 -0.019872 0.431252 0.070900
0.543319 -0.290902 0.312556 2.687266 -1.109202 -4.261744 -0.019872 0.431252 0.070900
0.543260 -0.291028 0.313434 2.684050 -1.094609 -4.252684 -0.043289 0.362830 0.116392
0.543260 -0.291028 0.313434 2.684050 -1.094609 -4.252684 -0.043289 0.362830 0.116392
0.543260 -0.291028 0.313434 2.684050 -1.094609 -4.252684 -0.043289 0.362830 0.116392
0.543527 -0.291176 0.314293 2.679635 -1.078953 -4.243317 0.020145 0.366723 0.100743
0.543527 -0.291176 0.314293 2.679635 -1.078953 -4.243317 0.020145 0.366723 0.100743
0.543527 -0.291176 0.314293 2.679635 -1.078953 -4.243317 0.020145 0.366723 0.100743
0.543522 -0.291296 0.314627 2.675629 -1.058977 -4.230645 -0.027250 0.340600 0.212170
0.543522 -0.291296 0.314627 2.675629 -1.058977 -4.230645 -0.027250 0.340600 0.212170
0.543522 -0.291296 0.314627 2.675629 -1.058977 -4.230645 -0.027250 0.340600 0.212170
0.543522 -0.291296 0.314627 2.675629 -1.058977 -4.230645 -0.027250 0.340600 0.212170
0.543350 -0.291400 0.314749 2.672262 -1.036656 -4.216513 -0.027539 0.356573 0.195926
0.543350 -0.291400 0.314749 2.672262 -1.036656 -4.216513 -0.027539 0.356573 0.195926
0.543350 -0.291400 0.314749 2.672262 -1.036656 -4.216513 -0.027539 0.356573 0.195926
0.543675 -0.291518 0.314620 2.667937 -1.012542 -4.203069 -0.071971 0.389650 0.171612
0.543675 -0.291518 0.314620 2.667937 -1.012542 -4.203069 -0.071971 0.389650 0.171612
0.543675 -0.291518 0.314620 2.667937 -1.012542 -4.203069 -0.071971 0.389650 0.171612
0.543875 -0.291907 0.314085 2.665627 -0.984739 -4.187228 -0.137375 0.299821 0.019744
0.543875 -0.291907 0.314085 2.665627 -0.984739 -4.187228 -0.137375 0.299821 0.019744
0.543875 -0.291907 0.314085 2.665627 -0.984739 -4.187228 -0.137375 0.299821 0.019744
0.543875 -0.291907 0.314085 2.665627 -0.984739 -4.187228 -0.137375 0.299821 0.019744
0.544043 -0.292010 0.313799 2.663238 -0.959532 -4.172156 -0.104910 0.232855 0.009297
0.544043 -0.292010 0.313799 2.663238 -0.959532 -4.172156 -0.104910 0.232855 0.009297
0.544043 -0.292010 0.313799 2.663238 -0.959532 -4.172156 -0.104910 0.232855 0.009297
0.544245 -0.292297 0.313438 2.662057 -0.932356 -4.156107 -0.100080 0.236743 -0.029176
0.544245 -0.292297 0.313438 2.662057 -0.932356 -4.156107 -0.100080 0.236743 -0.029176
0.544245 -0.292297 0.313438 2.662057 -0.932356 -4.156107 -0.100080 0.236743 -0.029176
0.544824 -0.293208 0.312446 2.660765 -0.897729 -4.136539 -0.089803 0.112625 -0.121841
0.544824 -0.293208 0.312446 2.660765 -0.897729 -4.136539 -0.089803 0.112625 -0.121841
0.544824 -0.293208 0.312446 2.660765 -0.897729 -4.136539 -0.089803 0.112625 -0.121841
0.544824 -0.293208 0.312446 2.660765 -0.897729 -4.136539 -0.089803 0.112625 -0.121841
0.545236 -0.293586 0.312179 2.657867 -0.868829 -4.118891 -0.087745 0.125255 -0.229909
0.545236 -0.293586 0.312179 2.657867 -0.868829 -4.118891 -0.087745 0.125255 -0.229909
0.545236 -0.293586 0.312179 2.657867 -0.868829 -4.118891 -0.087745 0.125255 -0.229909
0.545047 -0.294025 0.311773 2.657933 -0.839727 -4.097975 -0.074115 0.119094 -0.263907
0.545047 -0.294025 0.311773 2.657933 -0.839727 -4.097975 -0.074115 0.119094 -0.263907
0.545047 -0.294025 0.311773 2.657933 -0.839727 -4.097975 -0.074115 0.119094 -0.263907
0.545255 -0.294786 0.311038 2.657476 -0.805732 -4.076839 -0.087749 0.094982 -0.145663
0.545255 -0.294786 0.311038 2.657476 -0.805732 -4.076839 -0.087749 0.094982 -0.145663
0.545255 -0.294786 0.311038 2.657476 -0.805732 -4.076839 -0.087749 0.094982 -0.145663
0.545255 -0.294786 0.311038 2.657476 -0.805732 -4.076839 -0.087749 0.094982 -0.145663
0.545834 -0.295830 0.309836 2.657880 -0.767310 -4.054962 -0.144226 0.128901 -0.128935
0.545834 -0.295830 0.309836 2.657880 -0.767310 -4.054962 -0.144226 0.128901 -0.128935
0.545834 -0.295830 0.309836 2.657880 -0.767310 -4.054962 -0.144226 0.128901 -0.128935
0.546674 -0.296490 0.309196 2.655969 -0.732934 -4.035223 -0.181592 0.157929 -0.221482
0.546674 -0.296490 0.309196 2.655969 -0.732934 -4.035223 -0.181592 0.157929 -0.221482
0.546674 -0.296490 0.309196 2.655969 -0.732934 -4.035223 -0.181592 0.157929 -0.221482
0.546832 -0.296916 0.309149 2.655426 -0.702812 -4.015449 -0.256984 0.219413 -0.255272
0.546832 -0.296916 0.309149 2.655426 -0.702812 -4.015449 -0.256984 0.219413 -0.255272
0.546832 -0.296916 0.309149 2.655426 -0.702812 -4.015449 -0.256984 0.219413 -0.255272
0.546832 -0.296916 0.309149 2.655426 -0.702812 -4.015449 -0.256984 0.219413 -0.255272
0.546837 -0.297771 0.309364 2.657091 -0.674189 -3.997420 -0.194773 0.227400 -0.284542
0.546837 -0.297771 0.309364 2.657091 -0.674189 -3.997420 -0.194773 0.227400 -0.284542
0.546837 -0.297771 0.309364 2.657091 -0.674189 -3.997420 -0.194773 0.227400 -0.284542
0.547482 -0.298530 0.309356 2.658345 -0.642933 -3.979659 -0.239664 0.254331 -0.261440
0.547482 -0.298530 0.309356 2.658345 -0.642933 -3.979659 -0.239664 0.254331 -0.261440
0.547482 -0.298530 0.309356 2.658345 -0.642933 -3.979659 -0.239664 0.254331 -0.261440
0.548439 -0.299591 0.309246 2.660380 -0.611022 -3.962084 -0.212697 0.283515 -0.206879
0.548439 -0.299591 0.309246 2.660380 -0.611022 -3.962084 -0.212697 0.283515 -0.206879
0.548439 -0.299591 0.309246 2.660380 -0.611022 -3.962084 -0.212697 0.283515 -0.206879
0.548439 -0.299591 0.309246 2.660380 -0.611022 -3.962084 -0.212697 0.283515 -0.206879
0.549095 -0.300534 0.309480 2.663714 -0.581351 -3.945003 -0.227962 0.213733 -0.349155
0.549095 -0.300534 0.309480 2.663714 -0.581351 -3.945003 -0.227962 0.213733 -0.349155
0.549095 -0.300534 0.309480 2.663714 -0.581351 -3.945003 -0.227962 0.213733 -0.349155
0.549689 -0.301646 0.309515 2.668634 -0.552285 -3.928491 -0.197750 0.178239 -0.351450
0.549689 -0.301646 0.309515 2.668634 -0.552285 -3.928491 -0.197750 0.178239 -0.351450
0.549689 -0.301646 0.309515 2.668634 -0.552285 -3.928491 -0.197750 0.178239 -0.351450
0.550522 -0.302675 0.309799 2.671791 -0.522839 -3.911219 -0.129871 0.339501 -0.482536
0.550522 -0.302675 0.309799 2.671791 -0.522839 -3.911219 -0.129871 0.339501 -0.482536
0.550522 -0.302675 0.309799 2.671791 -0.522839 -3.911219 -0.129871 0.339501 -0.482536
0.550522 -0.302675 0.309799 2.671791 -0.522839 -3.911219 -0.129871 0.339501 -0.482536
0.551451 -0.303748 0.309830 2.675216 -0.492673 -3.895064 -0.143074 0.240765 -0.406490
0.551451 -0.303748 0.309830 2.675216 -0.492673 -3.895064 -0.143074 0.240765 -0.406490
0.551451 -0.303748 0.309830 2.675216 -0.492673 -3.895064 -0.143074 0.240765 -0.406490
0.552160 -0.305153 0.309859 2.680468 -0.458799 -3.876667 -0.177321 0.175529 -0.346002
0.552160 -0.305153 0.309859 2.680468 -0.458799 -3.876667 -0.177321 0.175529 -0.346002
0.552160 -0.305153 0.309859 2.680468 -0.458799 -3.876667 -0.177321 0.175529 -0.346002
0.552610 -0.306124 0.310134 2.684384 -0.428802 -3.856984 -0.254715 0.185869 -0.264740
0.552610 -0.306124 0.310134 2.684384 -0.428802 -3.856984 -0.254715 0.185869 -0.264740
0.552610 -0.306124 0.310134 2.684384 -0.428802 -3.856984 -0.254715 0.185869 -0.264740
0.552610 -0.306124 0.310134 2.684384 -0.428802 -3.856984 -0.254715 0.185869 -0.264740
0.552659 -0.306982 0.310295 2.690275 -0.402560 -3.839241 -0.191290 0.161678 -0.164533
0.552659 -0.306982 0.310295 2.690275 -0.402560 -3.839241 -0.191290 0.161678 -0.164533
0.552659 -0.306982 0.310295 2.690275 -0.402560 -3.839241 -0.191290 0.161678 -0.164533
0.552924 -0.308230 0.309794 2.698856 -0.376623 -3.823330 -0.138737 0.100287 -0.180521
0.552924 -0.308230 0.309794 2.698856 -0.376623 -3.823330 -0.138737 0.100287 -0.180521
0.552924 -0.308230 0.309794 2.698856 -0.376623 -3.823330 -0.138737 0.100287 -0.180521
0.553352 -0.309236 0.309666 2.705662 -0.350360 -3.807845 -0.232149 0.257726 -0.276348
0.553352 -0.309236 0.309666 2.705662 -0.350360 -3.807845 -0.232149 0.257726 -0.276348
0.553352 -0.309236 0.309666 2.705662 -0.350360 -3.807845 -0.232149 0.257726 -0.276348
0.553352 -0.309236 0.309666 2.705662 -0.350360 -3.807845 -0.232149 0.257726 -0.276348
0.553595 -0.310104 0.309267 2.714802 -0.327225 -3.794223 -0.167590 0.258833 -0.428716
0.553595 -0.310104 0.309267 2.714802 -0.327225 -3.794223 -0.167590 0.258833 -0.428716
0.553595 -0.310104 0.309267 2.714802 -0.327225 -3.794223 -0.167590 0.258833 -0.428716
0.553983 -0.311368 0.308667 2.725595 -0.302518 -3.779438 -0.148894 0.182014 -0.454605
0.553983 -0.311368 0.308667 2.725595 -0.302518 -3.779438 -0.148894 0.182014 -0.454605
0.553983 -0.311368 0.308667 2.725595 -0.302518 -3.779438 -0.148894 0.182014 -0.454605
0.554479 -0.312800 0.307897 2.737185 -0.278960 -3.767471 -0.058540 0.056407 -0.492259
0.554479 -0.312800 0.307897 2.737185 -0.278960 -3.767471 -0.058540 0.056407 -0.492259
0.554479 -0.312800 0.307897 2.737185 -0.278960 -3.767471 -0.058540 0.056407 -0.492259
0.554479 -0.312800 0.307897 2.737185 -0.278960 -3.767471 -0.058540 0.056407 -0.492259
0.555257 -0.314084 0.307487 2.746562 -0.257430 -3.756842 -0.044285 0.128455 -0.559637
0.555257 -0.314084 0.307487 2.746562 -0.257430 -3.756842 -0.044285 0.128455 -0.559637
0.555257 -0.314084 0.307487 2.746562 -0.257430 -3.756842 -0.044285 0.128455 -0.559637
0.555881 -0.315077 0.307374 2.755035 -0.238998 -3.747507 -0.064618 0.154241 -0.581805
0.555881 -0.315077 0.307374 2.755035 -0.238998 -3.747507 -0.064618 0.154241 -0.581805
0.555881 -0.315077 0.307374 2.755035 -0.238998 -3.747507 -0.064618 0.154241 -0.581805
0.556532 -0.316219 0.307184 2.763513 -0.220737 -3.737893 -0.059144 0.065102 -0.529534
0.556532 -0.316219 0.307184 2.763513 -0.220737 -3.737893 -0.059144 0.065102 -0.529534
0.556532 -0.316219 0.307184 2.763513 -0.220737 -3.737893 -0.059144 0.065102 -0.529534
0.556532 -0.316219 0.307184 2.763513 -0.220737 -3.737893 -0.059144 0.065102 -0.529534
0.557065 -0.317353 0.307031 2.772173 -0.204419 -3.729639 -0.051376 0.157345 -0.390674
0.557065 -0.317353 0.307031 2.772173 -0.204419 -3.729639 -0.051376 0.157345 -0.390674
0.557065 -0.317353 0.307031 2.772173 -0.204419 -3.729639 -0.051376 0.157345 -0.390674
0.557716 -0.318765 0.306799 2.780775 -0.187203 -3.722768 -0.022673 0.108897 -0.286505
0.557716 -0.318765 0.306799 2.780775 -0.187203 -3.722768 -0.022673 0.108897 -0.286505
0.557716 -0.318765 0.306799 2.780775 -0.187203 -3.722768 -0.022673 0.108897 -0.286505
0.558779 -0.320078 0.306603 2.787920 -0.169565 -3.715776 -0.061884 0.052081 -0.182768
0.558779 -0.320078 0.306603 2.787920 -0.169565 -3.715776 -0.061884 0.052081 -0.182768
0.558779 -0.320078 0.306603 2.787920 -0.169565 -3.715776 -0.061884 0.052081 -0.182768
0.558779 -0.320078 0.306603 2.787920 -0.169565 -3.715776 -0.061884 0.052081 -0.182768
0.559480 -0.321667 0.306381 2.796583 -0.154776 -3.710324 -0.006396 0.070189 -0.170396
0.559480 -0.321667 0.306381 2.796583 -0.154776 -3.710324 -0.006396 0.070189 -0.170396
0.559480 -0.321667 0.306381 2.796583 -0.154776 -3.710324 -0.006396 0.070189 -0.170396
0.560047 -0.323159 0.305893 2.806000 -0.140444 -3.704718 0.001891 0.086698 -0.150390
0.560047 -0.323159 0.305893 2.806000 -0.140444 -3.704718 0.001891 0.086698 -0.150390
0.560047 -0.323159 0.305893 2.806000 -0.140444 -3.704718 0.001891 0.086698 -0.150390
0.560609 -0.324559 0.305255 2.814329 -0.126170 -3.697756 -0.103265 0.007136 -0.238908
0.560609 -0.324559 0.305255 2.814329 -0.126170 -3.697756 -0.103265 0.007136 -0.238908
0.560609 -0.324559 0.305255 2.814329 -0.126170 -3.697756 -0.103265 0.007136 -0.238908
0.560609 -0.324559 0.305255 2.814329 -0.126170 -3.697756 -0.103265 0.007136 -0.238908
0.561088 -0.326186 0.304300 2.824548 -0.112168 -3.692040 -0.054458 0.093576 -0.262275
0.561088 -0.326186 0.304300 2.824548 -0.112168 -3.692040 -0.054458 0.093576 -0.262275
0.561088 -0.326186 0.304300 2.824548 -0.112168 -3.692040 -0.054458 0.093576 -0.262275
0.561983 -0.327822 0.303530 2.833561 -0.096109 -3.685507 -0.090024 0.034034 -0.259640
0.561983 -0.327822 0.303530 2.833561 -0.096109 -3.685507 -0.090024 0.034034 -0.259640
0.561983 -0.327822 0.303530 2.833561 -0.096109 -3.685507 -0.090024 0.034034 -0.259640
0.562497 -0.329393 0.302837 2.842509 -0.082282 -3.679213 -0.037745 0.183442 -0.269408
0.562497 -0.329393 0.302837 2.842509 -0.082282 -3.679213 -0.037745 0.183442 -0.269408
0.562497 -0.329393 0.302837 2.842509 -0.082282 -3.679213 -0.037745 0.183442 -0.269408
0.562497 -0.329393 0.302837 2.842509 -0.082282 -3.679213 -0.037745 0.183442 -0.269408
0.562860 -0.330888 0.302185 2.852574 -0.070330 -3.675224 -0.051383 0.246288 -0.150398
0.562860 -0.330888 0.302185 2.852574 -0.070330 -3.675224 -0.051383 0.246288 -0.150398
0.562860 -0.330888 0.302185 2.852574 -0.070330 -3.675224 -0.051383 0.246288 -0.150398
0.563518 -0.332690 0.301377 2.863125 -0.057520 -3.670772 -0.039041 0.271686 -0.130353
0.563518 -0.332690 0.301377 2.863125 -0.057520 -3.670772 -0.039041 0.271686 -0.130353
0.563518 -0.332690 0.301377 2.863125 -0.057520 -3.670772 -0.039041 0.271686 -0.130353
0.563887 -0.334057 0.300756 2.872885 -0.048666 -3.667508 0.034972 0.121389 -0.047859
0.563887 -0.334057 0.300756 2.872885 -0.048666 -3.667508 0.034972 0.121389 -0.047859
0.563887 -0.334057 0.300756 2.872885 -0.048666 -3.667508 0.034972 0.121389 -0.047859
0.563887 -0.334057 0.300756 2.872885 -0.048666 -3.667508 0.034972 0.121389 -0.047859
0.563987 -0.335185 0.299769 2.883092 -0.043761 -3.665837 -0.006660 0.146087 0.052196
0.563987 -0.335185 0.299769 2.883092 -0.043761 -3.665837 -0.006660 0.146087 0.052196
0.563987 -0.335185 0.299769 2.883092 -0.043761 -3.665837 -0.006660 0.146087 0.052196
0.564611 -0.336793 0.298777 2.893207 -0.036694 -3.664975 -0.001373 0.184086 0.081599
0.564611 -0.336793 0.298777 2.893207 -0.036694 -3.664975 -0.001373 0.184086 0.081599
0.564611 -0.336793 0.298777 2.893207 -0.036694 -3.664975 -0.001373 0.184086 0.081599
0.565213 -0.338022 0.298109 2.900782 -0.028491 -3.663070 0.017326 0.145909 0.031005
0.565213 -0.338022 0.298109 2.900782 -0.028491 -3.663070 0.017326 0.145909 0.031005
0.565213 -0.338022 0.298109 2.900782 -0.028491 -3.663070 0.017326 0.145909 0.031005
0.565213 -0.338022 0.298109 2.900782 -0.028491 -3.663070 0.017326 0.145909 0.031005
0.565819 -0.338935 0.297562 2.906333 -0.022072 -3.662282 -0.006869 0.048844 0.007527
0.565819 -0.338935 0.297562 2.906333 -0.022072 -3.662282 -0.006869 0.048844 0.007527
0.565819 -0.338935 0.297562 2.906333 -0.022072 -3.662282 -0.006869 0.048844 0.007527
0.566147 -0.339444 0.297239 2.909590 -0.017062 -3.660839 -0.007207 0.028260 0.038695
0.566147 -0.339444 0.297239 2.909590 -0.017062 -3.660839 -0.007207 0.028260 0.038695
0.566147 -0.339444 0.297239 2.909590 -0.017062 -3.660839 -0.007207 0.028260 0.038695
0.566479 -0.339954 0.296906 2.912538 -0.012655 -3.658968 -0.024390 0.181515 0.088527
0.566479 -0.339954 0.296906 2.912538 -0.012655 -3.658968 -0.024390 0.181515 0.088527
0.566479 -0.339954 0.296906 2.912538 -0.012655 -3.658968 -0.024390 0.181515 0.088527
0.566479 -0.339954 0.296906 2.912538 -0.012655 -3.658968 -0.024390 0.181515 0.088527
0.566412 -0.340359 0.296717 2.915407 -0.011060 -3.658244 -0.027467 0.189198 0.206890
0.566412 -0.340359 0.296717 2.915407 -0.011060 -3.658244 -0.027467 0.189198 0.206890
0.566412 -0.340359 0.296717 2.915407 -0.011060 -3.658244 -0.027467 0.189198 0.206890
0.566307 -0.340619 0.296709 2.917346 -0.009914 -3.657569 -0.016373 0.085206 0.207042
0.566307 -0.340619 0.296709 2.917346 -0.009914 -3.657569 -0.016373 0.085206 0.207042
0.566307 -0.340619 0.296709 2.917346 -0.009914 -3.657569 -0.016373 0.085206 0.207042
0.566281 -0.340769 0.296845 2.918127 -0.009757 -3.658013 0.030207 0.091876 0.234156
0.566281 -0.340769 0.296845 2.918127 -0.009757 -3.658013 0.030207 0.091876 0.234156
0.566281 -0.340769 0.296845 2.918127 -0.009757 -3.658013 0.030207 0.091876 0.234156
0.566281 -0.340769 0.296845 2.918127 -0.009757 -3.658013 0.030207 0.091876 0.234156
0.566478 -0.340499 0.297171 2.917223 -0.009137 -3.657858 0.015898 0.073212 0.242094
0.566478 -0.340499 0.297171 2.917223 -0.009137 -3.657858 0.015898 0.073212 0.242094
0.566478 -0.340499 0.297171 2.917223 -0.009137 -3.657858 0.015898 0.073212 0.242094
0.566750 -0.340310 0.297285 2.917283 -0.008402 -3.658057 0.052395 0.046849 0.290984
0.566750 -0.340310 0.297285 2.917283 -0.008402 -3.658057 0.052395 0.046849 0.290984
0.566750 -0.340310 0.297285 2.917283 -0.008402 -3.658057 0.052395 0.046849 0.290984
0.566979 -0.340445 0.297218 2.918738 -0.007799 -3.657803 0.070267 0.090412 0.353215
0.566979 -0.340445 0.297218 2.918738 -0.007799 -3.657803 0.070267 0.090412 0.353215
0.566979 -0.340445 0.297218 2.918738 -0.007799 -3.657803 0.070267 0.090412 0.353215
0.566979 -0.340445 0.297218 2.918738 -0.007799 -3.657803 0.070267 0.090412 0.353215
0.567210 -0.340416 0.297069 2.920073 -0.007310 -3.657419 0.020086 0.157816 0.404254
0.567210 -0.340416 0.297069 2.920073 -0.007310 -3.657419 0.020086 0.157816 0.404254
0.567210 -0.340416 0.297069 2.920073 -0.007310 -3.657419 0.020086 0.157816 0.404254
0.567389 -0.340136 0.297237 2.919481 -0.007720 -3.658012 -0.006294 0.144628 0.335192
0.567389 -0.340136 0.297237 2.919481 -0.007720 -3.658012 -0.006294 0.144628 0.335192
0.567389 -0.340136 0.297237 2.919481 -0.007720 -3.658012 -0.006294 0.144628 0.335192
0.567629 -0.340004 0.297413 2.918909 -0.007500 -3.659151 -0.009330 0.188160 0.212753
0.567629 -0.340004 0.297413 2.918909 -0.007500 -3.659151 -0.009330 0.188160 0.212753
0.567629 -0.340004 0.297413 2.918909 -0.007500 -3.659151 -0.009330 0.188160 0.212753
0.567629 -0.340004 0.297413 2.918909 -0.007500 -3.659151 -0.009330 0.188160 0.212753
0.567859 -0.339959 0.297660 2.918531 -0.005914 -3.659225 0.023285 0.136583 0.192705
0.567859 -0.339959 0.297660 2.918531 -0.005914 -3.659225 0.023285 0.136583 0.192705
0.567859 -0.339959 0.297660 2.918531 -0.005914 -3.659225 0.023285 0.136583 0.192705
0.567962 -0.339902 0.297588 2.919044 -0.005321 -3.658378 0.024999 0.125403 0.292871
0.567962 -0.339902 0.297588 2.919044 -0.005321 -3.658378 0.024999 0.125403 0.292871
0.567962 -0.339902 0.297588 2.919044 -0.005321 -3.658378 0.024999 0.125403 0.292871
0.567698 -0.339805 0.297444 2.920435 -0.006279 -3.658102 0.058426 0.150603 0.358170
0.567698 -0.339805 0.297444 2.920435 -0.006279 -3.658102 0.058426 0.150603 0.358170
0.567698 -0.339805 0.297444 2.920435 -0.006279 -3.658102 0.058426 0.150603 0.358170
0.567698 -0.339805 0.297444 2.920435 -0.006279 -3.658102 0.058426 0.150603 0.358170
0.567704 -0.339811 0.297199 2.921404 -0.006367 -3.657377 0.047708 0.127331 0.202465
0.567704 -0.339811 0.297199 2.921404 -0.006367 -3.657377 0.047708 0.127331 0.202465
0.567704 -0.339811 0.297199 2.921404 -0.006367 -3.657377 0.047708 0.127331 0.202465
0.567703 -0.339798 0.297089 2.921819 -0.005547 -3.657804 0.028274 0.111337 0.177107
0.567703 -0.339798 0.297089 2.921819 -0.005547 -3.657804 0.028274 0.111337 0.177107
0.567703 -0.339798 0.297089 2.921819 -0.005547 -3.657804 0.028274 0.111337 0.177107
0.567800 -0.339749 0.296792 2.922396 -0.005459 -3.658083 0.020868 0.066584 0.197289
0.567800 -0.339749 0.296792 2.922396 -0.005459 -3.658083 0.020868 0.066584 0.197289
0.567800 -0.339749 0.296792 2.922396 -0.005459 -3.658083 0.020868 0.066584 0.197289
0.567800 -0.339749 0.296792 2.922396 -0.005459 -3.658083 0.020868 0.066584 0.197289
0.567665 -0.339632 0.296428 2.923170 -0.005804 -3.658641 -0.017805 0.056916 0.222193
0.567665 -0.339632 0.296428 2.923170 -0.005804 -3.658641 -0.017805 0.056916 0.222193
0.567665 -0.339632 0.296428 2.923170 -0.005804 -3.658641 -0.017805 0.056916 0.222193
0.567404 -0.339950 0.295820 2.925981 -0.004594 -3.659094 -0.028780 0.089457 0.234818
0.567404 -0.339950 0.295820 2.925981 -0.004594 -3.659094 -0.028780 0.089457 0.234818
0.567404 -0.339950 0.295820 2.925981 -0.004594 -3.659094 -0.028780 0.089457 0.234818
0.567453 -0.340251 0.295331 2.928416 -0.002728 -3.658528 0.000271 0.165797 0.293180
0.567453 -0.340251 0.295331 2.928416 -0.002728 -3.658528 0.000271 0.165797 0.293180
0.567453 -0.340251 0.295331 2.928416 -0.002728 -3.658528 0.000271 0.165797 0.293180
0.567453 -0.340251 0.295331 2.928416 -0.002728 -3.658528 0.000271 0.165797 0.293180
0.567298 -0.340410 0.294842 2.930252 -0.001730 -3.658790 0.004731 0.188547 0.301787
0.567298 -0.340410 0.294842 2.930252 -0.001730 -3.658790 0.004731 0.188547 0.301787
0.567298 -0.340410 0.294842 2.930252 -0.001730 -3.658790 0.004731 0.188547 0.301787
0.567009 -0.340629 0.294419 2.932194 -0.000340 -3.657771 -0.005690 0.174475 0.330122
0.567009 -0.340629 0.294419 2.932194 -0.000340 -3.657771 -0.005690 0.174475 0.330122
0.567009 -0.340629 0.294419 2.932194 -0.000340 -3.657771 -0.005690 0.174475 0.330122
0.566552 -0.340788 0.294065 2.934377 -0.000123 -3.657750 -0.037697 0.170075 0.301324
0.566552 -0.340788 0.294065 2.934377 -0.000123 -3.657750 -0.037697 0.170075 0.301324
0.566552 -0.340788 0.294065 2.934377 -0.000123 -3.657750 -0.037697 0.170075 0.301324
0.566552 -0.340788 0.294065 2.934377 -0.000123 -3.657750 -0.037697 0.170075 0.301324
0.566498 -0.341013 0.293890 2.935682 0.001656 -3.657837 0.037844 0.083312 0.213008
0.566498 -0.341013 0.293890 2.935682 0.001656 -3.657837 0.037844 0.083312 0.213008
0.566498 -0.341013 0.293890 2.935682 0.001656 -3.657837 0.037844 0.083312 0.213008
0.566447 -0.340965 0.294018 2.935851 0.002271 -3.657983 0.042545 0.029756 0.188439
0.566447 -0.340965 0.294018 2.935851 0.002271 -3.657983 0.042545 0.029756 0.188439
0.566447 -0.340965 0.294018 2.935851 0.002271 -3.657983 0.042545 0.029756 0.188439
0.566269 -0.340862 0.294079 2.936596 0.002559 -3.658239 0.028159 0.176548 0.213751
0.566269 -0.340862 0.294079 2.936596 0.002559 -3.658239 0.028159 0.176548 0.213751
0.566269 -0.340862 0.294079 2.936596 0.002559 -3.658239 0.028159 0.176548 0.213751
0.566269 -0.340862 0.294079 2.936596 0.002559 -3.658239 0.028159 0.176548 0.213751
0.566210 -0.340928 0.294322 2.936836 0.003087 -3.658638 0.032465 0.133791 0.171308
0.566210 -0.340928 0.294322 2.936836 0.003087 -3.658638 0.032465 0.133791 0.171308
0.566210 -0.340928 0.294322 2.936836 0.003087 -3.658638 0.032465 0.133791 0.171308
0.566199 -0.340941 0.294616 2.936728 0.003887 -3.658424 0.026263 0.126967 0.125205
0.566199 -0.340941 0.294616 2.936728 0.003887 -3.658424 0.026263 0.126967 0.125205
0.566199 -0.340941 0.294616 2.936728 0.003887 -3.658424 0.026263 0.126967 0.125205
0.566324 -0.341116 0.294847 2.937063 0.005290 -3.659007 0.008182 0.115691 0.186537
0.566324 -0.341116 0.294847 2.937063 0.005290 -3.659007 0.008182 0.115691 0.186537
0.566324 -0.341116 0.294847 2.937063 0.005290 -3.659007 0.008182 0.115691 0.186537
0.566324 -0.341116 0.294847 2.937063 0.005290 -3.659007 0.008182 0.115691 0.186537
0.566515 -0.341526 0.295166 2.937533 0.007266 -3.659187 0.006860 0.026845 0.218023
0.566515 -0.341526 0.295166 2.937533 0.007266 -3.659187 0.006860 0.026845 0.218023
0.566515 -0.341526 0.295166 2.937533 0.007266 -3.659187 0.006860 0.026845 0.218023
0.566428 -0.341834 0.295321 2.938688 0.008162 -3.659317 0.051048 0.082025 0.191467
0.566428 -0.341834 0.295321 2.938688 0.008162 -3.659317 0.051048 0.082025 0.191467
0.566428 -0.341834 0.295321 2.938688 0.008162 -3.659317 0.051048 0.082025 0.191467
0.566435 -0.342012 0.295683 2.938928 0.009008 -3.659306 -0.000053 0.116547 0.169721
0.566435 -0.342012 0.295683 2.938928 0.009008 -3.659306 -0.000053 0.116547 0.169721
0.566435 -0.342012 0.295683 2.938928 0.009008 -3.659306 -0.000053 0.116547 0.169721
0.566435 -0.342012 0.295683 2.938928 0.009008 -3.659306 -0.000053 0.116547 0.169721
0.566395 -0.342349 0.296039 2.938836 0.009913 -3.658471 0.054500 0.046654 0.106273
0.566395 -0.342349 0.296039 2.938836 0.009913 -3.658471 0.054500 0.046654 0.106273
0.566395 -0.342349 0.296039 2.938836 0.009913 -3.658471 0.054500 0.046654 0.106273
0.566516 -0.342439 0.296535 2.937033 0.008698 -3.660196 0.070840 -0.023273 0.105125
0.566516 -0.342439 0.296535 2.937033 0.008698 -3.660196 0.070840 -0.023273 0.105125
0.566516 -0.342439 0.296535 2.937033 0.008698 -3.660196 0.070840 -0.023273 0.105125
0.566848 -0.342661 0.296943 2.935441 0.008640 -3.661556 0.019093 -0.027068 0.155562
0.566848 -0.342661 0.296943 2.935441 0.008640 -3.661556 0.019093 -0.027068 0.155562
0.566848 -0.342661 0.296943 2.935441 0.008640 -3.661556 0.019093 -0.027068 0.155562
0.566848 -0.342661 0.296943 2.935441 0.008640 -3.661556 0.019093 -0.027068 0.155562
0.567103 -0.343233 0.297176 2.935753 0.008641 -3.663349 -0.006281 0.098951 0.199553
0.567103 -0.343233 0.297176 2.935753 0.008641 -3.663349 -0.006281 0.098951 0.199553
0.567103 -0.343233 0.297176 2.935753 0.008641 -3.663349 -0.006281 0.098951 0.199553
0.567388 -0.343550 0.297156 2.936416 0.008416 -3.664097 0.025327 0.095566 0.191362
0.567388 -0.343550 0.297156 2.936416 0.008416 -3.664097 0.025327 0.095566 0.191362
0.567388 -0.343550 0.297156 2.936416 0.008416 -3.664097 0.025327 0.095566 0.191362
0.567775 -0.344017 0.297120 2.937212 0.009335 -3.665427 -0.030852 0.153938 0.233861
0.567775 -0.344017 0.297120 2.937212 0.009335 -3.665427 -0.030852 0.153938 0.233861
0.567775 -0.344017 0.297120 2.937212 0.009335 -3.665427 -0.030852 0.153938 0.233861
0.567775 -0.344017 0.297120 2.937212 0.009335 -3.665427 -0.030852 0.153938 0.233861
0.568279 -0.344368 0.297053 2.936896 0.010827 -3.665489 -0.009552 0.133775 0.088277
0.568279 -0.344368 0.297053 2.936896 0.010827 -3.665489 -0.009552 0.133775 0.088277
0.568279 -0.344368 0.297053 2.936896 0.010827 -3.665489 -0.009552 0.133775 0.088277
0.568279 -0.344368 0.297053 2.936896 0.010827 -3.665489 -0.009552 0.133775 0.088277
0.568279 -0.344368 0.297053 2.936896 0.010827 -3.665489 -0.009552 0.133775 0.088277
0.568279 -0.344368 0.297053 2.936896 0.010827 -3.665489 -0.009552 0.133775 0.088277
0.568279 -0.344368 0.297053 2.936896 0.010827 -3.665489 -0.009552 0.133775 0.088277
0.568279 -0.344368 0.297053 2.936896 0.010827 -3.665489 -0.009552 0.133775 0.088277
0.568279 -0.344368 0.297053 2.936896 0.010827 -3.665489 -0.009552 0.133775 0.088277
0.568279 -0.344368 0.297053 2.936896 0.010827 -3.665489 -0.009552 0.133775 0.088277
0.568279 -0.344368 0.297053 2.936896 0.010827 -3.665489 -0.009552 0.133775 0.088277
0.568279 -0.344368 0.297053 2.936896 0.010827 -3.665489 -0.009552 0.133775 0.088277
0.568279 -0.344368 0.297053 2.936896 0.010827 -3.665489 -0.009552 0.133775 0.088277
0.568279 -0.344368 0.297053 2.936896 0.010827 -3.665489 -0.009552 0.133775 0.088277
