0.521774 -0.543094 0.216706 3.014088 0.027647 -3.803949 0.000000 0.000000 0.317927
0.521775 -0.543092 0.216636 3.014120 0.027544 -3.804005 0.000000 0.000000 0.318674
0.521776 -0.543090 0.216566 3.014151 0.027441 -3.804060 0.000000 0.000000 0.319421
0.521777 -0.543087 0.216495 3.014182 0.027338 -3.804115 0.000000 0.000000 0.320168
0.521778 -0.543085 0.216425 3.014214 0.027235 -3.804171 0.000000 0.000000 0.320915
0.521779 -0.543083 0.216354 3.014245 0.027132 -3.804226 0.000000 0.000000 0.321662
0.521780 -0.543080 0.216284 3.014276 0.027030 -3.804281 0.000000 0.000000 0.322409
0.521780 -0.543078 0.216213 3.014307 0.026927 -3.804336 0.000000 0.000000 0.323156
0.521781 -0.543076 0.216143 3.014339 0.026824 -3.804392 0.000000 0.000000 0.323903
0.521782 -0.543073 0.216073 3.014370 0.026721 -3.804447 0.000000 0.000000 0.324650
0.521783 -0.543071 0.216002 3.014401 0.026618 -3.804502 0.000000 0.000000 0.325398
0.521784 -0.543069 0.215932 3.014433 0.026515 -3.804557 0.000000 0.000000 0.326145
0.521785 -0.543064 0.215860 3.014462 0.026411 -3.804608 0.000000 0.000000 0.326914
0.521786 -0.543060 0.215789 3.014491 0.026308 -3.804658 0.000000 0.000000 0.327684
0.521786 -0.543056 0.215717 3.014520 0.026204 -3.804708 0.000000 0.000000 0.328454
0.521787 -0.543052 0.215645 3.014549 0.026100 -3.804758 0.000000 0.000000 0.329224
0.521788 -0.543048 0.215574 3.014578 0.025996 -3.804809 0.000000 0.000000 0.329994
0.521789 -0.543044 0.215502 3.014607 0.025893 -3.804859 0.000000 0.000000 0.330764
0.521789 -0.543040 0.215431 3.014636 0.025789 -3.804909 0.000000 0.000000 0.331534
0.521790 -0.543036 0.215359 3.014665 0.025685 -3.804959 0.000000 0.000000 0.332304
0.521791 -0.543031 0.215287 3.014694 0.025581 -3.805009 0.000000 0.000000 0.333074
0.521791 -0.543027 0.215216 3.014723 0.025478 -3.805060 0.000000 0.000000 0.333844
0.521792 -0.543023 0.215144 3.014752 0.025374 -3.805110 0.000000 0.000000 0.334614
0.521793 -0.543019 0.215073 3.014781 0.025270 -3.805160 0.000000 0.000000 0.335385
0.521794 -0.543015 0.215001 3.014810 0.025166 -3.805210 0.000000 0.000000 0.336155
0.521794 -0.543011 0.214929 3.014839 0.025063 -3.805260 0.000000 0.000000 0.336925
0.521795 -0.543007 0.214858 3.014868 0.024959 -3.805311 0.000000 0.000000 0.337695
0.521796 -0.543003 0.214786 3.014897 0.024855 -3.805361 0.000000 0.000000 0.338465
0.521797 -0.542998 0.214715 3.014926 0.024753 -3.805410 0.000000 0.000000 0.339243
0.521798 -0.542994 0.214644 3.014953 0.024652 -3.805459 0.000000 0.000000 0.340035
0.521798 -0.542990 0.214573 3.014980 0.024552 -3.805507 0.000000 0.000000 0.340827
0.521799 -0.542985 0.214502 3.015008 0.024451 -3.805556 0.000000 0.000000 0.341619
0.521800 -0.542981 0.214431 3.015035 0.024351 -3.805604 0.000000 0.000000 0.342411
0.521801 -0.542977 0.214360 3.015062 0.024251 -3.805652 0.000000 0.000000 0.343202
0.521802 -0.542972 0.214289 3.015089 0.024150 -3.805701 0.000000 0.000000 0.343994
0.521803 -0.542968 0.214217 3.015117 0.024050 -3.805749 0.000000 0.000000 0.344786
0.521804 -0.542964 0.214146 3.015144 0.023949 -3.805798 0.000000 0.000000 0.345578
0.521805 -0.542959 0.214075 3.015171 0.023849 -3.805846 0.000000 0.000000 0.346370
0.521806 -0.542955 0.214004 3.015198 0.023748 -3.805894 0.000000 0.000000 0.347162
0.521806 -0.542951 0.213933 3.015226 0.023648 -3.805943 0.000000 0.000000 0.347953
0.521807 -0.542946 0.213862 3.015253 0.023547 -3.805991 0.000000 0.000000 0.348745
0.521808 -0.542942 0.213791 3.015280 0.023447 -3.806040 0.000000 0.000000 0.349537
0.521809 -0.542938 0.213720 3.015307 0.023347 -3.806088 0.000000 0.000000 0.350329
0.521810 -0.542933 0.213649 3.015335 0.023246 -3.806136 0.000000 0.000000 0.351121
0.521811 -0.542929 0.213578 3.015362 0.023146 -3.806185 0.000000 0.000000 0.351913
0.521812 -0.542922 0.213505 3.015387 0.023047 -3.806228 0.000000 0.000000 0.352648
0.521813 -0.542915 0.213432 3.015411 0.022949 -3.806271 0.000000 0.000000 0.353370
0.521815 -0.542908 0.213358 3.015435 0.022851 -3.806313 0.000000 0.000000 0.354093
0.521816 -0.542900 0.213285 3.015460 0.022753 -3.806355 0.000000 0.000000 0.354815
0.521817 -0.542893 0.213212 3.015484 0.022655 -3.806398 0.000000 0.000000 0.355537
0.521818 -0.542885 0.213138 3.015508 0.022557 -3.806440 0.000000 0.000000 0.356259
0.521820 -0.542878 0.213065 3.015533 0.022459 -3.806482 0.000000 0.000000 0.356981
0.521821 -0.542871 0.212991 3.015557 0.022361 -3.806525 0.000000 0.000000 0.357703
0.521822 -0.542863 0.212918 3.015581 0.022262 -3.806567 0.000000 0.000000 0.358425
0.521824 -0.542856 0.212845 3.015606 0.022164 -3.806610 0.000000 0.000000 0.359148
0.521825 -0.542848 0.212771 3.015630 0.022066 -3.806652 0.000000 0.000000 0.359870
0.521826 -0.542841 0.212698 3.015654 0.021968 -3.806694 0.000000 0.000000 0.360592
0.521827 -0.542834 0.212624 3.015679 0.021870 -3.806737 0.000000 0.000000 0.361314
0.521829 -0.542826 0.212551 3.015703 0.021772 -3.806779 0.000000 0.000000 0.362036
0.521830 -0.542819 0.212478 3.015727 0.021674 -3.806821 0.000000 0.000000 0.362758
0.521831 -0.542812 0.212404 3.015752 0.021576 -3.806864 0.000000 0.000000 0.363480
0.521833 -0.542804 0.212331 3.015776 0.021478 -3.806906 0.000000 0.000000 0.364203
0.521834 -0.542797 0.212257 3.015800 0.021380 -3.806948 0.000000 0.000000 0.364925
0.521835 -0.542789 0.212184 3.015825 0.021282 -3.806991 0.000000 0.000000 0.365647
0.521837 -0.542782 0.212111 3.015849 0.021184 -3.807033 0.000000 0.000000 0.366369
0.521838 -0.542775 0.212037 3.015873 0.021085 -3.807075 0.000000 0.000000 0.367091
0.521839 -0.542767 0.211964 3.015898 0.020987 -3.807118 0.000000 0.000000 0.367813
0.521839 -0.542759 0.211888 3.015925 0.020889 -3.807157 0.000000 0.000000 0.368296
0.521840 -0.542752 0.211812 3.015953 0.020790 -3.807195 0.000000 0.000000 0.368681
0.521840 -0.542744 0.211736 3.015982 0.020691 -3.807234 0.000000 0.000000 0.369066
0.521840 -0.542736 0.211660 3.016010 0.020592 -3.807272 0.000000 0.000000 0.369450
0.521840 -0.542728 0.211583 3.016038 0.020493 -3.807310 0.000000 0.000000 0.369835
0.521840 -0.542720 0.211507 3.016067 0.020394 -3.807348 0.000000 0.000000 0.370220
0.521840 -0.542712 0.211431 3.016095 0.020295 -3.807386 0.000000 0.000000 0.370604
0.521840 -0.542705 0.211355 3.016123 0.020196 -3.807425 0.000000 0.000000 0.370989
0.521840 -0.542697 0.211278 3.016152 0.020097 -3.807463 0.000000 0.000000 0.371374
0.521840 -0.542689 0.211202 3.016180 0.019998 -3.807501 0.000000 0.000000 0.371758
0.521840 -0.542681 0.211126 3.016209 0.019899 -3.807539 0.000000 0.000000 0.372143
0.521840 -0.542673 0.211049 3.016237 0.019800 -3.807578 0.000000 0.000000 0.372528
0.521840 -0.542665 0.210973 3.016265 0.019701 -3.807616 0.000000 0.000000 0.372912
0.521840 -0.542658 0.210897 3.016294 0.019602 -3.807654 0.000000 0.000000 0.373297
0.521840 -0.542650 0.210821 3.016322 0.019503 -3.807692 0.000000 0.000000 0.373682
0.521840 -0.542642 0.210744 3.016350 0.019404 -3.807730 0.000000 0.000000 0.374066
0.521840 -0.542634 0.210668 3.016379 0.019305 -3.807768 0.000000 0.000000 0.374420
0.521839 -0.542625 0.210590 3.016410 0.019204 -3.807800 0.000000 0.000000 0.374577
0.521837 -0.542616 0.210513 3.016441 0.019103 -3.807833 0.000000 0.000000 0.374733
0.521836 -0.542607 0.210435 3.016471 0.019001 -3.807865 0.000000 0.000000 0.374890
0.521835 -0.542598 0.210358 3.016502 0.018900 -3.807898 0.000000 0.000000 0.375047
0.521833 -0.542589 0.210280 3.016533 0.018799 -3.807930 0.000000 0.000000 0.375203
0.521832 -0.542580 0.210202 3.016564 0.018698 -3.807963 0.000000 0.000000 0.375360
0.521831 -0.542571 0.210125 3.016594 0.018597 -3.807995 0.000000 0.000000 0.375516
0.521829 -0.542562 0.210047 3.016625 0.018496 -3.808027 0.000000 0.000000 0.375673
0.521828 -0.542553 0.209970 3.016656 0.018395 -3.808060 0.000000 0.000000 0.375830
0.521827 -0.542544 0.209892 3.016687 0.018294 -3.808092 0.000000 0.000000 0.375986
0.521825 -0.542535 0.209814 3.016717 0.018193 -3.808125 0.000000 0.000000 0.376143
0.521824 -0.542526 0.209737 3.016748 0.018092 -3.808157 0.000000 0.000000 0.376299
0.521823 -0.542517 0.209659 3.016779 0.017991 -3.808190 0.000000 0.000000 0.376456
0.521821 -0.542508 0.209582 3.016810 0.017890 -3.808222 0.000000 0.000000 0.376613
0.521820 -0.542499 0.209504 3.016840 0.017789 -3.808255 0.000000 0.000000 0.376769
0.521819 -0.542490 0.209426 3.016871 0.017688 -3.808287 0.000000 0.000000 0.376926
0.521816 -0.542481 0.209347 3.016908 0.017584 -3.808317 0.000000 0.000000 0.377030
0.521813 -0.542472 0.209265 3.016948 0.017478 -3.808344 0.000000 0.000000 0.377094
0.521810 -0.542463 0.209184 3.016989 0.017371 -3.808371 0.000000 0.000000 0.377157
0.521806 -0.542454 0.209103 3.017030 0.017265 -3.808399 0.000000 0.000000 0.377221
0.521803 -0.542445 0.209022 3.017070 0.017159 -3.808426 0.000000 0.000000 0.377284
0.521800 -0.542437 0.208940 3.017111 0.017053 -3.808454 0.000000 0.000000 0.377348
0.521796 -0.542428 0.208859 3.017152 0.016947 -3.808481 0.000000 0.000000 0.377412
0.521793 -0.542419 0.208778 3.017193 0.016841 -3.808508 0.000000 0.000000 0.377475
0.521790 -0.542410 0.208696 3.017233 0.016734 -3.808536 0.000000 0.000000 0.377539
0.521786 -0.542401 0.208615 3.017274 0.016628 -3.808563 0.000000 0.000000 0.377602
0.521783 -0.542392 0.208534 3.017315 0.016522 -3.808591 0.000000 0.000000 0.377666
0.521779 -0.542384 0.208453 3.017355 0.016416 -3.808618 0.000000 0.000000 0.377729
0.521776 -0.542375 0.208371 3.017396 0.016310 -3.808646 0.000000 0.000000 0.377793
0.521773 -0.542366 0.208290 3.017437 0.016204 -3.808673 0.000000 0.000000 0.377857
0.521769 -0.542357 0.208209 3.017478 0.016097 -3.808700 0.000000 0.000000 0.377920
0.521766 -0.542348 0.208127 3.017518 0.015991 -3.808728 0.000000 0.000000 0.377984
0.521763 -0.542340 0.208046 3.017559 0.015885 -3.808755 0.000000 0.000000 0.378047
0.521759 -0.542331 0.207965 3.017600 0.015779 -3.808783 0.000000 0.000000 0.378111
0.521756 -0.542322 0.207883 3.017641 0.015673 -3.808810 0.000000 0.000000 0.378175
0.521753 -0.542313 0.207802 3.017681 0.015567 -3.808837 0.000000 0.000000 0.378238
0.521749 -0.542304 0.207721 3.017722 0.015460 -3.808865 0.000000 0.000000 0.378302
0.521746 -0.542296 0.207640 3.017763 0.015354 -3.808892 0.000000 0.000000 0.378365
0.521742 -0.542287 0.207557 3.017807 0.015248 -3.808922 0.000000 0.000000 0.378139
0.521738 -0.542278 0.207472 3.017854 0.015140 -3.808953 0.000000 0.000000 0.377578
0.521734 -0.542270 0.207387 3.017902 0.015033 -3.808984 0.000000 0.000000 0.377018
0.521730 -0.542261 0.207303 3.017950 0.014925 -3.809016 0.000000 0.000000 0.376458
0.521726 -0.542253 0.207218 3.017998 0.014818 -3.809047 0.000000 0.000000 0.375898
0.521722 -0.542244 0.207133 3.018046 0.014711 -3.809078 0.000000 0.000000 0.375337
0.521718 -0.542236 0.207049 3.018093 0.014603 -3.809110 0.000000 0.000000 0.374777
0.521714 -0.542227 0.206964 3.018141 0.014496 -3.809141 0.000000 0.000000 0.374217
0.521710 -0.542218 0.206879 3.018189 0.014388 -3.809172 0.000000 0.000000 0.373656
0.521705 -0.542210 0.206795 3.018237 0.014281 -3.809204 0.000000 0.000000 0.373096
0.521701 -0.542201 0.206710 3.018285 0.014173 -3.809235 0.000000 0.000000 0.372536
0.521697 -0.542193 0.206625 3.018332 0.014066 -3.809266 0.000000 0.000000 0.371976
0.521693 -0.542184 0.206540 3.018380 0.013959 -3.809298 0.000000 0.000000 0.371415
0.521689 -0.542176 0.206456 3.018428 0.013851 -3.809329 0.000000 0.000000 0.370855
0.521685 -0.542167 0.206371 3.018476 0.013744 -3.809360 0.000000 0.000000 0.370295
0.521681 -0.542159 0.206286 3.018524 0.013636 -3.809392 0.000000 0.000000 0.369735
0.521677 -0.542150 0.206202 3.018571 0.013529 -3.809423 0.000000 0.000000 0.369174
0.521672 -0.542143 0.206116 3.018625 0.013420 -3.809456 0.000000 0.000000 0.368045
0.521666 -0.542135 0.206030 3.018680 0.013311 -3.809489 0.000000 0.000000 0.366847
0.521661 -0.542128 0.205944 3.018735 0.013201 -3.809522 0.000000 0.000000 0.365649
0.521655 -0.542120 0.205858 3.018790 0.013092 -3.809555 0.000000 0.000000 0.364452
0.521650 -0.542113 0.205772 3.018845 0.012983 -3.809588 0.000000 0.000000 0.363254
0.521645 -0.542106 0.205687 3.018899 0.012873 -3.809621 0.000000 0.000000 0.362056
0.521639 -0.542098 0.205601 3.018954 0.012764 -3.809655 0.000000 0.000000 0.360858
0.521634 -0.542091 0.205515 3.019009 0.012655 -3.809688 0.000000 0.000000 0.359660
0.521628 -0.542083 0.205429 3.019064 0.012545 -3.809721 0.000000 0.000000 0.358462
0.521623 -0.542076 0.205343 3.019119 0.012436 -3.809754 0.000000 0.000000 0.357264
0.521617 -0.542069 0.205257 3.019174 0.012327 -3.809787 0.000000 0.000000 0.356066
0.521612 -0.542061 0.205171 3.019228 0.012218 -3.809820 0.000000 0.000000 0.354869
0.521607 -0.542054 0.205085 3.019283 0.012108 -3.809853 0.000000 0.000000 0.353671
0.521601 -0.542047 0.204999 3.019338 0.011999 -3.809886 0.000000 0.000000 0.352473
0.521596 -0.542039 0.204914 3.019393 0.011890 -3.809919 0.000000 0.000000 0.351275
0.521590 -0.542032 0.204828 3.019448 0.011780 -3.809952 0.000000 0.000000 0.350077
0.521585 -0.542025 0.204741 3.019504 0.011669 -3.809987 0.000000 0.000000 0.348692
0.521579 -0.542018 0.204652 3.019565 0.011555 -3.810024 0.000000 0.000000 0.346909
0.521573 -0.542011 0.204563 3.019626 0.011440 -3.810061 0.000000 0.000000 0.345126
0.521567 -0.542004 0.204475 3.019687 0.011325 -3.810098 0.000000 0.000000 0.343343
0.521561 -0.541997 0.204386 3.019748 0.011211 -3.810135 0.000000 0.000000 0.341560
0.521555 -0.541990 0.204297 3.019809 0.011096 -3.810173 0.000000 0.000000 0.339777
0.521549 -0.541983 0.204209 3.019869 0.010982 -3.810210 0.000000 0.000000 0.337994
0.521543 -0.541976 0.204120 3.019930 0.010867 -3.810247 0.000000 0.000000 0.336211
0.521537 -0.541969 0.204031 3.019991 0.010752 -3.810284 0.000000 0.000000 0.334428
0.521531 -0.541962 0.203943 3.020052 0.010638 -3.810321 0.000000 0.000000 0.332645
0.521525 -0.541955 0.203854 3.020113 0.010523 -3.810358 0.000000 0.000000 0.330862
0.521519 -0.541948 0.203765 3.020174 0.010409 -3.810396 0.000000 0.000000 0.329079
0.521514 -0.541941 0.203677 3.020234 0.010294 -3.810433 0.000000 0.000000 0.327296
0.521508 -0.541935 0.203588 3.020295 0.010179 -3.810470 0.000000 0.000000 0.325513
0.521502 -0.541928 0.203499 3.020356 0.010065 -3.810507 0.000000 0.000000 0.323730
0.521496 -0.541921 0.203410 3.020417 0.009950 -3.810544 0.000000 0.000000 0.321947
0.521490 -0.541914 0.203322 3.020478 0.009836 -3.810581 0.000000 0.000000 0.320164
0.521484 -0.541907 0.203233 3.020539 0.009721 -3.810619 0.000000 0.000000 0.318381
0.521478 -0.541900 0.203144 3.020599 0.009607 -3.810656 0.000000 0.000000 0.316598
0.521472 -0.541893 0.203056 3.020660 0.009492 -3.810693 0.000000 0.000000 0.314815
0.521466 -0.541886 0.202967 3.020721 0.009377 -3.810730 0.000000 0.000000 0.313032
0.521460 -0.541879 0.202878 3.020782 0.009263 -3.810767 0.000000 0.000000 0.311249
0.521454 -0.541872 0.202789 3.020843 0.009146 -3.810805 0.000000 0.000000 0.309398
0.521447 -0.541864 0.202698 3.020904 0.009024 -3.810843 0.000000 0.000000 0.307311
0.521441 -0.541856 0.202608 3.020965 0.008902 -3.810882 0.000000 0.000000 0.305224
0.521434 -0.541849 0.202517 3.021026 0.008779 -3.810921 0.000000 0.000000 0.303137
0.521428 -0.541841 0.202426 3.021087 0.008657 -3.810959 0.000000 0.000000 0.301050
0.521421 -0.541833 0.202335 3.021148 0.008534 -3.810998 0.000000 0.000000 0.298963
0.521414 -0.541825 0.202245 3.021209 0.008412 -3.811037 0.000000 0.000000 0.296877
0.521408 -0.541818 0.202154 3.021270 0.008290 -3.811075 0.000000 0.000000 0.294790
0.521401 -0.541810 0.202063 3.021331 0.008167 -3.811114 0.000000 0.000000 0.292703
0.521394 -0.541802 0.201972 3.021392 0.008045 -3.811153 0.000000 0.000000 0.290616
0.521388 -0.541794 0.201882 3.021453 0.007922 -3.811191 0.000000 0.000000 0.288529
0.521381 -0.541786 0.201791 3.021514 0.007800 -3.811230 0.000000 0.000000 0.286442
0.521375 -0.541779 0.201700 3.021575 0.007677 -3.811268 0.000000 0.000000 0.284355
0.521368 -0.541771 0.201609 3.021636 0.007555 -3.811307 0.000000 0.000000 0.282268
0.521361 -0.541763 0.201519 3.021697 0.007433 -3.811346 0.000000 0.000000 0.280181
0.521355 -0.541755 0.201428 3.021758 0.007310 -3.811384 0.000000 0.000000 0.278094
0.521348 -0.541748 0.201337 3.021819 0.007188 -3.811423 0.000000 0.000000 0.276007
0.521341 -0.541740 0.201246 3.021881 0.007065 -3.811461 0.000000 0.000000 0.273953
0.521334 -0.541733 0.201155 3.021943 0.006941 -3.811498 0.000000 0.000000 0.271917
0.521327 -0.541726 0.201064 3.022006 0.006817 -3.811535 0.000000 0.000000 0.269881
0.521320 -0.541719 0.200973 3.022069 0.006693 -3.811572 0.000000 0.000000 0.267844
0.521313 -0.541712 0.200882 3.022132 0.006569 -3.811609 0.000000 0.000000 0.265808
0.521306 -0.541705 0.200791 3.022195 0.006446 -3.811647 0.000000 0.000000 0.263772
0.521299 -0.541698 0.200700 3.022257 0.006322 -3.811684 0.000000 0.000000 0.261736
0.521292 -0.541691 0.200609 3.022320 0.006198 -3.811721 0.000000 0.000000 0.259699
0.521285 -0.541684 0.200518 3.022383 0.006074 -3.811758 0.000000 0.000000 0.257663
0.521278 -0.541677 0.200427 3.022446 0.005950 -3.811795 0.000000 0.000000 0.255627
0.521271 -0.541670 0.200336 3.022508 0.005826 -3.811833 0.000000 0.000000 0.253590
0.521264 -0.541663 0.200245 3.022571 0.005703 -3.811870 0.000000 0.000000 0.251554
0.521257 -0.541656 0.200154 3.022634 0.005579 -3.811907 0.000000 0.000000 0.249518
0.521250 -0.541649 0.200063 3.022697 0.005455 -3.811944 0.000000 0.000000 0.247481
0.521243 -0.541642 0.199972 3.022759 0.005331 -3.811981 0.000000 0.000000 0.245445
0.521237 -0.541635 0.199881 3.022822 0.005207 -3.812018 0.000000 0.000000 0.243409
0.521230 -0.541628 0.199790 3.022884 0.005083 -3.812056 0.000000 0.000000 0.241408
0.521222 -0.541619 0.199699 3.022939 0.004954 -3.812095 0.000000 0.000000 0.239836
0.521215 -0.541611 0.199608 3.022994 0.004825 -3.812134 0.000000 0.000000 0.238265
0.521208 -0.541602 0.199517 3.023049 0.004697 -3.812173 0.000000 0.000000 0.236693
0.521201 -0.541593 0.199426 3.023103 0.004568 -3.812211 0.000000 0.000000 0.235121
0.521194 -0.541584 0.199335 3.023158 0.004439 -3.812250 0.000000 0.000000 0.233550
0.521187 -0.541576 0.199244 3.023213 0.004310 -3.812289 0.000000 0.000000 0.231978
0.521180 -0.541567 0.199153 3.023268 0.004181 -3.812328 0.000000 0.000000 0.230407
0.521172 -0.541558 0.199061 3.023322 0.004052 -3.812367 0.000000 0.000000 0.228835
0.521165 -0.541549 0.198970 3.023377 0.003923 -3.812406 0.000000 0.000000 0.227263
0.521158 -0.541540 0.198879 3.023432 0.003794 -3.812445 0.000000 0.000000 0.225692
0.521151 -0.541532 0.198788 3.023487 0.003666 -3.812484 0.000000 0.000000 0.224120
0.521144 -0.541523 0.198697 3.023541 0.003537 -3.812523 0.000000 0.000000 0.222548
0.521137 -0.541514 0.198606 3.023596 0.003408 -3.812562 0.000000 0.000000 0.220977
0.521130 -0.541505 0.198515 3.023651 0.003279 -3.812601 0.000000 0.000000 0.219405
0.521122 -0.541497 0.198424 3.023706 0.003150 -3.812640 0.000000 0.000000 0.217834
0.521115 -0.541488 0.198333 3.023760 0.003021 -3.812679 0.000000 0.000000 0.216262
0.521108 -0.541479 0.198242 3.023815 0.002892 -3.812717 0.000000 0.000000 0.214690
0.521101 -0.541470 0.198151 3.023870 0.002763 -3.812756 0.000000 0.000000 0.213119
0.521094 -0.541461 0.198060 3.023925 0.002634 -3.812795 0.000000 0.000000 0.211547
0.521087 -0.541453 0.197968 3.023979 0.002506 -3.812834 0.000000 0.000000 0.209975
0.521080 -0.541444 0.197877 3.024034 0.002377 -3.812873 0.000000 0.000000 0.208404
0.521073 -0.541435 0.197786 3.024089 0.002248 -3.812912 0.000000 0.000000 0.206832
0.521067 -0.541426 0.197696 3.024136 0.002117 -3.812954 0.000000 0.000000 0.205798
0.521061 -0.541417 0.197607 3.024183 0.001986 -3.812997 0.000000 0.000000 0.204775
0.521055 -0.541409 0.197517 3.024231 0.001854 -3.813039 0.000000 0.000000 0.203753
0.521049 -0.541400 0.197427 3.024278 0.001723 -3.813081 0.000000 0.000000 0.202730
0.521043 -0.541391 0.197337 3.024325 0.001592 -3.813124 0.000000 0.000000 0.201708
0.521037 -0.541382 0.197247 3.024372 0.001461 -3.813166 0.000000 0.000000 0.200685
0.521031 -0.541373 0.197157 3.024419 0.001330 -3.813208 0.000000 0.000000 0.199662
0.521025 -0.541364 0.197068 3.024466 0.001199 -3.813251 0.000000 0.000000 0.198640
0.521020 -0.541355 0.196978 3.024514 0.001068 -3.813293 0.000000 0.000000 0.197617
0.521014 -0.541346 0.196888 3.024561 0.000937 -3.813336 0.000000 0.000000 0.196595
0.521008 -0.541338 0.196798 3.024608 0.000806 -3.813378 0.000000 0.000000 0.195572
0.521002 -0.541329 0.196708 3.024655 0.000674 -3.813420 0.000000 0.000000 0.194549
0.520996 -0.541320 0.196618 3.024702 0.000543 -3.813463 0.000000 0.000000 0.193527
0.520990 -0.541311 0.196529 3.024749 0.000412 -3.813505 0.000000 0.000000 0.192504
0.520984 -0.541302 0.196439 3.024797 0.000281 -3.813547 0.000000 0.000000 0.191481
0.520978 -0.541293 0.196349 3.024844 0.000150 -3.813590 0.000000 0.000000 0.190459
0.520973 -0.541285 0.196260 3.024887 0.000020 -3.813634 0.000000 0.000000 0.189398
0.520968 -0.541276 0.196172 3.024923 -0.000108 -3.813682 0.000000 0.000000 0.188280
0.520963 -0.541268 0.196085 3.024960 -0.000237 -3.813729 0.000000 0.000000 0.187162
0.520958 -0.541260 0.195997 3.024997 -0.000365 -3.813777 0.000000 0.000000 0.186044
0.520953 -0.541252 0.195910 3.025034 -0.000493 -3.813825 0.000000 0.000000 0.184926
0.520948 -0.541244 0.195822 3.025070 -0.000622 -3.813872 0.000000 0.000000 0.183808
0.520943 -0.541236 0.195734 3.025107 -0.000750 -3.813920 0.000000 0.000000 0.182690
0.520938 -0.541227 0.195647 3.025144 -0.000879 -3.813968 0.000000 0.000000 0.181572
0.520933 -0.541219 0.195559 3.025181 -0.001007 -3.814015 0.000000 0.000000 0.180454
0.520928 -0.541211 0.195471 3.025217 -0.001135 -3.814063 0.000000 0.000000 0.179336
0.520923 -0.541203 0.195384 3.025254 -0.001264 -3.814110 0.000000 0.000000 0.178218
0.520917 -0.541195 0.195296 3.025291 -0.001392 -3.814158 0.000000 0.000000 0.177100
0.520912 -0.541187 0.195208 3.025328 -0.001520 -3.814206 0.000000 0.000000 0.175982
0.520907 -0.541179 0.195121 3.025364 -0.001649 -3.814253 0.000000 0.000000 0.174864
0.520902 -0.541170 0.195033 3.025401 -0.001777 -3.814301 0.000000 0.000000 0.173746
0.520897 -0.541162 0.194946 3.025438 -0.001905 -3.814349 0.000000 0.000000 0.172628
0.520892 -0.541154 0.194858 3.025474 -0.002034 -3.814396 0.000000 0.000000 0.171510
0.520888 -0.541146 0.194772 3.025505 -0.002160 -3.814452 0.000000 0.000000 0.170215
0.520885 -0.541138 0.194686 3.025535 -0.002285 -3.814509 0.000000 0.000000 0.168885
0.520881 -0.541131 0.194600 3.025565 -0.002411 -3.814566 0.000000 0.000000 0.167556
0.520877 -0.541123 0.194514 3.025594 -0.002536 -3.814623 0.000000 0.000000 0.166226
0.520873 -0.541115 0.194428 3.025624 -0.002662 -3.814680 0.000000 0.000000 0.164896
0.520869 -0.541107 0.194342 3.025654 -0.002787 -3.814737 0.000000 0.000000 0.163566
0.520866 -0.541099 0.194256 3.025683 -0.002913 -3.814794 0.000000 0.000000 0.162236
0.520862 -0.541092 0.194170 3.025713 -0.003038 -3.814852 0.000000 0.000000 0.160906
0.520858 -0.541084 0.194084 3.025742 -0.003164 -3.814909 0.000000 0.000000 0.159576
0.520854 -0.541076 0.193998 3.025772 -0.003289 -3.814966 0.000000 0.000000 0.158246
0.520850 -0.541068 0.193912 3.025802 -0.003415 -3.815023 0.000000 0.000000 0.156916
0.520847 -0.541060 0.193826 3.025831 -0.003540 -3.815080 0.000000 0.000000 0.155586
0.520843 -0.541053 0.193740 3.025861 -0.003666 -3.815137 0.000000 0.000000 0.154256
0.520839 -0.541045 0.193654 3.025891 -0.003791 -3.815194 0.000000 0.000000 0.152926
0.520835 -0.541037 0.193568 3.025920 -0.003917 -3.815251 0.000000 0.000000 0.151596
0.520831 -0.541029 0.193482 3.025950 -0.004042 -3.815309 0.000000 0.000000 0.150266
0.520828 -0.541021 0.193396 3.025980 -0.004168 -3.815366 0.000000 0.000000 0.148936
0.520824 -0.541014 0.193310 3.026009 -0.004293 -3.815423 0.000000 0.000000 0.147606
0.520820 -0.541006 0.193224 3.026039 -0.004419 -3.815480 0.000000 0.000000 0.146276
0.520816 -0.540998 0.193138 3.026069 -0.004544 -3.815537 0.000000 0.000000 0.144946
0.520812 -0.540990 0.193053 3.026098 -0.004670 -3.815594 0.000000 0.000000 0.143616
0.520809 -0.540983 0.192967 3.026128 -0.004796 -3.815651 0.000000 0.000000 0.142286
0.520806 -0.540976 0.192881 3.026156 -0.004918 -3.815714 0.000000 0.000000 0.141459
0.520804 -0.540970 0.192796 3.026183 -0.005039 -3.815778 0.000000 0.000000 0.140812
0.520802 -0.540964 0.192711 3.026211 -0.005160 -3.815843 0.000000 0.000000 0.140165
0.520800 -0.540958 0.192626 3.026238 -0.005281 -3.815908 0.000000 0.000000 0.139518
0.520798 -0.540951 0.192541 3.026266 -0.005402 -3.815972 0.000000 0.000000 0.138871
0.520796 -0.540945 0.192456 3.026293 -0.005523 -3.816037 0.000000 0.000000 0.138224
0.520794 -0.540939 0.192371 3.026321 -0.005644 -3.816101 0.000000 0.000000 0.137577
0.520792 -0.540933 0.192286 3.026348 -0.005765 -3.816166 0.000000 0.000000 0.136930
0.520790 -0.540927 0.192201 3.026376 -0.005886 -3.816231 0.000000 0.000000 0.136283
0.520788 -0.540921 0.192116 3.026403 -0.006007 -3.816295 0.000000 0.000000 0.135636
0.520786 -0.540915 0.192031 3.026431 -0.006128 -3.816360 0.000000 0.000000 0.134989
0.520785 -0.540908 0.191946 3.026458 -0.006249 -3.816424 0.000000 0.000000 0.134342
0.520783 -0.540902 0.191861 3.026486 -0.006370 -3.816489 0.000000 0.000000 0.133695
0.520781 -0.540896 0.191776 3.026513 -0.006491 -3.816553 0.000000 0.000000 0.133048
0.520779 -0.540890 0.191691 3.026541 -0.006612 -3.816618 0.000000 0.000000 0.132402
0.520777 -0.540884 0.191606 3.026568 -0.006733 -3.816683 0.000000 0.000000 0.131755
0.520775 -0.540878 0.191521 3.026596 -0.006854 -3.816748 0.000000 0.000000 0.131132
0.520772 -0.540872 0.191433 3.026628 -0.006977 -3.816815 0.000000 0.000000 0.130634
0.520770 -0.540866 0.191346 3.026660 -0.007100 -3.816883 0.000000 0.000000 0.130135
0.520767 -0.540860 0.191259 3.026692 -0.007222 -3.816951 0.000000 0.000000 0.129637
0.520765 -0.540855 0.191172 3.026724 -0.007345 -3.817019 0.000000 0.000000 0.129139
0.520762 -0.540849 0.191085 3.026756 -0.007468 -3.817087 0.000000 0.000000 0.128641
0.520760 -0.540843 0.190998 3.026788 -0.007590 -3.817155 0.000000 0.000000 0.128142
0.520757 -0.540837 0.190911 3.026819 -0.007713 -3.817222 0.000000 0.000000 0.127644
0.520754 -0.540831 0.190824 3.026851 -0.007836 -3.817290 0.000000 0.000000 0.127146
0.520752 -0.540825 0.190737 3.026883 -0.007958 -3.817358 0.000000 0.000000 0.126648
0.520749 -0.540820 0.190650 3.026915 -0.008081 -3.817426 0.000000 0.000000 0.126150
0.520747 -0.540814 0.190562 3.026947 -0.008204 -3.817494 0.000000 0.000000 0.125651
0.520744 -0.540808 0.190475 3.026979 -0.008326 -3.817562 0.000000 0.000000 0.125153
0.520742 -0.540802 0.190388 3.027011 -0.008449 -3.817629 0.000000 0.000000 0.124655
0.520739 -0.540796 0.190301 3.027042 -0.008572 -3.817697 0.000000 0.000000 0.124157
0.520737 -0.540791 0.190214 3.027074 -0.008694 -3.817765 0.000000 0.000000 0.123658
0.520734 -0.540785 0.190127 3.027106 -0.008817 -3.817833 0.000000 0.000000 0.123160
0.520731 -0.540781 0.190040 3.027143 -0.008942 -3.817904 0.000000 0.000000 0.122875
0.520727 -0.540777 0.189953 3.027183 -0.009069 -3.817978 0.000000 0.000000 0.122739
0.520723 -0.540774 0.189866 3.027224 -0.009197 -3.818052 0.000000 0.000000 0.122603
0.520719 -0.540771 0.189779 3.027264 -0.009324 -3.818125 0.000000 0.000000 0.122466
0.520715 -0.540768 0.189692 3.027304 -0.009451 -3.818199 0.000000 0.000000 0.122330
0.520711 -0.540765 0.189605 3.027344 -0.009578 -3.818273 0.000000 0.000000 0.122193
0.520707 -0.540762 0.189518 3.027385 -0.009705 -3.818347 0.000000 0.000000 0.122057
0.520703 -0.540759 0.189431 3.027425 -0.009832 -3.818420 0.000000 0.000000 0.121920
0.520699 -0.540756 0.189344 3.027465 -0.009959 -3.818494 0.000000 0.000000 0.121784
0.520695 -0.540753 0.189257 3.027505 -0.010086 -3.818568 0.000000 0.000000 0.121647
0.520691 -0.540750 0.189170 3.027546 -0.010214 -3.818642 0.000000 0.000000 0.121511
0.520687 -0.540747 0.189083 3.027586 -0.010341 -3.818715 0.000000 0.000000 0.121375
0.520684 -0.540744 0.188996 3.027626 -0.010468 -3.818789 0.000000 0.000000 0.121238
0.520680 -0.540741 0.188909 3.027666 -0.010595 -3.818863 0.000000 0.000000 0.121102
0.520676 -0.540738 0.188822 3.027707 -0.010722 -3.818937 0.000000 0.000000 0.120965
0.520672 -0.540734 0.188736 3.027747 -0.010849 -3.819010 0.000000 0.000000 0.120829
0.520668 -0.540731 0.188649 3.027787 -0.010976 -3.819084 0.000000 0.000000 0.120692
0.520664 -0.540728 0.188562 3.027827 -0.011103 -3.819158 0.000000 0.000000 0.120556
0.520660 -0.540725 0.188475 3.027868 -0.011231 -3.819231 0.000000 0.000000 0.120419
0.520656 -0.540722 0.188388 3.027908 -0.011358 -3.819305 0.000000 0.000000 0.120283
0.520652 -0.540719 0.188301 3.027948 -0.011485 -3.819379 0.000000 0.000000 0.120147
0.520648 -0.540716 0.188214 3.027988 -0.011612 -3.819453 0.000000 0.000000 0.120010
0.520644 -0.540713 0.188127 3.028029 -0.011739 -3.819527 0.000000 0.000000 0.120084
0.520639 -0.540710 0.188041 3.028069 -0.011867 -3.819602 0.000000 0.000000 0.120374
0.520635 -0.540707 0.187956 3.028109 -0.011994 -3.819677 0.000000 0.000000 0.120665
0.520631 -0.540704 0.187870 3.028149 -0.012122 -3.819752 0.000000 0.000000 0.120955
0.520626 -0.540701 0.187784 3.028190 -0.012249 -3.819827 0.000000 0.000000 0.121245
0.520622 -0.540698 0.187698 3.028230 -0.012376 -3.819902 0.000000 0.000000 0.121536
0.520617 -0.540695 0.187612 3.028270 -0.012504 -3.819976 0.000000 0.000000 0.121826
0.520613 -0.540692 0.187526 3.028310 -0.012631 -3.820051 0.000000 0.000000 0.122116
0.520609 -0.540689 0.187441 3.028351 -0.012759 -3.820126 0.000000 0.000000 0.122407
0.520604 -0.540686 0.187355 3.028391 -0.012886 -3.820201 0.000000 0.000000 0.122697
0.520600 -0.540683 0.187269 3.028431 -0.013014 -3.820276 0.000000 0.000000 0.122987
0.520595 -0.540680 0.187183 3.028471 -0.013141 -3.820351 0.000000 0.000000 0.123278
0.520591 -0.540677 0.187097 3.028511 -0.013269 -3.820426 0.000000 0.000000 0.123568
0.520587 -0.540674 0.187011 3.028552 -0.013396 -3.820501 0.000000 0.000000 0.123858
0.520582 -0.540671 0.186925 3.028592 -0.013523 -3.820576 0.000000 0.000000 0.124149
0.520578 -0.540668 0.186840 3.028632 -0.013651 -3.820650 0.000000 0.000000 0.124439
0.520573 -0.540665 0.186754 3.028672 -0.013778 -3.820725 0.000000 0.000000 0.124729
0.520569 -0.540663 0.186667 3.028712 -0.013907 -3.820805 0.000000 0.000000 0.125169
0.520564 -0.540660 0.186580 3.028752 -0.014036 -3.820885 0.000000 0.000000 0.125622
0.520560 -0.540658 0.186492 3.028791 -0.014165 -3.820965 0.000000 0.000000 0.126075
0.520555 -0.540655 0.186405 3.028831 -0.014294 -3.821045 0.000000 0.000000 0.126528
0.520550 -0.540652 0.186318 3.028870 -0.014423 -3.821124 0.000000 0.000000 0.126980
0.520546 -0.540650 0.186231 3.028910 -0.014551 -3.821204 0.000000 0.000000 0.127433
0.520541 -0.540647 0.186144 3.028949 -0.014680 -3.821284 0.000000 0.000000 0.127886
0.520536 -0.540645 0.186057 3.028989 -0.014809 -3.821364 0.000000 0.000000 0.128339
0.520532 -0.540642 0.185970 3.029029 -0.014938 -3.821444 0.000000 0.000000 0.128791
0.520527 -0.540640 0.185882 3.029068 -0.015067 -3.821524 0.000000 0.000000 0.129244
0.520522 -0.540637 0.185795 3.029108 -0.015196 -3.821604 0.000000 0.000000 0.129697
0.520518 -0.540635 0.185708 3.029147 -0.015325 -3.821684 0.000000 0.000000 0.130150
0.520513 -0.540632 0.185621 3.029187 -0.015454 -3.821764 0.000000 0.000000 0.130602
0.520508 -0.540630 0.185534 3.029226 -0.015583 -3.821843 0.000000 0.000000 0.131055
0.520504 -0.540627 0.185447 3.029266 -0.015711 -3.821923 0.000000 0.000000 0.131508
0.520499 -0.540625 0.185360 3.029306 -0.015840 -3.822003 0.000000 0.000000 0.131961
0.520495 -0.540622 0.185272 3.029344 -0.015968 -3.822085 0.000000 0.000000 0.132191
0.520491 -0.540620 0.185185 3.029381 -0.016093 -3.822170 0.000000 0.000000 0.132003
0.520487 -0.540618 0.185098 3.029417 -0.016218 -3.822256 0.000000 0.000000 0.131815
0.520484 -0.540616 0.185011 3.029454 -0.016343 -3.822341 0.000000 0.000000 0.131628
0.520480 -0.540614 0.184924 3.029491 -0.016468 -3.822426 0.000000 0.000000 0.131440
0.520476 -0.540612 0.184836 3.029527 -0.016593 -3.822511 0.000000 0.000000 0.131252
0.520473 -0.540610 0.184749 3.029564 -0.016718 -3.822597 0.000000 0.000000 0.131064
0.520469 -0.540607 0.184662 3.029601 -0.016843 -3.822682 0.000000 0.000000 0.130876
0.520465 -0.540605 0.184575 3.029637 -0.016968 -3.822767 0.000000 0.000000 0.130688
0.520462 -0.540603 0.184488 3.029674 -0.017093 -3.822853 0.000000 0.000000 0.130500
0.520458 -0.540601 0.184400 3.029711 -0.017218 -3.822938 0.000000 0.000000 0.130312
0.520454 -0.540599 0.184313 3.029747 -0.017343 -3.823023 0.000000 0.000000 0.130124
0.520451 -0.540597 0.184226 3.029784 -0.017468 -3.823108 0.000000 0.000000 0.129936
0.520447 -0.540595 0.184139 3.029820 -0.017593 -3.823194 0.000000 0.000000 0.129749
0.520443 -0.540593 0.184052 3.029857 -0.017718 -3.823279 0.000000 0.000000 0.129561
0.520440 -0.540591 0.183964 3.029894 -0.017843 -3.823364 0.000000 0.000000 0.129373
0.520436 -0.540588 0.183877 3.029930 -0.017968 -3.823450 0.000000 0.000000 0.129185
0.520432 -0.540586 0.183790 3.029967 -0.018093 -3.823535 0.000000 0.000000 0.128997
0.520429 -0.540584 0.183703 3.030004 -0.018218 -3.823620 0.000000 0.000000 0.128809
0.520425 -0.540582 0.183616 3.030040 -0.018343 -3.823705 0.000000 0.000000 0.128621
0.520421 -0.540580 0.183528 3.030077 -0.018468 -3.823791 0.000000 0.000000 0.128433
0.520418 -0.540578 0.183441 3.030114 -0.018593 -3.823876 0.000000 0.000000 0.128245
0.520414 -0.540576 0.183354 3.030149 -0.018718 -3.823961 0.000000 0.000000 0.128143
0.520410 -0.540573 0.183267 3.030180 -0.018845 -3.824043 0.000000 0.000000 0.128299
0.520407 -0.540570 0.183180 3.030212 -0.018971 -3.824126 0.000000 0.000000 0.128455
0.520403 -0.540568 0.183092 3.030243 -0.019097 -3.824208 0.000000 0.000000 0.128611
0.520399 -0.540565 0.183005 3.030275 -0.019223 -3.824291 0.000000 0.000000 0.128767
0.520395 -0.540562 0.182918 3.030306 -0.019349 -3.824374 0.000000 0.000000 0.128923
0.520392 -0.540560 0.182830 3.030338 -0.019476 -3.824456 0.000000 0.000000 0.129079
0.520388 -0.540557 0.182743 3.030369 -0.019602 -3.824539 0.000000 0.000000 0.129235
0.520384 -0.540554 0.182656 3.030401 -0.019728 -3.824621 0.000000 0.000000 0.129391
0.520381 -0.540552 0.182569 3.030432 -0.019854 -3.824704 0.000000 0.000000 0.129547
0.520377 -0.540549 0.182481 3.030464 -0.019980 -3.824787 0.000000 0.000000 0.129702
0.520373 -0.540546 0.182394 3.030495 -0.020107 -3.824869 0.000000 0.000000 0.129858
0.520370 -0.540544 0.182307 3.030527 -0.020233 -3.824952 0.000000 0.000000 0.130014
0.520366 -0.540541 0.182220 3.030558 -0.020359 -3.825034 0.000000 0.000000 0.130170
0.520362 -0.540538 0.182132 3.030590 -0.020485 -3.825117 0.000000 0.000000 0.130326
0.520359 -0.540536 0.182045 3.030621 -0.020611 -3.825200 0.000000 0.000000 0.130482
0.520355 -0.540533 0.181958 3.030653 -0.020738 -3.825282 0.000000 0.000000 0.130638
0.520352 -0.540530 0.181870 3.030682 -0.020865 -3.825368 0.000000 0.000000 0.131330
0.520349 -0.540527 0.181781 3.030709 -0.020993 -3.825455 0.000000 0.000000 0.132278
0.520346 -0.540523 0.181693 3.030736 -0.021122 -3.825542 0.000000 0.000000 0.133225
0.520343 -0.540520 0.181604 3.030764 -0.021250 -3.825628 0.000000 0.000000 0.134173
0.520340 -0.540516 0.181516 3.030791 -0.021378 -3.825715 0.000000 0.000000 0.135121
0.520337 -0.540513 0.181428 3.030818 -0.021506 -3.825802 0.000000 0.000000 0.136068
0.520334 -0.540510 0.181339 3.030846 -0.021635 -3.825889 0.000000 0.000000 0.137016
0.520331 -0.540506 0.181251 3.030873 -0.021763 -3.825976 0.000000 0.000000 0.137964
0.520328 -0.540503 0.181162 3.030901 -0.021891 -3.826063 0.000000 0.000000 0.138912
0.520325 -0.540499 0.181074 3.030928 -0.022020 -3.826150 0.000000 0.000000 0.139859
0.520322 -0.540496 0.180985 3.030955 -0.022148 -3.826237 0.000000 0.000000 0.140807
0.520319 -0.540493 0.180897 3.030983 -0.022276 -3.826324 0.000000 0.000000 0.141755
0.520316 -0.540489 0.180809 3.031010 -0.022404 -3.826411 0.000000 0.000000 0.142703
0.520313 -0.540486 0.180720 3.031037 -0.022533 -3.826498 0.000000 0.000000 0.143650
0.520310 -0.540482 0.180632 3.031065 -0.022661 -3.826585 0.000000 0.000000 0.144598
0.520307 -0.540479 0.180543 3.031092 -0.022789 -3.826672 0.000000 0.000000 0.145546
0.520304 -0.540475 0.180455 3.031119 -0.022917 -3.826758 0.000000 0.000000 0.146507
0.520301 -0.540472 0.180366 3.031145 -0.023045 -3.826844 0.000000 0.000000 0.147584
0.520298 -0.540468 0.180277 3.031170 -0.023173 -3.826930 0.000000 0.000000 0.148660
0.520295 -0.540465 0.180188 3.031196 -0.023301 -3.827016 0.000000 0.000000 0.149737
0.520292 -0.540461 0.180099 3.031222 -0.023429 -3.827101 0.000000 0.000000 0.150814
0.520288 -0.540458 0.180010 3.031247 -0.023557 -3.827187 0.000000 0.000000 0.151891
0.520285 -0.540454 0.179921 3.031273 -0.023685 -3.827273 0.000000 0.000000 0.152968
0.520282 -0.540451 0.179832 3.031298 -0.023813 -3.827359 0.000000 0.000000 0.154045
0.520279 -0.540447 0.179743 3.031324 -0.023941 -3.827444 0.000000 0.000000 0.155121
0.520276 -0.540444 0.179654 3.031349 -0.024069 -3.827530 0.000000 0.000000 0.156198
0.520272 -0.540440 0.179565 3.031375 -0.024197 -3.827616 0.000000 0.000000 0.157275
0.520269 -0.540437 0.179476 3.031400 -0.024325 -3.827702 0.000000 0.000000 0.158352
0.520266 -0.540433 0.179387 3.031426 -0.024453 -3.827787 0.000000 0.000000 0.159429
0.520263 -0.540429 0.179298 3.031451 -0.024581 -3.827873 0.000000 0.000000 0.160505
0.520260 -0.540426 0.179209 3.031477 -0.024709 -3.827959 0.000000 0.000000 0.161582
0.520257 -0.540422 0.179120 3.031502 -0.024837 -3.828045 0.000000 0.000000 0.162659
0.520253 -0.540419 0.179031 3.031528 -0.024965 -3.828130 0.000000 0.000000 0.163736
0.520250 -0.540415 0.178942 3.031553 -0.025093 -3.828216 0.000000 0.000000 0.164813
0.520247 -0.540412 0.178853 3.031579 -0.025221 -3.828302 0.000000 0.000000 0.165889
0.520244 -0.540408 0.178764 3.031605 -0.025349 -3.828388 0.000000 0.000000 0.166966
0.520241 -0.540405 0.178675 3.031630 -0.025477 -3.828473 0.000000 0.000000 0.168043
0.520238 -0.540401 0.178586 3.031656 -0.025605 -3.828559 0.000000 0.000000 0.169120
0.520234 -0.540398 0.178497 3.031681 -0.025733 -3.828645 0.000000 0.000000 0.170200
0.520231 -0.540395 0.178407 3.031710 -0.025863 -3.828739 0.000000 0.000000 0.171760
0.520227 -0.540393 0.178317 3.031739 -0.025992 -3.828833 0.000000 0.000000 0.173321
0.520223 -0.540391 0.178228 3.031768 -0.026121 -3.828927 0.000000 0.000000 0.174881
0.520220 -0.540389 0.178138 3.031797 -0.026250 -3.829021 0.000000 0.000000 0.176441
0.520216 -0.540387 0.178048 3.031826 -0.026379 -3.829116 0.000000 0.000000 0.178002
0.520212 -0.540384 0.177958 3.031855 -0.026509 -3.829210 0.000000 0.000000 0.179562
0.520209 -0.540382 0.177869 3.031884 -0.026638 -3.829304 0.000000 0.000000 0.181123
0.520205 -0.540380 0.177779 3.031912 -0.026767 -3.829398 0.000000 0.000000 0.182683
0.520201 -0.540378 0.177689 3.031941 -0.026896 -3.829492 0.000000 0.000000 0.184243
0.520197 -0.540376 0.177599 3.031970 -0.027026 -3.829586 0.000000 0.000000 0.185804
0.520194 -0.540373 0.177510 3.031999 -0.027155 -3.829680 0.000000 0.000000 0.187364
0.520190 -0.540371 0.177420 3.032028 -0.027284 -3.829774 0.000000 0.000000 0.188925
0.520186 -0.540369 0.177330 3.032057 -0.027413 -3.829868 0.000000 0.000000 0.190485
0.520183 -0.540367 0.177240 3.032086 -0.027542 -3.829962 0.000000 0.000000 0.192045
0.520179 -0.540364 0.177151 3.032115 -0.027672 -3.830057 0.000000 0.000000 0.193606
0.520175 -0.540362 0.177061 3.032144 -0.027801 -3.830151 0.000000 0.000000 0.195166
0.520172 -0.540360 0.176971 3.032170 -0.027929 -3.830247 0.000000 0.000000 0.196628
0.520170 -0.540358 0.176881 3.032193 -0.028055 -3.830345 0.000000 0.000000 0.197963
0.520168 -0.540356 0.176791 3.032216 -0.028181 -3.830443 0.000000 0.000000 0.199297
0.520165 -0.540354 0.176701 3.032238 -0.028307 -3.830541 0.000000 0.000000 0.200631
0.520163 -0.540353 0.176611 3.032261 -0.028433 -3.830639 0.000000 0.000000 0.201966
0.520161 -0.540351 0.176520 3.032284 -0.028559 -3.830737 0.000000 0.000000 0.203300
0.520159 -0.540349 0.176430 3.032307 -0.028685 -3.830835 0.000000 0.000000 0.204634
0.520156 -0.540347 0.176340 3.032329 -0.028811 -3.830933 0.000000 0.000000 0.205968
0.520154 -0.540345 0.176250 3.032352 -0.028937 -3.831031 0.000000 0.000000 0.207303
0.520152 -0.540343 0.176160 3.032375 -0.029063 -3.831129 0.000000 0.000000 0.208637
0.520150 -0.540341 0.176070 3.032398 -0.029189 -3.831227 0.000000 0.000000 0.209971
0.520147 -0.540339 0.175980 3.032421 -0.029315 -3.831326 0.000000 0.000000 0.211306
0.520145 -0.540337 0.175890 3.032443 -0.029441 -3.831424 0.000000 0.000000 0.212640
0.520143 -0.540335 0.175800 3.032466 -0.029567 -3.831522 0.000000 0.000000 0.213974
0.520141 -0.540334 0.175709 3.032489 -0.029693 -3.831620 0.000000 0.000000 0.215308
0.520138 -0.540332 0.175619 3.032512 -0.029819 -3.831718 0.000000 0.000000 0.216643
0.520136 -0.540330 0.175529 3.032534 -0.029945 -3.831816 0.000000 0.000000 0.217977
0.520135 -0.540328 0.175438 3.032560 -0.030067 -3.831920 0.000000 0.000000 0.218829
0.520134 -0.540327 0.175346 3.032587 -0.030188 -3.832025 0.000000 0.000000 0.219603
0.520133 -0.540326 0.175255 3.032613 -0.030309 -3.832130 0.000000 0.000000 0.220377
0.520132 -0.540324 0.175163 3.032639 -0.030429 -3.832235 0.000000 0.000000 0.221150
0.520131 -0.540323 0.175072 3.032666 -0.030550 -3.832340 0.000000 0.000000 0.221924
0.520130 -0.540322 0.174980 3.032692 -0.030671 -3.832445 0.000000 0.000000 0.222698
0.520129 -0.540320 0.174889 3.032718 -0.030792 -3.832550 0.000000 0.000000 0.223472
0.520128 -0.540319 0.174797 3.032745 -0.030913 -3.832655 0.000000 0.000000 0.224246
0.520127 -0.540318 0.174706 3.032771 -0.031034 -3.832760 0.000000 0.000000 0.225019
0.520126 -0.540316 0.174614 3.032798 -0.031155 -3.832865 0.000000 0.000000 0.225793
0.520125 -0.540315 0.174523 3.032824 -0.031276 -3.832970 0.000000 0.000000 0.226567
0.520124 -0.540314 0.174431 3.032850 -0.031396 -3.833075 0.000000 0.000000 0.227341
0.520123 -0.540312 0.174340 3.032877 -0.031517 -3.833180 0.000000 0.000000 0.228115
0.520122 -0.540311 0.174248 3.032903 -0.031638 -3.833285 0.000000 0.000000 0.228889
0.520121 -0.540310 0.174157 3.032929 -0.031759 -3.833390 0.000000 0.000000 0.229662
0.520120 -0.540308 0.174065 3.032956 -0.031880 -3.833495 0.000000 0.000000 0.230436
0.520119 -0.540307 0.173974 3.032982 -0.032001 -3.833600 0.000000 0.000000 0.231210
0.520118 -0.540306 0.173882 3.033008 -0.032122 -3.833705 0.000000 0.000000 0.231984
0.520117 -0.540304 0.173791 3.033035 -0.032243 -3.833810 0.000000 0.000000 0.232758
0.520116 -0.540303 0.173699 3.033061 -0.032364 -3.833915 0.000000 0.000000 0.233531
0.520115 -0.540302 0.173608 3.033088 -0.032484 -3.834020 0.000000 0.000000 0.234305
0.520114 -0.540300 0.173516 3.033114 -0.032605 -3.834125 0.000000 0.000000 0.235079
0.520113 -0.540299 0.173425 3.033135 -0.032723 -3.834231 0.000000 0.000000 0.235689
0.520112 -0.540299 0.173333 3.033154 -0.032839 -3.834338 0.000000 0.000000 0.236249
0.520111 -0.540298 0.173241 3.033174 -0.032956 -3.834445 0.000000 0.000000 0.236809
0.520110 -0.540297 0.173149 3.033193 -0.033072 -3.834552 0.000000 0.000000 0.237369
0.520110 -0.540296 0.173057 3.033213 -0.033189 -3.834659 0.000000 0.000000 0.237929
0.520109 -0.540295 0.172966 3.033232 -0.033305 -3.834766 0.000000 0.000000 0.238488
0.520108 -0.540294 0.172874 3.033252 -0.033421 -3.834873 0.000000 0.000000 0.239048
0.520107 -0.540293 0.172782 3.033271 -0.033538 -3.834979 0.000000 0.000000 0.239608
0.520106 -0.540292 0.172690 3.033290 -0.033654 -3.835086 0.000000 0.000000 0.240168
0.520106 -0.540291 0.172598 3.033310 -0.033771 -3.835193 0.000000 0.000000 0.240727
0.520105 -0.540291 0.172506 3.033329 -0.033887 -3.835300 0.000000 0.000000 0.241287
0.520104 -0.540290 0.172415 3.033349 -0.034004 -3.835407 0.000000 0.000000 0.241847
0.520103 -0.540289 0.172323 3.033368 -0.034120 -3.835514 0.000000 0.000000 0.242407
0.520102 -0.540288 0.172231 3.033388 -0.034237 -3.835620 0.000000 0.000000 0.242967
0.520101 -0.540287 0.172139 3.033407 -0.034353 -3.835727 0.000000 0.000000 0.243526
0.520101 -0.540286 0.172047 3.033426 -0.034469 -3.835834 0.000000 0.000000 0.244086
0.520100 -0.540285 0.171955 3.033447 -0.034586 -3.835940 0.000000 0.000000 0.244642
0.520098 -0.540283 0.171861 3.033472 -0.034705 -3.836041 0.000000 0.000000 0.245181
0.520097 -0.540282 0.171767 3.033498 -0.034825 -3.836143 0.000000 0.000000 0.245720
0.520096 -0.540280 0.171673 3.033523 -0.034944 -3.836244 0.000000 0.000000 0.246259
0.520095 -0.540278 0.171579 3.033549 -0.035063 -3.836346 0.000000 0.000000 0.246798
0.520093 -0.540277 0.171485 3.033574 -0.035182 -3.836447 0.000000 0.000000 0.247337
0.520092 -0.540275 0.171391 3.033599 -0.035301 -3.836549 0.000000 0.000000 0.247876
0.520091 -0.540274 0.171297 3.033625 -0.035420 -3.836650 0.000000 0.000000 0.248415
0.520090 -0.540272 0.171203 3.033650 -0.035539 -3.836752 0.000000 0.000000 0.248955
0.520088 -0.540270 0.171110 3.033676 -0.035658 -3.836853 0.000000 0.000000 0.249494
0.520087 -0.540269 0.171016 3.033701 -0.035777 -3.836955 0.000000 0.000000 0.250033
0.520086 -0.540267 0.170922 3.033727 -0.035896 -3.837056 0.000000 0.000000 0.250572
0.520084 -0.540265 0.170828 3.033752 -0.036015 -3.837158 0.000000 0.000000 0.251111
0.520083 -0.540264 0.170734 3.033777 -0.036135 -3.837259 0.000000 0.000000 0.251650
0.520082 -0.540262 0.170640 3.033803 -0.036254 -3.837361 0.000000 0.000000 0.252189
0.520081 -0.540260 0.170546 3.033828 -0.036373 -3.837462 0.000000 0.000000 0.252728
0.520079 -0.540259 0.170452 3.033854 -0.036492 -3.837564 0.000000 0.000000 0.253267
0.520078 -0.540256 0.170357 3.033877 -0.036611 -3.837662 0.000000 0.000000 0.253696
0.520075 -0.540253 0.170261 3.033899 -0.036729 -3.837759 0.000000 0.000000 0.254057
0.520073 -0.540251 0.170166 3.033921 -0.036847 -3.837855 0.000000 0.000000 0.254418
0.520071 -0.540248 0.170070 3.033943 -0.036966 -3.837952 0.000000 0.000000 0.254778
0.520069 -0.540245 0.169975 3.033965 -0.037084 -3.838049 0.000000 0.000000 0.255139
0.520067 -0.540242 0.169879 3.033987 -0.037203 -3.838145 0.000000 0.000000 0.255500
0.520064 -0.540239 0.169783 3.034009 -0.037321 -3.838242 0.000000 0.000000 0.255861
0.520062 -0.540236 0.169688 3.034031 -0.037440 -3.838338 0.000000 0.000000 0.256221
0.520060 -0.540234 0.169592 3.034053 -0.037558 -3.838435 0.000000 0.000000 0.256582
0.520058 -0.540231 0.169497 3.034075 -0.037677 -3.838532 0.000000 0.000000 0.256943
0.520056 -0.540228 0.169401 3.034097 -0.037795 -3.838628 0.000000 0.000000 0.257304
0.520053 -0.540225 0.169305 3.034119 -0.037914 -3.838725 0.000000 0.000000 0.257664
0.520051 -0.540222 0.169210 3.034141 -0.038032 -3.838821 0.000000 0.000000 0.258025
0.520049 -0.540220 0.169114 3.034163 -0.038151 -3.838918 0.000000 0.000000 0.258386
0.520047 -0.540217 0.169018 3.034185 -0.038269 -3.839015 0.000000 0.000000 0.258746
0.520045 -0.540214 0.168923 3.034207 -0.038388 -3.839111 0.000000 0.000000 0.259107
0.520042 -0.540211 0.168827 3.034230 -0.038506 -3.839208 0.000000 0.000000 0.259468
0.520040 -0.540208 0.168732 3.034252 -0.038625 -3.839304 0.000000 0.000000 0.259829
0.520038 -0.540205 0.168636 3.034274 -0.038743 -3.839401 0.000000 0.000000 0.260189
0.520036 -0.540203 0.168540 3.034296 -0.038862 -3.839498 0.000000 0.000000 0.260550
0.520034 -0.540200 0.168445 3.034318 -0.038980 -3.839594 0.000000 0.000000 0.260911
0.520031 -0.540197 0.168349 3.034340 -0.039099 -3.839691 0.000000 0.000000 0.261272
0.520030 -0.540193 0.168253 3.034354 -0.039217 -3.839783 0.000000 0.000000 0.261259
0.520028 -0.540187 0.168156 3.034361 -0.039335 -3.839871 0.000000 0.000000 0.260903
0.520027 -0.540181 0.168059 3.034368 -0.039453 -3.839959 0.000000 0.000000 0.260546
0.520026 -0.540176 0.167962 3.034375 -0.039570 -3.840047 0.000000 0.000000 0.260190
0.520024 -0.540170 0.167865 3.034382 -0.039688 -3.840135 0.000000 0.000000 0.259834
0.520023 -0.540164 0.167768 3.034389 -0.039806 -3.840223 0.000000 0.000000 0.259477
0.520022 -0.540159 0.167671 3.034396 -0.039924 -3.840311 0.000000 0.000000 0.259121
0.520020 -0.540153 0.167574 3.034403 -0.040042 -3.840399 0.000000 0.000000 0.258765
0.520019 -0.540148 0.167478 3.034410 -0.040160 -3.840487 0.000000 0.000000 0.258408
0.520018 -0.540142 0.167381 3.034418 -0.040278 -3.840575 0.000000 0.000000 0.258052
0.520017 -0.540136 0.167284 3.034425 -0.040396 -3.840663 0.000000 0.000000 0.257696
0.520015 -0.540131 0.167187 3.034432 -0.040513 -3.840751 0.000000 0.000000 0.257339
0.520014 -0.540125 0.167090 3.034439 -0.040631 -3.840840 0.000000 0.000000 0.256983
0.520013 -0.540119 0.166993 3.034446 -0.040749 -3.840928 0.000000 0.000000 0.256627
0.520011 -0.540114 0.166896 3.034453 -0.040867 -3.841016 0.000000 0.000000 0.256270
0.520010 -0.540108 0.166799 3.034460 -0.040985 -3.841104 0.000000 0.000000 0.255914
0.520009 -0.540102 0.166702 3.034467 -0.041103 -3.841192 0.000000 0.000000 0.255558
0.520007 -0.540094 0.166605 3.034458 -0.041231 -3.841281 0.000000 0.000000 0.254703
0.520005 -0.540085 0.166509 3.034449 -0.041360 -3.841371 0.000000 0.000000 0.253820
0.520003 -0.540076 0.166412 3.034439 -0.041489 -3.841460 0.000000 0.000000 0.252937
0.520001 -0.540068 0.166315 3.034430 -0.041618 -3.841550 0.000000 0.000000 0.252055
0.520000 -0.540059 0.166218 3.034420 -0.041747 -3.841639 0.000000 0.000000 0.251172
0.519998 -0.540050 0.166122 3.034411 -0.041876 -3.841729 0.000000 0.000000 0.250290
0.519996 -0.540042 0.166025 3.034401 -0.042005 -3.841818 0.000000 0.000000 0.249407
0.519994 -0.540033 0.165928 3.034391 -0.042134 -3.841908 0.000000 0.000000 0.248524
0.519992 -0.540024 0.165832 3.034382 -0.042262 -3.841997 0.000000 0.000000 0.247642
0.519991 -0.540015 0.165735 3.034372 -0.042391 -3.842087 0.000000 0.000000 0.246759
0.519989 -0.540007 0.165638 3.034363 -0.042520 -3.842176 0.000000 0.000000 0.245877
0.519987 -0.539998 0.165541 3.034353 -0.042649 -3.842266 0.000000 0.000000 0.244994
0.519985 -0.539989 0.165445 3.034344 -0.042778 -3.842355 0.000000 0.000000 0.244112
0.519983 -0.539980 0.165348 3.034334 -0.042907 -3.842445 0.000000 0.000000 0.243229
0.519982 -0.539972 0.165251 3.034325 -0.043036 -3.842534 0.000000 0.000000 0.242346
0.519980 -0.539963 0.165154 3.034315 -0.043165 -3.842624 0.000000 0.000000 0.241464
0.519979 -0.539953 0.165057 3.034298 -0.043295 -3.842715 0.000000 0.000000 0.240353
0.519978 -0.539941 0.164957 3.034269 -0.043426 -3.842807 0.000000 0.000000 0.238862
0.519978 -0.539929 0.164857 3.034240 -0.043558 -3.842900 0.000000 0.000000 0.237371
0.519978 -0.539918 0.164758 3.034210 -0.043690 -3.842993 0.000000 0.000000 0.235879
0.519978 -0.539906 0.164658 3.034181 -0.043821 -3.843086 0.000000 0.000000 0.234388
0.519977 -0.539894 0.164558 3.034152 -0.043953 -3.843178 0.000000 0.000000 0.232897
0.519977 -0.539882 0.164459 3.034123 -0.044085 -3.843271 0.000000 0.000000 0.231406
0.519977 -0.539870 0.164359 3.034093 -0.044216 -3.843364 0.000000 0.000000 0.229914
0.519976 -0.539859 0.164259 3.034064 -0.044348 -3.843456 0.000000 0.000000 0.228423
0.519976 -0.539847 0.164160 3.034035 -0.044480 -3.843549 0.000000 0.000000 0.226932
0.519976 -0.539835 0.164060 3.034006 -0.044611 -3.843642 0.000000 0.000000 0.225440
0.519975 -0.539823 0.163960 3.033976 -0.044743 -3.843734 0.000000 0.000000 0.223949
0.519975 -0.539811 0.163861 3.033947 -0.044875 -3.843827 0.000000 0.000000 0.222458
0.519975 -0.539799 0.163761 3.033918 -0.045007 -3.843920 0.000000 0.000000 0.220967
0.519975 -0.539788 0.163661 3.033889 -0.045138 -3.844013 0.000000 0.000000 0.219475
0.519974 -0.539776 0.163562 3.033859 -0.045270 -3.844105 0.000000 0.000000 0.217984
0.519974 -0.539764 0.163462 3.033830 -0.045402 -3.844198 0.000000 0.000000 0.216493
0.519974 -0.539752 0.163363 3.033801 -0.045533 -3.844291 0.000000 0.000000 0.215002
0.519973 -0.539740 0.163263 3.033772 -0.045665 -3.844383 0.000000 0.000000 0.213510
0.519973 -0.539728 0.163163 3.033742 -0.045797 -3.844476 0.000000 0.000000 0.212019
0.519973 -0.539717 0.163064 3.033713 -0.045928 -3.844569 0.000000 0.000000 0.210528
0.519973 -0.539705 0.162964 3.033684 -0.046060 -3.844662 0.000000 0.000000 0.209036
0.519972 -0.539693 0.162863 3.033651 -0.046192 -3.844754 0.000000 0.000000 0.207603
0.519973 -0.539679 0.162759 3.033609 -0.046327 -3.844847 0.000000 0.000000 0.206319
0.519973 -0.539666 0.162655 3.033567 -0.046461 -3.844940 0.000000 0.000000 0.205035
0.519974 -0.539653 0.162551 3.033525 -0.046595 -3.845033 0.000000 0.000000 0.203752
0.519974 -0.539640 0.162447 3.033483 -0.046729 -3.845125 0.000000 0.000000 0.202468
0.519974 -0.539627 0.162343 3.033441 -0.046863 -3.845218 0.000000 0.000000 0.201184
0.519975 -0.539613 0.162239 3.033399 -0.046997 -3.845311 0.000000 0.000000 0.199901
0.519975 -0.539600 0.162135 3.033357 -0.047132 -3.845404 0.000000 0.000000 0.198617
0.519975 -0.539587 0.162031 3.033315 -0.047266 -3.845497 0.000000 0.000000 0.197333
0.519976 -0.539574 0.161927 3.033272 -0.047400 -3.845590 0.000000 0.000000 0.196050
0.519976 -0.539561 0.161823 3.033230 -0.047534 -3.845682 0.000000 0.000000 0.194766
0.519976 -0.539547 0.161719 3.033188 -0.047668 -3.845775 0.000000 0.000000 0.193482
0.519977 -0.539534 0.161615 3.033146 -0.047803 -3.845868 0.000000 0.000000 0.192199
0.519977 -0.539521 0.161511 3.033104 -0.047937 -3.845961 0.000000 0.000000 0.190915
0.519977 -0.539508 0.161407 3.033062 -0.048071 -3.846054 0.000000 0.000000 0.189631
0.519978 -0.539495 0.161303 3.033020 -0.048205 -3.846146 0.000000 0.000000 0.188347
0.519978 -0.539481 0.161199 3.032978 -0.048339 -3.846239 0.000000 0.000000 0.187064
0.519978 -0.539467 0.161092 3.032932 -0.048482 -3.846340 0.000000 0.000000 0.185779
0.519978 -0.539453 0.160983 3.032885 -0.048628 -3.846444 0.000000 0.000000 0.184494
0.519977 -0.539439 0.160875 3.032838 -0.048774 -3.846548 0.000000 0.000000 0.183208
0.519977 -0.539424 0.160766 3.032791 -0.048920 -3.846651 0.000000 0.000000 0.181923
0.519976 -0.539410 0.160657 3.032744 -0.049066 -3.846755 0.000000 0.000000 0.180637
0.519976 -0.539395 0.160548 3.032696 -0.049212 -3.846859 0.000000 0.000000 0.179352
0.519975 -0.539381 0.160439 3.032649 -0.049359 -3.846963 0.000000 0.000000 0.178067
0.519975 -0.539367 0.160331 3.032602 -0.049505 -3.847067 0.000000 0.000000 0.176781
0.519975 -0.539352 0.160222 3.032555 -0.049651 -3.847171 0.000000 0.000000 0.175496
0.519974 -0.539338 0.160113 3.032508 -0.049797 -3.847275 0.000000 0.000000 0.174210
0.519974 -0.539323 0.160004 3.032461 -0.049943 -3.847379 0.000000 0.000000 0.172925
0.519973 -0.539309 0.159896 3.032413 -0.050089 -3.847482 0.000000 0.000000 0.171640
0.519973 -0.539295 0.159787 3.032366 -0.050235 -3.847586 0.000000 0.000000 0.170354
0.519972 -0.539280 0.159678 3.032319 -0.050381 -3.847690 0.000000 0.000000 0.169069
0.519972 -0.539266 0.159569 3.032272 -0.050527 -3.847794 0.000000 0.000000 0.167783
0.519972 -0.539251 0.159460 3.032225 -0.050673 -3.847898 0.000000 0.000000 0.166498
0.519971 -0.539237 0.159351 3.032177 -0.050821 -3.848003 0.000000 0.000000 0.165217
0.519970 -0.539221 0.159237 3.032124 -0.050978 -3.848118 0.000000 0.000000 0.163963
0.519969 -0.539206 0.159122 3.032070 -0.051136 -3.848233 0.000000 0.000000 0.162708
0.519967 -0.539190 0.159008 3.032017 -0.051293 -3.848348 0.000000 0.000000 0.161454
0.519966 -0.539175 0.158894 3.031964 -0.051451 -3.848463 0.000000 0.000000 0.160200
0.519965 -0.539159 0.158779 3.031911 -0.051608 -3.848578 0.000000 0.000000 0.158946
0.519964 -0.539143 0.158665 3.031857 -0.051765 -3.848693 0.000000 0.000000 0.157692
0.519963 -0.539128 0.158551 3.031804 -0.051923 -3.848808 0.000000 0.000000 0.156437
0.519961 -0.539112 0.158436 3.031751 -0.052080 -3.848923 0.000000 0.000000 0.155183
0.519960 -0.539097 0.158322 3.031698 -0.052237 -3.849038 0.000000 0.000000 0.153929
0.519959 -0.539081 0.158208 3.031644 -0.052395 -3.849153 0.000000 0.000000 0.152675
0.519958 -0.539066 0.158094 3.031591 -0.052552 -3.849268 0.000000 0.000000 0.151420
0.519957 -0.539050 0.157979 3.031538 -0.052710 -3.849383 0.000000 0.000000 0.150166
0.519955 -0.539035 0.157865 3.031485 -0.052867 -3.849498 0.000000 0.000000 0.148912
0.519954 -0.539019 0.157751 3.031431 -0.053024 -3.849613 0.000000 0.000000 0.147658
0.519953 -0.539004 0.157636 3.031378 -0.053182 -3.849728 0.000000 0.000000 0.146404
0.519952 -0.538988 0.157522 3.031325 -0.053339 -3.849843 0.000000 0.000000 0.145149
0.519951 -0.538972 0.157408 3.031272 -0.053496 -3.849958 0.000000 0.000000 0.143895
0.519949 -0.538957 0.157293 3.031218 -0.053654 -3.850073 0.000000 0.000000 0.142641
0.519948 -0.538941 0.157179 3.031165 -0.053811 -3.850188 0.000000 0.000000 0.141387
0.519947 -0.538926 0.157065 3.031112 -0.053968 -3.850303 0.000000 0.000000 0.140132
0.519946 -0.538910 0.156950 3.031059 -0.054126 -3.850418 0.000000 0.000000 0.138878
0.519945 -0.538895 0.156836 3.031005 -0.054284 -3.850534 0.000000 0.000000 0.137626
0.519943 -0.538878 0.156718 3.030944 -0.054456 -3.850663 0.000000 0.000000 0.136440
0.519942 -0.538862 0.156599 3.030882 -0.054628 -3.850792 0.000000 0.000000 0.135254
0.519940 -0.538845 0.156481 3.030821 -0.054800 -3.850921 0.000000 0.000000 0.134068
0.519938 -0.538828 0.156363 3.030759 -0.054972 -3.851050 0.000000 0.000000 0.132882
0.519937 -0.538812 0.156244 3.030698 -0.055144 -3.851179 0.000000 0.000000 0.131695
0.519935 -0.538795 0.156126 3.030636 -0.055317 -3.851308 0.000000 0.000000 0.130509
0.519934 -0.538779 0.156007 3.030575 -0.055489 -3.851437 0.000000 0.000000 0.129323
0.519932 -0.538762 0.155889 3.030513 -0.055661 -3.851566 0.000000 0.000000 0.128137
0.519931 -0.538746 0.155771 3.030451 -0.055833 -3.851695 0.000000 0.000000 0.126951
0.519929 -0.538729 0.155652 3.030390 -0.056005 -3.851824 0.000000 0.000000 0.125764
0.519928 -0.538712 0.155534 3.030328 -0.056177 -3.851953 0.000000 0.000000 0.124578
0.519926 -0.538696 0.155416 3.030267 -0.056349 -3.852082 0.000000 0.000000 0.123392
0.519925 -0.538679 0.155297 3.030205 -0.056522 -3.852211 0.000000 0.000000 0.122206
0.519923 -0.538663 0.155179 3.030144 -0.056694 -3.852340 0.000000 0.000000 0.121019
0.519922 -0.538646 0.155061 3.030082 -0.056866 -3.852469 0.000000 0.000000 0.119833
0.519920 -0.538630 0.154942 3.030021 -0.057038 -3.852599 0.000000 0.000000 0.118647
0.519918 -0.538612 0.154822 3.029955 -0.057218 -3.852732 0.000000 0.000000 0.117424
0.519916 -0.538593 0.154699 3.029884 -0.057408 -3.852871 0.000000 0.000000 0.116157
0.519913 -0.538575 0.154576 3.029813 -0.057598 -3.853009 0.000000 0.000000 0.114890
0.519910 -0.538556 0.154453 3.029743 -0.057787 -3.853148 0.000000 0.000000 0.113623
0.519908 -0.538537 0.154330 3.029672 -0.057977 -3.853287 0.000000 0.000000 0.112356
0.519905 -0.538518 0.154208 3.029601 -0.058167 -3.853426 0.000000 0.000000 0.111089
0.519903 -0.538500 0.154085 3.029530 -0.058356 -3.853564 0.000000 0.000000 0.109822
0.519900 -0.538481 0.153962 3.029460 -0.058546 -3.853703 0.000000 0.000000 0.108555
0.519898 -0.538462 0.153839 3.029389 -0.058736 -3.853842 0.000000 0.000000 0.107288
0.519895 -0.538443 0.153716 3.029318 -0.058925 -3.853980 0.000000 0.000000 0.106021
0.519893 -0.538425 0.153594 3.029247 -0.059115 -3.854119 0.000000 0.000000 0.104754
0.519890 -0.538406 0.153471 3.029177 -0.059304 -3.854258 0.000000 0.000000 0.103487
0.519887 -0.538387 0.153348 3.029106 -0.059494 -3.854397 0.000000 0.000000 0.102221
0.519885 -0.538368 0.153225 3.029035 -0.059684 -3.854535 0.000000 0.000000 0.100954
0.519882 -0.538350 0.153102 3.028964 -0.059873 -3.854674 0.000000 0.000000 0.099687
0.519880 -0.538331 0.152980 3.028894 -0.060063 -3.854813 0.000000 0.000000 0.098420
0.519877 -0.538312 0.152857 3.028823 -0.060253 -3.854951 0.000000 0.000000 0.097153
0.519874 -0.538290 0.152731 3.028740 -0.060465 -3.855102 0.000000 0.000000 0.096539
0.519870 -0.538269 0.152604 3.028655 -0.060680 -3.855254 0.000000 0.000000 0.096008
0.519867 -0.538247 0.152478 3.028570 -0.060895 -3.855406 0.000000 0.000000 0.095477
0.519863 -0.538225 0.152352 3.028486 -0.061110 -3.855558 0.000000 0.000000 0.094946
0.519859 -0.538203 0.152225 3.028401 -0.061325 -3.855710 0.000000 0.000000 0.094415
0.519856 -0.538181 0.152099 3.028316 -0.061540 -3.855863 0.000000 0.000000 0.093883
0.519852 -0.538159 0.151972 3.028231 -0.061755 -3.856015 0.000000 0.000000 0.093352
0.519849 -0.538137 0.151846 3.028147 -0.061970 -3.856167 0.000000 0.000000 0.092821
0.519845 -0.538115 0.151720 3.028062 -0.062185 -3.856319 0.000000 0.000000 0.092290
0.519841 -0.538093 0.151593 3.027977 -0.062401 -3.856471 0.000000 0.000000 0.091758
0.519838 -0.538071 0.151467 3.027892 -0.062616 -3.856623 0.000000 0.000000 0.091227
0.519834 -0.538050 0.151340 3.027808 -0.062831 -3.856775 0.000000 0.000000 0.090696
0.519830 -0.538028 0.151214 3.027723 -0.063046 -3.856928 0.000000 0.000000 0.090165
0.519827 -0.538006 0.151088 3.027638 -0.063261 -3.857080 0.000000 0.000000 0.089633
0.519823 -0.537984 0.150961 3.027554 -0.063476 -3.857232 0.000000 0.000000 0.089102
0.519820 -0.537962 0.150835 3.027469 -0.063691 -3.857384 0.000000 0.000000 0.088571
0.519816 -0.537940 0.150708 3.027384 -0.063906 -3.857536 0.000000 0.000000 0.088040
0.519812 -0.537918 0.150582 3.027299 -0.064121 -3.857688 0.000000 0.000000 0.087508
0.519809 -0.537896 0.150456 3.027215 -0.064336 -3.857840 0.000000 0.000000 0.086977
0.519805 -0.537874 0.150329 3.027130 -0.064551 -3.857992 0.000000 0.000000 0.086446
0.519802 -0.537852 0.150203 3.027045 -0.064766 -3.858145 0.000000 0.000000 0.085915
0.519798 -0.537830 0.150076 3.026961 -0.064981 -3.858297 0.000000 0.000000 0.085384
0.519794 -0.537806 0.149948 3.026865 -0.065215 -3.858454 0.000000 0.000000 0.084739
0.519789 -0.537781 0.149819 3.026767 -0.065453 -3.858612 0.000000 0.000000 0.084065
0.519784 -0.537755 0.149690 3.026669 -0.065692 -3.858771 0.000000 0.000000 0.083391
0.519780 -0.537730 0.149562 3.026571 -0.065930 -3.858929 0.000000 0.000000 0.082717
0.519775 -0.537705 0.149433 3.026473 -0.066168 -3.859088 0.000000 0.000000 0.082043
0.519771 -0.537679 0.149304 3.026375 -0.066407 -3.859246 0.000000 0.000000 0.081369
0.519766 -0.537654 0.149175 3.026277 -0.066645 -3.859405 0.000000 0.000000 0.080695
0.519762 -0.537629 0.149046 3.026179 -0.066883 -3.859563 0.000000 0.000000 0.080021
0.519757 -0.537604 0.148917 3.026081 -0.067122 -3.859721 0.000000 0.000000 0.079348
0.519752 -0.537578 0.148789 3.025983 -0.067360 -3.859880 0.000000 0.000000 0.078674
0.519748 -0.537553 0.148660 3.025885 -0.067599 -3.860038 0.000000 0.000000 0.078000
0.519743 -0.537528 0.148531 3.025787 -0.067837 -3.860197 0.000000 0.000000 0.077326
0.519739 -0.537503 0.148402 3.025689 -0.068075 -3.860355 0.000000 0.000000 0.076652
0.519734 -0.537477 0.148273 3.025591 -0.068314 -3.860514 0.000000 0.000000 0.075978
0.519730 -0.537452 0.148144 3.025493 -0.068552 -3.860672 0.000000 0.000000 0.075304
0.519725 -0.537427 0.148016 3.025395 -0.068790 -3.860831 0.000000 0.000000 0.074630
0.519720 -0.537401 0.147886 3.025295 -0.069033 -3.860992 0.000000 0.000000 0.073933
0.519714 -0.537374 0.147753 3.025192 -0.069292 -3.861162 0.000000 0.000000 0.073154
0.519708 -0.537346 0.147620 3.025088 -0.069550 -3.861333 0.000000 0.000000 0.072376
0.519702 -0.537319 0.147487 3.024985 -0.069808 -3.861503 0.000000 0.000000 0.071598
0.519695 -0.537292 0.147354 3.024881 -0.070067 -3.861674 0.000000 0.000000 0.070819
0.519689 -0.537264 0.147221 3.024778 -0.070325 -3.861844 0.000000 0.000000 0.070041
0.519683 -0.537237 0.147088 3.024674 -0.070584 -3.862015 0.000000 0.000000 0.069262
0.519677 -0.537210 0.146955 3.024571 -0.070842 -3.862185 0.000000 0.000000 0.068484
0.519671 -0.537182 0.146822 3.024467 -0.071100 -3.862356 0.000000 0.000000 0.067705
0.519665 -0.537155 0.146690 3.024364 -0.071359 -3.862526 0.000000 0.000000 0.066927
0.519658 -0.537128 0.146557 3.024260 -0.071617 -3.862697 0.000000 0.000000 0.066148
0.519652 -0.537100 0.146424 3.024157 -0.071875 -3.862867 0.000000 0.000000 0.065370
0.519646 -0.537073 0.146291 3.024053 -0.072134 -3.863037 0.000000 0.000000 0.064592
0.519640 -0.537046 0.146158 3.023950 -0.072392 -3.863208 0.000000 0.000000 0.063813
0.519634 -0.537018 0.146025 3.023846 -0.072651 -3.863378 0.000000 0.000000 0.063035
0.519628 -0.536991 0.145892 3.023742 -0.072909 -3.863549 0.000000 0.000000 0.062256
0.519621 -0.536964 0.145759 3.023639 -0.073167 -3.863719 0.000000 0.000000 0.061478
0.519615 -0.536935 0.145624 3.023529 -0.073437 -3.863895 0.000000 0.000000 0.061086
0.519608 -0.536905 0.145487 3.023416 -0.073712 -3.864073 0.000000 0.000000 0.060908
0.519602 -0.536876 0.145350 3.023304 -0.073987 -3.864252 0.000000 0.000000 0.060729
0.519595 -0.536846 0.145214 3.023191 -0.074262 -3.864430 0.000000 0.000000 0.060551
0.519588 -0.536816 0.145077 3.023078 -0.074537 -3.864609 0.000000 0.000000 0.060372
0.519582 -0.536787 0.144940 3.022965 -0.074812 -3.864787 0.000000 0.000000 0.060194
0.519575 -0.536757 0.144804 3.022852 -0.075087 -3.864965 0.000000 0.000000 0.060015
0.519568 -0.536727 0.144667 3.022739 -0.075362 -3.865144 0.000000 0.000000 0.059836
0.519562 -0.536698 0.144530 3.022626 -0.075637 -3.865322 0.000000 0.000000 0.059658
0.519555 -0.536668 0.144394 3.022513 -0.075912 -3.865501 0.000000 0.000000 0.059479
0.519548 -0.536639 0.144257 3.022400 -0.076187 -3.865679 0.000000 0.000000 0.059301
0.519542 -0.536609 0.144120 3.022287 -0.076462 -3.865858 0.000000 0.000000 0.059122
0.519535 -0.536579 0.143984 3.022174 -0.076737 -3.866036 0.000000 0.000000 0.058943
0.519528 -0.536550 0.143847 3.022061 -0.077012 -3.866214 0.000000 0.000000 0.058765
0.519522 -0.536520 0.143710 3.021949 -0.077287 -3.866393 0.000000 0.000000 0.058586
0.519515 -0.536491 0.143574 3.021836 -0.077563 -3.866571 0.000000 0.000000 0.058408
0.519508 -0.536461 0.143437 3.021723 -0.077838 -3.866750 0.000000 0.000000 0.058229
0.519501 -0.536431 0.143300 3.021610 -0.078113 -3.866928 0.000000 0.000000 0.058050
0.519495 -0.536402 0.143164 3.021497 -0.078388 -3.867106 0.000000 0.000000 0.057872
0.519488 -0.536372 0.143027 3.021384 -0.078663 -3.867285 0.000000 0.000000 0.057693
0.519481 -0.536343 0.142890 3.021271 -0.078938 -3.867463 0.000000 0.000000 0.057515
0.519475 -0.536313 0.142754 3.021158 -0.079213 -3.867642 0.000000 0.000000 0.057336
0.519467 -0.536283 0.142615 3.021043 -0.079497 -3.867825 0.000000 0.000000 0.057087
0.519460 -0.536252 0.142475 3.020927 -0.079788 -3.868013 0.000000 0.000000 0.056779
0.519452 -0.536221 0.142335 3.020811 -0.080078 -3.868201 0.000000 0.000000 0.056472
0.519444 -0.536190 0.142195 3.020695 -0.080369 -3.868389 0.000000 0.000000 0.056165
0.519436 -0.536159 0.142055 3.020579 -0.080660 -3.868577 0.000000 0.000000 0.055857
0.519428 -0.536128 0.141914 3.020463 -0.080951 -3.868765 0.000000 0.000000 0.055550
0.519420 -0.536097 0.141774 3.020347 -0.081242 -3.868953 0.000000 0.000000 0.055242
0.519412 -0.536066 0.141634 3.020231 -0.081533 -3.869141 0.000000 0.000000 0.054935
0.519404 -0.536035 0.141494 3.020115 -0.081824 -3.869329 0.000000 0.000000 0.054627
0.519396 -0.536004 0.141354 3.019999 -0.082115 -3.869517 0.000000 0.000000 0.054320
0.519388 -0.535973 0.141214 3.019883 -0.082406 -3.869705 0.000000 0.000000 0.054012
0.519381 -0.535942 0.141074 3.019767 -0.082696 -3.869893 0.000000 0.000000 0.053705
0.519373 -0.535911 0.140933 3.019651 -0.082987 -3.870081 0.000000 0.000000 0.053398
0.519365 -0.535880 0.140793 3.019534 -0.083278 -3.870269 0.000000 0.000000 0.053090
0.519357 -0.535849 0.140653 3.019418 -0.083569 -3.870457 0.000000 0.000000 0.052783
0.519349 -0.535818 0.140513 3.019302 -0.083860 -3.870645 0.000000 0.000000 0.052475
0.519341 -0.535787 0.140373 3.019186 -0.084151 -3.870833 0.000000 0.000000 0.052168
0.519333 -0.535756 0.140230 3.019061 -0.084452 -3.871036 0.000000 0.000000 0.051453
0.519326 -0.535724 0.140087 3.018935 -0.084753 -3.871238 0.000000 0.000000 0.050728
0.519318 -0.535692 0.139945 3.018809 -0.085054 -3.871441 0.000000 0.000000 0.050003
0.519311 -0.535660 0.139802 3.018683 -0.085355 -3.871644 0.000000 0.000000 0.049278
0.519303 -0.535628 0.139659 3.018558 -0.085655 -3.871846 0.000000 0.000000 0.048553
0.519296 -0.535597 0.139516 3.018432 -0.085956 -3.872049 0.000000 0.000000 0.047828
0.519288 -0.535565 0.139373 3.018306 -0.086257 -3.872252 0.000000 0.000000 0.047103
0.519280 -0.535533 0.139231 3.018180 -0.086558 -3.872455 0.000000 0.000000 0.046378
0.519273 -0.535501 0.139088 3.018055 -0.086859 -3.872657 0.000000 0.000000 0.045653
0.519265 -0.535469 0.138945 3.017929 -0.087160 -3.872860 0.000000 0.000000 0.044928
0.519258 -0.535438 0.138802 3.017803 -0.087461 -3.873063 0.000000 0.000000 0.044203
0.519250 -0.535406 0.138660 3.017677 -0.087762 -3.873266 0.000000 0.000000 0.043478
0.519243 -0.535374 0.138517 3.017551 -0.088063 -3.873468 0.000000 0.000000 0.042753
0.519235 -0.535342 0.138374 3.017426 -0.088364 -3.873671 0.000000 0.000000 0.042028
0.519227 -0.535310 0.138231 3.017300 -0.088665 -3.873874 0.000000 0.000000 0.041303
0.519220 -0.535279 0.138089 3.017174 -0.088966 -3.874077 0.000000 0.000000 0.040578
0.519213 -0.535247 0.137944 3.017050 -0.089271 -3.874287 0.000000 0.000000 0.039788
0.519206 -0.535217 0.137797 3.016927 -0.089581 -3.874509 0.000000 0.000000 0.038900
0.519199 -0.535186 0.137651 3.016804 -0.089891 -3.874730 0.000000 0.000000 0.038012
0.519192 -0.535155 0.137504 3.016682 -0.090201 -3.874952 0.000000 0.000000 0.037125
0.519186 -0.535124 0.137357 3.016559 -0.090511 -3.875173 0.000000 0.000000 0.036237
0.519179 -0.535094 0.137210 3.016437 -0.090821 -3.875395 0.000000 0.000000 0.035349
0.519172 -0.535063 0.137063 3.016314 -0.091130 -3.875616 0.000000 0.000000 0.034461
0.519166 -0.535032 0.136917 3.016192 -0.091440 -3.875838 0.000000 0.000000 0.033573
0.519159 -0.535002 0.136770 3.016069 -0.091750 -3.876059 0.000000 0.000000 0.032686
0.519152 -0.534971 0.136623 3.015946 -0.092060 -3.876281 0.000000 0.000000 0.031798
0.519145 -0.534940 0.136476 3.015824 -0.092370 -3.876503 0.000000 0.000000 0.030910
0.519139 -0.534909 0.136329 3.015701 -0.092680 -3.876724 0.000000 0.000000 0.030022
0.519132 -0.534879 0.136183 3.015579 -0.092990 -3.876946 0.000000 0.000000 0.029135
0.519125 -0.534848 0.136036 3.015456 -0.093300 -3.877167 0.000000 0.000000 0.028247
0.519118 -0.534817 0.135889 3.015333 -0.093610 -3.877389 0.000000 0.000000 0.027359
0.519112 -0.534786 0.135742 3.015211 -0.093920 -3.877610 0.000000 0.000000 0.026471
0.519105 -0.534756 0.135595 3.015088 -0.094230 -3.877832 0.000000 0.000000 0.025583
0.519098 -0.534725 0.135449 3.014966 -0.094540 -3.878053 0.000000 0.000000 0.024696
0.519092 -0.534694 0.135302 3.014843 -0.094850 -3.878275 0.000000 0.000000 0.023808
0.519085 -0.534664 0.135155 3.014720 -0.095160 -3.878496 0.000000 0.000000 0.022920
0.519078 -0.534633 0.135008 3.014598 -0.095470 -3.878718 0.000000 0.000000 0.022032
0.519071 -0.534602 0.134862 3.014475 -0.095780 -3.878940 0.000000 0.000000 0.021145
0.519064 -0.534572 0.134713 3.014356 -0.096094 -3.879167 0.000000 0.000000 0.020391
0.519057 -0.534542 0.134562 3.014243 -0.096418 -3.879410 0.000000 0.000000 0.019944
0.519049 -0.534513 0.134411 3.014130 -0.096742 -3.879652 0.000000 0.000000 0.019497
0.519041 -0.534483 0.134260 3.014018 -0.097066 -3.879895 0.000000 0.000000 0.019050
0.519034 -0.534454 0.134108 3.013905 -0.097390 -3.880137 0.000000 0.000000 0.018603
0.519026 -0.534425 0.133957 3.013792 -0.097714 -3.880380 0.000000 0.000000 0.018156
0.519018 -0.534395 0.133806 3.013679 -0.098038 -3.880622 0.000000 0.000000 0.017709
0.519011 -0.534366 0.133655 3.013567 -0.098362 -3.880865 0.000000 0.000000 0.017262
0.519003 -0.534336 0.133503 3.013454 -0.098686 -3.881107 0.000000 0.000000 0.016815
0.518995 -0.534307 0.133352 3.013341 -0.099010 -3.881350 0.000000 0.000000 0.016368
0.518988 -0.534277 0.133201 3.013229 -0.099334 -3.881592 0.000000 0.000000 0.015921
0.518980 -0.534248 0.133050 3.013116 -0.099658 -3.881834 0.000000 0.000000 0.015474
0.518972 -0.534218 0.132898 3.013003 -0.099982 -3.882077 0.000000 0.000000 0.015027
0.518965 -0.534189 0.132747 3.012891 -0.100306 -3.882319 0.000000 0.000000 0.014580
0.518957 -0.534159 0.132596 3.012778 -0.100630 -3.882562 0.000000 0.000000 0.014133
0.518949 -0.534130 0.132444 3.012665 -0.100954 -3.882804 0.000000 0.000000 0.013686
0.518942 -0.534100 0.132293 3.012553 -0.101278 -3.883047 0.000000 0.000000 0.013239
0.518934 -0.534072 0.132138 3.012449 -0.101606 -3.883302 0.000000 0.000000 0.013288
0.518926 -0.534044 0.131982 3.012348 -0.101935 -3.883562 0.000000 0.000000 0.013519
0.518919 -0.534016 0.131825 3.012248 -0.102265 -3.883822 0.000000 0.000000 0.013750
0.518911 -0.533988 0.131669 3.012147 -0.102595 -3.884083 0.000000 0.000000 0.013981
0.518903 -0.533960 0.131513 3.012047 -0.102924 -3.884343 0.000000 0.000000 0.014212
0.518895 -0.533932 0.131356 3.011947 -0.103254 -3.884603 0.000000 0.000000 0.014443
0.518888 -0.533904 0.131200 3.011846 -0.103583 -3.884863 0.000000 0.000000 0.014674
0.518880 -0.533876 0.131043 3.011746 -0.103913 -3.885123 0.000000 0.000000 0.014905
0.518872 -0.533848 0.130887 3.011645 -0.104243 -3.885383 0.000000 0.000000 0.015136
0.518864 -0.533820 0.130731 3.011545 -0.104572 -3.885644 0.000000 0.000000 0.015367
0.518857 -0.533792 0.130574 3.011444 -0.104902 -3.885904 0.000000 0.000000 0.015598
0.518849 -0.533764 0.130418 3.011344 -0.105232 -3.886164 0.000000 0.000000 0.015829
0.518841 -0.533736 0.130261 3.011243 -0.105561 -3.886424 0.000000 0.000000 0.016060
0.518833 -0.533709 0.130105 3.011143 -0.105891 -3.886684 0.000000 0.000000 0.016291
0.518826 -0.533681 0.129949 3.011042 -0.106221 -3.886944 0.000000 0.000000 0.016522
0.518818 -0.533653 0.129792 3.010942 -0.106550 -3.887205 0.000000 0.000000 0.016753
0.518810 -0.533625 0.129636 3.010843 -0.106881 -3.887467 0.000000 0.000000 0.017056
0.518802 -0.533597 0.129477 3.010752 -0.107218 -3.887741 0.000000 0.000000 0.017741
0.518794 -0.533569 0.129319 3.010661 -0.107554 -3.888014 0.000000 0.000000 0.018426
0.518786 -0.533542 0.129161 3.010570 -0.107891 -3.888288 0.000000 0.000000 0.019111
0.518778 -0.533514 0.129003 3.010479 -0.108228 -3.888562 0.000000 0.000000 0.019796
0.518770 -0.533487 0.128844 3.010388 -0.108564 -3.888836 0.000000 0.000000 0.020481
0.518762 -0.533459 0.128686 3.010298 -0.108901 -3.889109 0.000000 0.000000 0.021167
0.518754 -0.533431 0.128528 3.010207 -0.109238 -3.889383 0.000000 0.000000 0.021852
0.518746 -0.533404 0.128370 3.010116 -0.109574 -3.889657 0.000000 0.000000 0.022537
0.518738 -0.533376 0.128211 3.010025 -0.109911 -3.889930 0.000000 0.000000 0.023222
0.518730 -0.533349 0.128053 3.009934 -0.110248 -3.890204 0.000000 0.000000 0.023907
0.518722 -0.533321 0.127895 3.009843 -0.110584 -3.890478 0.000000 0.000000 0.024592
0.518714 -0.533293 0.127737 3.009752 -0.110921 -3.890751 0.000000 0.000000 0.025277
0.518706 -0.533266 0.127578 3.009661 -0.111258 -3.891025 0.000000 0.000000 0.025962
0.518698 -0.533238 0.127420 3.009570 -0.111594 -3.891299 0.000000 0.000000 0.026647
0.518690 -0.533211 0.127262 3.009479 -0.111931 -3.891573 0.000000 0.000000 0.027333
0.518682 -0.533183 0.127104 3.009388 -0.112268 -3.891846 0.000000 0.000000 0.028018
0.518674 -0.533155 0.126945 3.009297 -0.112604 -3.892120 0.000000 0.000000 0.028703
0.518666 -0.533128 0.126787 3.009206 -0.112941 -3.892394 0.000000 0.000000 0.029388
0.518658 -0.533100 0.126629 3.009115 -0.113278 -3.892667 0.000000 0.000000 0.030073
0.518650 -0.533073 0.126470 3.009025 -0.113614 -3.892941 0.000000 0.000000 0.030758
0.518642 -0.533045 0.126312 3.008934 -0.113951 -3.893215 0.000000 0.000000 0.031443
0.518634 -0.533017 0.126154 3.008843 -0.114288 -3.893489 0.000000 0.000000 0.032114
0.518627 -0.532988 0.125995 3.008752 -0.114636 -3.893773 0.000000 0.000000 0.032574
0.518619 -0.532959 0.125835 3.008661 -0.114983 -3.894058 0.000000 0.000000 0.033034
0.518612 -0.532929 0.125676 3.008571 -0.115330 -3.894342 0.000000 0.000000 0.033494
0.518604 -0.532900 0.125516 3.008480 -0.115677 -3.894626 0.000000 0.000000 0.033953
0.518597 -0.532871 0.125357 3.008390 -0.116025 -3.894910 0.000000 0.000000 0.034413
0.518589 -0.532841 0.125198 3.008299 -0.116372 -3.895194 0.000000 0.000000 0.034873
0.518582 -0.532812 0.125038 3.008208 -0.116719 -3.895478 0.000000 0.000000 0.035333
0.518574 -0.532783 0.124879 3.008118 -0.117066 -3.895763 0.000000 0.000000 0.035793
0.518567 -0.532753 0.124719 3.008027 -0.117414 -3.896047 0.000000 0.000000 0.036252
0.518559 -0.532724 0.124560 3.007937 -0.117761 -3.896331 0.000000 0.000000 0.036712
0.518552 -0.532695 0.124401 3.007846 -0.118108 -3.896615 0.000000 0.000000 0.037172
0.518544 -0.532665 0.124241 3.007755 -0.118455 -3.896899 0.000000 0.000000 0.037632
0.518537 -0.532636 0.124082 3.007665 -0.118803 -3.897184 0.000000 0.000000 0.038091
0.518529 -0.532607 0.123922 3.007574 -0.119150 -3.897468 0.000000 0.000000 0.038551
0.518522 -0.532577 0.123763 3.007484 -0.119497 -3.897752 0.000000 0.000000 0.039011
0.518514 -0.532548 0.123604 3.007393 -0.119845 -3.898036 0.000000 0.000000 0.039471
0.518507 -0.532517 0.123445 3.007299 -0.120198 -3.898323 0.000000 0.000000 0.039997
0.518499 -0.532484 0.123286 3.007201 -0.120557 -3.898612 0.000000 0.000000 0.040594
0.518492 -0.532450 0.123127 3.007103 -0.120917 -3.898901 0.000000 0.000000 0.041191
0.518484 -0.532417 0.122968 3.007005 -0.121276 -3.899190 0.000000 0.000000 0.041788
0.518476 -0.532384 0.122809 3.006907 -0.121636 -3.899479 0.000000 0.000000 0.042385
0.518469 -0.532351 0.122650 3.006809 -0.121995 -3.899769 0.000000 0.000000 0.042982
0.518461 -0.532317 0.122491 3.006711 -0.122355 -3.900058 0.000000 0.000000 0.043579
0.518454 -0.532284 0.122332 3.006613 -0.122714 -3.900347 0.000000 0.000000 0.044175
0.518446 -0.532251 0.122173 3.006515 -0.123074 -3.900636 0.000000 0.000000 0.044772
0.518439 -0.532218 0.122014 3.006417 -0.123433 -3.900926 0.000000 0.000000 0.045369
0.518431 -0.532184 0.121855 3.006319 -0.123793 -3.901215 0.000000 0.000000 0.045966
0.518424 -0.532151 0.121696 3.006221 -0.124152 -3.901504 0.000000 0.000000 0.046563
0.518416 -0.532118 0.121537 3.006122 -0.124512 -3.901793 0.000000 0.000000 0.047160
0.518409 -0.532085 0.121378 3.006024 -0.124872 -3.902082 0.000000 0.000000 0.047757
0.518401 -0.532052 0.121219 3.005926 -0.125231 -3.902372 0.000000 0.000000 0.048354
0.518394 -0.532018 0.121060 3.005828 -0.125591 -3.902661 0.000000 0.000000 0.048950
0.518386 -0.531985 0.120901 3.005730 -0.125950 -3.902950 0.000000 0.000000 0.049547
0.518376 -0.531949 0.120744 3.005637 -0.126313 -3.903232 0.000000 0.000000 0.050387
0.518365 -0.531913 0.120586 3.005545 -0.126677 -3.903513 0.000000 0.000000 0.051248
0.518355 -0.531877 0.120429 3.005452 -0.127040 -3.903794 0.000000 0.000000 0.052110
0.518344 -0.531841 0.120272 3.005359 -0.127404 -3.904075 0.000000 0.000000 0.052971
0.518334 -0.531805 0.120114 3.005267 -0.127767 -3.904356 0.000000 0.000000 0.053833
0.518323 -0.531769 0.119957 3.005174 -0.128131 -3.904638 0.000000 0.000000 0.054694
0.518313 -0.531733 0.119800 3.005081 -0.128494 -3.904919 0.000000 0.000000 0.055556
0.518302 -0.531697 0.119642 3.004989 -0.128857 -3.905200 0.000000 0.000000 0.056417
0.518292 -0.531662 0.119485 3.004896 -0.129221 -3.905481 0.000000 0.000000 0.057279
0.518281 -0.531626 0.119327 3.004804 -0.129584 -3.905762 0.000000 0.000000 0.058141
0.518271 -0.531590 0.119170 3.004711 -0.129948 -3.906043 0.000000 0.000000 0.059002
0.518260 -0.531554 0.119013 3.004618 -0.130311 -3.906324 0.000000 0.000000 0.059864
0.518250 -0.531518 0.118855 3.004526 -0.130675 -3.906606 0.000000 0.000000 0.060725
0.518239 -0.531482 0.118698 3.004433 -0.131038 -3.906887 0.000000 0.000000 0.061587
0.518229 -0.531446 0.118541 3.004340 -0.131402 -3.907168 0.000000 0.000000 0.062448
0.518218 -0.531410 0.118383 3.004248 -0.131765 -3.907449 0.000000 0.000000 0.063310
0.518208 -0.531374 0.118226 3.004155 -0.132129 -3.907730 0.000000 0.000000 0.064171
0.518197 -0.531338 0.118068 3.004063 -0.132492 -3.908011 0.000000 0.000000 0.065033
0.518187 -0.531302 0.117911 3.003970 -0.132856 -3.908293 0.000000 0.000000 0.065894
0.518176 -0.531266 0.117754 3.003877 -0.133219 -3.908574 0.000000 0.000000 0.066756
0.518166 -0.531230 0.117596 3.003785 -0.133583 -3.908855 0.000000 0.000000 0.067618
0.518155 -0.531194 0.117439 3.003692 -0.133946 -3.909136 0.000000 0.000000 0.068479
0.518144 -0.531156 0.117281 3.003602 -0.134311 -3.909415 0.000000 0.000000 0.069506
0.518133 -0.531117 0.117124 3.003512 -0.134677 -3.909693 0.000000 0.000000 0.070569
0.518121 -0.531078 0.116966 3.003422 -0.135043 -3.909971 0.000000 0.000000 0.071633
0.518109 -0.531040 0.116809 3.003332 -0.135409 -3.910250 0.000000 0.000000 0.072696
0.518098 -0.531001 0.116651 3.003242 -0.135775 -3.910528 0.000000 0.000000 0.073760
0.518086 -0.530962 0.116493 3.003152 -0.136141 -3.910806 0.000000 0.000000 0.074823
0.518075 -0.530923 0.116336 3.003062 -0.136506 -3.911085 0.000000 0.000000 0.075886
0.518063 -0.530885 0.116178 3.002972 -0.136872 -3.911363 0.000000 0.000000 0.076950
0.518052 -0.530846 0.116021 3.002882 -0.137238 -3.911641 0.000000 0.000000 0.078013
0.518040 -0.530807 0.115863 3.002792 -0.137604 -3.911919 0.000000 0.000000 0.079077
0.518028 -0.530769 0.115705 3.002702 -0.137970 -3.912198 0.000000 0.000000 0.080140
0.518017 -0.530730 0.115548 3.002612 -0.138336 -3.912476 0.000000 0.000000 0.081204
0.518005 -0.530691 0.115390 3.002522 -0.138701 -3.912754 0.000000 0.000000 0.082267
0.517994 -0.530653 0.115233 3.002432 -0.139067 -3.913033 0.000000 0.000000 0.083330
0.517982 -0.530614 0.115075 3.002342 -0.139433 -3.913311 0.000000 0.000000 0.084394
0.517971 -0.530575 0.114917 3.002252 -0.139799 -3.913589 0.000000 0.000000 0.085457
0.517959 -0.530536 0.114760 3.002163 -0.140164 -3.913866 0.000000 0.000000 0.086516
0.517946 -0.530496 0.114604 3.002079 -0.140527 -3.914140 0.000000 0.000000 0.087561
0.517933 -0.530455 0.114447 3.001994 -0.140890 -3.914414 0.000000 0.000000 0.088606
0.517919 -0.530415 0.114291 3.001910 -0.141253 -3.914687 0.000000 0.000000 0.089651
0.517906 -0.530374 0.114135 3.001826 -0.141616 -3.914961 0.000000 0.000000 0.090696
0.517893 -0.530334 0.113979 3.001741 -0.141979 -3.915235 0.000000 0.000000 0.091741
0.517880 -0.530293 0.113822 3.001657 -0.142342 -3.915508 0.000000 0.000000 0.092786
0.517867 -0.530253 0.113666 3.001573 -0.142705 -3.915782 0.000000 0.000000 0.093831
0.517854 -0.530212 0.113510 3.001488 -0.143068 -3.916055 0.000000 0.000000 0.094876
0.517841 -0.530172 0.113353 3.001404 -0.143432 -3.916329 0.000000 0.000000 0.095921
0.517828 -0.530131 0.113197 3.001320 -0.143795 -3.916603 0.000000 0.000000 0.096966
0.517815 -0.530091 0.113041 3.001235 -0.144158 -3.916876 0.000000 0.000000 0.098011
0.517802 -0.530051 0.112884 3.001151 -0.144521 -3.917150 0.000000 0.000000 0.099056
0.517789 -0.530010 0.112728 3.001067 -0.144884 -3.917424 0.000000 0.000000 0.100101
0.517776 -0.529970 0.112572 3.000982 -0.145247 -3.917697 0.000000 0.000000 0.101146
0.517763 -0.529929 0.112415 3.000898 -0.145610 -3.917971 0.000000 0.000000 0.102191
0.517749 -0.529889 0.112259 3.000814 -0.145973 -3.918245 0.000000 0.000000 0.103236
0.517735 -0.529849 0.112103 3.000739 -0.146330 -3.918514 0.000000 0.000000 0.103802
0.517720 -0.529809 0.111948 3.000669 -0.146683 -3.918781 0.000000 0.000000 0.104134
0.517705 -0.529769 0.111793 3.000599 -0.147037 -3.919048 0.000000 0.000000 0.104467
0.517689 -0.529729 0.111638 3.000529 -0.147391 -3.919316 0.000000 0.000000 0.104800
0.517674 -0.529689 0.111482 3.000459 -0.147744 -3.919583 0.000000 0.000000 0.105133
0.517659 -0.529649 0.111327 3.000389 -0.148098 -3.919850 0.000000 0.000000 0.105465
0.517644 -0.529609 0.111172 3.000318 -0.148452 -3.920117 0.000000 0.000000 0.105798
0.517628 -0.529569 0.111017 3.000248 -0.148805 -3.920385 0.000000 0.000000 0.106131
0.517613 -0.529530 0.110861 3.000178 -0.149159 -3.920652 0.000000 0.000000 0.106463
0.517598 -0.529490 0.110706 3.000108 -0.149513 -3.920919 0.000000 0.000000 0.106796
0.517583 -0.529450 0.110551 3.000038 -0.149867 -3.921186 0.000000 0.000000 0.107129
0.517567 -0.529410 0.110395 2.999968 -0.150220 -3.921454 0.000000 0.000000 0.107461
0.517552 -0.529370 0.110240 2.999898 -0.150574 -3.921721 0.000000 0.000000 0.107794
0.517537 -0.529330 0.110085 2.999828 -0.150928 -3.921988 0.000000 0.000000 0.108127
0.517522 -0.529290 0.109930 2.999758 -0.151281 -3.922255 0.000000 0.000000 0.108460
0.517507 -0.529250 0.109774 2.999688 -0.151635 -3.922523 0.000000 0.000000 0.108792
0.517491 -0.529211 0.109619 2.999618 -0.151989 -3.922790 0.000000 0.000000 0.109125
0.517476 -0.529171 0.109464 2.999548 -0.152343 -3.923057 0.000000 0.000000 0.109458
0.517461 -0.529131 0.109309 2.999478 -0.152696 -3.923324 0.000000 0.000000 0.109790
0.517446 -0.529091 0.109153 2.999408 -0.153050 -3.923592 0.000000 0.000000 0.110123
0.517430 -0.529051 0.108998 2.999338 -0.153404 -3.923859 0.000000 0.000000 0.110456
0.517415 -0.529011 0.108843 2.999268 -0.153757 -3.924126 0.000000 0.000000 0.110788
0.517400 -0.528972 0.108688 2.999203 -0.154104 -3.924393 0.000000 0.000000 0.111070
0.517384 -0.528932 0.108533 2.999142 -0.154444 -3.924660 0.000000 0.000000 0.111313
0.517369 -0.528893 0.108378 2.999081 -0.154785 -3.924926 0.000000 0.000000 0.111557
0.517354 -0.528854 0.108223 2.999021 -0.155126 -3.925193 0.000000 0.000000 0.111800
0.517338 -0.528815 0.108068 2.998960 -0.155467 -3.925460 0.000000 0.000000 0.112044
0.517323 -0.528775 0.107913 2.998899 -0.155808 -3.925726 0.000000 0.000000 0.112287
0.517307 -0.528736 0.107759 2.998839 -0.156149 -3.925993 0.000000 0.000000 0.112530
0.517292 -0.528697 0.107604 2.998778 -0.156489 -3.926260 0.000000 0.000000 0.112774
0.517276 -0.528658 0.107449 2.998717 -0.156830 -3.926526 0.000000 0.000000 0.113017
0.517261 -0.528618 0.107294 2.998656 -0.157171 -3.926793 0.000000 0.000000 0.113261
0.517245 -0.528579 0.107139 2.998596 -0.157512 -3.927060 0.000000 0.000000 0.113504
0.517230 -0.528540 0.106984 2.998535 -0.157853 -3.927326 0.000000 0.000000 0.113747
0.517214 -0.528501 0.106829 2.998474 -0.158194 -3.927593 0.000000 0.000000 0.113991
0.517199 -0.528461 0.106675 2.998414 -0.158534 -3.927860 0.000000 0.000000 0.114234
0.517184 -0.528422 0.106520 2.998353 -0.158875 -3.928126 0.000000 0.000000 0.114478
0.517168 -0.528383 0.106365 2.998292 -0.159216 -3.928393 0.000000 0.000000 0.114721
0.517153 -0.528343 0.106210 2.998231 -0.159557 -3.928660 0.000000 0.000000 0.114966
0.517138 -0.528305 0.106057 2.998178 -0.159889 -3.928931 0.000000 0.000000 0.115577
0.517124 -0.528267 0.105905 2.998125 -0.160221 -3.929202 0.000000 0.000000 0.116189
0.517110 -0.528229 0.105752 2.998072 -0.160553 -3.929474 0.000000 0.000000 0.116800
0.517095 -0.528191 0.105599 2.998019 -0.160884 -3.929745 0.000000 0.000000 0.117412
0.517081 -0.528152 0.105447 2.997966 -0.161216 -3.930016 0.000000 0.000000 0.118024
0.517067 -0.528114 0.105294 2.997913 -0.161548 -3.930288 0.000000 0.000000 0.118635
0.517052 -0.528076 0.105141 2.997860 -0.161880 -3.930559 0.000000 0.000000 0.119247
0.517038 -0.528038 0.104988 2.997807 -0.162212 -3.930830 0.000000 0.000000 0.119859
0.517023 -0.527999 0.104836 2.997754 -0.162544 -3.931102 0.000000 0.000000 0.120470
0.517009 -0.527961 0.104683 2.997701 -0.162876 -3.931373 0.000000 0.000000 0.121082
0.516995 -0.527923 0.104530 2.997648 -0.163208 -3.931644 0.000000 0.000000 0.121693
0.516980 -0.527885 0.104378 2.997595 -0.163540 -3.931916 0.000000 0.000000 0.122305
0.516966 -0.527846 0.104225 2.997542 -0.163871 -3.932187 0.000000 0.000000 0.122917
0.516952 -0.527808 0.104072 2.997489 -0.164203 -3.932458 0.000000 0.000000 0.123528
0.516937 -0.527770 0.103920 2.997436 -0.164535 -3.932730 0.000000 0.000000 0.124140
0.516923 -0.527732 0.103767 2.997383 -0.164867 -3.933001 0.000000 0.000000 0.124752
0.516909 -0.527694 0.103615 2.997334 -0.165196 -3.933275 0.000000 0.000000 0.125167
0.516894 -0.527658 0.103465 2.997289 -0.165522 -3.933553 0.000000 0.000000 0.125323
0.516879 -0.527622 0.103315 2.997244 -0.165847 -3.933830 0.000000 0.000000 0.125479
0.516865 -0.527586 0.103165 2.997199 -0.166173 -3.934108 0.000000 0.000000 0.125635
0.516850 -0.527550 0.103015 2.997155 -0.166498 -3.934385 0.000000 0.000000 0.125791
0.516836 -0.527513 0.102865 2.997110 -0.166824 -3.934663 0.000000 0.000000 0.125947
0.516821 -0.527477 0.102715 2.997065 -0.167149 -3.934940 0.000000 0.000000 0.126103
0.516807 -0.527441 0.102564 2.997020 -0.167475 -3.935218 0.000000 0.000000 0.126258
0.516792 -0.527405 0.102414 2.996975 -0.167800 -3.935495 0.000000 0.000000 0.126414
0.516778 -0.527368 0.102264 2.996930 -0.168126 -3.935773 0.000000 0.000000 0.126570
0.516763 -0.527332 0.102114 2.996886 -0.168451 -3.936050 0.000000 0.000000 0.126726
0.516749 -0.527296 0.101964 2.996841 -0.168777 -3.936328 0.000000 0.000000 0.126882
0.516734 -0.527260 0.101814 2.996796 -0.169102 -3.936605 0.000000 0.000000 0.127038
0.516719 -0.527224 0.101664 2.996751 -0.169428 -3.936883 0.000000 0.000000 0.127194
0.516705 -0.527187 0.101514 2.996706 -0.169753 -3.937160 0.000000 0.000000 0.127350
0.516690 -0.527151 0.101363 2.996662 -0.170079 -3.937438 0.000000 0.000000 0.127506
0.516676 -0.527115 0.101213 2.996617 -0.170404 -3.937715 0.000000 0.000000 0.127661
0.516661 -0.527079 0.101063 2.996572 -0.170730 -3.937993 0.000000 0.000000 0.127817
0.516647 -0.527042 0.100913 2.996527 -0.171055 -3.938270 0.000000 0.000000 0.127973
0.516632 -0.527006 0.100763 2.996482 -0.171380 -3.938548 0.000000 0.000000 0.128129
0.516618 -0.526970 0.100613 2.996438 -0.171706 -3.938826 0.000000 0.000000 0.128285
0.516603 -0.526934 0.100463 2.996393 -0.172031 -3.939103 0.000000 0.000000 0.128441
0.516589 -0.526898 0.100313 2.996347 -0.172356 -3.939384 0.000000 0.000000 0.128438
0.516577 -0.526862 0.100165 2.996300 -0.172677 -3.939671 0.000000 0.000000 0.128115
0.516565 -0.526826 0.100017 2.996253 -0.172998 -3.939958 0.000000 0.000000 0.127793
0.516553 -0.526790 0.099869 2.996205 -0.173319 -3.940245 0.000000 0.000000 0.127471
0.516541 -0.526754 0.099721 2.996158 -0.173640 -3.940533 0.000000 0.000000 0.127148
0.516529 -0.526719 0.099573 2.996111 -0.173961 -3.940820 0.000000 0.000000 0.126826
0.516517 -0.526683 0.099425 2.996064 -0.174282 -3.941107 0.000000 0.000000 0.126504
0.516505 -0.526647 0.099277 2.996017 -0.174603 -3.941394 0.000000 0.000000 0.126181
0.516493 -0.526611 0.099129 2.995969 -0.174925 -3.941682 0.000000 0.000000 0.125859
0.516481 -0.526575 0.098981 2.995922 -0.175246 -3.941969 0.000000 0.000000 0.125537
0.516469 -0.526540 0.098833 2.995875 -0.175567 -3.942256 0.000000 0.000000 0.125214
0.516457 -0.526504 0.098685 2.995828 -0.175888 -3.942543 0.000000 0.000000 0.124892
0.516445 -0.526468 0.098537 2.995781 -0.176209 -3.942831 0.000000 0.000000 0.124570
0.516433 -0.526432 0.098389 2.995733 -0.176530 -3.943118 0.000000 0.000000 0.124247
0.516421 -0.526396 0.098241 2.995686 -0.176851 -3.943405 0.000000 0.000000 0.123925
0.516409 -0.526360 0.098093 2.995639 -0.177172 -3.943692 0.000000 0.000000 0.123603
0.516397 -0.526325 0.097945 2.995592 -0.177494 -3.943979 0.000000 0.000000 0.123281
0.516385 -0.526290 0.097799 2.995554 -0.177814 -3.944273 0.000000 0.000000 0.123070
0.516373 -0.526257 0.097653 2.995518 -0.178134 -3.944568 0.000000 0.000000 0.122895
0.516360 -0.526223 0.097507 2.995483 -0.178455 -3.944863 0.000000 0.000000 0.122719
0.516348 -0.526190 0.097362 2.995447 -0.178775 -3.945158 0.000000 0.000000 0.122544
0.516335 -0.526156 0.097216 2.995412 -0.179096 -3.945454 0.000000 0.000000 0.122369
0.516323 -0.526122 0.097070 2.995376 -0.179416 -3.945749 0.000000 0.000000 0.122194
0.516310 -0.526089 0.096925 2.995341 -0.179736 -3.946044 0.000000 0.000000 0.122018
0.516298 -0.526055 0.096779 2.995305 -0.180057 -3.946339 0.000000 0.000000 0.121843
0.516285 -0.526022 0.096633 2.995270 -0.180377 -3.946635 0.000000 0.000000 0.121668
0.516273 -0.525988 0.096488 2.995235 -0.180697 -3.946930 0.000000 0.000000 0.121493
0.516260 -0.525954 0.096342 2.995199 -0.181018 -3.947225 0.000000 0.000000 0.121317
0.516248 -0.525921 0.096196 2.995164 -0.181338 -3.947520 0.000000 0.000000 0.121142
0.516235 -0.525887 0.096050 2.995128 -0.181659 -3.947815 0.000000 0.000000 0.120967
0.516223 -0.525854 0.095905 2.995093 -0.181979 -3.948111 0.000000 0.000000 0.120792
0.516210 -0.525820 0.095759 2.995057 -0.182299 -3.948406 0.000000 0.000000 0.120616
0.516198 -0.525786 0.095613 2.995022 -0.182620 -3.948701 0.000000 0.000000 0.120441
0.516185 -0.525753 0.095468 2.994986 -0.182941 -3.948996 0.000000 0.000000 0.120310
0.516173 -0.525719 0.095326 2.994949 -0.183265 -3.949289 0.000000 0.000000 0.120373
0.516161 -0.525685 0.095185 2.994912 -0.183589 -3.949582 0.000000 0.000000 0.120436
0.516149 -0.525651 0.095043 2.994874 -0.183914 -3.949875 0.000000 0.000000 0.120498
0.516137 -0.525617 0.094901 2.994837 -0.184238 -3.950168 0.000000 0.000000 0.120561
0.516125 -0.525583 0.094759 2.994800 -0.184562 -3.950461 0.000000 0.000000 0.120623
0.516113 -0.525549 0.094617 2.994763 -0.184887 -3.950754 0.000000 0.000000 0.120686
0.516101 -0.525515 0.094475 2.994725 -0.185211 -3.951046 0.000000 0.000000 0.120749
0.516089 -0.525482 0.094333 2.994688 -0.185535 -3.951339 0.000000 0.000000 0.120811
0.516076 -0.525448 0.094191 2.994651 -0.185859 -3.951632 0.000000 0.000000 0.120874
0.516064 -0.525414 0.094049 2.994613 -0.186184 -3.951925 0.000000 0.000000 0.120936
0.516052 -0.525380 0.093907 2.994576 -0.186508 -3.952218 0.000000 0.000000 0.120999
0.516040 -0.525346 0.093765 2.994539 -0.186832 -3.952511 0.000000 0.000000 0.121061
0.516028 -0.525312 0.093623 2.994502 -0.187157 -3.952804 0.000000 0.000000 0.121124
0.516016 -0.525278 0.093481 2.994464 -0.187481 -3.953097 0.000000 0.000000 0.121187
0.516004 -0.525244 0.093339 2.994427 -0.187805 -3.953390 0.000000 0.000000 0.121249
0.515992 -0.525210 0.093197 2.994390 -0.188129 -3.953683 0.000000 0.000000 0.121312
0.515980 -0.525176 0.093056 2.994353 -0.188454 -3.953976 0.000000 0.000000 0.121374
0.515968 -0.525142 0.092914 2.994315 -0.188778 -3.954269 0.000000 0.000000 0.121437
0.515955 -0.525109 0.092772 2.994278 -0.189102 -3.954562 0.000000 0.000000 0.121500
0.515943 -0.525075 0.092630 2.994241 -0.189426 -3.954855 0.000000 0.000000 0.121562
0.515931 -0.525041 0.092488 2.994203 -0.189751 -3.955148 0.000000 0.000000 0.121625
0.515919 -0.525007 0.092346 2.994166 -0.190075 -3.955441 0.000000 0.000000 0.121648
0.515908 -0.524973 0.092209 2.994125 -0.190398 -3.955736 0.000000 0.000000 0.121265
0.515897 -0.524939 0.092071 2.994084 -0.190721 -3.956031 0.000000 0.000000 0.120882
0.515886 -0.524905 0.091933 2.994043 -0.191044 -3.956326 0.000000 0.000000 0.120500
0.515875 -0.524871 0.091796 2.994002 -0.191367 -3.956621 0.000000 0.000000 0.120117
0.515864 -0.524837 0.091658 2.993961 -0.191690 -3.956916 0.000000 0.000000 0.119735
0.515853 -0.524803 0.091521 2.993920 -0.192013 -3.957211 0.000000 0.000000 0.119352
0.515842 -0.524769 0.091383 2.993879 -0.192336 -3.957506 0.000000 0.000000 0.118969
0.515831 -0.524735 0.091245 2.993838 -0.192659 -3.957802 0.000000 0.000000 0.118587
0.515820 -0.524701 0.091108 2.993797 -0.192982 -3.958097 0.000000 0.000000 0.118204
0.515809 -0.524667 0.090970 2.993756 -0.193305 -3.958392 0.000000 0.000000 0.117822
0.515798 -0.524633 0.090832 2.993715 -0.193628 -3.958687 0.000000 0.000000 0.117439
0.515787 -0.524599 0.090695 2.993673 -0.193951 -3.958982 0.000000 0.000000 0.117057
0.515776 -0.524565 0.090557 2.993632 -0.194274 -3.959277 0.000000 0.000000 0.116674
0.515765 -0.524531 0.090420 2.993591 -0.194597 -3.959572 0.000000 0.000000 0.116291
0.515754 -0.524497 0.090282 2.993550 -0.194920 -3.959867 0.000000 0.000000 0.115909
0.515743 -0.524463 0.090144 2.993509 -0.195243 -3.960162 0.000000 0.000000 0.115526
0.515732 -0.524431 0.090008 2.993474 -0.195559 -3.960450 0.000000 0.000000 0.115042
0.515721 -0.524400 0.089874 2.993445 -0.195867 -3.960732 0.000000 0.000000 0.114462
0.515710 -0.524368 0.089740 2.993416 -0.196176 -3.961013 0.000000 0.000000 0.113882
0.515698 -0.524337 0.089605 2.993386 -0.196484 -3.961295 0.000000 0.000000 0.113302
0.515687 -0.524306 0.089471 2.993357 -0.196792 -3.961576 0.000000 0.000000 0.112722
0.515676 -0.524275 0.089336 2.993328 -0.197101 -3.961858 0.000000 0.000000 0.112142
0.515665 -0.524244 0.089202 2.993299 -0.197409 -3.962139 0.000000 0.000000 0.111562
0.515654 -0.524212 0.089067 2.993269 -0.197717 -3.962421 0.000000 0.000000 0.110982
0.515642 -0.524181 0.088933 2.993240 -0.198026 -3.962702 0.000000 0.000000 0.110402
0.515631 -0.524150 0.088799 2.993211 -0.198334 -3.962984 0.000000 0.000000 0.109822
0.515620 -0.524119 0.088664 2.993181 -0.198642 -3.963265 0.000000 0.000000 0.109242
0.515609 -0.524088 0.088530 2.993152 -0.198951 -3.963547 0.000000 0.000000 0.108662
0.515598 -0.524056 0.088395 2.993123 -0.199259 -3.963828 0.000000 0.000000 0.108082
0.515587 -0.524025 0.088261 2.993093 -0.199567 -3.964109 0.000000 0.000000 0.107502
0.515575 -0.523994 0.088126 2.993064 -0.199876 -3.964391 0.000000 0.000000 0.106922
0.515564 -0.523963 0.087992 2.993035 -0.200184 -3.964672 0.000000 0.000000 0.106342
0.515553 -0.523932 0.087858 2.993005 -0.200492 -3.964954 0.000000 0.000000 0.105762
0.515542 -0.523902 0.087726 2.992984 -0.200791 -3.965224 0.000000 0.000000 0.105588
0.515530 -0.523873 0.087594 2.992963 -0.201089 -3.965494 0.000000 0.000000 0.105438
0.515519 -0.523844 0.087462 2.992942 -0.201387 -3.965764 0.000000 0.000000 0.105288
0.515508 -0.523815 0.087331 2.992921 -0.201685 -3.966034 0.000000 0.000000 0.105137
0.515496 -0.523785 0.087199 2.992900 -0.201984 -3.966304 0.000000 0.000000 0.104987
0.515485 -0.523756 0.087067 2.992878 -0.202282 -3.966574 0.000000 0.000000 0.104837
0.515474 -0.523727 0.086935 2.992857 -0.202580 -3.966844 0.000000 0.000000 0.104687
0.515462 -0.523698 0.086804 2.992836 -0.202878 -3.967114 0.000000 0.000000 0.104537
0.515451 -0.523669 0.086672 2.992815 -0.203176 -3.967384 0.000000 0.000000 0.104387
0.515440 -0.523639 0.086540 2.992794 -0.203474 -3.967654 0.000000 0.000000 0.104237
0.515428 -0.523610 0.086409 2.992773 -0.203772 -3.967924 0.000000 0.000000 0.104086
0.515417 -0.523581 0.086277 2.992752 -0.204070 -3.968194 0.000000 0.000000 0.103936
0.515406 -0.523552 0.086145 2.992731 -0.204368 -3.968463 0.000000 0.000000 0.103786
0.515394 -0.523523 0.086013 2.992710 -0.204666 -3.968733 0.000000 0.000000 0.103636
0.515383 -0.523493 0.085882 2.992689 -0.204965 -3.969003 0.000000 0.000000 0.103486
0.515372 -0.523464 0.085750 2.992668 -0.205263 -3.969273 0.000000 0.000000 0.103336
0.515361 -0.523435 0.085618 2.992647 -0.205561 -3.969543 0.000000 0.000000 0.103186
0.515349 -0.523406 0.085487 2.992625 -0.205859 -3.969813 0.000000 0.000000 0.103036
0.515338 -0.523377 0.085355 2.992604 -0.206157 -3.970083 0.000000 0.000000 0.102885
0.515327 -0.523347 0.085223 2.992583 -0.206455 -3.970353 0.000000 0.000000 0.102735
0.515315 -0.523318 0.085091 2.992562 -0.206753 -3.970623 0.000000 0.000000 0.102585
0.515304 -0.523289 0.084960 2.992541 -0.207051 -3.970893 0.000000 0.000000 0.102435
0.515292 -0.523262 0.084830 2.992532 -0.207339 -3.971156 0.000000 0.000000 0.102578
0.515280 -0.523235 0.084701 2.992524 -0.207625 -3.971419 0.000000 0.000000 0.102774
0.515268 -0.523209 0.084573 2.992517 -0.207910 -3.971681 0.000000 0.000000 0.102971
0.515256 -0.523182 0.084444 2.992510 -0.208196 -3.971943 0.000000 0.000000 0.103167
0.515244 -0.523155 0.084315 2.992502 -0.208482 -3.972206 0.000000 0.000000 0.103363
0.515232 -0.523129 0.084186 2.992495 -0.208768 -3.972468 0.000000 0.000000 0.103560
0.515220 -0.523102 0.084057 2.992487 -0.209053 -3.972731 0.000000 0.000000 0.103756
0.515209 -0.523075 0.083928 2.992480 -0.209339 -3.972993 0.000000 0.000000 0.103952
0.515197 -0.523049 0.083799 2.992473 -0.209625 -3.973255 0.000000 0.000000 0.104148
0.515185 -0.523022 0.083670 2.992465 -0.209910 -3.973518 0.000000 0.000000 0.104345
0.515173 -0.522995 0.083541 2.992458 -0.210196 -3.973780 0.000000 0.000000 0.104541
0.515161 -0.522969 0.083412 2.992451 -0.210482 -3.974043 0.000000 0.000000 0.104737
0.515149 -0.522942 0.083283 2.992443 -0.210768 -3.974305 0.000000 0.000000 0.104934
0.515137 -0.522915 0.083154 2.992436 -0.211053 -3.974567 0.000000 0.000000 0.105130
0.515125 -0.522889 0.083025 2.992429 -0.211339 -3.974830 0.000000 0.000000 0.105326
0.515113 -0.522862 0.082896 2.992421 -0.211625 -3.975092 0.000000 0.000000 0.105523
0.515101 -0.522837 0.082768 2.992420 -0.211904 -3.975349 0.000000 0.000000 0.105837
0.515089 -0.522815 0.082641 2.992435 -0.212164 -3.975593 0.000000 0.000000 0.106466
0.515076 -0.522794 0.082514 2.992450 -0.212425 -3.975837 0.000000 0.000000 0.107096
0.515064 -0.522773 0.082388 2.992465 -0.212686 -3.976080 0.000000 0.000000 0.107725
0.515051 -0.522752 0.082261 2.992480 -0.212946 -3.976324 0.000000 0.000000 0.108354
0.515039 -0.522731 0.082134 2.992495 -0.213207 -3.976568 0.000000 0.000000 0.108983
0.515027 -0.522710 0.082007 2.992510 -0.213468 -3.976811 0.000000 0.000000 0.109612
0.515014 -0.522688 0.081880 2.992525 -0.213728 -3.977055 0.000000 0.000000 0.110241
0.515002 -0.522667 0.081754 2.992540 -0.213989 -3.977298 0.000000 0.000000 0.110870
0.514989 -0.522646 0.081627 2.992555 -0.214250 -3.977542 0.000000 0.000000 0.111499
0.514977 -0.522625 0.081500 2.992570 -0.214510 -3.977786 0.000000 0.000000 0.112128
0.514964 -0.522604 0.081373 2.992585 -0.214771 -3.978029 0.000000 0.000000 0.112758
0.514952 -0.522582 0.081246 2.992601 -0.215032 -3.978273 0.000000 0.000000 0.113387
0.514940 -0.522561 0.081120 2.992616 -0.215293 -3.978516 0.000000 0.000000 0.114016
0.514927 -0.522540 0.080993 2.992631 -0.215553 -3.978760 0.000000 0.000000 0.114645
0.514915 -0.522519 0.080866 2.992646 -0.215814 -3.979004 0.000000 0.000000 0.115274
0.514902 -0.522498 0.080739 2.992661 -0.216075 -3.979247 0.000000 0.000000 0.115903
0.514892 -0.522479 0.080614 2.992681 -0.216324 -3.979486 0.000000 0.000000 0.116826
0.514883 -0.522461 0.080488 2.992703 -0.216567 -3.979723 0.000000 0.000000 0.117874
0.514874 -0.522443 0.080363 2.992725 -0.216811 -3.979959 0.000000 0.000000 0.118922
0.514865 -0.522425 0.080238 2.992747 -0.217055 -3.980196 0.000000 0.000000 0.119970
0.514855 -0.522407 0.080113 2.992769 -0.217299 -3.980433 0.000000 0.000000 0.121018
0.514846 -0.522389 0.079988 2.992791 -0.217543 -3.980670 0.000000 0.000000 0.122066
0.514837 -0.522371 0.079863 2.992813 -0.217787 -3.980906 0.000000 0.000000 0.123114
0.514828 -0.522353 0.079738 2.992835 -0.218031 -3.981143 0.000000 0.000000 0.124162
0.514819 -0.522335 0.079613 2.992857 -0.218275 -3.981380 0.000000 0.000000 0.125210
0.514809 -0.522317 0.079488 2.992879 -0.218519 -3.981617 0.000000 0.000000 0.126258
0.514800 -0.522299 0.079363 2.992901 -0.218763 -3.981853 0.000000 0.000000 0.127307
0.514791 -0.522281 0.079238 2.992923 -0.219007 -3.982090 0.000000 0.000000 0.128355
0.514782 -0.522263 0.079113 2.992945 -0.219251 -3.982327 0.000000 0.000000 0.129403
0.514773 -0.522245 0.078988 2.992967 -0.219495 -3.982563 0.000000 0.000000 0.130451
0.514763 -0.522227 0.078862 2.992989 -0.219739 -3.982800 0.000000 0.000000 0.131499
0.514754 -0.522209 0.078737 2.993011 -0.219982 -3.983037 0.000000 0.000000 0.132547
0.514745 -0.522191 0.078612 2.993033 -0.220226 -3.983274 0.000000 0.000000 0.133595
0.514736 -0.522173 0.078487 2.993055 -0.220470 -3.983510 0.000000 0.000000 0.134643
0.514727 -0.522155 0.078362 2.993078 -0.220714 -3.983747 0.000000 0.000000 0.135691
0.514717 -0.522137 0.078237 2.993100 -0.220958 -3.983984 0.000000 0.000000 0.136739
0.514708 -0.522119 0.078112 2.993122 -0.221202 -3.984220 0.000000 0.000000 0.137787
0.514699 -0.522101 0.077987 2.993144 -0.221446 -3.984457 0.000000 0.000000 0.138835
0.514690 -0.522085 0.077863 2.993175 -0.221682 -3.984687 0.000000 0.000000 0.139920
0.514680 -0.522071 0.077741 2.993213 -0.221913 -3.984912 0.000000 0.000000 0.141029
0.514671 -0.522056 0.077618 2.993252 -0.222144 -3.985137 0.000000 0.000000 0.142138
0.514662 -0.522042 0.077495 2.993290 -0.222375 -3.985362 0.000000 0.000000 0.143247
0.514653 -0.522028 0.077373 2.993328 -0.222606 -3.985587 0.000000 0.000000 0.144356
0.514643 -0.522013 0.077250 2.993366 -0.222837 -3.985812 0.000000 0.000000 0.145465
0.514634 -0.521999 0.077127 2.993404 -0.223068 -3.986037 0.000000 0.000000 0.146574
0.514625 -0.521985 0.077004 2.993442 -0.223299 -3.986262 0.000000 0.000000 0.147683
0.514615 -0.521970 0.076882 2.993480 -0.223530 -3.986487 0.000000 0.000000 0.148792
0.514606 -0.521956 0.076759 2.993518 -0.223761 -3.986712 0.000000 0.000000 0.149901
0.514597 -0.521942 0.076636 2.993556 -0.223992 -3.986937 0.000000 0.000000 0.151010
0.514587 -0.521927 0.076514 2.993595 -0.224223 -3.987162 0.000000 0.000000 0.152119
0.514578 -0.521913 0.076391 2.993633 -0.224454 -3.987387 0.000000 0.000000 0.153228
0.514569 -0.521899 0.076268 2.993671 -0.224685 -3.987612 0.000000 0.000000 0.154337
0.514559 -0.521884 0.076146 2.993709 -0.224916 -3.987837 0.000000 0.000000 0.155446
0.514550 -0.521870 0.076023 2.993747 -0.225147 -3.988062 0.000000 0.000000 0.156555
0.514541 -0.521856 0.075900 2.993785 -0.225377 -3.988287 0.000000 0.000000 0.157657
0.514533 -0.521843 0.075778 2.993831 -0.225604 -3.988508 0.000000 0.000000 0.158551
0.514526 -0.521831 0.075656 2.993877 -0.225830 -3.988728 0.000000 0.000000 0.159446
0.514518 -0.521818 0.075534 2.993923 -0.226056 -3.988948 0.000000 0.000000 0.160340
0.514510 -0.521805 0.075412 2.993968 -0.226283 -3.989169 0.000000 0.000000 0.161234
0.514503 -0.521793 0.075290 2.994014 -0.226509 -3.989389 0.000000 0.000000 0.162128
0.514495 -0.521780 0.075169 2.994060 -0.226735 -3.989609 0.000000 0.000000 0.163022
0.514488 -0.521767 0.075047 2.994106 -0.226962 -3.989830 0.000000 0.000000 0.163917
0.514480 -0.521755 0.074925 2.994151 -0.227188 -3.990050 0.000000 0.000000 0.164811
0.514473 -0.521742 0.074803 2.994197 -0.227415 -3.990270 0.000000 0.000000 0.165705
0.514465 -0.521729 0.074681 2.994243 -0.227641 -3.990491 0.000000 0.000000 0.166599
0.514457 -0.521717 0.074559 2.994289 -0.227867 -3.990711 0.000000 0.000000 0.167493
0.514450 -0.521704 0.074437 2.994334 -0.228094 -3.990931 0.000000 0.000000 0.168388
0.514442 -0.521691 0.074315 2.994380 -0.228320 -3.991152 0.000000 0.000000 0.169282
0.514435 -0.521679 0.074193 2.994426 -0.228546 -3.991372 0.000000 0.000000 0.170176
0.514427 -0.521666 0.074071 2.994472 -0.228773 -3.991592 0.000000 0.000000 0.171070
0.514420 -0.521653 0.073949 2.994517 -0.228999 -3.991813 0.000000 0.000000 0.171965
0.514414 -0.521642 0.073828 2.994564 -0.229219 -3.992030 0.000000 0.000000 0.172695
0.514409 -0.521632 0.073707 2.994612 -0.229431 -3.992244 0.000000 0.000000 0.173231
0.514405 -0.521622 0.073587 2.994660 -0.229642 -3.992459 0.000000 0.000000 0.173768
0.514400 -0.521611 0.073466 2.994708 -0.229854 -3.992673 0.000000 0.000000 0.174304
0.514396 -0.521601 0.073346 2.994755 -0.230066 -3.992887 0.000000 0.000000 0.174840
0.514391 -0.521591 0.073225 2.994803 -0.230278 -3.993101 0.000000 0.000000 0.175376
0.514387 -0.521581 0.073105 2.994851 -0.230490 -3.993316 0.000000 0.000000 0.175913
0.514382 -0.521571 0.072984 2.994899 -0.230702 -3.993530 0.000000 0.000000 0.176449
0.514378 -0.521561 0.072864 2.994947 -0.230913 -3.993744 0.000000 0.000000 0.176985
0.514373 -0.521550 0.072743 2.994994 -0.231125 -3.993958 0.000000 0.000000 0.177521
0.514369 -0.521540 0.072623 2.995042 -0.231337 -3.994173 0.000000 0.000000 0.178058
0.514364 -0.521530 0.072502 2.995090 -0.231549 -3.994387 0.000000 0.000000 0.178594
0.514360 -0.521520 0.072382 2.995138 -0.231761 -3.994601 0.000000 0.000000 0.179130
0.514356 -0.521510 0.072261 2.995186 -0.231972 -3.994815 0.000000 0.000000 0.179666
0.514351 -0.521500 0.072140 2.995234 -0.232184 -3.995030 0.000000 0.000000 0.180203
0.514347 -0.521489 0.072020 2.995281 -0.232396 -3.995244 0.000000 0.000000 0.180739
0.514342 -0.521479 0.071899 2.995329 -0.232608 -3.995458 0.000000 0.000000 0.181275
0.514338 -0.521469 0.071779 2.995377 -0.232820 -3.995673 0.000000 0.000000 0.181811
0.514333 -0.521459 0.071658 2.995425 -0.233032 -3.995887 0.000000 0.000000 0.182348
0.514329 -0.521449 0.071538 2.995473 -0.233243 -3.996101 0.000000 0.000000 0.182884
0.514324 -0.521439 0.071417 2.995520 -0.233455 -3.996315 0.000000 0.000000 0.183420
0.514320 -0.521428 0.071297 2.995568 -0.233667 -3.996530 0.000000 0.000000 0.183956
0.514317 -0.521419 0.071176 2.995617 -0.233877 -3.996745 0.000000 0.000000 0.184468
0.514315 -0.521409 0.071056 2.995667 -0.234085 -3.996961 0.000000 0.000000 0.184935
0.514314 -0.521400 0.070935 2.995717 -0.234293 -3.997178 0.000000 0.000000 0.185403
0.514313 -0.521391 0.070815 2.995766 -0.234500 -3.997395 0.000000 0.000000 0.185870
0.514311 -0.521382 0.070694 2.995816 -0.234708 -3.997611 0.000000 0.000000 0.186338
0.514310 -0.521372 0.070574 2.995866 -0.234915 -3.997828 0.000000 0.000000 0.186805
0.514309 -0.521363 0.070454 2.995916 -0.235123 -3.998044 0.000000 0.000000 0.187272
0.514307 -0.521354 0.070333 2.995966 -0.235330 -3.998261 0.000000 0.000000 0.187740
0.514306 -0.521345 0.070213 2.996016 -0.235538 -3.998478 0.000000 0.000000 0.188207
0.514305 -0.521335 0.070092 2.996066 -0.235746 -3.998694 0.000000 0.000000 0.188675
0.514304 -0.521326 0.069972 2.996115 -0.235953 -3.998911 0.000000 0.000000 0.189142
0.514302 -0.521317 0.069851 2.996165 -0.236161 -3.999128 0.000000 0.000000 0.189610
0.514301 -0.521308 0.069731 2.996215 -0.236368 -3.999344 0.000000 0.000000 0.190077
0.514300 -0.521298 0.069610 2.996265 -0.236576 -3.999561 0.000000 0.000000 0.190544
0.514298 -0.521289 0.069490 2.996315 -0.236784 -3.999778 0.000000 0.000000 0.191012
0.514297 -0.521280 0.069369 2.996365 -0.236991 -3.999994 0.000000 0.000000 0.191479
0.514296 -0.521271 0.069249 2.996415 -0.237199 -4.000211 0.000000 0.000000 0.191947
0.514295 -0.521261 0.069128 2.996464 -0.237405 -4.000421 0.000000 0.000000 0.192174
0.514294 -0.521252 0.069008 2.996513 -0.237611 -4.000630 0.000000 0.000000 0.192337
0.514294 -0.521242 0.068887 2.996562 -0.237817 -4.000838 0.000000 0.000000 0.192499
0.514293 -0.521233 0.068767 2.996611 -0.238023 -4.001047 0.000000 0.000000 0.192662
0.514292 -0.521224 0.068646 2.996660 -0.238230 -4.001255 0.000000 0.000000 0.192824
0.514292 -0.521214 0.068526 2.996709 -0.238436 -4.001464 0.000000 0.000000 0.192987
0.514291 -0.521205 0.068405 2.996758 -0.238642 -4.001672 0.000000 0.000000 0.193149
0.514290 -0.521195 0.068284 2.996807 -0.238848 -4.001881 0.000000 0.000000 0.193312
0.514290 -0.521186 0.068164 2.996856 -0.239054 -4.002090 0.000000 0.000000 0.193474
0.514289 -0.521177 0.068043 2.996906 -0.239260 -4.002298 0.000000 0.000000 0.193637
0.514288 -0.521167 0.067923 2.996955 -0.239466 -4.002507 0.000000 0.000000 0.193800
0.514288 -0.521158 0.067802 2.997004 -0.239672 -4.002715 0.000000 0.000000 0.193962
0.514287 -0.521148 0.067682 2.997053 -0.239878 -4.002924 0.000000 0.000000 0.194125
0.514287 -0.521139 0.067561 2.997102 -0.240085 -4.003132 0.000000 0.000000 0.194287
0.514286 -0.521130 0.067441 2.997151 -0.240291 -4.003341 0.000000 0.000000 0.194450
0.514285 -0.521120 0.067320 2.997200 -0.240497 -4.003550 0.000000 0.000000 0.194612
0.514285 -0.521111 0.067200 2.997250 -0.240704 -4.003755 0.000000 0.000000 0.194819
0.514284 -0.521100 0.067080 2.997301 -0.240914 -4.003951 0.000000 0.000000 0.195187
0.514283 -0.521090 0.066961 2.997353 -0.241125 -4.004146 0.000000 0.000000 0.195555
0.514282 -0.521079 0.066841 2.997404 -0.241335 -4.004342 0.000000 0.000000 0.195923
0.514281 -0.521069 0.066722 2.997456 -0.241545 -4.004537 0.000000 0.000000 0.196292
0.514280 -0.521058 0.066602 2.997507 -0.241756 -4.004733 0.000000 0.000000 0.196660
0.514279 -0.521047 0.066483 2.997559 -0.241966 -4.004928 0.000000 0.000000 0.197028
0.514278 -0.521037 0.066364 2.997611 -0.242176 -4.005124 0.000000 0.000000 0.197396
0.514277 -0.521026 0.066244 2.997662 -0.242387 -4.005319 0.000000 0.000000 0.197764
0.514277 -0.521016 0.066125 2.997714 -0.242597 -4.005515 0.000000 0.000000 0.198132
0.514276 -0.521005 0.066005 2.997765 -0.242807 -4.005710 0.000000 0.000000 0.198500
0.514275 -0.520995 0.065886 2.997817 -0.243018 -4.005905 0.000000 0.000000 0.198869
0.514274 -0.520984 0.065766 2.997868 -0.243228 -4.006101 0.000000 0.000000 0.199237
0.514273 -0.520974 0.065647 2.997920 -0.243439 -4.006296 0.000000 0.000000 0.199605
0.514272 -0.520963 0.065527 2.997971 -0.243649 -4.006492 0.000000 0.000000 0.199973
0.514271 -0.520953 0.065408 2.998023 -0.243859 -4.006687 0.000000 0.000000 0.200341
0.514270 -0.520942 0.065289 2.998075 -0.244070 -4.006883 0.000000 0.000000 0.200709
0.514269 -0.520932 0.065169 2.998126 -0.244280 -4.007078 0.000000 0.000000 0.201078
0.514268 -0.520921 0.065050 2.998178 -0.244490 -4.007274 0.000000 0.000000 0.201446
0.514268 -0.520911 0.064930 2.998229 -0.244701 -4.007469 0.000000 0.000000 0.201814
0.514267 -0.520900 0.064811 2.998281 -0.244911 -4.007665 0.000000 0.000000 0.202182
0.514266 -0.520890 0.064691 2.998332 -0.245121 -4.007860 0.000000 0.000000 0.202550
0.514264 -0.520879 0.064572 2.998386 -0.245333 -4.008053 0.000000 0.000000 0.202971
0.514260 -0.520866 0.064451 2.998454 -0.245553 -4.008232 0.000000 0.000000 0.203791
0.514256 -0.520854 0.064331 2.998522 -0.245774 -4.008411 0.000000 0.000000 0.204610
0.514252 -0.520841 0.064211 2.998590 -0.245994 -4.008590 0.000000 0.000000 0.205430
0.514248 -0.520828 0.064090 2.998658 -0.246215 -4.008769 0.000000 0.000000 0.206249
0.514244 -0.520816 0.063970 2.998726 -0.246435 -4.008948 0.000000 0.000000 0.207068
0.514240 -0.520803 0.063849 2.998794 -0.246656 -4.009127 0.000000 0.000000 0.207888
0.514236 -0.520790 0.063729 2.998862 -0.246876 -4.009306 0.000000 0.000000 0.208707
0.514232 -0.520777 0.063609 2.998930 -0.247097 -4.009484 0.000000 0.000000 0.209527
0.514228 -0.520765 0.063488 2.998998 -0.247317 -4.009663 0.000000 0.000000 0.210346
0.514224 -0.520752 0.063368 2.999066 -0.247538 -4.009842 0.000000 0.000000 0.211166
0.514220 -0.520739 0.063247 2.999134 -0.247758 -4.010021 0.000000 0.000000 0.211985
0.514216 -0.520727 0.063127 2.999202 -0.247979 -4.010200 0.000000 0.000000 0.212805
0.514212 -0.520714 0.063006 2.999270 -0.248199 -4.010379 0.000000 0.000000 0.213624
0.514208 -0.520701 0.062886 2.999338 -0.248420 -4.010558 0.000000 0.000000 0.214444
0.514203 -0.520689 0.062766 2.999406 -0.248640 -4.010736 0.000000 0.000000 0.215263
0.514199 -0.520676 0.062645 2.999474 -0.248861 -4.010915 0.000000 0.000000 0.216083
0.514194 -0.520662 0.062524 2.999544 -0.249085 -4.011082 0.000000 0.000000 0.217050
0.514188 -0.520646 0.062402 2.999616 -0.249313 -4.011239 0.000000 0.000000 0.218142
0.514181 -0.520630 0.062281 2.999688 -0.249541 -4.011396 0.000000 0.000000 0.219233
0.514175 -0.520614 0.062159 2.999760 -0.249768 -4.011552 0.000000 0.000000 0.220325
0.514169 -0.520598 0.062037 2.999832 -0.249996 -4.011709 0.000000 0.000000 0.221416
0.514162 -0.520582 0.061916 2.999904 -0.250223 -4.011866 0.000000 0.000000 0.222508
0.514156 -0.520566 0.061794 2.999975 -0.250451 -4.012022 0.000000 0.000000 0.223599
0.514150 -0.520550 0.061672 3.000047 -0.250679 -4.012179 0.000000 0.000000 0.224691
0.514143 -0.520534 0.061551 3.000119 -0.250906 -4.012336 0.000000 0.000000 0.225782
0.514137 -0.520518 0.061429 3.000191 -0.251134 -4.012493 0.000000 0.000000 0.226874
0.514131 -0.520502 0.061307 3.000263 -0.251362 -4.012649 0.000000 0.000000 0.227966
0.514124 -0.520486 0.061185 3.000335 -0.251589 -4.012806 0.000000 0.000000 0.229057
0.514118 -0.520470 0.061064 3.000407 -0.251817 -4.012963 0.000000 0.000000 0.230149
0.514111 -0.520454 0.060942 3.000479 -0.252044 -4.013119 0.000000 0.000000 0.231240
0.514105 -0.520438 0.060820 3.000551 -0.252272 -4.013276 0.000000 0.000000 0.232332
0.514099 -0.520422 0.060699 3.000623 -0.252500 -4.013433 0.000000 0.000000 0.233423
0.514092 -0.520406 0.060577 3.000695 -0.252727 -4.013590 0.000000 0.000000 0.234515
0.514084 -0.520386 0.060455 3.000771 -0.252969 -4.013735 0.000000 0.000000 0.235281
0.514075 -0.520365 0.060332 3.000847 -0.253212 -4.013880 0.000000 0.000000 0.236038
0.514066 -0.520345 0.060209 3.000923 -0.253454 -4.014024 0.000000 0.000000 0.236794
0.514057 -0.520325 0.060087 3.000999 -0.253696 -4.014169 0.000000 0.000000 0.237551
0.514048 -0.520304 0.059964 3.001075 -0.253939 -4.014314 0.000000 0.000000 0.238307
0.514040 -0.520284 0.059842 3.001151 -0.254181 -4.014459 0.000000 0.000000 0.239064
0.514031 -0.520264 0.059719 3.001227 -0.254423 -4.014603 0.000000 0.000000 0.239821
0.514022 -0.520243 0.059597 3.001303 -0.254665 -4.014748 0.000000 0.000000 0.240577
0.514013 -0.520223 0.059474 3.001380 -0.254908 -4.014893 0.000000 0.000000 0.241334
0.514004 -0.520202 0.059352 3.001456 -0.255150 -4.015038 0.000000 0.000000 0.242090
0.513996 -0.520182 0.059229 3.001532 -0.255392 -4.015183 0.000000 0.000000 0.242847
0.513987 -0.520162 0.059107 3.001608 -0.255635 -4.015327 0.000000 0.000000 0.243604
0.513978 -0.520141 0.058984 3.001684 -0.255877 -4.015472 0.000000 0.000000 0.244360
0.513969 -0.520121 0.058862 3.001760 -0.256119 -4.015617 0.000000 0.000000 0.245117
0.513960 -0.520101 0.058739 3.001836 -0.256362 -4.015762 0.000000 0.000000 0.245873
0.513951 -0.520080 0.058617 3.001912 -0.256604 -4.015906 0.000000 0.000000 0.246630
0.513943 -0.520060 0.058494 3.001988 -0.256846 -4.016051 0.000000 0.000000 0.247387
0.513934 -0.520039 0.058372 3.002064 -0.257089 -4.016196 0.000000 0.000000 0.248143
0.513925 -0.520019 0.058249 3.002141 -0.257331 -4.016341 0.000000 0.000000 0.248900
0.513916 -0.519999 0.058127 3.002217 -0.257573 -4.016486 0.000000 0.000000 0.249656
0.513907 -0.519978 0.058004 3.002293 -0.257816 -4.016630 0.000000 0.000000 0.250413
0.513899 -0.519958 0.057882 3.002369 -0.258058 -4.016775 0.000000 0.000000 0.251169
0.513886 -0.519934 0.057759 3.002452 -0.258307 -4.016904 0.000000 0.000000 0.252253
0.513873 -0.519910 0.057637 3.002536 -0.258558 -4.017032 0.000000 0.000000 0.253384
0.513859 -0.519886 0.057514 3.002620 -0.258808 -4.017159 0.000000 0.000000 0.254515
0.513846 -0.519863 0.057392 3.002704 -0.259058 -4.017286 0.000000 0.000000 0.255646
0.513833 -0.519839 0.057270 3.002787 -0.259309 -4.017413 0.000000 0.000000 0.256777
0.513820 -0.519815 0.057147 3.002871 -0.259559 -4.017540 0.000000 0.000000 0.257908
0.513807 -0.519791 0.057025 3.002955 -0.259809 -4.017667 0.000000 0.000000 0.259039
0.513793 -0.519767 0.056903 3.003039 -0.260060 -4.017794 0.000000 0.000000 0.260170
0.513780 -0.519743 0.056780 3.003123 -0.260310 -4.017921 0.000000 0.000000 0.261301
0.513767 -0.519719 0.056658 3.003207 -0.260560 -4.018048 0.000000 0.000000 0.262432
0.513754 -0.519695 0.056535 3.003291 -0.260811 -4.018176 0.000000 0.000000 0.263563
0.513741 -0.519671 0.056413 3.003375 -0.261061 -4.018303 0.000000 0.000000 0.264694
0.513727 -0.519647 0.056291 3.003459 -0.261311 -4.018430 0.000000 0.000000 0.265825
0.513714 -0.519623 0.056168 3.003543 -0.261562 -4.018557 0.000000 0.000000 0.266956
0.513701 -0.519599 0.056046 3.003627 -0.261812 -4.018684 0.000000 0.000000 0.268087
0.513688 -0.519575 0.055924 3.003711 -0.262062 -4.018811 0.000000 0.000000 0.269218
0.513674 -0.519549 0.055802 3.003791 -0.262320 -4.018937 0.000000 0.000000 0.270237
0.513659 -0.519519 0.055681 3.003862 -0.262593 -4.019062 0.000000 0.000000 0.270996
0.513645 -0.519489 0.055560 3.003933 -0.262867 -4.019187 0.000000 0.000000 0.271755
0.513630 -0.519458 0.055439 3.004004 -0.263141 -4.019311 0.000000 0.000000 0.272514
0.513615 -0.519428 0.055318 3.004076 -0.263414 -4.019436 0.000000 0.000000 0.273274
0.513600 -0.519398 0.055197 3.004147 -0.263688 -4.019560 0.000000 0.000000 0.274033
0.513586 -0.519368 0.055076 3.004218 -0.263962 -4.019685 0.000000 0.000000 0.274792
0.513571 -0.519338 0.054955 3.004289 -0.264235 -4.019810 0.000000 0.000000 0.275551
0.513556 -0.519307 0.054834 3.004360 -0.264509 -4.019934 0.000000 0.000000 0.276310
0.513541 -0.519277 0.054713 3.004432 -0.264783 -4.020059 0.000000 0.000000 0.277069
0.513527 -0.519247 0.054592 3.004503 -0.265056 -4.020183 0.000000 0.000000 0.277829
0.513512 -0.519217 0.054471 3.004574 -0.265330 -4.020308 0.000000 0.000000 0.278588
0.513497 -0.519186 0.054350 3.004645 -0.265604 -4.020433 0.000000 0.000000 0.279347
0.513482 -0.519156 0.054229 3.004717 -0.265877 -4.020557 0.000000 0.000000 0.280106
0.513468 -0.519126 0.054108 3.004788 -0.266151 -4.020682 0.000000 0.000000 0.280865
0.513453 -0.519096 0.053987 3.004859 -0.266424 -4.020806 0.000000 0.000000 0.281624
0.513438 -0.519066 0.053866 3.004930 -0.266698 -4.020931 0.000000 0.000000 0.282384
0.513423 -0.519032 0.053747 3.004996 -0.266987 -4.021058 0.000000 0.000000 0.283076
0.513407 -0.518997 0.053627 3.005060 -0.267281 -4.021186 0.000000 0.000000 0.283744
0.513391 -0.518962 0.053508 3.005124 -0.267576 -4.021313 0.000000 0.000000 0.284412
0.513375 -0.518928 0.053389 3.005189 -0.267870 -4.021441 0.000000 0.000000 0.285080
0.513360 -0.518893 0.053269 3.005253 -0.268165 -4.021569 0.000000 0.000000 0.285748
0.513344 -0.518858 0.053150 3.005317 -0.268459 -4.021697 0.000000 0.000000 0.286416
0.513328 -0.518823 0.053031 3.005381 -0.268753 -4.021825 0.000000 0.000000 0.287084
0.513312 -0.518788 0.052912 3.005445 -0.269048 -4.021952 0.000000 0.000000 0.287752
0.513297 -0.518753 0.052792 3.005509 -0.269342 -4.022080 0.000000 0.000000 0.288420
0.513281 -0.518719 0.052673 3.005573 -0.269637 -4.022208 0.000000 0.000000 0.289088
0.513265 -0.518684 0.052554 3.005637 -0.269931 -4.022336 0.000000 0.000000 0.289756
0.513249 -0.518649 0.052435 3.005701 -0.270225 -4.022464 0.000000 0.000000 0.290424
0.513234 -0.518614 0.052315 3.005765 -0.270520 -4.022591 0.000000 0.000000 0.291092
0.513218 -0.518579 0.052196 3.005829 -0.270814 -4.022719 0.000000 0.000000 0.291760
0.513202 -0.518545 0.052077 3.005893 -0.271109 -4.022847 0.000000 0.000000 0.292428
0.513186 -0.518510 0.051958 3.005957 -0.271403 -4.022975 0.000000 0.000000 0.293096
0.513171 -0.518475 0.051838 3.006022 -0.271698 -4.023103 0.000000 0.000000 0.293764
0.513155 -0.518440 0.051719 3.006086 -0.271992 -4.023230 0.000000 0.000000 0.294432
0.513139 -0.518405 0.051600 3.006150 -0.272286 -4.023358 0.000000 0.000000 0.295100
0.513123 -0.518370 0.051480 3.006214 -0.272581 -4.023486 0.000000 0.000000 0.295768
0.513108 -0.518336 0.051361 3.006278 -0.272875 -4.023614 0.000000 0.000000 0.296437
0.513092 -0.518301 0.051242 3.006342 -0.273170 -4.023742 0.000000 0.000000 0.297105
0.513075 -0.518265 0.051123 3.006407 -0.273471 -4.023868 0.000000 0.000000 0.297644
0.513057 -0.518228 0.051005 3.006472 -0.273777 -4.023993 0.000000 0.000000 0.298108
0.513039 -0.518190 0.050886 3.006538 -0.274083 -4.024118 0.000000 0.000000 0.298572
0.513021 -0.518153 0.050768 3.006603 -0.274389 -4.024243 0.000000 0.000000 0.299035
0.513003 -0.518116 0.050649 3.006668 -0.274696 -4.024368 0.000000 0.000000 0.299499
0.512985 -0.518079 0.050531 3.006734 -0.275002 -4.024493 0.000000 0.000000 0.299963
0.512967 -0.518042 0.050412 3.006799 -0.275308 -4.024618 0.000000 0.000000 0.300427
0.512949 -0.518005 0.050294 3.006865 -0.275614 -4.024743 0.000000 0.000000 0.300891
0.512931 -0.517968 0.050175 3.006930 -0.275920 -4.024868 0.000000 0.000000 0.301355
0.512913 -0.517931 0.050057 3.006996 -0.276226 -4.024993 0.000000 0.000000 0.301819
0.512895 -0.517894 0.049938 3.007061 -0.276532 -4.025118 0.000000 0.000000 0.302283
0.512877 -0.517857 0.049820 3.007126 -0.276838 -4.025243 0.000000 0.000000 0.302747
0.512859 -0.517820 0.049701 3.007192 -0.277144 -4.025368 0.000000 0.000000 0.303211
0.512841 -0.517783 0.049583 3.007257 -0.277450 -4.025493 0.000000 0.000000 0.303674
0.512823 -0.517746 0.049464 3.007323 -0.277756 -4.025618 0.000000 0.000000 0.304138
0.512806 -0.517709 0.049346 3.007388 -0.278062 -4.025743 0.000000 0.000000 0.304602
0.512787 -0.517671 0.049228 3.007453 -0.278369 -4.025868 0.000000 0.000000 0.305044
0.512769 -0.517630 0.049111 3.007509 -0.278698 -4.025997 0.000000 0.000000 0.305121
0.512750 -0.517589 0.048994 3.007566 -0.279026 -4.026127 0.000000 0.000000 0.305199
0.512731 -0.517548 0.048877 3.007623 -0.279355 -4.026256 0.000000 0.000000 0.305276
0.512712 -0.517507 0.048760 3.007679 -0.279683 -4.026385 0.000000 0.000000 0.305354
0.512693 -0.517465 0.048644 3.007736 -0.280012 -4.026514 0.000000 0.000000 0.305431
0.512674 -0.517424 0.048527 3.007792 -0.280341 -4.026643 0.000000 0.000000 0.305508
0.512655 -0.517383 0.048410 3.007849 -0.280669 -4.026772 0.000000 0.000000 0.305586
0.512636 -0.517342 0.048293 3.007906 -0.280998 -4.026901 0.000000 0.000000 0.305663
0.512617 -0.517300 0.048177 3.007962 -0.281326 -4.027030 0.000000 0.000000 0.305741
0.512598 -0.517259 0.048060 3.008019 -0.281655 -4.027159 0.000000 0.000000 0.305818
0.512579 -0.517218 0.047943 3.008075 -0.281983 -4.027288 0.000000 0.000000 0.305896
0.512560 -0.517177 0.047826 3.008132 -0.282312 -4.027417 0.000000 0.000000 0.305973
0.512541 -0.517135 0.047709 3.008189 -0.282640 -4.027546 0.000000 0.000000 0.306051
0.512522 -0.517094 0.047593 3.008245 -0.282969 -4.027675 0.000000 0.000000 0.306128
0.512503 -0.517053 0.047476 3.008302 -0.283297 -4.027805 0.000000 0.000000 0.306206
0.512484 -0.517012 0.047359 3.008358 -0.283626 -4.027934 0.000000 0.000000 0.306283
0.512464 -0.516969 0.047244 3.008410 -0.283967 -4.028067 0.000000 0.000000 0.306018
0.512443 -0.516924 0.047130 3.008457 -0.284321 -4.028204 0.000000 0.000000 0.305389
0.512423 -0.516879 0.047016 3.008503 -0.284676 -4.028342 0.000000 0.000000 0.304760
0.512402 -0.516834 0.046902 3.008550 -0.285030 -4.028479 0.000000 0.000000 0.304130
0.512381 -0.516789 0.046787 3.008597 -0.285384 -4.028617 0.000000 0.000000 0.303501
0.512361 -0.516744 0.046673 3.008643 -0.285738 -4.028754 0.000000 0.000000 0.302872
0.512340 -0.516699 0.046559 3.008690 -0.286093 -4.028891 0.000000 0.000000 0.302243
0.512319 -0.516654 0.046445 3.008737 -0.286447 -4.029029 0.000000 0.000000 0.301614
0.512299 -0.516609 0.046331 3.008783 -0.286801 -4.029166 0.000000 0.000000 0.300985
0.512278 -0.516565 0.046217 3.008830 -0.287156 -4.029304 0.000000 0.000000 0.300356
0.512257 -0.516520 0.046103 3.008877 -0.287510 -4.029441 0.000000 0.000000 0.299727
0.512237 -0.516475 0.045989 3.008923 -0.287864 -4.029579 0.000000 0.000000 0.299098
0.512216 -0.516430 0.045875 3.008970 -0.288218 -4.029716 0.000000 0.000000 0.298469
0.512195 -0.516385 0.045761 3.009017 -0.288573 -4.029853 0.000000 0.000000 0.297840
0.512175 -0.516340 0.045647 3.009063 -0.288927 -4.029991 0.000000 0.000000 0.297211
0.512154 -0.516295 0.045533 3.009110 -0.289281 -4.030128 0.000000 0.000000 0.296582
0.512133 -0.516250 0.045419 3.009157 -0.289635 -4.030266 0.000000 0.000000 0.295952
0.512113 -0.516205 0.045305 3.009203 -0.289990 -4.030403 0.000000 0.000000 0.295323
0.512092 -0.516160 0.045191 3.009250 -0.290344 -4.030541 0.000000 0.000000 0.294694
0.512071 -0.516116 0.045077 3.009297 -0.290698 -4.030678 0.000000 0.000000 0.294065
0.512051 -0.516071 0.044963 3.009343 -0.291052 -4.030816 0.000000 0.000000 0.293436
0.512030 -0.516026 0.044849 3.009390 -0.291407 -4.030953 0.000000 0.000000 0.292807
0.512009 -0.515980 0.044735 3.009432 -0.291766 -4.031092 0.000000 0.000000 0.292237
0.511988 -0.515932 0.044623 3.009467 -0.292132 -4.031232 0.000000 0.000000 0.291761
0.511967 -0.515885 0.044510 3.009502 -0.292499 -4.031373 0.000000 0.000000 0.291285
0.511946 -0.515838 0.044398 3.009537 -0.292866 -4.031513 0.000000 0.000000 0.290809
0.511925 -0.515790 0.044285 3.009572 -0.293232 -4.031654 0.000000 0.000000 0.290333
0.511904 -0.515743 0.044173 3.009607 -0.293599 -4.031794 0.000000 0.000000 0.289856
0.511883 -0.515695 0.044061 3.009642 -0.293966 -4.031935 0.000000 0.000000 0.289380
0.511862 -0.515648 0.043948 3.009677 -0.294332 -4.032075 0.000000 0.000000 0.288904
0.511841 -0.515600 0.043836 3.009712 -0.294699 -4.032216 0.000000 0.000000 0.288428
0.511820 -0.515553 0.043723 3.009747 -0.295065 -4.032356 0.000000 0.000000 0.287952
0.511799 -0.515506 0.043611 3.009782 -0.295432 -4.032497 0.000000 0.000000 0.287475
0.511778 -0.515458 0.043498 3.009817 -0.295799 -4.032637 0.000000 0.000000 0.286999
0.511757 -0.515411 0.043386 3.009852 -0.296165 -4.032778 0.000000 0.000000 0.286523
0.511736 -0.515363 0.043273 3.009887 -0.296532 -4.032918 0.000000 0.000000 0.286047
0.511715 -0.515316 0.043161 3.009921 -0.296899 -4.033059 0.000000 0.000000 0.285571
0.511694 -0.515268 0.043048 3.009956 -0.297265 -4.033199 0.000000 0.000000 0.285094
0.511673 -0.515221 0.042936 3.009991 -0.297632 -4.033340 0.000000 0.000000 0.284618
0.511651 -0.515173 0.042825 3.010022 -0.298004 -4.033485 0.000000 0.000000 0.284020
0.511629 -0.515125 0.042714 3.010052 -0.298378 -4.033631 0.000000 0.000000 0.283393
0.511606 -0.515076 0.042603 3.010082 -0.298752 -4.033776 0.000000 0.000000 0.282766
0.511583 -0.515028 0.042492 3.010112 -0.299125 -4.033922 0.000000 0.000000 0.282140
0.511561 -0.514980 0.042381 3.010142 -0.299499 -4.034068 0.000000 0.000000 0.281513
0.511538 -0.514932 0.042270 3.010171 -0.299873 -4.034214 0.000000 0.000000 0.280887
0.511516 -0.514883 0.042159 3.010201 -0.300246 -4.034360 0.000000 0.000000 0.280260
0.511493 -0.514835 0.042048 3.010231 -0.300620 -4.034506 0.000000 0.000000 0.279634
0.511470 -0.514787 0.041937 3.010261 -0.300994 -4.034652 0.000000 0.000000 0.279007
0.511448 -0.514738 0.041826 3.010291 -0.301367 -4.034798 0.000000 0.000000 0.278380
0.511425 -0.514690 0.041715 3.010321 -0.301741 -4.034944 0.000000 0.000000 0.277754
0.511403 -0.514642 0.041604 3.010351 -0.302115 -4.035090 0.000000 0.000000 0.277127
0.511380 -0.514594 0.041493 3.010381 -0.302488 -4.035236 0.000000 0.000000 0.276501
0.511358 -0.514545 0.041383 3.010410 -0.302862 -4.035382 0.000000 0.000000 0.275874
0.511335 -0.514497 0.041272 3.010440 -0.303236 -4.035528 0.000000 0.000000 0.275248
0.511312 -0.514449 0.041161 3.010470 -0.303609 -4.035674 0.000000 0.000000 0.274621
0.511289 -0.514400 0.041050 3.010499 -0.303986 -4.035822 0.000000 0.000000 0.274063
0.511265 -0.514350 0.040940 3.010524 -0.304374 -4.035976 0.000000 0.000000 0.273720
0.511240 -0.514299 0.040829 3.010550 -0.304762 -4.036131 0.000000 0.000000 0.273376
0.511215 -0.514249 0.040719 3.010575 -0.305149 -4.036285 0.000000 0.000000 0.273033
0.511191 -0.514198 0.040609 3.010601 -0.305537 -4.036440 0.000000 0.000000 0.272690
0.511166 -0.514148 0.040498 3.010626 -0.305924 -4.036594 0.000000 0.000000 0.272347
0.511141 -0.514097 0.040388 3.010652 -0.306312 -4.036749 0.000000 0.000000 0.272003
0.511117 -0.514047 0.040277 3.010677 -0.306699 -4.036903 0.000000 0.000000 0.271660
0.511092 -0.513996 0.040167 3.010702 -0.307087 -4.037058 0.000000 0.000000 0.271317
0.511067 -0.513946 0.040057 3.010728 -0.307474 -4.037212 0.000000 0.000000 0.270973
0.511043 -0.513896 0.039946 3.010753 -0.307862 -4.037367 0.000000 0.000000 0.270630
0.511018 -0.513845 0.039836 3.010779 -0.308249 -4.037521 0.000000 0.000000 0.270287
0.510993 -0.513795 0.039726 3.010804 -0.308637 -4.037676 0.000000 0.000000 0.269944
0.510969 -0.513744 0.039615 3.010830 -0.309024 -4.037830 0.000000 0.000000 0.269600
0.510944 -0.513694 0.039505 3.010855 -0.309412 -4.037985 0.000000 0.000000 0.269257
0.510919 -0.513643 0.039395 3.010880 -0.309800 -4.038139 0.000000 0.000000 0.268914
0.510894 -0.513593 0.039284 3.010906 -0.310187 -4.038294 0.000000 0.000000 0.268571
0.510870 -0.513542 0.039174 3.010931 -0.310575 -4.038448 0.000000 0.000000 0.268227
0.510845 -0.513492 0.039064 3.010957 -0.310962 -4.038603 0.000000 0.000000 0.267884
0.510820 -0.513441 0.038953 3.010982 -0.311350 -4.038757 0.000000 0.000000 0.267541
0.510796 -0.513391 0.038843 3.011007 -0.311737 -4.038912 0.000000 0.000000 0.267197
0.510771 -0.513341 0.038733 3.011033 -0.312125 -4.039066 0.000000 0.000000 0.266854
0.510746 -0.513290 0.038623 3.011056 -0.312515 -4.039221 0.000000 0.000000 0.266480
0.510719 -0.513236 0.038516 3.011067 -0.312923 -4.039375 0.000000 0.000000 0.265925
0.510692 -0.513182 0.038409 3.011078 -0.313330 -4.039529 0.000000 0.000000 0.265370
0.510665 -0.513128 0.038302 3.011089 -0.313738 -4.039683 0.000000 0.000000 0.264814
0.510638 -0.513074 0.038194 3.011100 -0.314146 -4.039838 0.000000 0.000000 0.264259
0.510611 -0.513021 0.038087 3.011111 -0.314553 -4.039992 0.000000 0.000000 0.263704
0.510584 -0.512967 0.037980 3.011122 -0.314961 -4.040146 0.000000 0.000000 0.263149
0.510557 -0.512913 0.037873 3.011133 -0.315368 -4.040300 0.000000 0.000000 0.262593
0.510530 -0.512859 0.037766 3.011144 -0.315776 -4.040454 0.000000 0.000000 0.262038
0.510503 -0.512805 0.037659 3.011155 -0.316183 -4.040609 0.000000 0.000000 0.261483
0.510476 -0.512752 0.037552 3.011166 -0.316591 -4.040763 0.000000 0.000000 0.260928
0.510449 -0.512698 0.037445 3.011177 -0.316999 -4.040917 0.000000 0.000000 0.260372
0.510422 -0.512644 0.037338 3.011188 -0.317406 -4.041071 0.000000 0.000000 0.259817
0.510395 -0.512590 0.037231 3.011199 -0.317814 -4.041225 0.000000 0.000000 0.259262
0.510368 -0.512536 0.037124 3.011210 -0.318221 -4.041379 0.000000 0.000000 0.258707
0.510341 -0.512483 0.037016 3.011221 -0.318629 -4.041534 0.000000 0.000000 0.258151
0.510314 -0.512429 0.036909 3.011232 -0.319036 -4.041688 0.000000 0.000000 0.257596
0.510285 -0.512373 0.036804 3.011241 -0.319457 -4.041844 0.000000 0.000000 0.257100
0.510255 -0.512316 0.036699 3.011248 -0.319888 -4.042000 0.000000 0.000000 0.256649
0.510224 -0.512259 0.036594 3.011255 -0.320318 -4.042157 0.000000 0.000000 0.256198
0.510193 -0.512202 0.036490 3.011262 -0.320749 -4.042314 0.000000 0.000000 0.255747
0.510163 -0.512146 0.036385 3.011270 -0.321180 -4.042471 0.000000 0.000000 0.255296
0.510132 -0.512089 0.036280 3.011277 -0.321610 -4.042628 0.000000 0.000000 0.254845
0.510101 -0.512032 0.036175 3.011284 -0.322041 -4.042785 0.000000 0.000000 0.254394
0.510071 -0.511975 0.036071 3.011292 -0.322471 -4.042942 0.000000 0.000000 0.253943
0.510040 -0.511918 0.035966 3.011299 -0.322902 -4.043099 0.000000 0.000000 0.253492
0.510009 -0.511861 0.035861 3.011306 -0.323333 -4.043256 0.000000 0.000000 0.253041
0.509979 -0.511804 0.035757 3.011314 -0.323763 -4.043412 0.000000 0.000000 0.252590
0.509948 -0.511747 0.035652 3.011321 -0.324194 -4.043569 0.000000 0.000000 0.252138
0.509918 -0.511691 0.035547 3.011328 -0.324624 -4.043726 0.000000 0.000000 0.251687
0.509887 -0.511634 0.035443 3.011336 -0.325055 -4.043883 0.000000 0.000000 0.251236
0.509856 -0.511577 0.035338 3.011343 -0.325486 -4.044040 0.000000 0.000000 0.250785
0.509826 -0.511520 0.035233 3.011350 -0.325916 -4.044197 0.000000 0.000000 0.250334
0.509795 -0.511463 0.035129 3.011357 -0.326347 -4.044354 0.000000 0.000000 0.249883
0.509763 -0.511404 0.035025 3.011354 -0.326794 -4.044517 0.000000 0.000000 0.249977
0.509730 -0.511344 0.034922 3.011350 -0.327242 -4.044680 0.000000 0.000000 0.250071
0.509698 -0.511285 0.034818 3.011346 -0.327689 -4.044843 0.000000 0.000000 0.250165
0.509665 -0.511226 0.034714 3.011343 -0.328137 -4.045006 0.000000 0.000000 0.250259
0.509633 -0.511166 0.034611 3.011339 -0.328584 -4.045169 0.000000 0.000000 0.250353
0.509601 -0.511107 0.034507 3.011335 -0.329032 -4.045332 0.000000 0.000000 0.250447
0.509568 -0.511047 0.034404 3.011332 -0.329479 -4.045495 0.000000 0.000000 0.250541
0.509536 -0.510988 0.034300 3.011328 -0.329927 -4.045659 0.000000 0.000000 0.250635
0.509503 -0.510929 0.034197 3.011324 -0.330375 -4.045822 0.000000 0.000000 0.250729
0.509471 -0.510869 0.034093 3.011321 -0.330822 -4.045985 0.000000 0.000000 0.250823
0.509439 -0.510810 0.033990 3.011317 -0.331270 -4.046148 0.000000 0.000000 0.250917
0.509406 -0.510751 0.033886 3.011313 -0.331717 -4.046311 0.000000 0.000000 0.251011
0.509374 -0.510691 0.033783 3.011310 -0.332165 -4.046474 0.000000 0.000000 0.251105
0.509341 -0.510632 0.033679 3.011306 -0.332612 -4.046637 0.000000 0.000000 0.251199
0.509309 -0.510572 0.033576 3.011302 -0.333060 -4.046800 0.000000 0.000000 0.251293
0.509277 -0.510513 0.033472 3.011299 -0.333507 -4.046963 0.000000 0.000000 0.251388
0.509244 -0.510454 0.033369 3.011295 -0.333955 -4.047126 0.000000 0.000000 0.251482
0.509212 -0.510394 0.033265 3.011291 -0.334402 -4.047290 0.000000 0.000000 0.251576
0.509180 -0.510335 0.033162 3.011288 -0.334850 -4.047453 0.000000 0.000000 0.251670
0.509147 -0.510276 0.033058 3.011284 -0.335297 -4.047616 0.000000 0.000000 0.251764
0.509115 -0.510216 0.032955 3.011280 -0.335745 -4.047779 0.000000 0.000000 0.251858
0.509082 -0.510157 0.032851 3.011277 -0.336192 -4.047942 0.000000 0.000000 0.251952
0.509049 -0.510095 0.032749 3.011256 -0.336659 -4.048110 0.000000 0.000000 0.252656
0.509016 -0.510034 0.032648 3.011233 -0.337127 -4.048279 0.000000 0.000000 0.253427
0.508982 -0.509972 0.032546 3.011210 -0.337596 -4.048448 0.000000 0.000000 0.254198
0.508949 -0.509911 0.032445 3.011187 -0.338064 -4.048617 0.000000 0.000000 0.254969
0.508915 -0.509849 0.032344 3.011164 -0.338533 -4.048785 0.000000 0.000000 0.255740
0.508882 -0.509788 0.032242 3.011140 -0.339001 -4.048954 0.000000 0.000000 0.256511
0.508848 -0.509726 0.032141 3.011117 -0.339470 -4.049123 0.000000 0.000000 0.257282
0.508815 -0.509665 0.032039 3.011094 -0.339938 -4.049292 0.000000 0.000000 0.258053
0.508781 -0.509603 0.031938 3.011071 -0.340407 -4.049461 0.000000 0.000000 0.258824
0.508748 -0.509541 0.031836 3.011048 -0.340875 -4.049629 0.000000 0.000000 0.259595
0.508714 -0.509480 0.031735 3.011025 -0.341343 -4.049798 0.000000 0.000000 0.260366
0.508681 -0.509418 0.031633 3.011002 -0.341812 -4.049967 0.000000 0.000000 0.261136
0.508647 -0.509357 0.031532 3.010979 -0.342280 -4.050136 0.000000 0.000000 0.261907
0.508614 -0.509295 0.031430 3.010956 -0.342749 -4.050305 0.000000 0.000000 0.262678
0.508580 -0.509234 0.031329 3.010933 -0.343217 -4.050473 0.000000 0.000000 0.263449
0.508547 -0.509172 0.031228 3.010910 -0.343686 -4.050642 0.000000 0.000000 0.264220
0.508513 -0.509110 0.031127 3.010882 -0.344159 -4.050816 0.000000 0.000000 0.265078
0.508478 -0.509048 0.031028 3.010844 -0.344643 -4.050999 0.000000 0.000000 0.266112
0.508444 -0.508986 0.030929 3.010805 -0.345127 -4.051183 0.000000 0.000000 0.267147
0.508409 -0.508924 0.030830 3.010767 -0.345610 -4.051367 0.000000 0.000000 0.268181
0.508375 -0.508862 0.030731 3.010729 -0.346094 -4.051550 0.000000 0.000000 0.269216
0.508340 -0.508800 0.030632 3.010690 -0.346578 -4.051734 0.000000 0.000000 0.270250
0.508306 -0.508737 0.030533 3.010652 -0.347062 -4.051917 0.000000 0.000000 0.271284
0.508271 -0.508675 0.030435 3.010614 -0.347545 -4.052101 0.000000 0.000000 0.272319
0.508237 -0.508613 0.030336 3.010575 -0.348029 -4.052284 0.000000 0.000000 0.273353
0.508202 -0.508551 0.030237 3.010537 -0.348513 -4.052468 0.000000 0.000000 0.274388
0.508168 -0.508489 0.030138 3.010499 -0.348996 -4.052651 0.000000 0.000000 0.275422
0.508133 -0.508427 0.030039 3.010460 -0.349480 -4.052835 0.000000 0.000000 0.276457
0.508099 -0.508364 0.029940 3.010422 -0.349964 -4.053019 0.000000 0.000000 0.277491
0.508064 -0.508302 0.029841 3.010384 -0.350447 -4.053202 0.000000 0.000000 0.278526
0.508030 -0.508240 0.029742 3.010346 -0.350931 -4.053386 0.000000 0.000000 0.279560
0.507995 -0.508178 0.029643 3.010307 -0.351415 -4.053569 0.000000 0.000000 0.280595
0.507961 -0.508116 0.029544 3.010269 -0.351899 -4.053753 0.000000 0.000000 0.281629
0.507926 -0.508055 0.029447 3.010222 -0.352385 -4.053944 0.000000 0.000000 0.283870
0.507890 -0.507995 0.029351 3.010172 -0.352873 -4.054137 0.000000 0.000000 0.286502
0.507855 -0.507935 0.029254 3.010122 -0.353361 -4.054330 0.000000 0.000000 0.289133
0.507820 -0.507876 0.029158 3.010072 -0.353848 -4.054524 0.000000 0.000000 0.291765
0.507785 -0.507816 0.029061 3.010022 -0.354336 -4.054717 0.000000 0.000000 0.294396
0.507749 -0.507756 0.028965 3.009971 -0.354823 -4.054910 0.000000 0.000000 0.297027
0.507714 -0.507696 0.028869 3.009921 -0.355311 -4.055103 0.000000 0.000000 0.299659
0.507679 -0.507636 0.028772 3.009871 -0.355799 -4.055297 0.000000 0.000000 0.302290
0.507643 -0.507576 0.028676 3.009821 -0.356286 -4.055490 0.000000 0.000000 0.304922
0.507608 -0.507516 0.028579 3.009771 -0.356774 -4.055683 0.000000 0.000000 0.307553
0.507573 -0.507456 0.028483 3.009721 -0.357262 -4.055876 0.000000 0.000000 0.310184
0.507538 -0.507396 0.028386 3.009671 -0.357749 -4.056070 0.000000 0.000000 0.312816
0.507502 -0.507336 0.028290 3.009621 -0.358237 -4.056263 0.000000 0.000000 0.315447
0.507467 -0.507277 0.028193 3.009571 -0.358725 -4.056456 0.000000 0.000000 0.318079
0.507432 -0.507217 0.028097 3.009521 -0.359212 -4.056650 0.000000 0.000000 0.320710
0.507396 -0.507157 0.028000 3.009471 -0.359700 -4.056843 0.000000 0.000000 0.323341
0.507361 -0.507097 0.027904 3.009421 -0.360188 -4.057036 0.000000 0.000000 0.325973
0.507326 -0.507037 0.027807 3.009371 -0.360675 -4.057229 0.000000 0.000000 0.328604
0.507291 -0.506977 0.027711 3.009321 -0.361163 -4.057423 0.000000 0.000000 0.331236
0.507255 -0.506917 0.027615 3.009271 -0.361650 -4.057616 0.000000 0.000000 0.333867
0.507220 -0.506857 0.027518 3.009221 -0.362138 -4.057809 0.000000 0.000000 0.336498
0.507185 -0.506797 0.027422 3.009171 -0.362626 -4.058002 0.000000 0.000000 0.339130
0.507152 -0.506738 0.027328 3.009104 -0.363124 -4.058210 0.000000 0.000000 0.343541
0.507119 -0.506680 0.027237 3.009029 -0.363628 -4.058425 0.000000 0.000000 0.348875
0.507087 -0.506621 0.027145 3.008954 -0.364132 -4.058641 0.000000 0.000000 0.354210
0.507055 -0.506562 0.027053 3.008879 -0.364636 -4.058856 0.000000 0.000000 0.359544
0.507023 -0.506504 0.026962 3.008805 -0.365140 -4.059071 0.000000 0.000000 0.364878
0.506991 -0.506445 0.026870 3.008730 -0.365644 -4.059286 0.000000 0.000000 0.370212
0.506959 -0.506386 0.026778 3.008655 -0.366148 -4.059501 0.000000 0.000000 0.375546
0.506927 -0.506328 0.026687 3.008580 -0.366652 -4.059717 0.000000 0.000000 0.380880
0.506895 -0.506269 0.026595 3.008505 -0.367156 -4.059932 0.000000 0.000000 0.386214
0.506862 -0.506210 0.026503 3.008430 -0.367660 -4.060147 0.000000 0.000000 0.391549
0.506830 -0.506152 0.026412 3.008355 -0.368165 -4.060362 0.000000 0.000000 0.396883
0.506798 -0.506093 0.026320 3.008280 -0.368669 -4.060577 0.000000 0.000000 0.402217
0.506766 -0.506034 0.026228 3.008205 -0.369173 -4.060792 0.000000 0.000000 0.407551
0.506734 -0.505976 0.026137 3.008130 -0.369677 -4.061008 0.000000 0.000000 0.412885
0.506702 -0.505917 0.026045 3.008055 -0.370181 -4.061223 0.000000 0.000000 0.418219
0.506670 -0.505858 0.025953 3.007980 -0.370685 -4.061438 0.000000 0.000000 0.423554
0.506638 -0.505800 0.025862 3.007903 -0.371189 -4.061655 0.000000 0.000000 0.429040
0.506610 -0.505744 0.025777 3.007805 -0.371702 -4.061894 0.000000 0.000000 0.436151
0.506581 -0.505688 0.025693 3.007706 -0.372214 -4.062133 0.000000 0.000000 0.443262
0.506553 -0.505632 0.025608 3.007607 -0.372727 -4.062373 0.000000 0.000000 0.450373
0.506525 -0.505576 0.025523 3.007509 -0.373239 -4.062612 0.000000 0.000000 0.457484
0.506497 -0.505520 0.025438 3.007410 -0.373751 -4.062851 0.000000 0.000000 0.464595
0.506469 -0.505464 0.025353 3.007312 -0.374264 -4.063090 0.000000 0.000000 0.471706
0.506440 -0.505408 0.025269 3.007213 -0.374776 -4.063329 0.000000 0.000000 0.478817
0.506412 -0.505352 0.025184 3.007114 -0.375289 -4.063568 0.000000 0.000000 0.485928
0.506384 -0.505296 0.025099 3.007016 -0.375801 -4.063807 0.000000 0.000000 0.493039
0.506356 -0.505240 0.025014 3.006917 -0.376314 -4.064046 0.000000 0.000000 0.500150
0.506328 -0.505184 0.024930 3.006818 -0.376826 -4.064285 0.000000 0.000000 0.507261
0.506300 -0.505128 0.024845 3.006720 -0.377338 -4.064525 0.000000 0.000000 0.514372
0.506271 -0.505072 0.024760 3.006621 -0.377851 -4.064764 0.000000 0.000000 0.521482
0.506243 -0.505016 0.024675 3.006523 -0.378363 -4.065003 0.000000 0.000000 0.528593
0.506215 -0.504960 0.024590 3.006424 -0.378876 -4.065242 0.000000 0.000000 0.535704
0.506187 -0.504904 0.024506 3.006325 -0.379388 -4.065481 0.000000 0.000000 0.542815
0.506159 -0.504849 0.024424 3.006220 -0.379905 -4.065728 0.000000 0.000000 0.550321
0.506132 -0.504797 0.024345 3.006108 -0.380427 -4.065981 0.000000 0.000000 0.558203
0.506104 -0.504744 0.024266 3.005996 -0.380949 -4.066235 0.000000 0.000000 0.566084
0.506077 -0.504691 0.024188 3.005884 -0.381471 -4.066488 0.000000 0.000000 0.573966
0.506050 -0.504638 0.024109 3.005772 -0.381993 -4.066742 0.000000 0.000000 0.581847
0.506022 -0.504586 0.024030 3.005660 -0.382516 -4.066995 0.000000 0.000000 0.589729
0.505995 -0.504533 0.023951 3.005548 -0.383038 -4.067249 0.000000 0.000000 0.597610
0.505967 -0.504480 0.023873 3.005436 -0.383560 -4.067503 0.000000 0.000000 0.605491
0.505940 -0.504428 0.023794 3.005323 -0.384082 -4.067756 0.000000 0.000000 0.613373
0.505913 -0.504375 0.023715 3.005211 -0.384604 -4.068010 0.000000 0.000000 0.621254
0.505885 -0.504322 0.023636 3.005099 -0.385126 -4.068263 0.000000 0.000000 0.629136
0.505858 -0.504269 0.023558 3.004987 -0.385648 -4.068517 0.000000 0.000000 0.637017
0.505831 -0.504217 0.023479 3.004875 -0.386170 -4.068771 0.000000 0.000000 0.644899
0.505803 -0.504164 0.023400 3.004763 -0.386692 -4.069024 0.000000 0.000000 0.652780
0.505776 -0.504111 0.023321 3.004651 -0.387214 -4.069278 0.000000 0.000000 0.660662
0.505748 -0.504059 0.023243 3.004539 -0.387736 -4.069531 0.000000 0.000000 0.668543
0.505721 -0.504006 0.023164 3.004427 -0.388258 -4.069785 0.000000 0.000000 0.676424
0.505694 -0.503953 0.023085 3.004315 -0.388780 -4.070039 0.000000 0.000000 0.684306
0.505666 -0.503900 0.023006 3.004203 -0.389302 -4.070292 0.000000 0.000000 0.692187
0.505639 -0.503848 0.022928 3.004091 -0.389824 -4.070546 0.000000 0.000000 0.700069
0.505611 -0.503795 0.022849 3.003979 -0.390346 -4.070799 0.000000 0.000000 0.707950
0.505584 -0.503742 0.022770 3.003867 -0.390868 -4.071053 0.000000 0.000000 0.715832
0.505558 -0.503691 0.022695 3.003746 -0.391396 -4.071315 0.000000 0.000000 0.723838
0.505534 -0.503640 0.022623 3.003614 -0.391932 -4.071588 0.000000 0.000000 0.732020
0.505509 -0.503590 0.022552 3.003482 -0.392468 -4.071861 0.000000 0.000000 0.740202
0.505485 -0.503539 0.022481 3.003350 -0.393004 -4.072134 0.000000 0.000000 0.748384
0.505461 -0.503489 0.022410 3.003217 -0.393540 -4.072407 0.000000 0.000000 0.756566
0.505437 -0.503439 0.022339 3.003085 -0.394075 -4.072680 0.000000 0.000000 0.764749
0.505412 -0.503388 0.022268 3.002953 -0.394611 -4.072953 0.000000 0.000000 0.772931
0.505388 -0.503338 0.022196 3.002821 -0.395147 -4.073226 0.000000 0.000000 0.781113
0.505364 -0.503288 0.022125 3.002689 -0.395683 -4.073499 0.000000 0.000000 0.789295
0.505340 -0.503237 0.022054 3.002556 -0.396219 -4.073772 0.000000 0.000000 0.797477
0.505315 -0.503187 0.021983 3.002424 -0.396755 -4.074045 0.000000 0.000000 0.805659
0.505291 -0.503137 0.021912 3.002292 -0.397291 -4.074318 0.000000 0.000000 0.813841
0.505267 -0.503086 0.021841 3.002160 -0.397827 -4.074591 0.000000 0.000000 0.822023
0.505242 -0.503036 0.021769 3.002027 -0.398363 -4.074864 0.000000 0.000000 0.830205
0.505218 -0.502985 0.021698 3.001895 -0.398899 -4.075137 0.000000 0.000000 0.838388
0.505194 -0.502935 0.021627 3.001763 -0.399435 -4.075410 0.000000 0.000000 0.846570
0.505170 -0.502885 0.021556 3.001631 -0.399971 -4.075683 0.000000 0.000000 0.854752
0.505147 -0.502837 0.021490 3.001491 -0.400508 -4.075964 0.000000 0.000000 0.863180
0.505124 -0.502790 0.021425 3.001350 -0.401045 -4.076248 0.000000 0.000000 0.871655
0.505102 -0.502743 0.021360 3.001208 -0.401581 -4.076531 0.000000 0.000000 0.880130
0.505079 -0.502696 0.021295 3.001067 -0.402118 -4.076814 0.000000 0.000000 0.888605
0.505057 -0.502649 0.021230 3.000926 -0.402655 -4.077097 0.000000 0.000000 0.897079
0.505034 -0.502602 0.021166 3.000785 -0.403192 -4.077380 0.000000 0.000000 0.905554
0.505012 -0.502555 0.021101 3.000643 -0.403729 -4.077664 0.000000 0.000000 0.914029
0.504990 -0.502509 0.021036 3.000502 -0.404266 -4.077947 0.000000 0.000000 0.922503
0.504967 -0.502462 0.020971 3.000361 -0.404803 -4.078230 0.000000 0.000000 0.930978
0.504945 -0.502415 0.020906 3.000219 -0.405340 -4.078513 0.000000 0.000000 0.939453
0.504922 -0.502368 0.020841 3.000078 -0.405877 -4.078796 0.000000 0.000000 0.947928
0.504900 -0.502321 0.020776 2.999937 -0.406414 -4.079080 0.000000 0.000000 0.956402
0.504877 -0.502274 0.020711 2.999796 -0.406950 -4.079363 0.000000 0.000000 0.964877
0.504855 -0.502227 0.020646 2.999654 -0.407487 -4.079646 0.000000 0.000000 0.973352
0.504832 -0.502180 0.020582 2.999513 -0.408024 -4.079929 0.000000 0.000000 0.981826
0.504810 -0.502133 0.020517 2.999372 -0.408561 -4.080212 0.000000 0.000000 0.990301
0.504788 -0.502087 0.020453 2.999228 -0.409094 -4.080495 0.000000 0.000000 0.999129
0.504767 -0.502044 0.020394 2.999077 -0.409616 -4.080778 0.000000 0.000000 1.008915
0.504747 -0.502002 0.020335 2.998926 -0.410137 -4.081060 0.000000 0.000000 1.018700
0.504726 -0.501959 0.020277 2.998776 -0.410659 -4.081343 0.000000 0.000000 1.028485
0.504706 -0.501916 0.020218 2.998625 -0.411181 -4.081625 0.000000 0.000000 1.038271
0.504686 -0.501874 0.020159 2.998474 -0.411703 -4.081908 0.000000 0.000000 1.048056
0.504665 -0.501831 0.020100 2.998323 -0.412224 -4.082190 0.000000 0.000000 1.057841
0.504645 -0.501788 0.020041 2.998172 -0.412746 -4.082473 0.000000 0.000000 1.067627
0.504624 -0.501746 0.019982 2.998022 -0.413268 -4.082755 0.000000 0.000000 1.077412
0.504604 -0.501703 0.019923 2.997871 -0.413789 -4.083037 0.000000 0.000000 1.087197
0.504583 -0.501660 0.019864 2.997720 -0.414311 -4.083320 0.000000 0.000000 1.096983
0.504563 -0.501618 0.019805 2.997569 -0.414833 -4.083602 0.000000 0.000000 1.106768
0.504542 -0.501575 0.019746 2.997418 -0.415355 -4.083885 0.000000 0.000000 1.116553
0.504522 -0.501532 0.019687 2.997268 -0.415876 -4.084167 0.000000 0.000000 1.126339
0.504502 -0.501490 0.019628 2.997117 -0.416398 -4.084450 0.000000 0.000000 1.136124
0.504481 -0.501447 0.019569 2.996966 -0.416920 -4.084732 0.000000 0.000000 1.145909
0.504461 -0.501404 0.019510 2.996815 -0.417441 -4.085015 0.000000 0.000000 1.155695
0.504440 -0.501362 0.019451 2.996665 -0.417963 -4.085297 0.000000 0.000000 1.165480
0.504420 -0.501319 0.019392 2.996514 -0.418485 -4.085579 0.000000 0.000000 1.175265
0.504399 -0.501276 0.019333 2.996363 -0.419006 -4.085862 0.000000 0.000000 1.185051
0.504379 -0.501234 0.019274 2.996212 -0.419528 -4.086144 0.000000 0.000000 1.194836
0.504359 -0.501191 0.019215 2.996061 -0.420050 -4.086427 0.000000 0.000000 1.204621
0.504338 -0.501148 0.019157 2.995910 -0.420569 -4.086709 0.000000 0.000000 1.214570
0.504320 -0.501108 0.019104 2.995755 -0.421078 -4.086991 0.000000 0.000000 1.225305
0.504302 -0.501067 0.019051 2.995601 -0.421587 -4.087273 0.000000 0.000000 1.236039
0.504283 -0.501026 0.018997 2.995446 -0.422096 -4.087554 0.000000 0.000000 1.246773
0.504265 -0.500985 0.018944 2.995292 -0.422604 -4.087836 0.000000 0.000000 1.257508
0.504247 -0.500944 0.018891 2.995137 -0.423113 -4.088118 0.000000 0.000000 1.268242
0.504228 -0.500903 0.018837 2.994982 -0.423622 -4.088399 0.000000 0.000000 1.278976
0.504210 -0.500862 0.018784 2.994828 -0.424130 -4.088681 0.000000 0.000000 1.289711
0.504191 -0.500821 0.018731 2.994673 -0.424639 -4.088963 0.000000 0.000000 1.300445
0.504173 -0.500780 0.018677 2.994518 -0.425148 -4.089244 0.000000 0.000000 1.311179
0.504155 -0.500739 0.018624 2.994364 -0.425657 -4.089526 0.000000 0.000000 1.321914
0.504136 -0.500698 0.018571 2.994209 -0.426165 -4.089808 0.000000 0.000000 1.332648
0.504118 -0.500657 0.018518 2.994055 -0.426674 -4.090089 0.000000 0.000000 1.343382
0.504100 -0.500616 0.018464 2.993900 -0.427183 -4.090371 0.000000 0.000000 1.354117
0.504081 -0.500576 0.018411 2.993745 -0.427692 -4.090653 0.000000 0.000000 1.364851
0.504063 -0.500535 0.018358 2.993591 -0.428200 -4.090935 0.000000 0.000000 1.375585
0.504045 -0.500494 0.018304 2.993436 -0.428709 -4.091216 0.000000 0.000000 1.386320
0.504027 -0.500455 0.018255 2.993284 -0.429204 -4.091489 0.000000 0.000000 1.397592
0.504010 -0.500418 0.018209 2.993133 -0.429690 -4.091755 0.000000 0.000000 1.409224
0.503993 -0.500380 0.018162 2.992981 -0.430176 -4.092021 0.000000 0.000000 1.420856
0.503976 -0.500343 0.018115 2.992830 -0.430662 -4.092287 0.000000 0.000000 1.432488
0.503959 -0.500305 0.018069 2.992679 -0.431148 -4.092553 0.000000 0.000000 1.444120
0.503942 -0.500268 0.018022 2.992528 -0.431634 -4.092819 0.000000 0.000000 1.455752
0.503925 -0.500231 0.017976 2.992377 -0.432120 -4.093085 0.000000 0.000000 1.467384
0.503908 -0.500193 0.017929 2.992226 -0.432606 -4.093352 0.000000 0.000000 1.479016
0.503891 -0.500156 0.017883 2.992075 -0.433093 -4.093618 0.000000 0.000000 1.490648
0.503874 -0.500119 0.017836 2.991924 -0.433579 -4.093884 0.000000 0.000000 1.502280
0.503857 -0.500081 0.017790 2.991772 -0.434065 -4.094150 0.000000 0.000000 1.513912
0.503839 -0.500044 0.017743 2.991621 -0.434551 -4.094416 0.000000 0.000000 1.525544
0.503822 -0.500006 0.017696 2.991470 -0.435037 -4.094682 0.000000 0.000000 1.537176
0.503805 -0.499969 0.017650 2.991319 -0.435523 -4.094948 0.000000 0.000000 1.548808
0.503788 -0.499932 0.017603 2.991168 -0.436009 -4.095215 0.000000 0.000000 1.560440
0.503771 -0.499894 0.017557 2.991017 -0.436495 -4.095481 0.000000 0.000000 1.572072
0.503754 -0.499857 0.017510 2.990866 -0.436980 -4.095746 0.000000 0.000000 1.583736
0.503739 -0.499822 0.017471 2.990719 -0.437436 -4.095993 0.000000 0.000000 1.596563
0.503725 -0.499786 0.017431 2.990572 -0.437893 -4.096239 0.000000 0.000000 1.609389
0.503710 -0.499751 0.017391 2.990424 -0.438349 -4.096485 0.000000 0.000000 1.622216
0.503695 -0.499716 0.017351 2.990277 -0.438805 -4.096732 0.000000 0.000000 1.635043
0.503680 -0.499680 0.017311 2.990130 -0.439261 -4.096978 0.000000 0.000000 1.647870
0.503665 -0.499645 0.017271 2.989983 -0.439718 -4.097224 0.000000 0.000000 1.660697
0.503650 -0.499610 0.017231 2.989836 -0.440174 -4.097471 0.000000 0.000000 1.673524
0.503635 -0.499574 0.017191 2.989689 -0.440630 -4.097717 0.000000 0.000000 1.686351
0.503621 -0.499539 0.017152 2.989541 -0.441087 -4.097963 0.000000 0.000000 1.699178
0.503606 -0.499503 0.017112 2.989394 -0.441543 -4.098210 0.000000 0.000000 1.712005
0.503591 -0.499468 0.017072 2.989247 -0.441999 -4.098456 0.000000 0.000000 1.724831
0.503576 -0.499433 0.017032 2.989100 -0.442456 -4.098702 0.000000 0.000000 1.737658
0.503561 -0.499397 0.016992 2.988953 -0.442912 -4.098949 0.000000 0.000000 1.750485
0.503546 -0.499362 0.016952 2.988806 -0.443368 -4.099195 0.000000 0.000000 1.763312
0.503531 -0.499327 0.016912 2.988658 -0.443824 -4.099441 0.000000 0.000000 1.776139
0.503516 -0.499291 0.016873 2.988511 -0.444281 -4.099688 0.000000 0.000000 1.788966
0.503502 -0.499256 0.016833 2.988364 -0.444737 -4.099934 0.000000 0.000000 1.801793
0.503487 -0.499221 0.016793 2.988217 -0.445193 -4.100180 0.000000 0.000000 1.814620
0.503472 -0.499185 0.016753 2.988070 -0.445650 -4.100427 0.000000 0.000000 1.827447
0.503457 -0.499150 0.016713 2.987923 -0.446106 -4.100673 0.000000 0.000000 1.840273
0.503442 -0.499115 0.016673 2.987775 -0.446562 -4.100919 0.000000 0.000000 1.853100
0.503427 -0.499079 0.016633 2.987628 -0.447018 -4.101166 0.000000 0.000000 1.865927
0.503413 -0.499050 0.016598 2.987500 -0.447420 -4.101381 0.000000 0.000000 1.879813
0.503398 -0.499021 0.016564 2.987374 -0.447818 -4.101593 0.000000 0.000000 1.893780
0.503383 -0.498991 0.016529 2.987247 -0.448216 -4.101806 0.000000 0.000000 1.907746
0.503369 -0.498962 0.016495 2.987120 -0.448613 -4.102019 0.000000 0.000000 1.921713
0.503354 -0.498933 0.016460 2.986993 -0.449011 -4.102231 0.000000 0.000000 1.935680
0.503339 -0.498904 0.016426 2.986867 -0.449408 -4.102444 0.000000 0.000000 1.949646
0.503324 -0.498875 0.016391 2.986740 -0.449806 -4.102656 0.000000 0.000000 1.963613
0.503310 -0.498846 0.016357 2.986613 -0.450204 -4.102869 0.000000 0.000000 1.977580
0.503295 -0.498817 0.016322 2.986487 -0.450601 -4.103082 0.000000 0.000000 1.991546
0.503280 -0.498788 0.016288 2.986360 -0.450999 -4.103294 0.000000 0.000000 2.005513
0.503266 -0.498758 0.016253 2.986233 -0.451397 -4.103507 0.000000 0.000000 2.019480
0.503251 -0.498729 0.016218 2.986107 -0.451794 -4.103719 0.000000 0.000000 2.033446
0.503236 -0.498700 0.016184 2.985980 -0.452192 -4.103932 0.000000 0.000000 2.047413
0.503222 -0.498671 0.016149 2.985853 -0.452590 -4.104145 0.000000 0.000000 2.061379
0.503207 -0.498642 0.016115 2.985727 -0.452987 -4.104357 0.000000 0.000000 2.075346
0.503192 -0.498613 0.016080 2.985600 -0.453385 -4.104570 0.000000 0.000000 2.089313
0.503179 -0.498586 0.016048 2.985479 -0.453758 -4.104770 0.000000 0.000000 2.103387
0.503167 -0.498562 0.016019 2.985367 -0.454088 -4.104949 0.000000 0.000000 2.117654
0.503155 -0.498538 0.015990 2.985256 -0.454417 -4.105127 0.000000 0.000000 2.131921
0.503143 -0.498515 0.015962 2.985144 -0.454746 -4.105306 0.000000 0.000000 2.146188
0.503132 -0.498491 0.015933 2.985033 -0.455075 -4.105484 0.000000 0.000000 2.160456
0.503120 -0.498467 0.015904 2.984921 -0.455405 -4.105663 0.000000 0.000000 2.174723
0.503108 -0.498443 0.015876 2.984810 -0.455734 -4.105841 0.000000 0.000000 2.188990
0.503096 -0.498420 0.015847 2.984698 -0.456063 -4.106020 0.000000 0.000000 2.203257
0.503085 -0.498396 0.015818 2.984587 -0.456392 -4.106199 0.000000 0.000000 2.217525
0.503073 -0.498372 0.015790 2.984475 -0.456721 -4.106377 0.000000 0.000000 2.231792
0.503061 -0.498349 0.015761 2.984364 -0.457051 -4.106556 0.000000 0.000000 2.246059
0.503049 -0.498325 0.015732 2.984252 -0.457380 -4.106734 0.000000 0.000000 2.260327
0.503037 -0.498301 0.015704 2.984141 -0.457709 -4.106913 0.000000 0.000000 2.274594
0.503026 -0.498278 0.015675 2.984030 -0.458038 -4.107091 0.000000 0.000000 2.288861
0.503014 -0.498254 0.015646 2.983918 -0.458368 -4.107270 0.000000 0.000000 2.303128
0.503002 -0.498230 0.015618 2.983807 -0.458697 -4.107448 0.000000 0.000000 2.317396
0.502990 -0.498207 0.015589 2.983695 -0.459026 -4.107627 0.000000 0.000000 2.331663
0.502981 -0.498186 0.015564 2.983597 -0.459304 -4.107780 0.000000 0.000000 2.345616
0.502972 -0.498167 0.015540 2.983503 -0.459568 -4.107926 0.000000 0.000000 2.359481
0.502963 -0.498148 0.015517 2.983409 -0.459833 -4.108072 0.000000 0.000000 2.373347
0.502953 -0.498129 0.015493 2.983315 -0.460097 -4.108218 0.000000 0.000000 2.387212
0.502944 -0.498110 0.015469 2.983221 -0.460361 -4.108364 0.000000 0.000000 2.401078
0.502935 -0.498091 0.015446 2.983127 -0.460625 -4.108510 0.000000 0.000000 2.414943
0.502926 -0.498071 0.015422 2.983033 -0.460889 -4.108656 0.000000 0.000000 2.428809
0.502917 -0.498052 0.015398 2.982939 -0.461153 -4.108802 0.000000 0.000000 2.442674
0.502908 -0.498033 0.015375 2.982845 -0.461417 -4.108948 0.000000 0.000000 2.456540
0.502899 -0.498014 0.015351 2.982751 -0.461681 -4.109094 0.000000 0.000000 2.470406
0.502890 -0.497995 0.015327 2.982657 -0.461945 -4.109240 0.000000 0.000000 2.484271
0.502881 -0.497976 0.015304 2.982563 -0.462210 -4.109386 0.000000 0.000000 2.498137
0.502872 -0.497957 0.015280 2.982469 -0.462474 -4.109532 0.000000 0.000000 2.512002
0.502863 -0.497937 0.015256 2.982375 -0.462738 -4.109678 0.000000 0.000000 2.525868
0.502854 -0.497918 0.015233 2.982281 -0.463002 -4.109824 0.000000 0.000000 2.539733
0.502844 -0.497899 0.015209 2.982187 -0.463266 -4.109970 0.000000 0.000000 2.553599
0.502835 -0.497880 0.015185 2.982093 -0.463530 -4.110116 0.000000 0.000000 2.567465
0.502826 -0.497861 0.015162 2.981999 -0.463794 -4.110262 0.000000 0.000000 2.581330
0.502817 -0.497842 0.015138 2.981905 -0.464058 -4.110408 0.000000 0.000000 2.595196
0.502808 -0.497822 0.015114 2.981811 -0.464322 -4.110554 0.000000 0.000000 2.609061
0.502799 -0.497803 0.015091 2.981717 -0.464587 -4.110700 0.000000 0.000000 2.622927
0.502790 -0.497784 0.015067 2.981623 -0.464851 -4.110846 0.000000 0.000000 2.636792
0.502782 -0.497769 0.015047 2.981544 -0.465065 -4.110973 0.000000 0.000000 2.650260
0.502776 -0.497756 0.015029 2.981472 -0.465256 -4.111089 0.000000 0.000000 2.663545
0.502769 -0.497742 0.015011 2.981400 -0.465447 -4.111206 0.000000 0.000000 2.676830
0.502762 -0.497729 0.014993 2.981328 -0.465638 -4.111323 0.000000 0.000000 2.690115
0.502755 -0.497716 0.014975 2.981256 -0.465830 -4.111440 0.000000 0.000000 2.703400
0.502749 -0.497702 0.014957 2.981184 -0.466021 -4.111557 0.000000 0.000000 2.716685
0.502742 -0.497689 0.014940 2.981112 -0.466212 -4.111674 0.000000 0.000000 2.729970
0.502735 -0.497676 0.014922 2.981040 -0.466403 -4.111791 0.000000 0.000000 2.743255
0.502728 -0.497663 0.014904 2.980968 -0.466594 -4.111908 0.000000 0.000000 2.756540
0.502721 -0.497649 0.014886 2.980896 -0.466786 -4.112025 0.000000 0.000000 2.769825
0.502715 -0.497636 0.014868 2.980824 -0.466977 -4.112142 0.000000 0.000000 2.783110
0.502708 -0.497623 0.014850 2.980752 -0.467168 -4.112259 0.000000 0.000000 2.796395
0.502701 -0.497609 0.014832 2.980680 -0.467359 -4.112376 0.000000 0.000000 2.809680
0.502694 -0.497596 0.014814 2.980608 -0.467550 -4.112492 0.000000 0.000000 2.822965
0.502688 -0.497583 0.014796 2.980536 -0.467741 -4.112609 0.000000 0.000000 2.836250
0.502681 -0.497570 0.014778 2.980464 -0.467933 -4.112726 0.000000 0.000000 2.849536
0.502674 -0.497557 0.014761 2.980394 -0.468117 -4.112840 0.000000 0.000000 2.862802
0.502671 -0.497547 0.014748 2.980336 -0.468245 -4.112927 0.000000 0.000000 2.875927
0.502668 -0.497538 0.014736 2.980278 -0.468373 -4.113014 0.000000 0.000000 2.889052
0.502665 -0.497528 0.014724 2.980220 -0.468501 -4.113101 0.000000 0.000000 2.902177
0.502661 -0.497519 0.014712 2.980162 -0.468630 -4.113188 0.000000 0.000000 2.915302
0.502658 -0.497509 0.014700 2.980103 -0.468758 -4.113275 0.000000 0.000000 2.928427
0.502655 -0.497500 0.014688 2.980045 -0.468886 -4.113362 0.000000 0.000000 2.941551
0.502652 -0.497490 0.014675 2.979987 -0.469014 -4.113449 0.000000 0.000000 2.954676
0.502648 -0.497480 0.014663 2.979929 -0.469142 -4.113537 0.000000 0.000000 2.967801
0.502645 -0.497471 0.014651 2.979871 -0.469271 -4.113624 0.000000 0.000000 2.980926
0.502642 -0.497461 0.014639 2.979813 -0.469399 -4.113711 0.000000 0.000000 2.994051
0.502639 -0.497452 0.014627 2.979755 -0.469527 -4.113798 0.000000 0.000000 3.007176
0.502635 -0.497442 0.014615 2.979697 -0.469655 -4.113885 0.000000 0.000000 3.020300
0.502632 -0.497433 0.014602 2.979639 -0.469783 -4.113972 0.000000 0.000000 3.033425
0.502629 -0.497423 0.014590 2.979581 -0.469912 -4.114059 0.000000 0.000000 3.046550
0.502626 -0.497414 0.014578 2.979523 -0.470040 -4.114146 0.000000 0.000000 3.059675
0.502622 -0.497404 0.014566 2.979465 -0.470168 -4.114233 0.000000 0.000000 3.072800
0.502621 -0.497396 0.014557 2.979414 -0.470266 -4.114306 0.000000 0.000000 3.085300
0.502620 -0.497390 0.014551 2.979370 -0.470339 -4.114367 0.000000 0.000000 3.097268
0.502620 -0.497383 0.014544 2.979326 -0.470412 -4.114428 0.000000 0.000000 3.109236
0.502620 -0.497377 0.014538 2.979281 -0.470484 -4.114490 0.000000 0.000000 3.121204
0.502620 -0.497370 0.014532 2.979237 -0.470557 -4.114551 0.000000 0.000000 3.133173
0.502619 -0.497364 0.014525 2.979193 -0.470629 -4.114612 0.000000 0.000000 3.145141
0.502619 -0.497357 0.014519 2.979149 -0.470702 -4.114673 0.000000 0.000000 3.157109
0.502619 -0.497350 0.014513 2.979104 -0.470775 -4.114734 0.000000 0.000000 3.169077
0.502619 -0.497344 0.014506 2.979060 -0.470847 -4.114795 0.000000 0.000000 3.181045
0.502618 -0.497337 0.014500 2.979016 -0.470920 -4.114856 0.000000 0.000000 3.193014
0.502618 -0.497331 0.014494 2.978972 -0.470993 -4.114917 0.000000 0.000000 3.204982
0.502618 -0.497324 0.014487 2.978927 -0.471065 -4.114978 0.000000 0.000000 3.216950
0.502618 -0.497318 0.014481 2.978883 -0.471138 -4.115039 0.000000 0.000000 3.228918
0.502617 -0.497311 0.014475 2.978839 -0.471211 -4.115100 0.000000 0.000000 3.240886
0.502617 -0.497305 0.014468 2.978795 -0.471283 -4.115161 0.000000 0.000000 3.252855
0.502617 -0.497298 0.014462 2.978750 -0.471356 -4.115223 0.000000 0.000000 3.264823
0.502616 -0.497292 0.014456 2.978706 -0.471428 -4.115284 0.000000 0.000000 3.276791
0.502616 -0.497285 0.014449 2.978662 -0.471501 -4.115345 0.000000 0.000000 3.288759
0.502616 -0.497279 0.014443 2.978618 -0.471574 -4.115406 0.000000 0.000000 3.300728
0.502616 -0.497272 0.014437 2.978573 -0.471646 -4.115467 0.000000 0.000000 3.312696
0.502615 -0.497265 0.014431 2.978529 -0.471719 -4.115528 0.000000 0.000000 3.324664
0.502615 -0.497259 0.014424 2.978485 -0.471792 -4.115589 0.000000 0.000000 3.336632
0.502615 -0.497254 0.014419 2.978453 -0.471841 -4.115637 0.000000 0.000000 3.347445
0.502614 -0.497250 0.014415 2.978436 -0.471860 -4.115668 0.000000 0.000000 3.356805
0.502614 -0.497247 0.014412 2.978418 -0.471879 -4.115698 0.000000 0.000000 3.366165
0.502613 -0.497243 0.014408 2.978401 -0.471899 -4.115729 0.000000 0.000000 3.375526
0.502613 -0.497239 0.014404 2.978384 -0.471918 -4.115760 0.000000 0.000000 3.384886
0.502613 -0.497236 0.014400 2.978367 -0.471937 -4.115791 0.000000 0.000000 3.394246
0.502612 -0.497232 0.014397 2.978350 -0.471957 -4.115822 0.000000 0.000000 3.403607
0.502612 -0.497229 0.014393 2.978333 -0.471976 -4.115853 0.000000 0.000000 3.412967
0.502611 -0.497225 0.014389 2.978316 -0.471995 -4.115883 0.000000 0.000000 3.422327
0.502611 -0.497222 0.014386 2.978299 -0.472015 -4.115914 0.000000 0.000000 3.431688
0.502610 -0.497218 0.014382 2.978282 -0.472034 -4.115945 0.000000 0.000000 3.441048
0.502610 -0.497214 0.014378 2.978265 -0.472053 -4.115976 0.000000 0.000000 3.450408
0.502609 -0.497211 0.014374 2.978248 -0.472073 -4.116007 0.000000 0.000000 3.459769
0.502609 -0.497207 0.014371 2.978231 -0.472092 -4.116038 0.000000 0.000000 3.469129
0.502608 -0.497204 0.014367 2.978214 -0.472111 -4.116068 0.000000 0.000000 3.478489
0.502608 -0.497200 0.014363 2.978197 -0.472131 -4.116099 0.000000 0.000000 3.487850
0.502608 -0.497197 0.014360 2.978180 -0.472150 -4.116130 0.000000 0.000000 3.497210
0.502606 -0.497195 0.014356 2.978185 -0.472131 -4.116135 0.000000 0.000000 3.505327
0.502605 -0.497194 0.014353 2.978194 -0.472107 -4.116137 0.000000 0.000000 3.513259
0.502603 -0.497192 0.014350 2.978202 -0.472083 -4.116138 0.000000 0.000000 3.521191
0.502602 -0.497191 0.014347 2.978211 -0.472058 -4.116139 0.000000 0.000000 3.529123
0.502601 -0.497190 0.014344 2.978220 -0.472034 -4.116141 0.000000 0.000000 3.537055
0.502599 -0.497188 0.014341 2.978228 -0.472009 -4.116142 0.000000 0.000000 3.544987
0.502598 -0.497187 0.014338 2.978237 -0.471985 -4.116143 0.000000 0.000000 3.552919
0.502596 -0.497186 0.014335 2.978245 -0.471961 -4.116145 0.000000 0.000000 3.560851
0.502595 -0.497184 0.014332 2.978254 -0.471936 -4.116146 0.000000 0.000000 3.568783
0.502593 -0.497183 0.014329 2.978263 -0.471912 -4.116147 0.000000 0.000000 3.576715
0.502592 -0.497181 0.014326 2.978271 -0.471888 -4.116149 0.000000 0.000000 3.584647
0.502591 -0.497180 0.014323 2.978280 -0.471863 -4.116150 0.000000 0.000000 3.592579
0.502589 -0.497179 0.014320 2.978288 -0.471839 -4.116151 0.000000 0.000000 3.600511
0.502588 -0.497177 0.014317 2.978297 -0.471815 -4.116152 0.000000 0.000000 3.608443
0.502586 -0.497176 0.014314 2.978305 -0.471790 -4.116154 0.000000 0.000000 3.616375
0.502585 -0.497175 0.014310 2.978314 -0.471766 -4.116155 0.000000 0.000000 3.624307
0.502584 -0.497174 0.014308 2.978327 -0.471729 -4.116150 0.000000 0.000000 3.631535
0.502582 -0.497174 0.014306 2.978348 -0.471662 -4.116129 0.000000 0.000000 3.637099
0.502581 -0.497174 0.014304 2.978370 -0.471596 -4.116107 0.000000 0.000000 3.642662
0.502580 -0.497174 0.014302 2.978392 -0.471529 -4.116086 0.000000 0.000000 3.648226
0.502579 -0.497174 0.014300 2.978413 -0.471463 -4.116065 0.000000 0.000000 3.653789
0.502578 -0.497174 0.014299 2.978435 -0.471396 -4.116044 0.000000 0.000000 3.659353
0.502576 -0.497174 0.014297 2.978457 -0.471329 -4.116022 0.000000 0.000000 3.664916
0.502575 -0.497174 0.014295 2.978478 -0.471263 -4.116001 0.000000 0.000000 3.670480
0.502574 -0.497174 0.014293 2.978500 -0.471196 -4.115980 0.000000 0.000000 3.676043
0.502573 -0.497174 0.014291 2.978522 -0.471129 -4.115959 0.000000 0.000000 3.681607
0.502572 -0.497174 0.014289 2.978543 -0.471063 -4.115937 0.000000 0.000000 3.687170
0.502570 -0.497174 0.014288 2.978565 -0.470996 -4.115916 0.000000 0.000000 3.692733
0.502569 -0.497174 0.014286 2.978587 -0.470929 -4.115895 0.000000 0.000000 3.698297
0.502568 -0.497174 0.014284 2.978609 -0.470863 -4.115874 0.000000 0.000000 3.703860
0.502567 -0.497174 0.014282 2.978630 -0.470796 -4.115853 0.000000 0.000000 3.709424
0.502566 -0.497174 0.014280 2.978652 -0.470729 -4.115831 0.000000 0.000000 3.714987
0.502564 -0.497174 0.014278 2.978674 -0.470663 -4.115810 0.000000 0.000000 3.720551
0.502563 -0.497174 0.014277 2.978695 -0.470596 -4.115789 0.000000 0.000000 3.726114
0.502562 -0.497174 0.014275 2.978717 -0.470529 -4.115768 0.000000 0.000000 3.731678
0.502561 -0.497174 0.014273 2.978739 -0.470463 -4.115746 0.000000 0.000000 3.737241
0.502560 -0.497174 0.014271 2.978760 -0.470396 -4.115725 0.000000 0.000000 3.742805
0.502559 -0.497174 0.014269 2.978782 -0.470330 -4.115704 0.000000 0.000000 3.748368
0.502557 -0.497174 0.014268 2.978806 -0.470256 -4.115679 0.000000 0.000000 3.753519
0.502555 -0.497174 0.014266 2.978841 -0.470156 -4.115640 0.000000 0.000000 3.757022
0.502553 -0.497175 0.014265 2.978876 -0.470055 -4.115601 0.000000 0.000000 3.760525
0.502551 -0.497176 0.014264 2.978911 -0.469955 -4.115563 0.000000 0.000000 3.764029
0.502549 -0.497177 0.014263 2.978945 -0.469854 -4.115524 0.000000 0.000000 3.767532
0.502547 -0.497177 0.014262 2.978980 -0.469754 -4.115485 0.000000 0.000000 3.771035
0.502545 -0.497178 0.014261 2.979015 -0.469653 -4.115446 0.000000 0.000000 3.774538
0.502543 -0.497179 0.014259 2.979050 -0.469553 -4.115407 0.000000 0.000000 3.778041
0.502541 -0.497180 0.014258 2.979084 -0.469452 -4.115368 0.000000 0.000000 3.781544
0.502539 -0.497180 0.014257 2.979119 -0.469352 -4.115329 0.000000 0.000000 3.785047
0.502537 -0.497181 0.014256 2.979154 -0.469251 -4.115290 0.000000 0.000000 3.788550
0.502535 -0.497182 0.014255 2.979189 -0.469151 -4.115252 0.000000 0.000000 3.792053
0.502533 -0.497183 0.014254 2.979223 -0.469050 -4.115213 0.000000 0.000000 3.795556
0.502531 -0.497183 0.014252 2.979258 -0.468950 -4.115174 0.000000 0.000000 3.799059
0.502529 -0.497184 0.014251 2.979293 -0.468849 -4.115135 0.000000 0.000000 3.802562
0.502527 -0.497185 0.014250 2.979328 -0.468749 -4.115096 0.000000 0.000000 3.806065
0.502525 -0.497185 0.014249 2.979362 -0.468648 -4.115057 0.000000 0.000000 3.809568
0.502524 -0.497186 0.014248 2.979401 -0.468533 -4.115017 0.000000 0.000000 3.812563
0.502522 -0.497185 0.014248 2.979441 -0.468409 -4.114976 0.000000 0.000000 3.815254
0.502520 -0.497185 0.014247 2.979481 -0.468286 -4.114936 0.000000 0.000000 3.817946
0.502519 -0.497185 0.014247 2.979521 -0.468162 -4.114895 0.000000 0.000000 3.820638
0.502517 -0.497185 0.014247 2.979562 -0.468038 -4.114854 0.000000 0.000000 3.823330
0.502516 -0.497185 0.014246 2.979602 -0.467914 -4.114814 0.000000 0.000000 3.826021
0.502514 -0.497185 0.014246 2.979642 -0.467791 -4.114773 0.000000 0.000000 3.828713
0.502512 -0.497185 0.014246 2.979682 -0.467667 -4.114732 0.000000 0.000000 3.831405
0.502511 -0.497184 0.014245 2.979723 -0.467543 -4.114691 0.000000 0.000000 3.834097
0.502509 -0.497184 0.014245 2.979763 -0.467420 -4.114651 0.000000 0.000000 3.836788
0.502508 -0.497184 0.014244 2.979803 -0.467296 -4.114610 0.000000 0.000000 3.839480
0.502506 -0.497184 0.014244 2.979843 -0.467172 -4.114569 0.000000 0.000000 3.842172
0.502505 -0.497184 0.014244 2.979884 -0.467048 -4.114529 0.000000 0.000000 3.844864
0.502503 -0.497184 0.014243 2.979924 -0.466925 -4.114488 0.000000 0.000000 3.847555
0.502501 -0.497183 0.014243 2.979964 -0.466801 -4.114447 0.000000 0.000000 3.850247
0.502500 -0.497183 0.014242 2.980005 -0.466677 -4.114406 0.000000 0.000000 3.852939
0.502498 -0.497183 0.014242 2.980045 -0.466553 -4.114366 0.000000 0.000000 3.855532
0.502496 -0.497182 0.014242 2.980095 -0.466413 -4.114328 0.000000 0.000000 3.856398
0.502494 -0.497181 0.014242 2.980145 -0.466274 -4.114290 0.000000 0.000000 3.857264
0.502492 -0.497180 0.014241 2.980195 -0.466134 -4.114253 0.000000 0.000000 3.858130
0.502490 -0.497179 0.014241 2.980244 -0.465995 -4.114215 0.000000 0.000000 3.858996
0.502488 -0.497178 0.014241 2.980294 -0.465856 -4.114177 0.000000 0.000000 3.859862
0.502486 -0.497177 0.014241 2.980344 -0.465716 -4.114139 0.000000 0.000000 3.860728
0.502484 -0.497176 0.014240 2.980394 -0.465577 -4.114102 0.000000 0.000000 3.861594
0.502482 -0.497175 0.014240 2.980443 -0.465437 -4.114064 0.000000 0.000000 3.862460
0.502480 -0.497174 0.014240 2.980493 -0.465298 -4.114026 0.000000 0.000000 3.863326
0.502478 -0.497173 0.014240 2.980543 -0.465159 -4.113989 0.000000 0.000000 3.864192
0.502475 -0.497172 0.014239 2.980593 -0.465019 -4.113951 0.000000 0.000000 3.865059
0.502473 -0.497171 0.014239 2.980642 -0.464880 -4.113913 0.000000 0.000000 3.865925
0.502471 -0.497170 0.014239 2.980692 -0.464740 -4.113875 0.000000 0.000000 3.866791
0.502469 -0.497169 0.014239 2.980742 -0.464601 -4.113838 0.000000 0.000000 3.867657
0.502467 -0.497168 0.014238 2.980792 -0.464461 -4.113800 0.000000 0.000000 3.868523
0.502465 -0.497167 0.014238 2.980842 -0.464322 -4.113762 0.000000 0.000000 3.869389
0.502463 -0.497166 0.014238 2.980891 -0.464183 -4.113724 0.000000 0.000000 3.870255
0.502461 -0.497165 0.014238 2.980941 -0.464043 -4.113687 0.000000 0.000000 3.871121
0.502459 -0.497164 0.014237 2.980991 -0.463904 -4.113649 0.000000 0.000000 3.871987
0.502457 -0.497163 0.014237 2.981041 -0.463764 -4.113611 0.000000 0.000000 3.872853
0.502455 -0.497162 0.014237 2.981090 -0.463625 -4.113573 0.000000 0.000000 3.873719
0.502453 -0.497161 0.014237 2.981140 -0.463486 -4.113536 0.000000 0.000000 3.874585
0.502450 -0.497160 0.014238 2.981192 -0.463334 -4.113501 0.000000 0.000000 3.873796
0.502447 -0.497160 0.014240 2.981244 -0.463181 -4.113467 0.000000 0.000000 3.872932
0.502445 -0.497159 0.014241 2.981295 -0.463029 -4.113432 0.000000 0.000000 3.872068
0.502442 -0.497158 0.014243 2.981347 -0.462876 -4.113398 0.000000 0.000000 3.871205
0.502439 -0.497158 0.014245 2.981399 -0.462724 -4.113363 0.000000 0.000000 3.870341
0.502437 -0.497157 0.014246 2.981450 -0.462571 -4.113329 0.000000 0.000000 3.869477
0.502434 -0.497156 0.014248 2.981502 -0.462419 -4.113295 0.000000 0.000000 3.868613
0.502431 -0.497156 0.014250 2.981554 -0.462266 -4.113260 0.000000 0.000000 3.867749
0.502429 -0.497155 0.014251 2.981606 -0.462114 -4.113226 0.000000 0.000000 3.866885
0.502426 -0.497154 0.014253 2.981657 -0.461961 -4.113191 0.000000 0.000000 3.866022
0.502423 -0.497154 0.014255 2.981709 -0.461809 -4.113157 0.000000 0.000000 3.865158
0.502421 -0.497153 0.014256 2.981761 -0.461656 -4.113123 0.000000 0.000000 3.864294
0.502418 -0.497152 0.014258 2.981813 -0.461504 -4.113088 0.000000 0.000000 3.863430
0.502415 -0.497152 0.014260 2.981864 -0.461351 -4.113054 0.000000 0.000000 3.862566
0.502413 -0.497151 0.014261 2.981916 -0.461199 -4.113019 0.000000 0.000000 3.861702
0.502410 -0.497150 0.014263 2.981968 -0.461046 -4.112985 0.000000 0.000000 3.860839
0.502407 -0.497149 0.014265 2.982018 -0.460889 -4.112952 0.000000 0.000000 3.859737
0.502404 -0.497147 0.014269 2.982066 -0.460726 -4.112921 0.000000 0.000000 3.858253
0.502400 -0.497145 0.014272 2.982113 -0.460562 -4.112890 0.000000 0.000000 3.856769
0.502397 -0.497143 0.014275 2.982161 -0.460398 -4.112859 0.000000 0.000000 3.855285
0.502393 -0.497141 0.014279 2.982209 -0.460235 -4.112828 0.000000 0.000000 3.853802
0.502390 -0.497139 0.014282 2.982256 -0.460071 -4.112798 0.000000 0.000000 3.852318
0.502386 -0.497137 0.014285 2.982304 -0.459907 -4.112767 0.000000 0.000000 3.850834
0.502383 -0.497135 0.014289 2.982352 -0.459744 -4.112736 0.000000 0.000000 3.849350
0.502379 -0.497133 0.014292 2.982400 -0.459580 -4.112705 0.000000 0.000000 3.847867
0.502376 -0.497130 0.014295 2.982447 -0.459416 -4.112674 0.000000 0.000000 3.846383
0.502373 -0.497128 0.014298 2.982495 -0.459253 -4.112643 0.000000 0.000000 3.844899
0.502369 -0.497126 0.014302 2.982543 -0.459089 -4.112613 0.000000 0.000000 3.843415
0.502366 -0.497124 0.014305 2.982590 -0.458925 -4.112582 0.000000 0.000000 3.841932
0.502362 -0.497122 0.014308 2.982638 -0.458762 -4.112551 0.000000 0.000000 3.840448
0.502359 -0.497120 0.014312 2.982686 -0.458598 -4.112520 0.000000 0.000000 3.838964
0.502355 -0.497118 0.014315 2.982733 -0.458434 -4.112489 0.000000 0.000000 3.837480
0.502352 -0.497116 0.014318 2.982781 -0.458271 -4.112458 0.000000 0.000000 3.835997
0.502348 -0.497113 0.014324 2.982822 -0.458106 -4.112431 0.000000 0.000000 3.833452
0.502344 -0.497109 0.014329 2.982861 -0.457942 -4.112404 0.000000 0.000000 3.830661
0.502339 -0.497106 0.014335 2.982901 -0.457777 -4.112378 0.000000 0.000000 3.827870
0.502335 -0.497102 0.014341 2.982940 -0.457612 -4.112351 0.000000 0.000000 3.825079
0.502331 -0.497099 0.014347 2.982979 -0.457448 -4.112325 0.000000 0.000000 3.822288
0.502327 -0.497096 0.014352 2.983019 -0.457283 -4.112298 0.000000 0.000000 3.819497
0.502322 -0.497092 0.014358 2.983058 -0.457119 -4.112271 0.000000 0.000000 3.816705
0.502318 -0.497089 0.014364 2.983097 -0.456954 -4.112245 0.000000 0.000000 3.813914
0.502314 -0.497085 0.014370 2.983137 -0.456789 -4.112218 0.000000 0.000000 3.811123
0.502310 -0.497082 0.014375 2.983176 -0.456625 -4.112192 0.000000 0.000000 3.808332
0.502306 -0.497079 0.014381 2.983216 -0.456460 -4.112165 0.000000 0.000000 3.805541
0.502301 -0.497075 0.014387 2.983255 -0.456296 -4.112139 0.000000 0.000000 3.802750
0.502297 -0.497072 0.014393 2.983294 -0.456131 -4.112112 0.000000 0.000000 3.799958
0.502293 -0.497068 0.014399 2.983334 -0.455966 -4.112085 0.000000 0.000000 3.797167
0.502289 -0.497065 0.014404 2.983373 -0.455802 -4.112059 0.000000 0.000000 3.794376
0.502284 -0.497062 0.014410 2.983412 -0.455637 -4.112032 0.000000 0.000000 3.791585
0.502280 -0.497058 0.014416 2.983452 -0.455473 -4.112006 0.000000 0.000000 3.788794
0.502276 -0.497055 0.014422 2.983491 -0.455308 -4.111979 0.000000 0.000000 3.786003
0.502272 -0.497051 0.014427 2.983530 -0.455143 -4.111953 0.000000 0.000000 3.783211
0.502267 -0.497048 0.014433 2.983570 -0.454979 -4.111926 0.000000 0.000000 3.780420
0.502263 -0.497045 0.014439 2.983609 -0.454814 -4.111899 0.000000 0.000000 3.777629
0.502259 -0.497041 0.014445 2.983648 -0.454650 -4.111873 0.000000 0.000000 3.774838
0.502255 -0.497035 0.014451 2.983681 -0.454496 -4.111856 0.000000 0.000000 3.771007
0.502250 -0.497027 0.014459 2.983710 -0.454348 -4.111843 0.000000 0.000000 3.766759
0.502245 -0.497020 0.014466 2.983739 -0.454199 -4.111830 0.000000 0.000000 3.762511
0.502241 -0.497012 0.014473 2.983768 -0.454050 -4.111817 0.000000 0.000000 3.758263
0.502236 -0.497004 0.014480 2.983797 -0.453901 -4.111804 0.000000 0.000000 3.754014
0.502232 -0.496997 0.014487 2.983826 -0.453753 -4.111791 0.000000 0.000000 3.749766
0.502227 -0.496989 0.014494 2.983856 -0.453604 -4.111778 0.000000 0.000000 3.745518
0.502223 -0.496981 0.014501 2.983885 -0.453455 -4.111765 0.000000 0.000000 3.741270
0.502218 -0.496974 0.014508 2.983914 -0.453306 -4.111752 0.000000 0.000000 3.737022
0.502213 -0.496966 0.014515 2.983943 -0.453158 -4.111739 0.000000 0.000000 3.732774
0.502209 -0.496958 0.014522 2.983972 -0.453009 -4.111726 0.000000 0.000000 3.728526
0.502204 -0.496951 0.014529 2.984002 -0.452860 -4.111713 0.000000 0.000000 3.724278
0.502200 -0.496943 0.014536 2.984031 -0.452711 -4.111700 0.000000 0.000000 3.720030
0.502195 -0.496935 0.014543 2.984060 -0.452563 -4.111688 0.000000 0.000000 3.715782
0.502190 -0.496928 0.014551 2.984089 -0.452414 -4.111675 0.000000 0.000000 3.711534
0.502186 -0.496920 0.014558 2.984118 -0.452265 -4.111662 0.000000 0.000000 3.707286
0.502181 -0.496912 0.014565 2.984146 -0.452119 -4.111650 0.000000 0.000000 3.702967
0.502176 -0.496902 0.014574 2.984163 -0.451991 -4.111650 0.000000 0.000000 3.698222
0.502170 -0.496892 0.014583 2.984180 -0.451862 -4.111649 0.000000 0.000000 3.693477
0.502164 -0.496882 0.014592 2.984196 -0.451733 -4.111649 0.000000 0.000000 3.688732
0.502159 -0.496872 0.014601 2.984213 -0.451604 -4.111648 0.000000 0.000000 3.683987
0.502153 -0.496862 0.014610 2.984230 -0.451476 -4.111648 0.000000 0.000000 3.679241
0.502148 -0.496852 0.014618 2.984247 -0.451347 -4.111648 0.000000 0.000000 3.674496
0.502142 -0.496842 0.014627 2.984263 -0.451218 -4.111647 0.000000 0.000000 3.669751
0.502137 -0.496832 0.014636 2.984280 -0.451089 -4.111647 0.000000 0.000000 3.665006
0.502131 -0.496822 0.014645 2.984297 -0.450960 -4.111646 0.000000 0.000000 3.660261
0.502125 -0.496812 0.014654 2.984314 -0.450832 -4.111646 0.000000 0.000000 3.655516
0.502120 -0.496802 0.014663 2.984331 -0.450703 -4.111645 0.000000 0.000000 3.650770
0.502114 -0.496792 0.014672 2.984347 -0.450574 -4.111645 0.000000 0.000000 3.646025
0.502109 -0.496782 0.014681 2.984364 -0.450445 -4.111644 0.000000 0.000000 3.641280
0.502103 -0.496772 0.014690 2.984381 -0.450317 -4.111644 0.000000 0.000000 3.636535
0.502098 -0.496762 0.014699 2.984398 -0.450188 -4.111643 0.000000 0.000000 3.631790
0.502092 -0.496752 0.014708 2.984415 -0.450059 -4.111643 0.000000 0.000000 3.627044
0.502086 -0.496740 0.014718 2.984424 -0.449949 -4.111652 0.000000 0.000000 3.621819
0.502078 -0.496726 0.014731 2.984427 -0.449852 -4.111668 0.000000 0.000000 3.616229
0.502071 -0.496712 0.014743 2.984431 -0.449755 -4.111685 0.000000 0.000000 3.610639
0.502064 -0.496698 0.014755 2.984434 -0.449659 -4.111701 0.000000 0.000000 3.605049
0.502056 -0.496684 0.014767 2.984438 -0.449562 -4.111718 0.000000 0.000000 3.599459
0.502049 -0.496671 0.014779 2.984441 -0.449466 -4.111734 0.000000 0.000000 3.593868
0.502042 -0.496657 0.014792 2.984445 -0.449369 -4.111751 0.000000 0.000000 3.588278
0.502034 -0.496643 0.014804 2.984448 -0.449272 -4.111767 0.000000 0.000000 3.582688
0.502027 -0.496629 0.014816 2.984452 -0.449176 -4.111784 0.000000 0.000000 3.577098
0.502020 -0.496615 0.014828 2.984455 -0.449079 -4.111800 0.000000 0.000000 3.571508
0.502012 -0.496601 0.014840 2.984459 -0.448982 -4.111817 0.000000 0.000000 3.565917
0.502005 -0.496587 0.014853 2.984462 -0.448886 -4.111833 0.000000 0.000000 3.560327
0.501998 -0.496573 0.014865 2.984466 -0.448789 -4.111850 0.000000 0.000000 3.554737
0.501990 -0.496559 0.014877 2.984469 -0.448693 -4.111866 0.000000 0.000000 3.549147
0.501983 -0.496545 0.014889 2.984473 -0.448596 -4.111883 0.000000 0.000000 3.543557
0.501976 -0.496531 0.014901 2.984476 -0.448499 -4.111899 0.000000 0.000000 3.537967
0.501968 -0.496517 0.014914 2.984480 -0.448403 -4.111916 0.000000 0.000000 3.532376
0.501961 -0.496503 0.014926 2.984483 -0.448306 -4.111932 0.000000 0.000000 3.526786
0.501954 -0.496489 0.014938 2.984487 -0.448210 -4.111948 0.000000 0.000000 3.521196
0.501947 -0.496475 0.014950 2.984490 -0.448113 -4.111965 0.000000 0.000000 3.515606
0.501939 -0.496462 0.014962 2.984494 -0.448016 -4.111981 0.000000 0.000000 3.510016
0.501932 -0.496448 0.014975 2.984497 -0.447920 -4.111998 0.000000 0.000000 3.504426
0.501924 -0.496432 0.014988 2.984495 -0.447835 -4.112021 0.000000 0.000000 3.498773
0.501916 -0.496415 0.015003 2.984486 -0.447764 -4.112053 0.000000 0.000000 3.493049
0.501908 -0.496398 0.015018 2.984477 -0.447693 -4.112084 0.000000 0.000000 3.487325
0.501899 -0.496381 0.015032 2.984467 -0.447623 -4.112115 0.000000 0.000000 3.481601
0.501891 -0.496364 0.015047 2.984458 -0.447552 -4.112146 0.000000 0.000000 3.475877
0.501883 -0.496347 0.015062 2.984449 -0.447481 -4.112177 0.000000 0.000000 3.470154
0.501874 -0.496330 0.015077 2.984440 -0.447410 -4.112209 0.000000 0.000000 3.464430
0.501866 -0.496313 0.015092 2.984431 -0.447339 -4.112240 0.000000 0.000000 3.458706
0.501858 -0.496296 0.015106 2.984422 -0.447268 -4.112271 0.000000 0.000000 3.452982
0.501849 -0.496278 0.015121 2.984412 -0.447197 -4.112302 0.000000 0.000000 3.447258
0.501841 -0.496261 0.015136 2.984403 -0.447127 -4.112334 0.000000 0.000000 3.441535
0.501833 -0.496244 0.015151 2.984394 -0.447056 -4.112365 0.000000 0.000000 3.435811
0.501825 -0.496227 0.015165 2.984385 -0.446985 -4.112396 0.000000 0.000000 3.430087
0.501816 -0.496210 0.015180 2.984376 -0.446914 -4.112427 0.000000 0.000000 3.424363
0.501808 -0.496193 0.015195 2.984366 -0.446843 -4.112459 0.000000 0.000000 3.418639
0.501800 -0.496176 0.015210 2.984357 -0.446772 -4.112490 0.000000 0.000000 3.412916
0.501791 -0.496159 0.015225 2.984348 -0.446701 -4.112521 0.000000 0.000000 3.407192
0.501782 -0.496139 0.015241 2.984332 -0.446650 -4.112567 0.000000 0.000000 3.401596
0.501773 -0.496120 0.015257 2.984316 -0.446602 -4.112614 0.000000 0.000000 3.396014
0.501763 -0.496100 0.015273 2.984300 -0.446553 -4.112661 0.000000 0.000000 3.390433
0.501754 -0.496081 0.015289 2.984283 -0.446504 -4.112708 0.000000 0.000000 3.384851
0.501745 -0.496061 0.015306 2.984267 -0.446455 -4.112756 0.000000 0.000000 3.379270
0.501735 -0.496042 0.015322 2.984250 -0.446406 -4.112803 0.000000 0.000000 3.373688
0.501726 -0.496022 0.015338 2.984234 -0.446358 -4.112850 0.000000 0.000000 3.368107
0.501716 -0.496002 0.015354 2.984217 -0.446309 -4.112897 0.000000 0.000000 3.362525
0.501707 -0.495983 0.015371 2.984201 -0.446260 -4.112944 0.000000 0.000000 3.356944
0.501698 -0.495963 0.015387 2.984184 -0.446211 -4.112992 0.000000 0.000000 3.351362
0.501688 -0.495944 0.015403 2.984168 -0.446163 -4.113039 0.000000 0.000000 3.345781
0.501679 -0.495924 0.015420 2.984151 -0.446114 -4.113086 0.000000 0.000000 3.340199
0.501669 -0.495905 0.015436 2.984135 -0.446065 -4.113133 0.000000 0.000000 3.334617
0.501660 -0.495885 0.015452 2.984118 -0.446016 -4.113181 0.000000 0.000000 3.329036
0.501651 -0.495865 0.015468 2.984102 -0.445967 -4.113228 0.000000 0.000000 3.323454
0.501641 -0.495846 0.015485 2.984086 -0.445919 -4.113275 0.000000 0.000000 3.317873
0.501632 -0.495825 0.015501 2.984066 -0.445877 -4.113328 0.000000 0.000000 3.312221
0.501622 -0.495803 0.015518 2.984041 -0.445850 -4.113391 0.000000 0.000000 3.306423
0.501613 -0.495781 0.015535 2.984017 -0.445823 -4.113455 0.000000 0.000000 3.300625
0.501603 -0.495758 0.015552 2.983992 -0.445796 -4.113519 0.000000 0.000000 3.294827
0.501594 -0.495736 0.015569 2.983967 -0.445769 -4.113582 0.000000 0.000000 3.289029
0.501584 -0.495713 0.015586 2.983942 -0.445742 -4.113646 0.000000 0.000000 3.283232
0.501574 -0.495691 0.015603 2.983917 -0.445715 -4.113710 0.000000 0.000000 3.277434
0.501565 -0.495669 0.015620 2.983892 -0.445688 -4.113773 0.000000 0.000000 3.271636
0.501555 -0.495646 0.015637 2.983867 -0.445661 -4.113837 0.000000 0.000000 3.265838
0.501546 -0.495624 0.015654 2.983842 -0.445634 -4.113901 0.000000 0.000000 3.260040
0.501536 -0.495601 0.015671 2.983817 -0.445607 -4.113964 0.000000 0.000000 3.254242
0.501527 -0.495579 0.015688 2.983792 -0.445580 -4.114028 0.000000 0.000000 3.248444
0.501517 -0.495557 0.015705 2.983767 -0.445553 -4.114092 0.000000 0.000000 3.242646
0.501508 -0.495534 0.015722 2.983743 -0.445526 -4.114155 0.000000 0.000000 3.236848
0.501498 -0.495512 0.015739 2.983718 -0.445498 -4.114219 0.000000 0.000000 3.231051
0.501488 -0.495489 0.015756 2.983693 -0.445471 -4.114283 0.000000 0.000000 3.225253
0.501479 -0.495467 0.015773 2.983668 -0.445444 -4.114346 0.000000 0.000000 3.219455
0.501469 -0.495445 0.015790 2.983643 -0.445417 -4.114410 0.000000 0.000000 3.213657
0.501460 -0.495422 0.015807 2.983618 -0.445390 -4.114474 0.000000 0.000000 3.207859
0.501450 -0.495400 0.015824 2.983593 -0.445363 -4.114537 0.000000 0.000000 3.202061
0.501441 -0.495378 0.015841 2.983568 -0.445336 -4.114601 0.000000 0.000000 3.196263
0.501431 -0.495355 0.015858 2.983543 -0.445309 -4.114664 0.000000 0.000000 3.190465
0.501421 -0.495332 0.015876 2.983517 -0.445290 -4.114733 0.000000 0.000000 3.184704
0.501410 -0.495306 0.015895 2.983484 -0.445296 -4.114818 0.000000 0.000000 3.179067
0.501400 -0.495279 0.015914 2.983451 -0.445303 -4.114903 0.000000 0.000000 3.173431
0.501389 -0.495253 0.015933 2.983418 -0.445309 -4.114988 0.000000 0.000000 3.167794
0.501378 -0.495227 0.015952 2.983386 -0.445316 -4.115073 0.000000 0.000000 3.162158
0.501367 -0.495200 0.015971 2.983353 -0.445322 -4.115158 0.000000 0.000000 3.156521
0.501356 -0.495174 0.015990 2.983320 -0.445328 -4.115243 0.000000 0.000000 3.150884
0.501345 -0.495148 0.016009 2.983287 -0.445335 -4.115328 0.000000 0.000000 3.145248
0.501334 -0.495122 0.016028 2.983255 -0.445341 -4.115413 0.000000 0.000000 3.139611
0.501323 -0.495095 0.016047 2.983222 -0.445348 -4.115498 0.000000 0.000000 3.133974
0.501312 -0.495069 0.016066 2.983189 -0.445354 -4.115583 0.000000 0.000000 3.128338
0.501302 -0.495043 0.016085 2.983156 -0.445361 -4.115668 0.000000 0.000000 3.122701
0.501291 -0.495016 0.016104 2.983123 -0.445367 -4.115753 0.000000 0.000000 3.117065
0.501280 -0.494990 0.016123 2.983091 -0.445373 -4.115838 0.000000 0.000000 3.111428
0.501269 -0.494964 0.016142 2.983058 -0.445380 -4.115923 0.000000 0.000000 3.105791
0.501258 -0.494938 0.016161 2.983025 -0.445386 -4.116008 0.000000 0.000000 3.100155
0.501247 -0.494911 0.016180 2.982992 -0.445393 -4.116093 0.000000 0.000000 3.094518
0.501234 -0.494882 0.016201 2.982956 -0.445417 -4.116188 0.000000 0.000000 3.088792
0.501221 -0.494852 0.016223 2.982919 -0.445450 -4.116288 0.000000 0.000000 3.083018
0.501208 -0.494822 0.016245 2.982881 -0.445483 -4.116389 0.000000 0.000000 3.077245
0.501194 -0.494792 0.016267 2.982843 -0.445516 -4.116490 0.000000 0.000000 3.071471
0.501181 -0.494761 0.016289 2.982805 -0.445549 -4.116590 0.000000 0.000000 3.065697
0.501167 -0.494731 0.016311 2.982767 -0.445583 -4.116691 0.000000 0.000000 3.059924
0.501154 -0.494701 0.016333 2.982730 -0.445616 -4.116791 0.000000 0.000000 3.054150
0.501140 -0.494671 0.016355 2.982692 -0.445649 -4.116892 0.000000 0.000000 3.048377
0.501127 -0.494641 0.016376 2.982654 -0.445682 -4.116993 0.000000 0.000000 3.042603
0.501113 -0.494610 0.016398 2.982616 -0.445716 -4.117093 0.000000 0.000000 3.036830
0.501100 -0.494580 0.016420 2.982578 -0.445749 -4.117194 0.000000 0.000000 3.031056
0.501086 -0.494550 0.016442 2.982541 -0.445782 -4.117295 0.000000 0.000000 3.025282
0.501073 -0.494520 0.016464 2.982503 -0.445815 -4.117395 0.000000 0.000000 3.019509
0.501059 -0.494489 0.016486 2.982465 -0.445848 -4.117496 0.000000 0.000000 3.013735
0.501046 -0.494459 0.016508 2.982427 -0.445882 -4.117596 0.000000 0.000000 3.007962
0.501032 -0.494429 0.016530 2.982389 -0.445915 -4.117697 0.000000 0.000000 3.002188
0.501019 -0.494398 0.016552 2.982351 -0.445950 -4.117798 0.000000 0.000000 2.996489
0.501003 -0.494363 0.016577 2.982306 -0.446004 -4.117903 0.000000 0.000000 2.991629
0.500988 -0.494328 0.016602 2.982261 -0.446058 -4.118007 0.000000 0.000000 2.986769
0.500972 -0.494293 0.016628 2.982215 -0.446112 -4.118112 0.000000 0.000000 2.981909
0.500957 -0.494258 0.016653 2.982170 -0.446166 -4.118217 0.000000 0.000000 2.977049
0.500942 -0.494223 0.016678 2.982125 -0.446220 -4.118322 0.000000 0.000000 2.972190
0.500926 -0.494188 0.016703 2.982080 -0.446274 -4.118426 0.000000 0.000000 2.967330
0.500911 -0.494153 0.016729 2.982035 -0.446328 -4.118531 0.000000 0.000000 2.962470
0.500896 -0.494118 0.016754 2.981989 -0.446382 -4.118636 0.000000 0.000000 2.957610
0.500880 -0.494083 0.016779 2.981944 -0.446436 -4.118741 0.000000 0.000000 2.952750
0.500865 -0.494048 0.016804 2.981899 -0.446490 -4.118845 0.000000 0.000000 2.947890
0.500850 -0.494013 0.016830 2.981854 -0.446544 -4.118950 0.000000 0.000000 2.943030
0.500834 -0.493978 0.016855 2.981809 -0.446598 -4.119055 0.000000 0.000000 2.938170
0.500819 -0.493943 0.016880 2.981763 -0.446652 -4.119159 0.000000 0.000000 2.933310
0.500804 -0.493908 0.016905 2.981718 -0.446706 -4.119264 0.000000 0.000000 2.928450
0.500788 -0.493873 0.016931 2.981673 -0.446760 -4.119369 0.000000 0.000000 2.923590
0.500773 -0.493838 0.016956 2.981628 -0.446814 -4.119474 0.000000 0.000000 2.918730
0.500758 -0.493803 0.016981 2.981583 -0.446868 -4.119578 0.000000 0.000000 2.913870
0.500742 -0.493768 0.017006 2.981538 -0.446922 -4.119683 0.000000 0.000000 2.909010
0.500727 -0.493733 0.017031 2.981492 -0.446976 -4.119788 0.000000 0.000000 2.904150
0.500712 -0.493698 0.017057 2.981447 -0.447030 -4.119893 0.000000 0.000000 2.899291
0.500696 -0.493663 0.017082 2.981402 -0.447084 -4.119997 0.000000 0.000000 2.894431
0.500681 -0.493628 0.017107 2.981357 -0.447139 -4.120102 0.000000 0.000000 2.889571
0.500662 -0.493587 0.017136 2.981304 -0.447213 -4.120207 0.000000 0.000000 2.886091
0.500644 -0.493546 0.017166 2.981252 -0.447287 -4.120312 0.000000 0.000000 2.882634
0.500625 -0.493506 0.017195 2.981199 -0.447362 -4.120417 0.000000 0.000000 2.879176
0.500606 -0.493465 0.017224 2.981147 -0.447436 -4.120522 0.000000 0.000000 2.875719
0.500588 -0.493424 0.017254 2.981094 -0.447511 -4.120627 0.000000 0.000000 2.872261
0.500569 -0.493383 0.017283 2.981042 -0.447585 -4.120731 0.000000 0.000000 2.868804
0.500550 -0.493342 0.017312 2.980989 -0.447660 -4.120836 0.000000 0.000000 2.865346
0.500531 -0.493302 0.017341 2.980937 -0.447734 -4.120941 0.000000 0.000000 2.861888
0.500513 -0.493261 0.017371 2.980884 -0.447808 -4.121046 0.000000 0.000000 2.858431
0.500494 -0.493220 0.017400 2.980832 -0.447883 -4.121151 0.000000 0.000000 2.854973
0.500475 -0.493179 0.017429 2.980779 -0.447957 -4.121256 0.000000 0.000000 2.851516
0.500456 -0.493139 0.017458 2.980727 -0.448032 -4.121361 0.000000 0.000000 2.848058
0.500438 -0.493098 0.017488 2.980674 -0.448106 -4.121466 0.000000 0.000000 2.844601
0.500419 -0.493057 0.017517 2.980622 -0.448181 -4.121571 0.000000 0.000000 2.841143
0.500400 -0.493016 0.017546 2.980569 -0.448255 -4.121675 0.000000 0.000000 2.837685
0.500381 -0.492976 0.017575 2.980517 -0.448330 -4.121780 0.000000 0.000000 2.834228
0.500361 -0.492932 0.017607 2.980460 -0.448412 -4.121880 0.000000 0.000000 2.830979
0.500340 -0.492886 0.017642 2.980396 -0.448507 -4.121973 0.000000 0.000000 2.828029
0.500318 -0.492839 0.017677 2.980333 -0.448601 -4.122066 0.000000 0.000000 2.825080
0.500296 -0.492793 0.017712 2.980269 -0.448695 -4.122159 0.000000 0.000000 2.822130
0.500274 -0.492746 0.017747 2.980206 -0.448789 -4.122251 0.000000 0.000000 2.819180
0.500252 -0.492700 0.017782 2.980142 -0.448884 -4.122344 0.000000 0.000000 2.816230
0.500231 -0.492653 0.017817 2.980078 -0.448978 -4.122437 0.000000 0.000000 2.813280
0.500209 -0.492606 0.017852 2.980015 -0.449072 -4.122530 0.000000 0.000000 2.810330
0.500187 -0.492560 0.017888 2.979951 -0.449167 -4.122622 0.000000 0.000000 2.807380
0.500165 -0.492513 0.017923 2.979888 -0.449261 -4.122715 0.000000 0.000000 2.804430
0.500143 -0.492467 0.017958 2.979824 -0.449355 -4.122808 0.000000 0.000000 2.801481
0.500122 -0.492420 0.017993 2.979761 -0.449449 -4.122901 0.000000 0.000000 2.798531
0.500100 -0.492374 0.018028 2.979697 -0.449544 -4.122993 0.000000 0.000000 2.795581
0.500078 -0.492327 0.018063 2.979634 -0.449638 -4.123086 0.000000 0.000000 2.792631
0.500056 -0.492280 0.018098 2.979570 -0.449732 -4.123179 0.000000 0.000000 2.789681
0.500034 -0.492234 0.018133 2.979507 -0.449826 -4.123272 0.000000 0.000000 2.786731
0.500013 -0.492187 0.018168 2.979443 -0.449921 -4.123364 0.000000 0.000000 2.783781
0.499988 -0.492134 0.018209 2.979370 -0.450046 -4.123452 0.000000 0.000000 2.781493
0.499963 -0.492080 0.018251 2.979295 -0.450177 -4.123538 0.000000 0.000000 2.779332
0.499939 -0.492025 0.018293 2.979220 -0.450309 -4.123625 0.000000 0.000000 2.777171
0.499914 -0.491971 0.018335 2.979145 -0.450440 -4.123711 0.000000 0.000000 2.775011
0.499889 -0.491916 0.018378 2.979070 -0.450571 -4.123798 0.000000 0.000000 2.772850
0.499864 -0.491862 0.018420 2.978995 -0.450702 -4.123884 0.000000 0.000000 2.770689
0.499839 -0.491808 0.018462 2.978920 -0.450834 -4.123971 0.000000 0.000000 2.768528
0.499814 -0.491753 0.018504 2.978845 -0.450965 -4.124057 0.000000 0.000000 2.766367
0.499789 -0.491699 0.018546 2.978771 -0.451096 -4.124143 0.000000 0.000000 2.764206
0.499764 -0.491644 0.018589 2.978696 -0.451228 -4.124230 0.000000 0.000000 2.762045
0.499740 -0.491590 0.018631 2.978621 -0.451359 -4.124316 0.000000 0.000000 2.759884
0.499715 -0.491536 0.018673 2.978546 -0.451490 -4.124403 0.000000 0.000000 2.757723
0.499690 -0.491481 0.018715 2.978471 -0.451621 -4.124489 0.000000 0.000000 2.755562
0.499665 -0.491427 0.018757 2.978396 -0.451753 -4.124576 0.000000 0.000000 2.753402
0.499640 -0.491372 0.018799 2.978321 -0.451884 -4.124662 0.000000 0.000000 2.751241
0.499615 -0.491318 0.018842 2.978246 -0.452015 -4.124749 0.000000 0.000000 2.749080
0.499590 -0.491263 0.018884 2.978171 -0.452147 -4.124835 0.000000 0.000000 2.746919
0.499565 -0.491209 0.018926 2.978096 -0.452278 -4.124922 0.000000 0.000000 2.744758
0.499541 -0.491155 0.018968 2.978021 -0.452409 -4.125008 0.000000 0.000000 2.742597
0.499516 -0.491100 0.019010 2.977946 -0.452540 -4.125095 0.000000 0.000000 2.740436
0.499491 -0.491046 0.019052 2.977871 -0.452672 -4.125181 0.000000 0.000000 2.738275
0.499466 -0.490991 0.019095 2.977796 -0.452803 -4.125267 0.000000 0.000000 2.736114
0.499439 -0.490931 0.019142 2.977715 -0.452968 -4.125354 0.000000 0.000000 2.734611
0.499412 -0.490868 0.019191 2.977630 -0.453145 -4.125440 0.000000 0.000000 2.733337
0.499384 -0.490805 0.019241 2.977546 -0.453321 -4.125526 0.000000 0.000000 2.732064
0.499357 -0.490742 0.019290 2.977462 -0.453498 -4.125613 0.000000 0.000000 2.730790
0.499329 -0.490679 0.019339 2.977378 -0.453675 -4.125699 0.000000 0.000000 2.729516
0.499302 -0.490616 0.019388 2.977294 -0.453851 -4.125785 0.000000 0.000000 2.728242
0.499274 -0.490553 0.019438 2.977210 -0.454028 -4.125871 0.000000 0.000000 2.726969
0.499247 -0.490490 0.019487 2.977125 -0.454204 -4.125958 0.000000 0.000000 2.725695
0.499219 -0.490427 0.019536 2.977041 -0.454381 -4.126044 0.000000 0.000000 2.724421
0.499192 -0.490364 0.019585 2.976957 -0.454558 -4.126130 0.000000 0.000000 2.723147
0.499164 -0.490301 0.019635 2.976873 -0.454734 -4.126216 0.000000 0.000000 2.721873
0.499137 -0.490238 0.019684 2.976789 -0.454911 -4.126303 0.000000 0.000000 2.720600
0.499109 -0.490175 0.019733 2.976705 -0.455088 -4.126389 0.000000 0.000000 2.719326
0.499082 -0.490112 0.019782 2.976620 -0.455264 -4.126475 0.000000 0.000000 2.718052
0.499054 -0.490049 0.019832 2.976536 -0.455441 -4.126561 0.000000 0.000000 2.716778
0.499027 -0.489986 0.019881 2.976452 -0.455618 -4.126648 0.000000 0.000000 2.715505
0.498999 -0.489922 0.019931 2.976366 -0.455802 -4.126736 0.000000 0.000000 2.714186
0.498970 -0.489852 0.019989 2.976269 -0.456026 -4.126833 0.000000 0.000000 2.712643
0.498942 -0.489782 0.020046 2.976173 -0.456250 -4.126931 0.000000 0.000000 2.711101
0.498913 -0.489712 0.020103 2.976076 -0.456474 -4.127029 0.000000 0.000000 2.709558
0.498885 -0.489642 0.020160 2.975979 -0.456698 -4.127126 0.000000 0.000000 2.708016
0.498856 -0.489572 0.020217 2.975883 -0.456921 -4.127224 0.000000 0.000000 2.706474
0.498828 -0.489502 0.020275 2.975786 -0.457145 -4.127321 0.000000 0.000000 2.704931
0.498799 -0.489433 0.020332 2.975689 -0.457369 -4.127419 0.000000 0.000000 2.703389
0.498771 -0.489363 0.020389 2.975593 -0.457593 -4.127516 0.000000 0.000000 2.701847
0.498742 -0.489293 0.020446 2.975496 -0.457817 -4.127614 0.000000 0.000000 2.700304
0.498714 -0.489223 0.020503 2.975399 -0.458040 -4.127712 0.000000 0.000000 2.698762
0.498685 -0.489153 0.020561 2.975303 -0.458264 -4.127809 0.000000 0.000000 2.697220
0.498657 -0.489083 0.020618 2.975206 -0.458488 -4.127907 0.000000 0.000000 2.695677
0.498628 -0.489013 0.020675 2.975109 -0.458712 -4.128004 0.000000 0.000000 2.694135
0.498600 -0.488943 0.020732 2.975013 -0.458936 -4.128102 0.000000 0.000000 2.692593
0.498571 -0.488873 0.020789 2.974916 -0.459160 -4.128199 0.000000 0.000000 2.691050
0.498543 -0.488803 0.020847 2.974819 -0.459383 -4.128297 0.000000 0.000000 2.689508
0.498514 -0.488730 0.020908 2.974716 -0.459636 -4.128408 0.000000 0.000000 2.687756
0.498486 -0.488654 0.020972 2.974607 -0.459907 -4.128529 0.000000 0.000000 2.685863
0.498458 -0.488578 0.021036 2.974498 -0.460179 -4.128650 0.000000 0.000000 2.683969
0.498429 -0.488502 0.021100 2.974389 -0.460450 -4.128771 0.000000 0.000000 2.682076
0.498401 -0.488426 0.021163 2.974280 -0.460722 -4.128892 0.000000 0.000000 2.680182
0.498373 -0.488350 0.021227 2.974172 -0.460993 -4.129012 0.000000 0.000000 2.678289
0.498344 -0.488274 0.021291 2.974063 -0.461265 -4.129133 0.000000 0.000000 2.676395
0.498316 -0.488199 0.021355 2.973954 -0.461536 -4.129254 0.000000 0.000000 2.674502
0.498288 -0.488123 0.021419 2.973845 -0.461808 -4.129375 0.000000 0.000000 2.672608
0.498259 -0.488047 0.021483 2.973737 -0.462080 -4.129496 0.000000 0.000000 2.670715
0.498231 -0.487971 0.021547 2.973628 -0.462351 -4.129616 0.000000 0.000000 2.668821
0.498203 -0.487895 0.021611 2.973519 -0.462623 -4.129737 0.000000 0.000000 2.666928
0.498174 -0.487819 0.021675 2.973410 -0.462894 -4.129858 0.000000 0.000000 2.665034
0.498146 -0.487743 0.021739 2.973302 -0.463166 -4.129979 0.000000 0.000000 2.663140
0.498118 -0.487668 0.021802 2.973193 -0.463437 -4.130100 0.000000 0.000000 2.661247
0.498089 -0.487592 0.021866 2.973084 -0.463709 -4.130220 0.000000 0.000000 2.659353
0.498061 -0.487516 0.021930 2.972975 -0.463980 -4.130341 0.000000 0.000000 2.657460
0.498033 -0.487440 0.021994 2.972866 -0.464252 -4.130462 0.000000 0.000000 2.655566
0.498004 -0.487364 0.022058 2.972758 -0.464523 -4.130583 0.000000 0.000000 2.653673
0.497976 -0.487288 0.022122 2.972649 -0.464795 -4.130704 0.000000 0.000000 2.651779
0.497947 -0.487212 0.022186 2.972540 -0.465067 -4.130825 0.000000 0.000000 2.649886
0.497919 -0.487136 0.022250 2.972431 -0.465338 -4.130945 0.000000 0.000000 2.647992
0.497891 -0.487059 0.022317 2.972320 -0.465636 -4.131081 0.000000 0.000000 2.646409
0.497862 -0.486978 0.022388 2.972205 -0.465959 -4.131233 0.000000 0.000000 2.645138
0.497833 -0.486898 0.022458 2.972091 -0.466282 -4.131385 0.000000 0.000000 2.643867
0.497805 -0.486818 0.022529 2.971976 -0.466606 -4.131536 0.000000 0.000000 2.642597
0.497776 -0.486738 0.022600 2.971862 -0.466929 -4.131688 0.000000 0.000000 2.641326
0.497748 -0.486658 0.022670 2.971747 -0.467253 -4.131839 0.000000 0.000000 2.640055
0.497719 -0.486578 0.022741 2.971632 -0.467576 -4.131991 0.000000 0.000000 2.638784
0.497690 -0.486498 0.022812 2.971518 -0.467900 -4.132143 0.000000 0.000000 2.637513
0.497662 -0.486418 0.022882 2.971403 -0.468223 -4.132294 0.000000 0.000000 2.636242
0.497633 -0.486338 0.022953 2.971289 -0.468547 -4.132446 0.000000 0.000000 2.634972
0.497604 -0.486258 0.023024 2.971174 -0.468870 -4.132597 0.000000 0.000000 2.633701
0.497576 -0.486178 0.023095 2.971060 -0.469194 -4.132749 0.000000 0.000000 2.632430
0.497547 -0.486098 0.023165 2.970945 -0.469517 -4.132900 0.000000 0.000000 2.631159
0.497519 -0.486018 0.023236 2.970831 -0.469841 -4.133052 0.000000 0.000000 2.629888
0.497490 -0.485938 0.023307 2.970716 -0.470164 -4.133204 0.000000 0.000000 2.628618
0.497461 -0.485858 0.023377 2.970602 -0.470487 -4.133355 0.000000 0.000000 2.627347
0.497433 -0.485778 0.023448 2.970487 -0.470811 -4.133507 0.000000 0.000000 2.626076
0.497403 -0.485695 0.023524 2.970368 -0.471180 -4.133687 0.000000 0.000000 2.625090
0.497374 -0.485612 0.023601 2.970248 -0.471554 -4.133869 0.000000 0.000000 2.624128
0.497344 -0.485528 0.023678 2.970129 -0.471927 -4.134051 0.000000 0.000000 2.623165
0.497314 -0.485445 0.023754 2.970009 -0.472300 -4.134234 0.000000 0.000000 2.622202
0.497285 -0.485362 0.023831 2.969889 -0.472673 -4.134416 0.000000 0.000000 2.621240
0.497255 -0.485278 0.023908 2.969770 -0.473046 -4.134598 0.000000 0.000000 2.620277
0.497226 -0.485195 0.023985 2.969650 -0.473420 -4.134781 0.000000 0.000000 2.619315
0.497196 -0.485112 0.024061 2.969530 -0.473793 -4.134963 0.000000 0.000000 2.618352
0.497166 -0.485028 0.024138 2.969411 -0.474166 -4.135145 0.000000 0.000000 2.617389
0.497137 -0.484945 0.024215 2.969291 -0.474539 -4.135327 0.000000 0.000000 2.616427
0.497107 -0.484862 0.024292 2.969172 -0.474912 -4.135510 0.000000 0.000000 2.615464
0.497078 -0.484778 0.024368 2.969052 -0.475285 -4.135692 0.000000 0.000000 2.614502
0.497048 -0.484695 0.024445 2.968932 -0.475659 -4.135874 0.000000 0.000000 2.613539
0.497018 -0.484612 0.024522 2.968813 -0.476032 -4.136057 0.000000 0.000000 2.612576
0.496989 -0.484528 0.024599 2.968693 -0.476405 -4.136239 0.000000 0.000000 2.611614
0.496959 -0.484445 0.024675 2.968573 -0.476778 -4.136421 0.000000 0.000000 2.610651
0.496930 -0.484362 0.024753 2.968451 -0.477161 -4.136610 0.000000 0.000000 2.609781
0.496901 -0.484278 0.024834 2.968322 -0.477560 -4.136811 0.000000 0.000000 2.609081
0.496872 -0.484194 0.024915 2.968193 -0.477959 -4.137012 0.000000 0.000000 2.608381
0.496843 -0.484110 0.024996 2.968064 -0.478359 -4.137213 0.000000 0.000000 2.607681
0.496814 -0.484026 0.025076 2.967935 -0.478758 -4.137414 0.000000 0.000000 2.606980
0.496785 -0.483942 0.025157 2.967806 -0.479157 -4.137615 0.000000 0.000000 2.606280
0.496755 -0.483858 0.025238 2.967677 -0.479557 -4.137816 0.000000 0.000000 2.605580
0.496726 -0.483774 0.025318 2.967548 -0.479956 -4.138017 0.000000 0.000000 2.604880
0.496697 -0.483690 0.025399 2.967419 -0.480355 -4.138218 0.000000 0.000000 2.604179
0.496668 -0.483606 0.025480 2.967290 -0.480755 -4.138419 0.000000 0.000000 2.603479
0.496639 -0.483523 0.025561 2.967161 -0.481154 -4.138619 0.000000 0.000000 2.602779
0.496610 -0.483439 0.025641 2.967032 -0.481553 -4.138820 0.000000 0.000000 2.602079
0.496581 -0.483355 0.025722 2.966903 -0.481953 -4.139021 0.000000 0.000000 2.601378
0.496552 -0.483271 0.025803 2.966774 -0.482352 -4.139222 0.000000 0.000000 2.600678
0.496523 -0.483187 0.025884 2.966645 -0.482751 -4.139423 0.000000 0.000000 2.599978
0.496494 -0.483103 0.025964 2.966516 -0.483151 -4.139624 0.000000 0.000000 2.599278
0.496465 -0.483019 0.026045 2.966387 -0.483550 -4.139825 0.000000 0.000000 2.598578
0.496436 -0.482935 0.026126 2.966258 -0.483949 -4.140026 0.000000 0.000000 2.597877
0.496407 -0.482851 0.026206 2.966129 -0.484349 -4.140227 0.000000 0.000000 2.597177
0.496378 -0.482767 0.026287 2.966000 -0.484748 -4.140428 0.000000 0.000000 2.596477
0.496349 -0.482683 0.026368 2.965871 -0.485147 -4.140629 0.000000 0.000000 2.595777
0.496320 -0.482600 0.026449 2.965742 -0.485547 -4.140830 0.000000 0.000000 2.595076
0.496290 -0.482515 0.026531 2.965611 -0.485957 -4.141037 0.000000 0.000000 2.594499
0.496261 -0.482429 0.026617 2.965471 -0.486399 -4.141262 0.000000 0.000000 2.594280
0.496232 -0.482343 0.026704 2.965332 -0.486842 -4.141487 0.000000 0.000000 2.594061
0.496203 -0.482256 0.026791 2.965193 -0.487284 -4.141712 0.000000 0.000000 2.593841
0.496173 -0.482170 0.026877 2.965054 -0.487727 -4.141938 0.000000 0.000000 2.593622
0.496144 -0.482084 0.026964 2.964914 -0.488169 -4.142163 0.000000 0.000000 2.593403
0.496115 -0.481998 0.027051 2.964775 -0.488611 -4.142388 0.000000 0.000000 2.593184
0.496086 -0.481912 0.027137 2.964636 -0.489054 -4.142613 0.000000 0.000000 2.592965
0.496056 -0.481825 0.027224 2.964497 -0.489496 -4.142838 0.000000 0.000000 2.592746
0.496027 -0.481739 0.027310 2.964357 -0.489939 -4.143063 0.000000 0.000000 2.592526
0.495998 -0.481653 0.027397 2.964218 -0.490381 -4.143288 0.000000 0.000000 2.592307
0.495969 -0.481567 0.027484 2.964079 -0.490824 -4.143514 0.000000 0.000000 2.592088
0.495939 -0.481480 0.027570 2.963940 -0.491266 -4.143739 0.000000 0.000000 2.591869
0.495910 -0.481394 0.027657 2.963800 -0.491708 -4.143964 0.000000 0.000000 2.591650
0.495881 -0.481308 0.027743 2.963661 -0.492151 -4.144189 0.000000 0.000000 2.591430
0.495852 -0.481222 0.027830 2.963522 -0.492593 -4.144414 0.000000 0.000000 2.591211
0.495822 -0.481136 0.027917 2.963383 -0.493036 -4.144639 0.000000 0.000000 2.590992
0.495793 -0.481048 0.028007 2.963241 -0.493502 -4.144878 0.000000 0.000000 2.590395
0.495762 -0.480961 0.028099 2.963098 -0.493980 -4.145123 0.000000 0.000000 2.589621
0.495732 -0.480873 0.028191 2.962955 -0.494458 -4.145367 0.000000 0.000000 2.588848
0.495702 -0.480785 0.028283 2.962811 -0.494936 -4.145612 0.000000 0.000000 2.588075
0.495672 -0.480697 0.028375 2.962668 -0.495414 -4.145857 0.000000 0.000000 2.587302
0.495642 -0.480610 0.028467 2.962525 -0.495892 -4.146101 0.000000 0.000000 2.586528
0.495611 -0.480522 0.028559 2.962382 -0.496370 -4.146346 0.000000 0.000000 2.585755
0.495581 -0.480434 0.028650 2.962239 -0.496848 -4.146591 0.000000 0.000000 2.584982
0.495551 -0.480346 0.028742 2.962096 -0.497326 -4.146836 0.000000 0.000000 2.584208
0.495521 -0.480259 0.028834 2.961953 -0.497804 -4.147080 0.000000 0.000000 2.583435
0.495491 -0.480171 0.028926 2.961810 -0.498282 -4.147325 0.000000 0.000000 2.582662
0.495460 -0.480083 0.029018 2.961667 -0.498760 -4.147570 0.000000 0.000000 2.581889
0.495430 -0.479995 0.029110 2.961524 -0.499238 -4.147815 0.000000 0.000000 2.581115
0.495400 -0.479908 0.029202 2.961381 -0.499716 -4.148059 0.000000 0.000000 2.580342
0.495370 -0.479820 0.029294 2.961238 -0.500194 -4.148304 0.000000 0.000000 2.579569
0.495339 -0.479732 0.029386 2.961095 -0.500672 -4.148549 0.000000 0.000000 2.578795
0.495309 -0.479644 0.029479 2.960951 -0.501154 -4.148795 0.000000 0.000000 2.578011
0.495276 -0.479555 0.029577 2.960805 -0.501668 -4.149050 0.000000 0.000000 2.577140
0.495243 -0.479466 0.029675 2.960659 -0.502183 -4.149306 0.000000 0.000000 2.576269
0.495210 -0.479376 0.029773 2.960512 -0.502697 -4.149561 0.000000 0.000000 2.575398
0.495177 -0.479287 0.029871 2.960366 -0.503212 -4.149817 0.000000 0.000000 2.574527
0.495144 -0.479198 0.029969 2.960220 -0.503726 -4.150072 0.000000 0.000000 2.573656
0.495111 -0.479108 0.030068 2.960074 -0.504241 -4.150328 0.000000 0.000000 2.572785
0.495079 -0.479019 0.030166 2.959928 -0.504755 -4.150583 0.000000 0.000000 2.571914
0.495046 -0.478930 0.030264 2.959781 -0.505270 -4.150839 0.000000 0.000000 2.571043
0.495013 -0.478841 0.030362 2.959635 -0.505784 -4.151094 0.000000 0.000000 2.570172
0.494980 -0.478751 0.030460 2.959489 -0.506299 -4.151350 0.000000 0.000000 2.569301
0.494947 -0.478662 0.030558 2.959343 -0.506813 -4.151605 0.000000 0.000000 2.568429
0.494914 -0.478573 0.030656 2.959197 -0.507328 -4.151861 0.000000 0.000000 2.567558
0.494881 -0.478484 0.030755 2.959050 -0.507842 -4.152116 0.000000 0.000000 2.566687
0.494848 -0.478394 0.030853 2.958904 -0.508357 -4.152372 0.000000 0.000000 2.565816
0.494815 -0.478305 0.030951 2.958758 -0.508871 -4.152627 0.000000 0.000000 2.564945
0.494782 -0.478216 0.031049 2.958612 -0.509386 -4.152883 0.000000 0.000000 2.564074
0.494749 -0.478127 0.031147 2.958466 -0.509900 -4.153138 0.000000 0.000000 2.563203
0.494716 -0.478037 0.031245 2.958319 -0.510415 -4.153394 0.000000 0.000000 2.562332
0.494683 -0.477948 0.031344 2.958173 -0.510929 -4.153649 0.000000 0.000000 2.561461
0.494651 -0.477859 0.031442 2.958027 -0.511444 -4.153905 0.000000 0.000000 2.560590
0.494618 -0.477769 0.031540 2.957881 -0.511958 -4.154160 0.000000 0.000000 2.559719
0.494585 -0.477680 0.031638 2.957734 -0.512473 -4.154416 0.000000 0.000000 2.558839
0.494548 -0.477588 0.031745 2.957583 -0.513025 -4.154669 0.000000 0.000000 2.557245
0.494512 -0.477496 0.031851 2.957431 -0.513576 -4.154922 0.000000 0.000000 2.555652
0.494476 -0.477404 0.031958 2.957279 -0.514127 -4.155176 0.000000 0.000000 2.554059
0.494440 -0.477311 0.032065 2.957127 -0.514679 -4.155429 0.000000 0.000000 2.552465
0.494404 -0.477219 0.032172 2.956976 -0.515230 -4.155682 0.000000 0.000000 2.550872
0.494368 -0.477127 0.032278 2.956824 -0.515782 -4.155935 0.000000 0.000000 2.549279
0.494332 -0.477035 0.032385 2.956672 -0.516333 -4.156189 0.000000 0.000000 2.547685
0.494295 -0.476942 0.032492 2.956520 -0.516884 -4.156442 0.000000 0.000000 2.546092
0.494259 -0.476850 0.032598 2.956368 -0.517436 -4.156695 0.000000 0.000000 2.544499
0.494223 -0.476758 0.032705 2.956217 -0.517987 -4.156948 0.000000 0.000000 2.542906
0.494187 -0.476666 0.032812 2.956065 -0.518539 -4.157202 0.000000 0.000000 2.541312
0.494151 -0.476573 0.032918 2.955913 -0.519090 -4.157455 0.000000 0.000000 2.539719
0.494115 -0.476481 0.033025 2.955761 -0.519641 -4.157708 0.000000 0.000000 2.538126
0.494079 -0.476389 0.033132 2.955609 -0.520193 -4.157961 0.000000 0.000000 2.536532
0.494042 -0.476297 0.033238 2.955458 -0.520744 -4.158215 0.000000 0.000000 2.534939
0.494006 -0.476205 0.033345 2.955306 -0.521296 -4.158468 0.000000 0.000000 2.533346
0.493969 -0.476111 0.033456 2.955151 -0.521855 -4.158715 0.000000 0.000000 2.531562
0.493930 -0.476017 0.033571 2.954991 -0.522425 -4.158953 0.000000 0.000000 2.529535
0.493890 -0.475923 0.033687 2.954831 -0.522995 -4.159191 0.000000 0.000000 2.527509
0.493851 -0.475828 0.033802 2.954671 -0.523565 -4.159430 0.000000 0.000000 2.525482
0.493812 -0.475734 0.033918 2.954512 -0.524135 -4.159668 0.000000 0.000000 2.523455
0.493773 -0.475639 0.034034 2.954352 -0.524706 -4.159907 0.000000 0.000000 2.521428
0.493734 -0.475545 0.034149 2.954192 -0.525276 -4.160145 0.000000 0.000000 2.519402
0.493695 -0.475451 0.034265 2.954033 -0.525846 -4.160383 0.000000 0.000000 2.517375
0.493655 -0.475356 0.034380 2.953873 -0.526416 -4.160622 0.000000 0.000000 2.515348
0.493616 -0.475262 0.034496 2.953713 -0.526986 -4.160860 0.000000 0.000000 2.513322
0.493577 -0.475167 0.034612 2.953554 -0.527556 -4.161099 0.000000 0.000000 2.511295
0.493538 -0.475073 0.034727 2.953394 -0.528126 -4.161337 0.000000 0.000000 2.509268
0.493499 -0.474979 0.034843 2.953234 -0.528696 -4.161575 0.000000 0.000000 2.507242
0.493459 -0.474884 0.034958 2.953074 -0.529266 -4.161814 0.000000 0.000000 2.505215
0.493420 -0.474790 0.035074 2.952915 -0.529836 -4.162052 0.000000 0.000000 2.503188
0.493381 -0.474695 0.035189 2.952755 -0.530406 -4.162291 0.000000 0.000000 2.501162
0.493342 -0.474601 0.035305 2.952595 -0.530976 -4.162529 0.000000 0.000000 2.499135
0.493304 -0.474508 0.035426 2.952421 -0.531533 -4.162757 0.000000 0.000000 2.496889
0.493267 -0.474414 0.035548 2.952246 -0.532088 -4.162984 0.000000 0.000000 2.494609
0.493230 -0.474321 0.035670 2.952070 -0.532643 -4.163210 0.000000 0.000000 2.492330
0.493193 -0.474228 0.035792 2.951894 -0.533198 -4.163437 0.000000 0.000000 2.490050
0.493156 -0.474135 0.035914 2.951718 -0.533753 -4.163664 0.000000 0.000000 2.487770
0.493118 -0.474041 0.036036 2.951542 -0.534308 -4.163890 0.000000 0.000000 2.485491
0.493081 -0.473948 0.036158 2.951366 -0.534863 -4.164117 0.000000 0.000000 2.483211
0.493044 -0.473855 0.036280 2.951190 -0.535418 -4.164344 0.000000 0.000000 2.480932
0.493007 -0.473761 0.036402 2.951014 -0.535973 -4.164570 0.000000 0.000000 2.478652
0.492970 -0.473668 0.036524 2.950838 -0.536528 -4.164797 0.000000 0.000000 2.476372
0.492932 -0.473575 0.036646 2.950662 -0.537083 -4.165023 0.000000 0.000000 2.474093
0.492895 -0.473482 0.036768 2.950486 -0.537638 -4.165250 0.000000 0.000000 2.471813
0.492858 -0.473388 0.036890 2.950310 -0.538193 -4.165477 0.000000 0.000000 2.469533
0.492821 -0.473295 0.037012 2.950134 -0.538748 -4.165703 0.000000 0.000000 2.467254
0.492783 -0.473202 0.037134 2.949959 -0.539303 -4.165930 0.000000 0.000000 2.464974
0.492746 -0.473108 0.037256 2.949783 -0.539858 -4.166156 0.000000 0.000000 2.462694
0.492709 -0.473015 0.037378 2.949607 -0.540413 -4.166383 0.000000 0.000000 2.460415
0.492672 -0.472922 0.037500 2.949431 -0.540967 -4.166610 0.000000 0.000000 2.458135
0.492635 -0.472829 0.037622 2.949255 -0.541522 -4.166836 0.000000 0.000000 2.455855
0.492597 -0.472735 0.037744 2.949079 -0.542077 -4.167063 0.000000 0.000000 2.453576
0.492560 -0.472642 0.037866 2.948903 -0.542632 -4.167290 0.000000 0.000000 2.451296
0.492523 -0.472549 0.037988 2.948727 -0.543187 -4.167516 0.000000 0.000000 2.449016
0.492488 -0.472456 0.038117 2.948536 -0.543736 -4.167737 0.000000 0.000000 2.446617
0.492454 -0.472363 0.038247 2.948340 -0.544282 -4.167956 0.000000 0.000000 2.444181
0.492420 -0.472270 0.038378 2.948145 -0.544829 -4.168175 0.000000 0.000000 2.441745
0.492386 -0.472176 0.038508 2.947949 -0.545375 -4.168394 0.000000 0.000000 2.439309
0.492351 -0.472083 0.038639 2.947753 -0.545922 -4.168613 0.000000 0.000000 2.436873
0.492317 -0.471990 0.038770 2.947558 -0.546468 -4.168832 0.000000 0.000000 2.434437
0.492283 -0.471897 0.038900 2.947362 -0.547015 -4.169051 0.000000 0.000000 2.432001
0.492249 -0.471804 0.039031 2.947166 -0.547561 -4.169270 0.000000 0.000000 2.429565
0.492215 -0.471711 0.039161 2.946971 -0.548108 -4.169489 0.000000 0.000000 2.427129
0.492180 -0.471618 0.039292 2.946775 -0.548654 -4.169708 0.000000 0.000000 2.424693
0.492146 -0.471525 0.039423 2.946579 -0.549201 -4.169927 0.000000 0.000000 2.422257
0.492112 -0.471432 0.039553 2.946384 -0.549747 -4.170146 0.000000 0.000000 2.419821
0.492078 -0.471339 0.039684 2.946188 -0.550294 -4.170365 0.000000 0.000000 2.417385
0.492044 -0.471246 0.039814 2.945992 -0.550840 -4.170584 0.000000 0.000000 2.414950
0.492010 -0.471153 0.039945 2.945797 -0.551387 -4.170803 0.000000 0.000000 2.412514
0.491975 -0.471060 0.040076 2.945601 -0.551934 -4.171022 0.000000 0.000000 2.410078
0.491941 -0.470965 0.040209 2.945403 -0.552491 -4.171241 0.000000 0.000000 2.407584
0.491904 -0.470866 0.040355 2.945197 -0.553092 -4.171462 0.000000 0.000000 2.404851
0.491867 -0.470766 0.040500 2.944991 -0.553693 -4.171683 0.000000 0.000000 2.402118
0.491829 -0.470667 0.040646 2.944785 -0.554295 -4.171905 0.000000 0.000000 2.399385
0.491792 -0.470568 0.040791 2.944578 -0.554896 -4.172126 0.000000 0.000000 2.396652
0.491755 -0.470468 0.040937 2.944372 -0.555497 -4.172347 0.000000 0.000000 2.393920
0.491718 -0.470369 0.041082 2.944166 -0.556098 -4.172568 0.000000 0.000000 2.391187
0.491681 -0.470269 0.041228 2.943959 -0.556700 -4.172789 0.000000 0.000000 2.388454
0.491644 -0.470170 0.041373 2.943753 -0.557301 -4.173010 0.000000 0.000000 2.385721
0.491607 -0.470070 0.041519 2.943547 -0.557902 -4.173231 0.000000 0.000000 2.382988
0.491570 -0.469971 0.041664 2.943341 -0.558503 -4.173452 0.000000 0.000000 2.380256
0.491533 -0.469871 0.041810 2.943134 -0.559105 -4.173673 0.000000 0.000000 2.377523
0.491496 -0.469772 0.041955 2.942928 -0.559706 -4.173894 0.000000 0.000000 2.374790
0.491459 -0.469672 0.042101 2.942722 -0.560307 -4.174115 0.000000 0.000000 2.372057
0.491422 -0.469573 0.042246 2.942516 -0.560909 -4.174336 0.000000 0.000000 2.369324
0.491385 -0.469474 0.042392 2.942309 -0.561510 -4.174557 0.000000 0.000000 2.366592
0.491348 -0.469374 0.042537 2.942103 -0.562111 -4.174778 0.000000 0.000000 2.363859
0.491305 -0.469268 0.042695 2.941897 -0.562773 -4.174998 0.000000 0.000000 2.360436
0.491260 -0.469158 0.042860 2.941690 -0.563471 -4.175218 0.000000 0.000000 2.356595
0.491215 -0.469048 0.043025 2.941484 -0.564170 -4.175437 0.000000 0.000000 2.352755
0.491170 -0.468937 0.043190 2.941278 -0.564868 -4.175657 0.000000 0.000000 2.348915
0.491125 -0.468827 0.043356 2.941072 -0.565567 -4.175876 0.000000 0.000000 2.345074
0.491079 -0.468717 0.043521 2.940865 -0.566265 -4.176096 0.000000 0.000000 2.341234
0.491034 -0.468607 0.043686 2.940659 -0.566964 -4.176315 0.000000 0.000000 2.337393
0.490989 -0.468497 0.043851 2.940453 -0.567662 -4.176535 0.000000 0.000000 2.333553
0.490944 -0.468386 0.044016 2.940246 -0.568361 -4.176754 0.000000 0.000000 2.329713
0.490899 -0.468276 0.044181 2.940040 -0.569059 -4.176973 0.000000 0.000000 2.325872
0.490853 -0.468166 0.044346 2.939834 -0.569757 -4.177193 0.000000 0.000000 2.322032
0.490808 -0.468056 0.044511 2.939627 -0.570456 -4.177412 0.000000 0.000000 2.318192
0.490763 -0.467946 0.044676 2.939421 -0.571154 -4.177632 0.000000 0.000000 2.314351
0.490718 -0.467835 0.044842 2.939215 -0.571853 -4.177851 0.000000 0.000000 2.310511
0.490672 -0.467725 0.045007 2.939009 -0.572551 -4.178071 0.000000 0.000000 2.306670
0.490627 -0.467615 0.045172 2.938802 -0.573250 -4.178290 0.000000 0.000000 2.302830
0.490582 -0.467505 0.045337 2.938596 -0.573948 -4.178509 0.000000 0.000000 2.298990
0.490537 -0.467395 0.045502 2.938390 -0.574647 -4.178729 0.000000 0.000000 2.295149
0.490492 -0.467284 0.045667 2.938183 -0.575345 -4.178948 0.000000 0.000000 2.291309
0.490446 -0.467174 0.045832 2.937977 -0.576044 -4.179168 0.000000 0.000000 2.287469
0.490401 -0.467064 0.045997 2.937771 -0.576742 -4.179387 0.000000 0.000000 2.283628
0.490356 -0.466954 0.046163 2.937564 -0.577440 -4.179607 0.000000 0.000000 2.279788
0.490306 -0.466840 0.046337 2.937359 -0.578172 -4.179820 0.000000 0.000000 2.275374
0.490253 -0.466723 0.046520 2.937154 -0.578935 -4.180027 0.000000 0.000000 2.270443
0.490200 -0.466606 0.046704 2.936949 -0.579697 -4.180235 0.000000 0.000000 2.265513
0.490146 -0.466488 0.046887 2.936744 -0.580459 -4.180443 0.000000 0.000000 2.260582
0.490093 -0.466371 0.047070 2.936539 -0.581221 -4.180650 0.000000 0.000000 2.255651
0.490039 -0.466254 0.047253 2.936334 -0.581984 -4.180858 0.000000 0.000000 2.250721
0.489986 -0.466137 0.047436 2.936129 -0.582746 -4.181066 0.000000 0.000000 2.245790
0.489933 -0.466020 0.047620 2.935924 -0.583508 -4.181273 0.000000 0.000000 2.240860
0.489879 -0.465903 0.047803 2.935719 -0.584270 -4.181481 0.000000 0.000000 2.235929
0.489826 -0.465786 0.047986 2.935515 -0.585033 -4.181689 0.000000 0.000000 2.230998
0.489772 -0.465668 0.048169 2.935310 -0.585795 -4.181896 0.000000 0.000000 2.226068
0.489719 -0.465551 0.048352 2.935105 -0.586557 -4.182104 0.000000 0.000000 2.221137
0.489666 -0.465434 0.048536 2.934900 -0.587319 -4.182311 0.000000 0.000000 2.216206
0.489612 -0.465317 0.048719 2.934695 -0.588082 -4.182519 0.000000 0.000000 2.211276
0.489559 -0.465200 0.048902 2.934490 -0.588844 -4.182727 0.000000 0.000000 2.206345
0.489505 -0.465083 0.049085 2.934285 -0.589606 -4.182934 0.000000 0.000000 2.201414
0.489452 -0.464966 0.049268 2.934080 -0.590368 -4.183142 0.000000 0.000000 2.196484
0.489395 -0.464840 0.049465 2.933867 -0.591173 -4.183340 0.000000 0.000000 2.191172
0.489337 -0.464715 0.049662 2.933654 -0.591979 -4.183538 0.000000 0.000000 2.185841
0.489279 -0.464589 0.049859 2.933441 -0.592786 -4.183736 0.000000 0.000000 2.180511
0.489222 -0.464464 0.050057 2.933227 -0.593593 -4.183935 0.000000 0.000000 2.175180
0.489164 -0.464338 0.050254 2.933014 -0.594399 -4.184133 0.000000 0.000000 2.169849
0.489107 -0.464212 0.050451 2.932801 -0.595206 -4.184331 0.000000 0.000000 2.164519
0.489049 -0.464087 0.050648 2.932588 -0.596012 -4.184529 0.000000 0.000000 2.159188
0.488991 -0.463961 0.050845 2.932374 -0.596819 -4.184727 0.000000 0.000000 2.153857
0.488934 -0.463836 0.051043 2.932161 -0.597626 -4.184925 0.000000 0.000000 2.148527
0.488876 -0.463710 0.051240 2.931948 -0.598432 -4.185123 0.000000 0.000000 2.143196
0.488819 -0.463584 0.051437 2.931734 -0.599239 -4.185321 0.000000 0.000000 2.137865
0.488761 -0.463459 0.051634 2.931521 -0.600045 -4.185519 0.000000 0.000000 2.132535
0.488703 -0.463333 0.051831 2.931308 -0.600852 -4.185717 0.000000 0.000000 2.127204
0.488646 -0.463208 0.052028 2.931094 -0.601658 -4.185915 0.000000 0.000000 2.121873
0.488588 -0.463082 0.052226 2.930881 -0.602465 -4.186113 0.000000 0.000000 2.116543
0.488531 -0.462956 0.052423 2.930668 -0.603272 -4.186311 0.000000 0.000000 2.111212
0.488471 -0.462827 0.052627 2.930451 -0.604096 -4.186505 0.000000 0.000000 2.105779
0.488407 -0.462690 0.052841 2.930228 -0.604949 -4.186692 0.000000 0.000000 2.100179
0.488343 -0.462554 0.053056 2.930005 -0.605802 -4.186879 0.000000 0.000000 2.094579
0.488279 -0.462417 0.053271 2.929782 -0.606656 -4.187066 0.000000 0.000000 2.088979
0.488215 -0.462281 0.053485 2.929559 -0.607509 -4.187253 0.000000 0.000000 2.083378
0.488152 -0.462144 0.053700 2.929335 -0.608362 -4.187440 0.000000 0.000000 2.077778
0.488088 -0.462008 0.053915 2.929112 -0.609215 -4.187628 0.000000 0.000000 2.072178
0.488024 -0.461871 0.054130 2.928889 -0.610068 -4.187815 0.000000 0.000000 2.066578
0.487960 -0.461735 0.054344 2.928666 -0.610922 -4.188002 0.000000 0.000000 2.060978
0.487896 -0.461598 0.054559 2.928443 -0.611775 -4.188189 0.000000 0.000000 2.055378
0.487833 -0.461462 0.054774 2.928220 -0.612628 -4.188376 0.000000 0.000000 2.049778
0.487769 -0.461325 0.054988 2.927997 -0.613481 -4.188563 0.000000 0.000000 2.044178
0.487705 -0.461189 0.055203 2.927774 -0.614335 -4.188751 0.000000 0.000000 2.038578
0.487641 -0.461052 0.055418 2.927551 -0.615188 -4.188938 0.000000 0.000000 2.032978
0.487577 -0.460916 0.055632 2.927328 -0.616041 -4.189125 0.000000 0.000000 2.027377
0.487513 -0.460779 0.055847 2.927105 -0.616894 -4.189312 0.000000 0.000000 2.021777
0.487450 -0.460643 0.056062 2.926882 -0.617747 -4.189499 0.000000 0.000000 2.016177
0.487386 -0.460506 0.056276 2.926659 -0.618601 -4.189686 0.000000 0.000000 2.010577
0.487322 -0.460370 0.056491 2.926436 -0.619454 -4.189873 0.000000 0.000000 2.004977
0.487258 -0.460234 0.056706 2.926212 -0.620307 -4.190061 0.000000 0.000000 1.999377
0.487194 -0.460097 0.056921 2.925989 -0.621160 -4.190248 0.000000 0.000000 1.993777
0.487130 -0.459961 0.057135 2.925766 -0.622014 -4.190435 0.000000 0.000000 1.988177
0.487065 -0.459819 0.057356 2.925541 -0.622882 -4.190616 0.000000 0.000000 1.982456
0.486994 -0.459666 0.057590 2.925311 -0.623790 -4.190783 0.000000 0.000000 1.976429
0.486923 -0.459512 0.057824 2.925081 -0.624697 -4.190949 0.000000 0.000000 1.970402
0.486853 -0.459359 0.058059 2.924851 -0.625605 -4.191116 0.000000 0.000000 1.964375
0.486782 -0.459205 0.058293 2.924621 -0.626512 -4.191283 0.000000 0.000000 1.958349
0.486712 -0.459052 0.058528 2.924390 -0.627420 -4.191449 0.000000 0.000000 1.952322
0.486641 -0.458898 0.058762 2.924160 -0.628327 -4.191616 0.000000 0.000000 1.946295
0.486570 -0.458745 0.058997 2.923930 -0.629235 -4.191782 0.000000 0.000000 1.940268
0.486500 -0.458591 0.059231 2.923700 -0.630142 -4.191949 0.000000 0.000000 1.934241
0.486429 -0.458438 0.059466 2.923470 -0.631050 -4.192115 0.000000 0.000000 1.928215
0.486359 -0.458284 0.059700 2.923240 -0.631957 -4.192282 0.000000 0.000000 1.922188
0.486288 -0.458131 0.059935 2.923009 -0.632865 -4.192449 0.000000 0.000000 1.916161
0.486217 -0.457977 0.060169 2.922779 -0.633772 -4.192615 0.000000 0.000000 1.910134
0.486147 -0.457823 0.060404 2.922549 -0.634680 -4.192782 0.000000 0.000000 1.904108
0.486076 -0.457670 0.060638 2.922319 -0.635588 -4.192948 0.000000 0.000000 1.898081
0.486005 -0.457516 0.060873 2.922089 -0.636495 -4.193115 0.000000 0.000000 1.892054
0.485935 -0.457363 0.061107 2.921859 -0.637403 -4.193281 0.000000 0.000000 1.886027
0.485860 -0.457192 0.061359 2.921619 -0.638354 -4.193434 0.000000 0.000000 1.879812
0.485783 -0.457014 0.061618 2.921375 -0.639324 -4.193582 0.000000 0.000000 1.873520
0.485707 -0.456837 0.061877 2.921131 -0.640293 -4.193729 0.000000 0.000000 1.867229
0.485630 -0.456659 0.062136 2.920887 -0.641263 -4.193877 0.000000 0.000000 1.860937
0.485554 -0.456481 0.062394 2.920643 -0.642232 -4.194024 0.000000 0.000000 1.854645
0.485477 -0.456304 0.062653 2.920399 -0.643202 -4.194172 0.000000 0.000000 1.848353
0.485401 -0.456126 0.062912 2.920155 -0.644171 -4.194319 0.000000 0.000000 1.842061
0.485324 -0.455948 0.063171 2.919911 -0.645141 -4.194467 0.000000 0.000000 1.835769
0.485248 -0.455770 0.063430 2.919668 -0.646110 -4.194614 0.000000 0.000000 1.829478
0.485171 -0.455593 0.063689 2.919424 -0.647080 -4.194761 0.000000 0.000000 1.823186
0.485095 -0.455415 0.063947 2.919180 -0.648049 -4.194909 0.000000 0.000000 1.816894
0.485018 -0.455237 0.064206 2.918936 -0.649019 -4.195056 0.000000 0.000000 1.810602
0.484942 -0.455060 0.064465 2.918692 -0.649988 -4.195204 0.000000 0.000000 1.804310
0.484865 -0.454882 0.064724 2.918448 -0.650958 -4.195351 0.000000 0.000000 1.798019
0.484789 -0.454704 0.064983 2.918204 -0.651927 -4.195499 0.000000 0.000000 1.791727
0.484712 -0.454526 0.065242 2.917960 -0.652897 -4.195646 0.000000 0.000000 1.785435
0.484634 -0.454344 0.065505 2.917714 -0.653877 -4.195790 0.000000 0.000000 1.779219
0.484548 -0.454136 0.065797 2.917452 -0.654923 -4.195914 0.000000 0.000000 1.773481
0.484462 -0.453927 0.066089 2.917191 -0.655970 -4.196038 0.000000 0.000000 1.767743
0.484375 -0.453718 0.066380 2.916929 -0.657016 -4.196162 0.000000 0.000000 1.762005
0.484289 -0.453509 0.066672 2.916668 -0.658062 -4.196286 0.000000 0.000000 1.756267
0.484203 -0.453300 0.066964 2.916406 -0.659109 -4.196410 0.000000 0.000000 1.750530
0.484116 -0.453091 0.067256 2.916144 -0.660155 -4.196534 0.000000 0.000000 1.744792
0.484030 -0.452882 0.067548 2.915883 -0.661201 -4.196658 0.000000 0.000000 1.739054
0.483944 -0.452673 0.067840 2.915621 -0.662248 -4.196781 0.000000 0.000000 1.733316
0.483857 -0.452464 0.068131 2.915360 -0.663294 -4.196905 0.000000 0.000000 1.727578
0.483771 -0.452255 0.068423 2.915098 -0.664340 -4.197029 0.000000 0.000000 1.721840
0.483685 -0.452047 0.068715 2.914836 -0.665387 -4.197153 0.000000 0.000000 1.716102
0.483598 -0.451838 0.069007 2.914575 -0.666433 -4.197277 0.000000 0.000000 1.710364
0.483512 -0.451629 0.069299 2.914313 -0.667479 -4.197401 0.000000 0.000000 1.704626
0.483426 -0.451420 0.069591 2.914052 -0.668526 -4.197525 0.000000 0.000000 1.698888
0.483339 -0.451211 0.069882 2.913790 -0.669572 -4.197649 0.000000 0.000000 1.693150
0.483253 -0.451002 0.070174 2.913528 -0.670619 -4.197772 0.000000 0.000000 1.687413
0.483167 -0.450793 0.070466 2.913267 -0.671665 -4.197896 0.000000 0.000000 1.681675
0.483080 -0.450584 0.070758 2.913005 -0.672711 -4.198020 0.000000 0.000000 1.675937
0.482994 -0.450375 0.071050 2.912744 -0.673758 -4.198144 0.000000 0.000000 1.670199
0.482908 -0.450166 0.071342 2.912482 -0.674804 -4.198268 0.000000 0.000000 1.664461
0.482821 -0.449958 0.071633 2.912220 -0.675850 -4.198392 0.000000 0.000000 1.658723
0.482735 -0.449747 0.071927 2.911957 -0.676897 -4.198513 0.000000 0.000000 1.652980
0.482640 -0.449507 0.072253 2.911649 -0.677962 -4.198570 0.000000 0.000000 1.647120
0.482544 -0.449267 0.072579 2.911342 -0.679028 -4.198628 0.000000 0.000000 1.641260
0.482449 -0.449027 0.072905 2.911034 -0.680093 -4.198685 0.000000 0.000000 1.635400
0.482354 -0.448787 0.073232 2.910727 -0.681158 -4.198742 0.000000 0.000000 1.629540
0.482259 -0.448547 0.073558 2.910419 -0.682223 -4.198799 0.000000 0.000000 1.623680
0.482163 -0.448307 0.073884 2.910112 -0.683288 -4.198856 0.000000 0.000000 1.617820
0.482068 -0.448067 0.074210 2.909804 -0.684353 -4.198913 0.000000 0.000000 1.611960
0.481973 -0.447827 0.074537 2.909497 -0.685418 -4.198971 0.000000 0.000000 1.606099
0.481878 -0.447587 0.074863 2.909189 -0.686483 -4.199028 0.000000 0.000000 1.600239
0.481783 -0.447347 0.075189 2.908882 -0.687549 -4.199085 0.000000 0.000000 1.594379
0.481687 -0.447107 0.075515 2.908574 -0.688614 -4.199142 0.000000 0.000000 1.588519
0.481592 -0.446867 0.075842 2.908267 -0.689679 -4.199199 0.000000 0.000000 1.582659
0.481497 -0.446627 0.076168 2.907959 -0.690744 -4.199257 0.000000 0.000000 1.576799
0.481402 -0.446387 0.076494 2.907652 -0.691809 -4.199314 0.000000 0.000000 1.570939
0.481307 -0.446147 0.076820 2.907344 -0.692874 -4.199371 0.000000 0.000000 1.565079
0.481211 -0.445907 0.077147 2.907037 -0.693939 -4.199428 0.000000 0.000000 1.559219
0.481113 -0.445652 0.077492 2.906687 -0.695004 -4.199452 0.000000 0.000000 1.553408
0.481012 -0.445380 0.077859 2.906291 -0.696067 -4.199437 0.000000 0.000000 1.547655
0.480911 -0.445108 0.078226 2.905894 -0.697131 -4.199422 0.000000 0.000000 1.541902
0.480810 -0.444835 0.078593 2.905498 -0.698194 -4.199408 0.000000 0.000000 1.536149
0.480708 -0.444563 0.078960 2.905101 -0.699257 -4.199393 0.000000 0.000000 1.530396
0.480607 -0.444291 0.079326 2.904705 -0.700321 -4.199378 0.000000 0.000000 1.524642
0.480506 -0.444019 0.079693 2.904308 -0.701384 -4.199364 0.000000 0.000000 1.518889
0.480405 -0.443747 0.080060 2.903912 -0.702448 -4.199349 0.000000 0.000000 1.513136
0.480304 -0.443475 0.080427 2.903515 -0.703511 -4.199334 0.000000 0.000000 1.507383
0.480202 -0.443203 0.080794 2.903119 -0.704575 -4.199320 0.000000 0.000000 1.501630
0.480101 -0.442930 0.081161 2.902722 -0.705638 -4.199305 0.000000 0.000000 1.495877
0.480000 -0.442658 0.081528 2.902325 -0.706702 -4.199290 0.000000 0.000000 1.490123
0.479899 -0.442386 0.081895 2.901929 -0.707765 -4.199275 0.000000 0.000000 1.484370
0.479797 -0.442114 0.082262 2.901532 -0.708829 -4.199261 0.000000 0.000000 1.478617
0.479696 -0.441842 0.082629 2.901136 -0.709892 -4.199246 0.000000 0.000000 1.472864
0.479595 -0.441570 0.082996 2.900739 -0.710956 -4.199231 0.000000 0.000000 1.467111
0.479494 -0.441297 0.083362 2.900343 -0.712019 -4.199217 0.000000 0.000000 1.461357
0.479389 -0.440996 0.083772 2.899864 -0.713089 -4.199158 0.000000 0.000000 1.455397
0.479284 -0.440691 0.084186 2.899376 -0.714160 -4.199094 0.000000 0.000000 1.449413
0.479178 -0.440386 0.084600 2.898888 -0.715231 -4.199030 0.000000 0.000000 1.443429
0.479073 -0.440081 0.085015 2.898400 -0.716302 -4.198966 0.000000 0.000000 1.437444
0.478968 -0.439776 0.085429 2.897912 -0.717373 -4.198903 0.000000 0.000000 1.431460
0.478863 -0.439471 0.085843 2.897424 -0.718444 -4.198839 0.000000 0.000000 1.425475
0.478757 -0.439166 0.086258 2.896935 -0.719515 -4.198775 0.000000 0.000000 1.419491
0.478652 -0.438861 0.086672 2.896447 -0.720586 -4.198711 0.000000 0.000000 1.413506
0.478547 -0.438556 0.087086 2.895959 -0.721657 -4.198647 0.000000 0.000000 1.407522
0.478442 -0.438251 0.087501 2.895471 -0.722728 -4.198583 0.000000 0.000000 1.401538
0.478336 -0.437947 0.087915 2.894983 -0.723799 -4.198520 0.000000 0.000000 1.395553
0.478231 -0.437642 0.088329 2.894495 -0.724870 -4.198456 0.000000 0.000000 1.389569
0.478126 -0.437337 0.088744 2.894007 -0.725941 -4.198392 0.000000 0.000000 1.383584
0.478020 -0.437032 0.089158 2.893519 -0.727012 -4.198328 0.000000 0.000000 1.377600
0.477915 -0.436727 0.089572 2.893030 -0.728083 -4.198264 0.000000 0.000000 1.371616
0.477810 -0.436422 0.089987 2.892542 -0.729154 -4.198200 0.000000 0.000000 1.365631
0.477705 -0.436117 0.090401 2.892054 -0.730225 -4.198137 0.000000 0.000000 1.359647
0.477599 -0.435812 0.090815 2.891566 -0.731296 -4.198073 0.000000 0.000000 1.353662
0.477494 -0.435507 0.091230 2.891078 -0.732367 -4.198009 0.000000 0.000000 1.347678
0.477389 -0.435202 0.091644 2.890590 -0.733438 -4.197945 0.000000 0.000000 1.341693
0.477284 -0.434897 0.092058 2.890102 -0.734509 -4.197881 0.000000 0.000000 1.335709
0.477178 -0.434592 0.092473 2.889613 -0.735580 -4.197817 0.000000 0.000000 1.329725
0.477070 -0.434265 0.092924 2.889063 -0.736651 -4.197719 0.000000 0.000000 1.324242
0.476960 -0.433933 0.093385 2.888497 -0.737721 -4.197612 0.000000 0.000000 1.318886
0.476851 -0.433600 0.093845 2.887930 -0.738792 -4.197504 0.000000 0.000000 1.313531
0.476741 -0.433267 0.094306 2.887364 -0.739862 -4.197397 0.000000 0.000000 1.308176
0.476632 -0.432935 0.094766 2.886798 -0.740932 -4.197290 0.000000 0.000000 1.302821
0.476523 -0.432602 0.095227 2.886231 -0.742003 -4.197183 0.000000 0.000000 1.297466
0.476413 -0.432270 0.095688 2.885665 -0.743073 -4.197076 0.000000 0.000000 1.292111
0.476304 -0.431937 0.096148 2.885099 -0.744143 -4.196968 0.000000 0.000000 1.286756
0.476194 -0.431604 0.096609 2.884532 -0.745214 -4.196861 0.000000 0.000000 1.281401
0.476085 -0.431272 0.097070 2.883966 -0.746284 -4.196754 0.000000 0.000000 1.276046
0.475975 -0.430939 0.097530 2.883399 -0.747354 -4.196647 0.000000 0.000000 1.270691
0.475866 -0.430607 0.097991 2.882833 -0.748425 -4.196540 0.000000 0.000000 1.265336
0.475756 -0.430274 0.098451 2.882267 -0.749495 -4.196432 0.000000 0.000000 1.259981
0.475647 -0.429942 0.098912 2.881700 -0.750565 -4.196325 0.000000 0.000000 1.254626
0.475537 -0.429609 0.099373 2.881134 -0.751636 -4.196218 0.000000 0.000000 1.249271
0.475428 -0.429276 0.099833 2.880568 -0.752706 -4.196111 0.000000 0.000000 1.243916
0.475317 -0.428938 0.100305 2.879984 -0.753780 -4.195996 0.000000 0.000000 1.238647
0.475203 -0.428580 0.100813 2.879337 -0.754866 -4.195855 0.000000 0.000000 1.233676
0.475088 -0.428221 0.101322 2.878691 -0.755953 -4.195714 0.000000 0.000000 1.228705
0.474973 -0.427863 0.101831 2.878045 -0.757039 -4.195573 0.000000 0.000000 1.223734
0.474858 -0.427505 0.102340 2.877399 -0.758126 -4.195433 0.000000 0.000000 1.218763
0.474744 -0.427147 0.102848 2.876753 -0.759212 -4.195292 0.000000 0.000000 1.213792
0.474629 -0.426788 0.103357 2.876107 -0.760299 -4.195151 0.000000 0.000000 1.208821
0.474514 -0.426430 0.103866 2.875460 -0.761385 -4.195010 0.000000 0.000000 1.203851
0.474399 -0.426072 0.104375 2.874814 -0.762472 -4.194869 0.000000 0.000000 1.198880
0.474284 -0.425713 0.104883 2.874168 -0.763558 -4.194728 0.000000 0.000000 1.193909
0.474170 -0.425355 0.105392 2.873522 -0.764645 -4.194587 0.000000 0.000000 1.188938
0.474055 -0.424997 0.105901 2.872876 -0.765731 -4.194446 0.000000 0.000000 1.183967
0.473940 -0.424638 0.106409 2.872230 -0.766818 -4.194305 0.000000 0.000000 1.178996
0.473825 -0.424280 0.106918 2.871583 -0.767904 -4.194165 0.000000 0.000000 1.174025
0.473711 -0.423922 0.107427 2.870937 -0.768991 -4.194024 0.000000 0.000000 1.169054
0.473596 -0.423563 0.107936 2.870291 -0.770077 -4.193883 0.000000 0.000000 1.164083
0.473481 -0.423205 0.108444 2.869645 -0.771164 -4.193742 0.000000 0.000000 1.159112
0.473359 -0.422830 0.108987 2.868950 -0.772290 -4.193586 0.000000 0.000000 1.154272
0.473234 -0.422446 0.109547 2.868228 -0.773438 -4.193422 0.000000 0.000000 1.149502
0.473109 -0.422061 0.110108 2.867507 -0.774585 -4.193258 0.000000 0.000000 1.144732
0.472984 -0.421677 0.110668 2.866786 -0.775733 -4.193093 0.000000 0.000000 1.139962
0.472859 -0.421292 0.111229 2.866064 -0.776881 -4.192929 0.000000 0.000000 1.135192
0.472734 -0.420908 0.111789 2.865343 -0.778028 -4.192765 0.000000 0.000000 1.130421
0.472608 -0.420524 0.112349 2.864622 -0.779176 -4.192601 0.000000 0.000000 1.125651
0.472483 -0.420139 0.112910 2.863900 -0.780324 -4.192437 0.000000 0.000000 1.120881
0.472358 -0.419755 0.113470 2.863179 -0.781472 -4.192272 0.000000 0.000000 1.116111
0.472233 -0.419370 0.114031 2.862457 -0.782619 -4.192108 0.000000 0.000000 1.111341
0.472108 -0.418986 0.114591 2.861736 -0.783767 -4.191944 0.000000 0.000000 1.106571
0.471982 -0.418602 0.115152 2.861015 -0.784915 -4.191780 0.000000 0.000000 1.101801
0.471857 -0.418217 0.115712 2.860293 -0.786062 -4.191616 0.000000 0.000000 1.097030
0.471732 -0.417833 0.116273 2.859572 -0.787210 -4.191451 0.000000 0.000000 1.092260
0.471607 -0.417449 0.116833 2.858850 -0.788358 -4.191287 0.000000 0.000000 1.087490
0.471482 -0.417064 0.117393 2.858129 -0.789506 -4.191123 0.000000 0.000000 1.082720
0.471356 -0.416680 0.117954 2.857408 -0.790653 -4.190959 0.000000 0.000000 1.077950
0.471231 -0.416295 0.118514 2.856686 -0.791801 -4.190795 0.000000 0.000000 1.073180
0.471106 -0.415911 0.119075 2.855965 -0.792949 -4.190631 0.000000 0.000000 1.068410
0.470981 -0.415527 0.119635 2.855244 -0.794097 -4.190466 0.000000 0.000000 1.063640
0.470856 -0.415142 0.120196 2.854522 -0.795244 -4.190302 0.000000 0.000000 1.058869
0.470730 -0.414758 0.120756 2.853801 -0.796392 -4.190138 0.000000 0.000000 1.054099
0.470598 -0.414361 0.121342 2.853045 -0.797567 -4.189958 0.000000 0.000000 1.049224
0.470460 -0.413955 0.121950 2.852263 -0.798765 -4.189766 0.000000 0.000000 1.044265
0.470321 -0.413549 0.122557 2.851480 -0.799962 -4.189574 0.000000 0.000000 1.039305
0.470183 -0.413143 0.123165 2.850697 -0.801160 -4.189382 0.000000 0.000000 1.034346
0.470045 -0.412736 0.123772 2.849915 -0.802357 -4.189190 0.000000 0.000000 1.029386
0.469906 -0.412330 0.124379 2.849132 -0.803555 -4.188998 0.000000 0.000000 1.024427
0.469768 -0.411924 0.124987 2.848350 -0.804752 -4.188805 0.000000 0.000000 1.019467
0.469630 -0.411518 0.125594 2.847567 -0.805950 -4.188613 0.000000 0.000000 1.014508
0.469491 -0.411111 0.126201 2.846784 -0.807147 -4.188421 0.000000 0.000000 1.009548
0.469353 -0.410705 0.126809 2.846002 -0.808345 -4.188229 0.000000 0.000000 1.004589
0.469215 -0.410299 0.127416 2.845219 -0.809542 -4.188037 0.000000 0.000000 0.999629
0.469076 -0.409893 0.128023 2.844436 -0.810740 -4.187845 0.000000 0.000000 0.994670
0.468938 -0.409486 0.128631 2.843654 -0.811937 -4.187653 0.000000 0.000000 0.989710
0.468800 -0.409080 0.129238 2.842871 -0.813135 -4.187460 0.000000 0.000000 0.984751
0.468661 -0.408674 0.129845 2.842088 -0.814332 -4.187268 0.000000 0.000000 0.979792
0.468523 -0.408268 0.130453 2.841306 -0.815530 -4.187076 0.000000 0.000000 0.974832
0.468385 -0.407861 0.131060 2.840523 -0.816727 -4.186884 0.000000 0.000000 0.969873
0.468239 -0.407443 0.131705 2.839679 -0.817905 -4.186665 0.000000 0.000000 0.964734
0.468094 -0.407025 0.132350 2.838834 -0.819082 -4.186445 0.000000 0.000000 0.959591
0.467948 -0.406606 0.132996 2.837988 -0.820260 -4.186225 0.000000 0.000000 0.954449
0.467802 -0.406188 0.133641 2.837143 -0.821437 -4.186005 0.000000 0.000000 0.949307
0.467657 -0.405769 0.134286 2.836298 -0.822614 -4.185785 0.000000 0.000000 0.944165
0.467511 -0.405351 0.134932 2.835452 -0.823792 -4.185566 0.000000 0.000000 0.939022
0.467366 -0.404932 0.135577 2.834607 -0.824969 -4.185346 0.000000 0.000000 0.933880
0.467220 -0.404514 0.136223 2.833762 -0.826147 -4.185126 0.000000 0.000000 0.928738
0.467074 -0.404096 0.136868 2.832916 -0.827324 -4.184906 0.000000 0.000000 0.923595
0.466929 -0.403677 0.137514 2.832071 -0.828501 -4.184686 0.000000 0.000000 0.918453
0.466783 -0.403259 0.138159 2.831226 -0.829679 -4.184467 0.000000 0.000000 0.913311
0.466637 -0.402840 0.138805 2.830380 -0.830856 -4.184247 0.000000 0.000000 0.908168
0.466492 -0.402422 0.139450 2.829535 -0.832033 -4.184027 0.000000 0.000000 0.903026
0.466346 -0.402003 0.140095 2.828690 -0.833211 -4.183807 0.000000 0.000000 0.897884
0.466201 -0.401585 0.140741 2.827844 -0.834388 -4.183587 0.000000 0.000000 0.892742
0.466055 -0.401166 0.141386 2.826999 -0.835565 -4.183368 0.000000 0.000000 0.887599
0.465909 -0.400747 0.142042 2.826124 -0.836701 -4.183131 0.000000 0.000000 0.883040
0.465762 -0.400326 0.142713 2.825205 -0.837776 -4.182870 0.000000 0.000000 0.879329
0.465615 -0.399905 0.143384 2.824287 -0.838851 -4.182608 0.000000 0.000000 0.875617
0.465468 -0.399484 0.144055 2.823368 -0.839926 -4.182347 0.000000 0.000000 0.871906
0.465321 -0.399063 0.144726 2.822449 -0.841001 -4.182086 0.000000 0.000000 0.868194
0.465174 -0.398641 0.145396 2.821531 -0.842076 -4.181825 0.000000 0.000000 0.864483
0.465027 -0.398220 0.146067 2.820612 -0.843151 -4.181563 0.000000 0.000000 0.860771
0.464881 -0.397799 0.146738 2.819693 -0.844226 -4.181302 0.000000 0.000000 0.857059
0.464734 -0.397378 0.147409 2.818774 -0.845301 -4.181041 0.000000 0.000000 0.853348
0.464587 -0.396957 0.148080 2.817856 -0.846376 -4.180780 0.000000 0.000000 0.849636
0.464440 -0.396536 0.148751 2.816937 -0.847451 -4.180518 0.000000 0.000000 0.845925
0.464293 -0.396115 0.149422 2.816018 -0.848526 -4.180257 0.000000 0.000000 0.842213
0.464146 -0.395694 0.150092 2.815100 -0.849600 -4.179996 0.000000 0.000000 0.838502
0.463999 -0.395272 0.150763 2.814181 -0.850675 -4.179735 0.000000 0.000000 0.834790
0.463852 -0.394851 0.151434 2.813262 -0.851750 -4.179474 0.000000 0.000000 0.831079
0.463705 -0.394430 0.152105 2.812344 -0.852825 -4.179212 0.000000 0.000000 0.827367
0.463558 -0.394009 0.152776 2.811425 -0.853900 -4.178951 0.000000 0.000000 0.823655
0.463411 -0.393588 0.153447 2.810506 -0.854975 -4.178690 0.000000 0.000000 0.819944
0.463265 -0.393167 0.154118 2.809588 -0.856050 -4.178429 0.000000 0.000000 0.816232
0.463118 -0.392746 0.154788 2.808669 -0.857125 -4.178167 0.000000 0.000000 0.812521
0.462971 -0.392325 0.155459 2.807750 -0.858200 -4.177906 0.000000 0.000000 0.808809
0.462824 -0.391904 0.156130 2.806832 -0.859275 -4.177645 0.000000 0.000000 0.805098
0.462676 -0.391481 0.156808 2.805890 -0.860325 -4.177373 0.000000 0.000000 0.801620
0.462527 -0.391056 0.157503 2.804896 -0.861319 -4.177076 0.000000 0.000000 0.798660
0.462377 -0.390630 0.158197 2.803903 -0.862313 -4.176780 0.000000 0.000000 0.795701
0.462228 -0.390205 0.158892 2.802909 -0.863306 -4.176483 0.000000 0.000000 0.792741
0.462078 -0.389779 0.159586 2.801916 -0.864300 -4.176186 0.000000 0.000000 0.789781
0.461929 -0.389354 0.160281 2.800922 -0.865294 -4.175890 0.000000 0.000000 0.786822
0.461780 -0.388929 0.160976 2.799929 -0.866288 -4.175593 0.000000 0.000000 0.783862
0.461630 -0.388503 0.161670 2.798935 -0.867282 -4.175297 0.000000 0.000000 0.780903
0.461481 -0.388078 0.162365 2.797941 -0.868276 -4.175000 0.000000 0.000000 0.777943
0.461331 -0.387652 0.163059 2.796948 -0.869269 -4.174704 0.000000 0.000000 0.774984
0.461182 -0.387227 0.163754 2.795954 -0.870263 -4.174407 0.000000 0.000000 0.772024
0.461032 -0.386801 0.164448 2.794961 -0.871257 -4.174110 0.000000 0.000000 0.769064
0.460883 -0.386376 0.165143 2.793967 -0.872251 -4.173814 0.000000 0.000000 0.766105
0.460733 -0.385951 0.165837 2.792974 -0.873245 -4.173517 0.000000 0.000000 0.763145
0.460584 -0.385525 0.166532 2.791980 -0.874239 -4.173221 0.000000 0.000000 0.760186
0.460435 -0.385100 0.167226 2.790987 -0.875232 -4.172924 0.000000 0.000000 0.757226
0.460285 -0.384674 0.167921 2.789993 -0.876226 -4.172628 0.000000 0.000000 0.754267
0.460130 -0.384247 0.168631 2.788963 -0.877181 -4.172305 0.000000 0.000000 0.751508
0.459974 -0.383819 0.169347 2.787919 -0.878121 -4.171974 0.000000 0.000000 0.748820
0.459817 -0.383391 0.170063 2.786875 -0.879061 -4.171643 0.000000 0.000000 0.746133
0.459660 -0.382962 0.170779 2.785831 -0.880001 -4.171312 0.000000 0.000000 0.743445
0.459504 -0.382534 0.171494 2.784787 -0.880941 -4.170980 0.000000 0.000000 0.740758
0.459347 -0.382106 0.172210 2.783744 -0.881881 -4.170649 0.000000 0.000000 0.738070
0.459191 -0.381678 0.172926 2.782700 -0.882821 -4.170318 0.000000 0.000000 0.735383
0.459034 -0.381250 0.173642 2.781656 -0.883762 -4.169987 0.000000 0.000000 0.732695
0.458877 -0.380821 0.174358 2.780612 -0.884702 -4.169656 0.000000 0.000000 0.730008
0.458721 -0.380393 0.175074 2.779568 -0.885642 -4.169324 0.000000 0.000000 0.727320
0.458564 -0.379965 0.175789 2.778524 -0.886582 -4.168993 0.000000 0.000000 0.724633
0.458407 -0.379537 0.176505 2.777481 -0.887522 -4.168662 0.000000 0.000000 0.721945
0.458251 -0.379109 0.177221 2.776437 -0.888462 -4.168331 0.000000 0.000000 0.719258
0.458094 -0.378680 0.177937 2.775393 -0.889403 -4.167999 0.000000 0.000000 0.716570
0.457938 -0.378252 0.178653 2.774349 -0.890343 -4.167668 0.000000 0.000000 0.713883
0.457781 -0.377824 0.179369 2.773305 -0.891283 -4.167337 0.000000 0.000000 0.711195
0.457623 -0.377396 0.180086 2.772256 -0.892211 -4.166998 0.000000 0.000000 0.708552
0.457461 -0.376970 0.180812 2.771177 -0.893082 -4.166622 0.000000 0.000000 0.706132
0.457298 -0.376544 0.181538 2.770098 -0.893952 -4.166246 0.000000 0.000000 0.703712
0.457135 -0.376118 0.182264 2.769020 -0.894822 -4.165870 0.000000 0.000000 0.701292
0.456972 -0.375692 0.182990 2.767941 -0.895693 -4.165494 0.000000 0.000000 0.698872
0.456809 -0.375265 0.183716 2.766862 -0.896563 -4.165118 0.000000 0.000000 0.696453
0.456647 -0.374839 0.184442 2.765783 -0.897433 -4.164742 0.000000 0.000000 0.694033
0.456484 -0.374413 0.185168 2.764705 -0.898304 -4.164367 0.000000 0.000000 0.691613
0.456321 -0.373987 0.185894 2.763626 -0.899174 -4.163991 0.000000 0.000000 0.689193
0.456158 -0.373561 0.186620 2.762547 -0.900044 -4.163615 0.000000 0.000000 0.686773
0.455996 -0.373135 0.187346 2.761469 -0.900915 -4.163239 0.000000 0.000000 0.684354
0.455833 -0.372709 0.188072 2.760390 -0.901785 -4.162863 0.000000 0.000000 0.681934
0.455670 -0.372283 0.188798 2.759311 -0.902655 -4.162487 0.000000 0.000000 0.679514
0.455507 -0.371856 0.189524 2.758232 -0.903526 -4.162111 0.000000 0.000000 0.677094
0.455344 -0.371430 0.190250 2.757154 -0.904396 -4.161735 0.000000 0.000000 0.674674
0.455182 -0.371004 0.190976 2.756075 -0.905266 -4.161359 0.000000 0.000000 0.672255
0.455019 -0.370578 0.191702 2.754996 -0.906137 -4.160983 0.000000 0.000000 0.669835
0.454856 -0.370152 0.192428 2.753917 -0.907007 -4.160607 0.000000 0.000000 0.667415
0.454693 -0.369726 0.193154 2.752839 -0.907877 -4.160231 0.000000 0.000000 0.664995
0.454530 -0.369300 0.193880 2.751760 -0.908748 -4.159855 0.000000 0.000000 0.662575
0.454368 -0.368873 0.194606 2.750681 -0.909618 -4.159479 0.000000 0.000000 0.660155
0.454205 -0.368447 0.195332 2.749603 -0.910488 -4.159103 0.000000 0.000000 0.657736
0.454042 -0.368022 0.196058 2.748522 -0.911352 -4.158724 0.000000 0.000000 0.655340
0.453875 -0.367606 0.196786 2.747409 -0.912133 -4.158307 0.000000 0.000000 0.653273
0.453709 -0.367190 0.197514 2.746296 -0.912913 -4.157890 0.000000 0.000000 0.651207
0.453542 -0.366774 0.198242 2.745183 -0.913693 -4.157473 0.000000 0.000000 0.649141
0.453375 -0.366358 0.198969 2.744070 -0.914474 -4.157056 0.000000 0.000000 0.647074
0.453209 -0.365942 0.199697 2.742958 -0.915254 -4.156640 0.000000 0.000000 0.645008
0.453042 -0.365527 0.200425 2.741845 -0.916034 -4.156223 0.000000 0.000000 0.642942
0.452876 -0.365111 0.201153 2.740732 -0.916815 -4.155806 0.000000 0.000000 0.640875
0.452709 -0.364695 0.201881 2.739619 -0.917595 -4.155389 0.000000 0.000000 0.638809
0.452542 -0.364279 0.202608 2.738507 -0.918376 -4.154972 0.000000 0.000000 0.636743
0.452376 -0.363863 0.203336 2.737394 -0.919156 -4.154555 0.000000 0.000000 0.634676
0.452209 -0.363447 0.204064 2.736281 -0.919936 -4.154138 0.000000 0.000000 0.632610
0.452042 -0.363031 0.204792 2.735168 -0.920717 -4.153721 0.000000 0.000000 0.630544
0.451876 -0.362615 0.205520 2.734055 -0.921497 -4.153304 0.000000 0.000000 0.628477
0.451709 -0.362200 0.206247 2.732943 -0.922277 -4.152887 0.000000 0.000000 0.626411
0.451543 -0.361784 0.206975 2.731830 -0.923058 -4.152470 0.000000 0.000000 0.624345
0.451376 -0.361368 0.207703 2.730717 -0.923838 -4.152053 0.000000 0.000000 0.622278
0.451207 -0.360961 0.208425 2.729600 -0.924568 -4.151613 0.000000 0.000000 0.620129
0.451037 -0.360565 0.209142 2.728477 -0.925248 -4.151149 0.000000 0.000000 0.617896
0.450866 -0.360168 0.209859 2.727355 -0.925928 -4.150686 0.000000 0.000000 0.615662
0.450696 -0.359772 0.210576 2.726233 -0.926608 -4.150222 0.000000 0.000000 0.613429
0.450525 -0.359375 0.211293 2.725110 -0.927287 -4.149758 0.000000 0.000000 0.611196
0.450354 -0.358979 0.212010 2.723988 -0.927967 -4.149295 0.000000 0.000000 0.608962
0.450184 -0.358582 0.212727 2.722865 -0.928647 -4.148831 0.000000 0.000000 0.606729
0.450013 -0.358186 0.213443 2.721743 -0.929326 -4.148367 0.000000 0.000000 0.604496
0.449842 -0.357789 0.214160 2.720621 -0.930006 -4.147904 0.000000 0.000000 0.602262
0.449672 -0.357393 0.214877 2.719498 -0.930686 -4.147440 0.000000 0.000000 0.600029
0.449501 -0.356996 0.215594 2.718376 -0.931365 -4.146976 0.000000 0.000000 0.597795
0.449331 -0.356599 0.216311 2.717254 -0.932045 -4.146513 0.000000 0.000000 0.595562
0.449160 -0.356203 0.217028 2.716131 -0.932725 -4.146049 0.000000 0.000000 0.593329
0.448989 -0.355806 0.217745 2.715009 -0.933404 -4.145585 0.000000 0.000000 0.591095
0.448819 -0.355410 0.218461 2.713887 -0.934084 -4.145122 0.000000 0.000000 0.588862
0.448648 -0.355013 0.219178 2.712764 -0.934764 -4.144658 0.000000 0.000000 0.586628
0.448477 -0.354617 0.219895 2.711642 -0.935443 -4.144194 0.000000 0.000000 0.584395
0.448309 -0.354246 0.220588 2.710534 -0.936025 -4.143714 0.000000 0.000000 0.582127
0.448140 -0.353877 0.221278 2.709428 -0.936598 -4.143231 0.000000 0.000000 0.579855
0.447972 -0.353509 0.221969 2.708322 -0.937171 -4.142749 0.000000 0.000000 0.577584
0.447804 -0.353140 0.222660 2.707215 -0.937743 -4.142267 0.000000 0.000000 0.575313
0.447635 -0.352772 0.223350 2.706109 -0.938316 -4.141785 0.000000 0.000000 0.573042
0.447467 -0.352403 0.224041 2.705003 -0.938889 -4.141303 0.000000 0.000000 0.570770
0.447299 -0.352035 0.224731 2.703896 -0.939462 -4.140821 0.000000 0.000000 0.568499
0.447130 -0.351666 0.225422 2.702790 -0.940035 -4.140338 0.000000 0.000000 0.566228
0.446962 -0.351298 0.226112 2.701684 -0.940608 -4.139856 0.000000 0.000000 0.563956
0.446793 -0.350929 0.226803 2.700577 -0.941181 -4.139374 0.000000 0.000000 0.561685
0.446625 -0.350561 0.227494 2.699471 -0.941754 -4.138892 0.000000 0.000000 0.559414
0.446457 -0.350192 0.228184 2.698365 -0.942327 -4.138410 0.000000 0.000000 0.557143
0.446288 -0.349824 0.228875 2.697259 -0.942900 -4.137928 0.000000 0.000000 0.554871
0.446120 -0.349455 0.229565 2.696152 -0.943473 -4.137445 0.000000 0.000000 0.552600
0.445952 -0.349086 0.230256 2.695046 -0.944046 -4.136963 0.000000 0.000000 0.550329
0.445783 -0.348718 0.230947 2.693940 -0.944618 -4.136481 0.000000 0.000000 0.548058
0.445615 -0.348349 0.231637 2.692833 -0.945191 -4.135999 0.000000 0.000000 0.545786
0.445446 -0.347981 0.232328 2.691727 -0.945764 -4.135517 0.000000 0.000000 0.543515
0.445278 -0.347612 0.233018 2.690621 -0.946337 -4.135035 0.000000 0.000000 0.541244
0.445110 -0.347244 0.233709 2.689514 -0.946910 -4.134553 0.000000 0.000000 0.538972
0.444941 -0.346875 0.234399 2.688408 -0.947483 -4.134070 0.000000 0.000000 0.536701
0.444773 -0.346507 0.235090 2.687302 -0.948056 -4.133588 0.000000 0.000000 0.534430
0.444610 -0.346164 0.235752 2.686231 -0.948580 -4.133135 0.000000 0.000000 0.531813
0.444447 -0.345828 0.236409 2.685167 -0.949094 -4.132687 0.000000 0.000000 0.529122
0.444285 -0.345491 0.237065 2.684104 -0.949607 -4.132240 0.000000 0.000000 0.526432
0.444123 -0.345155 0.237721 2.683040 -0.950121 -4.131792 0.000000 0.000000 0.523741
0.443960 -0.344818 0.238378 2.681976 -0.950634 -4.131345 0.000000 0.000000 0.521050
0.443798 -0.344482 0.239034 2.680913 -0.951148 -4.130897 0.000000 0.000000 0.518360
0.443636 -0.344145 0.239691 2.679849 -0.951662 -4.130450 0.000000 0.000000 0.515669
0.443473 -0.343808 0.240347 2.678786 -0.952175 -4.130002 0.000000 0.000000 0.512978
0.443311 -0.343472 0.241003 2.677722 -0.952689 -4.129555 0.000000 0.000000 0.510288
0.443149 -0.343135 0.241660 2.676659 -0.953203 -4.129107 0.000000 0.000000 0.507597
0.442986 -0.342799 0.242316 2.675595 -0.953716 -4.128660 0.000000 0.000000 0.504906
0.442824 -0.342462 0.242972 2.674532 -0.954230 -4.128212 0.000000 0.000000 0.502216
0.442662 -0.342126 0.243629 2.673468 -0.954743 -4.127765 0.000000 0.000000 0.499525
0.442500 -0.341789 0.244285 2.672405 -0.955257 -4.127317 0.000000 0.000000 0.496835
0.442337 -0.341452 0.244941 2.671341 -0.955771 -4.126870 0.000000 0.000000 0.494144
0.442175 -0.341116 0.245598 2.670278 -0.956284 -4.126422 0.000000 0.000000 0.491453
0.442014 -0.340788 0.246242 2.669238 -0.956786 -4.125984 0.000000 0.000000 0.488701
0.441858 -0.340487 0.246851 2.668269 -0.957253 -4.125570 0.000000 0.000000 0.485763
0.441701 -0.340186 0.247460 2.667300 -0.957719 -4.125157 0.000000 0.000000 0.482825
0.441545 -0.339886 0.248069 2.666331 -0.958186 -4.124744 0.000000 0.000000 0.479887
0.441388 -0.339585 0.248678 2.665363 -0.958652 -4.124331 0.000000 0.000000 0.476950
0.441232 -0.339284 0.249286 2.664394 -0.959119 -4.123918 0.000000 0.000000 0.474012
0.441076 -0.338983 0.249895 2.663425 -0.959586 -4.123504 0.000000 0.000000 0.471074
0.440919 -0.338682 0.250504 2.662456 -0.960052 -4.123091 0.000000 0.000000 0.468137
0.440763 -0.338381 0.251113 2.661487 -0.960519 -4.122678 0.000000 0.000000 0.465199
0.440606 -0.338080 0.251722 2.660518 -0.960985 -4.122265 0.000000 0.000000 0.462261
0.440450 -0.337779 0.252331 2.659550 -0.961452 -4.121852 0.000000 0.000000 0.459324
0.440294 -0.337478 0.252939 2.658581 -0.961919 -4.121438 0.000000 0.000000 0.456386
0.440137 -0.337177 0.253548 2.657612 -0.962385 -4.121025 0.000000 0.000000 0.453448
0.439981 -0.336877 0.254157 2.656643 -0.962852 -4.120612 0.000000 0.000000 0.450511
0.439824 -0.336576 0.254766 2.655674 -0.963319 -4.120199 0.000000 0.000000 0.447573
0.439668 -0.336275 0.255375 2.654705 -0.963785 -4.119786 0.000000 0.000000 0.444635
0.439511 -0.335974 0.255984 2.653736 -0.964252 -4.119372 0.000000 0.000000 0.441698
0.439361 -0.335700 0.256551 2.652836 -0.964668 -4.118974 0.000000 0.000000 0.438887
0.439214 -0.335439 0.257098 2.651968 -0.965061 -4.118583 0.000000 0.000000 0.436137
0.439066 -0.335178 0.257646 2.651100 -0.965454 -4.118192 0.000000 0.000000 0.433387
0.438919 -0.334917 0.258193 2.650233 -0.965847 -4.117801 0.000000 0.000000 0.430637
0.438771 -0.334656 0.258741 2.649365 -0.966240 -4.117410 0.000000 0.000000 0.427887
0.438623 -0.334396 0.259288 2.648497 -0.966633 -4.117019 0.000000 0.000000 0.425137
0.438476 -0.334135 0.259836 2.647629 -0.967026 -4.116628 0.000000 0.000000 0.422386
0.438328 -0.333874 0.260383 2.646761 -0.967419 -4.116236 0.000000 0.000000 0.419636
0.438181 -0.333613 0.260931 2.645893 -0.967812 -4.115845 0.000000 0.000000 0.416886
0.438033 -0.333352 0.261478 2.645025 -0.968205 -4.115454 0.000000 0.000000 0.414136
0.437886 -0.333091 0.262026 2.644158 -0.968598 -4.115063 0.000000 0.000000 0.411386
0.437738 -0.332830 0.262573 2.643290 -0.968991 -4.114672 0.000000 0.000000 0.408636
0.437591 -0.332569 0.263121 2.642422 -0.969384 -4.114281 0.000000 0.000000 0.405886
0.437443 -0.332308 0.263668 2.641554 -0.969777 -4.113890 0.000000 0.000000 0.403135
0.437296 -0.332047 0.264216 2.640686 -0.970170 -4.113499 0.000000 0.000000 0.400385
0.437148 -0.331787 0.264763 2.639818 -0.970563 -4.113107 0.000000 0.000000 0.397635
0.437001 -0.331526 0.265311 2.638951 -0.970956 -4.112716 0.000000 0.000000 0.394885
0.436853 -0.331265 0.265858 2.638083 -0.971349 -4.112325 0.000000 0.000000 0.392135
0.436706 -0.331004 0.266405 2.637215 -0.971742 -4.111934 0.000000 0.000000 0.389385
0.436558 -0.330743 0.266953 2.636347 -0.972135 -4.111543 0.000000 0.000000 0.386635
0.436410 -0.330482 0.267500 2.635479 -0.972528 -4.111152 0.000000 0.000000 0.383884
0.436263 -0.330221 0.268048 2.634611 -0.972921 -4.110761 0.000000 0.000000 0.381134
0.436123 -0.329983 0.268557 2.633802 -0.973268 -4.110385 0.000000 0.000000 0.377927
0.435989 -0.329762 0.269037 2.633035 -0.973581 -4.110020 0.000000 0.000000 0.374390
0.435855 -0.329541 0.269518 2.632267 -0.973895 -4.109656 0.000000 0.000000 0.370853
0.435721 -0.329320 0.269998 2.631500 -0.974208 -4.109291 0.000000 0.000000 0.367316
0.435587 -0.329098 0.270479 2.630733 -0.974521 -4.108927 0.000000 0.000000 0.363779
0.435453 -0.328877 0.270960 2.629966 -0.974835 -4.108562 0.000000 0.000000 0.360242
0.435319 -0.328656 0.271440 2.629199 -0.975148 -4.108198 0.000000 0.000000 0.356704
0.435184 -0.328435 0.271921 2.628431 -0.975461 -4.107833 0.000000 0.000000 0.353167
0.435050 -0.328213 0.272401 2.627664 -0.975775 -4.107468 0.000000 0.000000 0.349630
0.434916 -0.327992 0.272882 2.626897 -0.976088 -4.107104 0.000000 0.000000 0.346093
0.434782 -0.327771 0.273363 2.626130 -0.976401 -4.106739 0.000000 0.000000 0.342556
0.434648 -0.327550 0.273843 2.625362 -0.976715 -4.106375 0.000000 0.000000 0.339019
0.434514 -0.327328 0.274324 2.624595 -0.977028 -4.106010 0.000000 0.000000 0.335482
0.434380 -0.327107 0.274804 2.623828 -0.977341 -4.105645 0.000000 0.000000 0.331945
0.434246 -0.326886 0.275285 2.623061 -0.977655 -4.105281 0.000000 0.000000 0.328408
0.434112 -0.326665 0.275766 2.622293 -0.977968 -4.104916 0.000000 0.000000 0.324871
0.433978 -0.326444 0.276246 2.621527 -0.978280 -4.104552 0.000000 0.000000 0.321334
0.433860 -0.326263 0.276653 2.620875 -0.978503 -4.104220 0.000000 0.000000 0.317769
0.433743 -0.326083 0.277060 2.620223 -0.978726 -4.103887 0.000000 0.000000 0.314204
0.433625 -0.325903 0.277467 2.619571 -0.978948 -4.103555 0.000000 0.000000 0.310639
0.433507 -0.325722 0.277873 2.618919 -0.979171 -4.103223 0.000000 0.000000 0.307074
0.433390 -0.325542 0.278280 2.618267 -0.979394 -4.102890 0.000000 0.000000 0.303509
0.433272 -0.325361 0.278687 2.617615 -0.979616 -4.102558 0.000000 0.000000 0.299945
0.433154 -0.325181 0.279094 2.616963 -0.979839 -4.102226 0.000000 0.000000 0.296380
0.433037 -0.325000 0.279501 2.616311 -0.980061 -4.101893 0.000000 0.000000 0.292815
0.432919 -0.324820 0.279908 2.615659 -0.980284 -4.101561 0.000000 0.000000 0.289250
0.432802 -0.324639 0.280315 2.615008 -0.980507 -4.101228 0.000000 0.000000 0.285685
0.432684 -0.324459 0.280722 2.614356 -0.980729 -4.100896 0.000000 0.000000 0.282120
0.432566 -0.324279 0.281129 2.613704 -0.980952 -4.100564 0.000000 0.000000 0.278555
0.432449 -0.324098 0.281536 2.613052 -0.981175 -4.100231 0.000000 0.000000 0.274990
0.432331 -0.323918 0.281943 2.612400 -0.981397 -4.099899 0.000000 0.000000 0.271426
0.432214 -0.323737 0.282350 2.611748 -0.981620 -4.099567 0.000000 0.000000 0.267861
0.432096 -0.323557 0.282757 2.611096 -0.981842 -4.099234 0.000000 0.000000 0.264296
0.431988 -0.323394 0.283129 2.610490 -0.982007 -4.098912 0.000000 0.000000 0.261056
0.431893 -0.323255 0.283457 2.609946 -0.982096 -4.098601 0.000000 0.000000 0.258239
0.431798 -0.323116 0.283785 2.609401 -0.982186 -4.098291 0.000000 0.000000 0.255421
0.431703 -0.322976 0.284112 2.608856 -0.982275 -4.097980 0.000000 0.000000 0.252603
0.431608 -0.322837 0.284440 2.608311 -0.982365 -4.097669 0.000000 0.000000 0.249786
0.431513 -0.322697 0.284767 2.607767 -0.982454 -4.097359 0.000000 0.000000 0.246968
0.431418 -0.322558 0.285095 2.607222 -0.982543 -4.097048 0.000000 0.000000 0.244151
0.431323 -0.322419 0.285422 2.606677 -0.982633 -4.096738 0.000000 0.000000 0.241333
0.431228 -0.322279 0.285750 2.606132 -0.982722 -4.096427 0.000000 0.000000 0.238515
0.431133 -0.322140 0.286077 2.605588 -0.982812 -4.096117 0.000000 0.000000 0.235698
0.431038 -0.322001 0.286405 2.605043 -0.982901 -4.095806 0.000000 0.000000 0.232880
0.430943 -0.321861 0.286733 2.604498 -0.982990 -4.095496 0.000000 0.000000 0.230063
0.430848 -0.321722 0.287060 2.603954 -0.983080 -4.095185 0.000000 0.000000 0.227245
0.430753 -0.321583 0.287388 2.603409 -0.983169 -4.094875 0.000000 0.000000 0.224427
0.430658 -0.321443 0.287715 2.602864 -0.983259 -4.094564 0.000000 0.000000 0.221610
0.430563 -0.321304 0.288043 2.602319 -0.983348 -4.094254 0.000000 0.000000 0.218792
0.430468 -0.321165 0.288370 2.601775 -0.983437 -4.093943 0.000000 0.000000 0.215975
0.430373 -0.321025 0.288698 2.601230 -0.983527 -4.093633 0.000000 0.000000 0.213157
0.430278 -0.320886 0.289026 2.600685 -0.983616 -4.093322 0.000000 0.000000 0.210339
0.430183 -0.320747 0.289353 2.600140 -0.983705 -4.093012 0.000000 0.000000 0.207522
0.430088 -0.320607 0.289681 2.599596 -0.983795 -4.092701 0.000000 0.000000 0.204704
0.429993 -0.320468 0.290008 2.599051 -0.983884 -4.092391 0.000000 0.000000 0.201887
0.429908 -0.320343 0.290310 2.598538 -0.983927 -4.092090 0.000000 0.000000 0.199255
0.429841 -0.320245 0.290560 2.598089 -0.983877 -4.091809 0.000000 0.000000 0.196987
0.429774 -0.320147 0.290810 2.597639 -0.983828 -4.091528 0.000000 0.000000 0.194719
0.429708 -0.320049 0.291061 2.597190 -0.983778 -4.091247 0.000000 0.000000 0.192451
0.429641 -0.319951 0.291311 2.596740 -0.983729 -4.090966 0.000000 0.000000 0.190184
0.429574 -0.319853 0.291561 2.596291 -0.983679 -4.090686 0.000000 0.000000 0.187916
0.429508 -0.319755 0.291812 2.595841 -0.983629 -4.090405 0.000000 0.000000 0.185648
0.429441 -0.319657 0.292062 2.595392 -0.983580 -4.090124 0.000000 0.000000 0.183380
0.429374 -0.319560 0.292313 2.594942 -0.983530 -4.089843 0.000000 0.000000 0.181112
0.429307 -0.319462 0.292563 2.594492 -0.983481 -4.089562 0.000000 0.000000 0.178844
0.429241 -0.319364 0.292813 2.594043 -0.983431 -4.089281 0.000000 0.000000 0.176577
0.429174 -0.319266 0.293064 2.593593 -0.983382 -4.089000 0.000000 0.000000 0.174309
0.429107 -0.319168 0.293314 2.593144 -0.983332 -4.088719 0.000000 0.000000 0.172041
0.429041 -0.319070 0.293564 2.592694 -0.983283 -4.088438 0.000000 0.000000 0.169773
0.428974 -0.318972 0.293815 2.592245 -0.983233 -4.088157 0.000000 0.000000 0.167505
0.428907 -0.318874 0.294065 2.591795 -0.983184 -4.087876 0.000000 0.000000 0.165237
0.428840 -0.318777 0.294315 2.591346 -0.983134 -4.087595 0.000000 0.000000 0.162970
0.428795 -0.318710 0.294509 2.590972 -0.982990 -4.087336 0.000000 0.000000 0.160967
0.428757 -0.318654 0.294684 2.590622 -0.982817 -4.087083 0.000000 0.000000 0.159045
0.428718 -0.318597 0.294860 2.590272 -0.982643 -4.086831 0.000000 0.000000 0.157124
0.428679 -0.318541 0.295036 2.589921 -0.982470 -4.086578 0.000000 0.000000 0.155202
0.428641 -0.318484 0.295211 2.589571 -0.982296 -4.086325 0.000000 0.000000 0.153280
0.428602 -0.318427 0.295387 2.589221 -0.982123 -4.086072 0.000000 0.000000 0.151359
0.428564 -0.318371 0.295563 2.588871 -0.981949 -4.085819 0.000000 0.000000 0.149437
0.428525 -0.318314 0.295738 2.588521 -0.981776 -4.085567 0.000000 0.000000 0.147516
0.428486 -0.318258 0.295914 2.588170 -0.981603 -4.085314 0.000000 0.000000 0.145594
0.428448 -0.318201 0.296090 2.587820 -0.981429 -4.085061 0.000000 0.000000 0.143673
0.428409 -0.318145 0.296265 2.587470 -0.981256 -4.084808 0.000000 0.000000 0.141751
0.428371 -0.318088 0.296441 2.587120 -0.981082 -4.084555 0.000000 0.000000 0.139830
0.428332 -0.318031 0.296617 2.586769 -0.980909 -4.084303 0.000000 0.000000 0.137908
0.428293 -0.317975 0.296792 2.586419 -0.980736 -4.084050 0.000000 0.000000 0.135987
0.428255 -0.317918 0.296968 2.586069 -0.980562 -4.083797 0.000000 0.000000 0.134065
0.428216 -0.317862 0.297144 2.585719 -0.980389 -4.083544 0.000000 0.000000 0.132144
0.428183 -0.317813 0.297306 2.585386 -0.980196 -4.083299 0.000000 0.000000 0.130336
0.428172 -0.317796 0.297415 2.585130 -0.979919 -4.083084 0.000000 0.000000 0.129008
0.428162 -0.317779 0.297523 2.584873 -0.979642 -4.082869 0.000000 0.000000 0.127680
0.428151 -0.317762 0.297631 2.584616 -0.979366 -4.082654 0.000000 0.000000 0.126352
0.428140 -0.317745 0.297739 2.584360 -0.979089 -4.082438 0.000000 0.000000 0.125024
0.428129 -0.317728 0.297848 2.584103 -0.978812 -4.082223 0.000000 0.000000 0.123696
0.428119 -0.317711 0.297956 2.583846 -0.978536 -4.082008 0.000000 0.000000 0.122368
0.428108 -0.317695 0.298064 2.583590 -0.978259 -4.081793 0.000000 0.000000 0.121040
0.428097 -0.317678 0.298172 2.583333 -0.977982 -4.081578 0.000000 0.000000 0.119712
0.428086 -0.317661 0.298281 2.583076 -0.977706 -4.081363 0.000000 0.000000 0.118385
0.428076 -0.317644 0.298389 2.582820 -0.977429 -4.081148 0.000000 0.000000 0.117057
0.428065 -0.317627 0.298497 2.582563 -0.977152 -4.080933 0.000000 0.000000 0.115729
0.428054 -0.317610 0.298606 2.582306 -0.976876 -4.080718 0.000000 0.000000 0.114401
0.428044 -0.317593 0.298714 2.582050 -0.976599 -4.080503 0.000000 0.000000 0.113073
0.428033 -0.317577 0.298822 2.581793 -0.976322 -4.080287 0.000000 0.000000 0.111745
0.428022 -0.317560 0.298930 2.581536 -0.976046 -4.080072 0.000000 0.000000 0.110417
0.428011 -0.317543 0.299039 2.581280 -0.975769 -4.079857 0.000000 0.000000 0.109089
0.428001 -0.317526 0.299147 2.581023 -0.975492 -4.079642 0.000000 0.000000 0.107761
0.427990 -0.317509 0.299255 2.580766 -0.975216 -4.079427 0.000000 0.000000 0.106433
0.427979 -0.317492 0.299363 2.580510 -0.974939 -4.079212 0.000000 0.000000 0.105105
0.427968 -0.317475 0.299472 2.580253 -0.974662 -4.078997 0.000000 0.000000 0.103777
0.427958 -0.317458 0.299580 2.579996 -0.974386 -4.078782 0.000000 0.000000 0.102449
0.427950 -0.317445 0.299682 2.579748 -0.974098 -4.078570 0.000000 0.000000 0.101142
0.427970 -0.317469 0.299725 2.579582 -0.973705 -4.078392 0.000000 0.000000 0.100038
0.427991 -0.317493 0.299767 2.579415 -0.973312 -4.078213 0.000000 0.000000 0.098933
0.428012 -0.317518 0.299810 2.579249 -0.972918 -4.078035 0.000000 0.000000 0.097828
0.428032 -0.317542 0.299853 2.579082 -0.972525 -4.077856 0.000000 0.000000 0.096724
0.428053 -0.317566 0.299896 2.578916 -0.972132 -4.077678 0.000000 0.000000 0.095619
0.428073 -0.317590 0.299938 2.578749 -0.971739 -4.077499 0.000000 0.000000 0.094514
0.428094 -0.317614 0.299981 2.578583 -0.971346 -4.077321 0.000000 0.000000 0.093409
0.428114 -0.317638 0.300024 2.578416 -0.970952 -4.077143 0.000000 0.000000 0.092305
0.428135 -0.317662 0.300067 2.578250 -0.970559 -4.076964 0.000000 0.000000 0.091200
0.428156 -0.317686 0.300110 2.578083 -0.970166 -4.076786 0.000000 0.000000 0.090095
0.428176 -0.317710 0.300152 2.577917 -0.969773 -4.076607 0.000000 0.000000 0.088991
0.428197 -0.317734 0.300195 2.577750 -0.969380 -4.076429 0.000000 0.000000 0.087886
0.428217 -0.317758 0.300238 2.577584 -0.968986 -4.076250 0.000000 0.000000 0.086781
0.428238 -0.317782 0.300281 2.577417 -0.968593 -4.076072 0.000000 0.000000 0.085677
0.428258 -0.317806 0.300323 2.577251 -0.968200 -4.075893 0.000000 0.000000 0.084572
0.428279 -0.317830 0.300366 2.577084 -0.967807 -4.075715 0.000000 0.000000 0.083467
0.428318 -0.317875 0.300377 2.576960 -0.967344 -4.075556 0.000000 0.000000 0.082583
0.428373 -0.317940 0.300359 2.576874 -0.966819 -4.075415 0.000000 0.000000 0.081902
0.428429 -0.318005 0.300341 2.576788 -0.966294 -4.075274 0.000000 0.000000 0.081220
0.428484 -0.318070 0.300323 2.576701 -0.965768 -4.075133 0.000000 0.000000 0.080538
0.428540 -0.318135 0.300305 2.576615 -0.965243 -4.074991 0.000000 0.000000 0.079857
0.428595 -0.318200 0.300287 2.576529 -0.964717 -4.074850 0.000000 0.000000 0.079175
0.428650 -0.318265 0.300270 2.576443 -0.964192 -4.074709 0.000000 0.000000 0.078493
0.428706 -0.318330 0.300252 2.576357 -0.963667 -4.074568 0.000000 0.000000 0.077812
0.428761 -0.318395 0.300234 2.576271 -0.963141 -4.074427 0.000000 0.000000 0.077130
0.428817 -0.318460 0.300216 2.576185 -0.962616 -4.074286 0.000000 0.000000 0.076448
0.428872 -0.318525 0.300198 2.576099 -0.962090 -4.074145 0.000000 0.000000 0.075767
0.428928 -0.318590 0.300180 2.576013 -0.961565 -4.074003 0.000000 0.000000 0.075085
0.428983 -0.318655 0.300162 2.575926 -0.961039 -4.073862 0.000000 0.000000 0.074403
0.429039 -0.318720 0.300144 2.575840 -0.960514 -4.073721 0.000000 0.000000 0.073722
0.429094 -0.318785 0.300126 2.575754 -0.959989 -4.073580 0.000000 0.000000 0.073040
0.429150 -0.318849 0.300108 2.575668 -0.959463 -4.073439 0.000000 0.000000 0.072358
0.429205 -0.318914 0.300090 2.575582 -0.958938 -4.073298 0.000000 0.000000 0.071677
0.429296 -0.319017 0.300022 2.575554 -0.958284 -4.073199 0.000000 0.000000 0.070988
0.429390 -0.319122 0.299950 2.575530 -0.957622 -4.073102 0.000000 0.000000 0.070299
0.429483 -0.319227 0.299879 2.575505 -0.956961 -4.073006 0.000000 0.000000 0.069610
0.429576 -0.319332 0.299808 2.575481 -0.956300 -4.072909 0.000000 0.000000 0.068921
0.429669 -0.319437 0.299737 2.575456 -0.955639 -4.072813 0.000000 0.000000 0.068232
0.429763 -0.319541 0.299665 2.575432 -0.954977 -4.072716 0.000000 0.000000 0.067543
0.429856 -0.319646 0.299594 2.575407 -0.954316 -4.072620 0.000000 0.000000 0.066854
0.429949 -0.319751 0.299523 2.575383 -0.953655 -4.072523 0.000000 0.000000 0.066165
0.430042 -0.319856 0.299452 2.575358 -0.952994 -4.072427 0.000000 0.000000 0.065476
0.430135 -0.319961 0.299381 2.575333 -0.952332 -4.072330 0.000000 0.000000 0.064787
0.430229 -0.320066 0.299309 2.575309 -0.951671 -4.072234 0.000000 0.000000 0.064098
0.430322 -0.320170 0.299238 2.575284 -0.951010 -4.072137 0.000000 0.000000 0.063409
0.430415 -0.320275 0.299167 2.575260 -0.950349 -4.072041 0.000000 0.000000 0.062720
0.430508 -0.320380 0.299096 2.575235 -0.949687 -4.071944 0.000000 0.000000 0.062031
0.430602 -0.320485 0.299024 2.575211 -0.949026 -4.071848 0.000000 0.000000 0.061342
0.430695 -0.320590 0.298953 2.575186 -0.948365 -4.071751 0.000000 0.000000 0.060653
0.430788 -0.320695 0.298882 2.575162 -0.947704 -4.071655 0.000000 0.000000 0.059964
0.430881 -0.320799 0.298811 2.575137 -0.947043 -4.071558 0.000000 0.000000 0.059275
0.430975 -0.320904 0.298739 2.575113 -0.946381 -4.071462 0.000000 0.000000 0.058586
0.431068 -0.321009 0.298668 2.575088 -0.945720 -4.071365 0.000000 0.000000 0.057897
0.431161 -0.321114 0.298597 2.575064 -0.945059 -4.071269 0.000000 0.000000 0.057208
0.431254 -0.321219 0.298526 2.575039 -0.944398 -4.071172 0.000000 0.000000 0.056519
0.431379 -0.321356 0.298416 2.575059 -0.943627 -4.071115 0.000000 0.000000 0.055570
0.431510 -0.321500 0.298299 2.575087 -0.942838 -4.071065 0.000000 0.000000 0.054574
0.431640 -0.321643 0.298182 2.575115 -0.942049 -4.071015 0.000000 0.000000 0.053579
0.431771 -0.321786 0.298066 2.575143 -0.941260 -4.070965 0.000000 0.000000 0.052584
0.431902 -0.321929 0.297949 2.575171 -0.940471 -4.070915 0.000000 0.000000 0.051589
0.432032 -0.322073 0.297832 2.575199 -0.939682 -4.070865 0.000000 0.000000 0.050594
0.432163 -0.322216 0.297716 2.575228 -0.938893 -4.070815 0.000000 0.000000 0.049599
0.432293 -0.322359 0.297599 2.575256 -0.938104 -4.070765 0.000000 0.000000 0.048604
0.432424 -0.322502 0.297482 2.575284 -0.937315 -4.070714 0.000000 0.000000 0.047608
0.432554 -0.322646 0.297366 2.575312 -0.936526 -4.070664 0.000000 0.000000 0.046613
0.432685 -0.322789 0.297249 2.575340 -0.935736 -4.070614 0.000000 0.000000 0.045618
0.432816 -0.322932 0.297132 2.575368 -0.934947 -4.070564 0.000000 0.000000 0.044623
0.432946 -0.323075 0.297016 2.575396 -0.934158 -4.070514 0.000000 0.000000 0.043628
0.433077 -0.323218 0.296899 2.575424 -0.933369 -4.070464 0.000000 0.000000 0.042633
0.433207 -0.323362 0.296782 2.575452 -0.932580 -4.070414 0.000000 0.000000 0.041638
0.433338 -0.323505 0.296666 2.575480 -0.931791 -4.070364 0.000000 0.000000 0.040642
0.433479 -0.323658 0.296539 2.575519 -0.930969 -4.070328 0.000000 0.000000 0.039773
0.433645 -0.323838 0.296385 2.575588 -0.930061 -4.070331 0.000000 0.000000 0.039229
0.433811 -0.324018 0.296232 2.575656 -0.929153 -4.070333 0.000000 0.000000 0.038685
0.433977 -0.324197 0.296079 2.575725 -0.928245 -4.070335 0.000000 0.000000 0.038142
0.434143 -0.324377 0.295925 2.575794 -0.927337 -4.070338 0.000000 0.000000 0.037598
0.434309 -0.324556 0.295772 2.575862 -0.926429 -4.070340 0.000000 0.000000 0.037054
0.434476 -0.324736 0.295618 2.575931 -0.925521 -4.070342 0.000000 0.000000 0.036510
0.434642 -0.324916 0.295465 2.575999 -0.924614 -4.070345 0.000000 0.000000 0.035966
0.434808 -0.325095 0.295311 2.576068 -0.923706 -4.070347 0.000000 0.000000 0.035422
0.434974 -0.325275 0.295158 2.576136 -0.922798 -4.070349 0.000000 0.000000 0.034878
0.435140 -0.325454 0.295005 2.576205 -0.921890 -4.070352 0.000000 0.000000 0.034334
0.435306 -0.325634 0.294851 2.576274 -0.920982 -4.070354 0.000000 0.000000 0.033791
0.435473 -0.325813 0.294698 2.576342 -0.920074 -4.070357 0.000000 0.000000 0.033247
0.435639 -0.325993 0.294544 2.576411 -0.919166 -4.070359 0.000000 0.000000 0.032703
0.435805 -0.326173 0.294391 2.576479 -0.918258 -4.070361 0.000000 0.000000 0.032159
0.435971 -0.326352 0.294237 2.576548 -0.917351 -4.070364 0.000000 0.000000 0.031615
0.436137 -0.326532 0.294084 2.576616 -0.916443 -4.070366 0.000000 0.000000 0.031071
0.436327 -0.326735 0.293911 2.576695 -0.915457 -4.070396 0.000000 0.000000 0.030453
0.436527 -0.326948 0.293730 2.576777 -0.914440 -4.070437 0.000000 0.000000 0.029803
0.436727 -0.327161 0.293548 2.576859 -0.913423 -4.070479 0.000000 0.000000 0.029153
0.436927 -0.327375 0.293367 2.576941 -0.912406 -4.070520 0.000000 0.000000 0.028503
0.437127 -0.327588 0.293186 2.577023 -0.911388 -4.070561 0.000000 0.000000 0.027853
0.437327 -0.327801 0.293004 2.577105 -0.910371 -4.070603 0.000000 0.000000 0.027203
0.437526 -0.328014 0.292823 2.577187 -0.909354 -4.070644 0.000000 0.000000 0.026554
0.437726 -0.328227 0.292641 2.577269 -0.908336 -4.070685 0.000000 0.000000 0.025904
0.437926 -0.328440 0.292460 2.577351 -0.907319 -4.070727 0.000000 0.000000 0.025254
0.438126 -0.328653 0.292279 2.577434 -0.906302 -4.070768 0.000000 0.000000 0.024604
0.438326 -0.328866 0.292097 2.577516 -0.905285 -4.070809 0.000000 0.000000 0.023954
0.438526 -0.329080 0.291916 2.577598 -0.904267 -4.070851 0.000000 0.000000 0.023305
0.438726 -0.329293 0.291735 2.577680 -0.903250 -4.070892 0.000000 0.000000 0.022655
0.438926 -0.329506 0.291553 2.577762 -0.902233 -4.070933 0.000000 0.000000 0.022005
0.439125 -0.329719 0.291372 2.577844 -0.901215 -4.070975 0.000000 0.000000 0.021355
0.439325 -0.329932 0.291191 2.577926 -0.900198 -4.071016 0.000000 0.000000 0.020705
0.439525 -0.330145 0.291009 2.578008 -0.899181 -4.071058 0.000000 0.000000 0.020055
0.439725 -0.330358 0.290828 2.578090 -0.898164 -4.071099 0.000000 0.000000 0.019406
0.439925 -0.330571 0.290647 2.578173 -0.897146 -4.071140 0.000000 0.000000 0.018756
0.440125 -0.330785 0.290465 2.578255 -0.896129 -4.071182 0.000000 0.000000 0.018106
0.440325 -0.330998 0.290284 2.578337 -0.895112 -4.071223 0.000000 0.000000 0.017456
0.440525 -0.331211 0.290103 2.578419 -0.894094 -4.071264 0.000000 0.000000 0.016806
0.440741 -0.331443 0.289907 2.578517 -0.893009 -4.071315 0.000000 0.000000 0.015946
0.440967 -0.331686 0.289703 2.578625 -0.891879 -4.071371 0.000000 0.000000 0.014949
0.441194 -0.331930 0.289498 2.578733 -0.890749 -4.071427 0.000000 0.000000 0.013953
0.441420 -0.332174 0.289294 2.578841 -0.889619 -4.071483 0.000000 0.000000 0.012957
0.441647 -0.332417 0.289090 2.578949 -0.888489 -4.071539 0.000000 0.000000 0.011961
0.441873 -0.332661 0.288885 2.579057 -0.887359 -4.071595 0.000000 0.000000 0.010964
0.442100 -0.332905 0.288681 2.579165 -0.886229 -4.071651 0.000000 0.000000 0.009968
0.442327 -0.333148 0.288477 2.579273 -0.885100 -4.071707 0.000000 0.000000 0.008972
0.442553 -0.333392 0.288272 2.579382 -0.883970 -4.071763 0.000000 0.000000 0.007975
0.442780 -0.333636 0.288068 2.579490 -0.882840 -4.071819 0.000000 0.000000 0.006979
0.443006 -0.333879 0.287863 2.579598 -0.881710 -4.071876 0.000000 0.000000 0.005983
0.443233 -0.334123 0.287659 2.579706 -0.880580 -4.071932 0.000000 0.000000 0.004987
0.443459 -0.334366 0.287455 2.579814 -0.879450 -4.071988 0.000000 0.000000 0.003990
0.443686 -0.334610 0.287250 2.579922 -0.878320 -4.072044 0.000000 0.000000 0.002994
0.443912 -0.334854 0.287046 2.580030 -0.877190 -4.072100 0.000000 0.000000 0.001998
0.444139 -0.335097 0.286842 2.580138 -0.876061 -4.072156 0.000000 0.000000 0.001001
0.444366 -0.335342 0.286637 2.580247 -0.874928 -4.072213 0.000000 0.000000 0.000018
0.444615 -0.335612 0.286416 2.580370 -0.873712 -4.072290 0.000000 0.000000 -0.000611
0.444864 -0.335882 0.286196 2.580494 -0.872497 -4.072368 0.000000 0.000000 -0.001241
0.445113 -0.336151 0.285976 2.580617 -0.871281 -4.072445 0.000000 0.000000 -0.001870
0.445362 -0.336421 0.285755 2.580740 -0.870066 -4.072522 0.000000 0.000000 -0.002500
0.445611 -0.336691 0.285535 2.580864 -0.868850 -4.072600 0.000000 0.000000 -0.003130
0.445860 -0.336961 0.285315 2.580987 -0.867635 -4.072677 0.000000 0.000000 -0.003759
0.446109 -0.337230 0.285094 2.581110 -0.866419 -4.072755 0.000000 0.000000 -0.004389
0.446358 -0.337500 0.284874 2.581234 -0.865203 -4.072832 0.000000 0.000000 -0.005018
0.446607 -0.337770 0.284654 2.581357 -0.863988 -4.072909 0.000000 0.000000 -0.005648
0.446856 -0.338040 0.284434 2.581480 -0.862772 -4.072987 0.000000 0.000000 -0.006278
0.447105 -0.338310 0.284213 2.581604 -0.861557 -4.073064 0.000000 0.000000 -0.006907
0.447354 -0.338579 0.283993 2.581727 -0.860341 -4.073142 0.000000 0.000000 -0.007537
0.447603 -0.338849 0.283773 2.581850 -0.859126 -4.073219 0.000000 0.000000 -0.008166
0.447852 -0.339119 0.283552 2.581974 -0.857910 -4.073296 0.000000 0.000000 -0.008796
0.448101 -0.339389 0.283332 2.582097 -0.856695 -4.073374 0.000000 0.000000 -0.009426
0.448350 -0.339658 0.283112 2.582220 -0.855479 -4.073451 0.000000 0.000000 -0.010055
0.448607 -0.339938 0.282886 2.582355 -0.854234 -4.073537 0.000000 0.000000 -0.010528
0.448873 -0.340230 0.282655 2.582504 -0.852953 -4.073631 0.000000 0.000000 -0.010819
0.449139 -0.340522 0.282424 2.582652 -0.851673 -4.073726 0.000000 0.000000 -0.011110
0.449405 -0.340814 0.282193 2.582800 -0.850392 -4.073821 0.000000 0.000000 -0.011401
0.449672 -0.341106 0.281961 2.582949 -0.849112 -4.073916 0.000000 0.000000 -0.011693
0.449938 -0.341398 0.281730 2.583097 -0.847832 -4.074011 0.000000 0.000000 -0.011984
0.450204 -0.341690 0.281499 2.583245 -0.846551 -4.074106 0.000000 0.000000 -0.012275
0.450470 -0.341982 0.281268 2.583394 -0.845271 -4.074200 0.000000 0.000000 -0.012566
0.450736 -0.342274 0.281037 2.583542 -0.843990 -4.074295 0.000000 0.000000 -0.012857
0.451003 -0.342566 0.280805 2.583690 -0.842710 -4.074390 0.000000 0.000000 -0.013148
0.451269 -0.342857 0.280574 2.583839 -0.841430 -4.074485 0.000000 0.000000 -0.013439
0.451535 -0.343149 0.280343 2.583987 -0.840149 -4.074580 0.000000 0.000000 -0.013730
0.451801 -0.343441 0.280112 2.584135 -0.838869 -4.074675 0.000000 0.000000 -0.014022
0.452067 -0.343733 0.279880 2.584284 -0.837589 -4.074770 0.000000 0.000000 -0.014313
0.452333 -0.344025 0.279649 2.584432 -0.836308 -4.074864 0.000000 0.000000 -0.014604
0.452600 -0.344317 0.279418 2.584580 -0.835028 -4.074959 0.000000 0.000000 -0.014895
0.452866 -0.344609 0.279187 2.584729 -0.833747 -4.075054 0.000000 0.000000 -0.015186
0.453132 -0.344901 0.278956 2.584877 -0.832467 -4.075149 0.000000 0.000000 -0.015477
0.453398 -0.345193 0.278724 2.585025 -0.831187 -4.075244 0.000000 0.000000 -0.015768
0.453664 -0.345485 0.278493 2.585174 -0.829906 -4.075339 0.000000 0.000000 -0.016059
0.453931 -0.345776 0.278262 2.585322 -0.828626 -4.075433 0.000000 0.000000 -0.016350
0.454197 -0.346068 0.278031 2.585470 -0.827345 -4.075528 0.000000 0.000000 -0.016642
0.454468 -0.346367 0.277797 2.585623 -0.826045 -4.075627 0.000000 0.000000 -0.016767
0.454747 -0.346679 0.277558 2.585782 -0.824710 -4.075733 0.000000 0.000000 -0.016605
0.455026 -0.346990 0.277320 2.585942 -0.823375 -4.075839 0.000000 0.000000 -0.016443
0.455305 -0.347302 0.277081 2.586101 -0.822039 -4.075946 0.000000 0.000000 -0.016280
0.455584 -0.347613 0.276843 2.586261 -0.820704 -4.076052 0.000000 0.000000 -0.016118
0.455863 -0.347924 0.276604 2.586420 -0.819369 -4.076158 0.000000 0.000000 -0.015956
0.456143 -0.348236 0.276366 2.586580 -0.818034 -4.076264 0.000000 0.000000 -0.015794
0.456422 -0.348547 0.276127 2.586739 -0.816699 -4.076370 0.000000 0.000000 -0.015632
0.456701 -0.348858 0.275888 2.586899 -0.815364 -4.076476 0.000000 0.000000 -0.015469
0.456980 -0.349170 0.275650 2.587058 -0.814029 -4.076583 0.000000 0.000000 -0.015307
0.457259 -0.349481 0.275411 2.587218 -0.812693 -4.076689 0.000000 0.000000 -0.015145
0.457538 -0.349793 0.275173 2.587377 -0.811358 -4.076795 0.000000 0.000000 -0.014983
0.457817 -0.350104 0.274934 2.587537 -0.810023 -4.076901 0.000000 0.000000 -0.014821
0.458097 -0.350415 0.274696 2.587696 -0.808688 -4.077007 0.000000 0.000000 -0.014658
0.458376 -0.350727 0.274457 2.587856 -0.807353 -4.077113 0.000000 0.000000 -0.014496
0.458655 -0.351038 0.274219 2.588015 -0.806018 -4.077219 0.000000 0.000000 -0.014334
0.458934 -0.351350 0.273980 2.588175 -0.804682 -4.077326 0.000000 0.000000 -0.014172
0.459223 -0.351672 0.273738 2.588331 -0.803318 -4.077441 0.000000 0.000000 -0.013786
0.459514 -0.351998 0.273496 2.588487 -0.801946 -4.077559 0.000000 0.000000 -0.013341
0.459806 -0.352323 0.273254 2.588643 -0.800573 -4.077677 0.000000 0.000000 -0.012896
0.460097 -0.352649 0.273011 2.588799 -0.799201 -4.077795 0.000000 0.000000 -0.012451
0.460388 -0.352974 0.272769 2.588954 -0.797829 -4.077913 0.000000 0.000000 -0.012006
0.460680 -0.353300 0.272527 2.589110 -0.796456 -4.078031 0.000000 0.000000 -0.011561
0.460971 -0.353625 0.272284 2.589266 -0.795084 -4.078149 0.000000 0.000000 -0.011116
0.461263 -0.353951 0.272042 2.589422 -0.793712 -4.078267 0.000000 0.000000 -0.010671
0.461554 -0.354276 0.271800 2.589577 -0.792339 -4.078384 0.000000 0.000000 -0.010226
0.461845 -0.354601 0.271557 2.589733 -0.790967 -4.078502 0.000000 0.000000 -0.009781
0.462137 -0.354927 0.271315 2.589889 -0.789595 -4.078620 0.000000 0.000000 -0.009336
0.462428 -0.355252 0.271072 2.590045 -0.788223 -4.078738 0.000000 0.000000 -0.008891
0.462720 -0.355578 0.270830 2.590200 -0.786850 -4.078856 0.000000 0.000000 -0.008446
0.463011 -0.355903 0.270588 2.590356 -0.785478 -4.078974 0.000000 0.000000 -0.008001
0.463302 -0.356229 0.270345 2.590512 -0.784106 -4.079092 0.000000 0.000000 -0.007556
0.463594 -0.356554 0.270103 2.590668 -0.782733 -4.079210 0.000000 0.000000 -0.007111
0.463886 -0.356882 0.269861 2.590827 -0.781362 -4.079333 0.000000 0.000000 -0.006688
0.464183 -0.357219 0.269619 2.590996 -0.779994 -4.079472 0.000000 0.000000 -0.006342
0.464480 -0.357555 0.269377 2.591166 -0.778627 -4.079612 0.000000 0.000000 -0.005997
0.464777 -0.357892 0.269135 2.591336 -0.777259 -4.079752 0.000000 0.000000 -0.005651
0.465074 -0.358228 0.268893 2.591505 -0.775891 -4.079891 0.000000 0.000000 -0.005305
0.465371 -0.358565 0.268651 2.591675 -0.774524 -4.080031 0.000000 0.000000 -0.004960
0.465668 -0.358901 0.268409 2.591845 -0.773156 -4.080171 0.000000 0.000000 -0.004614
0.465965 -0.359238 0.268167 2.592014 -0.771788 -4.080311 0.000000 0.000000 -0.004268
0.466262 -0.359574 0.267925 2.592184 -0.770421 -4.080450 0.000000 0.000000 -0.003923
0.466559 -0.359910 0.267683 2.592354 -0.769053 -4.080590 0.000000 0.000000 -0.003577
0.466856 -0.360247 0.267441 2.592523 -0.767685 -4.080730 0.000000 0.000000 -0.003231
0.467153 -0.360583 0.267200 2.592693 -0.766317 -4.080869 0.000000 0.000000 -0.002886
0.467450 -0.360920 0.266958 2.592863 -0.764950 -4.081009 0.000000 0.000000 -0.002540
0.467747 -0.361256 0.266716 2.593033 -0.763582 -4.081149 0.000000 0.000000 -0.002194
0.468044 -0.361593 0.266474 2.593202 -0.762214 -4.081288 0.000000 0.000000 -0.001849
0.468341 -0.361929 0.266232 2.593372 -0.760847 -4.081428 0.000000 0.000000 -0.001503
0.468638 -0.362266 0.265990 2.593542 -0.759479 -4.081568 0.000000 0.000000 -0.001157
0.468935 -0.362602 0.265748 2.593711 -0.758111 -4.081707 0.000000 0.000000 -0.000812
0.469231 -0.362939 0.265506 2.593881 -0.756744 -4.081847 0.000000 0.000000 -0.000466
0.469528 -0.363275 0.265264 2.594051 -0.755376 -4.081987 0.000000 0.000000 -0.000120
0.469825 -0.363611 0.265022 2.594220 -0.754008 -4.082126 0.000000 0.000000 0.000225
0.470122 -0.363948 0.264780 2.594390 -0.752640 -4.082266 0.000000 0.000000 0.000571
0.470419 -0.364285 0.264538 2.594562 -0.751275 -4.082407 0.000000 0.000000 0.000961
0.470718 -0.364629 0.264295 2.594750 -0.749925 -4.082560 0.000000 0.000000 0.001667
0.471016 -0.364973 0.264052 2.594938 -0.748576 -4.082713 0.000000 0.000000 0.002373
0.471314 -0.365316 0.263809 2.595125 -0.747226 -4.082866 0.000000 0.000000 0.003078
0.471612 -0.365660 0.263567 2.595313 -0.745877 -4.083019 0.000000 0.000000 0.003784
0.471911 -0.366004 0.263324 2.595501 -0.744527 -4.083172 0.000000 0.000000 0.004490
0.472209 -0.366347 0.263081 2.595689 -0.743178 -4.083325 0.000000 0.000000 0.005196
0.472507 -0.366691 0.262838 2.595877 -0.741828 -4.083478 0.000000 0.000000 0.005902
0.472805 -0.367035 0.262595 2.596065 -0.740479 -4.083631 0.000000 0.000000 0.006608
0.473104 -0.367378 0.262352 2.596252 -0.739129 -4.083784 0.000000 0.000000 0.007314
0.473402 -0.367722 0.262109 2.596440 -0.737780 -4.083937 0.000000 0.000000 0.008020
0.473700 -0.368065 0.261866 2.596628 -0.736430 -4.084090 0.000000 0.000000 0.008726
0.473998 -0.368409 0.261623 2.596816 -0.735081 -4.084243 0.000000 0.000000 0.009431
0.474297 -0.368753 0.261380 2.597004 -0.733731 -4.084396 0.000000 0.000000 0.010137
0.474595 -0.369096 0.261137 2.597192 -0.732382 -4.084549 0.000000 0.000000 0.010843
0.474893 -0.369440 0.260894 2.597379 -0.731032 -4.084702 0.000000 0.000000 0.011549
0.475191 -0.369784 0.260651 2.597567 -0.729683 -4.084855 0.000000 0.000000 0.012255
0.475491 -0.370130 0.260405 2.597764 -0.728334 -4.085016 0.000000 0.000000 0.012896
0.475793 -0.370480 0.260157 2.597969 -0.726987 -4.085184 0.000000 0.000000 0.013485
0.476095 -0.370829 0.259909 2.598173 -0.725641 -4.085352 0.000000 0.000000 0.014074
0.476396 -0.371178 0.259660 2.598378 -0.724294 -4.085520 0.000000 0.000000 0.014662
0.476698 -0.371527 0.259412 2.598582 -0.722947 -4.085688 0.000000 0.000000 0.015251
0.476999 -0.371876 0.259163 2.598787 -0.721600 -4.085856 0.000000 0.000000 0.015839
0.477301 -0.372225 0.258915 2.598991 -0.720253 -4.086024 0.000000 0.000000 0.016428
0.477602 -0.372574 0.258666 2.599195 -0.718906 -4.086192 0.000000 0.000000 0.017016
0.477904 -0.372924 0.258418 2.599400 -0.717559 -4.086360 0.000000 0.000000 0.017605
0.478206 -0.373273 0.258170 2.599604 -0.716212 -4.086528 0.000000 0.000000 0.018194
0.478507 -0.373622 0.257921 2.599809 -0.714865 -4.086697 0.000000 0.000000 0.018782
0.478809 -0.373971 0.257673 2.600013 -0.713518 -4.086865 0.000000 0.000000 0.019371
0.479110 -0.374320 0.257424 2.600218 -0.712171 -4.087033 0.000000 0.000000 0.019959
0.479412 -0.374669 0.257176 2.600422 -0.710824 -4.087201 0.000000 0.000000 0.020548
0.479714 -0.375019 0.256928 2.600627 -0.709477 -4.087369 0.000000 0.000000 0.021136
0.480015 -0.375368 0.256679 2.600831 -0.708130 -4.087537 0.000000 0.000000 0.021725
0.480317 -0.375717 0.256431 2.601036 -0.706783 -4.087705 0.000000 0.000000 0.022314
0.480622 -0.376069 0.256175 2.601264 -0.705456 -4.087903 0.000000 0.000000 0.022252
0.480927 -0.376421 0.255920 2.601492 -0.704128 -4.088102 0.000000 0.000000 0.022174
0.481232 -0.376773 0.255664 2.601721 -0.702801 -4.088301 0.000000 0.000000 0.022097
0.481537 -0.377125 0.255409 2.601949 -0.701473 -4.088499 0.000000 0.000000 0.022019
0.481842 -0.377477 0.255153 2.602178 -0.700146 -4.088698 0.000000 0.000000 0.021942
0.482147 -0.377829 0.254897 2.602406 -0.698819 -4.088897 0.000000 0.000000 0.021864
0.482452 -0.378181 0.254642 2.602635 -0.697491 -4.089096 0.000000 0.000000 0.021787
0.482757 -0.378533 0.254386 2.602863 -0.696164 -4.089295 0.000000 0.000000 0.021709
0.483062 -0.378885 0.254131 2.603092 -0.694837 -4.089493 0.000000 0.000000 0.021632
0.483367 -0.379237 0.253875 2.603320 -0.693509 -4.089692 0.000000 0.000000 0.021555
0.483671 -0.379589 0.253619 2.603549 -0.692182 -4.089891 0.000000 0.000000 0.021477
0.483976 -0.379941 0.253364 2.603778 -0.690854 -4.090090 0.000000 0.000000 0.021400
0.484281 -0.380293 0.253108 2.604006 -0.689527 -4.090289 0.000000 0.000000 0.021322
0.484586 -0.380645 0.252853 2.604235 -0.688200 -4.090487 0.000000 0.000000 0.021245
0.484891 -0.380998 0.252597 2.604463 -0.686872 -4.090686 0.000000 0.000000 0.021167
0.485196 -0.381350 0.252341 2.604692 -0.685545 -4.090885 0.000000 0.000000 0.021090
0.485501 -0.381702 0.252086 2.604920 -0.684217 -4.091084 0.000000 0.000000 0.021012
0.485806 -0.382054 0.251830 2.605149 -0.682890 -4.091283 0.000000 0.000000 0.020935
0.486111 -0.382406 0.251575 2.605377 -0.681563 -4.091482 0.000000 0.000000 0.020858
0.486416 -0.382758 0.251319 2.605606 -0.680235 -4.091680 0.000000 0.000000 0.020780
0.486721 -0.383110 0.251063 2.605835 -0.678908 -4.091879 0.000000 0.000000 0.020703
0.487026 -0.383462 0.250808 2.606063 -0.677580 -4.092078 0.000000 0.000000 0.020625
0.487331 -0.383815 0.250544 2.606323 -0.676282 -4.092299 0.000000 0.000000 0.020616
0.487635 -0.384168 0.250280 2.606588 -0.674987 -4.092523 0.000000 0.000000 0.020617
0.487939 -0.384521 0.250015 2.606852 -0.673691 -4.092747 0.000000 0.000000 0.020618
0.488243 -0.384874 0.249750 2.607116 -0.672396 -4.092971 0.000000 0.000000 0.020619
0.488548 -0.385227 0.249486 2.607381 -0.671101 -4.093195 0.000000 0.000000 0.020619
0.488852 -0.385580 0.249221 2.607645 -0.669806 -4.093419 0.000000 0.000000 0.020620
0.489156 -0.385933 0.248956 2.607909 -0.668511 -4.093643 0.000000 0.000000 0.020621
0.489461 -0.386287 0.248692 2.608174 -0.667216 -4.093867 0.000000 0.000000 0.020622
0.489765 -0.386640 0.248427 2.608438 -0.665921 -4.094091 0.000000 0.000000 0.020622
0.490069 -0.386993 0.248163 2.608703 -0.664626 -4.094315 0.000000 0.000000 0.020623
0.490373 -0.387346 0.247898 2.608967 -0.663331 -4.094539 0.000000 0.000000 0.020624
0.490678 -0.387699 0.247633 2.609231 -0.662036 -4.094763 0.000000 0.000000 0.020625
0.490982 -0.388052 0.247369 2.609496 -0.660741 -4.094987 0.000000 0.000000 0.020625
0.491286 -0.388405 0.247104 2.609760 -0.659446 -4.095211 0.000000 0.000000 0.020626
0.491591 -0.388758 0.246839 2.610024 -0.658151 -4.095435 0.000000 0.000000 0.020627
0.491895 -0.389111 0.246575 2.610289 -0.656856 -4.095659 0.000000 0.000000 0.020628
0.492198 -0.389464 0.246307 2.610560 -0.655570 -4.095885 0.000000 0.000000 0.020644
0.492499 -0.389817 0.246032 2.610845 -0.654306 -4.096117 0.000000 0.000000 0.020695
0.492800 -0.390170 0.245758 2.611130 -0.653042 -4.096349 0.000000 0.000000 0.020745
0.493101 -0.390523 0.245483 2.611415 -0.651777 -4.096580 0.000000 0.000000 0.020796
0.493402 -0.390876 0.245209 2.611701 -0.650513 -4.096812 0.000000 0.000000 0.020847
0.493703 -0.391229 0.244934 2.611986 -0.649249 -4.097044 0.000000 0.000000 0.020898
0.494004 -0.391582 0.244660 2.612271 -0.647984 -4.097275 0.000000 0.000000 0.020949
0.494305 -0.391935 0.244385 2.612556 -0.646720 -4.097507 0.000000 0.000000 0.021000
0.494606 -0.392288 0.244111 2.612842 -0.645456 -4.097739 0.000000 0.000000 0.021051
0.494907 -0.392641 0.243836 2.613127 -0.644191 -4.097970 0.000000 0.000000 0.021101
0.495208 -0.392994 0.243562 2.613412 -0.642927 -4.098202 0.000000 0.000000 0.021152
0.495509 -0.393347 0.243287 2.613698 -0.641662 -4.098434 0.000000 0.000000 0.021203
0.495810 -0.393700 0.243012 2.613983 -0.640398 -4.098665 0.000000 0.000000 0.021254
0.496111 -0.394053 0.242738 2.614268 -0.639134 -4.098897 0.000000 0.000000 0.021305
0.496412 -0.394406 0.242463 2.614553 -0.637869 -4.099129 0.000000 0.000000 0.021356
0.496713 -0.394759 0.242189 2.614839 -0.636605 -4.099361 0.000000 0.000000 0.021406
0.497014 -0.395112 0.241914 2.615124 -0.635341 -4.099592 0.000000 0.000000 0.021457
0.497308 -0.395464 0.241632 2.615445 -0.634130 -4.099837 0.000000 0.000000 0.021851
0.497598 -0.395815 0.241347 2.615778 -0.632939 -4.100086 0.000000 0.000000 0.022370
0.497889 -0.396165 0.241062 2.616112 -0.631748 -4.100335 0.000000 0.000000 0.022889
0.498179 -0.396516 0.240777 2.616446 -0.630557 -4.100585 0.000000 0.000000 0.023407
0.498470 -0.396867 0.240492 2.616780 -0.629366 -4.100834 0.000000 0.000000 0.023926
0.498760 -0.397218 0.240207 2.617113 -0.628174 -4.101083 0.000000 0.000000 0.024444
0.499051 -0.397569 0.239922 2.617447 -0.626983 -4.101333 0.000000 0.000000 0.024963
0.499342 -0.397920 0.239637 2.617781 -0.625792 -4.101582 0.000000 0.000000 0.025482
0.499632 -0.398270 0.239352 2.618115 -0.624601 -4.101831 0.000000 0.000000 0.026000
0.499923 -0.398621 0.239067 2.618448 -0.623410 -4.102080 0.000000 0.000000 0.026519
0.500213 -0.398972 0.238782 2.618782 -0.622219 -4.102330 0.000000 0.000000 0.027038
0.500504 -0.399323 0.238497 2.619116 -0.621027 -4.102579 0.000000 0.000000 0.027556
0.500795 -0.399674 0.238212 2.619450 -0.619836 -4.102828 0.000000 0.000000 0.028075
0.501085 -0.400025 0.237927 2.619783 -0.618645 -4.103078 0.000000 0.000000 0.028593
0.501376 -0.400376 0.237642 2.620117 -0.617454 -4.103327 0.000000 0.000000 0.029112
0.501666 -0.400726 0.237357 2.620451 -0.616263 -4.103576 0.000000 0.000000 0.029631
0.501957 -0.401077 0.237072 2.620785 -0.615072 -4.103825 0.000000 0.000000 0.030149
0.502248 -0.401428 0.236787 2.621118 -0.613880 -4.104075 0.000000 0.000000 0.030668
0.502538 -0.401779 0.236502 2.621452 -0.612689 -4.104324 0.000000 0.000000 0.031187
0.502829 -0.402130 0.236217 2.621786 -0.611498 -4.104573 0.000000 0.000000 0.031705
0.503119 -0.402481 0.235932 2.622120 -0.610307 -4.104823 0.000000 0.000000 0.032224
0.503410 -0.402831 0.235647 2.622453 -0.609116 -4.105072 0.000000 0.000000 0.032742
0.503693 -0.403180 0.235353 2.622823 -0.607971 -4.105332 0.000000 0.000000 0.033738
0.503972 -0.403527 0.235054 2.623212 -0.606854 -4.105599 0.000000 0.000000 0.035006
0.504251 -0.403875 0.234755 2.623602 -0.605736 -4.105865 0.000000 0.000000 0.036273
0.504529 -0.404222 0.234456 2.623991 -0.604619 -4.106131 0.000000 0.000000 0.037541
0.504808 -0.404569 0.234157 2.624381 -0.603501 -4.106398 0.000000 0.000000 0.038809
0.505087 -0.404917 0.233858 2.624771 -0.602384 -4.106664 0.000000 0.000000 0.040076
0.505366 -0.405264 0.233559 2.625160 -0.601266 -4.106930 0.000000 0.000000 0.041344
0.505644 -0.405611 0.233260 2.625550 -0.600149 -4.107197 0.000000 0.000000 0.042612
0.505923 -0.405959 0.232961 2.625939 -0.599031 -4.107463 0.000000 0.000000 0.043879
0.506202 -0.406306 0.232661 2.626329 -0.597914 -4.107730 0.000000 0.000000 0.045147
0.506481 -0.406653 0.232362 2.626719 -0.596796 -4.107996 0.000000 0.000000 0.046415
0.506759 -0.407001 0.232063 2.627108 -0.595679 -4.108262 0.000000 0.000000 0.047682
0.507038 -0.407348 0.231764 2.627498 -0.594561 -4.108529 0.000000 0.000000 0.048950
0.507317 -0.407695 0.231465 2.627887 -0.593444 -4.108795 0.000000 0.000000 0.050218
0.507596 -0.408043 0.231166 2.628277 -0.592326 -4.109061 0.000000 0.000000 0.051486
0.507874 -0.408390 0.230867 2.628667 -0.591209 -4.109328 0.000000 0.000000 0.052753
0.508153 -0.408737 0.230567 2.629059 -0.590096 -4.109595 0.000000 0.000000 0.053994
0.508421 -0.409079 0.230254 2.629496 -0.589048 -4.109879 0.000000 0.000000 0.054838
0.508689 -0.409421 0.229940 2.629932 -0.588001 -4.110162 0.000000 0.000000 0.055681
0.508957 -0.409763 0.229627 2.630369 -0.586953 -4.110445 0.000000 0.000000 0.056525
0.509225 -0.410105 0.229313 2.630805 -0.585906 -4.110728 0.000000 0.000000 0.057369
0.509494 -0.410447 0.229000 2.631242 -0.584859 -4.111011 0.000000 0.000000 0.058213
0.509762 -0.410788 0.228687 2.631678 -0.583811 -4.111295 0.000000 0.000000 0.059056
0.510030 -0.411130 0.228373 2.632115 -0.582764 -4.111578 0.000000 0.000000 0.059900
0.510298 -0.411472 0.228060 2.632551 -0.581716 -4.111861 0.000000 0.000000 0.060744
0.510566 -0.411814 0.227746 2.632988 -0.580669 -4.112144 0.000000 0.000000 0.061588
0.510835 -0.412156 0.227433 2.633424 -0.579622 -4.112428 0.000000 0.000000 0.062431
0.511103 -0.412498 0.227120 2.633861 -0.578574 -4.112711 0.000000 0.000000 0.063275
0.511371 -0.412840 0.226806 2.634298 -0.577527 -4.112994 0.000000 0.000000 0.064119
0.511639 -0.413182 0.226493 2.634734 -0.576479 -4.113277 0.000000 0.000000 0.064963
0.511908 -0.413524 0.226179 2.635171 -0.575432 -4.113560 0.000000 0.000000 0.065806
0.512176 -0.413866 0.225866 2.635607 -0.574384 -4.113844 0.000000 0.000000 0.066650
0.512444 -0.414208 0.225553 2.636044 -0.573337 -4.114127 0.000000 0.000000 0.067494
0.512706 -0.414546 0.225232 2.636508 -0.572323 -4.114415 0.000000 0.000000 0.068190
0.512961 -0.414880 0.224903 2.637001 -0.571345 -4.114709 0.000000 0.000000 0.068732
0.513217 -0.415214 0.224574 2.637494 -0.570367 -4.115002 0.000000 0.000000 0.069275
0.513472 -0.415548 0.224245 2.637986 -0.569388 -4.115296 0.000000 0.000000 0.069817
0.513727 -0.415882 0.223917 2.638479 -0.568410 -4.115589 0.000000 0.000000 0.070360
0.513983 -0.416217 0.223588 2.638972 -0.567431 -4.115883 0.000000 0.000000 0.070902
0.514238 -0.416551 0.223259 2.639465 -0.566453 -4.116177 0.000000 0.000000 0.071444
0.514494 -0.416885 0.222931 2.639958 -0.565474 -4.116470 0.000000 0.000000 0.071987
0.514749 -0.417219 0.222602 2.640451 -0.564496 -4.116764 0.000000 0.000000 0.072529
0.515004 -0.417553 0.222273 2.640944 -0.563517 -4.117057 0.000000 0.000000 0.073072
0.515260 -0.417888 0.221944 2.641437 -0.562539 -4.117351 0.000000 0.000000 0.073614
0.515515 -0.418222 0.221616 2.641929 -0.561560 -4.117644 0.000000 0.000000 0.074156
0.515771 -0.418556 0.221287 2.642422 -0.560582 -4.117938 0.000000 0.000000 0.074699
0.516026 -0.418890 0.220958 2.642915 -0.559603 -4.118231 0.000000 0.000000 0.075241
0.516281 -0.419224 0.220630 2.643408 -0.558625 -4.118525 0.000000 0.000000 0.075784
0.516537 -0.419558 0.220301 2.643901 -0.557647 -4.118819 0.000000 0.000000 0.076326
0.516792 -0.419893 0.219972 2.644394 -0.556668 -4.119112 0.000000 0.000000 0.076869
0.517047 -0.420227 0.219644 2.644887 -0.555690 -4.119406 0.000000 0.000000 0.077411
0.517303 -0.420561 0.219315 2.645380 -0.554711 -4.119699 0.000000 0.000000 0.077953
0.517558 -0.420895 0.218986 2.645873 -0.553733 -4.119993 0.000000 0.000000 0.078496
0.517814 -0.421229 0.218657 2.646365 -0.552754 -4.120286 0.000000 0.000000 0.079038
0.518069 -0.421563 0.218329 2.646858 -0.551776 -4.120580 0.000000 0.000000 0.079581
0.518320 -0.421895 0.217994 2.647369 -0.550823 -4.120878 0.000000 0.000000 0.080252
0.518564 -0.422221 0.217649 2.647909 -0.549909 -4.121185 0.000000 0.000000 0.081123
0.518808 -0.422547 0.217305 2.648448 -0.548996 -4.121491 0.000000 0.000000 0.081993
0.519052 -0.422874 0.216961 2.648987 -0.548082 -4.121797 0.000000 0.000000 0.082864
0.519296 -0.423200 0.216616 2.649526 -0.547169 -4.122104 0.000000 0.000000 0.083734
0.519540 -0.423526 0.216272 2.650066 -0.546256 -4.122410 0.000000 0.000000 0.084605
0.519784 -0.423852 0.215928 2.650605 -0.545342 -4.122716 0.000000 0.000000 0.085476
0.520028 -0.424179 0.215583 2.651144 -0.544429 -4.123022 0.000000 0.000000 0.086346
0.520272 -0.424505 0.215239 2.651683 -0.543515 -4.123329 0.000000 0.000000 0.087217
0.520516 -0.424831 0.214895 2.652223 -0.542602 -4.123635 0.000000 0.000000 0.088087
0.520760 -0.425158 0.214550 2.652762 -0.541688 -4.123941 0.000000 0.000000 0.088958
0.521004 -0.425484 0.214206 2.653301 -0.540775 -4.124248 0.000000 0.000000 0.089828
0.521247 -0.425810 0.213862 2.653840 -0.539861 -4.124554 0.000000 0.000000 0.090699
0.521491 -0.426137 0.213517 2.654380 -0.538948 -4.124860 0.000000 0.000000 0.091570
0.521735 -0.426463 0.213173 2.654919 -0.538035 -4.125166 0.000000 0.000000 0.092440
0.521979 -0.426789 0.212828 2.655458 -0.537121 -4.125473 0.000000 0.000000 0.093311
0.522223 -0.427116 0.212484 2.655997 -0.536208 -4.125779 0.000000 0.000000 0.094181
0.522458 -0.427434 0.212130 2.656566 -0.535343 -4.126092 0.000000 0.000000 0.095185
0.522691 -0.427751 0.211773 2.657141 -0.534488 -4.126405 0.000000 0.000000 0.096218
0.522923 -0.428067 0.211416 2.657716 -0.533634 -4.126719 0.000000 0.000000 0.097251
0.523156 -0.428384 0.211059 2.658291 -0.532780 -4.127033 0.000000 0.000000 0.098283
0.523388 -0.428700 0.210702 2.658866 -0.531925 -4.127347 0.000000 0.000000 0.099316
0.523621 -0.429017 0.210346 2.659441 -0.531071 -4.127661 0.000000 0.000000 0.100349
0.523854 -0.429333 0.209989 2.660016 -0.530216 -4.127974 0.000000 0.000000 0.101382
0.524086 -0.429650 0.209632 2.660591 -0.529362 -4.128288 0.000000 0.000000 0.102415
0.524319 -0.429967 0.209275 2.661166 -0.528508 -4.128602 0.000000 0.000000 0.103447
0.524552 -0.430283 0.208918 2.661741 -0.527653 -4.128916 0.000000 0.000000 0.104480
0.524784 -0.430600 0.208562 2.662316 -0.526799 -4.129230 0.000000 0.000000 0.105513
0.525017 -0.430916 0.208205 2.662891 -0.525945 -4.129543 0.000000 0.000000 0.106546
0.525249 -0.431233 0.207848 2.663466 -0.525090 -4.129857 0.000000 0.000000 0.107579
0.525482 -0.431549 0.207491 2.664041 -0.524236 -4.130171 0.000000 0.000000 0.108611
0.525715 -0.431866 0.207134 2.664616 -0.523381 -4.130485 0.000000 0.000000 0.109644
0.525947 -0.432182 0.206778 2.665191 -0.522527 -4.130799 0.000000 0.000000 0.110677
0.526177 -0.432496 0.206418 2.665771 -0.521687 -4.131113 0.000000 0.000000 0.111675
0.526398 -0.432801 0.206052 2.666367 -0.520890 -4.131429 0.000000 0.000000 0.112565
0.526619 -0.433106 0.205686 2.666962 -0.520094 -4.131746 0.000000 0.000000 0.113455
0.526840 -0.433411 0.205320 2.667557 -0.519297 -4.132062 0.000000 0.000000 0.114345
0.527062 -0.433716 0.204954 2.668153 -0.518500 -4.132378 0.000000 0.000000 0.115235
0.527283 -0.434021 0.204587 2.668748 -0.517704 -4.132695 0.000000 0.000000 0.116125
0.527504 -0.434326 0.204221 2.669344 -0.516907 -4.133011 0.000000 0.000000 0.117016
0.527725 -0.434631 0.203855 2.669939 -0.516111 -4.133327 0.000000 0.000000 0.117906
0.527946 -0.434936 0.203489 2.670534 -0.515314 -4.133644 0.000000 0.000000 0.118796
0.528167 -0.435240 0.203123 2.671130 -0.514517 -4.133960 0.000000 0.000000 0.119686
0.528388 -0.435545 0.202756 2.671725 -0.513721 -4.134276 0.000000 0.000000 0.120576
0.528610 -0.435850 0.202390 2.672321 -0.512924 -4.134593 0.000000 0.000000 0.121466
0.528831 -0.436155 0.202024 2.672916 -0.512127 -4.134909 0.000000 0.000000 0.122357
0.529052 -0.436460 0.201658 2.673511 -0.511331 -4.135225 0.000000 0.000000 0.123247
0.529273 -0.436765 0.201291 2.674107 -0.510534 -4.135542 0.000000 0.000000 0.124137
0.529494 -0.437070 0.200925 2.674702 -0.509737 -4.135858 0.000000 0.000000 0.125027
0.529715 -0.437375 0.200559 2.675298 -0.508941 -4.136174 0.000000 0.000000 0.125917
0.529936 -0.437680 0.200193 2.675893 -0.508144 -4.136491 0.000000 0.000000 0.126808
0.530157 -0.437985 0.199827 2.676488 -0.507347 -4.136807 0.000000 0.000000 0.127698
0.530379 -0.438290 0.199460 2.677084 -0.506551 -4.137123 0.000000 0.000000 0.128588
0.530600 -0.438595 0.199094 2.677679 -0.505754 -4.137440 0.000000 0.000000 0.129478
0.530821 -0.438900 0.198728 2.678275 -0.504957 -4.137756 0.000000 0.000000 0.130368
0.531040 -0.439203 0.198360 2.678874 -0.504169 -4.138074 0.000000 0.000000 0.131288
0.531250 -0.439495 0.197985 2.679497 -0.503428 -4.138403 0.000000 0.000000 0.132378
0.531460 -0.439788 0.197609 2.680120 -0.502687 -4.138731 0.000000 0.000000 0.133467
0.531669 -0.440081 0.197234 2.680743 -0.501945 -4.139060 0.000000 0.000000 0.134557
0.531879 -0.440373 0.196858 2.681366 -0.501204 -4.139388 0.000000 0.000000 0.135646
0.532089 -0.440666 0.196483 2.681989 -0.500463 -4.139717 0.000000 0.000000 0.136735
0.532298 -0.440958 0.196107 2.682612 -0.499722 -4.140045 0.000000 0.000000 0.137825
0.532508 -0.441251 0.195732 2.683235 -0.498981 -4.140374 0.000000 0.000000 0.138914
0.532718 -0.441544 0.195356 2.683858 -0.498239 -4.140703 0.000000 0.000000 0.140004
0.532927 -0.441836 0.194981 2.684481 -0.497498 -4.141031 0.000000 0.000000 0.141093
0.533137 -0.442129 0.194605 2.685104 -0.496757 -4.141360 0.000000 0.000000 0.142182
0.533346 -0.442421 0.194230 2.685727 -0.496016 -4.141688 0.000000 0.000000 0.143272
0.533556 -0.442714 0.193854 2.686350 -0.495274 -4.142017 0.000000 0.000000 0.144361
0.533766 -0.443006 0.193479 2.686973 -0.494533 -4.142345 0.000000 0.000000 0.145450
0.533975 -0.443299 0.193103 2.687596 -0.493792 -4.142674 0.000000 0.000000 0.146540
0.534185 -0.443592 0.192728 2.688219 -0.493051 -4.143002 0.000000 0.000000 0.147629
0.534395 -0.443884 0.192352 2.688842 -0.492310 -4.143331 0.000000 0.000000 0.148719
0.534597 -0.444170 0.191973 2.689482 -0.491600 -4.143663 0.000000 0.000000 0.149761
0.534794 -0.444450 0.191591 2.690133 -0.490914 -4.143997 0.000000 0.000000 0.150769
0.534990 -0.444730 0.191209 2.690785 -0.490228 -4.144332 0.000000 0.000000 0.151778
0.535187 -0.445010 0.190828 2.691437 -0.489542 -4.144666 0.000000 0.000000 0.152786
0.535384 -0.445290 0.190446 2.692089 -0.488855 -4.145001 0.000000 0.000000 0.153794
0.535580 -0.445570 0.190064 2.692740 -0.488169 -4.145335 0.000000 0.000000 0.154802
0.535777 -0.445850 0.189682 2.693392 -0.487483 -4.145669 0.000000 0.000000 0.155810
0.535974 -0.446131 0.189301 2.694044 -0.486797 -4.146004 0.000000 0.000000 0.156819
0.536170 -0.446411 0.188919 2.694695 -0.486111 -4.146338 0.000000 0.000000 0.157827
0.536367 -0.446691 0.188537 2.695347 -0.485425 -4.146673 0.000000 0.000000 0.158835
0.536564 -0.446971 0.188155 2.695999 -0.484738 -4.147007 0.000000 0.000000 0.159843
0.536760 -0.447251 0.187773 2.696650 -0.484052 -4.147342 0.000000 0.000000 0.160852
0.536957 -0.447531 0.187392 2.697302 -0.483366 -4.147676 0.000000 0.000000 0.161860
0.537154 -0.447811 0.187010 2.697954 -0.482680 -4.148010 0.000000 0.000000 0.162868
0.537350 -0.448092 0.186628 2.698606 -0.481994 -4.148345 0.000000 0.000000 0.163876
0.537547 -0.448372 0.186246 2.699257 -0.481308 -4.148679 0.000000 0.000000 0.164884
0.537744 -0.448652 0.185865 2.699909 -0.480622 -4.149014 0.000000 0.000000 0.165892
0.537930 -0.448919 0.185477 2.700572 -0.479973 -4.149343 0.000000 0.000000 0.166759
0.538117 -0.449186 0.185090 2.701235 -0.479325 -4.149673 0.000000 0.000000 0.167626
0.538303 -0.449453 0.184702 2.701898 -0.478676 -4.150003 0.000000 0.000000 0.168493
0.538490 -0.449720 0.184315 2.702561 -0.478028 -4.150332 0.000000 0.000000 0.169360
0.538676 -0.449987 0.183927 2.703223 -0.477379 -4.150662 0.000000 0.000000 0.170227
0.538863 -0.450254 0.183540 2.703886 -0.476731 -4.150992 0.000000 0.000000 0.171094
0.539050 -0.450521 0.183152 2.704549 -0.476082 -4.151321 0.000000 0.000000 0.171961
0.539236 -0.450788 0.182765 2.705212 -0.475433 -4.151651 0.000000 0.000000 0.172828
0.539423 -0.451055 0.182377 2.705875 -0.474785 -4.151981 0.000000 0.000000 0.173695
0.539609 -0.451322 0.181990 2.706538 -0.474136 -4.152310 0.000000 0.000000 0.174562
0.539796 -0.451589 0.181602 2.707201 -0.473488 -4.152640 0.000000 0.000000 0.175429
0.539982 -0.451856 0.181215 2.707863 -0.472839 -4.152970 0.000000 0.000000 0.176296
0.540169 -0.452123 0.180827 2.708526 -0.472191 -4.153299 0.000000 0.000000 0.177163
0.540356 -0.452390 0.180440 2.709189 -0.471542 -4.153629 0.000000 0.000000 0.178030
0.540542 -0.452658 0.180052 2.709852 -0.470894 -4.153958 0.000000 0.000000 0.178897
0.540729 -0.452925 0.179665 2.710515 -0.470245 -4.154288 0.000000 0.000000 0.179764
0.540915 -0.453192 0.179277 2.711178 -0.469597 -4.154618 0.000000 0.000000 0.180631
0.541102 -0.453459 0.178890 2.711841 -0.468948 -4.154947 0.000000 0.000000 0.181498
0.541288 -0.453726 0.178503 2.712504 -0.468300 -4.155277 0.000000 0.000000 0.182365
0.541475 -0.453993 0.178115 2.713166 -0.467651 -4.155607 0.000000 0.000000 0.183232
0.541662 -0.454260 0.177728 2.713829 -0.467003 -4.155936 0.000000 0.000000 0.184099
0.541848 -0.454527 0.177340 2.714492 -0.466354 -4.156266 0.000000 0.000000 0.184966
0.542026 -0.454782 0.176949 2.715165 -0.465738 -4.156594 0.000000 0.000000 0.185650
0.542202 -0.455036 0.176558 2.715839 -0.465124 -4.156922 0.000000 0.000000 0.186315
0.542379 -0.455289 0.176167 2.716513 -0.464511 -4.157250 0.000000 0.000000 0.186981
0.542556 -0.455543 0.175776 2.717187 -0.463898 -4.157579 0.000000 0.000000 0.187646
0.542732 -0.455797 0.175385 2.717861 -0.463285 -4.157907 0.000000 0.000000 0.188311
0.542909 -0.456050 0.174993 2.718535 -0.462672 -4.158235 0.000000 0.000000 0.188976
0.543086 -0.456304 0.174602 2.719210 -0.462058 -4.158563 0.000000 0.000000 0.189642
0.543262 -0.456558 0.174211 2.719884 -0.461445 -4.158891 0.000000 0.000000 0.190307
0.543439 -0.456812 0.173820 2.720558 -0.460832 -4.159219 0.000000 0.000000 0.190972
0.543616 -0.457065 0.173429 2.721232 -0.460219 -4.159547 0.000000 0.000000 0.191637
0.543792 -0.457319 0.173038 2.721906 -0.459606 -4.159875 0.000000 0.000000 0.192302
0.543969 -0.457573 0.172647 2.722580 -0.458992 -4.160203 0.000000 0.000000 0.192968
0.544145 -0.457827 0.172255 2.723254 -0.458379 -4.160531 0.000000 0.000000 0.193633
0.544322 -0.458080 0.171864 2.723928 -0.457766 -4.160859 0.000000 0.000000 0.194298
0.544499 -0.458334 0.171473 2.724602 -0.457153 -4.161188 0.000000 0.000000 0.194963
0.544675 -0.458588 0.171082 2.725276 -0.456540 -4.161516 0.000000 0.000000 0.195629
0.544848 -0.458837 0.170691 2.725951 -0.455938 -4.161839 0.000000 0.000000 0.196302
0.545011 -0.459076 0.170300 2.726629 -0.455360 -4.162152 0.000000 0.000000 0.196992
0.545174 -0.459315 0.169909 2.727307 -0.454782 -4.162466 0.000000 0.000000 0.197682
0.545337 -0.459555 0.169518 2.727985 -0.454203 -4.162779 0.000000 0.000000 0.198372
0.545501 -0.459794 0.169126 2.728662 -0.453625 -4.163092 0.000000 0.000000 0.199062
0.545664 -0.460034 0.168735 2.729340 -0.453047 -4.163406 0.000000 0.000000 0.199752
0.545827 -0.460273 0.168344 2.730018 -0.452468 -4.163719 0.000000 0.000000 0.200442
0.545991 -0.460512 0.167953 2.730696 -0.451890 -4.164032 0.000000 0.000000 0.201132
0.546154 -0.460752 0.167562 2.731373 -0.451312 -4.164346 0.000000 0.000000 0.201822
0.546317 -0.460991 0.167171 2.732051 -0.450734 -4.164659 0.000000 0.000000 0.202512
0.546480 -0.461230 0.166780 2.732729 -0.450155 -4.164973 0.000000 0.000000 0.203202
0.546644 -0.461470 0.166389 2.733407 -0.449577 -4.165286 0.000000 0.000000 0.203892
0.546807 -0.461709 0.165998 2.734084 -0.448999 -4.165599 0.000000 0.000000 0.204582
0.546970 -0.461949 0.165607 2.734762 -0.448420 -4.165913 0.000000 0.000000 0.205272
0.547134 -0.462188 0.165216 2.735440 -0.447842 -4.166226 0.000000 0.000000 0.205962
0.547297 -0.462427 0.164825 2.736118 -0.447264 -4.166539 0.000000 0.000000 0.206652
0.547460 -0.462667 0.164434 2.736795 -0.446686 -4.166853 0.000000 0.000000 0.207342
0.547614 -0.462894 0.164045 2.737470 -0.446133 -4.167151 0.000000 0.000000 0.208165
0.547764 -0.463118 0.163656 2.738144 -0.445588 -4.167444 0.000000 0.000000 0.209030
0.547914 -0.463342 0.163268 2.738818 -0.445043 -4.167737 0.000000 0.000000 0.209895
0.548065 -0.463566 0.162880 2.739492 -0.444498 -4.168030 0.000000 0.000000 0.210760
0.548215 -0.463790 0.162492 2.740166 -0.443953 -4.168324 0.000000 0.000000 0.211625
0.548365 -0.464014 0.162104 2.740841 -0.443409 -4.168617 0.000000 0.000000 0.212490
0.548516 -0.464237 0.161715 2.741515 -0.442864 -4.168910 0.000000 0.000000 0.213355
0.548666 -0.464461 0.161327 2.742189 -0.442319 -4.169203 0.000000 0.000000 0.214220
0.548816 -0.464685 0.160939 2.742863 -0.441774 -4.169496 0.000000 0.000000 0.215085
0.548967 -0.464909 0.160551 2.743537 -0.441229 -4.169789 0.000000 0.000000 0.215950
0.549117 -0.465133 0.160163 2.744211 -0.440684 -4.170083 0.000000 0.000000 0.216815
0.549267 -0.465357 0.159774 2.744885 -0.440139 -4.170376 0.000000 0.000000 0.217680
0.549418 -0.465581 0.159386 2.745559 -0.439595 -4.170669 0.000000 0.000000 0.218545
0.549568 -0.465804 0.158998 2.746233 -0.439050 -4.170962 0.000000 0.000000 0.219410
0.549719 -0.466028 0.158610 2.746907 -0.438505 -4.171255 0.000000 0.000000 0.220276
0.549869 -0.466252 0.158221 2.747581 -0.437960 -4.171548 0.000000 0.000000 0.221141
0.550019 -0.466476 0.157833 2.748255 -0.437415 -4.171842 0.000000 0.000000 0.222006
0.550170 -0.466700 0.157445 2.748929 -0.436870 -4.172135 0.000000 0.000000 0.222871
0.550320 -0.466924 0.157057 2.749603 -0.436326 -4.172428 0.000000 0.000000 0.223736
0.550470 -0.467148 0.156669 2.750277 -0.435781 -4.172721 0.000000 0.000000 0.224601
0.550621 -0.467372 0.156280 2.750951 -0.435236 -4.173014 0.000000 0.000000 0.225466
0.550771 -0.467595 0.155892 2.751625 -0.434691 -4.173307 0.000000 0.000000 0.226331
0.550912 -0.467808 0.155508 2.752294 -0.434176 -4.173592 0.000000 0.000000 0.226997
0.551048 -0.468014 0.155126 2.752961 -0.433676 -4.173873 0.000000 0.000000 0.227563
0.551185 -0.468221 0.154744 2.753628 -0.433176 -4.174154 0.000000 0.000000 0.228130
0.551321 -0.468427 0.154361 2.754295 -0.432676 -4.174434 0.000000 0.000000 0.228696
0.551457 -0.468634 0.153979 2.754962 -0.432175 -4.174715 0.000000 0.000000 0.229262
0.551594 -0.468840 0.153597 2.755629 -0.431675 -4.174996 0.000000 0.000000 0.229828
0.551730 -0.469047 0.153215 2.756296 -0.431175 -4.175276 0.000000 0.000000 0.230395
0.551866 -0.469253 0.152832 2.756963 -0.430675 -4.175557 0.000000 0.000000 0.230961
0.552003 -0.469460 0.152450 2.757630 -0.430175 -4.175838 0.000000 0.000000 0.231527
0.552139 -0.469666 0.152068 2.758297 -0.429675 -4.176118 0.000000 0.000000 0.232093
0.552275 -0.469873 0.151686 2.758964 -0.429175 -4.176399 0.000000 0.000000 0.232660
0.552412 -0.470079 0.151304 2.759631 -0.428675 -4.176680 0.000000 0.000000 0.233226
0.552548 -0.470285 0.150921 2.760298 -0.428174 -4.176960 0.000000 0.000000 0.233792
0.552684 -0.470492 0.150539 2.760965 -0.427674 -4.177241 0.000000 0.000000 0.234358
0.552821 -0.470698 0.150157 2.761632 -0.427174 -4.177522 0.000000 0.000000 0.234925
0.552957 -0.470905 0.149775 2.762300 -0.426674 -4.177803 0.000000 0.000000 0.235491
0.553092 -0.471110 0.149393 2.762966 -0.426180 -4.178083 0.000000 0.000000 0.236032
0.553214 -0.471295 0.149019 2.763633 -0.425747 -4.178360 0.000000 0.000000 0.236320
0.553335 -0.471481 0.148645 2.764299 -0.425314 -4.178637 0.000000 0.000000 0.236608
0.553457 -0.471667 0.148271 2.764965 -0.424881 -4.178914 0.000000 0.000000 0.236896
0.553578 -0.471853 0.147897 2.765631 -0.424449 -4.179191 0.000000 0.000000 0.237184
0.553700 -0.472039 0.147523 2.766297 -0.424016 -4.179468 0.000000 0.000000 0.237472
0.553822 -0.472225 0.147149 2.766963 -0.423583 -4.179745 0.000000 0.000000 0.237760
0.553943 -0.472411 0.146775 2.767629 -0.423150 -4.180022 0.000000 0.000000 0.238048
0.554065 -0.472596 0.146400 2.768295 -0.422717 -4.180299 0.000000 0.000000 0.238336
0.554186 -0.472782 0.146026 2.768962 -0.422284 -4.180576 0.000000 0.000000 0.238624
0.554308 -0.472968 0.145652 2.769628 -0.421851 -4.180853 0.000000 0.000000 0.238913
0.554430 -0.473154 0.145278 2.770294 -0.421418 -4.181130 0.000000 0.000000 0.239201
0.554551 -0.473340 0.144904 2.770960 -0.420985 -4.181407 0.000000 0.000000 0.239489
0.554673 -0.473526 0.144530 2.771626 -0.420553 -4.181684 0.000000 0.000000 0.239777
0.554794 -0.473712 0.144156 2.772292 -0.420120 -4.181961 0.000000 0.000000 0.240065
0.554916 -0.473897 0.143782 2.772958 -0.419687 -4.182238 0.000000 0.000000 0.240353
0.555038 -0.474083 0.143408 2.773624 -0.419254 -4.182515 0.000000 0.000000 0.240641
0.555152 -0.474259 0.143039 2.774279 -0.418843 -4.182778 0.000000 0.000000 0.240794
0.555259 -0.474424 0.142676 2.774924 -0.418452 -4.183027 0.000000 0.000000 0.240821
0.555367 -0.474590 0.142313 2.775568 -0.418062 -4.183277 0.000000 0.000000 0.240849
0.555474 -0.474756 0.141950 2.776213 -0.417671 -4.183526 0.000000 0.000000 0.240876
0.555582 -0.474921 0.141587 2.776857 -0.417280 -4.183776 0.000000 0.000000 0.240903
0.555689 -0.475087 0.141224 2.777502 -0.416889 -4.184026 0.000000 0.000000 0.240931
0.555796 -0.475253 0.140861 2.778146 -0.416499 -4.184275 0.000000 0.000000 0.240958
0.555904 -0.475419 0.140498 2.778791 -0.416108 -4.184525 0.000000 0.000000 0.240985
0.556011 -0.475584 0.140135 2.779435 -0.415717 -4.184774 0.000000 0.000000 0.241013
0.556119 -0.475750 0.139772 2.780080 -0.415327 -4.185024 0.000000 0.000000 0.241040
0.556226 -0.475916 0.139409 2.780725 -0.414936 -4.185273 0.000000 0.000000 0.241067
0.556333 -0.476081 0.139046 2.781369 -0.414545 -4.185523 0.000000 0.000000 0.241095
0.556441 -0.476247 0.138683 2.782014 -0.414154 -4.185772 0.000000 0.000000 0.241122
0.556548 -0.476413 0.138320 2.782658 -0.413764 -4.186022 0.000000 0.000000 0.241149
0.556656 -0.476578 0.137956 2.783303 -0.413373 -4.186271 0.000000 0.000000 0.241177
0.556763 -0.476744 0.137593 2.783947 -0.412982 -4.186521 0.000000 0.000000 0.241204
0.556870 -0.476910 0.137230 2.784592 -0.412592 -4.186771 0.000000 0.000000 0.241231
0.556978 -0.477075 0.136867 2.785236 -0.412201 -4.187020 0.000000 0.000000 0.241258
0.557085 -0.477241 0.136504 2.785881 -0.411810 -4.187270 0.000000 0.000000 0.241286
0.557193 -0.477407 0.136141 2.786525 -0.411420 -4.187519 0.000000 0.000000 0.241313
0.557300 -0.477572 0.135778 2.787170 -0.411029 -4.187769 0.000000 0.000000 0.241340
0.557408 -0.477738 0.135415 2.787814 -0.410638 -4.188018 0.000000 0.000000 0.241368
0.557509 -0.477895 0.135058 2.788445 -0.410270 -4.188258 0.000000 0.000000 0.241247
0.557602 -0.478039 0.134709 2.789058 -0.409932 -4.188483 0.000000 0.000000 0.240922
0.557695 -0.478183 0.134361 2.789672 -0.409594 -4.188709 0.000000 0.000000 0.240598
0.557789 -0.478327 0.134012 2.790285 -0.409256 -4.188934 0.000000 0.000000 0.240273
0.557882 -0.478471 0.133663 2.790898 -0.408918 -4.189160 0.000000 0.000000 0.239949
0.557975 -0.478615 0.133315 2.791511 -0.408580 -4.189385 0.000000 0.000000 0.239624
0.558068 -0.478760 0.132966 2.792124 -0.408242 -4.189611 0.000000 0.000000 0.239300
0.558162 -0.478904 0.132617 2.792737 -0.407904 -4.189837 0.000000 0.000000 0.238975
0.558255 -0.479048 0.132268 2.793350 -0.407567 -4.190062 0.000000 0.000000 0.238651
0.558348 -0.479192 0.131920 2.793963 -0.407229 -4.190288 0.000000 0.000000 0.238326
0.558441 -0.479336 0.131571 2.794576 -0.406891 -4.190513 0.000000 0.000000 0.238002
0.558535 -0.479480 0.131222 2.795189 -0.406553 -4.190739 0.000000 0.000000 0.237677
0.558628 -0.479624 0.130874 2.795802 -0.406215 -4.190964 0.000000 0.000000 0.237353
0.558721 -0.479769 0.130525 2.796415 -0.405877 -4.191190 0.000000 0.000000 0.237028
0.558814 -0.479913 0.130176 2.797028 -0.405539 -4.191415 0.000000 0.000000 0.236704
0.558907 -0.480057 0.129827 2.797641 -0.405201 -4.191641 0.000000 0.000000 0.236379
0.559001 -0.480201 0.129479 2.798254 -0.404863 -4.191867 0.000000 0.000000 0.236055
0.559082 -0.480325 0.129141 2.798842 -0.404580 -4.192073 0.000000 0.000000 0.235973
0.559160 -0.480444 0.128806 2.799426 -0.404307 -4.192277 0.000000 0.000000 0.235934
0.559239 -0.480564 0.128470 2.800010 -0.404033 -4.192480 0.000000 0.000000 0.235896
0.559317 -0.480684 0.128135 2.800594 -0.403760 -4.192683 0.000000 0.000000 0.235857
0.559396 -0.480804 0.127799 2.801178 -0.403487 -4.192886 0.000000 0.000000 0.235819
0.559474 -0.480924 0.127464 2.801762 -0.403213 -4.193090 0.000000 0.000000 0.235780
0.559553 -0.481044 0.127128 2.802345 -0.402940 -4.193293 0.000000 0.000000 0.235742
0.559631 -0.481164 0.126792 2.802929 -0.402666 -4.193496 0.000000 0.000000 0.235703
0.559710 -0.481283 0.126457 2.803513 -0.402393 -4.193699 0.000000 0.000000 0.235664
0.559789 -0.481403 0.126121 2.804097 -0.402120 -4.193903 0.000000 0.000000 0.235626
0.559867 -0.481523 0.125786 2.804681 -0.401846 -4.194106 0.000000 0.000000 0.235587
0.559946 -0.481643 0.125450 2.805265 -0.401573 -4.194309 0.000000 0.000000 0.235549
0.560024 -0.481763 0.125115 2.805849 -0.401299 -4.194513 0.000000 0.000000 0.235510
0.560103 -0.481883 0.124779 2.806433 -0.401026 -4.194716 0.000000 0.000000 0.235472
0.560181 -0.482003 0.124444 2.807016 -0.400753 -4.194919 0.000000 0.000000 0.235433
0.560260 -0.482122 0.124108 2.807600 -0.400479 -4.195122 0.000000 0.000000 0.235395
0.560334 -0.482237 0.123776 2.808178 -0.400218 -4.195320 0.000000 0.000000 0.235500
0.560398 -0.482337 0.123453 2.808741 -0.399991 -4.195504 0.000000 0.000000 0.235985
0.560461 -0.482438 0.123131 2.809303 -0.399764 -4.195687 0.000000 0.000000 0.236471
0.560524 -0.482538 0.122808 2.809865 -0.399537 -4.195871 0.000000 0.000000 0.236956
0.560588 -0.482638 0.122485 2.810428 -0.399309 -4.196054 0.000000 0.000000 0.237441
0.560651 -0.482739 0.122162 2.810990 -0.399082 -4.196238 0.000000 0.000000 0.237926
0.560715 -0.482839 0.121840 2.811553 -0.398855 -4.196421 0.000000 0.000000 0.238411
0.560778 -0.482939 0.121517 2.812115 -0.398628 -4.196605 0.000000 0.000000 0.238896
0.560841 -0.483040 0.121194 2.812677 -0.398400 -4.196788 0.000000 0.000000 0.239381
0.560905 -0.483140 0.120871 2.813240 -0.398173 -4.196972 0.000000 0.000000 0.239867
0.560968 -0.483240 0.120548 2.813802 -0.397946 -4.197155 0.000000 0.000000 0.240352
0.561031 -0.483341 0.120226 2.814365 -0.397719 -4.197339 0.000000 0.000000 0.240837
0.561095 -0.483441 0.119903 2.814927 -0.397491 -4.197522 0.000000 0.000000 0.241322
0.561158 -0.483542 0.119580 2.815489 -0.397264 -4.197706 0.000000 0.000000 0.241807
0.561222 -0.483642 0.119257 2.816052 -0.397037 -4.197889 0.000000 0.000000 0.242292
0.561285 -0.483742 0.118935 2.816614 -0.396810 -4.198073 0.000000 0.000000 0.242777
0.561348 -0.483843 0.118612 2.817176 -0.396582 -4.198257 0.000000 0.000000 0.243262
0.561412 -0.483943 0.118289 2.817739 -0.396355 -4.198440 0.000000 0.000000 0.243748
0.561475 -0.484043 0.117966 2.818301 -0.396128 -4.198624 0.000000 0.000000 0.244233
0.561539 -0.484144 0.117644 2.818864 -0.395901 -4.198807 0.000000 0.000000 0.244718
0.561602 -0.484244 0.117321 2.819426 -0.395674 -4.198991 0.000000 0.000000 0.245203
0.561665 -0.484344 0.116998 2.819988 -0.395446 -4.199174 0.000000 0.000000 0.245688
0.561726 -0.484441 0.116678 2.820546 -0.395230 -4.199355 0.000000 0.000000 0.246272
0.561776 -0.484522 0.116370 2.821084 -0.395064 -4.199525 0.000000 0.000000 0.247314
0.561826 -0.484602 0.116063 2.821621 -0.394898 -4.199695 0.000000 0.000000 0.248356
0.561876 -0.484683 0.115755 2.822159 -0.394732 -4.199864 0.000000 0.000000 0.249398
0.561926 -0.484763 0.115447 2.822696 -0.394565 -4.200034 0.000000 0.000000 0.250440
0.561976 -0.484844 0.115140 2.823233 -0.394399 -4.200204 0.000000 0.000000 0.251482
0.562025 -0.484924 0.114832 2.823771 -0.394233 -4.200373 0.000000 0.000000 0.252523
0.562075 -0.485005 0.114525 2.824308 -0.394067 -4.200543 0.000000 0.000000 0.253565
0.562125 -0.485085 0.114217 2.824846 -0.393901 -4.200713 0.000000 0.000000 0.254607
0.562175 -0.485166 0.113909 2.825383 -0.393735 -4.200883 0.000000 0.000000 0.255649
0.562225 -0.485246 0.113602 2.825920 -0.393569 -4.201052 0.000000 0.000000 0.256691
0.562275 -0.485327 0.113294 2.826458 -0.393402 -4.201222 0.000000 0.000000 0.257733
0.562325 -0.485407 0.112986 2.826995 -0.393236 -4.201392 0.000000 0.000000 0.258775
0.562375 -0.485488 0.112679 2.827532 -0.393070 -4.201562 0.000000 0.000000 0.259816
0.562424 -0.485568 0.112371 2.828070 -0.392904 -4.201731 0.000000 0.000000 0.260858
0.562474 -0.485649 0.112064 2.828607 -0.392738 -4.201901 0.000000 0.000000 0.261900
0.562524 -0.485729 0.111756 2.829145 -0.392572 -4.202071 0.000000 0.000000 0.262942
0.562565 -0.485798 0.111457 2.829669 -0.392443 -4.202235 0.000000 0.000000 0.264065
0.562601 -0.485859 0.111163 2.830185 -0.392337 -4.202396 0.000000 0.000000 0.265242
0.562637 -0.485920 0.110870 2.830701 -0.392232 -4.202556 0.000000 0.000000 0.266418
0.562672 -0.485982 0.110576 2.831217 -0.392127 -4.202717 0.000000 0.000000 0.267595
0.562708 -0.486043 0.110283 2.831733 -0.392022 -4.202877 0.000000 0.000000 0.268771
0.562743 -0.486104 0.109989 2.832249 -0.391917 -4.203038 0.000000 0.000000 0.269948
0.562779 -0.486166 0.109695 2.832765 -0.391812 -4.203199 0.000000 0.000000 0.271124
0.562815 -0.486227 0.109402 2.833281 -0.391707 -4.203359 0.000000 0.000000 0.272301
0.562850 -0.486288 0.109108 2.833797 -0.391602 -4.203520 0.000000 0.000000 0.273477
0.562886 -0.486349 0.108815 2.834313 -0.391497 -4.203680 0.000000 0.000000 0.274654
0.562921 -0.486411 0.108521 2.834829 -0.391392 -4.203841 0.000000 0.000000 0.275830
0.562957 -0.486472 0.108228 2.835345 -0.391287 -4.204002 0.000000 0.000000 0.277006
0.562993 -0.486533 0.107934 2.835861 -0.391181 -4.204162 0.000000 0.000000 0.278183
0.563028 -0.486595 0.107640 2.836377 -0.391076 -4.204323 0.000000 0.000000 0.279359
0.563064 -0.486656 0.107347 2.836893 -0.390971 -4.204484 0.000000 0.000000 0.280536
0.563099 -0.486717 0.107053 2.837409 -0.390866 -4.204644 0.000000 0.000000 0.281712
0.563135 -0.486778 0.106760 2.837925 -0.390762 -4.204805 0.000000 0.000000 0.282878
0.563160 -0.486824 0.106478 2.838419 -0.390698 -4.204961 0.000000 0.000000 0.283715
0.563185 -0.486870 0.106196 2.838913 -0.390634 -4.205118 0.000000 0.000000 0.284553
0.563211 -0.486916 0.105914 2.839408 -0.390570 -4.205275 0.000000 0.000000 0.285390
0.563236 -0.486963 0.105632 2.839902 -0.390505 -4.205432 0.000000 0.000000 0.286228
0.563262 -0.487009 0.105349 2.840397 -0.390441 -4.205589 0.000000 0.000000 0.287065
0.563287 -0.487055 0.105067 2.840891 -0.390377 -4.205746 0.000000 0.000000 0.287902
0.563312 -0.487101 0.104785 2.841386 -0.390313 -4.205903 0.000000 0.000000 0.288740
0.563338 -0.487147 0.104503 2.841880 -0.390248 -4.206059 0.000000 0.000000 0.289577
0.563363 -0.487194 0.104221 2.842375 -0.390184 -4.206216 0.000000 0.000000 0.290415
0.563389 -0.487240 0.103939 2.842869 -0.390120 -4.206373 0.000000 0.000000 0.291252
0.563414 -0.487286 0.103657 2.843364 -0.390056 -4.206530 0.000000 0.000000 0.292090
0.563439 -0.487332 0.103375 2.843858 -0.389992 -4.206687 0.000000 0.000000 0.292927
0.563465 -0.487378 0.103092 2.844353 -0.389927 -4.206844 0.000000 0.000000 0.293764
0.563490 -0.487424 0.102810 2.844847 -0.389863 -4.207001 0.000000 0.000000 0.294602
0.563515 -0.487471 0.102528 2.845342 -0.389799 -4.207157 0.000000 0.000000 0.295439
0.563541 -0.487517 0.102246 2.845836 -0.389735 -4.207314 0.000000 0.000000 0.296277
0.563566 -0.487563 0.101964 2.846330 -0.389670 -4.207471 0.000000 0.000000 0.297114
0.563592 -0.487609 0.101682 2.846825 -0.389606 -4.207628 0.000000 0.000000 0.297951
0.563617 -0.487655 0.101400 2.847319 -0.389542 -4.207785 0.000000 0.000000 0.298789
0.563642 -0.487702 0.101118 2.847814 -0.389478 -4.207942 0.000000 0.000000 0.299626
0.563668 -0.487748 0.100835 2.848308 -0.389414 -4.208098 0.000000 0.000000 0.300464
0.563693 -0.487794 0.100553 2.848803 -0.389349 -4.208255 0.000000 0.000000 0.301301
0.563710 -0.487829 0.100282 2.849275 -0.389306 -4.208397 0.000000 0.000000 0.302414
0.563726 -0.487862 0.100011 2.849745 -0.389263 -4.208537 0.000000 0.000000 0.303546
0.563743 -0.487896 0.099740 2.850216 -0.389221 -4.208677 0.000000 0.000000 0.304679
0.563759 -0.487930 0.099469 2.850686 -0.389178 -4.208817 0.000000 0.000000 0.305811
0.563776 -0.487964 0.099198 2.851157 -0.389136 -4.208958 0.000000 0.000000 0.306943
0.563792 -0.487997 0.098927 2.851628 -0.389094 -4.209098 0.000000 0.000000 0.308076
0.563808 -0.488031 0.098656 2.852098 -0.389051 -4.209238 0.000000 0.000000 0.309208
0.563825 -0.488065 0.098385 2.852569 -0.389009 -4.209378 0.000000 0.000000 0.310340
0.563841 -0.488099 0.098114 2.853039 -0.388967 -4.209518 0.000000 0.000000 0.311473
0.563857 -0.488132 0.097843 2.853510 -0.388924 -4.209659 0.000000 0.000000 0.312605
0.563874 -0.488166 0.097572 2.853980 -0.388882 -4.209799 0.000000 0.000000 0.313737
0.563890 -0.488200 0.097301 2.854451 -0.388840 -4.209939 0.000000 0.000000 0.314870
0.563906 -0.488234 0.097030 2.854921 -0.388797 -4.210079 0.000000 0.000000 0.316002
0.563923 -0.488267 0.096759 2.855392 -0.388755 -4.210220 0.000000 0.000000 0.317134
0.563939 -0.488301 0.096488 2.855862 -0.388712 -4.210360 0.000000 0.000000 0.318267
0.563955 -0.488335 0.096217 2.856333 -0.388670 -4.210500 0.000000 0.000000 0.319399
0.563969 -0.488364 0.095950 2.856794 -0.388635 -4.210635 0.000000 0.000000 0.320635
0.563977 -0.488387 0.095688 2.857239 -0.388613 -4.210762 0.000000 0.000000 0.322056
0.563985 -0.488409 0.095427 2.857685 -0.388590 -4.210889 0.000000 0.000000 0.323476
0.563993 -0.488431 0.095165 2.858130 -0.388568 -4.211016 0.000000 0.000000 0.324897
0.564001 -0.488453 0.094904 2.858575 -0.388545 -4.211142 0.000000 0.000000 0.326317
0.564009 -0.488475 0.094643 2.859020 -0.388523 -4.211269 0.000000 0.000000 0.327737
0.564017 -0.488497 0.094381 2.859465 -0.388500 -4.211396 0.000000 0.000000 0.329158
0.564025 -0.488519 0.094120 2.859910 -0.388478 -4.211523 0.000000 0.000000 0.330578
0.564033 -0.488542 0.093859 2.860355 -0.388455 -4.211649 0.000000 0.000000 0.331998
0.564041 -0.488564 0.093597 2.860801 -0.388433 -4.211776 0.000000 0.000000 0.333419
0.564049 -0.488586 0.093336 2.861246 -0.388411 -4.211903 0.000000 0.000000 0.334839
0.564057 -0.488608 0.093075 2.861691 -0.388388 -4.212030 0.000000 0.000000 0.336259
0.564065 -0.488630 0.092813 2.862136 -0.388366 -4.212156 0.000000 0.000000 0.337680
0.564073 -0.488652 0.092552 2.862581 -0.388343 -4.212283 0.000000 0.000000 0.339100
0.564081 -0.488675 0.092290 2.863026 -0.388321 -4.212410 0.000000 0.000000 0.340520
0.564088 -0.488697 0.092029 2.863471 -0.388298 -4.212537 0.000000 0.000000 0.341941
0.564096 -0.488719 0.091768 2.863917 -0.388276 -4.212663 0.000000 0.000000 0.343361
0.564095 -0.488733 0.091514 2.864356 -0.388280 -4.212782 0.000000 0.000000 0.344649
0.564090 -0.488745 0.091262 2.864794 -0.388292 -4.212899 0.000000 0.000000 0.345901
0.564086 -0.488756 0.091011 2.865232 -0.388303 -4.213016 0.000000 0.000000 0.347153
0.564082 -0.488768 0.090759 2.865670 -0.388314 -4.213133 0.000000 0.000000 0.348405
0.564078 -0.488780 0.090508 2.866108 -0.388326 -4.213250 0.000000 0.000000 0.349657
0.564073 -0.488792 0.090256 2.866547 -0.388337 -4.213367 0.000000 0.000000 0.350909
0.564069 -0.488803 0.090004 2.866985 -0.388349 -4.213484 0.000000 0.000000 0.352161
0.564065 -0.488815 0.089753 2.867423 -0.388360 -4.213600 0.000000 0.000000 0.353413
0.564060 -0.488827 0.089501 2.867861 -0.388371 -4.213717 0.000000 0.000000 0.354665
0.564056 -0.488839 0.089249 2.868299 -0.388383 -4.213834 0.000000 0.000000 0.355917
0.564052 -0.488851 0.088998 2.868737 -0.388394 -4.213951 0.000000 0.000000 0.357169
0.564047 -0.488862 0.088746 2.869175 -0.388406 -4.214068 0.000000 0.000000 0.358421
0.564043 -0.488874 0.088495 2.869613 -0.388417 -4.214185 0.000000 0.000000 0.359673
0.564039 -0.488886 0.088243 2.870051 -0.388428 -4.214302 0.000000 0.000000 0.360925
0.564034 -0.488898 0.087991 2.870489 -0.388440 -4.214419 0.000000 0.000000 0.362177
0.564030 -0.488909 0.087740 2.870927 -0.388451 -4.214535 0.000000 0.000000 0.363429
0.564026 -0.488921 0.087488 2.871365 -0.388463 -4.214652 0.000000 0.000000 0.364681
0.564021 -0.488933 0.087237 2.871803 -0.388474 -4.214769 0.000000 0.000000 0.365933
0.564017 -0.488945 0.086985 2.872242 -0.388485 -4.214886 0.000000 0.000000 0.367185
0.564013 -0.488957 0.086733 2.872680 -0.388497 -4.215003 0.000000 0.000000 0.368437
0.564009 -0.488968 0.086482 2.873118 -0.388508 -4.215120 0.000000 0.000000 0.369689
0.564004 -0.488980 0.086230 2.873556 -0.388520 -4.215237 0.000000 0.000000 0.370941
0.563993 -0.488985 0.085986 2.873986 -0.388554 -4.215345 0.000000 0.000000 0.371809
0.563979 -0.488988 0.085744 2.874412 -0.388598 -4.215450 0.000000 0.000000 0.372505
0.563964 -0.488991 0.085503 2.874838 -0.388643 -4.215555 0.000000 0.000000 0.373201
0.563950 -0.488993 0.085262 2.875265 -0.388687 -4.215660 0.000000 0.000000 0.373897
0.563936 -0.488996 0.085020 2.875691 -0.388732 -4.215764 0.000000 0.000000 0.374593
0.563921 -0.488998 0.084779 2.876117 -0.388776 -4.215869 0.000000 0.000000 0.375290
0.563907 -0.489001 0.084538 2.876543 -0.388821 -4.215974 0.000000 0.000000 0.375986
0.563892 -0.489003 0.084297 2.876970 -0.388865 -4.216079 0.000000 0.000000 0.376682
0.563878 -0.489006 0.084055 2.877396 -0.388910 -4.216184 0.000000 0.000000 0.377378
0.563864 -0.489008 0.083814 2.877822 -0.388954 -4.216288 0.000000 0.000000 0.378075
0.563849 -0.489011 0.083573 2.878249 -0.388999 -4.216393 0.000000 0.000000 0.378771
0.563835 -0.489013 0.083332 2.878675 -0.389043 -4.216498 0.000000 0.000000 0.379467
0.563821 -0.489016 0.083090 2.879101 -0.389088 -4.216603 0.000000 0.000000 0.380163
0.563806 -0.489018 0.082849 2.879527 -0.389132 -4.216708 0.000000 0.000000 0.380860
0.563792 -0.489021 0.082608 2.879954 -0.389177 -4.216812 0.000000 0.000000 0.381556
0.563778 -0.489024 0.082366 2.880380 -0.389221 -4.216917 0.000000 0.000000 0.382252
0.563762 -0.489025 0.082126 2.880804 -0.389270 -4.217021 0.000000 0.000000 0.382941
0.563741 -0.489019 0.081896 2.881214 -0.389348 -4.217120 0.000000 0.000000 0.383572
0.563719 -0.489014 0.081666 2.881623 -0.389426 -4.217219 0.000000 0.000000 0.384203
0.563697 -0.489008 0.081436 2.882032 -0.389504 -4.217317 0.000000 0.000000 0.384835
0.563675 -0.489002 0.081206 2.882442 -0.389582 -4.217416 0.000000 0.000000 0.385466
0.563653 -0.488996 0.080976 2.882851 -0.389660 -4.217514 0.000000 0.000000 0.386098
0.563631 -0.488990 0.080745 2.883260 -0.389738 -4.217613 0.000000 0.000000 0.386729
0.563609 -0.488984 0.080515 2.883670 -0.389816 -4.217712 0.000000 0.000000 0.387361
0.563588 -0.488979 0.080285 2.884079 -0.389894 -4.217810 0.000000 0.000000 0.387992
0.563566 -0.488973 0.080055 2.884488 -0.389972 -4.217909 0.000000 0.000000 0.388623
0.563544 -0.488967 0.079825 2.884898 -0.390050 -4.218008 0.000000 0.000000 0.389255
0.563522 -0.488961 0.079595 2.885307 -0.390128 -4.218106 0.000000 0.000000 0.389886
0.563500 -0.488955 0.079364 2.885716 -0.390206 -4.218205 0.000000 0.000000 0.390518
0.563478 -0.488950 0.079134 2.886126 -0.390284 -4.218303 0.000000 0.000000 0.391149
0.563457 -0.488944 0.078904 2.886535 -0.390362 -4.218402 0.000000 0.000000 0.391781
0.563435 -0.488938 0.078674 2.886944 -0.390440 -4.218501 0.000000 0.000000 0.392412
0.563413 -0.488932 0.078444 2.887354 -0.390518 -4.218599 0.000000 0.000000 0.393043
0.563387 -0.488923 0.078219 2.887756 -0.390608 -4.218695 0.000000 0.000000 0.393370
0.563358 -0.488912 0.077998 2.888151 -0.390708 -4.218787 0.000000 0.000000 0.393443
0.563329 -0.488901 0.077778 2.888547 -0.390808 -4.218880 0.000000 0.000000 0.393516
0.563300 -0.488890 0.077557 2.888943 -0.390908 -4.218972 0.000000 0.000000 0.393590
0.563271 -0.488879 0.077336 2.889339 -0.391008 -4.219065 0.000000 0.000000 0.393663
0.563242 -0.488867 0.077116 2.889734 -0.391108 -4.219157 0.000000 0.000000 0.393736
0.563213 -0.488856 0.076895 2.890130 -0.391208 -4.219250 0.000000 0.000000 0.393809
0.563183 -0.488845 0.076675 2.890526 -0.391308 -4.219343 0.000000 0.000000 0.393882
0.563154 -0.488834 0.076454 2.890922 -0.391408 -4.219435 0.000000 0.000000 0.393955
0.563125 -0.488822 0.076234 2.891318 -0.391508 -4.219528 0.000000 0.000000 0.394028
0.563096 -0.488811 0.076013 2.891713 -0.391608 -4.219620 0.000000 0.000000 0.394101
0.563067 -0.488800 0.075793 2.892109 -0.391708 -4.219713 0.000000 0.000000 0.394175
0.563038 -0.488789 0.075572 2.892505 -0.391808 -4.219805 0.000000 0.000000 0.394248
0.563009 -0.488777 0.075351 2.892901 -0.391908 -4.219898 0.000000 0.000000 0.394321
0.562980 -0.488766 0.075131 2.893296 -0.392008 -4.219991 0.000000 0.000000 0.394394
0.562951 -0.488755 0.074910 2.893692 -0.392108 -4.220083 0.000000 0.000000 0.394467
0.562922 -0.488744 0.074690 2.894088 -0.392208 -4.220176 0.000000 0.000000 0.394540
0.562892 -0.488733 0.074469 2.894484 -0.392308 -4.220268 0.000000 0.000000 0.394613
0.562863 -0.488721 0.074249 2.894880 -0.392408 -4.220361 0.000000 0.000000 0.394686
0.562834 -0.488710 0.074028 2.895275 -0.392508 -4.220453 0.000000 0.000000 0.394760
0.562805 -0.488699 0.073807 2.895671 -0.392608 -4.220546 0.000000 0.000000 0.394833
0.562776 -0.488688 0.073587 2.896067 -0.392708 -4.220639 0.000000 0.000000 0.394906
0.562745 -0.488674 0.073370 2.896455 -0.392818 -4.220728 0.000000 0.000000 0.394939
0.562711 -0.488658 0.073159 2.896832 -0.392939 -4.220814 0.000000 0.000000 0.394923
0.562678 -0.488642 0.072947 2.897210 -0.393061 -4.220901 0.000000 0.000000 0.394907
0.562644 -0.488625 0.072736 2.897588 -0.393182 -4.220987 0.000000 0.000000 0.394891
0.562610 -0.488609 0.072524 2.897966 -0.393304 -4.221073 0.000000 0.000000 0.394875
0.562577 -0.488593 0.072313 2.898344 -0.393425 -4.221159 0.000000 0.000000 0.394859
0.562543 -0.488576 0.072101 2.898722 -0.393547 -4.221245 0.000000 0.000000 0.394843
0.562510 -0.488560 0.071890 2.899100 -0.393668 -4.221331 0.000000 0.000000 0.394827
0.562476 -0.488544 0.071679 2.899477 -0.393790 -4.221417 0.000000 0.000000 0.394811
0.562442 -0.488527 0.071467 2.899855 -0.393911 -4.221503 0.000000 0.000000 0.394795
0.562409 -0.488511 0.071256 2.900233 -0.394033 -4.221590 0.000000 0.000000 0.394779
0.562375 -0.488495 0.071044 2.900611 -0.394154 -4.221676 0.000000 0.000000 0.394763
0.562342 -0.488478 0.070833 2.900989 -0.394276 -4.221762 0.000000 0.000000 0.394747
0.562308 -0.488462 0.070621 2.901367 -0.394397 -4.221848 0.000000 0.000000 0.394731
0.562274 -0.488446 0.070410 2.901745 -0.394518 -4.221934 0.000000 0.000000 0.394715
0.562241 -0.488430 0.070198 2.902122 -0.394640 -4.222020 0.000000 0.000000 0.394699
0.562207 -0.488413 0.069987 2.902500 -0.394761 -4.222106 0.000000 0.000000 0.394683
0.562170 -0.488396 0.069783 2.902867 -0.394891 -4.222189 0.000000 0.000000 0.394647
0.562132 -0.488378 0.069581 2.903233 -0.395022 -4.222272 0.000000 0.000000 0.394609
0.562094 -0.488360 0.069379 2.903598 -0.395152 -4.222354 0.000000 0.000000 0.394570
0.562056 -0.488342 0.069177 2.903964 -0.395283 -4.222437 0.000000 0.000000 0.394531
0.562018 -0.488324 0.068975 2.904329 -0.395414 -4.222519 0.000000 0.000000 0.394493
0.561980 -0.488306 0.068773 2.904695 -0.395544 -4.222602 0.000000 0.000000 0.394454
0.561942 -0.488288 0.068571 2.905060 -0.395675 -4.222684 0.000000 0.000000 0.394416
0.561904 -0.488270 0.068369 2.905425 -0.395805 -4.222767 0.000000 0.000000 0.394377
0.561866 -0.488253 0.068167 2.905791 -0.395936 -4.222849 0.000000 0.000000 0.394339
0.561828 -0.488235 0.067965 2.906156 -0.396067 -4.222931 0.000000 0.000000 0.394300
0.561790 -0.488217 0.067763 2.906522 -0.396197 -4.223014 0.000000 0.000000 0.394262
0.561752 -0.488199 0.067561 2.906887 -0.396328 -4.223096 0.000000 0.000000 0.394223
0.561714 -0.488181 0.067359 2.907253 -0.396459 -4.223179 0.000000 0.000000 0.394185
0.561676 -0.488163 0.067157 2.907618 -0.396589 -4.223261 0.000000 0.000000 0.394146
0.561638 -0.488145 0.066954 2.907984 -0.396720 -4.223344 0.000000 0.000000 0.394108
0.561600 -0.488128 0.066752 2.908349 -0.396851 -4.223426 0.000000 0.000000 0.394069
0.561561 -0.488109 0.066552 2.908712 -0.396981 -4.223509 0.000000 0.000000 0.394207
0.561522 -0.488091 0.066357 2.909070 -0.397112 -4.223593 0.000000 0.000000 0.394751
0.561482 -0.488073 0.066162 2.909427 -0.397243 -4.223676 0.000000 0.000000 0.395295
0.561443 -0.488054 0.065967 2.909785 -0.397374 -4.223760 0.000000 0.000000 0.395839
0.561403 -0.488036 0.065772 2.910142 -0.397505 -4.223844 0.000000 0.000000 0.396383
0.561364 -0.488018 0.065577 2.910499 -0.397635 -4.223927 0.000000 0.000000 0.396927
0.561324 -0.487999 0.065381 2.910857 -0.397766 -4.224011 0.000000 0.000000 0.397471
0.561285 -0.487981 0.065186 2.911214 -0.397897 -4.224095 0.000000 0.000000 0.398015
0.561245 -0.487962 0.064991 2.911572 -0.398028 -4.224178 0.000000 0.000000 0.398559
0.561206 -0.487944 0.064796 2.911929 -0.398159 -4.224262 0.000000 0.000000 0.399103
0.561166 -0.487926 0.064601 2.912287 -0.398289 -4.224345 0.000000 0.000000 0.399647
0.561127 -0.487907 0.064406 2.912644 -0.398420 -4.224429 0.000000 0.000000 0.400191
0.561087 -0.487889 0.064211 2.913001 -0.398551 -4.224513 0.000000 0.000000 0.400735
0.561048 -0.487870 0.064015 2.913359 -0.398682 -4.224596 0.000000 0.000000 0.401279
0.561008 -0.487852 0.063820 2.913716 -0.398813 -4.224680 0.000000 0.000000 0.401823
0.560969 -0.487834 0.063625 2.914074 -0.398943 -4.224763 0.000000 0.000000 0.402367
0.560929 -0.487815 0.063430 2.914431 -0.399074 -4.224847 0.000000 0.000000 0.402911
0.560890 -0.487797 0.063235 2.914789 -0.399205 -4.224931 0.000000 0.000000 0.403455
0.560850 -0.487778 0.063040 2.915146 -0.399336 -4.225014 0.000000 0.000000 0.403999
0.560810 -0.487760 0.062844 2.915503 -0.399467 -4.225098 0.000000 0.000000 0.404543
0.560771 -0.487742 0.062649 2.915861 -0.399598 -4.225182 0.000000 0.000000 0.405087
0.560731 -0.487723 0.062454 2.916218 -0.399728 -4.225265 0.000000 0.000000 0.405631
0.560692 -0.487705 0.062261 2.916574 -0.399860 -4.225348 0.000000 0.000000 0.406258
0.560650 -0.487685 0.062074 2.916923 -0.399997 -4.225430 0.000000 0.000000 0.407204
0.560608 -0.487665 0.061888 2.917272 -0.400134 -4.225512 0.000000 0.000000 0.408151
0.560567 -0.487646 0.061701 2.917621 -0.400270 -4.225594 0.000000 0.000000 0.409098
0.560525 -0.487626 0.061515 2.917970 -0.400407 -4.225676 0.000000 0.000000 0.410044
0.560484 -0.487606 0.061328 2.918319 -0.400544 -4.225758 0.000000 0.000000 0.410991
0.560442 -0.487587 0.061142 2.918668 -0.400681 -4.225840 0.000000 0.000000 0.411938
0.560401 -0.487567 0.060955 2.919017 -0.400817 -4.225922 0.000000 0.000000 0.412885
0.560359 -0.487547 0.060769 2.919366 -0.400954 -4.226004 0.000000 0.000000 0.413831
0.560318 -0.487528 0.060582 2.919715 -0.401091 -4.226086 0.000000 0.000000 0.414778
0.560276 -0.487508 0.060396 2.920064 -0.401227 -4.226168 0.000000 0.000000 0.415725
0.560235 -0.487488 0.060209 2.920413 -0.401364 -4.226250 0.000000 0.000000 0.416672
0.560193 -0.487469 0.060023 2.920762 -0.401501 -4.226332 0.000000 0.000000 0.417618
0.560152 -0.487449 0.059836 2.921111 -0.401637 -4.226414 0.000000 0.000000 0.418565
0.560110 -0.487429 0.059650 2.921460 -0.401774 -4.226496 0.000000 0.000000 0.419512
0.560069 -0.487410 0.059463 2.921808 -0.401911 -4.226578 0.000000 0.000000 0.420459
0.560027 -0.487390 0.059277 2.922157 -0.402047 -4.226660 0.000000 0.000000 0.421405
0.559985 -0.487371 0.059096 2.922498 -0.402179 -4.226736 0.000000 0.000000 0.422340
0.559942 -0.487352 0.058920 2.922834 -0.402307 -4.226810 0.000000 0.000000 0.423268
0.559899 -0.487333 0.058743 2.923170 -0.402435 -4.226883 0.000000 0.000000 0.424196
0.559856 -0.487314 0.058567 2.923506 -0.402563 -4.226957 0.000000 0.000000 0.425124
0.559813 -0.487295 0.058390 2.923843 -0.402691 -4.227030 0.000000 0.000000 0.426052
0.559770 -0.487276 0.058213 2.924179 -0.402819 -4.227104 0.000000 0.000000 0.426980
0.559727 -0.487257 0.058037 2.924515 -0.402947 -4.227177 0.000000 0.000000 0.427908
0.559684 -0.487238 0.057860 2.924851 -0.403075 -4.227251 0.000000 0.000000 0.428836
0.559641 -0.487219 0.057683 2.925187 -0.403203 -4.227324 0.000000 0.000000 0.429764
0.559598 -0.487200 0.057507 2.925523 -0.403331 -4.227398 0.000000 0.000000 0.430692
0.559555 -0.487181 0.057330 2.925859 -0.403459 -4.227471 0.000000 0.000000 0.431620
0.559512 -0.487162 0.057154 2.926195 -0.403587 -4.227545 0.000000 0.000000 0.432549
0.559469 -0.487143 0.056977 2.926531 -0.403715 -4.227618 0.000000 0.000000 0.433477
0.559426 -0.487124 0.056800 2.926867 -0.403843 -4.227692 0.000000 0.000000 0.434405
0.559383 -0.487105 0.056624 2.927203 -0.403971 -4.227765 0.000000 0.000000 0.435333
0.559340 -0.487086 0.056447 2.927539 -0.404099 -4.227839 0.000000 0.000000 0.436261
0.559297 -0.487067 0.056271 2.927874 -0.404228 -4.227912 0.000000 0.000000 0.437147
0.559255 -0.487047 0.056105 2.928189 -0.404359 -4.227980 0.000000 0.000000 0.437383
0.559213 -0.487027 0.055940 2.928503 -0.404491 -4.228049 0.000000 0.000000 0.437619
0.559172 -0.487007 0.055774 2.928818 -0.404623 -4.228117 0.000000 0.000000 0.437855
0.559130 -0.486986 0.055608 2.929132 -0.404754 -4.228185 0.000000 0.000000 0.438091
0.559088 -0.486966 0.055442 2.929447 -0.404886 -4.228253 0.000000 0.000000 0.438327
0.559046 -0.486946 0.055277 2.929761 -0.405018 -4.228322 0.000000 0.000000 0.438563
0.559004 -0.486926 0.055111 2.930076 -0.405149 -4.228390 0.000000 0.000000 0.438799
0.558963 -0.486906 0.054945 2.930390 -0.405281 -4.228458 0.000000 0.000000 0.439035
0.558921 -0.486886 0.054779 2.930705 -0.405413 -4.228526 0.000000 0.000000 0.439271
0.558879 -0.486866 0.054614 2.931020 -0.405544 -4.228595 0.000000 0.000000 0.439507
0.558837 -0.486845 0.054448 2.931334 -0.405676 -4.228663 0.000000 0.000000 0.439743
0.558796 -0.486825 0.054282 2.931649 -0.405808 -4.228731 0.000000 0.000000 0.439979
0.558754 -0.486805 0.054116 2.931963 -0.405939 -4.228799 0.000000 0.000000 0.440215
0.558712 -0.486785 0.053951 2.932278 -0.406071 -4.228868 0.000000 0.000000 0.440451
0.558670 -0.486765 0.053785 2.932592 -0.406203 -4.228936 0.000000 0.000000 0.440686
0.558628 -0.486745 0.053619 2.932907 -0.406334 -4.229004 0.000000 0.000000 0.440922
0.558587 -0.486724 0.053454 2.933221 -0.406466 -4.229072 0.000000 0.000000 0.441158
0.558545 -0.486704 0.053288 2.933536 -0.406598 -4.229141 0.000000 0.000000 0.441394
0.558503 -0.486684 0.053122 2.933851 -0.406729 -4.229209 0.000000 0.000000 0.441630
0.558461 -0.486664 0.052956 2.934165 -0.406861 -4.229277 0.000000 0.000000 0.441866
0.558419 -0.486644 0.052791 2.934480 -0.406993 -4.229345 0.000000 0.000000 0.442102
0.558378 -0.486624 0.052625 2.934794 -0.407124 -4.229413 0.000000 0.000000 0.442338
0.558336 -0.486601 0.052471 2.935085 -0.407258 -4.229479 0.000000 0.000000 0.442200
0.558295 -0.486579 0.052317 2.935375 -0.407392 -4.229545 0.000000 0.000000 0.442047
0.558253 -0.486556 0.052163 2.935664 -0.407526 -4.229610 0.000000 0.000000 0.441894
0.558212 -0.486534 0.052009 2.935954 -0.407660 -4.229675 0.000000 0.000000 0.441741
0.558170 -0.486511 0.051855 2.936244 -0.407794 -4.229741 0.000000 0.000000 0.441588
0.558129 -0.486489 0.051701 2.936533 -0.407928 -4.229806 0.000000 0.000000 0.441435
0.558087 -0.486466 0.051548 2.936823 -0.408062 -4.229872 0.000000 0.000000 0.441282
0.558046 -0.486444 0.051394 2.937113 -0.408196 -4.229937 0.000000 0.000000 0.441129
0.558004 -0.486421 0.051240 2.937403 -0.408330 -4.230003 0.000000 0.000000 0.440976
0.557963 -0.486399 0.051086 2.937692 -0.408464 -4.230068 0.000000 0.000000 0.440823
0.557921 -0.486376 0.050932 2.937982 -0.408598 -4.230134 0.000000 0.000000 0.440670
0.557880 -0.486354 0.050778 2.938272 -0.408732 -4.230199 0.000000 0.000000 0.440517
0.557838 -0.486331 0.050625 2.938562 -0.408866 -4.230265 0.000000 0.000000 0.440365
0.557797 -0.486309 0.050471 2.938851 -0.409000 -4.230330 0.000000 0.000000 0.440212
0.557755 -0.486286 0.050317 2.939141 -0.409134 -4.230396 0.000000 0.000000 0.440059
0.557714 -0.486264 0.050163 2.939431 -0.409268 -4.230461 0.000000 0.000000 0.439906
0.557674 -0.486240 0.050014 2.939708 -0.409403 -4.230525 0.000000 0.000000 0.439691
0.557636 -0.486215 0.049871 2.939968 -0.409538 -4.230586 0.000000 0.000000 0.439381
0.557598 -0.486190 0.049728 2.940227 -0.409674 -4.230646 0.000000 0.000000 0.439070
0.557561 -0.486165 0.049586 2.940486 -0.409809 -4.230707 0.000000 0.000000 0.438760
0.557523 -0.486140 0.049443 2.940745 -0.409945 -4.230768 0.000000 0.000000 0.438449
0.557485 -0.486115 0.049300 2.941004 -0.410080 -4.230829 0.000000 0.000000 0.438139
0.557448 -0.486090 0.049158 2.941263 -0.410216 -4.230890 0.000000 0.000000 0.437828
0.557410 -0.486066 0.049015 2.941522 -0.410351 -4.230951 0.000000 0.000000 0.437517
0.557372 -0.486041 0.048872 2.941782 -0.410487 -4.231012 0.000000 0.000000 0.437207
0.557334 -0.486016 0.048730 2.942041 -0.410622 -4.231073 0.000000 0.000000 0.436896
0.557297 -0.485991 0.048587 2.942300 -0.410758 -4.231133 0.000000 0.000000 0.436586
0.557259 -0.485966 0.048445 2.942559 -0.410893 -4.231194 0.000000 0.000000 0.436275
0.557221 -0.485941 0.048302 2.942818 -0.411029 -4.231255 0.000000 0.000000 0.435965
0.557183 -0.485916 0.048159 2.943077 -0.411164 -4.231316 0.000000 0.000000 0.435654
0.557146 -0.485891 0.048017 2.943336 -0.411300 -4.231377 0.000000 0.000000 0.435344
0.557108 -0.485866 0.047874 2.943596 -0.411435 -4.231438 0.000000 0.000000 0.435033
0.557070 -0.485841 0.047731 2.943855 -0.411571 -4.231499 0.000000 0.000000 0.434722
0.557033 -0.485814 0.047597 2.944104 -0.411713 -4.231557 0.000000 0.000000 0.434850
0.556995 -0.485787 0.047464 2.944351 -0.411856 -4.231614 0.000000 0.000000 0.435075
0.556958 -0.485759 0.047331 2.944598 -0.411999 -4.231672 0.000000 0.000000 0.435300
0.556921 -0.485732 0.047198 2.944845 -0.412143 -4.231730 0.000000 0.000000 0.435526
0.556883 -0.485705 0.047065 2.945092 -0.412286 -4.231787 0.000000 0.000000 0.435751
0.556846 -0.485677 0.046932 2.945339 -0.412429 -4.231845 0.000000 0.000000 0.435977
0.556809 -0.485650 0.046799 2.945586 -0.412573 -4.231903 0.000000 0.000000 0.436202
0.556771 -0.485623 0.046666 2.945833 -0.412716 -4.231960 0.000000 0.000000 0.436428
0.556734 -0.485595 0.046533 2.946080 -0.412859 -4.232018 0.000000 0.000000 0.436653
0.556696 -0.485568 0.046401 2.946327 -0.413003 -4.232076 0.000000 0.000000 0.436879
0.556659 -0.485540 0.046268 2.946574 -0.413146 -4.232133 0.000000 0.000000 0.437104
0.556622 -0.485513 0.046135 2.946821 -0.413290 -4.232191 0.000000 0.000000 0.437330
0.556584 -0.485486 0.046002 2.947068 -0.413433 -4.232248 0.000000 0.000000 0.437555
0.556547 -0.485458 0.045869 2.947316 -0.413576 -4.232306 0.000000 0.000000 0.437781
0.556510 -0.485431 0.045736 2.947563 -0.413720 -4.232364 0.000000 0.000000 0.438006
0.556472 -0.485404 0.045603 2.947810 -0.413863 -4.232421 0.000000 0.000000 0.438231
0.556435 -0.485376 0.045470 2.948057 -0.414006 -4.232479 0.000000 0.000000 0.438457
0.556397 -0.485349 0.045337 2.948304 -0.414150 -4.232537 0.000000 0.000000 0.438682
0.556360 -0.485322 0.045205 2.948551 -0.414293 -4.232594 0.000000 0.000000 0.438908
0.556323 -0.485294 0.045072 2.948798 -0.414436 -4.232652 0.000000 0.000000 0.439133
0.556285 -0.485267 0.044939 2.949045 -0.414580 -4.232710 0.000000 0.000000 0.439359
0.556248 -0.485239 0.044806 2.949292 -0.414723 -4.232767 0.000000 0.000000 0.439584
0.556211 -0.485210 0.044679 2.949526 -0.414869 -4.232821 0.000000 0.000000 0.439617
0.556175 -0.485181 0.044556 2.949756 -0.415016 -4.232873 0.000000 0.000000 0.439575
0.556139 -0.485151 0.044432 2.949986 -0.415163 -4.232925 0.000000 0.000000 0.439533
0.556103 -0.485121 0.044308 2.950215 -0.415309 -4.232977 0.000000 0.000000 0.439491
0.556067 -0.485092 0.044184 2.950445 -0.415456 -4.233029 0.000000 0.000000 0.439449
0.556031 -0.485062 0.044060 2.950675 -0.415603 -4.233081 0.000000 0.000000 0.439407
0.555995 -0.485032 0.043936 2.950904 -0.415750 -4.233133 0.000000 0.000000 0.439365
0.555959 -0.485002 0.043813 2.951134 -0.415897 -4.233185 0.000000 0.000000 0.439323
0.555923 -0.484973 0.043689 2.951364 -0.416044 -4.233237 0.000000 0.000000 0.439281
0.555887 -0.484943 0.043565 2.951593 -0.416191 -4.233289 0.000000 0.000000 0.439239
0.555851 -0.484913 0.043441 2.951823 -0.416337 -4.233341 0.000000 0.000000 0.439196
0.555815 -0.484883 0.043317 2.952053 -0.416484 -4.233393 0.000000 0.000000 0.439154
0.555779 -0.484854 0.043193 2.952282 -0.416631 -4.233445 0.000000 0.000000 0.439112
0.555743 -0.484824 0.043069 2.952512 -0.416778 -4.233497 0.000000 0.000000 0.439070
0.555707 -0.484794 0.042946 2.952741 -0.416925 -4.233549 0.000000 0.000000 0.439028
0.555671 -0.484765 0.042822 2.952971 -0.417072 -4.233601 0.000000 0.000000 0.438986
0.555635 -0.484734 0.042699 2.953199 -0.417220 -4.233653 0.000000 0.000000 0.438876
0.555599 -0.484702 0.042584 2.953417 -0.417380 -4.233705 0.000000 0.000000 0.438372
0.555564 -0.484670 0.042470 2.953634 -0.417539 -4.233758 0.000000 0.000000 0.437868
0.555529 -0.484637 0.042355 2.953852 -0.417698 -4.233810 0.000000 0.000000 0.437364
0.555493 -0.484605 0.042240 2.954070 -0.417857 -4.233862 0.000000 0.000000 0.436860
0.555458 -0.484572 0.042125 2.954287 -0.418016 -4.233914 0.000000 0.000000 0.436356
0.555423 -0.484540 0.042010 2.954505 -0.418175 -4.233967 0.000000 0.000000 0.435852
0.555388 -0.484507 0.041895 2.954723 -0.418334 -4.234019 0.000000 0.000000 0.435348
0.555352 -0.484475 0.041780 2.954940 -0.418493 -4.234071 0.000000 0.000000 0.434844
0.555317 -0.484443 0.041665 2.955158 -0.418652 -4.234124 0.000000 0.000000 0.434340
0.555282 -0.484410 0.041550 2.955375 -0.418812 -4.234176 0.000000 0.000000 0.433836
0.555246 -0.484378 0.041436 2.955593 -0.418971 -4.234228 0.000000 0.000000 0.433332
0.555211 -0.484345 0.041321 2.955811 -0.419130 -4.234280 0.000000 0.000000 0.432828
0.555176 -0.484313 0.041206 2.956028 -0.419289 -4.234333 0.000000 0.000000 0.432324
0.555140 -0.484280 0.041091 2.956246 -0.419448 -4.234385 0.000000 0.000000 0.431819
0.555105 -0.484248 0.040976 2.956464 -0.419607 -4.234437 0.000000 0.000000 0.431315
0.555070 -0.484216 0.040861 2.956681 -0.419766 -4.234490 0.000000 0.000000 0.430811
0.555036 -0.484181 0.040750 2.956891 -0.419933 -4.234543 0.000000 0.000000 0.430247
0.555002 -0.484146 0.040642 2.957096 -0.420105 -4.234598 0.000000 0.000000 0.429637
0.554969 -0.484111 0.040534 2.957300 -0.420277 -4.234653 0.000000 0.000000 0.429028
0.554936 -0.484075 0.040427 2.957504 -0.420449 -4.234708 0.000000 0.000000 0.428419
0.554903 -0.484040 0.040319 2.957708 -0.420621 -4.234763 0.000000 0.000000 0.427809
0.554869 -0.484004 0.040211 2.957913 -0.420794 -4.234818 0.000000 0.000000 0.427200
0.554836 -0.483969 0.040103 2.958117 -0.420966 -4.234873 0.000000 0.000000 0.426590
0.554803 -0.483933 0.039995 2.958321 -0.421138 -4.234928 0.000000 0.000000 0.425981
0.554769 -0.483898 0.039887 2.958526 -0.421310 -4.234983 0.000000 0.000000 0.425371
0.554736 -0.483862 0.039779 2.958730 -0.421482 -4.235038 0.000000 0.000000 0.424762
0.554703 -0.483827 0.039672 2.958934 -0.421654 -4.235093 0.000000 0.000000 0.424153
0.554670 -0.483791 0.039564 2.959138 -0.421827 -4.235148 0.000000 0.000000 0.423543
0.554636 -0.483756 0.039456 2.959343 -0.421999 -4.235203 0.000000 0.000000 0.422934
0.554603 -0.483721 0.039348 2.959547 -0.422171 -4.235258 0.000000 0.000000 0.422324
0.554570 -0.483685 0.039240 2.959751 -0.422343 -4.235313 0.000000 0.000000 0.421715
0.554537 -0.483650 0.039132 2.959956 -0.422515 -4.235368 0.000000 0.000000 0.421105
0.554503 -0.483614 0.039024 2.960160 -0.422687 -4.235423 0.000000 0.000000 0.420496
0.554470 -0.483579 0.038917 2.960364 -0.422859 -4.235478 0.000000 0.000000 0.419887
0.554437 -0.483543 0.038809 2.960568 -0.423032 -4.235533 0.000000 0.000000 0.419277
0.554403 -0.483508 0.038701 2.960773 -0.423204 -4.235588 0.000000 0.000000 0.418668
0.554370 -0.483472 0.038593 2.960977 -0.423376 -4.235643 0.000000 0.000000 0.418058
0.554337 -0.483437 0.038485 2.961181 -0.423548 -4.235698 0.000000 0.000000 0.417449
0.554304 -0.483400 0.038380 2.961379 -0.423724 -4.235756 0.000000 0.000000 0.416970
0.554273 -0.483363 0.038277 2.961570 -0.423903 -4.235816 0.000000 0.000000 0.416636
0.554241 -0.483326 0.038175 2.961761 -0.424082 -4.235877 0.000000 0.000000 0.416302
0.554210 -0.483288 0.038072 2.961952 -0.424262 -4.235937 0.000000 0.000000 0.415967
0.554178 -0.483251 0.037970 2.962143 -0.424441 -4.235998 0.000000 0.000000 0.415633
0.554147 -0.483213 0.037867 2.962334 -0.424621 -4.236058 0.000000 0.000000 0.415298
0.554115 -0.483176 0.037765 2.962525 -0.424800 -4.236119 0.000000 0.000000 0.414964
0.554084 -0.483138 0.037662 2.962716 -0.424979 -4.236180 0.000000 0.000000 0.414629
0.554052 -0.483101 0.037560 2.962908 -0.425159 -4.236240 0.000000 0.000000 0.414295
0.554021 -0.483064 0.037457 2.963099 -0.425338 -4.236301 0.000000 0.000000 0.413961
0.553989 -0.483026 0.037355 2.963290 -0.425517 -4.236361 0.000000 0.000000 0.413626
0.553958 -0.482989 0.037252 2.963481 -0.425697 -4.236422 0.000000 0.000000 0.413292
0.553926 -0.482951 0.037150 2.963672 -0.425876 -4.236483 0.000000 0.000000 0.412957
0.553895 -0.482914 0.037047 2.963863 -0.426055 -4.236543 0.000000 0.000000 0.412623
0.553863 -0.482876 0.036945 2.964054 -0.426235 -4.236604 0.000000 0.000000 0.412288
0.553832 -0.482839 0.036842 2.964245 -0.426414 -4.236664 0.000000 0.000000 0.411954
0.553800 -0.482802 0.036740 2.964436 -0.426593 -4.236725 0.000000 0.000000 0.411620
0.553770 -0.482763 0.036641 2.964621 -0.426785 -4.236797 0.000000 0.000000 0.411840
0.553740 -0.482724 0.036543 2.964805 -0.426978 -4.236871 0.000000 0.000000 0.412119
0.553710 -0.482686 0.036445 2.964990 -0.427171 -4.236945 0.000000 0.000000 0.412399
0.553680 -0.482647 0.036347 2.965174 -0.427364 -4.237019 0.000000 0.000000 0.412678
0.553650 -0.482609 0.036249 2.965359 -0.427557 -4.237092 0.000000 0.000000 0.412958
0.553621 -0.482570 0.036151 2.965543 -0.427750 -4.237166 0.000000 0.000000 0.413237
0.553591 -0.482531 0.036053 2.965728 -0.427943 -4.237240 0.000000 0.000000 0.413517
0.553561 -0.482493 0.035955 2.965912 -0.428136 -4.237314 0.000000 0.000000 0.413796
0.553531 -0.482454 0.035857 2.966097 -0.428329 -4.237387 0.000000 0.000000 0.414076
0.553501 -0.482416 0.035759 2.966281 -0.428522 -4.237461 0.000000 0.000000 0.414355
0.553471 -0.482377 0.035661 2.966466 -0.428715 -4.237535 0.000000 0.000000 0.414635
0.553441 -0.482339 0.035563 2.966650 -0.428908 -4.237609 0.000000 0.000000 0.414914
0.553411 -0.482300 0.035465 2.966835 -0.429101 -4.237682 0.000000 0.000000 0.415194
0.553381 -0.482261 0.035367 2.967019 -0.429294 -4.237756 0.000000 0.000000 0.415473
0.553351 -0.482223 0.035269 2.967204 -0.429487 -4.237830 0.000000 0.000000 0.415753
0.553321 -0.482184 0.035171 2.967388 -0.429680 -4.237904 0.000000 0.000000 0.416032
0.553292 -0.482145 0.035075 2.967570 -0.429876 -4.237979 0.000000 0.000000 0.416846
0.553263 -0.482104 0.034982 2.967746 -0.430081 -4.238058 0.000000 0.000000 0.418741
0.553234 -0.482064 0.034889 2.967923 -0.430286 -4.238137 0.000000 0.000000 0.420635
0.553205 -0.482023 0.034796 2.968099 -0.430490 -4.238217 0.000000 0.000000 0.422530
0.553176 -0.481983 0.034703 2.968275 -0.430695 -4.238296 0.000000 0.000000 0.424425
0.553146 -0.481942 0.034610 2.968451 -0.430900 -4.238375 0.000000 0.000000 0.426320
0.553117 -0.481902 0.034517 2.968628 -0.431104 -4.238454 0.000000 0.000000 0.428215
0.553088 -0.481861 0.034424 2.968804 -0.431309 -4.238533 0.000000 0.000000 0.430110
0.553059 -0.481821 0.034331 2.968980 -0.431514 -4.238612 0.000000 0.000000 0.432005
0.553030 -0.481780 0.034238 2.969156 -0.431718 -4.238691 0.000000 0.000000 0.433900
0.553001 -0.481740 0.034145 2.969333 -0.431923 -4.238770 0.000000 0.000000 0.435795
0.552972 -0.481700 0.034052 2.969509 -0.432128 -4.238850 0.000000 0.000000 0.437690
0.552943 -0.481659 0.033959 2.969685 -0.432332 -4.238929 0.000000 0.000000 0.439585
0.552914 -0.481619 0.033866 2.969861 -0.432537 -4.239008 0.000000 0.000000 0.441480
0.552885 -0.481578 0.033773 2.970038 -0.432742 -4.239087 0.000000 0.000000 0.443375
0.552856 -0.481538 0.033680 2.970214 -0.432946 -4.239166 0.000000 0.000000 0.445270
0.552827 -0.481497 0.033587 2.970390 -0.433151 -4.239245 0.000000 0.000000 0.447165
0.552798 -0.481457 0.033494 2.970567 -0.433356 -4.239324 0.000000 0.000000 0.449060
0.552769 -0.481416 0.033401 2.970743 -0.433560 -4.239403 0.000000 0.000000 0.450955
0.552739 -0.481376 0.033308 2.970919 -0.433765 -4.239483 0.000000 0.000000 0.452850
0.552710 -0.481335 0.033215 2.971095 -0.433970 -4.239562 0.000000 0.000000 0.454745
0.552681 -0.481295 0.033122 2.971272 -0.434174 -4.239641 0.000000 0.000000 0.456640
0.552653 -0.481254 0.033031 2.971443 -0.434383 -4.239721 0.000000 0.000000 0.459093
0.552625 -0.481211 0.032946 2.971598 -0.434602 -4.239807 0.000000 0.000000 0.463385
0.552598 -0.481169 0.032861 2.971753 -0.434821 -4.239893 0.000000 0.000000 0.467676
0.552571 -0.481126 0.032776 2.971907 -0.435041 -4.239978 0.000000 0.000000 0.471967
0.552544 -0.481084 0.032691 2.972062 -0.435260 -4.240064 0.000000 0.000000 0.476259
0.552516 -0.481041 0.032606 2.972217 -0.435480 -4.240149 0.000000 0.000000 0.480550
0.552489 -0.480999 0.032521 2.972372 -0.435699 -4.240235 0.000000 0.000000 0.484841
0.552462 -0.480956 0.032436 2.972527 -0.435918 -4.240320 0.000000 0.000000 0.489133
0.552435 -0.480914 0.032351 2.972681 -0.436138 -4.240406 0.000000 0.000000 0.493424
0.552407 -0.480871 0.032266 2.972836 -0.436357 -4.240492 0.000000 0.000000 0.497715
0.552380 -0.480829 0.032181 2.972991 -0.436577 -4.240577 0.000000 0.000000 0.502007
0.552353 -0.480787 0.032096 2.973146 -0.436796 -4.240663 0.000000 0.000000 0.506298
0.552326 -0.480744 0.032011 2.973301 -0.437015 -4.240748 0.000000 0.000000 0.510589
0.552299 -0.480702 0.031926 2.973455 -0.437235 -4.240834 0.000000 0.000000 0.514881
0.552271 -0.480659 0.031841 2.973610 -0.437454 -4.240919 0.000000 0.000000 0.519172
0.552244 -0.480617 0.031756 2.973765 -0.437674 -4.241005 0.000000 0.000000 0.523464
0.552217 -0.480574 0.031671 2.973920 -0.437893 -4.241091 0.000000 0.000000 0.527755
0.552191 -0.480531 0.031592 2.974058 -0.438123 -4.241180 0.000000 0.000000 0.532930
0.552167 -0.480486 0.031516 2.974188 -0.438357 -4.241271 0.000000 0.000000 0.538560
0.552142 -0.480442 0.031439 2.974318 -0.438592 -4.241362 0.000000 0.000000 0.544190
0.552118 -0.480398 0.031363 2.974448 -0.438827 -4.241453 0.000000 0.000000 0.549821
0.552093 -0.480353 0.031287 2.974578 -0.439061 -4.241544 0.000000 0.000000 0.555451
0.552068 -0.480309 0.031211 2.974708 -0.439296 -4.241634 0.000000 0.000000 0.561081
0.552044 -0.480265 0.031134 2.974837 -0.439531 -4.241725 0.000000 0.000000 0.566711
0.552019 -0.480221 0.031058 2.974967 -0.439765 -4.241816 0.000000 0.000000 0.572341
0.551995 -0.480176 0.030982 2.975097 -0.440000 -4.241907 0.000000 0.000000 0.577971
0.551970 -0.480132 0.030906 2.975227 -0.440235 -4.241998 0.000000 0.000000 0.583601
0.551945 -0.480088 0.030829 2.975357 -0.440469 -4.242089 0.000000 0.000000 0.589231
0.551921 -0.480043 0.030753 2.975487 -0.440704 -4.242180 0.000000 0.000000 0.594862
0.551896 -0.479999 0.030677 2.975617 -0.440938 -4.242271 0.000000 0.000000 0.600492
0.551872 -0.479955 0.030601 2.975747 -0.441173 -4.242362 0.000000 0.000000 0.606122
0.551847 -0.479911 0.030524 2.975876 -0.441408 -4.242453 0.000000 0.000000 0.611752
0.551823 -0.479866 0.030448 2.976006 -0.441642 -4.242544 0.000000 0.000000 0.617382
0.551798 -0.479822 0.030373 2.976134 -0.441879 -4.242636 0.000000 0.000000 0.623035
0.551776 -0.479775 0.030306 2.976242 -0.442131 -4.242732 0.000000 0.000000 0.628927
0.551753 -0.479727 0.030239 2.976350 -0.442384 -4.242828 0.000000 0.000000 0.634819
0.551731 -0.479680 0.030172 2.976457 -0.442637 -4.242924 0.000000 0.000000 0.640712
0.551709 -0.479633 0.030105 2.976565 -0.442890 -4.243020 0.000000 0.000000 0.646604
0.551686 -0.479586 0.030038 2.976673 -0.443142 -4.243116 0.000000 0.000000 0.652496
0.551664 -0.479539 0.029972 2.976780 -0.443395 -4.243212 0.000000 0.000000 0.658388
0.551641 -0.479491 0.029905 2.976888 -0.443648 -4.243308 0.000000 0.000000 0.664280
0.551619 -0.479444 0.029838 2.976996 -0.443900 -4.243404 0.000000 0.000000 0.670173
0.551597 -0.479397 0.029771 2.977103 -0.444153 -4.243501 0.000000 0.000000 0.676065
0.551574 -0.479350 0.029704 2.977211 -0.444406 -4.243597 0.000000 0.000000 0.681957
0.551552 -0.479303 0.029637 2.977319 -0.444659 -4.243693 0.000000 0.000000 0.687849
0.551529 -0.479255 0.029570 2.977426 -0.444911 -4.243789 0.000000 0.000000 0.693741
0.551507 -0.479208 0.029503 2.977534 -0.445164 -4.243885 0.000000 0.000000 0.699633
0.551485 -0.479161 0.029437 2.977641 -0.445417 -4.243981 0.000000 0.000000 0.705526
0.551462 -0.479114 0.029370 2.977749 -0.445670 -4.244077 0.000000 0.000000 0.711418
0.551440 -0.479067 0.029303 2.977857 -0.445922 -4.244173 0.000000 0.000000 0.717310
0.551418 -0.479019 0.029236 2.977964 -0.446175 -4.244269 0.000000 0.000000 0.723202
0.551395 -0.478972 0.029169 2.978072 -0.446428 -4.244366 0.000000 0.000000 0.729094
0.551373 -0.478925 0.029102 2.978180 -0.446680 -4.244462 0.000000 0.000000 0.734987
0.551350 -0.478878 0.029035 2.978287 -0.446933 -4.244558 0.000000 0.000000 0.740879
0.551328 -0.478831 0.028969 2.978395 -0.447186 -4.244654 0.000000 0.000000 0.746771
0.551306 -0.478783 0.028902 2.978503 -0.447439 -4.244750 0.000000 0.000000 0.752663
0.551286 -0.478736 0.028841 2.978593 -0.447687 -4.244844 0.000000 0.000000 0.759263
0.551267 -0.478688 0.028781 2.978684 -0.447935 -4.244939 0.000000 0.000000 0.765870
0.551247 -0.478641 0.028721 2.978774 -0.448183 -4.245033 0.000000 0.000000 0.772477
0.551228 -0.478593 0.028660 2.978865 -0.448431 -4.245127 0.000000 0.000000 0.779084
0.551209 -0.478546 0.028600 2.978955 -0.448679 -4.245222 0.000000 0.000000 0.785691
0.551189 -0.478498 0.028540 2.979046 -0.448927 -4.245316 0.000000 0.000000 0.792298
0.551170 -0.478451 0.028480 2.979136 -0.449175 -4.245410 0.000000 0.000000 0.798905
0.551150 -0.478403 0.028419 2.979227 -0.449423 -4.245504 0.000000 0.000000 0.805512
0.551131 -0.478356 0.028359 2.979317 -0.449672 -4.245599 0.000000 0.000000 0.812119
0.551112 -0.478308 0.028299 2.979408 -0.449920 -4.245693 0.000000 0.000000 0.818725
0.551092 -0.478261 0.028239 2.979498 -0.450168 -4.245787 0.000000 0.000000 0.825332
0.551073 -0.478213 0.028178 2.979589 -0.450416 -4.245882 0.000000 0.000000 0.831939
0.551053 -0.478166 0.028118 2.979679 -0.450664 -4.245976 0.000000 0.000000 0.838546
0.551034 -0.478118 0.028058 2.979770 -0.450912 -4.246070 0.000000 0.000000 0.845153
0.551015 -0.478070 0.027997 2.979860 -0.451160 -4.246164 0.000000 0.000000 0.851760
0.550995 -0.478023 0.027937 2.979951 -0.451408 -4.246259 0.000000 0.000000 0.858367
0.550977 -0.477976 0.027880 2.980038 -0.451657 -4.246357 0.000000 0.000000 0.865315
0.550960 -0.477929 0.027826 2.980121 -0.451906 -4.246459 0.000000 0.000000 0.872738
0.550944 -0.477882 0.027773 2.980204 -0.452156 -4.246562 0.000000 0.000000 0.880162
0.550927 -0.477835 0.027720 2.980287 -0.452405 -4.246665 0.000000 0.000000 0.887585
0.550911 -0.477788 0.027667 2.980370 -0.452654 -4.246768 0.000000 0.000000 0.895009
0.550894 -0.477741 0.027613 2.980453 -0.452904 -4.246871 0.000000 0.000000 0.902432
0.550878 -0.477695 0.027560 2.980536 -0.453153 -4.246973 0.000000 0.000000 0.909856
0.550861 -0.477648 0.027507 2.980619 -0.453402 -4.247076 0.000000 0.000000 0.917279
0.550844 -0.477601 0.027454 2.980702 -0.453652 -4.247179 0.000000 0.000000 0.924703
0.550828 -0.477554 0.027400 2.980785 -0.453901 -4.247282 0.000000 0.000000 0.932126
0.550811 -0.477507 0.027347 2.980868 -0.454150 -4.247385 0.000000 0.000000 0.939550
0.550795 -0.477460 0.027294 2.980951 -0.454400 -4.247488 0.000000 0.000000 0.946973
0.550778 -0.477413 0.027241 2.981034 -0.454649 -4.247590 0.000000 0.000000 0.954397
0.550762 -0.477367 0.027187 2.981117 -0.454898 -4.247693 0.000000 0.000000 0.961820
0.550745 -0.477320 0.027134 2.981200 -0.455148 -4.247796 0.000000 0.000000 0.969244
0.550728 -0.477273 0.027081 2.981283 -0.455397 -4.247899 0.000000 0.000000 0.976667
0.550712 -0.477226 0.027027 2.981366 -0.455646 -4.248002 0.000000 0.000000 0.984091
0.550697 -0.477180 0.026980 2.981444 -0.455887 -4.248100 0.000000 0.000000 0.991959
0.550682 -0.477134 0.026933 2.981522 -0.456126 -4.248196 0.000000 0.000000 0.999910
0.550667 -0.477088 0.026886 2.981600 -0.456365 -4.248293 0.000000 0.000000 1.007860
0.550652 -0.477042 0.026840 2.981678 -0.456604 -4.248390 0.000000 0.000000 1.015811
0.550637 -0.476996 0.026793 2.981756 -0.456844 -4.248487 0.000000 0.000000 1.023761
0.550622 -0.476950 0.026747 2.981834 -0.457083 -4.248584 0.000000 0.000000 1.031712
0.550607 -0.476904 0.026700 2.981912 -0.457322 -4.248681 0.000000 0.000000 1.039662
0.550592 -0.476858 0.026653 2.981990 -0.457561 -4.248778 0.000000 0.000000 1.047613
0.550577 -0.476812 0.026607 2.982068 -0.457800 -4.248875 0.000000 0.000000 1.055563
0.550562 -0.476766 0.026560 2.982146 -0.458039 -4.248971 0.000000 0.000000 1.063514
0.550547 -0.476720 0.026513 2.982224 -0.458278 -4.249068 0.000000 0.000000 1.071464
0.550532 -0.476674 0.026467 2.982302 -0.458517 -4.249165 0.000000 0.000000 1.079415
0.550517 -0.476628 0.026420 2.982380 -0.458756 -4.249262 0.000000 0.000000 1.087365
0.550502 -0.476582 0.026373 2.982458 -0.458996 -4.249359 0.000000 0.000000 1.095316
0.550487 -0.476536 0.026327 2.982536 -0.459235 -4.249456 0.000000 0.000000 1.103267
0.550472 -0.476490 0.026280 2.982614 -0.459474 -4.249553 0.000000 0.000000 1.111217
0.550457 -0.476444 0.026233 2.982692 -0.459713 -4.249650 0.000000 0.000000 1.119168
0.550442 -0.476398 0.026187 2.982770 -0.459952 -4.249747 0.000000 0.000000 1.127118
0.550427 -0.476352 0.026140 2.982848 -0.460191 -4.249843 0.000000 0.000000 1.135069
0.550412 -0.476306 0.026093 2.982926 -0.460430 -4.249940 0.000000 0.000000 1.143019
0.550397 -0.476260 0.026047 2.983004 -0.460669 -4.250037 0.000000 0.000000 1.150970
0.550382 -0.476214 0.026000 2.983082 -0.460908 -4.250134 0.000000 0.000000 1.158920
0.550368 -0.476171 0.025956 2.983158 -0.461122 -4.250218 0.000000 0.000000 1.166605
0.550355 -0.476129 0.025913 2.983232 -0.461326 -4.250298 0.000000 0.000000 1.174200
0.550342 -0.476087 0.025870 2.983307 -0.461530 -4.250377 0.000000 0.000000 1.181795
0.550329 -0.476046 0.025826 2.983381 -0.461735 -4.250457 0.000000 0.000000 1.189389
0.550316 -0.476004 0.025783 2.983456 -0.461939 -4.250537 0.000000 0.000000 1.196984
0.550303 -0.475962 0.025740 2.983531 -0.462144 -4.250616 0.000000 0.000000 1.204579
0.550290 -0.475920 0.025697 2.983605 -0.462348 -4.250696 0.000000 0.000000 1.212174
0.550277 -0.475879 0.025654 2.983680 -0.462552 -4.250775 0.000000 0.000000 1.219768
0.550264 -0.475837 0.025611 2.983754 -0.462757 -4.250855 0.000000 0.000000 1.227363
0.550251 -0.475795 0.025568 2.983829 -0.462961 -4.250935 0.000000 0.000000 1.234958
0.550238 -0.475753 0.025524 2.983904 -0.463166 -4.251014 0.000000 0.000000 1.242553
0.550225 -0.475711 0.025481 2.983978 -0.463370 -4.251094 0.000000 0.000000 1.250147
0.550212 -0.475670 0.025438 2.984053 -0.463574 -4.251174 0.000000 0.000000 1.257742
0.550199 -0.475628 0.025395 2.984127 -0.463779 -4.251253 0.000000 0.000000 1.265337
0.550186 -0.475586 0.025352 2.984202 -0.463983 -4.251333 0.000000 0.000000 1.272932
0.550173 -0.475544 0.025309 2.984276 -0.464187 -4.251412 0.000000 0.000000 1.280526
0.550160 -0.475503 0.025266 2.984351 -0.464387 -4.251490 0.000000 0.000000 1.288026
0.550149 -0.475465 0.025228 2.984424 -0.464562 -4.251557 0.000000 0.000000 1.295074
0.550137 -0.475428 0.025189 2.984497 -0.464738 -4.251625 0.000000 0.000000 1.302122
0.550125 -0.475390 0.025150 2.984570 -0.464913 -4.251692 0.000000 0.000000 1.309169
0.550113 -0.475352 0.025111 2.984644 -0.465089 -4.251759 0.000000 0.000000 1.316217
0.550102 -0.475314 0.025072 2.984717 -0.465264 -4.251827 0.000000 0.000000 1.323265
0.550090 -0.475277 0.025033 2.984790 -0.465439 -4.251894 0.000000 0.000000 1.330313
0.550078 -0.475239 0.024995 2.984863 -0.465615 -4.251961 0.000000 0.000000 1.337361
0.550066 -0.475201 0.024956 2.984936 -0.465790 -4.252029 0.000000 0.000000 1.344409
0.550055 -0.475163 0.024917 2.985010 -0.465966 -4.252096 0.000000 0.000000 1.351456
0.550043 -0.475126 0.024878 2.985083 -0.466141 -4.252163 0.000000 0.000000 1.358504
0.550031 -0.475088 0.024839 2.985156 -0.466317 -4.252231 0.000000 0.000000 1.365552
0.550019 -0.475050 0.024801 2.985229 -0.466492 -4.252298 0.000000 0.000000 1.372600
0.550008 -0.475012 0.024762 2.985302 -0.466668 -4.252365 0.000000 0.000000 1.379648
0.549996 -0.474975 0.024723 2.985376 -0.466843 -4.252433 0.000000 0.000000 1.386696
0.549984 -0.474937 0.024684 2.985449 -0.467018 -4.252500 0.000000 0.000000 1.393743
0.549973 -0.474899 0.024645 2.985522 -0.467194 -4.252567 0.000000 0.000000 1.400791
0.549961 -0.474862 0.024611 2.985586 -0.467362 -4.252626 0.000000 0.000000 1.407440
0.549950 -0.474825 0.024580 2.985644 -0.467526 -4.252680 0.000000 0.000000 1.413823
0.549939 -0.474789 0.024549 2.985703 -0.467690 -4.252734 0.000000 0.000000 1.420206
0.549928 -0.474752 0.024517 2.985761 -0.467854 -4.252788 0.000000 0.000000 1.426589
0.549917 -0.474715 0.024486 2.985819 -0.468018 -4.252842 0.000000 0.000000 1.432973
0.549906 -0.474679 0.024455 2.985878 -0.468182 -4.252896 0.000000 0.000000 1.439356
0.549895 -0.474642 0.024424 2.985936 -0.468346 -4.252949 0.000000 0.000000 1.445739
0.549884 -0.474605 0.024392 2.985994 -0.468510 -4.253003 0.000000 0.000000 1.452123
0.549873 -0.474569 0.024361 2.986052 -0.468674 -4.253057 0.000000 0.000000 1.458506
0.549862 -0.474532 0.024330 2.986111 -0.468838 -4.253111 0.000000 0.000000 1.464889
0.549851 -0.474496 0.024299 2.986169 -0.469002 -4.253165 0.000000 0.000000 1.471273
0.549840 -0.474459 0.024267 2.986227 -0.469166 -4.253218 0.000000 0.000000 1.477656
0.549829 -0.474422 0.024236 2.986286 -0.469330 -4.253272 0.000000 0.000000 1.484039
0.549818 -0.474386 0.024205 2.986344 -0.469494 -4.253326 0.000000 0.000000 1.490423
0.549807 -0.474349 0.024174 2.986402 -0.469658 -4.253380 0.000000 0.000000 1.496806
0.549797 -0.474312 0.024142 2.986460 -0.469822 -4.253434 0.000000 0.000000 1.503189
0.549786 -0.474276 0.024111 2.986519 -0.469986 -4.253487 0.000000 0.000000 1.509573
0.549775 -0.474239 0.024080 2.986577 -0.470150 -4.253541 0.000000 0.000000 1.515956
0.549764 -0.474202 0.024049 2.986635 -0.470314 -4.253595 0.000000 0.000000 1.522339
0.549753 -0.474166 0.024017 2.986693 -0.470478 -4.253649 0.000000 0.000000 1.528722
0.549742 -0.474129 0.023986 2.986752 -0.470642 -4.253703 0.000000 0.000000 1.535106
0.549731 -0.474093 0.023955 2.986810 -0.470806 -4.253757 0.000000 0.000000 1.541489
0.549720 -0.474057 0.023927 2.986865 -0.470970 -4.253809 0.000000 0.000000 1.547600
0.549709 -0.474021 0.023904 2.986916 -0.471136 -4.253861 0.000000 0.000000 1.553444
0.549698 -0.473986 0.023880 2.986967 -0.471302 -4.253912 0.000000 0.000000 1.559287
0.549688 -0.473950 0.023856 2.987017 -0.471467 -4.253963 0.000000 0.000000 1.565130
0.549677 -0.473915 0.023832 2.987068 -0.471633 -4.254015 0.000000 0.000000 1.570973
0.549666 -0.473879 0.023808 2.987119 -0.471798 -4.254066 0.000000 0.000000 1.576817
0.549655 -0.473844 0.023785 2.987170 -0.471964 -4.254117 0.000000 0.000000 1.582660
0.549645 -0.473808 0.023761 2.987221 -0.472130 -4.254169 0.000000 0.000000 1.588503
0.549634 -0.473773 0.023737 2.987272 -0.472295 -4.254220 0.000000 0.000000 1.594347
0.549623 -0.473737 0.023713 2.987323 -0.472461 -4.254271 0.000000 0.000000 1.600190
0.549613 -0.473702 0.023689 2.987374 -0.472626 -4.254323 0.000000 0.000000 1.606033
0.549602 -0.473667 0.023666 2.987425 -0.472792 -4.254374 0.000000 0.000000 1.611877
0.549591 -0.473631 0.023642 2.987476 -0.472958 -4.254426 0.000000 0.000000 1.617720
0.549580 -0.473596 0.023618 2.987527 -0.473123 -4.254477 0.000000 0.000000 1.623563
0.549570 -0.473560 0.023594 2.987578 -0.473289 -4.254528 0.000000 0.000000 1.629406
0.549559 -0.473525 0.023571 2.987629 -0.473454 -4.254580 0.000000 0.000000 1.635250
0.549548 -0.473489 0.023547 2.987680 -0.473620 -4.254631 0.000000 0.000000 1.641093
0.549538 -0.473456 0.023529 2.987724 -0.473782 -4.254678 0.000000 0.000000 1.646743
0.549529 -0.473422 0.023513 2.987768 -0.473943 -4.254725 0.000000 0.000000 1.652378
0.549519 -0.473388 0.023496 2.987812 -0.474105 -4.254772 0.000000 0.000000 1.658013
0.549509 -0.473355 0.023479 2.987856 -0.474266 -4.254819 0.000000 0.000000 1.663649
0.549500 -0.473321 0.023462 2.987900 -0.474428 -4.254866 0.000000 0.000000 1.669284
0.549490 -0.473288 0.023445 2.987944 -0.474589 -4.254913 0.000000 0.000000 1.674919
0.549480 -0.473254 0.023428 2.987988 -0.474751 -4.254960 0.000000 0.000000 1.680555
0.549471 -0.473221 0.023411 2.988032 -0.474912 -4.255007 0.000000 0.000000 1.686190
0.549461 -0.473187 0.023394 2.988075 -0.475074 -4.255053 0.000000 0.000000 1.691825
0.549451 -0.473153 0.023378 2.988119 -0.475235 -4.255100 0.000000 0.000000 1.697461
0.549441 -0.473120 0.023361 2.988163 -0.475397 -4.255147 0.000000 0.000000 1.703096
0.549432 -0.473086 0.023344 2.988207 -0.475559 -4.255194 0.000000 0.000000 1.708731
0.549422 -0.473053 0.023327 2.988251 -0.475720 -4.255241 0.000000 0.000000 1.714366
0.549412 -0.473019 0.023310 2.988295 -0.475882 -4.255288 0.000000 0.000000 1.720002
0.549403 -0.472985 0.023293 2.988339 -0.476043 -4.255335 0.000000 0.000000 1.725637
0.549393 -0.472952 0.023276 2.988383 -0.476205 -4.255382 0.000000 0.000000 1.731272
0.549384 -0.472919 0.023262 2.988424 -0.476367 -4.255430 0.000000 0.000000 1.736821
0.549376 -0.472886 0.023254 2.988460 -0.476532 -4.255479 0.000000 0.000000 1.742213
0.549368 -0.472854 0.023245 2.988496 -0.476696 -4.255528 0.000000 0.000000 1.747606
0.549360 -0.472821 0.023237 2.988532 -0.476860 -4.255578 0.000000 0.000000 1.752998
0.549352 -0.472789 0.023228 2.988567 -0.477025 -4.255627 0.000000 0.000000 1.758391
0.549344 -0.472756 0.023220 2.988603 -0.477189 -4.255676 0.000000 0.000000 1.763784
0.549335 -0.472723 0.023211 2.988639 -0.477353 -4.255726 0.000000 0.000000 1.769176
0.549327 -0.472691 0.023202 2.988675 -0.477518 -4.255775 0.000000 0.000000 1.774569
0.549319 -0.472658 0.023194 2.988711 -0.477682 -4.255824 0.000000 0.000000 1.779961
0.549311 -0.472626 0.023185 2.988747 -0.477847 -4.255874 0.000000 0.000000 1.785354
0.549303 -0.472593 0.023177 2.988783 -0.478011 -4.255923 0.000000 0.000000 1.790746
0.549295 -0.472561 0.023168 2.988819 -0.478175 -4.255972 0.000000 0.000000 1.796139
0.549287 -0.472528 0.023159 2.988855 -0.478340 -4.256022 0.000000 0.000000 1.801531
0.549279 -0.472496 0.023151 2.988891 -0.478504 -4.256071 0.000000 0.000000 1.806924
0.549271 -0.472463 0.023142 2.988927 -0.478668 -4.256121 0.000000 0.000000 1.812317
0.549263 -0.472431 0.023134 2.988963 -0.478833 -4.256170 0.000000 0.000000 1.817709
0.549255 -0.472398 0.023125 2.988998 -0.478997 -4.256219 0.000000 0.000000 1.823102
0.549247 -0.472366 0.023117 2.989034 -0.479162 -4.256269 0.000000 0.000000 1.828494
0.549239 -0.472333 0.023108 2.989070 -0.479326 -4.256318 0.000000 0.000000 1.833887
0.549231 -0.472301 0.023099 2.989106 -0.479490 -4.256367 0.000000 0.000000 1.839279
0.549223 -0.472268 0.023091 2.989142 -0.479655 -4.256417 0.000000 0.000000 1.844672
0.549215 -0.472235 0.023082 2.989178 -0.479819 -4.256466 0.000000 0.000000 1.850064
0.549207 -0.472203 0.023076 2.989212 -0.479981 -4.256514 0.000000 0.000000 1.855342
0.549200 -0.472172 0.023075 2.989239 -0.480138 -4.256556 0.000000 0.000000 1.860292
0.549194 -0.472140 0.023074 2.989266 -0.480294 -4.256599 0.000000 0.000000 1.865242
0.549187 -0.472108 0.023073 2.989294 -0.480450 -4.256642 0.000000 0.000000 1.870193
0.549181 -0.472077 0.023072 2.989321 -0.480606 -4.256684 0.000000 0.000000 1.875143
0.549174 -0.472045 0.023072 2.989348 -0.480762 -4.256727 0.000000 0.000000 1.880093
0.549167 -0.472014 0.023071 2.989376 -0.480919 -4.256770 0.000000 0.000000 1.885044
0.549161 -0.471982 0.023070 2.989403 -0.481075 -4.256812 0.000000 0.000000 1.889994
0.549154 -0.471951 0.023069 2.989430 -0.481231 -4.256855 0.000000 0.000000 1.894944
0.549148 -0.471919 0.023068 2.989458 -0.481387 -4.256898 0.000000 0.000000 1.899895
0.549141 -0.471888 0.023068 2.989485 -0.481543 -4.256940 0.000000 0.000000 1.904845
0.549134 -0.471856 0.023067 2.989512 -0.481700 -4.256983 0.000000 0.000000 1.909795
0.549128 -0.471824 0.023066 2.989539 -0.481856 -4.257026 0.000000 0.000000 1.914746
0.549121 -0.471793 0.023065 2.989567 -0.482012 -4.257068 0.000000 0.000000 1.919696
0.549115 -0.471761 0.023064 2.989594 -0.482168 -4.257111 0.000000 0.000000 1.924646
0.549108 -0.471730 0.023063 2.989621 -0.482324 -4.257154 0.000000 0.000000 1.929597
0.549101 -0.471698 0.023063 2.989649 -0.482481 -4.257196 0.000000 0.000000 1.934547
0.549095 -0.471667 0.023067 2.989669 -0.482629 -4.257227 0.000000 0.000000 1.939351
0.549089 -0.471635 0.023074 2.989686 -0.482773 -4.257252 0.000000 0.000000 1.944089
0.549083 -0.471603 0.023081 2.989703 -0.482917 -4.257277 0.000000 0.000000 1.948827
0.549077 -0.471571 0.023087 2.989720 -0.483062 -4.257302 0.000000 0.000000 1.953565
0.549071 -0.471540 0.023094 2.989737 -0.483206 -4.257327 0.000000 0.000000 1.958303
0.549064 -0.471508 0.023101 2.989755 -0.483350 -4.257352 0.000000 0.000000 1.963041
0.549058 -0.471476 0.023108 2.989772 -0.483494 -4.257377 0.000000 0.000000 1.967778
0.549052 -0.471445 0.023115 2.989789 -0.483639 -4.257402 0.000000 0.000000 1.972516
0.549046 -0.471413 0.023122 2.989806 -0.483783 -4.257427 0.000000 0.000000 1.977254
0.549040 -0.471381 0.023128 2.989823 -0.483927 -4.257452 0.000000 0.000000 1.981992
0.549034 -0.471350 0.023135 2.989840 -0.484072 -4.257477 0.000000 0.000000 1.986730
0.549028 -0.471318 0.023142 2.989857 -0.484216 -4.257502 0.000000 0.000000 1.991468
0.549021 -0.471286 0.023149 2.989874 -0.484360 -4.257527 0.000000 0.000000 1.996205
0.549015 -0.471254 0.023156 2.989892 -0.484505 -4.257552 0.000000 0.000000 2.000943
0.549009 -0.471223 0.023162 2.989909 -0.484649 -4.257577 0.000000 0.000000 2.005681
0.549003 -0.471191 0.023169 2.989926 -0.484793 -4.257602 0.000000 0.000000 2.010419
0.548997 -0.471159 0.023177 2.989942 -0.484937 -4.257625 0.000000 0.000000 2.015012
0.548991 -0.471126 0.023190 2.989952 -0.485073 -4.257630 0.000000 0.000000 2.018489
0.548985 -0.471093 0.023204 2.989963 -0.485209 -4.257635 0.000000 0.000000 2.021967
0.548980 -0.471059 0.023218 2.989973 -0.485346 -4.257641 0.000000 0.000000 2.025444
0.548974 -0.471026 0.023231 2.989983 -0.485482 -4.257646 0.000000 0.000000 2.028922
0.548968 -0.470993 0.023245 2.989994 -0.485619 -4.257651 0.000000 0.000000 2.032399
0.548962 -0.470960 0.023259 2.990004 -0.485755 -4.257656 0.000000 0.000000 2.035877
0.548957 -0.470926 0.023272 2.990014 -0.485891 -4.257662 0.000000 0.000000 2.039354
0.548951 -0.470893 0.023286 2.990024 -0.486028 -4.257667 0.000000 0.000000 2.042832
0.548945 -0.470860 0.023300 2.990035 -0.486164 -4.257672 0.000000 0.000000 2.046309
0.548939 -0.470826 0.023313 2.990045 -0.486301 -4.257678 0.000000 0.000000 2.049787
0.548933 -0.470793 0.023327 2.990055 -0.486437 -4.257683 0.000000 0.000000 2.053264
0.548928 -0.470760 0.023341 2.990066 -0.486573 -4.257688 0.000000 0.000000 2.056742
0.548922 -0.470727 0.023354 2.990076 -0.486710 -4.257693 0.000000 0.000000 2.060219
0.548916 -0.470693 0.023368 2.990086 -0.486846 -4.257699 0.000000 0.000000 2.063696
0.548910 -0.470660 0.023381 2.990096 -0.486983 -4.257704 0.000000 0.000000 2.067174
0.548905 -0.470627 0.023395 2.990107 -0.487119 -4.257709 0.000000 0.000000 2.070651
0.548899 -0.470594 0.023409 2.990117 -0.487255 -4.257715 0.000000 0.000000 2.074129
0.548893 -0.470560 0.023422 2.990127 -0.487392 -4.257720 0.000000 0.000000 2.077606
0.548887 -0.470527 0.023436 2.990138 -0.487528 -4.257725 0.000000 0.000000 2.081084
0.548881 -0.470494 0.023450 2.990148 -0.487665 -4.257730 0.000000 0.000000 2.084561
0.548876 -0.470460 0.023463 2.990158 -0.487801 -4.257736 0.000000 0.000000 2.088039
0.548870 -0.470427 0.023477 2.990168 -0.487937 -4.257741 0.000000 0.000000 2.091482
0.548863 -0.470392 0.023496 2.990180 -0.488060 -4.257726 0.000000 0.000000 2.093048
0.548857 -0.470358 0.023515 2.990191 -0.488183 -4.257712 0.000000 0.000000 2.094615
0.548850 -0.470323 0.023534 2.990202 -0.488306 -4.257697 0.000000 0.000000 2.096181
0.548844 -0.470288 0.023553 2.990213 -0.488429 -4.257683 0.000000 0.000000 2.097747
0.548837 -0.470254 0.023571 2.990224 -0.488552 -4.257668 0.000000 0.000000 2.099313
0.548831 -0.470219 0.023590 2.990235 -0.488675 -4.257654 0.000000 0.000000 2.100879
0.548824 -0.470184 0.023609 2.990246 -0.488798 -4.257639 0.000000 0.000000 2.102445
0.548818 -0.470150 0.023628 2.990257 -0.488921 -4.257624 0.000000 0.000000 2.104011
0.548811 -0.470115 0.023647 2.990269 -0.489044 -4.257610 0.000000 0.000000 2.105578
0.548804 -0.470081 0.023666 2.990280 -0.489167 -4.257595 0.000000 0.000000 2.107144
0.548798 -0.470046 0.023685 2.990291 -0.489290 -4.257581 0.000000 0.000000 2.108710
0.548791 -0.470011 0.023704 2.990302 -0.489413 -4.257566 0.000000 0.000000 2.110276
0.548785 -0.469977 0.023722 2.990313 -0.489536 -4.257552 0.000000 0.000000 2.111842
0.548778 -0.469942 0.023741 2.990324 -0.489659 -4.257537 0.000000 0.000000 2.113408
0.548772 -0.469907 0.023760 2.990335 -0.489782 -4.257523 0.000000 0.000000 2.114975
0.548765 -0.469873 0.023779 2.990346 -0.489905 -4.257508 0.000000 0.000000 2.116541
0.548757 -0.469837 0.023800 2.990360 -0.490025 -4.257487 0.000000 0.000000 2.117409
0.548748 -0.469799 0.023824 2.990377 -0.490140 -4.257456 0.000000 0.000000 2.117406
0.548738 -0.469761 0.023847 2.990395 -0.490255 -4.257426 0.000000 0.000000 2.117404
0.548729 -0.469724 0.023871 2.990412 -0.490370 -4.257396 0.000000 0.000000 2.117401
0.548720 -0.469686 0.023894 2.990429 -0.490485 -4.257366 0.000000 0.000000 2.117398
0.548710 -0.469649 0.023918 2.990446 -0.490600 -4.257335 0.000000 0.000000 2.117396
0.548701 -0.469611 0.023941 2.990464 -0.490715 -4.257305 0.000000 0.000000 2.117393
0.548691 -0.469573 0.023965 2.990481 -0.490830 -4.257275 0.000000 0.000000 2.117391
0.548682 -0.469536 0.023988 2.990498 -0.490946 -4.257245 0.000000 0.000000 2.117388
0.548672 -0.469498 0.024012 2.990515 -0.491061 -4.257214 0.000000 0.000000 2.117385
0.548663 -0.469461 0.024035 2.990532 -0.491176 -4.257184 0.000000 0.000000 2.117383
0.548653 -0.469423 0.024059 2.990550 -0.491291 -4.257154 0.000000 0.000000 2.117380
0.548644 -0.469385 0.024082 2.990567 -0.491406 -4.257124 0.000000 0.000000 2.117377
0.548635 -0.469348 0.024106 2.990584 -0.491521 -4.257093 0.000000 0.000000 2.117375
0.548625 -0.469310 0.024130 2.990601 -0.491636 -4.257063 0.000000 0.000000 2.117372
0.548616 -0.469273 0.024153 2.990619 -0.491751 -4.257033 0.000000 0.000000 2.117369
0.548606 -0.469235 0.024177 2.990636 -0.491866 -4.257003 0.000000 0.000000 2.117367
0.548595 -0.469194 0.024204 2.990651 -0.491983 -4.256964 0.000000 0.000000 2.116573
0.548584 -0.469154 0.024233 2.990665 -0.492101 -4.256925 0.000000 0.000000 2.115662
0.548572 -0.469113 0.024261 2.990680 -0.492218 -4.256886 0.000000 0.000000 2.114752
0.548561 -0.469072 0.024289 2.990695 -0.492335 -4.256846 0.000000 0.000000 2.113841
0.548549 -0.469031 0.024317 2.990709 -0.492452 -4.256807 0.000000 0.000000 2.112931
0.548538 -0.468990 0.024346 2.990724 -0.492569 -4.256767 0.000000 0.000000 2.112020
0.548526 -0.468949 0.024374 2.990738 -0.492686 -4.256728 0.000000 0.000000 2.111110
0.548515 -0.468908 0.024402 2.990753 -0.492804 -4.256688 0.000000 0.000000 2.110199
0.548503 -0.468867 0.024431 2.990767 -0.492921 -4.256649 0.000000 0.000000 2.109289
0.548492 -0.468827 0.024459 2.990782 -0.493038 -4.256610 0.000000 0.000000 2.108378
0.548480 -0.468786 0.024487 2.990797 -0.493155 -4.256570 0.000000 0.000000 2.107468
0.548469 -0.468745 0.024516 2.990811 -0.493272 -4.256531 0.000000 0.000000 2.106557
0.548457 -0.468704 0.024544 2.990826 -0.493389 -4.256491 0.000000 0.000000 2.105647
0.548446 -0.468663 0.024572 2.990840 -0.493507 -4.256452 0.000000 0.000000 2.104736
0.548434 -0.468622 0.024600 2.990855 -0.493624 -4.256412 0.000000 0.000000 2.103826
0.548423 -0.468581 0.024629 2.990869 -0.493741 -4.256373 0.000000 0.000000 2.102915
0.548411 -0.468541 0.024657 2.990884 -0.493858 -4.256334 0.000000 0.000000 2.102005
0.548400 -0.468500 0.024685 2.990899 -0.493975 -4.256294 0.000000 0.000000 2.101094
0.548388 -0.468459 0.024714 2.990913 -0.494092 -4.256255 0.000000 0.000000 2.100184
0.548377 -0.468418 0.024742 2.990928 -0.494210 -4.256215 0.000000 0.000000 2.099273
0.548366 -0.468377 0.024770 2.990942 -0.494327 -4.256176 0.000000 0.000000 2.098363
0.548354 -0.468336 0.024798 2.990957 -0.494444 -4.256136 0.000000 0.000000 2.097452
0.548342 -0.468293 0.024831 2.990967 -0.494569 -4.256096 0.000000 0.000000 2.095598
0.548329 -0.468249 0.024864 2.990977 -0.494696 -4.256054 0.000000 0.000000 2.093468
0.548316 -0.468204 0.024898 2.990986 -0.494824 -4.256013 0.000000 0.000000 2.091338
0.548303 -0.468160 0.024932 2.990995 -0.494951 -4.255972 0.000000 0.000000 2.089208
0.548290 -0.468116 0.024965 2.991005 -0.495078 -4.255930 0.000000 0.000000 2.087079
0.548278 -0.468072 0.024999 2.991014 -0.495206 -4.255889 0.000000 0.000000 2.084949
0.548265 -0.468027 0.025032 2.991023 -0.495333 -4.255848 0.000000 0.000000 2.082819
0.548252 -0.467983 0.025066 2.991033 -0.495460 -4.255806 0.000000 0.000000 2.080689
0.548239 -0.467939 0.025100 2.991042 -0.495588 -4.255765 0.000000 0.000000 2.078560
0.548227 -0.467895 0.025133 2.991051 -0.495715 -4.255724 0.000000 0.000000 2.076430
0.548214 -0.467851 0.025167 2.991061 -0.495842 -4.255682 0.000000 0.000000 2.074300
0.548201 -0.467806 0.025200 2.991070 -0.495970 -4.255641 0.000000 0.000000 2.072170
0.548188 -0.467762 0.025234 2.991079 -0.496097 -4.255599 0.000000 0.000000 2.070041
0.548175 -0.467718 0.025268 2.991089 -0.496224 -4.255558 0.000000 0.000000 2.067911
0.548163 -0.467674 0.025301 2.991098 -0.496352 -4.255517 0.000000 0.000000 2.065781
0.548150 -0.467630 0.025335 2.991107 -0.496479 -4.255475 0.000000 0.000000 2.063652
0.548137 -0.467584 0.025370 2.991115 -0.496610 -4.255434 0.000000 0.000000 2.061406
0.548122 -0.467536 0.025409 2.991116 -0.496757 -4.255391 0.000000 0.000000 2.058699
0.548108 -0.467487 0.025448 2.991116 -0.496904 -4.255348 0.000000 0.000000 2.055993
0.548093 -0.467438 0.025488 2.991117 -0.497051 -4.255306 0.000000 0.000000 2.053286
0.548078 -0.467389 0.025527 2.991118 -0.497198 -4.255263 0.000000 0.000000 2.050580
0.548064 -0.467340 0.025567 2.991119 -0.497345 -4.255220 0.000000 0.000000 2.047873
0.548049 -0.467291 0.025606 2.991120 -0.497492 -4.255178 0.000000 0.000000 2.045167
0.548035 -0.467243 0.025645 2.991120 -0.497639 -4.255135 0.000000 0.000000 2.042460
0.548020 -0.467194 0.025685 2.991121 -0.497786 -4.255092 0.000000 0.000000 2.039754
0.548005 -0.467145 0.025724 2.991122 -0.497933 -4.255050 0.000000 0.000000 2.037047
0.547991 -0.467096 0.025764 2.991123 -0.498080 -4.255007 0.000000 0.000000 2.034341
0.547976 -0.467047 0.025803 2.991124 -0.498227 -4.254964 0.000000 0.000000 2.031634
0.547962 -0.466998 0.025843 2.991125 -0.498374 -4.254922 0.000000 0.000000 2.028928
0.547947 -0.466949 0.025882 2.991125 -0.498521 -4.254879 0.000000 0.000000 2.026222
0.547932 -0.466901 0.025921 2.991126 -0.498668 -4.254836 0.000000 0.000000 2.023515
0.547918 -0.466852 0.025961 2.991127 -0.498815 -4.254794 0.000000 0.000000 2.020809
0.547903 -0.466803 0.026000 2.991128 -0.498962 -4.254751 0.000000 0.000000 2.018102
0.547887 -0.466751 0.026044 2.991122 -0.499132 -4.254713 0.000000 0.000000 2.015200
0.547870 -0.466696 0.026090 2.991112 -0.499315 -4.254677 0.000000 0.000000 2.012183
0.547853 -0.466642 0.026136 2.991102 -0.499499 -4.254642 0.000000 0.000000 2.009166
0.547836 -0.466588 0.026182 2.991092 -0.499682 -4.254607 0.000000 0.000000 2.006149
0.547819 -0.466533 0.026228 2.991083 -0.499865 -4.254572 0.000000 0.000000 2.003132
0.547802 -0.466479 0.026274 2.991073 -0.500048 -4.254536 0.000000 0.000000 2.000115
0.547785 -0.466425 0.026320 2.991063 -0.500232 -4.254501 0.000000 0.000000 1.997098
0.547768 -0.466370 0.026366 2.991053 -0.500415 -4.254466 0.000000 0.000000 1.994081
0.547751 -0.466316 0.026412 2.991043 -0.500598 -4.254430 0.000000 0.000000 1.991064
0.547734 -0.466262 0.026458 2.991034 -0.500781 -4.254395 0.000000 0.000000 1.988047
0.547717 -0.466207 0.026504 2.991024 -0.500965 -4.254360 0.000000 0.000000 1.985030
0.547700 -0.466153 0.026550 2.991014 -0.501148 -4.254324 0.000000 0.000000 1.982013
0.547683 -0.466099 0.026596 2.991004 -0.501331 -4.254289 0.000000 0.000000 1.978996
0.547666 -0.466044 0.026642 2.990994 -0.501514 -4.254254 0.000000 0.000000 1.975979
0.547649 -0.465990 0.026688 2.990985 -0.501698 -4.254219 0.000000 0.000000 1.972962
0.547632 -0.465935 0.026734 2.990975 -0.501881 -4.254183 0.000000 0.000000 1.969945
0.547615 -0.465881 0.026780 2.990965 -0.502064 -4.254148 0.000000 0.000000 1.966928
0.547598 -0.465827 0.026826 2.990955 -0.502247 -4.254113 0.000000 0.000000 1.963911
0.547581 -0.465772 0.026872 2.990945 -0.502431 -4.254077 0.000000 0.000000 1.960894
0.547564 -0.465718 0.026918 2.990936 -0.502614 -4.254042 0.000000 0.000000 1.957877
0.547547 -0.465664 0.026964 2.990926 -0.502797 -4.254007 0.000000 0.000000 1.954860
0.547530 -0.465609 0.027010 2.990916 -0.502980 -4.253971 0.000000 0.000000 1.951842
0.547513 -0.465552 0.027059 2.990904 -0.503184 -4.253947 0.000000 0.000000 1.949009
0.547495 -0.465493 0.027111 2.990891 -0.503405 -4.253932 0.000000 0.000000 1.946338
0.547478 -0.465434 0.027162 2.990878 -0.503627 -4.253918 0.000000 0.000000 1.943666
0.547460 -0.465375 0.027213 2.990865 -0.503848 -4.253903 0.000000 0.000000 1.940995
0.547442 -0.465316 0.027265 2.990851 -0.504069 -4.253888 0.000000 0.000000 1.938323
0.547425 -0.465256 0.027316 2.990838 -0.504291 -4.253874 0.000000 0.000000 1.935652
0.547407 -0.465197 0.027367 2.990825 -0.504512 -4.253859 0.000000 0.000000 1.932981
0.547390 -0.465138 0.027419 2.990812 -0.504734 -4.253844 0.000000 0.000000 1.930309
0.547372 -0.465079 0.027470 2.990799 -0.504955 -4.253830 0.000000 0.000000 1.927638
0.547355 -0.465019 0.027522 2.990785 -0.505176 -4.253815 0.000000 0.000000 1.924966
0.547337 -0.464960 0.027573 2.990772 -0.505398 -4.253800 0.000000 0.000000 1.922295
0.547319 -0.464901 0.027624 2.990759 -0.505619 -4.253785 0.000000 0.000000 1.919623
0.547302 -0.464842 0.027676 2.990746 -0.505841 -4.253771 0.000000 0.000000 1.916952
0.547284 -0.464783 0.027727 2.990733 -0.506062 -4.253756 0.000000 0.000000 1.914280
0.547267 -0.464723 0.027779 2.990719 -0.506283 -4.253741 0.000000 0.000000 1.911609
0.547249 -0.464664 0.027830 2.990706 -0.506505 -4.253727 0.000000 0.000000 1.908938
0.547231 -0.464605 0.027881 2.990693 -0.506726 -4.253712 0.000000 0.000000 1.906266
0.547214 -0.464544 0.027937 2.990679 -0.506963 -4.253712 0.000000 0.000000 1.904129
0.547196 -0.464484 0.027992 2.990664 -0.507200 -4.253712 0.000000 0.000000 1.902016
0.547178 -0.464423 0.028048 2.990650 -0.507437 -4.253712 0.000000 0.000000 1.899902
0.547160 -0.464363 0.028104 2.990635 -0.507674 -4.253712 0.000000 0.000000 1.897788
0.547142 -0.464302 0.028159 2.990621 -0.507912 -4.253712 0.000000 0.000000 1.895675
0.547125 -0.464241 0.028215 2.990607 -0.508149 -4.253713 0.000000 0.000000 1.893561
0.547107 -0.464181 0.028271 2.990592 -0.508386 -4.253713 0.000000 0.000000 1.891447
0.547089 -0.464120 0.028326 2.990578 -0.508623 -4.253713 0.000000 0.000000 1.889333
0.547071 -0.464059 0.028382 2.990564 -0.508860 -4.253713 0.000000 0.000000 1.887220
0.547053 -0.463999 0.028438 2.990549 -0.509098 -4.253714 0.000000 0.000000 1.885106
0.547035 -0.463938 0.028493 2.990535 -0.509335 -4.253714 0.000000 0.000000 1.882992
0.547018 -0.463878 0.028549 2.990520 -0.509572 -4.253714 0.000000 0.000000 1.880879
0.547000 -0.463817 0.028605 2.990506 -0.509809 -4.253714 0.000000 0.000000 1.878765
0.546982 -0.463756 0.028660 2.990492 -0.510046 -4.253714 0.000000 0.000000 1.876651
0.546964 -0.463696 0.028716 2.990477 -0.510284 -4.253715 0.000000 0.000000 1.874538
0.546946 -0.463635 0.028771 2.990463 -0.510521 -4.253715 0.000000 0.000000 1.872424
0.546929 -0.463574 0.028828 2.990447 -0.510761 -4.253720 0.000000 0.000000 1.870582
0.546912 -0.463513 0.028887 2.990427 -0.511005 -4.253732 0.000000 0.000000 1.869173
0.546896 -0.463451 0.028946 2.990408 -0.511249 -4.253745 0.000000 0.000000 1.867765
0.546879 -0.463390 0.029005 2.990389 -0.511493 -4.253758 0.000000 0.000000 1.866356
0.546862 -0.463328 0.029064 2.990370 -0.511737 -4.253770 0.000000 0.000000 1.864947
0.546846 -0.463267 0.029123 2.990351 -0.511982 -4.253783 0.000000 0.000000 1.863538
0.546829 -0.463205 0.029182 2.990331 -0.512226 -4.253795 0.000000 0.000000 1.862130
0.546813 -0.463144 0.029241 2.990312 -0.512470 -4.253808 0.000000 0.000000 1.860721
0.546796 -0.463082 0.029300 2.990293 -0.512714 -4.253821 0.000000 0.000000 1.859312
0.546779 -0.463021 0.029359 2.990274 -0.512958 -4.253833 0.000000 0.000000 1.857903
0.546763 -0.462960 0.029418 2.990255 -0.513203 -4.253846 0.000000 0.000000 1.856494
0.546746 -0.462898 0.029477 2.990235 -0.513447 -4.253859 0.000000 0.000000 1.855086
0.546730 -0.462837 0.029535 2.990216 -0.513691 -4.253871 0.000000 0.000000 1.853677
0.546713 -0.462775 0.029594 2.990197 -0.513935 -4.253884 0.000000 0.000000 1.852268
0.546696 -0.462714 0.029653 2.990178 -0.514179 -4.253896 0.000000 0.000000 1.850859
0.546680 -0.462652 0.029712 2.990159 -0.514424 -4.253909 0.000000 0.000000 1.849451
0.546663 -0.462591 0.029771 2.990139 -0.514668 -4.253922 0.000000 0.000000 1.848042
0.546647 -0.462529 0.029830 2.990120 -0.514912 -4.253934 0.000000 0.000000 1.846633
0.546630 -0.462468 0.029889 2.990101 -0.515156 -4.253947 0.000000 0.000000 1.845224
0.546613 -0.462406 0.029948 2.990082 -0.515400 -4.253959 0.000000 0.000000 1.843816
0.546597 -0.462345 0.030007 2.990063 -0.515644 -4.253972 0.000000 0.000000 1.842407
0.546580 -0.462284 0.030066 2.990043 -0.515889 -4.253985 0.000000 0.000000 1.840998
0.546564 -0.462221 0.030126 2.990022 -0.516139 -4.254000 0.000000 0.000000 1.839802
0.546548 -0.462157 0.030191 2.989997 -0.516403 -4.254024 0.000000 0.000000 1.839131
0.546532 -0.462093 0.030255 2.989971 -0.516667 -4.254047 0.000000 0.000000 1.838460
0.546516 -0.462029 0.030320 2.989945 -0.516932 -4.254070 0.000000 0.000000 1.837789
0.546500 -0.461964 0.030385 2.989919 -0.517196 -4.254093 0.000000 0.000000 1.837118
0.546485 -0.461900 0.030449 2.989893 -0.517461 -4.254117 0.000000 0.000000 1.836446
0.546469 -0.461836 0.030514 2.989867 -0.517725 -4.254140 0.000000 0.000000 1.835775
0.546453 -0.461772 0.030578 2.989841 -0.517989 -4.254163 0.000000 0.000000 1.835104
0.546437 -0.461708 0.030643 2.989816 -0.518254 -4.254187 0.000000 0.000000 1.834433
0.546421 -0.461643 0.030707 2.989790 -0.518518 -4.254210 0.000000 0.000000 1.833762
0.546405 -0.461579 0.030772 2.989764 -0.518783 -4.254233 0.000000 0.000000 1.833091
0.546390 -0.461515 0.030836 2.989738 -0.519047 -4.254257 0.000000 0.000000 1.832420
0.546374 -0.461451 0.030901 2.989712 -0.519311 -4.254280 0.000000 0.000000 1.831748
0.546358 -0.461387 0.030966 2.989686 -0.519576 -4.254303 0.000000 0.000000 1.831077
0.546342 -0.461322 0.031030 2.989660 -0.519840 -4.254326 0.000000 0.000000 1.830406
0.546326 -0.461258 0.031095 2.989635 -0.520104 -4.254350 0.000000 0.000000 1.829735
0.546310 -0.461194 0.031159 2.989609 -0.520369 -4.254373 0.000000 0.000000 1.829064
0.546295 -0.461128 0.031228 2.989578 -0.520646 -4.254401 0.000000 0.000000 1.828557
0.546278 -0.461062 0.031299 2.989545 -0.520929 -4.254430 0.000000 0.000000 1.828115
0.546262 -0.460995 0.031369 2.989513 -0.521211 -4.254459 0.000000 0.000000 1.827673
0.546246 -0.460929 0.031440 2.989480 -0.521494 -4.254488 0.000000 0.000000 1.827231
0.546230 -0.460863 0.031511 2.989448 -0.521776 -4.254518 0.000000 0.000000 1.826789
0.546214 -0.460796 0.031581 2.989415 -0.522059 -4.254547 0.000000 0.000000 1.826347
0.546198 -0.460730 0.031652 2.989382 -0.522342 -4.254576 0.000000 0.000000 1.825905
0.546182 -0.460664 0.031722 2.989350 -0.522624 -4.254605 0.000000 0.000000 1.825463
0.546166 -0.460597 0.031793 2.989317 -0.522907 -4.254635 0.000000 0.000000 1.825021
0.546150 -0.460531 0.031864 2.989284 -0.523189 -4.254664 0.000000 0.000000 1.824580
0.546134 -0.460465 0.031934 2.989252 -0.523472 -4.254693 0.000000 0.000000 1.824138
0.546118 -0.460398 0.032005 2.989219 -0.523754 -4.254723 0.000000 0.000000 1.823696
0.546102 -0.460332 0.032076 2.989187 -0.524037 -4.254752 0.000000 0.000000 1.823254
0.546086 -0.460266 0.032146 2.989154 -0.524319 -4.254781 0.000000 0.000000 1.822812
0.546070 -0.460199 0.032217 2.989121 -0.524602 -4.254810 0.000000 0.000000 1.822370
0.546054 -0.460133 0.032287 2.989089 -0.524885 -4.254840 0.000000 0.000000 1.821928
0.546038 -0.460067 0.032359 2.989054 -0.525167 -4.254868 0.000000 0.000000 1.821531
0.546023 -0.460001 0.032434 2.989010 -0.525446 -4.254893 0.000000 0.000000 1.821403
0.546008 -0.459935 0.032510 2.988965 -0.525726 -4.254918 0.000000 0.000000 1.821275
0.545993 -0.459870 0.032586 2.988920 -0.526005 -4.254943 0.000000 0.000000 1.821147
0.545978 -0.459804 0.032661 2.988876 -0.526285 -4.254967 0.000000 0.000000 1.821019
0.545963 -0.459738 0.032737 2.988831 -0.526565 -4.254992 0.000000 0.000000 1.820891
0.545948 -0.459672 0.032813 2.988786 -0.526844 -4.255017 0.000000 0.000000 1.820763
0.545932 -0.459607 0.032888 2.988742 -0.527124 -4.255042 0.000000 0.000000 1.820635
0.545917 -0.459541 0.032964 2.988697 -0.527403 -4.255067 0.000000 0.000000 1.820508
0.545902 -0.459475 0.033040 2.988652 -0.527683 -4.255092 0.000000 0.000000 1.820380
0.545887 -0.459410 0.033115 2.988608 -0.527963 -4.255116 0.000000 0.000000 1.820252
0.545872 -0.459344 0.033191 2.988563 -0.528242 -4.255141 0.000000 0.000000 1.820124
0.545857 -0.459278 0.033266 2.988518 -0.528522 -4.255166 0.000000 0.000000 1.819996
0.545842 -0.459213 0.033342 2.988474 -0.528801 -4.255191 0.000000 0.000000 1.819868
0.545827 -0.459147 0.033418 2.988429 -0.529081 -4.255216 0.000000 0.000000 1.819740
0.545812 -0.459081 0.033493 2.988384 -0.529361 -4.255240 0.000000 0.000000 1.819612
0.545797 -0.459016 0.033569 2.988339 -0.529640 -4.255265 0.000000 0.000000 1.819484
0.545782 -0.458950 0.033645 2.988295 -0.529920 -4.255290 0.000000 0.000000 1.819356
0.545766 -0.458884 0.033720 2.988250 -0.530199 -4.255315 0.000000 0.000000 1.819228
0.545751 -0.458819 0.033796 2.988205 -0.530479 -4.255340 0.000000 0.000000 1.819100
0.545736 -0.458753 0.033872 2.988161 -0.530759 -4.255365 0.000000 0.000000 1.818972
0.545721 -0.458687 0.033947 2.988116 -0.531038 -4.255389 0.000000 0.000000 1.818845
0.545706 -0.458621 0.034023 2.988071 -0.531318 -4.255414 0.000000 0.000000 1.818719
0.545691 -0.458556 0.034103 2.988018 -0.531602 -4.255438 0.000000 0.000000 1.818648
0.545676 -0.458491 0.034183 2.987965 -0.531885 -4.255461 0.000000 0.000000 1.818577
0.545662 -0.458426 0.034263 2.987912 -0.532169 -4.255485 0.000000 0.000000 1.818506
0.545647 -0.458361 0.034344 2.987859 -0.532453 -4.255508 0.000000 0.000000 1.818435
0.545632 -0.458296 0.034424 2.987806 -0.532736 -4.255532 0.000000 0.000000 1.818365
0.545617 -0.458231 0.034504 2.987753 -0.533020 -4.255556 0.000000 0.000000 1.818294
0.545602 -0.458166 0.034584 2.987700 -0.533303 -4.255579 0.000000 0.000000 1.818223
0.545588 -0.458101 0.034664 2.987647 -0.533587 -4.255603 0.000000 0.000000 1.818152
0.545573 -0.458036 0.034744 2.987594 -0.533871 -4.255626 0.000000 0.000000 1.818081
0.545558 -0.457971 0.034824 2.987541 -0.534154 -4.255650 0.000000 0.000000 1.818010
0.545543 -0.457906 0.034904 2.987488 -0.534438 -4.255674 0.000000 0.000000 1.817939
0.545528 -0.457841 0.034985 2.987435 -0.534722 -4.255697 0.000000 0.000000 1.817868
0.545514 -0.457776 0.035065 2.987382 -0.535005 -4.255721 0.000000 0.000000 1.817797
0.545499 -0.457711 0.035145 2.987329 -0.535289 -4.255744 0.000000 0.000000 1.817726
0.545484 -0.457646 0.035225 2.987276 -0.535573 -4.255768 0.000000 0.000000 1.817655
0.545469 -0.457581 0.035305 2.987223 -0.535856 -4.255792 0.000000 0.000000 1.817584
0.545454 -0.457517 0.035388 2.987167 -0.536147 -4.255818 0.000000 0.000000 1.817242
0.545438 -0.457452 0.035473 2.987108 -0.536445 -4.255846 0.000000 0.000000 1.816597
0.545423 -0.457388 0.035558 2.987049 -0.536742 -4.255875 0.000000 0.000000 1.815952
0.545407 -0.457323 0.035643 2.986990 -0.537040 -4.255903 0.000000 0.000000 1.815307
0.545391 -0.457259 0.035729 2.986931 -0.537338 -4.255932 0.000000 0.000000 1.814661
0.545376 -0.457194 0.035814 2.986871 -0.537636 -4.255961 0.000000 0.000000 1.814016
0.545360 -0.457130 0.035899 2.986812 -0.537934 -4.255989 0.000000 0.000000 1.813371
0.545345 -0.457065 0.035985 2.986753 -0.538232 -4.256018 0.000000 0.000000 1.812726
0.545329 -0.457001 0.036070 2.986694 -0.538530 -4.256047 0.000000 0.000000 1.812081
0.545313 -0.456936 0.036155 2.986635 -0.538828 -4.256075 0.000000 0.000000 1.811435
0.545298 -0.456872 0.036241 2.986576 -0.539126 -4.256104 0.000000 0.000000 1.810790
0.545282 -0.456807 0.036326 2.986516 -0.539424 -4.256133 0.000000 0.000000 1.810145
0.545266 -0.456743 0.036411 2.986457 -0.539722 -4.256161 0.000000 0.000000 1.809500
0.545251 -0.456678 0.036497 2.986398 -0.540020 -4.256190 0.000000 0.000000 1.808855
0.545235 -0.456614 0.036582 2.986339 -0.540318 -4.256218 0.000000 0.000000 1.808210
0.545219 -0.456550 0.036667 2.986280 -0.540616 -4.256247 0.000000 0.000000 1.807564
0.545204 -0.456485 0.036752 2.986221 -0.540914 -4.256276 0.000000 0.000000 1.806919
0.545189 -0.456422 0.036843 2.986158 -0.541224 -4.256315 0.000000 0.000000 1.805641
0.545173 -0.456359 0.036934 2.986094 -0.541535 -4.256355 0.000000 0.000000 1.804292
0.545158 -0.456296 0.037025 2.986031 -0.541847 -4.256396 0.000000 0.000000 1.802943
0.545143 -0.456233 0.037116 2.985967 -0.542158 -4.256436 0.000000 0.000000 1.801594
0.545128 -0.456171 0.037206 2.985904 -0.542470 -4.256476 0.000000 0.000000 1.800245
0.545113 -0.456108 0.037297 2.985840 -0.542781 -4.256517 0.000000 0.000000 1.798896
0.545098 -0.456045 0.037388 2.985777 -0.543093 -4.256557 0.000000 0.000000 1.797547
0.545083 -0.455982 0.037479 2.985713 -0.543404 -4.256597 0.000000 0.000000 1.796198
0.545068 -0.455919 0.037570 2.985650 -0.543716 -4.256638 0.000000 0.000000 1.794849
0.545053 -0.455856 0.037661 2.985586 -0.544027 -4.256678 0.000000 0.000000 1.793500
0.545037 -0.455793 0.037752 2.985523 -0.544339 -4.256718 0.000000 0.000000 1.792151
0.545022 -0.455730 0.037843 2.985460 -0.544650 -4.256759 0.000000 0.000000 1.790802
0.545007 -0.455668 0.037934 2.985396 -0.544962 -4.256799 0.000000 0.000000 1.789453
0.544992 -0.455605 0.038025 2.985333 -0.545273 -4.256839 0.000000 0.000000 1.788104
0.544977 -0.455542 0.038116 2.985269 -0.545585 -4.256880 0.000000 0.000000 1.786755
0.544962 -0.455479 0.038207 2.985206 -0.545896 -4.256920 0.000000 0.000000 1.785406
0.544947 -0.455416 0.038297 2.985142 -0.546208 -4.256960 0.000000 0.000000 1.784057
0.544932 -0.455353 0.038388 2.985079 -0.546519 -4.257001 0.000000 0.000000 1.782708
0.544917 -0.455290 0.038479 2.985015 -0.546831 -4.257041 0.000000 0.000000 1.781359
0.544902 -0.455228 0.038570 2.984952 -0.547142 -4.257081 0.000000 0.000000 1.780010
0.544886 -0.455165 0.038661 2.984888 -0.547454 -4.257122 0.000000 0.000000 1.778661
0.544871 -0.455102 0.038752 2.984825 -0.547765 -4.257162 0.000000 0.000000 1.777312
0.544857 -0.455041 0.038846 2.984758 -0.548080 -4.257211 0.000000 0.000000 1.775368
0.544842 -0.454981 0.038941 2.984690 -0.548396 -4.257263 0.000000 0.000000 1.773276
0.544828 -0.454921 0.039036 2.984621 -0.548712 -4.257315 0.000000 0.000000 1.771184
0.544814 -0.454861 0.039130 2.984553 -0.549027 -4.257367 0.000000 0.000000 1.769092
0.544799 -0.454800 0.039225 2.984485 -0.549343 -4.257418 0.000000 0.000000 1.767000
0.544785 -0.454740 0.039320 2.984417 -0.549659 -4.257470 0.000000 0.000000 1.764908
0.544771 -0.454680 0.039415 2.984349 -0.549975 -4.257522 0.000000 0.000000 1.762817
0.544756 -0.454620 0.039510 2.984281 -0.550290 -4.257574 0.000000 0.000000 1.760725
0.544742 -0.454560 0.039604 2.984213 -0.550606 -4.257626 0.000000 0.000000 1.758633
0.544728 -0.454500 0.039699 2.984144 -0.550922 -4.257677 0.000000 0.000000 1.756541
0.544713 -0.454439 0.039794 2.984076 -0.551237 -4.257729 0.000000 0.000000 1.754449
0.544699 -0.454379 0.039889 2.984008 -0.551553 -4.257781 0.000000 0.000000 1.752357
0.544685 -0.454319 0.039984 2.983940 -0.551869 -4.257833 0.000000 0.000000 1.750266
0.544670 -0.454259 0.040078 2.983872 -0.552185 -4.257884 0.000000 0.000000 1.748174
0.544656 -0.454199 0.040173 2.983804 -0.552500 -4.257936 0.000000 0.000000 1.746082
0.544642 -0.454138 0.040268 2.983736 -0.552816 -4.257988 0.000000 0.000000 1.743990
0.544628 -0.454079 0.040364 2.983665 -0.553133 -4.258041 0.000000 0.000000 1.741967
0.544615 -0.454022 0.040463 2.983588 -0.553456 -4.258101 0.000000 0.000000 1.740175
0.544603 -0.453965 0.040562 2.983511 -0.553778 -4.258160 0.000000 0.000000 1.738383
0.544590 -0.453908 0.040662 2.983434 -0.554101 -4.258220 0.000000 0.000000 1.736591
0.544577 -0.453850 0.040761 2.983357 -0.554423 -4.258279 0.000000 0.000000 1.734799
0.544565 -0.453793 0.040860 2.983280 -0.554746 -4.258338 0.000000 0.000000 1.733007
0.544552 -0.453736 0.040959 2.983203 -0.555068 -4.258398 0.000000 0.000000 1.731214
0.544540 -0.453679 0.041059 2.983125 -0.555391 -4.258457 0.000000 0.000000 1.729422
0.544527 -0.453622 0.041158 2.983048 -0.555713 -4.258517 0.000000 0.000000 1.727630
0.544514 -0.453565 0.041257 2.982971 -0.556036 -4.258576 0.000000 0.000000 1.725838
0.544502 -0.453507 0.041356 2.982894 -0.556358 -4.258635 0.000000 0.000000 1.724046
0.544489 -0.453450 0.041456 2.982817 -0.556681 -4.258695 0.000000 0.000000 1.722254
0.544477 -0.453393 0.041555 2.982740 -0.557003 -4.258754 0.000000 0.000000 1.720462
0.544464 -0.453336 0.041654 2.982662 -0.557325 -4.258814 0.000000 0.000000 1.718670
0.544452 -0.453279 0.041753 2.982585 -0.557648 -4.258873 0.000000 0.000000 1.716878
0.544439 -0.453222 0.041853 2.982508 -0.557970 -4.258932 0.000000 0.000000 1.715086
0.544426 -0.453165 0.041952 2.982431 -0.558293 -4.258992 0.000000 0.000000 1.713293
0.544414 -0.453107 0.042058 2.982347 -0.558638 -4.259059 0.000000 0.000000 1.711599
0.544401 -0.453050 0.042167 2.982260 -0.558995 -4.259130 0.000000 0.000000 1.709956
0.544388 -0.452993 0.042276 2.982173 -0.559352 -4.259201 0.000000 0.000000 1.708314
0.544375 -0.452936 0.042385 2.982086 -0.559709 -4.259272 0.000000 0.000000 1.706671
0.544363 -0.452879 0.042494 2.981999 -0.560066 -4.259344 0.000000 0.000000 1.705028
0.544350 -0.452822 0.042604 2.981912 -0.560423 -4.259415 0.000000 0.000000 1.703385
0.544337 -0.452765 0.042713 2.981825 -0.560780 -4.259486 0.000000 0.000000 1.701742
0.544324 -0.452708 0.042822 2.981738 -0.561137 -4.259557 0.000000 0.000000 1.700099
0.544311 -0.452651 0.042931 2.981651 -0.561494 -4.259628 0.000000 0.000000 1.698456
0.544299 -0.452594 0.043041 2.981564 -0.561851 -4.259699 0.000000 0.000000 1.696814
0.544286 -0.452537 0.043150 2.981476 -0.562208 -4.259770 0.000000 0.000000 1.695171
0.544273 -0.452480 0.043259 2.981389 -0.562565 -4.259842 0.000000 0.000000 1.693528
0.544260 -0.452422 0.043368 2.981302 -0.562922 -4.259913 0.000000 0.000000 1.691885
0.544248 -0.452365 0.043477 2.981215 -0.563279 -4.259984 0.000000 0.000000 1.690242
0.544235 -0.452308 0.043587 2.981128 -0.563636 -4.260055 0.000000 0.000000 1.688599
0.544222 -0.452251 0.043696 2.981041 -0.563993 -4.260126 0.000000 0.000000 1.686956
0.544209 -0.452194 0.043805 2.980954 -0.564350 -4.260197 0.000000 0.000000 1.685314
0.544196 -0.452137 0.043914 2.980867 -0.564707 -4.260268 0.000000 0.000000 1.683671
0.544184 -0.452080 0.044023 2.980780 -0.565064 -4.260339 0.000000 0.000000 1.682028
0.544171 -0.452023 0.044133 2.980693 -0.565420 -4.260411 0.000000 0.000000 1.680385
0.544158 -0.451966 0.044242 2.980606 -0.565777 -4.260482 0.000000 0.000000 1.678742
0.544145 -0.451909 0.044351 2.980518 -0.566134 -4.260553 0.000000 0.000000 1.677099
0.544129 -0.451847 0.044469 2.980428 -0.566539 -4.260629 0.000000 0.000000 1.675338
0.544111 -0.451783 0.044595 2.980335 -0.566982 -4.260709 0.000000 0.000000 1.673484
0.544092 -0.451719 0.044720 2.980241 -0.567425 -4.260788 0.000000 0.000000 1.671629
0.544073 -0.451654 0.044845 2.980148 -0.567868 -4.260868 0.000000 0.000000 1.669775
0.544055 -0.451590 0.044970 2.980055 -0.568311 -4.260948 0.000000 0.000000 1.667921
0.544036 -0.451525 0.045096 2.979961 -0.568753 -4.261028 0.000000 0.000000 1.666066
0.544018 -0.451461 0.045221 2.979868 -0.569196 -4.261108 0.000000 0.000000 1.664212
0.543999 -0.451396 0.045346 2.979775 -0.569639 -4.261187 0.000000 0.000000 1.662357
0.543980 -0.451332 0.045472 2.979681 -0.570082 -4.261267 0.000000 0.000000 1.660503
0.543962 -0.451267 0.045597 2.979588 -0.570524 -4.261347 0.000000 0.000000 1.658649
0.543943 -0.451203 0.045722 2.979495 -0.570967 -4.261427 0.000000 0.000000 1.656794
0.543924 -0.451138 0.045847 2.979401 -0.571410 -4.261507 0.000000 0.000000 1.654940
0.543906 -0.451074 0.045973 2.979308 -0.571853 -4.261586 0.000000 0.000000 1.653085
0.543887 -0.451010 0.046098 2.979215 -0.572296 -4.261666 0.000000 0.000000 1.651231
0.543869 -0.450945 0.046223 2.979121 -0.572738 -4.261746 0.000000 0.000000 1.649376
0.543850 -0.450881 0.046349 2.979028 -0.573181 -4.261826 0.000000 0.000000 1.647522
0.543831 -0.450816 0.046474 2.978935 -0.573624 -4.261906 0.000000 0.000000 1.645668
0.543806 -0.450744 0.046617 2.978832 -0.574149 -4.261980 0.000000 0.000000 1.643315
0.543781 -0.450673 0.046760 2.978729 -0.574675 -4.262055 0.000000 0.000000 1.640956
0.543755 -0.450601 0.046903 2.978626 -0.575201 -4.262130 0.000000 0.000000 1.638597
0.543730 -0.450529 0.047047 2.978523 -0.575727 -4.262205 0.000000 0.000000 1.636237
0.543705 -0.450457 0.047190 2.978421 -0.576253 -4.262280 0.000000 0.000000 1.633878
0.543679 -0.450385 0.047333 2.978318 -0.576778 -4.262355 0.000000 0.000000 1.631519
0.543654 -0.450314 0.047477 2.978215 -0.577304 -4.262429 0.000000 0.000000 1.629160
0.543628 -0.450242 0.047620 2.978112 -0.577830 -4.262504 0.000000 0.000000 1.626800
0.543603 -0.450170 0.047763 2.978009 -0.578356 -4.262579 0.000000 0.000000 1.624441
0.543578 -0.450098 0.047906 2.977907 -0.578882 -4.262654 0.000000 0.000000 1.622082
0.543552 -0.450026 0.048050 2.977804 -0.579408 -4.262729 0.000000 0.000000 1.619722
0.543527 -0.449955 0.048193 2.977701 -0.579934 -4.262803 0.000000 0.000000 1.617363
0.543502 -0.449883 0.048336 2.977598 -0.580460 -4.262878 0.000000 0.000000 1.615004
0.543476 -0.449811 0.048479 2.977495 -0.580986 -4.262953 0.000000 0.000000 1.612644
0.543451 -0.449739 0.048623 2.977392 -0.581512 -4.263028 0.000000 0.000000 1.610285
0.543425 -0.449667 0.048766 2.977290 -0.582038 -4.263103 0.000000 0.000000 1.607926
0.543398 -0.449593 0.048916 2.977181 -0.582581 -4.263172 0.000000 0.000000 1.605588
0.543368 -0.449515 0.049076 2.977065 -0.583149 -4.263233 0.000000 0.000000 1.603280
0.543337 -0.449436 0.049235 2.976948 -0.583717 -4.263294 0.000000 0.000000 1.600972
0.543307 -0.449358 0.049395 2.976831 -0.584285 -4.263356 0.000000 0.000000 1.598664
0.543276 -0.449280 0.049554 2.976715 -0.584853 -4.263417 0.000000 0.000000 1.596356
0.543246 -0.449201 0.049714 2.976598 -0.585421 -4.263478 0.000000 0.000000 1.594048
0.543216 -0.449123 0.049874 2.976482 -0.585989 -4.263540 0.000000 0.000000 1.591740
0.543185 -0.449045 0.050033 2.976365 -0.586557 -4.263601 0.000000 0.000000 1.589432
0.543155 -0.448967 0.050193 2.976249 -0.587125 -4.263662 0.000000 0.000000 1.587124
0.543125 -0.448888 0.050352 2.976132 -0.587693 -4.263723 0.000000 0.000000 1.584816
0.543094 -0.448810 0.050512 2.976016 -0.588261 -4.263785 0.000000 0.000000 1.582508
0.543064 -0.448732 0.050671 2.975899 -0.588829 -4.263846 0.000000 0.000000 1.580200
0.543034 -0.448654 0.050831 2.975783 -0.589397 -4.263907 0.000000 0.000000 1.577892
0.543003 -0.448575 0.050991 2.975666 -0.589965 -4.263968 0.000000 0.000000 1.575584
0.542973 -0.448497 0.051150 2.975550 -0.590533 -4.264030 0.000000 0.000000 1.573276
0.542942 -0.448419 0.051310 2.975433 -0.591101 -4.264091 0.000000 0.000000 1.570968
0.542912 -0.448341 0.051469 2.975317 -0.591669 -4.264152 0.000000 0.000000 1.568660
0.542882 -0.448262 0.051629 2.975200 -0.592237 -4.264214 0.000000 0.000000 1.566352
0.542851 -0.448184 0.051789 2.975084 -0.592805 -4.264275 0.000000 0.000000 1.564044
0.542821 -0.448106 0.051948 2.974967 -0.593373 -4.264336 0.000000 0.000000 1.561736
0.542791 -0.448028 0.052108 2.974851 -0.593941 -4.264397 0.000000 0.000000 1.559428
0.542760 -0.447949 0.052267 2.974734 -0.594509 -4.264459 0.000000 0.000000 1.557120
0.542728 -0.447868 0.052433 2.974612 -0.595096 -4.264515 0.000000 0.000000 1.554803
0.542691 -0.447778 0.052612 2.974477 -0.595723 -4.264560 0.000000 0.000000 1.552466
0.542654 -0.447689 0.052791 2.974343 -0.596349 -4.264605 0.000000 0.000000 1.550129
0.542617 -0.447600 0.052970 2.974208 -0.596976 -4.264649 0.000000 0.000000 1.547792
0.542580 -0.447511 0.053148 2.974074 -0.597603 -4.264694 0.000000 0.000000 1.545455
0.542543 -0.447421 0.053327 2.973939 -0.598230 -4.264739 0.000000 0.000000 1.543119
0.542506 -0.447332 0.053506 2.973805 -0.598857 -4.264784 0.000000 0.000000 1.540782
0.542469 -0.447243 0.053685 2.973670 -0.599483 -4.264829 0.000000 0.000000 1.538445
0.542432 -0.447154 0.053864 2.973536 -0.600110 -4.264874 0.000000 0.000000 1.536108
0.542395 -0.447064 0.054043 2.973401 -0.600737 -4.264919 0.000000 0.000000 1.533772
0.542358 -0.446975 0.054222 2.973267 -0.601364 -4.264964 0.000000 0.000000 1.531435
0.542321 -0.446886 0.054401 2.973133 -0.601990 -4.265009 0.000000 0.000000 1.529098
0.542284 -0.446796 0.054579 2.972998 -0.602617 -4.265054 0.000000 0.000000 1.526761
0.542247 -0.446707 0.054758 2.972864 -0.603244 -4.265098 0.000000 0.000000 1.524425
0.542210 -0.446618 0.054937 2.972729 -0.603871 -4.265143 0.000000 0.000000 1.522088
0.542172 -0.446529 0.055116 2.972595 -0.604498 -4.265188 0.000000 0.000000 1.519751
0.542135 -0.446439 0.055295 2.972460 -0.605124 -4.265233 0.000000 0.000000 1.517414
0.542091 -0.446336 0.055492 2.972317 -0.605828 -4.265268 0.000000 0.000000 1.514847
0.542044 -0.446228 0.055696 2.972172 -0.606558 -4.265299 0.000000 0.000000 1.512199
0.541998 -0.446120 0.055900 2.972026 -0.607288 -4.265330 0.000000 0.000000 1.509552
0.541951 -0.446012 0.056104 2.971881 -0.608018 -4.265362 0.000000 0.000000 1.506905
0.541904 -0.445903 0.056308 2.971735 -0.608748 -4.265393 0.000000 0.000000 1.504258
0.541857 -0.445795 0.056511 2.971589 -0.609478 -4.265424 0.000000 0.000000 1.501611
0.541811 -0.445687 0.056715 2.971444 -0.610208 -4.265455 0.000000 0.000000 1.498963
0.541764 -0.445579 0.056919 2.971298 -0.610938 -4.265487 0.000000 0.000000 1.496316
0.541717 -0.445471 0.057123 2.971153 -0.611668 -4.265518 0.000000 0.000000 1.493669
0.541670 -0.445362 0.057327 2.971007 -0.612398 -4.265549 0.000000 0.000000 1.491022
0.541624 -0.445254 0.057530 2.970862 -0.613127 -4.265580 0.000000 0.000000 1.488374
0.541577 -0.445146 0.057734 2.970716 -0.613857 -4.265612 0.000000 0.000000 1.485727
0.541530 -0.445038 0.057938 2.970570 -0.614587 -4.265643 0.000000 0.000000 1.483080
0.541483 -0.444930 0.058142 2.970425 -0.615317 -4.265674 0.000000 0.000000 1.480433
0.541436 -0.444822 0.058346 2.970279 -0.616047 -4.265705 0.000000 0.000000 1.477786
0.541390 -0.444713 0.058549 2.970134 -0.616777 -4.265737 0.000000 0.000000 1.475138
0.541341 -0.444601 0.058758 2.969986 -0.617526 -4.265765 0.000000 0.000000 1.472342
0.541284 -0.444471 0.058992 2.969825 -0.618367 -4.265781 0.000000 0.000000 1.468816
0.541227 -0.444341 0.059225 2.969665 -0.619208 -4.265797 0.000000 0.000000 1.465291
0.541169 -0.444211 0.059458 2.969504 -0.620049 -4.265812 0.000000 0.000000 1.461765
0.541112 -0.444080 0.059692 2.969344 -0.620890 -4.265828 0.000000 0.000000 1.458240
0.541055 -0.443950 0.059925 2.969183 -0.621731 -4.265844 0.000000 0.000000 1.454714
0.540997 -0.443820 0.060159 2.969023 -0.622572 -4.265859 0.000000 0.000000 1.451189
0.540940 -0.443690 0.060392 2.968863 -0.623413 -4.265875 0.000000 0.000000 1.447664
0.540883 -0.443559 0.060625 2.968702 -0.624253 -4.265891 0.000000 0.000000 1.444138
0.540826 -0.443429 0.060859 2.968542 -0.625094 -4.265906 0.000000 0.000000 1.440613
0.540768 -0.443299 0.061092 2.968381 -0.625935 -4.265922 0.000000 0.000000 1.437087
0.540711 -0.443169 0.061326 2.968221 -0.626776 -4.265938 0.000000 0.000000 1.433562
0.540654 -0.443038 0.061559 2.968060 -0.627617 -4.265953 0.000000 0.000000 1.430036
0.540597 -0.442908 0.061792 2.967900 -0.628458 -4.265969 0.000000 0.000000 1.426511
0.540539 -0.442778 0.062026 2.967740 -0.629299 -4.265985 0.000000 0.000000 1.422985
0.540482 -0.442648 0.062259 2.967579 -0.630140 -4.266000 0.000000 0.000000 1.419460
0.540425 -0.442517 0.062493 2.967419 -0.630981 -4.266016 0.000000 0.000000 1.415935
0.540367 -0.442387 0.062726 2.967258 -0.631822 -4.266032 0.000000 0.000000 1.412409
0.540310 -0.442257 0.062959 2.967098 -0.632663 -4.266047 0.000000 0.000000 1.408884
0.540253 -0.442127 0.063193 2.966937 -0.633504 -4.266063 0.000000 0.000000 1.405358
0.540196 -0.441996 0.063426 2.966777 -0.634344 -4.266079 0.000000 0.000000 1.401833
0.540138 -0.441866 0.063659 2.966617 -0.635185 -4.266094 0.000000 0.000000 1.398307
0.540081 -0.441735 0.063895 2.966454 -0.636031 -4.266109 0.000000 0.000000 1.394728
0.540017 -0.441584 0.064155 2.966261 -0.636938 -4.266103 0.000000 0.000000 1.390461
0.539953 -0.441434 0.064415 2.966068 -0.637845 -4.266097 0.000000 0.000000 1.386194
0.539890 -0.441284 0.064676 2.965875 -0.638752 -4.266091 0.000000 0.000000 1.381927
0.539826 -0.441133 0.064936 2.965682 -0.639659 -4.266085 0.000000 0.000000 1.377660
0.539763 -0.440983 0.065196 2.965489 -0.640566 -4.266079 0.000000 0.000000 1.373393
0.539699 -0.440833 0.065456 2.965296 -0.641473 -4.266073 0.000000 0.000000 1.369126
0.539636 -0.440683 0.065717 2.965103 -0.642380 -4.266067 0.000000 0.000000 1.364859
0.539572 -0.440532 0.065977 2.964910 -0.643287 -4.266061 0.000000 0.000000 1.360592
0.539508 -0.440382 0.066237 2.964717 -0.644194 -4.266055 0.000000 0.000000 1.356325
0.539445 -0.440232 0.066497 2.964524 -0.645101 -4.266049 0.000000 0.000000 1.352058
0.539381 -0.440082 0.066758 2.964331 -0.646007 -4.266043 0.000000 0.000000 1.347791
0.539318 -0.439931 0.067018 2.964138 -0.646914 -4.266037 0.000000 0.000000 1.343524
0.539254 -0.439781 0.067278 2.963945 -0.647821 -4.266031 0.000000 0.000000 1.339257
0.539190 -0.439631 0.067538 2.963752 -0.648728 -4.266025 0.000000 0.000000 1.334990
0.539127 -0.439480 0.067799 2.963559 -0.649635 -4.266019 0.000000 0.000000 1.330723
0.539063 -0.439330 0.068059 2.963366 -0.650542 -4.266013 0.000000 0.000000 1.326456
0.538997 -0.439169 0.068333 2.963153 -0.651475 -4.265997 0.000000 0.000000 1.322191
0.538928 -0.438998 0.068620 2.962921 -0.652434 -4.265972 0.000000 0.000000 1.317928
0.538859 -0.438826 0.068908 2.962688 -0.653392 -4.265946 0.000000 0.000000 1.313664
0.538790 -0.438655 0.069195 2.962456 -0.654351 -4.265920 0.000000 0.000000 1.309401
0.538721 -0.438484 0.069483 2.962223 -0.655310 -4.265895 0.000000 0.000000 1.305138
0.538653 -0.438312 0.069770 2.961990 -0.656269 -4.265869 0.000000 0.000000 1.300875
0.538584 -0.438141 0.070058 2.961758 -0.657227 -4.265843 0.000000 0.000000 1.296612
0.538515 -0.437969 0.070345 2.961525 -0.658186 -4.265818 0.000000 0.000000 1.292349
0.538446 -0.437798 0.070633 2.961293 -0.659145 -4.265792 0.000000 0.000000 1.288086
0.538377 -0.437627 0.070920 2.961060 -0.660103 -4.265767 0.000000 0.000000 1.283823
0.538308 -0.437455 0.071208 2.960827 -0.661062 -4.265741 0.000000 0.000000 1.279560
0.538239 -0.437284 0.071495 2.960595 -0.662021 -4.265715 0.000000 0.000000 1.275297
0.538170 -0.437112 0.071783 2.960362 -0.662980 -4.265690 0.000000 0.000000 1.271034
0.538102 -0.436941 0.072070 2.960130 -0.663938 -4.265664 0.000000 0.000000 1.266770
0.538033 -0.436769 0.072358 2.959897 -0.664897 -4.265638 0.000000 0.000000 1.262507
0.537964 -0.436598 0.072645 2.959664 -0.665856 -4.265613 0.000000 0.000000 1.258244
0.537895 -0.436427 0.072933 2.959432 -0.666814 -4.265587 0.000000 0.000000 1.253981
0.537820 -0.436233 0.073249 2.959170 -0.667832 -4.265547 0.000000 0.000000 1.249934
0.537745 -0.436037 0.073568 2.958905 -0.668854 -4.265506 0.000000 0.000000 1.245903
0.537670 -0.435841 0.073886 2.958641 -0.669875 -4.265464 0.000000 0.000000 1.241872
0.537595 -0.435645 0.074205 2.958377 -0.670897 -4.265423 0.000000 0.000000 1.237842
0.537520 -0.435449 0.074524 2.958112 -0.671919 -4.265382 0.000000 0.000000 1.233811
0.537445 -0.435253 0.074842 2.957848 -0.672941 -4.265341 0.000000 0.000000 1.229780
0.537370 -0.435057 0.075161 2.957584 -0.673963 -4.265299 0.000000 0.000000 1.225750
0.537295 -0.434861 0.075479 2.957319 -0.674985 -4.265258 0.000000 0.000000 1.221719
0.537220 -0.434665 0.075798 2.957055 -0.676007 -4.265217 0.000000 0.000000 1.217688
0.537145 -0.434469 0.076117 2.956791 -0.677029 -4.265176 0.000000 0.000000 1.213658
0.537070 -0.434273 0.076435 2.956526 -0.678050 -4.265134 0.000000 0.000000 1.209627
0.536995 -0.434077 0.076754 2.956262 -0.679072 -4.265093 0.000000 0.000000 1.205596
0.536920 -0.433881 0.077072 2.955998 -0.680094 -4.265052 0.000000 0.000000 1.201566
0.536844 -0.433685 0.077391 2.955733 -0.681116 -4.265011 0.000000 0.000000 1.197535
0.536769 -0.433489 0.077710 2.955469 -0.682138 -4.264969 0.000000 0.000000 1.193504
0.536694 -0.433293 0.078028 2.955205 -0.683160 -4.264928 0.000000 0.000000 1.189474
0.536619 -0.433097 0.078347 2.954940 -0.684182 -4.264887 0.000000 0.000000 1.185443
0.536544 -0.432902 0.078665 2.954676 -0.685204 -4.264846 0.000000 0.000000 1.181412
0.536469 -0.432706 0.078984 2.954412 -0.686225 -4.264804 0.000000 0.000000 1.177382
0.536394 -0.432510 0.079303 2.954147 -0.687247 -4.264763 0.000000 0.000000 1.173351
0.536319 -0.432314 0.079621 2.953883 -0.688269 -4.264722 0.000000 0.000000 1.169320
0.536244 -0.432118 0.079940 2.953619 -0.689291 -4.264681 0.000000 0.000000 1.165290
0.536163 -0.431900 0.080289 2.953323 -0.690382 -4.264630 0.000000 0.000000 1.161214
0.536080 -0.431679 0.080644 2.953020 -0.691487 -4.264577 0.000000 0.000000 1.157129
0.535997 -0.431457 0.081000 2.952718 -0.692593 -4.264525 0.000000 0.000000 1.153044
0.535914 -0.431235 0.081355 2.952415 -0.693698 -4.264472 0.000000 0.000000 1.148960
0.535832 -0.431014 0.081711 2.952113 -0.694803 -4.264420 0.000000 0.000000 1.144875
0.535749 -0.430792 0.082066 2.951810 -0.695908 -4.264367 0.000000 0.000000 1.140790
0.535666 -0.430570 0.082422 2.951508 -0.697013 -4.264315 0.000000 0.000000 1.136705
0.535584 -0.430349 0.082777 2.951205 -0.698119 -4.264262 0.000000 0.000000 1.132620
0.535501 -0.430127 0.083132 2.950902 -0.699224 -4.264210 0.000000 0.000000 1.128536
0.535418 -0.429905 0.083488 2.950600 -0.700329 -4.264157 0.000000 0.000000 1.124451
0.535336 -0.429684 0.083843 2.950297 -0.701434 -4.264105 0.000000 0.000000 1.120366
0.535253 -0.429462 0.084199 2.949995 -0.702540 -4.264052 0.000000 0.000000 1.116281
0.535170 -0.429240 0.084554 2.949692 -0.703645 -4.264000 0.000000 0.000000 1.112196
0.535088 -0.429019 0.084910 2.949390 -0.704750 -4.263947 0.000000 0.000000 1.108112
0.535005 -0.428797 0.085265 2.949087 -0.705855 -4.263895 0.000000 0.000000 1.104027
0.534922 -0.428575 0.085620 2.948785 -0.706960 -4.263843 0.000000 0.000000 1.099942
0.534838 -0.428347 0.085986 2.948472 -0.708089 -4.263787 0.000000 0.000000 1.095963
0.534747 -0.428100 0.086381 2.948130 -0.709283 -4.263723 0.000000 0.000000 1.092291
0.534657 -0.427853 0.086776 2.947789 -0.710478 -4.263660 0.000000 0.000000 1.088618
0.534567 -0.427606 0.087171 2.947447 -0.711673 -4.263596 0.000000 0.000000 1.084946
0.534477 -0.427359 0.087565 2.947105 -0.712868 -4.263532 0.000000 0.000000 1.081273
0.534387 -0.427113 0.087960 2.946763 -0.714063 -4.263468 0.000000 0.000000 1.077601
0.534297 -0.426866 0.088355 2.946421 -0.715257 -4.263404 0.000000 0.000000 1.073928
0.534207 -0.426619 0.088750 2.946080 -0.716452 -4.263340 0.000000 0.000000 1.070256
0.534117 -0.426372 0.089145 2.945738 -0.717647 -4.263277 0.000000 0.000000 1.066583
0.534026 -0.426125 0.089540 2.945396 -0.718842 -4.263213 0.000000 0.000000 1.062910
0.533936 -0.425878 0.089935 2.945054 -0.720037 -4.263149 0.000000 0.000000 1.059238
0.533846 -0.425631 0.090330 2.944712 -0.721232 -4.263085 0.000000 0.000000 1.055565
0.533756 -0.425384 0.090725 2.944370 -0.722426 -4.263021 0.000000 0.000000 1.051893
0.533666 -0.425137 0.091119 2.944029 -0.723621 -4.262958 0.000000 0.000000 1.048220
0.533576 -0.424890 0.091514 2.943687 -0.724816 -4.262894 0.000000 0.000000 1.044548
0.533486 -0.424643 0.091909 2.943345 -0.726011 -4.262830 0.000000 0.000000 1.040875
0.533396 -0.424396 0.092304 2.943003 -0.727206 -4.262766 0.000000 0.000000 1.037203
0.533299 -0.424132 0.092729 2.942630 -0.728473 -4.262694 0.000000 0.000000 1.034191
0.533198 -0.423859 0.093167 2.942242 -0.729775 -4.262618 0.000000 0.000000 1.031484
0.533098 -0.423586 0.093605 2.941854 -0.731076 -4.262542 0.000000 0.000000 1.028778
0.532998 -0.423314 0.094043 2.941467 -0.732378 -4.262465 0.000000 0.000000 1.026071
0.532898 -0.423041 0.094481 2.941079 -0.733679 -4.262389 0.000000 0.000000 1.023365
0.532797 -0.422768 0.094919 2.940691 -0.734980 -4.262313 0.000000 0.000000 1.020658
0.532697 -0.422496 0.095357 2.940303 -0.736282 -4.262237 0.000000 0.000000 1.017951
0.532597 -0.422223 0.095795 2.939916 -0.737583 -4.262161 0.000000 0.000000 1.015245
0.532497 -0.421951 0.096233 2.939528 -0.738885 -4.262084 0.000000 0.000000 1.012538
0.532396 -0.421678 0.096672 2.939140 -0.740186 -4.262008 0.000000 0.000000 1.009832
0.532296 -0.421405 0.097110 2.938752 -0.741488 -4.261932 0.000000 0.000000 1.007125
0.532196 -0.421133 0.097548 2.938365 -0.742789 -4.261856 0.000000 0.000000 1.004419
0.532096 -0.420860 0.097986 2.937977 -0.744090 -4.261780 0.000000 0.000000 1.001712
0.531995 -0.420587 0.098424 2.937589 -0.745392 -4.261703 0.000000 0.000000 0.999005
0.531895 -0.420315 0.098862 2.937201 -0.746693 -4.261627 0.000000 0.000000 0.996299
0.531795 -0.420042 0.099300 2.936814 -0.747995 -4.261551 0.000000 0.000000 0.993592
0.531695 -0.419770 0.099738 2.936426 -0.749296 -4.261475 0.000000 0.000000 0.990886
0.531594 -0.419497 0.100176 2.936038 -0.750598 -4.261399 0.000000 0.000000 0.988179
0.531494 -0.419224 0.100615 2.935650 -0.751899 -4.261322 0.000000 0.000000 0.985472
0.531394 -0.418952 0.101053 2.935262 -0.753200 -4.261246 0.000000 0.000000 0.982766
0.531294 -0.418679 0.101491 2.934875 -0.754502 -4.261170 0.000000 0.000000 0.980059
0.531193 -0.418407 0.101929 2.934487 -0.755803 -4.261094 0.000000 0.000000 0.977353
0.531087 -0.418119 0.102395 2.934068 -0.757177 -4.261013 0.000000 0.000000 0.975230
0.530977 -0.417820 0.102881 2.933628 -0.758602 -4.260930 0.000000 0.000000 0.973519
0.530867 -0.417521 0.103366 2.933188 -0.760026 -4.260847 0.000000 0.000000 0.971807
0.530756 -0.417222 0.103852 2.932747 -0.761451 -4.260764 0.000000 0.000000 0.970096
0.530646 -0.416923 0.104338 2.932307 -0.762876 -4.260681 0.000000 0.000000 0.968384
0.530536 -0.416625 0.104824 2.931867 -0.764300 -4.260598 0.000000 0.000000 0.966673
0.530425 -0.416326 0.105309 2.931426 -0.765725 -4.260515 0.000000 0.000000 0.964962
0.530315 -0.416027 0.105795 2.930986 -0.767150 -4.260431 0.000000 0.000000 0.963250
0.530204 -0.415728 0.106281 2.930546 -0.768574 -4.260348 0.000000 0.000000 0.961539
0.530094 -0.415430 0.106767 2.930105 -0.769999 -4.260265 0.000000 0.000000 0.959827
0.529984 -0.415131 0.107252 2.929665 -0.771423 -4.260182 0.000000 0.000000 0.958116
0.529873 -0.414832 0.107738 2.929225 -0.772848 -4.260099 0.000000 0.000000 0.956405
0.529763 -0.414533 0.108224 2.928784 -0.774273 -4.260016 0.000000 0.000000 0.954693
0.529653 -0.414235 0.108710 2.928344 -0.775697 -4.259932 0.000000 0.000000 0.952982
0.529542 -0.413936 0.109195 2.927903 -0.777122 -4.259849 0.000000 0.000000 0.951270
0.529432 -0.413637 0.109681 2.927463 -0.778547 -4.259766 0.000000 0.000000 0.949559
0.529322 -0.413338 0.110167 2.927022 -0.779973 -4.259683 0.000000 0.000000 0.947852
0.529201 -0.413016 0.110701 2.926528 -0.781507 -4.259594 0.000000 0.000000 0.946419
0.529081 -0.412694 0.111234 2.926035 -0.783042 -4.259505 0.000000 0.000000 0.944986
0.528960 -0.412372 0.111768 2.925541 -0.784576 -4.259417 0.000000 0.000000 0.943553
0.528840 -0.412051 0.112301 2.925048 -0.786110 -4.259328 0.000000 0.000000 0.942120
0.528719 -0.411729 0.112835 2.924554 -0.787645 -4.259239 0.000000 0.000000 0.940687
0.528599 -0.411407 0.113368 2.924060 -0.789179 -4.259150 0.000000 0.000000 0.939254
0.528478 -0.411085 0.113902 2.923567 -0.790713 -4.259061 0.000000 0.000000 0.937821
0.528358 -0.410763 0.114435 2.923073 -0.792248 -4.258973 0.000000 0.000000 0.936388
0.528238 -0.410442 0.114968 2.922580 -0.793782 -4.258884 0.000000 0.000000 0.934955
0.528117 -0.410120 0.115502 2.922086 -0.795316 -4.258795 0.000000 0.000000 0.933522
0.527997 -0.409798 0.116035 2.921592 -0.796851 -4.258706 0.000000 0.000000 0.932089
0.527876 -0.409476 0.116569 2.921099 -0.798385 -4.258617 0.000000 0.000000 0.930656
0.527756 -0.409154 0.117102 2.920605 -0.799919 -4.258529 0.000000 0.000000 0.929223
0.527635 -0.408832 0.117636 2.920112 -0.801454 -4.258440 0.000000 0.000000 0.927790
0.527515 -0.408511 0.118169 2.919618 -0.802988 -4.258351 0.000000 0.000000 0.926358
0.527394 -0.408189 0.118703 2.919124 -0.804523 -4.258262 0.000000 0.000000 0.924925
0.527270 -0.407859 0.119255 2.918603 -0.806086 -4.258169 0.000000 0.000000 0.923383
0.527142 -0.407519 0.119831 2.918046 -0.807686 -4.258071 0.000000 0.000000 0.921705
0.527014 -0.407179 0.120407 2.917490 -0.809286 -4.257973 0.000000 0.000000 0.920026
0.526885 -0.406839 0.120984 2.916933 -0.810886 -4.257875 0.000000 0.000000 0.918347
0.526757 -0.406499 0.121560 2.916376 -0.812486 -4.257777 0.000000 0.000000 0.916668
0.526629 -0.406159 0.122136 2.915820 -0.814086 -4.257680 0.000000 0.000000 0.914989
0.526500 -0.405819 0.122712 2.915263 -0.815686 -4.257582 0.000000 0.000000 0.913311
0.526372 -0.405479 0.123288 2.914707 -0.817286 -4.257484 0.000000 0.000000 0.911632
0.526244 -0.405139 0.123865 2.914150 -0.818885 -4.257386 0.000000 0.000000 0.909953
0.526115 -0.404799 0.124441 2.913593 -0.820485 -4.257288 0.000000 0.000000 0.908274
0.525987 -0.404459 0.125017 2.913037 -0.822085 -4.257190 0.000000 0.000000 0.906595
0.525859 -0.404119 0.125593 2.912480 -0.823685 -4.257092 0.000000 0.000000 0.904917
0.525730 -0.403779 0.126170 2.911923 -0.825285 -4.256994 0.000000 0.000000 0.903238
0.525602 -0.403439 0.126746 2.911367 -0.826885 -4.256896 0.000000 0.000000 0.901559
0.525474 -0.403100 0.127322 2.910810 -0.828485 -4.256798 0.000000 0.000000 0.899880
0.525345 -0.402760 0.127898 2.910254 -0.830085 -4.256700 0.000000 0.000000 0.898202
0.525217 -0.402420 0.128474 2.909697 -0.831685 -4.256602 0.000000 0.000000 0.896523
0.525089 -0.402080 0.129051 2.909140 -0.833285 -4.256504 0.000000 0.000000 0.894844
0.524960 -0.401740 0.129627 2.908584 -0.834885 -4.256406 0.000000 0.000000 0.893165
0.524832 -0.401400 0.130203 2.908027 -0.836485 -4.256308 0.000000 0.000000 0.891486
0.524703 -0.401060 0.130779 2.907470 -0.838085 -4.256210 0.000000 0.000000 0.889808
0.524575 -0.400720 0.131356 2.906914 -0.839685 -4.256112 0.000000 0.000000 0.888129
0.524445 -0.400377 0.131944 2.906333 -0.841282 -4.256007 0.000000 0.000000 0.886422
0.524313 -0.400030 0.132554 2.905704 -0.842873 -4.255889 0.000000 0.000000 0.884661
0.524181 -0.399683 0.133165 2.905076 -0.844465 -4.255770 0.000000 0.000000 0.882900
0.524049 -0.399336 0.133775 2.904448 -0.846056 -4.255651 0.000000 0.000000 0.881139
0.523917 -0.398989 0.134386 2.903819 -0.847648 -4.255533 0.000000 0.000000 0.879378
0.523784 -0.398642 0.134996 2.903191 -0.849239 -4.255414 0.000000 0.000000 0.877617
0.523652 -0.398295 0.135607 2.902563 -0.850830 -4.255296 0.000000 0.000000 0.875856
0.523520 -0.397948 0.136217 2.901934 -0.852422 -4.255177 0.000000 0.000000 0.874095
0.523388 -0.397600 0.136827 2.901306 -0.854013 -4.255059 0.000000 0.000000 0.872334
0.523256 -0.397253 0.137438 2.900678 -0.855605 -4.254940 0.000000 0.000000 0.870573
0.523123 -0.396906 0.138048 2.900050 -0.857196 -4.254822 0.000000 0.000000 0.868812
0.522991 -0.396559 0.138659 2.899421 -0.858788 -4.254703 0.000000 0.000000 0.867051
0.522859 -0.396212 0.139269 2.898793 -0.860379 -4.254585 0.000000 0.000000 0.865290
0.522727 -0.395865 0.139880 2.898165 -0.861970 -4.254466 0.000000 0.000000 0.863529
0.522595 -0.395518 0.140490 2.897536 -0.863562 -4.254348 0.000000 0.000000 0.861768
0.522462 -0.395171 0.141101 2.896908 -0.865153 -4.254229 0.000000 0.000000 0.860007
0.522330 -0.394823 0.141711 2.896280 -0.866745 -4.254111 0.000000 0.000000 0.858246
0.522194 -0.394473 0.142345 2.895609 -0.868318 -4.253982 0.000000 0.000000 0.856529
0.522056 -0.394122 0.142986 2.894925 -0.869886 -4.253849 0.000000 0.000000 0.854825
0.521919 -0.393771 0.143626 2.894241 -0.871454 -4.253716 0.000000 0.000000 0.853121
0.521782 -0.393420 0.144267 2.893558 -0.873023 -4.253584 0.000000 0.000000 0.851417
0.521644 -0.393069 0.144907 2.892874 -0.874591 -4.253451 0.000000 0.000000 0.849713
0.521507 -0.392717 0.145548 2.892190 -0.876159 -4.253319 0.000000 0.000000 0.848009
0.521369 -0.392366 0.146189 2.891506 -0.877727 -4.253186 0.000000 0.000000 0.846305
0.521232 -0.392015 0.146829 2.890823 -0.879295 -4.253054 0.000000 0.000000 0.844601
0.521094 -0.391664 0.147470 2.890139 -0.880863 -4.252921 0.000000 0.000000 0.842897
0.520957 -0.391313 0.148110 2.889455 -0.882431 -4.252789 0.000000 0.000000 0.841193
0.520819 -0.390962 0.148751 2.888772 -0.884000 -4.252656 0.000000 0.000000 0.839489
0.520682 -0.390610 0.149391 2.888088 -0.885568 -4.252524 0.000000 0.000000 0.837785
0.520544 -0.390259 0.150032 2.887404 -0.887136 -4.252391 0.000000 0.000000 0.836081
0.520407 -0.389908 0.150673 2.886720 -0.888704 -4.252259 0.000000 0.000000 0.834378
0.520269 -0.389557 0.151313 2.886037 -0.890272 -4.252126 0.000000 0.000000 0.832674
0.520132 -0.389206 0.151954 2.885353 -0.891840 -4.251993 0.000000 0.000000 0.830970
0.519993 -0.388854 0.152600 2.884660 -0.893408 -4.251860 0.000000 0.000000 0.829241
0.519850 -0.388501 0.153267 2.883928 -0.894972 -4.251722 0.000000 0.000000 0.827412
0.519706 -0.388149 0.153935 2.883196 -0.896536 -4.251584 0.000000 0.000000 0.825582
0.519563 -0.387796 0.154603 2.882465 -0.898100 -4.251446 0.000000 0.000000 0.823753
0.519419 -0.387443 0.155270 2.881733 -0.899664 -4.251308 0.000000 0.000000 0.821923
0.519276 -0.387090 0.155938 2.881001 -0.901228 -4.251170 0.000000 0.000000 0.820094
0.519132 -0.386738 0.156606 2.880270 -0.902792 -4.251032 0.000000 0.000000 0.818265
0.518989 -0.386385 0.157273 2.879538 -0.904356 -4.250893 0.000000 0.000000 0.816435
0.518845 -0.386032 0.157941 2.878806 -0.905920 -4.250755 0.000000 0.000000 0.814606
0.518701 -0.385679 0.158609 2.878075 -0.907484 -4.250617 0.000000 0.000000 0.812776
0.518558 -0.385326 0.159276 2.877343 -0.909048 -4.250479 0.000000 0.000000 0.810947
0.518414 -0.384974 0.159944 2.876611 -0.910612 -4.250341 0.000000 0.000000 0.809118
0.518271 -0.384621 0.160612 2.875880 -0.912176 -4.250203 0.000000 0.000000 0.807288
0.518127 -0.384268 0.161279 2.875148 -0.913740 -4.250065 0.000000 0.000000 0.805459
0.517984 -0.383915 0.161947 2.874417 -0.915304 -4.249927 0.000000 0.000000 0.803629
0.517840 -0.383563 0.162615 2.873685 -0.916868 -4.249789 0.000000 0.000000 0.801800
0.517697 -0.383210 0.163282 2.872953 -0.918432 -4.249651 0.000000 0.000000 0.799971
0.517553 -0.382857 0.163950 2.872222 -0.919996 -4.249513 0.000000 0.000000 0.798141
0.517410 -0.382504 0.164618 2.871490 -0.921560 -4.249375 0.000000 0.000000 0.796312
0.517266 -0.382152 0.165285 2.870758 -0.923124 -4.249237 0.000000 0.000000 0.794483
0.517123 -0.381799 0.165953 2.870027 -0.924688 -4.249099 0.000000 0.000000 0.792653
0.516979 -0.381446 0.166621 2.869295 -0.926252 -4.248961 0.000000 0.000000 0.790824
0.516835 -0.381093 0.167291 2.868558 -0.927816 -4.248822 0.000000 0.000000 0.788989
0.516684 -0.380742 0.167984 2.867773 -0.929380 -4.248677 0.000000 0.000000 0.787107
0.516534 -0.380391 0.168676 2.866989 -0.930945 -4.248533 0.000000 0.000000 0.785224
0.516383 -0.380039 0.169369 2.866205 -0.932509 -4.248388 0.000000 0.000000 0.783342
0.516233 -0.379688 0.170062 2.865420 -0.934073 -4.248244 0.000000 0.000000 0.781460
0.516083 -0.379336 0.170755 2.864636 -0.935637 -4.248099 0.000000 0.000000 0.779578
0.515932 -0.378985 0.171447 2.863851 -0.937201 -4.247954 0.000000 0.000000 0.777695
0.515782 -0.378634 0.172140 2.863067 -0.938765 -4.247810 0.000000 0.000000 0.775813
0.515631 -0.378282 0.172833 2.862282 -0.940329 -4.247665 0.000000 0.000000 0.773931
0.515481 -0.377931 0.173526 2.861498 -0.941894 -4.247521 0.000000 0.000000 0.772048
0.515330 -0.377580 0.174219 2.860713 -0.943458 -4.247376 0.000000 0.000000 0.770166
0.515180 -0.377228 0.174911 2.859929 -0.945022 -4.247231 0.000000 0.000000 0.768284
0.515029 -0.376877 0.175604 2.859144 -0.946586 -4.247087 0.000000 0.000000 0.766401
0.514879 -0.376526 0.176297 2.858360 -0.948150 -4.246942 0.000000 0.000000 0.764519
0.514728 -0.376174 0.176990 2.857575 -0.949714 -4.246798 0.000000 0.000000 0.762637
0.514578 -0.375823 0.177682 2.856791 -0.951278 -4.246653 0.000000 0.000000 0.760754
0.514428 -0.375471 0.178375 2.856007 -0.952843 -4.246508 0.000000 0.000000 0.758872
0.514274 -0.375126 0.179074 2.855200 -0.954377 -4.246355 0.000000 0.000000 0.757082
0.514117 -0.374785 0.179778 2.854374 -0.955885 -4.246194 0.000000 0.000000 0.755376
0.513961 -0.374445 0.180483 2.853547 -0.957393 -4.246033 0.000000 0.000000 0.753669
0.513805 -0.374104 0.181187 2.852721 -0.958901 -4.245872 0.000000 0.000000 0.751962
0.513648 -0.373763 0.181892 2.851895 -0.960409 -4.245710 0.000000 0.000000 0.750255
0.513492 -0.373423 0.182596 2.851068 -0.961917 -4.245549 0.000000 0.000000 0.748548
0.513335 -0.373082 0.183300 2.850242 -0.963425 -4.245388 0.000000 0.000000 0.746841
0.513179 -0.372742 0.184005 2.849416 -0.964933 -4.245227 0.000000 0.000000 0.745134
0.513022 -0.372401 0.184709 2.848589 -0.966441 -4.245066 0.000000 0.000000 0.743428
0.512866 -0.372061 0.185413 2.847763 -0.967949 -4.244905 0.000000 0.000000 0.741721
0.512709 -0.371720 0.186118 2.846937 -0.969457 -4.244743 0.000000 0.000000 0.740014
0.512553 -0.371380 0.186822 2.846110 -0.970965 -4.244582 0.000000 0.000000 0.738307
0.512397 -0.371039 0.187527 2.845284 -0.972473 -4.244421 0.000000 0.000000 0.736600
0.512240 -0.370698 0.188231 2.844458 -0.973981 -4.244260 0.000000 0.000000 0.734893
0.512084 -0.370358 0.188935 2.843631 -0.975489 -4.244099 0.000000 0.000000 0.733186
0.511927 -0.370017 0.189640 2.842805 -0.976997 -4.243938 0.000000 0.000000 0.731480
0.511771 -0.369677 0.190344 2.841979 -0.978505 -4.243777 0.000000 0.000000 0.729773
0.511612 -0.369352 0.191049 2.841118 -0.979928 -4.243602 0.000000 0.000000 0.728681
0.511453 -0.369029 0.191754 2.840256 -0.981347 -4.243427 0.000000 0.000000 0.727619
0.511294 -0.368705 0.192459 2.839395 -0.982766 -4.243252 0.000000 0.000000 0.726556
0.511135 -0.368382 0.193164 2.838533 -0.984185 -4.243077 0.000000 0.000000 0.725494
0.510975 -0.368058 0.193869 2.837671 -0.985604 -4.242902 0.000000 0.000000 0.724431
0.510816 -0.367735 0.194574 2.836809 -0.987024 -4.242727 0.000000 0.000000 0.723369
0.510657 -0.367411 0.195279 2.835947 -0.988443 -4.242552 0.000000 0.000000 0.722306
0.510498 -0.367088 0.195984 2.835085 -0.989862 -4.242377 0.000000 0.000000 0.721244
0.510339 -0.366764 0.196688 2.834223 -0.991281 -4.242202 0.000000 0.000000 0.720181
0.510180 -0.366440 0.197393 2.833362 -0.992700 -4.242027 0.000000 0.000000 0.719119
0.510021 -0.366117 0.198098 2.832500 -0.994119 -4.241852 0.000000 0.000000 0.718056
0.509862 -0.365793 0.198803 2.831638 -0.995538 -4.241677 0.000000 0.000000 0.716994
0.509703 -0.365470 0.199508 2.830776 -0.996957 -4.241502 0.000000 0.000000 0.715931
0.509544 -0.365146 0.200213 2.829914 -0.998376 -4.241327 0.000000 0.000000 0.714869
0.509385 -0.364823 0.200918 2.829052 -0.999795 -4.241152 0.000000 0.000000 0.713806
0.509226 -0.364499 0.201623 2.828190 -1.001214 -4.240977 0.000000 0.000000 0.712744
0.509067 -0.364176 0.202328 2.827329 -1.002634 -4.240802 0.000000 0.000000 0.711681
0.508908 -0.363852 0.203033 2.826467 -1.004053 -4.240627 0.000000 0.000000 0.710619
0.508749 -0.363528 0.203738 2.825605 -1.005472 -4.240452 0.000000 0.000000 0.709556
0.508589 -0.363205 0.204443 2.824743 -1.006891 -4.240277 0.000000 0.000000 0.708494
0.508430 -0.362881 0.205148 2.823881 -1.008310 -4.240102 0.000000 0.000000 0.707431
0.508271 -0.362558 0.205853 2.823019 -1.009729 -4.239927 0.000000 0.000000 0.706369
0.508108 -0.362249 0.206554 2.822139 -1.011086 -4.239739 0.000000 0.000000 0.705565
0.507943 -0.361943 0.207254 2.821255 -1.012432 -4.239550 0.000000 0.000000 0.704805
0.507778 -0.361637 0.207954 2.820372 -1.013778 -4.239360 0.000000 0.000000 0.704044
0.507614 -0.361331 0.208655 2.819488 -1.015124 -4.239171 0.000000 0.000000 0.703284
0.507449 -0.361025 0.209355 2.818605 -1.016471 -4.238981 0.000000 0.000000 0.702523
0.507285 -0.360719 0.210055 2.817721 -1.017817 -4.238792 0.000000 0.000000 0.701763
0.507120 -0.360413 0.210756 2.816838 -1.019163 -4.238603 0.000000 0.000000 0.701002
0.506955 -0.360107 0.211456 2.815954 -1.020509 -4.238413 0.000000 0.000000 0.700242
0.506791 -0.359801 0.212157 2.815071 -1.021855 -4.238224 0.000000 0.000000 0.699481
0.506626 -0.359495 0.212857 2.814188 -1.023202 -4.238034 0.000000 0.000000 0.698721
0.506462 -0.359189 0.213557 2.813304 -1.024548 -4.237845 0.000000 0.000000 0.697960
0.506297 -0.358883 0.214258 2.812421 -1.025894 -4.237655 0.000000 0.000000 0.697199
0.506132 -0.358577 0.214958 2.811537 -1.027240 -4.237466 0.000000 0.000000 0.696439
0.505968 -0.358271 0.215658 2.810654 -1.028587 -4.237276 0.000000 0.000000 0.695678
0.505803 -0.357964 0.216359 2.809770 -1.029933 -4.237087 0.000000 0.000000 0.694918
0.505639 -0.357658 0.217059 2.808887 -1.031279 -4.236898 0.000000 0.000000 0.694157
0.505472 -0.357358 0.217756 2.808006 -1.032606 -4.236703 0.000000 0.000000 0.693268
0.505301 -0.357073 0.218444 2.807134 -1.033882 -4.236495 0.000000 0.000000 0.692056
0.505130 -0.356787 0.219132 2.806262 -1.035159 -4.236287 0.000000 0.000000 0.690843
0.504959 -0.356502 0.219821 2.805390 -1.036436 -4.236078 0.000000 0.000000 0.689631
0.504788 -0.356216 0.220509 2.804518 -1.037713 -4.235870 0.000000 0.000000 0.688419
0.504617 -0.355931 0.221197 2.803646 -1.038989 -4.235662 0.000000 0.000000 0.687206
0.504446 -0.355645 0.221885 2.802774 -1.040266 -4.235454 0.000000 0.000000 0.685994
0.504276 -0.355360 0.222573 2.801902 -1.041543 -4.235246 0.000000 0.000000 0.684781
0.504105 -0.355074 0.223261 2.801029 -1.042820 -4.235038 0.000000 0.000000 0.683569
0.503934 -0.354788 0.223950 2.800157 -1.044096 -4.234829 0.000000 0.000000 0.682356
0.503763 -0.354503 0.224638 2.799285 -1.045373 -4.234621 0.000000 0.000000 0.681144
0.503592 -0.354217 0.225326 2.798413 -1.046650 -4.234413 0.000000 0.000000 0.679932
0.503421 -0.353932 0.226014 2.797541 -1.047927 -4.234205 0.000000 0.000000 0.678719
0.503250 -0.353646 0.226702 2.796669 -1.049203 -4.233997 0.000000 0.000000 0.677507
0.503079 -0.353361 0.227390 2.795797 -1.050480 -4.233789 0.000000 0.000000 0.676294
0.502908 -0.353075 0.228079 2.794925 -1.051757 -4.233581 0.000000 0.000000 0.675082
0.502737 -0.352790 0.228767 2.794052 -1.053034 -4.233372 0.000000 0.000000 0.673870
0.502563 -0.352522 0.229439 2.793181 -1.054246 -4.233153 0.000000 0.000000 0.672240
0.502389 -0.352261 0.230106 2.792311 -1.055433 -4.232930 0.000000 0.000000 0.670441
0.502214 -0.352000 0.230772 2.791440 -1.056619 -4.232706 0.000000 0.000000 0.668642
0.502040 -0.351739 0.231438 2.790570 -1.057806 -4.232483 0.000000 0.000000 0.666843
0.501865 -0.351478 0.232104 2.789699 -1.058993 -4.232259 0.000000 0.000000 0.665044
0.501691 -0.351217 0.232770 2.788829 -1.060179 -4.232036 0.000000 0.000000 0.663245
0.501516 -0.350956 0.233437 2.787958 -1.061366 -4.231812 0.000000 0.000000 0.661446
0.501342 -0.350695 0.234103 2.787088 -1.062552 -4.231589 0.000000 0.000000 0.659647
0.501167 -0.350434 0.234769 2.786217 -1.063739 -4.231365 0.000000 0.000000 0.657849
0.500993 -0.350173 0.235435 2.785346 -1.064926 -4.231142 0.000000 0.000000 0.656050
0.500818 -0.349912 0.236101 2.784476 -1.066112 -4.230919 0.000000 0.000000 0.654251
0.500644 -0.349650 0.236768 2.783605 -1.067299 -4.230695 0.000000 0.000000 0.652452
0.500469 -0.349389 0.237434 2.782735 -1.068486 -4.230472 0.000000 0.000000 0.650653
0.500295 -0.349128 0.238100 2.781864 -1.069672 -4.230248 0.000000 0.000000 0.648854
0.500120 -0.348867 0.238766 2.780994 -1.070859 -4.230025 0.000000 0.000000 0.647055
0.499946 -0.348606 0.239433 2.780123 -1.072045 -4.229801 0.000000 0.000000 0.645256
0.499771 -0.348345 0.240099 2.779252 -1.073232 -4.229578 0.000000 0.000000 0.643457
0.499596 -0.348084 0.240765 2.778382 -1.074419 -4.229354 0.000000 0.000000 0.641658
0.499422 -0.347823 0.241431 2.777511 -1.075605 -4.229131 0.000000 0.000000 0.639859
0.499247 -0.347562 0.242097 2.776641 -1.076792 -4.228907 0.000000 0.000000 0.638061
0.499073 -0.347301 0.242764 2.775770 -1.077978 -4.228684 0.000000 0.000000 0.636262
0.498898 -0.347040 0.243430 2.774900 -1.079165 -4.228460 0.000000 0.000000 0.634463
0.498726 -0.346795 0.244077 2.774037 -1.080284 -4.228233 0.000000 0.000000 0.632470
0.498554 -0.346560 0.244711 2.773179 -1.081360 -4.228004 0.000000 0.000000 0.630357
0.498383 -0.346325 0.245346 2.772321 -1.082436 -4.227774 0.000000 0.000000 0.628243
0.498211 -0.346090 0.245980 2.771463 -1.083512 -4.227545 0.000000 0.000000 0.626130
0.498040 -0.345855 0.246615 2.770605 -1.084588 -4.227315 0.000000 0.000000 0.624016
0.497868 -0.345620 0.247249 2.769747 -1.085663 -4.227086 0.000000 0.000000 0.621903
0.497697 -0.345385 0.247884 2.768889 -1.086739 -4.226857 0.000000 0.000000 0.619789
0.497525 -0.345150 0.248519 2.768031 -1.087815 -4.226627 0.000000 0.000000 0.617675
0.497354 -0.344915 0.249153 2.767173 -1.088891 -4.226398 0.000000 0.000000 0.615562
0.497182 -0.344680 0.249788 2.766315 -1.089967 -4.226168 0.000000 0.000000 0.613448
0.497011 -0.344445 0.250422 2.765457 -1.091043 -4.225939 0.000000 0.000000 0.611335
0.496839 -0.344210 0.251057 2.764599 -1.092119 -4.225709 0.000000 0.000000 0.609221
0.496668 -0.343974 0.251691 2.763741 -1.093195 -4.225480 0.000000 0.000000 0.607107
0.496496 -0.343739 0.252326 2.762883 -1.094271 -4.225251 0.000000 0.000000 0.604994
0.496325 -0.343504 0.252961 2.762025 -1.095347 -4.225021 0.000000 0.000000 0.602880
0.496153 -0.343269 0.253595 2.761167 -1.096423 -4.224792 0.000000 0.000000 0.600767
0.495982 -0.343035 0.254228 2.760310 -1.097493 -4.224562 0.000000 0.000000 0.598639
0.495816 -0.342829 0.254821 2.759481 -1.098433 -4.224328 0.000000 0.000000 0.596183
0.495650 -0.342623 0.255413 2.758653 -1.099372 -4.224094 0.000000 0.000000 0.593727
0.495484 -0.342416 0.256006 2.757824 -1.100311 -4.223859 0.000000 0.000000 0.591271
0.495318 -0.342210 0.256599 2.756995 -1.101251 -4.223625 0.000000 0.000000 0.588815
0.495153 -0.342003 0.257191 2.756166 -1.102190 -4.223391 0.000000 0.000000 0.586359
0.494987 -0.341797 0.257784 2.755338 -1.103129 -4.223157 0.000000 0.000000 0.583903
0.494821 -0.341590 0.258377 2.754509 -1.104068 -4.222923 0.000000 0.000000 0.581447
0.494655 -0.341384 0.258969 2.753680 -1.105008 -4.222688 0.000000 0.000000 0.578991
0.494489 -0.341177 0.259562 2.752851 -1.105947 -4.222454 0.000000 0.000000 0.576535
0.494323 -0.340971 0.260155 2.752023 -1.106886 -4.222220 0.000000 0.000000 0.574079
0.494158 -0.340765 0.260748 2.751194 -1.107826 -4.221986 0.000000 0.000000 0.571623
0.493992 -0.340558 0.261340 2.750365 -1.108765 -4.221751 0.000000 0.000000 0.569167
0.493826 -0.340352 0.261933 2.749537 -1.109704 -4.221517 0.000000 0.000000 0.566711
0.493660 -0.340145 0.262526 2.748708 -1.110644 -4.221283 0.000000 0.000000 0.564255
0.493494 -0.339939 0.263118 2.747879 -1.111583 -4.221049 0.000000 0.000000 0.561799
0.493328 -0.339732 0.263711 2.747050 -1.112522 -4.220815 0.000000 0.000000 0.559343
0.493168 -0.339540 0.264281 2.746239 -1.113393 -4.220584 0.000000 0.000000 0.556418
0.493013 -0.339364 0.264825 2.745449 -1.114186 -4.220356 0.000000 0.000000 0.552962
0.492858 -0.339189 0.265370 2.744658 -1.114980 -4.220129 0.000000 0.000000 0.549505
0.492703 -0.339013 0.265914 2.743867 -1.115773 -4.219902 0.000000 0.000000 0.546049
0.492548 -0.338837 0.266458 2.743076 -1.116567 -4.219675 0.000000 0.000000 0.542592
0.492393 -0.338661 0.267003 2.742285 -1.117360 -4.219448 0.000000 0.000000 0.539136
0.492238 -0.338485 0.267547 2.741495 -1.118153 -4.219221 0.000000 0.000000 0.535679
0.492083 -0.338309 0.268091 2.740704 -1.118947 -4.218993 0.000000 0.000000 0.532222
0.491929 -0.338134 0.268635 2.739913 -1.119740 -4.218766 0.000000 0.000000 0.528766
0.491774 -0.337958 0.269180 2.739122 -1.120534 -4.218539 0.000000 0.000000 0.525309
0.491619 -0.337782 0.269724 2.738331 -1.121327 -4.218312 0.000000 0.000000 0.521853
0.491464 -0.337606 0.270268 2.737541 -1.122120 -4.218085 0.000000 0.000000 0.518396
0.491309 -0.337430 0.270813 2.736750 -1.122914 -4.217857 0.000000 0.000000 0.514939
0.491154 -0.337254 0.271357 2.735959 -1.123707 -4.217630 0.000000 0.000000 0.511483
0.490999 -0.337079 0.271901 2.735168 -1.124501 -4.217403 0.000000 0.000000 0.508026
0.490845 -0.336903 0.272446 2.734377 -1.125294 -4.217176 0.000000 0.000000 0.504570
0.490690 -0.336727 0.272990 2.733586 -1.126087 -4.216949 0.000000 0.000000 0.501113
0.490535 -0.336551 0.273534 2.732796 -1.126881 -4.216721 0.000000 0.000000 0.497656
0.490380 -0.336375 0.274078 2.732005 -1.127674 -4.216494 0.000000 0.000000 0.494200
0.490225 -0.336200 0.274623 2.731214 -1.128467 -4.216267 0.000000 0.000000 0.490743
0.490070 -0.336024 0.275167 2.730423 -1.129261 -4.216040 0.000000 0.000000 0.487287
0.489915 -0.335848 0.275711 2.729632 -1.130054 -4.215813 0.000000 0.000000 0.483830
0.489765 -0.335684 0.276236 2.728862 -1.130794 -4.215589 0.000000 0.000000 0.480096
0.489622 -0.335539 0.276727 2.728128 -1.131442 -4.215372 0.000000 0.000000 0.475893
0.489479 -0.335395 0.277217 2.727393 -1.132090 -4.215154 0.000000 0.000000 0.471690
0.489336 -0.335250 0.277708 2.726658 -1.132739 -4.214936 0.000000 0.000000 0.467487
0.489193 -0.335106 0.278199 2.725923 -1.133387 -4.214719 0.000000 0.000000 0.463284
0.489050 -0.334962 0.278690 2.725188 -1.134035 -4.214501 0.000000 0.000000 0.459081
0.488907 -0.334817 0.279180 2.724453 -1.134684 -4.214284 0.000000 0.000000 0.454878
0.488765 -0.334673 0.279671 2.723718 -1.135332 -4.214066 0.000000 0.000000 0.450675
0.488622 -0.334528 0.280162 2.722984 -1.135980 -4.213849 0.000000 0.000000 0.446472
0.488479 -0.334384 0.280653 2.722249 -1.136629 -4.213631 0.000000 0.000000 0.442269
0.488336 -0.334240 0.281143 2.721514 -1.137277 -4.213413 0.000000 0.000000 0.438066
0.488193 -0.334095 0.281634 2.720779 -1.137925 -4.213196 0.000000 0.000000 0.433863
0.488050 -0.333951 0.282125 2.720044 -1.138573 -4.212978 0.000000 0.000000 0.429660
0.487907 -0.333806 0.282616 2.719309 -1.139222 -4.212761 0.000000 0.000000 0.425457
0.487764 -0.333662 0.283106 2.718574 -1.139870 -4.212543 0.000000 0.000000 0.421254
0.487621 -0.333517 0.283597 2.717840 -1.140518 -4.212326 0.000000 0.000000 0.417051
0.487478 -0.333373 0.284088 2.717105 -1.141167 -4.212108 0.000000 0.000000 0.412848
0.487346 -0.333254 0.284529 2.716426 -1.141683 -4.211888 0.000000 0.000000 0.408799
0.487216 -0.333142 0.284957 2.715761 -1.142166 -4.211668 0.000000 0.000000 0.404788
0.487087 -0.333029 0.285385 2.715096 -1.142650 -4.211448 0.000000 0.000000 0.400778
0.486957 -0.332917 0.285814 2.714431 -1.143133 -4.211228 0.000000 0.000000 0.396768
0.486828 -0.332805 0.286242 2.713766 -1.143616 -4.211007 0.000000 0.000000 0.392758
0.486698 -0.332692 0.286671 2.713101 -1.144099 -4.210787 0.000000 0.000000 0.388747
0.486568 -0.332580 0.287099 2.712436 -1.144583 -4.210567 0.000000 0.000000 0.384737
0.486439 -0.332467 0.287527 2.711771 -1.145066 -4.210347 0.000000 0.000000 0.380727
0.486309 -0.332355 0.287956 2.711106 -1.145549 -4.210126 0.000000 0.000000 0.376717
0.486179 -0.332243 0.288384 2.710441 -1.146032 -4.209906 0.000000 0.000000 0.372706
0.486050 -0.332130 0.288812 2.709776 -1.146516 -4.209686 0.000000 0.000000 0.368696
0.485920 -0.332018 0.289241 2.709111 -1.146999 -4.209466 0.000000 0.000000 0.364686
0.485791 -0.331906 0.289669 2.708446 -1.147482 -4.209245 0.000000 0.000000 0.360676
0.485661 -0.331793 0.290097 2.707781 -1.147965 -4.209025 0.000000 0.000000 0.356665
0.485531 -0.331681 0.290526 2.707116 -1.148448 -4.208805 0.000000 0.000000 0.352655
0.485402 -0.331568 0.290954 2.706451 -1.148932 -4.208585 0.000000 0.000000 0.348645
0.485276 -0.331463 0.291367 2.705804 -1.149375 -4.208364 0.000000 0.000000 0.344756
0.485164 -0.331383 0.291728 2.705221 -1.149683 -4.208141 0.000000 0.000000 0.341281
0.485051 -0.331303 0.292088 2.704637 -1.149991 -4.207919 0.000000 0.000000 0.337807
0.484939 -0.331223 0.292449 2.704054 -1.150298 -4.207696 0.000000 0.000000 0.334333
0.484826 -0.331143 0.292809 2.703470 -1.150606 -4.207474 0.000000 0.000000 0.330859
0.484714 -0.331063 0.293170 2.702887 -1.150914 -4.207251 0.000000 0.000000 0.327385
0.484602 -0.330983 0.293530 2.702303 -1.151221 -4.207029 0.000000 0.000000 0.323911
0.484489 -0.330903 0.293891 2.701719 -1.151529 -4.206806 0.000000 0.000000 0.320437
0.484377 -0.330823 0.294251 2.701136 -1.151837 -4.206584 0.000000 0.000000 0.316963
0.484264 -0.330743 0.294611 2.700552 -1.152144 -4.206361 0.000000 0.000000 0.313489
0.484152 -0.330663 0.294972 2.699969 -1.152452 -4.206139 0.000000 0.000000 0.310015
0.484039 -0.330583 0.295332 2.699385 -1.152760 -4.205916 0.000000 0.000000 0.306541
0.483927 -0.330503 0.295693 2.698802 -1.153067 -4.205693 0.000000 0.000000 0.303067
0.483815 -0.330423 0.296053 2.698218 -1.153375 -4.205471 0.000000 0.000000 0.299593
0.483702 -0.330342 0.296414 2.697634 -1.153683 -4.205248 0.000000 0.000000 0.296119
0.483590 -0.330262 0.296774 2.697051 -1.153990 -4.205026 0.000000 0.000000 0.292645
0.483477 -0.330182 0.297135 2.696467 -1.154298 -4.204803 0.000000 0.000000 0.289171
0.483365 -0.330102 0.297495 2.695884 -1.154606 -4.204581 0.000000 0.000000 0.285697
0.483252 -0.330022 0.297856 2.695300 -1.154913 -4.204358 0.000000 0.000000 0.282223
0.483140 -0.329942 0.298216 2.694716 -1.155221 -4.204136 0.000000 0.000000 0.278749
0.483028 -0.329862 0.298577 2.694133 -1.155529 -4.203913 0.000000 0.000000 0.275275
0.482915 -0.329782 0.298937 2.693549 -1.155836 -4.203691 0.000000 0.000000 0.271801
0.482805 -0.329706 0.299289 2.692976 -1.156124 -4.203470 0.000000 0.000000 0.268356
0.482714 -0.329657 0.299583 2.692476 -1.156272 -4.203262 0.000000 0.000000 0.265111
0.482622 -0.329608 0.299876 2.691975 -1.156420 -4.203053 0.000000 0.000000 0.261866
0.482531 -0.329560 0.300170 2.691474 -1.156568 -4.202845 0.000000 0.000000 0.258620
0.482439 -0.329511 0.300464 2.690973 -1.156717 -4.202636 0.000000 0.000000 0.255375
0.482348 -0.329462 0.300758 2.690472 -1.156865 -4.202428 0.000000 0.000000 0.252130
0.482256 -0.329413 0.301051 2.689971 -1.157013 -4.202220 0.000000 0.000000 0.248884
0.482164 -0.329364 0.301345 2.689471 -1.157162 -4.202011 0.000000 0.000000 0.245639
0.482073 -0.329316 0.301639 2.688970 -1.157310 -4.201803 0.000000 0.000000 0.242394
0.481981 -0.329267 0.301933 2.688469 -1.157458 -4.201594 0.000000 0.000000 0.239149
0.481890 -0.329218 0.302226 2.687968 -1.157606 -4.201386 0.000000 0.000000 0.235903
0.481798 -0.329169 0.302520 2.687467 -1.157755 -4.201178 0.000000 0.000000 0.232658
0.481706 -0.329120 0.302814 2.686967 -1.157903 -4.200969 0.000000 0.000000 0.229413
0.481615 -0.329072 0.303108 2.686466 -1.158051 -4.200761 0.000000 0.000000 0.226167
0.481523 -0.329023 0.303401 2.685965 -1.158200 -4.200552 0.000000 0.000000 0.222922
0.481432 -0.328974 0.303695 2.685464 -1.158348 -4.200344 0.000000 0.000000 0.219677
0.481340 -0.328925 0.303989 2.684963 -1.158496 -4.200136 0.000000 0.000000 0.216432
0.481263 -0.328894 0.304245 2.684502 -1.158557 -4.199937 0.000000 0.000000 0.213269
0.481197 -0.328878 0.304472 2.684073 -1.158547 -4.199748 0.000000 0.000000 0.210173
0.481131 -0.328861 0.304699 2.683644 -1.158537 -4.199558 0.000000 0.000000 0.207076
0.481065 -0.328845 0.304926 2.683215 -1.158527 -4.199368 0.000000 0.000000 0.203980
0.480999 -0.328828 0.305153 2.682785 -1.158517 -4.199178 0.000000 0.000000 0.200884
0.480933 -0.328811 0.305380 2.682356 -1.158507 -4.198989 0.000000 0.000000 0.197787
0.480867 -0.328795 0.305607 2.681927 -1.158497 -4.198799 0.000000 0.000000 0.194691
0.480801 -0.328778 0.305834 2.681498 -1.158487 -4.198609 0.000000 0.000000 0.191595
0.480735 -0.328762 0.306061 2.681068 -1.158477 -4.198419 0.000000 0.000000 0.188498
0.480669 -0.328745 0.306288 2.680639 -1.158467 -4.198229 0.000000 0.000000 0.185402
0.480603 -0.328729 0.306515 2.680210 -1.158457 -4.198040 0.000000 0.000000 0.182306
0.480538 -0.328712 0.306742 2.679781 -1.158447 -4.197850 0.000000 0.000000 0.179209
0.480472 -0.328695 0.306969 2.679352 -1.158437 -4.197660 0.000000 0.000000 0.176113
0.480406 -0.328679 0.307196 2.678922 -1.158427 -4.197470 0.000000 0.000000 0.173017
0.480340 -0.328662 0.307422 2.678493 -1.158418 -4.197280 0.000000 0.000000 0.169920
0.480274 -0.328646 0.307649 2.678064 -1.158408 -4.197091 0.000000 0.000000 0.166824
0.480208 -0.328629 0.307876 2.677635 -1.158398 -4.196901 0.000000 0.000000 0.163728
0.480170 -0.328645 0.308038 2.677269 -1.158225 -4.196735 0.000000 0.000000 0.160686
0.480133 -0.328661 0.308199 2.676905 -1.158050 -4.196569 0.000000 0.000000 0.157645
0.480096 -0.328678 0.308359 2.676541 -1.157875 -4.196403 0.000000 0.000000 0.154605
0.480059 -0.328694 0.308520 2.676176 -1.157700 -4.196238 0.000000 0.000000 0.151564
0.480022 -0.328710 0.308681 2.675812 -1.157524 -4.196072 0.000000 0.000000 0.148523
0.479985 -0.328727 0.308841 2.675448 -1.157349 -4.195906 0.000000 0.000000 0.145483
0.479948 -0.328743 0.309002 2.675083 -1.157174 -4.195741 0.000000 0.000000 0.142442
0.479910 -0.328759 0.309163 2.674719 -1.156999 -4.195575 0.000000 0.000000 0.139401
0.479873 -0.328775 0.309323 2.674355 -1.156823 -4.195410 0.000000 0.000000 0.136361
0.479836 -0.328792 0.309484 2.673991 -1.156648 -4.195244 0.000000 0.000000 0.133320
0.479799 -0.328808 0.309645 2.673626 -1.156473 -4.195078 0.000000 0.000000 0.130279
0.479762 -0.328824 0.309805 2.673262 -1.156298 -4.194913 0.000000 0.000000 0.127239
0.479725 -0.328841 0.309966 2.672898 -1.156122 -4.194747 0.000000 0.000000 0.124198
0.479688 -0.328857 0.310126 2.672533 -1.155947 -4.194581 0.000000 0.000000 0.121157
0.479651 -0.328873 0.310287 2.672169 -1.155772 -4.194416 0.000000 0.000000 0.118117
0.479614 -0.328890 0.310448 2.671805 -1.155597 -4.194250 0.000000 0.000000 0.115076
0.479576 -0.328906 0.310608 2.671441 -1.155421 -4.194084 0.000000 0.000000 0.112036
0.479539 -0.328922 0.310769 2.671076 -1.155246 -4.193919 0.000000 0.000000 0.108995
0.479502 -0.328939 0.310930 2.670712 -1.155071 -4.193753 0.000000 0.000000 0.105954
0.479465 -0.328955 0.311090 2.670348 -1.154896 -4.193587 0.000000 0.000000 0.102914
0.479428 -0.328971 0.311251 2.669983 -1.154720 -4.193422 0.000000 0.000000 0.099873
0.479391 -0.328988 0.311412 2.669619 -1.154545 -4.193256 0.000000 0.000000 0.096832
0.479384 -0.329035 0.311510 2.669322 -1.154186 -4.193106 0.000000 0.000000 0.094078
0.479381 -0.329087 0.311600 2.669034 -1.153803 -4.192957 0.000000 0.000000 0.091360
0.479379 -0.329139 0.311689 2.668747 -1.153420 -4.192809 0.000000 0.000000 0.088643
0.479376 -0.329191 0.311779 2.668459 -1.153037 -4.192661 0.000000 0.000000 0.085926
0.479373 -0.329243 0.311869 2.668171 -1.152654 -4.192513 0.000000 0.000000 0.083208
0.479370 -0.329295 0.311959 2.667883 -1.152271 -4.192364 0.000000 0.000000 0.080491
0.479367 -0.329347 0.312049 2.667595 -1.151888 -4.192216 0.000000 0.000000 0.077774
0.479364 -0.329400 0.312139 2.667307 -1.151505 -4.192068 0.000000 0.000000 0.075056
0.479362 -0.329452 0.312229 2.667019 -1.151122 -4.191919 0.000000 0.000000 0.072339
0.479359 -0.329504 0.312319 2.666731 -1.150739 -4.191771 0.000000 0.000000 0.069622
0.479356 -0.329556 0.312408 2.666443 -1.150356 -4.191623 0.000000 0.000000 0.066904
0.479353 -0.329608 0.312498 2.666155 -1.149973 -4.191474 0.000000 0.000000 0.064187
0.479350 -0.329660 0.312588 2.665867 -1.149590 -4.191326 0.000000 0.000000 0.061470
0.479348 -0.329712 0.312678 2.665579 -1.149207 -4.191178 0.000000 0.000000 0.058752
0.479345 -0.329764 0.312768 2.665291 -1.148824 -4.191029 0.000000 0.000000 0.056035
0.479342 -0.329816 0.312858 2.665003 -1.148441 -4.190881 0.000000 0.000000 0.053318
0.479351 -0.329878 0.312927 2.664732 -1.147996 -4.190742 0.000000 0.000000 0.050651
0.479388 -0.329965 0.312953 2.664497 -1.147413 -4.190622 0.000000 0.000000 0.048096
0.479425 -0.330052 0.312978 2.664261 -1.146831 -4.190503 0.000000 0.000000 0.045541
0.479461 -0.330139 0.313003 2.664026 -1.146249 -4.190384 0.000000 0.000000 0.042986
0.479498 -0.330226 0.313029 2.663791 -1.145666 -4.190264 0.000000 0.000000 0.040431
0.479534 -0.330313 0.313054 2.663556 -1.145084 -4.190145 0.000000 0.000000 0.037876
0.479571 -0.330400 0.313079 2.663320 -1.144502 -4.190025 0.000000 0.000000 0.035322
0.479607 -0.330487 0.313105 2.663085 -1.143919 -4.189906 0.000000 0.000000 0.032767
0.479644 -0.330574 0.313130 2.662850 -1.143337 -4.189787 0.000000 0.000000 0.030212
0.479680 -0.330660 0.313155 2.662615 -1.142755 -4.189667 0.000000 0.000000 0.027657
0.479717 -0.330747 0.313181 2.662379 -1.142172 -4.189548 0.000000 0.000000 0.025102
0.479753 -0.330834 0.313206 2.662144 -1.141590 -4.189428 0.000000 0.000000 0.022547
0.479790 -0.330921 0.313231 2.661909 -1.141008 -4.189309 0.000000 0.000000 0.019992
0.479826 -0.331008 0.313256 2.661674 -1.140425 -4.189190 0.000000 0.000000 0.017437
0.479863 -0.331095 0.313282 2.661438 -1.139843 -4.189070 0.000000 0.000000 0.014882
0.479900 -0.331182 0.313307 2.661203 -1.139261 -4.188951 0.000000 0.000000 0.012327
0.479936 -0.331269 0.313332 2.660968 -1.138678 -4.188831 0.000000 0.000000 0.009772
0.480000 -0.331382 0.313314 2.660779 -1.137961 -4.188731 0.000000 0.000000 0.006755
0.480074 -0.331504 0.313281 2.660608 -1.137196 -4.188636 0.000000 0.000000 0.003575
0.480147 -0.331626 0.313247 2.660436 -1.136431 -4.188542 0.000000 0.000000 0.000394
0.480221 -0.331748 0.313214 2.660264 -1.135666 -4.188448 0.000000 0.000000 -0.002786
0.480295 -0.331871 0.313180 2.660092 -1.134901 -4.188353 0.000000 0.000000 -0.005966
0.480368 -0.331993 0.313147 2.659920 -1.134137 -4.188259 0.000000 0.000000 -0.009147
0.480442 -0.332115 0.313113 2.659748 -1.133372 -4.188165 0.000000 0.000000 -0.012327
0.480515 -0.332237 0.313079 2.659577 -1.132607 -4.188070 0.000000 0.000000 -0.015507
0.480589 -0.332360 0.313046 2.659405 -1.131842 -4.187976 0.000000 0.000000 -0.018688
0.480663 -0.332482 0.313012 2.659233 -1.131077 -4.187882 0.000000 0.000000 -0.021868
0.480736 -0.332604 0.312979 2.659061 -1.130312 -4.187787 0.000000 0.000000 -0.025048
0.480810 -0.332726 0.312945 2.658889 -1.129547 -4.187693 0.000000 0.000000 -0.028229
0.480884 -0.332849 0.312912 2.658717 -1.128782 -4.187599 0.000000 0.000000 -0.031409
0.480957 -0.332971 0.312878 2.658546 -1.128018 -4.187504 0.000000 0.000000 -0.034590
0.481031 -0.333093 0.312845 2.658374 -1.127253 -4.187410 0.000000 0.000000 -0.037770
0.481105 -0.333215 0.312811 2.658202 -1.126488 -4.187316 0.000000 0.000000 -0.040950
0.481178 -0.333338 0.312778 2.658030 -1.125723 -4.187221 0.000000 0.000000 -0.044131
0.481252 -0.333460 0.312744 2.657858 -1.124958 -4.187127 0.000000 0.000000 -0.047311
0.481325 -0.333582 0.312711 2.657686 -1.124193 -4.187033 0.000000 0.000000 -0.050491
0.481399 -0.333704 0.312677 2.657515 -1.123428 -4.186938 0.000000 0.000000 -0.053672
0.481473 -0.333827 0.312644 2.657343 -1.122663 -4.186844 0.000000 0.000000 -0.056852
0.481546 -0.333949 0.312610 2.657171 -1.121898 -4.186750 0.000000 0.000000 -0.060032
0.481643 -0.334093 0.312543 2.657051 -1.121033 -4.186676 0.000000 0.000000 -0.063343
0.481752 -0.334250 0.312457 2.656960 -1.120110 -4.186613 0.000000 0.000000 -0.066726
0.481862 -0.334407 0.312370 2.656870 -1.119188 -4.186550 0.000000 0.000000 -0.070110
0.481971 -0.334564 0.312284 2.656779 -1.118266 -4.186487 0.000000 0.000000 -0.073493
0.482081 -0.334721 0.312198 2.656688 -1.117344 -4.186424 0.000000 0.000000 -0.076876
0.482190 -0.334877 0.312112 2.656597 -1.116422 -4.186362 0.000000 0.000000 -0.080260
0.482300 -0.335034 0.312026 2.656507 -1.115500 -4.186299 0.000000 0.000000 -0.083643
0.482409 -0.335191 0.311940 2.656416 -1.114577 -4.186236 0.000000 0.000000 -0.087026
0.482518 -0.335348 0.311854 2.656325 -1.113655 -4.186173 0.000000 0.000000 -0.090410
0.482628 -0.335505 0.311768 2.656234 -1.112733 -4.186110 0.000000 0.000000 -0.093793
0.482737 -0.335662 0.311682 2.656144 -1.111811 -4.186048 0.000000 0.000000 -0.097176
0.482847 -0.335818 0.311595 2.656053 -1.110889 -4.185985 0.000000 0.000000 -0.100560
0.482956 -0.335975 0.311509 2.655962 -1.109966 -4.185922 0.000000 0.000000 -0.103943
0.483066 -0.336132 0.311423 2.655871 -1.109044 -4.185859 0.000000 0.000000 -0.107326
0.483175 -0.336289 0.311337 2.655781 -1.108122 -4.185796 0.000000 0.000000 -0.110710
0.483284 -0.336446 0.311251 2.655690 -1.107200 -4.185734 0.000000 0.000000 -0.114093
0.483396 -0.336605 0.311162 2.655602 -1.106266 -4.185672 0.000000 0.000000 -0.117451
0.483543 -0.336795 0.311029 2.655551 -1.105177 -4.185630 0.000000 0.000000 -0.120469
0.483689 -0.336986 0.310897 2.655500 -1.104088 -4.185587 0.000000 0.000000 -0.123486
0.483836 -0.337177 0.310765 2.655450 -1.102998 -4.185544 0.000000 0.000000 -0.126504
0.483982 -0.337367 0.310632 2.655399 -1.101909 -4.185502 0.000000 0.000000 -0.129521
0.484129 -0.337558 0.310500 2.655348 -1.100820 -4.185459 0.000000 0.000000 -0.132539
0.484275 -0.337748 0.310367 2.655297 -1.099731 -4.185417 0.000000 0.000000 -0.135556
0.484422 -0.337939 0.310235 2.655247 -1.098641 -4.185374 0.000000 0.000000 -0.138574
0.484568 -0.338129 0.310103 2.655196 -1.097552 -4.185331 0.000000 0.000000 -0.141591
0.484715 -0.338320 0.309970 2.655145 -1.096463 -4.185289 0.000000 0.000000 -0.144609
0.484861 -0.338511 0.309838 2.655094 -1.095374 -4.185246 0.000000 0.000000 -0.147626
0.485008 -0.338701 0.309706 2.655044 -1.094284 -4.185204 0.000000 0.000000 -0.150644
0.485154 -0.338892 0.309573 2.654993 -1.093195 -4.185161 0.000000 0.000000 -0.153661
0.485300 -0.339082 0.309441 2.654942 -1.092106 -4.185118 0.000000 0.000000 -0.156679
0.485447 -0.339273 0.309308 2.654892 -1.091017 -4.185076 0.000000 0.000000 -0.159696
0.485593 -0.339464 0.309176 2.654841 -1.089927 -4.185033 0.000000 0.000000 -0.162714
0.485740 -0.339654 0.309044 2.654790 -1.088838 -4.184991 0.000000 0.000000 -0.165731
0.485904 -0.339861 0.308892 2.654763 -1.087679 -4.184961 0.000000 0.000000 -0.168718
0.486086 -0.340084 0.308721 2.654760 -1.086450 -4.184944 0.000000 0.000000 -0.171675
0.486267 -0.340307 0.308550 2.654757 -1.085220 -4.184927 0.000000 0.000000 -0.174631
0.486449 -0.340530 0.308379 2.654754 -1.083990 -4.184910 0.000000 0.000000 -0.177587
0.486631 -0.340753 0.308208 2.654751 -1.082761 -4.184892 0.000000 0.000000 -0.180544
0.486813 -0.340975 0.308036 2.654748 -1.081531 -4.184875 0.000000 0.000000 -0.183500
0.486995 -0.341198 0.307865 2.654744 -1.080301 -4.184858 0.000000 0.000000 -0.186456
0.487176 -0.341421 0.307694 2.654741 -1.079072 -4.184841 0.000000 0.000000 -0.189413
0.487358 -0.341644 0.307523 2.654738 -1.077842 -4.184824 0.000000 0.000000 -0.192369
0.487540 -0.341867 0.307352 2.654735 -1.076613 -4.184807 0.000000 0.000000 -0.195325
0.487722 -0.342090 0.307181 2.654732 -1.075383 -4.184790 0.000000 0.000000 -0.198282
0.487903 -0.342313 0.307010 2.654729 -1.074153 -4.184773 0.000000 0.000000 -0.201238
0.488085 -0.342536 0.306839 2.654726 -1.072924 -4.184756 0.000000 0.000000 -0.204194
0.488267 -0.342759 0.306667 2.654723 -1.071694 -4.184739 0.000000 0.000000 -0.207150
0.488449 -0.342982 0.306496 2.654720 -1.070464 -4.184722 0.000000 0.000000 -0.210107
0.488631 -0.343205 0.306325 2.654717 -1.069235 -4.184705 0.000000 0.000000 -0.213063
0.488812 -0.343428 0.306154 2.654713 -1.068005 -4.184688 0.000000 0.000000 -0.216019
0.488994 -0.343651 0.305983 2.654710 -1.066775 -4.184670 0.000000 0.000000 -0.218976
0.489176 -0.343874 0.305812 2.654707 -1.065546 -4.184653 0.000000 0.000000 -0.221932
0.489358 -0.344096 0.305641 2.654704 -1.064316 -4.184636 0.000000 0.000000 -0.224888
0.489539 -0.344319 0.305470 2.654701 -1.063086 -4.184619 0.000000 0.000000 -0.227845
0.489721 -0.344542 0.305298 2.654698 -1.061857 -4.184602 0.000000 0.000000 -0.230801
0.489914 -0.344778 0.305114 2.654720 -1.060578 -4.184592 0.000000 0.000000 -0.233268
0.490124 -0.345033 0.304909 2.654779 -1.059225 -4.184593 0.000000 0.000000 -0.234996
0.490333 -0.345287 0.304704 2.654839 -1.057872 -4.184594 0.000000 0.000000 -0.236725
0.490542 -0.345542 0.304500 2.654898 -1.056519 -4.184595 0.000000 0.000000 -0.238453
0.490752 -0.345797 0.304295 2.654957 -1.055166 -4.184596 0.000000 0.000000 -0.240182
0.490961 -0.346051 0.304090 2.655017 -1.053813 -4.184597 0.000000 0.000000 -0.241910
0.491171 -0.346306 0.303885 2.655076 -1.052460 -4.184598 0.000000 0.000000 -0.243639
0.491380 -0.346561 0.303681 2.655136 -1.051107 -4.184599 0.000000 0.000000 -0.245367
0.491590 -0.346815 0.303476 2.655195 -1.049754 -4.184600 0.000000 0.000000 -0.247096
0.491799 -0.347070 0.303271 2.655254 -1.048401 -4.184601 0.000000 0.000000 -0.248824
0.492009 -0.347325 0.303066 2.655314 -1.047048 -4.184602 0.000000 0.000000 -0.250553
0.492218 -0.347580 0.302862 2.655373 -1.045695 -4.184603 0.000000 0.000000 -0.252281
0.492428 -0.347834 0.302657 2.655433 -1.044343 -4.184604 0.000000 0.000000 -0.254010
0.492637 -0.348089 0.302452 2.655492 -1.042990 -4.184605 0.000000 0.000000 -0.255738
0.492847 -0.348344 0.302247 2.655551 -1.041637 -4.184606 0.000000 0.000000 -0.257467
0.493056 -0.348598 0.302042 2.655611 -1.040284 -4.184607 0.000000 0.000000 -0.259195
0.493265 -0.348853 0.301838 2.655670 -1.038931 -4.184609 0.000000 0.000000 -0.260924
0.493497 -0.349132 0.301609 2.655755 -1.037471 -4.184611 0.000000 0.000000 -0.262186
0.493734 -0.349415 0.301376 2.655844 -1.035988 -4.184613 0.000000 0.000000 -0.263350
0.493971 -0.349699 0.301143 2.655934 -1.034506 -4.184616 0.000000 0.000000 -0.264514
0.494208 -0.349983 0.300910 2.656024 -1.033023 -4.184618 0.000000 0.000000 -0.265679
0.494445 -0.350267 0.300677 2.656114 -1.031541 -4.184621 0.000000 0.000000 -0.266843
0.494681 -0.350551 0.300444 2.656203 -1.030058 -4.184623 0.000000 0.000000 -0.268007
0.494918 -0.350834 0.300210 2.656293 -1.028575 -4.184626 0.000000 0.000000 -0.269171
0.495155 -0.351118 0.299977 2.656383 -1.027093 -4.184628 0.000000 0.000000 -0.270336
0.495392 -0.351402 0.299744 2.656473 -1.025610 -4.184630 0.000000 0.000000 -0.271500
0.495629 -0.351686 0.299511 2.656562 -1.024128 -4.184633 0.000000 0.000000 -0.272664
0.495865 -0.351969 0.299278 2.656652 -1.022645 -4.184635 0.000000 0.000000 -0.273828
0.496102 -0.352253 0.299044 2.656742 -1.021163 -4.184638 0.000000 0.000000 -0.274992
0.496339 -0.352537 0.298811 2.656832 -1.019680 -4.184640 0.000000 0.000000 -0.276157
0.496576 -0.352821 0.298578 2.656921 -1.018198 -4.184643 0.000000 0.000000 -0.277321
0.496813 -0.353105 0.298345 2.657011 -1.016715 -4.184645 0.000000 0.000000 -0.278485
0.497049 -0.353388 0.298112 2.657101 -1.015233 -4.184648 0.000000 0.000000 -0.279649
0.497292 -0.353679 0.297872 2.657193 -1.013718 -4.184648 0.000000 0.000000 -0.280629
0.497553 -0.353989 0.297615 2.657291 -1.012108 -4.184642 0.000000 0.000000 -0.281063
0.497814 -0.354298 0.297358 2.657388 -1.010499 -4.184636 0.000000 0.000000 -0.281498
0.498075 -0.354608 0.297101 2.657486 -1.008889 -4.184631 0.000000 0.000000 -0.281933
0.498336 -0.354918 0.296844 2.657584 -1.007279 -4.184625 0.000000 0.000000 -0.282367
0.498597 -0.355228 0.296586 2.657682 -1.005669 -4.184619 0.000000 0.000000 -0.282802
0.498858 -0.355538 0.296329 2.657780 -1.004060 -4.184613 0.000000 0.000000 -0.283236
0.499119 -0.355848 0.296072 2.657878 -1.002450 -4.184607 0.000000 0.000000 -0.283671
0.499380 -0.356157 0.295815 2.657976 -1.000840 -4.184601 0.000000 0.000000 -0.284105
0.499641 -0.356467 0.295558 2.658073 -0.999231 -4.184596 0.000000 0.000000 -0.284540
0.499902 -0.356777 0.295300 2.658171 -0.997621 -4.184590 0.000000 0.000000 -0.284974
0.500163 -0.357087 0.295043 2.658269 -0.996011 -4.184584 0.000000 0.000000 -0.285409
0.500424 -0.357397 0.294786 2.658367 -0.994402 -4.184578 0.000000 0.000000 -0.285843
0.500685 -0.357707 0.294529 2.658465 -0.992792 -4.184572 0.000000 0.000000 -0.286278
0.500946 -0.358017 0.294272 2.658563 -0.991182 -4.184566 0.000000 0.000000 -0.286712
0.501207 -0.358326 0.294014 2.658661 -0.989573 -4.184561 0.000000 0.000000 -0.287147
0.501468 -0.358636 0.293757 2.658758 -0.987963 -4.184555 0.000000 0.000000 -0.287581
0.501729 -0.358946 0.293500 2.658856 -0.986353 -4.184549 0.000000 0.000000 -0.288016
0.501990 -0.359256 0.293243 2.658954 -0.984744 -4.184543 0.000000 0.000000 -0.288450
0.502251 -0.359566 0.292986 2.659052 -0.983134 -4.184537 0.000000 0.000000 -0.288885
0.502512 -0.359876 0.292728 2.659150 -0.981524 -4.184531 0.000000 0.000000 -0.289320
0.502773 -0.360185 0.292471 2.659248 -0.979914 -4.184526 0.000000 0.000000 -0.289754
0.503037 -0.360499 0.292211 2.659349 -0.978286 -4.184517 0.000000 0.000000 -0.290116
0.503316 -0.360833 0.291932 2.659465 -0.976556 -4.184493 0.000000 0.000000 -0.290085
0.503596 -0.361167 0.291654 2.659581 -0.974826 -4.184469 0.000000 0.000000 -0.290053
0.503875 -0.361500 0.291376 2.659697 -0.973096 -4.184444 0.000000 0.000000 -0.290022
0.504155 -0.361834 0.291097 2.659813 -0.971365 -4.184420 0.000000 0.000000 -0.289991
0.504434 -0.362168 0.290819 2.659930 -0.969635 -4.184396 0.000000 0.000000 -0.289959
0.504714 -0.362501 0.290540 2.660046 -0.967905 -4.184372 0.000000 0.000000 -0.289928
0.504993 -0.362835 0.290262 2.660162 -0.966175 -4.184348 0.000000 0.000000 -0.289896
0.505273 -0.363169 0.289984 2.660278 -0.964445 -4.184324 0.000000 0.000000 -0.289865
0.505552 -0.363503 0.289705 2.660395 -0.962715 -4.184299 0.000000 0.000000 -0.289834
0.505832 -0.363836 0.289427 2.660511 -0.960984 -4.184275 0.000000 0.000000 -0.289802
0.506112 -0.364170 0.289148 2.660627 -0.959254 -4.184251 0.000000 0.000000 -0.289771
0.506391 -0.364504 0.288870 2.660743 -0.957524 -4.184227 0.000000 0.000000 -0.289740
0.506671 -0.364838 0.288592 2.660859 -0.955794 -4.184203 0.000000 0.000000 -0.289708
0.506950 -0.365171 0.288313 2.660976 -0.954064 -4.184179 0.000000 0.000000 -0.289677
0.507230 -0.365505 0.288035 2.661092 -0.952334 -4.184154 0.000000 0.000000 -0.289645
0.507509 -0.365839 0.287757 2.661208 -0.950603 -4.184130 0.000000 0.000000 -0.289614
0.507797 -0.366184 0.287470 2.661335 -0.948823 -4.184096 0.000000 0.000000 -0.289680
0.508091 -0.366538 0.287176 2.661469 -0.947005 -4.184055 0.000000 0.000000 -0.289815
0.508385 -0.366892 0.286883 2.661604 -0.945188 -4.184013 0.000000 0.000000 -0.289950
0.508679 -0.367246 0.286590 2.661738 -0.943371 -4.183972 0.000000 0.000000 -0.290084
0.508972 -0.367599 0.286297 2.661873 -0.941554 -4.183931 0.000000 0.000000 -0.290219
0.509266 -0.367953 0.286003 2.662007 -0.939736 -4.183889 0.000000 0.000000 -0.290354
0.509560 -0.368307 0.285710 2.662142 -0.937919 -4.183848 0.000000 0.000000 -0.290489
0.509854 -0.368661 0.285417 2.662276 -0.936102 -4.183807 0.000000 0.000000 -0.290624
0.510148 -0.369015 0.285124 2.662411 -0.934285 -4.183765 0.000000 0.000000 -0.290759
0.510442 -0.369369 0.284831 2.662545 -0.932467 -4.183724 0.000000 0.000000 -0.290894
0.510736 -0.369722 0.284537 2.662680 -0.930650 -4.183683 0.000000 0.000000 -0.291029
0.511029 -0.370076 0.284244 2.662814 -0.928833 -4.183641 0.000000 0.000000 -0.291164
0.511323 -0.370430 0.283951 2.662949 -0.927016 -4.183600 0.000000 0.000000 -0.291299
0.511617 -0.370784 0.283658 2.663083 -0.925199 -4.183559 0.000000 0.000000 -0.291434
0.511911 -0.371138 0.283365 2.663218 -0.923381 -4.183517 0.000000 0.000000 -0.291569
0.512205 -0.371492 0.283071 2.663352 -0.921564 -4.183476 0.000000 0.000000 -0.291704
0.512499 -0.371846 0.282778 2.663487 -0.919746 -4.183435 0.000000 0.000000 -0.291840
0.512804 -0.372217 0.282474 2.663643 -0.917863 -4.183383 0.000000 0.000000 -0.292098
0.513110 -0.372588 0.282169 2.663798 -0.915980 -4.183332 0.000000 0.000000 -0.292357
0.513415 -0.372959 0.281865 2.663954 -0.914097 -4.183280 0.000000 0.000000 -0.292615
0.513721 -0.373331 0.281561 2.664110 -0.912213 -4.183229 0.000000 0.000000 -0.292874
0.514026 -0.373702 0.281257 2.664266 -0.910330 -4.183178 0.000000 0.000000 -0.293132
0.514331 -0.374073 0.280952 2.664422 -0.908447 -4.183126 0.000000 0.000000 -0.293391
0.514637 -0.374444 0.280648 2.664578 -0.906564 -4.183075 0.000000 0.000000 -0.293650
0.514942 -0.374816 0.280344 2.664734 -0.904681 -4.183024 0.000000 0.000000 -0.293908
0.515248 -0.375187 0.280040 2.664889 -0.902798 -4.182972 0.000000 0.000000 -0.294167
0.515553 -0.375558 0.279735 2.665045 -0.900914 -4.182921 0.000000 0.000000 -0.294425
0.515858 -0.375929 0.279431 2.665201 -0.899031 -4.182869 0.000000 0.000000 -0.294684
0.516164 -0.376301 0.279127 2.665357 -0.897148 -4.182818 0.000000 0.000000 -0.294942
0.516469 -0.376672 0.278823 2.665513 -0.895265 -4.182767 0.000000 0.000000 -0.295201
0.516775 -0.377043 0.278519 2.665669 -0.893382 -4.182715 0.000000 0.000000 -0.295459
0.517080 -0.377414 0.278214 2.665825 -0.891498 -4.182664 0.000000 0.000000 -0.295718
0.517386 -0.377786 0.277910 2.665981 -0.889615 -4.182613 0.000000 0.000000 -0.295976
0.517691 -0.378157 0.277606 2.666136 -0.887732 -4.182561 0.000000 0.000000 -0.296235
0.517996 -0.378528 0.277302 2.666292 -0.885849 -4.182510 0.000000 0.000000 -0.296493
0.518302 -0.378899 0.276997 2.666448 -0.883966 -4.182459 0.000000 0.000000 -0.296752
0.518607 -0.379271 0.276693 2.666604 -0.882083 -4.182407 0.000000 0.000000 -0.297010
0.518913 -0.379642 0.276389 2.666760 -0.880199 -4.182356 0.000000 0.000000 -0.297269
0.519218 -0.380013 0.276085 2.666916 -0.878316 -4.182304 0.000000 0.000000 -0.297527
0.519533 -0.380396 0.275773 2.667084 -0.876381 -4.182247 0.000000 0.000000 -0.298207
0.519849 -0.380780 0.275461 2.667254 -0.874442 -4.182189 0.000000 0.000000 -0.298927
0.520164 -0.381164 0.275148 2.667424 -0.872502 -4.182131 0.000000 0.000000 -0.299647
0.520480 -0.381548 0.274836 2.667593 -0.870562 -4.182073 0.000000 0.000000 -0.300367
0.520796 -0.381932 0.274524 2.667763 -0.868623 -4.182016 0.000000 0.000000 -0.301087
0.521111 -0.382316 0.274211 2.667933 -0.866683 -4.181958 0.000000 0.000000 -0.301807
0.521427 -0.382700 0.273899 2.668103 -0.864743 -4.181900 0.000000 0.000000 -0.302527
0.521743 -0.383084 0.273587 2.668272 -0.862804 -4.181842 0.000000 0.000000 -0.303247
0.522058 -0.383468 0.273274 2.668442 -0.860864 -4.181784 0.000000 0.000000 -0.303968
0.522374 -0.383852 0.272962 2.668612 -0.858924 -4.181726 0.000000 0.000000 -0.304688
0.522690 -0.384236 0.272650 2.668782 -0.856985 -4.181668 0.000000 0.000000 -0.305408
0.523005 -0.384620 0.272337 2.668951 -0.855045 -4.181610 0.000000 0.000000 -0.306128
0.523321 -0.385005 0.272025 2.669121 -0.853105 -4.181553 0.000000 0.000000 -0.306848
0.523637 -0.385389 0.271713 2.669291 -0.851166 -4.181495 0.000000 0.000000 -0.307568
0.523952 -0.385773 0.271400 2.669460 -0.849226 -4.181437 0.000000 0.000000 -0.308288
0.524268 -0.386157 0.271088 2.669630 -0.847286 -4.181379 0.000000 0.000000 -0.309008
0.524586 -0.386544 0.270773 2.669807 -0.845328 -4.181315 0.000000 0.000000 -0.309753
0.524909 -0.386937 0.270451 2.669999 -0.843333 -4.181238 0.000000 0.000000 -0.310547
0.525232 -0.387330 0.270130 2.670192 -0.841338 -4.181161 0.000000 0.000000 -0.311341
0.525555 -0.387723 0.269809 2.670384 -0.839343 -4.181084 0.000000 0.000000 -0.312134
0.525877 -0.388116 0.269487 2.670576 -0.837348 -4.181007 0.000000 0.000000 -0.312928
0.526200 -0.388510 0.269166 2.670768 -0.835354 -4.180930 0.000000 0.000000 -0.313722
0.526523 -0.388903 0.268844 2.670960 -0.833359 -4.180853 0.000000 0.000000 -0.314516
0.526846 -0.389296 0.268523 2.671152 -0.831364 -4.180776 0.000000 0.000000 -0.315309
0.527169 -0.389689 0.268202 2.671344 -0.829369 -4.180699 0.000000 0.000000 -0.316103
0.527491 -0.390082 0.267880 2.671536 -0.827374 -4.180622 0.000000 0.000000 -0.316897
0.527814 -0.390475 0.267559 2.671728 -0.825379 -4.180545 0.000000 0.000000 -0.317691
0.528137 -0.390869 0.267237 2.671920 -0.823384 -4.180469 0.000000 0.000000 -0.318484
0.528460 -0.391262 0.266916 2.672112 -0.821389 -4.180392 0.000000 0.000000 -0.319278
0.528783 -0.391655 0.266595 2.672304 -0.819394 -4.180315 0.000000 0.000000 -0.320072
0.529105 -0.392048 0.266273 2.672496 -0.817400 -4.180238 0.000000 0.000000 -0.320866
0.529428 -0.392441 0.265952 2.672688 -0.815405 -4.180161 0.000000 0.000000 -0.321659
0.529751 -0.392834 0.265631 2.672880 -0.813410 -4.180084 0.000000 0.000000 -0.322453
0.530076 -0.393230 0.265305 2.673093 -0.811395 -4.179991 0.000000 0.000000 -0.322801
0.530401 -0.393627 0.264978 2.673313 -0.809374 -4.179894 0.000000 0.000000 -0.323012
0.530726 -0.394024 0.264652 2.673533 -0.807354 -4.179797 0.000000 0.000000 -0.323224
0.531051 -0.394421 0.264325 2.673752 -0.805333 -4.179700 0.000000 0.000000 -0.323436
0.531376 -0.394818 0.263998 2.673972 -0.803312 -4.179603 0.000000 0.000000 -0.323648
0.531701 -0.395214 0.263671 2.674192 -0.801292 -4.179506 0.000000 0.000000 -0.323859
0.532026 -0.395611 0.263345 2.674411 -0.799271 -4.179409 0.000000 0.000000 -0.324071
0.532351 -0.396008 0.263018 2.674631 -0.797250 -4.179312 0.000000 0.000000 -0.324283
0.532676 -0.396405 0.262691 2.674851 -0.795230 -4.179214 0.000000 0.000000 -0.324495
0.533001 -0.396802 0.262364 2.675070 -0.793209 -4.179117 0.000000 0.000000 -0.324706
0.533326 -0.397199 0.262038 2.675290 -0.791188 -4.179020 0.000000 0.000000 -0.324918
0.533651 -0.397595 0.261711 2.675510 -0.789168 -4.178923 0.000000 0.000000 -0.325130
0.533976 -0.397992 0.261384 2.675729 -0.787147 -4.178826 0.000000 0.000000 -0.325342
0.534301 -0.398389 0.261057 2.675949 -0.785126 -4.178729 0.000000 0.000000 -0.325554
0.534626 -0.398786 0.260731 2.676169 -0.783106 -4.178632 0.000000 0.000000 -0.325765
0.534951 -0.399183 0.260404 2.676388 -0.781085 -4.178535 0.000000 0.000000 -0.325977
0.535276 -0.399579 0.260077 2.676608 -0.779064 -4.178437 0.000000 0.000000 -0.326189
0.535601 -0.399976 0.259751 2.676828 -0.777044 -4.178340 0.000000 0.000000 -0.326401
0.535926 -0.400373 0.259424 2.677047 -0.775023 -4.178243 0.000000 0.000000 -0.326612
0.536251 -0.400770 0.259097 2.677267 -0.773002 -4.178146 0.000000 0.000000 -0.326824
0.536576 -0.401167 0.258770 2.677487 -0.770982 -4.178049 0.000000 0.000000 -0.327036
0.536901 -0.401564 0.258444 2.677706 -0.768961 -4.177952 0.000000 0.000000 -0.327248
0.537224 -0.401960 0.258117 2.677940 -0.766943 -4.177840 0.000000 0.000000 -0.327195
0.537546 -0.402355 0.257791 2.678181 -0.764927 -4.177721 0.000000 0.000000 -0.327013
0.537869 -0.402751 0.257464 2.678422 -0.762910 -4.177601 0.000000 0.000000 -0.326831
0.538191 -0.403147 0.257138 2.678663 -0.760894 -4.177482 0.000000 0.000000 -0.326649
0.538513 -0.403543 0.256811 2.678903 -0.758877 -4.177363 0.000000 0.000000 -0.326466
0.538836 -0.403939 0.256485 2.679144 -0.756861 -4.177244 0.000000 0.000000 -0.326284
0.539158 -0.404334 0.256158 2.679385 -0.754844 -4.177124 0.000000 0.000000 -0.326102
0.539481 -0.404730 0.255832 2.679626 -0.752828 -4.177005 0.000000 0.000000 -0.325919
0.539803 -0.405126 0.255506 2.679867 -0.750811 -4.176886 0.000000 0.000000 -0.325737
0.540125 -0.405522 0.255179 2.680107 -0.748795 -4.176767 0.000000 0.000000 -0.325555
0.540448 -0.405918 0.254853 2.680348 -0.746779 -4.176647 0.000000 0.000000 -0.325373
0.540770 -0.406313 0.254526 2.680589 -0.744762 -4.176528 0.000000 0.000000 -0.325190
0.541093 -0.406709 0.254200 2.680830 -0.742746 -4.176409 0.000000 0.000000 -0.325008
0.541415 -0.407105 0.253873 2.681071 -0.740729 -4.176290 0.000000 0.000000 -0.324826
0.541737 -0.407501 0.253547 2.681311 -0.738713 -4.176171 0.000000 0.000000 -0.324643
0.542060 -0.407897 0.253221 2.681552 -0.736696 -4.176051 0.000000 0.000000 -0.324461
0.542382 -0.408292 0.252894 2.681797 -0.734682 -4.175930 0.000000 0.000000 -0.324272
0.542698 -0.408685 0.252567 2.682079 -0.732685 -4.175791 0.000000 0.000000 -0.324021
0.543014 -0.409078 0.252239 2.682361 -0.730688 -4.175652 0.000000 0.000000 -0.323770
0.543329 -0.409470 0.251912 2.682643 -0.728692 -4.175512 0.000000 0.000000 -0.323519
0.543645 -0.409863 0.251585 2.682926 -0.726695 -4.175373 0.000000 0.000000 -0.323267
0.543961 -0.410256 0.251257 2.683208 -0.724699 -4.175234 0.000000 0.000000 -0.323016
0.544277 -0.410648 0.250930 2.683490 -0.722702 -4.175095 0.000000 0.000000 -0.322765
0.544593 -0.411041 0.250603 2.683772 -0.720706 -4.174956 0.000000 0.000000 -0.322514
0.544909 -0.411434 0.250275 2.684054 -0.718709 -4.174816 0.000000 0.000000 -0.322263
0.545225 -0.411826 0.249948 2.684336 -0.716713 -4.174677 0.000000 0.000000 -0.322011
0.545541 -0.412219 0.249621 2.684618 -0.714716 -4.174538 0.000000 0.000000 -0.321760
0.545857 -0.412612 0.249293 2.684901 -0.712719 -4.174399 0.000000 0.000000 -0.321509
0.546173 -0.413004 0.248966 2.685183 -0.710723 -4.174260 0.000000 0.000000 -0.321258
0.546489 -0.413397 0.248639 2.685465 -0.708726 -4.174120 0.000000 0.000000 -0.321007
0.546805 -0.413790 0.248311 2.685747 -0.706730 -4.173981 0.000000 0.000000 -0.320756
0.547121 -0.414182 0.247984 2.686029 -0.704733 -4.173842 0.000000 0.000000 -0.320504
0.547437 -0.414575 0.247657 2.686311 -0.702737 -4.173703 0.000000 0.000000 -0.320253
0.547749 -0.414963 0.247330 2.686604 -0.700757 -4.173552 0.000000 0.000000 -0.319438
0.548057 -0.415347 0.247004 2.686906 -0.698792 -4.173392 0.000000 0.000000 -0.318111
0.548366 -0.415731 0.246678 2.687208 -0.696827 -4.173231 0.000000 0.000000 -0.316784
0.548674 -0.416116 0.246353 2.687510 -0.694863 -4.173070 0.000000 0.000000 -0.315457
0.548983 -0.416500 0.246027 2.687812 -0.692898 -4.172909 0.000000 0.000000 -0.314129
0.549291 -0.416884 0.245701 2.688114 -0.690933 -4.172749 0.000000 0.000000 -0.312802
0.549600 -0.417268 0.245375 2.688416 -0.688969 -4.172588 0.000000 0.000000 -0.311475
0.549908 -0.417652 0.245049 2.688718 -0.687004 -4.172427 0.000000 0.000000 -0.310148
0.550217 -0.418036 0.244724 2.689020 -0.685039 -4.172267 0.000000 0.000000 -0.308820
0.550525 -0.418420 0.244398 2.689322 -0.683075 -4.172106 0.000000 0.000000 -0.307493
0.550834 -0.418804 0.244072 2.689624 -0.681110 -4.171945 0.000000 0.000000 -0.306166
0.551142 -0.419188 0.243746 2.689926 -0.679145 -4.171785 0.000000 0.000000 -0.304839
0.551451 -0.419573 0.243420 2.690228 -0.677181 -4.171624 0.000000 0.000000 -0.303511
0.551759 -0.419957 0.243094 2.690530 -0.675216 -4.171463 0.000000 0.000000 -0.302184
0.552068 -0.420341 0.242769 2.690832 -0.673251 -4.171303 0.000000 0.000000 -0.300857
0.552376 -0.420725 0.242443 2.691134 -0.671287 -4.171142 0.000000 0.000000 -0.299530
0.552685 -0.421109 0.242117 2.691436 -0.669322 -4.170981 0.000000 0.000000 -0.298202
0.552993 -0.421493 0.241791 2.691738 -0.667357 -4.170820 0.000000 0.000000 -0.296875
0.553302 -0.421877 0.241465 2.692040 -0.665393 -4.170660 0.000000 0.000000 -0.295548
0.553610 -0.422261 0.241140 2.692342 -0.663428 -4.170499 0.000000 0.000000 -0.294221
0.553919 -0.422646 0.240814 2.692644 -0.661463 -4.170338 0.000000 0.000000 -0.292893
0.554227 -0.423030 0.240488 2.692946 -0.659499 -4.170178 0.000000 0.000000 -0.291566
0.554532 -0.423409 0.240163 2.693250 -0.657551 -4.170009 0.000000 0.000000 -0.290026
0.554833 -0.423780 0.239838 2.693559 -0.655627 -4.169831 0.000000 0.000000 -0.288200
0.555133 -0.424152 0.239514 2.693868 -0.653703 -4.169653 0.000000 0.000000 -0.286373
0.555433 -0.424524 0.239190 2.694177 -0.651779 -4.169475 0.000000 0.000000 -0.284547
0.555733 -0.424895 0.238865 2.694486 -0.649855 -4.169297 0.000000 0.000000 -0.282721
0.556033 -0.425267 0.238541 2.694795 -0.647931 -4.169119 0.000000 0.000000 -0.280894
0.556333 -0.425639 0.238217 2.695104 -0.646007 -4.168941 0.000000 0.000000 -0.279068
0.556633 -0.426010 0.237893 2.695413 -0.644083 -4.168762 0.000000 0.000000 -0.277242
0.556933 -0.426382 0.237568 2.695722 -0.642158 -4.168584 0.000000 0.000000 -0.275415
0.557234 -0.426754 0.237244 2.696031 -0.640234 -4.168406 0.000000 0.000000 -0.273589
0.557534 -0.427125 0.236920 2.696340 -0.638310 -4.168228 0.000000 0.000000 -0.271763
0.557834 -0.427497 0.236595 2.696648 -0.636386 -4.168050 0.000000 0.000000 -0.269936
0.558134 -0.427869 0.236271 2.696957 -0.634462 -4.167872 0.000000 0.000000 -0.268110
0.558434 -0.428240 0.235947 2.697266 -0.632538 -4.167694 0.000000 0.000000 -0.266284
0.558734 -0.428612 0.235622 2.697575 -0.630614 -4.167515 0.000000 0.000000 -0.264457
0.559034 -0.428984 0.235298 2.697884 -0.628690 -4.167337 0.000000 0.000000 -0.262631
0.559334 -0.429356 0.234974 2.698193 -0.626766 -4.167159 0.000000 0.000000 -0.260805
0.559626 -0.429714 0.234651 2.698520 -0.624900 -4.166984 0.000000 0.000000 -0.258898
0.559917 -0.430071 0.234329 2.698851 -0.623045 -4.166810 0.000000 0.000000 -0.256978
0.560207 -0.430427 0.234007 2.699181 -0.621189 -4.166636 0.000000 0.000000 -0.255058
0.560498 -0.430784 0.233685 2.699511 -0.619334 -4.166462 0.000000 0.000000 -0.253138
0.560788 -0.431140 0.233363 2.699842 -0.617479 -4.166288 0.000000 0.000000 -0.251218
0.561079 -0.431497 0.233041 2.700172 -0.615623 -4.166114 0.000000 0.000000 -0.249297
0.561369 -0.431853 0.232719 2.700502 -0.613768 -4.165940 0.000000 0.000000 -0.247377
0.561660 -0.432210 0.232397 2.700833 -0.611912 -4.165766 0.000000 0.000000 -0.245457
0.561950 -0.432566 0.232075 2.701163 -0.610057 -4.165592 0.000000 0.000000 -0.243537
0.562240 -0.432923 0.231753 2.701493 -0.608201 -4.165418 0.000000 0.000000 -0.241617
0.562531 -0.433279 0.231431 2.701824 -0.606346 -4.165244 0.000000 0.000000 -0.239696
0.562821 -0.433635 0.231108 2.702154 -0.604491 -4.165070 0.000000 0.000000 -0.237776
0.563112 -0.433992 0.230786 2.702484 -0.602635 -4.164896 0.000000 0.000000 -0.235856
0.563402 -0.434348 0.230464 2.702815 -0.600780 -4.164721 0.000000 0.000000 -0.233936
0.563693 -0.434705 0.230142 2.703145 -0.598924 -4.164547 0.000000 0.000000 -0.232016
0.563983 -0.435061 0.229820 2.703476 -0.597069 -4.164373 0.000000 0.000000 -0.230095
0.564270 -0.435413 0.229498 2.703812 -0.595232 -4.164197 0.000000 0.000000 -0.228089
0.564549 -0.435752 0.229177 2.704164 -0.593443 -4.164015 0.000000 0.000000 -0.225860
0.564827 -0.436091 0.228855 2.704516 -0.591653 -4.163834 0.000000 0.000000 -0.223632
0.565106 -0.436430 0.228534 2.704868 -0.589864 -4.163652 0.000000 0.000000 -0.221404
0.565384 -0.436769 0.228212 2.705220 -0.588074 -4.163470 0.000000 0.000000 -0.219175
0.565662 -0.437107 0.227891 2.705572 -0.586285 -4.163288 0.000000 0.000000 -0.216947
0.565941 -0.437446 0.227569 2.705924 -0.584495 -4.163107 0.000000 0.000000 -0.214719
0.566219 -0.437785 0.227248 2.706276 -0.582706 -4.162925 0.000000 0.000000 -0.212490
0.566498 -0.438124 0.226926 2.706628 -0.580916 -4.162743 0.000000 0.000000 -0.210262
0.566776 -0.438463 0.226605 2.706980 -0.579127 -4.162562 0.000000 0.000000 -0.208033
0.567054 -0.438802 0.226283 2.707332 -0.577337 -4.162380 0.000000 0.000000 -0.205805
0.567333 -0.439141 0.225962 2.707683 -0.575548 -4.162198 0.000000 0.000000 -0.203577
0.567611 -0.439480 0.225640 2.708035 -0.573758 -4.162016 0.000000 0.000000 -0.201348
0.567890 -0.439819 0.225319 2.708387 -0.571969 -4.161835 0.000000 0.000000 -0.199120
0.568168 -0.440158 0.224997 2.708739 -0.570180 -4.161653 0.000000 0.000000 -0.196892
0.568447 -0.440497 0.224676 2.709091 -0.568390 -4.161471 0.000000 0.000000 -0.194663
0.568725 -0.440835 0.224354 2.709443 -0.566601 -4.161289 0.000000 0.000000 -0.192435
0.569003 -0.441174 0.224033 2.709795 -0.564811 -4.161108 0.000000 0.000000 -0.190207
0.569282 -0.441513 0.223711 2.710147 -0.563022 -4.160926 0.000000 0.000000 -0.187978
0.569560 -0.441852 0.223390 2.710499 -0.561232 -4.160744 0.000000 0.000000 -0.185750
0.569839 -0.442191 0.223068 2.710851 -0.559443 -4.160563 0.000000 0.000000 -0.183521
0.570117 -0.442530 0.222747 2.711203 -0.557653 -4.160381 0.000000 0.000000 -0.181293
0.570393 -0.442865 0.222425 2.711556 -0.555877 -4.160197 0.000000 0.000000 -0.179131
0.570660 -0.443184 0.222104 2.711911 -0.554158 -4.160006 0.000000 0.000000 -0.177261
0.570926 -0.443502 0.221783 2.712266 -0.552439 -4.159815 0.000000 0.000000 -0.175391
0.571193 -0.443821 0.221462 2.712621 -0.550720 -4.159624 0.000000 0.000000 -0.173522
0.571460 -0.444139 0.221141 2.712977 -0.549001 -4.159432 0.000000 0.000000 -0.171652
0.571726 -0.444458 0.220820 2.713332 -0.547282 -4.159241 0.000000 0.000000 -0.169783
0.571993 -0.444776 0.220499 2.713687 -0.545563 -4.159050 0.000000 0.000000 -0.167913
0.572259 -0.445095 0.220178 2.714042 -0.543844 -4.158859 0.000000 0.000000 -0.166044
0.572526 -0.445413 0.219857 2.714397 -0.542125 -4.158667 0.000000 0.000000 -0.164174
0.572792 -0.445732 0.219536 2.714753 -0.540406 -4.158476 0.000000 0.000000 -0.162305
0.573059 -0.446050 0.219215 2.715108 -0.538687 -4.158285 0.000000 0.000000 -0.160435
0.573326 -0.446369 0.218894 2.715463 -0.536968 -4.158093 0.000000 0.000000 -0.158566
0.573592 -0.446687 0.218573 2.715818 -0.535249 -4.157902 0.000000 0.000000 -0.156696
0.573859 -0.447006 0.218252 2.716173 -0.533530 -4.157711 0.000000 0.000000 -0.154827
0.574125 -0.447324 0.217931 2.716529 -0.531811 -4.157520 0.000000 0.000000 -0.152957
0.574392 -0.447643 0.217610 2.716884 -0.530092 -4.157328 0.000000 0.000000 -0.151088
0.574659 -0.447961 0.217289 2.717239 -0.528374 -4.157137 0.000000 0.000000 -0.149218
0.574916 -0.448266 0.216970 2.717605 -0.526720 -4.156952 0.000000 0.000000 -0.147199
0.575168 -0.448561 0.216652 2.717978 -0.525108 -4.156770 0.000000 0.000000 -0.145085
0.575420 -0.448857 0.216334 2.718352 -0.523497 -4.156589 0.000000 0.000000 -0.142971
0.575672 -0.449152 0.216015 2.718725 -0.521885 -4.156408 0.000000 0.000000 -0.140857
0.575924 -0.449448 0.215697 2.719098 -0.520274 -4.156226 0.000000 0.000000 -0.138743
0.576176 -0.449744 0.215379 2.719471 -0.518662 -4.156045 0.000000 0.000000 -0.136629
0.576428 -0.450039 0.215061 2.719844 -0.517050 -4.155863 0.000000 0.000000 -0.134514
0.576680 -0.450335 0.214743 2.720218 -0.515439 -4.155682 0.000000 0.000000 -0.132400
0.576932 -0.450631 0.214425 2.720591 -0.513827 -4.155500 0.000000 0.000000 -0.130286
0.577184 -0.450926 0.214106 2.720964 -0.512215 -4.155319 0.000000 0.000000 -0.128172
0.577436 -0.451222 0.213788 2.721337 -0.510604 -4.155137 0.000000 0.000000 -0.126058
0.577688 -0.451517 0.213470 2.721710 -0.508992 -4.154956 0.000000 0.000000 -0.123943
0.577940 -0.451813 0.213152 2.722083 -0.507381 -4.154775 0.000000 0.000000 -0.121829
0.578192 -0.452109 0.212834 2.722457 -0.505769 -4.154593 0.000000 0.000000 -0.119715
0.578444 -0.452404 0.212515 2.722830 -0.504157 -4.154412 0.000000 0.000000 -0.117601
0.578696 -0.452700 0.212197 2.723203 -0.502546 -4.154230 0.000000 0.000000 -0.115487
0.578948 -0.452995 0.211879 2.723577 -0.500938 -4.154049 0.000000 0.000000 -0.113373
0.579184 -0.453266 0.211562 2.723982 -0.499439 -4.153876 0.000000 0.000000 -0.111272
0.579421 -0.453536 0.211245 2.724387 -0.497939 -4.153703 0.000000 0.000000 -0.109170
0.579658 -0.453807 0.210928 2.724793 -0.496440 -4.153530 0.000000 0.000000 -0.107069
0.579895 -0.454078 0.210610 2.725198 -0.494940 -4.153357 0.000000 0.000000 -0.104967
0.580131 -0.454349 0.210293 2.725603 -0.493440 -4.153184 0.000000 0.000000 -0.102866
0.580368 -0.454620 0.209976 2.726008 -0.491941 -4.153011 0.000000 0.000000 -0.100764
0.580605 -0.454891 0.209659 2.726413 -0.490441 -4.152838 0.000000 0.000000 -0.098663
0.580842 -0.455162 0.209342 2.726818 -0.488942 -4.152665 0.000000 0.000000 -0.096561
0.581079 -0.455433 0.209025 2.727223 -0.487442 -4.152492 0.000000 0.000000 -0.094460
0.581315 -0.455704 0.208707 2.727628 -0.485943 -4.152319 0.000000 0.000000 -0.092358
0.581552 -0.455975 0.208390 2.728033 -0.484443 -4.152146 0.000000 0.000000 -0.090257
0.581789 -0.456246 0.208073 2.728438 -0.482943 -4.151973 0.000000 0.000000 -0.088155
0.582026 -0.456517 0.207756 2.728843 -0.481444 -4.151800 0.000000 0.000000 -0.086054
0.582262 -0.456788 0.207439 2.729248 -0.479944 -4.151628 0.000000 0.000000 -0.083953
0.582499 -0.457059 0.207122 2.729653 -0.478445 -4.151455 0.000000 0.000000 -0.081851
0.582736 -0.457329 0.206804 2.730058 -0.476945 -4.151282 0.000000 0.000000 -0.079750
0.582973 -0.457600 0.206487 2.730463 -0.475446 -4.151109 0.000000 0.000000 -0.077648
0.583210 -0.457871 0.206170 2.730869 -0.473946 -4.150936 0.000000 0.000000 -0.075547
0.583446 -0.458142 0.205853 2.731274 -0.472446 -4.150763 0.000000 0.000000 -0.073445
0.583683 -0.458413 0.205536 2.731679 -0.470947 -4.150590 0.000000 0.000000 -0.071344
0.583920 -0.458684 0.205219 2.732084 -0.469447 -4.150417 0.000000 0.000000 -0.069242
0.584157 -0.458955 0.204901 2.732489 -0.467948 -4.150244 0.000000 0.000000 -0.067141
0.584383 -0.459203 0.204582 2.732908 -0.466539 -4.150078 0.000000 0.000000 -0.065495
0.584608 -0.459451 0.204263 2.733327 -0.465135 -4.149913 0.000000 0.000000 -0.063879
0.584834 -0.459698 0.203944 2.733747 -0.463732 -4.149748 0.000000 0.000000 -0.062262
0.585060 -0.459945 0.203625 2.734167 -0.462328 -4.149583 0.000000 0.000000 -0.060645
0.585285 -0.460192 0.203306 2.734587 -0.460925 -4.149418 0.000000 0.000000 -0.059029
0.585511 -0.460439 0.202987 2.735006 -0.459521 -4.149252 0.000000 0.000000 -0.057412
0.585736 -0.460686 0.202668 2.735426 -0.458118 -4.149087 0.000000 0.000000 -0.055795
0.585962 -0.460933 0.202349 2.735846 -0.456715 -4.148922 0.000000 0.000000 -0.054179
0.586187 -0.461180 0.202030 2.736266 -0.455311 -4.148757 0.000000 0.000000 -0.052562
0.586413 -0.461427 0.201710 2.736685 -0.453908 -4.148592 0.000000 0.000000 -0.050945
0.586638 -0.461674 0.201391 2.737105 -0.452504 -4.148427 0.000000 0.000000 -0.049329
0.586864 -0.461921 0.201072 2.737525 -0.451101 -4.148262 0.000000 0.000000 -0.047712
0.587089 -0.462168 0.200753 2.737945 -0.449698 -4.148097 0.000000 0.000000 -0.046095
0.587315 -0.462415 0.200434 2.738364 -0.448294 -4.147931 0.000000 0.000000 -0.044479
0.587541 -0.462662 0.200115 2.738784 -0.446891 -4.147766 0.000000 0.000000 -0.042862
0.587766 -0.462909 0.199796 2.739204 -0.445487 -4.147601 0.000000 0.000000 -0.041245
0.587989 -0.463148 0.199476 2.739628 -0.444114 -4.147445 0.000000 0.000000 -0.039719
0.588206 -0.463374 0.199153 2.740059 -0.442794 -4.147306 0.000000 0.000000 -0.038349
0.588423 -0.463600 0.198831 2.740490 -0.441473 -4.147167 0.000000 0.000000 -0.036979
0.588640 -0.463826 0.198508 2.740922 -0.440152 -4.147028 0.000000 0.000000 -0.035608
0.588858 -0.464051 0.198186 2.741353 -0.438832 -4.146888 0.000000 0.000000 -0.034238
0.589075 -0.464277 0.197864 2.741784 -0.437511 -4.146749 0.000000 0.000000 -0.032868
0.589292 -0.464503 0.197541 2.742215 -0.436191 -4.146610 0.000000 0.000000 -0.031497
0.589510 -0.464729 0.197219 2.742647 -0.434870 -4.146471 0.000000 0.000000 -0.030127
0.589727 -0.464955 0.196897 2.743078 -0.433550 -4.146331 0.000000 0.000000 -0.028757
0.589944 -0.465180 0.196574 2.743509 -0.432229 -4.146192 0.000000 0.000000 -0.027386
0.590161 -0.465406 0.196252 2.743940 -0.430908 -4.146053 0.000000 0.000000 -0.026016
0.590379 -0.465632 0.195930 2.744371 -0.429588 -4.145914 0.000000 0.000000 -0.024646
0.590596 -0.465858 0.195607 2.744803 -0.428267 -4.145774 0.000000 0.000000 -0.023275
0.590813 -0.466084 0.195285 2.745234 -0.426947 -4.145635 0.000000 0.000000 -0.021905
0.591031 -0.466309 0.194962 2.745665 -0.425626 -4.145496 0.000000 0.000000 -0.020535
0.591248 -0.466535 0.194640 2.746096 -0.424305 -4.145357 0.000000 0.000000 -0.019164
0.591465 -0.466761 0.194318 2.746528 -0.422985 -4.145217 0.000000 0.000000 -0.017794
0.591676 -0.466969 0.193995 2.746953 -0.421735 -4.145094 0.000000 0.000000 -0.016252
0.591885 -0.467172 0.193672 2.747377 -0.420503 -4.144975 0.000000 0.000000 -0.014666
0.592094 -0.467375 0.193348 2.747801 -0.419271 -4.144855 0.000000 0.000000 -0.013080
0.592303 -0.467579 0.193025 2.748225 -0.418040 -4.144736 0.000000 0.000000 -0.011495
0.592512 -0.467782 0.192702 2.748649 -0.416808 -4.144616 0.000000 0.000000 -0.009909
0.592721 -0.467985 0.192379 2.749072 -0.415576 -4.144497 0.000000 0.000000 -0.008323
0.592930 -0.468188 0.192056 2.749496 -0.414344 -4.144377 0.000000 0.000000 -0.006737
0.593139 -0.468392 0.191732 2.749920 -0.413113 -4.144258 0.000000 0.000000 -0.005151
0.593348 -0.468595 0.191409 2.750344 -0.411881 -4.144139 0.000000 0.000000 -0.003565
0.593557 -0.468798 0.191086 2.750768 -0.410649 -4.144019 0.000000 0.000000 -0.001979
0.593766 -0.469002 0.190763 2.751192 -0.409417 -4.143900 0.000000 0.000000 -0.000393
0.593975 -0.469205 0.190440 2.751616 -0.408186 -4.143780 0.000000 0.000000 0.001193
0.594184 -0.469408 0.190117 2.752040 -0.406954 -4.143661 0.000000 0.000000 0.002779
0.594393 -0.469611 0.189793 2.752464 -0.405722 -4.143542 0.000000 0.000000 0.004365
0.594602 -0.469815 0.189470 2.752887 -0.404490 -4.143422 0.000000 0.000000 0.005950
0.594811 -0.470018 0.189147 2.753311 -0.403259 -4.143303 0.000000 0.000000 0.007536
0.595020 -0.470221 0.188824 2.753735 -0.402027 -4.143183 0.000000 0.000000 0.009122
0.595229 -0.470424 0.188501 2.754159 -0.400795 -4.143064 0.000000 0.000000 0.010708
0.595438 -0.470628 0.188178 2.754583 -0.399563 -4.142945 0.000000 0.000000 0.012294
0.595647 -0.470831 0.187854 2.755007 -0.398332 -4.142825 0.000000 0.000000 0.013880
0.595856 -0.471034 0.187531 2.755431 -0.397100 -4.142706 0.000000 0.000000 0.015466
0.596065 -0.471237 0.187208 2.755855 -0.395868 -4.142586 0.000000 0.000000 0.017052
0.596266 -0.471426 0.186882 2.756286 -0.394703 -4.142479 0.000000 0.000000 0.018870
0.596464 -0.471608 0.186555 2.756721 -0.393566 -4.142377 0.000000 0.000000 0.020788
0.596662 -0.471790 0.186228 2.757156 -0.392430 -4.142275 0.000000 0.000000 0.022707
0.596860 -0.471972 0.185901 2.757591 -0.391293 -4.142172 0.000000 0.000000 0.024625
0.597057 -0.472154 0.185574 2.758025 -0.390156 -4.142070 0.000000 0.000000 0.026543
0.597255 -0.472336 0.185247 2.758460 -0.389020 -4.141968 0.000000 0.000000 0.028462
0.597453 -0.472518 0.184920 2.758895 -0.387883 -4.141866 0.000000 0.000000 0.030380
0.597651 -0.472700 0.184592 2.759330 -0.386747 -4.141763 0.000000 0.000000 0.032299
0.597848 -0.472882 0.184265 2.759764 -0.385610 -4.141661 0.000000 0.000000 0.034217
0.598046 -0.473064 0.183938 2.760199 -0.384473 -4.141559 0.000000 0.000000 0.036136
0.598244 -0.473246 0.183611 2.760634 -0.383337 -4.141457 0.000000 0.000000 0.038054
0.598442 -0.473428 0.183284 2.761069 -0.382200 -4.141355 0.000000 0.000000 0.039973
0.598639 -0.473610 0.182957 2.761504 -0.381064 -4.141252 0.000000 0.000000 0.041891
0.598837 -0.473792 0.182630 2.761938 -0.379927 -4.141150 0.000000 0.000000 0.043810
0.599035 -0.473974 0.182303 2.762373 -0.378790 -4.141048 0.000000 0.000000 0.045728
0.599233 -0.474156 0.181976 2.762808 -0.377654 -4.140946 0.000000 0.000000 0.047647
0.599429 -0.474336 0.181648 2.763242 -0.376529 -4.140847 0.000000 0.000000 0.049596
0.599617 -0.474498 0.181320 2.763675 -0.375488 -4.140769 0.000000 0.000000 0.051766
0.599805 -0.474660 0.180991 2.764107 -0.374446 -4.140692 0.000000 0.000000 0.053936
0.599993 -0.474823 0.180663 2.764539 -0.373405 -4.140615 0.000000 0.000000 0.056105
0.600182 -0.474985 0.180334 2.764972 -0.372363 -4.140537 0.000000 0.000000 0.058275
0.600370 -0.475147 0.180006 2.765404 -0.371322 -4.140460 0.000000 0.000000 0.060445
0.600558 -0.475310 0.179677 2.765836 -0.370280 -4.140383 0.000000 0.000000 0.062614
0.600746 -0.475472 0.179349 2.766268 -0.369239 -4.140305 0.000000 0.000000 0.064784
0.600934 -0.475634 0.179020 2.766701 -0.368197 -4.140228 0.000000 0.000000 0.066954
0.601122 -0.475797 0.178691 2.767133 -0.367155 -4.140151 0.000000 0.000000 0.069124
0.601310 -0.475959 0.178363 2.767565 -0.366114 -4.140073 0.000000 0.000000 0.071293
0.601498 -0.476121 0.178034 2.767998 -0.365072 -4.139996 0.000000 0.000000 0.073463
0.601686 -0.476283 0.177706 2.768430 -0.364031 -4.139919 0.000000 0.000000 0.075633
0.601874 -0.476446 0.177377 2.768862 -0.362989 -4.139841 0.000000 0.000000 0.077802
0.602062 -0.476608 0.177049 2.769295 -0.361948 -4.139764 0.000000 0.000000 0.079972
0.602251 -0.476770 0.176720 2.769727 -0.360906 -4.139687 0.000000 0.000000 0.082142
0.602439 -0.476933 0.176392 2.770159 -0.359865 -4.139610 0.000000 0.000000 0.084311
0.602622 -0.477085 0.176061 2.770591 -0.358874 -4.139544 0.000000 0.000000 0.086358
0.602802 -0.477228 0.175729 2.771023 -0.357923 -4.139487 0.000000 0.000000 0.088304
0.602982 -0.477372 0.175397 2.771456 -0.356972 -4.139430 0.000000 0.000000 0.090251
0.603162 -0.477515 0.175064 2.771888 -0.356022 -4.139373 0.000000 0.000000 0.092197
0.603342 -0.477659 0.174732 2.772320 -0.355071 -4.139317 0.000000 0.000000 0.094144
0.603522 -0.477802 0.174400 2.772752 -0.354120 -4.139260 0.000000 0.000000 0.096090
0.603702 -0.477945 0.174068 2.773184 -0.353170 -4.139203 0.000000 0.000000 0.098037
0.603882 -0.478089 0.173736 2.773616 -0.352219 -4.139147 0.000000 0.000000 0.099983
0.604062 -0.478232 0.173403 2.774048 -0.351269 -4.139090 0.000000 0.000000 0.101930
0.604241 -0.478376 0.173071 2.774480 -0.350318 -4.139033 0.000000 0.000000 0.103876
0.604421 -0.478519 0.172739 2.774913 -0.349367 -4.138977 0.000000 0.000000 0.105822
0.604601 -0.478663 0.172407 2.775345 -0.348417 -4.138920 0.000000 0.000000 0.107769
0.604781 -0.478806 0.172075 2.775777 -0.347466 -4.138863 0.000000 0.000000 0.109715
0.604961 -0.478950 0.171742 2.776209 -0.346516 -4.138807 0.000000 0.000000 0.111662
0.605141 -0.479093 0.171410 2.776641 -0.345565 -4.138750 0.000000 0.000000 0.113608
0.605321 -0.479237 0.171078 2.777073 -0.344614 -4.138693 0.000000 0.000000 0.115555
0.605501 -0.479380 0.170746 2.777505 -0.343664 -4.138636 0.000000 0.000000 0.117501
0.605681 -0.479523 0.170414 2.777937 -0.342713 -4.138580 0.000000 0.000000 0.119448
0.605861 -0.479667 0.170081 2.778370 -0.341763 -4.138523 0.000000 0.000000 0.121394
0.606041 -0.479810 0.169749 2.778802 -0.340812 -4.138466 0.000000 0.000000 0.123340
0.606221 -0.479954 0.169417 2.779234 -0.339861 -4.138410 0.000000 0.000000 0.125287
0.606400 -0.480097 0.169085 2.779666 -0.338911 -4.138353 0.000000 0.000000 0.127233
0.606576 -0.480232 0.168751 2.780102 -0.338013 -4.138312 0.000000 0.000000 0.128834
0.606745 -0.480355 0.168414 2.780543 -0.337178 -4.138289 0.000000 0.000000 0.130020
0.606914 -0.480479 0.168077 2.780984 -0.336343 -4.138267 0.000000 0.000000 0.131205
0.607084 -0.480602 0.167740 2.781426 -0.335508 -4.138244 0.000000 0.000000 0.132391
0.607253 -0.480726 0.167403 2.781867 -0.334673 -4.138222 0.000000 0.000000 0.133577
0.607422 -0.480849 0.167066 2.782308 -0.333838 -4.138199 0.000000 0.000000 0.134762
0.607592 -0.480973 0.166729 2.782749 -0.333004 -4.138177 0.000000 0.000000 0.135948
0.607761 -0.481096 0.166393 2.783190 -0.332169 -4.138154 0.000000 0.000000 0.137133
0.607930 -0.481220 0.166056 2.783631 -0.331334 -4.138132 0.000000 0.000000 0.138319
0.608100 -0.481343 0.165719 2.784073 -0.330499 -4.138109 0.000000 0.000000 0.139504
0.608269 -0.481467 0.165382 2.784514 -0.329664 -4.138087 0.000000 0.000000 0.140690
0.608438 -0.481590 0.165045 2.784955 -0.328829 -4.138064 0.000000 0.000000 0.141875
0.608608 -0.481713 0.164708 2.785396 -0.327994 -4.138042 0.000000 0.000000 0.143061
0.608777 -0.481837 0.164372 2.785837 -0.327159 -4.138019 0.000000 0.000000 0.144247
0.608946 -0.481960 0.164035 2.786279 -0.326325 -4.137997 0.000000 0.000000 0.145432
0.609116 -0.482084 0.163698 2.786720 -0.325490 -4.137974 0.000000 0.000000 0.146618
0.609285 -0.482207 0.163361 2.787161 -0.324655 -4.137951 0.000000 0.000000 0.147803
0.609444 -0.482312 0.163024 2.787597 -0.323928 -4.137951 0.000000 0.000000 0.148860
0.609602 -0.482414 0.162686 2.788032 -0.323216 -4.137953 0.000000 0.000000 0.149899
0.609759 -0.482516 0.162349 2.788468 -0.322505 -4.137956 0.000000 0.000000 0.150939
0.609917 -0.482618 0.162011 2.788903 -0.321793 -4.137958 0.000000 0.000000 0.151978
0.610074 -0.482720 0.161674 2.789339 -0.321081 -4.137960 0.000000 0.000000 0.153018
0.610232 -0.482822 0.161337 2.789774 -0.320369 -4.137962 0.000000 0.000000 0.154057
0.610389 -0.482923 0.160999 2.790210 -0.319657 -4.137965 0.000000 0.000000 0.155096
0.610547 -0.483025 0.160662 2.790645 -0.318945 -4.137967 0.000000 0.000000 0.156136
0.610704 -0.483127 0.160324 2.791080 -0.318233 -4.137969 0.000000 0.000000 0.157175
0.610862 -0.483229 0.159987 2.791516 -0.317521 -4.137972 0.000000 0.000000 0.158215
0.611019 -0.483331 0.159650 2.791951 -0.316809 -4.137974 0.000000 0.000000 0.159254
0.611177 -0.483433 0.159312 2.792387 -0.316097 -4.137976 0.000000 0.000000 0.160293
0.611334 -0.483535 0.158975 2.792822 -0.315386 -4.137979 0.000000 0.000000 0.161333
0.611492 -0.483637 0.158637 2.793258 -0.314674 -4.137981 0.000000 0.000000 0.162372
0.611649 -0.483739 0.158300 2.793693 -0.313962 -4.137983 0.000000 0.000000 0.163412
0.611807 -0.483841 0.157963 2.794129 -0.313250 -4.137986 0.000000 0.000000 0.164451
0.611960 -0.483937 0.157625 2.794566 -0.312574 -4.137996 0.000000 0.000000 0.165430
0.612106 -0.484019 0.157286 2.795006 -0.311981 -4.138026 0.000000 0.000000 0.166273
0.612251 -0.484101 0.156947 2.795447 -0.311387 -4.138055 0.000000 0.000000 0.167115
0.612397 -0.484184 0.156607 2.795888 -0.310793 -4.138084 0.000000 0.000000 0.167958
0.612542 -0.484266 0.156268 2.796328 -0.310199 -4.138113 0.000000 0.000000 0.168801
0.612688 -0.484349 0.155929 2.796769 -0.309606 -4.138142 0.000000 0.000000 0.169644
0.612833 -0.484431 0.155590 2.797210 -0.309012 -4.138172 0.000000 0.000000 0.170487
0.612978 -0.484513 0.155251 2.797650 -0.308418 -4.138201 0.000000 0.000000 0.171329
0.613124 -0.484596 0.154912 2.798091 -0.307825 -4.138230 0.000000 0.000000 0.172172
0.613269 -0.484678 0.154573 2.798532 -0.307231 -4.138259 0.000000 0.000000 0.173015
0.613415 -0.484760 0.154234 2.798972 -0.306637 -4.138289 0.000000 0.000000 0.173858
0.613560 -0.484843 0.153895 2.799413 -0.306043 -4.138318 0.000000 0.000000 0.174700
0.613706 -0.484925 0.153555 2.799854 -0.305450 -4.138347 0.000000 0.000000 0.175543
0.613851 -0.485007 0.153216 2.800294 -0.304856 -4.138376 0.000000 0.000000 0.176386
0.613996 -0.485090 0.152877 2.800735 -0.304262 -4.138406 0.000000 0.000000 0.177229
0.614142 -0.485172 0.152538 2.801176 -0.303668 -4.138435 0.000000 0.000000 0.178072
0.614287 -0.485255 0.152199 2.801616 -0.303075 -4.138464 0.000000 0.000000 0.178914
0.614433 -0.485337 0.151860 2.802057 -0.302481 -4.138493 0.000000 0.000000 0.179757
0.614578 -0.485419 0.151521 2.802498 -0.301887 -4.138523 0.000000 0.000000 0.180600
0.614724 -0.485502 0.151182 2.802938 -0.301293 -4.138552 0.000000 0.000000 0.181443
0.614869 -0.485584 0.150843 2.803379 -0.300700 -4.138581 0.000000 0.000000 0.182286
0.615014 -0.485666 0.150503 2.803820 -0.300106 -4.138610 0.000000 0.000000 0.183128
0.615157 -0.485745 0.150164 2.804262 -0.299534 -4.138644 0.000000 0.000000 0.183895
0.615289 -0.485811 0.149824 2.804713 -0.299044 -4.138694 0.000000 0.000000 0.184376
0.615421 -0.485876 0.149484 2.805163 -0.298555 -4.138744 0.000000 0.000000 0.184856
0.615554 -0.485942 0.149144 2.805614 -0.298065 -4.138794 0.000000 0.000000 0.185337
0.615686 -0.486008 0.148805 2.806064 -0.297575 -4.138844 0.000000 0.000000 0.185818
0.615818 -0.486073 0.148465 2.806514 -0.297085 -4.138894 0.000000 0.000000 0.186299
0.615950 -0.486139 0.148125 2.806965 -0.296596 -4.138944 0.000000 0.000000 0.186780
0.616082 -0.486205 0.147785 2.807415 -0.296106 -4.138994 0.000000 0.000000 0.187261
0.616214 -0.486270 0.147445 2.807865 -0.295616 -4.139044 0.000000 0.000000 0.187742
0.616347 -0.486336 0.147105 2.808316 -0.295126 -4.139094 0.000000 0.000000 0.188223
0.616479 -0.486402 0.146765 2.808766 -0.294636 -4.139144 0.000000 0.000000 0.188703
0.616611 -0.486467 0.146425 2.809216 -0.294147 -4.139194 0.000000 0.000000 0.189184
0.616743 -0.486533 0.146086 2.809667 -0.293657 -4.139245 0.000000 0.000000 0.189665
0.616875 -0.486598 0.145746 2.810117 -0.293167 -4.139295 0.000000 0.000000 0.190146
0.617008 -0.486664 0.145406 2.810567 -0.292677 -4.139345 0.000000 0.000000 0.190627
0.617140 -0.486730 0.145066 2.811018 -0.292188 -4.139395 0.000000 0.000000 0.191108
0.617272 -0.486795 0.144726 2.811468 -0.291698 -4.139445 0.000000 0.000000 0.191589
0.617397 -0.486851 0.144386 2.811918 -0.291258 -4.139499 0.000000 0.000000 0.192161
0.617517 -0.486902 0.144046 2.812369 -0.290848 -4.139555 0.000000 0.000000 0.192785
0.617638 -0.486952 0.143706 2.812819 -0.290437 -4.139611 0.000000 0.000000 0.193409
0.617758 -0.487002 0.143366 2.813269 -0.290026 -4.139667 0.000000 0.000000 0.194034
0.617879 -0.487053 0.143026 2.813720 -0.289615 -4.139723 0.000000 0.000000 0.194658
0.617999 -0.487103 0.142686 2.814170 -0.289204 -4.139780 0.000000 0.000000 0.195282
0.618120 -0.487154 0.142346 2.814620 -0.288794 -4.139836 0.000000 0.000000 0.195906
0.618240 -0.487204 0.142005 2.815071 -0.288383 -4.139892 0.000000 0.000000 0.196530
0.618361 -0.487254 0.141665 2.815521 -0.287972 -4.139948 0.000000 0.000000 0.197155
0.618481 -0.487305 0.141325 2.815971 -0.287561 -4.140004 0.000000 0.000000 0.197779
0.618602 -0.487355 0.140985 2.816422 -0.287150 -4.140060 0.000000 0.000000 0.198403
0.618722 -0.487405 0.140645 2.816872 -0.286740 -4.140117 0.000000 0.000000 0.199027
0.618843 -0.487456 0.140305 2.817322 -0.286329 -4.140173 0.000000 0.000000 0.199652
0.618963 -0.487506 0.139965 2.817773 -0.285918 -4.140229 0.000000 0.000000 0.200276
0.619084 -0.487557 0.139625 2.818223 -0.285507 -4.140285 0.000000 0.000000 0.200900
0.619204 -0.487607 0.139285 2.818673 -0.285096 -4.140341 0.000000 0.000000 0.201524
0.619324 -0.487657 0.138945 2.819123 -0.284690 -4.140398 0.000000 0.000000 0.202140
0.619435 -0.487693 0.138606 2.819562 -0.284346 -4.140457 0.000000 0.000000 0.202641
0.619547 -0.487730 0.138268 2.820001 -0.284002 -4.140516 0.000000 0.000000 0.203142
0.619658 -0.487767 0.137929 2.820441 -0.283659 -4.140576 0.000000 0.000000 0.203642
0.619769 -0.487803 0.137590 2.820880 -0.283315 -4.140635 0.000000 0.000000 0.204143
0.619880 -0.487840 0.137252 2.821319 -0.282971 -4.140695 0.000000 0.000000 0.204643
0.619992 -0.487877 0.136913 2.821758 -0.282627 -4.140754 0.000000 0.000000 0.205144
0.620103 -0.487913 0.136575 2.822198 -0.282284 -4.140813 0.000000 0.000000 0.205645
0.620214 -0.487950 0.136236 2.822637 -0.281940 -4.140873 0.000000 0.000000 0.206145
0.620326 -0.487987 0.135897 2.823076 -0.281596 -4.140932 0.000000 0.000000 0.206646
0.620437 -0.488023 0.135559 2.823515 -0.281252 -4.140991 0.000000 0.000000 0.207147
0.620548 -0.488060 0.135220 2.823955 -0.280909 -4.141051 0.000000 0.000000 0.207647
0.620659 -0.488097 0.134882 2.824394 -0.280565 -4.141110 0.000000 0.000000 0.208148
0.620771 -0.488133 0.134543 2.824833 -0.280221 -4.141170 0.000000 0.000000 0.208648
0.620882 -0.488170 0.134204 2.825272 -0.279878 -4.141229 0.000000 0.000000 0.209149
0.620993 -0.488207 0.133866 2.825712 -0.279534 -4.141288 0.000000 0.000000 0.209650
0.621105 -0.488243 0.133527 2.826151 -0.279190 -4.141348 0.000000 0.000000 0.210150
0.621216 -0.488280 0.133189 2.826590 -0.278846 -4.141407 0.000000 0.000000 0.210651
0.621327 -0.488317 0.132850 2.827029 -0.278503 -4.141467 0.000000 0.000000 0.211152
0.621438 -0.488353 0.132511 2.827469 -0.278159 -4.141526 0.000000 0.000000 0.211652
0.621550 -0.488390 0.132173 2.827908 -0.277815 -4.141585 0.000000 0.000000 0.212153
0.621661 -0.488427 0.131834 2.828347 -0.277471 -4.141645 0.000000 0.000000 0.212654
0.621772 -0.488464 0.131496 2.828786 -0.277128 -4.141704 0.000000 0.000000 0.213154
0.621875 -0.488488 0.131159 2.829221 -0.276849 -4.141774 0.000000 0.000000 0.213769
0.621977 -0.488513 0.130823 2.829657 -0.276573 -4.141845 0.000000 0.000000 0.214388
0.622080 -0.488537 0.130487 2.830092 -0.276297 -4.141915 0.000000 0.000000 0.215006
0.622182 -0.488561 0.130151 2.830527 -0.276021 -4.141985 0.000000 0.000000 0.215625
0.622285 -0.488586 0.129814 2.830962 -0.275744 -4.142056 0.000000 0.000000 0.216243
0.622387 -0.488610 0.129478 2.831397 -0.275468 -4.142126 0.000000 0.000000 0.216862
0.622489 -0.488634 0.129142 2.831832 -0.275192 -4.142196 0.000000 0.000000 0.217480
0.622592 -0.488659 0.128806 2.832267 -0.274916 -4.142267 0.000000 0.000000 0.218099
0.622694 -0.488683 0.128470 2.832703 -0.274639 -4.142337 0.000000 0.000000 0.218717
0.622797 -0.488707 0.128133 2.833138 -0.274363 -4.142408 0.000000 0.000000 0.219336
0.622899 -0.488732 0.127797 2.833573 -0.274087 -4.142478 0.000000 0.000000 0.219955
0.623002 -0.488756 0.127461 2.834008 -0.273811 -4.142548 0.000000 0.000000 0.220573
0.623104 -0.488780 0.127125 2.834443 -0.273535 -4.142619 0.000000 0.000000 0.221192
0.623206 -0.488805 0.126788 2.834878 -0.273258 -4.142689 0.000000 0.000000 0.221810
0.623309 -0.488829 0.126452 2.835313 -0.272982 -4.142759 0.000000 0.000000 0.222429
0.623411 -0.488854 0.126116 2.835749 -0.272706 -4.142830 0.000000 0.000000 0.223047
0.623511 -0.488874 0.125781 2.836181 -0.272450 -4.142903 0.000000 0.000000 0.223320
0.623605 -0.488887 0.125447 2.836611 -0.272227 -4.142981 0.000000 0.000000 0.223063
0.623700 -0.488901 0.125113 2.837041 -0.272004 -4.143058 0.000000 0.000000 0.222806
0.623795 -0.488914 0.124779 2.837470 -0.271780 -4.143136 0.000000 0.000000 0.222549
0.623890 -0.488928 0.124445 2.837900 -0.271557 -4.143213 0.000000 0.000000 0.222291
0.623984 -0.488941 0.124111 2.838330 -0.271333 -4.143291 0.000000 0.000000 0.222034
0.624079 -0.488955 0.123777 2.838759 -0.271110 -4.143368 0.000000 0.000000 0.221777
0.624174 -0.488968 0.123443 2.839189 -0.270886 -4.143446 0.000000 0.000000 0.221520
0.624268 -0.488982 0.123109 2.839619 -0.270663 -4.143523 0.000000 0.000000 0.221263
0.624363 -0.488995 0.122776 2.840048 -0.270439 -4.143601 0.000000 0.000000 0.221005
0.624458 -0.489009 0.122442 2.840478 -0.270216 -4.143678 0.000000 0.000000 0.220748
0.624553 -0.489022 0.122108 2.840908 -0.269992 -4.143756 0.000000 0.000000 0.220491
0.624647 -0.489036 0.121774 2.841337 -0.269769 -4.143833 0.000000 0.000000 0.220234
0.624742 -0.489049 0.121440 2.841767 -0.269546 -4.143911 0.000000 0.000000 0.219977
0.624837 -0.489063 0.121106 2.842197 -0.269322 -4.143988 0.000000 0.000000 0.219720
0.624932 -0.489076 0.120772 2.842626 -0.269099 -4.144066 0.000000 0.000000 0.219462
0.625026 -0.489090 0.120438 2.843056 -0.268875 -4.144143 0.000000 0.000000 0.219205
0.625114 -0.489097 0.120106 2.843487 -0.268685 -4.144224 0.000000 0.000000 0.218885
0.625200 -0.489103 0.119775 2.843918 -0.268502 -4.144307 0.000000 0.000000 0.218551
0.625286 -0.489109 0.119444 2.844349 -0.268319 -4.144389 0.000000 0.000000 0.218218
0.625372 -0.489115 0.119113 2.844780 -0.268137 -4.144471 0.000000 0.000000 0.217884
0.625457 -0.489121 0.118782 2.845211 -0.267954 -4.144553 0.000000 0.000000 0.217550
0.625543 -0.489128 0.118451 2.845642 -0.267771 -4.144635 0.000000 0.000000 0.217217
0.625629 -0.489134 0.118119 2.846073 -0.267588 -4.144717 0.000000 0.000000 0.216883
0.625715 -0.489140 0.117788 2.846504 -0.267405 -4.144800 0.000000 0.000000 0.216549
0.625801 -0.489146 0.117457 2.846935 -0.267222 -4.144882 0.000000 0.000000 0.216215
0.625887 -0.489152 0.117126 2.847366 -0.267039 -4.144964 0.000000 0.000000 0.215882
0.625973 -0.489158 0.116795 2.847797 -0.266856 -4.145046 0.000000 0.000000 0.215548
0.626059 -0.489164 0.116463 2.848228 -0.266674 -4.145128 0.000000 0.000000 0.215214
0.626144 -0.489170 0.116132 2.848659 -0.266491 -4.145210 0.000000 0.000000 0.214881
0.626230 -0.489177 0.115801 2.849090 -0.266308 -4.145293 0.000000 0.000000 0.214547
0.626316 -0.489183 0.115470 2.849521 -0.266125 -4.145375 0.000000 0.000000 0.214213
0.626402 -0.489189 0.115139 2.849952 -0.265942 -4.145457 0.000000 0.000000 0.213879
0.626488 -0.489195 0.114808 2.850383 -0.265759 -4.145539 0.000000 0.000000 0.213546
0.626574 -0.489201 0.114476 2.850814 -0.265576 -4.145621 0.000000 0.000000 0.213212
0.626660 -0.489207 0.114145 2.851245 -0.265394 -4.145703 0.000000 0.000000 0.212878
0.626746 -0.489213 0.113814 2.851676 -0.265211 -4.145786 0.000000 0.000000 0.212544
0.626831 -0.489219 0.113483 2.852107 -0.265028 -4.145868 0.000000 0.000000 0.212211
0.626917 -0.489226 0.113152 2.852538 -0.264845 -4.145950 0.000000 0.000000 0.211877
0.626996 -0.489226 0.112825 2.852970 -0.264698 -4.146036 0.000000 0.000000 0.212023
0.627072 -0.489225 0.112500 2.853403 -0.264564 -4.146123 0.000000 0.000000 0.212350
0.627148 -0.489223 0.112175 2.853837 -0.264431 -4.146210 0.000000 0.000000 0.212678
0.627224 -0.489222 0.111850 2.854270 -0.264297 -4.146297 0.000000 0.000000 0.213006
0.627300 -0.489220 0.111526 2.854703 -0.264164 -4.146385 0.000000 0.000000 0.213334
0.627376 -0.489219 0.111201 2.855136 -0.264030 -4.146472 0.000000 0.000000 0.213661
0.627452 -0.489217 0.110876 2.855569 -0.263897 -4.146559 0.000000 0.000000 0.213989
0.627528 -0.489216 0.110551 2.856002 -0.263763 -4.146646 0.000000 0.000000 0.214317
0.627604 -0.489214 0.110226 2.856435 -0.263630 -4.146733 0.000000 0.000000 0.214644
0.627680 -0.489213 0.109901 2.856868 -0.263496 -4.146821 0.000000 0.000000 0.214972
0.627756 -0.489211 0.109576 2.857301 -0.263363 -4.146908 0.000000 0.000000 0.215300
0.627831 -0.489210 0.109252 2.857734 -0.263229 -4.146995 0.000000 0.000000 0.215628
0.627907 -0.489208 0.108927 2.858167 -0.263095 -4.147082 0.000000 0.000000 0.215955
0.627983 -0.489207 0.108602 2.858600 -0.262962 -4.147169 0.000000 0.000000 0.216283
0.628059 -0.489205 0.108277 2.859034 -0.262828 -4.147257 0.000000 0.000000 0.216611
0.628135 -0.489204 0.107952 2.859467 -0.262695 -4.147344 0.000000 0.000000 0.216938
0.628210 -0.489201 0.107629 2.859897 -0.262570 -4.147431 0.000000 0.000000 0.217287
0.628277 -0.489189 0.107313 2.860315 -0.262491 -4.147515 0.000000 0.000000 0.217751
0.628344 -0.489177 0.106997 2.860732 -0.262412 -4.147600 0.000000 0.000000 0.218214
0.628411 -0.489164 0.106681 2.861150 -0.262334 -4.147685 0.000000 0.000000 0.218678
0.628478 -0.489152 0.106365 2.861567 -0.262255 -4.147769 0.000000 0.000000 0.219141
0.628545 -0.489140 0.106049 2.861985 -0.262176 -4.147854 0.000000 0.000000 0.219605
0.628612 -0.489128 0.105733 2.862402 -0.262098 -4.147939 0.000000 0.000000 0.220069
0.628679 -0.489116 0.105417 2.862820 -0.262019 -4.148023 0.000000 0.000000 0.220532
0.628746 -0.489104 0.105101 2.863237 -0.261940 -4.148108 0.000000 0.000000 0.220996
0.628813 -0.489092 0.104785 2.863655 -0.261861 -4.148193 0.000000 0.000000 0.221460
0.628880 -0.489080 0.104469 2.864072 -0.261783 -4.148277 0.000000 0.000000 0.221923
0.628947 -0.489068 0.104153 2.864490 -0.261704 -4.148362 0.000000 0.000000 0.222387
0.629014 -0.489056 0.103837 2.864907 -0.261625 -4.148447 0.000000 0.000000 0.222851
0.629081 -0.489043 0.103521 2.865325 -0.261547 -4.148531 0.000000 0.000000 0.223314
0.629148 -0.489031 0.103205 2.865742 -0.261468 -4.148616 0.000000 0.000000 0.223778
0.629215 -0.489019 0.102889 2.866160 -0.261389 -4.148701 0.000000 0.000000 0.224242
0.629282 -0.489007 0.102573 2.866578 -0.261311 -4.148785 0.000000 0.000000 0.224705
0.629343 -0.488990 0.102262 2.866992 -0.261262 -4.148871 0.000000 0.000000 0.225167
0.629400 -0.488969 0.101956 2.867405 -0.261236 -4.148958 0.000000 0.000000 0.225626
0.629456 -0.488949 0.101650 2.867818 -0.261209 -4.149044 0.000000 0.000000 0.226086
0.629513 -0.488928 0.101343 2.868231 -0.261183 -4.149131 0.000000 0.000000 0.226546
0.629570 -0.488908 0.101037 2.868644 -0.261157 -4.149218 0.000000 0.000000 0.227005
0.629626 -0.488887 0.100730 2.869057 -0.261130 -4.149304 0.000000 0.000000 0.227465
0.629683 -0.488866 0.100424 2.869470 -0.261104 -4.149391 0.000000 0.000000 0.227925
0.629740 -0.488846 0.100118 2.869883 -0.261078 -4.149478 0.000000 0.000000 0.228385
0.629796 -0.488825 0.099811 2.870296 -0.261051 -4.149564 0.000000 0.000000 0.228844
0.629853 -0.488804 0.099505 2.870709 -0.261025 -4.149651 0.000000 0.000000 0.229304
0.629910 -0.488784 0.099199 2.871122 -0.260998 -4.149737 0.000000 0.000000 0.229764
0.629966 -0.488763 0.098892 2.871535 -0.260972 -4.149824 0.000000 0.000000 0.230223
0.630023 -0.488742 0.098586 2.871948 -0.260946 -4.149911 0.000000 0.000000 0.230683
0.630079 -0.488722 0.098279 2.872361 -0.260919 -4.149997 0.000000 0.000000 0.231143
0.630136 -0.488701 0.097973 2.872774 -0.260893 -4.150084 0.000000 0.000000 0.231602
0.630193 -0.488680 0.097667 2.873187 -0.260866 -4.150171 0.000000 0.000000 0.232062
0.630249 -0.488660 0.097360 2.873600 -0.260840 -4.150257 0.000000 0.000000 0.232522
0.630306 -0.488639 0.097054 2.874013 -0.260814 -4.150344 0.000000 0.000000 0.232982
0.630363 -0.488618 0.096748 2.874426 -0.260787 -4.150430 0.000000 0.000000 0.233441
0.630419 -0.488598 0.096441 2.874839 -0.260761 -4.150517 0.000000 0.000000 0.233901
0.630476 -0.488577 0.096135 2.875252 -0.260735 -4.150604 0.000000 0.000000 0.234361
0.630533 -0.488556 0.095828 2.875665 -0.260708 -4.150690 0.000000 0.000000 0.234820
0.630585 -0.488532 0.095528 2.876071 -0.260701 -4.150773 0.000000 0.000000 0.235398
0.630633 -0.488503 0.095234 2.876468 -0.260713 -4.150850 0.000000 0.000000 0.236102
0.630680 -0.488474 0.094940 2.876865 -0.260726 -4.150928 0.000000 0.000000 0.236806
0.630728 -0.488446 0.094646 2.877262 -0.260738 -4.151005 0.000000 0.000000 0.237511
0.630776 -0.488417 0.094352 2.877660 -0.260751 -4.151083 0.000000 0.000000 0.238215
0.630823 -0.488388 0.094058 2.878057 -0.260764 -4.151160 0.000000 0.000000 0.238919
0.630871 -0.488360 0.093763 2.878454 -0.260776 -4.151238 0.000000 0.000000 0.239623
0.630919 -0.488331 0.093469 2.878851 -0.260789 -4.151316 0.000000 0.000000 0.240328
0.630966 -0.488302 0.093175 2.879248 -0.260801 -4.151393 0.000000 0.000000 0.241032
0.631014 -0.488273 0.092881 2.879645 -0.260814 -4.151471 0.000000 0.000000 0.241736
0.631062 -0.488245 0.092587 2.880043 -0.260826 -4.151548 0.000000 0.000000 0.242440
0.631109 -0.488216 0.092293 2.880440 -0.260839 -4.151626 0.000000 0.000000 0.243145
0.631157 -0.488187 0.091999 2.880837 -0.260852 -4.151704 0.000000 0.000000 0.243849
0.631205 -0.488158 0.091705 2.881234 -0.260864 -4.151781 0.000000 0.000000 0.244553
0.631252 -0.488130 0.091411 2.881631 -0.260877 -4.151859 0.000000 0.000000 0.245257
0.631300 -0.488101 0.091117 2.882029 -0.260889 -4.151936 0.000000 0.000000 0.245962
0.631348 -0.488072 0.090823 2.882426 -0.260902 -4.152014 0.000000 0.000000 0.246666
0.631387 -0.488036 0.090540 2.882810 -0.260953 -4.152084 0.000000 0.000000 0.247437
0.631425 -0.488000 0.090259 2.883193 -0.261007 -4.152153 0.000000 0.000000 0.248214
0.631463 -0.487963 0.089977 2.883576 -0.261061 -4.152222 0.000000 0.000000 0.248992
0.631501 -0.487926 0.089696 2.883959 -0.261116 -4.152291 0.000000 0.000000 0.249769
0.631539 -0.487890 0.089415 2.884342 -0.261170 -4.152360 0.000000 0.000000 0.250547
0.631577 -0.487853 0.089133 2.884725 -0.261224 -4.152429 0.000000 0.000000 0.251324
0.631615 -0.487816 0.088852 2.885108 -0.261279 -4.152498 0.000000 0.000000 0.252102
0.631653 -0.487780 0.088571 2.885491 -0.261333 -4.152567 0.000000 0.000000 0.252879
0.631691 -0.487743 0.088289 2.885874 -0.261387 -4.152636 0.000000 0.000000 0.253657
0.631728 -0.487706 0.088008 2.886257 -0.261442 -4.152705 0.000000 0.000000 0.254434
0.631766 -0.487670 0.087727 2.886641 -0.261496 -4.152774 0.000000 0.000000 0.255212
0.631804 -0.487633 0.087445 2.887024 -0.261551 -4.152843 0.000000 0.000000 0.255989
0.631842 -0.487596 0.087164 2.887407 -0.261605 -4.152912 0.000000 0.000000 0.256767
0.631880 -0.487560 0.086883 2.887790 -0.261659 -4.152981 0.000000 0.000000 0.257545
0.631918 -0.487523 0.086601 2.888173 -0.261714 -4.153050 0.000000 0.000000 0.258322
0.631956 -0.487486 0.086320 2.888556 -0.261768 -4.153119 0.000000 0.000000 0.259100
0.631991 -0.487448 0.086044 2.888934 -0.261835 -4.153186 0.000000 0.000000 0.259927
0.632020 -0.487405 0.085777 2.889301 -0.261927 -4.153250 0.000000 0.000000 0.260852
0.632048 -0.487362 0.085510 2.889669 -0.262020 -4.153314 0.000000 0.000000 0.261777
0.632077 -0.487319 0.085243 2.890037 -0.262112 -4.153378 0.000000 0.000000 0.262703
0.632105 -0.487276 0.084977 2.890404 -0.262204 -4.153442 0.000000 0.000000 0.263628
0.632134 -0.487233 0.084710 2.890772 -0.262297 -4.153506 0.000000 0.000000 0.264553
0.632162 -0.487190 0.084443 2.891140 -0.262389 -4.153569 0.000000 0.000000 0.265479
0.632191 -0.487147 0.084176 2.891507 -0.262481 -4.153633 0.000000 0.000000 0.266404
0.632219 -0.487104 0.083910 2.891875 -0.262573 -4.153697 0.000000 0.000000 0.267329
0.632248 -0.487062 0.083643 2.892243 -0.262666 -4.153761 0.000000 0.000000 0.268254
0.632276 -0.487019 0.083376 2.892610 -0.262758 -4.153825 0.000000 0.000000 0.269180
0.632305 -0.486976 0.083109 2.892978 -0.262850 -4.153889 0.000000 0.000000 0.270105
0.632334 -0.486933 0.082842 2.893346 -0.262943 -4.153952 0.000000 0.000000 0.271030
0.632362 -0.486890 0.082576 2.893713 -0.263035 -4.154016 0.000000 0.000000 0.271956
0.632391 -0.486847 0.082309 2.894081 -0.263127 -4.154080 0.000000 0.000000 0.272881
0.632419 -0.486804 0.082042 2.894449 -0.263219 -4.154144 0.000000 0.000000 0.273806
0.632448 -0.486761 0.081775 2.894816 -0.263312 -4.154208 0.000000 0.000000 0.274732
0.632476 -0.486718 0.081509 2.895184 -0.263404 -4.154272 0.000000 0.000000 0.275657
0.632505 -0.486675 0.081242 2.895551 -0.263496 -4.154335 0.000000 0.000000 0.276582
0.632533 -0.486633 0.080975 2.895919 -0.263589 -4.154399 0.000000 0.000000 0.277507
0.632562 -0.486590 0.080708 2.896287 -0.263681 -4.154463 0.000000 0.000000 0.278433
0.632590 -0.486547 0.080442 2.896654 -0.263773 -4.154527 0.000000 0.000000 0.279358
0.632617 -0.486503 0.080179 2.897016 -0.263870 -4.154589 0.000000 0.000000 0.280336
0.632638 -0.486457 0.079929 2.897360 -0.263981 -4.154646 0.000000 0.000000 0.281482
0.632659 -0.486410 0.079679 2.897704 -0.264092 -4.154703 0.000000 0.000000 0.282628
0.632680 -0.486364 0.079429 2.898048 -0.264203 -4.154759 0.000000 0.000000 0.283774
0.632702 -0.486318 0.079179 2.898392 -0.264314 -4.154816 0.000000 0.000000 0.284920
0.632723 -0.486272 0.078929 2.898736 -0.264425 -4.154873 0.000000 0.000000 0.286066
0.632744 -0.486225 0.078679 2.899080 -0.264535 -4.154930 0.000000 0.000000 0.287213
0.632765 -0.486179 0.078429 2.899423 -0.264646 -4.154986 0.000000 0.000000 0.288359
0.632786 -0.486133 0.078179 2.899767 -0.264757 -4.155043 0.000000 0.000000 0.289505
0.632807 -0.486086 0.077929 2.900111 -0.264868 -4.155100 0.000000 0.000000 0.290651
0.632828 -0.486040 0.077679 2.900455 -0.264979 -4.155157 0.000000 0.000000 0.291797
0.632849 -0.485994 0.077429 2.900799 -0.265090 -4.155213 0.000000 0.000000 0.292943
0.632870 -0.485947 0.077179 2.901143 -0.265201 -4.155270 0.000000 0.000000 0.294089
0.632891 -0.485901 0.076929 2.901487 -0.265312 -4.155327 0.000000 0.000000 0.295235
0.632913 -0.485855 0.076679 2.901830 -0.265423 -4.155384 0.000000 0.000000 0.296381
0.632934 -0.485809 0.076429 2.902174 -0.265534 -4.155440 0.000000 0.000000 0.297527
0.632955 -0.485762 0.076179 2.902518 -0.265645 -4.155497 0.000000 0.000000 0.298673
0.632973 -0.485715 0.075940 2.902847 -0.265763 -4.155555 0.000000 0.000000 0.299675
0.632990 -0.485667 0.075705 2.903168 -0.265885 -4.155614 0.000000 0.000000 0.300603
0.633007 -0.485619 0.075470 2.903490 -0.266008 -4.155673 0.000000 0.000000 0.301532
0.633024 -0.485571 0.075235 2.903811 -0.266130 -4.155733 0.000000 0.000000 0.302461
0.633040 -0.485523 0.075001 2.904132 -0.266252 -4.155792 0.000000 0.000000 0.303389
0.633057 -0.485475 0.074766 2.904453 -0.266375 -4.155851 0.000000 0.000000 0.304318
0.633074 -0.485427 0.074531 2.904775 -0.266497 -4.155910 0.000000 0.000000 0.305247
0.633091 -0.485379 0.074297 2.905096 -0.266619 -4.155969 0.000000 0.000000 0.306176
0.633108 -0.485331 0.074062 2.905417 -0.266742 -4.156028 0.000000 0.000000 0.307104
0.633125 -0.485283 0.073827 2.905739 -0.266864 -4.156087 0.000000 0.000000 0.308033
0.633142 -0.485235 0.073593 2.906060 -0.266986 -4.156146 0.000000 0.000000 0.308962
0.633158 -0.485187 0.073358 2.906381 -0.267109 -4.156205 0.000000 0.000000 0.309890
0.633175 -0.485139 0.073123 2.906703 -0.267231 -4.156264 0.000000 0.000000 0.310819
0.633192 -0.485091 0.072888 2.907024 -0.267353 -4.156323 0.000000 0.000000 0.311748
0.633209 -0.485043 0.072654 2.907345 -0.267476 -4.156382 0.000000 0.000000 0.312676
0.633226 -0.484995 0.072419 2.907666 -0.267598 -4.156441 0.000000 0.000000 0.313605
0.633242 -0.484947 0.072186 2.907985 -0.267721 -4.156501 0.000000 0.000000 0.314506
0.633255 -0.484899 0.071966 2.908281 -0.267852 -4.156563 0.000000 0.000000 0.315134
0.633268 -0.484850 0.071746 2.908577 -0.267983 -4.156625 0.000000 0.000000 0.315763
0.633281 -0.484802 0.071527 2.908873 -0.268115 -4.156688 0.000000 0.000000 0.316391
0.633294 -0.484753 0.071307 2.909169 -0.268246 -4.156750 0.000000 0.000000 0.317020
0.633307 -0.484705 0.071087 2.909464 -0.268377 -4.156813 0.000000 0.000000 0.317649
0.633319 -0.484656 0.070868 2.909760 -0.268508 -4.156875 0.000000 0.000000 0.318277
0.633332 -0.484608 0.070648 2.910056 -0.268639 -4.156937 0.000000 0.000000 0.318906
0.633345 -0.484559 0.070428 2.910352 -0.268770 -4.157000 0.000000 0.000000 0.319534
0.633358 -0.484511 0.070208 2.910648 -0.268901 -4.157062 0.000000 0.000000 0.320163
0.633371 -0.484462 0.069989 2.910944 -0.269032 -4.157124 0.000000 0.000000 0.320791
0.633384 -0.484414 0.069769 2.911239 -0.269163 -4.157187 0.000000 0.000000 0.321420
0.633396 -0.484365 0.069549 2.911535 -0.269294 -4.157249 0.000000 0.000000 0.322048
0.633409 -0.484317 0.069330 2.911831 -0.269425 -4.157312 0.000000 0.000000 0.322677
0.633422 -0.484268 0.069110 2.912127 -0.269556 -4.157374 0.000000 0.000000 0.323305
0.633435 -0.484220 0.068890 2.912423 -0.269687 -4.157436 0.000000 0.000000 0.323934
0.633448 -0.484171 0.068671 2.912718 -0.269818 -4.157499 0.000000 0.000000 0.324562
0.633461 -0.484123 0.068451 2.913014 -0.269950 -4.157561 0.000000 0.000000 0.325191
0.633473 -0.484074 0.068231 2.913310 -0.270081 -4.157624 0.000000 0.000000 0.325819
0.633486 -0.484026 0.068011 2.913606 -0.270212 -4.157686 0.000000 0.000000 0.326448
0.633499 -0.483977 0.067792 2.913902 -0.270343 -4.157748 0.000000 0.000000 0.327077
0.633512 -0.483929 0.067572 2.914198 -0.270474 -4.157811 0.000000 0.000000 0.327705
0.633525 -0.483880 0.067352 2.914493 -0.270605 -4.157873 0.000000 0.000000 0.328334
0.633536 -0.483832 0.067147 2.914760 -0.270744 -4.157940 0.000000 0.000000 0.329150
0.633547 -0.483784 0.066941 2.915027 -0.270882 -4.158008 0.000000 0.000000 0.329966
0.633559 -0.483736 0.066735 2.915293 -0.271021 -4.158075 0.000000 0.000000 0.330783
0.633570 -0.483688 0.066530 2.915560 -0.271160 -4.158142 0.000000 0.000000 0.331600
0.633581 -0.483640 0.066324 2.915827 -0.271298 -4.158209 0.000000 0.000000 0.332417
0.633593 -0.483592 0.066119 2.916093 -0.271437 -4.158277 0.000000 0.000000 0.333234
0.633604 -0.483544 0.065913 2.916360 -0.271576 -4.158344 0.000000 0.000000 0.334051
0.633615 -0.483496 0.065707 2.916626 -0.271714 -4.158411 0.000000 0.000000 0.334868
0.633626 -0.483449 0.065502 2.916893 -0.271853 -4.158478 0.000000 0.000000 0.335684
0.633638 -0.483401 0.065296 2.917160 -0.271992 -4.158546 0.000000 0.000000 0.336501
0.633649 -0.483353 0.065090 2.917426 -0.272131 -4.158613 0.000000 0.000000 0.337318
0.633660 -0.483305 0.064885 2.917693 -0.272269 -4.158680 0.000000 0.000000 0.338135
0.633672 -0.483257 0.064679 2.917959 -0.272408 -4.158748 0.000000 0.000000 0.338952
0.633683 -0.483209 0.064474 2.918226 -0.272547 -4.158815 0.000000 0.000000 0.339769
0.633694 -0.483161 0.064268 2.918493 -0.272685 -4.158882 0.000000 0.000000 0.340585
0.633705 -0.483113 0.064062 2.918759 -0.272824 -4.158949 0.000000 0.000000 0.341402
0.633715 -0.483065 0.063862 2.919020 -0.272972 -4.159023 0.000000 0.000000 0.342090
0.633723 -0.483018 0.063670 2.919272 -0.273133 -4.159106 0.000000 0.000000 0.342603
0.633731 -0.482971 0.063477 2.919524 -0.273294 -4.159189 0.000000 0.000000 0.343115
0.633740 -0.482924 0.063285 2.919776 -0.273455 -4.159272 0.000000 0.000000 0.343627
0.633748 -0.482876 0.063093 2.920028 -0.273616 -4.159355 0.000000 0.000000 0.344140
0.633756 -0.482829 0.062900 2.920279 -0.273776 -4.159438 0.000000 0.000000 0.344652
0.633764 -0.482782 0.062708 2.920531 -0.273937 -4.159521 0.000000 0.000000 0.345164
0.633772 -0.482735 0.062515 2.920783 -0.274098 -4.159604 0.000000 0.000000 0.345677
0.633780 -0.482687 0.062323 2.921035 -0.274259 -4.159687 0.000000 0.000000 0.346189
0.633788 -0.482640 0.062130 2.921287 -0.274420 -4.159770 0.000000 0.000000 0.346701
0.633796 -0.482593 0.061938 2.921539 -0.274581 -4.159853 0.000000 0.000000 0.347214
0.633804 -0.482546 0.061746 2.921791 -0.274741 -4.159936 0.000000 0.000000 0.347726
0.633812 -0.482499 0.061553 2.922043 -0.274902 -4.160019 0.000000 0.000000 0.348238
0.633820 -0.482451 0.061361 2.922295 -0.275063 -4.160102 0.000000 0.000000 0.348751
0.633828 -0.482404 0.061168 2.922547 -0.275224 -4.160185 0.000000 0.000000 0.349263
0.633836 -0.482357 0.060976 2.922799 -0.275385 -4.160268 0.000000 0.000000 0.349775
0.633844 -0.482310 0.060784 2.923051 -0.275546 -4.160351 0.000000 0.000000 0.350288
0.633848 -0.482263 0.060602 2.923296 -0.275724 -4.160446 0.000000 0.000000 0.350731
0.633852 -0.482217 0.060421 2.923539 -0.275906 -4.160543 0.000000 0.000000 0.351162
0.633856 -0.482171 0.060241 2.923782 -0.276088 -4.160641 0.000000 0.000000 0.351593
0.633859 -0.482125 0.060061 2.924026 -0.276271 -4.160738 0.000000 0.000000 0.352024
0.633863 -0.482079 0.059881 2.924269 -0.276453 -4.160835 0.000000 0.000000 0.352455
0.633866 -0.482033 0.059701 2.924512 -0.276635 -4.160932 0.000000 0.000000 0.352886
0.633870 -0.481987 0.059520 2.924756 -0.276817 -4.161030 0.000000 0.000000 0.353317
0.633874 -0.481941 0.059340 2.924999 -0.276999 -4.161127 0.000000 0.000000 0.353748
0.633877 -0.481895 0.059160 2.925243 -0.277181 -4.161224 0.000000 0.000000 0.354179
0.633881 -0.481849 0.058980 2.925486 -0.277363 -4.161322 0.000000 0.000000 0.354610
0.633884 -0.481803 0.058800 2.925729 -0.277545 -4.161419 0.000000 0.000000 0.355041
0.633888 -0.481757 0.058620 2.925973 -0.277727 -4.161516 0.000000 0.000000 0.355472
0.633892 -0.481711 0.058439 2.926216 -0.277909 -4.161613 0.000000 0.000000 0.355903
0.633895 -0.481665 0.058259 2.926459 -0.278091 -4.161711 0.000000 0.000000 0.356334
0.633899 -0.481619 0.058079 2.926703 -0.278273 -4.161808 0.000000 0.000000 0.356765
0.633902 -0.481573 0.057899 2.926946 -0.278455 -4.161905 0.000000 0.000000 0.357196
0.633906 -0.481527 0.057719 2.927190 -0.278637 -4.162002 0.000000 0.000000 0.357627
0.633910 -0.481481 0.057538 2.927433 -0.278819 -4.162100 0.000000 0.000000 0.358058
0.633913 -0.481435 0.057358 2.927676 -0.279001 -4.162197 0.000000 0.000000 0.358489
0.633917 -0.481389 0.057178 2.927920 -0.279183 -4.162294 0.000000 0.000000 0.358920
0.633920 -0.481343 0.056998 2.928163 -0.279365 -4.162391 0.000000 0.000000 0.359351
0.633924 -0.481297 0.056818 2.928406 -0.279547 -4.162489 0.000000 0.000000 0.359782
0.633925 -0.481254 0.056647 2.928637 -0.279730 -4.162588 0.000000 0.000000 0.360289
0.633926 -0.481211 0.056479 2.928864 -0.279914 -4.162688 0.000000 0.000000 0.360821
0.633926 -0.481168 0.056311 2.929091 -0.280098 -4.162788 0.000000 0.000000 0.361353
0.633927 -0.481125 0.056143 2.929318 -0.280281 -4.162888 0.000000 0.000000 0.361885
0.633927 -0.481083 0.055975 2.929545 -0.280465 -4.162988 0.000000 0.000000 0.362417
0.633928 -0.481040 0.055807 2.929772 -0.280649 -4.163088 0.000000 0.000000 0.362949
0.633928 -0.480997 0.055640 2.929999 -0.280833 -4.163188 0.000000 0.000000 0.363481
0.633929 -0.480954 0.055472 2.930226 -0.281016 -4.163287 0.000000 0.000000 0.364013
0.633929 -0.480911 0.055304 2.930452 -0.281200 -4.163387 0.000000 0.000000 0.364545
0.633930 -0.480868 0.055136 2.930679 -0.281384 -4.163487 0.000000 0.000000 0.365076
0.633930 -0.480825 0.054968 2.930906 -0.281567 -4.163587 0.000000 0.000000 0.365608
0.633931 -0.480783 0.054800 2.931133 -0.281751 -4.163687 0.000000 0.000000 0.366140
0.633931 -0.480740 0.054632 2.931360 -0.281935 -4.163787 0.000000 0.000000 0.366672
0.633932 -0.480697 0.054464 2.931587 -0.282118 -4.163887 0.000000 0.000000 0.367204
0.633932 -0.480654 0.054296 2.931814 -0.282302 -4.163987 0.000000 0.000000 0.367736
0.633933 -0.480611 0.054129 2.932041 -0.282486 -4.164087 0.000000 0.000000 0.368268
0.633933 -0.480569 0.053963 2.932264 -0.282672 -4.164187 0.000000 0.000000 0.368830
0.633930 -0.480528 0.053808 2.932473 -0.282868 -4.164286 0.000000 0.000000 0.369529
0.633927 -0.480487 0.053652 2.932681 -0.283065 -4.164385 0.000000 0.000000 0.370228
0.633924 -0.480446 0.053497 2.932890 -0.283262 -4.164484 0.000000 0.000000 0.370927
0.633921 -0.480405 0.053341 2.933099 -0.283458 -4.164583 0.000000 0.000000 0.371626
0.633918 -0.480364 0.053186 2.933307 -0.283655 -4.164682 0.000000 0.000000 0.372325
0.633915 -0.480323 0.053030 2.933516 -0.283852 -4.164781 0.000000 0.000000 0.373024
0.633912 -0.480282 0.052875 2.933724 -0.284048 -4.164880 0.000000 0.000000 0.373723
0.633909 -0.480241 0.052720 2.933933 -0.284245 -4.164979 0.000000 0.000000 0.374422
0.633906 -0.480200 0.052564 2.934141 -0.284441 -4.165078 0.000000 0.000000 0.375121
0.633903 -0.480159 0.052409 2.934350 -0.284638 -4.165177 0.000000 0.000000 0.375820
0.633900 -0.480118 0.052253 2.934558 -0.284835 -4.165276 0.000000 0.000000 0.376520
0.633897 -0.480077 0.052098 2.934767 -0.285031 -4.165376 0.000000 0.000000 0.377219
0.633894 -0.480036 0.051943 2.934976 -0.285228 -4.165475 0.000000 0.000000 0.377918
0.633891 -0.479995 0.051787 2.935184 -0.285425 -4.165574 0.000000 0.000000 0.378617
0.633888 -0.479954 0.051632 2.935393 -0.285621 -4.165673 0.000000 0.000000 0.379316
0.633885 -0.479913 0.051476 2.935601 -0.285818 -4.165772 0.000000 0.000000 0.380015
0.633880 -0.479872 0.051329 2.935799 -0.286026 -4.165874 0.000000 0.000000 0.380582
0.633873 -0.479832 0.051186 2.935991 -0.286240 -4.165978 0.000000 0.000000 0.381064
0.633867 -0.479792 0.051044 2.936182 -0.286455 -4.166082 0.000000 0.000000 0.381545
0.633860 -0.479752 0.050901 2.936374 -0.286670 -4.166186 0.000000 0.000000 0.382027
0.633854 -0.479712 0.050759 2.936565 -0.286885 -4.166290 0.000000 0.000000 0.382509
0.633847 -0.479672 0.050616 2.936757 -0.287100 -4.166394 0.000000 0.000000 0.382990
0.633841 -0.479631 0.050474 2.936948 -0.287315 -4.166498 0.000000 0.000000 0.383472
0.633834 -0.479591 0.050331 2.937140 -0.287529 -4.166602 0.000000 0.000000 0.383953
0.633828 -0.479551 0.050188 2.937331 -0.287744 -4.166706 0.000000 0.000000 0.384435
0.633822 -0.479511 0.050046 2.937522 -0.287959 -4.166810 0.000000 0.000000 0.384917
0.633815 -0.479471 0.049903 2.937714 -0.288174 -4.166914 0.000000 0.000000 0.385398
0.633809 -0.479431 0.049761 2.937905 -0.288389 -4.167018 0.000000 0.000000 0.385880
0.633802 -0.479390 0.049618 2.938097 -0.288604 -4.167122 0.000000 0.000000 0.386362
0.633796 -0.479350 0.049476 2.938288 -0.288819 -4.167226 0.000000 0.000000 0.386843
0.633789 -0.479310 0.049333 2.938480 -0.289033 -4.167330 0.000000 0.000000 0.387325
0.633783 -0.479270 0.049191 2.938671 -0.289248 -4.167434 0.000000 0.000000 0.387807
0.633776 -0.479230 0.049048 2.938862 -0.289463 -4.167538 0.000000 0.000000 0.388288
0.633770 -0.479189 0.048906 2.939054 -0.289678 -4.167642 0.000000 0.000000 0.388770
0.633763 -0.479149 0.048763 2.939245 -0.289893 -4.167746 0.000000 0.000000 0.389251
0.633757 -0.479109 0.048621 2.939437 -0.290108 -4.167850 0.000000 0.000000 0.389733
0.633751 -0.479069 0.048478 2.939628 -0.290322 -4.167954 0.000000 0.000000 0.390215
0.633744 -0.479029 0.048335 2.939820 -0.290537 -4.168058 0.000000 0.000000 0.390696
0.633738 -0.478990 0.048198 2.939995 -0.290748 -4.168166 0.000000 0.000000 0.390830
0.633733 -0.478953 0.048066 2.940156 -0.290954 -4.168276 0.000000 0.000000 0.390630
0.633727 -0.478917 0.047934 2.940317 -0.291161 -4.168387 0.000000 0.000000 0.390429
0.633722 -0.478880 0.047802 2.940478 -0.291367 -4.168497 0.000000 0.000000 0.390228
0.633716 -0.478843 0.047669 2.940639 -0.291574 -4.168608 0.000000 0.000000 0.390027
0.633711 -0.478806 0.047537 2.940800 -0.291780 -4.168719 0.000000 0.000000 0.389827
0.633705 -0.478769 0.047405 2.940961 -0.291986 -4.168829 0.000000 0.000000 0.389626
0.633700 -0.478732 0.047273 2.941122 -0.292193 -4.168940 0.000000 0.000000 0.389425
0.633694 -0.478695 0.047141 2.941282 -0.292399 -4.169051 0.000000 0.000000 0.389224
0.633689 -0.478658 0.047008 2.941443 -0.292606 -4.169161 0.000000 0.000000 0.389024
0.633683 -0.478622 0.046876 2.941604 -0.292812 -4.169272 0.000000 0.000000 0.388823
0.633678 -0.478585 0.046744 2.941765 -0.293018 -4.169382 0.000000 0.000000 0.388622
0.633672 -0.478548 0.046612 2.941926 -0.293225 -4.169493 0.000000 0.000000 0.388422
0.633667 -0.478511 0.046480 2.942087 -0.293431 -4.169604 0.000000 0.000000 0.388221
0.633661 -0.478474 0.046347 2.942248 -0.293638 -4.169714 0.000000 0.000000 0.388020
0.633656 -0.478437 0.046215 2.942409 -0.293844 -4.169825 0.000000 0.000000 0.387819
0.633650 -0.478400 0.046083 2.942569 -0.294050 -4.169935 0.000000 0.000000 0.387619
0.633645 -0.478366 0.045959 2.942717 -0.294254 -4.170053 0.000000 0.000000 0.387119
0.633639 -0.478333 0.045835 2.942863 -0.294458 -4.170170 0.000000 0.000000 0.386600
0.633633 -0.478299 0.045712 2.943009 -0.294662 -4.170288 0.000000 0.000000 0.386081
0.633628 -0.478265 0.045588 2.943156 -0.294866 -4.170405 0.000000 0.000000 0.385561
0.633622 -0.478231 0.045465 2.943302 -0.295070 -4.170523 0.000000 0.000000 0.385042
0.633616 -0.478198 0.045341 2.943448 -0.295273 -4.170640 0.000000 0.000000 0.384522
0.633611 -0.478164 0.045218 2.943595 -0.295477 -4.170758 0.000000 0.000000 0.384003
0.633605 -0.478130 0.045094 2.943741 -0.295681 -4.170876 0.000000 0.000000 0.383484
0.633599 -0.478097 0.044971 2.943887 -0.295885 -4.170993 0.000000 0.000000 0.382964
0.633594 -0.478063 0.044847 2.944034 -0.296089 -4.171111 0.000000 0.000000 0.382445
0.633588 -0.478029 0.044724 2.944180 -0.296292 -4.171228 0.000000 0.000000 0.381925
0.633582 -0.477995 0.044600 2.944326 -0.296496 -4.171346 0.000000 0.000000 0.381406
0.633577 -0.477962 0.044477 2.944473 -0.296700 -4.171463 0.000000 0.000000 0.380886
0.633571 -0.477928 0.044353 2.944619 -0.296904 -4.171581 0.000000 0.000000 0.380367
0.633565 -0.477894 0.044230 2.944765 -0.297107 -4.171699 0.000000 0.000000 0.379848
0.633560 -0.477861 0.044106 2.944911 -0.297311 -4.171816 0.000000 0.000000 0.379328
0.633553 -0.477828 0.043985 2.945056 -0.297515 -4.171932 0.000000 0.000000 0.378872
0.633544 -0.477797 0.043869 2.945197 -0.297719 -4.172045 0.000000 0.000000 0.378527
0.633536 -0.477766 0.043752 2.945338 -0.297923 -4.172157 0.000000 0.000000 0.378182
0.633527 -0.477734 0.043635 2.945480 -0.298127 -4.172270 0.000000 0.000000 0.377836
0.633518 -0.477703 0.043519 2.945621 -0.298331 -4.172383 0.000000 0.000000 0.377491
0.633510 -0.477672 0.043402 2.945762 -0.298535 -4.172496 0.000000 0.000000 0.377146
0.633501 -0.477641 0.043286 2.945903 -0.298739 -4.172608 0.000000 0.000000 0.376801
0.633492 -0.477610 0.043169 2.946044 -0.298943 -4.172721 0.000000 0.000000 0.376455
0.633483 -0.477579 0.043052 2.946186 -0.299147 -4.172834 0.000000 0.000000 0.376110
0.633475 -0.477548 0.042936 2.946327 -0.299351 -4.172947 0.000000 0.000000 0.375765
0.633466 -0.477516 0.042819 2.946468 -0.299555 -4.173059 0.000000 0.000000 0.375420
0.633457 -0.477485 0.042702 2.946609 -0.299759 -4.173172 0.000000 0.000000 0.375075
0.633449 -0.477454 0.042586 2.946751 -0.299963 -4.173285 0.000000 0.000000 0.374729
0.633440 -0.477423 0.042469 2.946892 -0.300167 -4.173398 0.000000 0.000000 0.374384
0.633431 -0.477392 0.042353 2.947033 -0.300371 -4.173510 0.000000 0.000000 0.374039
0.633422 -0.477361 0.042236 2.947174 -0.300575 -4.173623 0.000000 0.000000 0.373694
0.633414 -0.477330 0.042119 2.947315 -0.300779 -4.173736 0.000000 0.000000 0.373348
0.633405 -0.477299 0.042003 2.947457 -0.300983 -4.173849 0.000000 0.000000 0.373003
0.633396 -0.477267 0.041886 2.947598 -0.301187 -4.173961 0.000000 0.000000 0.372658
0.633388 -0.477236 0.041769 2.947739 -0.301391 -4.174074 0.000000 0.000000 0.372313
0.633379 -0.477205 0.041653 2.947880 -0.301595 -4.174187 0.000000 0.000000 0.371967
0.633370 -0.477174 0.041536 2.948021 -0.301799 -4.174300 0.000000 0.000000 0.371622
0.633361 -0.477144 0.041421 2.948162 -0.302002 -4.174412 0.000000 0.000000 0.371316
0.633350 -0.477115 0.041310 2.948299 -0.302204 -4.174523 0.000000 0.000000 0.371116
0.633339 -0.477086 0.041200 2.948436 -0.302405 -4.174633 0.000000 0.000000 0.370916
0.633329 -0.477057 0.041089 2.948573 -0.302606 -4.174744 0.000000 0.000000 0.370716
0.633318 -0.477029 0.040978 2.948710 -0.302808 -4.174855 0.000000 0.000000 0.370516
0.633307 -0.477000 0.040867 2.948847 -0.303009 -4.174966 0.000000 0.000000 0.370316
0.633296 -0.476971 0.040757 2.948985 -0.303211 -4.175076 0.000000 0.000000 0.370116
0.633286 -0.476942 0.040646 2.949122 -0.303412 -4.175187 0.000000 0.000000 0.369917
0.633275 -0.476914 0.040535 2.949259 -0.303613 -4.175298 0.000000 0.000000 0.369717
0.633264 -0.476885 0.040425 2.949396 -0.303815 -4.175409 0.000000 0.000000 0.369517
0.633253 -0.476856 0.040314 2.949533 -0.304016 -4.175520 0.000000 0.000000 0.369317
0.633243 -0.476828 0.040203 2.949670 -0.304218 -4.175630 0.000000 0.000000 0.369117
0.633232 -0.476799 0.040092 2.949808 -0.304419 -4.175741 0.000000 0.000000 0.368917
0.633221 -0.476770 0.039982 2.949945 -0.304620 -4.175852 0.000000 0.000000 0.368717
0.633210 -0.476741 0.039871 2.950082 -0.304822 -4.175963 0.000000 0.000000 0.368517
0.633200 -0.476713 0.039760 2.950219 -0.305023 -4.176074 0.000000 0.000000 0.368317
0.633189 -0.476684 0.039650 2.950356 -0.305225 -4.176184 0.000000 0.000000 0.368118
0.633177 -0.476656 0.039542 2.950491 -0.305425 -4.176293 0.000000 0.000000 0.367808
0.633164 -0.476629 0.039437 2.950626 -0.305626 -4.176401 0.000000 0.000000 0.367451
0.633151 -0.476601 0.039332 2.950760 -0.305826 -4.176509 0.000000 0.000000 0.367093
0.633138 -0.476574 0.039226 2.950894 -0.306027 -4.176617 0.000000 0.000000 0.366735
0.633125 -0.476547 0.039121 2.951028 -0.306227 -4.176725 0.000000 0.000000 0.366377
0.633112 -0.476519 0.039015 2.951162 -0.306428 -4.176833 0.000000 0.000000 0.366020
0.633099 -0.476492 0.038910 2.951297 -0.306628 -4.176940 0.000000 0.000000 0.365662
0.633086 -0.476464 0.038804 2.951431 -0.306829 -4.177048 0.000000 0.000000 0.365304
0.633073 -0.476437 0.038699 2.951565 -0.307029 -4.177156 0.000000 0.000000 0.364947
0.633060 -0.476410 0.038593 2.951699 -0.307230 -4.177264 0.000000 0.000000 0.364589
0.633047 -0.476382 0.038488 2.951833 -0.307430 -4.177372 0.000000 0.000000 0.364231
0.633034 -0.476355 0.038382 2.951968 -0.307631 -4.177480 0.000000 0.000000 0.363873
0.633021 -0.476328 0.038277 2.952102 -0.307831 -4.177588 0.000000 0.000000 0.363516
0.633008 -0.476300 0.038171 2.952236 -0.308031 -4.177696 0.000000 0.000000 0.363158
0.632995 -0.476273 0.038066 2.952370 -0.308232 -4.177804 0.000000 0.000000 0.362800
0.632982 -0.476245 0.037960 2.952505 -0.308432 -4.177912 0.000000 0.000000 0.362443
0.632969 -0.476218 0.037856 2.952638 -0.308634 -4.178020 0.000000 0.000000 0.362000
0.632953 -0.476189 0.037756 2.952766 -0.308845 -4.178129 0.000000 0.000000 0.360941
0.632937 -0.476160 0.037656 2.952895 -0.309056 -4.178238 0.000000 0.000000 0.359882
0.632922 -0.476132 0.037557 2.953023 -0.309266 -4.178348 0.000000 0.000000 0.358823
0.632906 -0.476103 0.037457 2.953151 -0.309477 -4.178457 0.000000 0.000000 0.357764
0.632890 -0.476074 0.037357 2.953279 -0.309688 -4.178567 0.000000 0.000000 0.356705
0.632875 -0.476046 0.037258 2.953408 -0.309898 -4.178676 0.000000 0.000000 0.355646
0.632859 -0.476017 0.037158 2.953536 -0.310109 -4.178786 0.000000 0.000000 0.354587
0.632843 -0.475988 0.037058 2.953664 -0.310320 -4.178895 0.000000 0.000000 0.353528
0.632828 -0.475959 0.036959 2.953792 -0.310531 -4.179004 0.000000 0.000000 0.352469
0.632812 -0.475931 0.036859 2.953921 -0.310741 -4.179114 0.000000 0.000000 0.351410
0.632797 -0.475902 0.036760 2.954049 -0.310952 -4.179223 0.000000 0.000000 0.350351
0.632781 -0.475873 0.036660 2.954177 -0.311163 -4.179333 0.000000 0.000000 0.349292
0.632765 -0.475844 0.036560 2.954306 -0.311373 -4.179442 0.000000 0.000000 0.348232
0.632750 -0.475816 0.036461 2.954434 -0.311584 -4.179551 0.000000 0.000000 0.347173
0.632734 -0.475787 0.036361 2.954562 -0.311795 -4.179661 0.000000 0.000000 0.346114
0.632718 -0.475758 0.036261 2.954690 -0.312006 -4.179770 0.000000 0.000000 0.345055
0.632703 -0.475730 0.036162 2.954819 -0.312216 -4.179880 0.000000 0.000000 0.343996
0.632687 -0.475701 0.036062 2.954947 -0.312427 -4.179989 0.000000 0.000000 0.342937
0.632671 -0.475672 0.035963 2.955075 -0.312638 -4.180098 0.000000 0.000000 0.341878
0.632656 -0.475643 0.035863 2.955204 -0.312848 -4.180208 0.000000 0.000000 0.340819
0.632640 -0.475615 0.035763 2.955332 -0.313059 -4.180317 0.000000 0.000000 0.339760
0.632625 -0.475586 0.035664 2.955460 -0.313270 -4.180427 0.000000 0.000000 0.338688
0.632607 -0.475555 0.035568 2.955584 -0.313486 -4.180534 0.000000 0.000000 0.337094
0.632589 -0.475523 0.035471 2.955709 -0.313702 -4.180640 0.000000 0.000000 0.335500
0.632571 -0.475492 0.035375 2.955833 -0.313918 -4.180747 0.000000 0.000000 0.333905
0.632553 -0.475461 0.035279 2.955957 -0.314134 -4.180854 0.000000 0.000000 0.332311
0.632535 -0.475430 0.035182 2.956081 -0.314350 -4.180961 0.000000 0.000000 0.330717
0.632517 -0.475399 0.035086 2.956206 -0.314566 -4.181068 0.000000 0.000000 0.329122
0.632499 -0.475367 0.034990 2.956330 -0.314782 -4.181175 0.000000 0.000000 0.327528
0.632481 -0.475336 0.034893 2.956454 -0.314998 -4.181282 0.000000 0.000000 0.325934
0.632463 -0.475305 0.034797 2.956578 -0.315214 -4.181388 0.000000 0.000000 0.324340
0.632445 -0.475274 0.034701 2.956703 -0.315430 -4.181495 0.000000 0.000000 0.322745
0.632427 -0.475243 0.034604 2.956827 -0.315646 -4.181602 0.000000 0.000000 0.321151
0.632409 -0.475211 0.034508 2.956951 -0.315862 -4.181709 0.000000 0.000000 0.319557
0.632391 -0.475180 0.034412 2.957075 -0.316078 -4.181816 0.000000 0.000000 0.317962
0.632373 -0.475149 0.034315 2.957200 -0.316294 -4.181923 0.000000 0.000000 0.316368
0.632355 -0.475118 0.034219 2.957324 -0.316510 -4.182030 0.000000 0.000000 0.314774
0.632337 -0.475087 0.034123 2.957448 -0.316727 -4.182136 0.000000 0.000000 0.313179
0.632317 -0.475055 0.034028 2.957572 -0.316943 -4.182239 0.000000 0.000000 0.311764
0.632295 -0.475021 0.033935 2.957695 -0.317160 -4.182336 0.000000 0.000000 0.310568
0.632273 -0.474988 0.033842 2.957818 -0.317377 -4.182433 0.000000 0.000000 0.309372
0.632251 -0.474955 0.033748 2.957942 -0.317594 -4.182530 0.000000 0.000000 0.308176
0.632228 -0.474922 0.033655 2.958065 -0.317811 -4.182627 0.000000 0.000000 0.306981
0.632206 -0.474889 0.033562 2.958188 -0.318028 -4.182724 0.000000 0.000000 0.305785
0.632184 -0.474856 0.033469 2.958312 -0.318245 -4.182821 0.000000 0.000000 0.304589
0.632162 -0.474823 0.033376 2.958435 -0.318462 -4.182917 0.000000 0.000000 0.303393
0.632140 -0.474790 0.033283 2.958558 -0.318679 -4.183014 0.000000 0.000000 0.302197
0.632118 -0.474757 0.033190 2.958682 -0.318895 -4.183111 0.000000 0.000000 0.301001
0.632096 -0.474723 0.033097 2.958805 -0.319112 -4.183208 0.000000 0.000000 0.299805
0.632074 -0.474690 0.033004 2.958928 -0.319329 -4.183305 0.000000 0.000000 0.298609
0.632052 -0.474657 0.032910 2.959051 -0.319546 -4.183402 0.000000 0.000000 0.297413
0.632030 -0.474624 0.032817 2.959175 -0.319763 -4.183499 0.000000 0.000000 0.296217
0.632008 -0.474591 0.032724 2.959298 -0.319980 -4.183596 0.000000 0.000000 0.295021
0.631986 -0.474558 0.032631 2.959421 -0.320197 -4.183693 0.000000 0.000000 0.293825
0.631964 -0.474525 0.032538 2.959545 -0.320414 -4.183790 0.000000 0.000000 0.292629
0.631938 -0.474489 0.032448 2.959666 -0.320631 -4.183880 0.000000 0.000000 0.291029
0.631912 -0.474454 0.032358 2.959787 -0.320849 -4.183969 0.000000 0.000000 0.289372
0.631886 -0.474418 0.032269 2.959908 -0.321066 -4.184057 0.000000 0.000000 0.287716
0.631860 -0.474383 0.032179 2.960029 -0.321283 -4.184146 0.000000 0.000000 0.286059
0.631834 -0.474347 0.032090 2.960150 -0.321500 -4.184235 0.000000 0.000000 0.284403
0.631808 -0.474312 0.032000 2.960271 -0.321718 -4.184324 0.000000 0.000000 0.282746
0.631782 -0.474276 0.031911 2.960392 -0.321935 -4.184413 0.000000 0.000000 0.281090
0.631756 -0.474241 0.031821 2.960513 -0.322152 -4.184501 0.000000 0.000000 0.279433
0.631730 -0.474205 0.031732 2.960634 -0.322370 -4.184590 0.000000 0.000000 0.277776
0.631704 -0.474170 0.031642 2.960755 -0.322587 -4.184679 0.000000 0.000000 0.276120
0.631678 -0.474134 0.031553 2.960876 -0.322804 -4.184768 0.000000 0.000000 0.274463
0.631652 -0.474099 0.031463 2.960997 -0.323022 -4.184857 0.000000 0.000000 0.272807
0.631626 -0.474063 0.031373 2.961118 -0.323239 -4.184945 0.000000 0.000000 0.271150
0.631600 -0.474028 0.031284 2.961239 -0.323456 -4.185034 0.000000 0.000000 0.269494
0.631574 -0.473992 0.031194 2.961360 -0.323673 -4.185123 0.000000 0.000000 0.267837
0.631548 -0.473957 0.031105 2.961481 -0.323891 -4.185212 0.000000 0.000000 0.266181
0.631521 -0.473921 0.031015 2.961602 -0.324108 -4.185301 0.000000 0.000000 0.264524
0.631495 -0.473886 0.030926 2.961723 -0.324325 -4.185389 0.000000 0.000000 0.262868
0.631469 -0.473850 0.030836 2.961844 -0.324543 -4.185478 0.000000 0.000000 0.261211
0.631443 -0.473815 0.030747 2.961965 -0.324760 -4.185567 0.000000 0.000000 0.259555
0.631417 -0.473779 0.030657 2.962086 -0.324977 -4.185656 0.000000 0.000000 0.257898
0.631391 -0.473744 0.030567 2.962207 -0.325194 -4.185745 0.000000 0.000000 0.256242
0.631362 -0.473707 0.030481 2.962324 -0.325404 -4.185824 0.000000 0.000000 0.255314
0.631332 -0.473669 0.030396 2.962441 -0.325612 -4.185901 0.000000 0.000000 0.254593
0.631301 -0.473632 0.030310 2.962557 -0.325819 -4.185978 0.000000 0.000000 0.253871
0.631271 -0.473594 0.030225 2.962673 -0.326027 -4.186055 0.000000 0.000000 0.253149
0.631241 -0.473557 0.030139 2.962789 -0.326235 -4.186131 0.000000 0.000000 0.252427
0.631211 -0.473519 0.030054 2.962906 -0.326442 -4.186208 0.000000 0.000000 0.251706
0.631181 -0.473482 0.029968 2.963022 -0.326650 -4.186285 0.000000 0.000000 0.250984
0.631150 -0.473444 0.029883 2.963138 -0.326857 -4.186362 0.000000 0.000000 0.250262
0.631120 -0.473407 0.029797 2.963255 -0.327065 -4.186439 0.000000 0.000000 0.249540
0.631090 -0.473369 0.029712 2.963371 -0.327272 -4.186516 0.000000 0.000000 0.248819
0.631060 -0.473331 0.029626 2.963487 -0.327480 -4.186592 0.000000 0.000000 0.248097
0.631029 -0.473294 0.029541 2.963603 -0.327688 -4.186669 0.000000 0.000000 0.247375
0.630999 -0.473256 0.029455 2.963720 -0.327895 -4.186746 0.000000 0.000000 0.246653
0.630969 -0.473219 0.029370 2.963836 -0.328103 -4.186823 0.000000 0.000000 0.245932
0.630939 -0.473181 0.029284 2.963952 -0.328310 -4.186900 0.000000 0.000000 0.245210
0.630908 -0.473144 0.029199 2.964068 -0.328518 -4.186976 0.000000 0.000000 0.244488
0.630878 -0.473106 0.029114 2.964182 -0.328723 -4.187052 0.000000 0.000000 0.243935
0.630847 -0.473066 0.029032 2.964284 -0.328920 -4.187121 0.000000 0.000000 0.244025
0.630815 -0.473027 0.028950 2.964386 -0.329117 -4.187190 0.000000 0.000000 0.244116
0.630784 -0.472987 0.028868 2.964488 -0.329314 -4.187259 0.000000 0.000000 0.244207
0.630753 -0.472948 0.028786 2.964591 -0.329511 -4.187328 0.000000 0.000000 0.244297
0.630721 -0.472908 0.028704 2.964693 -0.329708 -4.187397 0.000000 0.000000 0.244388
0.630690 -0.472869 0.028622 2.964795 -0.329905 -4.187466 0.000000 0.000000 0.244478
0.630659 -0.472829 0.028540 2.964898 -0.330101 -4.187535 0.000000 0.000000 0.244569
0.630627 -0.472790 0.028458 2.965000 -0.330298 -4.187604 0.000000 0.000000 0.244660
0.630596 -0.472750 0.028377 2.965102 -0.330495 -4.187673 0.000000 0.000000 0.244750
0.630565 -0.472711 0.028295 2.965204 -0.330692 -4.187742 0.000000 0.000000 0.244841
0.630534 -0.472671 0.028213 2.965307 -0.330889 -4.187811 0.000000 0.000000 0.244931
0.630502 -0.472632 0.028131 2.965409 -0.331086 -4.187880 0.000000 0.000000 0.245022
0.630471 -0.472592 0.028049 2.965511 -0.331283 -4.187948 0.000000 0.000000 0.245113
0.630440 -0.472553 0.027967 2.965613 -0.331480 -4.188017 0.000000 0.000000 0.245203
0.630408 -0.472513 0.027885 2.965716 -0.331676 -4.188086 0.000000 0.000000 0.245294
0.630377 -0.472474 0.027803 2.965818 -0.331873 -4.188155 0.000000 0.000000 0.245385
0.630345 -0.472434 0.027724 2.965914 -0.332069 -4.188224 0.000000 0.000000 0.246471
0.630313 -0.472394 0.027647 2.966005 -0.332263 -4.188292 0.000000 0.000000 0.248132
0.630281 -0.472354 0.027570 2.966097 -0.332458 -4.188360 0.000000 0.000000 0.249794
0.630249 -0.472314 0.027493 2.966189 -0.332652 -4.188427 0.000000 0.000000 0.251455
0.630216 -0.472274 0.027416 2.966281 -0.332847 -4.188495 0.000000 0.000000 0.253116
0.630184 -0.472234 0.027338 2.966373 -0.333041 -4.188563 0.000000 0.000000 0.254777
0.630152 -0.472194 0.027261 2.966465 -0.333236 -4.188631 0.000000 0.000000 0.256438
0.630120 -0.472154 0.027184 2.966556 -0.333430 -4.188699 0.000000 0.000000 0.258100
0.630088 -0.472115 0.027107 2.966648 -0.333625 -4.188767 0.000000 0.000000 0.259761
0.630056 -0.472075 0.027030 2.966740 -0.333819 -4.188835 0.000000 0.000000 0.261422
0.630023 -0.472035 0.026953 2.966832 -0.334014 -4.188903 0.000000 0.000000 0.263083
0.629991 -0.471995 0.026875 2.966924 -0.334208 -4.188970 0.000000 0.000000 0.264744
0.629959 -0.471955 0.026798 2.967016 -0.334403 -4.189038 0.000000 0.000000 0.266406
0.629927 -0.471915 0.026721 2.967107 -0.334597 -4.189106 0.000000 0.000000 0.268067
0.629895 -0.471875 0.026644 2.967199 -0.334791 -4.189174 0.000000 0.000000 0.269728
0.629862 -0.471835 0.026567 2.967291 -0.334986 -4.189242 0.000000 0.000000 0.271389
0.629830 -0.471795 0.026490 2.967383 -0.335180 -4.189310 0.000000 0.000000 0.273050
0.629798 -0.471755 0.026412 2.967475 -0.335375 -4.189378 0.000000 0.000000 0.274712
0.629766 -0.471715 0.026335 2.967567 -0.335569 -4.189446 0.000000 0.000000 0.276373
0.629734 -0.471675 0.026258 2.967658 -0.335764 -4.189514 0.000000 0.000000 0.278034
0.629702 -0.471635 0.026181 2.967750 -0.335958 -4.189581 0.000000 0.000000 0.279695
0.629669 -0.471595 0.026104 2.967842 -0.336153 -4.189649 0.000000 0.000000 0.281356
0.629638 -0.471555 0.026030 2.967925 -0.336351 -4.189721 0.000000 0.000000 0.283783
0.629607 -0.471513 0.025959 2.968000 -0.336551 -4.189796 0.000000 0.000000 0.286871
0.629575 -0.471472 0.025889 2.968075 -0.336752 -4.189870 0.000000 0.000000 0.289958
0.629544 -0.471431 0.025818 2.968150 -0.336953 -4.189945 0.000000 0.000000 0.293046
0.629513 -0.471389 0.025747 2.968225 -0.337153 -4.190020 0.000000 0.000000 0.296133
0.629482 -0.471348 0.025676 2.968299 -0.337354 -4.190095 0.000000 0.000000 0.299221
0.629451 -0.471307 0.025605 2.968374 -0.337555 -4.190169 0.000000 0.000000 0.302308
0.629420 -0.471265 0.025534 2.968449 -0.337755 -4.190244 0.000000 0.000000 0.305395
0.629388 -0.471224 0.025464 2.968524 -0.337956 -4.190319 0.000000 0.000000 0.308483
0.629357 -0.471183 0.025393 2.968599 -0.338156 -4.190393 0.000000 0.000000 0.311570
0.629326 -0.471141 0.025322 2.968674 -0.338357 -4.190468 0.000000 0.000000 0.314658
0.629295 -0.471100 0.025251 2.968749 -0.338558 -4.190543 0.000000 0.000000 0.317745
0.629264 -0.471059 0.025180 2.968824 -0.338758 -4.190618 0.000000 0.000000 0.320832
0.629232 -0.471017 0.025110 2.968899 -0.338959 -4.190692 0.000000 0.000000 0.323920
0.629201 -0.470976 0.025039 2.968974 -0.339160 -4.190767 0.000000 0.000000 0.327007
0.629170 -0.470935 0.024968 2.969049 -0.339360 -4.190842 0.000000 0.000000 0.330095
0.629139 -0.470893 0.024897 2.969124 -0.339561 -4.190917 0.000000 0.000000 0.333182
0.629109 -0.470853 0.024832 2.969188 -0.339749 -4.190997 0.000000 0.000000 0.336779
0.629080 -0.470813 0.024767 2.969253 -0.339936 -4.191077 0.000000 0.000000 0.340396
0.629051 -0.470773 0.024702 2.969317 -0.340123 -4.191157 0.000000 0.000000 0.344012
0.629021 -0.470733 0.024637 2.969381 -0.340310 -4.191238 0.000000 0.000000 0.347628
0.628992 -0.470692 0.024573 2.969445 -0.340497 -4.191318 0.000000 0.000000 0.351245
0.628962 -0.470652 0.024508 2.969510 -0.340684 -4.191398 0.000000 0.000000 0.354861
0.628933 -0.470612 0.024443 2.969574 -0.340872 -4.191479 0.000000 0.000000 0.358478
0.628903 -0.470572 0.024378 2.969638 -0.341059 -4.191559 0.000000 0.000000 0.362094
0.628874 -0.470532 0.024313 2.969702 -0.341246 -4.191639 0.000000 0.000000 0.365710
0.628844 -0.470492 0.024248 2.969766 -0.341433 -4.191720 0.000000 0.000000 0.369327
0.628815 -0.470452 0.024183 2.969831 -0.341620 -4.191800 0.000000 0.000000 0.372943
0.628786 -0.470411 0.024118 2.969895 -0.341807 -4.191880 0.000000 0.000000 0.376559
0.628756 -0.470371 0.024053 2.969959 -0.341995 -4.191961 0.000000 0.000000 0.380176
0.628727 -0.470331 0.023988 2.970023 -0.342182 -4.192041 0.000000 0.000000 0.383792
0.628697 -0.470291 0.023924 2.970088 -0.342369 -4.192122 0.000000 0.000000 0.387408
0.628668 -0.470251 0.023859 2.970152 -0.342556 -4.192202 0.000000 0.000000 0.391025
0.628639 -0.470211 0.023796 2.970211 -0.342735 -4.192281 0.000000 0.000000 0.394899
0.628612 -0.470173 0.023735 2.970264 -0.342899 -4.192357 0.000000 0.000000 0.399177
0.628585 -0.470135 0.023675 2.970316 -0.343064 -4.192434 0.000000 0.000000 0.403454
0.628559 -0.470097 0.023614 2.970368 -0.343229 -4.192511 0.000000 0.000000 0.407732
0.628532 -0.470059 0.023554 2.970420 -0.343394 -4.192587 0.000000 0.000000 0.412009
0.628505 -0.470021 0.023494 2.970472 -0.343559 -4.192664 0.000000 0.000000 0.416287
0.628478 -0.469982 0.023433 2.970524 -0.343723 -4.192740 0.000000 0.000000 0.420564
0.628451 -0.469944 0.023373 2.970576 -0.343888 -4.192817 0.000000 0.000000 0.424842
0.628424 -0.469906 0.023313 2.970628 -0.344053 -4.192894 0.000000 0.000000 0.429119
0.628397 -0.469868 0.023252 2.970680 -0.344218 -4.192970 0.000000 0.000000 0.433397
0.628370 -0.469830 0.023192 2.970733 -0.344382 -4.193047 0.000000 0.000000 0.437674
0.628343 -0.469791 0.023132 2.970785 -0.344547 -4.193123 0.000000 0.000000 0.441952
0.628316 -0.469753 0.023071 2.970837 -0.344712 -4.193200 0.000000 0.000000 0.446229
0.628289 -0.469715 0.023011 2.970889 -0.344877 -4.193277 0.000000 0.000000 0.450507
0.628262 -0.469677 0.022950 2.970941 -0.345042 -4.193353 0.000000 0.000000 0.454784
0.628235 -0.469639 0.022890 2.970993 -0.345206 -4.193430 0.000000 0.000000 0.459062
0.628208 -0.469600 0.022830 2.971045 -0.345371 -4.193506 0.000000 0.000000 0.463339
0.628181 -0.469562 0.022769 2.971097 -0.345536 -4.193583 0.000000 0.000000 0.467616
0.628154 -0.469524 0.022709 2.971150 -0.345701 -4.193660 0.000000 0.000000 0.471894
0.628128 -0.469486 0.022649 2.971202 -0.345866 -4.193736 0.000000 0.000000 0.476171
0.628101 -0.469448 0.022588 2.971254 -0.346030 -4.193813 0.000000 0.000000 0.480449
0.628074 -0.469410 0.022528 2.971306 -0.346195 -4.193890 0.000000 0.000000 0.484726
0.628047 -0.469371 0.022469 2.971358 -0.346359 -4.193966 0.000000 0.000000 0.489069
0.628019 -0.469333 0.022415 2.971411 -0.346521 -4.194042 0.000000 0.000000 0.493568
0.627991 -0.469295 0.022361 2.971464 -0.346682 -4.194118 0.000000 0.000000 0.498067
0.627963 -0.469257 0.022306 2.971517 -0.346844 -4.194194 0.000000 0.000000 0.502565
0.627936 -0.469219 0.022252 2.971569 -0.347005 -4.194270 0.000000 0.000000 0.507064
0.627908 -0.469181 0.022198 2.971622 -0.347167 -4.194346 0.000000 0.000000 0.511563
0.627880 -0.469143 0.022143 2.971675 -0.347328 -4.194422 0.000000 0.000000 0.516062
0.627852 -0.469105 0.022089 2.971728 -0.347490 -4.194498 0.000000 0.000000 0.520561
0.627825 -0.469067 0.022035 2.971780 -0.347651 -4.194573 0.000000 0.000000 0.525060
0.627797 -0.469029 0.021981 2.971833 -0.347813 -4.194649 0.000000 0.000000 0.529559
0.627769 -0.468991 0.021926 2.971886 -0.347974 -4.194725 0.000000 0.000000 0.534057
0.627741 -0.468953 0.021872 2.971939 -0.348136 -4.194801 0.000000 0.000000 0.538556
0.627714 -0.468915 0.021818 2.971992 -0.348298 -4.194877 0.000000 0.000000 0.543055
0.627686 -0.468877 0.021763 2.972044 -0.348459 -4.194953 0.000000 0.000000 0.547554
0.627658 -0.468839 0.021709 2.972097 -0.348621 -4.195029 0.000000 0.000000 0.552053
0.627631 -0.468801 0.021655 2.972150 -0.348782 -4.195105 0.000000 0.000000 0.556552
0.627603 -0.468763 0.021600 2.972203 -0.348944 -4.195181 0.000000 0.000000 0.561051
0.627574 -0.468725 0.021550 2.972253 -0.349097 -4.195251 0.000000 0.000000 0.565935
0.627545 -0.468688 0.021502 2.972301 -0.349247 -4.195319 0.000000 0.000000 0.570970
0.627516 -0.468650 0.021454 2.972350 -0.349397 -4.195387 0.000000 0.000000 0.576004
0.627487 -0.468612 0.021406 2.972399 -0.349547 -4.195456 0.000000 0.000000 0.581038
0.627457 -0.468575 0.021358 2.972447 -0.349698 -4.195524 0.000000 0.000000 0.586072
0.627428 -0.468537 0.021310 2.972496 -0.349848 -4.195592 0.000000 0.000000 0.591107
0.627399 -0.468500 0.021262 2.972545 -0.349998 -4.195660 0.000000 0.000000 0.596141
0.627370 -0.468462 0.021214 2.972593 -0.350148 -4.195728 0.000000 0.000000 0.601175
0.627341 -0.468425 0.021166 2.972642 -0.350298 -4.195796 0.000000 0.000000 0.606209
0.627312 -0.468387 0.021118 2.972691 -0.350448 -4.195864 0.000000 0.000000 0.611244
0.627282 -0.468350 0.021070 2.972739 -0.350598 -4.195932 0.000000 0.000000 0.616278
0.627253 -0.468312 0.021022 2.972788 -0.350748 -4.196000 0.000000 0.000000 0.621312
0.627224 -0.468275 0.020974 2.972837 -0.350899 -4.196068 0.000000 0.000000 0.626346
0.627195 -0.468237 0.020926 2.972886 -0.351049 -4.196137 0.000000 0.000000 0.631381
0.627166 -0.468200 0.020878 2.972934 -0.351199 -4.196205 0.000000 0.000000 0.636415
0.627136 -0.468162 0.020830 2.972983 -0.351349 -4.196273 0.000000 0.000000 0.641449
0.627107 -0.468125 0.020782 2.973030 -0.351496 -4.196339 0.000000 0.000000 0.646490
0.627079 -0.468088 0.020741 2.973065 -0.351624 -4.196394 0.000000 0.000000 0.651570
0.627050 -0.468050 0.020699 2.973100 -0.351752 -4.196450 0.000000 0.000000 0.656651
0.627022 -0.468013 0.020657 2.973135 -0.351880 -4.196505 0.000000 0.000000 0.661731
0.626993 -0.467976 0.020616 2.973170 -0.352008 -4.196560 0.000000 0.000000 0.666811
0.626965 -0.467939 0.020574 2.973205 -0.352136 -4.196616 0.000000 0.000000 0.671892
0.626936 -0.467902 0.020532 2.973240 -0.352264 -4.196671 0.000000 0.000000 0.676972
0.626908 -0.467865 0.020490 2.973275 -0.352392 -4.196726 0.000000 0.000000 0.682052
0.626879 -0.467828 0.020449 2.973310 -0.352520 -4.196782 0.000000 0.000000 0.687133
0.626851 -0.467791 0.020407 2.973345 -0.352648 -4.196837 0.000000 0.000000 0.692213
0.626822 -0.467754 0.020365 2.973380 -0.352776 -4.196892 0.000000 0.000000 0.697293
0.626793 -0.467717 0.020324 2.973416 -0.352904 -4.196948 0.000000 0.000000 0.702374
0.626765 -0.467680 0.020282 2.973451 -0.353032 -4.197003 0.000000 0.000000 0.707454
0.626736 -0.467643 0.020240 2.973486 -0.353160 -4.197058 0.000000 0.000000 0.712534
0.626708 -0.467606 0.020198 2.973521 -0.353288 -4.197114 0.000000 0.000000 0.717615
0.626679 -0.467568 0.020157 2.973556 -0.353416 -4.197169 0.000000 0.000000 0.722695
0.626651 -0.467531 0.020115 2.973591 -0.353544 -4.197224 0.000000 0.000000 0.727775
0.626622 -0.467494 0.020073 2.973626 -0.353672 -4.197280 0.000000 0.000000 0.732856
0.626594 -0.467457 0.020031 2.973661 -0.353800 -4.197335 0.000000 0.000000 0.737936
0.626565 -0.467420 0.019990 2.973696 -0.353928 -4.197390 0.000000 0.000000 0.743016
0.626537 -0.467383 0.019948 2.973731 -0.354056 -4.197446 0.000000 0.000000 0.748097
0.626508 -0.467346 0.019906 2.973766 -0.354184 -4.197501 0.000000 0.000000 0.753177
0.626480 -0.467309 0.019865 2.973801 -0.354311 -4.197556 0.000000 0.000000 0.758260
0.626451 -0.467272 0.019829 2.973827 -0.354426 -4.197604 0.000000 0.000000 0.763387
0.626423 -0.467235 0.019793 2.973852 -0.354540 -4.197651 0.000000 0.000000 0.768514
0.626394 -0.467198 0.019758 2.973878 -0.354654 -4.197699 0.000000 0.000000 0.773641
0.626366 -0.467161 0.019722 2.973904 -0.354769 -4.197747 0.000000 0.000000 0.778768
0.626337 -0.467124 0.019686 2.973930 -0.354883 -4.197794 0.000000 0.000000 0.783895
0.626309 -0.467087 0.019651 2.973955 -0.354998 -4.197842 0.000000 0.000000 0.789022
0.626281 -0.467050 0.019615 2.973981 -0.355112 -4.197890 0.000000 0.000000 0.794150
0.626252 -0.467013 0.019579 2.974007 -0.355226 -4.197937 0.000000 0.000000 0.799277
0.626224 -0.466976 0.019543 2.974033 -0.355341 -4.197985 0.000000 0.000000 0.804404
0.626195 -0.466939 0.019508 2.974058 -0.355455 -4.198033 0.000000 0.000000 0.809531
0.626167 -0.466902 0.019472 2.974084 -0.355569 -4.198080 0.000000 0.000000 0.814658
0.626139 -0.466865 0.019436 2.974110 -0.355684 -4.198128 0.000000 0.000000 0.819785
0.626110 -0.466828 0.019401 2.974136 -0.355798 -4.198176 0.000000 0.000000 0.824913
0.626082 -0.466791 0.019365 2.974161 -0.355912 -4.198223 0.000000 0.000000 0.830040
0.626053 -0.466753 0.019329 2.974187 -0.356027 -4.198271 0.000000 0.000000 0.835167
0.626025 -0.466716 0.019293 2.974213 -0.356141 -4.198319 0.000000 0.000000 0.840294
0.625997 -0.466680 0.019261 2.974234 -0.356246 -4.198363 0.000000 0.000000 0.845447
0.625969 -0.466643 0.019231 2.974250 -0.356340 -4.198403 0.000000 0.000000 0.850628
0.625941 -0.466606 0.019202 2.974266 -0.356434 -4.198443 0.000000 0.000000 0.855808
0.625913 -0.466570 0.019172 2.974282 -0.356528 -4.198483 0.000000 0.000000 0.860989
0.625885 -0.466533 0.019143 2.974298 -0.356623 -4.198523 0.000000 0.000000 0.866170
0.625857 -0.466496 0.019113 2.974315 -0.356717 -4.198564 0.000000 0.000000 0.871351
0.625829 -0.466460 0.019084 2.974331 -0.356811 -4.198604 0.000000 0.000000 0.876532
0.625801 -0.466423 0.019055 2.974347 -0.356905 -4.198644 0.000000 0.000000 0.881713
0.625773 -0.466386 0.019025 2.974363 -0.357000 -4.198684 0.000000 0.000000 0.886893
0.625745 -0.466350 0.018996 2.974379 -0.357094 -4.198724 0.000000 0.000000 0.892074
0.625717 -0.466313 0.018966 2.974395 -0.357188 -4.198764 0.000000 0.000000 0.897255
0.625689 -0.466276 0.018937 2.974411 -0.357282 -4.198805 0.000000 0.000000 0.902436
0.625661 -0.466240 0.018907 2.974428 -0.357376 -4.198845 0.000000 0.000000 0.907617
0.625633 -0.466203 0.018878 2.974444 -0.357471 -4.198885 0.000000 0.000000 0.912798
0.625605 -0.466167 0.018849 2.974460 -0.357565 -4.198925 0.000000 0.000000 0.917978
0.625577 -0.466130 0.018819 2.974476 -0.357659 -4.198965 0.000000 0.000000 0.923159
0.625549 -0.466093 0.018790 2.974492 -0.357753 -4.199005 0.000000 0.000000 0.928340
0.625522 -0.466058 0.018766 2.974498 -0.357823 -4.199033 0.000000 0.000000 0.933902
0.625496 -0.466023 0.018744 2.974503 -0.357890 -4.199059 0.000000 0.000000 0.939503
0.625469 -0.465988 0.018721 2.974508 -0.357957 -4.199085 0.000000 0.000000 0.945105
0.625442 -0.465953 0.018699 2.974513 -0.358025 -4.199110 0.000000 0.000000 0.950707
0.625415 -0.465918 0.018676 2.974519 -0.358092 -4.199136 0.000000 0.000000 0.956308
0.625388 -0.465883 0.018654 2.974524 -0.358159 -4.199162 0.000000 0.000000 0.961910
0.625362 -0.465848 0.018631 2.974529 -0.358226 -4.199188 0.000000 0.000000 0.967512
0.625335 -0.465813 0.018609 2.974534 -0.358293 -4.199214 0.000000 0.000000 0.973113
0.625308 -0.465778 0.018586 2.974539 -0.358360 -4.199240 0.000000 0.000000 0.978715
0.625281 -0.465743 0.018564 2.974544 -0.358427 -4.199266 0.000000 0.000000 0.984317
0.625254 -0.465708 0.018541 2.974549 -0.358495 -4.199292 0.000000 0.000000 0.989918
0.625227 -0.465673 0.018519 2.974554 -0.358562 -4.199318 0.000000 0.000000 0.995520
0.625201 -0.465638 0.018496 2.974559 -0.358629 -4.199344 0.000000 0.000000 1.001122
0.625174 -0.465603 0.018474 2.974564 -0.358696 -4.199370 0.000000 0.000000 1.006723
0.625147 -0.465568 0.018451 2.974569 -0.358763 -4.199396 0.000000 0.000000 1.012325
0.625120 -0.465533 0.018429 2.974574 -0.358830 -4.199422 0.000000 0.000000 1.017927
0.625093 -0.465498 0.018406 2.974579 -0.358897 -4.199447 0.000000 0.000000 1.023529
0.625067 -0.465463 0.018384 2.974584 -0.358964 -4.199473 0.000000 0.000000 1.029130
0.625040 -0.465428 0.018361 2.974589 -0.359032 -4.199499 0.000000 0.000000 1.034732
0.625013 -0.465393 0.018339 2.974594 -0.359099 -4.199525 0.000000 0.000000 1.040334
0.624986 -0.465358 0.018316 2.974600 -0.359166 -4.199551 0.000000 0.000000 1.045935
0.624959 -0.465323 0.018294 2.974605 -0.359233 -4.199577 0.000000 0.000000 1.051537
0.624934 -0.465288 0.018278 2.974601 -0.359287 -4.199594 0.000000 0.000000 1.057495
0.624908 -0.465254 0.018263 2.974596 -0.359337 -4.199608 0.000000 0.000000 1.063537
0.624882 -0.465220 0.018248 2.974591 -0.359387 -4.199623 0.000000 0.000000 1.069579
0.624857 -0.465186 0.018233 2.974586 -0.359438 -4.199637 0.000000 0.000000 1.075622
0.624831 -0.465152 0.018219 2.974581 -0.359488 -4.199651 0.000000 0.000000 1.081664
0.624806 -0.465117 0.018204 2.974575 -0.359538 -4.199666 0.000000 0.000000 1.087706
0.624780 -0.465083 0.018189 2.974570 -0.359589 -4.199680 0.000000 0.000000 1.093749
0.624755 -0.465049 0.018174 2.974565 -0.359639 -4.199695 0.000000 0.000000 1.099791
0.624729 -0.465015 0.018160 2.974560 -0.359689 -4.199709 0.000000 0.000000 1.105833
0.624704 -0.464981 0.018145 2.974555 -0.359740 -4.199724 0.000000 0.000000 1.111876
0.624678 -0.464946 0.018130 2.974550 -0.359790 -4.199738 0.000000 0.000000 1.117918
0.624652 -0.464912 0.018115 2.974544 -0.359840 -4.199753 0.000000 0.000000 1.123961
0.624627 -0.464878 0.018101 2.974539 -0.359891 -4.199767 0.000000 0.000000 1.130003
0.624601 -0.464844 0.018086 2.974534 -0.359941 -4.199782 0.000000 0.000000 1.136045
0.624576 -0.464810 0.018071 2.974529 -0.359991 -4.199796 0.000000 0.000000 1.142088
0.624550 -0.464776 0.018056 2.974524 -0.360042 -4.199810 0.000000 0.000000 1.148130
0.624525 -0.464741 0.018043 2.974516 -0.360089 -4.199824 0.000000 0.000000 1.154060
0.624502 -0.464707 0.018036 2.974499 -0.360127 -4.199835 0.000000 0.000000 1.159622
0.624478 -0.464673 0.018029 2.974483 -0.360165 -4.199846 0.000000 0.000000 1.165184
0.624454 -0.464639 0.018022 2.974466 -0.360203 -4.199857 0.000000 0.000000 1.170746
0.624431 -0.464605 0.018015 2.974450 -0.360241 -4.199868 0.000000 0.000000 1.176308
0.624407 -0.464571 0.018008 2.974433 -0.360278 -4.199878 0.000000 0.000000 1.181871
0.624384 -0.464537 0.018001 2.974416 -0.360316 -4.199889 0.000000 0.000000 1.187433
0.624360 -0.464503 0.017994 2.974400 -0.360354 -4.199900 0.000000 0.000000 1.192995
0.624337 -0.464469 0.017987 2.974383 -0.360392 -4.199911 0.000000 0.000000 1.198557
0.624313 -0.464435 0.017980 2.974367 -0.360430 -4.199922 0.000000 0.000000 1.204119
0.624290 -0.464401 0.017973 2.974350 -0.360468 -4.199933 0.000000 0.000000 1.209681
0.624266 -0.464367 0.017966 2.974333 -0.360505 -4.199944 0.000000 0.000000 1.215244
0.624243 -0.464333 0.017959 2.974317 -0.360543 -4.199955 0.000000 0.000000 1.220806
0.624219 -0.464299 0.017952 2.974300 -0.360581 -4.199966 0.000000 0.000000 1.226368
0.624196 -0.464265 0.017945 2.974284 -0.360619 -4.199976 0.000000 0.000000 1.231930
0.624172 -0.464231 0.017938 2.974267 -0.360657 -4.199987 0.000000 0.000000 1.237492
0.624148 -0.464197 0.017930 2.974251 -0.360695 -4.199998 0.000000 0.000000 1.243054
0.624127 -0.464163 0.017928 2.974228 -0.360726 -4.200008 0.000000 0.000000 1.248866
0.624106 -0.464129 0.017928 2.974202 -0.360754 -4.200018 0.000000 0.000000 1.254805
0.624086 -0.464095 0.017928 2.974176 -0.360782 -4.200028 0.000000 0.000000 1.260744
0.624065 -0.464061 0.017928 2.974150 -0.360810 -4.200038 0.000000 0.000000 1.266683
0.624045 -0.464028 0.017929 2.974124 -0.360838 -4.200048 0.000000 0.000000 1.272622
0.624024 -0.463994 0.017929 2.974098 -0.360866 -4.200057 0.000000 0.000000 1.278561
0.624004 -0.463960 0.017929 2.974072 -0.360894 -4.200067 0.000000 0.000000 1.284501
0.623983 -0.463926 0.017929 2.974046 -0.360922 -4.200077 0.000000 0.000000 1.290440
0.623963 -0.463892 0.017929 2.974020 -0.360950 -4.200087 0.000000 0.000000 1.296379
0.623942 -0.463859 0.017929 2.973994 -0.360978 -4.200097 0.000000 0.000000 1.302318
0.623922 -0.463825 0.017929 2.973968 -0.361006 -4.200106 0.000000 0.000000 1.308257
0.623901 -0.463791 0.017929 2.973942 -0.361034 -4.200116 0.000000 0.000000 1.314196
0.623881 -0.463757 0.017929 2.973916 -0.361061 -4.200126 0.000000 0.000000 1.320135
0.623860 -0.463724 0.017929 2.973890 -0.361089 -4.200136 0.000000 0.000000 1.326074
0.623840 -0.463690 0.017930 2.973864 -0.361117 -4.200146 0.000000 0.000000 1.332013
0.623819 -0.463656 0.017930 2.973838 -0.361145 -4.200155 0.000000 0.000000 1.337952
0.623799 -0.463622 0.017930 2.973812 -0.361173 -4.200165 0.000000 0.000000 1.343891
0.623778 -0.463588 0.017930 2.973786 -0.361201 -4.200175 0.000000 0.000000 1.349830
0.623758 -0.463555 0.017930 2.973760 -0.361229 -4.200185 0.000000 0.000000 1.355770
0.623737 -0.463521 0.017930 2.973734 -0.361257 -4.200195 0.000000 0.000000 1.361709
0.623717 -0.463487 0.017930 2.973708 -0.361285 -4.200204 0.000000 0.000000 1.367648
0.623696 -0.463453 0.017930 2.973682 -0.361313 -4.200214 0.000000 0.000000 1.373587
0.623678 -0.463418 0.017934 2.973649 -0.361341 -4.200225 0.000000 0.000000 1.378827
0.623661 -0.463383 0.017941 2.973612 -0.361369 -4.200238 0.000000 0.000000 1.383529
0.623644 -0.463347 0.017947 2.973574 -0.361397 -4.200250 0.000000 0.000000 1.388231
0.623628 -0.463312 0.017954 2.973537 -0.361426 -4.200263 0.000000 0.000000 1.392933
0.623611 -0.463276 0.017960 2.973499 -0.361454 -4.200275 0.000000 0.000000 1.397635
0.623594 -0.463241 0.017967 2.973462 -0.361482 -4.200288 0.000000 0.000000 1.402337
0.623578 -0.463205 0.017974 2.973424 -0.361510 -4.200300 0.000000 0.000000 1.407039
0.623561 -0.463170 0.017980 2.973387 -0.361538 -4.200313 0.000000 0.000000 1.411741
0.623544 -0.463134 0.017987 2.973349 -0.361566 -4.200325 0.000000 0.000000 1.416443
0.623528 -0.463099 0.017993 2.973312 -0.361594 -4.200338 0.000000 0.000000 1.421145
0.623511 -0.463063 0.018000 2.973274 -0.361622 -4.200350 0.000000 0.000000 1.425847
0.623494 -0.463027 0.018007 2.973236 -0.361650 -4.200362 0.000000 0.000000 1.430549
0.623478 -0.462992 0.018013 2.973199 -0.361678 -4.200375 0.000000 0.000000 1.435251
0.623461 -0.462956 0.018020 2.973161 -0.361707 -4.200387 0.000000 0.000000 1.439953
0.623445 -0.462921 0.018026 2.973124 -0.361735 -4.200400 0.000000 0.000000 1.444655
0.623428 -0.462885 0.018033 2.973086 -0.361763 -4.200412 0.000000 0.000000 1.449357
0.623411 -0.462850 0.018040 2.973049 -0.361791 -4.200425 0.000000 0.000000 1.454059
0.623395 -0.462812 0.018054 2.973003 -0.361822 -4.200435 0.000000 0.000000 1.458029
0.623378 -0.462775 0.018068 2.972957 -0.361854 -4.200445 0.000000 0.000000 1.461992
0.623361 -0.462737 0.018082 2.972911 -0.361885 -4.200455 0.000000 0.000000 1.465956
0.623345 -0.462700 0.018096 2.972865 -0.361917 -4.200465 0.000000 0.000000 1.469919
0.623328 -0.462663 0.018110 2.972820 -0.361948 -4.200475 0.000000 0.000000 1.473883
0.623311 -0.462625 0.018124 2.972774 -0.361979 -4.200485 0.000000 0.000000 1.477846
0.623295 -0.462588 0.018138 2.972728 -0.362011 -4.200495 0.000000 0.000000 1.481810
0.623278 -0.462550 0.018152 2.972682 -0.362042 -4.200505 0.000000 0.000000 1.485773
0.623262 -0.462513 0.018166 2.972636 -0.362074 -4.200515 0.000000 0.000000 1.489736
0.623245 -0.462476 0.018180 2.972590 -0.362105 -4.200525 0.000000 0.000000 1.493700
0.623228 -0.462438 0.018194 2.972544 -0.362137 -4.200535 0.000000 0.000000 1.497663
0.623212 -0.462401 0.018207 2.972499 -0.362168 -4.200545 0.000000 0.000000 1.501627
0.623195 -0.462363 0.018221 2.972453 -0.362200 -4.200555 0.000000 0.000000 1.505590
0.623179 -0.462326 0.018235 2.972407 -0.362231 -4.200566 0.000000 0.000000 1.509554
0.623162 -0.462289 0.018249 2.972361 -0.362263 -4.200576 0.000000 0.000000 1.513517
0.623145 -0.462251 0.018263 2.972315 -0.362294 -4.200586 0.000000 0.000000 1.517481
0.623128 -0.462212 0.018280 2.972266 -0.362330 -4.200595 0.000000 0.000000 1.520789
0.623111 -0.462170 0.018300 2.972212 -0.362371 -4.200602 0.000000 0.000000 1.523189
0.623093 -0.462128 0.018320 2.972159 -0.362412 -4.200609 0.000000 0.000000 1.525588
0.623076 -0.462086 0.018340 2.972105 -0.362453 -4.200616 0.000000 0.000000 1.527987
0.623059 -0.462044 0.018360 2.972052 -0.362495 -4.200623 0.000000 0.000000 1.530387
0.623041 -0.462002 0.018380 2.971998 -0.362536 -4.200631 0.000000 0.000000 1.532786
0.623024 -0.461960 0.018400 2.971945 -0.362577 -4.200638 0.000000 0.000000 1.535186
0.623006 -0.461918 0.018420 2.971891 -0.362618 -4.200645 0.000000 0.000000 1.537585
0.622989 -0.461876 0.018441 2.971838 -0.362660 -4.200652 0.000000 0.000000 1.539985
0.622971 -0.461834 0.018461 2.971784 -0.362701 -4.200659 0.000000 0.000000 1.542384
0.622954 -0.461792 0.018481 2.971731 -0.362742 -4.200667 0.000000 0.000000 1.544784
0.622936 -0.461750 0.018501 2.971677 -0.362783 -4.200674 0.000000 0.000000 1.547183
0.622919 -0.461708 0.018521 2.971624 -0.362825 -4.200681 0.000000 0.000000 1.549583
0.622902 -0.461666 0.018541 2.971570 -0.362866 -4.200688 0.000000 0.000000 1.551982
0.622884 -0.461624 0.018561 2.971517 -0.362907 -4.200695 0.000000 0.000000 1.554382
0.622867 -0.461582 0.018581 2.971463 -0.362948 -4.200703 0.000000 0.000000 1.556781
0.622849 -0.461540 0.018601 2.971409 -0.362990 -4.200710 0.000000 0.000000 1.559180
0.622832 -0.461498 0.018621 2.971356 -0.363031 -4.200717 0.000000 0.000000 1.561580
0.622814 -0.461456 0.018641 2.971302 -0.363072 -4.200724 0.000000 0.000000 1.563979
0.622797 -0.461414 0.018661 2.971249 -0.363114 -4.200731 0.000000 0.000000 1.566379
0.622779 -0.461372 0.018681 2.971195 -0.363155 -4.200739 0.000000 0.000000 1.568778
0.622762 -0.461330 0.018701 2.971142 -0.363196 -4.200746 0.000000 0.000000 1.571178
0.622744 -0.461287 0.018723 2.971087 -0.363240 -4.200751 0.000000 0.000000 1.572932
0.622724 -0.461241 0.018748 2.971031 -0.363292 -4.200752 0.000000 0.000000 1.573324
0.622704 -0.461195 0.018773 2.970975 -0.363343 -4.200753 0.000000 0.000000 1.573716
0.622684 -0.461148 0.018798 2.970919 -0.363394 -4.200754 0.000000 0.000000 1.574108
0.622664 -0.461102 0.018823 2.970863 -0.363445 -4.200754 0.000000 0.000000 1.574501
0.622644 -0.461056 0.018848 2.970806 -0.363496 -4.200755 0.000000 0.000000 1.574893
0.622624 -0.461010 0.018873 2.970750 -0.363547 -4.200756 0.000000 0.000000 1.575285
0.622604 -0.460964 0.018898 2.970694 -0.363598 -4.200757 0.000000 0.000000 1.575677
0.622584 -0.460917 0.018923 2.970638 -0.363650 -4.200758 0.000000 0.000000 1.576069
0.622564 -0.460871 0.018948 2.970582 -0.363701 -4.200759 0.000000 0.000000 1.576462
0.622544 -0.460825 0.018973 2.970526 -0.363752 -4.200760 0.000000 0.000000 1.576854
0.622524 -0.460779 0.018998 2.970469 -0.363803 -4.200761 0.000000 0.000000 1.577246
0.622504 -0.460733 0.019023 2.970413 -0.363854 -4.200761 0.000000 0.000000 1.577638
0.622485 -0.460686 0.019047 2.970357 -0.363905 -4.200762 0.000000 0.000000 1.578030
0.622465 -0.460640 0.019072 2.970301 -0.363956 -4.200763 0.000000 0.000000 1.578423
0.622445 -0.460594 0.019097 2.970245 -0.364008 -4.200764 0.000000 0.000000 1.578815
0.622425 -0.460548 0.019122 2.970189 -0.364059 -4.200765 0.000000 0.000000 1.579207
0.622403 -0.460496 0.019151 2.970129 -0.364126 -4.200767 0.000000 0.000000 1.579415
0.622381 -0.460443 0.019180 2.970067 -0.364198 -4.200770 0.000000 0.000000 1.579561
0.622359 -0.460390 0.019210 2.970006 -0.364271 -4.200773 0.000000 0.000000 1.579707
0.622337 -0.460337 0.019239 2.969945 -0.364343 -4.200776 0.000000 0.000000 1.579853
0.622315 -0.460284 0.019269 2.969884 -0.364415 -4.200779 0.000000 0.000000 1.579999
0.622292 -0.460231 0.019299 2.969823 -0.364488 -4.200782 0.000000 0.000000 1.580145
0.622270 -0.460178 0.019328 2.969761 -0.364560 -4.200785 0.000000 0.000000 1.580291
0.622248 -0.460125 0.019358 2.969700 -0.364632 -4.200788 0.000000 0.000000 1.580437
0.622226 -0.460071 0.019387 2.969639 -0.364705 -4.200791 0.000000 0.000000 1.580583
0.622204 -0.460018 0.019417 2.969578 -0.364777 -4.200794 0.000000 0.000000 1.580729
0.622182 -0.459965 0.019446 2.969517 -0.364849 -4.200797 0.000000 0.000000 1.580875
0.622160 -0.459912 0.019476 2.969455 -0.364922 -4.200800 0.000000 0.000000 1.581021
0.622138 -0.459859 0.019505 2.969394 -0.364994 -4.200803 0.000000 0.000000 1.581168
0.622115 -0.459806 0.019535 2.969333 -0.365066 -4.200806 0.000000 0.000000 1.581314
0.622093 -0.459753 0.019565 2.969272 -0.365139 -4.200809 0.000000 0.000000 1.581460
0.622071 -0.459700 0.019594 2.969210 -0.365211 -4.200812 0.000000 0.000000 1.581606
0.622049 -0.459645 0.019624 2.969149 -0.365288 -4.200816 0.000000 0.000000 1.581607
0.622025 -0.459585 0.019659 2.969084 -0.365388 -4.200827 0.000000 0.000000 1.580929
0.622001 -0.459525 0.019693 2.969019 -0.365487 -4.200838 0.000000 0.000000 1.580250
0.621977 -0.459464 0.019727 2.968954 -0.365587 -4.200849 0.000000 0.000000 1.579572
0.621953 -0.459404 0.019761 2.968889 -0.365686 -4.200860 0.000000 0.000000 1.578894
0.621929 -0.459344 0.019795 2.968824 -0.365786 -4.200871 0.000000 0.000000 1.578215
0.621906 -0.459283 0.019829 2.968759 -0.365886 -4.200882 0.000000 0.000000 1.577537
0.621882 -0.459223 0.019863 2.968694 -0.365985 -4.200893 0.000000 0.000000 1.576859
0.621858 -0.459163 0.019897 2.968629 -0.366085 -4.200904 0.000000 0.000000 1.576180
0.621834 -0.459102 0.019931 2.968565 -0.366184 -4.200915 0.000000 0.000000 1.575502
0.621810 -0.459042 0.019965 2.968500 -0.366284 -4.200926 0.000000 0.000000 1.574824
0.621786 -0.458982 0.019999 2.968435 -0.366384 -4.200937 0.000000 0.000000 1.574145
0.621762 -0.458921 0.020033 2.968370 -0.366483 -4.200948 0.000000 0.000000 1.573467
0.621738 -0.458861 0.020067 2.968305 -0.366583 -4.200959 0.000000 0.000000 1.572788
0.621715 -0.458801 0.020101 2.968240 -0.366682 -4.200970 0.000000 0.000000 1.572110
0.621691 -0.458740 0.020135 2.968175 -0.366782 -4.200981 0.000000 0.000000 1.571432
0.621667 -0.458680 0.020169 2.968110 -0.366881 -4.200992 0.000000 0.000000 1.570753
0.621643 -0.458620 0.020203 2.968045 -0.366981 -4.201003 0.000000 0.000000 1.570075
0.621619 -0.458559 0.020237 2.967980 -0.367081 -4.201014 0.000000 0.000000 1.569397
0.621595 -0.458499 0.020271 2.967916 -0.367180 -4.201025 0.000000 0.000000 1.568718
0.621571 -0.458439 0.020305 2.967851 -0.367280 -4.201036 0.000000 0.000000 1.568040
0.621548 -0.458378 0.020339 2.967786 -0.367379 -4.201047 0.000000 0.000000 1.567362
0.621524 -0.458318 0.020373 2.967721 -0.367482 -4.201059 0.000000 0.000000 1.566699
0.621498 -0.458250 0.020411 2.967651 -0.367614 -4.201084 0.000000 0.000000 1.566221
0.621473 -0.458182 0.020449 2.967582 -0.367747 -4.201108 0.000000 0.000000 1.565742
0.621447 -0.458115 0.020487 2.967512 -0.367880 -4.201132 0.000000 0.000000 1.565264
0.621422 -0.458047 0.020525 2.967443 -0.368013 -4.201156 0.000000 0.000000 1.564786
0.621396 -0.457980 0.020563 2.967374 -0.368146 -4.201181 0.000000 0.000000 1.564307
0.621371 -0.457912 0.020601 2.967304 -0.368279 -4.201205 0.000000 0.000000 1.563829
0.621345 -0.457844 0.020639 2.967235 -0.368412 -4.201229 0.000000 0.000000 1.563350
0.621320 -0.457777 0.020677 2.967165 -0.368545 -4.201253 0.000000 0.000000 1.562872
0.621294 -0.457709 0.020715 2.967096 -0.368678 -4.201277 0.000000 0.000000 1.562393
0.621269 -0.457642 0.020753 2.967027 -0.368811 -4.201302 0.000000 0.000000 1.561915
0.621243 -0.457574 0.020791 2.966957 -0.368944 -4.201326 0.000000 0.000000 1.561437
0.621218 -0.457506 0.020829 2.966888 -0.369077 -4.201350 0.000000 0.000000 1.560958
0.621193 -0.457439 0.020867 2.966818 -0.369210 -4.201374 0.000000 0.000000 1.560480
0.621167 -0.457371 0.020905 2.966749 -0.369343 -4.201399 0.000000 0.000000 1.560001
0.621142 -0.457304 0.020943 2.966680 -0.369476 -4.201423 0.000000 0.000000 1.559523
0.621116 -0.457236 0.020981 2.966610 -0.369609 -4.201447 0.000000 0.000000 1.559045
0.621089 -0.457164 0.021022 2.966539 -0.369775 -4.201483 0.000000 0.000000 1.558623
0.621061 -0.457087 0.021067 2.966465 -0.369973 -4.201532 0.000000 0.000000 1.558257
0.621033 -0.457010 0.021112 2.966392 -0.370172 -4.201580 0.000000 0.000000 1.557891
0.621005 -0.456933 0.021157 2.966318 -0.370371 -4.201629 0.000000 0.000000 1.557525
0.620977 -0.456856 0.021202 2.966244 -0.370569 -4.201677 0.000000 0.000000 1.557158
0.620948 -0.456779 0.021247 2.966171 -0.370768 -4.201725 0.000000 0.000000 1.556792
0.620920 -0.456702 0.021291 2.966097 -0.370967 -4.201774 0.000000 0.000000 1.556426
0.620892 -0.456624 0.021336 2.966024 -0.371165 -4.201822 0.000000 0.000000 1.556060
0.620864 -0.456547 0.021381 2.965950 -0.371364 -4.201871 0.000000 0.000000 1.555694
0.620835 -0.456470 0.021426 2.965877 -0.371562 -4.201919 0.000000 0.000000 1.555328
0.620807 -0.456393 0.021471 2.965803 -0.371761 -4.201967 0.000000 0.000000 1.554962
0.620779 -0.456316 0.021516 2.965729 -0.371960 -4.202016 0.000000 0.000000 1.554596
0.620751 -0.456239 0.021561 2.965656 -0.372158 -4.202064 0.000000 0.000000 1.554229
0.620723 -0.456162 0.021605 2.965582 -0.372357 -4.202113 0.000000 0.000000 1.553863
0.620694 -0.456085 0.021650 2.965509 -0.372556 -4.202161 0.000000 0.000000 1.553497
0.620666 -0.456008 0.021695 2.965435 -0.372754 -4.202210 0.000000 0.000000 1.553131
0.620638 -0.455931 0.021740 2.965361 -0.372953 -4.202258 0.000000 0.000000 1.552765
0.620607 -0.455845 0.021792 2.965295 -0.373234 -4.202343 0.000000 0.000000 1.552311
0.620576 -0.455757 0.021845 2.965229 -0.373521 -4.202430 0.000000 0.000000 1.551850
0.620545 -0.455670 0.021898 2.965163 -0.373809 -4.202518 0.000000 0.000000 1.551390
0.620513 -0.455583 0.021951 2.965097 -0.374096 -4.202606 0.000000 0.000000 1.550929
0.620482 -0.455495 0.022004 2.965030 -0.374383 -4.202693 0.000000 0.000000 1.550469
0.620451 -0.455408 0.022057 2.964964 -0.374671 -4.202781 0.000000 0.000000 1.550008
0.620420 -0.455321 0.022110 2.964898 -0.374958 -4.202868 0.000000 0.000000 1.549548
0.620388 -0.455234 0.022163 2.964832 -0.375245 -4.202956 0.000000 0.000000 1.549087
0.620357 -0.455146 0.022216 2.964766 -0.375533 -4.203044 0.000000 0.000000 1.548627
0.620326 -0.455059 0.022269 2.964700 -0.375820 -4.203131 0.000000 0.000000 1.548166
0.620295 -0.454972 0.022322 2.964634 -0.376107 -4.203219 0.000000 0.000000 1.547706
0.620264 -0.454884 0.022375 2.964568 -0.376394 -4.203306 0.000000 0.000000 1.547245
0.620232 -0.454797 0.022428 2.964502 -0.376682 -4.203394 0.000000 0.000000 1.546785
0.620201 -0.454710 0.022481 2.964435 -0.376969 -4.203481 0.000000 0.000000 1.546324
0.620170 -0.454622 0.022534 2.964369 -0.377256 -4.203569 0.000000 0.000000 1.545864
0.620139 -0.454535 0.022587 2.964303 -0.377544 -4.203657 0.000000 0.000000 1.545403
0.620108 -0.454448 0.022640 2.964237 -0.377831 -4.203744 0.000000 0.000000 1.544943
0.620076 -0.454361 0.022693 2.964171 -0.378118 -4.203832 0.000000 0.000000 1.544482
0.620045 -0.454273 0.022746 2.964105 -0.378406 -4.203919 0.000000 0.000000 1.544022
0.620014 -0.454186 0.022799 2.964039 -0.378693 -4.204007 0.000000 0.000000 1.543561
0.619983 -0.454099 0.022851 2.963973 -0.378980 -4.204095 0.000000 0.000000 1.543101
0.619951 -0.454011 0.022904 2.963907 -0.379267 -4.204182 0.000000 0.000000 1.542640
0.619920 -0.453922 0.022961 2.963840 -0.379583 -4.204290 0.000000 0.000000 1.542721
0.619890 -0.453831 0.023018 2.963774 -0.379903 -4.204402 0.000000 0.000000 1.542908
0.619859 -0.453741 0.023075 2.963707 -0.380224 -4.204514 0.000000 0.000000 1.543094
0.619828 -0.453651 0.023132 2.963640 -0.380544 -4.204626 0.000000 0.000000 1.543281
0.619797 -0.453561 0.023190 2.963574 -0.380865 -4.204739 0.000000 0.000000 1.543468
0.619766 -0.453470 0.023247 2.963507 -0.381185 -4.204851 0.000000 0.000000 1.543655
0.619735 -0.453380 0.023304 2.963441 -0.381506 -4.204963 0.000000 0.000000 1.543842
0.619704 -0.453290 0.023361 2.963374 -0.381826 -4.205075 0.000000 0.000000 1.544029
0.619673 -0.453200 0.023418 2.963308 -0.382147 -4.205187 0.000000 0.000000 1.544215
0.619642 -0.453109 0.023476 2.963241 -0.382467 -4.205299 0.000000 0.000000 1.544402
0.619611 -0.453019 0.023533 2.963175 -0.382788 -4.205411 0.000000 0.000000 1.544589
0.619580 -0.452929 0.023590 2.963108 -0.383109 -4.205523 0.000000 0.000000 1.544776
0.619549 -0.452839 0.023647 2.963042 -0.383429 -4.205635 0.000000 0.000000 1.544963
0.619518 -0.452748 0.023704 2.962975 -0.383750 -4.205747 0.000000 0.000000 1.545150
0.619487 -0.452658 0.023761 2.962908 -0.384070 -4.205859 0.000000 0.000000 1.545336
0.619456 -0.452568 0.023819 2.962842 -0.384391 -4.205971 0.000000 0.000000 1.545523
0.619426 -0.452478 0.023876 2.962774 -0.384716 -4.206090 0.000000 0.000000 1.545732
0.619398 -0.452388 0.023936 2.962703 -0.385052 -4.206229 0.000000 0.000000 1.546002
0.619370 -0.452299 0.023995 2.962631 -0.385389 -4.206367 0.000000 0.000000 1.546273
0.619342 -0.452210 0.024055 2.962560 -0.385726 -4.206505 0.000000 0.000000 1.546543
0.619313 -0.452120 0.024114 2.962488 -0.386063 -4.206644 0.000000 0.000000 1.546813
0.619285 -0.452031 0.024173 2.962417 -0.386400 -4.206782 0.000000 0.000000 1.547084
0.619257 -0.451941 0.024233 2.962346 -0.386737 -4.206920 0.000000 0.000000 1.547354
0.619229 -0.451852 0.024292 2.962274 -0.387073 -4.207059 0.000000 0.000000 1.547624
0.619201 -0.451762 0.024352 2.962203 -0.387410 -4.207197 0.000000 0.000000 1.547895
0.619173 -0.451673 0.024411 2.962131 -0.387747 -4.207335 0.000000 0.000000 1.548165
0.619144 -0.451583 0.024471 2.962060 -0.388084 -4.207474 0.000000 0.000000 1.548435
0.619116 -0.451494 0.024530 2.961989 -0.388421 -4.207612 0.000000 0.000000 1.548706
0.619088 -0.451405 0.024590 2.961917 -0.388758 -4.207750 0.000000 0.000000 1.548976
0.619060 -0.451315 0.024649 2.961846 -0.389094 -4.207889 0.000000 0.000000 1.549247
0.619032 -0.451226 0.024708 2.961774 -0.389431 -4.208027 0.000000 0.000000 1.549517
0.619003 -0.451136 0.024768 2.961703 -0.389768 -4.208165 0.000000 0.000000 1.549787
0.618975 -0.451047 0.024827 2.961632 -0.390105 -4.208304 0.000000 0.000000 1.550058
0.618948 -0.450957 0.024887 2.961561 -0.390457 -4.208463 0.000000 0.000000 1.550744
0.618921 -0.450868 0.024946 2.961492 -0.390816 -4.208631 0.000000 0.000000 1.551618
0.618894 -0.450779 0.025005 2.961422 -0.391174 -4.208799 0.000000 0.000000 1.552492
0.618866 -0.450689 0.025065 2.961353 -0.391533 -4.208967 0.000000 0.000000 1.553366
0.618839 -0.450600 0.025124 2.961283 -0.391892 -4.209135 0.000000 0.000000 1.554240
0.618812 -0.450511 0.025183 2.961214 -0.392251 -4.209303 0.000000 0.000000 1.555114
0.618785 -0.450422 0.025243 2.961144 -0.392609 -4.209471 0.000000 0.000000 1.555988
0.618758 -0.450332 0.025302 2.961075 -0.392968 -4.209639 0.000000 0.000000 1.556862
0.618731 -0.450243 0.025361 2.961005 -0.393327 -4.209807 0.000000 0.000000 1.557736
0.618704 -0.450154 0.025421 2.960936 -0.393686 -4.209976 0.000000 0.000000 1.558610
0.618676 -0.450064 0.025480 2.960866 -0.394045 -4.210144 0.000000 0.000000 1.559483
0.618649 -0.449975 0.025539 2.960797 -0.394403 -4.210312 0.000000 0.000000 1.560357
0.618622 -0.449886 0.025599 2.960727 -0.394762 -4.210480 0.000000 0.000000 1.561231
0.618595 -0.449796 0.025658 2.960657 -0.395121 -4.210648 0.000000 0.000000 1.562105
0.618568 -0.449707 0.025717 2.960588 -0.395480 -4.210816 0.000000 0.000000 1.562979
0.618541 -0.449618 0.025777 2.960518 -0.395838 -4.210984 0.000000 0.000000 1.563853
0.618514 -0.449528 0.025836 2.960449 -0.396197 -4.211152 0.000000 0.000000 1.564727
0.618486 -0.449439 0.025895 2.960379 -0.396556 -4.211320 0.000000 0.000000 1.565601
0.618459 -0.449350 0.025954 2.960310 -0.396915 -4.211488 0.000000 0.000000 1.566475
0.618432 -0.449261 0.026014 2.960240 -0.397273 -4.211657 0.000000 0.000000 1.567349
0.618405 -0.449171 0.026073 2.960171 -0.397632 -4.211825 0.000000 0.000000 1.568223
0.618378 -0.449082 0.026132 2.960101 -0.397991 -4.211993 0.000000 0.000000 1.569097
0.618351 -0.448994 0.026192 2.960032 -0.398364 -4.212177 0.000000 0.000000 1.570474
0.618324 -0.448906 0.026251 2.959962 -0.398748 -4.212373 0.000000 0.000000 1.572198
0.618297 -0.448819 0.026310 2.959893 -0.399131 -4.212568 0.000000 0.000000 1.573921
0.618270 -0.448731 0.026369 2.959824 -0.399515 -4.212763 0.000000 0.000000 1.575645
0.618244 -0.448644 0.026428 2.959755 -0.399898 -4.212959 0.000000 0.000000 1.577368
0.618217 -0.448556 0.026488 2.959685 -0.400282 -4.213154 0.000000 0.000000 1.579092
0.618190 -0.448469 0.026547 2.959616 -0.400665 -4.213350 0.000000 0.000000 1.580816
0.618163 -0.448382 0.026606 2.959547 -0.401049 -4.213545 0.000000 0.000000 1.582539
0.618136 -0.448294 0.026665 2.959477 -0.401432 -4.213741 0.000000 0.000000 1.584263
0.618109 -0.448207 0.026724 2.959408 -0.401816 -4.213936 0.000000 0.000000 1.585987
0.618083 -0.448119 0.026783 2.959339 -0.402199 -4.214132 0.000000 0.000000 1.587710
0.618056 -0.448032 0.026843 2.959269 -0.402583 -4.214327 0.000000 0.000000 1.589434
0.618029 -0.447944 0.026902 2.959200 -0.402966 -4.214522 0.000000 0.000000 1.591158
0.618002 -0.447857 0.026961 2.959131 -0.403350 -4.214718 0.000000 0.000000 1.592881
0.617975 -0.447769 0.027020 2.959061 -0.403733 -4.214913 0.000000 0.000000 1.594605
0.617948 -0.447682 0.027079 2.958992 -0.404117 -4.215109 0.000000 0.000000 1.596328
0.617921 -0.447595 0.027138 2.958923 -0.404501 -4.215305 0.000000 0.000000 1.598067
0.617894 -0.447507 0.027200 2.958852 -0.404925 -4.215526 0.000000 0.000000 1.600565
0.617867 -0.447419 0.027261 2.958781 -0.405350 -4.215746 0.000000 0.000000 1.603063
0.617839 -0.447331 0.027322 2.958710 -0.405774 -4.215967 0.000000 0.000000 1.605561
0.617812 -0.447244 0.027383 2.958640 -0.406198 -4.216188 0.000000 0.000000 1.608060
0.617785 -0.447156 0.027444 2.958569 -0.406622 -4.216409 0.000000 0.000000 1.610558
0.617757 -0.447068 0.027505 2.958498 -0.407046 -4.216630 0.000000 0.000000 1.613056
0.617730 -0.446980 0.027566 2.958427 -0.407470 -4.216851 0.000000 0.000000 1.615554
0.617703 -0.446893 0.027627 2.958356 -0.407894 -4.217072 0.000000 0.000000 1.618052
0.617675 -0.446805 0.027689 2.958285 -0.408318 -4.217293 0.000000 0.000000 1.620550
0.617648 -0.446717 0.027750 2.958215 -0.408742 -4.217514 0.000000 0.000000 1.623049
0.617621 -0.446629 0.027811 2.958144 -0.409167 -4.217735 0.000000 0.000000 1.625547
0.617593 -0.446542 0.027872 2.958073 -0.409591 -4.217956 0.000000 0.000000 1.628045
0.617566 -0.446454 0.027933 2.958002 -0.410015 -4.218177 0.000000 0.000000 1.630543
0.617539 -0.446366 0.027994 2.957931 -0.410439 -4.218398 0.000000 0.000000 1.633041
0.617511 -0.446279 0.028055 2.957860 -0.410863 -4.218618 0.000000 0.000000 1.635539
0.617484 -0.446191 0.028116 2.957790 -0.411287 -4.218839 0.000000 0.000000 1.638037
0.617455 -0.446103 0.028178 2.957722 -0.411734 -4.219071 0.000000 0.000000 1.640900
0.617425 -0.446014 0.028241 2.957659 -0.412208 -4.219315 0.000000 0.000000 1.644214
0.617395 -0.445926 0.028304 2.957596 -0.412683 -4.219560 0.000000 0.000000 1.647528
0.617365 -0.445837 0.028367 2.957532 -0.413157 -4.219804 0.000000 0.000000 1.650842
0.617335 -0.445748 0.028430 2.957469 -0.413631 -4.220048 0.000000 0.000000 1.654156
0.617305 -0.445660 0.028493 2.957406 -0.414106 -4.220293 0.000000 0.000000 1.657471
0.617275 -0.445571 0.028556 2.957343 -0.414580 -4.220537 0.000000 0.000000 1.660785
0.617245 -0.445483 0.028619 2.957280 -0.415054 -4.220782 0.000000 0.000000 1.664099
0.617215 -0.445394 0.028682 2.957216 -0.415529 -4.221026 0.000000 0.000000 1.667413
0.617185 -0.445306 0.028745 2.957153 -0.416003 -4.221270 0.000000 0.000000 1.670727
0.617155 -0.445217 0.028808 2.957090 -0.416477 -4.221515 0.000000 0.000000 1.674042
0.617125 -0.445129 0.028870 2.957027 -0.416952 -4.221759 0.000000 0.000000 1.677356
0.617095 -0.445040 0.028933 2.956963 -0.417426 -4.222004 0.000000 0.000000 1.680670
0.617065 -0.444952 0.028996 2.956900 -0.417901 -4.222248 0.000000 0.000000 1.683984
0.617035 -0.444863 0.029059 2.956837 -0.418375 -4.222492 0.000000 0.000000 1.687298
0.617005 -0.444774 0.029122 2.956774 -0.418849 -4.222737 0.000000 0.000000 1.690612
0.616975 -0.444686 0.029185 2.956710 -0.419324 -4.222981 0.000000 0.000000 1.693927
0.616945 -0.444597 0.029248 2.956647 -0.419798 -4.223226 0.000000 0.000000 1.697241
0.616915 -0.444509 0.029311 2.956584 -0.420272 -4.223470 0.000000 0.000000 1.700555
0.616885 -0.444420 0.029374 2.956521 -0.420747 -4.223714 0.000000 0.000000 1.703869
0.616855 -0.444332 0.029437 2.956457 -0.421221 -4.223959 0.000000 0.000000 1.707183
0.616825 -0.444243 0.029500 2.956394 -0.421696 -4.224203 0.000000 0.000000 1.710497
0.616794 -0.444155 0.029564 2.956335 -0.422186 -4.224454 0.000000 0.000000 1.713853
0.616760 -0.444067 0.029630 2.956283 -0.422708 -4.224715 0.000000 0.000000 1.717285
0.616727 -0.443980 0.029696 2.956231 -0.423230 -4.224977 0.000000 0.000000 1.720717
0.616694 -0.443892 0.029762 2.956180 -0.423752 -4.225239 0.000000 0.000000 1.724149
0.616660 -0.443804 0.029828 2.956128 -0.424274 -4.225501 0.000000 0.000000 1.727581
0.616627 -0.443717 0.029894 2.956076 -0.424796 -4.225763 0.000000 0.000000 1.731014
0.616594 -0.443629 0.029960 2.956024 -0.425318 -4.226025 0.000000 0.000000 1.734446
0.616560 -0.443542 0.030026 2.955973 -0.425840 -4.226287 0.000000 0.000000 1.737878
0.616527 -0.443454 0.030092 2.955921 -0.426362 -4.226548 0.000000 0.000000 1.741310
0.616494 -0.443366 0.030158 2.955869 -0.426884 -4.226810 0.000000 0.000000 1.744742
0.616460 -0.443279 0.030224 2.955817 -0.427406 -4.227072 0.000000 0.000000 1.748174
0.616427 -0.443191 0.030290 2.955765 -0.427928 -4.227334 0.000000 0.000000 1.751607
0.616394 -0.443104 0.030356 2.955714 -0.428450 -4.227596 0.000000 0.000000 1.755039
0.616360 -0.443016 0.030423 2.955662 -0.428972 -4.227858 0.000000 0.000000 1.758471
0.616327 -0.442928 0.030489 2.955610 -0.429494 -4.228120 0.000000 0.000000 1.761903
0.616294 -0.442841 0.030555 2.955558 -0.430015 -4.228381 0.000000 0.000000 1.765335
0.616261 -0.442753 0.030621 2.955507 -0.430537 -4.228643 0.000000 0.000000 1.768767
0.616225 -0.442666 0.030689 2.955462 -0.431095 -4.228917 0.000000 0.000000 1.772113
0.616190 -0.442578 0.030757 2.955419 -0.431663 -4.229194 0.000000 0.000000 1.775434
0.616154 -0.442491 0.030825 2.955377 -0.432231 -4.229471 0.000000 0.000000 1.778755
0.616119 -0.442403 0.030894 2.955334 -0.432799 -4.229748 0.000000 0.000000 1.782076
0.616083 -0.442315 0.030962 2.955292 -0.433367 -4.230025 0.000000 0.000000 1.785396
0.616048 -0.442228 0.031030 2.955249 -0.433935 -4.230302 0.000000 0.000000 1.788717
0.616012 -0.442140 0.031099 2.955207 -0.434503 -4.230579 0.000000 0.000000 1.792038
0.615977 -0.442053 0.031167 2.955164 -0.435071 -4.230855 0.000000 0.000000 1.795359
0.615941 -0.441965 0.031235 2.955122 -0.435639 -4.231132 0.000000 0.000000 1.798680
0.615905 -0.441877 0.031304 2.955079 -0.436207 -4.231409 0.000000 0.000000 1.802001
0.615870 -0.441790 0.031372 2.955036 -0.436775 -4.231686 0.000000 0.000000 1.805322
0.615834 -0.441702 0.031440 2.954994 -0.437343 -4.231963 0.000000 0.000000 1.808642
0.615799 -0.441615 0.031509 2.954951 -0.437911 -4.232240 0.000000 0.000000 1.811963
0.615763 -0.441527 0.031577 2.954909 -0.438479 -4.232517 0.000000 0.000000 1.815284
0.615728 -0.441440 0.031645 2.954866 -0.439047 -4.232794 0.000000 0.000000 1.818605
0.615692 -0.441352 0.031714 2.954824 -0.439615 -4.233071 0.000000 0.000000 1.821926
0.615657 -0.441265 0.031782 2.954784 -0.440191 -4.233352 0.000000 0.000000 1.825211
0.615621 -0.441178 0.031851 2.954753 -0.440799 -4.233646 0.000000 0.000000 1.828357
0.615584 -0.441091 0.031921 2.954722 -0.441406 -4.233940 0.000000 0.000000 1.831503
0.615548 -0.441005 0.031990 2.954691 -0.442014 -4.234235 0.000000 0.000000 1.834648
0.615512 -0.440918 0.032059 2.954660 -0.442622 -4.234529 0.000000 0.000000 1.837794
0.615476 -0.440831 0.032128 2.954628 -0.443230 -4.234823 0.000000 0.000000 1.840940
0.615440 -0.440745 0.032198 2.954597 -0.443838 -4.235118 0.000000 0.000000 1.844086
0.615404 -0.440658 0.032267 2.954566 -0.444446 -4.235412 0.000000 0.000000 1.847231
0.615368 -0.440571 0.032336 2.954535 -0.445053 -4.235707 0.000000 0.000000 1.850377
0.615332 -0.440485 0.032406 2.954504 -0.445661 -4.236001 0.000000 0.000000 1.853523
0.615296 -0.440398 0.032475 2.954473 -0.446269 -4.236295 0.000000 0.000000 1.856669
0.615260 -0.440312 0.032544 2.954442 -0.446877 -4.236590 0.000000 0.000000 1.859814
0.615224 -0.440225 0.032613 2.954411 -0.447485 -4.236884 0.000000 0.000000 1.862960
0.615188 -0.440138 0.032683 2.954380 -0.448093 -4.237178 0.000000 0.000000 1.866106
0.615152 -0.440052 0.032752 2.954349 -0.448700 -4.237473 0.000000 0.000000 1.869252
0.615116 -0.439965 0.032821 2.954318 -0.449308 -4.237767 0.000000 0.000000 1.872397
0.615080 -0.439878 0.032891 2.954287 -0.449916 -4.238061 0.000000 0.000000 1.875543
0.615044 -0.439792 0.032960 2.954256 -0.450524 -4.238356 0.000000 0.000000 1.878689
0.615008 -0.439705 0.033029 2.954225 -0.451132 -4.238650 0.000000 0.000000 1.881835
0.614972 -0.439618 0.033098 2.954194 -0.451740 -4.238945 0.000000 0.000000 1.884980
0.614936 -0.439532 0.033168 2.954163 -0.452347 -4.239239 0.000000 0.000000 1.888126
0.614900 -0.439445 0.033237 2.954132 -0.452955 -4.239533 0.000000 0.000000 1.891272
0.614864 -0.439359 0.033306 2.954103 -0.453567 -4.239829 0.000000 0.000000 1.894340
0.614827 -0.439274 0.033375 2.954088 -0.454208 -4.240141 0.000000 0.000000 1.896749
0.614789 -0.439189 0.033443 2.954073 -0.454850 -4.240452 0.000000 0.000000 1.899158
0.614752 -0.439104 0.033512 2.954058 -0.455491 -4.240764 0.000000 0.000000 1.901568
0.614715 -0.439019 0.033580 2.954043 -0.456133 -4.241075 0.000000 0.000000 1.903977
0.614678 -0.438934 0.033649 2.954028 -0.456774 -4.241387 0.000000 0.000000 1.906387
0.614641 -0.438849 0.033717 2.954013 -0.457416 -4.241698 0.000000 0.000000 1.908796
0.614603 -0.438763 0.033786 2.953998 -0.458058 -4.242010 0.000000 0.000000 1.911206
0.614566 -0.438678 0.033854 2.953983 -0.458699 -4.242321 0.000000 0.000000 1.913615
0.614529 -0.438593 0.033923 2.953968 -0.459341 -4.242633 0.000000 0.000000 1.916025
0.614492 -0.438508 0.033991 2.953953 -0.459982 -4.242944 0.000000 0.000000 1.918434
0.614455 -0.438423 0.034060 2.953938 -0.460624 -4.243256 0.000000 0.000000 1.920844
0.614418 -0.438338 0.034128 2.953923 -0.461265 -4.243567 0.000000 0.000000 1.923253
0.614380 -0.438253 0.034197 2.953908 -0.461907 -4.243879 0.000000 0.000000 1.925663
0.614343 -0.438168 0.034265 2.953893 -0.462549 -4.244190 0.000000 0.000000 1.928072
0.614306 -0.438083 0.034334 2.953878 -0.463190 -4.244502 0.000000 0.000000 1.930482
0.614269 -0.437998 0.034403 2.953863 -0.463832 -4.244813 0.000000 0.000000 1.932891
0.614231 -0.437914 0.034471 2.953854 -0.464499 -4.245135 0.000000 0.000000 1.935156
0.614194 -0.437830 0.034540 2.953850 -0.465188 -4.245466 0.000000 0.000000 1.937294
0.614156 -0.437747 0.034608 2.953846 -0.465877 -4.245796 0.000000 0.000000 1.939432
0.614118 -0.437663 0.034677 2.953843 -0.466567 -4.246127 0.000000 0.000000 1.941570
0.614080 -0.437580 0.034746 2.953839 -0.467256 -4.246458 0.000000 0.000000 1.943708
0.614043 -0.437496 0.034814 2.953835 -0.467945 -4.246788 0.000000 0.000000 1.945845
0.614005 -0.437413 0.034883 2.953831 -0.468635 -4.247119 0.000000 0.000000 1.947983
0.613967 -0.437329 0.034952 2.953828 -0.469324 -4.247450 0.000000 0.000000 1.950121
0.613929 -0.437246 0.035021 2.953824 -0.470013 -4.247780 0.000000 0.000000 1.952259
0.613892 -0.437162 0.035089 2.953820 -0.470703 -4.248111 0.000000 0.000000 1.954397
0.613854 -0.437079 0.035158 2.953816 -0.471392 -4.248442 0.000000 0.000000 1.956535
0.613816 -0.436995 0.035227 2.953813 -0.472081 -4.248772 0.000000 0.000000 1.958673
0.613779 -0.436912 0.035295 2.953809 -0.472771 -4.249103 0.000000 0.000000 1.960811
0.613741 -0.436828 0.035364 2.953805 -0.473460 -4.249433 0.000000 0.000000 1.962949
0.613703 -0.436745 0.035433 2.953801 -0.474149 -4.249764 0.000000 0.000000 1.965087
0.613665 -0.436661 0.035501 2.953798 -0.474839 -4.250095 0.000000 0.000000 1.967225
0.613628 -0.436578 0.035570 2.953794 -0.475528 -4.250425 0.000000 0.000000 1.969363
0.613589 -0.436498 0.035637 2.953809 -0.476257 -4.250776 0.000000 0.000000 1.972137
0.613550 -0.436417 0.035704 2.953825 -0.476988 -4.251127 0.000000 0.000000 1.974937
0.613512 -0.436337 0.035770 2.953841 -0.477719 -4.251478 0.000000 0.000000 1.977737
0.613473 -0.436257 0.035837 2.953857 -0.478450 -4.251829 0.000000 0.000000 1.980538
0.613434 -0.436177 0.035904 2.953873 -0.479181 -4.252180 0.000000 0.000000 1.983338
0.613396 -0.436097 0.035971 2.953890 -0.479912 -4.252532 0.000000 0.000000 1.986139
0.613357 -0.436016 0.036038 2.953906 -0.480643 -4.252883 0.000000 0.000000 1.988939
0.613319 -0.435936 0.036105 2.953922 -0.481374 -4.253234 0.000000 0.000000 1.991739
0.613280 -0.435856 0.036171 2.953938 -0.482105 -4.253585 0.000000 0.000000 1.994540
0.613241 -0.435776 0.036238 2.953954 -0.482836 -4.253936 0.000000 0.000000 1.997340
0.613203 -0.435696 0.036305 2.953970 -0.483567 -4.254288 0.000000 0.000000 2.000140
0.613164 -0.435616 0.036372 2.953986 -0.484298 -4.254639 0.000000 0.000000 2.002941
0.613125 -0.435535 0.036439 2.954002 -0.485029 -4.254990 0.000000 0.000000 2.005741
0.613087 -0.435455 0.036506 2.954018 -0.485760 -4.255341 0.000000 0.000000 2.008542
0.613048 -0.435375 0.036572 2.954034 -0.486491 -4.255692 0.000000 0.000000 2.011342
0.613010 -0.435295 0.036639 2.954050 -0.487222 -4.256043 0.000000 0.000000 2.014142
0.612971 -0.435215 0.036706 2.954066 -0.487953 -4.256395 0.000000 0.000000 2.016943
0.612932 -0.435134 0.036773 2.954082 -0.488685 -4.256746 0.000000 0.000000 2.019743
0.612894 -0.435054 0.036840 2.954098 -0.489416 -4.257097 0.000000 0.000000 2.022544
0.612855 -0.434974 0.036907 2.954114 -0.490147 -4.257448 0.000000 0.000000 2.025344
0.612816 -0.434894 0.036973 2.954131 -0.490878 -4.257799 0.000000 0.000000 2.028144
0.612778 -0.434814 0.037040 2.954147 -0.491609 -4.258151 0.000000 0.000000 2.030945
0.612738 -0.434737 0.037105 2.954183 -0.492377 -4.258521 0.000000 0.000000 2.033597
0.612698 -0.434661 0.037170 2.954222 -0.493151 -4.258894 0.000000 0.000000 2.036226
0.612657 -0.434584 0.037235 2.954261 -0.493925 -4.259267 0.000000 0.000000 2.038855
0.612617 -0.434508 0.037300 2.954300 -0.494699 -4.259640 0.000000 0.000000 2.041484
0.612577 -0.434432 0.037365 2.954339 -0.495473 -4.260013 0.000000 0.000000 2.044113
0.612537 -0.434355 0.037430 2.954378 -0.496247 -4.260387 0.000000 0.000000 2.046742
0.612497 -0.434279 0.037494 2.954417 -0.497021 -4.260760 0.000000 0.000000 2.049371
0.612457 -0.434203 0.037559 2.954457 -0.497795 -4.261133 0.000000 0.000000 2.052000
0.612416 -0.434126 0.037624 2.954496 -0.498569 -4.261506 0.000000 0.000000 2.054629
0.612376 -0.434050 0.037689 2.954535 -0.499343 -4.261879 0.000000 0.000000 2.057258
0.612336 -0.433974 0.037754 2.954574 -0.500118 -4.262253 0.000000 0.000000 2.059887
0.612296 -0.433898 0.037819 2.954613 -0.500892 -4.262626 0.000000 0.000000 2.062516
0.612256 -0.433821 0.037883 2.954652 -0.501666 -4.262999 0.000000 0.000000 2.065145
0.612216 -0.433745 0.037948 2.954691 -0.502440 -4.263372 0.000000 0.000000 2.067774
0.612175 -0.433669 0.038013 2.954730 -0.503214 -4.263745 0.000000 0.000000 2.070403
0.612135 -0.433592 0.038078 2.954770 -0.503988 -4.264118 0.000000 0.000000 2.073032
0.612095 -0.433517 0.038142 2.954814 -0.504769 -4.264497 0.000000 0.000000 2.075626
0.612056 -0.433446 0.038203 2.954873 -0.505567 -4.264888 0.000000 0.000000 2.078133
0.612016 -0.433374 0.038264 2.954931 -0.506365 -4.265278 0.000000 0.000000 2.080641
0.611977 -0.433302 0.038326 2.954990 -0.507163 -4.265669 0.000000 0.000000 2.083149
0.611937 -0.433231 0.038387 2.955048 -0.507960 -4.266060 0.000000 0.000000 2.085656
0.611897 -0.433159 0.038448 2.955107 -0.508758 -4.266451 0.000000 0.000000 2.088164
0.611858 -0.433087 0.038510 2.955165 -0.509556 -4.266842 0.000000 0.000000 2.090671
0.611818 -0.433016 0.038571 2.955224 -0.510354 -4.267233 0.000000 0.000000 2.093179
0.611779 -0.432944 0.038632 2.955282 -0.511152 -4.267624 0.000000 0.000000 2.095687
0.611739 -0.432872 0.038693 2.955341 -0.511950 -4.268014 0.000000 0.000000 2.098194
0.611700 -0.432801 0.038755 2.955399 -0.512748 -4.268405 0.000000 0.000000 2.100702
0.611660 -0.432729 0.038816 2.955458 -0.513546 -4.268796 0.000000 0.000000 2.103209
0.611621 -0.432657 0.038877 2.955516 -0.514344 -4.269187 0.000000 0.000000 2.105717
0.611581 -0.432586 0.038938 2.955575 -0.515142 -4.269578 0.000000 0.000000 2.108225
0.611542 -0.432514 0.039000 2.955634 -0.515939 -4.269969 0.000000 0.000000 2.110732
0.611502 -0.432442 0.039061 2.955692 -0.516737 -4.270360 0.000000 0.000000 2.113240
0.611462 -0.432371 0.039122 2.955751 -0.517535 -4.270750 0.000000 0.000000 2.115747
0.611425 -0.432306 0.039178 2.955814 -0.518316 -4.271142 0.000000 0.000000 2.118868
0.611389 -0.432244 0.039231 2.955879 -0.519091 -4.271535 0.000000 0.000000 2.122230
0.611353 -0.432182 0.039285 2.955944 -0.519866 -4.271927 0.000000 0.000000 2.125592
0.611316 -0.432120 0.039338 2.956009 -0.520640 -4.272319 0.000000 0.000000 2.128954
0.611280 -0.432058 0.039391 2.956074 -0.521415 -4.272711 0.000000 0.000000 2.132316
0.611244 -0.431995 0.039445 2.956139 -0.522190 -4.273104 0.000000 0.000000 2.135678
0.611207 -0.431933 0.039498 2.956204 -0.522964 -4.273496 0.000000 0.000000 2.139040
0.611171 -0.431871 0.039552 2.956269 -0.523739 -4.273888 0.000000 0.000000 2.142402
0.611135 -0.431809 0.039605 2.956334 -0.524514 -4.274281 0.000000 0.000000 2.145764
0.611098 -0.431747 0.039658 2.956399 -0.525288 -4.274673 0.000000 0.000000 2.149127
0.611062 -0.431685 0.039712 2.956464 -0.526063 -4.275065 0.000000 0.000000 2.152489
0.611026 -0.431623 0.039765 2.956529 -0.526837 -4.275458 0.000000 0.000000 2.155851
0.610989 -0.431561 0.039819 2.956594 -0.527612 -4.275850 0.000000 0.000000 2.159213
0.610953 -0.431499 0.039872 2.956659 -0.528387 -4.276242 0.000000 0.000000 2.162575
0.610917 -0.431437 0.039925 2.956724 -0.529161 -4.276634 0.000000 0.000000 2.165937
0.610880 -0.431375 0.039979 2.956789 -0.529936 -4.277027 0.000000 0.000000 2.169299
0.610844 -0.431313 0.040032 2.956854 -0.530711 -4.277419 0.000000 0.000000 2.172661
0.610808 -0.431251 0.040085 2.956919 -0.531485 -4.277811 0.000000 0.000000 2.176023
0.610771 -0.431189 0.040139 2.956984 -0.532260 -4.278204 0.000000 0.000000 2.179385
0.610735 -0.431126 0.040192 2.957049 -0.533035 -4.278596 0.000000 0.000000 2.182748
0.610699 -0.431064 0.040246 2.957115 -0.533809 -4.278988 0.000000 0.000000 2.186110
0.610662 -0.431002 0.040299 2.957180 -0.534584 -4.279380 0.000000 0.000000 2.189472
0.610627 -0.430943 0.040350 2.957242 -0.535360 -4.279776 0.000000 0.000000 2.192500
0.610593 -0.430886 0.040399 2.957303 -0.536138 -4.280173 0.000000 0.000000 2.195323
0.610558 -0.430828 0.040448 2.957364 -0.536916 -4.280570 0.000000 0.000000 2.198146
0.610524 -0.430771 0.040497 2.957426 -0.537694 -4.280967 0.000000 0.000000 2.200969
0.610489 -0.430713 0.040546 2.957487 -0.538472 -4.281364 0.000000 0.000000 2.203792
0.610455 -0.430656 0.040595 2.957548 -0.539249 -4.281761 0.000000 0.000000 2.206616
0.610420 -0.430598 0.040644 2.957609 -0.540027 -4.282158 0.000000 0.000000 2.209439
0.610386 -0.430541 0.040693 2.957670 -0.540805 -4.282555 0.000000 0.000000 2.212262
0.610351 -0.430484 0.040742 2.957731 -0.541583 -4.282952 0.000000 0.000000 2.215085
0.610317 -0.430426 0.040791 2.957792 -0.542361 -4.283349 0.000000 0.000000 2.217908
0.610282 -0.430369 0.040840 2.957853 -0.543139 -4.283746 0.000000 0.000000 2.220731
0.610248 -0.430311 0.040889 2.957915 -0.543916 -4.284143 0.000000 0.000000 2.223555
0.610213 -0.430254 0.040938 2.957976 -0.544694 -4.284540 0.000000 0.000000 2.226378
0.610179 -0.430196 0.040987 2.958037 -0.545472 -4.284937 0.000000 0.000000 2.229201
0.610144 -0.430139 0.041036 2.958098 -0.546250 -4.285334 0.000000 0.000000 2.232024
0.610110 -0.430081 0.041085 2.958159 -0.547028 -4.285732 0.000000 0.000000 2.234847
0.610075 -0.430024 0.041134 2.958220 -0.547807 -4.286128 0.000000 0.000000 2.237675
0.610040 -0.429967 0.041183 2.958274 -0.548612 -4.286524 0.000000 0.000000 2.240593
0.610005 -0.429909 0.041231 2.958328 -0.549416 -4.286919 0.000000 0.000000 2.243510
0.609969 -0.429852 0.041280 2.958381 -0.550221 -4.287314 0.000000 0.000000 2.246428
0.609934 -0.429794 0.041329 2.958435 -0.551026 -4.287709 0.000000 0.000000 2.249345
0.609899 -0.429737 0.041377 2.958489 -0.551831 -4.288104 0.000000 0.000000 2.252263
0.609864 -0.429679 0.041426 2.958543 -0.552636 -4.288499 0.000000 0.000000 2.255180
0.609828 -0.429622 0.041474 2.958597 -0.553441 -4.288895 0.000000 0.000000 2.258098
0.609793 -0.429564 0.041523 2.958651 -0.554246 -4.289290 0.000000 0.000000 2.261016
0.609758 -0.429507 0.041571 2.958705 -0.555050 -4.289685 0.000000 0.000000 2.263933
0.609723 -0.429449 0.041620 2.958759 -0.555855 -4.290080 0.000000 0.000000 2.266851
0.609688 -0.429392 0.041668 2.958813 -0.556660 -4.290475 0.000000 0.000000 2.269768
0.609652 -0.429334 0.041717 2.958867 -0.557465 -4.290870 0.000000 0.000000 2.272686
0.609617 -0.429277 0.041766 2.958920 -0.558270 -4.291266 0.000000 0.000000 2.275603
0.609582 -0.429220 0.041814 2.958974 -0.559075 -4.291661 0.000000 0.000000 2.278521
0.609547 -0.429162 0.041863 2.959028 -0.559879 -4.292056 0.000000 0.000000 2.281439
0.609511 -0.429105 0.041911 2.959082 -0.560684 -4.292451 0.000000 0.000000 2.284356
0.609476 -0.429047 0.041961 2.959137 -0.561506 -4.292849 0.000000 0.000000 2.286919
0.609441 -0.428990 0.042012 2.959193 -0.562347 -4.293251 0.000000 0.000000 2.289087
0.609406 -0.428933 0.042062 2.959249 -0.563188 -4.293653 0.000000 0.000000 2.291256
0.609370 -0.428876 0.042113 2.959305 -0.564029 -4.294054 0.000000 0.000000 2.293425
0.609335 -0.428819 0.042164 2.959360 -0.564869 -4.294456 0.000000 0.000000 2.295593
0.609300 -0.428762 0.042215 2.959416 -0.565710 -4.294858 0.000000 0.000000 2.297762
0.609265 -0.428705 0.042265 2.959472 -0.566551 -4.295260 0.000000 0.000000 2.299931
0.609229 -0.428649 0.042316 2.959528 -0.567392 -4.295661 0.000000 0.000000 2.302099
0.609194 -0.428592 0.042367 2.959584 -0.568232 -4.296063 0.000000 0.000000 2.304268
0.609159 -0.428535 0.042418 2.959640 -0.569073 -4.296465 0.000000 0.000000 2.306437
0.609124 -0.428478 0.042468 2.959696 -0.569914 -4.296866 0.000000 0.000000 2.308605
0.609088 -0.428421 0.042519 2.959752 -0.570755 -4.297268 0.000000 0.000000 2.310774
0.609053 -0.428364 0.042570 2.959807 -0.571596 -4.297670 0.000000 0.000000 2.312943
0.609018 -0.428307 0.042621 2.959863 -0.572436 -4.298071 0.000000 0.000000 2.315111
0.608983 -0.428250 0.042671 2.959919 -0.573277 -4.298473 0.000000 0.000000 2.317280
0.608948 -0.428193 0.042722 2.959975 -0.574118 -4.298875 0.000000 0.000000 2.319449
0.608912 -0.428136 0.042773 2.960031 -0.574959 -4.299277 0.000000 0.000000 2.321617
0.608877 -0.428079 0.042824 2.960087 -0.575800 -4.299678 0.000000 0.000000 2.323786
0.608842 -0.428022 0.042874 2.960143 -0.576640 -4.300080 0.000000 0.000000 2.325955
0.608807 -0.427965 0.042925 2.960199 -0.577481 -4.300482 0.000000 0.000000 2.328123
0.608771 -0.427908 0.042976 2.960254 -0.578322 -4.300883 0.000000 0.000000 2.330292
0.608736 -0.427851 0.043027 2.960310 -0.579163 -4.301285 0.000000 0.000000 2.332461
0.608701 -0.427794 0.043078 2.960370 -0.580010 -4.301692 0.000000 0.000000 2.334171
0.608668 -0.427738 0.043130 2.960436 -0.580869 -4.302107 0.000000 0.000000 2.335123
0.608634 -0.427682 0.043182 2.960502 -0.581728 -4.302522 0.000000 0.000000 2.336075
0.608600 -0.427626 0.043234 2.960568 -0.582587 -4.302937 0.000000 0.000000 2.337027
0.608567 -0.427571 0.043285 2.960633 -0.583445 -4.303352 0.000000 0.000000 2.337980
0.608533 -0.427515 0.043337 2.960699 -0.584304 -4.303768 0.000000 0.000000 2.338932
0.608499 -0.427459 0.043389 2.960765 -0.585163 -4.304183 0.000000 0.000000 2.339884
0.608465 -0.427403 0.043441 2.960831 -0.586022 -4.304598 0.000000 0.000000 2.340836
0.608432 -0.427347 0.043493 2.960897 -0.586881 -4.305013 0.000000 0.000000 2.341788
0.608398 -0.427291 0.043545 2.960963 -0.587739 -4.305428 0.000000 0.000000 2.342740
0.608364 -0.427235 0.043597 2.961029 -0.588598 -4.305843 0.000000 0.000000 2.343692
0.608331 -0.427179 0.043649 2.961094 -0.589457 -4.306258 0.000000 0.000000 2.344644
0.608297 -0.427123 0.043701 2.961160 -0.590316 -4.306674 0.000000 0.000000 2.345596
0.608263 -0.427067 0.043753 2.961226 -0.591174 -4.307089 0.000000 0.000000 2.346549
0.608229 -0.427011 0.043805 2.961292 -0.592033 -4.307504 0.000000 0.000000 2.347501
0.608196 -0.426955 0.043857 2.961358 -0.592892 -4.307919 0.000000 0.000000 2.348453
0.608162 -0.426899 0.043909 2.961424 -0.593751 -4.308334 0.000000 0.000000 2.349405
0.608130 -0.426846 0.043961 2.961497 -0.594612 -4.308760 0.000000 0.000000 2.349645
0.608099 -0.426794 0.044013 2.961571 -0.595473 -4.309188 0.000000 0.000000 2.349712
0.608068 -0.426741 0.044065 2.961646 -0.596335 -4.309616 0.000000 0.000000 2.349779
0.608037 -0.426689 0.044118 2.961721 -0.597196 -4.310044 0.000000 0.000000 2.349846
0.608006 -0.426636 0.044170 2.961796 -0.598058 -4.310473 0.000000 0.000000 2.349913
0.607975 -0.426584 0.044222 2.961871 -0.598920 -4.310901 0.000000 0.000000 2.349979
0.607944 -0.426531 0.044275 2.961945 -0.599781 -4.311329 0.000000 0.000000 2.350046
0.607913 -0.426479 0.044327 2.962020 -0.600643 -4.311757 0.000000 0.000000 2.350113
0.607882 -0.426426 0.044379 2.962095 -0.601504 -4.312186 0.000000 0.000000 2.350180
0.607851 -0.426374 0.044432 2.962170 -0.602366 -4.312614 0.000000 0.000000 2.350247
0.607820 -0.426322 0.044484 2.962245 -0.603227 -4.313042 0.000000 0.000000 2.350313
0.607788 -0.426269 0.044536 2.962319 -0.604089 -4.313470 0.000000 0.000000 2.350380
0.607757 -0.426217 0.044589 2.962394 -0.604950 -4.313898 0.000000 0.000000 2.350447
0.607726 -0.426164 0.044641 2.962469 -0.605812 -4.314327 0.000000 0.000000 2.350514
0.607695 -0.426112 0.044693 2.962544 -0.606674 -4.314755 0.000000 0.000000 2.350581
0.607664 -0.426059 0.044746 2.962618 -0.607535 -4.315183 0.000000 0.000000 2.350647
0.607634 -0.426007 0.044799 2.962693 -0.608403 -4.315614 0.000000 0.000000 2.350283
0.607606 -0.425954 0.044856 2.962765 -0.609289 -4.316055 0.000000 0.000000 2.348483
0.607578 -0.425901 0.044913 2.962838 -0.610176 -4.316495 0.000000 0.000000 2.346683
0.607551 -0.425848 0.044970 2.962910 -0.611063 -4.316936 0.000000 0.000000 2.344884
0.607523 -0.425795 0.045027 2.962983 -0.611950 -4.317377 0.000000 0.000000 2.343084
0.607495 -0.425742 0.045084 2.963055 -0.612837 -4.317817 0.000000 0.000000 2.341284
0.607468 -0.425689 0.045141 2.963128 -0.613724 -4.318258 0.000000 0.000000 2.339484
0.607440 -0.425636 0.045198 2.963200 -0.614611 -4.318699 0.000000 0.000000 2.337684
0.607413 -0.425583 0.045255 2.963273 -0.615498 -4.319139 0.000000 0.000000 2.335884
0.607385 -0.425530 0.045312 2.963345 -0.616384 -4.319580 0.000000 0.000000 2.334084
0.607357 -0.425478 0.045369 2.963418 -0.617271 -4.320020 0.000000 0.000000 2.332284
0.607330 -0.425425 0.045426 2.963490 -0.618158 -4.320461 0.000000 0.000000 2.330484
0.607302 -0.425372 0.045483 2.963563 -0.619045 -4.320902 0.000000 0.000000 2.328685
0.607274 -0.425319 0.045539 2.963635 -0.619932 -4.321342 0.000000 0.000000 2.326885
0.607247 -0.425266 0.045596 2.963708 -0.620819 -4.321783 0.000000 0.000000 2.325085
0.607219 -0.425213 0.045653 2.963780 -0.621706 -4.322223 0.000000 0.000000 2.323285
0.607191 -0.425160 0.045710 2.963853 -0.622593 -4.322664 0.000000 0.000000 2.321485
0.607164 -0.425107 0.045767 2.963925 -0.623479 -4.323105 0.000000 0.000000 2.319685
0.607136 -0.425054 0.045824 2.963998 -0.624366 -4.323545 0.000000 0.000000 2.317885
0.607108 -0.425001 0.045881 2.964070 -0.625253 -4.323986 0.000000 0.000000 2.316085
0.607081 -0.424948 0.045938 2.964143 -0.626140 -4.324427 0.000000 0.000000 2.314285
0.607053 -0.424895 0.045995 2.964215 -0.627027 -4.324867 0.000000 0.000000 2.312486
0.607026 -0.424843 0.046052 2.964288 -0.627914 -4.325308 0.000000 0.000000 2.310654
0.606999 -0.424791 0.046111 2.964365 -0.628804 -4.325749 0.000000 0.000000 2.308614
0.606973 -0.424739 0.046170 2.964441 -0.629694 -4.326190 0.000000 0.000000 2.306575
0.606947 -0.424687 0.046229 2.964517 -0.630583 -4.326632 0.000000 0.000000 2.304535
0.606920 -0.424635 0.046287 2.964593 -0.631473 -4.327073 0.000000 0.000000 2.302496
0.606894 -0.424584 0.046346 2.964670 -0.632363 -4.327514 0.000000 0.000000 2.300456
0.606868 -0.424532 0.046405 2.964746 -0.633253 -4.327956 0.000000 0.000000 2.298417
0.606841 -0.424480 0.046464 2.964822 -0.634142 -4.328397 0.000000 0.000000 2.296377
0.606815 -0.424428 0.046523 2.964899 -0.635032 -4.328838 0.000000 0.000000 2.294338
0.606789 -0.424376 0.046581 2.964975 -0.635922 -4.329279 0.000000 0.000000 2.292298
0.606763 -0.424324 0.046640 2.965051 -0.636812 -4.329721 0.000000 0.000000 2.290259
0.606736 -0.424273 0.046699 2.965128 -0.637701 -4.330162 0.000000 0.000000 2.288219
0.606710 -0.424221 0.046758 2.965204 -0.638591 -4.330603 0.000000 0.000000 2.286180
0.606684 -0.424169 0.046816 2.965280 -0.639481 -4.331044 0.000000 0.000000 2.284140
0.606657 -0.424117 0.046875 2.965356 -0.640371 -4.331486 0.000000 0.000000 2.282101
0.606631 -0.424065 0.046934 2.965433 -0.641260 -4.331927 0.000000 0.000000 2.280061
0.606605 -0.424013 0.046993 2.965509 -0.642150 -4.332368 0.000000 0.000000 2.278022
0.606579 -0.423962 0.047052 2.965591 -0.643032 -4.332805 0.000000 0.000000 2.275992
0.606554 -0.423912 0.047110 2.965677 -0.643909 -4.333239 0.000000 0.000000 2.273970
0.606530 -0.423861 0.047169 2.965762 -0.644785 -4.333673 0.000000 0.000000 2.271948
0.606505 -0.423811 0.047228 2.965848 -0.645662 -4.334107 0.000000 0.000000 2.269926
0.606480 -0.423760 0.047287 2.965934 -0.646538 -4.334540 0.000000 0.000000 2.267904
0.606455 -0.423710 0.047345 2.966020 -0.647414 -4.334974 0.000000 0.000000 2.265882
0.606430 -0.423659 0.047404 2.966106 -0.648291 -4.335408 0.000000 0.000000 2.263860
0.606405 -0.423609 0.047463 2.966192 -0.649167 -4.335841 0.000000 0.000000 2.261838
0.606380 -0.423559 0.047522 2.966278 -0.650044 -4.336275 0.000000 0.000000 2.259816
0.606355 -0.423508 0.047580 2.966364 -0.650920 -4.336709 0.000000 0.000000 2.257794
0.606331 -0.423458 0.047639 2.966450 -0.651796 -4.337143 0.000000 0.000000 2.255772
0.606306 -0.423407 0.047698 2.966536 -0.652673 -4.337576 0.000000 0.000000 2.253750
0.606281 -0.423357 0.047757 2.966621 -0.653549 -4.338010 0.000000 0.000000 2.251728
0.606256 -0.423306 0.047815 2.966707 -0.654426 -4.338444 0.000000 0.000000 2.249706
0.606231 -0.423256 0.047874 2.966793 -0.655302 -4.338878 0.000000 0.000000 2.247685
0.606206 -0.423205 0.047933 2.966879 -0.656179 -4.339311 0.000000 0.000000 2.245663
0.606181 -0.423155 0.047992 2.966965 -0.657055 -4.339745 0.000000 0.000000 2.243641
0.606155 -0.423104 0.048052 2.967056 -0.657917 -4.340154 0.000000 0.000000 2.241927
0.606129 -0.423052 0.048113 2.967147 -0.658778 -4.340562 0.000000 0.000000 2.240217
0.606102 -0.423001 0.048174 2.967237 -0.659640 -4.340971 0.000000 0.000000 2.238507
0.606076 -0.422950 0.048235 2.967328 -0.660501 -4.341380 0.000000 0.000000 2.236797
0.606049 -0.422899 0.048296 2.967419 -0.661363 -4.341788 0.000000 0.000000 2.235088
0.606023 -0.422848 0.048357 2.967509 -0.662224 -4.342197 0.000000 0.000000 2.233378
0.605996 -0.422796 0.048418 2.967600 -0.663086 -4.342605 0.000000 0.000000 2.231668
0.605970 -0.422745 0.048479 2.967691 -0.663948 -4.343014 0.000000 0.000000 2.229958
0.605943 -0.422694 0.048539 2.967782 -0.664809 -4.343422 0.000000 0.000000 2.228248
0.605917 -0.422643 0.048600 2.967872 -0.665671 -4.343831 0.000000 0.000000 2.226538
0.605891 -0.422592 0.048661 2.967963 -0.666532 -4.344240 0.000000 0.000000 2.224828
0.605864 -0.422540 0.048722 2.968054 -0.667394 -4.344648 0.000000 0.000000 2.223119
0.605838 -0.422489 0.048783 2.968145 -0.668255 -4.345057 0.000000 0.000000 2.221409
0.605811 -0.422438 0.048844 2.968235 -0.669117 -4.345465 0.000000 0.000000 2.219699
0.605785 -0.422387 0.048905 2.968326 -0.669978 -4.345874 0.000000 0.000000 2.217989
0.605758 -0.422336 0.048966 2.968417 -0.670840 -4.346282 0.000000 0.000000 2.216279
0.605732 -0.422284 0.049026 2.968508 -0.671701 -4.346691 0.000000 0.000000 2.214569
0.605705 -0.422233 0.049087 2.968598 -0.672563 -4.347100 0.000000 0.000000 2.212859
0.605679 -0.422182 0.049148 2.968689 -0.673425 -4.347508 0.000000 0.000000 2.211150
0.605653 -0.422131 0.049209 2.968780 -0.674286 -4.347917 0.000000 0.000000 2.209440
0.605626 -0.422080 0.049270 2.968871 -0.675148 -4.348325 0.000000 0.000000 2.207730
0.605600 -0.422028 0.049331 2.968961 -0.676009 -4.348734 0.000000 0.000000 2.206020
0.605574 -0.421977 0.049392 2.969043 -0.676831 -4.349116 0.000000 0.000000 2.204987
0.605549 -0.421925 0.049453 2.969124 -0.677647 -4.349494 0.000000 0.000000 2.204037
0.605525 -0.421874 0.049515 2.969204 -0.678464 -4.349873 0.000000 0.000000 2.203088
0.605500 -0.421822 0.049576 2.969285 -0.679280 -4.350251 0.000000 0.000000 2.202138
0.605475 -0.421770 0.049638 2.969365 -0.680096 -4.350630 0.000000 0.000000 2.201188
0.605450 -0.421719 0.049699 2.969446 -0.680913 -4.351009 0.000000 0.000000 2.200239
0.605425 -0.421667 0.049760 2.969526 -0.681729 -4.351387 0.000000 0.000000 2.199289
0.605400 -0.421615 0.049822 2.969607 -0.682546 -4.351766 0.000000 0.000000 2.198339
0.605375 -0.421564 0.049883 2.969688 -0.683362 -4.352144 0.000000 0.000000 2.197389
0.605350 -0.421512 0.049944 2.969768 -0.684179 -4.352523 0.000000 0.000000 2.196440
0.605325 -0.421460 0.050006 2.969849 -0.684995 -4.352902 0.000000 0.000000 2.195490
0.605300 -0.421409 0.050067 2.969929 -0.685812 -4.353280 0.000000 0.000000 2.194540
0.605275 -0.421357 0.050128 2.970010 -0.686628 -4.353659 0.000000 0.000000 2.193590
0.605250 -0.421305 0.050190 2.970090 -0.687444 -4.354037 0.000000 0.000000 2.192641
0.605225 -0.421254 0.050251 2.970171 -0.688261 -4.354416 0.000000 0.000000 2.191691
0.605200 -0.421202 0.050312 2.970251 -0.689077 -4.354795 0.000000 0.000000 2.190741
0.605175 -0.421152 0.050373 2.970331 -0.689868 -4.355162 0.000000 0.000000 2.189871
0.605152 -0.421103 0.050432 2.970407 -0.690604 -4.355506 0.000000 0.000000 2.189171
0.605129 -0.421055 0.050492 2.970484 -0.691340 -4.355851 0.000000 0.000000 2.188470
0.605106 -0.421007 0.050551 2.970561 -0.692076 -4.356195 0.000000 0.000000 2.187770
0.605083 -0.420959 0.050610 2.970637 -0.692813 -4.356539 0.000000 0.000000 2.187070
0.605060 -0.420910 0.050670 2.970714 -0.693549 -4.356883 0.000000 0.000000 2.186369
0.605037 -0.420862 0.050729 2.970791 -0.694285 -4.357228 0.000000 0.000000 2.185669
0.605014 -0.420814 0.050788 2.970867 -0.695021 -4.357572 0.000000 0.000000 2.184969
0.604991 -0.420766 0.050848 2.970944 -0.695757 -4.357916 0.000000 0.000000 2.184269
0.604968 -0.420718 0.050907 2.971021 -0.696493 -4.358260 0.000000 0.000000 2.183568
0.604945 -0.420669 0.050966 2.971097 -0.697229 -4.358605 0.000000 0.000000 2.182868
0.604921 -0.420621 0.051026 2.971174 -0.697965 -4.358949 0.000000 0.000000 2.182168
0.604898 -0.420573 0.051085 2.971251 -0.698701 -4.359293 0.000000 0.000000 2.181467
0.604875 -0.420525 0.051145 2.971327 -0.699437 -4.359637 0.000000 0.000000 2.180767
0.604852 -0.420477 0.051204 2.971404 -0.700173 -4.359982 0.000000 0.000000 2.180067
0.604829 -0.420428 0.051263 2.971481 -0.700909 -4.360326 0.000000 0.000000 2.179367
0.604806 -0.420380 0.051323 2.971557 -0.701645 -4.360670 0.000000 0.000000 2.178666
0.604784 -0.420331 0.051384 2.971623 -0.702343 -4.360991 0.000000 0.000000 2.178301
0.604763 -0.420282 0.051447 2.971684 -0.703028 -4.361304 0.000000 0.000000 2.178050
0.604742 -0.420232 0.051510 2.971746 -0.703712 -4.361617 0.000000 0.000000 2.177799
0.604720 -0.420183 0.051573 2.971807 -0.704396 -4.361931 0.000000 0.000000 2.177548
0.604699 -0.420133 0.051635 2.971869 -0.705081 -4.362244 0.000000 0.000000 2.177297
0.604678 -0.420084 0.051698 2.971930 -0.705765 -4.362557 0.000000 0.000000 2.177046
0.604656 -0.420035 0.051761 2.971991 -0.706450 -4.362870 0.000000 0.000000 2.176795
0.604635 -0.419985 0.051824 2.972053 -0.707134 -4.363183 0.000000 0.000000 2.176544
0.604614 -0.419936 0.051886 2.972114 -0.707819 -4.363497 0.000000 0.000000 2.176293
0.604593 -0.419886 0.051949 2.972176 -0.708503 -4.363810 0.000000 0.000000 2.176042
0.604571 -0.419837 0.052012 2.972237 -0.709188 -4.364123 0.000000 0.000000 2.175791
0.604550 -0.419788 0.052075 2.972299 -0.709872 -4.364436 0.000000 0.000000 2.175540
0.604529 -0.419738 0.052137 2.972360 -0.710557 -4.364749 0.000000 0.000000 2.175290
0.604507 -0.419689 0.052200 2.972422 -0.711241 -4.365062 0.000000 0.000000 2.175039
0.604486 -0.419640 0.052263 2.972483 -0.711926 -4.365376 0.000000 0.000000 2.174788
0.604465 -0.419590 0.052326 2.972545 -0.712610 -4.365689 0.000000 0.000000 2.174537
0.604443 -0.419541 0.052388 2.972606 -0.713295 -4.366002 0.000000 0.000000 2.174286
0.604422 -0.419491 0.052451 2.972668 -0.713979 -4.366315 0.000000 0.000000 2.174035
0.604401 -0.419442 0.052514 2.972729 -0.714664 -4.366628 0.000000 0.000000 2.173784
0.604380 -0.419393 0.052577 2.972791 -0.715348 -4.366941 0.000000 0.000000 2.173533
0.604358 -0.419343 0.052639 2.972852 -0.716032 -4.367255 0.000000 0.000000 2.173282
0.604337 -0.419294 0.052702 2.972914 -0.716717 -4.367568 0.000000 0.000000 2.173031
0.604316 -0.419243 0.052767 2.972969 -0.717369 -4.367857 0.000000 0.000000 2.172934
0.604295 -0.419192 0.052834 2.973021 -0.718002 -4.368134 0.000000 0.000000 2.172920
0.604275 -0.419141 0.052901 2.973073 -0.718636 -4.368411 0.000000 0.000000 2.172907
0.604254 -0.419089 0.052968 2.973126 -0.719270 -4.368687 0.000000 0.000000 2.172893
0.604233 -0.419038 0.053034 2.973178 -0.719904 -4.368964 0.000000 0.000000 2.172879
0.604213 -0.418987 0.053101 2.973230 -0.720537 -4.369241 0.000000 0.000000 2.172866
0.604192 -0.418936 0.053168 2.973282 -0.721171 -4.369517 0.000000 0.000000 2.172852
0.604171 -0.418884 0.053235 2.973334 -0.721805 -4.369794 0.000000 0.000000 2.172838
0.604151 -0.418833 0.053302 2.973387 -0.722439 -4.370071 0.000000 0.000000 2.172825
0.604130 -0.418782 0.053368 2.973439 -0.723072 -4.370347 0.000000 0.000000 2.172811
0.604109 -0.418730 0.053435 2.973491 -0.723706 -4.370624 0.000000 0.000000 2.172797
0.604089 -0.418679 0.053502 2.973543 -0.724340 -4.370900 0.000000 0.000000 2.172784
0.604068 -0.418628 0.053569 2.973595 -0.724974 -4.371177 0.000000 0.000000 2.172770
0.604047 -0.418577 0.053635 2.973647 -0.725608 -4.371454 0.000000 0.000000 2.172757
0.604027 -0.418525 0.053702 2.973700 -0.726241 -4.371730 0.000000 0.000000 2.172743
0.604006 -0.418474 0.053769 2.973752 -0.726875 -4.372007 0.000000 0.000000 2.172729
0.603985 -0.418423 0.053836 2.973804 -0.727507 -4.372281 0.000000 0.000000 2.172707
0.603964 -0.418369 0.053911 2.973851 -0.728118 -4.372522 0.000000 0.000000 2.172581
0.603942 -0.418315 0.053986 2.973899 -0.728728 -4.372762 0.000000 0.000000 2.172456
0.603920 -0.418261 0.054061 2.973946 -0.729339 -4.373003 0.000000 0.000000 2.172330
0.603898 -0.418207 0.054136 2.973994 -0.729949 -4.373244 0.000000 0.000000 2.172204
0.603877 -0.418153 0.054211 2.974042 -0.730560 -4.373485 0.000000 0.000000 2.172079
0.603855 -0.418099 0.054286 2.974089 -0.731171 -4.373725 0.000000 0.000000 2.171953
0.603833 -0.418045 0.054361 2.974137 -0.731781 -4.373966 0.000000 0.000000 2.171827
0.603811 -0.417991 0.054437 2.974184 -0.732392 -4.374207 0.000000 0.000000 2.171701
0.603790 -0.417937 0.054512 2.974232 -0.733002 -4.374447 0.000000 0.000000 2.171576
0.603768 -0.417883 0.054587 2.974280 -0.733613 -4.374688 0.000000 0.000000 2.171450
0.603746 -0.417829 0.054662 2.974327 -0.734223 -4.374929 0.000000 0.000000 2.171324
0.603724 -0.417775 0.054737 2.974375 -0.734834 -4.375169 0.000000 0.000000 2.171199
0.603703 -0.417721 0.054812 2.974422 -0.735445 -4.375410 0.000000 0.000000 2.171073
0.603681 -0.417667 0.054887 2.974470 -0.736055 -4.375651 0.000000 0.000000 2.170947
0.603659 -0.417613 0.054962 2.974518 -0.736666 -4.375892 0.000000 0.000000 2.170821
0.603638 -0.417559 0.055037 2.974565 -0.737276 -4.376132 0.000000 0.000000 2.170696
0.603612 -0.417499 0.055119 2.974618 -0.737908 -4.376356 0.000000 0.000000 2.169888
0.603583 -0.417433 0.055207 2.974676 -0.738561 -4.376564 0.000000 0.000000 2.168402
0.603554 -0.417367 0.055296 2.974733 -0.739215 -4.376772 0.000000 0.000000 2.166916
0.603525 -0.417302 0.055385 2.974791 -0.739868 -4.376980 0.000000 0.000000 2.165430
0.603496 -0.417236 0.055474 2.974849 -0.740521 -4.377187 0.000000 0.000000 2.163944
0.603467 -0.417170 0.055563 2.974907 -0.741174 -4.377395 0.000000 0.000000 2.162458
0.603439 -0.417104 0.055651 2.974964 -0.741827 -4.377603 0.000000 0.000000 2.160973
0.603410 -0.417039 0.055740 2.975022 -0.742481 -4.377811 0.000000 0.000000 2.159487
0.603381 -0.416973 0.055829 2.975080 -0.743134 -4.378018 0.000000 0.000000 2.158001
0.603352 -0.416907 0.055918 2.975138 -0.743787 -4.378226 0.000000 0.000000 2.156515
0.603323 -0.416841 0.056006 2.975196 -0.744440 -4.378434 0.000000 0.000000 2.155029
0.603294 -0.416775 0.056095 2.975253 -0.745093 -4.378642 0.000000 0.000000 2.153543
0.603265 -0.416710 0.056184 2.975311 -0.745747 -4.378849 0.000000 0.000000 2.152058
0.603236 -0.416644 0.056273 2.975369 -0.746400 -4.379057 0.000000 0.000000 2.150572
0.603207 -0.416578 0.056362 2.975427 -0.747053 -4.379265 0.000000 0.000000 2.149086
0.603178 -0.416512 0.056450 2.975484 -0.747706 -4.379473 0.000000 0.000000 2.147600
0.603149 -0.416447 0.056539 2.975542 -0.748359 -4.379680 0.000000 0.000000 2.146114
0.603120 -0.416381 0.056628 2.975600 -0.749013 -4.379888 0.000000 0.000000 2.144628
0.603091 -0.416315 0.056717 2.975658 -0.749666 -4.380096 0.000000 0.000000 2.143143
0.603062 -0.416249 0.056806 2.975715 -0.750319 -4.380304 0.000000 0.000000 2.141657
0.603033 -0.416184 0.056894 2.975773 -0.750972 -4.380511 0.000000 0.000000 2.140171
0.603004 -0.416118 0.056983 2.975831 -0.751625 -4.380719 0.000000 0.000000 2.138685
0.602973 -0.416048 0.057076 2.975902 -0.752293 -4.380918 0.000000 0.000000 2.136971
0.602936 -0.415972 0.057175 2.975992 -0.752981 -4.381103 0.000000 0.000000 2.134921
0.602900 -0.415896 0.057274 2.976082 -0.753669 -4.381289 0.000000 0.000000 2.132871
0.602864 -0.415820 0.057372 2.976172 -0.754357 -4.381475 0.000000 0.000000 2.130821
0.602828 -0.415745 0.057471 2.976262 -0.755045 -4.381660 0.000000 0.000000 2.128772
0.602792 -0.415669 0.057570 2.976352 -0.755733 -4.381846 0.000000 0.000000 2.126722
0.602755 -0.415593 0.057669 2.976442 -0.756421 -4.382031 0.000000 0.000000 2.124672
0.602719 -0.415517 0.057767 2.976532 -0.757109 -4.382217 0.000000 0.000000 2.122622
0.602683 -0.415441 0.057866 2.976622 -0.757797 -4.382402 0.000000 0.000000 2.120572
0.602647 -0.415365 0.057965 2.976712 -0.758485 -4.382588 0.000000 0.000000 2.118522
0.602611 -0.415289 0.058064 2.976803 -0.759173 -4.382773 0.000000 0.000000 2.116473
0.602575 -0.415214 0.058163 2.976893 -0.759861 -4.382959 0.000000 0.000000 2.114423
0.602538 -0.415138 0.058261 2.976983 -0.760550 -4.383144 0.000000 0.000000 2.112373
0.602502 -0.415062 0.058360 2.977073 -0.761238 -4.383330 0.000000 0.000000 2.110323
0.602466 -0.414986 0.058459 2.977163 -0.761926 -4.383515 0.000000 0.000000 2.108273
0.602430 -0.414910 0.058558 2.977253 -0.762614 -4.383701 0.000000 0.000000 2.106223
0.602394 -0.414834 0.058656 2.977343 -0.763302 -4.383886 0.000000 0.000000 2.104173
0.602356 -0.414755 0.058756 2.977444 -0.763971 -4.384063 0.000000 0.000000 2.102189
0.602319 -0.414675 0.058856 2.977546 -0.764635 -4.384239 0.000000 0.000000 2.100218
0.602282 -0.414595 0.058956 2.977649 -0.765300 -4.384415 0.000000 0.000000 2.098246
0.602244 -0.414515 0.059056 2.977752 -0.765965 -4.384590 0.000000 0.000000 2.096275
0.602207 -0.414434 0.059156 2.977855 -0.766630 -4.384766 0.000000 0.000000 2.094304
0.602169 -0.414354 0.059256 2.977957 -0.767295 -4.384941 0.000000 0.000000 2.092333
0.602132 -0.414274 0.059356 2.978060 -0.767960 -4.385117 0.000000 0.000000 2.090361
0.602095 -0.414194 0.059456 2.978163 -0.768625 -4.385292 0.000000 0.000000 2.088390
0.602057 -0.414114 0.059556 2.978265 -0.769290 -4.385468 0.000000 0.000000 2.086419
0.602020 -0.414034 0.059656 2.978368 -0.769955 -4.385644 0.000000 0.000000 2.084448
0.601983 -0.413954 0.059756 2.978471 -0.770620 -4.385819 0.000000 0.000000 2.082476
0.601945 -0.413874 0.059856 2.978574 -0.771285 -4.385995 0.000000 0.000000 2.080505
0.601908 -0.413794 0.059956 2.978676 -0.771949 -4.386170 0.000000 0.000000 2.078534
0.601870 -0.413714 0.060056 2.978779 -0.772614 -4.386346 0.000000 0.000000 2.076563
0.601833 -0.413634 0.060156 2.978882 -0.773279 -4.386521 0.000000 0.000000 2.074591
0.601796 -0.413553 0.060256 2.978985 -0.773944 -4.386697 0.000000 0.000000 2.072620
0.601758 -0.413473 0.060356 2.979087 -0.774599 -4.386867 0.000000 0.000000 2.071231
0.601721 -0.413390 0.060455 2.979190 -0.775225 -4.387021 0.000000 0.000000 2.071512
0.601683 -0.413308 0.060554 2.979293 -0.775851 -4.387175 0.000000 0.000000 2.071793
0.601645 -0.413225 0.060654 2.979396 -0.776477 -4.387329 0.000000 0.000000 2.072074
0.601608 -0.413143 0.060753 2.979499 -0.777103 -4.387483 0.000000 0.000000 2.072355
0.601570 -0.413060 0.060853 2.979603 -0.777729 -4.387637 0.000000 0.000000 2.072636
0.601533 -0.412977 0.060952 2.979706 -0.778355 -4.387791 0.000000 0.000000 2.072917
0.601495 -0.412895 0.061051 2.979809 -0.778981 -4.387944 0.000000 0.000000 2.073198
0.601457 -0.412812 0.061151 2.979912 -0.779607 -4.388098 0.000000 0.000000 2.073478
0.601420 -0.412730 0.061250 2.980015 -0.780233 -4.388252 0.000000 0.000000 2.073759
0.601382 -0.412647 0.061349 2.980118 -0.780860 -4.388406 0.000000 0.000000 2.074040
0.601345 -0.412565 0.061449 2.980221 -0.781486 -4.388560 0.000000 0.000000 2.074321
0.601307 -0.412482 0.061548 2.980324 -0.782112 -4.388714 0.000000 0.000000 2.074602
0.601269 -0.412400 0.061648 2.980427 -0.782738 -4.388868 0.000000 0.000000 2.074883
0.601232 -0.412317 0.061747 2.980530 -0.783364 -4.389022 0.000000 0.000000 2.075164
0.601194 -0.412235 0.061846 2.980633 -0.783990 -4.389176 0.000000 0.000000 2.075445
0.601157 -0.412152 0.061946 2.980736 -0.784616 -4.389330 0.000000 0.000000 2.075726
0.601119 -0.412070 0.062045 2.980839 -0.785242 -4.389484 0.000000 0.000000 2.076007
0.601081 -0.411987 0.062145 2.980942 -0.785868 -4.389638 0.000000 0.000000 2.076288
0.601044 -0.411904 0.062244 2.981045 -0.786494 -4.389792 0.000000 0.000000 2.076569
0.601006 -0.411822 0.062343 2.981148 -0.787120 -4.389946 0.000000 0.000000 2.076849
0.600969 -0.411739 0.062443 2.981251 -0.787746 -4.390100 0.000000 0.000000 2.077130
0.600931 -0.411655 0.062544 2.981352 -0.788376 -4.390250 0.000000 0.000000 2.077538
0.600890 -0.411564 0.062653 2.981444 -0.789025 -4.390380 0.000000 0.000000 2.078607
0.600849 -0.411473 0.062762 2.981535 -0.789674 -4.390510 0.000000 0.000000 2.079676
0.600808 -0.411381 0.062871 2.981626 -0.790323 -4.390640 0.000000 0.000000 2.080745
0.600768 -0.411290 0.062980 2.981717 -0.790972 -4.390771 0.000000 0.000000 2.081814
0.600727 -0.411198 0.063089 2.981808 -0.791621 -4.390901 0.000000 0.000000 2.082883
0.600686 -0.411107 0.063198 2.981899 -0.792270 -4.391031 0.000000 0.000000 2.083952
0.600645 -0.411016 0.063307 2.981991 -0.792919 -4.391161 0.000000 0.000000 2.085021
0.600604 -0.410924 0.063416 2.982082 -0.793568 -4.391292 0.000000 0.000000 2.086090
0.600564 -0.410833 0.063525 2.982173 -0.794217 -4.391422 0.000000 0.000000 2.087159
0.600523 -0.410741 0.063634 2.982264 -0.794866 -4.391552 0.000000 0.000000 2.088228
0.600482 -0.410650 0.063743 2.982355 -0.795515 -4.391682 0.000000 0.000000 2.089297
0.600441 -0.410559 0.063852 2.982447 -0.796164 -4.391813 0.000000 0.000000 2.090366
0.600401 -0.410467 0.063961 2.982538 -0.796813 -4.391943 0.000000 0.000000 2.091435
0.600360 -0.410376 0.064070 2.982629 -0.797462 -4.392073 0.000000 0.000000 2.092504
0.600319 -0.410284 0.064179 2.982720 -0.798111 -4.392203 0.000000 0.000000 2.093573
0.600278 -0.410193 0.064288 2.982811 -0.798760 -4.392334 0.000000 0.000000 2.094642
0.600233 -0.410093 0.064404 2.982904 -0.799443 -4.392445 0.000000 0.000000 2.095688
0.600184 -0.409988 0.064526 2.982997 -0.800151 -4.392545 0.000000 0.000000 2.096718
0.600135 -0.409883 0.064648 2.983090 -0.800859 -4.392644 0.000000 0.000000 2.097748
0.600086 -0.409777 0.064770 2.983184 -0.801566 -4.392743 0.000000 0.000000 2.098778
0.600037 -0.409672 0.064892 2.983277 -0.802274 -4.392842 0.000000 0.000000 2.099808
0.599989 -0.409567 0.065013 2.983371 -0.802982 -4.392941 0.000000 0.000000 2.100838
0.599940 -0.409461 0.065135 2.983464 -0.803689 -4.393040 0.000000 0.000000 2.101868
0.599891 -0.409356 0.065257 2.983557 -0.804397 -4.393139 0.000000 0.000000 2.102898
0.599842 -0.409251 0.065379 2.983651 -0.805105 -4.393238 0.000000 0.000000 2.103928
0.599793 -0.409145 0.065500 2.983744 -0.805812 -4.393337 0.000000 0.000000 2.104958
0.599745 -0.409040 0.065622 2.983837 -0.806520 -4.393437 0.000000 0.000000 2.105988
0.599696 -0.408934 0.065744 2.983931 -0.807228 -4.393536 0.000000 0.000000 2.107019
0.599647 -0.408829 0.065866 2.984024 -0.807936 -4.393635 0.000000 0.000000 2.108049
0.599598 -0.408724 0.065988 2.984117 -0.808643 -4.393734 0.000000 0.000000 2.109079
0.599549 -0.408618 0.066109 2.984211 -0.809351 -4.393833 0.000000 0.000000 2.110109
0.599501 -0.408513 0.066231 2.984304 -0.810059 -4.393932 0.000000 0.000000 2.111139
0.599452 -0.408408 0.066353 2.984398 -0.810766 -4.394030 0.000000 0.000000 2.112157
0.599392 -0.408293 0.066482 2.984504 -0.811477 -4.394076 0.000000 0.000000 2.112392
0.599332 -0.408179 0.066611 2.984611 -0.812188 -4.394121 0.000000 0.000000 2.112627
0.599273 -0.408065 0.066740 2.984717 -0.812898 -4.394166 0.000000 0.000000 2.112863
0.599213 -0.407950 0.066869 2.984824 -0.813609 -4.394211 0.000000 0.000000 2.113098
0.599153 -0.407836 0.066998 2.984931 -0.814320 -4.394256 0.000000 0.000000 2.113333
0.599093 -0.407722 0.067127 2.985037 -0.815030 -4.394301 0.000000 0.000000 2.113569
0.599034 -0.407607 0.067256 2.985144 -0.815741 -4.394346 0.000000 0.000000 2.113804
0.598974 -0.407493 0.067385 2.985250 -0.816452 -4.394391 0.000000 0.000000 2.114039
0.598914 -0.407379 0.067514 2.985357 -0.817162 -4.394436 0.000000 0.000000 2.114275
0.598855 -0.407265 0.067643 2.985464 -0.817873 -4.394481 0.000000 0.000000 2.114510
0.598795 -0.407150 0.067772 2.985570 -0.818584 -4.394527 0.000000 0.000000 2.114745
0.598735 -0.407036 0.067901 2.985677 -0.819294 -4.394572 0.000000 0.000000 2.114981
0.598675 -0.406922 0.068030 2.985783 -0.820005 -4.394617 0.000000 0.000000 2.115216
0.598616 -0.406807 0.068159 2.985890 -0.820716 -4.394662 0.000000 0.000000 2.115451
0.598556 -0.406693 0.068288 2.985997 -0.821426 -4.394707 0.000000 0.000000 2.115687
0.598496 -0.406579 0.068417 2.986103 -0.822137 -4.394752 0.000000 0.000000 2.115922
0.598437 -0.406464 0.068546 2.986210 -0.822848 -4.394797 0.000000 0.000000 2.116157
0.598377 -0.406350 0.068675 2.986316 -0.823558 -4.394842 0.000000 0.000000 2.116393
0.598317 -0.406236 0.068804 2.986423 -0.824269 -4.394887 0.000000 0.000000 2.116628
0.598258 -0.406121 0.068933 2.986530 -0.824980 -4.394932 0.000000 0.000000 2.116863
0.598198 -0.406007 0.069062 2.986636 -0.825690 -4.394977 0.000000 0.000000 2.117099
0.598138 -0.405893 0.069191 2.986743 -0.826401 -4.395023 0.000000 0.000000 2.117334
0.598077 -0.405773 0.069320 2.986836 -0.827069 -4.395034 0.000000 0.000000 2.117372
0.598015 -0.405652 0.069449 2.986928 -0.827734 -4.395042 0.000000 0.000000 2.117392
0.597953 -0.405531 0.069578 2.987021 -0.828398 -4.395051 0.000000 0.000000 2.117412
0.597892 -0.405411 0.069706 2.987113 -0.829063 -4.395059 0.000000 0.000000 2.117432
0.597830 -0.405290 0.069835 2.987205 -0.829727 -4.395067 0.000000 0.000000 2.117452
0.597768 -0.405169 0.069964 2.987297 -0.830392 -4.395076 0.000000 0.000000 2.117472
0.597706 -0.405048 0.070093 2.987389 -0.831056 -4.395084 0.000000 0.000000 2.117492
0.597645 -0.404928 0.070222 2.987482 -0.831721 -4.395092 0.000000 0.000000 2.117512
0.597583 -0.404807 0.070350 2.987574 -0.832385 -4.395101 0.000000 0.000000 2.117533
0.597521 -0.404686 0.070479 2.987666 -0.833050 -4.395109 0.000000 0.000000 2.117553
0.597460 -0.404566 0.070608 2.987758 -0.833714 -4.395117 0.000000 0.000000 2.117573
0.597398 -0.404445 0.070737 2.987850 -0.834379 -4.395126 0.000000 0.000000 2.117593
0.597336 -0.404324 0.070866 2.987943 -0.835043 -4.395134 0.000000 0.000000 2.117613
0.597274 -0.404203 0.070994 2.988035 -0.835707 -4.395142 0.000000 0.000000 2.117633
0.597213 -0.404083 0.071123 2.988127 -0.836372 -4.395151 0.000000 0.000000 2.117653
0.597151 -0.403962 0.071252 2.988219 -0.837036 -4.395159 0.000000 0.000000 2.117673
0.597090 -0.403841 0.071381 2.988300 -0.837678 -4.395162 0.000000 0.000000 2.117976
0.597032 -0.403718 0.071509 2.988360 -0.838274 -4.395155 0.000000 0.000000 2.118815
0.596973 -0.403595 0.071637 2.988420 -0.838871 -4.395148 0.000000 0.000000 2.119654
0.596914 -0.403472 0.071766 2.988480 -0.839467 -4.395141 0.000000 0.000000 2.120494
0.596855 -0.403350 0.071894 2.988540 -0.840064 -4.395134 0.000000 0.000000 2.121333
0.596797 -0.403227 0.072022 2.988600 -0.840661 -4.395127 0.000000 0.000000 2.122172
0.596738 -0.403104 0.072150 2.988660 -0.841257 -4.395120 0.000000 0.000000 2.123011
0.596679 -0.402982 0.072279 2.988720 -0.841854 -4.395113 0.000000 0.000000 2.123850
0.596621 -0.402859 0.072407 2.988780 -0.842451 -4.395106 0.000000 0.000000 2.124689
0.596562 -0.402736 0.072535 2.988840 -0.843047 -4.395099 0.000000 0.000000 2.125528
0.596503 -0.402614 0.072664 2.988900 -0.843644 -4.395092 0.000000 0.000000 2.126367
0.596444 -0.402491 0.072792 2.988960 -0.844241 -4.395085 0.000000 0.000000 2.127206
0.596386 -0.402368 0.072920 2.989020 -0.844837 -4.395077 0.000000 0.000000 2.128045
0.596327 -0.402246 0.073048 2.989080 -0.845434 -4.395070 0.000000 0.000000 2.128885
0.596268 -0.402123 0.073177 2.989139 -0.846030 -4.395063 0.000000 0.000000 2.129724
0.596209 -0.402000 0.073305 2.989199 -0.846627 -4.395056 0.000000 0.000000 2.130563
0.596151 -0.401878 0.073433 2.989259 -0.847224 -4.395049 0.000000 0.000000 2.131402
0.596094 -0.401751 0.073568 2.989301 -0.847827 -4.395050 0.000000 0.000000 2.132254
0.596037 -0.401623 0.073706 2.989338 -0.848432 -4.395052 0.000000 0.000000 2.133111
0.595980 -0.401496 0.073843 2.989374 -0.849038 -4.395055 0.000000 0.000000 2.133967
0.595924 -0.401368 0.073980 2.989411 -0.849643 -4.395057 0.000000 0.000000 2.134823
0.595867 -0.401241 0.074117 2.989447 -0.850249 -4.395060 0.000000 0.000000 2.135680
0.595810 -0.401113 0.074255 2.989483 -0.850854 -4.395062 0.000000 0.000000 2.136536
0.595754 -0.400985 0.074392 2.989520 -0.851459 -4.395065 0.000000 0.000000 2.137392
0.595697 -0.400858 0.074529 2.989556 -0.852065 -4.395067 0.000000 0.000000 2.138249
0.595640 -0.400730 0.074666 2.989593 -0.852670 -4.395070 0.000000 0.000000 2.139105
0.595584 -0.400603 0.074804 2.989629 -0.853275 -4.395072 0.000000 0.000000 2.139961
0.595527 -0.400475 0.074941 2.989666 -0.853881 -4.395075 0.000000 0.000000 2.140818
0.595470 -0.400347 0.075078 2.989702 -0.854486 -4.395077 0.000000 0.000000 2.141674
0.595414 -0.400220 0.075216 2.989739 -0.855091 -4.395080 0.000000 0.000000 2.142531
0.595357 -0.400092 0.075353 2.989775 -0.855697 -4.395082 0.000000 0.000000 2.143387
0.595300 -0.399965 0.075490 2.989812 -0.856302 -4.395085 0.000000 0.000000 2.144243
0.595244 -0.399837 0.075627 2.989848 -0.856907 -4.395087 0.000000 0.000000 2.145100
0.595187 -0.399709 0.075765 2.989885 -0.857513 -4.395090 0.000000 0.000000 2.145956
0.595130 -0.399582 0.075902 2.989921 -0.858118 -4.395092 0.000000 0.000000 2.146812
0.595074 -0.399454 0.076039 2.989957 -0.858724 -4.395095 0.000000 0.000000 2.147669
0.595017 -0.399327 0.076176 2.989994 -0.859329 -4.395097 0.000000 0.000000 2.148525
0.594960 -0.399199 0.076314 2.990030 -0.859934 -4.395100 0.000000 0.000000 2.149381
0.594904 -0.399071 0.076451 2.990067 -0.860540 -4.395102 0.000000 0.000000 2.150238
0.594845 -0.398938 0.076599 2.990106 -0.861191 -4.395115 0.000000 0.000000 2.150934
0.594786 -0.398802 0.076753 2.990146 -0.861865 -4.395131 0.000000 0.000000 2.151553
0.594727 -0.398665 0.076906 2.990187 -0.862539 -4.395148 0.000000 0.000000 2.152173
0.594668 -0.398529 0.077060 2.990227 -0.863213 -4.395165 0.000000 0.000000 2.152792
0.594608 -0.398393 0.077213 2.990268 -0.863887 -4.395182 0.000000 0.000000 2.153411
0.594549 -0.398256 0.077367 2.990308 -0.864561 -4.395198 0.000000 0.000000 2.154031
0.594490 -0.398120 0.077520 2.990349 -0.865235 -4.395215 0.000000 0.000000 2.154650
0.594431 -0.397984 0.077674 2.990389 -0.865909 -4.395232 0.000000 0.000000 2.155269
0.594371 -0.397848 0.077827 2.990430 -0.866583 -4.395249 0.000000 0.000000 2.155889
0.594312 -0.397711 0.077981 2.990470 -0.867257 -4.395266 0.000000 0.000000 2.156508
0.594253 -0.397575 0.078134 2.990511 -0.867931 -4.395282 0.000000 0.000000 2.157127
0.594194 -0.397439 0.078288 2.990551 -0.868605 -4.395299 0.000000 0.000000 2.157747
0.594135 -0.397302 0.078441 2.990591 -0.869279 -4.395316 0.000000 0.000000 2.158366
0.594075 -0.397166 0.078595 2.990632 -0.869953 -4.395333 0.000000 0.000000 2.158985
0.594016 -0.397030 0.078748 2.990672 -0.870627 -4.395350 0.000000 0.000000 2.159605
0.593957 -0.396894 0.078902 2.990713 -0.871302 -4.395366 0.000000 0.000000 2.160224
0.593897 -0.396756 0.079057 2.990752 -0.871981 -4.395383 0.000000 0.000000 2.160813
0.593835 -0.396612 0.079226 2.990783 -0.872712 -4.395402 0.000000 0.000000 2.161141
0.593772 -0.396467 0.079396 2.990814 -0.873444 -4.395420 0.000000 0.000000 2.161468
0.593710 -0.396322 0.079565 2.990845 -0.874175 -4.395438 0.000000 0.000000 2.161795
0.593647 -0.396178 0.079735 2.990876 -0.874906 -4.395456 0.000000 0.000000 2.162122
0.593585 -0.396033 0.079904 2.990907 -0.875637 -4.395474 0.000000 0.000000 2.162449
0.593523 -0.395889 0.080074 2.990938 -0.876368 -4.395492 0.000000 0.000000 2.162776
0.593460 -0.395744 0.080243 2.990969 -0.877099 -4.395511 0.000000 0.000000 2.163104
0.593398 -0.395599 0.080413 2.991000 -0.877830 -4.395529 0.000000 0.000000 2.163431
0.593335 -0.395455 0.080582 2.991031 -0.878561 -4.395547 0.000000 0.000000 2.163758
0.593273 -0.395310 0.080752 2.991061 -0.879292 -4.395565 0.000000 0.000000 2.164085
0.593210 -0.395165 0.080921 2.991092 -0.880023 -4.395583 0.000000 0.000000 2.164412
0.593148 -0.395021 0.081091 2.991123 -0.880755 -4.395601 0.000000 0.000000 2.164739
0.593085 -0.394876 0.081260 2.991154 -0.881486 -4.395620 0.000000 0.000000 2.165066
0.593023 -0.394731 0.081430 2.991185 -0.882217 -4.395638 0.000000 0.000000 2.165394
0.592960 -0.394587 0.081599 2.991216 -0.882948 -4.395656 0.000000 0.000000 2.165721
0.592898 -0.394442 0.081769 2.991247 -0.883679 -4.395674 0.000000 0.000000 2.166048
0.592835 -0.394296 0.081944 2.991268 -0.884407 -4.395687 0.000000 0.000000 2.165969
0.592772 -0.394148 0.082124 2.991279 -0.885133 -4.395695 0.000000 0.000000 2.165530
0.592709 -0.394000 0.082304 2.991290 -0.885858 -4.395704 0.000000 0.000000 2.165090
0.592646 -0.393852 0.082484 2.991302 -0.886584 -4.395712 0.000000 0.000000 2.164650
0.592584 -0.393704 0.082664 2.991313 -0.887310 -4.395720 0.000000 0.000000 2.164211
0.592521 -0.393556 0.082845 2.991324 -0.888035 -4.395729 0.000000 0.000000 2.163771
0.592458 -0.393408 0.083025 2.991336 -0.888761 -4.395737 0.000000 0.000000 2.163332
0.592395 -0.393260 0.083205 2.991347 -0.889486 -4.395746 0.000000 0.000000 2.162892
0.592332 -0.393112 0.083385 2.991358 -0.890212 -4.395754 0.000000 0.000000 2.162453
0.592269 -0.392964 0.083565 2.991370 -0.890938 -4.395762 0.000000 0.000000 2.162013
0.592206 -0.392816 0.083745 2.991381 -0.891663 -4.395771 0.000000 0.000000 2.161574
0.592143 -0.392668 0.083925 2.991393 -0.892389 -4.395779 0.000000 0.000000 2.161134
0.592080 -0.392519 0.084105 2.991404 -0.893114 -4.395787 0.000000 0.000000 2.160694
0.592017 -0.392371 0.084286 2.991415 -0.893840 -4.395796 0.000000 0.000000 2.160255
0.591954 -0.392223 0.084466 2.991427 -0.894566 -4.395804 0.000000 0.000000 2.159815
0.591891 -0.392075 0.084646 2.991438 -0.895291 -4.395812 0.000000 0.000000 2.159376
0.591829 -0.391927 0.084826 2.991449 -0.896017 -4.395821 0.000000 0.000000 2.158936
0.591766 -0.391779 0.085006 2.991461 -0.896743 -4.395829 0.000000 0.000000 2.158497
0.591703 -0.391631 0.085186 2.991472 -0.897468 -4.395838 0.000000 0.000000 2.158057
0.591640 -0.391483 0.085366 2.991483 -0.898194 -4.395846 0.000000 0.000000 2.157617
0.591577 -0.391335 0.085546 2.991495 -0.898919 -4.395854 0.000000 0.000000 2.157178
0.591514 -0.391187 0.085727 2.991506 -0.899645 -4.395863 0.000000 0.000000 2.156738
0.591452 -0.391037 0.085912 2.991500 -0.900366 -4.395866 0.000000 0.000000 2.156081
0.591392 -0.390884 0.086105 2.991470 -0.901082 -4.395864 0.000000 0.000000 2.155136
0.591332 -0.390730 0.086298 2.991439 -0.901797 -4.395862 0.000000 0.000000 2.154192
0.591271 -0.390577 0.086490 2.991409 -0.902513 -4.395859 0.000000 0.000000 2.153248
0.591211 -0.390424 0.086683 2.991379 -0.903228 -4.395857 0.000000 0.000000 2.152303
0.591151 -0.390270 0.086876 2.991349 -0.903944 -4.395854 0.000000 0.000000 2.151359
0.591090 -0.390117 0.087069 2.991319 -0.904660 -4.395852 0.000000 0.000000 2.150414
0.591030 -0.389964 0.087261 2.991289 -0.905375 -4.395850 0.000000 0.000000 2.149470
0.590970 -0.389810 0.087454 2.991259 -0.906091 -4.395847 0.000000 0.000000 2.148526
0.590909 -0.389657 0.087647 2.991228 -0.906806 -4.395845 0.000000 0.000000 2.147581
0.590849 -0.389504 0.087840 2.991198 -0.907522 -4.395843 0.000000 0.000000 2.146637
0.590789 -0.389350 0.088033 2.991168 -0.908237 -4.395840 0.000000 0.000000 2.145693
0.590728 -0.389197 0.088225 2.991138 -0.908953 -4.395838 0.000000 0.000000 2.144748
0.590668 -0.389044 0.088418 2.991108 -0.909668 -4.395835 0.000000 0.000000 2.143804
0.590608 -0.388890 0.088611 2.991078 -0.910384 -4.395833 0.000000 0.000000 2.142860
0.590547 -0.388737 0.088804 2.991048 -0.911100 -4.395831 0.000000 0.000000 2.141915
0.590487 -0.388584 0.088996 2.991018 -0.911815 -4.395828 0.000000 0.000000 2.140971
0.590428 -0.388426 0.089200 2.990949 -0.912502 -4.395806 0.000000 0.000000 2.139881
0.590369 -0.388267 0.089405 2.990874 -0.913185 -4.395781 0.000000 0.000000 2.138767
0.590310 -0.388109 0.089611 2.990800 -0.913868 -4.395756 0.000000 0.000000 2.137653
0.590251 -0.387950 0.089816 2.990725 -0.914550 -4.395730 0.000000 0.000000 2.136539
0.590191 -0.387792 0.090021 2.990650 -0.915233 -4.395705 0.000000 0.000000 2.135425
0.590132 -0.387634 0.090227 2.990576 -0.915915 -4.395680 0.000000 0.000000 2.134312
0.590073 -0.387475 0.090432 2.990501 -0.916598 -4.395654 0.000000 0.000000 2.133198
0.590014 -0.387317 0.090637 2.990426 -0.917281 -4.395629 0.000000 0.000000 2.132084
0.589955 -0.387158 0.090843 2.990352 -0.917963 -4.395603 0.000000 0.000000 2.130970
0.589896 -0.387000 0.091048 2.990277 -0.918646 -4.395578 0.000000 0.000000 2.129856
0.589837 -0.386841 0.091253 2.990202 -0.919328 -4.395553 0.000000 0.000000 2.128742
0.589778 -0.386683 0.091459 2.990128 -0.920011 -4.395527 0.000000 0.000000 2.127629
0.589719 -0.386524 0.091664 2.990053 -0.920694 -4.395502 0.000000 0.000000 2.126515
0.589660 -0.386366 0.091869 2.989978 -0.921376 -4.395477 0.000000 0.000000 2.125401
0.589601 -0.386207 0.092075 2.989904 -0.922059 -4.395451 0.000000 0.000000 2.124287
0.589542 -0.386049 0.092280 2.989829 -0.922741 -4.395426 0.000000 0.000000 2.123173
0.589484 -0.385890 0.092490 2.989740 -0.923405 -4.395396 0.000000 0.000000 2.121967
0.589430 -0.385731 0.092709 2.989615 -0.924023 -4.395354 0.000000 0.000000 2.120528
0.589376 -0.385572 0.092929 2.989489 -0.924641 -4.395311 0.000000 0.000000 2.119090
0.589321 -0.385413 0.093149 2.989364 -0.925259 -4.395269 0.000000 0.000000 2.117651
0.589267 -0.385254 0.093368 2.989239 -0.925876 -4.395227 0.000000 0.000000 2.116213
0.589213 -0.385095 0.093588 2.989114 -0.926494 -4.395185 0.000000 0.000000 2.114775
0.589158 -0.384936 0.093808 2.988989 -0.927112 -4.395142 0.000000 0.000000 2.113336
0.589104 -0.384777 0.094027 2.988863 -0.927730 -4.395100 0.000000 0.000000 2.111898
0.589050 -0.384618 0.094247 2.988738 -0.928347 -4.395058 0.000000 0.000000 2.110460
0.588995 -0.384459 0.094467 2.988613 -0.928965 -4.395016 0.000000 0.000000 2.109021
0.588941 -0.384300 0.094687 2.988488 -0.929583 -4.394973 0.000000 0.000000 2.107583
0.588887 -0.384141 0.094906 2.988363 -0.930201 -4.394931 0.000000 0.000000 2.106145
0.588832 -0.383981 0.095126 2.988237 -0.930819 -4.394889 0.000000 0.000000 2.104706
0.588778 -0.383822 0.095346 2.988112 -0.931436 -4.394847 0.000000 0.000000 2.103268
0.588723 -0.383663 0.095565 2.987987 -0.932054 -4.394804 0.000000 0.000000 2.101830
0.588669 -0.383504 0.095785 2.987862 -0.932672 -4.394762 0.000000 0.000000 2.100391
0.588615 -0.383345 0.096005 2.987737 -0.933290 -4.394720 0.000000 0.000000 2.098953
0.588560 -0.383186 0.096224 2.987611 -0.933907 -4.394677 0.000000 0.000000 2.097515
0.588506 -0.383027 0.096444 2.987486 -0.934525 -4.394635 0.000000 0.000000 2.096076
0.588452 -0.382868 0.096664 2.987361 -0.935143 -4.394593 0.000000 0.000000 2.094638
0.588397 -0.382709 0.096883 2.987236 -0.935761 -4.394551 0.000000 0.000000 2.093200
0.588343 -0.382550 0.097103 2.987110 -0.936378 -4.394508 0.000000 0.000000 2.091761
0.588290 -0.382390 0.097326 2.986972 -0.936986 -4.394463 0.000000 0.000000 2.090379
0.588241 -0.382228 0.097563 2.986779 -0.937550 -4.394403 0.000000 0.000000 2.089237
0.588192 -0.382065 0.097800 2.986585 -0.938115 -4.394344 0.000000 0.000000 2.088095
0.588143 -0.381903 0.098037 2.986392 -0.938679 -4.394284 0.000000 0.000000 2.086954
0.588095 -0.381740 0.098274 2.986198 -0.939243 -4.394225 0.000000 0.000000 2.085812
0.588046 -0.381578 0.098511 2.986005 -0.939808 -4.394165 0.000000 0.000000 2.084670
0.587997 -0.381416 0.098749 2.985811 -0.940372 -4.394105 0.000000 0.000000 2.083528
0.587948 -0.381253 0.098986 2.985617 -0.940936 -4.394046 0.000000 0.000000 2.082387
0.587900 -0.381091 0.099223 2.985424 -0.941501 -4.393986 0.000000 0.000000 2.081245
0.587851 -0.380929 0.099460 2.985230 -0.942065 -4.393927 0.000000 0.000000 2.080103
0.587802 -0.380766 0.099697 2.985037 -0.942629 -4.393867 0.000000 0.000000 2.078961
0.587753 -0.380604 0.099934 2.984843 -0.943194 -4.393808 0.000000 0.000000 2.077820
0.587705 -0.380441 0.100171 2.984650 -0.943758 -4.393748 0.000000 0.000000 2.076678
0.587656 -0.380279 0.100408 2.984456 -0.944322 -4.393689 0.000000 0.000000 2.075536
0.587607 -0.380117 0.100645 2.984262 -0.944887 -4.393629 0.000000 0.000000 2.074394
0.587558 -0.379954 0.100882 2.984069 -0.945451 -4.393569 0.000000 0.000000 2.073253
0.587510 -0.379792 0.101119 2.983875 -0.946015 -4.393510 0.000000 0.000000 2.072111
0.587459 -0.379622 0.101376 2.983657 -0.946608 -4.393442 0.000000 0.000000 2.070784
0.587409 -0.379446 0.101646 2.983424 -0.947220 -4.393368 0.000000 0.000000 2.069343
0.587358 -0.379271 0.101916 2.983190 -0.947831 -4.393294 0.000000 0.000000 2.067901
0.587307 -0.379096 0.102185 2.982957 -0.948442 -4.393221 0.000000 0.000000 2.066460
0.587256 -0.378921 0.102455 2.982723 -0.949053 -4.393147 0.000000 0.000000 2.065018
0.587205 -0.378746 0.102725 2.982490 -0.949664 -4.393073 0.000000 0.000000 2.063577
0.587154 -0.378571 0.102994 2.982256 -0.950275 -4.393000 0.000000 0.000000 2.062135
0.587103 -0.378396 0.103264 2.982023 -0.950886 -4.392926 0.000000 0.000000 2.060693
0.587052 -0.378221 0.103534 2.981789 -0.951498 -4.392852 0.000000 0.000000 2.059252
0.587001 -0.378046 0.103803 2.981556 -0.952109 -4.392779 0.000000 0.000000 2.057810
0.586950 -0.377871 0.104073 2.981322 -0.952720 -4.392705 0.000000 0.000000 2.056369
0.586899 -0.377695 0.104342 2.981089 -0.953331 -4.392631 0.000000 0.000000 2.054927
0.586848 -0.377520 0.104612 2.980855 -0.953942 -4.392558 0.000000 0.000000 2.053486
0.586797 -0.377345 0.104882 2.980622 -0.954553 -4.392484 0.000000 0.000000 2.052044
0.586746 -0.377170 0.105151 2.980388 -0.955164 -4.392410 0.000000 0.000000 2.050602
0.586695 -0.376995 0.105421 2.980155 -0.955776 -4.392337 0.000000 0.000000 2.049161
0.586644 -0.376819 0.105693 2.979920 -0.956391 -4.392262 0.000000 0.000000 2.047582
0.586584 -0.376625 0.106006 2.979656 -0.957106 -4.392171 0.000000 0.000000 2.042948
0.586525 -0.376430 0.106320 2.979393 -0.957820 -4.392079 0.000000 0.000000 2.038314
0.586465 -0.376236 0.106634 2.979129 -0.958535 -4.391988 0.000000 0.000000 2.033680
0.586405 -0.376042 0.106947 2.978866 -0.959250 -4.391896 0.000000 0.000000 2.029046
0.586346 -0.375847 0.107261 2.978602 -0.959964 -4.391805 0.000000 0.000000 2.024412
0.586286 -0.375653 0.107575 2.978339 -0.960679 -4.391713 0.000000 0.000000 2.019778
0.586226 -0.375458 0.107889 2.978075 -0.961393 -4.391622 0.000000 0.000000 2.015144
0.586167 -0.375264 0.108202 2.977812 -0.962108 -4.391530 0.000000 0.000000 2.010510
0.586107 -0.375070 0.108516 2.977548 -0.962823 -4.391439 0.000000 0.000000 2.005876
0.586047 -0.374875 0.108830 2.977285 -0.963537 -4.391347 0.000000 0.000000 2.001243
0.585988 -0.374681 0.109143 2.977021 -0.964252 -4.391256 0.000000 0.000000 1.996609
0.585928 -0.374487 0.109457 2.976758 -0.964966 -4.391164 0.000000 0.000000 1.991975
0.585868 -0.374292 0.109771 2.976494 -0.965681 -4.391073 0.000000 0.000000 1.987341
0.585809 -0.374098 0.110085 2.976231 -0.966396 -4.390982 0.000000 0.000000 1.982707
0.585749 -0.373903 0.110398 2.975967 -0.967110 -4.390890 0.000000 0.000000 1.978073
0.585689 -0.373709 0.110712 2.975704 -0.967825 -4.390799 0.000000 0.000000 1.973439
0.585630 -0.373515 0.111026 2.975440 -0.968539 -4.390707 0.000000 0.000000 1.968805
0.585570 -0.373320 0.111339 2.975177 -0.969254 -4.390616 0.000000 0.000000 1.964171
0.585510 -0.373126 0.111653 2.974913 -0.969968 -4.390524 0.000000 0.000000 1.959537
0.585451 -0.372932 0.111967 2.974650 -0.970683 -4.390433 0.000000 0.000000 1.954903
0.585391 -0.372737 0.112280 2.974386 -0.971398 -4.390341 0.000000 0.000000 1.950270
0.585331 -0.372543 0.112594 2.974123 -0.972112 -4.390250 0.000000 0.000000 1.945636
0.585262 -0.372336 0.112943 2.973826 -0.972865 -4.390118 0.000000 0.000000 1.939902
0.585193 -0.372128 0.113294 2.973527 -0.973621 -4.389985 0.000000 0.000000 1.934105
0.585123 -0.371920 0.113645 2.973229 -0.974376 -4.389851 0.000000 0.000000 1.928309
0.585054 -0.371712 0.113996 2.972930 -0.975132 -4.389717 0.000000 0.000000 1.922512
0.584984 -0.371504 0.114346 2.972631 -0.975887 -4.389583 0.000000 0.000000 1.916716
0.584915 -0.371296 0.114697 2.972332 -0.976642 -4.389450 0.000000 0.000000 1.910919
0.584845 -0.371088 0.115048 2.972034 -0.977398 -4.389316 0.000000 0.000000 1.905122
0.584776 -0.370880 0.115399 2.971735 -0.978153 -4.389182 0.000000 0.000000 1.899326
0.584706 -0.370672 0.115750 2.971436 -0.978909 -4.389049 0.000000 0.000000 1.893529
0.584637 -0.370465 0.116101 2.971138 -0.979664 -4.388915 0.000000 0.000000 1.887733
0.584567 -0.370257 0.116451 2.970839 -0.980420 -4.388781 0.000000 0.000000 1.881936
0.584498 -0.370049 0.116802 2.970540 -0.981175 -4.388647 0.000000 0.000000 1.876139
0.584428 -0.369841 0.117153 2.970242 -0.981930 -4.388514 0.000000 0.000000 1.870343
0.584358 -0.369633 0.117504 2.969943 -0.982686 -4.388380 0.000000 0.000000 1.864546
0.584289 -0.369425 0.117855 2.969644 -0.983441 -4.388246 0.000000 0.000000 1.858750
0.584219 -0.369217 0.118206 2.969345 -0.984197 -4.388113 0.000000 0.000000 1.852953
0.584149 -0.369007 0.118567 2.969023 -0.984933 -4.387964 0.000000 0.000000 1.847078
0.584077 -0.368793 0.118946 2.968661 -0.985638 -4.387790 0.000000 0.000000 1.841072
0.584004 -0.368579 0.119325 2.968298 -0.986342 -4.387617 0.000000 0.000000 1.835066
0.583932 -0.368364 0.119704 2.967936 -0.987047 -4.387443 0.000000 0.000000 1.829060
0.583860 -0.368150 0.120083 2.967573 -0.987752 -4.387270 0.000000 0.000000 1.823054
0.583787 -0.367936 0.120462 2.967211 -0.988456 -4.387096 0.000000 0.000000 1.817048
0.583715 -0.367722 0.120841 2.966849 -0.989161 -4.386922 0.000000 0.000000 1.811041
0.583643 -0.367508 0.121220 2.966486 -0.989866 -4.386749 0.000000 0.000000 1.805035
0.583571 -0.367294 0.121600 2.966124 -0.990570 -4.386575 0.000000 0.000000 1.799029
0.583498 -0.367080 0.121979 2.965761 -0.991275 -4.386401 0.000000 0.000000 1.793023
0.583426 -0.366866 0.122358 2.965399 -0.991980 -4.386228 0.000000 0.000000 1.787017
0.583354 -0.366651 0.122737 2.965037 -0.992684 -4.386054 0.000000 0.000000 1.781011
0.583282 -0.366437 0.123116 2.964674 -0.993389 -4.385881 0.000000 0.000000 1.775005
0.583209 -0.366223 0.123495 2.964312 -0.994094 -4.385707 0.000000 0.000000 1.768999
0.583137 -0.366009 0.123874 2.963949 -0.994798 -4.385533 0.000000 0.000000 1.762993
0.583065 -0.365795 0.124253 2.963587 -0.995503 -4.385360 0.000000 0.000000 1.756986
0.582992 -0.365581 0.124632 2.963225 -0.996207 -4.385186 0.000000 0.000000 1.750980
0.582923 -0.365361 0.125035 2.962799 -0.996875 -4.385011 0.000000 0.000000 1.745837
0.582855 -0.365140 0.125444 2.962357 -0.997533 -4.384835 0.000000 0.000000 1.740909
0.582786 -0.364919 0.125853 2.961915 -0.998191 -4.384659 0.000000 0.000000 1.735982
0.582717 -0.364698 0.126261 2.961473 -0.998849 -4.384483 0.000000 0.000000 1.731054
0.582649 -0.364477 0.126670 2.961031 -0.999507 -4.384307 0.000000 0.000000 1.726127
0.582580 -0.364256 0.127079 2.960590 -1.000165 -4.384131 0.000000 0.000000 1.721199
0.582511 -0.364035 0.127488 2.960148 -1.000823 -4.383955 0.000000 0.000000 1.716272
0.582443 -0.363814 0.127897 2.959706 -1.001481 -4.383779 0.000000 0.000000 1.711344
0.582374 -0.363593 0.128306 2.959264 -1.002139 -4.383603 0.000000 0.000000 1.706416
0.582306 -0.363372 0.128714 2.958822 -1.002797 -4.383427 0.000000 0.000000 1.701489
0.582237 -0.363151 0.129123 2.958381 -1.003455 -4.383251 0.000000 0.000000 1.696561
0.582168 -0.362930 0.129532 2.957939 -1.004113 -4.383076 0.000000 0.000000 1.691634
0.582100 -0.362709 0.129941 2.957497 -1.004771 -4.382900 0.000000 0.000000 1.686706
0.582031 -0.362488 0.130350 2.957055 -1.005429 -4.382724 0.000000 0.000000 1.681779
0.581963 -0.362267 0.130758 2.956613 -1.006087 -4.382548 0.000000 0.000000 1.676851
0.581894 -0.362046 0.131167 2.956172 -1.006745 -4.382372 0.000000 0.000000 1.671923
0.581825 -0.361825 0.131576 2.955730 -1.007403 -4.382196 0.000000 0.000000 1.666996
0.581757 -0.361604 0.131985 2.955288 -1.008061 -4.382020 0.000000 0.000000 1.662068
0.581688 -0.361383 0.132394 2.954846 -1.008719 -4.381844 0.000000 0.000000 1.657141
0.581619 -0.361162 0.132802 2.954404 -1.009377 -4.381668 0.000000 0.000000 1.652213
0.581551 -0.360941 0.133211 2.953963 -1.010035 -4.381492 0.000000 0.000000 1.647286
0.581482 -0.360720 0.133620 2.953521 -1.010693 -4.381316 0.000000 0.000000 1.642358
0.581411 -0.360491 0.134059 2.953032 -1.011378 -4.381141 0.000000 0.000000 1.637672
0.581338 -0.360257 0.134511 2.952522 -1.012075 -4.380967 0.000000 0.000000 1.633089
0.581266 -0.360024 0.134963 2.952013 -1.012772 -4.380792 0.000000 0.000000 1.628506
0.581193 -0.359790 0.135415 2.951504 -1.013469 -4.380618 0.000000 0.000000 1.623922
0.581120 -0.359557 0.135867 2.950995 -1.014166 -4.380443 0.000000 0.000000 1.619339
0.581048 -0.359324 0.136319 2.950486 -1.014863 -4.380268 0.000000 0.000000 1.614756
0.580975 -0.359090 0.136770 2.949976 -1.015560 -4.380094 0.000000 0.000000 1.610173
0.580903 -0.358857 0.137222 2.949467 -1.016257 -4.379919 0.000000 0.000000 1.605589
0.580830 -0.358624 0.137674 2.948958 -1.016954 -4.379745 0.000000 0.000000 1.601006
0.580757 -0.358390 0.138126 2.948449 -1.017651 -4.379570 0.000000 0.000000 1.596423
0.580685 -0.358157 0.138578 2.947940 -1.018348 -4.379395 0.000000 0.000000 1.591839
0.580612 -0.357924 0.139030 2.947430 -1.019044 -4.379221 0.000000 0.000000 1.587256
0.580540 -0.357690 0.139482 2.946921 -1.019741 -4.379046 0.000000 0.000000 1.582673
0.580467 -0.357457 0.139934 2.946412 -1.020438 -4.378872 0.000000 0.000000 1.578090
0.580394 -0.357224 0.140386 2.945903 -1.021135 -4.378697 0.000000 0.000000 1.573506
0.580322 -0.356990 0.140837 2.945394 -1.021832 -4.378522 0.000000 0.000000 1.568923
0.580248 -0.356755 0.141296 2.944877 -1.022541 -4.378345 0.000000 0.000000 1.564281
0.580163 -0.356505 0.141797 2.944311 -1.023331 -4.378153 0.000000 0.000000 1.559243
0.580078 -0.356256 0.142298 2.943745 -1.024121 -4.377961 0.000000 0.000000 1.554205
0.579994 -0.356006 0.142799 2.943179 -1.024911 -4.377768 0.000000 0.000000 1.549167
0.579909 -0.355757 0.143300 2.942613 -1.025701 -4.377576 0.000000 0.000000 1.544130
0.579824 -0.355507 0.143801 2.942047 -1.026491 -4.377384 0.000000 0.000000 1.539092
0.579739 -0.355257 0.144302 2.941481 -1.027281 -4.377191 0.000000 0.000000 1.534054
0.579655 -0.355008 0.144803 2.940915 -1.028071 -4.376999 0.000000 0.000000 1.529016
0.579570 -0.354758 0.145304 2.940349 -1.028861 -4.376807 0.000000 0.000000 1.523979
0.579485 -0.354509 0.145805 2.939783 -1.029651 -4.376614 0.000000 0.000000 1.518941
0.579401 -0.354259 0.146306 2.939217 -1.030441 -4.376422 0.000000 0.000000 1.513903
0.579316 -0.354010 0.146807 2.938651 -1.031231 -4.376230 0.000000 0.000000 1.508865
0.579231 -0.353760 0.147308 2.938086 -1.032021 -4.376037 0.000000 0.000000 1.503828
0.579147 -0.353511 0.147809 2.937520 -1.032812 -4.375845 0.000000 0.000000 1.498790
0.579062 -0.353261 0.148310 2.936954 -1.033602 -4.375653 0.000000 0.000000 1.493752
0.578977 -0.353012 0.148811 2.936388 -1.034392 -4.375460 0.000000 0.000000 1.488714
0.578893 -0.352762 0.149313 2.935822 -1.035182 -4.375268 0.000000 0.000000 1.483677
0.578802 -0.352507 0.149835 2.935224 -1.035982 -4.375061 0.000000 0.000000 1.478707
0.578707 -0.352247 0.150374 2.934600 -1.036790 -4.374843 0.000000 0.000000 1.473791
0.578613 -0.351987 0.150913 2.933977 -1.037599 -4.374624 0.000000 0.000000 1.468876
0.578518 -0.351727 0.151452 2.933354 -1.038407 -4.374406 0.000000 0.000000 1.463961
0.578423 -0.351467 0.151991 2.932730 -1.039216 -4.374187 0.000000 0.000000 1.459045
0.578328 -0.351207 0.152530 2.932107 -1.040024 -4.373969 0.000000 0.000000 1.454130
0.578233 -0.350948 0.153069 2.931483 -1.040833 -4.373750 0.000000 0.000000 1.449214
0.578139 -0.350688 0.153608 2.930860 -1.041641 -4.373532 0.000000 0.000000 1.444299
0.578044 -0.350428 0.154147 2.930237 -1.042450 -4.373313 0.000000 0.000000 1.439383
0.577949 -0.350168 0.154686 2.929613 -1.043258 -4.373095 0.000000 0.000000 1.434468
0.577854 -0.349908 0.155225 2.928990 -1.044067 -4.372876 0.000000 0.000000 1.429552
0.577759 -0.349648 0.155764 2.928366 -1.044875 -4.372658 0.000000 0.000000 1.424637
0.577665 -0.349388 0.156303 2.927743 -1.045684 -4.372439 0.000000 0.000000 1.419721
0.577570 -0.349129 0.156842 2.927120 -1.046492 -4.372221 0.000000 0.000000 1.414806
0.577475 -0.348869 0.157381 2.926496 -1.047301 -4.372002 0.000000 0.000000 1.409890
0.577380 -0.348609 0.157920 2.925873 -1.048109 -4.371784 0.000000 0.000000 1.404975
0.577286 -0.348349 0.158459 2.925249 -1.048918 -4.371565 0.000000 0.000000 1.400059
0.577191 -0.348089 0.158998 2.924626 -1.049726 -4.371347 0.000000 0.000000 1.395144
0.577096 -0.347829 0.159537 2.924003 -1.050535 -4.371128 0.000000 0.000000 1.390228
0.577001 -0.347569 0.160076 2.923379 -1.051343 -4.370910 0.000000 0.000000 1.385313
0.576906 -0.347310 0.160615 2.922756 -1.052151 -4.370691 0.000000 0.000000 1.380398
0.576812 -0.347050 0.161154 2.922132 -1.052960 -4.370473 0.000000 0.000000 1.375482
0.576713 -0.346788 0.161704 2.921476 -1.053752 -4.370238 0.000000 0.000000 1.370902
0.576611 -0.346524 0.162269 2.920780 -1.054526 -4.369984 0.000000 0.000000 1.366715
0.576508 -0.346260 0.162834 2.920085 -1.055299 -4.369731 0.000000 0.000000 1.362528
0.576406 -0.345996 0.163399 2.919389 -1.056073 -4.369477 0.000000 0.000000 1.358341
0.576303 -0.345732 0.163963 2.918694 -1.056846 -4.369223 0.000000 0.000000 1.354154
0.576201 -0.345468 0.164528 2.917998 -1.057620 -4.368970 0.000000 0.000000 1.349968
0.576098 -0.345204 0.165093 2.917302 -1.058393 -4.368716 0.000000 0.000000 1.345781
0.575996 -0.344940 0.165657 2.916607 -1.059167 -4.368462 0.000000 0.000000 1.341594
0.575893 -0.344676 0.166222 2.915911 -1.059940 -4.368209 0.000000 0.000000 1.337407
0.575791 -0.344412 0.166787 2.915215 -1.060714 -4.367955 0.000000 0.000000 1.333221
0.575688 -0.344148 0.167351 2.914520 -1.061487 -4.367701 0.000000 0.000000 1.329034
0.575586 -0.343884 0.167916 2.913824 -1.062261 -4.367448 0.000000 0.000000 1.324847
0.575483 -0.343620 0.168481 2.913129 -1.063034 -4.367194 0.000000 0.000000 1.320660
0.575381 -0.343356 0.169046 2.912433 -1.063808 -4.366940 0.000000 0.000000 1.316474
0.575278 -0.343092 0.169610 2.911737 -1.064581 -4.366687 0.000000 0.000000 1.312287
0.575176 -0.342828 0.170175 2.911042 -1.065355 -4.366433 0.000000 0.000000 1.308100
0.575073 -0.342564 0.170740 2.910346 -1.066129 -4.366179 0.000000 0.000000 1.303913
0.574965 -0.342298 0.171323 2.909603 -1.066871 -4.365908 0.000000 0.000000 1.299267
0.574857 -0.342032 0.171908 2.908853 -1.067609 -4.365634 0.000000 0.000000 1.294561
0.574748 -0.341765 0.172493 2.908103 -1.068347 -4.365361 0.000000 0.000000 1.289856
0.574640 -0.341498 0.173079 2.907353 -1.069085 -4.365087 0.000000 0.000000 1.285150
0.574531 -0.341232 0.173664 2.906603 -1.069824 -4.364814 0.000000 0.000000 1.280445
0.574422 -0.340965 0.174249 2.905853 -1.070562 -4.364540 0.000000 0.000000 1.275740
0.574314 -0.340698 0.174834 2.905104 -1.071300 -4.364266 0.000000 0.000000 1.271034
0.574205 -0.340432 0.175420 2.904354 -1.072038 -4.363993 0.000000 0.000000 1.266329
0.574097 -0.340165 0.176005 2.903604 -1.072777 -4.363719 0.000000 0.000000 1.261624
0.573988 -0.339899 0.176590 2.902854 -1.073515 -4.363445 0.000000 0.000000 1.256918
0.573880 -0.339632 0.177175 2.902104 -1.074253 -4.363172 0.000000 0.000000 1.252213
0.573771 -0.339365 0.177761 2.901354 -1.074991 -4.362898 0.000000 0.000000 1.247507
0.573662 -0.339099 0.178346 2.900605 -1.075730 -4.362624 0.000000 0.000000 1.242802
0.573554 -0.338832 0.178931 2.899855 -1.076468 -4.362351 0.000000 0.000000 1.238097
0.573445 -0.338565 0.179516 2.899105 -1.077206 -4.362077 0.000000 0.000000 1.233391
0.573337 -0.338299 0.180102 2.898355 -1.077944 -4.361803 0.000000 0.000000 1.228686
0.573226 -0.338031 0.180692 2.897592 -1.078680 -4.361529 0.000000 0.000000 1.223913
0.573113 -0.337763 0.181295 2.896801 -1.079409 -4.361253 0.000000 0.000000 1.218992
0.572999 -0.337494 0.181898 2.896009 -1.080139 -4.360976 0.000000 0.000000 1.214071
0.572885 -0.337225 0.182501 2.895218 -1.080868 -4.360700 0.000000 0.000000 1.209151
0.572772 -0.336956 0.183104 2.894426 -1.081598 -4.360424 0.000000 0.000000 1.204230
0.572658 -0.336688 0.183706 2.893635 -1.082328 -4.360147 0.000000 0.000000 1.199309
0.572544 -0.336419 0.184309 2.892843 -1.083057 -4.359871 0.000000 0.000000 1.194388
0.572430 -0.336150 0.184912 2.892052 -1.083787 -4.359595 0.000000 0.000000 1.189467
0.572317 -0.335881 0.185515 2.891260 -1.084516 -4.359318 0.000000 0.000000 1.184547
0.572203 -0.335612 0.186118 2.890469 -1.085246 -4.359042 0.000000 0.000000 1.179626
0.572089 -0.335344 0.186720 2.889677 -1.085975 -4.358766 0.000000 0.000000 1.174705
0.571975 -0.335075 0.187323 2.888886 -1.086705 -4.358489 0.000000 0.000000 1.169784
0.571862 -0.334806 0.187926 2.888094 -1.087434 -4.358213 0.000000 0.000000 1.164864
0.571748 -0.334537 0.188529 2.887303 -1.088164 -4.357937 0.000000 0.000000 1.159943
0.571634 -0.334268 0.189131 2.886511 -1.088893 -4.357660 0.000000 0.000000 1.155022
0.571521 -0.334000 0.189734 2.885720 -1.089623 -4.357384 0.000000 0.000000 1.150101
0.571407 -0.333731 0.190337 2.884929 -1.090353 -4.357108 0.000000 0.000000 1.145180
0.571293 -0.333462 0.190940 2.884137 -1.091082 -4.356831 0.000000 0.000000 1.140260
0.571179 -0.333193 0.191543 2.883346 -1.091812 -4.356555 0.000000 0.000000 1.135339
0.571066 -0.332925 0.192145 2.882554 -1.092541 -4.356279 0.000000 0.000000 1.130418
0.570952 -0.332656 0.192748 2.881763 -1.093271 -4.356002 0.000000 0.000000 1.125497
0.570838 -0.332387 0.193351 2.880971 -1.094000 -4.355726 0.000000 0.000000 1.120577
0.570723 -0.332119 0.193956 2.880176 -1.094729 -4.355450 0.000000 0.000000 1.115625
0.570604 -0.331852 0.194569 2.879365 -1.095457 -4.355173 0.000000 0.000000 1.110562
0.570484 -0.331585 0.195182 2.878554 -1.096184 -4.354896 0.000000 0.000000 1.105498
0.570365 -0.331318 0.195794 2.877744 -1.096912 -4.354619 0.000000 0.000000 1.100435
0.570246 -0.331052 0.196407 2.876933 -1.097639 -4.354342 0.000000 0.000000 1.095372
0.570126 -0.330785 0.197020 2.876123 -1.098367 -4.354065 0.000000 0.000000 1.090309
0.570007 -0.330518 0.197633 2.875312 -1.099095 -4.353789 0.000000 0.000000 1.085245
0.569887 -0.330252 0.198246 2.874502 -1.099822 -4.353512 0.000000 0.000000 1.080182
0.569768 -0.329985 0.198859 2.873691 -1.100550 -4.353235 0.000000 0.000000 1.075119
0.569649 -0.329718 0.199471 2.872880 -1.101277 -4.352958 0.000000 0.000000 1.070056
0.569529 -0.329451 0.200084 2.872070 -1.102005 -4.352681 0.000000 0.000000 1.064992
0.569410 -0.329185 0.200697 2.871259 -1.102732 -4.352404 0.000000 0.000000 1.059929
0.569290 -0.328918 0.201310 2.870449 -1.103460 -4.352127 0.000000 0.000000 1.054866
0.569171 -0.328651 0.201923 2.869638 -1.104187 -4.351851 0.000000 0.000000 1.049803
0.569052 -0.328384 0.202536 2.868828 -1.104915 -4.351574 0.000000 0.000000 1.044739
0.568932 -0.328118 0.203148 2.868017 -1.105642 -4.351297 0.000000 0.000000 1.039676
0.568813 -0.327851 0.203761 2.867206 -1.106370 -4.351020 0.000000 0.000000 1.034613
0.568691 -0.327589 0.204374 2.866394 -1.107083 -4.350748 0.000000 0.000000 1.029460
0.568569 -0.327330 0.204987 2.865582 -1.107788 -4.350478 0.000000 0.000000 1.024258
0.568446 -0.327071 0.205599 2.864769 -1.108493 -4.350208 0.000000 0.000000 1.019056
0.568323 -0.326812 0.206212 2.863956 -1.109198 -4.349939 0.000000 0.000000 1.013853
0.568201 -0.326553 0.206824 2.863143 -1.109903 -4.349669 0.000000 0.000000 1.008651
0.568078 -0.326294 0.207437 2.862330 -1.110609 -4.349399 0.000000 0.000000 1.003449
0.567955 -0.326035 0.208050 2.861517 -1.111314 -4.349130 0.000000 0.000000 0.998247
0.567833 -0.325776 0.208662 2.860704 -1.112019 -4.348860 0.000000 0.000000 0.993044
0.567710 -0.325516 0.209275 2.859892 -1.112724 -4.348590 0.000000 0.000000 0.987842
0.567587 -0.325257 0.209887 2.859079 -1.113429 -4.348320 0.000000 0.000000 0.982640
0.567464 -0.324998 0.210500 2.858266 -1.114134 -4.348051 0.000000 0.000000 0.977438
0.567342 -0.324739 0.211112 2.857453 -1.114839 -4.347781 0.000000 0.000000 0.972235
0.567219 -0.324480 0.211725 2.856640 -1.115544 -4.347511 0.000000 0.000000 0.967033
0.567096 -0.324221 0.212338 2.855827 -1.116250 -4.347242 0.000000 0.000000 0.961831
0.566974 -0.323962 0.212950 2.855014 -1.116955 -4.346972 0.000000 0.000000 0.956629
0.566851 -0.323703 0.213563 2.854202 -1.117660 -4.346702 0.000000 0.000000 0.951426
0.566728 -0.323444 0.214175 2.853389 -1.118363 -4.346433 0.000000 0.000000 0.946261
0.566605 -0.323195 0.214778 2.852574 -1.119038 -4.346177 0.000000 0.000000 0.941580
0.566482 -0.322946 0.215381 2.851760 -1.119713 -4.345921 0.000000 0.000000 0.936899
0.566359 -0.322697 0.215984 2.850946 -1.120388 -4.345665 0.000000 0.000000 0.932218
0.566236 -0.322448 0.216587 2.850132 -1.121064 -4.345408 0.000000 0.000000 0.927537
0.566113 -0.322199 0.217191 2.849317 -1.121739 -4.345152 0.000000 0.000000 0.922855
0.565990 -0.321950 0.217794 2.848503 -1.122414 -4.344896 0.000000 0.000000 0.918174
0.565867 -0.321701 0.218397 2.847689 -1.123089 -4.344639 0.000000 0.000000 0.913493
0.565744 -0.321452 0.219000 2.846875 -1.123764 -4.344383 0.000000 0.000000 0.908812
0.565621 -0.321203 0.219603 2.846060 -1.124440 -4.344127 0.000000 0.000000 0.904131
0.565498 -0.320954 0.220206 2.845246 -1.125115 -4.343870 0.000000 0.000000 0.899450
0.565375 -0.320705 0.220810 2.844432 -1.125790 -4.343614 0.000000 0.000000 0.894769
0.565252 -0.320456 0.221413 2.843618 -1.126465 -4.343358 0.000000 0.000000 0.890088
0.565129 -0.320207 0.222016 2.842803 -1.127140 -4.343102 0.000000 0.000000 0.885407
0.565006 -0.319958 0.222619 2.841989 -1.127816 -4.342845 0.000000 0.000000 0.880726
0.564883 -0.319709 0.223222 2.841175 -1.128491 -4.342589 0.000000 0.000000 0.876045
0.564760 -0.319460 0.223826 2.840361 -1.129166 -4.342333 0.000000 0.000000 0.871363
0.564637 -0.319211 0.224429 2.839546 -1.129841 -4.342076 0.000000 0.000000 0.866682
0.564513 -0.318962 0.225032 2.838732 -1.130516 -4.341820 0.000000 0.000000 0.862001
0.564390 -0.318713 0.225635 2.837918 -1.131192 -4.341564 0.000000 0.000000 0.857320
0.564267 -0.318464 0.226238 2.837104 -1.131867 -4.341307 0.000000 0.000000 0.852639
0.564144 -0.318215 0.226841 2.836289 -1.132542 -4.341051 0.000000 0.000000 0.847958
0.564021 -0.317965 0.227445 2.835475 -1.133217 -4.340795 0.000000 0.000000 0.843277
0.563895 -0.317727 0.228036 2.834680 -1.133896 -4.340552 0.000000 0.000000 0.838784
0.563769 -0.317488 0.228628 2.833885 -1.134576 -4.340309 0.000000 0.000000 0.834296
0.563643 -0.317249 0.229219 2.833090 -1.135255 -4.340067 0.000000 0.000000 0.829808
0.563517 -0.317011 0.229810 2.832296 -1.135934 -4.339824 0.000000 0.000000 0.825320
0.563391 -0.316772 0.230402 2.831501 -1.136613 -4.339581 0.000000 0.000000 0.820832
0.563265 -0.316534 0.230993 2.830706 -1.137293 -4.339339 0.000000 0.000000 0.816344
0.563139 -0.316295 0.231585 2.829911 -1.137972 -4.339096 0.000000 0.000000 0.811856
0.563012 -0.316056 0.232176 2.829117 -1.138651 -4.338853 0.000000 0.000000 0.807367
0.562886 -0.315818 0.232767 2.828322 -1.139330 -4.338611 0.000000 0.000000 0.802879
0.562760 -0.315579 0.233359 2.827527 -1.140010 -4.338368 0.000000 0.000000 0.798391
0.562634 -0.315340 0.233950 2.826732 -1.140689 -4.338125 0.000000 0.000000 0.793903
0.562508 -0.315102 0.234541 2.825938 -1.141368 -4.337883 0.000000 0.000000 0.789415
0.562382 -0.314863 0.235133 2.825143 -1.142047 -4.337640 0.000000 0.000000 0.784927
0.562256 -0.314625 0.235724 2.824348 -1.142727 -4.337398 0.000000 0.000000 0.780439
0.562130 -0.314386 0.236315 2.823553 -1.143406 -4.337155 0.000000 0.000000 0.775951
0.562003 -0.314147 0.236907 2.822759 -1.144085 -4.336912 0.000000 0.000000 0.771463
0.561877 -0.313915 0.237488 2.821976 -1.144740 -4.336669 0.000000 0.000000 0.766916
0.561749 -0.313693 0.238053 2.821211 -1.145360 -4.336426 0.000000 0.000000 0.762281
0.561621 -0.313470 0.238618 2.820446 -1.145979 -4.336183 0.000000 0.000000 0.757645
0.561494 -0.313248 0.239183 2.819681 -1.146599 -4.335939 0.000000 0.000000 0.753010
0.561366 -0.313026 0.239748 2.818916 -1.147218 -4.335696 0.000000 0.000000 0.748375
0.561238 -0.312803 0.240313 2.818151 -1.147838 -4.335453 0.000000 0.000000 0.743739
0.561111 -0.312581 0.240878 2.817386 -1.148457 -4.335209 0.000000 0.000000 0.739104
0.560983 -0.312358 0.241443 2.816621 -1.149076 -4.334966 0.000000 0.000000 0.734468
0.560855 -0.312136 0.242007 2.815856 -1.149696 -4.334723 0.000000 0.000000 0.729833
0.560728 -0.311913 0.242572 2.815091 -1.150315 -4.334479 0.000000 0.000000 0.725198
0.560600 -0.311691 0.243137 2.814326 -1.150935 -4.334236 0.000000 0.000000 0.720562
0.560472 -0.311468 0.243702 2.813561 -1.151554 -4.333993 0.000000 0.000000 0.715927
0.560345 -0.311246 0.244267 2.812796 -1.152174 -4.333750 0.000000 0.000000 0.711291
0.560217 -0.311024 0.244832 2.812031 -1.152793 -4.333506 0.000000 0.000000 0.706656
0.560089 -0.310801 0.245397 2.811266 -1.153412 -4.333263 0.000000 0.000000 0.702021
0.559962 -0.310579 0.245962 2.810501 -1.154032 -4.333020 0.000000 0.000000 0.697385
0.559834 -0.310356 0.246527 2.809736 -1.154651 -4.332776 0.000000 0.000000 0.692750
0.559711 -0.310152 0.247059 2.808985 -1.155168 -4.332536 0.000000 0.000000 0.688378
0.559589 -0.309952 0.247583 2.808238 -1.155664 -4.332297 0.000000 0.000000 0.684060
0.559468 -0.309752 0.248107 2.807490 -1.156159 -4.332058 0.000000 0.000000 0.679743
0.559346 -0.309552 0.248631 2.806742 -1.156655 -4.331819 0.000000 0.000000 0.675425
0.559224 -0.309352 0.249155 2.805994 -1.157150 -4.331579 0.000000 0.000000 0.671108
0.559103 -0.309152 0.249680 2.805247 -1.157646 -4.331340 0.000000 0.000000 0.666790
0.558981 -0.308952 0.250204 2.804499 -1.158141 -4.331101 0.000000 0.000000 0.662473
0.558859 -0.308751 0.250728 2.803751 -1.158637 -4.330862 0.000000 0.000000 0.658155
0.558738 -0.308551 0.251252 2.803003 -1.159132 -4.330623 0.000000 0.000000 0.653838
0.558616 -0.308351 0.251776 2.802256 -1.159628 -4.330383 0.000000 0.000000 0.649520
0.558494 -0.308151 0.252301 2.801508 -1.160123 -4.330144 0.000000 0.000000 0.645203
0.558373 -0.307951 0.252825 2.800760 -1.160619 -4.329905 0.000000 0.000000 0.640885
0.558251 -0.307751 0.253349 2.800012 -1.161114 -4.329666 0.000000 0.000000 0.636568
0.558129 -0.307551 0.253873 2.799265 -1.161610 -4.329426 0.000000 0.000000 0.632250
0.558008 -0.307350 0.254397 2.798517 -1.162105 -4.329187 0.000000 0.000000 0.627932
0.557886 -0.307150 0.254922 2.797769 -1.162600 -4.328948 0.000000 0.000000 0.623615
0.557764 -0.306950 0.255446 2.797022 -1.163096 -4.328709 0.000000 0.000000 0.619297
0.557643 -0.306750 0.255970 2.796274 -1.163591 -4.328470 0.000000 0.000000 0.614980
0.557521 -0.306550 0.256494 2.795526 -1.164087 -4.328230 0.000000 0.000000 0.610662
0.557399 -0.306350 0.257018 2.794778 -1.164582 -4.327991 0.000000 0.000000 0.606345
0.557278 -0.306150 0.257543 2.794031 -1.165078 -4.327752 0.000000 0.000000 0.602027
0.557156 -0.305950 0.258067 2.793283 -1.165573 -4.327513 0.000000 0.000000 0.597710
0.557042 -0.305766 0.258557 2.792564 -1.165986 -4.327294 0.000000 0.000000 0.593811
0.556931 -0.305588 0.259035 2.791856 -1.166367 -4.327082 0.000000 0.000000 0.590067
0.556819 -0.305409 0.259513 2.791147 -1.166749 -4.326871 0.000000 0.000000 0.586323
0.556708 -0.305231 0.259991 2.790439 -1.167130 -4.326659 0.000000 0.000000 0.582580
0.556596 -0.305053 0.260469 2.789730 -1.167512 -4.326447 0.000000 0.000000 0.578836
0.556485 -0.304875 0.260947 2.789022 -1.167893 -4.326236 0.000000 0.000000 0.575092
0.556374 -0.304697 0.261425 2.788314 -1.168275 -4.326024 0.000000 0.000000 0.571348
0.556262 -0.304519 0.261903 2.787605 -1.168656 -4.325813 0.000000 0.000000 0.567604
0.556151 -0.304341 0.262381 2.786897 -1.169038 -4.325601 0.000000 0.000000 0.563860
0.556040 -0.304163 0.262859 2.786189 -1.169419 -4.325390 0.000000 0.000000 0.560116
0.555928 -0.303985 0.263337 2.785480 -1.169801 -4.325178 0.000000 0.000000 0.556372
0.555817 -0.303807 0.263815 2.784772 -1.170182 -4.324967 0.000000 0.000000 0.552628
0.555705 -0.303629 0.264292 2.784064 -1.170564 -4.324755 0.000000 0.000000 0.548884
0.555594 -0.303451 0.264770 2.783355 -1.170945 -4.324543 0.000000 0.000000 0.545140
0.555483 -0.303273 0.265248 2.782647 -1.171327 -4.324332 0.000000 0.000000 0.541396
0.555371 -0.303095 0.265726 2.781939 -1.171708 -4.324120 0.000000 0.000000 0.537652
0.555261 -0.302920 0.266197 2.781239 -1.172080 -4.323914 0.000000 0.000000 0.533970
0.555157 -0.302763 0.266633 2.780583 -1.172401 -4.323738 0.000000 0.000000 0.530620
0.555054 -0.302606 0.267068 2.779928 -1.172723 -4.323561 0.000000 0.000000 0.527270
0.554950 -0.302449 0.267503 2.779272 -1.173044 -4.323384 0.000000 0.000000 0.523919
0.554846 -0.302292 0.267938 2.778617 -1.173365 -4.323207 0.000000 0.000000 0.520569
0.554742 -0.302135 0.268373 2.777962 -1.173687 -4.323031 0.000000 0.000000 0.517219
0.554639 -0.301978 0.268808 2.777306 -1.174008 -4.322854 0.000000 0.000000 0.513869
0.554535 -0.301820 0.269244 2.776651 -1.174330 -4.322677 0.000000 0.000000 0.510518
0.554431 -0.301663 0.269679 2.775995 -1.174651 -4.322500 0.000000 0.000000 0.507168
0.554327 -0.301506 0.270114 2.775340 -1.174972 -4.322323 0.000000 0.000000 0.503818
0.554224 -0.301349 0.270549 2.774684 -1.175294 -4.322147 0.000000 0.000000 0.500468
0.554120 -0.301192 0.270984 2.774029 -1.175615 -4.321970 0.000000 0.000000 0.497117
0.554016 -0.301035 0.271419 2.773374 -1.175936 -4.321793 0.000000 0.000000 0.493767
0.553912 -0.300878 0.271855 2.772718 -1.176258 -4.321616 0.000000 0.000000 0.490417
0.553808 -0.300720 0.272290 2.772063 -1.176579 -4.321440 0.000000 0.000000 0.487066
0.553705 -0.300563 0.272725 2.771407 -1.176900 -4.321263 0.000000 0.000000 0.483716
0.553601 -0.300406 0.273160 2.770752 -1.177222 -4.321086 0.000000 0.000000 0.480366
0.553501 -0.300261 0.273569 2.770130 -1.177518 -4.320920 0.000000 0.000000 0.477725
0.553403 -0.300126 0.273961 2.769531 -1.177797 -4.320760 0.000000 0.000000 0.475587
0.553305 -0.299990 0.274352 2.768932 -1.178076 -4.320601 0.000000 0.000000 0.473450
0.553207 -0.299854 0.274743 2.768333 -1.178354 -4.320441 0.000000 0.000000 0.471313
0.553110 -0.299718 0.275135 2.767735 -1.178633 -4.320282 0.000000 0.000000 0.469175
0.553012 -0.299582 0.275526 2.767136 -1.178912 -4.320122 0.000000 0.000000 0.467038
0.552914 -0.299446 0.275917 2.766537 -1.179190 -4.319963 0.000000 0.000000 0.464901
0.552816 -0.299310 0.276308 2.765938 -1.179469 -4.319803 0.000000 0.000000 0.462763
0.552718 -0.299174 0.276700 2.765340 -1.179748 -4.319644 0.000000 0.000000 0.460626
0.552621 -0.299038 0.277091 2.764741 -1.180026 -4.319485 0.000000 0.000000 0.458489
0.552523 -0.298903 0.277482 2.764142 -1.180305 -4.319325 0.000000 0.000000 0.456352
0.552425 -0.298767 0.277874 2.763543 -1.180584 -4.319166 0.000000 0.000000 0.454214
0.552327 -0.298631 0.278265 2.762945 -1.180863 -4.319006 0.000000 0.000000 0.452077
0.552229 -0.298495 0.278656 2.762346 -1.181141 -4.318847 0.000000 0.000000 0.449940
0.552132 -0.298359 0.279047 2.761747 -1.181420 -4.318687 0.000000 0.000000 0.447802
0.552034 -0.298223 0.279439 2.761148 -1.181699 -4.318528 0.000000 0.000000 0.445665
0.551936 -0.298087 0.279830 2.760550 -1.181977 -4.318369 0.000000 0.000000 0.443528
0.551838 -0.297951 0.280221 2.759951 -1.182256 -4.318209 0.000000 0.000000 0.441390
0.551740 -0.297816 0.280612 2.759352 -1.182535 -4.318050 0.000000 0.000000 0.439253
0.551643 -0.297680 0.281004 2.758753 -1.182814 -4.317890 0.000000 0.000000 0.437116
0.551545 -0.297544 0.281395 2.758155 -1.183092 -4.317731 0.000000 0.000000 0.434978
0.551447 -0.297408 0.281786 2.757556 -1.183371 -4.317571 0.000000 0.000000 0.432841
0.551353 -0.297283 0.282154 2.756992 -1.183623 -4.317418 0.000000 0.000000 0.430831
0.551261 -0.297169 0.282497 2.756464 -1.183847 -4.317270 0.000000 0.000000 0.428956
0.551170 -0.297055 0.282840 2.755937 -1.184072 -4.317122 0.000000 0.000000 0.427080
0.551079 -0.296941 0.283183 2.755409 -1.184296 -4.316974 0.000000 0.000000 0.425204
0.550988 -0.296827 0.283526 2.754882 -1.184520 -4.316827 0.000000 0.000000 0.423329
0.550897 -0.296713 0.283869 2.754354 -1.184744 -4.316679 0.000000 0.000000 0.421453
0.550806 -0.296599 0.284212 2.753827 -1.184968 -4.316531 0.000000 0.000000 0.419577
0.550715 -0.296485 0.284555 2.753299 -1.185193 -4.316384 0.000000 0.000000 0.417701
0.550624 -0.296371 0.284898 2.752772 -1.185417 -4.316236 0.000000 0.000000 0.415826
0.550532 -0.296257 0.285241 2.752244 -1.185641 -4.316088 0.000000 0.000000 0.413950
0.550441 -0.296143 0.285584 2.751717 -1.185865 -4.315940 0.000000 0.000000 0.412074
0.550350 -0.296029 0.285927 2.751189 -1.186090 -4.315793 0.000000 0.000000 0.410199
0.550259 -0.295915 0.286270 2.750662 -1.186314 -4.315645 0.000000 0.000000 0.408323
0.550168 -0.295801 0.286614 2.750134 -1.186538 -4.315497 0.000000 0.000000 0.406447
0.550077 -0.295687 0.286957 2.749607 -1.186762 -4.315349 0.000000 0.000000 0.404571
0.549986 -0.295573 0.287300 2.749079 -1.186987 -4.315202 0.000000 0.000000 0.402696
0.549895 -0.295459 0.287643 2.748552 -1.187211 -4.315054 0.000000 0.000000 0.400820
0.549813 -0.295366 0.287937 2.748088 -1.187360 -4.314920 0.000000 0.000000 0.398614
0.549733 -0.295274 0.288227 2.747631 -1.187502 -4.314786 0.000000 0.000000 0.396377
0.549652 -0.295183 0.288517 2.747174 -1.187644 -4.314653 0.000000 0.000000 0.394140
0.549572 -0.295092 0.288807 2.746717 -1.187786 -4.314520 0.000000 0.000000 0.391903
0.549492 -0.295000 0.289097 2.746260 -1.187928 -4.314387 0.000000 0.000000 0.389666
0.549411 -0.294909 0.289387 2.745803 -1.188070 -4.314253 0.000000 0.000000 0.387429
0.549331 -0.294817 0.289677 2.745346 -1.188213 -4.314120 0.000000 0.000000 0.385192
0.549250 -0.294726 0.289967 2.744889 -1.188355 -4.313987 0.000000 0.000000 0.382956
0.549170 -0.294634 0.290258 2.744432 -1.188497 -4.313854 0.000000 0.000000 0.380719
0.549090 -0.294543 0.290548 2.743975 -1.188639 -4.313721 0.000000 0.000000 0.378482
0.549009 -0.294451 0.290838 2.743518 -1.188781 -4.313587 0.000000 0.000000 0.376245
0.548929 -0.294360 0.291128 2.743061 -1.188923 -4.313454 0.000000 0.000000 0.374008
0.548848 -0.294268 0.291418 2.742604 -1.189065 -4.313321 0.000000 0.000000 0.371771
0.548768 -0.294177 0.291708 2.742146 -1.189207 -4.313188 0.000000 0.000000 0.369534
0.548688 -0.294085 0.291998 2.741689 -1.189349 -4.313054 0.000000 0.000000 0.367297
0.548607 -0.293994 0.292288 2.741232 -1.189491 -4.312921 0.000000 0.000000 0.365060
0.548531 -0.293910 0.292559 2.740798 -1.189601 -4.312791 0.000000 0.000000 0.362859
0.548463 -0.293839 0.292795 2.740408 -1.189649 -4.312668 0.000000 0.000000 0.360725
0.548396 -0.293769 0.293031 2.740017 -1.189697 -4.312544 0.000000 0.000000 0.358591
0.548328 -0.293698 0.293267 2.739627 -1.189745 -4.312420 0.000000 0.000000 0.356457
0.548260 -0.293628 0.293503 2.739236 -1.189793 -4.312296 0.000000 0.000000 0.354323
0.548192 -0.293557 0.293739 2.738846 -1.189840 -4.312173 0.000000 0.000000 0.352189
0.548125 -0.293487 0.293975 2.738456 -1.189888 -4.312049 0.000000 0.000000 0.350055
0.548057 -0.293416 0.294211 2.738065 -1.189936 -4.311925 0.000000 0.000000 0.347921
0.547989 -0.293345 0.294447 2.737675 -1.189984 -4.311802 0.000000 0.000000 0.345787
0.547921 -0.293275 0.294683 2.737285 -1.190032 -4.311678 0.000000 0.000000 0.343653
0.547854 -0.293204 0.294919 2.736894 -1.190080 -4.311554 0.000000 0.000000 0.341519
0.547786 -0.293134 0.295155 2.736504 -1.190127 -4.311431 0.000000 0.000000 0.339385
0.547718 -0.293063 0.295391 2.736113 -1.190175 -4.311307 0.000000 0.000000 0.337251
0.547650 -0.292993 0.295627 2.735723 -1.190223 -4.311183 0.000000 0.000000 0.335117
0.547582 -0.292922 0.295863 2.735333 -1.190271 -4.311059 0.000000 0.000000 0.332983
0.547515 -0.292852 0.296099 2.734942 -1.190319 -4.310936 0.000000 0.000000 0.330849
0.547447 -0.292781 0.296335 2.734552 -1.190367 -4.310812 0.000000 0.000000 0.328715
0.547379 -0.292711 0.296571 2.734162 -1.190414 -4.310688 0.000000 0.000000 0.326581
0.547311 -0.292640 0.296807 2.733771 -1.190462 -4.310565 0.000000 0.000000 0.324447
0.547244 -0.292570 0.297043 2.733381 -1.190510 -4.310441 0.000000 0.000000 0.322313
0.547176 -0.292499 0.297279 2.732990 -1.190558 -4.310317 0.000000 0.000000 0.320179
0.547108 -0.292428 0.297515 2.732600 -1.190606 -4.310194 0.000000 0.000000 0.318045
0.547044 -0.292362 0.297740 2.732225 -1.190637 -4.310074 0.000000 0.000000 0.315865
0.546988 -0.292309 0.297930 2.731895 -1.190615 -4.309966 0.000000 0.000000 0.313544
0.546933 -0.292255 0.298120 2.731566 -1.190594 -4.309858 0.000000 0.000000 0.311223
0.546878 -0.292202 0.298310 2.731237 -1.190573 -4.309751 0.000000 0.000000 0.308903
0.546823 -0.292149 0.298500 2.730907 -1.190552 -4.309643 0.000000 0.000000 0.306582
0.546768 -0.292095 0.298690 2.730578 -1.190531 -4.309536 0.000000 0.000000 0.304261
0.546713 -0.292042 0.298880 2.730249 -1.190509 -4.309428 0.000000 0.000000 0.301940
0.546658 -0.291989 0.299070 2.729919 -1.190488 -4.309320 0.000000 0.000000 0.299619
0.546603 -0.291935 0.299260 2.729590 -1.190467 -4.309213 0.000000 0.000000 0.297298
0.546548 -0.291882 0.299450 2.729261 -1.190446 -4.309105 0.000000 0.000000 0.294977
0.546493 -0.291828 0.299640 2.728931 -1.190425 -4.308997 0.000000 0.000000 0.292656
0.546438 -0.291775 0.299831 2.728602 -1.190403 -4.308890 0.000000 0.000000 0.290335
0.546383 -0.291722 0.300021 2.728273 -1.190382 -4.308782 0.000000 0.000000 0.288014
0.546328 -0.291668 0.300211 2.727943 -1.190361 -4.308674 0.000000 0.000000 0.285693
0.546273 -0.291615 0.300401 2.727614 -1.190340 -4.308567 0.000000 0.000000 0.283372
0.546218 -0.291562 0.300591 2.727285 -1.190319 -4.308459 0.000000 0.000000 0.281052
0.546163 -0.291508 0.300781 2.726956 -1.190297 -4.308351 0.000000 0.000000 0.278731
0.546115 -0.291465 0.300944 2.726664 -1.190237 -4.308244 0.000000 0.000000 0.276902
0.546069 -0.291427 0.301094 2.726392 -1.190157 -4.308136 0.000000 0.000000 0.275315
0.546024 -0.291390 0.301244 2.726120 -1.190077 -4.308028 0.000000 0.000000 0.273727
0.545978 -0.291352 0.301394 2.725848 -1.189997 -4.307921 0.000000 0.000000 0.272140
0.545933 -0.291314 0.301544 2.725575 -1.189918 -4.307813 0.000000 0.000000 0.270552
0.545888 -0.291276 0.301694 2.725303 -1.189838 -4.307705 0.000000 0.000000 0.268965
0.545842 -0.291238 0.301844 2.725031 -1.189758 -4.307598 0.000000 0.000000 0.267377
0.545797 -0.291200 0.301994 2.724758 -1.189678 -4.307490 0.000000 0.000000 0.265790
0.545752 -0.291162 0.302144 2.724486 -1.189598 -4.307382 0.000000 0.000000 0.264202
0.545706 -0.291124 0.302294 2.724214 -1.189519 -4.307275 0.000000 0.000000 0.262615
0.545661 -0.291086 0.302444 2.723942 -1.189439 -4.307167 0.000000 0.000000 0.261027
0.545615 -0.291048 0.302595 2.723669 -1.189359 -4.307059 0.000000 0.000000 0.259440
0.545570 -0.291011 0.302745 2.723397 -1.189279 -4.306952 0.000000 0.000000 0.257853
0.545525 -0.290973 0.302895 2.723125 -1.189199 -4.306844 0.000000 0.000000 0.256265
0.545479 -0.290935 0.303045 2.722852 -1.189119 -4.306736 0.000000 0.000000 0.254678
0.545434 -0.290897 0.303195 2.722580 -1.189040 -4.306629 0.000000 0.000000 0.253090
0.545389 -0.290860 0.303341 2.722313 -1.188955 -4.306520 0.000000 0.000000 0.251498
0.545351 -0.290835 0.303457 2.722090 -1.188822 -4.306398 0.000000 0.000000 0.249866
0.545312 -0.290809 0.303573 2.721868 -1.188689 -4.306276 0.000000 0.000000 0.248234
0.545274 -0.290784 0.303689 2.721645 -1.188556 -4.306154 0.000000 0.000000 0.246602
0.545236 -0.290759 0.303805 2.721422 -1.188423 -4.306032 0.000000 0.000000 0.244970
0.545197 -0.290733 0.303921 2.721200 -1.188290 -4.305910 0.000000 0.000000 0.243338
0.545159 -0.290708 0.304037 2.720977 -1.188157 -4.305788 0.000000 0.000000 0.241706
0.545121 -0.290682 0.304153 2.720755 -1.188024 -4.305666 0.000000 0.000000 0.240074
0.545082 -0.290657 0.304269 2.720532 -1.187891 -4.305544 0.000000 0.000000 0.238442
0.545044 -0.290632 0.304385 2.720310 -1.187758 -4.305422 0.000000 0.000000 0.236810
0.545006 -0.290606 0.304501 2.720087 -1.187625 -4.305300 0.000000 0.000000 0.235179
0.544967 -0.290581 0.304617 2.719864 -1.187492 -4.305178 0.000000 0.000000 0.233547
0.544929 -0.290556 0.304733 2.719642 -1.187359 -4.305056 0.000000 0.000000 0.231915
0.544891 -0.290530 0.304849 2.719419 -1.187226 -4.304934 0.000000 0.000000 0.230283
0.544852 -0.290505 0.304965 2.719197 -1.187093 -4.304812 0.000000 0.000000 0.228651
0.544814 -0.290479 0.305080 2.718974 -1.186960 -4.304690 0.000000 0.000000 0.227019
0.544776 -0.290454 0.305196 2.718751 -1.186827 -4.304568 0.000000 0.000000 0.225387
0.544737 -0.290429 0.305312 2.718529 -1.186694 -4.304446 0.000000 0.000000 0.223755
0.544699 -0.290403 0.305428 2.718306 -1.186561 -4.304324 0.000000 0.000000 0.222123
0.544661 -0.290378 0.305544 2.718084 -1.186428 -4.304202 0.000000 0.000000 0.220491
0.544622 -0.290352 0.305660 2.717861 -1.186295 -4.304080 0.000000 0.000000 0.218859
0.544584 -0.290327 0.305776 2.717639 -1.186162 -4.303958 0.000000 0.000000 0.217227
0.544546 -0.290302 0.305892 2.717416 -1.186029 -4.303836 0.000000 0.000000 0.215595
0.544516 -0.290286 0.305980 2.717234 -1.185834 -4.303700 0.000000 0.000000 0.214037
0.544486 -0.290271 0.306067 2.717052 -1.185639 -4.303564 0.000000 0.000000 0.212479
0.544456 -0.290256 0.306155 2.716869 -1.185444 -4.303427 0.000000 0.000000 0.210921
0.544426 -0.290240 0.306242 2.716687 -1.185249 -4.303291 0.000000 0.000000 0.209363
0.544396 -0.290225 0.306330 2.716505 -1.185054 -4.303155 0.000000 0.000000 0.207806
0.544366 -0.290209 0.306417 2.716323 -1.184859 -4.303019 0.000000 0.000000 0.206248
0.544336 -0.290194 0.306505 2.716140 -1.184664 -4.302882 0.000000 0.000000 0.204690
0.544306 -0.290179 0.306593 2.715958 -1.184469 -4.302746 0.000000 0.000000 0.203132
0.544276 -0.290163 0.306680 2.715776 -1.184274 -4.302610 0.000000 0.000000 0.201574
0.544246 -0.290148 0.306768 2.715594 -1.184079 -4.302474 0.000000 0.000000 0.200016
0.544217 -0.290133 0.306855 2.715411 -1.183884 -4.302337 0.000000 0.000000 0.198458
0.544187 -0.290117 0.306943 2.715229 -1.183689 -4.302201 0.000000 0.000000 0.196901
0.544157 -0.290102 0.307030 2.715047 -1.183494 -4.302065 0.000000 0.000000 0.195343
0.544127 -0.290086 0.307118 2.714865 -1.183299 -4.301929 0.000000 0.000000 0.193785
0.544097 -0.290071 0.307205 2.714683 -1.183104 -4.301792 0.000000 0.000000 0.192227
0.544067 -0.290056 0.307293 2.714500 -1.182909 -4.301656 0.000000 0.000000 0.190669
0.544040 -0.290043 0.307371 2.714325 -1.182688 -4.301512 0.000000 0.000000 0.189214
0.544017 -0.290035 0.307438 2.714158 -1.182432 -4.301357 0.000000 0.000000 0.187897
0.543994 -0.290026 0.307504 2.713992 -1.182177 -4.301202 0.000000 0.000000 0.186579
0.543972 -0.290017 0.307570 2.713825 -1.181922 -4.301046 0.000000 0.000000 0.185261
0.543949 -0.290009 0.307636 2.713658 -1.181666 -4.300891 0.000000 0.000000 0.183944
0.543926 -0.290000 0.307702 2.713492 -1.181411 -4.300736 0.000000 0.000000 0.182626
0.543903 -0.289992 0.307768 2.713325 -1.181155 -4.300581 0.000000 0.000000 0.181309
0.543880 -0.289983 0.307835 2.713158 -1.180900 -4.300426 0.000000 0.000000 0.179991
0.543857 -0.289974 0.307901 2.712992 -1.180644 -4.300271 0.000000 0.000000 0.178673
0.543835 -0.289966 0.307967 2.712825 -1.180389 -4.300115 0.000000 0.000000 0.177356
0.543812 -0.289957 0.308033 2.712658 -1.180134 -4.299960 0.000000 0.000000 0.176038
0.543789 -0.289948 0.308099 2.712492 -1.179878 -4.299805 0.000000 0.000000 0.174720
0.543766 -0.289940 0.308165 2.712325 -1.179623 -4.299650 0.000000 0.000000 0.173403
0.543743 -0.289931 0.308232 2.712159 -1.179367 -4.299495 0.000000 0.000000 0.172085
0.543721 -0.289923 0.308298 2.711992 -1.179112 -4.299340 0.000000 0.000000 0.170768
0.543698 -0.289914 0.308364 2.711825 -1.178856 -4.299184 0.000000 0.000000 0.169450
0.543675 -0.289905 0.308430 2.711659 -1.178601 -4.299029 0.000000 0.000000 0.168132
0.543657 -0.289901 0.308483 2.711501 -1.178298 -4.298850 0.000000 0.000000 0.167017
0.543639 -0.289898 0.308534 2.711345 -1.177987 -4.298666 0.000000 0.000000 0.165935
0.543622 -0.289894 0.308585 2.711189 -1.177675 -4.298483 0.000000 0.000000 0.164854
0.543605 -0.289891 0.308636 2.711032 -1.177364 -4.298299 0.000000 0.000000 0.163772
0.543588 -0.289887 0.308687 2.710876 -1.177053 -4.298116 0.000000 0.000000 0.162691
0.543570 -0.289884 0.308738 2.710720 -1.176742 -4.297932 0.000000 0.000000 0.161609
0.543553 -0.289880 0.308789 2.710564 -1.176431 -4.297749 0.000000 0.000000 0.160528
0.543536 -0.289877 0.308839 2.710408 -1.176119 -4.297566 0.000000 0.000000 0.159447
0.543518 -0.289874 0.308890 2.710251 -1.175808 -4.297382 0.000000 0.000000 0.158365
0.543501 -0.289870 0.308941 2.710095 -1.175497 -4.297199 0.000000 0.000000 0.157284
0.543484 -0.289867 0.308992 2.709939 -1.175186 -4.297015 0.000000 0.000000 0.156202
0.543466 -0.289863 0.309043 2.709783 -1.174875 -4.296832 0.000000 0.000000 0.155121
0.543449 -0.289860 0.309094 2.709627 -1.174563 -4.296648 0.000000 0.000000 0.154039
0.543432 -0.289856 0.309145 2.709470 -1.174252 -4.296465 0.000000 0.000000 0.152958
0.543414 -0.289853 0.309196 2.709314 -1.173941 -4.296281 0.000000 0.000000 0.151876
0.543397 -0.289850 0.309247 2.709158 -1.173630 -4.296098 0.000000 0.000000 0.150795
0.543380 -0.289846 0.309297 2.709002 -1.173319 -4.295914 0.000000 0.000000 0.149713
0.543362 -0.289843 0.309348 2.708846 -1.173007 -4.295731 0.000000 0.000000 0.148632
0.543345 -0.289839 0.309399 2.708689 -1.172696 -4.295547 0.000000 0.000000 0.147550
0.543328 -0.289836 0.309450 2.708533 -1.172385 -4.295364 0.000000 0.000000 0.146469
0.543311 -0.289832 0.309501 2.708377 -1.172074 -4.295180 0.000000 0.000000 0.145387
0.543293 -0.289829 0.309552 2.708221 -1.171763 -4.294997 0.000000 0.000000 0.144306
0.543279 -0.289829 0.309593 2.708074 -1.171395 -4.294789 0.000000 0.000000 0.143201
0.543266 -0.289830 0.309631 2.707931 -1.171010 -4.294574 0.000000 0.000000 0.142089
0.543253 -0.289831 0.309669 2.707787 -1.170625 -4.294359 0.000000 0.000000 0.140977
0.543239 -0.289832 0.309707 2.707644 -1.170240 -4.294144 0.000000 0.000000 0.139865
0.543226 -0.289833 0.309745 2.707500 -1.169855 -4.293929 0.000000 0.000000 0.138753
0.543213 -0.289834 0.309783 2.707357 -1.169470 -4.293714 0.000000 0.000000 0.137641
0.543200 -0.289835 0.309820 2.707213 -1.169085 -4.293499 0.000000 0.000000 0.136529
0.543187 -0.289836 0.309858 2.707070 -1.168699 -4.293284 0.000000 0.000000 0.135417
0.543173 -0.289837 0.309896 2.706926 -1.168314 -4.293069 0.000000 0.000000 0.134305
0.543160 -0.289838 0.309934 2.706783 -1.167929 -4.292854 0.000000 0.000000 0.133193
0.543147 -0.289839 0.309972 2.706639 -1.167544 -4.292639 0.000000 0.000000 0.132081
0.543134 -0.289840 0.310010 2.706496 -1.167159 -4.292424 0.000000 0.000000 0.130969
0.543121 -0.289841 0.310048 2.706352 -1.166774 -4.292208 0.000000 0.000000 0.129857
0.543107 -0.289842 0.310086 2.706209 -1.166389 -4.291993 0.000000 0.000000 0.128745
0.543094 -0.289844 0.310124 2.706065 -1.166003 -4.291778 0.000000 0.000000 0.127633
0.543081 -0.289845 0.310162 2.705922 -1.165618 -4.291563 0.000000 0.000000 0.126520
0.543069 -0.289846 0.310198 2.705778 -1.165223 -4.291343 0.000000 0.000000 0.125415
0.543061 -0.289850 0.310229 2.705629 -1.164781 -4.291102 0.000000 0.000000 0.124341
0.543054 -0.289854 0.310260 2.705481 -1.164339 -4.290861 0.000000 0.000000 0.123267
0.543047 -0.289859 0.310291 2.705333 -1.163897 -4.290620 0.000000 0.000000 0.122192
0.543039 -0.289863 0.310322 2.705185 -1.163455 -4.290379 0.000000 0.000000 0.121118
0.543032 -0.289867 0.310353 2.705037 -1.163014 -4.290137 0.000000 0.000000 0.120044
0.543025 -0.289871 0.310384 2.704888 -1.162572 -4.289896 0.000000 0.000000 0.118969
0.543017 -0.289875 0.310415 2.704740 -1.162130 -4.289655 0.000000 0.000000 0.117895
0.543010 -0.289879 0.310446 2.704592 -1.161688 -4.289414 0.000000 0.000000 0.116820
0.543003 -0.289883 0.310477 2.704444 -1.161246 -4.289173 0.000000 0.000000 0.115746
0.542995 -0.289888 0.310507 2.704296 -1.160804 -4.288932 0.000000 0.000000 0.114672
0.542988 -0.289892 0.310538 2.704147 -1.160363 -4.288690 0.000000 0.000000 0.113597
0.542981 -0.289896 0.310569 2.703999 -1.159921 -4.288449 0.000000 0.000000 0.112523
0.542973 -0.289900 0.310600 2.703851 -1.159479 -4.288208 0.000000 0.000000 0.111449
0.542966 -0.289904 0.310631 2.703703 -1.159037 -4.287967 0.000000 0.000000 0.110374
0.542959 -0.289908 0.310662 2.703555 -1.158595 -4.287726 0.000000 0.000000 0.109300
0.542951 -0.289912 0.310693 2.703407 -1.158154 -4.287485 0.000000 0.000000 0.108225
0.542946 -0.289918 0.310720 2.703258 -1.157671 -4.287220 0.000000 0.000000 0.107834
0.542942 -0.289924 0.310745 2.703110 -1.157164 -4.286941 0.000000 0.000000 0.107874
0.542938 -0.289931 0.310770 2.702963 -1.156656 -4.286662 0.000000 0.000000 0.107915
0.542934 -0.289937 0.310795 2.702815 -1.156149 -4.286382 0.000000 0.000000 0.107956
0.542930 -0.289944 0.310820 2.702667 -1.155641 -4.286103 0.000000 0.000000 0.107996
0.542926 -0.289950 0.310845 2.702519 -1.155134 -4.285824 0.000000 0.000000 0.108037
0.542922 -0.289957 0.310870 2.702371 -1.154626 -4.285544 0.000000 0.000000 0.108078
0.542918 -0.289963 0.310895 2.702223 -1.154118 -4.285265 0.000000 0.000000 0.108119
0.542913 -0.289969 0.310920 2.702075 -1.153611 -4.284986 0.000000 0.000000 0.108159
0.542909 -0.289976 0.310945 2.701927 -1.153103 -4.284707 0.000000 0.000000 0.108200
0.542905 -0.289982 0.310970 2.701779 -1.152596 -4.284427 0.000000 0.000000 0.108241
0.542901 -0.289989 0.310995 2.701631 -1.152088 -4.284148 0.000000 0.000000 0.108281
0.542897 -0.289995 0.311020 2.701483 -1.151580 -4.283869 0.000000 0.000000 0.108322
0.542893 -0.290002 0.311045 2.701335 -1.151073 -4.283590 0.000000 0.000000 0.108363
0.542889 -0.290008 0.311070 2.701187 -1.150565 -4.283310 0.000000 0.000000 0.108403
0.542885 -0.290014 0.311095 2.701039 -1.150058 -4.283031 0.000000 0.000000 0.108444
0.542881 -0.290021 0.311120 2.700891 -1.149550 -4.282752 0.000000 0.000000 0.108485
0.542877 -0.290027 0.311145 2.700743 -1.149043 -4.282472 0.000000 0.000000 0.108525
0.542873 -0.290034 0.311170 2.700595 -1.148535 -4.282193 0.000000 0.000000 0.108566
0.542869 -0.290040 0.311195 2.700447 -1.148027 -4.281914 0.000000 0.000000 0.108607
0.542865 -0.290047 0.311220 2.700299 -1.147520 -4.281635 0.000000 0.000000 0.108648
0.542861 -0.290053 0.311245 2.700151 -1.147012 -4.281355 0.000000 0.000000 0.108688
0.542858 -0.290061 0.311268 2.699998 -1.146467 -4.281052 0.000000 0.000000 0.108802
0.542856 -0.290069 0.311290 2.699839 -1.145886 -4.280727 0.000000 0.000000 0.108984
0.542854 -0.290078 0.311311 2.699681 -1.145305 -4.280402 0.000000 0.000000 0.109167
0.542852 -0.290087 0.311332 2.699523 -1.144724 -4.280077 0.000000 0.000000 0.109349
0.542850 -0.290096 0.311354 2.699364 -1.144144 -4.279751 0.000000 0.000000 0.109532
0.542848 -0.290104 0.311375 2.699206 -1.143563 -4.279426 0.000000 0.000000 0.109714
0.542847 -0.290113 0.311396 2.699047 -1.142982 -4.279101 0.000000 0.000000 0.109897
0.542845 -0.290122 0.311418 2.698889 -1.142401 -4.278776 0.000000 0.000000 0.110079
0.542843 -0.290130 0.311439 2.698731 -1.141820 -4.278450 0.000000 0.000000 0.110262
0.542841 -0.290139 0.311460 2.698572 -1.141239 -4.278125 0.000000 0.000000 0.110444
0.542839 -0.290148 0.311481 2.698414 -1.140659 -4.277800 0.000000 0.000000 0.110627
0.542837 -0.290156 0.311503 2.698256 -1.140078 -4.277474 0.000000 0.000000 0.110809
0.542835 -0.290165 0.311524 2.698097 -1.139497 -4.277149 0.000000 0.000000 0.110992
0.542833 -0.290174 0.311545 2.697939 -1.138916 -4.276824 0.000000 0.000000 0.111174
0.542832 -0.290183 0.311567 2.697780 -1.138335 -4.276499 0.000000 0.000000 0.111357
0.542830 -0.290191 0.311588 2.697622 -1.137754 -4.276173 0.000000 0.000000 0.111539
0.542828 -0.290200 0.311609 2.697464 -1.137174 -4.275848 0.000000 0.000000 0.111722
0.542829 -0.290209 0.311628 2.697295 -1.136520 -4.275479 0.000000 0.000000 0.111988
0.542831 -0.290219 0.311646 2.697126 -1.135863 -4.275107 0.000000 0.000000 0.112260
0.542832 -0.290228 0.311665 2.696957 -1.135205 -4.274735 0.000000 0.000000 0.112532
0.542834 -0.290238 0.311683 2.696788 -1.134547 -4.274363 0.000000 0.000000 0.112804
0.542835 -0.290247 0.311702 2.696619 -1.133889 -4.273991 0.000000 0.000000 0.113075
0.542837 -0.290256 0.311720 2.696450 -1.133231 -4.273619 0.000000 0.000000 0.113347
0.542839 -0.290266 0.311738 2.696281 -1.132574 -4.273247 0.000000 0.000000 0.113619
0.542840 -0.290275 0.311757 2.696112 -1.131916 -4.272875 0.000000 0.000000 0.113891
0.542842 -0.290285 0.311775 2.695943 -1.131258 -4.272503 0.000000 0.000000 0.114162
0.542843 -0.290294 0.311794 2.695774 -1.130600 -4.272131 0.000000 0.000000 0.114434
0.542845 -0.290304 0.311812 2.695605 -1.129943 -4.271759 0.000000 0.000000 0.114706
0.542846 -0.290313 0.311830 2.695436 -1.129285 -4.271387 0.000000 0.000000 0.114978
0.542848 -0.290322 0.311849 2.695267 -1.128627 -4.271015 0.000000 0.000000 0.115249
0.542850 -0.290332 0.311867 2.695098 -1.127969 -4.270643 0.000000 0.000000 0.115521
0.542851 -0.290341 0.311886 2.694929 -1.127312 -4.270271 0.000000 0.000000 0.115793
0.542853 -0.290351 0.311904 2.694760 -1.126654 -4.269899 0.000000 0.000000 0.116065
0.542855 -0.290361 0.311921 2.694591 -1.125963 -4.269507 0.000000 0.000000 0.116054
0.542859 -0.290371 0.311936 2.694423 -1.125214 -4.269081 0.000000 0.000000 0.115561
0.542862 -0.290382 0.311951 2.694256 -1.124465 -4.268655 0.000000 0.000000 0.115068
0.542866 -0.290393 0.311965 2.694088 -1.123717 -4.268230 0.000000 0.000000 0.114574
0.542869 -0.290403 0.311980 2.693920 -1.122968 -4.267804 0.000000 0.000000 0.114081
0.542873 -0.290414 0.311995 2.693752 -1.122219 -4.267378 0.000000 0.000000 0.113588
0.542876 -0.290425 0.312010 2.693584 -1.121471 -4.266952 0.000000 0.000000 0.113094
0.542880 -0.290435 0.312024 2.693416 -1.120722 -4.266526 0.000000 0.000000 0.112601
0.542883 -0.290446 0.312039 2.693248 -1.119974 -4.266101 0.000000 0.000000 0.112108
0.542887 -0.290457 0.312054 2.693081 -1.119225 -4.265675 0.000000 0.000000 0.111615
0.542890 -0.290467 0.312069 2.692913 -1.118476 -4.265249 0.000000 0.000000 0.111121
0.542894 -0.290478 0.312084 2.692745 -1.117728 -4.264823 0.000000 0.000000 0.110628
0.542898 -0.290489 0.312098 2.692577 -1.116979 -4.264398 0.000000 0.000000 0.110135
0.542901 -0.290499 0.312113 2.692409 -1.116231 -4.263972 0.000000 0.000000 0.109641
0.542905 -0.290510 0.312128 2.692241 -1.115482 -4.263546 0.000000 0.000000 0.109148
0.542908 -0.290521 0.312143 2.692074 -1.114733 -4.263120 0.000000 0.000000 0.108655
0.542912 -0.290531 0.312157 2.691906 -1.113985 -4.262695 0.000000 0.000000 0.108162
0.542915 -0.290542 0.312172 2.691738 -1.113236 -4.262269 0.000000 0.000000 0.107668
0.542919 -0.290553 0.312187 2.691570 -1.112487 -4.261843 0.000000 0.000000 0.107175
0.542922 -0.290564 0.312202 2.691402 -1.111739 -4.261417 0.000000 0.000000 0.106682
0.542926 -0.290574 0.312216 2.691234 -1.110990 -4.260992 0.000000 0.000000 0.106188
0.542929 -0.290585 0.312231 2.691067 -1.110242 -4.260566 0.000000 0.000000 0.105695
0.542934 -0.290596 0.312245 2.690896 -1.109470 -4.260126 0.000000 0.000000 0.105206
0.542940 -0.290606 0.312257 2.690720 -1.108635 -4.259649 0.000000 0.000000 0.104726
0.542945 -0.290617 0.312269 2.690544 -1.107800 -4.259171 0.000000 0.000000 0.104247
0.542951 -0.290628 0.312280 2.690368 -1.106965 -4.258694 0.000000 0.000000 0.103768
0.542957 -0.290638 0.312292 2.690192 -1.106130 -4.258216 0.000000 0.000000 0.103288
0.542963 -0.290649 0.312304 2.690016 -1.105295 -4.257739 0.000000 0.000000 0.102809
0.542969 -0.290660 0.312316 2.689839 -1.104460 -4.257262 0.000000 0.000000 0.102330
0.542975 -0.290670 0.312328 2.689663 -1.103625 -4.256784 0.000000 0.000000 0.101850
0.542981 -0.290681 0.312339 2.689487 -1.102790 -4.256307 0.000000 0.000000 0.101371
0.542987 -0.290692 0.312351 2.689311 -1.101955 -4.255830 0.000000 0.000000 0.100892
0.542993 -0.290703 0.312363 2.689135 -1.101120 -4.255352 0.000000 0.000000 0.100412
0.542999 -0.290713 0.312375 2.688959 -1.100285 -4.254875 0.000000 0.000000 0.099933
0.543005 -0.290724 0.312386 2.688783 -1.099450 -4.254397 0.000000 0.000000 0.099454
0.543011 -0.290735 0.312398 2.688606 -1.098615 -4.253920 0.000000 0.000000 0.098975
0.543017 -0.290745 0.312410 2.688430 -1.097780 -4.253443 0.000000 0.000000 0.098495
0.543022 -0.290756 0.312422 2.688254 -1.096945 -4.252965 0.000000 0.000000 0.098016
0.543028 -0.290767 0.312434 2.688078 -1.096110 -4.252488 0.000000 0.000000 0.097537
0.543035 -0.290778 0.312444 2.687903 -1.095216 -4.251974 0.000000 0.000000 0.097075
0.543043 -0.290788 0.312453 2.687729 -1.094296 -4.251445 0.000000 0.000000 0.096622
0.543050 -0.290799 0.312463 2.687555 -1.093376 -4.250915 0.000000 0.000000 0.096169
0.543058 -0.290810 0.312473 2.687381 -1.092457 -4.250386 0.000000 0.000000 0.095716
0.543066 -0.290821 0.312482 2.687207 -1.091537 -4.249856 0.000000 0.000000 0.095262
0.543073 -0.290832 0.312492 2.687033 -1.090618 -4.249327 0.000000 0.000000 0.094809
0.543081 -0.290842 0.312502 2.686859 -1.089698 -4.248797 0.000000 0.000000 0.094356
0.543088 -0.290853 0.312511 2.686685 -1.088779 -4.248268 0.000000 0.000000 0.093902
0.543096 -0.290864 0.312521 2.686511 -1.087859 -4.247739 0.000000 0.000000 0.093449
0.543103 -0.290875 0.312530 2.686337 -1.086939 -4.247209 0.000000 0.000000 0.092996
0.543111 -0.290886 0.312540 2.686164 -1.086020 -4.246680 0.000000 0.000000 0.092543
0.543118 -0.290896 0.312550 2.685990 -1.085100 -4.246150 0.000000 0.000000 0.092089
0.543126 -0.290907 0.312559 2.685816 -1.084181 -4.245621 0.000000 0.000000 0.091636
0.543133 -0.290918 0.312569 2.685642 -1.083261 -4.245091 0.000000 0.000000 0.091183
0.543141 -0.290929 0.312579 2.685468 -1.082342 -4.244562 0.000000 0.000000 0.090729
0.543148 -0.290940 0.312588 2.685294 -1.081422 -4.244032 0.000000 0.000000 0.090276
0.543156 -0.290951 0.312597 2.685120 -1.080490 -4.243495 0.000000 0.000000 0.089768
0.543165 -0.290964 0.312605 2.684944 -1.079471 -4.242905 0.000000 0.000000 0.088880
0.543175 -0.290978 0.312612 2.684769 -1.078452 -4.242314 0.000000 0.000000 0.087991
0.543184 -0.290991 0.312619 2.684594 -1.077434 -4.241723 0.000000 0.000000 0.087103
0.543193 -0.291005 0.312626 2.684419 -1.076415 -4.241133 0.000000 0.000000 0.086215
0.543202 -0.291018 0.312633 2.684244 -1.075396 -4.240542 0.000000 0.000000 0.085327
0.543211 -0.291032 0.312640 2.684069 -1.074377 -4.239952 0.000000 0.000000 0.084439
0.543221 -0.291045 0.312647 2.683894 -1.073359 -4.239361 0.000000 0.000000 0.083550
0.543230 -0.291059 0.312654 2.683718 -1.072340 -4.238770 0.000000 0.000000 0.082662
0.543239 -0.291073 0.312662 2.683543 -1.071321 -4.238180 0.000000 0.000000 0.081774
0.543248 -0.291086 0.312669 2.683368 -1.070302 -4.237589 0.000000 0.000000 0.080886
0.543258 -0.291100 0.312676 2.683193 -1.069284 -4.236998 0.000000 0.000000 0.079997
0.543267 -0.291113 0.312683 2.683018 -1.068265 -4.236408 0.000000 0.000000 0.079109
0.543276 -0.291127 0.312690 2.682843 -1.067246 -4.235817 0.000000 0.000000 0.078221
0.543285 -0.291140 0.312697 2.682668 -1.066227 -4.235227 0.000000 0.000000 0.077333
0.543295 -0.291154 0.312704 2.682492 -1.065208 -4.234636 0.000000 0.000000 0.076444
0.543304 -0.291167 0.312711 2.682317 -1.064190 -4.234045 0.000000 0.000000 0.075556
0.543313 -0.291181 0.312719 2.682142 -1.063171 -4.233455 0.000000 0.000000 0.074668
0.543322 -0.291194 0.312726 2.681967 -1.062152 -4.232864 0.000000 0.000000 0.073780
0.543331 -0.291208 0.312733 2.681792 -1.061133 -4.232273 0.000000 0.000000 0.072891
0.543341 -0.291221 0.312740 2.681617 -1.060115 -4.231683 0.000000 0.000000 0.072003
0.543350 -0.291235 0.312747 2.681442 -1.059096 -4.231092 0.000000 0.000000 0.071115
0.543359 -0.291249 0.312754 2.681266 -1.058075 -4.230500 0.000000 0.000000 0.070213
0.543370 -0.291263 0.312760 2.681089 -1.056979 -4.229858 0.000000 0.000000 0.068836
0.543380 -0.291277 0.312767 2.680911 -1.055882 -4.229216 0.000000 0.000000 0.067460
0.543391 -0.291292 0.312773 2.680733 -1.054786 -4.228575 0.000000 0.000000 0.066083
0.543402 -0.291306 0.312779 2.680556 -1.053690 -4.227933 0.000000 0.000000 0.064706
0.543412 -0.291321 0.312785 2.680378 -1.052594 -4.227291 0.000000 0.000000 0.063330
0.543423 -0.291335 0.312791 2.680200 -1.051498 -4.226649 0.000000 0.000000 0.061953
0.543434 -0.291350 0.312798 2.680022 -1.050401 -4.226008 0.000000 0.000000 0.060576
0.543444 -0.291364 0.312804 2.679845 -1.049305 -4.225366 0.000000 0.000000 0.059200
0.543455 -0.291379 0.312810 2.679667 -1.048209 -4.224724 0.000000 0.000000 0.057823
0.543465 -0.291393 0.312816 2.679489 -1.047113 -4.224082 0.000000 0.000000 0.056447
0.543476 -0.291408 0.312822 2.679312 -1.046017 -4.223440 0.000000 0.000000 0.055070
0.543487 -0.291422 0.312829 2.679134 -1.044920 -4.222799 0.000000 0.000000 0.053693
0.543497 -0.291437 0.312835 2.678956 -1.043824 -4.222157 0.000000 0.000000 0.052317
0.543508 -0.291451 0.312841 2.678778 -1.042728 -4.221515 0.000000 0.000000 0.050940
0.543519 -0.291466 0.312847 2.678601 -1.041632 -4.220873 0.000000 0.000000 0.049564
0.543529 -0.291480 0.312853 2.678423 -1.040535 -4.220232 0.000000 0.000000 0.048187
0.543540 -0.291495 0.312859 2.678249 -1.039410 -4.219566 0.000000 0.000000 0.046745
0.543550 -0.291509 0.312865 2.678078 -1.038251 -4.218873 0.000000 0.000000 0.045223
0.543561 -0.291523 0.312870 2.677907 -1.037091 -4.218180 0.000000 0.000000 0.043702
0.543571 -0.291538 0.312876 2.677736 -1.035932 -4.217486 0.000000 0.000000 0.042181
0.543582 -0.291552 0.312881 2.677566 -1.034772 -4.216793 0.000000 0.000000 0.040660
0.543593 -0.291566 0.312887 2.677395 -1.033613 -4.216100 0.000000 0.000000 0.039139
0.543603 -0.291580 0.312892 2.677224 -1.032453 -4.215406 0.000000 0.000000 0.037617
0.543614 -0.291595 0.312898 2.677053 -1.031293 -4.214713 0.000000 0.000000 0.036096
0.543624 -0.291609 0.312903 2.676883 -1.030134 -4.214020 0.000000 0.000000 0.034575
0.543635 -0.291623 0.312908 2.676712 -1.028974 -4.213326 0.000000 0.000000 0.033054
0.543645 -0.291637 0.312914 2.676541 -1.027815 -4.212633 0.000000 0.000000 0.031533
0.543656 -0.291652 0.312919 2.676370 -1.026655 -4.211939 0.000000 0.000000 0.030011
0.543667 -0.291666 0.312925 2.676200 -1.025496 -4.211246 0.000000 0.000000 0.028490
0.543677 -0.291680 0.312930 2.676029 -1.024336 -4.210553 0.000000 0.000000 0.026969
0.543688 -0.291695 0.312936 2.675858 -1.023176 -4.209859 0.000000 0.000000 0.025448
0.543698 -0.291709 0.312941 2.675687 -1.022017 -4.209166 0.000000 0.000000 0.023927
0.543709 -0.291723 0.312947 2.675516 -1.020857 -4.208473 0.000000 0.000000 0.022405
0.543720 -0.291739 0.312950 2.675354 -1.019629 -4.207733 0.000000 0.000000 0.021598
0.543731 -0.291755 0.312952 2.675193 -1.018392 -4.206988 0.000000 0.000000 0.020886
0.543742 -0.291770 0.312955 2.675032 -1.017154 -4.206242 0.000000 0.000000 0.020174
0.543753 -0.291786 0.312958 2.674871 -1.015917 -4.205496 0.000000 0.000000 0.019462
0.543765 -0.291802 0.312960 2.674710 -1.014680 -4.204751 0.000000 0.000000 0.018749
0.543776 -0.291818 0.312963 2.674549 -1.013443 -4.204005 0.000000 0.000000 0.018037
0.543787 -0.291833 0.312966 2.674388 -1.012205 -4.203259 0.000000 0.000000 0.017325
0.543798 -0.291849 0.312968 2.674227 -1.010968 -4.202514 0.000000 0.000000 0.016613
0.543809 -0.291865 0.312971 2.674066 -1.009731 -4.201768 0.000000 0.000000 0.015901
0.543821 -0.291881 0.312974 2.673905 -1.008493 -4.201022 0.000000 0.000000 0.015188
0.543832 -0.291897 0.312976 2.673744 -1.007256 -4.200277 0.000000 0.000000 0.014476
0.543843 -0.291912 0.312979 2.673583 -1.006019 -4.199531 0.000000 0.000000 0.013764
0.543854 -0.291928 0.312982 2.673422 -1.004781 -4.198785 0.000000 0.000000 0.013052
0.543865 -0.291944 0.312984 2.673261 -1.003544 -4.198040 0.000000 0.000000 0.012339
0.543876 -0.291960 0.312987 2.673100 -1.002307 -4.197294 0.000000 0.000000 0.011627
0.543888 -0.291976 0.312990 2.672939 -1.001069 -4.196549 0.000000 0.000000 0.010915
0.543899 -0.291991 0.312992 2.672778 -0.999832 -4.195803 0.000000 0.000000 0.010203
0.543910 -0.292007 0.312995 2.672617 -0.998595 -4.195057 0.000000 0.000000 0.009491
0.543921 -0.292023 0.312998 2.672456 -0.997357 -4.194312 0.000000 0.000000 0.008778
0.543932 -0.292039 0.313000 2.672295 -0.996120 -4.193566 0.000000 0.000000 0.008066
0.543943 -0.292054 0.313003 2.672134 -0.994883 -4.192820 0.000000 0.000000 0.007354
0.543955 -0.292070 0.313006 2.671973 -0.993645 -4.192075 0.000000 0.000000 0.006642
0.543966 -0.292088 0.313004 2.671823 -0.992333 -4.191283 0.000000 0.000000 0.006186
0.543977 -0.292107 0.313001 2.671676 -0.991000 -4.190479 0.000000 0.000000 0.005801
0.543987 -0.292126 0.312998 2.671528 -0.989666 -4.189674 0.000000 0.000000 0.005416
0.543998 -0.292145 0.312994 2.671381 -0.988333 -4.188870 0.000000 0.000000 0.005031
0.544009 -0.292164 0.312991 2.671234 -0.987000 -4.188066 0.000000 0.000000 0.004646
0.544020 -0.292182 0.312988 2.671087 -0.985667 -4.187261 0.000000 0.000000 0.004260
0.544031 -0.292201 0.312985 2.670940 -0.984334 -4.186457 0.000000 0.000000 0.003875
0.544042 -0.292220 0.312982 2.670793 -0.983001 -4.185652 0.000000 0.000000 0.003490
0.544053 -0.292239 0.312979 2.670645 -0.981667 -4.184848 0.000000 0.000000 0.003105
0.544064 -0.292258 0.312976 2.670498 -0.980334 -4.184044 0.000000 0.000000 0.002720
0.544075 -0.292276 0.312972 2.670351 -0.979001 -4.183239 0.000000 0.000000 0.002334
0.544086 -0.292295 0.312969 2.670204 -0.977668 -4.182435 0.000000 0.000000 0.001949
0.544097 -0.292314 0.312966 2.670057 -0.976335 -4.181631 0.000000 0.000000 0.001564
0.544108 -0.292333 0.312963 2.669910 -0.975002 -4.180826 0.000000 0.000000 0.001179
0.544119 -0.292352 0.312960 2.669763 -0.973668 -4.180022 0.000000 0.000000 0.000794
0.544130 -0.292371 0.312957 2.669615 -0.972335 -4.179218 0.000000 0.000000 0.000409
0.544141 -0.292390 0.312952 2.669471 -0.970986 -4.178404 0.000000 0.000000 -0.000075
0.544154 -0.292411 0.312944 2.669336 -0.969576 -4.177553 0.000000 0.000000 -0.000923
0.544167 -0.292431 0.312936 2.669202 -0.968166 -4.176703 0.000000 0.000000 -0.001770
0.544181 -0.292452 0.312928 2.669067 -0.966756 -4.175853 0.000000 0.000000 -0.002618
0.544194 -0.292473 0.312920 2.668933 -0.965346 -4.175003 0.000000 0.000000 -0.003465
0.544207 -0.292494 0.312912 2.668798 -0.963936 -4.174152 0.000000 0.000000 -0.004313
0.544220 -0.292514 0.312904 2.668664 -0.962525 -4.173302 0.000000 0.000000 -0.005160
0.544233 -0.292535 0.312895 2.668530 -0.961115 -4.172452 0.000000 0.000000 -0.006008
0.544247 -0.292556 0.312887 2.668395 -0.959705 -4.171602 0.000000 0.000000 -0.006856
0.544260 -0.292577 0.312879 2.668261 -0.958295 -4.170751 0.000000 0.000000 -0.007703
0.544273 -0.292597 0.312871 2.668126 -0.956885 -4.169901 0.000000 0.000000 -0.008551
0.544286 -0.292618 0.312863 2.667992 -0.955475 -4.169051 0.000000 0.000000 -0.009398
0.544299 -0.292639 0.312855 2.667857 -0.954065 -4.168201 0.000000 0.000000 -0.010246
0.544313 -0.292660 0.312847 2.667723 -0.952655 -4.167350 0.000000 0.000000 -0.011093
0.544326 -0.292681 0.312838 2.667588 -0.951245 -4.166500 0.000000 0.000000 -0.011941
0.544339 -0.292701 0.312830 2.667454 -0.949835 -4.165650 0.000000 0.000000 -0.012789
0.544352 -0.292722 0.312822 2.667319 -0.948425 -4.164800 0.000000 0.000000 -0.013636
0.544365 -0.292743 0.312811 2.667197 -0.946976 -4.163923 0.000000 0.000000 -0.014697
0.544378 -0.292765 0.312799 2.667082 -0.945505 -4.163031 0.000000 0.000000 -0.015878
0.544391 -0.292787 0.312787 2.666966 -0.944033 -4.162140 0.000000 0.000000 -0.017059
0.544403 -0.292809 0.312774 2.666851 -0.942562 -4.161248 0.000000 0.000000 -0.018240
0.544416 -0.292831 0.312762 2.666736 -0.941091 -4.160356 0.000000 0.000000 -0.019420
0.544429 -0.292852 0.312750 2.666621 -0.939620 -4.159465 0.000000 0.000000 -0.020601
0.544442 -0.292874 0.312737 2.666505 -0.938148 -4.158573 0.000000 0.000000 -0.021782
0.544454 -0.292896 0.312725 2.666390 -0.936677 -4.157681 0.000000 0.000000 -0.022963
0.544467 -0.292918 0.312713 2.666275 -0.935206 -4.156790 0.000000 0.000000 -0.024144
0.544480 -0.292939 0.312700 2.666160 -0.933734 -4.155898 0.000000 0.000000 -0.025325
0.544492 -0.292961 0.312688 2.666044 -0.932263 -4.155006 0.000000 0.000000 -0.026506
0.544505 -0.292983 0.312676 2.665929 -0.930792 -4.154114 0.000000 0.000000 -0.027686
0.544518 -0.293005 0.312663 2.665814 -0.929321 -4.153223 0.000000 0.000000 -0.028867
0.544531 -0.293026 0.312651 2.665698 -0.927849 -4.152331 0.000000 0.000000 -0.030048
0.544543 -0.293048 0.312639 2.665583 -0.926378 -4.151439 0.000000 0.000000 -0.031229
0.544556 -0.293070 0.312626 2.665468 -0.924907 -4.150548 0.000000 0.000000 -0.032410
0.544569 -0.293092 0.312614 2.665353 -0.923435 -4.149656 0.000000 0.000000 -0.033591
0.544581 -0.293114 0.312602 2.665237 -0.921964 -4.148764 0.000000 0.000000 -0.034772
0.544594 -0.293135 0.312589 2.665122 -0.920493 -4.147873 0.000000 0.000000 -0.035953
0.544607 -0.293157 0.312577 2.665007 -0.919022 -4.146981 0.000000 0.000000 -0.037133
0.544620 -0.293179 0.312565 2.664892 -0.917550 -4.146089 0.000000 0.000000 -0.038314
0.544632 -0.293201 0.312552 2.664776 -0.916079 -4.145198 0.000000 0.000000 -0.039495
0.544645 -0.293224 0.312539 2.664671 -0.914580 -4.144288 0.000000 0.000000 -0.040823
0.544658 -0.293248 0.312524 2.664573 -0.913058 -4.143364 0.000000 0.000000 -0.042274
0.544671 -0.293273 0.312509 2.664475 -0.911536 -4.142440 0.000000 0.000000 -0.043726
0.544684 -0.293297 0.312494 2.664378 -0.910014 -4.141516 0.000000 0.000000 -0.045177
0.544697 -0.293322 0.312480 2.664280 -0.908492 -4.140592 0.000000 0.000000 -0.046629
0.544710 -0.293346 0.312465 2.664183 -0.906970 -4.139668 0.000000 0.000000 -0.048080
0.544723 -0.293370 0.312450 2.664085 -0.905448 -4.138744 0.000000 0.000000 -0.049532
0.544736 -0.293395 0.312435 2.663987 -0.903926 -4.137819 0.000000 0.000000 -0.050983
0.544749 -0.293419 0.312421 2.663890 -0.902404 -4.136895 0.000000 0.000000 -0.052435
0.544762 -0.293444 0.312406 2.663792 -0.900882 -4.135971 0.000000 0.000000 -0.053887
0.544775 -0.293468 0.312391 2.663695 -0.899359 -4.135047 0.000000 0.000000 -0.055338
0.544788 -0.293492 0.312377 2.663597 -0.897837 -4.134123 0.000000 0.000000 -0.056790
0.544801 -0.293517 0.312362 2.663499 -0.896315 -4.133199 0.000000 0.000000 -0.058241
0.544813 -0.293541 0.312347 2.663402 -0.894793 -4.132275 0.000000 0.000000 -0.059693
0.544826 -0.293566 0.312332 2.663304 -0.893271 -4.131350 0.000000 0.000000 -0.061144
0.544839 -0.293590 0.312318 2.663207 -0.891749 -4.130426 0.000000 0.000000 -0.062596
0.544852 -0.293614 0.312303 2.663109 -0.890227 -4.129502 0.000000 0.000000 -0.064047
0.544867 -0.293641 0.312285 2.663031 -0.888650 -4.128548 0.000000 0.000000 -0.065363
0.544881 -0.293668 0.312267 2.662954 -0.887072 -4.127594 0.000000 0.000000 -0.066674
0.544895 -0.293694 0.312249 2.662877 -0.885493 -4.126639 0.000000 0.000000 -0.067985
0.544910 -0.293721 0.312231 2.662800 -0.883915 -4.125685 0.000000 0.000000 -0.069296
0.544924 -0.293748 0.312214 2.662723 -0.882336 -4.124730 0.000000 0.000000 -0.070608
0.544938 -0.293774 0.312196 2.662646 -0.880757 -4.123776 0.000000 0.000000 -0.071919
0.544953 -0.293801 0.312178 2.662569 -0.879179 -4.122821 0.000000 0.000000 -0.073230
0.544967 -0.293827 0.312160 2.662492 -0.877600 -4.121867 0.000000 0.000000 -0.074541
0.544981 -0.293854 0.312142 2.662415 -0.876022 -4.120912 0.000000 0.000000 -0.075853
0.544995 -0.293881 0.312124 2.662338 -0.874443 -4.119958 0.000000 0.000000 -0.077164
0.545010 -0.293907 0.312106 2.662260 -0.872865 -4.119003 0.000000 0.000000 -0.078475
0.545024 -0.293934 0.312088 2.662183 -0.871286 -4.118049 0.000000 0.000000 -0.079786
0.545038 -0.293961 0.312071 2.662106 -0.869708 -4.117094 0.000000 0.000000 -0.081098
0.545053 -0.293987 0.312053 2.662029 -0.868129 -4.116139 0.000000 0.000000 -0.082409
0.545067 -0.294014 0.312035 2.661952 -0.866551 -4.115185 0.000000 0.000000 -0.083720
0.545081 -0.294040 0.312017 2.661875 -0.864972 -4.114230 0.000000 0.000000 -0.085031
0.545097 -0.294068 0.311998 2.661807 -0.863376 -4.113269 0.000000 0.000000 -0.086424
0.545115 -0.294098 0.311979 2.661751 -0.861755 -4.112297 0.000000 0.000000 -0.087941
0.545133 -0.294128 0.311960 2.661696 -0.860133 -4.111324 0.000000 0.000000 -0.089458
0.545150 -0.294158 0.311940 2.661641 -0.858511 -4.110352 0.000000 0.000000 -0.090975
0.545168 -0.294188 0.311921 2.661586 -0.856889 -4.109380 0.000000 0.000000 -0.092493
0.545186 -0.294219 0.311901 2.661531 -0.855267 -4.108407 0.000000 0.000000 -0.094010
0.545204 -0.294249 0.311882 2.661475 -0.853646 -4.107435 0.000000 0.000000 -0.095527
0.545222 -0.294279 0.311862 2.661420 -0.852024 -4.106463 0.000000 0.000000 -0.097044
0.545239 -0.294309 0.311843 2.661365 -0.850402 -4.105491 0.000000 0.000000 -0.098561
0.545257 -0.294339 0.311823 2.661310 -0.848780 -4.104518 0.000000 0.000000 -0.100078
0.545275 -0.294369 0.311804 2.661255 -0.847159 -4.103546 0.000000 0.000000 -0.101595
0.545293 -0.294399 0.311784 2.661199 -0.845537 -4.102574 0.000000 0.000000 -0.103112
0.545311 -0.294429 0.311765 2.661144 -0.843915 -4.101601 0.000000 0.000000 -0.104629
0.545328 -0.294459 0.311745 2.661089 -0.842293 -4.100629 0.000000 0.000000 -0.106147
0.545346 -0.294489 0.311726 2.661034 -0.840672 -4.099657 0.000000 0.000000 -0.107664
0.545364 -0.294519 0.311706 2.660979 -0.839050 -4.098684 0.000000 0.000000 -0.109181
0.545382 -0.294549 0.311687 2.660923 -0.837428 -4.097712 0.000000 0.000000 -0.110698
0.545400 -0.294579 0.311667 2.660868 -0.835806 -4.096740 0.000000 0.000000 -0.112215
0.545418 -0.294609 0.311648 2.660813 -0.834185 -4.095768 0.000000 0.000000 -0.113732
0.545435 -0.294639 0.311628 2.660758 -0.832563 -4.094795 0.000000 0.000000 -0.115249
0.545453 -0.294669 0.311609 2.660703 -0.830941 -4.093823 0.000000 0.000000 -0.116766
0.545471 -0.294699 0.311589 2.660647 -0.829319 -4.092851 0.000000 0.000000 -0.118283
0.545490 -0.294730 0.311570 2.660599 -0.827690 -4.091875 0.000000 0.000000 -0.119937
0.545510 -0.294763 0.311551 2.660568 -0.826041 -4.090892 0.000000 0.000000 -0.121911
0.545531 -0.294796 0.311532 2.660537 -0.824393 -4.089909 0.000000 0.000000 -0.123884
0.545552 -0.294829 0.311513 2.660507 -0.822744 -4.088926 0.000000 0.000000 -0.125857
0.545573 -0.294862 0.311494 2.660476 -0.821096 -4.087943 0.000000 0.000000 -0.127831
0.545594 -0.294895 0.311475 2.660445 -0.819448 -4.086960 0.000000 0.000000 -0.129804
0.545614 -0.294928 0.311456 2.660414 -0.817799 -4.085977 0.000000 0.000000 -0.131778
0.545635 -0.294961 0.311436 2.660383 -0.816151 -4.084995 0.000000 0.000000 -0.133751
0.545656 -0.294995 0.311417 2.660352 -0.814503 -4.084012 0.000000 0.000000 -0.135724
0.545677 -0.295028 0.311398 2.660321 -0.812854 -4.083029 0.000000 0.000000 -0.137698
0.545698 -0.295061 0.311379 2.660290 -0.811206 -4.082046 0.000000 0.000000 -0.139671
0.545718 -0.295094 0.311360 2.660259 -0.809558 -4.081063 0.000000 0.000000 -0.141644
0.545739 -0.295127 0.311341 2.660228 -0.807909 -4.080080 0.000000 0.000000 -0.143618
0.545760 -0.295160 0.311322 2.660197 -0.806261 -4.079097 0.000000 0.000000 -0.145591
0.545781 -0.295193 0.311303 2.660166 -0.804612 -4.078114 0.000000 0.000000 -0.147565
0.545802 -0.295226 0.311284 2.660135 -0.802964 -4.077131 0.000000 0.000000 -0.149538
0.545822 -0.295259 0.311265 2.660104 -0.801316 -4.076148 0.000000 0.000000 -0.151511
0.545844 -0.295295 0.311246 2.660098 -0.799654 -4.075157 0.000000 0.000000 -0.153427
0.545866 -0.295331 0.311228 2.660100 -0.797988 -4.074163 0.000000 0.000000 -0.155321
0.545887 -0.295368 0.311209 2.660103 -0.796322 -4.073169 0.000000 0.000000 -0.157214
0.545909 -0.295405 0.311191 2.660105 -0.794655 -4.072175 0.000000 0.000000 -0.159108
0.545931 -0.295441 0.311172 2.660108 -0.792989 -4.071181 0.000000 0.000000 -0.161002
0.545953 -0.295478 0.311154 2.660110 -0.791323 -4.070186 0.000000 0.000000 -0.162895
0.545975 -0.295515 0.311135 2.660113 -0.789657 -4.069192 0.000000 0.000000 -0.164789
0.545996 -0.295551 0.311117 2.660115 -0.787990 -4.068198 0.000000 0.000000 -0.166683
0.546018 -0.295588 0.311098 2.660118 -0.786324 -4.067204 0.000000 0.000000 -0.168576
0.546040 -0.295625 0.311080 2.660120 -0.784658 -4.066210 0.000000 0.000000 -0.170470
0.546062 -0.295661 0.311061 2.660123 -0.782991 -4.065216 0.000000 0.000000 -0.172364
0.546083 -0.295698 0.311043 2.660125 -0.781325 -4.064222 0.000000 0.000000 -0.174257
0.546105 -0.295735 0.311024 2.660128 -0.779659 -4.063228 0.000000 0.000000 -0.176151
0.546127 -0.295771 0.311006 2.660130 -0.777992 -4.062234 0.000000 0.000000 -0.178045
0.546149 -0.295808 0.310987 2.660133 -0.776326 -4.061240 0.000000 0.000000 -0.179938
0.546170 -0.295845 0.310969 2.660135 -0.774660 -4.060246 0.000000 0.000000 -0.181832
0.546193 -0.295882 0.310951 2.660141 -0.772993 -4.059251 0.000000 0.000000 -0.183714
0.546217 -0.295921 0.310935 2.660163 -0.771320 -4.058252 0.000000 0.000000 -0.185533
0.546241 -0.295960 0.310920 2.660186 -0.769648 -4.057252 0.000000 0.000000 -0.187351
0.546265 -0.295999 0.310904 2.660208 -0.767976 -4.056253 0.000000 0.000000 -0.189169
0.546289 -0.296038 0.310889 2.660230 -0.766304 -4.055254 0.000000 0.000000 -0.190988
0.546313 -0.296077 0.310873 2.660253 -0.764631 -4.054255 0.000000 0.000000 -0.192806
0.546337 -0.296116 0.310858 2.660275 -0.762959 -4.053255 0.000000 0.000000 -0.194625
0.546361 -0.296155 0.310842 2.660297 -0.761287 -4.052256 0.000000 0.000000 -0.196443
0.546385 -0.296194 0.310827 2.660320 -0.759615 -4.051257 0.000000 0.000000 -0.198262
0.546409 -0.296233 0.310811 2.660342 -0.757942 -4.050258 0.000000 0.000000 -0.200080
0.546433 -0.296272 0.310796 2.660364 -0.756270 -4.049258 0.000000 0.000000 -0.201898
0.546457 -0.296311 0.310780 2.660387 -0.754598 -4.048259 0.000000 0.000000 -0.203717
0.546481 -0.296350 0.310765 2.660409 -0.752926 -4.047260 0.000000 0.000000 -0.205535
0.546505 -0.296389 0.310749 2.660431 -0.751253 -4.046261 0.000000 0.000000 -0.207354
0.546530 -0.296428 0.310734 2.660453 -0.749581 -4.045261 0.000000 0.000000 -0.209172
0.546554 -0.296467 0.310718 2.660476 -0.747909 -4.044262 0.000000 0.000000 -0.210991
0.546578 -0.296506 0.310703 2.660498 -0.746237 -4.043263 0.000000 0.000000 -0.212809
0.546602 -0.296544 0.310687 2.660520 -0.744564 -4.042264 0.000000 0.000000 -0.214628
0.546626 -0.296583 0.310672 2.660543 -0.742892 -4.041264 0.000000 0.000000 -0.216446
0.546650 -0.296622 0.310656 2.660565 -0.741220 -4.040265 0.000000 0.000000 -0.218264
0.546674 -0.296661 0.310641 2.660587 -0.739548 -4.039266 0.000000 0.000000 -0.220083
0.546698 -0.296700 0.310625 2.660610 -0.737875 -4.038267 0.000000 0.000000 -0.221901
0.546722 -0.296740 0.310610 2.660633 -0.736202 -4.037267 0.000000 0.000000 -0.223702
0.546749 -0.296782 0.310595 2.660677 -0.734512 -4.036264 0.000000 0.000000 -0.225207
0.546776 -0.296825 0.310581 2.660720 -0.732822 -4.035261 0.000000 0.000000 -0.226713
0.546803 -0.296867 0.310566 2.660763 -0.731132 -4.034258 0.000000 0.000000 -0.228218
0.546829 -0.296910 0.310552 2.660807 -0.729441 -4.033254 0.000000 0.000000 -0.229723
0.546856 -0.296952 0.310538 2.660850 -0.727751 -4.032251 0.000000 0.000000 -0.231229
0.546883 -0.296995 0.310523 2.660893 -0.726061 -4.031248 0.000000 0.000000 -0.232734
0.546910 -0.297037 0.310509 2.660937 -0.724371 -4.030245 0.000000 0.000000 -0.234239
0.546937 -0.297080 0.310495 2.660980 -0.722681 -4.029242 0.000000 0.000000 -0.235744
0.546964 -0.297122 0.310480 2.661023 -0.720990 -4.028239 0.000000 0.000000 -0.237250
0.546990 -0.297165 0.310466 2.661067 -0.719300 -4.027235 0.000000 0.000000 -0.238755
0.547017 -0.297207 0.310452 2.661110 -0.717610 -4.026232 0.000000 0.000000 -0.240260
0.547044 -0.297250 0.310437 2.661154 -0.715920 -4.025229 0.000000 0.000000 -0.241766
0.547071 -0.297292 0.310423 2.661197 -0.714230 -4.024226 0.000000 0.000000 -0.243271
0.547098 -0.297335 0.310408 2.661240 -0.712539 -4.023223 0.000000 0.000000 -0.244776
0.547124 -0.297377 0.310394 2.661284 -0.710849 -4.022219 0.000000 0.000000 -0.246282
0.547151 -0.297420 0.310380 2.661327 -0.709159 -4.021216 0.000000 0.000000 -0.247787
0.547179 -0.297464 0.310366 2.661382 -0.707457 -4.020209 0.000000 0.000000 -0.249119
0.547208 -0.297511 0.310353 2.661448 -0.705743 -4.019197 0.000000 0.000000 -0.250266
0.547236 -0.297557 0.310340 2.661515 -0.704028 -4.018186 0.000000 0.000000 -0.251413
0.547265 -0.297604 0.310327 2.661582 -0.702314 -4.017174 0.000000 0.000000 -0.252560
0.547294 -0.297650 0.310314 2.661648 -0.700599 -4.016162 0.000000 0.000000 -0.253707
0.547322 -0.297697 0.310301 2.661715 -0.698885 -4.015151 0.000000 0.000000 -0.254854
0.547351 -0.297743 0.310288 2.661782 -0.697170 -4.014139 0.000000 0.000000 -0.256001
0.547380 -0.297790 0.310275 2.661848 -0.695456 -4.013127 0.000000 0.000000 -0.257148
0.547408 -0.297836 0.310262 2.661915 -0.693742 -4.012116 0.000000 0.000000 -0.258295
0.547437 -0.297883 0.310249 2.661982 -0.692027 -4.011104 0.000000 0.000000 -0.259442
0.547466 -0.297929 0.310236 2.662048 -0.690313 -4.010092 0.000000 0.000000 -0.260589
0.547494 -0.297976 0.310223 2.662115 -0.688598 -4.009081 0.000000 0.000000 -0.261736
0.547523 -0.298023 0.310211 2.662181 -0.686884 -4.008069 0.000000 0.000000 -0.262883
0.547552 -0.298069 0.310198 2.662248 -0.685169 -4.007057 0.000000 0.000000 -0.264030
0.547580 -0.298116 0.310185 2.662315 -0.683455 -4.006046 0.000000 0.000000 -0.265177
0.547609 -0.298162 0.310172 2.662381 -0.681740 -4.005034 0.000000 0.000000 -0.266324
0.547637 -0.298209 0.310159 2.662448 -0.680026 -4.004022 0.000000 0.000000 -0.267471
0.547666 -0.298255 0.310150 2.662532 -0.678327 -4.003010 0.000000 0.000000 -0.268045
0.547694 -0.298302 0.310142 2.662617 -0.676629 -4.001998 0.000000 0.000000 -0.268562
0.547722 -0.298349 0.310133 2.662703 -0.674931 -4.000986 0.000000 0.000000 -0.269080
0.547750 -0.298396 0.310125 2.662788 -0.673234 -3.999974 0.000000 0.000000 -0.269597
0.547778 -0.298442 0.310116 2.662874 -0.671536 -3.998962 0.000000 0.000000 -0.270114
0.547807 -0.298489 0.310108 2.662959 -0.669838 -3.997950 0.000000 0.000000 -0.270632
0.547835 -0.298536 0.310100 2.663045 -0.668141 -3.996938 0.000000 0.000000 -0.271149
0.547863 -0.298583 0.310091 2.663130 -0.666443 -3.995926 0.000000 0.000000 -0.271666
0.547891 -0.298630 0.310083 2.663216 -0.664745 -3.994913 0.000000 0.000000 -0.272184
0.547919 -0.298676 0.310075 2.663301 -0.663048 -3.993901 0.000000 0.000000 -0.272701
0.547948 -0.298723 0.310066 2.663387 -0.661350 -3.992889 0.000000 0.000000 -0.273219
0.547976 -0.298770 0.310058 2.663473 -0.659652 -3.991877 0.000000 0.000000 -0.273736
0.548004 -0.298817 0.310049 2.663558 -0.657955 -3.990865 0.000000 0.000000 -0.274253
0.548032 -0.298863 0.310041 2.663644 -0.656257 -3.989853 0.000000 0.000000 -0.274771
0.548060 -0.298910 0.310033 2.663729 -0.654559 -3.988841 0.000000 0.000000 -0.275288
0.548089 -0.298957 0.310024 2.663815 -0.652861 -3.987829 0.000000 0.000000 -0.275805
0.548117 -0.299004 0.310016 2.663900 -0.651164 -3.986817 0.000000 0.000000 -0.276323
0.548145 -0.299050 0.310008 2.663986 -0.649466 -3.985805 0.000000 0.000000 -0.276840
0.548173 -0.299097 0.309999 2.664071 -0.647768 -3.984793 0.000000 0.000000 -0.277357
0.548201 -0.299144 0.309991 2.664157 -0.646071 -3.983780 0.000000 0.000000 -0.277875
0.548229 -0.299191 0.309982 2.664242 -0.644373 -3.982768 0.000000 0.000000 -0.278392
0.548258 -0.299237 0.309974 2.664328 -0.642675 -3.981756 0.000000 0.000000 -0.278909
0.548285 -0.299286 0.309967 2.664439 -0.640986 -3.980744 0.000000 0.000000 -0.278813
0.548312 -0.299334 0.309960 2.664556 -0.639297 -3.979731 0.000000 0.000000 -0.278577
0.548339 -0.299383 0.309953 2.664674 -0.637609 -3.978719 0.000000 0.000000 -0.278340
0.548365 -0.299431 0.309947 2.664791 -0.635921 -3.977707 0.000000 0.000000 -0.278103
0.548392 -0.299480 0.309940 2.664908 -0.634233 -3.976694 0.000000 0.000000 -0.277867
0.548419 -0.299528 0.309933 2.665026 -0.632545 -3.975682 0.000000 0.000000 -0.277630
0.548446 -0.299577 0.309926 2.665143 -0.630857 -3.974669 0.000000 0.000000 -0.277393
0.548473 -0.299625 0.309919 2.665260 -0.629169 -3.973657 0.000000 0.000000 -0.277157
0.548500 -0.299674 0.309912 2.665378 -0.627481 -3.972644 0.000000 0.000000 -0.276920
0.548527 -0.299722 0.309906 2.665495 -0.625793 -3.971632 0.000000 0.000000 -0.276683
0.548554 -0.299771 0.309899 2.665612 -0.624105 -3.970620 0.000000 0.000000 -0.276447
0.548580 -0.299819 0.309892 2.665730 -0.622417 -3.969607 0.000000 0.000000 -0.276210
0.548607 -0.299868 0.309885 2.665847 -0.620729 -3.968595 0.000000 0.000000 -0.275973
0.548634 -0.299916 0.309878 2.665964 -0.619041 -3.967582 0.000000 0.000000 -0.275737
0.548661 -0.299965 0.309872 2.666082 -0.617353 -3.966570 0.000000 0.000000 -0.275500
0.548688 -0.300013 0.309865 2.666199 -0.615665 -3.965557 0.000000 0.000000 -0.275263
0.548715 -0.300062 0.309858 2.666324 -0.613979 -3.964549 0.000000 0.000000 -0.275011
0.548744 -0.300114 0.309851 2.666472 -0.612303 -3.963555 0.000000 0.000000 -0.274709
0.548772 -0.300165 0.309843 2.666620 -0.610626 -3.962561 0.000000 0.000000 -0.274407
0.548801 -0.300217 0.309836 2.666768 -0.608949 -3.961566 0.000000 0.000000 -0.274105
0.548829 -0.300268 0.309829 2.666916 -0.607273 -3.960572 0.000000 0.000000 -0.273803
0.548858 -0.300319 0.309822 2.667064 -0.605596 -3.959578 0.000000 0.000000 -0.273501
0.548886 -0.300371 0.309815 2.667213 -0.603920 -3.958583 0.000000 0.000000 -0.273199
0.548915 -0.300422 0.309808 2.667361 -0.602243 -3.957589 0.000000 0.000000 -0.272898
0.548943 -0.300474 0.309800 2.667509 -0.600566 -3.956595 0.000000 0.000000 -0.272596
0.548972 -0.300525 0.309793 2.667657 -0.598890 -3.955601 0.000000 0.000000 -0.272294
0.549000 -0.300577 0.309786 2.667805 -0.597213 -3.954606 0.000000 0.000000 -0.271992
0.549029 -0.300628 0.309779 2.667953 -0.595537 -3.953612 0.000000 0.000000 -0.271690
0.549057 -0.300679 0.309772 2.668102 -0.593860 -3.952618 0.000000 0.000000 -0.271388
0.549086 -0.300731 0.309765 2.668250 -0.592183 -3.951623 0.000000 0.000000 -0.271086
0.549114 -0.300782 0.309757 2.668398 -0.590507 -3.950629 0.000000 0.000000 -0.270784
0.549143 -0.300834 0.309750 2.668546 -0.588830 -3.949635 0.000000 0.000000 -0.270482
0.549171 -0.300885 0.309743 2.668694 -0.587154 -3.948640 0.000000 0.000000 -0.270181
0.549201 -0.300937 0.309737 2.668860 -0.585496 -3.947660 0.000000 0.000000 -0.270396
0.549230 -0.300989 0.309732 2.669034 -0.583847 -3.946686 0.000000 0.000000 -0.270869
0.549259 -0.301042 0.309728 2.669209 -0.582198 -3.945712 0.000000 0.000000 -0.271342
0.549288 -0.301094 0.309723 2.669383 -0.580550 -3.944738 0.000000 0.000000 -0.271815
0.549318 -0.301146 0.309718 2.669558 -0.578901 -3.943764 0.000000 0.000000 -0.272288
0.549347 -0.301199 0.309713 2.669732 -0.577253 -3.942790 0.000000 0.000000 -0.272762
0.549376 -0.301251 0.309708 2.669907 -0.575604 -3.941817 0.000000 0.000000 -0.273235
0.549406 -0.301303 0.309703 2.670081 -0.573955 -3.940843 0.000000 0.000000 -0.273708
0.549435 -0.301356 0.309698 2.670255 -0.572307 -3.939869 0.000000 0.000000 -0.274181
0.549464 -0.301408 0.309693 2.670430 -0.570658 -3.938895 0.000000 0.000000 -0.274654
0.549494 -0.301460 0.309688 2.670604 -0.569010 -3.937921 0.000000 0.000000 -0.275127
0.549523 -0.301513 0.309683 2.670779 -0.567361 -3.936947 0.000000 0.000000 -0.275600
0.549552 -0.301565 0.309678 2.670953 -0.565712 -3.935973 0.000000 0.000000 -0.276073
0.549582 -0.301617 0.309673 2.671128 -0.564064 -3.935000 0.000000 0.000000 -0.276547
0.549611 -0.301670 0.309668 2.671302 -0.562415 -3.934026 0.000000 0.000000 -0.277020
0.549640 -0.301722 0.309663 2.671477 -0.560767 -3.933052 0.000000 0.000000 -0.277493
0.549670 -0.301774 0.309658 2.671651 -0.559118 -3.932078 0.000000 0.000000 -0.277966
0.549699 -0.301826 0.309653 2.671826 -0.557469 -3.931104 0.000000 0.000000 -0.278439
0.549728 -0.301879 0.309648 2.672000 -0.555821 -3.930130 0.000000 0.000000 -0.278912
0.549757 -0.301931 0.309643 2.672174 -0.554172 -3.929156 0.000000 0.000000 -0.279385
0.549787 -0.301983 0.309638 2.672349 -0.552523 -3.928183 0.000000 0.000000 -0.279859
0.549816 -0.302036 0.309633 2.672523 -0.550875 -3.927209 0.000000 0.000000 -0.280332
0.549845 -0.302088 0.309630 2.672716 -0.549258 -3.926252 0.000000 0.000000 -0.281154
0.549873 -0.302139 0.309628 2.672922 -0.547665 -3.925308 0.000000 0.000000 -0.282239
0.549901 -0.302191 0.309626 2.673128 -0.546071 -3.924364 0.000000 0.000000 -0.283324
0.549929 -0.302243 0.309624 2.673334 -0.544478 -3.923420 0.000000 0.000000 -0.284410
0.549957 -0.302294 0.309622 2.673540 -0.542885 -3.922476 0.000000 0.000000 -0.285495
0.549985 -0.302346 0.309620 2.673746 -0.541291 -3.921532 0.000000 0.000000 -0.286580
0.550013 -0.302398 0.309617 2.673952 -0.539698 -3.920588 0.000000 0.000000 -0.287666
0.550041 -0.302449 0.309615 2.674158 -0.538105 -3.919644 0.000000 0.000000 -0.288751
0.550070 -0.302501 0.309613 2.674364 -0.536512 -3.918700 0.000000 0.000000 -0.289836
0.550098 -0.302553 0.309611 2.674571 -0.534918 -3.917756 0.000000 0.000000 -0.290922
0.550126 -0.302604 0.309609 2.674777 -0.533325 -3.916812 0.000000 0.000000 -0.292007
0.550154 -0.302656 0.309607 2.674983 -0.531732 -3.915868 0.000000 0.000000 -0.293092
0.550182 -0.302708 0.309605 2.675189 -0.530139 -3.914924 0.000000 0.000000 -0.294178
0.550210 -0.302759 0.309603 2.675395 -0.528545 -3.913980 0.000000 0.000000 -0.295263
0.550238 -0.302811 0.309601 2.675601 -0.526952 -3.913036 0.000000 0.000000 -0.296348
0.550266 -0.302863 0.309599 2.675807 -0.525359 -3.912092 0.000000 0.000000 -0.297434
0.550294 -0.302914 0.309597 2.676013 -0.523766 -3.911148 0.000000 0.000000 -0.298519
0.550321 -0.302968 0.309595 2.676265 -0.522207 -3.910222 0.000000 0.000000 -0.299364
0.550347 -0.303022 0.309593 2.676517 -0.520649 -3.909296 0.000000 0.000000 -0.300208
0.550374 -0.303076 0.309591 2.676769 -0.519091 -3.908370 0.000000 0.000000 -0.301051
0.550400 -0.303130 0.309589 2.677021 -0.517532 -3.907444 0.000000 0.000000 -0.301895
0.550427 -0.303184 0.309587 2.677273 -0.515974 -3.906518 0.000000 0.000000 -0.302739
0.550453 -0.303238 0.309585 2.677525 -0.514416 -3.905592 0.000000 0.000000 -0.303583
0.550480 -0.303292 0.309583 2.677777 -0.512858 -3.904666 0.000000 0.000000 -0.304427
0.550506 -0.303345 0.309582 2.678030 -0.511299 -3.903740 0.000000 0.000000 -0.305271
0.550532 -0.303399 0.309580 2.678282 -0.509741 -3.902814 0.000000 0.000000 -0.306115
0.550559 -0.303453 0.309578 2.678534 -0.508183 -3.901888 0.000000 0.000000 -0.306959
0.550585 -0.303507 0.309576 2.678786 -0.506625 -3.900962 0.000000 0.000000 -0.307803
0.550612 -0.303561 0.309574 2.679038 -0.505066 -3.900036 0.000000 0.000000 -0.308647
0.550638 -0.303615 0.309572 2.679290 -0.503508 -3.899110 0.000000 0.000000 -0.309491
0.550665 -0.303669 0.309570 2.679542 -0.501950 -3.898184 0.000000 0.000000 -0.310335
0.550691 -0.303722 0.309568 2.679794 -0.500391 -3.897258 0.000000 0.000000 -0.311179
0.550718 -0.303776 0.309566 2.680046 -0.498833 -3.896332 0.000000 0.000000 -0.312023
0.550745 -0.303832 0.309563 2.680317 -0.497285 -3.895418 0.000000 0.000000 -0.312873
0.550772 -0.303889 0.309559 2.680613 -0.495751 -3.894520 0.000000 0.000000 -0.313731
0.550800 -0.303947 0.309554 2.680909 -0.494216 -3.893622 0.000000 0.000000 -0.314589
0.550828 -0.304004 0.309550 2.681205 -0.492682 -3.892724 0.000000 0.000000 -0.315447
0.550855 -0.304062 0.309545 2.681501 -0.491147 -3.891827 0.000000 0.000000 -0.316305
0.550883 -0.304119 0.309541 2.681797 -0.489613 -3.890929 0.000000 0.000000 -0.317163
0.550911 -0.304177 0.309536 2.682093 -0.488078 -3.890031 0.000000 0.000000 -0.318021
0.550938 -0.304234 0.309531 2.682389 -0.486544 -3.889133 0.000000 0.000000 -0.318879
0.550966 -0.304292 0.309527 2.682685 -0.485009 -3.888236 0.000000 0.000000 -0.319737
0.550994 -0.304349 0.309522 2.682981 -0.483475 -3.887338 0.000000 0.000000 -0.320595
0.551021 -0.304407 0.309518 2.683277 -0.481940 -3.886440 0.000000 0.000000 -0.321453
0.551049 -0.304464 0.309513 2.683573 -0.480406 -3.885542 0.000000 0.000000 -0.322311
0.551077 -0.304522 0.309509 2.683869 -0.478871 -3.884644 0.000000 0.000000 -0.323169
0.551105 -0.304579 0.309504 2.684165 -0.477337 -3.883747 0.000000 0.000000 -0.324027
0.551132 -0.304637 0.309500 2.684461 -0.475802 -3.882849 0.000000 0.000000 -0.324885
0.551160 -0.304694 0.309495 2.684757 -0.474268 -3.881951 0.000000 0.000000 -0.325743
0.551188 -0.304752 0.309491 2.685053 -0.472733 -3.881053 0.000000 0.000000 -0.326601
0.551215 -0.304809 0.309486 2.685349 -0.471199 -3.880156 0.000000 0.000000 -0.327459
0.551243 -0.304867 0.309482 2.685645 -0.469664 -3.879258 0.000000 0.000000 -0.328317
0.551271 -0.304924 0.309477 2.685941 -0.468130 -3.878360 0.000000 0.000000 -0.329175
0.551298 -0.304982 0.309473 2.686237 -0.466595 -3.877462 0.000000 0.000000 -0.330033
0.551326 -0.305039 0.309468 2.686533 -0.465061 -3.876565 0.000000 0.000000 -0.330891
0.551355 -0.305097 0.309463 2.686838 -0.463535 -3.875676 0.000000 0.000000 -0.331794
0.551385 -0.305156 0.309456 2.687162 -0.462026 -3.874805 0.000000 0.000000 -0.332790
0.551416 -0.305215 0.309449 2.687486 -0.460517 -3.873934 0.000000 0.000000 -0.333786
0.551446 -0.305275 0.309442 2.687810 -0.459008 -3.873063 0.000000 0.000000 -0.334782
0.551477 -0.305334 0.309436 2.688134 -0.457499 -3.872192 0.000000 0.000000 -0.335778
0.551507 -0.305393 0.309429 2.688457 -0.455990 -3.871321 0.000000 0.000000 -0.336774
0.551538 -0.305452 0.309422 2.688781 -0.454482 -3.870450 0.000000 0.000000 -0.337770
0.551568 -0.305511 0.309415 2.689105 -0.452973 -3.869579 0.000000 0.000000 -0.338766
0.551598 -0.305570 0.309408 2.689429 -0.451464 -3.868708 0.000000 0.000000 -0.339761
0.551629 -0.305629 0.309402 2.689753 -0.449955 -3.867837 0.000000 0.000000 -0.340757
0.551659 -0.305688 0.309395 2.690077 -0.448446 -3.866966 0.000000 0.000000 -0.341753
0.551690 -0.305747 0.309388 2.690401 -0.446938 -3.866095 0.000000 0.000000 -0.342749
0.551720 -0.305806 0.309381 2.690725 -0.445429 -3.865224 0.000000 0.000000 -0.343745
0.551751 -0.305865 0.309374 2.691049 -0.443920 -3.864353 0.000000 0.000000 -0.344741
0.551781 -0.305924 0.309368 2.691373 -0.442411 -3.863482 0.000000 0.000000 -0.345737
0.551812 -0.305983 0.309361 2.691697 -0.440902 -3.862611 0.000000 0.000000 -0.346733
0.551842 -0.306042 0.309354 2.692021 -0.439393 -3.861740 0.000000 0.000000 -0.347729
0.551873 -0.306102 0.309347 2.692364 -0.437920 -3.860892 0.000000 0.000000 -0.348849
0.551903 -0.306162 0.309340 2.692714 -0.436457 -3.860051 0.000000 0.000000 -0.350008
0.551934 -0.306222 0.309333 2.693064 -0.434995 -3.859211 0.000000 0.000000 -0.351168
0.551964 -0.306282 0.309325 2.693414 -0.433532 -3.858370 0.000000 0.000000 -0.352328
0.551994 -0.306342 0.309318 2.693764 -0.432070 -3.857530 0.000000 0.000000 -0.353488
0.552025 -0.306402 0.309311 2.694114 -0.430608 -3.856690 0.000000 0.000000 -0.354648
0.552055 -0.306461 0.309304 2.694464 -0.429145 -3.855849 0.000000 0.000000 -0.355808
0.552086 -0.306521 0.309297 2.694815 -0.427683 -3.855009 0.000000 0.000000 -0.356967
0.552116 -0.306581 0.309290 2.695165 -0.426220 -3.854168 0.000000 0.000000 -0.358127
0.552146 -0.306641 0.309282 2.695515 -0.424758 -3.853328 0.000000 0.000000 -0.359287
0.552177 -0.306701 0.309275 2.695865 -0.423296 -3.852487 0.000000 0.000000 -0.360447
0.552207 -0.306761 0.309268 2.696215 -0.421833 -3.851647 0.000000 0.000000 -0.361607
0.552238 -0.306821 0.309261 2.696565 -0.420371 -3.850806 0.000000 0.000000 -0.362767
0.552268 -0.306881 0.309254 2.696915 -0.418909 -3.849966 0.000000 0.000000 -0.363926
0.552298 -0.306941 0.309246 2.697265 -0.417446 -3.849125 0.000000 0.000000 -0.365086
0.552329 -0.307001 0.309239 2.697615 -0.415984 -3.848285 0.000000 0.000000 -0.366246
0.552359 -0.307061 0.309232 2.697969 -0.414530 -3.847450 0.000000 0.000000 -0.367407
0.552388 -0.307121 0.309225 2.698343 -0.413117 -3.846638 0.000000 0.000000 -0.368576
0.552418 -0.307181 0.309217 2.698716 -0.411704 -3.845826 0.000000 0.000000 -0.369744
0.552447 -0.307241 0.309210 2.699089 -0.410291 -3.845015 0.000000 0.000000 -0.370912
0.552476 -0.307301 0.309202 2.699463 -0.408878 -3.844203 0.000000 0.000000 -0.372080
0.552506 -0.307362 0.309195 2.699836 -0.407465 -3.843391 0.000000 0.000000 -0.373248
0.552535 -0.307422 0.309187 2.700210 -0.406052 -3.842580 0.000000 0.000000 -0.374416
0.552564 -0.307482 0.309180 2.700583 -0.404639 -3.841768 0.000000 0.000000 -0.375584
0.552594 -0.307542 0.309172 2.700956 -0.403227 -3.840956 0.000000 0.000000 -0.376753
0.552623 -0.307602 0.309165 2.701330 -0.401814 -3.840145 0.000000 0.000000 -0.377921
0.552652 -0.307663 0.309157 2.701703 -0.400401 -3.839333 0.000000 0.000000 -0.379089
0.552681 -0.307723 0.309150 2.702076 -0.398988 -3.838521 0.000000 0.000000 -0.380257
0.552711 -0.307783 0.309143 2.702450 -0.397575 -3.837710 0.000000 0.000000 -0.381425
0.552740 -0.307843 0.309135 2.702823 -0.396162 -3.836898 0.000000 0.000000 -0.382593
0.552769 -0.307903 0.309128 2.703197 -0.394749 -3.836086 0.000000 0.000000 -0.383761
0.552799 -0.307964 0.309120 2.703570 -0.393336 -3.835275 0.000000 0.000000 -0.384929
0.552828 -0.308024 0.309113 2.703943 -0.391923 -3.834463 0.000000 0.000000 -0.386098
0.552857 -0.308084 0.309105 2.704317 -0.390510 -3.833651 0.000000 0.000000 -0.387266
0.552887 -0.308144 0.309098 2.704690 -0.389097 -3.832840 0.000000 0.000000 -0.388434
0.552916 -0.308204 0.309090 2.705063 -0.387684 -3.832028 0.000000 0.000000 -0.389602
0.552945 -0.308265 0.309083 2.705437 -0.386271 -3.831216 0.000000 0.000000 -0.390770
0.552974 -0.308325 0.309075 2.705810 -0.384858 -3.830405 0.000000 0.000000 -0.391938
0.553004 -0.308385 0.309068 2.706185 -0.383449 -3.829596 0.000000 0.000000 -0.393021
0.553033 -0.308446 0.309059 2.706578 -0.382084 -3.828816 0.000000 0.000000 -0.393171
0.553061 -0.308507 0.309050 2.706971 -0.380720 -3.828036 0.000000 0.000000 -0.393321
0.553090 -0.308568 0.309041 2.707363 -0.379355 -3.827257 0.000000 0.000000 -0.393472
0.553119 -0.308629 0.309032 2.707756 -0.377990 -3.826477 0.000000 0.000000 -0.393622
0.553148 -0.308689 0.309023 2.708148 -0.376626 -3.825697 0.000000 0.000000 -0.393772
0.553177 -0.308750 0.309015 2.708541 -0.375261 -3.824918 0.000000 0.000000 -0.393923
0.553206 -0.308811 0.309006 2.708934 -0.373897 -3.824138 0.000000 0.000000 -0.394073
0.553234 -0.308872 0.308997 2.709326 -0.372532 -3.823358 0.000000 0.000000 -0.394223
0.553263 -0.308933 0.308988 2.709719 -0.371167 -3.822579 0.000000 0.000000 -0.394374
0.553292 -0.308994 0.308979 2.710112 -0.369803 -3.821799 0.000000 0.000000 -0.394524
0.553321 -0.309055 0.308970 2.710504 -0.368438 -3.821019 0.000000 0.000000 -0.394674
0.553350 -0.309116 0.308961 2.710897 -0.367073 -3.820239 0.000000 0.000000 -0.394825
0.553379 -0.309177 0.308952 2.711290 -0.365709 -3.819460 0.000000 0.000000 -0.394975
0.553408 -0.309237 0.308944 2.711682 -0.364344 -3.818680 0.000000 0.000000 -0.395125
0.553436 -0.309298 0.308935 2.712075 -0.362980 -3.817900 0.000000 0.000000 -0.395276
0.553465 -0.309359 0.308926 2.712468 -0.361615 -3.817121 0.000000 0.000000 -0.395426
0.553494 -0.309421 0.308917 2.712867 -0.360272 -3.816359 0.000000 0.000000 -0.395379
0.553523 -0.309483 0.308907 2.713273 -0.358950 -3.815614 0.000000 0.000000 -0.395144
0.553552 -0.309545 0.308897 2.713679 -0.357629 -3.814869 0.000000 0.000000 -0.394909
0.553581 -0.309607 0.308887 2.714085 -0.356307 -3.814124 0.000000 0.000000 -0.394674
0.553611 -0.309669 0.308877 2.714491 -0.354985 -3.813380 0.000000 0.000000 -0.394439
0.553640 -0.309731 0.308867 2.714897 -0.353664 -3.812635 0.000000 0.000000 -0.394204
0.553669 -0.309793 0.308858 2.715303 -0.352342 -3.811890 0.000000 0.000000 -0.393968
0.553698 -0.309855 0.308848 2.715709 -0.351020 -3.811145 0.000000 0.000000 -0.393733
0.553727 -0.309917 0.308838 2.716115 -0.349698 -3.810401 0.000000 0.000000 -0.393498
0.553756 -0.309978 0.308828 2.716521 -0.348377 -3.809656 0.000000 0.000000 -0.393263
0.553785 -0.310040 0.308818 2.716927 -0.347055 -3.808911 0.000000 0.000000 -0.393028
0.553814 -0.310102 0.308808 2.717333 -0.345733 -3.808166 0.000000 0.000000 -0.392793
0.553843 -0.310164 0.308799 2.717739 -0.344411 -3.807421 0.000000 0.000000 -0.392558
0.553872 -0.310226 0.308789 2.718145 -0.343090 -3.806677 0.000000 0.000000 -0.392323
0.553901 -0.310288 0.308779 2.718551 -0.341768 -3.805932 0.000000 0.000000 -0.392087
0.553930 -0.310350 0.308769 2.718957 -0.340446 -3.805187 0.000000 0.000000 -0.391852
0.553959 -0.310412 0.308759 2.719363 -0.339125 -3.804442 0.000000 0.000000 -0.391617
0.553989 -0.310475 0.308748 2.719783 -0.337843 -3.803732 0.000000 0.000000 -0.390585
0.554019 -0.310538 0.308736 2.720203 -0.336564 -3.803025 0.000000 0.000000 -0.389499
0.554049 -0.310601 0.308725 2.720623 -0.335285 -3.802317 0.000000 0.000000 -0.388414
0.554079 -0.310664 0.308713 2.721044 -0.334006 -3.801610 0.000000 0.000000 -0.387329
0.554109 -0.310727 0.308701 2.721464 -0.332727 -3.800902 0.000000 0.000000 -0.386243
0.554139 -0.310790 0.308690 2.721885 -0.331448 -3.800194 0.000000 0.000000 -0.385158
0.554168 -0.310853 0.308678 2.722305 -0.330169 -3.799487 0.000000 0.000000 -0.384073
0.554198 -0.310916 0.308667 2.722726 -0.328890 -3.798779 0.000000 0.000000 -0.382988
0.554228 -0.310979 0.308655 2.723146 -0.327611 -3.798072 0.000000 0.000000 -0.381902
0.554258 -0.311042 0.308644 2.723566 -0.326332 -3.797364 0.000000 0.000000 -0.380817
0.554288 -0.311105 0.308632 2.723987 -0.325053 -3.796657 0.000000 0.000000 -0.379732
0.554318 -0.311168 0.308620 2.724407 -0.323774 -3.795949 0.000000 0.000000 -0.378647
0.554348 -0.311231 0.308609 2.724828 -0.322495 -3.795241 0.000000 0.000000 -0.377561
0.554378 -0.311294 0.308597 2.725248 -0.321216 -3.794534 0.000000 0.000000 -0.376476
0.554408 -0.311357 0.308586 2.725669 -0.319937 -3.793826 0.000000 0.000000 -0.375391
0.554438 -0.311420 0.308574 2.726089 -0.318658 -3.793119 0.000000 0.000000 -0.374305
0.554467 -0.311483 0.308563 2.726509 -0.317379 -3.792411 0.000000 0.000000 -0.373220
0.554497 -0.311546 0.308551 2.726930 -0.316100 -3.791704 0.000000 0.000000 -0.372135
0.554527 -0.311609 0.308539 2.727350 -0.314821 -3.790996 0.000000 0.000000 -0.371050
0.554557 -0.311672 0.308528 2.727771 -0.313542 -3.790288 0.000000 0.000000 -0.369964
0.554587 -0.311735 0.308516 2.728191 -0.312263 -3.789581 0.000000 0.000000 -0.368879
0.554617 -0.311798 0.308505 2.728612 -0.310984 -3.788873 0.000000 0.000000 -0.367794
0.554646 -0.311863 0.308492 2.729048 -0.309752 -3.788198 0.000000 0.000000 -0.366902
0.554675 -0.311928 0.308480 2.729487 -0.308529 -3.787529 0.000000 0.000000 -0.366048
0.554704 -0.311993 0.308467 2.729927 -0.307306 -3.786861 0.000000 0.000000 -0.365193
0.554733 -0.312058 0.308455 2.730366 -0.306082 -3.786192 0.000000 0.000000 -0.364338
0.554762 -0.312122 0.308442 2.730806 -0.304859 -3.785523 0.000000 0.000000 -0.363483
0.554791 -0.312187 0.308430 2.731245 -0.303636 -3.784854 0.000000 0.000000 -0.362629
0.554820 -0.312252 0.308417 2.731684 -0.302412 -3.784185 0.000000 0.000000 -0.361774
0.554850 -0.312317 0.308405 2.732124 -0.301189 -3.783516 0.000000 0.000000 -0.360919
0.554879 -0.312382 0.308393 2.732563 -0.299966 -3.782848 0.000000 0.000000 -0.360064
0.554908 -0.312447 0.308380 2.733003 -0.298742 -3.782179 0.000000 0.000000 -0.359210
0.554937 -0.312512 0.308368 2.733442 -0.297519 -3.781510 0.000000 0.000000 -0.358355
0.554966 -0.312577 0.308355 2.733881 -0.296296 -3.780841 0.000000 0.000000 -0.357500
0.554995 -0.312641 0.308343 2.734321 -0.295072 -3.780172 0.000000 0.000000 -0.356646
0.555024 -0.312706 0.308330 2.734760 -0.293849 -3.779504 0.000000 0.000000 -0.355791
0.555053 -0.312771 0.308318 2.735200 -0.292626 -3.778835 0.000000 0.000000 -0.354936
0.555082 -0.312836 0.308305 2.735639 -0.291402 -3.778166 0.000000 0.000000 -0.354081
0.555111 -0.312901 0.308292 2.736082 -0.290198 -3.777509 0.000000 0.000000 -0.353266
0.555140 -0.312966 0.308278 2.736537 -0.289046 -3.776887 0.000000 0.000000 -0.352558
0.555168 -0.313031 0.308263 2.736991 -0.287893 -3.776264 0.000000 0.000000 -0.351849
0.555197 -0.313097 0.308249 2.737446 -0.286740 -3.775642 0.000000 0.000000 -0.351141
0.555225 -0.313162 0.308235 2.737900 -0.285588 -3.775019 0.000000 0.000000 -0.350433
0.555254 -0.313227 0.308220 2.738355 -0.284435 -3.774397 0.000000 0.000000 -0.349725
0.555282 -0.313292 0.308206 2.738809 -0.283283 -3.773774 0.000000 0.000000 -0.349017
0.555311 -0.313357 0.308192 2.739264 -0.282130 -3.773152 0.000000 0.000000 -0.348308
0.555339 -0.313423 0.308177 2.739718 -0.280978 -3.772529 0.000000 0.000000 -0.347600
0.555368 -0.313488 0.308163 2.740173 -0.279825 -3.771907 0.000000 0.000000 -0.346892
0.555397 -0.313553 0.308149 2.740627 -0.278673 -3.771284 0.000000 0.000000 -0.346184
0.555425 -0.313618 0.308134 2.741082 -0.277520 -3.770662 0.000000 0.000000 -0.345476
0.555454 -0.313683 0.308120 2.741536 -0.276367 -3.770039 0.000000 0.000000 -0.344768
0.555482 -0.313748 0.308105 2.741990 -0.275215 -3.769417 0.000000 0.000000 -0.344059
0.555511 -0.313814 0.308091 2.742445 -0.274062 -3.768794 0.000000 0.000000 -0.343351
0.555539 -0.313879 0.308077 2.742899 -0.272910 -3.768172 0.000000 0.000000 -0.342643
0.555568 -0.313944 0.308062 2.743354 -0.271757 -3.767549 0.000000 0.000000 -0.341935
0.555597 -0.314010 0.308046 2.743819 -0.270644 -3.766959 0.000000 0.000000 -0.341654
0.555626 -0.314077 0.308028 2.744290 -0.269549 -3.766382 0.000000 0.000000 -0.341560
0.555655 -0.314144 0.308010 2.744760 -0.268453 -3.765806 0.000000 0.000000 -0.341467
0.555684 -0.314211 0.307993 2.745231 -0.267357 -3.765229 0.000000 0.000000 -0.341373
0.555713 -0.314277 0.307975 2.745701 -0.266262 -3.764653 0.000000 0.000000 -0.341280
0.555742 -0.314344 0.307957 2.746172 -0.265166 -3.764076 0.000000 0.000000 -0.341186
0.555770 -0.314411 0.307940 2.746642 -0.264070 -3.763500 0.000000 0.000000 -0.341093
0.555799 -0.314477 0.307922 2.747113 -0.262975 -3.762923 0.000000 0.000000 -0.340999
0.555828 -0.314544 0.307904 2.747583 -0.261879 -3.762347 0.000000 0.000000 -0.340906
0.555857 -0.314611 0.307887 2.748053 -0.260783 -3.761770 0.000000 0.000000 -0.340812
0.555886 -0.314678 0.307869 2.748524 -0.259688 -3.761194 0.000000 0.000000 -0.340719
0.555915 -0.314744 0.307851 2.748994 -0.258592 -3.760618 0.000000 0.000000 -0.340625
0.555944 -0.314811 0.307834 2.749465 -0.257497 -3.760041 0.000000 0.000000 -0.340532
0.555973 -0.314878 0.307816 2.749935 -0.256401 -3.759465 0.000000 0.000000 -0.340438
0.556002 -0.314945 0.307798 2.750406 -0.255305 -3.758888 0.000000 0.000000 -0.340345
0.556031 -0.315011 0.307781 2.750876 -0.254210 -3.758312 0.000000 0.000000 -0.340251
0.556060 -0.315078 0.307763 2.751347 -0.253114 -3.757735 0.000000 0.000000 -0.340158
0.556089 -0.315145 0.307745 2.751817 -0.252018 -3.757159 0.000000 0.000000 -0.340064
0.556118 -0.315212 0.307728 2.752288 -0.250923 -3.756582 0.000000 0.000000 -0.339970
0.556147 -0.315278 0.307710 2.752758 -0.249827 -3.756006 0.000000 0.000000 -0.339877
0.556176 -0.315345 0.307692 2.753228 -0.248731 -3.755429 0.000000 0.000000 -0.339783
0.556205 -0.315412 0.307675 2.753699 -0.247636 -3.754853 0.000000 0.000000 -0.339690
0.556235 -0.315480 0.307655 2.754179 -0.246567 -3.754303 0.000000 0.000000 -0.339864
0.556265 -0.315550 0.307633 2.754665 -0.245515 -3.753770 0.000000 0.000000 -0.340218
0.556296 -0.315619 0.307611 2.755151 -0.244464 -3.753237 0.000000 0.000000 -0.340572
0.556326 -0.315689 0.307590 2.755637 -0.243413 -3.752704 0.000000 0.000000 -0.340925
0.556357 -0.315758 0.307568 2.756123 -0.242361 -3.752171 0.000000 0.000000 -0.341279
0.556387 -0.315828 0.307546 2.756609 -0.241310 -3.751638 0.000000 0.000000 -0.341633
0.556418 -0.315897 0.307524 2.757095 -0.240259 -3.751105 0.000000 0.000000 -0.341987
0.556448 -0.315967 0.307503 2.757581 -0.239207 -3.750572 0.000000 0.000000 -0.342341
0.556479 -0.316036 0.307481 2.758068 -0.238156 -3.750039 0.000000 0.000000 -0.342695
0.556509 -0.316106 0.307459 2.758554 -0.237105 -3.749506 0.000000 0.000000 -0.343049
0.556540 -0.316176 0.307438 2.759040 -0.236053 -3.748973 0.000000 0.000000 -0.343402
0.556570 -0.316245 0.307416 2.759526 -0.235002 -3.748440 0.000000 0.000000 -0.343756
0.556601 -0.316315 0.307394 2.760012 -0.233951 -3.747907 0.000000 0.000000 -0.344110
0.556631 -0.316384 0.307373 2.760498 -0.232899 -3.747375 0.000000 0.000000 -0.344464
0.556662 -0.316454 0.307351 2.760984 -0.231848 -3.746842 0.000000 0.000000 -0.344818
0.556692 -0.316523 0.307329 2.761470 -0.230797 -3.746309 0.000000 0.000000 -0.345172
0.556723 -0.316593 0.307307 2.761957 -0.229746 -3.745777 0.000000 0.000000 -0.345524
0.556756 -0.316664 0.307285 2.762444 -0.228731 -3.745278 0.000000 0.000000 -0.345810
0.556789 -0.316735 0.307262 2.762932 -0.227715 -3.744779 0.000000 0.000000 -0.346097
0.556821 -0.316805 0.307239 2.763420 -0.226700 -3.744280 0.000000 0.000000 -0.346383
0.556854 -0.316876 0.307217 2.763907 -0.225684 -3.743781 0.000000 0.000000 -0.346670
0.556887 -0.316947 0.307194 2.764395 -0.224669 -3.743282 0.000000 0.000000 -0.346956
0.556920 -0.317018 0.307171 2.764883 -0.223653 -3.742783 0.000000 0.000000 -0.347243
0.556953 -0.317089 0.307149 2.765370 -0.222637 -3.742284 0.000000 0.000000 -0.347529
0.556985 -0.317160 0.307126 2.765858 -0.221622 -3.741785 0.000000 0.000000 -0.347815
0.557018 -0.317231 0.307103 2.766346 -0.220606 -3.741286 0.000000 0.000000 -0.348102
0.557051 -0.317302 0.307081 2.766833 -0.219591 -3.740787 0.000000 0.000000 -0.348388
0.557084 -0.317373 0.307058 2.767321 -0.218575 -3.740288 0.000000 0.000000 -0.348675
0.557117 -0.317444 0.307035 2.767809 -0.217560 -3.739789 0.000000 0.000000 -0.348961
0.557149 -0.317515 0.307013 2.768296 -0.216544 -3.739290 0.000000 0.000000 -0.349248
0.557182 -0.317586 0.306990 2.768784 -0.215528 -3.738791 0.000000 0.000000 -0.349534
0.557215 -0.317657 0.306967 2.769272 -0.214513 -3.738292 0.000000 0.000000 -0.349821
0.557248 -0.317728 0.306945 2.769759 -0.213497 -3.737793 0.000000 0.000000 -0.350107
0.557281 -0.317799 0.306921 2.770251 -0.212502 -3.737309 0.000000 0.000000 -0.350253
0.557314 -0.317872 0.306896 2.770746 -0.211532 -3.736843 0.000000 0.000000 -0.350227
0.557347 -0.317945 0.306872 2.771242 -0.210561 -3.736378 0.000000 0.000000 -0.350202
0.557380 -0.318018 0.306847 2.771737 -0.209591 -3.735912 0.000000 0.000000 -0.350177
0.557413 -0.318091 0.306822 2.772232 -0.208620 -3.735446 0.000000 0.000000 -0.350152
0.557446 -0.318164 0.306797 2.772728 -0.207649 -3.734981 0.000000 0.000000 -0.350127
0.557479 -0.318237 0.306773 2.773223 -0.206679 -3.734515 0.000000 0.000000 -0.350102
0.557513 -0.318310 0.306748 2.773719 -0.205708 -3.734049 0.000000 0.000000 -0.350077
0.557546 -0.318383 0.306723 2.774214 -0.204738 -3.733584 0.000000 0.000000 -0.350052
0.557579 -0.318456 0.306698 2.774710 -0.203767 -3.733118 0.000000 0.000000 -0.350026
0.557612 -0.318529 0.306674 2.775205 -0.202797 -3.732652 0.000000 0.000000 -0.350001
0.557645 -0.318602 0.306649 2.775700 -0.201826 -3.732187 0.000000 0.000000 -0.349976
0.557678 -0.318675 0.306624 2.776196 -0.200856 -3.731721 0.000000 0.000000 -0.349951
0.557711 -0.318748 0.306600 2.776691 -0.199885 -3.731255 0.000000 0.000000 -0.349926
0.557744 -0.318821 0.306575 2.777187 -0.198915 -3.730789 0.000000 0.000000 -0.349901
0.557777 -0.318894 0.306550 2.777682 -0.197944 -3.730324 0.000000 0.000000 -0.349876
0.557810 -0.318967 0.306525 2.778178 -0.196974 -3.729858 0.000000 0.000000 -0.349851
0.557844 -0.319040 0.306501 2.778673 -0.196003 -3.729392 0.000000 0.000000 -0.349825
0.557877 -0.319113 0.306476 2.779169 -0.195032 -3.728927 0.000000 0.000000 -0.349800
0.557910 -0.319186 0.306451 2.779664 -0.194062 -3.728461 0.000000 0.000000 -0.349775
0.557943 -0.319259 0.306426 2.780159 -0.193091 -3.727995 0.000000 0.000000 -0.349750
0.557976 -0.319332 0.306402 2.780655 -0.192121 -3.727530 0.000000 0.000000 -0.349725
0.558009 -0.319406 0.306377 2.781151 -0.191165 -3.727076 0.000000 0.000000 -0.349351
0.558043 -0.319481 0.306351 2.781650 -0.190235 -3.726645 0.000000 0.000000 -0.348344
0.558076 -0.319556 0.306325 2.782149 -0.189305 -3.726215 0.000000 0.000000 -0.347336
0.558110 -0.319631 0.306300 2.782648 -0.188374 -3.725784 0.000000 0.000000 -0.346329
0.558143 -0.319707 0.306274 2.783147 -0.187444 -3.725353 0.000000 0.000000 -0.345321
0.558177 -0.319782 0.306249 2.783645 -0.186514 -3.724922 0.000000 0.000000 -0.344313
0.558211 -0.319857 0.306223 2.784144 -0.185584 -3.724491 0.000000 0.000000 -0.343306
0.558244 -0.319932 0.306197 2.784643 -0.184654 -3.724061 0.000000 0.000000 -0.342298
0.558278 -0.320008 0.306172 2.785142 -0.183724 -3.723630 0.000000 0.000000 -0.341290
0.558311 -0.320083 0.306146 2.785640 -0.182794 -3.723199 0.000000 0.000000 -0.340283
0.558345 -0.320158 0.306120 2.786139 -0.181864 -3.722768 0.000000 0.000000 -0.339275
0.558378 -0.320233 0.306095 2.786638 -0.180934 -3.722337 0.000000 0.000000 -0.338268
0.558412 -0.320309 0.306069 2.787137 -0.180004 -3.721906 0.000000 0.000000 -0.337260
0.558445 -0.320384 0.306043 2.787636 -0.179074 -3.721476 0.000000 0.000000 -0.336252
0.558479 -0.320459 0.306018 2.788134 -0.178144 -3.721045 0.000000 0.000000 -0.335245
0.558512 -0.320534 0.305992 2.788633 -0.177214 -3.720614 0.000000 0.000000 -0.334237
0.558546 -0.320610 0.305966 2.789132 -0.176284 -3.720183 0.000000 0.000000 -0.333230
0.558580 -0.320686 0.305940 2.789630 -0.175387 -3.719782 0.000000 0.000000 -0.332092
0.558615 -0.320764 0.305914 2.790128 -0.174500 -3.719388 0.000000 0.000000 -0.330918
0.558649 -0.320841 0.305887 2.790626 -0.173613 -3.718995 0.000000 0.000000 -0.329744
0.558684 -0.320918 0.305861 2.791124 -0.172726 -3.718601 0.000000 0.000000 -0.328570
0.558718 -0.320995 0.305835 2.791622 -0.171839 -3.718208 0.000000 0.000000 -0.327396
0.558753 -0.321072 0.305808 2.792120 -0.170952 -3.717815 0.000000 0.000000 -0.326222
0.558787 -0.321150 0.305782 2.792618 -0.170066 -3.717421 0.000000 0.000000 -0.325048
0.558822 -0.321227 0.305756 2.793115 -0.169179 -3.717028 0.000000 0.000000 -0.323875
0.558856 -0.321304 0.305729 2.793613 -0.168292 -3.716634 0.000000 0.000000 -0.322701
0.558891 -0.321381 0.305703 2.794111 -0.167405 -3.716241 0.000000 0.000000 -0.321527
0.558925 -0.321458 0.305676 2.794609 -0.166518 -3.715847 0.000000 0.000000 -0.320353
0.558960 -0.321536 0.305650 2.795107 -0.165631 -3.715454 0.000000 0.000000 -0.319179
0.558995 -0.321613 0.305624 2.795605 -0.164744 -3.715061 0.000000 0.000000 -0.318005
0.559029 -0.321690 0.305597 2.796103 -0.163857 -3.714667 0.000000 0.000000 -0.316831
0.559064 -0.321767 0.305571 2.796601 -0.162970 -3.714274 0.000000 0.000000 -0.315657
0.559098 -0.321844 0.305544 2.797099 -0.162083 -3.713880 0.000000 0.000000 -0.314483
0.559132 -0.321921 0.305518 2.797595 -0.161207 -3.713494 0.000000 0.000000 -0.313219
0.559167 -0.321998 0.305492 2.798087 -0.160373 -3.713132 0.000000 0.000000 -0.311610
0.559201 -0.322075 0.305466 2.798578 -0.159539 -3.712770 0.000000 0.000000 -0.310001
0.559235 -0.322152 0.305441 2.799069 -0.158706 -3.712408 0.000000 0.000000 -0.308392
0.559269 -0.322229 0.305415 2.799560 -0.157872 -3.712046 0.000000 0.000000 -0.306783
0.559303 -0.322306 0.305389 2.800052 -0.157038 -3.711684 0.000000 0.000000 -0.305174
0.559337 -0.322383 0.305363 2.800543 -0.156204 -3.711322 0.000000 0.000000 -0.303565
0.559371 -0.322460 0.305337 2.801034 -0.155371 -3.710960 0.000000 0.000000 -0.301956
0.559405 -0.322537 0.305311 2.801526 -0.154537 -3.710598 0.000000 0.000000 -0.300347
0.559439 -0.322614 0.305285 2.802017 -0.153703 -3.710236 0.000000 0.000000 -0.298739
0.559473 -0.322691 0.305260 2.802508 -0.152869 -3.709875 0.000000 0.000000 -0.297130
0.559507 -0.322768 0.305234 2.802999 -0.152036 -3.709513 0.000000 0.000000 -0.295521
0.559541 -0.322845 0.305208 2.803491 -0.151202 -3.709151 0.000000 0.000000 -0.293912
0.559575 -0.322922 0.305182 2.803982 -0.150368 -3.708789 0.000000 0.000000 -0.292303
0.559609 -0.322999 0.305156 2.804473 -0.149534 -3.708427 0.000000 0.000000 -0.290694
0.559643 -0.323076 0.305130 2.804964 -0.148701 -3.708065 0.000000 0.000000 -0.289085
0.559677 -0.323153 0.305104 2.805456 -0.147867 -3.707703 0.000000 0.000000 -0.287476
0.559712 -0.323230 0.305079 2.805947 -0.147033 -3.707341 0.000000 0.000000 -0.285867
0.559746 -0.323307 0.305053 2.806438 -0.146199 -3.706979 0.000000 0.000000 -0.284259
0.559780 -0.323384 0.305027 2.806930 -0.145366 -3.706617 0.000000 0.000000 -0.282650
0.559814 -0.323461 0.305001 2.807421 -0.144532 -3.706256 0.000000 0.000000 -0.281041
0.559848 -0.323538 0.304975 2.807912 -0.143698 -3.705894 0.000000 0.000000 -0.279432
0.559882 -0.323614 0.304949 2.808404 -0.142871 -3.705535 0.000000 0.000000 -0.277755
0.559913 -0.323691 0.304921 2.808898 -0.142098 -3.705206 0.000000 0.000000 -0.275540
0.559945 -0.323767 0.304893 2.809392 -0.141324 -3.704876 0.000000 0.000000 -0.273325
0.559976 -0.323844 0.304865 2.809887 -0.140550 -3.704547 0.000000 0.000000 -0.271110
0.560008 -0.323920 0.304837 2.810381 -0.139777 -3.704217 0.000000 0.000000 -0.268895
0.560040 -0.323996 0.304809 2.810875 -0.139003 -3.703888 0.000000 0.000000 -0.266680
0.560071 -0.324073 0.304781 2.811370 -0.138230 -3.703559 0.000000 0.000000 -0.264465
0.560103 -0.324149 0.304754 2.811864 -0.137456 -3.703229 0.000000 0.000000 -0.262250
0.560134 -0.324226 0.304726 2.812358 -0.136683 -3.702900 0.000000 0.000000 -0.260035
0.560166 -0.324302 0.304698 2.812852 -0.135909 -3.702570 0.000000 0.000000 -0.257820
0.560198 -0.324378 0.304670 2.813347 -0.135135 -3.702241 0.000000 0.000000 -0.255605
0.560229 -0.324455 0.304642 2.813841 -0.134362 -3.701911 0.000000 0.000000 -0.253390
0.560261 -0.324531 0.304614 2.814335 -0.133588 -3.701582 0.000000 0.000000 -0.251175
0.560292 -0.324608 0.304586 2.814830 -0.132815 -3.701252 0.000000 0.000000 -0.248960
0.560324 -0.324684 0.304558 2.815324 -0.132041 -3.700923 0.000000 0.000000 -0.246745
0.560356 -0.324760 0.304530 2.815818 -0.131268 -3.700593 0.000000 0.000000 -0.244529
0.560387 -0.324837 0.304502 2.816312 -0.130494 -3.700264 0.000000 0.000000 -0.242314
0.560419 -0.324914 0.304472 2.816810 -0.129743 -3.699951 0.000000 0.000000 -0.239999
0.560450 -0.324993 0.304441 2.817310 -0.129010 -3.699652 0.000000 0.000000 -0.237597
0.560482 -0.325072 0.304410 2.817810 -0.128278 -3.699353 0.000000 0.000000 -0.235195
0.560514 -0.325150 0.304379 2.818311 -0.127546 -3.699054 0.000000 0.000000 -0.232794
0.560545 -0.325229 0.304348 2.818811 -0.126813 -3.698756 0.000000 0.000000 -0.230392
0.560577 -0.325307 0.304317 2.819311 -0.126081 -3.698457 0.000000 0.000000 -0.227990
0.560608 -0.325386 0.304286 2.819811 -0.125348 -3.698158 0.000000 0.000000 -0.225588
0.560640 -0.325465 0.304255 2.820312 -0.124616 -3.697859 0.000000 0.000000 -0.223186
0.560672 -0.325543 0.304223 2.820812 -0.123883 -3.697561 0.000000 0.000000 -0.220785
0.560703 -0.325622 0.304192 2.821312 -0.123151 -3.697262 0.000000 0.000000 -0.218383
0.560735 -0.325701 0.304161 2.821812 -0.122419 -3.696963 0.000000 0.000000 -0.215981
0.560767 -0.325779 0.304130 2.822312 -0.121686 -3.696664 0.000000 0.000000 -0.213579
0.560798 -0.325858 0.304099 2.822813 -0.120954 -3.696365 0.000000 0.000000 -0.211178
0.560830 -0.325936 0.304068 2.823313 -0.120221 -3.696067 0.000000 0.000000 -0.208776
0.560861 -0.326015 0.304037 2.823813 -0.119489 -3.695768 0.000000 0.000000 -0.206374
0.560893 -0.326094 0.304006 2.824313 -0.118757 -3.695469 0.000000 0.000000 -0.203972
0.560925 -0.326172 0.303974 2.824814 -0.118024 -3.695170 0.000000 0.000000 -0.201571
0.560956 -0.326251 0.303942 2.825311 -0.117327 -3.694898 0.000000 0.000000 -0.199528
0.560987 -0.326330 0.303909 2.825808 -0.116631 -3.694627 0.000000 0.000000 -0.197499
0.561019 -0.326409 0.303876 2.826305 -0.115935 -3.694357 0.000000 0.000000 -0.195470
0.561050 -0.326488 0.303843 2.826802 -0.115239 -3.694086 0.000000 0.000000 -0.193440
0.561082 -0.326567 0.303810 2.827299 -0.114543 -3.693815 0.000000 0.000000 -0.191411
0.561113 -0.326646 0.303777 2.827796 -0.113847 -3.693544 0.000000 0.000000 -0.189382
0.561145 -0.326725 0.303744 2.828292 -0.113151 -3.693273 0.000000 0.000000 -0.187352
0.561176 -0.326804 0.303712 2.828789 -0.112455 -3.693002 0.000000 0.000000 -0.185323
0.561207 -0.326883 0.303679 2.829286 -0.111759 -3.692731 0.000000 0.000000 -0.183294
0.561239 -0.326962 0.303646 2.829783 -0.111063 -3.692460 0.000000 0.000000 -0.181264
0.561270 -0.327041 0.303613 2.830280 -0.110367 -3.692189 0.000000 0.000000 -0.179235
0.561302 -0.327119 0.303580 2.830777 -0.109671 -3.691919 0.000000 0.000000 -0.177206
0.561333 -0.327198 0.303547 2.831274 -0.108975 -3.691648 0.000000 0.000000 -0.175176
0.561365 -0.327277 0.303514 2.831771 -0.108279 -3.691377 0.000000 0.000000 -0.173147
0.561396 -0.327356 0.303482 2.832268 -0.107583 -3.691106 0.000000 0.000000 -0.171118
0.561427 -0.327435 0.303449 2.832765 -0.106887 -3.690835 0.000000 0.000000 -0.169088
0.561459 -0.327514 0.303416 2.833262 -0.106191 -3.690564 0.000000 0.000000 -0.167059
0.561490 -0.327593 0.303383 2.833759 -0.105495 -3.690293 0.000000 0.000000 -0.165029
0.561522 -0.327672 0.303350 2.834256 -0.104799 -3.690022 0.000000 0.000000 -0.163000
0.561553 -0.327751 0.303317 2.834753 -0.104103 -3.689751 0.000000 0.000000 -0.160971
0.561585 -0.327830 0.303284 2.835250 -0.103407 -3.689481 0.000000 0.000000 -0.158941
0.561616 -0.327909 0.303252 2.835747 -0.102711 -3.689210 0.000000 0.000000 -0.156912
0.561648 -0.327987 0.303218 2.836234 -0.102046 -3.688962 0.000000 0.000000 -0.155393
0.561679 -0.328065 0.303183 2.836720 -0.101386 -3.688718 0.000000 0.000000 -0.153951
0.561711 -0.328143 0.303149 2.837206 -0.100726 -3.688475 0.000000 0.000000 -0.152510
0.561743 -0.328221 0.303115 2.837691 -0.100066 -3.688231 0.000000 0.000000 -0.151068
0.561774 -0.328300 0.303080 2.838177 -0.099405 -3.687987 0.000000 0.000000 -0.149627
0.561806 -0.328378 0.303046 2.838663 -0.098745 -3.687743 0.000000 0.000000 -0.148185
0.561838 -0.328456 0.303012 2.839148 -0.098085 -3.687499 0.000000 0.000000 -0.146743
0.561869 -0.328534 0.302978 2.839634 -0.097425 -3.687255 0.000000 0.000000 -0.145302
0.561901 -0.328612 0.302943 2.840120 -0.096765 -3.687011 0.000000 0.000000 -0.143860
0.561933 -0.328690 0.302909 2.840605 -0.096105 -3.686768 0.000000 0.000000 -0.142418
0.561965 -0.328768 0.302875 2.841091 -0.095444 -3.686524 0.000000 0.000000 -0.140977
0.561996 -0.328847 0.302840 2.841577 -0.094784 -3.686280 0.000000 0.000000 -0.139535
0.562028 -0.328925 0.302806 2.842063 -0.094124 -3.686036 0.000000 0.000000 -0.138094
0.562060 -0.329003 0.302772 2.842548 -0.093464 -3.685792 0.000000 0.000000 -0.136652
0.562091 -0.329081 0.302738 2.843034 -0.092804 -3.685548 0.000000 0.000000 -0.135210
0.562123 -0.329159 0.302703 2.843520 -0.092144 -3.685304 0.000000 0.000000 -0.133769
0.562154 -0.329236 0.302669 2.844000 -0.091496 -3.685066 0.000000 0.000000 -0.132405
0.562185 -0.329311 0.302634 2.844466 -0.090880 -3.684842 0.000000 0.000000 -0.131228
0.562215 -0.329386 0.302600 2.844932 -0.090265 -3.684618 0.000000 0.000000 -0.130050
0.562246 -0.329461 0.302565 2.845399 -0.089649 -3.684394 0.000000 0.000000 -0.128873
0.562276 -0.329536 0.302531 2.845865 -0.089033 -3.684170 0.000000 0.000000 -0.127696
0.562307 -0.329611 0.302496 2.846332 -0.088417 -3.683945 0.000000 0.000000 -0.126518
0.562338 -0.329685 0.302461 2.846798 -0.087801 -3.683721 0.000000 0.000000 -0.125341
0.562368 -0.329760 0.302427 2.847264 -0.087185 -3.683497 0.000000 0.000000 -0.124164
0.562399 -0.329835 0.302392 2.847731 -0.086569 -3.683273 0.000000 0.000000 -0.122986
0.562429 -0.329910 0.302357 2.848197 -0.085953 -3.683049 0.000000 0.000000 -0.121809
0.562460 -0.329985 0.302323 2.848663 -0.085337 -3.682824 0.000000 0.000000 -0.120632
0.562490 -0.330060 0.302288 2.849130 -0.084721 -3.682600 0.000000 0.000000 -0.119454
0.562521 -0.330135 0.302254 2.849596 -0.084105 -3.682376 0.000000 0.000000 -0.118277
0.562551 -0.330209 0.302219 2.850062 -0.083489 -3.682152 0.000000 0.000000 -0.117100
0.562582 -0.330284 0.302184 2.850529 -0.082873 -3.681928 0.000000 0.000000 -0.115922
0.562612 -0.330359 0.302150 2.850995 -0.082257 -3.681703 0.000000 0.000000 -0.114745
0.562643 -0.330434 0.302115 2.851461 -0.081641 -3.681479 0.000000 0.000000 -0.113568
0.562671 -0.330507 0.302080 2.851917 -0.081060 -3.681268 0.000000 0.000000 -0.112531
0.562699 -0.330579 0.302045 2.852368 -0.080491 -3.681063 0.000000 0.000000 -0.111549
0.562727 -0.330651 0.302010 2.852819 -0.079923 -3.680857 0.000000 0.000000 -0.110567
0.562755 -0.330723 0.301975 2.853270 -0.079355 -3.680651 0.000000 0.000000 -0.109585
0.562783 -0.330795 0.301940 2.853721 -0.078787 -3.680446 0.000000 0.000000 -0.108603
0.562811 -0.330867 0.301905 2.854173 -0.078219 -3.680240 0.000000 0.000000 -0.107620
0.562839 -0.330939 0.301870 2.854624 -0.077651 -3.680034 0.000000 0.000000 -0.106638
0.562866 -0.331011 0.301834 2.855075 -0.077083 -3.679829 0.000000 0.000000 -0.105656
0.562894 -0.331083 0.301799 2.855526 -0.076515 -3.679623 0.000000 0.000000 -0.104674
0.562922 -0.331154 0.301764 2.855977 -0.075947 -3.679417 0.000000 0.000000 -0.103692
0.562950 -0.331226 0.301729 2.856428 -0.075379 -3.679212 0.000000 0.000000 -0.102710
0.562978 -0.331298 0.301694 2.856880 -0.074811 -3.679006 0.000000 0.000000 -0.101727
0.563006 -0.331370 0.301659 2.857331 -0.074243 -3.678800 0.000000 0.000000 -0.100745
0.563034 -0.331442 0.301624 2.857782 -0.073675 -3.678595 0.000000 0.000000 -0.099763
0.563062 -0.331514 0.301589 2.858233 -0.073107 -3.678389 0.000000 0.000000 -0.098781
0.563089 -0.331586 0.301554 2.858684 -0.072538 -3.678183 0.000000 0.000000 -0.097799
0.563117 -0.331658 0.301519 2.859135 -0.071970 -3.677978 0.000000 0.000000 -0.096816
0.563145 -0.331730 0.301483 2.859587 -0.071402 -3.677772 0.000000 0.000000 -0.095834
0.563173 -0.331802 0.301448 2.860038 -0.070834 -3.677566 0.000000 0.000000 -0.094852
0.563201 -0.331874 0.301413 2.860489 -0.070266 -3.677361 0.000000 0.000000 -0.093870
0.563229 -0.331946 0.301378 2.860940 -0.069698 -3.677155 0.000000 0.000000 -0.092888
0.563257 -0.332018 0.301343 2.861391 -0.069130 -3.676949 0.000000 0.000000 -0.091905
0.563283 -0.332087 0.301308 2.861829 -0.068592 -3.676754 0.000000 0.000000 -0.090683
0.563308 -0.332155 0.301273 2.862259 -0.068072 -3.676566 0.000000 0.000000 -0.089317
0.563333 -0.332223 0.301238 2.862690 -0.067551 -3.676377 0.000000 0.000000 -0.087951
0.563358 -0.332290 0.301203 2.863120 -0.067031 -3.676189 0.000000 0.000000 -0.086586
0.563383 -0.332358 0.301168 2.863550 -0.066511 -3.676000 0.000000 0.000000 -0.085220
0.563408 -0.332426 0.301133 2.863980 -0.065990 -3.675812 0.000000 0.000000 -0.083854
0.563433 -0.332493 0.301098 2.864410 -0.065470 -3.675623 0.000000 0.000000 -0.082488
0.563459 -0.332561 0.301063 2.864841 -0.064950 -3.675435 0.000000 0.000000 -0.081122
0.563484 -0.332629 0.301028 2.865271 -0.064429 -3.675246 0.000000 0.000000 -0.079756
0.563509 -0.332696 0.300993 2.865701 -0.063909 -3.675057 0.000000 0.000000 -0.078390
0.563534 -0.332764 0.300958 2.866131 -0.063389 -3.674869 0.000000 0.000000 -0.077024
0.563559 -0.332832 0.300923 2.866561 -0.062869 -3.674680 0.000000 0.000000 -0.075658
0.563584 -0.332899 0.300888 2.866991 -0.062348 -3.674492 0.000000 0.000000 -0.074292
0.563609 -0.332967 0.300853 2.867422 -0.061828 -3.674303 0.000000 0.000000 -0.072926
0.563634 -0.333035 0.300818 2.867852 -0.061308 -3.674115 0.000000 0.000000 -0.071561
0.563659 -0.333102 0.300783 2.868282 -0.060787 -3.673926 0.000000 0.000000 -0.070195
0.563684 -0.333170 0.300748 2.868711 -0.060270 -3.673739 0.000000 0.000000 -0.068832
0.563707 -0.333233 0.300715 2.869114 -0.059797 -3.673568 0.000000 0.000000 -0.067538
0.563730 -0.333296 0.300682 2.869517 -0.059324 -3.673397 0.000000 0.000000 -0.066244
0.563752 -0.333359 0.300648 2.869920 -0.058852 -3.673226 0.000000 0.000000 -0.064950
0.563775 -0.333423 0.300615 2.870323 -0.058379 -3.673056 0.000000 0.000000 -0.063656
0.563798 -0.333486 0.300582 2.870726 -0.057907 -3.672885 0.000000 0.000000 -0.062362
0.563820 -0.333549 0.300549 2.871129 -0.057434 -3.672714 0.000000 0.000000 -0.061068
0.563843 -0.333612 0.300515 2.871533 -0.056962 -3.672544 0.000000 0.000000 -0.059774
0.563866 -0.333675 0.300482 2.871936 -0.056489 -3.672373 0.000000 0.000000 -0.058480
0.563888 -0.333739 0.300449 2.872339 -0.056016 -3.672202 0.000000 0.000000 -0.057186
0.563911 -0.333802 0.300416 2.872742 -0.055544 -3.672032 0.000000 0.000000 -0.055892
0.563934 -0.333865 0.300382 2.873145 -0.055071 -3.671861 0.000000 0.000000 -0.054598
0.563956 -0.333928 0.300349 2.873548 -0.054599 -3.671690 0.000000 0.000000 -0.053304
0.563979 -0.333992 0.300316 2.873951 -0.054126 -3.671519 0.000000 0.000000 -0.052010
0.564002 -0.334055 0.300283 2.874354 -0.053654 -3.671349 0.000000 0.000000 -0.050716
0.564024 -0.334118 0.300249 2.874758 -0.053181 -3.671178 0.000000 0.000000 -0.049422
0.564047 -0.334181 0.300216 2.875161 -0.052708 -3.671007 0.000000 0.000000 -0.048128
0.564069 -0.334242 0.300184 2.875551 -0.052260 -3.670850 0.000000 0.000000 -0.046633
0.564089 -0.334301 0.300154 2.875926 -0.051839 -3.670706 0.000000 0.000000 -0.044920
0.564110 -0.334360 0.300123 2.876302 -0.051417 -3.670562 0.000000 0.000000 -0.043208
0.564130 -0.334418 0.300093 2.876678 -0.050996 -3.670418 0.000000 0.000000 -0.041495
0.564151 -0.334477 0.300063 2.877054 -0.050575 -3.670274 0.000000 0.000000 -0.039782
0.564171 -0.334536 0.300032 2.877430 -0.050153 -3.670130 0.000000 0.000000 -0.038070
0.564192 -0.334594 0.300002 2.877805 -0.049732 -3.669986 0.000000 0.000000 -0.036357
0.564212 -0.334653 0.299971 2.878181 -0.049310 -3.669842 0.000000 0.000000 -0.034644
0.564233 -0.334712 0.299941 2.878557 -0.048889 -3.669698 0.000000 0.000000 -0.032932
0.564253 -0.334770 0.299910 2.878933 -0.048467 -3.669555 0.000000 0.000000 -0.031219
0.564274 -0.334829 0.299880 2.879308 -0.048046 -3.669411 0.000000 0.000000 -0.029507
0.564294 -0.334888 0.299849 2.879684 -0.047624 -3.669267 0.000000 0.000000 -0.027794
0.564315 -0.334946 0.299819 2.880060 -0.047203 -3.669123 0.000000 0.000000 -0.026081
0.564336 -0.335005 0.299789 2.880436 -0.046781 -3.668979 0.000000 0.000000 -0.024369
0.564356 -0.335064 0.299758 2.880812 -0.046360 -3.668835 0.000000 0.000000 -0.022656
0.564377 -0.335122 0.299728 2.881187 -0.045939 -3.668691 0.000000 0.000000 -0.020943
0.564397 -0.335181 0.299697 2.881563 -0.045517 -3.668547 0.000000 0.000000 -0.019231
0.564418 -0.335240 0.299667 2.881939 -0.045096 -3.668404 0.000000 0.000000 -0.017518
0.564438 -0.335299 0.299636 2.882315 -0.044674 -3.668260 0.000000 0.000000 -0.015805
0.564459 -0.335357 0.299606 2.882691 -0.044253 -3.668116 0.000000 0.000000 -0.014093
0.564479 -0.335416 0.299575 2.883066 -0.043831 -3.667972 0.000000 0.000000 -0.012380
0.564500 -0.335475 0.299545 2.883442 -0.043410 -3.667828 0.000000 0.000000 -0.010667
0.564520 -0.335531 0.299516 2.883803 -0.043007 -3.667692 0.000000 0.000000 -0.008911
0.564539 -0.335582 0.299490 2.884138 -0.042634 -3.667568 0.000000 0.000000 -0.007085
0.564559 -0.335634 0.299465 2.884474 -0.042261 -3.667444 0.000000 0.000000 -0.005259
0.564578 -0.335686 0.299439 2.884809 -0.041888 -3.667321 0.000000 0.000000 -0.003433
0.564598 -0.335738 0.299413 2.885145 -0.041515 -3.667197 0.000000 0.000000 -0.001607
0.564618 -0.335790 0.299387 2.885480 -0.041142 -3.667073 0.000000 0.000000 0.000219
0.564637 -0.335842 0.299361 2.885816 -0.040769 -3.666949 0.000000 0.000000 0.002045
0.564657 -0.335893 0.299336 2.886151 -0.040396 -3.666826 0.000000 0.000000 0.003871
0.564676 -0.335945 0.299310 2.886487 -0.040023 -3.666702 0.000000 0.000000 0.005697
0.564696 -0.335997 0.299284 2.886822 -0.039650 -3.666578 0.000000 0.000000 0.007523
0.564715 -0.336049 0.299258 2.887158 -0.039277 -3.666454 0.000000 0.000000 0.009349
0.564735 -0.336101 0.299232 2.887493 -0.038904 -3.666331 0.000000 0.000000 0.011175
0.564754 -0.336152 0.299207 2.887829 -0.038531 -3.666207 0.000000 0.000000 0.013001
0.564774 -0.336204 0.299181 2.888164 -0.038158 -3.666083 0.000000 0.000000 0.014827
0.564793 -0.336256 0.299155 2.888500 -0.037785 -3.665959 0.000000 0.000000 0.016653
0.564813 -0.336308 0.299129 2.888835 -0.037412 -3.665836 0.000000 0.000000 0.018479
0.564832 -0.336360 0.299103 2.889171 -0.037039 -3.665712 0.000000 0.000000 0.020305
0.564850 -0.336406 0.299080 2.889480 -0.036711 -3.665608 0.000000 0.000000 0.022266
0.564867 -0.336451 0.299057 2.889783 -0.036393 -3.665508 0.000000 0.000000 0.024260
0.564884 -0.336497 0.299035 2.890086 -0.036076 -3.665409 0.000000 0.000000 0.026253
0.564902 -0.336542 0.299012 2.890389 -0.035758 -3.665310 0.000000 0.000000 0.028247
0.564919 -0.336587 0.298990 2.890693 -0.035440 -3.665210 0.000000 0.000000 0.030240
0.564936 -0.336632 0.298967 2.890996 -0.035123 -3.665111 0.000000 0.000000 0.032234
0.564953 -0.336677 0.298944 2.891299 -0.034805 -3.665011 0.000000 0.000000 0.034227
0.564971 -0.336723 0.298922 2.891602 -0.034488 -3.664912 0.000000 0.000000 0.036220
0.564988 -0.336768 0.298899 2.891905 -0.034170 -3.664813 0.000000 0.000000 0.038214
0.565005 -0.336813 0.298877 2.892208 -0.033853 -3.664713 0.000000 0.000000 0.040207
0.565022 -0.336858 0.298854 2.892511 -0.033535 -3.664614 0.000000 0.000000 0.042201
0.565040 -0.336904 0.298831 2.892814 -0.033218 -3.664515 0.000000 0.000000 0.044194
0.565057 -0.336949 0.298809 2.893117 -0.032900 -3.664415 0.000000 0.000000 0.046188
0.565074 -0.336994 0.298786 2.893420 -0.032583 -3.664316 0.000000 0.000000 0.048181
0.565091 -0.337039 0.298764 2.893724 -0.032265 -3.664216 0.000000 0.000000 0.050175
0.565109 -0.337084 0.298741 2.894027 -0.031948 -3.664117 0.000000 0.000000 0.052168
0.565126 -0.337128 0.298719 2.894323 -0.031641 -3.664023 0.000000 0.000000 0.054223
0.565142 -0.337168 0.298699 2.894599 -0.031372 -3.663945 0.000000 0.000000 0.056477
0.565158 -0.337208 0.298678 2.894875 -0.031102 -3.663868 0.000000 0.000000 0.058731
0.565174 -0.337248 0.298658 2.895151 -0.030832 -3.663790 0.000000 0.000000 0.060986
0.565191 -0.337288 0.298638 2.895427 -0.030563 -3.663713 0.000000 0.000000 0.063240
0.565207 -0.337328 0.298617 2.895703 -0.030293 -3.663635 0.000000 0.000000 0.065494
0.565223 -0.337368 0.298597 2.895979 -0.030024 -3.663558 0.000000 0.000000 0.067748
0.565239 -0.337408 0.298576 2.896255 -0.029754 -3.663480 0.000000 0.000000 0.070002
0.565256 -0.337448 0.298556 2.896531 -0.029484 -3.663403 0.000000 0.000000 0.072256
0.565272 -0.337488 0.298536 2.896807 -0.029215 -3.663325 0.000000 0.000000 0.074510
0.565288 -0.337529 0.298515 2.897083 -0.028945 -3.663248 0.000000 0.000000 0.076764
0.565304 -0.337569 0.298495 2.897359 -0.028675 -3.663170 0.000000 0.000000 0.079019
0.565320 -0.337609 0.298475 2.897635 -0.028406 -3.663093 0.000000 0.000000 0.081273
0.565337 -0.337649 0.298454 2.897911 -0.028136 -3.663015 0.000000 0.000000 0.083527
0.565353 -0.337689 0.298434 2.898187 -0.027866 -3.662938 0.000000 0.000000 0.085781
0.565369 -0.337729 0.298414 2.898463 -0.027597 -3.662860 0.000000 0.000000 0.088035
0.565385 -0.337769 0.298393 2.898739 -0.027327 -3.662783 0.000000 0.000000 0.090289
0.565402 -0.337809 0.298373 2.899015 -0.027057 -3.662705 0.000000 0.000000 0.092543
0.565418 -0.337849 0.298353 2.899291 -0.026788 -3.662628 0.000000 0.000000 0.094797
0.565434 -0.337889 0.298332 2.899567 -0.026518 -3.662550 0.000000 0.000000 0.097052
0.565450 -0.337929 0.298312 2.899843 -0.026248 -3.662473 0.000000 0.000000 0.099306
0.565466 -0.337969 0.298292 2.900119 -0.025979 -3.662395 0.000000 0.000000 0.101560
0.565483 -0.338008 0.298272 2.900390 -0.025715 -3.662319 0.000000 0.000000 0.103780
0.565498 -0.338042 0.298253 2.900635 -0.025487 -3.662255 0.000000 0.000000 0.105788
0.565514 -0.338077 0.298235 2.900879 -0.025258 -3.662190 0.000000 0.000000 0.107796
0.565530 -0.338111 0.298216 2.901124 -0.025030 -3.662126 0.000000 0.000000 0.109804
0.565546 -0.338146 0.298198 2.901368 -0.024802 -3.662062 0.000000 0.000000 0.111812
0.565561 -0.338180 0.298179 2.901612 -0.024574 -3.661997 0.000000 0.000000 0.113820
0.565577 -0.338215 0.298160 2.901857 -0.024346 -3.661933 0.000000 0.000000 0.115828
0.565593 -0.338249 0.298142 2.902101 -0.024118 -3.661868 0.000000 0.000000 0.117836
0.565609 -0.338284 0.298123 2.902345 -0.023890 -3.661804 0.000000 0.000000 0.119844
0.565624 -0.338318 0.298105 2.902590 -0.023661 -3.661739 0.000000 0.000000 0.121852
0.565640 -0.338353 0.298086 2.902834 -0.023433 -3.661675 0.000000 0.000000 0.123860
0.565656 -0.338387 0.298068 2.903079 -0.023205 -3.661610 0.000000 0.000000 0.125868
0.565672 -0.338422 0.298049 2.903323 -0.022977 -3.661546 0.000000 0.000000 0.127876
0.565687 -0.338456 0.298031 2.903567 -0.022749 -3.661481 0.000000 0.000000 0.129884
0.565703 -0.338491 0.298012 2.903812 -0.022521 -3.661417 0.000000 0.000000 0.131892
0.565719 -0.338525 0.297994 2.904056 -0.022292 -3.661352 0.000000 0.000000 0.133900
0.565735 -0.338560 0.297975 2.904300 -0.022064 -3.661288 0.000000 0.000000 0.135908
0.565749 -0.338590 0.297959 2.904522 -0.021863 -3.661234 0.000000 0.000000 0.137734
0.565763 -0.338617 0.297944 2.904726 -0.021683 -3.661188 0.000000 0.000000 0.139419
0.565777 -0.338644 0.297929 2.904930 -0.021503 -3.661142 0.000000 0.000000 0.141105
0.565791 -0.338671 0.297914 2.905134 -0.021322 -3.661095 0.000000 0.000000 0.142790
0.565805 -0.338698 0.297899 2.905338 -0.021142 -3.661049 0.000000 0.000000 0.144475
0.565819 -0.338725 0.297884 2.905542 -0.020962 -3.661003 0.000000 0.000000 0.146161
0.565833 -0.338752 0.297869 2.905746 -0.020781 -3.660957 0.000000 0.000000 0.147846
0.565847 -0.338779 0.297854 2.905950 -0.020601 -3.660911 0.000000 0.000000 0.149532
0.565862 -0.338806 0.297839 2.906154 -0.020421 -3.660864 0.000000 0.000000 0.151217
0.565876 -0.338833 0.297824 2.906358 -0.020241 -3.660818 0.000000 0.000000 0.152903
0.565890 -0.338860 0.297809 2.906562 -0.020060 -3.660772 0.000000 0.000000 0.154588
0.565904 -0.338887 0.297794 2.906766 -0.019880 -3.660726 0.000000 0.000000 0.156274
0.565918 -0.338914 0.297779 2.906970 -0.019700 -3.660680 0.000000 0.000000 0.157959
0.565932 -0.338940 0.297764 2.907174 -0.019519 -3.660633 0.000000 0.000000 0.159644
0.565946 -0.338967 0.297749 2.907378 -0.019339 -3.660587 0.000000 0.000000 0.161330
0.565960 -0.338994 0.297734 2.907582 -0.019159 -3.660541 0.000000 0.000000 0.163015
0.565974 -0.339021 0.297719 2.907786 -0.018979 -3.660495 0.000000 0.000000 0.164701
0.565987 -0.339043 0.297707 2.907953 -0.018829 -3.660464 0.000000 0.000000 0.165649
0.566001 -0.339064 0.297695 2.908120 -0.018680 -3.660434 0.000000 0.000000 0.166593
0.566014 -0.339086 0.297683 2.908286 -0.018531 -3.660404 0.000000 0.000000 0.167536
0.566028 -0.339107 0.297670 2.908453 -0.018382 -3.660374 0.000000 0.000000 0.168480
0.566041 -0.339129 0.297658 2.908620 -0.018233 -3.660343 0.000000 0.000000 0.169423
0.566055 -0.339151 0.297646 2.908786 -0.018084 -3.660313 0.000000 0.000000 0.170367
0.566068 -0.339172 0.297634 2.908953 -0.017935 -3.660283 0.000000 0.000000 0.171310
0.566082 -0.339194 0.297622 2.909120 -0.017786 -3.660253 0.000000 0.000000 0.172254
0.566096 -0.339215 0.297610 2.909286 -0.017637 -3.660222 0.000000 0.000000 0.173197
0.566109 -0.339237 0.297598 2.909453 -0.017488 -3.660192 0.000000 0.000000 0.174141
0.566123 -0.339258 0.297586 2.909619 -0.017339 -3.660162 0.000000 0.000000 0.175084
0.566136 -0.339280 0.297574 2.909786 -0.017190 -3.660132 0.000000 0.000000 0.176028
0.566150 -0.339301 0.297562 2.909953 -0.017041 -3.660101 0.000000 0.000000 0.176971
0.566163 -0.339323 0.297549 2.910119 -0.016892 -3.660071 0.000000 0.000000 0.177915
0.566177 -0.339344 0.297537 2.910286 -0.016743 -3.660041 0.000000 0.000000 0.178858
0.566190 -0.339366 0.297525 2.910453 -0.016594 -3.660011 0.000000 0.000000 0.179802
0.566204 -0.339387 0.297513 2.910619 -0.016445 -3.659980 0.000000 0.000000 0.180745
0.566217 -0.339409 0.297501 2.910786 -0.016296 -3.659950 0.000000 0.000000 0.181689
0.566231 -0.339430 0.297489 2.910952 -0.016147 -3.659920 0.000000 0.000000 0.182632
0.566245 -0.339452 0.297477 2.911119 -0.015998 -3.659890 0.000000 0.000000 0.183576
0.566258 -0.339474 0.297465 2.911286 -0.015849 -3.659859 0.000000 0.000000 0.184519
0.566272 -0.339495 0.297453 2.911452 -0.015700 -3.659829 0.000000 0.000000 0.185463
0.566286 -0.339513 0.297445 2.911585 -0.015561 -3.659804 0.000000 0.000000 0.186017
0.566300 -0.339530 0.297437 2.911713 -0.015424 -3.659781 0.000000 0.000000 0.186525
0.566314 -0.339547 0.297429 2.911841 -0.015287 -3.659757 0.000000 0.000000 0.187034
0.566328 -0.339565 0.297422 2.911970 -0.015150 -3.659733 0.000000 0.000000 0.187543
0.566342 -0.339582 0.297414 2.912098 -0.015013 -3.659709 0.000000 0.000000 0.188051
0.566356 -0.339599 0.297406 2.912226 -0.014876 -3.659685 0.000000 0.000000 0.188560
0.566370 -0.339616 0.297399 2.912354 -0.014739 -3.659661 0.000000 0.000000 0.189069
0.566384 -0.339634 0.297391 2.912483 -0.014602 -3.659637 0.000000 0.000000 0.189578
0.566398 -0.339651 0.297383 2.912611 -0.014465 -3.659613 0.000000 0.000000 0.190086
0.566412 -0.339668 0.297376 2.912739 -0.014328 -3.659589 0.000000 0.000000 0.190595
0.566426 -0.339686 0.297368 2.912868 -0.014191 -3.659565 0.000000 0.000000 0.191104
0.566440 -0.339703 0.297361 2.912996 -0.014054 -3.659541 0.000000 0.000000 0.191612
0.566454 -0.339720 0.297353 2.913124 -0.013917 -3.659517 0.000000 0.000000 0.192121
0.566468 -0.339737 0.297345 2.913253 -0.013780 -3.659493 0.000000 0.000000 0.192630
0.566482 -0.339755 0.297338 2.913381 -0.013643 -3.659469 0.000000 0.000000 0.193138
0.566496 -0.339772 0.297330 2.913509 -0.013506 -3.659445 0.000000 0.000000 0.193647
0.566509 -0.339787 0.297323 2.913626 -0.013377 -3.659421 0.000000 0.000000 0.194239
0.566521 -0.339799 0.297319 2.913720 -0.013263 -3.659398 0.000000 0.000000 0.195003
0.566534 -0.339810 0.297315 2.913813 -0.013149 -3.659374 0.000000 0.000000 0.195768
0.566546 -0.339821 0.297311 2.913907 -0.013036 -3.659350 0.000000 0.000000 0.196533
0.566558 -0.339832 0.297306 2.914000 -0.012922 -3.659326 0.000000 0.000000 0.197298
0.566570 -0.339844 0.297302 2.914094 -0.012809 -3.659302 0.000000 0.000000 0.198063
0.566582 -0.339855 0.297298 2.914187 -0.012695 -3.659278 0.000000 0.000000 0.198828
0.566594 -0.339866 0.297293 2.914281 -0.012581 -3.659254 0.000000 0.000000 0.199593
0.566606 -0.339877 0.297289 2.914375 -0.012468 -3.659230 0.000000 0.000000 0.200358
0.566619 -0.339889 0.297285 2.914468 -0.012354 -3.659207 0.000000 0.000000 0.201123
0.566631 -0.339900 0.297280 2.914562 -0.012241 -3.659183 0.000000 0.000000 0.201887
0.566643 -0.339911 0.297276 2.914655 -0.012127 -3.659159 0.000000 0.000000 0.202652
0.566655 -0.339922 0.297272 2.914749 -0.012014 -3.659135 0.000000 0.000000 0.203417
0.566667 -0.339934 0.297267 2.914842 -0.011900 -3.659111 0.000000 0.000000 0.204182
0.566679 -0.339945 0.297263 2.914936 -0.011786 -3.659087 0.000000 0.000000 0.204947
0.566691 -0.339956 0.297259 2.915029 -0.011673 -3.659063 0.000000 0.000000 0.205712
0.566703 -0.339967 0.297255 2.915123 -0.011559 -3.659039 0.000000 0.000000 0.206477
0.566713 -0.339975 0.297252 2.915200 -0.011471 -3.659020 0.000000 0.000000 0.207556
0.566722 -0.339982 0.297249 2.915271 -0.011390 -3.659002 0.000000 0.000000 0.208741
0.566731 -0.339988 0.297247 2.915342 -0.011310 -3.658984 0.000000 0.000000 0.209925
0.566740 -0.339994 0.297244 2.915413 -0.011229 -3.658966 0.000000 0.000000 0.211110
0.566749 -0.340001 0.297242 2.915484 -0.011149 -3.658948 0.000000 0.000000 0.212294
0.566758 -0.340007 0.297240 2.915555 -0.011068 -3.658930 0.000000 0.000000 0.213479
0.566767 -0.340014 0.297237 2.915626 -0.010988 -3.658912 0.000000 0.000000 0.214663
0.566776 -0.340020 0.297235 2.915698 -0.010908 -3.658894 0.000000 0.000000 0.215848
0.566785 -0.340027 0.297232 2.915769 -0.010827 -3.658876 0.000000 0.000000 0.217032
0.566794 -0.340033 0.297230 2.915840 -0.010747 -3.658858 0.000000 0.000000 0.218216
0.566803 -0.340040 0.297228 2.915911 -0.010666 -3.658840 0.000000 0.000000 0.219401
0.566812 -0.340046 0.297225 2.915982 -0.010586 -3.658822 0.000000 0.000000 0.220585
0.566821 -0.340053 0.297223 2.916053 -0.010506 -3.658804 0.000000 0.000000 0.221770
0.566830 -0.340059 0.297220 2.916125 -0.010425 -3.658786 0.000000 0.000000 0.222954
0.566839 -0.340065 0.297218 2.916196 -0.010345 -3.658768 0.000000 0.000000 0.224139
0.566848 -0.340072 0.297216 2.916267 -0.010264 -3.658750 0.000000 0.000000 0.225323
0.566857 -0.340078 0.297213 2.916338 -0.010184 -3.658732 0.000000 0.000000 0.226508
0.566866 -0.340085 0.297211 2.916409 -0.010103 -3.658714 0.000000 0.000000 0.227692
0.566875 -0.340091 0.297208 2.916480 -0.010023 -3.658696 0.000000 0.000000 0.228877
0.566884 -0.340098 0.297206 2.916551 -0.009943 -3.658678 0.000000 0.000000 0.230061
0.566893 -0.340104 0.297204 2.916623 -0.009862 -3.658660 0.000000 0.000000 0.231246
0.566902 -0.340111 0.297201 2.916694 -0.009782 -3.658642 0.000000 0.000000 0.232430
0.566910 -0.340115 0.297199 2.916754 -0.009717 -3.658624 0.000000 0.000000 0.233302
0.566917 -0.340118 0.297198 2.916809 -0.009660 -3.658607 0.000000 0.000000 0.234008
0.566923 -0.340121 0.297197 2.916863 -0.009603 -3.658589 0.000000 0.000000 0.234713
0.566930 -0.340124 0.297195 2.916918 -0.009546 -3.658571 0.000000 0.000000 0.235419
0.566937 -0.340128 0.297194 2.916972 -0.009489 -3.658553 0.000000 0.000000 0.236125
0.566944 -0.340131 0.297193 2.917027 -0.009433 -3.658536 0.000000 0.000000 0.236831
0.566951 -0.340134 0.297192 2.917081 -0.009376 -3.658518 0.000000 0.000000 0.237536
0.566957 -0.340137 0.297190 2.917136 -0.009319 -3.658500 0.000000 0.000000 0.238242
0.566964 -0.340140 0.297189 2.917191 -0.009262 -3.658482 0.000000 0.000000 0.238948
0.566971 -0.340144 0.297188 2.917245 -0.009205 -3.658465 0.000000 0.000000 0.239654
0.566978 -0.340147 0.297186 2.917300 -0.009148 -3.658447 0.000000 0.000000 0.240359
0.566985 -0.340150 0.297185 2.917354 -0.009091 -3.658429 0.000000 0.000000 0.241065
0.566992 -0.340153 0.297184 2.917409 -0.009034 -3.658411 0.000000 0.000000 0.241771
0.566998 -0.340156 0.297182 2.917463 -0.008978 -3.658393 0.000000 0.000000 0.242476
0.567005 -0.340159 0.297181 2.917518 -0.008921 -3.658376 0.000000 0.000000 0.243182
0.567012 -0.340163 0.297180 2.917572 -0.008864 -3.658358 0.000000 0.000000 0.243888
0.567019 -0.340166 0.297178 2.917626 -0.008808 -3.658341 0.000000 0.000000 0.244577
0.567024 -0.340167 0.297178 2.917671 -0.008767 -3.658330 0.000000 0.000000 0.245078
0.567030 -0.340168 0.297177 2.917715 -0.008725 -3.658319 0.000000 0.000000 0.245580
0.567036 -0.340169 0.297177 2.917759 -0.008683 -3.658308 0.000000 0.000000 0.246081
0.567041 -0.340171 0.297176 2.917803 -0.008642 -3.658297 0.000000 0.000000 0.246582
0.567047 -0.340172 0.297176 2.917848 -0.008600 -3.658286 0.000000 0.000000 0.247083
0.567053 -0.340173 0.297175 2.917892 -0.008558 -3.658275 0.000000 0.000000 0.247584
0.567058 -0.340175 0.297175 2.917936 -0.008516 -3.658264 0.000000 0.000000 0.248085
0.567064 -0.340176 0.297174 2.917980 -0.008475 -3.658253 0.000000 0.000000 0.248586
0.567070 -0.340177 0.297174 2.918025 -0.008433 -3.658242 0.000000 0.000000 0.249087
0.567075 -0.340178 0.297173 2.918069 -0.008391 -3.658231 0.000000 0.000000 0.249588
0.567081 -0.340180 0.297173 2.918113 -0.008350 -3.658220 0.000000 0.000000 0.250089
0.567086 -0.340181 0.297172 2.918158 -0.008308 -3.658209 0.000000 0.000000 0.250591
0.567092 -0.340182 0.297171 2.918202 -0.008266 -3.658198 0.000000 0.000000 0.251092
0.567098 -0.340184 0.297171 2.918246 -0.008225 -3.658187 0.000000 0.000000 0.251593
0.567103 -0.340185 0.297170 2.918290 -0.008183 -3.658176 0.000000 0.000000 0.252094
0.567109 -0.340186 0.297170 2.918335 -0.008141 -3.658165 0.000000 0.000000 0.252595
0.567114 -0.340186 0.297169 2.918375 -0.008108 -3.658158 0.000000 0.000000 0.253042
0.567119 -0.340186 0.297169 2.918410 -0.008081 -3.658155 0.000000 0.000000 0.253435
0.567124 -0.340185 0.297168 2.918446 -0.008055 -3.658152 0.000000 0.000000 0.253829
0.567128 -0.340184 0.297168 2.918482 -0.008029 -3.658148 0.000000 0.000000 0.254223
0.567133 -0.340183 0.297168 2.918517 -0.008003 -3.658145 0.000000 0.000000 0.254617
0.567138 -0.340183 0.297167 2.918553 -0.007977 -3.658142 0.000000 0.000000 0.255010
0.567143 -0.340182 0.297167 2.918589 -0.007951 -3.658139 0.000000 0.000000 0.255404
0.567148 -0.340181 0.297166 2.918624 -0.007925 -3.658135 0.000000 0.000000 0.255798
0.567152 -0.340180 0.297166 2.918660 -0.007899 -3.658132 0.000000 0.000000 0.256192
0.567157 -0.340180 0.297166 2.918696 -0.007873 -3.658129 0.000000 0.000000 0.256585
0.567162 -0.340179 0.297165 2.918731 -0.007847 -3.658126 0.000000 0.000000 0.256979
0.567167 -0.340178 0.297165 2.918767 -0.007821 -3.658123 0.000000 0.000000 0.257373
0.567172 -0.340177 0.297164 2.918803 -0.007795 -3.658119 0.000000 0.000000 0.257767
0.567176 -0.340177 0.297164 2.918838 -0.007769 -3.658116 0.000000 0.000000 0.258160
0.567181 -0.340176 0.297164 2.918874 -0.007743 -3.658113 0.000000 0.000000 0.258554
0.567186 -0.340175 0.297163 2.918910 -0.007717 -3.658110 0.000000 0.000000 0.258948
0.567191 -0.340174 0.297163 2.918946 -0.007691 -3.658107 0.000000 0.000000 0.259342
0.567195 -0.340174 0.297162 2.918981 -0.007665 -3.658103 0.000000 0.000000 0.259736
0.567200 -0.340173 0.297162 2.919017 -0.007639 -3.658100 0.000000 0.000000 0.260129
0.567205 -0.340172 0.297161 2.919053 -0.007613 -3.658097 0.000000 0.000000 0.260523
0.567210 -0.340171 0.297161 2.919088 -0.007586 -3.658094 0.000000 0.000000 0.260917
0.567215 -0.340171 0.297161 2.919124 -0.007560 -3.658091 0.000000 0.000000 0.261311
0.567219 -0.340169 0.297160 2.919157 -0.007537 -3.658089 0.000000 0.000000 0.261566
0.567224 -0.340167 0.297159 2.919185 -0.007518 -3.658091 0.000000 0.000000 0.261621
0.567228 -0.340164 0.297158 2.919213 -0.007499 -3.658092 0.000000 0.000000 0.261676
0.567233 -0.340161 0.297157 2.919241 -0.007480 -3.658094 0.000000 0.000000 0.261732
0.567237 -0.340159 0.297156 2.919269 -0.007461 -3.658095 0.000000 0.000000 0.261787
0.567242 -0.340156 0.297155 2.919297 -0.007442 -3.658097 0.000000 0.000000 0.261843
0.567246 -0.340153 0.297154 2.919325 -0.007423 -3.658098 0.000000 0.000000 0.261898
0.567251 -0.340151 0.297153 2.919353 -0.007404 -3.658099 0.000000 0.000000 0.261953
0.567256 -0.340148 0.297152 2.919381 -0.007385 -3.658101 0.000000 0.000000 0.262009
0.567260 -0.340146 0.297151 2.919410 -0.007366 -3.658102 0.000000 0.000000 0.262064
0.567265 -0.340143 0.297150 2.919438 -0.007347 -3.658104 0.000000 0.000000 0.262120
0.567269 -0.340140 0.297148 2.919466 -0.007328 -3.658105 0.000000 0.000000 0.262175
0.567274 -0.340138 0.297147 2.919494 -0.007309 -3.658107 0.000000 0.000000 0.262230
0.567278 -0.340135 0.297146 2.919522 -0.007290 -3.658108 0.000000 0.000000 0.262286
0.567283 -0.340132 0.297145 2.919550 -0.007271 -3.658109 0.000000 0.000000 0.262341
0.567287 -0.340130 0.297144 2.919578 -0.007252 -3.658111 0.000000 0.000000 0.262397
0.567292 -0.340127 0.297143 2.919606 -0.007233 -3.658112 0.000000 0.000000 0.262452
0.567296 -0.340125 0.297140 2.919637 -0.007214 -3.658117 0.000000 0.000000 0.262545
0.567300 -0.340122 0.297137 2.919668 -0.007194 -3.658123 0.000000 0.000000 0.262646
0.567304 -0.340120 0.297134 2.919700 -0.007175 -3.658128 0.000000 0.000000 0.262746
0.567308 -0.340117 0.297131 2.919731 -0.007156 -3.658134 0.000000 0.000000 0.262847
0.567312 -0.340115 0.297127 2.919762 -0.007137 -3.658139 0.000000 0.000000 0.262947
0.567316 -0.340113 0.297124 2.919793 -0.007117 -3.658145 0.000000 0.000000 0.263048
0.567320 -0.340110 0.297121 2.919825 -0.007098 -3.658150 0.000000 0.000000 0.263149
0.567324 -0.340108 0.297118 2.919856 -0.007079 -3.658156 0.000000 0.000000 0.263249
0.567328 -0.340105 0.297115 2.919887 -0.007059 -3.658161 0.000000 0.000000 0.263350
0.567332 -0.340103 0.297111 2.919918 -0.007040 -3.658167 0.000000 0.000000 0.263450
0.567336 -0.340100 0.297108 2.919950 -0.007021 -3.658172 0.000000 0.000000 0.263551
0.567340 -0.340098 0.297105 2.919981 -0.007002 -3.658178 0.000000 0.000000 0.263651
0.567344 -0.340096 0.297102 2.920012 -0.006982 -3.658183 0.000000 0.000000 0.263752
0.567348 -0.340093 0.297099 2.920043 -0.006963 -3.658189 0.000000 0.000000 0.263852
0.567352 -0.340091 0.297095 2.920075 -0.006944 -3.658194 0.000000 0.000000 0.263953
0.567355 -0.340088 0.297092 2.920106 -0.006925 -3.658200 0.000000 0.000000 0.264054
0.567360 -0.340086 0.297088 2.920139 -0.006904 -3.658205 0.000000 0.000000 0.264184
0.567364 -0.340084 0.297083 2.920176 -0.006878 -3.658206 0.000000 0.000000 0.264398
0.567368 -0.340082 0.297077 2.920213 -0.006853 -3.658208 0.000000 0.000000 0.264611
0.567372 -0.340080 0.297072 2.920251 -0.006827 -3.658210 0.000000 0.000000 0.264825
0.567376 -0.340079 0.297066 2.920288 -0.006802 -3.658212 0.000000 0.000000 0.265039
0.567381 -0.340077 0.297061 2.920325 -0.006777 -3.658214 0.000000 0.000000 0.265252
0.567385 -0.340075 0.297055 2.920362 -0.006751 -3.658216 0.000000 0.000000 0.265466
0.567389 -0.340073 0.297050 2.920400 -0.006726 -3.658218 0.000000 0.000000 0.265680
0.567393 -0.340071 0.297044 2.920437 -0.006700 -3.658219 0.000000 0.000000 0.265894
0.567398 -0.340069 0.297039 2.920474 -0.006675 -3.658221 0.000000 0.000000 0.266107
0.567402 -0.340067 0.297033 2.920511 -0.006649 -3.658223 0.000000 0.000000 0.266321
0.567406 -0.340065 0.297028 2.920549 -0.006624 -3.658225 0.000000 0.000000 0.266535
0.567410 -0.340064 0.297022 2.920586 -0.006598 -3.658227 0.000000 0.000000 0.266748
0.567415 -0.340062 0.297017 2.920623 -0.006573 -3.658229 0.000000 0.000000 0.266962
0.567419 -0.340060 0.297012 2.920660 -0.006547 -3.658231 0.000000 0.000000 0.267176
0.567423 -0.340058 0.297006 2.920698 -0.006522 -3.658233 0.000000 0.000000 0.267389
0.567427 -0.340056 0.297001 2.920735 -0.006497 -3.658234 0.000000 0.000000 0.267603
0.567432 -0.340054 0.296995 2.920772 -0.006471 -3.658236 0.000000 0.000000 0.267817
0.567436 -0.340052 0.296990 2.920809 -0.006446 -3.658238 0.000000 0.000000 0.268030
0.567440 -0.340050 0.296984 2.920847 -0.006420 -3.658240 0.000000 0.000000 0.268244
0.567444 -0.340049 0.296979 2.920884 -0.006395 -3.658242 0.000000 0.000000 0.268458
0.567449 -0.340047 0.296973 2.920921 -0.006369 -3.658244 0.000000 0.000000 0.268672
0.567453 -0.340045 0.296967 2.920960 -0.006344 -3.658246 0.000000 0.000000 0.268886
0.567456 -0.340045 0.296959 2.921007 -0.006317 -3.658249 0.000000 0.000000 0.269102
0.567459 -0.340044 0.296950 2.921054 -0.006290 -3.658253 0.000000 0.000000 0.269318
0.567462 -0.340044 0.296942 2.921101 -0.006263 -3.658256 0.000000 0.000000 0.269534
0.567465 -0.340044 0.296933 2.921149 -0.006236 -3.658259 0.000000 0.000000 0.269750
0.567467 -0.340043 0.296925 2.921196 -0.006210 -3.658263 0.000000 0.000000 0.269966
0.567470 -0.340043 0.296917 2.921243 -0.006183 -3.658266 0.000000 0.000000 0.270182
0.567473 -0.340043 0.296908 2.921290 -0.006156 -3.658269 0.000000 0.000000 0.270398
0.567476 -0.340042 0.296900 2.921337 -0.006129 -3.658273 0.000000 0.000000 0.270614
0.567479 -0.340042 0.296891 2.921384 -0.006102 -3.658276 0.000000 0.000000 0.270831
0.567482 -0.340042 0.296883 2.921432 -0.006076 -3.658280 0.000000 0.000000 0.271047
0.567485 -0.340042 0.296874 2.921479 -0.006049 -3.658283 0.000000 0.000000 0.271263
0.567488 -0.340041 0.296866 2.921526 -0.006022 -3.658286 0.000000 0.000000 0.271479
0.567491 -0.340041 0.296858 2.921573 -0.005995 -3.658290 0.000000 0.000000 0.271695
0.567494 -0.340041 0.296849 2.921620 -0.005968 -3.658293 0.000000 0.000000 0.271911
0.567497 -0.340040 0.296841 2.921667 -0.005941 -3.658296 0.000000 0.000000 0.272127
0.567500 -0.340040 0.296832 2.921715 -0.005915 -3.658300 0.000000 0.000000 0.272343
0.567502 -0.340040 0.296823 2.921766 -0.005886 -3.658301 0.000000 0.000000 0.272515
0.567503 -0.340042 0.296812 2.921820 -0.005857 -3.658300 0.000000 0.000000 0.272657
0.567504 -0.340043 0.296802 2.921874 -0.005828 -3.658298 0.000000 0.000000 0.272799
0.567505 -0.340044 0.296792 2.921928 -0.005799 -3.658297 0.000000 0.000000 0.272940
0.567506 -0.340045 0.296781 2.921982 -0.005770 -3.658296 0.000000 0.000000 0.273082
0.567507 -0.340046 0.296771 2.922036 -0.005740 -3.658295 0.000000 0.000000 0.273224
0.567508 -0.340047 0.296760 2.922090 -0.005711 -3.658294 0.000000 0.000000 0.273365
0.567508 -0.340049 0.296750 2.922144 -0.005682 -3.658293 0.000000 0.000000 0.273507
0.567509 -0.340050 0.296740 2.922198 -0.005653 -3.658292 0.000000 0.000000 0.273649
0.567510 -0.340051 0.296729 2.922252 -0.005624 -3.658291 0.000000 0.000000 0.273791
0.567511 -0.340052 0.296719 2.922306 -0.005595 -3.658290 0.000000 0.000000 0.273932
0.567512 -0.340053 0.296709 2.922360 -0.005565 -3.658289 0.000000 0.000000 0.274074
0.567513 -0.340054 0.296698 2.922414 -0.005536 -3.658288 0.000000 0.000000 0.274216
0.567514 -0.340055 0.296688 2.922468 -0.005507 -3.658287 0.000000 0.000000 0.274357
0.567515 -0.340057 0.296677 2.922522 -0.005478 -3.658286 0.000000 0.000000 0.274499
0.567516 -0.340058 0.296667 2.922576 -0.005449 -3.658285 0.000000 0.000000 0.274641
0.567517 -0.340059 0.296657 2.922630 -0.005419 -3.658284 0.000000 0.000000 0.274775
0.567515 -0.340060 0.296645 2.922686 -0.005392 -3.658284 0.000000 0.000000 0.274588
0.567514 -0.340061 0.296634 2.922743 -0.005364 -3.658284 0.000000 0.000000 0.274400
0.567512 -0.340063 0.296622 2.922800 -0.005336 -3.658283 0.000000 0.000000 0.274212
0.567511 -0.340064 0.296611 2.922856 -0.005308 -3.658283 0.000000 0.000000 0.274024
0.567509 -0.340065 0.296600 2.922913 -0.005280 -3.658283 0.000000 0.000000 0.273836
0.567508 -0.340066 0.296588 2.922969 -0.005253 -3.658283 0.000000 0.000000 0.273648
0.567506 -0.340068 0.296577 2.923026 -0.005225 -3.658283 0.000000 0.000000 0.273460
0.567505 -0.340069 0.296565 2.923083 -0.005197 -3.658282 0.000000 0.000000 0.273273
0.567503 -0.340070 0.296554 2.923139 -0.005169 -3.658282 0.000000 0.000000 0.273085
0.567501 -0.340071 0.296543 2.923196 -0.005142 -3.658282 0.000000 0.000000 0.272897
0.567500 -0.340073 0.296531 2.923252 -0.005114 -3.658282 0.000000 0.000000 0.272709
0.567498 -0.340074 0.296520 2.923309 -0.005086 -3.658282 0.000000 0.000000 0.272521
0.567497 -0.340075 0.296508 2.923366 -0.005058 -3.658282 0.000000 0.000000 0.272333
0.567495 -0.340076 0.296497 2.923422 -0.005030 -3.658281 0.000000 0.000000 0.272145
0.567494 -0.340078 0.296485 2.923479 -0.005003 -3.658281 0.000000 0.000000 0.271957
0.567492 -0.340079 0.296474 2.923536 -0.004975 -3.658281 0.000000 0.000000 0.271770
0.567491 -0.340080 0.296463 2.923592 -0.004947 -3.658281 0.000000 0.000000 0.271582
0.567489 -0.340081 0.296451 2.923649 -0.004919 -3.658281 0.000000 0.000000 0.271394
0.567487 -0.340083 0.296440 2.923705 -0.004891 -3.658280 0.000000 0.000000 0.271206
0.567486 -0.340084 0.296428 2.923762 -0.004864 -3.658280 0.000000 0.000000 0.271018
0.567484 -0.340085 0.296417 2.923819 -0.004836 -3.658280 0.000000 0.000000 0.270830
0.567483 -0.340086 0.296406 2.923875 -0.004808 -3.658280 0.000000 0.000000 0.270642
0.567480 -0.340088 0.296394 2.923932 -0.004776 -3.658281 0.000000 0.000000 0.269989
0.567478 -0.340090 0.296383 2.923988 -0.004743 -3.658283 0.000000 0.000000 0.269296
0.567475 -0.340093 0.296371 2.924045 -0.004711 -3.658284 0.000000 0.000000 0.268604
0.567473 -0.340095 0.296360 2.924101 -0.004679 -3.658286 0.000000 0.000000 0.267911
0.567470 -0.340097 0.296348 2.924158 -0.004646 -3.658287 0.000000 0.000000 0.267219
0.567467 -0.340099 0.296336 2.924214 -0.004614 -3.658289 0.000000 0.000000 0.266527
0.567465 -0.340101 0.296325 2.924271 -0.004581 -3.658290 0.000000 0.000000 0.265834
0.567462 -0.340103 0.296313 2.924327 -0.004549 -3.658292 0.000000 0.000000 0.265142
0.567460 -0.340106 0.296302 2.924384 -0.004516 -3.658293 0.000000 0.000000 0.264449
0.567457 -0.340108 0.296290 2.924440 -0.004484 -3.658295 0.000000 0.000000 0.263757
0.567455 -0.340110 0.296279 2.924497 -0.004451 -3.658296 0.000000 0.000000 0.263065
0.567452 -0.340112 0.296267 2.924553 -0.004419 -3.658298 0.000000 0.000000 0.262372
0.567449 -0.340114 0.296256 2.924610 -0.004386 -3.658299 0.000000 0.000000 0.261680
0.567447 -0.340116 0.296244 2.924666 -0.004354 -3.658301 0.000000 0.000000 0.260988
0.567444 -0.340119 0.296233 2.924723 -0.004322 -3.658302 0.000000 0.000000 0.260295
0.567442 -0.340121 0.296221 2.924779 -0.004289 -3.658304 0.000000 0.000000 0.259603
0.567439 -0.340123 0.296210 2.924837 -0.004255 -3.658305 0.000000 0.000000 0.258967
0.567435 -0.340126 0.296198 2.924896 -0.004219 -3.658305 0.000000 0.000000 0.258436
0.567432 -0.340129 0.296187 2.924955 -0.004183 -3.658305 0.000000 0.000000 0.257904
0.567429 -0.340132 0.296175 2.925015 -0.004147 -3.658305 0.000000 0.000000 0.257373
0.567425 -0.340135 0.296163 2.925074 -0.004111 -3.658304 0.000000 0.000000 0.256842
0.567422 -0.340138 0.296152 2.925133 -0.004074 -3.658304 0.000000 0.000000 0.256310
0.567418 -0.340141 0.296140 2.925193 -0.004038 -3.658304 0.000000 0.000000 0.255779
0.567415 -0.340144 0.296128 2.925252 -0.004002 -3.658304 0.000000 0.000000 0.255248
0.567412 -0.340147 0.296117 2.925311 -0.003966 -3.658304 0.000000 0.000000 0.254717
0.567408 -0.340150 0.296105 2.925370 -0.003930 -3.658304 0.000000 0.000000 0.254185
0.567405 -0.340153 0.296093 2.925430 -0.003894 -3.658304 0.000000 0.000000 0.253654
0.567401 -0.340156 0.296082 2.925489 -0.003857 -3.658304 0.000000 0.000000 0.253123
0.567398 -0.340159 0.296070 2.925548 -0.003821 -3.658304 0.000000 0.000000 0.252591
0.567394 -0.340162 0.296058 2.925607 -0.003785 -3.658303 0.000000 0.000000 0.252060
0.567391 -0.340165 0.296047 2.925667 -0.003749 -3.658303 0.000000 0.000000 0.251529
0.567388 -0.340168 0.296035 2.925726 -0.003713 -3.658303 0.000000 0.000000 0.250997
0.567384 -0.340171 0.296023 2.925785 -0.003677 -3.658303 0.000000 0.000000 0.250466
0.567380 -0.340174 0.296011 2.925848 -0.003640 -3.658301 0.000000 0.000000 0.250351
0.567375 -0.340177 0.295999 2.925912 -0.003604 -3.658297 0.000000 0.000000 0.250355
0.567370 -0.340181 0.295987 2.925976 -0.003567 -3.658294 0.000000 0.000000 0.250358
0.567365 -0.340184 0.295975 2.926040 -0.003531 -3.658291 0.000000 0.000000 0.250362
0.567360 -0.340187 0.295963 2.926104 -0.003495 -3.658287 0.000000 0.000000 0.250365
0.567355 -0.340190 0.295951 2.926168 -0.003458 -3.658284 0.000000 0.000000 0.250369
0.567350 -0.340193 0.295939 2.926232 -0.003422 -3.658281 0.000000 0.000000 0.250373
0.567345 -0.340196 0.295927 2.926296 -0.003385 -3.658277 0.000000 0.000000 0.250376
0.567340 -0.340199 0.295915 2.926360 -0.003349 -3.658274 0.000000 0.000000 0.250380
0.567335 -0.340202 0.295903 2.926424 -0.003312 -3.658271 0.000000 0.000000 0.250384
0.567330 -0.340205 0.295891 2.926488 -0.003276 -3.658268 0.000000 0.000000 0.250387
0.567326 -0.340208 0.295879 2.926552 -0.003240 -3.658264 0.000000 0.000000 0.250391
0.567321 -0.340212 0.295867 2.926617 -0.003203 -3.658261 0.000000 0.000000 0.250394
0.567316 -0.340215 0.295854 2.926681 -0.003167 -3.658258 0.000000 0.000000 0.250398
0.567311 -0.340218 0.295842 2.926745 -0.003130 -3.658254 0.000000 0.000000 0.250402
0.567306 -0.340221 0.295830 2.926809 -0.003094 -3.658251 0.000000 0.000000 0.250405
0.567301 -0.340224 0.295818 2.926873 -0.003058 -3.658248 0.000000 0.000000 0.250409
0.567296 -0.340227 0.295806 2.926937 -0.003021 -3.658244 0.000000 0.000000 0.250412
0.567291 -0.340230 0.295794 2.927001 -0.002985 -3.658241 0.000000 0.000000 0.250416
0.567286 -0.340233 0.295782 2.927065 -0.002948 -3.658238 0.000000 0.000000 0.250420
0.567281 -0.340236 0.295770 2.927129 -0.002912 -3.658235 0.000000 0.000000 0.250423
0.567276 -0.340240 0.295758 2.927193 -0.002875 -3.658231 0.000000 0.000000 0.250427
0.567271 -0.340243 0.295746 2.927258 -0.002842 -3.658229 0.000000 0.000000 0.250375
0.567265 -0.340246 0.295734 2.927325 -0.002809 -3.658227 0.000000 0.000000 0.250298
0.567259 -0.340250 0.295722 2.927391 -0.002776 -3.658224 0.000000 0.000000 0.250220
0.567253 -0.340253 0.295710 2.927457 -0.002744 -3.658222 0.000000 0.000000 0.250143
0.567247 -0.340257 0.295697 2.927523 -0.002711 -3.658220 0.000000 0.000000 0.250065
0.567241 -0.340260 0.295685 2.927590 -0.002679 -3.658218 0.000000 0.000000 0.249988
0.567235 -0.340264 0.295673 2.927656 -0.002646 -3.658216 0.000000 0.000000 0.249911
0.567229 -0.340267 0.295661 2.927722 -0.002614 -3.658214 0.000000 0.000000 0.249833
0.567223 -0.340271 0.295649 2.927789 -0.002581 -3.658212 0.000000 0.000000 0.249756
0.567217 -0.340275 0.295637 2.927855 -0.002548 -3.658210 0.000000 0.000000 0.249678
0.567211 -0.340278 0.295625 2.927921 -0.002516 -3.658207 0.000000 0.000000 0.249601
0.567205 -0.340282 0.295613 2.927987 -0.002483 -3.658205 0.000000 0.000000 0.249523
0.567199 -0.340285 0.295601 2.928054 -0.002451 -3.658203 0.000000 0.000000 0.249446
0.567193 -0.340289 0.295589 2.928120 -0.002418 -3.658201 0.000000 0.000000 0.249368
0.567187 -0.340292 0.295577 2.928186 -0.002385 -3.658199 0.000000 0.000000 0.249291
0.567181 -0.340296 0.295565 2.928252 -0.002353 -3.658197 0.000000 0.000000 0.249213
0.567175 -0.340299 0.295553 2.928318 -0.002320 -3.658195 0.000000 0.000000 0.249079
0.567169 -0.340303 0.295542 2.928382 -0.002287 -3.658195 0.000000 0.000000 0.248472
0.567162 -0.340307 0.295531 2.928447 -0.002253 -3.658195 0.000000 0.000000 0.247865
0.567156 -0.340310 0.295520 2.928511 -0.002220 -3.658195 0.000000 0.000000 0.247258
0.567150 -0.340314 0.295510 2.928575 -0.002187 -3.658196 0.000000 0.000000 0.246651
0.567143 -0.340318 0.295499 2.928639 -0.002153 -3.658196 0.000000 0.000000 0.246044
0.567137 -0.340322 0.295488 2.928703 -0.002120 -3.658196 0.000000 0.000000 0.245437
0.567130 -0.340325 0.295477 2.928767 -0.002087 -3.658196 0.000000 0.000000 0.244830
0.567124 -0.340329 0.295467 2.928831 -0.002053 -3.658196 0.000000 0.000000 0.244223
0.567118 -0.340333 0.295456 2.928895 -0.002020 -3.658196 0.000000 0.000000 0.243616
0.567111 -0.340337 0.295445 2.928959 -0.001987 -3.658197 0.000000 0.000000 0.243009
0.567105 -0.340340 0.295434 2.929023 -0.001953 -3.658197 0.000000 0.000000 0.242402
0.567098 -0.340344 0.295424 2.929087 -0.001920 -3.658197 0.000000 0.000000 0.241795
0.567092 -0.340348 0.295413 2.929151 -0.001887 -3.658197 0.000000 0.000000 0.241188
0.567086 -0.340352 0.295402 2.929215 -0.001853 -3.658197 0.000000 0.000000 0.240581
0.567079 -0.340356 0.295391 2.929279 -0.001820 -3.658197 0.000000 0.000000 0.239974
0.567073 -0.340359 0.295380 2.929343 -0.001787 -3.658198 0.000000 0.000000 0.239367
0.567067 -0.340364 0.295370 2.929405 -0.001749 -3.658199 0.000000 0.000000 0.238752
0.567062 -0.340368 0.295361 2.929465 -0.001707 -3.658203 0.000000 0.000000 0.238131
0.567057 -0.340373 0.295352 2.929525 -0.001665 -3.658206 0.000000 0.000000 0.237509
0.567052 -0.340378 0.295342 2.929585 -0.001623 -3.658209 0.000000 0.000000 0.236888
0.567047 -0.340383 0.295333 2.929646 -0.001581 -3.658213 0.000000 0.000000 0.236266
0.567042 -0.340387 0.295323 2.929706 -0.001539 -3.658216 0.000000 0.000000 0.235645
0.567037 -0.340392 0.295314 2.929766 -0.001498 -3.658219 0.000000 0.000000 0.235024
0.567032 -0.340397 0.295305 2.929826 -0.001456 -3.658222 0.000000 0.000000 0.234402
0.567028 -0.340402 0.295295 2.929886 -0.001414 -3.658226 0.000000 0.000000 0.233781
0.567023 -0.340406 0.295286 2.929947 -0.001372 -3.658229 0.000000 0.000000 0.233160
0.567018 -0.340411 0.295276 2.930007 -0.001330 -3.658232 0.000000 0.000000 0.232538
0.567013 -0.340416 0.295267 2.930067 -0.001288 -3.658235 0.000000 0.000000 0.231917
0.567008 -0.340421 0.295258 2.930127 -0.001246 -3.658239 0.000000 0.000000 0.231295
0.567003 -0.340425 0.295248 2.930187 -0.001204 -3.658242 0.000000 0.000000 0.230674
0.566998 -0.340430 0.295239 2.930248 -0.001162 -3.658245 0.000000 0.000000 0.230053
0.566993 -0.340435 0.295229 2.930308 -0.001121 -3.658249 0.000000 0.000000 0.229431
0.566988 -0.340439 0.295220 2.930368 -0.001079 -3.658252 0.000000 0.000000 0.228810
0.566983 -0.340444 0.295211 2.930428 -0.001037 -3.658255 0.000000 0.000000 0.228189
0.566978 -0.340449 0.295201 2.930488 -0.000995 -3.658258 0.000000 0.000000 0.227567
0.566973 -0.340454 0.295192 2.930549 -0.000953 -3.658262 0.000000 0.000000 0.226946
0.566968 -0.340458 0.295182 2.930609 -0.000911 -3.658265 0.000000 0.000000 0.226324
0.566963 -0.340463 0.295173 2.930669 -0.000869 -3.658268 0.000000 0.000000 0.225703
0.566958 -0.340469 0.295164 2.930728 -0.000824 -3.658273 0.000000 0.000000 0.225378
0.566954 -0.340475 0.295157 2.930787 -0.000775 -3.658280 0.000000 0.000000 0.225435
0.566950 -0.340481 0.295150 2.930845 -0.000725 -3.658286 0.000000 0.000000 0.225491
0.566945 -0.340487 0.295142 2.930904 -0.000676 -3.658293 0.000000 0.000000 0.225547
0.566941 -0.340493 0.295135 2.930962 -0.000627 -3.658299 0.000000 0.000000 0.225604
0.566937 -0.340500 0.295128 2.931020 -0.000577 -3.658306 0.000000 0.000000 0.225660
0.566932 -0.340506 0.295120 2.931079 -0.000528 -3.658312 0.000000 0.000000 0.225716
0.566928 -0.340512 0.295113 2.931137 -0.000479 -3.658319 0.000000 0.000000 0.225773
0.566924 -0.340518 0.295106 2.931196 -0.000429 -3.658325 0.000000 0.000000 0.225829
0.566919 -0.340524 0.295098 2.931254 -0.000380 -3.658332 0.000000 0.000000 0.225885
0.566915 -0.340531 0.295091 2.931312 -0.000331 -3.658338 0.000000 0.000000 0.225942
0.566911 -0.340537 0.295084 2.931371 -0.000281 -3.658345 0.000000 0.000000 0.225998
0.566907 -0.340543 0.295076 2.931429 -0.000232 -3.658352 0.000000 0.000000 0.226054
0.566902 -0.340549 0.295069 2.931488 -0.000183 -3.658358 0.000000 0.000000 0.226110
0.566898 -0.340556 0.295061 2.931546 -0.000133 -3.658365 0.000000 0.000000 0.226167
0.566894 -0.340562 0.295054 2.931604 -0.000084 -3.658371 0.000000 0.000000 0.226223
0.566889 -0.340568 0.295047 2.931663 -0.000034 -3.658378 0.000000 0.000000 0.226279
0.566885 -0.340575 0.295040 2.931723 0.000015 -3.658383 0.000000 0.000000 0.226332
0.566880 -0.340583 0.295034 2.931784 0.000065 -3.658389 0.000000 0.000000 0.226384
0.566875 -0.340590 0.295027 2.931846 0.000114 -3.658394 0.000000 0.000000 0.226436
0.566871 -0.340597 0.295021 2.931907 0.000164 -3.658400 0.000000 0.000000 0.226488
0.566866 -0.340605 0.295015 2.931968 0.000214 -3.658405 0.000000 0.000000 0.226540
0.566862 -0.340612 0.295008 2.932029 0.000263 -3.658411 0.000000 0.000000 0.226592
0.566857 -0.340619 0.295002 2.932090 0.000313 -3.658416 0.000000 0.000000 0.226644
0.566852 -0.340627 0.294995 2.932151 0.000363 -3.658422 0.000000 0.000000 0.226696
0.566848 -0.340634 0.294989 2.932212 0.000412 -3.658427 0.000000 0.000000 0.226748
0.566843 -0.340642 0.294983 2.932273 0.000462 -3.658433 0.000000 0.000000 0.226800
0.566839 -0.340649 0.294976 2.932334 0.000511 -3.658438 0.000000 0.000000 0.226852
0.566834 -0.340656 0.294970 2.932395 0.000561 -3.658444 0.000000 0.000000 0.226904
0.566829 -0.340664 0.294963 2.932456 0.000611 -3.658449 0.000000 0.000000 0.226956
0.566825 -0.340671 0.294957 2.932517 0.000660 -3.658455 0.000000 0.000000 0.227008
0.566820 -0.340678 0.294951 2.932578 0.000710 -3.658460 0.000000 0.000000 0.227060
0.566815 -0.340686 0.294944 2.932639 0.000760 -3.658466 0.000000 0.000000 0.227112
0.566811 -0.340693 0.294938 2.932700 0.000810 -3.658471 0.000000 0.000000 0.227120
0.566806 -0.340702 0.294934 2.932760 0.000862 -3.658475 0.000000 0.000000 0.227020
0.566801 -0.340710 0.294930 2.932820 0.000915 -3.658480 0.000000 0.000000 0.226920
0.566796 -0.340718 0.294926 2.932880 0.000967 -3.658484 0.000000 0.000000 0.226820
0.566791 -0.340726 0.294922 2.932940 0.001020 -3.658488 0.000000 0.000000 0.226720
0.566786 -0.340734 0.294918 2.932999 0.001072 -3.658493 0.000000 0.000000 0.226621
0.566781 -0.340743 0.294914 2.933059 0.001124 -3.658497 0.000000 0.000000 0.226521
0.566776 -0.340751 0.294910 2.933119 0.001177 -3.658502 0.000000 0.000000 0.226421
0.566771 -0.340759 0.294906 2.933179 0.001229 -3.658506 0.000000 0.000000 0.226321
0.566766 -0.340767 0.294902 2.933239 0.001281 -3.658511 0.000000 0.000000 0.226221
0.566761 -0.340775 0.294898 2.933299 0.001334 -3.658515 0.000000 0.000000 0.226122
0.566756 -0.340783 0.294894 2.933359 0.001386 -3.658519 0.000000 0.000000 0.226022
0.566751 -0.340792 0.294890 2.933418 0.001439 -3.658524 0.000000 0.000000 0.225922
0.566747 -0.340800 0.294886 2.933478 0.001491 -3.658528 0.000000 0.000000 0.225822
0.566742 -0.340808 0.294882 2.933538 0.001543 -3.658533 0.000000 0.000000 0.225722
0.566737 -0.340816 0.294878 2.933598 0.001596 -3.658537 0.000000 0.000000 0.225622
0.566732 -0.340824 0.294874 2.933658 0.001648 -3.658542 0.000000 0.000000 0.225523
0.566727 -0.340833 0.294870 2.933718 0.001700 -3.658546 0.000000 0.000000 0.225423
0.566722 -0.340841 0.294866 2.933778 0.001753 -3.658550 0.000000 0.000000 0.225323
0.566717 -0.340849 0.294862 2.933837 0.001805 -3.658555 0.000000 0.000000 0.225223
0.566712 -0.340857 0.294858 2.933897 0.001858 -3.658559 0.000000 0.000000 0.225123
0.566707 -0.340865 0.294854 2.933957 0.001910 -3.658564 0.000000 0.000000 0.225024
0.566702 -0.340874 0.294851 2.934016 0.001963 -3.658567 0.000000 0.000000 0.224862
0.566698 -0.340884 0.294849 2.934073 0.002020 -3.658567 0.000000 0.000000 0.224442
0.566693 -0.340894 0.294848 2.934130 0.002077 -3.658566 0.000000 0.000000 0.224022
0.566688 -0.340903 0.294846 2.934186 0.002134 -3.658565 0.000000 0.000000 0.223603
0.566684 -0.340913 0.294845 2.934243 0.002191 -3.658565 0.000000 0.000000 0.223183
0.566679 -0.340923 0.294844 2.934300 0.002248 -3.658564 0.000000 0.000000 0.222763
0.566675 -0.340933 0.294842 2.934357 0.002305 -3.658564 0.000000 0.000000 0.222344
0.566670 -0.340943 0.294841 2.934413 0.002362 -3.658563 0.000000 0.000000 0.221924
0.566665 -0.340953 0.294839 2.934470 0.002418 -3.658562 0.000000 0.000000 0.221504
0.566661 -0.340962 0.294838 2.934527 0.002475 -3.658562 0.000000 0.000000 0.221085
0.566656 -0.340972 0.294837 2.934583 0.002532 -3.658561 0.000000 0.000000 0.220665
0.566652 -0.340982 0.294835 2.934640 0.002589 -3.658560 0.000000 0.000000 0.220245
0.566647 -0.340992 0.294834 2.934697 0.002646 -3.658560 0.000000 0.000000 0.219826
0.566642 -0.341002 0.294832 2.934754 0.002703 -3.658559 0.000000 0.000000 0.219406
0.566638 -0.341012 0.294831 2.934810 0.002760 -3.658559 0.000000 0.000000 0.218986
0.566633 -0.341021 0.294830 2.934867 0.002817 -3.658558 0.000000 0.000000 0.218567
0.566629 -0.341031 0.294828 2.934924 0.002874 -3.658557 0.000000 0.000000 0.218147
0.566625 -0.341041 0.294829 2.934970 0.002925 -3.658560 0.000000 0.000000 0.217696
0.566622 -0.341050 0.294832 2.935010 0.002973 -3.658564 0.000000 0.000000 0.217227
0.566618 -0.341059 0.294834 2.935050 0.003021 -3.658568 0.000000 0.000000 0.216757
0.566615 -0.341068 0.294837 2.935090 0.003069 -3.658572 0.000000 0.000000 0.216288
0.566612 -0.341077 0.294840 2.935130 0.003118 -3.658576 0.000000 0.000000 0.215818
0.566609 -0.341086 0.294842 2.935170 0.003166 -3.658580 0.000000 0.000000 0.215349
0.566606 -0.341095 0.294845 2.935210 0.003214 -3.658584 0.000000 0.000000 0.214879
0.566602 -0.341104 0.294847 2.935250 0.003262 -3.658588 0.000000 0.000000 0.214409
0.566599 -0.341113 0.294850 2.935290 0.003310 -3.658592 0.000000 0.000000 0.213940
0.566596 -0.341122 0.294852 2.935330 0.003358 -3.658596 0.000000 0.000000 0.213470
0.566593 -0.341131 0.294855 2.935370 0.003406 -3.658599 0.000000 0.000000 0.213001
0.566589 -0.341140 0.294858 2.935410 0.003454 -3.658603 0.000000 0.000000 0.212531
0.566586 -0.341149 0.294860 2.935450 0.003503 -3.658607 0.000000 0.000000 0.212062
0.566583 -0.341158 0.294863 2.935490 0.003551 -3.658611 0.000000 0.000000 0.211592
0.566580 -0.341167 0.294865 2.935530 0.003599 -3.658615 0.000000 0.000000 0.211123
0.566577 -0.341176 0.294868 2.935570 0.003647 -3.658619 0.000000 0.000000 0.210653
0.566573 -0.341185 0.294871 2.935610 0.003695 -3.658624 0.000000 0.000000 0.210182
0.566571 -0.341194 0.294877 2.935635 0.003736 -3.658635 0.000000 0.000000 0.209684
0.566569 -0.341202 0.294882 2.935660 0.003777 -3.658646 0.000000 0.000000 0.209186
0.566567 -0.341211 0.294888 2.935686 0.003818 -3.658657 0.000000 0.000000 0.208688
0.566565 -0.341220 0.294894 2.935711 0.003859 -3.658668 0.000000 0.000000 0.208189
0.566562 -0.341228 0.294900 2.935737 0.003900 -3.658679 0.000000 0.000000 0.207691
0.566560 -0.341237 0.294906 2.935762 0.003942 -3.658690 0.000000 0.000000 0.207193
0.566558 -0.341246 0.294912 2.935788 0.003983 -3.658701 0.000000 0.000000 0.206695
0.566556 -0.341255 0.294917 2.935813 0.004024 -3.658711 0.000000 0.000000 0.206196
0.566554 -0.341263 0.294923 2.935839 0.004065 -3.658722 0.000000 0.000000 0.205698
0.566552 -0.341272 0.294929 2.935864 0.004106 -3.658733 0.000000 0.000000 0.205200
0.566549 -0.341281 0.294935 2.935889 0.004147 -3.658744 0.000000 0.000000 0.204702
