0.521774 -0.543094 0.216706 3.014088 0.027647 -3.803949 0.207405 0.090016 0.317927
0.521779 -0.543081 0.216317 3.014261 0.027078 -3.804255 0.206853 0.087433 0.322054
0.521784 -0.543068 0.215928 3.014434 0.026510 -3.804560 0.206300 0.084851 0.326181
0.521788 -0.543046 0.215533 3.014595 0.025937 -3.804837 0.206142 0.082611 0.330435
0.521792 -0.543023 0.215137 3.014755 0.025364 -3.805115 0.205984 0.080372 0.334689
0.521796 -0.543000 0.214742 3.014915 0.024791 -3.805392 0.205826 0.078133 0.338944
0.521801 -0.542976 0.214349 3.015066 0.024236 -3.805659 0.206619 0.076335 0.343318
0.521806 -0.542952 0.213957 3.015217 0.023681 -3.805927 0.207411 0.074538 0.347692
0.521811 -0.542928 0.213564 3.015367 0.023126 -3.806194 0.208203 0.072741 0.352067
0.521818 -0.542887 0.213159 3.015502 0.022584 -3.806428 0.206439 0.069781 0.356056
0.521825 -0.542847 0.212753 3.015636 0.022042 -3.806662 0.204676 0.066822 0.360045
0.521832 -0.542806 0.212348 3.015770 0.021501 -3.806896 0.202912 0.063862 0.364035
0.521839 -0.542765 0.211943 3.015905 0.020959 -3.807130 0.201148 0.060903 0.368024
0.521840 -0.542722 0.211521 3.016062 0.020412 -3.807341 0.199751 0.060363 0.370149
0.521840 -0.542678 0.211100 3.016218 0.019865 -3.807552 0.198353 0.059822 0.372274
0.521840 -0.542635 0.210678 3.016375 0.019318 -3.807763 0.196956 0.059282 0.374399
0.521833 -0.542585 0.210250 3.016545 0.018760 -3.807943 0.196596 0.059599 0.375264
0.521826 -0.542535 0.209821 3.016715 0.018202 -3.808122 0.196236 0.059916 0.376129
0.521818 -0.542486 0.209393 3.016885 0.017643 -3.808301 0.195877 0.060234 0.376994
0.521800 -0.542437 0.208943 3.017110 0.017057 -3.808453 0.195311 0.061408 0.377346
0.521781 -0.542388 0.208494 3.017335 0.016470 -3.808604 0.194745 0.062583 0.377697
0.521763 -0.542339 0.208045 3.017560 0.015884 -3.808755 0.194179 0.063758 0.378048
0.521744 -0.542291 0.207596 3.017784 0.015298 -3.808907 0.193613 0.064932 0.378399
0.521722 -0.542244 0.207128 3.018048 0.014704 -3.809080 0.192591 0.065991 0.375304
0.521699 -0.542196 0.206660 3.018312 0.014111 -3.809253 0.191570 0.067050 0.372209
0.521676 -0.542149 0.206193 3.018576 0.013517 -3.809426 0.190548 0.068108 0.369114
0.521647 -0.542108 0.205718 3.018879 0.012914 -3.809609 0.188692 0.068315 0.362497
0.521617 -0.542068 0.205244 3.019182 0.012310 -3.809792 0.186836 0.068522 0.355879
0.521587 -0.542027 0.204769 3.019485 0.011706 -3.809975 0.184980 0.068729 0.349262
0.521554 -0.541989 0.204279 3.019821 0.011073 -3.810180 0.185943 0.068075 0.339412
0.521521 -0.541950 0.203789 3.020157 0.010440 -3.810385 0.186906 0.067421 0.329562
0.521488 -0.541912 0.203299 3.020493 0.009807 -3.810591 0.187868 0.066767 0.319712
0.521456 -0.541874 0.202809 3.020829 0.009174 -3.810796 0.188831 0.066113 0.309862
0.521419 -0.541831 0.202308 3.021166 0.008497 -3.811010 0.188911 0.065324 0.298333
0.521382 -0.541788 0.201807 3.021503 0.007821 -3.811223 0.188991 0.064534 0.286804
0.521346 -0.541745 0.201305 3.021840 0.007145 -3.811437 0.189071 0.063744 0.275275
0.521307 -0.541706 0.200802 3.022187 0.006461 -3.811642 0.189453 0.062594 0.264026
0.521269 -0.541668 0.200300 3.022533 0.005777 -3.811847 0.189835 0.061445 0.252777
0.521230 -0.541629 0.199797 3.022880 0.005093 -3.812053 0.190217 0.060295 0.241528
0.521191 -0.541580 0.199294 3.023183 0.004381 -3.812268 0.188388 0.058779 0.232846
0.521151 -0.541532 0.198791 3.023485 0.003669 -3.812483 0.186560 0.057262 0.224163
0.521112 -0.541483 0.198288 3.023788 0.002957 -3.812698 0.184732 0.055746 0.215481
0.521072 -0.541435 0.197784 3.024090 0.002245 -3.812913 0.182904 0.054229 0.206799
0.521040 -0.541386 0.197288 3.024351 0.001521 -3.813147 0.183672 0.053591 0.201150
0.521007 -0.541337 0.196792 3.024611 0.000796 -3.813381 0.184439 0.052953 0.195501
0.520975 -0.541288 0.196296 3.024872 0.000072 -3.813615 0.185207 0.052314 0.189852
0.520947 -0.541243 0.195812 3.025075 -0.000637 -3.813878 0.186252 0.051094 0.183676
0.520919 -0.541198 0.195327 3.025278 -0.001346 -3.814141 0.187297 0.049873 0.177500
0.520891 -0.541153 0.194843 3.025481 -0.002055 -3.814404 0.188342 0.048653 0.171324
0.520871 -0.541110 0.194368 3.025644 -0.002748 -3.814720 0.188975 0.050130 0.163976
0.520850 -0.541067 0.193894 3.025808 -0.003442 -3.815035 0.189609 0.051608 0.156629
0.520829 -0.541024 0.193419 3.025972 -0.004135 -3.815351 0.190242 0.053086 0.149282
0.520808 -0.540980 0.192944 3.026136 -0.004829 -3.815666 0.190876 0.054564 0.141935
0.520797 -0.540947 0.192474 3.026288 -0.005497 -3.816023 0.190675 0.054115 0.138361
0.520786 -0.540913 0.192004 3.026439 -0.006166 -3.816380 0.190475 0.053666 0.134787
0.520775 -0.540879 0.191535 3.026591 -0.006834 -3.816737 0.190275 0.053218 0.131213
0.520761 -0.540847 0.191054 3.026767 -0.007512 -3.817111 0.189491 0.052380 0.128461
0.520747 -0.540814 0.190572 3.026943 -0.008190 -3.817486 0.188708 0.051543 0.125708
0.520733 -0.540782 0.190091 3.027119 -0.008867 -3.817861 0.187924 0.050706 0.122956
0.520711 -0.540765 0.189611 3.027342 -0.009570 -3.818268 0.189005 0.052734 0.122202
0.520690 -0.540748 0.189130 3.027564 -0.010272 -3.818675 0.190086 0.054762 0.121448
0.520668 -0.540731 0.188650 3.027786 -0.010974 -3.819083 0.191167 0.056791 0.120695
0.520646 -0.540714 0.188170 3.028009 -0.011676 -3.819490 0.192247 0.058819 0.119941
0.520622 -0.540698 0.187695 3.028231 -0.012380 -3.819904 0.192085 0.059410 0.121545
0.520597 -0.540681 0.187221 3.028453 -0.013084 -3.820318 0.191923 0.060001 0.123149
0.520573 -0.540665 0.186747 3.028676 -0.013788 -3.820731 0.191761 0.060593 0.124753
0.520547 -0.540651 0.186265 3.028894 -0.014500 -3.821173 0.190605 0.061141 0.127254
0.520522 -0.540637 0.185784 3.029113 -0.015213 -3.821614 0.189450 0.061690 0.129755
0.520496 -0.540623 0.185303 3.029331 -0.015925 -3.822055 0.188295 0.062239 0.132256
0.520476 -0.540611 0.184821 3.029534 -0.016615 -3.822527 0.187152 0.061718 0.131218
0.520455 -0.540600 0.184339 3.029736 -0.017306 -3.822998 0.186008 0.061198 0.130180
0.520435 -0.540588 0.183858 3.029939 -0.017996 -3.823469 0.184865 0.060677 0.129142
0.520415 -0.540576 0.183376 3.030141 -0.018687 -3.823940 0.183721 0.060157 0.128104
0.520394 -0.540562 0.182894 3.030315 -0.019384 -3.824396 0.182947 0.058908 0.128966
0.520374 -0.540547 0.182412 3.030489 -0.020081 -3.824853 0.182172 0.057659 0.129827
0.520354 -0.540532 0.181930 3.030663 -0.020778 -3.825309 0.181397 0.056411 0.130688
0.520337 -0.540513 0.181441 3.030814 -0.021487 -3.825789 0.181806 0.054971 0.135924
0.520321 -0.540495 0.180953 3.030966 -0.022195 -3.826269 0.182215 0.053531 0.141159
0.520305 -0.540476 0.180464 3.031117 -0.022904 -3.826750 0.182624 0.052092 0.146395
0.520287 -0.540456 0.179972 3.031258 -0.023611 -3.827223 0.182497 0.052294 0.152344
0.520270 -0.540437 0.179481 3.031399 -0.024318 -3.827697 0.182370 0.052495 0.158292
0.520252 -0.540417 0.178989 3.031540 -0.025025 -3.828171 0.182243 0.052697 0.164241
0.520234 -0.540398 0.178497 3.031681 -0.025733 -3.828644 0.182116 0.052899 0.170190
0.520214 -0.540385 0.178002 3.031841 -0.026446 -3.829164 0.182261 0.052848 0.178810
0.520194 -0.540373 0.177506 3.032000 -0.027160 -3.829684 0.182406 0.052797 0.187430
0.520173 -0.540361 0.177010 3.032160 -0.027874 -3.830204 0.182552 0.052746 0.196050
0.520161 -0.540350 0.176512 3.032286 -0.028570 -3.830746 0.181656 0.052696 0.203421
0.520148 -0.540340 0.176014 3.032412 -0.029266 -3.831288 0.180760 0.052646 0.210792
0.520136 -0.540329 0.175517 3.032538 -0.029963 -3.831830 0.179864 0.052597 0.218163
0.520130 -0.540322 0.175011 3.032683 -0.030631 -3.832410 0.181345 0.051343 0.222438
0.520125 -0.540315 0.174506 3.032829 -0.031298 -3.832990 0.182825 0.050089 0.226712
0.520119 -0.540307 0.174000 3.032974 -0.031966 -3.833570 0.184306 0.048835 0.230987
0.520114 -0.540300 0.173495 3.033120 -0.032634 -3.834150 0.185786 0.047581 0.235262
0.520109 -0.540295 0.172987 3.033227 -0.033277 -3.834740 0.184900 0.045838 0.238354
0.520104 -0.540290 0.172480 3.033335 -0.033920 -3.835330 0.184014 0.044094 0.241447
0.520100 -0.540285 0.171973 3.033442 -0.034564 -3.835921 0.183129 0.042350 0.244539
0.520093 -0.540276 0.171454 3.033583 -0.035222 -3.836481 0.182302 0.040903 0.247517
0.520086 -0.540267 0.170935 3.033723 -0.035879 -3.837042 0.181474 0.039456 0.250495
0.520079 -0.540258 0.170416 3.033863 -0.036537 -3.837603 0.180647 0.038009 0.253473
0.520067 -0.540242 0.169888 3.033985 -0.037192 -3.838136 0.179513 0.036402 0.255466
0.520055 -0.540227 0.169360 3.034107 -0.037846 -3.838670 0.178379 0.034794 0.257459
0.520043 -0.540211 0.168832 3.034229 -0.038501 -3.839203 0.177246 0.033186 0.259452
0.520030 -0.540196 0.168303 3.034350 -0.039155 -3.839737 0.176112 0.031579 0.261445
0.520023 -0.540164 0.167768 3.034389 -0.039807 -3.840223 0.176678 0.031825 0.259476
0.520016 -0.540133 0.167233 3.034428 -0.040458 -3.840710 0.177244 0.032071 0.257507
0.520009 -0.540102 0.166697 3.034467 -0.041109 -3.841196 0.177810 0.032317 0.255539
0.519999 -0.540054 0.166163 3.034415 -0.041821 -3.841691 0.179739 0.033213 0.250663
0.519989 -0.540006 0.165628 3.034362 -0.042533 -3.842185 0.181669 0.034109 0.245787
0.519979 -0.539958 0.165094 3.034309 -0.043245 -3.842680 0.183598 0.035005 0.240912
0.519977 -0.539892 0.164543 3.034147 -0.043973 -3.843192 0.185220 0.033754 0.232674
0.519976 -0.539827 0.163993 3.033986 -0.044700 -3.843704 0.186843 0.032504 0.224435
0.519974 -0.539762 0.163442 3.033824 -0.045428 -3.844216 0.188465 0.031253 0.216197
0.519972 -0.539696 0.162892 3.033663 -0.046155 -3.844729 0.190087 0.030002 0.207959
0.519974 -0.539623 0.162318 3.033430 -0.046896 -3.845241 0.191052 0.028736 0.200867
0.519976 -0.539550 0.161743 3.033198 -0.047638 -3.845754 0.192017 0.027470 0.193776
0.519978 -0.539477 0.161169 3.032966 -0.048379 -3.846267 0.192982 0.026204 0.186684
0.519976 -0.539398 0.160568 3.032705 -0.049186 -3.846840 0.195163 0.024201 0.179584
0.519974 -0.539318 0.159967 3.032444 -0.049993 -3.847414 0.197345 0.022199 0.172483
0.519971 -0.539239 0.159366 3.032184 -0.050800 -3.847988 0.199527 0.020196 0.165382
0.519965 -0.539153 0.158735 3.031890 -0.051670 -3.848623 0.202828 0.019037 0.158453
0.519958 -0.539067 0.158103 3.031596 -0.052539 -3.849259 0.206130 0.017878 0.151524
0.519951 -0.538981 0.157472 3.031301 -0.053408 -3.849894 0.209432 0.016719 0.144596
0.519945 -0.538895 0.156840 3.031007 -0.054278 -3.850529 0.212733 0.015561 0.137667
0.519936 -0.538804 0.156186 3.030667 -0.055229 -3.851242 0.215462 0.014946 0.131114
0.519928 -0.538712 0.155532 3.030327 -0.056180 -3.851955 0.218190 0.014332 0.124561
0.519919 -0.538621 0.154878 3.029988 -0.057131 -3.852668 0.220919 0.013718 0.118008
0.519905 -0.538517 0.154200 3.029597 -0.058179 -3.853434 0.222622 0.013210 0.111009
0.519891 -0.538414 0.153522 3.029206 -0.059226 -3.854201 0.224325 0.012703 0.104010
0.519877 -0.538310 0.152843 3.028815 -0.060274 -3.854967 0.226028 0.012196 0.097011
0.519857 -0.538189 0.152145 3.028347 -0.061462 -3.855807 0.225447 0.010887 0.094077
0.519837 -0.538068 0.151447 3.027879 -0.062650 -3.856648 0.224866 0.009578 0.091142
0.519817 -0.537947 0.150748 3.027411 -0.063838 -3.857488 0.224285 0.008269 0.088207
0.519797 -0.537826 0.150050 3.026943 -0.065026 -3.858329 0.223704 0.006960 0.085273
0.519772 -0.537686 0.149338 3.026401 -0.066343 -3.859204 0.223902 0.005854 0.081549
0.519747 -0.537547 0.148627 3.025860 -0.067660 -3.860079 0.224100 0.004748 0.077826
0.519721 -0.537407 0.147915 3.025318 -0.068977 -3.860954 0.224298 0.003642 0.074103
0.519687 -0.537256 0.147181 3.024746 -0.070404 -3.861896 0.224873 0.003459 0.069802
0.519653 -0.537105 0.146446 3.024174 -0.071832 -3.862838 0.225448 0.003277 0.065502
0.519619 -0.536954 0.145712 3.023602 -0.073259 -3.863780 0.226022 0.003094 0.061202
0.519582 -0.536790 0.144957 3.022978 -0.074779 -3.864765 0.224359 0.003107 0.060215
0.519545 -0.536627 0.144202 3.022355 -0.076298 -3.865751 0.222695 0.003120 0.059229
0.519509 -0.536463 0.143447 3.021731 -0.077818 -3.866737 0.221032 0.003132 0.058242
0.519472 -0.536300 0.142692 3.021107 -0.079337 -3.867722 0.219368 0.003145 0.057255
0.519428 -0.536129 0.141918 3.020466 -0.080944 -3.868761 0.218337 0.003249 0.055557
0.519384 -0.535958 0.141144 3.019825 -0.082551 -3.869799 0.217305 0.003352 0.053859
0.519341 -0.535787 0.140369 3.019183 -0.084158 -3.870838 0.216274 0.003456 0.052160
0.519299 -0.535611 0.139581 3.018489 -0.085821 -3.871958 0.216633 0.003896 0.048155
0.519257 -0.535435 0.138792 3.017794 -0.087483 -3.873078 0.216992 0.004335 0.044150
0.519215 -0.535260 0.138003 3.017099 -0.089146 -3.874198 0.217351 0.004775 0.040145
0.519178 -0.535090 0.137192 3.016422 -0.090858 -3.875422 0.218044 0.005617 0.035241
0.519141 -0.534920 0.136381 3.015744 -0.092571 -3.876646 0.218738 0.006460 0.030336
0.519104 -0.534751 0.135570 3.015067 -0.094283 -3.877870 0.219432 0.007302 0.025432
0.519067 -0.534581 0.134759 3.014390 -0.095995 -3.879094 0.220125 0.008145 0.020528
0.519024 -0.534418 0.133924 3.013767 -0.097785 -3.880433 0.219888 0.009205 0.018058
0.518982 -0.534255 0.133088 3.013145 -0.099575 -3.881772 0.219651 0.010264 0.015589
0.518940 -0.534093 0.132253 3.012522 -0.101364 -3.883112 0.219413 0.011324 0.013119
0.518897 -0.533938 0.131389 3.011967 -0.103185 -3.884549 0.219208 0.012040 0.014395
0.518854 -0.533784 0.130525 3.011413 -0.105006 -3.885986 0.219002 0.012757 0.015671
0.518811 -0.533629 0.129661 3.010858 -0.106827 -3.887423 0.218797 0.013474 0.016947
0.518767 -0.533477 0.128787 3.010355 -0.108687 -3.888935 0.218802 0.016212 0.020732
0.518723 -0.533324 0.127912 3.009853 -0.110547 -3.890448 0.218806 0.018950 0.024516
0.518679 -0.533172 0.127038 3.009351 -0.112407 -3.891960 0.218811 0.021688 0.028301
0.518634 -0.533019 0.126164 3.008848 -0.114267 -3.893472 0.218815 0.024427 0.032086
0.518593 -0.532857 0.125283 3.008348 -0.116185 -3.895042 0.217782 0.026830 0.034626
0.518552 -0.532695 0.124403 3.007847 -0.118104 -3.896611 0.216749 0.029233 0.037166
0.518510 -0.532533 0.123522 3.007347 -0.120022 -3.898181 0.215716 0.031636 0.039706
0.518469 -0.532349 0.122644 3.006805 -0.122008 -3.899779 0.213322 0.033738 0.043003
0.518427 -0.532166 0.121766 3.006264 -0.123994 -3.901377 0.210929 0.035841 0.046300
0.518385 -0.531982 0.120888 3.005722 -0.125980 -3.902974 0.208535 0.037943 0.049597
0.518327 -0.531784 0.120019 3.005210 -0.127988 -3.904527 0.206014 0.039303 0.054357
0.518269 -0.531585 0.119149 3.004699 -0.129996 -3.906081 0.203492 0.040662 0.059116
0.518212 -0.531386 0.118280 3.004187 -0.132004 -3.907634 0.200970 0.042022 0.063876
0.518154 -0.531187 0.117410 3.003675 -0.134012 -3.909187 0.198448 0.043381 0.068635
0.518090 -0.530974 0.116540 3.003178 -0.136033 -3.910724 0.196422 0.043967 0.074510
0.518026 -0.530760 0.115669 3.002681 -0.138054 -3.912262 0.194395 0.044554 0.080385
0.517962 -0.530546 0.114799 3.002184 -0.140075 -3.913799 0.192368 0.045140 0.086259
0.517890 -0.530323 0.113935 3.001718 -0.142080 -3.915311 0.190333 0.045082 0.092032
0.517817 -0.530099 0.113071 3.001252 -0.144086 -3.916822 0.188298 0.045024 0.097805
0.517745 -0.529875 0.112208 3.000786 -0.146092 -3.918334 0.186263 0.044967 0.103578
0.517661 -0.529655 0.111350 3.000399 -0.148046 -3.919810 0.187437 0.044580 0.105416
0.517577 -0.529435 0.110492 3.000012 -0.149999 -3.921287 0.188612 0.044194 0.107254
0.517493 -0.529215 0.109635 2.999625 -0.151953 -3.922763 0.189786 0.043807 0.109092
0.517409 -0.528994 0.108777 2.999238 -0.153907 -3.924239 0.190961 0.043421 0.110930
0.517323 -0.528777 0.107921 2.998902 -0.155790 -3.925713 0.189765 0.042932 0.112274
0.517238 -0.528560 0.107066 2.998567 -0.157673 -3.927186 0.188570 0.042443 0.113619
0.517153 -0.528344 0.106211 2.998232 -0.159556 -3.928659 0.187374 0.041954 0.114964
0.517073 -0.528132 0.105367 2.997939 -0.161389 -3.930158 0.186980 0.041029 0.118343
0.516994 -0.527921 0.104523 2.997646 -0.163223 -3.931657 0.186587 0.040104 0.121722
0.516915 -0.527710 0.103680 2.997353 -0.165056 -3.933156 0.186194 0.039178 0.125100
0.516834 -0.527510 0.102850 2.997106 -0.166854 -3.934689 0.186928 0.038972 0.125961
0.516754 -0.527310 0.102021 2.996858 -0.168652 -3.936222 0.187662 0.038766 0.126823
0.516674 -0.527110 0.101192 2.996610 -0.170451 -3.937755 0.188396 0.038560 0.127684
0.516593 -0.526910 0.100362 2.996363 -0.172249 -3.939288 0.189131 0.038354 0.128545
0.516527 -0.526712 0.099545 2.996102 -0.174023 -3.940875 0.188940 0.037896 0.126764
0.516461 -0.526514 0.098727 2.995841 -0.175797 -3.942462 0.188750 0.037437 0.124984
0.516394 -0.526316 0.097910 2.995580 -0.177571 -3.944048 0.188560 0.036979 0.123203
0.516326 -0.526130 0.097105 2.995385 -0.179341 -3.945679 0.187895 0.036421 0.122235
0.516257 -0.525945 0.096300 2.995189 -0.181110 -3.947310 0.187230 0.035862 0.121267
0.516188 -0.525759 0.095495 2.994993 -0.182880 -3.948941 0.186564 0.035304 0.120299
0.516121 -0.525572 0.094711 2.994787 -0.184672 -3.950559 0.186971 0.036506 0.120644
0.516054 -0.525384 0.093927 2.994581 -0.186463 -3.952178 0.187378 0.037708 0.120990
0.515987 -0.525197 0.093143 2.994375 -0.188255 -3.953796 0.187784 0.038910 0.121336
0.515920 -0.525010 0.092359 2.994170 -0.190046 -3.955414 0.188191 0.040112 0.121682
0.515859 -0.524822 0.091598 2.993943 -0.191831 -3.957045 0.188087 0.040940 0.119568
0.515799 -0.524635 0.090838 2.993716 -0.193615 -3.958675 0.187983 0.041769 0.117455
0.515738 -0.524447 0.090078 2.993489 -0.195400 -3.960305 0.187879 0.042598 0.115341
0.515676 -0.524275 0.089335 2.993328 -0.197103 -3.961860 0.186829 0.042975 0.112137
0.515614 -0.524102 0.088593 2.993166 -0.198806 -3.963415 0.185779 0.043353 0.108933
0.515552 -0.523930 0.087850 2.993004 -0.200510 -3.964970 0.184730 0.043731 0.105730
0.515490 -0.523769 0.087122 2.992887 -0.202157 -3.966461 0.183342 0.043120 0.104900
0.515427 -0.523607 0.086395 2.992771 -0.203803 -3.967952 0.181955 0.042509 0.104071
0.515365 -0.523446 0.085667 2.992654 -0.205450 -3.969443 0.180567 0.041899 0.103241
0.515302 -0.523285 0.084940 2.992538 -0.207097 -3.970934 0.179180 0.041288 0.102412
0.515236 -0.523137 0.084227 2.992497 -0.208675 -3.972384 0.179573 0.039843 0.103496
0.515170 -0.522990 0.083515 2.992457 -0.210254 -3.973833 0.179966 0.038398 0.104581
0.515105 -0.522842 0.082803 2.992416 -0.211832 -3.975283 0.180360 0.036953 0.105665
0.515036 -0.522725 0.082102 2.992499 -0.213273 -3.976629 0.182028 0.036127 0.109141
0.514967 -0.522608 0.081402 2.992582 -0.214713 -3.977974 0.183696 0.035302 0.112616
0.514899 -0.522491 0.080701 2.992665 -0.216153 -3.979320 0.185364 0.034476 0.116092
0.514848 -0.522392 0.080010 2.992787 -0.217500 -3.980628 0.185315 0.034381 0.121881
0.514797 -0.522293 0.079319 2.992909 -0.218848 -3.981936 0.185267 0.034287 0.127671
0.514746 -0.522193 0.078628 2.993031 -0.220195 -3.983243 0.185219 0.034192 0.133461
0.514695 -0.522094 0.077937 2.993152 -0.221543 -3.984551 0.185170 0.034098 0.139251
0.514644 -0.522015 0.077259 2.993363 -0.222819 -3.985794 0.186302 0.035394 0.145377
0.514592 -0.521935 0.076582 2.993573 -0.224095 -3.987037 0.187434 0.036691 0.151504
0.514541 -0.521856 0.075904 2.993784 -0.225370 -3.988281 0.188566 0.037987 0.157630
0.514499 -0.521786 0.075230 2.994037 -0.226621 -3.989498 0.190145 0.040138 0.162570
0.514457 -0.521716 0.074557 2.994289 -0.227871 -3.990715 0.191724 0.042289 0.167510
0.514416 -0.521646 0.073883 2.994542 -0.229122 -3.991932 0.193303 0.044441 0.172450
0.514391 -0.521590 0.073217 2.994806 -0.230292 -3.993116 0.192758 0.046587 0.175412
0.514366 -0.521534 0.072551 2.995071 -0.231462 -3.994299 0.192213 0.048733 0.178375
0.514342 -0.521478 0.071886 2.995335 -0.232632 -3.995483 0.191669 0.050880 0.181337
0.514317 -0.521422 0.071220 2.995599 -0.233803 -3.996667 0.191124 0.053026 0.184300
0.514310 -0.521371 0.070554 2.995874 -0.234949 -3.997863 0.191820 0.055076 0.186882
0.514303 -0.521320 0.069889 2.996150 -0.236096 -3.999060 0.192517 0.057125 0.189464
0.514295 -0.521269 0.069223 2.996425 -0.237243 -4.000257 0.193213 0.059175 0.192046
0.514292 -0.521217 0.068557 2.996696 -0.238381 -4.001409 0.194053 0.059948 0.192944
0.514288 -0.521165 0.067891 2.996967 -0.239520 -4.002561 0.194892 0.060721 0.193842
0.514285 -0.521113 0.067225 2.997238 -0.240659 -4.003713 0.195732 0.061495 0.194740
0.514280 -0.521055 0.066565 2.997523 -0.241821 -4.004793 0.196478 0.061497 0.196774
0.514275 -0.520997 0.065906 2.997808 -0.242983 -4.005873 0.197225 0.061498 0.198808
0.514270 -0.520939 0.065246 2.998093 -0.244145 -4.006953 0.197972 0.061500 0.200841
0.514265 -0.520881 0.064586 2.998378 -0.245307 -4.008033 0.198719 0.061502 0.202875
0.514242 -0.520810 0.063921 2.998754 -0.246525 -4.009021 0.201130 0.062961 0.207402
0.514220 -0.520740 0.063256 2.999129 -0.247743 -4.010009 0.203541 0.064420 0.211929
0.514198 -0.520670 0.062590 2.999505 -0.248961 -4.010997 0.205952 0.065879 0.216456
0.514162 -0.520582 0.061918 2.999902 -0.250219 -4.011863 0.206622 0.066574 0.222486
0.514127 -0.520494 0.061246 3.000299 -0.251476 -4.012728 0.207293 0.067269 0.228516
0.514092 -0.520406 0.060574 3.000697 -0.252734 -4.013594 0.207964 0.067965 0.234546
0.514044 -0.520293 0.059897 3.001117 -0.254073 -4.014394 0.207871 0.067247 0.238726
0.513995 -0.520180 0.059220 3.001538 -0.255411 -4.015194 0.207779 0.066529 0.242905
0.513946 -0.520068 0.058543 3.001958 -0.256750 -4.015994 0.207687 0.065811 0.247085
0.513897 -0.519955 0.057866 3.002378 -0.258088 -4.016793 0.207595 0.065093 0.251265
0.513824 -0.519823 0.057190 3.002842 -0.259471 -4.017496 0.206947 0.065882 0.257513
0.513751 -0.519691 0.056514 3.003306 -0.260854 -4.018198 0.206299 0.066670 0.263760
0.513678 -0.519558 0.055838 3.003769 -0.262237 -4.018900 0.205652 0.067459 0.270008
0.513597 -0.519391 0.055170 3.004163 -0.263749 -4.019588 0.205917 0.068526 0.274202
0.513516 -0.519224 0.054502 3.004556 -0.265261 -4.020277 0.206182 0.069594 0.278396
0.513434 -0.519057 0.053833 3.004950 -0.266773 -4.020965 0.206447 0.070661 0.282590
0.513347 -0.518865 0.053175 3.005304 -0.268399 -4.021671 0.205894 0.071259 0.286280
0.513260 -0.518673 0.052516 3.005658 -0.270025 -4.022377 0.205340 0.071857 0.289971
0.513173 -0.518480 0.051857 3.006012 -0.271652 -4.023083 0.204787 0.072455 0.293661
0.513086 -0.518288 0.051198 3.006366 -0.273278 -4.023789 0.204233 0.073054 0.297351
0.512987 -0.518083 0.050543 3.006727 -0.274969 -4.024480 0.205087 0.073865 0.299914
0.512888 -0.517879 0.049889 3.007088 -0.276660 -4.025170 0.205941 0.074676 0.302476
0.512789 -0.517674 0.049234 3.007450 -0.278350 -4.025861 0.206795 0.075487 0.305039
0.512684 -0.517446 0.048589 3.007762 -0.280165 -4.026574 0.207318 0.076319 0.305467
0.512579 -0.517218 0.047944 3.008075 -0.281980 -4.027287 0.207840 0.077151 0.305895
0.512474 -0.516990 0.047299 3.008387 -0.283795 -4.028000 0.208362 0.077983 0.306323
0.512360 -0.516742 0.046669 3.008645 -0.285752 -4.028759 0.208846 0.078087 0.302848
0.512246 -0.516494 0.046039 3.008903 -0.287709 -4.029519 0.209331 0.078191 0.299372
0.512132 -0.516246 0.045409 3.009161 -0.289667 -4.030278 0.209815 0.078295 0.295897
0.512017 -0.515998 0.044779 3.009419 -0.291624 -4.031037 0.210299 0.078399 0.292422
0.511901 -0.515736 0.044158 3.009612 -0.293649 -4.031813 0.209452 0.077395 0.289791
0.511786 -0.515474 0.043536 3.009805 -0.295674 -4.032589 0.208606 0.076391 0.287161
0.511670 -0.515212 0.042915 3.009998 -0.297700 -4.033366 0.207760 0.075387 0.284530
0.511545 -0.514946 0.042302 3.010163 -0.299764 -4.034172 0.206928 0.075153 0.281069
0.511420 -0.514679 0.041689 3.010328 -0.301828 -4.034978 0.206096 0.074920 0.277607
0.511295 -0.514412 0.041077 3.010493 -0.303893 -4.035785 0.205263 0.074687 0.274146
0.511159 -0.514134 0.040467 3.010633 -0.306034 -4.036638 0.204560 0.075543 0.272250
0.511023 -0.513855 0.039857 3.010774 -0.308174 -4.037492 0.203857 0.076400 0.270353
0.510886 -0.513576 0.039248 3.010914 -0.310315 -4.038345 0.203154 0.077256 0.268457
0.510750 -0.513297 0.038638 3.011055 -0.312456 -4.039199 0.202451 0.078112 0.266561
0.510601 -0.513000 0.038047 3.011115 -0.314708 -4.040050 0.202264 0.079600 0.263493
0.510452 -0.512703 0.037455 3.011176 -0.316959 -4.040902 0.202078 0.081087 0.260426
0.510303 -0.512406 0.036863 3.011236 -0.319211 -4.041754 0.201891 0.082574 0.257358
0.510134 -0.512091 0.036285 3.011277 -0.321590 -4.042621 0.201934 0.084889 0.254866
0.509964 -0.511777 0.035707 3.011317 -0.323968 -4.043487 0.201976 0.087203 0.252374
0.509795 -0.511463 0.035128 3.011357 -0.326347 -4.044354 0.202018 0.089517 0.249883
0.509616 -0.511135 0.034557 3.011337 -0.328820 -4.045255 0.202711 0.090641 0.250402
0.509437 -0.510807 0.033985 3.011317 -0.331292 -4.046156 0.203404 0.091764 0.250922
0.509258 -0.510479 0.033413 3.011297 -0.333764 -4.047057 0.204097 0.092888 0.251442
0.509079 -0.510151 0.032841 3.011276 -0.336236 -4.047958 0.204789 0.094011 0.251961
0.508894 -0.509811 0.032280 3.011149 -0.338824 -4.048891 0.204361 0.094267 0.256220
0.508709 -0.509471 0.031720 3.011022 -0.341412 -4.049823 0.203933 0.094524 0.260479
0.508524 -0.509131 0.031159 3.010895 -0.344000 -4.050755 0.203504 0.094780 0.264738
0.508333 -0.508787 0.030613 3.010683 -0.346672 -4.051770 0.202712 0.096695 0.270452
0.508143 -0.508444 0.030067 3.010471 -0.349345 -4.052784 0.201920 0.098610 0.276167
0.507952 -0.508101 0.029520 3.010260 -0.352017 -4.053798 0.201128 0.100526 0.281882
0.507757 -0.507770 0.028987 3.009983 -0.354711 -4.054865 0.199396 0.101662 0.296418
0.507563 -0.507439 0.028454 3.009707 -0.357404 -4.055933 0.197664 0.102797 0.310955
0.507368 -0.507108 0.027922 3.009430 -0.360098 -4.057001 0.195932 0.103933 0.325492
0.507173 -0.506777 0.027389 3.009154 -0.362792 -4.058068 0.194200 0.105069 0.340028
0.506995 -0.506453 0.026882 3.008740 -0.365577 -4.059257 0.191873 0.108475 0.369496
0.506818 -0.506129 0.026376 3.008326 -0.368361 -4.060446 0.189546 0.111881 0.398963
0.506640 -0.505805 0.025869 3.007912 -0.371146 -4.061635 0.187220 0.115286 0.428431
0.506484 -0.505495 0.025401 3.007367 -0.373976 -4.062956 0.181368 0.119735 0.467714
0.506329 -0.505186 0.024933 3.006822 -0.376807 -4.064277 0.175516 0.124183 0.506997
0.506173 -0.504876 0.024464 3.006277 -0.379638 -4.065598 0.169664 0.128631 0.546280
0.506022 -0.504585 0.024029 3.005658 -0.382522 -4.066998 0.162192 0.132140 0.589820
0.505871 -0.504294 0.023594 3.005039 -0.385405 -4.068399 0.154719 0.135649 0.633360
0.505719 -0.504003 0.023159 3.004420 -0.388289 -4.069800 0.147246 0.139157 0.676899
0.505568 -0.503711 0.022724 3.003801 -0.391173 -4.071201 0.139773 0.142666 0.720439
0.505434 -0.503433 0.022331 3.003071 -0.394134 -4.072709 0.130151 0.145643 0.765639
0.505300 -0.503155 0.021938 3.002340 -0.397095 -4.074218 0.120528 0.148619 0.810840
0.505166 -0.502877 0.021545 3.001610 -0.400055 -4.075726 0.110906 0.151596 0.856040
0.505042 -0.502617 0.021186 3.000829 -0.403021 -4.077290 0.101291 0.152080 0.902857
0.504917 -0.502358 0.020828 3.000049 -0.405987 -4.078855 0.091676 0.152564 0.949674
0.504793 -0.502099 0.020469 2.999269 -0.408953 -4.080419 0.082061 0.153048 0.996491
0.504680 -0.501863 0.020144 2.998436 -0.411835 -4.081980 0.074471 0.152633 1.050548
0.504567 -0.501627 0.019818 2.997603 -0.414718 -4.083540 0.066881 0.152218 1.104605
0.504455 -0.501391 0.019492 2.996770 -0.417600 -4.085100 0.059290 0.151802 1.158663
0.504342 -0.501156 0.019166 2.995937 -0.420482 -4.086661 0.051700 0.151387 1.212720
0.504240 -0.500929 0.018872 2.995083 -0.423292 -4.088217 0.046520 0.151425 1.272020
0.504139 -0.500703 0.018577 2.994228 -0.426102 -4.089773 0.041341 0.151462 1.331319
0.504037 -0.500477 0.018283 2.993374 -0.428913 -4.091329 0.036161 0.151499 1.390619
0.503943 -0.500271 0.018026 2.992539 -0.431598 -4.092799 0.032402 0.150198 1.454878
0.503849 -0.500064 0.017769 2.991705 -0.434283 -4.094270 0.028643 0.148896 1.519137
0.503755 -0.499858 0.017511 2.990870 -0.436968 -4.095740 0.024884 0.147594 1.583395
0.503673 -0.499663 0.017291 2.990057 -0.439489 -4.097101 0.026347 0.143774 1.654255
0.503590 -0.499467 0.017071 2.989244 -0.442009 -4.098461 0.027809 0.139953 1.725115
0.503508 -0.499272 0.016851 2.988431 -0.444530 -4.099822 0.029272 0.136133 1.795975
0.503426 -0.499077 0.016631 2.987618 -0.447051 -4.101183 0.030735 0.132312 1.866834
0.503345 -0.498916 0.016440 2.986918 -0.449247 -4.102358 0.034816 0.127952 1.943990
0.503264 -0.498755 0.016249 2.986218 -0.451444 -4.103532 0.038897 0.123592 2.021146
0.503183 -0.498594 0.016058 2.985518 -0.453641 -4.104707 0.042979 0.119232 2.098302
0.503118 -0.498463 0.015900 2.984903 -0.455460 -4.105693 0.047316 0.115877 2.177119
0.503053 -0.498332 0.015741 2.984287 -0.457279 -4.106679 0.051654 0.112521 2.255936
0.502988 -0.498201 0.015583 2.983671 -0.459097 -4.107666 0.055992 0.109166 2.334753
0.502938 -0.498096 0.015452 2.983152 -0.460556 -4.108472 0.060104 0.110613 2.411351
0.502887 -0.497990 0.015321 2.982632 -0.462015 -4.109279 0.064215 0.112059 2.487948
0.502837 -0.497884 0.015190 2.982113 -0.463475 -4.110086 0.068326 0.113506 2.564546
0.502787 -0.497778 0.015060 2.981593 -0.464934 -4.110892 0.072438 0.114953 2.641144
0.502750 -0.497705 0.014960 2.981196 -0.465990 -4.111538 0.075965 0.118501 2.714534
0.502712 -0.497631 0.014861 2.980798 -0.467046 -4.112184 0.079492 0.122048 2.787925
0.502675 -0.497558 0.014762 2.980400 -0.468102 -4.112830 0.083019 0.125596 2.861316
0.502657 -0.497505 0.014695 2.980080 -0.468811 -4.113311 0.086750 0.131133 2.933822
0.502639 -0.497452 0.014628 2.979759 -0.469519 -4.113792 0.090481 0.136669 3.006327
0.502621 -0.497400 0.014560 2.979438 -0.470227 -4.114273 0.094212 0.142206 3.078833
0.502619 -0.497364 0.014525 2.979194 -0.470628 -4.114611 0.093980 0.153661 3.144949
0.502618 -0.497328 0.014490 2.978949 -0.471030 -4.114948 0.093747 0.165116 3.211065
0.502616 -0.497291 0.014456 2.978705 -0.471431 -4.115286 0.093515 0.176571 3.277181
0.502615 -0.497255 0.014421 2.978460 -0.471832 -4.115623 0.093282 0.188026 3.343297
0.502612 -0.497236 0.014400 2.978366 -0.471939 -4.115793 0.091464 0.199691 3.395007
0.502610 -0.497216 0.014380 2.978272 -0.472046 -4.115964 0.089646 0.211356 3.446716
0.502608 -0.497196 0.014359 2.978178 -0.472152 -4.116134 0.087828 0.223022 3.498425
0.502600 -0.497189 0.014342 2.978225 -0.472018 -4.116141 0.087194 0.235951 3.542244
0.502592 -0.497181 0.014325 2.978273 -0.471883 -4.116149 0.086559 0.248881 3.586063
0.502584 -0.497174 0.014308 2.978320 -0.471749 -4.116156 0.085925 0.261811 3.629882
0.502577 -0.497174 0.014298 2.978440 -0.471381 -4.116039 0.086538 0.280669 3.660616
0.502571 -0.497174 0.014288 2.978560 -0.471013 -4.115922 0.087151 0.299527 3.691350
0.502564 -0.497174 0.014278 2.978680 -0.470644 -4.115804 0.087765 0.318384 3.722085
0.502558 -0.497174 0.014268 2.978800 -0.470276 -4.115687 0.088378 0.337242 3.752819
0.502547 -0.497178 0.014261 2.978991 -0.469721 -4.115472 0.090093 0.360752 3.772171
0.502536 -0.497182 0.014255 2.979183 -0.469166 -4.115257 0.091809 0.384262 3.791523
0.502525 -0.497186 0.014248 2.979375 -0.468611 -4.115043 0.093524 0.407772 3.810875
0.502516 -0.497185 0.014246 2.979598 -0.467927 -4.114818 0.094897 0.434287 3.825745
0.502507 -0.497184 0.014244 2.979820 -0.467244 -4.114593 0.096269 0.460801 3.840615
0.502498 -0.497183 0.014242 2.980043 -0.466560 -4.114368 0.097642 0.487316 3.855485
0.502487 -0.497178 0.014241 2.980318 -0.465790 -4.114159 0.098578 0.516951 3.860269
0.502476 -0.497172 0.014239 2.980592 -0.465020 -4.113951 0.099513 0.546585 3.865054
0.502464 -0.497166 0.014238 2.980867 -0.464250 -4.113743 0.100448 0.576219 3.869838
0.502453 -0.497161 0.014237 2.981142 -0.463480 -4.113534 0.101384 0.605854 3.874623
0.502438 -0.497157 0.014246 2.981428 -0.462637 -4.113344 0.102024 0.637750 3.869851
0.502423 -0.497154 0.014255 2.981714 -0.461795 -4.113154 0.102665 0.669647 3.865079
0.502408 -0.497150 0.014264 2.982000 -0.460952 -4.112964 0.103305 0.701544 3.860306
0.502389 -0.497138 0.014282 2.982263 -0.460048 -4.112793 0.102767 0.735365 3.852110
0.502370 -0.497127 0.014301 2.982527 -0.459144 -4.112623 0.102229 0.769186 3.843913
0.502351 -0.497115 0.014319 2.982790 -0.458240 -4.112452 0.101692 0.803008 3.835716
0.502328 -0.497097 0.014351 2.983007 -0.457330 -4.112306 0.096234 0.840844 3.820297
0.502305 -0.497078 0.014383 2.983225 -0.456421 -4.112159 0.090776 0.878680 3.804878
0.502281 -0.497059 0.014415 2.983442 -0.455512 -4.112012 0.085318 0.916515 3.789458
0.502258 -0.497040 0.014446 2.983660 -0.454603 -4.111865 0.079860 0.954351 3.774039
0.502233 -0.496998 0.014486 2.983821 -0.453781 -4.111794 0.070240 0.993262 3.750571
0.502207 -0.496956 0.014525 2.983982 -0.452959 -4.111722 0.060621 1.032172 3.727104
0.502182 -0.496914 0.014564 2.984144 -0.452137 -4.111650 0.051001 1.071082 3.703636
0.502151 -0.496858 0.014613 2.984236 -0.451426 -4.111648 0.040393 1.110043 3.677422
0.502120 -0.496803 0.014662 2.984329 -0.450715 -4.111645 0.029785 1.149004 3.651208
0.502090 -0.496748 0.014711 2.984422 -0.450004 -4.111643 0.019177 1.187964 3.624994
0.502049 -0.496671 0.014779 2.984441 -0.449470 -4.111734 0.007917 1.227061 3.594112
0.502009 -0.496594 0.014846 2.984461 -0.448936 -4.111825 -0.003344 1.266158 3.563231
0.501968 -0.496517 0.014914 2.984480 -0.448402 -4.111916 -0.014605 1.305254 3.532349
0.501928 -0.496440 0.014981 2.984499 -0.447869 -4.112007 -0.025865 1.344351 3.501467
0.501882 -0.496346 0.015063 2.984449 -0.447477 -4.112179 -0.037833 1.381491 3.469847
0.501836 -0.496251 0.015144 2.984398 -0.447086 -4.112352 -0.049801 1.418630 3.438227
0.501791 -0.496157 0.015226 2.984347 -0.446694 -4.112524 -0.061769 1.455769 3.406607
0.501739 -0.496049 0.015316 2.984256 -0.446425 -4.112785 -0.072644 1.491647 3.375773
0.501687 -0.495941 0.015406 2.984165 -0.446155 -4.113046 -0.083519 1.527524 3.344939
0.501635 -0.495833 0.015496 2.984074 -0.445886 -4.113307 -0.094394 1.563402 3.314105
0.501582 -0.495709 0.015590 2.983937 -0.445736 -4.113659 -0.102137 1.595015 3.282075
0.501529 -0.495585 0.015684 2.983799 -0.445587 -4.114010 -0.109880 1.626629 3.250046
0.501477 -0.495462 0.015778 2.983662 -0.445438 -4.114362 -0.117624 1.658242 3.218017
0.501424 -0.495338 0.015872 2.983524 -0.445288 -4.114714 -0.125367 1.689856 3.185987
0.501364 -0.495193 0.015977 2.983343 -0.445324 -4.115183 -0.131603 1.717194 3.154849
0.501303 -0.495047 0.016082 2.983162 -0.445359 -4.115652 -0.137840 1.744532 3.123710
0.501243 -0.494902 0.016187 2.982981 -0.445395 -4.116122 -0.144076 1.771870 3.092572
0.501169 -0.494735 0.016308 2.982772 -0.445578 -4.116678 -0.147802 1.797620 3.060677
0.501094 -0.494568 0.016429 2.982563 -0.445762 -4.117234 -0.151527 1.823371 3.028782
0.501020 -0.494401 0.016550 2.982355 -0.445945 -4.117789 -0.155253 1.849121 2.996887
0.500935 -0.494208 0.016689 2.982105 -0.446244 -4.118368 -0.156596 1.869817 2.970039
0.500850 -0.494014 0.016829 2.981855 -0.446542 -4.118947 -0.157939 1.890512 2.943191
0.500766 -0.493821 0.016968 2.981606 -0.446841 -4.119525 -0.159282 1.911208 2.916343
0.500681 -0.493627 0.017108 2.981356 -0.447139 -4.120104 -0.160626 1.931903 2.889495
0.500577 -0.493402 0.017269 2.981066 -0.447551 -4.120683 -0.162404 1.951898 2.870395
0.500474 -0.493177 0.017431 2.980776 -0.447962 -4.121263 -0.164183 1.971893 2.851294
0.500370 -0.492952 0.017593 2.980486 -0.448374 -4.121842 -0.165961 1.991887 2.832193
0.500250 -0.492694 0.017786 2.980135 -0.448894 -4.122354 -0.168645 2.011746 2.815897
0.500130 -0.492437 0.017980 2.979784 -0.449415 -4.122867 -0.171328 2.031605 2.799601
0.500009 -0.492180 0.018174 2.979433 -0.449936 -4.123379 -0.174011 2.051464 2.783305
0.499872 -0.491879 0.018407 2.979019 -0.450661 -4.123857 -0.176895 2.069857 2.771368
0.499734 -0.491579 0.018640 2.978605 -0.451386 -4.124335 -0.179778 2.088251 2.759431
0.499597 -0.491278 0.018873 2.978191 -0.452112 -4.124812 -0.182661 2.106645 2.747493
0.499460 -0.490977 0.019106 2.977777 -0.452837 -4.125290 -0.185544 2.125039 2.735556
0.499308 -0.490629 0.019378 2.977312 -0.453813 -4.125766 -0.191013 2.141014 2.728519
0.499156 -0.490282 0.019650 2.976847 -0.454789 -4.126243 -0.196482 2.156990 2.721482
0.499004 -0.489934 0.019922 2.976382 -0.455765 -4.126719 -0.201950 2.172966 2.714445
0.498846 -0.489548 0.020238 2.975848 -0.457001 -4.127258 -0.207998 2.189294 2.705925
0.498689 -0.489161 0.020554 2.975314 -0.458237 -4.127797 -0.214046 2.205622 2.697405
0.498531 -0.488775 0.020870 2.974780 -0.459474 -4.128336 -0.220094 2.221950 2.688884
0.498375 -0.488356 0.021223 2.974179 -0.460974 -4.129004 -0.229012 2.236854 2.678424
0.498218 -0.487937 0.021576 2.973579 -0.462474 -4.129671 -0.237930 2.251758 2.667963
0.498062 -0.487518 0.021929 2.972978 -0.463974 -4.130339 -0.246848 2.266661 2.657503
0.497905 -0.487098 0.022282 2.972377 -0.465474 -4.131006 -0.255765 2.281565 2.647042
0.497747 -0.486656 0.022672 2.971744 -0.467261 -4.131843 -0.264518 2.299846 2.640022
0.497589 -0.486214 0.023063 2.971111 -0.469048 -4.132681 -0.273271 2.318127 2.633002
0.497431 -0.485772 0.023453 2.970478 -0.470835 -4.133518 -0.282023 2.336408 2.625981
0.497267 -0.485312 0.023877 2.969818 -0.472897 -4.134525 -0.291460 2.355380 2.620663
0.497104 -0.484852 0.024301 2.969157 -0.474958 -4.135532 -0.300898 2.374353 2.615346
0.496940 -0.484391 0.024725 2.968496 -0.477020 -4.136539 -0.310335 2.393325 2.610028
0.496780 -0.483928 0.025171 2.967784 -0.479226 -4.137649 -0.319170 2.415489 2.606160
0.496619 -0.483464 0.025617 2.967071 -0.481432 -4.138759 -0.328005 2.437653 2.602291
0.496458 -0.483001 0.026063 2.966359 -0.483638 -4.139869 -0.336840 2.459817 2.598423
0.496298 -0.482537 0.026509 2.965646 -0.485844 -4.140980 -0.345676 2.481981 2.594555
0.496136 -0.482061 0.026987 2.964877 -0.488288 -4.142223 -0.352941 2.504466 2.593344
0.495975 -0.481585 0.027466 2.964108 -0.490732 -4.143467 -0.360206 2.526951 2.592133
0.495813 -0.481108 0.027944 2.963338 -0.493176 -4.144711 -0.367471 2.549436 2.590922
0.495646 -0.480623 0.028452 2.962548 -0.495817 -4.146063 -0.374414 2.572655 2.586650
0.495479 -0.480139 0.028960 2.961757 -0.498457 -4.147415 -0.381358 2.595875 2.582379
0.495313 -0.479654 0.029468 2.960967 -0.501098 -4.148767 -0.388301 2.619094 2.578107
0.495131 -0.479161 0.030010 2.960159 -0.503940 -4.150178 -0.391516 2.640650 2.573295
0.494949 -0.478668 0.030552 2.959352 -0.506782 -4.151590 -0.394731 2.662205 2.568482
0.494767 -0.478174 0.031095 2.958544 -0.509624 -4.153001 -0.397945 2.683760 2.563670
0.494585 -0.477681 0.031637 2.957736 -0.512467 -4.154413 -0.401160 2.705316 2.558858
0.494385 -0.477172 0.032226 2.956898 -0.515513 -4.155812 -0.401765 2.723655 2.550056
0.494186 -0.476662 0.032816 2.956059 -0.518559 -4.157211 -0.402370 2.741995 2.541254
0.493986 -0.476153 0.033405 2.955221 -0.521605 -4.158610 -0.402975 2.760335 2.532452
0.493770 -0.475631 0.034043 2.954338 -0.524754 -4.159927 -0.403493 2.776037 2.521256
0.493553 -0.475110 0.034682 2.953456 -0.527903 -4.161244 -0.404011 2.791739 2.510060
0.493337 -0.474588 0.035320 2.952574 -0.531052 -4.162561 -0.404528 2.807442 2.498864
0.493131 -0.474073 0.035994 2.951602 -0.534118 -4.163813 -0.404839 2.819886 2.486270
0.492926 -0.473558 0.036668 2.950630 -0.537184 -4.165065 -0.405149 2.832330 2.473677
0.492720 -0.473043 0.037342 2.949658 -0.540250 -4.166317 -0.405459 2.844774 2.461083
0.492514 -0.472527 0.038016 2.948686 -0.543315 -4.167568 -0.405770 2.857218 2.448490
0.492326 -0.472013 0.038738 2.947606 -0.546335 -4.168778 -0.407291 2.863386 2.435033
0.492137 -0.471499 0.039459 2.946525 -0.549354 -4.169988 -0.408813 2.869555 2.421576
0.491948 -0.470985 0.040181 2.945444 -0.552373 -4.171198 -0.410335 2.875724 2.408120
0.491743 -0.470435 0.040984 2.944304 -0.555694 -4.172419 -0.409802 2.875880 2.393023
0.491538 -0.469886 0.041788 2.943165 -0.559016 -4.173640 -0.409269 2.876037 2.377926
0.491334 -0.469337 0.042592 2.942025 -0.562338 -4.174862 -0.408736 2.876194 2.362829
0.491084 -0.468728 0.043504 2.940886 -0.566196 -4.176074 -0.406498 2.867923 2.341614
0.490834 -0.468119 0.044416 2.939746 -0.570055 -4.177286 -0.404260 2.859652 2.320398
0.490584 -0.467510 0.045329 2.938606 -0.573913 -4.178498 -0.402022 2.851380 2.299183
0.490335 -0.466901 0.046241 2.937467 -0.577772 -4.179711 -0.399784 2.843109 2.277967
0.490040 -0.466254 0.047253 2.936335 -0.581982 -4.180858 -0.395018 2.823776 2.250729
0.489745 -0.465607 0.048265 2.935203 -0.586193 -4.182005 -0.390251 2.804443 2.223491
0.489450 -0.464960 0.049277 2.934071 -0.590404 -4.183152 -0.385485 2.785110 2.196252
0.489131 -0.464266 0.050366 2.932892 -0.594860 -4.184246 -0.379743 2.758676 2.166804
0.488813 -0.463572 0.051456 2.931714 -0.599316 -4.185340 -0.374001 2.732242 2.137356
0.488495 -0.462879 0.052545 2.930536 -0.603772 -4.186434 -0.368258 2.705807 2.107908
0.488142 -0.462125 0.053731 2.929303 -0.608485 -4.187467 -0.359646 2.668158 2.076971
0.487790 -0.461371 0.054917 2.928071 -0.613198 -4.188501 -0.351034 2.630509 2.046034
0.487437 -0.460617 0.056103 2.926839 -0.617912 -4.189535 -0.342422 2.592859 2.015097
0.487085 -0.459863 0.057289 2.925606 -0.622625 -4.190569 -0.333810 2.555210 1.984161
0.486695 -0.459015 0.058585 2.924335 -0.627639 -4.191489 -0.323693 2.506472 1.950867
0.486304 -0.458166 0.059880 2.923063 -0.632652 -4.192410 -0.313577 2.457733 1.917573
0.485914 -0.457318 0.061175 2.921792 -0.637666 -4.193330 -0.303461 2.408995 1.884279
0.485492 -0.456337 0.062605 2.920444 -0.643022 -4.194144 -0.294090 2.355405 1.849521
0.485069 -0.455355 0.064035 2.919097 -0.648378 -4.194959 -0.284720 2.301814 1.814763
0.484646 -0.454373 0.065465 2.917750 -0.653734 -4.195773 -0.275349 2.248223 1.780005
0.484169 -0.453219 0.067077 2.916305 -0.659514 -4.196458 -0.265993 2.189725 1.748307
0.483692 -0.452065 0.068689 2.914860 -0.665294 -4.197142 -0.256638 2.131226 1.716609
0.483215 -0.450911 0.070302 2.913414 -0.671075 -4.197827 -0.247282 2.072728 1.684911
0.482738 -0.449757 0.071914 2.911969 -0.676855 -4.198511 -0.237926 2.014230 1.653213
0.482213 -0.448431 0.073716 2.910270 -0.682739 -4.198827 -0.226981 1.957561 1.620840
0.481687 -0.447105 0.075518 2.908571 -0.688623 -4.199143 -0.216036 1.900893 1.588467
0.481161 -0.445779 0.077321 2.906873 -0.694507 -4.199459 -0.205091 1.844224 1.556094
0.480601 -0.444276 0.079348 2.904682 -0.700382 -4.199377 -0.194714 1.786977 1.524312
0.480042 -0.442772 0.081374 2.902491 -0.706257 -4.199296 -0.184337 1.729731 1.492530
0.479483 -0.441269 0.083401 2.900301 -0.712132 -4.199215 -0.173961 1.672484 1.460747
0.478902 -0.439584 0.085690 2.897604 -0.718048 -4.198862 -0.164919 1.614398 1.427687
0.478320 -0.437899 0.087979 2.894907 -0.723965 -4.198510 -0.155877 1.556311 1.394627
0.477738 -0.436215 0.090268 2.892211 -0.729882 -4.198157 -0.146836 1.498225 1.361568
0.477157 -0.434530 0.092557 2.889514 -0.735798 -4.197804 -0.137794 1.440139 1.328508
0.476552 -0.432693 0.095102 2.886385 -0.741711 -4.197212 -0.127687 1.384171 1.298925
0.475948 -0.430856 0.097646 2.883257 -0.747624 -4.196620 -0.117580 1.328203 1.269342
0.475343 -0.429018 0.100191 2.880128 -0.753537 -4.196028 -0.107472 1.272236 1.239759
0.474709 -0.427039 0.103001 2.876559 -0.759539 -4.195249 -0.097164 1.219814 1.212298
0.474075 -0.425059 0.105812 2.872989 -0.765541 -4.194471 -0.086856 1.167393 1.184837
0.473441 -0.423080 0.108622 2.869419 -0.771543 -4.193693 -0.076549 1.114971 1.157377
0.472749 -0.420957 0.111718 2.865434 -0.777883 -4.192786 -0.066685 1.063817 1.131025
0.472058 -0.418833 0.114814 2.861449 -0.784224 -4.191879 -0.056820 1.012662 1.104673
0.471366 -0.416710 0.117910 2.857464 -0.790564 -4.190972 -0.046956 0.961508 1.078322
0.470674 -0.414586 0.121006 2.853479 -0.796904 -4.190065 -0.037092 0.910353 1.051970
0.469910 -0.412342 0.124361 2.849155 -0.803520 -4.189003 -0.025516 0.862201 1.024572
0.469146 -0.410098 0.127717 2.844831 -0.810135 -4.187942 -0.013939 0.814048 0.997174
0.468382 -0.407854 0.131072 2.840508 -0.816750 -4.186880 -0.002362 0.765895 0.969777
0.467578 -0.405542 0.134637 2.835838 -0.823255 -4.185666 0.007468 0.723190 0.941369
0.466773 -0.403230 0.138203 2.831168 -0.829759 -4.184452 0.017298 0.680485 0.912961
0.465969 -0.400919 0.141769 2.826499 -0.836263 -4.183237 0.027128 0.637779 0.884554
0.465157 -0.398592 0.145475 2.821423 -0.842201 -4.181794 0.035757 0.601708 0.864050
0.464346 -0.396266 0.149181 2.816348 -0.848140 -4.180351 0.044386 0.565637 0.843546
0.463534 -0.393940 0.152887 2.811273 -0.854078 -4.178908 0.053014 0.529566 0.823042
0.462723 -0.391613 0.156593 2.806198 -0.860016 -4.177465 0.061643 0.493495 0.802539
0.461897 -0.389263 0.160430 2.800710 -0.865507 -4.175826 0.069369 0.467893 0.786189
0.461071 -0.386913 0.164266 2.795221 -0.870997 -4.174188 0.077095 0.442291 0.769840
0.460246 -0.384563 0.168103 2.789732 -0.876487 -4.172550 0.084821 0.416689 0.753490
0.459381 -0.382197 0.172058 2.783966 -0.881681 -4.170720 0.092717 0.395749 0.738643
0.458515 -0.379832 0.176012 2.778200 -0.886875 -4.168890 0.100614 0.374808 0.723797
0.457650 -0.377466 0.179967 2.772433 -0.892068 -4.167060 0.108510 0.353868 0.708950
0.456751 -0.375112 0.183977 2.766474 -0.896876 -4.164983 0.115362 0.340199 0.695582
0.455852 -0.372758 0.187988 2.760515 -0.901684 -4.162906 0.122214 0.326529 0.682215
0.454952 -0.370404 0.191998 2.754556 -0.906492 -4.160829 0.129067 0.312860 0.668847
0.454053 -0.368050 0.196009 2.748597 -0.911300 -4.158752 0.135919 0.299191 0.655479
0.453133 -0.365752 0.200030 2.742449 -0.915611 -4.156449 0.142850 0.293483 0.644064
0.452212 -0.363455 0.204050 2.736302 -0.919922 -4.154146 0.149781 0.287775 0.632649
0.451292 -0.361158 0.208071 2.730155 -0.924232 -4.151842 0.156712 0.282067 0.621234
0.450349 -0.358967 0.212031 2.723954 -0.927987 -4.149281 0.166490 0.280520 0.608896
0.449407 -0.356776 0.215991 2.717754 -0.931742 -4.146719 0.176267 0.278973 0.596558
0.448464 -0.354586 0.219951 2.711554 -0.935497 -4.144158 0.186045 0.277427 0.584220
0.447534 -0.352550 0.223766 2.705442 -0.938662 -4.141494 0.195771 0.276259 0.571673
0.446604 -0.350514 0.227581 2.699331 -0.941827 -4.138831 0.205497 0.275091 0.559125
0.445674 -0.348478 0.231396 2.693219 -0.944992 -4.136167 0.215223 0.273923 0.546578
0.444743 -0.346442 0.235211 2.687107 -0.948157 -4.133503 0.224948 0.272756 0.534031
0.443847 -0.344583 0.238837 2.681232 -0.950994 -4.131031 0.232570 0.268787 0.519167
0.442950 -0.342723 0.242463 2.675357 -0.953831 -4.128559 0.240192 0.264818 0.504303
0.442053 -0.340864 0.246089 2.669482 -0.956669 -4.126087 0.247814 0.260849 0.489439
0.441189 -0.339202 0.249453 2.664129 -0.959246 -4.123805 0.256002 0.256444 0.473210
0.440325 -0.337539 0.252816 2.658777 -0.961824 -4.121522 0.264190 0.252038 0.456982
0.439461 -0.335877 0.256179 2.653425 -0.964402 -4.119240 0.272377 0.247633 0.440753
0.438646 -0.334436 0.259204 2.648631 -0.966573 -4.117079 0.278091 0.244385 0.425560
0.437831 -0.332994 0.262228 2.643836 -0.968744 -4.114918 0.283804 0.241138 0.410368
0.437016 -0.331553 0.265253 2.639042 -0.970915 -4.112758 0.289518 0.237890 0.395175
0.436201 -0.330112 0.268277 2.634248 -0.973086 -4.110597 0.295231 0.234642 0.379983
0.435460 -0.328890 0.270932 2.630009 -0.974817 -4.108583 0.298558 0.233713 0.360443
0.434720 -0.327668 0.273587 2.625771 -0.976548 -4.106569 0.301884 0.232784 0.340903
0.433979 -0.326445 0.276242 2.621533 -0.978279 -4.104555 0.305210 0.231856 0.321363
0.433329 -0.325449 0.278490 2.617931 -0.979508 -4.102719 0.307239 0.230941 0.301670
0.432679 -0.324452 0.280739 2.614329 -0.980738 -4.100883 0.309268 0.230027 0.281976
0.432030 -0.323455 0.282987 2.610728 -0.981968 -4.099047 0.311297 0.229112 0.262283
0.431505 -0.322685 0.284796 2.607718 -0.982462 -4.097331 0.310358 0.232375 0.246718
0.430980 -0.321915 0.286606 2.604709 -0.982956 -4.095616 0.309419 0.235639 0.231152
0.430455 -0.321145 0.288415 2.601700 -0.983450 -4.093900 0.308480 0.238902 0.215587
0.429930 -0.320376 0.290225 2.598690 -0.983943 -4.092185 0.307542 0.242165 0.200022
0.429562 -0.319835 0.291608 2.596207 -0.983670 -4.090633 0.306909 0.246410 0.187494
0.429193 -0.319294 0.292991 2.593724 -0.983396 -4.089081 0.306275 0.250654 0.174965
0.428825 -0.318754 0.294374 2.591240 -0.983123 -4.087530 0.305642 0.254899 0.162437
0.428612 -0.318441 0.295345 2.589305 -0.982165 -4.086133 0.307026 0.259583 0.151822
0.428398 -0.318128 0.296315 2.587371 -0.981207 -4.084737 0.308410 0.264267 0.141207
0.428185 -0.317816 0.297286 2.585436 -0.980249 -4.083340 0.309794 0.268951 0.130591
0.428126 -0.317723 0.297884 2.584018 -0.978720 -4.082152 0.309001 0.276328 0.123255
0.428067 -0.317630 0.298482 2.582600 -0.977192 -4.080964 0.308207 0.283704 0.115919
0.428007 -0.317536 0.299080 2.581182 -0.975664 -4.079775 0.307414 0.291080 0.108583
0.427948 -0.317443 0.299678 2.579764 -0.974135 -4.078587 0.306621 0.298457 0.101247
0.428062 -0.317576 0.299914 2.578844 -0.971963 -4.077601 0.303314 0.306239 0.095145
0.428175 -0.317709 0.300150 2.577924 -0.969791 -4.076616 0.300007 0.314021 0.089042
0.428289 -0.317841 0.300387 2.577005 -0.967619 -4.075630 0.296700 0.321803 0.082939
0.428595 -0.318200 0.300287 2.576529 -0.964716 -4.074850 0.291138 0.330686 0.079174
0.428902 -0.318559 0.300188 2.576053 -0.961814 -4.074070 0.285576 0.339570 0.075408
0.429208 -0.318918 0.300089 2.575578 -0.958911 -4.073290 0.280014 0.348453 0.071642
0.429723 -0.319497 0.299696 2.575442 -0.955258 -4.072757 0.275414 0.358419 0.067836
0.430238 -0.320076 0.299302 2.575306 -0.951605 -4.072224 0.270813 0.368385 0.064030
0.430753 -0.320655 0.298909 2.575171 -0.947953 -4.071691 0.266213 0.378351 0.060224
0.431268 -0.321234 0.298515 2.575035 -0.944300 -4.071158 0.261613 0.388316 0.056417
0.431989 -0.322026 0.297871 2.575190 -0.939940 -4.070881 0.256748 0.396571 0.050920
0.432711 -0.322817 0.297226 2.575345 -0.935581 -4.070604 0.251883 0.404826 0.045422
0.433432 -0.323608 0.296582 2.575500 -0.931222 -4.070328 0.247017 0.413081 0.039925
0.434350 -0.324600 0.295734 2.575879 -0.926207 -4.070341 0.240965 0.419272 0.036920
0.435268 -0.325593 0.294886 2.576258 -0.921191 -4.070354 0.234914 0.425463 0.033916
0.436186 -0.326585 0.294039 2.576637 -0.916176 -4.070367 0.228862 0.431654 0.030911
0.437290 -0.327762 0.293037 2.577090 -0.910556 -4.070595 0.221872 0.436531 0.027322
0.438394 -0.328939 0.292035 2.577544 -0.904936 -4.070824 0.214881 0.441408 0.023732
0.439499 -0.330117 0.291033 2.577997 -0.899316 -4.071052 0.207891 0.446284 0.020142
0.440603 -0.331294 0.290032 2.578451 -0.893697 -4.071281 0.200900 0.451161 0.016552
0.441854 -0.332640 0.288903 2.579048 -0.887455 -4.071590 0.196048 0.454338 0.011048
0.443106 -0.333986 0.287774 2.579645 -0.881213 -4.071900 0.191197 0.457514 0.005545
0.444357 -0.335332 0.286645 2.580242 -0.874971 -4.072210 0.186345 0.460690 0.000041
0.445733 -0.336823 0.285428 2.580924 -0.868256 -4.072638 0.181084 0.461487 -0.003437
0.447108 -0.338313 0.284210 2.581605 -0.861541 -4.073065 0.175823 0.462283 -0.006915
0.448484 -0.339803 0.282993 2.582287 -0.854826 -4.073493 0.170562 0.463079 -0.010393
0.449954 -0.341416 0.281716 2.583106 -0.847753 -4.074017 0.166661 0.462880 -0.012002
0.451425 -0.343028 0.280439 2.583925 -0.840680 -4.074541 0.162760 0.462681 -0.013610
0.452895 -0.344641 0.279161 2.584745 -0.833607 -4.075064 0.158859 0.462481 -0.015218
0.454366 -0.346253 0.277884 2.585564 -0.826533 -4.075588 0.154958 0.462282 -0.016826
0.455908 -0.347974 0.276566 2.586446 -0.819157 -4.076175 0.150306 0.459474 -0.015930
0.457450 -0.349694 0.275248 2.587327 -0.811782 -4.076761 0.145653 0.456666 -0.015034
0.458992 -0.351414 0.273931 2.588208 -0.804406 -4.077348 0.141001 0.453858 -0.014138
0.460602 -0.353212 0.272592 2.589068 -0.796825 -4.077999 0.136206 0.449150 -0.011680
0.462211 -0.355010 0.271253 2.589929 -0.789244 -4.078651 0.131411 0.444441 -0.009222
0.463821 -0.356808 0.269914 2.590789 -0.781663 -4.079302 0.126615 0.439732 -0.006764
0.465461 -0.358667 0.268577 2.591727 -0.774107 -4.080074 0.124984 0.431573 -0.004854
0.467102 -0.360526 0.267241 2.592664 -0.766552 -4.080845 0.123353 0.423414 -0.002945
0.468742 -0.362384 0.265904 2.593601 -0.758996 -4.081617 0.121721 0.415255 -0.001035
0.470383 -0.364243 0.264568 2.594539 -0.751440 -4.082389 0.120089 0.407096 0.000874
0.472030 -0.366142 0.263226 2.595577 -0.743985 -4.083234 0.117271 0.397810 0.004774
0.473678 -0.368040 0.261884 2.596614 -0.736530 -4.084079 0.114453 0.388524 0.008673
0.475326 -0.369938 0.260542 2.597652 -0.729075 -4.084924 0.111634 0.379238 0.012573
0.476992 -0.371867 0.259170 2.598781 -0.721634 -4.085852 0.107599 0.368936 0.015824
0.478658 -0.373796 0.257797 2.599911 -0.714193 -4.086780 0.103563 0.358634 0.019076
0.480324 -0.375725 0.256425 2.601040 -0.706752 -4.087709 0.099528 0.348331 0.022327
0.482009 -0.377670 0.255013 2.602303 -0.699419 -4.088807 0.095799 0.335076 0.021899
0.483693 -0.379615 0.253601 2.603565 -0.692086 -4.089905 0.092069 0.321821 0.021472
0.485378 -0.381559 0.252189 2.604828 -0.684754 -4.091004 0.088340 0.308566 0.021044
0.487063 -0.383504 0.250777 2.606091 -0.677421 -4.092102 0.084611 0.295310 0.020616
0.488744 -0.385455 0.249315 2.607551 -0.670266 -4.093339 0.083247 0.283504 0.020620
0.490425 -0.387406 0.247853 2.609012 -0.663112 -4.094577 0.081884 0.271698 0.020624
0.492106 -0.389356 0.246391 2.610472 -0.655958 -4.095814 0.080520 0.259892 0.020628
0.493769 -0.391306 0.244875 2.612048 -0.648973 -4.097094 0.080028 0.248596 0.020909
0.495431 -0.393256 0.243358 2.613624 -0.641989 -4.098374 0.079536 0.237301 0.021190
0.497094 -0.395206 0.241841 2.615200 -0.635004 -4.099654 0.079045 0.226006 0.021471
0.498700 -0.397145 0.240267 2.617044 -0.628424 -4.101031 0.080432 0.217062 0.024336
0.500305 -0.399083 0.238692 2.618887 -0.621843 -4.102408 0.081820 0.208118 0.027201
0.501910 -0.401021 0.237118 2.620731 -0.615263 -4.103785 0.083208 0.199174 0.030066
0.503516 -0.402959 0.235544 2.622575 -0.608683 -4.105163 0.084596 0.190230 0.032931
0.505056 -0.404878 0.233891 2.624727 -0.602509 -4.106634 0.085234 0.180613 0.039934
0.506595 -0.406796 0.232239 2.626879 -0.596336 -4.108106 0.085872 0.170995 0.046937
0.508135 -0.408715 0.230587 2.629031 -0.590162 -4.109577 0.086511 0.161378 0.053940
0.509617 -0.410604 0.228856 2.631443 -0.584376 -4.111142 0.086144 0.153165 0.058601
0.511099 -0.412493 0.227124 2.633854 -0.578590 -4.112707 0.085778 0.144953 0.063263
0.512581 -0.414382 0.225393 2.636266 -0.572804 -4.114271 0.085412 0.136740 0.067924
0.513991 -0.416228 0.223577 2.638989 -0.567398 -4.115893 0.085421 0.129225 0.070920
0.515402 -0.418074 0.221761 2.641712 -0.561993 -4.117515 0.085430 0.121709 0.073917
0.516813 -0.419920 0.219945 2.644434 -0.556588 -4.119136 0.085439 0.114194 0.076913
0.518224 -0.421766 0.218129 2.647157 -0.551182 -4.120758 0.085448 0.106679 0.079910
0.519572 -0.423569 0.216227 2.650136 -0.546136 -4.122450 0.084202 0.099251 0.084719
0.520919 -0.425372 0.214325 2.653115 -0.541090 -4.124142 0.082956 0.091824 0.089528
0.522267 -0.427174 0.212422 2.656094 -0.536044 -4.125834 0.081710 0.084396 0.094338
0.523552 -0.428923 0.210451 2.659271 -0.531324 -4.127568 0.080475 0.078720 0.100043
0.524837 -0.430672 0.208480 2.662447 -0.526604 -4.129301 0.079241 0.073043 0.105749
0.526122 -0.432421 0.206509 2.665624 -0.521884 -4.131035 0.078006 0.067366 0.111454
0.527344 -0.434105 0.204486 2.668913 -0.517483 -4.132782 0.077493 0.063112 0.116372
0.528566 -0.435790 0.202463 2.672202 -0.513082 -4.134530 0.076980 0.058857 0.121289
0.529787 -0.437474 0.200440 2.675491 -0.508681 -4.136277 0.076466 0.054603 0.126207
0.531009 -0.439159 0.198417 2.678781 -0.504281 -4.138025 0.075953 0.050348 0.131125
0.532167 -0.440775 0.196342 2.682222 -0.500186 -4.139840 0.076547 0.047661 0.137143
0.533325 -0.442392 0.194268 2.685664 -0.496091 -4.141655 0.077142 0.044975 0.143161
0.534483 -0.444008 0.192193 2.689105 -0.491996 -4.143470 0.077736 0.042288 0.149179
0.535570 -0.445555 0.190084 2.692706 -0.488206 -4.145317 0.077357 0.040078 0.154749
0.536656 -0.447103 0.187975 2.696306 -0.484415 -4.147165 0.076978 0.037867 0.160319
0.537743 -0.448651 0.185866 2.699906 -0.480625 -4.149012 0.076599 0.035657 0.165888
0.538773 -0.450126 0.183726 2.703568 -0.477042 -4.150833 0.073808 0.035339 0.170678
0.539804 -0.451601 0.181585 2.707230 -0.473459 -4.152654 0.071017 0.035022 0.175467
0.540835 -0.453076 0.179445 2.710892 -0.469877 -4.154476 0.068225 0.034705 0.180257
0.541866 -0.454552 0.177304 2.714554 -0.466294 -4.156297 0.065434 0.034388 0.185047
0.542841 -0.455953 0.175143 2.718277 -0.462906 -4.158109 0.063016 0.033888 0.188722
0.543817 -0.457355 0.172982 2.722001 -0.459519 -4.159922 0.060599 0.033388 0.192397
0.544793 -0.458757 0.170821 2.725725 -0.456131 -4.161734 0.058181 0.032887 0.196072
0.545695 -0.460079 0.168661 2.729469 -0.452937 -4.163465 0.055326 0.033218 0.199883
0.546597 -0.461401 0.166501 2.733213 -0.449742 -4.165196 0.052472 0.033550 0.203695
0.547499 -0.462724 0.164340 2.736957 -0.446548 -4.166928 0.049617 0.033881 0.207507
0.548330 -0.463961 0.162196 2.740681 -0.443538 -4.168547 0.047568 0.035308 0.212285
0.549160 -0.465197 0.160051 2.744404 -0.440528 -4.170167 0.045519 0.036735 0.217064
0.549991 -0.466434 0.157906 2.748128 -0.437518 -4.171786 0.043470 0.038162 0.221843
0.550821 -0.467671 0.155762 2.751851 -0.434508 -4.173406 0.041421 0.039590 0.226621
0.551575 -0.468811 0.153650 2.755536 -0.431745 -4.174957 0.039762 0.039102 0.229749
0.552328 -0.469952 0.151539 2.759221 -0.428982 -4.176507 0.038103 0.038614 0.232877
0.553081 -0.471093 0.149427 2.762906 -0.426219 -4.178058 0.036444 0.038127 0.236005
0.553753 -0.472119 0.147361 2.766586 -0.423828 -4.179588 0.034395 0.035894 0.237597
0.554425 -0.473146 0.145294 2.770265 -0.421437 -4.181118 0.032347 0.033662 0.239188
0.555096 -0.474173 0.143228 2.773945 -0.419045 -4.182648 0.030298 0.031429 0.240780
0.555690 -0.475088 0.141222 2.777506 -0.416887 -4.184027 0.025571 0.028925 0.240931
0.556283 -0.476003 0.139216 2.781066 -0.414729 -4.185406 0.020844 0.026420 0.241082
0.556876 -0.476919 0.137211 2.784627 -0.412570 -4.186784 0.016117 0.023916 0.241233
0.557470 -0.477834 0.135205 2.788187 -0.410412 -4.188163 0.011391 0.021412 0.241384
0.557985 -0.478630 0.133278 2.791574 -0.408545 -4.189409 0.007933 0.020685 0.239591
0.558500 -0.479427 0.131352 2.794961 -0.406679 -4.190655 0.004476 0.019957 0.237798
0.559015 -0.480223 0.129426 2.798347 -0.404812 -4.191901 0.001018 0.019230 0.236005
0.559449 -0.480885 0.127572 2.801573 -0.403302 -4.193024 -0.000724 0.018125 0.235793
0.559883 -0.481547 0.125719 2.804798 -0.401791 -4.194147 -0.002465 0.017019 0.235580
0.560317 -0.482209 0.123865 2.808024 -0.400281 -4.195270 -0.004207 0.015914 0.235367
0.560667 -0.482764 0.122082 2.811130 -0.399026 -4.196284 -0.006345 0.014210 0.238047
0.561017 -0.483318 0.120299 2.814237 -0.397770 -4.197297 -0.008483 0.012506 0.240727
0.561367 -0.483873 0.118516 2.817344 -0.396515 -4.198311 -0.010621 0.010802 0.243407
0.561717 -0.484427 0.116733 2.820451 -0.395259 -4.199325 -0.012759 0.009098 0.246087
0.561993 -0.484872 0.115033 2.823419 -0.394342 -4.200263 -0.014301 0.009238 0.251842
0.562268 -0.485316 0.113334 2.826388 -0.393424 -4.201200 -0.015843 0.009377 0.257598
0.562544 -0.485761 0.111635 2.829357 -0.392506 -4.202138 -0.017386 0.009516 0.263354
0.562740 -0.486099 0.110013 2.832208 -0.391926 -4.203025 -0.019921 0.010059 0.269853
0.562937 -0.486438 0.108391 2.835058 -0.391345 -4.203912 -0.022456 0.010602 0.276352
0.563134 -0.486776 0.106769 2.837909 -0.390764 -4.204800 -0.024990 0.011145 0.282851
0.563274 -0.487032 0.105211 2.840640 -0.390410 -4.205666 -0.025725 0.011051 0.287477
0.563414 -0.487287 0.103652 2.843372 -0.390055 -4.206533 -0.026460 0.010957 0.292103
0.563555 -0.487542 0.102093 2.846103 -0.389700 -4.207399 -0.027194 0.010863 0.296730
0.563695 -0.487797 0.100535 2.848835 -0.389345 -4.208266 -0.027929 0.010769 0.301356
0.563785 -0.487983 0.099038 2.851434 -0.389111 -4.209040 -0.028366 0.012274 0.307611
0.563876 -0.488170 0.097541 2.854034 -0.388877 -4.209815 -0.028803 0.013779 0.313866
0.563966 -0.488356 0.096044 2.856633 -0.388643 -4.210589 -0.029240 0.015284 0.320121
0.564010 -0.488479 0.094600 2.859092 -0.388519 -4.211290 -0.028993 0.016498 0.327968
0.564054 -0.488601 0.093156 2.861551 -0.388395 -4.211990 -0.028745 0.017711 0.335814
0.564098 -0.488723 0.091713 2.864011 -0.388271 -4.212690 -0.028498 0.018925 0.343661
0.564074 -0.488789 0.090323 2.866431 -0.388334 -4.213336 -0.026919 0.019991 0.350577
0.564051 -0.488854 0.088933 2.868851 -0.388397 -4.213981 -0.025340 0.021056 0.357494
0.564027 -0.488919 0.087542 2.871271 -0.388460 -4.214627 -0.023762 0.022122 0.364410
0.564003 -0.488984 0.086152 2.873691 -0.388523 -4.215273 -0.022183 0.023188 0.371327
0.563924 -0.488998 0.084820 2.876046 -0.388769 -4.215852 -0.019892 0.025783 0.375173
0.563844 -0.489012 0.083487 2.878401 -0.389015 -4.216431 -0.017601 0.028378 0.379019
0.563765 -0.489026 0.082154 2.880756 -0.389260 -4.217010 -0.015309 0.030974 0.382866
0.563644 -0.488994 0.080882 2.883017 -0.389692 -4.217554 -0.012661 0.033932 0.386354
0.563524 -0.488962 0.079611 2.885278 -0.390123 -4.218099 -0.010013 0.036891 0.389842
0.563403 -0.488930 0.078339 2.887539 -0.390554 -4.218644 -0.007366 0.039849 0.393330
0.563242 -0.488868 0.077121 2.889726 -0.391106 -4.219155 -0.005253 0.040616 0.393734
0.563081 -0.488806 0.075902 2.891912 -0.391658 -4.219667 -0.003141 0.041382 0.394138
0.562921 -0.488743 0.074684 2.894099 -0.392211 -4.220178 -0.001028 0.042148 0.394542
0.562760 -0.488681 0.073465 2.896285 -0.392763 -4.220690 0.001084 0.042915 0.394946
0.562574 -0.488591 0.072297 2.898372 -0.393434 -4.221165 0.001862 0.044739 0.394858
0.562389 -0.488501 0.071129 2.900460 -0.394105 -4.221641 0.002640 0.046563 0.394769
0.562203 -0.488411 0.069960 2.902547 -0.394777 -4.222117 0.003418 0.048387 0.394681
0.561993 -0.488312 0.068844 2.904566 -0.395498 -4.222573 0.005439 0.050682 0.394468
0.561783 -0.488214 0.067728 2.906585 -0.396220 -4.223028 0.007460 0.052978 0.394255
0.561573 -0.488115 0.066612 2.908604 -0.396942 -4.223484 0.009481 0.055274 0.394042
0.561355 -0.488013 0.065533 2.910579 -0.397664 -4.223946 0.012331 0.056610 0.397047
0.561137 -0.487912 0.064455 2.912553 -0.398387 -4.224408 0.015180 0.057945 0.400053
0.560918 -0.487810 0.063377 2.914528 -0.399110 -4.224870 0.018030 0.059281 0.403058
0.560700 -0.487709 0.062299 2.916502 -0.399832 -4.225332 0.020879 0.060616 0.406063
0.560471 -0.487600 0.061269 2.918430 -0.400587 -4.225784 0.022453 0.062392 0.411293
0.560241 -0.487491 0.060238 2.920358 -0.401343 -4.226237 0.024026 0.064168 0.416523
0.560012 -0.487383 0.059208 2.922286 -0.402098 -4.226690 0.025599 0.065944 0.421753
0.559774 -0.487278 0.058232 2.924142 -0.402805 -4.227096 0.025544 0.068787 0.426880
0.559537 -0.487173 0.057257 2.925999 -0.403512 -4.227502 0.025488 0.071630 0.432007
0.559300 -0.487068 0.056281 2.927855 -0.404220 -4.227908 0.025433 0.074473 0.437133
0.559069 -0.486957 0.055365 2.929593 -0.404947 -4.228285 0.026669 0.074952 0.438437
0.558838 -0.486846 0.054450 2.931331 -0.405674 -4.228662 0.027905 0.075430 0.439740
0.558607 -0.486734 0.053534 2.933068 -0.406402 -4.229039 0.029141 0.075909 0.441044
0.558376 -0.486623 0.052619 2.934806 -0.407129 -4.229416 0.030378 0.076388 0.442347
0.558147 -0.486499 0.051769 2.936407 -0.407869 -4.229778 0.031629 0.075417 0.441502
0.557918 -0.486374 0.050919 2.938007 -0.408610 -4.230139 0.032880 0.074447 0.440657
0.557689 -0.486250 0.050069 2.939608 -0.409350 -4.230501 0.034131 0.073476 0.439812
0.557480 -0.486112 0.049281 2.941039 -0.410099 -4.230837 0.036541 0.072421 0.438097
0.557272 -0.485974 0.048493 2.942471 -0.410847 -4.231174 0.038952 0.071366 0.436381
0.557063 -0.485836 0.047705 2.943902 -0.411596 -4.231510 0.041363 0.070311 0.434665
0.556857 -0.485685 0.046971 2.945267 -0.412388 -4.231828 0.043159 0.071754 0.435911
0.556650 -0.485534 0.046237 2.946632 -0.413179 -4.232147 0.044956 0.073197 0.437156
0.556444 -0.485383 0.045503 2.947996 -0.413971 -4.232465 0.046752 0.074640 0.438402
0.556237 -0.485232 0.044769 2.949361 -0.414763 -4.232783 0.048549 0.076084 0.439647
0.556038 -0.485068 0.044084 2.950630 -0.415574 -4.233071 0.049745 0.075464 0.439415
0.555839 -0.484903 0.043400 2.951898 -0.416386 -4.233358 0.050941 0.074845 0.439183
0.555640 -0.484739 0.042716 2.953167 -0.417197 -4.233645 0.052137 0.074226 0.438950
0.555445 -0.484560 0.042081 2.954370 -0.418076 -4.233934 0.053964 0.072229 0.436166
0.555250 -0.484381 0.041447 2.955572 -0.418955 -4.234223 0.055791 0.070231 0.433381
0.555055 -0.484202 0.040812 2.956774 -0.419834 -4.234512 0.057618 0.068234 0.430596
0.554871 -0.484006 0.040216 2.957903 -0.420785 -4.234816 0.058935 0.067364 0.427230
0.554687 -0.483810 0.039620 2.959031 -0.421736 -4.235119 0.060252 0.066495 0.423863
0.554503 -0.483614 0.039025 2.960160 -0.422687 -4.235423 0.061569 0.065625 0.420496
0.554319 -0.483418 0.038429 2.961288 -0.423638 -4.235727 0.062886 0.064755 0.417130
0.554145 -0.483212 0.037862 2.962344 -0.424629 -4.236061 0.063454 0.065068 0.415282
0.553971 -0.483005 0.037296 2.963399 -0.425620 -4.236396 0.064022 0.065381 0.413435
0.553797 -0.482798 0.036730 2.964454 -0.426611 -4.236731 0.064590 0.065694 0.411587
0.553632 -0.482585 0.036188 2.965473 -0.427677 -4.237138 0.065844 0.066425 0.413131
0.553467 -0.482372 0.035647 2.966493 -0.428743 -4.237546 0.067098 0.067157 0.414675
0.553301 -0.482158 0.035105 2.967512 -0.429809 -4.237953 0.068351 0.067889 0.416220
0.553141 -0.481935 0.034592 2.968485 -0.430939 -4.238390 0.069732 0.072110 0.426688
0.552980 -0.481711 0.034078 2.969459 -0.432070 -4.238827 0.071112 0.076331 0.437156
0.552820 -0.481487 0.033564 2.970433 -0.433201 -4.239264 0.072493 0.080553 0.447624
0.552659 -0.481264 0.033051 2.971407 -0.434331 -4.239701 0.073873 0.084774 0.458093
0.552509 -0.481029 0.032581 2.972262 -0.435544 -4.240174 0.073576 0.090893 0.481800
0.552358 -0.480794 0.032112 2.973117 -0.436756 -4.240647 0.073278 0.097013 0.505506
0.552208 -0.480560 0.031642 2.973972 -0.437968 -4.241120 0.072981 0.103132 0.529213
0.552072 -0.480315 0.031221 2.974690 -0.439264 -4.241622 0.072819 0.110813 0.560316
0.551936 -0.480071 0.030800 2.975407 -0.440560 -4.242125 0.072658 0.118494 0.591418
0.551800 -0.479826 0.030379 2.976125 -0.441857 -4.242627 0.072496 0.126175 0.622521
0.551676 -0.479565 0.030009 2.976720 -0.443253 -4.243158 0.074430 0.134456 0.655071
0.551553 -0.479304 0.029640 2.977314 -0.444649 -4.243689 0.076364 0.142737 0.687621
0.551429 -0.479044 0.029270 2.977909 -0.446045 -4.244220 0.078298 0.151018 0.720171
0.551305 -0.478783 0.028901 2.978504 -0.447441 -4.244751 0.080232 0.159298 0.752722
0.551198 -0.478520 0.028568 2.979004 -0.448812 -4.245272 0.082742 0.166614 0.789221
0.551091 -0.478258 0.028235 2.979504 -0.450182 -4.245793 0.085252 0.173929 0.825719
0.550984 -0.477995 0.027902 2.980004 -0.451553 -4.246314 0.087762 0.181244 0.862218
0.550892 -0.477736 0.027608 2.980462 -0.452930 -4.246882 0.090898 0.189223 0.903228
0.550801 -0.477477 0.027313 2.980920 -0.454308 -4.247450 0.094034 0.197203 0.944238
0.550709 -0.477219 0.027019 2.981378 -0.455685 -4.248018 0.097170 0.205182 0.985247
0.550627 -0.476965 0.026761 2.981809 -0.457006 -4.248553 0.099579 0.216269 1.029168
0.550544 -0.476710 0.026504 2.982240 -0.458327 -4.249088 0.101988 0.227355 1.073090
0.550461 -0.476456 0.026246 2.982671 -0.459648 -4.249623 0.104397 0.238442 1.117011
0.550378 -0.476202 0.025988 2.983102 -0.460969 -4.250159 0.106806 0.249528 1.160932
0.550306 -0.475971 0.025750 2.983514 -0.462098 -4.250598 0.109111 0.266752 1.202888
0.550234 -0.475741 0.025511 2.983926 -0.463227 -4.251038 0.111416 0.283976 1.244844
0.550162 -0.475510 0.025273 2.984338 -0.464356 -4.251478 0.113721 0.301201 1.286799
0.550097 -0.475301 0.025059 2.984742 -0.465325 -4.251850 0.116234 0.320356 1.325734
0.550033 -0.475093 0.024844 2.985147 -0.466295 -4.252222 0.118748 0.339510 1.364668
0.549968 -0.474884 0.024630 2.985551 -0.467264 -4.252594 0.121262 0.358665 1.403603
0.549907 -0.474682 0.024457 2.985873 -0.468170 -4.252891 0.123235 0.376971 1.438866
0.549847 -0.474479 0.024285 2.986195 -0.469075 -4.253189 0.125208 0.395276 1.474129
0.549786 -0.474277 0.024112 2.986517 -0.469981 -4.253486 0.127182 0.413581 1.509393
0.549725 -0.474074 0.023939 2.986839 -0.470887 -4.253783 0.129155 0.431887 1.544656
0.549666 -0.473879 0.023808 2.987120 -0.471802 -4.254067 0.131560 0.453324 1.576936
0.549607 -0.473683 0.023676 2.987402 -0.472717 -4.254351 0.133965 0.474761 1.609216
0.549547 -0.473487 0.023545 2.987683 -0.473631 -4.254635 0.136371 0.496198 1.641497
0.549494 -0.473301 0.023452 2.987926 -0.474524 -4.254894 0.138893 0.520672 1.672628
0.549440 -0.473116 0.023359 2.988168 -0.475416 -4.255153 0.141415 0.545146 1.703759
0.549387 -0.472930 0.023265 2.988411 -0.476308 -4.255412 0.143937 0.569620 1.734890
0.549342 -0.472751 0.023218 2.988609 -0.477216 -4.255685 0.146292 0.594729 1.764680
0.549298 -0.472571 0.023171 2.988808 -0.478124 -4.255957 0.148647 0.619839 1.794471
0.549253 -0.472391 0.023123 2.989006 -0.479033 -4.256230 0.151002 0.644948 1.824261
0.549209 -0.472211 0.023076 2.989205 -0.479941 -4.256502 0.153358 0.670058 1.854051
0.549172 -0.472037 0.023071 2.989356 -0.480804 -4.256738 0.154582 0.693662 1.881398
0.549136 -0.471863 0.023067 2.989506 -0.481666 -4.256974 0.155807 0.717266 1.908745
0.549099 -0.471688 0.023062 2.989657 -0.482529 -4.257210 0.157032 0.740870 1.936092
0.549065 -0.471513 0.023100 2.989752 -0.483327 -4.257348 0.157473 0.764581 1.962266
0.549032 -0.471338 0.023138 2.989846 -0.484124 -4.257486 0.157915 0.788292 1.988439
0.548998 -0.471163 0.023175 2.989941 -0.484921 -4.257624 0.158357 0.812003 2.014612
0.548966 -0.470979 0.023251 2.989998 -0.485674 -4.257653 0.158651 0.835189 2.033823
0.548934 -0.470795 0.023326 2.990055 -0.486428 -4.257683 0.158945 0.858376 2.053034
0.548902 -0.470612 0.023401 2.990111 -0.487182 -4.257712 0.159240 0.881562 2.072244
0.548870 -0.470428 0.023477 2.990168 -0.487935 -4.257741 0.159534 0.904748 2.091455
0.548834 -0.470236 0.023581 2.990230 -0.488615 -4.257661 0.160953 0.926363 2.100106
0.548798 -0.470045 0.023685 2.990291 -0.489294 -4.257580 0.162371 0.947977 2.108758
0.548762 -0.469853 0.023790 2.990353 -0.489973 -4.257500 0.163790 0.969592 2.117410
0.548709 -0.469646 0.023920 2.990448 -0.490609 -4.257333 0.164034 0.990853 2.117396
0.548657 -0.469438 0.024050 2.990543 -0.491245 -4.257166 0.164279 1.012113 2.117381
0.548605 -0.469230 0.024180 2.990638 -0.491881 -4.256999 0.164523 1.033374 2.117366
0.548542 -0.469004 0.024336 2.990719 -0.492528 -4.256781 0.161602 1.053822 2.112337
0.548478 -0.468779 0.024492 2.990799 -0.493176 -4.256563 0.158681 1.074270 2.107307
0.548415 -0.468553 0.024648 2.990880 -0.493823 -4.256345 0.155760 1.094718 2.102277
0.548351 -0.468327 0.024805 2.990960 -0.494470 -4.256128 0.152839 1.115166 2.097247
0.548281 -0.468083 0.024990 2.991012 -0.495174 -4.255899 0.150550 1.134692 2.085482
0.548210 -0.467838 0.025176 2.991063 -0.495877 -4.255671 0.148262 1.154218 2.073717
0.548140 -0.467594 0.025362 2.991115 -0.496581 -4.255442 0.145973 1.173744 2.061951
0.548059 -0.467324 0.025579 2.991119 -0.497393 -4.255207 0.144121 1.192429 2.047000
0.547978 -0.467055 0.025797 2.991124 -0.498205 -4.254971 0.142269 1.211115 2.032049
0.547898 -0.466785 0.026015 2.991128 -0.499017 -4.254735 0.140417 1.229800 2.017097
0.547804 -0.466485 0.026269 2.991074 -0.500029 -4.254540 0.136123 1.247796 2.000430
0.547710 -0.466184 0.026523 2.991020 -0.501042 -4.254345 0.131830 1.265792 1.983763
0.547616 -0.465884 0.026778 2.990965 -0.502054 -4.254150 0.127537 1.283788 1.967096
0.547522 -0.465584 0.027032 2.990911 -0.503066 -4.253955 0.123243 1.301784 1.950429
0.547425 -0.465257 0.027316 2.990838 -0.504289 -4.253874 0.118701 1.316408 1.935671
0.547328 -0.464930 0.027600 2.990765 -0.505512 -4.253793 0.114158 1.331033 1.920913
0.547231 -0.464602 0.027883 2.990692 -0.506735 -4.253711 0.109615 1.345658 1.906155
0.547132 -0.464268 0.028191 2.990613 -0.508046 -4.253713 0.104375 1.358234 1.894479
0.547034 -0.463933 0.028498 2.990533 -0.509356 -4.253714 0.099134 1.370810 1.882802
0.546935 -0.463598 0.028806 2.990454 -0.510667 -4.253715 0.093894 1.383386 1.871125
0.546844 -0.463258 0.029131 2.990348 -0.512016 -4.253785 0.086732 1.399481 1.863343
0.546752 -0.462919 0.029457 2.990242 -0.513365 -4.253854 0.079571 1.415576 1.855560
0.546660 -0.462579 0.029782 2.990136 -0.514713 -4.253924 0.072409 1.431671 1.847778
0.546568 -0.462240 0.030108 2.990030 -0.516062 -4.253993 0.065248 1.447766 1.839996
0.546481 -0.461885 0.030464 2.989887 -0.517523 -4.254122 0.058673 1.464997 1.836288
0.546393 -0.461530 0.030821 2.989744 -0.518984 -4.254251 0.052098 1.482228 1.832581
0.546306 -0.461176 0.031178 2.989601 -0.520444 -4.254380 0.045523 1.499458 1.828873
0.546217 -0.460809 0.031568 2.989421 -0.522005 -4.254541 0.038473 1.516000 1.826432
0.546129 -0.460442 0.031958 2.989241 -0.523566 -4.254703 0.031423 1.532541 1.823990
0.546040 -0.460076 0.032348 2.989061 -0.525127 -4.254865 0.024374 1.549082 1.821549
0.545957 -0.459713 0.032766 2.988814 -0.526671 -4.255002 0.018308 1.567474 1.820842
0.545874 -0.459350 0.033184 2.988567 -0.528216 -4.255139 0.012242 1.585866 1.820136
0.545790 -0.458987 0.033602 2.988320 -0.529761 -4.255276 0.006177 1.604258 1.819429
0.545707 -0.458624 0.034020 2.988073 -0.531305 -4.255413 0.000111 1.622650 1.818722
0.545625 -0.458265 0.034462 2.987781 -0.532872 -4.255543 -0.004215 1.640735 1.818331
0.545543 -0.457906 0.034905 2.987488 -0.534439 -4.255674 -0.008541 1.658821 1.817939
0.545461 -0.457547 0.035347 2.987195 -0.536006 -4.255804 -0.012866 1.676906 1.817547
0.545375 -0.457191 0.035819 2.986868 -0.537652 -4.255962 -0.017042 1.692695 1.813983
0.545289 -0.456835 0.036290 2.986541 -0.539298 -4.256120 -0.021217 1.708484 1.810419
0.545202 -0.456479 0.036761 2.986215 -0.540944 -4.256279 -0.025392 1.724272 1.806854
0.545119 -0.456131 0.037263 2.985864 -0.542665 -4.256501 -0.028922 1.737431 1.799402
0.545035 -0.455784 0.037766 2.985514 -0.544385 -4.256724 -0.032451 1.750590 1.791950
0.544952 -0.455437 0.038268 2.985163 -0.546106 -4.256947 -0.035980 1.763748 1.784498
0.544868 -0.455089 0.038770 2.984812 -0.547827 -4.257170 -0.039510 1.776907 1.777046
0.544789 -0.454757 0.039294 2.984436 -0.549571 -4.257456 -0.043279 1.786687 1.765490
0.544710 -0.454425 0.039817 2.984060 -0.551315 -4.257742 -0.047049 1.796468 1.753934
0.544631 -0.454092 0.040341 2.983683 -0.553059 -4.258028 -0.050819 1.806249 1.742378
0.544561 -0.453776 0.040889 2.983257 -0.554841 -4.258356 -0.053964 1.815813 1.732478
0.544492 -0.453461 0.041438 2.982831 -0.556622 -4.258684 -0.057110 1.825376 1.722578
0.544422 -0.453145 0.041986 2.982404 -0.558404 -4.259012 -0.060256 1.834940 1.712678
0.544351 -0.452830 0.042589 2.981923 -0.560376 -4.259405 -0.061217 1.844932 1.703602
0.544281 -0.452514 0.043193 2.981442 -0.562348 -4.259798 -0.062179 1.854923 1.694526
0.544210 -0.452199 0.043796 2.980961 -0.564320 -4.260191 -0.063140 1.864914 1.685451
0.544140 -0.451883 0.044399 2.980480 -0.566292 -4.260584 -0.064102 1.874906 1.676375
0.544037 -0.451527 0.045091 2.979964 -0.568738 -4.261025 -0.065400 1.879724 1.666131
0.543934 -0.451171 0.045783 2.979449 -0.571184 -4.261466 -0.066699 1.884542 1.655886
0.543831 -0.450815 0.046476 2.978933 -0.573630 -4.261907 -0.067997 1.889359 1.645642
0.543691 -0.450419 0.047267 2.978365 -0.576536 -4.262320 -0.068947 1.888477 1.632609
0.543551 -0.450022 0.048059 2.977797 -0.579441 -4.262733 -0.069897 1.887594 1.619575
0.543411 -0.449625 0.048850 2.977229 -0.582347 -4.263147 -0.070847 1.886712 1.606542
0.543243 -0.449193 0.049732 2.976585 -0.585484 -4.263485 -0.070140 1.878185 1.593791
0.543075 -0.448761 0.050613 2.975942 -0.588622 -4.263824 -0.069433 1.869658 1.581041
0.542907 -0.448328 0.051495 2.975298 -0.591760 -4.264162 -0.068726 1.861131 1.568291
0.542739 -0.447896 0.052376 2.974654 -0.594898 -4.264501 -0.068019 1.852604 1.555541
0.542535 -0.447403 0.053365 2.973911 -0.598360 -4.264749 -0.066926 1.835131 1.542632
0.542330 -0.446910 0.054353 2.973168 -0.601823 -4.264997 -0.065833 1.817657 1.529723
0.542126 -0.446416 0.055341 2.972426 -0.605285 -4.265245 -0.064740 1.800183 1.516814
0.541868 -0.445819 0.056467 2.971621 -0.609318 -4.265417 -0.062032 1.778814 1.502190
0.541609 -0.445221 0.057593 2.970817 -0.613351 -4.265590 -0.059323 1.757444 1.487566
0.541351 -0.444624 0.058719 2.970013 -0.617383 -4.265763 -0.056615 1.736075 1.472942
0.541034 -0.443904 0.060008 2.969127 -0.622029 -4.265849 -0.054662 1.706046 1.453466
0.540718 -0.443185 0.061297 2.968240 -0.626674 -4.265936 -0.052709 1.676016 1.433990
0.540402 -0.442465 0.062587 2.967354 -0.631319 -4.266022 -0.050756 1.645987 1.414515
0.540085 -0.441745 0.063876 2.966468 -0.635965 -4.266109 -0.048803 1.615958 1.395039
0.539734 -0.440915 0.065314 2.965402 -0.640975 -4.266076 -0.047775 1.578657 1.371467
0.539383 -0.440085 0.066751 2.964336 -0.645985 -4.266043 -0.046747 1.541356 1.347894
0.539031 -0.439255 0.068189 2.963270 -0.650996 -4.266010 -0.045719 1.504055 1.324322
0.538651 -0.438308 0.069777 2.961985 -0.656292 -4.265868 -0.043875 1.465525 1.300772
0.538270 -0.437361 0.071366 2.960700 -0.661588 -4.265727 -0.042031 1.426995 1.277221
0.537890 -0.436414 0.072954 2.959415 -0.666884 -4.265585 -0.040188 1.388465 1.253670
0.537475 -0.435332 0.074714 2.957955 -0.672529 -4.265357 -0.037715 1.347291 1.231404
0.537061 -0.434249 0.076474 2.956494 -0.678175 -4.265129 -0.035243 1.306117 1.209137
0.536646 -0.433167 0.078234 2.955034 -0.683820 -4.264901 -0.032771 1.264943 1.186870
0.536231 -0.432084 0.079994 2.953574 -0.689465 -4.264673 -0.030298 1.223769 1.164604
0.535774 -0.430860 0.081958 2.951902 -0.695571 -4.264384 -0.027870 1.182362 1.142038
0.535318 -0.429635 0.083921 2.950231 -0.701676 -4.264094 -0.025441 1.140955 1.119472
0.534861 -0.428411 0.085885 2.948560 -0.707782 -4.263803 -0.023012 1.099548 1.096907
0.534363 -0.427046 0.088066 2.946672 -0.714382 -4.263451 -0.020299 1.058674 1.076618
0.533865 -0.425682 0.090247 2.944783 -0.720983 -4.263099 -0.017585 1.017800 1.056330
0.533367 -0.424318 0.092429 2.942895 -0.727583 -4.262746 -0.014872 0.976926 1.036042
0.532813 -0.422812 0.094849 2.940753 -0.734773 -4.262325 -0.011750 0.938719 1.021090
0.532260 -0.421306 0.097269 2.938611 -0.741962 -4.261904 -0.008628 0.900512 1.006138
0.531706 -0.419800 0.099690 2.936469 -0.749152 -4.261483 -0.005506 0.862305 0.991186
0.531152 -0.418294 0.102110 2.934327 -0.756341 -4.261062 -0.002384 0.824098 0.976234
0.530542 -0.416643 0.104793 2.931894 -0.764211 -4.260603 0.002210 0.789831 0.966780
0.529933 -0.414993 0.107477 2.929461 -0.772081 -4.260144 0.006804 0.755563 0.957326
0.529323 -0.413342 0.110160 2.927029 -0.779952 -4.259684 0.011397 0.721295 0.947871
0.528658 -0.411565 0.113107 2.924302 -0.788428 -4.259194 0.015825 0.687696 0.939955
0.527992 -0.409787 0.116054 2.921575 -0.796904 -4.258703 0.020253 0.654098 0.932039
0.527327 -0.408009 0.119001 2.918848 -0.805380 -4.258213 0.024681 0.620500 0.924123
0.526618 -0.406131 0.122184 2.915773 -0.814219 -4.257671 0.028878 0.587257 0.914849
0.525909 -0.404253 0.125367 2.912698 -0.823058 -4.257130 0.033075 0.554014 0.905575
0.525200 -0.402375 0.128551 2.909623 -0.831896 -4.256589 0.037272 0.520772 0.896301
0.524491 -0.400497 0.131734 2.906548 -0.840735 -4.256048 0.041469 0.487529 0.887027
0.523761 -0.398579 0.135106 2.903078 -0.849527 -4.255393 0.047615 0.460314 0.877299
0.523030 -0.396661 0.138479 2.899607 -0.858318 -4.254738 0.053760 0.433098 0.867570
0.522300 -0.394744 0.141851 2.896136 -0.867109 -4.254084 0.059906 0.405882 0.857842
0.521540 -0.392804 0.145390 2.892359 -0.875772 -4.253351 0.064624 0.384165 0.848429
0.520781 -0.390864 0.148929 2.888581 -0.884435 -4.252619 0.069343 0.362448 0.839016
0.520022 -0.388924 0.152467 2.884804 -0.893098 -4.251887 0.074061 0.340732 0.829603
0.519229 -0.386975 0.156156 2.880763 -0.901738 -4.251124 0.079529 0.324761 0.819497
0.518436 -0.385026 0.159844 2.876721 -0.910379 -4.250362 0.084997 0.308790 0.809391
0.517643 -0.383077 0.163533 2.872679 -0.919019 -4.249599 0.090464 0.292819 0.799284
0.516850 -0.381129 0.167221 2.868637 -0.927659 -4.248837 0.095932 0.276847 0.789178
0.516019 -0.379188 0.171048 2.864303 -0.936300 -4.248038 0.101765 0.266915 0.778780
0.515188 -0.377247 0.174875 2.859970 -0.944941 -4.247239 0.107599 0.256982 0.768381
0.514356 -0.375305 0.178702 2.855636 -0.953581 -4.246440 0.113432 0.247049 0.757983
0.513492 -0.373424 0.182594 2.851071 -0.961912 -4.245550 0.117605 0.242186 0.748554
0.512628 -0.371543 0.186485 2.846506 -0.970243 -4.244660 0.121778 0.237324 0.739125
0.511764 -0.369661 0.190376 2.841941 -0.978573 -4.243769 0.125951 0.232462 0.729695
0.510885 -0.367874 0.194270 2.837180 -0.986413 -4.242802 0.132696 0.229408 0.723826
0.510006 -0.366086 0.198165 2.832419 -0.994252 -4.241835 0.139440 0.226355 0.717956
0.509127 -0.364299 0.202059 2.827658 -1.002092 -4.240869 0.146185 0.223302 0.712087
0.508249 -0.362512 0.205953 2.822896 -1.009931 -4.239902 0.152929 0.220248 0.706218
0.507339 -0.360821 0.209822 2.818016 -1.017368 -4.238855 0.159063 0.221184 0.702016
0.506430 -0.359130 0.213691 2.813135 -1.024805 -4.237809 0.165197 0.222119 0.697815
0.505521 -0.357439 0.217560 2.808255 -1.032242 -4.236762 0.171331 0.223055 0.693613
0.504576 -0.355862 0.221362 2.803437 -1.039295 -4.235612 0.176799 0.225162 0.686915
0.503632 -0.354285 0.225164 2.798619 -1.046349 -4.234462 0.182266 0.227269 0.680218
0.502688 -0.352707 0.228965 2.793801 -1.053402 -4.233312 0.187734 0.229376 0.673520
0.501723 -0.351265 0.232646 2.788992 -1.059957 -4.232078 0.191232 0.229753 0.663582
0.500759 -0.349824 0.236326 2.784182 -1.066512 -4.230843 0.194730 0.230129 0.653644
0.499795 -0.348382 0.240006 2.779373 -1.073067 -4.229609 0.198229 0.230505 0.643707
0.498831 -0.346940 0.243687 2.774564 -1.079623 -4.228374 0.201727 0.230881 0.633769
0.497884 -0.345641 0.247192 2.769824 -1.085567 -4.227107 0.204365 0.231462 0.622093
0.496936 -0.344343 0.250698 2.765084 -1.091511 -4.225839 0.207003 0.232044 0.610417
0.495989 -0.343044 0.254203 2.760344 -1.097454 -4.224572 0.209642 0.232626 0.598741
0.495072 -0.341904 0.257478 2.755766 -1.102643 -4.223278 0.212222 0.234215 0.585173
0.494156 -0.340763 0.260752 2.751188 -1.107832 -4.221984 0.214803 0.235805 0.571605
0.493240 -0.339623 0.264026 2.746610 -1.113021 -4.220690 0.217383 0.237394 0.558038
0.492385 -0.338651 0.267033 2.742241 -1.117404 -4.219435 0.218957 0.239716 0.538943
0.491529 -0.337680 0.270040 2.737873 -1.121787 -4.218180 0.220530 0.242038 0.519847
0.490673 -0.336709 0.273047 2.733504 -1.126170 -4.216925 0.222103 0.244359 0.500752
0.489818 -0.335737 0.276054 2.729135 -1.130553 -4.215670 0.223677 0.246681 0.481657
0.489028 -0.334940 0.278765 2.725076 -1.134135 -4.214468 0.223373 0.248475 0.458438
0.488239 -0.334142 0.281476 2.721016 -1.137716 -4.213266 0.223069 0.250268 0.435219
0.487450 -0.333344 0.284187 2.716957 -1.141297 -4.212064 0.222765 0.252062 0.412000
0.486733 -0.332723 0.286553 2.713283 -1.143967 -4.210847 0.222840 0.252371 0.389846
0.486017 -0.332102 0.288920 2.709610 -1.146636 -4.209631 0.222915 0.252679 0.367692
0.485301 -0.331481 0.291286 2.705936 -1.149306 -4.208414 0.222990 0.252988 0.345539
0.484680 -0.331039 0.293277 2.702712 -1.151006 -4.207185 0.221649 0.255348 0.326347
0.484059 -0.330597 0.295269 2.699488 -1.152705 -4.205955 0.220309 0.257707 0.307155
0.483438 -0.330155 0.297260 2.696264 -1.154405 -4.204726 0.218968 0.260066 0.287964
0.482817 -0.329712 0.299251 2.693041 -1.156105 -4.203497 0.217628 0.262426 0.268772
0.482311 -0.329443 0.300874 2.690274 -1.156924 -4.202345 0.214369 0.265010 0.250844
0.481805 -0.329173 0.302497 2.687507 -1.157743 -4.201194 0.211110 0.267595 0.232916
0.481299 -0.328904 0.304119 2.684741 -1.158562 -4.200043 0.207851 0.270179 0.214988
0.480935 -0.328812 0.305373 2.682369 -1.158507 -4.198994 0.204931 0.272228 0.197883
0.480571 -0.328720 0.306627 2.679998 -1.158452 -4.197946 0.202012 0.274277 0.180778
0.480207 -0.328629 0.307880 2.677627 -1.158398 -4.196897 0.199092 0.276326 0.163673
0.480002 -0.328719 0.308768 2.675615 -1.157429 -4.195982 0.195755 0.280940 0.146875
0.479797 -0.328809 0.309655 2.673602 -1.156461 -4.195067 0.192418 0.285554 0.130078
0.479592 -0.328899 0.310543 2.671590 -1.155493 -4.194152 0.189080 0.290167 0.113280
0.479387 -0.328989 0.311430 2.669577 -1.154525 -4.193237 0.185743 0.294781 0.096483
0.479371 -0.329277 0.311927 2.667987 -1.152409 -4.192418 0.180305 0.299622 0.081471
0.479356 -0.329564 0.312423 2.666396 -1.150293 -4.191598 0.174867 0.304464 0.066460
0.479340 -0.329851 0.312920 2.664805 -1.148178 -4.190779 0.169429 0.309305 0.051449
0.479542 -0.330331 0.313059 2.663506 -1.144960 -4.190119 0.163096 0.313177 0.037334
0.479744 -0.330811 0.313199 2.662206 -1.141743 -4.189460 0.156763 0.317048 0.023220
0.479946 -0.331291 0.313339 2.660906 -1.138526 -4.188800 0.150429 0.320920 0.009106
0.480352 -0.331967 0.313154 2.659957 -1.134301 -4.188279 0.143862 0.328290 -0.008463
0.480759 -0.332642 0.312968 2.659008 -1.130076 -4.187758 0.137294 0.335660 -0.026032
0.481166 -0.333317 0.312783 2.658059 -1.125850 -4.187237 0.130726 0.343029 -0.043602
0.481573 -0.333993 0.312598 2.657109 -1.121625 -4.186716 0.124158 0.350399 -0.061171
0.482177 -0.334859 0.312122 2.656608 -1.116530 -4.186369 0.119414 0.357575 -0.079862
0.482782 -0.335725 0.311647 2.656107 -1.111436 -4.186022 0.114670 0.364750 -0.098552
0.483386 -0.336592 0.311171 2.655605 -1.106341 -4.185675 0.109926 0.371926 -0.117243
0.484195 -0.337645 0.310440 2.655325 -1.100324 -4.185440 0.104753 0.378334 -0.133912
0.485005 -0.338697 0.309708 2.655045 -1.094307 -4.185205 0.099580 0.384741 -0.150582
0.485814 -0.339750 0.308977 2.654765 -1.088289 -4.184969 0.094407 0.391149 -0.167251
0.486818 -0.340982 0.308032 2.654747 -1.081496 -4.184875 0.090990 0.396493 -0.183583
0.487822 -0.342213 0.307086 2.654730 -1.074704 -4.184781 0.087573 0.401837 -0.199915
0.488826 -0.343445 0.306141 2.654713 -1.067911 -4.184686 0.084156 0.407180 -0.216247
0.489831 -0.344676 0.305196 2.654696 -1.061118 -4.184592 0.080740 0.412524 -0.232578
0.490988 -0.346083 0.304064 2.655024 -1.053644 -4.184597 0.077980 0.415938 -0.242127
0.492145 -0.347490 0.302933 2.655352 -1.046169 -4.184603 0.075220 0.419352 -0.251676
0.493302 -0.348897 0.301802 2.655680 -1.038695 -4.184609 0.072460 0.422766 -0.261224
0.494610 -0.350465 0.300514 2.656176 -1.030505 -4.184622 0.069394 0.425028 -0.267656
0.495918 -0.352033 0.299226 2.656672 -1.022315 -4.184636 0.066327 0.427290 -0.274087
0.497226 -0.353600 0.297938 2.657168 -1.014125 -4.184650 0.063260 0.429553 -0.280519
0.498668 -0.355312 0.296517 2.657709 -1.005233 -4.184617 0.058329 0.433028 -0.282919
0.500110 -0.357024 0.295096 2.658249 -0.996340 -4.184585 0.053398 0.436503 -0.285320
0.501551 -0.358735 0.293675 2.658790 -0.987448 -4.184553 0.048467 0.439978 -0.287720
0.502993 -0.360447 0.292254 2.659330 -0.978556 -4.184521 0.043536 0.443454 -0.290121
0.504537 -0.362291 0.290716 2.659972 -0.968998 -4.184387 0.040463 0.445552 -0.289948
0.506082 -0.364134 0.289178 2.660615 -0.959440 -4.184254 0.037389 0.447650 -0.289774
0.507626 -0.365978 0.287640 2.661257 -0.949882 -4.184120 0.034316 0.449748 -0.289601
0.509249 -0.367933 0.286021 2.661999 -0.939843 -4.183892 0.031098 0.450594 -0.290346
0.510872 -0.369887 0.284401 2.662742 -0.929804 -4.183663 0.027881 0.451439 -0.291092
0.512496 -0.371842 0.282781 2.663485 -0.919765 -4.183435 0.024663 0.452284 -0.291837
0.514183 -0.373893 0.281100 2.664346 -0.909362 -4.183151 0.022074 0.448258 -0.293265
0.515870 -0.375944 0.279419 2.665207 -0.898958 -4.182868 0.019485 0.444232 -0.294694
0.517558 -0.377995 0.277739 2.666068 -0.888555 -4.182584 0.016896 0.440205 -0.296122
0.519245 -0.380046 0.276058 2.666929 -0.878152 -4.182300 0.014307 0.436179 -0.297550
0.520989 -0.382167 0.274333 2.667867 -0.867436 -4.181980 0.011364 0.430579 -0.301528
0.522733 -0.384289 0.272607 2.668805 -0.856721 -4.181660 0.008421 0.424980 -0.305506
0.524476 -0.386410 0.270882 2.669742 -0.846006 -4.181341 0.005478 0.419380 -0.309483
0.526260 -0.388582 0.269106 2.670803 -0.834985 -4.180916 0.003338 0.412502 -0.313868
0.528043 -0.390754 0.267331 2.671864 -0.823965 -4.180491 0.001199 0.405624 -0.318253
0.529826 -0.392926 0.265556 2.672925 -0.812945 -4.180066 -0.000941 0.398746 -0.322638
0.531622 -0.395118 0.263751 2.674138 -0.801782 -4.179529 -0.003518 0.391180 -0.323808
0.533417 -0.397310 0.261946 2.675352 -0.790619 -4.178993 -0.006095 0.383614 -0.324978
0.535212 -0.399502 0.260141 2.676565 -0.779456 -4.178456 -0.008671 0.376048 -0.326148
0.537008 -0.401695 0.258336 2.677779 -0.768294 -4.177920 -0.011248 0.368482 -0.327318
0.538789 -0.403881 0.256532 2.679109 -0.757154 -4.177261 -0.011963 0.360650 -0.326311
0.540570 -0.406068 0.254729 2.680440 -0.746014 -4.176602 -0.012679 0.352818 -0.325303
0.542351 -0.408254 0.252926 2.681770 -0.734875 -4.175944 -0.013394 0.344985 -0.324296
0.544096 -0.410423 0.251117 2.683328 -0.723845 -4.175175 -0.013226 0.337246 -0.322909
0.545842 -0.412593 0.249309 2.684887 -0.712815 -4.174405 -0.013059 0.329507 -0.321521
0.547587 -0.414762 0.247501 2.686446 -0.701786 -4.173636 -0.012891 0.321768 -0.320134
0.549292 -0.416884 0.245701 2.688114 -0.690932 -4.172749 -0.014419 0.312444 -0.312801
0.550996 -0.419006 0.243901 2.689782 -0.680079 -4.171861 -0.015948 0.303120 -0.305469
0.552700 -0.421128 0.242101 2.691450 -0.669225 -4.170973 -0.017476 0.293796 -0.298137
0.554404 -0.423250 0.240301 2.693119 -0.658372 -4.170085 -0.019005 0.284472 -0.290805
0.556062 -0.425303 0.238509 2.694825 -0.647743 -4.169101 -0.022321 0.273508 -0.280716
0.557720 -0.427357 0.236718 2.696532 -0.637113 -4.168117 -0.025637 0.262545 -0.270627
0.559378 -0.429410 0.234926 2.698238 -0.626484 -4.167133 -0.028954 0.251582 -0.260537
0.560983 -0.431379 0.233147 2.700063 -0.616234 -4.166171 -0.031412 0.239980 -0.249930
0.562588 -0.433349 0.231368 2.701888 -0.605984 -4.165210 -0.033870 0.228379 -0.239322
0.564192 -0.435318 0.229589 2.703713 -0.595734 -4.164248 -0.036328 0.216778 -0.228714
0.565730 -0.437190 0.227812 2.705657 -0.585849 -4.163244 -0.039835 0.207586 -0.216404
0.567268 -0.439062 0.226036 2.707602 -0.575963 -4.162240 -0.043342 0.198394 -0.204094
0.568806 -0.440935 0.224260 2.709546 -0.566078 -4.161236 -0.046850 0.189202 -0.191784
0.570344 -0.442807 0.222484 2.711491 -0.556192 -4.160232 -0.050357 0.180010 -0.179473
0.571817 -0.444566 0.220711 2.713453 -0.546696 -4.159176 -0.053424 0.171743 -0.169146
0.573290 -0.446326 0.218938 2.715415 -0.537200 -4.158119 -0.056491 0.163475 -0.158818
0.574762 -0.448085 0.217164 2.717377 -0.527704 -4.157063 -0.059559 0.155208 -0.148490
0.576154 -0.449718 0.215406 2.719439 -0.518801 -4.156060 -0.062790 0.146992 -0.136811
0.577547 -0.451351 0.213649 2.721501 -0.509898 -4.155058 -0.066021 0.138775 -0.125131
0.578939 -0.452984 0.211891 2.723562 -0.500995 -4.154056 -0.069252 0.130559 -0.113452
0.580247 -0.454481 0.210139 2.725800 -0.492711 -4.153100 -0.070896 0.120487 -0.101843
0.581555 -0.455978 0.208387 2.728038 -0.484426 -4.152145 -0.072540 0.110415 -0.090234
0.582863 -0.457475 0.206635 2.730275 -0.476142 -4.151189 -0.074184 0.100343 -0.078625
0.584171 -0.458971 0.204882 2.732513 -0.467858 -4.150233 -0.075828 0.090271 -0.067015
0.585417 -0.460336 0.203120 2.734832 -0.460105 -4.149321 -0.077900 0.081893 -0.058085
0.586663 -0.461701 0.201357 2.737151 -0.452352 -4.148409 -0.079972 0.073516 -0.049154
0.587909 -0.463065 0.199594 2.739469 -0.444599 -4.147497 -0.082043 0.065139 -0.040223
0.589109 -0.464313 0.197813 2.741852 -0.437304 -4.146727 -0.082609 0.058455 -0.032653
0.590309 -0.465560 0.196032 2.744234 -0.430009 -4.145958 -0.083174 0.051770 -0.025082
0.591510 -0.466807 0.194251 2.746616 -0.422713 -4.145189 -0.083739 0.045086 -0.017512
0.592665 -0.467930 0.192466 2.748958 -0.415909 -4.144529 -0.084709 0.038912 -0.008751
0.593819 -0.469053 0.190681 2.751300 -0.409104 -4.143870 -0.085680 0.032739 0.000010
0.594974 -0.470176 0.188895 2.753641 -0.402300 -4.143210 -0.086651 0.026565 0.008771
0.596129 -0.471299 0.187110 2.755983 -0.395495 -4.142550 -0.087622 0.020392 0.017532
0.597221 -0.472304 0.185303 2.758385 -0.389216 -4.141986 -0.087111 0.016468 0.028130
0.598313 -0.473310 0.183496 2.760787 -0.382937 -4.141421 -0.086600 0.012544 0.038728
0.599406 -0.474315 0.181689 2.763189 -0.376659 -4.140856 -0.086089 0.008620 0.049327
0.600445 -0.475212 0.179874 2.765577 -0.370905 -4.140429 -0.086396 0.007047 0.061313
0.601484 -0.476109 0.178059 2.767965 -0.365151 -4.140002 -0.086703 0.005474 0.073299
0.602523 -0.477006 0.176244 2.770353 -0.359398 -4.139575 -0.087010 0.003901 0.085285
0.603517 -0.477798 0.174409 2.772740 -0.354146 -4.139262 -0.088223 0.001493 0.096037
0.604511 -0.478591 0.172574 2.775127 -0.348895 -4.138948 -0.089435 -0.000915 0.106790
0.605505 -0.479383 0.170739 2.777515 -0.343643 -4.138635 -0.090648 -0.003323 0.117543
0.606499 -0.480176 0.168904 2.779902 -0.338392 -4.138322 -0.091860 -0.005731 0.128296
0.607434 -0.480858 0.167043 2.782339 -0.333780 -4.138198 -0.092538 -0.007519 0.134845
0.608370 -0.481540 0.165182 2.784776 -0.329168 -4.138073 -0.093215 -0.009307 0.141395
0.609305 -0.482222 0.163321 2.787213 -0.324556 -4.137949 -0.093893 -0.011095 0.147944
0.610175 -0.482785 0.161457 2.789619 -0.320623 -4.137962 -0.093845 -0.012643 0.153686
0.611046 -0.483348 0.159593 2.792024 -0.316690 -4.137974 -0.093797 -0.014191 0.159428
0.611916 -0.483911 0.157729 2.794430 -0.312757 -4.137987 -0.093749 -0.015739 0.165170
0.612719 -0.484366 0.155856 2.796864 -0.309477 -4.138149 -0.092750 -0.018133 0.169826
0.613522 -0.484821 0.153983 2.799299 -0.306198 -4.138310 -0.091751 -0.020526 0.174482
0.614326 -0.485276 0.152109 2.801733 -0.302918 -4.138472 -0.090752 -0.022919 0.179137
0.615129 -0.485731 0.150236 2.804167 -0.299638 -4.138633 -0.089754 -0.025312 0.183793
0.615859 -0.486094 0.148358 2.806655 -0.296932 -4.138910 -0.087065 -0.025186 0.186450
0.616590 -0.486457 0.146481 2.809143 -0.294226 -4.139186 -0.084375 -0.025061 0.189106
0.617320 -0.486819 0.144603 2.811631 -0.291521 -4.139463 -0.081686 -0.024935 0.191763
0.617985 -0.487097 0.142724 2.814119 -0.289251 -4.139773 -0.080918 -0.022876 0.195211
0.618651 -0.487376 0.140846 2.816607 -0.286982 -4.140083 -0.080149 -0.020817 0.198659
0.619317 -0.487654 0.138967 2.819094 -0.284712 -4.140394 -0.079380 -0.018758 0.202108
0.619932 -0.487857 0.137096 2.821521 -0.282813 -4.140722 -0.078564 -0.017775 0.204873
0.620546 -0.488059 0.135226 2.823947 -0.280914 -4.141050 -0.077749 -0.016793 0.207639
0.621161 -0.488262 0.133355 2.826374 -0.279016 -4.141378 -0.076933 -0.015811 0.210405
0.621776 -0.488465 0.131485 2.828800 -0.277117 -4.141706 -0.076118 -0.014828 0.213170
0.622342 -0.488599 0.129627 2.831204 -0.275591 -4.142095 -0.074597 -0.013879 0.216587
0.622907 -0.488734 0.127770 2.833608 -0.274065 -4.142484 -0.073076 -0.012931 0.220004
0.623473 -0.488868 0.125913 2.836012 -0.272539 -4.142872 -0.071556 -0.011982 0.223422
0.623997 -0.488943 0.124068 2.838385 -0.271304 -4.143301 -0.069112 -0.009877 0.222001
0.624520 -0.489017 0.122223 2.840759 -0.270070 -4.143729 -0.066667 -0.007772 0.220580
0.625043 -0.489092 0.120379 2.843132 -0.268836 -4.144157 -0.064223 -0.005667 0.219160
0.625518 -0.489126 0.118549 2.845513 -0.267825 -4.144611 -0.060354 -0.004200 0.217316
0.625992 -0.489160 0.116720 2.847894 -0.266815 -4.145065 -0.056484 -0.002733 0.215472
0.626467 -0.489193 0.114890 2.850275 -0.265805 -4.145519 -0.052615 -0.001266 0.213629
0.626941 -0.489227 0.113061 2.852656 -0.264795 -4.145972 -0.048746 0.000201 0.211785
0.627361 -0.489219 0.111266 2.855049 -0.264057 -4.146454 -0.045918 0.002358 0.213596
0.627780 -0.489211 0.109471 2.857441 -0.263319 -4.146936 -0.043089 0.004515 0.215406
0.628200 -0.489203 0.107677 2.859834 -0.262582 -4.147418 -0.040261 0.006672 0.217216
0.628570 -0.489136 0.105931 2.862140 -0.262147 -4.147885 -0.038311 0.009709 0.219778
0.628940 -0.489069 0.104185 2.864447 -0.261712 -4.148353 -0.036362 0.012746 0.222339
0.629310 -0.489002 0.102440 2.866753 -0.261277 -4.148821 -0.034412 0.015784 0.224900
0.629623 -0.488888 0.100747 2.869035 -0.261132 -4.149300 -0.034251 0.021225 0.227440
0.629936 -0.488774 0.099055 2.871316 -0.260986 -4.149778 -0.034091 0.026667 0.229980
0.630249 -0.488660 0.097362 2.873598 -0.260840 -4.150257 -0.033931 0.032109 0.232519
0.630562 -0.488546 0.095670 2.875880 -0.260695 -4.150735 -0.033770 0.037550 0.235059
0.630825 -0.488387 0.094045 2.878074 -0.260764 -4.151164 -0.034254 0.041313 0.238949
0.631089 -0.488228 0.092420 2.880268 -0.260834 -4.151592 -0.034737 0.045077 0.242840
0.631352 -0.488070 0.090796 2.882462 -0.260903 -4.152021 -0.035220 0.048840 0.246730
0.631562 -0.487867 0.089242 2.884578 -0.261203 -4.152402 -0.034319 0.051265 0.251025
0.631772 -0.487665 0.087687 2.886694 -0.261504 -4.152784 -0.033418 0.053691 0.255321
0.631982 -0.487462 0.086133 2.888810 -0.261804 -4.153165 -0.032518 0.056117 0.259616
0.632139 -0.487225 0.084660 2.890841 -0.262314 -4.153518 -0.029860 0.059607 0.264728
0.632297 -0.486988 0.083186 2.892872 -0.262824 -4.153870 -0.027202 0.063097 0.269839
0.632454 -0.486751 0.081712 2.894903 -0.263334 -4.154223 -0.024545 0.066587 0.274951
0.632612 -0.486514 0.080238 2.896934 -0.263843 -4.154576 -0.021887 0.070076 0.280062
0.632729 -0.486258 0.078858 2.898834 -0.264456 -4.154889 -0.020854 0.073592 0.286394
0.632845 -0.486003 0.077477 2.900734 -0.265069 -4.155203 -0.019822 0.077107 0.292725
0.632962 -0.485747 0.076096 2.902633 -0.265682 -4.155516 -0.018789 0.080623 0.299056
0.633055 -0.485482 0.074799 2.904408 -0.266357 -4.155842 -0.018300 0.082717 0.304187
0.633148 -0.485217 0.073503 2.906183 -0.267033 -4.156169 -0.017811 0.084811 0.309317
0.633241 -0.484952 0.072206 2.907958 -0.267709 -4.156495 -0.017322 0.086905 0.314448
0.633312 -0.484684 0.070992 2.909592 -0.268433 -4.156840 -0.016516 0.090348 0.317920
0.633383 -0.484416 0.069779 2.911226 -0.269157 -4.157184 -0.015710 0.093791 0.321392
0.633454 -0.484148 0.068565 2.912861 -0.269881 -4.157529 -0.014903 0.097233 0.324864
0.633525 -0.483880 0.067351 2.914495 -0.270605 -4.157873 -0.014097 0.100676 0.328336
0.633587 -0.483615 0.066215 2.915968 -0.271372 -4.158245 -0.013047 0.103644 0.332849
0.633650 -0.483350 0.065079 2.917440 -0.272138 -4.158617 -0.011996 0.106613 0.337361
0.633712 -0.483085 0.063944 2.918913 -0.272904 -4.158988 -0.010946 0.109581 0.341874
0.633756 -0.482824 0.062881 2.920305 -0.273793 -4.159447 -0.007402 0.111243 0.344704
0.633801 -0.482563 0.061818 2.921697 -0.274681 -4.159905 -0.003858 0.112906 0.347534
0.633845 -0.482303 0.060755 2.923089 -0.275570 -4.160363 -0.000314 0.114569 0.350364
0.633865 -0.482048 0.059759 2.924433 -0.276575 -4.160901 0.003394 0.115788 0.352746
0.633885 -0.481794 0.058764 2.925778 -0.277581 -4.161438 0.007101 0.117007 0.355127
0.633905 -0.481540 0.057769 2.927122 -0.278587 -4.161975 0.010809 0.118226 0.357508
0.633925 -0.481286 0.056773 2.928467 -0.279592 -4.162513 0.014517 0.119445 0.359889
0.633928 -0.481049 0.055846 2.929720 -0.280607 -4.163065 0.015269 0.123802 0.362827
0.633930 -0.480813 0.054918 2.930973 -0.281622 -4.163617 0.016021 0.128158 0.365766
0.633933 -0.480576 0.053991 2.932227 -0.282637 -4.164169 0.016773 0.132514 0.368704
0.633917 -0.480350 0.053132 2.933379 -0.283723 -4.164716 0.017460 0.135664 0.372566
0.633900 -0.480123 0.052274 2.934531 -0.284809 -4.165263 0.018146 0.138813 0.376428
0.633884 -0.479897 0.051415 2.935683 -0.285895 -4.165811 0.018833 0.141963 0.380290
0.633848 -0.479675 0.050628 2.936741 -0.287082 -4.166385 0.020684 0.144908 0.382951
0.633812 -0.479453 0.049840 2.937798 -0.288269 -4.166960 0.022534 0.147854 0.385611
0.633777 -0.479231 0.049053 2.938856 -0.289456 -4.167535 0.024385 0.150800 0.388272
0.633741 -0.479009 0.048266 2.939914 -0.290643 -4.168109 0.026236 0.153746 0.390933
0.633711 -0.478805 0.047535 2.940802 -0.291783 -4.168720 0.026455 0.154914 0.389824
0.633680 -0.478602 0.046805 2.941691 -0.292923 -4.169331 0.026675 0.156083 0.388715
0.633650 -0.478398 0.046075 2.942580 -0.294064 -4.169942 0.026895 0.157252 0.387606
0.633619 -0.478212 0.045392 2.943388 -0.295189 -4.170592 0.027037 0.157822 0.384736
0.633587 -0.478025 0.044710 2.944196 -0.296315 -4.171241 0.027179 0.158392 0.381867
0.633556 -0.477839 0.044028 2.945005 -0.297441 -4.171891 0.027321 0.158963 0.378998
0.633508 -0.477667 0.043383 2.945785 -0.298568 -4.172514 0.029027 0.158439 0.377090
0.633460 -0.477495 0.042739 2.946565 -0.299695 -4.173137 0.030733 0.157915 0.375183
0.633412 -0.477323 0.042095 2.947345 -0.300822 -4.173759 0.032439 0.157391 0.373276
0.633364 -0.477151 0.041451 2.948125 -0.301948 -4.174382 0.034145 0.156866 0.371369
0.633304 -0.476992 0.040839 2.948883 -0.303061 -4.174994 0.035524 0.157080 0.370265
0.633245 -0.476834 0.040227 2.949641 -0.304174 -4.175606 0.036902 0.157293 0.369160
0.633186 -0.476675 0.039616 2.950398 -0.305286 -4.176218 0.038281 0.157506 0.368056
0.633114 -0.476524 0.039033 2.951140 -0.306394 -4.176814 0.039234 0.159306 0.366080
0.633042 -0.476373 0.038450 2.951881 -0.307501 -4.177410 0.040186 0.161106 0.364104
0.632970 -0.476221 0.037867 2.952623 -0.308609 -4.178006 0.041139 0.162906 0.362128
0.632884 -0.476063 0.037317 2.953331 -0.309773 -4.178611 0.041208 0.162857 0.356277
0.632798 -0.475904 0.036767 2.954040 -0.310937 -4.179215 0.041278 0.162808 0.350427
0.632711 -0.475745 0.036216 2.954748 -0.312101 -4.179820 0.041348 0.162759 0.344576
0.632625 -0.475587 0.035666 2.955457 -0.313265 -4.180424 0.041418 0.162709 0.338725
0.632526 -0.475414 0.035134 2.956144 -0.314458 -4.181015 0.042431 0.164145 0.329918
0.632426 -0.475242 0.034602 2.956830 -0.315652 -4.181605 0.043445 0.165581 0.321110
0.632327 -0.475070 0.034070 2.957516 -0.316845 -4.182195 0.044459 0.167017 0.312303
0.632205 -0.474887 0.033555 2.958197 -0.318044 -4.182731 0.046775 0.170420 0.305696
0.632083 -0.474704 0.033041 2.958879 -0.319242 -4.183266 0.049091 0.173822 0.299089
0.631961 -0.474521 0.032527 2.959560 -0.320441 -4.183802 0.051407 0.177225 0.292482
0.631817 -0.474324 0.032032 2.960228 -0.321641 -4.184292 0.051399 0.178993 0.283331
0.631673 -0.474128 0.031537 2.960897 -0.322841 -4.184783 0.051391 0.180761 0.274180
0.631529 -0.473932 0.031042 2.961565 -0.324042 -4.185274 0.051383 0.182529 0.265029
0.631386 -0.473736 0.030548 2.962234 -0.325242 -4.185764 0.051375 0.184297 0.255877
0.631219 -0.473529 0.030075 2.962876 -0.326389 -4.186189 0.050843 0.185443 0.251890
0.631051 -0.473321 0.029603 2.963518 -0.327536 -4.186613 0.050311 0.186588 0.247903
0.630884 -0.473114 0.029131 2.964160 -0.328682 -4.187037 0.049780 0.187734 0.243916
0.630711 -0.472896 0.028678 2.964725 -0.329770 -4.187418 0.048293 0.189934 0.244416
0.630539 -0.472678 0.028226 2.965290 -0.330858 -4.187800 0.046807 0.192135 0.244917
0.630366 -0.472459 0.027773 2.965855 -0.331945 -4.188181 0.045321 0.194335 0.245418
0.630188 -0.472239 0.027347 2.966363 -0.333020 -4.188556 0.045281 0.201344 0.254595
0.630010 -0.472018 0.026921 2.966870 -0.334094 -4.188931 0.045240 0.208352 0.263772
0.629832 -0.471797 0.026494 2.967377 -0.335169 -4.189306 0.045200 0.215360 0.272949
0.629655 -0.471577 0.026068 2.967885 -0.336243 -4.189681 0.045159 0.222369 0.282125
0.629482 -0.471348 0.025677 2.968299 -0.337351 -4.190094 0.045611 0.230409 0.299181
0.629310 -0.471120 0.025286 2.968712 -0.338460 -4.190506 0.046064 0.238450 0.316237
0.629138 -0.470892 0.024895 2.969126 -0.339568 -4.190919 0.046516 0.246490 0.333293
0.628975 -0.470670 0.024536 2.969481 -0.340602 -4.191363 0.046009 0.256054 0.353271
0.628813 -0.470448 0.024178 2.969836 -0.341636 -4.191807 0.045501 0.265618 0.373249
0.628650 -0.470226 0.023819 2.970191 -0.342670 -4.192251 0.044994 0.275182 0.393226
0.628501 -0.470015 0.023486 2.970479 -0.343580 -4.192674 0.042498 0.285631 0.416856
0.628352 -0.469804 0.023152 2.970767 -0.344491 -4.193097 0.040002 0.296080 0.440486
0.628203 -0.469594 0.022819 2.971055 -0.345401 -4.193520 0.037506 0.306529 0.464116
0.628055 -0.469383 0.022485 2.971343 -0.346311 -4.193944 0.035010 0.316978 0.487747
0.627901 -0.469172 0.022185 2.971634 -0.347204 -4.194363 0.034544 0.330911 0.512600
0.627748 -0.468962 0.021885 2.971926 -0.348096 -4.194783 0.034078 0.344845 0.537453
0.627595 -0.468752 0.021585 2.972217 -0.348989 -4.195202 0.033612 0.358778 0.562306
0.627434 -0.468545 0.021320 2.972486 -0.349818 -4.195578 0.032281 0.374075 0.590116
0.627273 -0.468337 0.021054 2.972755 -0.350647 -4.195955 0.030950 0.389373 0.617927
0.627112 -0.468130 0.020789 2.973024 -0.351477 -4.196331 0.029619 0.404670 0.645738
0.626954 -0.467925 0.020558 2.973218 -0.352184 -4.196636 0.029629 0.423700 0.673803
0.626796 -0.467720 0.020328 2.973412 -0.352891 -4.196942 0.029639 0.442730 0.701868
0.626639 -0.467516 0.020097 2.973606 -0.353598 -4.197248 0.029649 0.461760 0.729934
0.626481 -0.467311 0.019867 2.973800 -0.354306 -4.197554 0.029659 0.480791 0.757999
0.626324 -0.467106 0.019669 2.973942 -0.354937 -4.197817 0.030907 0.501369 0.786323
0.626167 -0.466902 0.019472 2.974084 -0.355569 -4.198080 0.032154 0.521948 0.814647
0.626010 -0.466697 0.019275 2.974226 -0.356201 -4.198343 0.033401 0.542527 0.842971
0.625856 -0.466495 0.019112 2.974315 -0.356721 -4.198565 0.034001 0.562596 0.871591
0.625701 -0.466292 0.018949 2.974405 -0.357242 -4.198787 0.034601 0.582665 0.900212
0.625547 -0.466090 0.018787 2.974494 -0.357762 -4.199009 0.035201 0.602735 0.928832
0.625399 -0.465896 0.018662 2.974522 -0.358133 -4.199152 0.036781 0.626103 0.959778
0.625250 -0.465703 0.018538 2.974550 -0.358504 -4.199296 0.038361 0.649472 0.990723
0.625102 -0.465509 0.018414 2.974578 -0.358875 -4.199439 0.039941 0.672840 1.021669
0.624954 -0.465316 0.018289 2.974606 -0.359246 -4.199582 0.041521 0.696208 1.052614
0.624813 -0.465127 0.018208 2.974577 -0.359524 -4.199662 0.041005 0.720585 1.085994
0.624672 -0.464938 0.018127 2.974548 -0.359802 -4.199742 0.040488 0.744961 1.119374
0.624531 -0.464749 0.018045 2.974520 -0.360080 -4.199821 0.039972 0.769338 1.152754
0.624401 -0.464561 0.018006 2.974428 -0.360289 -4.199882 0.038511 0.791942 1.183481
0.624271 -0.464373 0.017967 2.974337 -0.360498 -4.199942 0.037051 0.814546 1.214208
0.624140 -0.464185 0.017928 2.974245 -0.360707 -4.200002 0.035591 0.837150 1.244935
0.624027 -0.463998 0.017929 2.974101 -0.360862 -4.200056 0.034682 0.864661 1.277744
0.623914 -0.463812 0.017929 2.973958 -0.361016 -4.200110 0.033773 0.892172 1.310554
0.623800 -0.463625 0.017930 2.973814 -0.361171 -4.200164 0.032865 0.919682 1.343363
0.623687 -0.463439 0.017930 2.973670 -0.361325 -4.200218 0.031956 0.947193 1.376172
0.623595 -0.463242 0.017967 2.973463 -0.361481 -4.200287 0.029749 0.973414 1.402148
0.623503 -0.463046 0.018003 2.973256 -0.361636 -4.200356 0.027541 0.999635 1.428123
0.623411 -0.462849 0.018040 2.973049 -0.361791 -4.200425 0.025333 1.025857 1.454098
0.623319 -0.462643 0.018117 2.972795 -0.361965 -4.200480 0.022273 1.053042 1.475994
0.623227 -0.462436 0.018194 2.972542 -0.362139 -4.200536 0.019213 1.080228 1.497889
0.623136 -0.462229 0.018272 2.972288 -0.362312 -4.200592 0.016153 1.107413 1.519784
0.623039 -0.461998 0.018382 2.971993 -0.362540 -4.200631 0.012952 1.133961 1.533040
0.622943 -0.461766 0.018493 2.971697 -0.362768 -4.200671 0.009750 1.160508 1.546295
0.622847 -0.461534 0.018604 2.971401 -0.362996 -4.200711 0.006548 1.187055 1.559550
0.622750 -0.461302 0.018715 2.971105 -0.363224 -4.200751 0.003347 1.213603 1.572806
0.622640 -0.461047 0.018853 2.970795 -0.363507 -4.200755 0.001801 1.237239 1.574972
0.622530 -0.460791 0.018991 2.970485 -0.363789 -4.200760 0.000254 1.260875 1.577139
0.622420 -0.460536 0.019129 2.970174 -0.364072 -4.200765 -0.001292 1.284511 1.579306
0.622297 -0.460243 0.019292 2.969836 -0.364471 -4.200782 -0.002702 1.306211 1.580112
0.622175 -0.459949 0.019455 2.969498 -0.364871 -4.200798 -0.004112 1.327911 1.580919
0.622053 -0.459656 0.019618 2.969160 -0.365271 -4.200814 -0.005522 1.349611 1.581726
0.621921 -0.459323 0.019806 2.968802 -0.365821 -4.200875 -0.005864 1.369631 1.577979
0.621789 -0.458989 0.019994 2.968443 -0.366371 -4.200936 -0.006207 1.389651 1.574231
0.621657 -0.458656 0.020182 2.968084 -0.366921 -4.200997 -0.006549 1.409671 1.570484
0.621526 -0.458323 0.020370 2.967726 -0.367471 -4.201058 -0.006892 1.429691 1.566737
0.621385 -0.457949 0.020580 2.967343 -0.368205 -4.201191 -0.007282 1.448171 1.564094
0.621244 -0.457576 0.020790 2.966959 -0.368940 -4.201325 -0.007673 1.466651 1.561451
0.621104 -0.457203 0.021000 2.966576 -0.369674 -4.201459 -0.008063 1.485131 1.558808
0.620948 -0.456777 0.021247 2.966169 -0.370772 -4.201726 -0.008358 1.500375 1.556785
0.620792 -0.456352 0.021495 2.965763 -0.371869 -4.201994 -0.008652 1.515620 1.554763
0.620636 -0.455926 0.021743 2.965357 -0.372966 -4.202261 -0.008947 1.530864 1.552740
0.620464 -0.455444 0.022036 2.964991 -0.374553 -4.202745 -0.010215 1.544450 1.550196
0.620291 -0.454962 0.022328 2.964626 -0.376141 -4.203229 -0.011483 1.558036 1.547652
0.620119 -0.454479 0.022621 2.964261 -0.377728 -4.203713 -0.012751 1.571622 1.545108
0.619946 -0.453997 0.022913 2.963896 -0.379315 -4.204197 -0.014020 1.585208 1.542565
0.619775 -0.453499 0.023229 2.963528 -0.381086 -4.204816 -0.019251 1.601786 1.543597
0.619604 -0.453000 0.023545 2.963160 -0.382856 -4.205435 -0.024482 1.618364 1.544629
0.619434 -0.452501 0.023861 2.962793 -0.384627 -4.206054 -0.029713 1.634942 1.545661
0.619278 -0.452007 0.024189 2.962398 -0.386488 -4.206818 -0.036035 1.650950 1.547155
0.619122 -0.451513 0.024517 2.962004 -0.388349 -4.207582 -0.042356 1.666959 1.548648
0.618967 -0.451019 0.024846 2.961609 -0.390210 -4.208347 -0.048678 1.682967 1.550142
0.618817 -0.450526 0.025173 2.961225 -0.392191 -4.209275 -0.057156 1.700769 1.554969
0.618667 -0.450032 0.025501 2.960841 -0.394173 -4.210204 -0.065635 1.718571 1.559797
0.618517 -0.449539 0.025829 2.960457 -0.396155 -4.211133 -0.074113 1.736373 1.564625
0.618367 -0.449046 0.026157 2.960073 -0.398137 -4.212061 -0.082591 1.754175 1.569453
0.618219 -0.448562 0.026484 2.959690 -0.400256 -4.213141 -0.089501 1.775187 1.578975
0.618070 -0.448079 0.026810 2.959307 -0.402374 -4.214221 -0.096410 1.796199 1.588497
0.617922 -0.447596 0.027137 2.958924 -0.404493 -4.215300 -0.103319 1.817211 1.598019
0.617771 -0.447112 0.027475 2.958533 -0.406836 -4.216521 -0.109543 1.839871 1.611819
0.617620 -0.446627 0.027813 2.958142 -0.409179 -4.217741 -0.115768 1.862530 1.625620
0.617469 -0.446142 0.028150 2.957750 -0.411522 -4.218962 -0.121992 1.885190 1.639420
0.617303 -0.445653 0.028498 2.957401 -0.414143 -4.220312 -0.124751 1.905662 1.657729
0.617137 -0.445164 0.028845 2.957052 -0.416763 -4.221662 -0.127511 1.926134 1.676037
0.616971 -0.444675 0.029193 2.956702 -0.419384 -4.223012 -0.130271 1.946606 1.694346
0.616805 -0.444185 0.029541 2.956353 -0.422004 -4.224362 -0.133030 1.967078 1.712654
0.616621 -0.443702 0.029906 2.956067 -0.424888 -4.225809 -0.132839 1.989430 1.731615
0.616437 -0.443218 0.030271 2.955781 -0.427771 -4.227255 -0.132647 2.011781 1.750575
0.616253 -0.442734 0.030636 2.955495 -0.430654 -4.228702 -0.132456 2.034133 1.769535
0.616057 -0.442250 0.031013 2.955260 -0.433792 -4.230232 -0.131157 2.054265 1.787881
0.615860 -0.441766 0.031391 2.955025 -0.436930 -4.231762 -0.129858 2.074398 1.806226
0.615664 -0.441282 0.031768 2.954790 -0.440067 -4.233292 -0.128559 2.094530 1.824571
0.615465 -0.440804 0.032151 2.954619 -0.443425 -4.234918 -0.128758 2.111725 1.841950
0.615266 -0.440325 0.032533 2.954447 -0.446783 -4.236544 -0.128958 2.128920 1.859328
0.615067 -0.439846 0.032916 2.954276 -0.450141 -4.238170 -0.129158 2.146115 1.876706
0.614868 -0.439368 0.033299 2.954105 -0.453499 -4.239796 -0.129357 2.163310 1.894084
0.614662 -0.438898 0.033677 2.954022 -0.457043 -4.241517 -0.129235 2.177480 1.907395
0.614457 -0.438428 0.034056 2.953939 -0.460587 -4.243238 -0.129112 2.191651 1.920705
0.614251 -0.437958 0.034434 2.953856 -0.464131 -4.244959 -0.128989 2.205821 1.934016
0.614043 -0.437497 0.034814 2.953835 -0.467939 -4.246785 -0.128367 2.221434 1.945827
0.613835 -0.437036 0.035193 2.953815 -0.471747 -4.248612 -0.127746 2.237046 1.957637
0.613626 -0.436575 0.035573 2.953794 -0.475555 -4.250438 -0.127125 2.252659 1.969448
0.613413 -0.436132 0.035942 2.953883 -0.479594 -4.252379 -0.126891 2.269828 1.984918
0.613199 -0.435689 0.036311 2.953971 -0.483632 -4.254319 -0.126657 2.286996 2.000388
0.612986 -0.435246 0.036680 2.954060 -0.487670 -4.256259 -0.126423 2.304164 2.015858
0.612772 -0.434803 0.037049 2.954149 -0.491709 -4.258199 -0.126190 2.321332 2.031328
0.612551 -0.434381 0.037408 2.954365 -0.495985 -4.260260 -0.125421 2.334872 2.045852
0.612329 -0.433960 0.037766 2.954581 -0.500261 -4.262322 -0.124652 2.348412 2.060375
0.612107 -0.433538 0.038124 2.954797 -0.504537 -4.264383 -0.123884 2.361951 2.074899
0.611888 -0.433142 0.038463 2.955121 -0.508945 -4.266543 -0.123464 2.376805 2.088751
0.611670 -0.432746 0.038801 2.955444 -0.513353 -4.268702 -0.123044 2.391659 2.102604
0.611451 -0.432350 0.039140 2.955767 -0.517761 -4.270861 -0.122625 2.406513 2.116457
0.611251 -0.432007 0.039435 2.956126 -0.522040 -4.273028 -0.119664 2.418619 2.135030
0.611050 -0.431665 0.039729 2.956486 -0.526320 -4.275195 -0.116703 2.430724 2.153603
0.610849 -0.431322 0.040024 2.956845 -0.530599 -4.277362 -0.113743 2.442830 2.172176
0.610649 -0.430979 0.040319 2.957204 -0.534878 -4.279530 -0.110782 2.454936 2.190750
0.610458 -0.430661 0.040590 2.957542 -0.539175 -4.281723 -0.101762 2.458551 2.206346
0.610267 -0.430344 0.040861 2.957880 -0.543472 -4.283916 -0.092742 2.462165 2.221942
0.610077 -0.430027 0.041132 2.958217 -0.547769 -4.286110 -0.083723 2.465779 2.237538
0.609882 -0.429709 0.041400 2.958515 -0.552215 -4.288293 -0.070943 2.466681 2.253656
0.609687 -0.429392 0.041669 2.958813 -0.556661 -4.290476 -0.058164 2.467583 2.269773
0.609493 -0.429074 0.041937 2.959110 -0.561108 -4.292659 -0.045385 2.468484 2.285891
0.609298 -0.428760 0.042217 2.959419 -0.565752 -4.294878 -0.027694 2.459539 2.297871
0.609103 -0.428445 0.042497 2.959728 -0.570397 -4.297097 -0.010004 2.450594 2.309851
0.608909 -0.428130 0.042778 2.960036 -0.575042 -4.299316 0.007686 2.441648 2.321832
0.608714 -0.427815 0.043058 2.960345 -0.579687 -4.301535 0.025376 2.432703 2.333812
0.608528 -0.427506 0.043345 2.960709 -0.584431 -4.303829 0.045207 2.416507 2.339072
0.608342 -0.427197 0.043632 2.961073 -0.589175 -4.306122 0.065038 2.400311 2.344332
0.608155 -0.426888 0.043919 2.961437 -0.593919 -4.308416 0.084869 2.384114 2.349592
0.607984 -0.426599 0.044208 2.961850 -0.598679 -4.310781 0.103743 2.366683 2.349961
0.607812 -0.426309 0.044497 2.962263 -0.603438 -4.313147 0.122617 2.349251 2.350330
0.607640 -0.426019 0.044786 2.962676 -0.608198 -4.315512 0.141491 2.331820 2.350699
0.607487 -0.425727 0.045100 2.963077 -0.613097 -4.317947 0.157937 2.312065 2.340756
0.607335 -0.425434 0.045415 2.963477 -0.617997 -4.320381 0.174384 2.292310 2.330813
0.607182 -0.425142 0.045730 2.963878 -0.622896 -4.322815 0.190831 2.272555 2.320869
0.607029 -0.424850 0.046045 2.964278 -0.627795 -4.325249 0.207278 2.252801 2.310926
0.606884 -0.424563 0.046369 2.964700 -0.632711 -4.327687 0.222652 2.230926 2.299660
0.606738 -0.424277 0.046694 2.965121 -0.637626 -4.330124 0.238026 2.209052 2.288393
0.606593 -0.423991 0.047019 2.965542 -0.642541 -4.332562 0.253399 2.187177 2.277126
0.606456 -0.423712 0.047343 2.966017 -0.647383 -4.334958 0.268367 2.163658 2.265956
0.606318 -0.423433 0.047668 2.966492 -0.652224 -4.337354 0.283335 2.140138 2.254786
0.606181 -0.423154 0.047992 2.966966 -0.657066 -4.339750 0.298303 2.116619 2.243616
0.606035 -0.422871 0.048329 2.967467 -0.661825 -4.342007 0.313604 2.089345 2.234170
0.605889 -0.422589 0.048665 2.967969 -0.666585 -4.344264 0.328904 2.062072 2.224724
0.605743 -0.422306 0.049001 2.968470 -0.671344 -4.346521 0.344205 2.034798 2.215279
0.605597 -0.422023 0.049338 2.968971 -0.676103 -4.348778 0.359505 2.007525 2.205833
0.605459 -0.421737 0.049676 2.969416 -0.680614 -4.350870 0.372893 1.984904 2.200586
0.605321 -0.421452 0.050015 2.969861 -0.685124 -4.352961 0.386281 1.962282 2.195340
0.605183 -0.421167 0.050354 2.970306 -0.689634 -4.355053 0.399669 1.939661 2.190093
0.605055 -0.420901 0.050682 2.970730 -0.693701 -4.356955 0.412033 1.917565 2.186225
0.604928 -0.420634 0.051010 2.971153 -0.697767 -4.358856 0.424396 1.895470 2.182356
0.604800 -0.420368 0.051338 2.971577 -0.701833 -4.360758 0.436759 1.873374 2.178487
0.604682 -0.420095 0.051684 2.971916 -0.705615 -4.362488 0.445947 1.854394 2.177101
0.604565 -0.419822 0.052031 2.972256 -0.709396 -4.364218 0.455135 1.835413 2.175715
0.604447 -0.419549 0.052378 2.972596 -0.713177 -4.365948 0.464324 1.816433 2.174329
0.604329 -0.419276 0.052724 2.972935 -0.716958 -4.367678 0.473512 1.797452 2.172943
0.604215 -0.418993 0.053093 2.973224 -0.720459 -4.369206 0.481663 1.782992 2.172867
0.604101 -0.418710 0.053462 2.973512 -0.723960 -4.370735 0.489815 1.768532 2.172792
0.603987 -0.418427 0.053831 2.973800 -0.727462 -4.372263 0.497966 1.754071 2.172717
0.603867 -0.418128 0.054245 2.974063 -0.730835 -4.373593 0.505950 1.740130 2.172022
0.603747 -0.417830 0.054660 2.974326 -0.734208 -4.374923 0.513935 1.726189 2.171328
0.603627 -0.417532 0.055074 2.974589 -0.737581 -4.376252 0.521919 1.712248 2.170633
0.603467 -0.417169 0.055565 2.974908 -0.741189 -4.377400 0.525737 1.699440 2.162425
0.603307 -0.416805 0.056055 2.975227 -0.744798 -4.378548 0.529555 1.686632 2.154217
0.603147 -0.416442 0.056546 2.975546 -0.748406 -4.379695 0.533373 1.673823 2.146008
0.602987 -0.416079 0.057036 2.975865 -0.752015 -4.380843 0.537191 1.661015 2.137800
0.602787 -0.415660 0.057582 2.976363 -0.755816 -4.381868 0.537311 1.651534 2.126476
0.602587 -0.415241 0.058127 2.976861 -0.759617 -4.382893 0.537431 1.642053 2.115152
0.602388 -0.414821 0.058673 2.977358 -0.763418 -4.383917 0.537552 1.632572 2.103828
0.602181 -0.414379 0.059225 2.977926 -0.767091 -4.384887 0.533062 1.626247 2.092938
0.601974 -0.413937 0.059778 2.978493 -0.770764 -4.385857 0.528572 1.619922 2.082048
0.601768 -0.413494 0.060330 2.979061 -0.774437 -4.386827 0.524082 1.613598 2.071159
0.601560 -0.413038 0.060879 2.979630 -0.777896 -4.387678 0.514565 1.617863 2.072710
0.601353 -0.412582 0.061428 2.980199 -0.781354 -4.388528 0.505048 1.622127 2.074262
0.601145 -0.412126 0.061977 2.980768 -0.784813 -4.389378 0.495531 1.626392 2.075814
0.600937 -0.411670 0.062526 2.981338 -0.788271 -4.390229 0.486014 1.630657 2.077366
0.600712 -0.411165 0.063128 2.981841 -0.791856 -4.390948 0.475571 1.633568 2.083271
0.600487 -0.410660 0.063730 2.982345 -0.795442 -4.391668 0.465128 1.636479 2.089176
0.600261 -0.410155 0.064333 2.982849 -0.799027 -4.392387 0.454685 1.639390 2.095082
0.599992 -0.409573 0.065006 2.983365 -0.802936 -4.392935 0.445087 1.640054 2.100772
0.599722 -0.408991 0.065678 2.983880 -0.806846 -4.393482 0.435489 1.640718 2.106463
0.599453 -0.408409 0.066351 2.984396 -0.810755 -4.394030 0.425892 1.641382 2.112153
0.599123 -0.407778 0.067064 2.984985 -0.814681 -4.394279 0.417580 1.637409 2.113453
0.598793 -0.407146 0.067776 2.985574 -0.818607 -4.394528 0.409269 1.633435 2.114753
0.598463 -0.406515 0.068489 2.986163 -0.822533 -4.394777 0.400958 1.629462 2.116053
0.598133 -0.405884 0.069202 2.986751 -0.826459 -4.395026 0.392647 1.625489 2.117353
0.597792 -0.405217 0.069913 2.987261 -0.830130 -4.395072 0.381664 1.622388 2.117464
0.597452 -0.404550 0.070625 2.987770 -0.833801 -4.395118 0.370681 1.619287 2.117575
0.597111 -0.403883 0.071336 2.988280 -0.837472 -4.395164 0.359698 1.616186 2.117687
0.596786 -0.403205 0.072045 2.988611 -0.840768 -4.395125 0.348426 1.616546 2.122322
0.596462 -0.402527 0.072754 2.988942 -0.844064 -4.395087 0.337155 1.616907 2.126957
0.596137 -0.401850 0.073462 2.989273 -0.847360 -4.395048 0.325883 1.617267 2.131593
0.595824 -0.401145 0.074221 2.989474 -0.850704 -4.395062 0.314891 1.619961 2.136324
0.595511 -0.400440 0.074979 2.989676 -0.854048 -4.395075 0.303899 1.622654 2.141054
0.595198 -0.399735 0.075737 2.989877 -0.857392 -4.395089 0.292908 1.625348 2.145785
0.594885 -0.399030 0.076495 2.990079 -0.860736 -4.395103 0.281916 1.628041 2.150516
0.594558 -0.398277 0.077344 2.990302 -0.864460 -4.395196 0.272631 1.628084 2.153937
0.594231 -0.397524 0.078192 2.990526 -0.868183 -4.395289 0.263346 1.628126 2.157359
0.593904 -0.396771 0.079040 2.990749 -0.871907 -4.395381 0.254060 1.628169 2.160780
0.593559 -0.395972 0.079976 2.990920 -0.875945 -4.395482 0.245015 1.627279 2.162587
0.593214 -0.395173 0.080912 2.991091 -0.879984 -4.395582 0.235969 1.626390 2.164395
0.592868 -0.394374 0.081849 2.991262 -0.884023 -4.395683 0.226923 1.625500 2.166202
0.592521 -0.393556 0.082844 2.991324 -0.888032 -4.395729 0.219848 1.618747 2.163774
0.592173 -0.392739 0.083839 2.991387 -0.892040 -4.395775 0.212773 1.611993 2.161345
0.591826 -0.391921 0.084834 2.991450 -0.896049 -4.395821 0.205699 1.605240 2.158917
0.591478 -0.391103 0.085829 2.991513 -0.900057 -4.395867 0.198624 1.598486 2.156489
0.591145 -0.390256 0.086894 2.991346 -0.904010 -4.395854 0.192298 1.586071 2.151272
0.590812 -0.389409 0.087959 2.991180 -0.907963 -4.395841 0.185972 1.573656 2.146055
0.590478 -0.388562 0.089024 2.991013 -0.911916 -4.395828 0.179646 1.561241 2.140838
0.590152 -0.387687 0.090158 2.990601 -0.915687 -4.395688 0.174150 1.547087 2.134685
0.589826 -0.386811 0.091292 2.990188 -0.919458 -4.395548 0.168653 1.532934 2.128531
0.589500 -0.385936 0.092427 2.989776 -0.923229 -4.395408 0.163157 1.518780 2.122378
0.589200 -0.385057 0.093640 2.989084 -0.926641 -4.395175 0.160511 1.504755 2.114432
0.588899 -0.384178 0.094854 2.988392 -0.930054 -4.394941 0.157866 1.490730 2.106486
0.588599 -0.383300 0.096068 2.987701 -0.933467 -4.394708 0.155220 1.476705 2.098541
0.588299 -0.382421 0.097281 2.987009 -0.936879 -4.394474 0.152574 1.462680 2.090595
0.588030 -0.381524 0.098591 2.985940 -0.939997 -4.394145 0.149217 1.448747 2.084287
0.587760 -0.380627 0.099901 2.984870 -0.943114 -4.393816 0.145860 1.434813 2.077980
0.587491 -0.379729 0.101210 2.983801 -0.946232 -4.393487 0.142502 1.420879 2.071673
0.587209 -0.378762 0.102700 2.982511 -0.949608 -4.393080 0.141467 1.403207 2.063709
0.586928 -0.377795 0.104189 2.981221 -0.952984 -4.392673 0.140431 1.385535 2.055745
0.586647 -0.376827 0.105679 2.979931 -0.956360 -4.392266 0.139396 1.367863 2.047781
0.586317 -0.375754 0.107412 2.978476 -0.960308 -4.391761 0.140726 1.342511 2.022182
0.585987 -0.374680 0.109145 2.977020 -0.964256 -4.391255 0.142055 1.317159 1.996583
0.585658 -0.373606 0.110878 2.975564 -0.968203 -4.390750 0.143385 1.291806 1.970984
0.585328 -0.372532 0.112611 2.974108 -0.972151 -4.390245 0.144714 1.266454 1.945385
0.584944 -0.371384 0.114549 2.972458 -0.976324 -4.389506 0.143871 1.242694 1.913363
0.584560 -0.370235 0.116487 2.970808 -0.980497 -4.388767 0.143028 1.218933 1.881340
0.584176 -0.369087 0.118426 2.969158 -0.984670 -4.388029 0.142185 1.195172 1.849318
0.583777 -0.367904 0.120520 2.967156 -0.988563 -4.387070 0.140682 1.175744 1.816138
0.583377 -0.366721 0.122614 2.965154 -0.992456 -4.386110 0.139179 1.156315 1.782959
0.582978 -0.365538 0.124708 2.963152 -0.996348 -4.385151 0.137676 1.136887 1.749779
0.582599 -0.364317 0.126966 2.960711 -0.999983 -4.384180 0.133968 1.120319 1.722558
0.582220 -0.363096 0.129225 2.958271 -1.003618 -4.383208 0.130260 1.103751 1.695336
0.581841 -0.361875 0.131483 2.955830 -1.007253 -4.382236 0.126552 1.087183 1.668115
0.581462 -0.360655 0.133742 2.953390 -1.010888 -4.381264 0.122844 1.070616 1.640893
0.581061 -0.359365 0.136238 2.950577 -1.014738 -4.380300 0.120510 1.051850 1.615574
0.580660 -0.358076 0.138734 2.947764 -1.018589 -4.379335 0.118177 1.033084 1.590254
0.580259 -0.356787 0.141231 2.944951 -1.022439 -4.378370 0.115843 1.014319 1.564935
0.579791 -0.355409 0.143999 2.941824 -1.026803 -4.377308 0.114373 0.994336 1.537105
0.579323 -0.354030 0.146767 2.938697 -1.031167 -4.376245 0.112902 0.974353 1.509275
0.578855 -0.352651 0.149535 2.935571 -1.035532 -4.375183 0.111431 0.954370 1.481444
0.578331 -0.351216 0.152512 2.932127 -1.039998 -4.373976 0.110524 0.933576 1.454290
0.577808 -0.349780 0.155490 2.928683 -1.044464 -4.372769 0.109618 0.912783 1.427135
0.577284 -0.348345 0.158467 2.925239 -1.048931 -4.371562 0.108711 0.891989 1.399981
0.576760 -0.346909 0.161445 2.921796 -1.053397 -4.370355 0.107804 0.871195 1.372826
0.576194 -0.345451 0.164564 2.917953 -1.057670 -4.368953 0.105612 0.849737 1.349697
0.575628 -0.343993 0.167684 2.914110 -1.061943 -4.367552 0.103419 0.828279 1.326568
0.575062 -0.342535 0.170804 2.910268 -1.066216 -4.366151 0.101227 0.806821 1.303439
0.574462 -0.341062 0.174037 2.906125 -1.070294 -4.364639 0.100082 0.785314 1.277445
0.573862 -0.339589 0.177270 2.901983 -1.074373 -4.363127 0.098937 0.763808 1.251451
0.573262 -0.338116 0.180503 2.897841 -1.078451 -4.361616 0.097793 0.742302 1.225457
0.572634 -0.336631 0.183833 2.893468 -1.082481 -4.360089 0.097702 0.723764 1.198273
0.572006 -0.335146 0.187163 2.889096 -1.086511 -4.358563 0.097611 0.705225 1.171089
0.571377 -0.333661 0.190493 2.884723 -1.090542 -4.357036 0.097521 0.686687 1.143905
0.570749 -0.332176 0.193823 2.880351 -1.094572 -4.355510 0.097430 0.668149 1.116721
0.570090 -0.330703 0.197209 2.875873 -1.098591 -4.353980 0.099393 0.651222 1.088751
0.569430 -0.329229 0.200594 2.871395 -1.102610 -4.352451 0.101356 0.634294 1.060780
0.568770 -0.327756 0.203980 2.866918 -1.106629 -4.350921 0.103319 0.617367 1.032809
0.568093 -0.326325 0.207364 2.862427 -1.110524 -4.349431 0.105661 0.602660 1.004070
0.567415 -0.324893 0.210748 2.857937 -1.114420 -4.347941 0.108003 0.587953 0.975331
0.566737 -0.323462 0.214132 2.853446 -1.118315 -4.346452 0.110345 0.573245 0.946592
0.566057 -0.322086 0.217464 2.848948 -1.122045 -4.345036 0.111256 0.557396 0.920732
0.565378 -0.320710 0.220796 2.844450 -1.125775 -4.343620 0.112168 0.541546 0.894872
0.564698 -0.319335 0.224129 2.839952 -1.129505 -4.342204 0.113079 0.525697 0.869013
0.564018 -0.317959 0.227461 2.835454 -1.133235 -4.340788 0.113990 0.509848 0.843153
0.563321 -0.316641 0.230728 2.831063 -1.136988 -4.339448 0.114654 0.494093 0.818359
0.562625 -0.315323 0.233994 2.826673 -1.140740 -4.338107 0.115318 0.478339 0.793566
0.561928 -0.314004 0.237261 2.822282 -1.144492 -4.336767 0.115982 0.462584 0.768773
0.561222 -0.312776 0.240382 2.818056 -1.147914 -4.335423 0.115613 0.452132 0.743165
0.560517 -0.311547 0.243504 2.813830 -1.151336 -4.334078 0.115245 0.441680 0.717558
0.559812 -0.310318 0.246625 2.809604 -1.154758 -4.332734 0.114876 0.431228 0.691951
0.559140 -0.309212 0.249521 2.805473 -1.157495 -4.331413 0.114429 0.426215 0.668100
0.558468 -0.308107 0.252416 2.801343 -1.160233 -4.330091 0.113982 0.421201 0.644248
0.557795 -0.307001 0.255312 2.797212 -1.162970 -4.328770 0.113534 0.416188 0.620397
0.557123 -0.305896 0.258208 2.793081 -1.165707 -4.327448 0.113087 0.411174 0.596546
0.556508 -0.304912 0.260848 2.789168 -1.167814 -4.326279 0.113454 0.405215 0.575863
0.555893 -0.303929 0.263489 2.785255 -1.169922 -4.325111 0.113821 0.399256 0.555181
0.555277 -0.302945 0.266129 2.781342 -1.172029 -4.323942 0.114188 0.393297 0.534498
0.554704 -0.302077 0.268533 2.777721 -1.173805 -4.322966 0.114444 0.385234 0.515990
0.554131 -0.301209 0.270937 2.774100 -1.175580 -4.321989 0.114699 0.377171 0.497482
0.553558 -0.300341 0.273341 2.770480 -1.177355 -4.321013 0.114955 0.369109 0.478974
0.553018 -0.299590 0.275502 2.767172 -1.178895 -4.320132 0.115906 0.363535 0.467167
0.552477 -0.298840 0.277664 2.763864 -1.180435 -4.319251 0.116858 0.357961 0.455360
0.551937 -0.298089 0.279825 2.760557 -1.181974 -4.318370 0.117810 0.352387 0.443553
0.551397 -0.297338 0.281987 2.757249 -1.183514 -4.317490 0.118761 0.346813 0.431745
0.550894 -0.296709 0.283882 2.754335 -1.184753 -4.316674 0.119674 0.344539 0.421383
0.550390 -0.296079 0.285777 2.751421 -1.185991 -4.315857 0.120587 0.342264 0.411021
0.549887 -0.295450 0.287672 2.748506 -1.187230 -4.315041 0.121500 0.339990 0.400659
0.549443 -0.294944 0.289274 2.745981 -1.188015 -4.314305 0.122859 0.337802 0.388302
0.548998 -0.294439 0.290877 2.743456 -1.188800 -4.313569 0.124219 0.335613 0.375945
0.548554 -0.293934 0.292479 2.740931 -1.189585 -4.312833 0.125578 0.333425 0.363587
0.548180 -0.293544 0.293782 2.738775 -1.189849 -4.312150 0.125309 0.332692 0.351798
0.547806 -0.293154 0.295086 2.736618 -1.190113 -4.311467 0.125040 0.331959 0.340010
0.547431 -0.292765 0.296390 2.734462 -1.190378 -4.310783 0.124772 0.331226 0.328221
0.547057 -0.292375 0.297693 2.732305 -1.190642 -4.310100 0.124503 0.330493 0.316432
0.546753 -0.292080 0.298743 2.730486 -1.190525 -4.309505 0.124735 0.331420 0.303611
0.546449 -0.291786 0.299793 2.728666 -1.190408 -4.308911 0.124967 0.332347 0.290789
0.546145 -0.291491 0.300844 2.726847 -1.190290 -4.308316 0.125199 0.333274 0.277968
0.545894 -0.291281 0.301672 2.725343 -1.189849 -4.307721 0.124551 0.334110 0.269198
0.545644 -0.291072 0.302501 2.723839 -1.189409 -4.307126 0.123903 0.334947 0.260428
0.545393 -0.290863 0.303330 2.722335 -1.188968 -4.306532 0.123254 0.335784 0.251659
0.545181 -0.290722 0.303970 2.721105 -1.188233 -4.305858 0.121548 0.335462 0.242643
0.544969 -0.290582 0.304611 2.719875 -1.187498 -4.305184 0.119841 0.335140 0.233628
0.544758 -0.290442 0.305251 2.718646 -1.186764 -4.304510 0.118135 0.334818 0.224612
0.544546 -0.290302 0.305892 2.717416 -1.186029 -4.303836 0.116428 0.334495 0.215597
0.544380 -0.290217 0.306376 2.716410 -1.184952 -4.303084 0.111897 0.337933 0.206990
0.544215 -0.290132 0.306859 2.715403 -1.183874 -4.302331 0.107365 0.341370 0.198384
0.544050 -0.290047 0.307343 2.714396 -1.182797 -4.301578 0.102833 0.344807 0.189778
0.543924 -0.289999 0.307709 2.713476 -1.181386 -4.300721 0.097613 0.347480 0.182499
0.543798 -0.289952 0.308074 2.712555 -1.179975 -4.299864 0.092393 0.350153 0.175221
0.543672 -0.289904 0.308440 2.711634 -1.178564 -4.299007 0.087172 0.352826 0.167942
0.543576 -0.289885 0.308721 2.710772 -1.176845 -4.297993 0.082538 0.356608 0.161967
0.543480 -0.289866 0.309002 2.709909 -1.175126 -4.296980 0.077904 0.360390 0.155993
0.543385 -0.289847 0.309283 2.709046 -1.173406 -4.295966 0.073269 0.364172 0.150019
0.543289 -0.289828 0.309564 2.708183 -1.171687 -4.294953 0.068635 0.367954 0.144044
0.543216 -0.289834 0.309774 2.707390 -1.169560 -4.293764 0.064796 0.370656 0.137901
0.543143 -0.289840 0.309983 2.706598 -1.167432 -4.292576 0.060957 0.373357 0.131758
0.543070 -0.289845 0.310192 2.705805 -1.165304 -4.291388 0.057118 0.376059 0.125614
0.543030 -0.289868 0.310363 2.704986 -1.162864 -4.290056 0.055206 0.376392 0.119679
0.542989 -0.289891 0.310534 2.704168 -1.160423 -4.288723 0.053293 0.376725 0.113744
0.542948 -0.289914 0.310705 2.703349 -1.157982 -4.287391 0.051381 0.377058 0.107809
0.542926 -0.289950 0.310843 2.702532 -1.155178 -4.285848 0.048195 0.374773 0.108034
0.542904 -0.289985 0.310981 2.701714 -1.152374 -4.284306 0.045010 0.372488 0.108258
0.542881 -0.290021 0.311119 2.700897 -1.149570 -4.282763 0.041824 0.370203 0.108483
0.542859 -0.290056 0.311257 2.700079 -1.146766 -4.281220 0.038639 0.367919 0.108708
0.542848 -0.290104 0.311375 2.699204 -1.143557 -4.279423 0.035667 0.368650 0.109716
0.542838 -0.290152 0.311493 2.698329 -1.140349 -4.277626 0.032694 0.369382 0.110724
0.542828 -0.290201 0.311611 2.697454 -1.137140 -4.275829 0.029722 0.370114 0.111732
0.542836 -0.290253 0.311712 2.696521 -1.133506 -4.273774 0.025918 0.371010 0.113234
0.542845 -0.290305 0.311814 2.695587 -1.129873 -4.271719 0.022114 0.371905 0.114735
0.542854 -0.290357 0.311916 2.694653 -1.126239 -4.269664 0.018310 0.372801 0.116236
0.542873 -0.290416 0.311997 2.693726 -1.122103 -4.267312 0.013771 0.372104 0.113511
0.542893 -0.290475 0.312079 2.692799 -1.117968 -4.264960 0.009232 0.371408 0.110786
0.542912 -0.290534 0.312160 2.691872 -1.113832 -4.262608 0.004693 0.370711 0.108061
0.542932 -0.290593 0.312242 2.690944 -1.109696 -4.260256 0.000154 0.370014 0.105336
0.542965 -0.290652 0.312307 2.689971 -1.105084 -4.257619 -0.003376 0.367467 0.102688
0.542997 -0.290711 0.312372 2.688998 -1.100471 -4.254981 -0.006905 0.364919 0.100040
0.543030 -0.290770 0.312437 2.688025 -1.095858 -4.252344 -0.010435 0.362371 0.097392
0.543072 -0.290830 0.312490 2.687064 -1.090778 -4.249419 -0.014619 0.359561 0.094888
0.543113 -0.290889 0.312543 2.686103 -1.085698 -4.246494 -0.018804 0.356752 0.092384
0.543155 -0.290949 0.312597 2.685142 -1.080618 -4.243570 -0.022988 0.353942 0.089880
0.543206 -0.291024 0.312636 2.684174 -1.074990 -4.240307 -0.026158 0.349133 0.084973
0.543257 -0.291099 0.312675 2.683207 -1.069362 -4.237044 -0.029328 0.344324 0.080066
0.543308 -0.291173 0.312715 2.682239 -1.063734 -4.233781 -0.032499 0.339514 0.075159
0.543359 -0.291248 0.312754 2.681271 -1.058106 -4.230518 -0.035669 0.334705 0.070252
0.543418 -0.291328 0.312788 2.680290 -1.052051 -4.226973 -0.038782 0.329788 0.062647
0.543476 -0.291408 0.312822 2.679308 -1.045995 -4.223428 -0.041894 0.324870 0.055043
0.543535 -0.291488 0.312857 2.678326 -1.039939 -4.219882 -0.045007 0.319953 0.047438
0.543593 -0.291567 0.312887 2.677383 -1.033533 -4.216052 -0.047612 0.315159 0.039034
0.543652 -0.291646 0.312917 2.676440 -1.027127 -4.212222 -0.050216 0.310366 0.030631
0.543710 -0.291725 0.312947 2.675496 -1.020722 -4.208392 -0.052821 0.305572 0.022227
0.543772 -0.291812 0.312962 2.674607 -1.013886 -4.204272 -0.055134 0.300918 0.018293
0.543834 -0.291899 0.312977 2.673717 -1.007051 -4.200153 -0.057448 0.296263 0.014358
0.543895 -0.291986 0.312992 2.672828 -1.000215 -4.196034 -0.059761 0.291609 0.010423
0.543957 -0.292074 0.313006 2.671938 -0.993380 -4.191915 -0.062074 0.286955 0.006489
0.544017 -0.292178 0.312989 2.671125 -0.986015 -4.187471 -0.064512 0.280769 0.004361
0.544078 -0.292281 0.312972 2.670312 -0.978650 -4.183028 -0.066950 0.274582 0.002233
0.544138 -0.292385 0.312954 2.669499 -0.971286 -4.178584 -0.069388 0.268396 0.000105
0.544211 -0.292500 0.312909 2.668757 -0.963496 -4.173887 -0.072219 0.262576 -0.004577
0.544284 -0.292615 0.312864 2.668014 -0.955707 -4.169190 -0.075051 0.256756 -0.009259
0.544357 -0.292730 0.312819 2.667271 -0.947917 -4.164493 -0.077883 0.250936 -0.013942
0.544427 -0.292850 0.312751 2.666634 -0.939789 -4.159568 -0.082625 0.246699 -0.020465
0.544498 -0.292970 0.312683 2.665997 -0.931662 -4.154642 -0.087368 0.242462 -0.026988
0.544568 -0.293090 0.312615 2.665360 -0.923534 -4.149716 -0.092110 0.238225 -0.033512
0.544638 -0.293211 0.312547 2.664724 -0.915406 -4.144790 -0.096852 0.233988 -0.040035
0.544710 -0.293345 0.312465 2.664184 -0.906998 -4.139685 -0.099882 0.231280 -0.048054
0.544781 -0.293480 0.312384 2.663645 -0.898589 -4.134579 -0.102912 0.228571 -0.056073
0.544853 -0.293615 0.312302 2.663106 -0.890181 -4.129474 -0.105941 0.225863 -0.064091
0.544932 -0.293762 0.312204 2.662680 -0.881460 -4.124201 -0.111137 0.223615 -0.071335
0.545011 -0.293909 0.312105 2.662254 -0.872740 -4.118928 -0.116334 0.221367 -0.078579
0.545090 -0.294056 0.312006 2.661829 -0.864020 -4.113654 -0.121530 0.219119 -0.085822
0.545188 -0.294222 0.311899 2.661524 -0.855061 -4.108283 -0.125239 0.217977 -0.094203
0.545287 -0.294388 0.311791 2.661219 -0.846101 -4.102912 -0.128948 0.216836 -0.102584
0.545385 -0.294554 0.311683 2.660914 -0.837142 -4.097541 -0.132657 0.215694 -0.110965
0.545483 -0.294720 0.311576 2.660609 -0.828183 -4.092170 -0.136366 0.214552 -0.119346
0.545598 -0.294903 0.311470 2.660438 -0.819077 -4.086739 -0.140374 0.211696 -0.130248
0.545713 -0.295085 0.311365 2.660267 -0.809971 -4.081309 -0.144382 0.208839 -0.141149
0.545828 -0.295268 0.311260 2.660096 -0.800865 -4.075879 -0.148391 0.205982 -0.152051
0.545948 -0.295471 0.311157 2.660110 -0.791660 -4.070387 -0.150906 0.201754 -0.162512
0.546069 -0.295673 0.311055 2.660124 -0.782455 -4.064896 -0.153422 0.197526 -0.172974
0.546189 -0.295876 0.310953 2.660138 -0.773249 -4.059404 -0.155938 0.193297 -0.183435
0.546322 -0.296091 0.310868 2.660261 -0.764011 -4.053884 -0.155788 0.194091 -0.193480
0.546455 -0.296307 0.310782 2.660384 -0.754773 -4.048364 -0.155637 0.194884 -0.203526
0.546588 -0.296522 0.310696 2.660507 -0.745535 -4.042844 -0.155487 0.195678 -0.213572
0.546721 -0.296737 0.310610 2.660631 -0.736297 -4.037324 -0.155337 0.196472 -0.223617
0.546869 -0.296972 0.310531 2.660870 -0.726960 -4.031782 -0.156101 0.196630 -0.231933
0.547017 -0.297207 0.310452 2.661110 -0.717623 -4.026240 -0.156864 0.196788 -0.240249
0.547165 -0.297442 0.310372 2.661349 -0.708286 -4.020698 -0.157627 0.196946 -0.248564
0.547323 -0.297699 0.310301 2.661718 -0.698815 -4.015109 -0.159172 0.195722 -0.254901
0.547482 -0.297956 0.310229 2.662086 -0.689344 -4.009520 -0.160717 0.194498 -0.261237
0.547640 -0.298213 0.310158 2.662454 -0.679873 -4.003932 -0.162262 0.193273 -0.267574
0.547796 -0.298471 0.310111 2.662926 -0.670494 -3.998341 -0.165560 0.194738 -0.270432
0.547951 -0.298729 0.310065 2.663399 -0.661115 -3.992749 -0.168858 0.196203 -0.273290
0.548107 -0.298988 0.310019 2.663871 -0.651737 -3.987158 -0.172156 0.197668 -0.276148
0.548263 -0.299246 0.309973 2.664344 -0.642358 -3.981567 -0.175455 0.199133 -0.279006
0.548411 -0.299514 0.309935 2.664992 -0.633033 -3.975974 -0.177526 0.199861 -0.277698
0.548560 -0.299782 0.309897 2.665640 -0.623708 -3.970381 -0.179596 0.200590 -0.276391
0.548708 -0.300050 0.309860 2.666288 -0.614382 -3.964788 -0.181667 0.201318 -0.275083
0.548866 -0.300334 0.309820 2.667107 -0.605120 -3.959295 -0.182960 0.200942 -0.273416
0.549023 -0.300618 0.309780 2.667925 -0.595858 -3.953803 -0.184252 0.200566 -0.271748
0.549181 -0.300902 0.309741 2.668743 -0.586596 -3.948310 -0.185545 0.200190 -0.270080
0.549343 -0.301191 0.309713 2.669707 -0.577489 -3.942930 -0.188433 0.203445 -0.272694
0.549505 -0.301480 0.309686 2.670671 -0.568381 -3.937550 -0.191321 0.206700 -0.275308
0.549667 -0.301769 0.309658 2.671635 -0.559274 -3.932170 -0.194209 0.209955 -0.277921
0.549829 -0.302058 0.309631 2.672598 -0.550166 -3.926790 -0.197097 0.213209 -0.280535
0.549984 -0.302344 0.309620 2.673737 -0.541365 -3.921575 -0.197564 0.215808 -0.286531
0.550139 -0.302629 0.309608 2.674875 -0.532563 -3.916361 -0.198031 0.218407 -0.292526
0.550294 -0.302915 0.309597 2.676014 -0.523761 -3.911146 -0.198498 0.221005 -0.298522
0.550441 -0.303212 0.309586 2.677406 -0.515153 -3.906030 -0.197845 0.221487 -0.303184
0.550587 -0.303510 0.309576 2.678799 -0.506544 -3.900914 -0.197191 0.221969 -0.307847
0.550733 -0.303807 0.309565 2.680191 -0.497936 -3.895799 -0.196537 0.222450 -0.312509
0.550886 -0.304125 0.309540 2.681826 -0.489459 -3.890839 -0.192568 0.219190 -0.317249
0.551039 -0.304443 0.309515 2.683462 -0.480982 -3.885880 -0.188599 0.215930 -0.321989
0.551192 -0.304760 0.309490 2.685097 -0.472505 -3.880920 -0.184630 0.212670 -0.326728
0.551345 -0.305078 0.309465 2.686732 -0.464028 -3.875960 -0.180661 0.209410 -0.331468
0.551513 -0.305404 0.309427 2.688521 -0.455693 -3.871149 -0.177651 0.207431 -0.336970
0.551681 -0.305731 0.309390 2.690311 -0.447358 -3.866337 -0.174642 0.205452 -0.342472
0.551850 -0.306057 0.309352 2.692100 -0.439022 -3.861526 -0.171632 0.203473 -0.347974
0.552018 -0.306388 0.309313 2.694034 -0.430944 -3.856883 -0.168131 0.201471 -0.354381
0.552186 -0.306719 0.309273 2.695968 -0.422865 -3.852240 -0.164630 0.199470 -0.360789
0.552354 -0.307050 0.309233 2.697902 -0.414786 -3.847597 -0.161129 0.197468 -0.367196
0.552516 -0.307382 0.309192 2.699964 -0.406981 -3.843113 -0.158058 0.193100 -0.373649
0.552678 -0.307715 0.309151 2.702027 -0.399175 -3.838629 -0.154987 0.188731 -0.380102
0.552839 -0.308047 0.309110 2.704090 -0.391369 -3.834145 -0.151916 0.184363 -0.386555
0.553001 -0.308380 0.309068 2.706152 -0.383564 -3.829661 -0.148845 0.179995 -0.393008
0.553161 -0.308716 0.309020 2.708321 -0.376025 -3.825354 -0.145313 0.178867 -0.393839
0.553320 -0.309053 0.308971 2.710491 -0.368486 -3.821047 -0.141781 0.177739 -0.394669
0.553479 -0.309389 0.308922 2.712660 -0.360948 -3.816739 -0.138250 0.176612 -0.395499
0.553640 -0.309731 0.308867 2.714903 -0.353646 -3.812625 -0.134748 0.175225 -0.394200
0.553801 -0.310074 0.308813 2.717145 -0.346344 -3.808511 -0.131247 0.173838 -0.392902
0.553961 -0.310416 0.308759 2.719388 -0.339043 -3.804396 -0.127745 0.172451 -0.391603
0.554126 -0.310764 0.308695 2.721711 -0.331977 -3.800487 -0.126385 0.166703 -0.385607
0.554291 -0.311112 0.308631 2.724033 -0.324912 -3.796578 -0.125026 0.160954 -0.379612
0.554456 -0.311460 0.308567 2.726356 -0.317846 -3.792670 -0.123666 0.155206 -0.373617
0.554622 -0.311808 0.308503 2.728679 -0.310781 -3.788761 -0.122306 0.149457 -0.367621
0.554782 -0.312167 0.308434 2.731106 -0.304023 -3.785066 -0.119572 0.146046 -0.362899
0.554943 -0.312525 0.308365 2.733533 -0.297265 -3.781371 -0.116839 0.142634 -0.358177
0.555103 -0.312884 0.308296 2.735961 -0.290507 -3.777676 -0.114105 0.139223 -0.353456
0.555261 -0.313244 0.308217 2.738471 -0.284140 -3.774237 -0.110521 0.137446 -0.349543
0.555419 -0.313604 0.308137 2.740982 -0.277773 -3.770798 -0.106937 0.135670 -0.345631
0.555577 -0.313964 0.308058 2.743492 -0.271406 -3.767359 -0.103353 0.133893 -0.341719
0.555737 -0.314333 0.307960 2.746091 -0.265353 -3.764175 -0.100324 0.130318 -0.341202
0.555897 -0.314701 0.307863 2.748690 -0.259300 -3.760990 -0.097295 0.126744 -0.340686
0.556057 -0.315070 0.307765 2.751289 -0.253248 -3.757806 -0.094266 0.123169 -0.340169
0.556217 -0.315439 0.307668 2.753888 -0.247195 -3.754621 -0.091237 0.119594 -0.339652
0.556385 -0.315823 0.307548 2.756574 -0.241387 -3.751677 -0.088500 0.118232 -0.341607
0.556554 -0.316207 0.307428 2.759259 -0.235579 -3.748733 -0.085763 0.116870 -0.343562
0.556722 -0.316591 0.307308 2.761944 -0.229772 -3.745789 -0.083027 0.115508 -0.345517
0.556903 -0.316983 0.307183 2.764639 -0.224161 -3.743033 -0.082052 0.114183 -0.347099
0.557085 -0.317375 0.307057 2.767333 -0.218551 -3.740276 -0.081078 0.112858 -0.348682
0.557266 -0.317766 0.306932 2.770027 -0.212941 -3.737520 -0.080104 0.111533 -0.350264
0.557449 -0.318170 0.306796 2.772764 -0.207579 -3.734947 -0.076216 0.110047 -0.350125
0.557632 -0.318573 0.306659 2.775501 -0.202218 -3.732374 -0.072328 0.108562 -0.349986
0.557814 -0.318976 0.306522 2.778238 -0.196856 -3.729802 -0.068440 0.107076 -0.349848
0.557997 -0.319379 0.306386 2.780975 -0.191495 -3.727229 -0.064552 0.105590 -0.349709
0.558183 -0.319795 0.306244 2.783730 -0.186357 -3.724849 -0.062227 0.105339 -0.344142
0.558368 -0.320210 0.306103 2.786485 -0.181219 -3.722469 -0.059903 0.105089 -0.338576
0.558553 -0.320626 0.305961 2.789241 -0.176081 -3.720089 -0.057579 0.104838 -0.333010
0.558744 -0.321052 0.305815 2.791991 -0.171181 -3.717916 -0.055382 0.106631 -0.326525
0.558935 -0.321479 0.305669 2.794742 -0.166281 -3.715743 -0.053185 0.108425 -0.320040
0.559125 -0.321905 0.305524 2.797493 -0.161381 -3.713569 -0.050988 0.110218 -0.313555
0.559314 -0.322331 0.305381 2.800207 -0.156775 -3.711570 -0.049118 0.111518 -0.304667
0.559502 -0.322756 0.305238 2.802921 -0.152169 -3.709571 -0.047248 0.112817 -0.295779
0.559690 -0.323181 0.305095 2.805635 -0.147563 -3.707571 -0.045377 0.114117 -0.286891
0.559878 -0.323606 0.304952 2.808349 -0.142957 -3.705572 -0.043507 0.115417 -0.278003
0.560053 -0.324028 0.304798 2.811079 -0.138684 -3.703752 -0.042755 0.115769 -0.265766
0.560227 -0.324450 0.304644 2.813810 -0.134411 -3.701932 -0.042002 0.116122 -0.253529
0.560402 -0.324872 0.304489 2.816540 -0.130137 -3.700112 -0.041250 0.116474 -0.241293
0.560576 -0.325306 0.304317 2.819304 -0.126091 -3.698461 -0.039985 0.117071 -0.228024
0.560751 -0.325741 0.304145 2.822067 -0.122045 -3.696811 -0.038720 0.117668 -0.214756
0.560926 -0.326175 0.303973 2.824831 -0.117999 -3.695160 -0.037455 0.118265 -0.201488
0.561099 -0.326611 0.303792 2.827576 -0.114154 -3.693663 -0.035925 0.119881 -0.190278
0.561273 -0.327047 0.303610 2.830322 -0.110309 -3.692167 -0.034396 0.121497 -0.179067
0.561446 -0.327483 0.303429 2.833067 -0.106464 -3.690671 -0.032867 0.123114 -0.167856
0.561620 -0.327919 0.303247 2.835812 -0.102619 -3.689174 -0.031337 0.124730 -0.156645
0.561795 -0.328351 0.303058 2.838495 -0.098972 -3.687827 -0.030447 0.122560 -0.148681
0.561970 -0.328782 0.302869 2.841179 -0.095325 -3.686480 -0.029557 0.120390 -0.140717
0.562145 -0.329214 0.302679 2.843862 -0.091679 -3.685133 -0.028667 0.118220 -0.132753
0.562314 -0.329628 0.302488 2.846438 -0.088276 -3.683894 -0.028358 0.116607 -0.126249
0.562483 -0.330041 0.302297 2.849014 -0.084873 -3.682656 -0.028048 0.114994 -0.119745
0.562651 -0.330455 0.302106 2.851591 -0.081470 -3.681417 -0.027739 0.113381 -0.113241
0.562805 -0.330852 0.301912 2.854083 -0.078332 -3.680281 -0.026989 0.115970 -0.107815
0.562959 -0.331250 0.301718 2.856575 -0.075194 -3.679145 -0.026239 0.118559 -0.102389
0.563113 -0.331647 0.301524 2.859068 -0.072055 -3.678008 -0.025489 0.121147 -0.096963
0.563267 -0.332045 0.301330 2.861560 -0.068917 -3.676872 -0.024739 0.123736 -0.091538
0.563406 -0.332419 0.301137 2.863937 -0.066043 -3.675831 -0.025161 0.126116 -0.083992
0.563544 -0.332793 0.300943 2.866313 -0.063169 -3.674789 -0.025582 0.128497 -0.076446
0.563683 -0.333166 0.300750 2.868690 -0.060294 -3.673747 -0.026004 0.130877 -0.068900
0.563808 -0.333516 0.300566 2.870917 -0.057684 -3.672805 -0.026369 0.130847 -0.061752
0.563934 -0.333865 0.300383 2.873144 -0.055073 -3.671862 -0.026734 0.130817 -0.054603
0.564059 -0.334214 0.300199 2.875370 -0.052463 -3.670919 -0.027099 0.130787 -0.047454
0.564172 -0.334538 0.300031 2.877446 -0.050134 -3.670124 -0.024430 0.132482 -0.037993
0.564286 -0.334862 0.299863 2.879522 -0.047806 -3.669329 -0.021761 0.134177 -0.028532
0.564399 -0.335187 0.299694 2.881598 -0.045478 -3.668534 -0.019091 0.135872 -0.019071
0.564512 -0.335511 0.299526 2.883674 -0.043149 -3.667739 -0.016422 0.137566 -0.009609
0.564620 -0.335797 0.299384 2.885528 -0.041089 -3.667055 -0.015015 0.137159 0.000478
0.564728 -0.336083 0.299241 2.887381 -0.039028 -3.666372 -0.013607 0.136752 0.010565
0.564836 -0.336370 0.299098 2.889235 -0.036968 -3.665688 -0.012200 0.136345 0.020653
0.564931 -0.336619 0.298974 2.890909 -0.035213 -3.665139 -0.009352 0.136601 0.031665
0.565027 -0.336869 0.298849 2.892584 -0.033459 -3.664590 -0.006504 0.136857 0.042678
0.565122 -0.337119 0.298724 2.894258 -0.031705 -3.664041 -0.003655 0.137113 0.053690
0.565212 -0.337340 0.298611 2.895783 -0.030216 -3.663613 -0.001495 0.135253 0.066143
0.565301 -0.337561 0.298499 2.897307 -0.028726 -3.663185 0.000665 0.133392 0.078595
0.565391 -0.337782 0.298387 2.898832 -0.027236 -3.662757 0.002826 0.131532 0.091048
0.565480 -0.338003 0.298274 2.900356 -0.025747 -3.662328 0.004986 0.129671 0.103500
0.565567 -0.338194 0.298172 2.901706 -0.024486 -3.661972 0.006415 0.127902 0.114593
0.565654 -0.338384 0.298070 2.903056 -0.023226 -3.661616 0.007845 0.126132 0.125686
0.565741 -0.338575 0.297967 2.904406 -0.021965 -3.661260 0.009274 0.124363 0.136779
0.565819 -0.338724 0.297884 2.905533 -0.020969 -3.661005 0.009929 0.121822 0.146090
0.565896 -0.338873 0.297802 2.906661 -0.019973 -3.660750 0.010584 0.119280 0.155401
0.565974 -0.339022 0.297719 2.907788 -0.018977 -3.660494 0.011239 0.116739 0.164712
0.566049 -0.339140 0.297652 2.908708 -0.018154 -3.660327 0.010353 0.118075 0.169924
0.566123 -0.339259 0.297585 2.909629 -0.017331 -3.660160 0.009467 0.119410 0.175136
0.566198 -0.339378 0.297518 2.910549 -0.016507 -3.659993 0.008581 0.120746 0.180349
0.566273 -0.339497 0.297451 2.911470 -0.015684 -3.659826 0.007695 0.122081 0.185561
0.566351 -0.339593 0.297409 2.912178 -0.014927 -3.659694 0.008293 0.121891 0.188371
0.566428 -0.339688 0.297367 2.912887 -0.014170 -3.659561 0.008892 0.121701 0.191181
0.566505 -0.339784 0.297325 2.913596 -0.013413 -3.659429 0.009491 0.121511 0.193991
0.566572 -0.339846 0.297301 2.914113 -0.012786 -3.659297 0.010019 0.120337 0.198217
0.566639 -0.339908 0.297277 2.914629 -0.012158 -3.659165 0.010546 0.119163 0.202442
0.566706 -0.339970 0.297254 2.915146 -0.011531 -3.659033 0.011074 0.117990 0.206668
0.566756 -0.340006 0.297240 2.915539 -0.011087 -3.658934 0.011896 0.118084 0.213211
0.566806 -0.340042 0.297227 2.915932 -0.010642 -3.658835 0.012718 0.118177 0.219754
0.566856 -0.340077 0.297214 2.916325 -0.010198 -3.658735 0.013540 0.118271 0.226298
0.566905 -0.340113 0.297200 2.916718 -0.009754 -3.658636 0.014362 0.118365 0.232841
0.566943 -0.340130 0.297193 2.917020 -0.009440 -3.658538 0.015453 0.119935 0.236740
0.566981 -0.340148 0.297186 2.917321 -0.009126 -3.658440 0.016545 0.121505 0.240638
0.567018 -0.340165 0.297179 2.917623 -0.008812 -3.658342 0.017636 0.123074 0.244537
0.567049 -0.340173 0.297176 2.917867 -0.008581 -3.658281 0.018346 0.124736 0.247305
0.567081 -0.340180 0.297173 2.918112 -0.008351 -3.658220 0.019055 0.126398 0.250074
0.567112 -0.340187 0.297170 2.918356 -0.008121 -3.658160 0.019765 0.128059 0.252842
0.567138 -0.340183 0.297167 2.918554 -0.007977 -3.658142 0.020670 0.125760 0.255017
0.567165 -0.340178 0.297165 2.918751 -0.007833 -3.658124 0.021575 0.123462 0.257192
0.567191 -0.340174 0.297163 2.918948 -0.007689 -3.658106 0.022481 0.121163 0.259368
0.567217 -0.340170 0.297160 2.919145 -0.007545 -3.658089 0.023386 0.118865 0.261543
0.567242 -0.340156 0.297155 2.919300 -0.007440 -3.658097 0.023579 0.116219 0.261849
0.567268 -0.340141 0.297149 2.919456 -0.007335 -3.658105 0.023772 0.113573 0.262155
0.567293 -0.340127 0.297143 2.919611 -0.007230 -3.658113 0.023965 0.110928 0.262461
0.567315 -0.340113 0.297125 2.919784 -0.007123 -3.658143 0.023717 0.111013 0.263017
0.567336 -0.340100 0.297107 2.919956 -0.007017 -3.658174 0.023469 0.111098 0.263572
0.567358 -0.340087 0.297090 2.920129 -0.006910 -3.658204 0.023221 0.111183 0.264128
0.567382 -0.340076 0.297059 2.920335 -0.006770 -3.658214 0.022622 0.112661 0.265308
0.567405 -0.340066 0.297029 2.920541 -0.006629 -3.658225 0.022024 0.114140 0.266489
0.567429 -0.340055 0.296999 2.920746 -0.006489 -3.658235 0.021425 0.115618 0.267669
0.567452 -0.340045 0.296969 2.920952 -0.006348 -3.658245 0.020826 0.117096 0.268850
0.567469 -0.340043 0.296922 2.921213 -0.006200 -3.658264 0.020603 0.119403 0.270043
0.567485 -0.340042 0.296875 2.921473 -0.006052 -3.658283 0.020379 0.121710 0.271237
0.567501 -0.340040 0.296829 2.921734 -0.005904 -3.658301 0.020156 0.124017 0.272431
0.567507 -0.340046 0.296772 2.922032 -0.005743 -3.658295 0.018994 0.126569 0.273214
0.567512 -0.340053 0.296714 2.922330 -0.005581 -3.658290 0.017833 0.129122 0.273997
0.567517 -0.340059 0.296657 2.922628 -0.005420 -3.658284 0.016671 0.131674 0.274779
0.567508 -0.340066 0.296594 2.922941 -0.005267 -3.658283 0.014512 0.133267 0.273742
0.567500 -0.340073 0.296531 2.923254 -0.005113 -3.658282 0.012352 0.134861 0.272704
0.567491 -0.340079 0.296468 2.923567 -0.004959 -3.658281 0.010193 0.136454 0.271666
0.567483 -0.340086 0.296405 2.923880 -0.004806 -3.658280 0.008034 0.138047 0.270628
0.567468 -0.340098 0.296341 2.924192 -0.004627 -3.658288 0.008389 0.136557 0.266803
0.567454 -0.340110 0.296278 2.924504 -0.004447 -3.658296 0.008744 0.135067 0.262978
0.567440 -0.340122 0.296214 2.924816 -0.004268 -3.658305 0.009099 0.133577 0.259153
0.567421 -0.340139 0.296150 2.925144 -0.004068 -3.658304 0.010076 0.131279 0.256218
0.567402 -0.340155 0.296085 2.925471 -0.003868 -3.658304 0.011053 0.128982 0.253283
0.567384 -0.340172 0.296021 2.925798 -0.003669 -3.658303 0.012030 0.126685 0.250348
0.567356 -0.340189 0.295954 2.926152 -0.003467 -3.658285 0.012779 0.126452 0.250368
0.567329 -0.340206 0.295887 2.926506 -0.003266 -3.658267 0.013529 0.126220 0.250388
0.567302 -0.340223 0.295821 2.926860 -0.003065 -3.658248 0.014279 0.125988 0.250408
0.567275 -0.340241 0.295754 2.927213 -0.002864 -3.658230 0.015029 0.125756 0.250428
0.567242 -0.340260 0.295687 2.927579 -0.002684 -3.658218 0.015212 0.125700 0.250000
0.567209 -0.340279 0.295621 2.927945 -0.002504 -3.658207 0.015396 0.125644 0.249572
0.567176 -0.340299 0.295554 2.928312 -0.002324 -3.658195 0.015580 0.125588 0.249144
0.567141 -0.340319 0.295494 2.928665 -0.002140 -3.658196 0.015605 0.125619 0.245791
0.567105 -0.340340 0.295435 2.929019 -0.001955 -3.658197 0.015630 0.125651 0.242438
0.567070 -0.340361 0.295375 2.929373 -0.001771 -3.658198 0.015655 0.125682 0.239084
0.567043 -0.340387 0.295324 2.929705 -0.001540 -3.658216 0.014651 0.124984 0.235652
0.567015 -0.340413 0.295272 2.930038 -0.001308 -3.658234 0.013646 0.124285 0.232219
0.566988 -0.340440 0.295220 2.930370 -0.001077 -3.658252 0.012641 0.123587 0.228786
0.566960 -0.340466 0.295168 2.930703 -0.000846 -3.658270 0.011636 0.122889 0.225354
0.566936 -0.340500 0.295127 2.931025 -0.000573 -3.658306 0.010819 0.120879 0.225665
0.566913 -0.340534 0.295086 2.931348 -0.000300 -3.658343 0.010002 0.118870 0.225976
0.566889 -0.340569 0.295046 2.931671 -0.000028 -3.658379 0.009185 0.116860 0.226287
0.566863 -0.340610 0.295010 2.932008 0.000246 -3.658409 0.009641 0.116274 0.226574
0.566838 -0.340650 0.294975 2.932345 0.000521 -3.658439 0.010096 0.115687 0.226861
0.566812 -0.340691 0.294940 2.932683 0.000795 -3.658469 0.010552 0.115101 0.227149
0.566785 -0.340736 0.294917 2.933013 0.001084 -3.658494 0.010133 0.116100 0.226597
0.566758 -0.340781 0.294895 2.933344 0.001373 -3.658518 0.009715 0.117100 0.226046
0.566730 -0.340827 0.294873 2.933675 0.001663 -3.658543 0.009296 0.118099 0.225495
0.566703 -0.340872 0.294851 2.934005 0.001952 -3.658567 0.008878 0.119098 0.224943
0.566678 -0.340926 0.294843 2.934319 0.002266 -3.658564 0.010324 0.118893 0.222625
0.566652 -0.340981 0.294835 2.934632 0.002581 -3.658561 0.011770 0.118688 0.220306
0.566627 -0.341035 0.294828 2.934945 0.002895 -3.658557 0.013216 0.118482 0.217988
0.566609 -0.341085 0.294842 2.935166 0.003161 -3.658579 0.015209 0.116228 0.215394
0.566591 -0.341135 0.294856 2.935387 0.003427 -3.658601 0.017201 0.113973 0.212800
0.566574 -0.341184 0.294870 2.935608 0.003693 -3.658623 0.019193 0.111719 0.210206
0.566561 -0.341233 0.294903 2.935749 0.003920 -3.658684 0.019570 0.107861 0.207454
0.566549 -0.341281 0.294935 2.935889 0.004147 -3.658744 0.019946 0.104004 0.204702
