0.419164 -0.394628 0.140684 2.98492 -0.152798 -2.3346 0 0 10
0.419164 -0.394628 0.140684 2.98492 -0.152798 -2.3346 0 0 10
0.419164 -0.394628 0.140684 2.98492 -0.152798 -2.3346 0 0 10
0.419164 -0.394628 0.140684 2.98492 -0.152798 -2.3346 0 0 10
0.419164 -0.394628 0.140684 2.98492 -0.152798 -2.3346 0 0 10
0.419164 -0.394628 0.140684 2.98492 -0.152798 -2.3346 0 0 10
0.419164 -0.394628 0.140684 2.98492 -0.152798 -2.3346 0 0 10
0.419164 -0.394628 0.140684 2.98492 -0.152798 -2.3346 0 0 10
0.419164 -0.394628 0.140684 2.98492 -0.152798 -2.3346 0 0 10
0.419164 -0.394628 0.140684 2.98492 -0.152798 -2.3346 0 0 10
0.419164 -0.394628 0.140684 2.98492 -0.152798 -2.3346 0 0 10
0.419164 -0.394628 0.140684 2.98492 -0.152798 -2.3346 0 0 10
0.419164 -0.394628 0.140684 2.98492 -0.152798 -2.3346 0 0 10
0.419164 -0.394628 0.140684 2.98492 -0.152798 -2.3346 0 0 10
0.419164 -0.394628 0.140684 2.98492 -0.152798 -2.3346 0 0 10
0.419164 -0.394628 0.140684 2.98492 -0.152798 -2.3346 0 0 10
0.419164 -0.394628 0.140684 2.98492 -0.152798 -2.3346 0 0 10
0.419164 -0.394628 0.140684 2.98492 -0.152798 -2.3346 0 0 10
0.419164 -0.394628 0.140684 2.98492 -0.152798 -2.3346 0 0 10
0.419164 -0.394628 0.140684 2.98492 -0.152798 -2.3346 0 0 10
0.419164 -0.394628 0.140684 2.98492 -0.152798 -2.3346 0 0 10
0.419164 -0.394628 0.140684 2.98492 -0.152798 -2.3346 0 0 10
0.419164 -0.394628 0.140684 2.98492 -0.152798 -2.3346 0 0 10
0.419164 -0.394628 0.140684 2.98492 -0.152798 -2.3346 0 0 10
0.419164 -0.394628 0.140684 2.98492 -0.152798 -2.3346 0 0 10
0.419164 -0.394628 0.140684 2.98492 -0.152798 -2.3346 0 0 10
0.419164 -0.394628 0.140684 2.98492 -0.152798 -2.3346 0 0 10
0.419164 -0.394628 0.140684 2.98492 -0.152798 -2.3346 0 0 10
0.419164 -0.394628 0.140684 2.98492 -0.152798 -2.3346 0 0 10
0.419164 -0.394628 0.140684 2.98492 -0.152798 -2.3346 0 0 10
0.419164 -0.394628 0.140684 2.98492 -0.152798 -2.3346 0 0 10
0.419164 -0.394628 0.140684 2.98492 -0.152798 -2.3346 0 0 10
0.419164 -0.394628 0.140684 2.98492 -0.152798 -2.3346 0 0 10
0.419164 -0.394628 0.140684 2.98492 -0.152798 -2.3346 0 0 10
0.419164 -0.394628 0.140684 2.98492 -0.152798 -2.3346 0 0 10
0.419164 -0.394628 0.140684 2.98492 -0.152798 -2.3346 0 0 10
0.419164 -0.394628 0.140684 2.98492 -0.152798 -2.3346 0 0 10
0.419164 -0.394628 0.140684 2.98492 -0.152798 -2.3346 0 0 10
0.419164 -0.394628 0.140684 2.98492 -0.152798 -2.3346 0 0 10
0.419164 -0.394628 0.140684 2.98492 -0.152798 -2.3346 0 0 10
0.419164 -0.394628 0.140684 2.98492 -0.152798 -2.3346 0 0 10
0.419164 -0.394628 0.140684 2.98492 -0.152798 -2.3346 0 0 10
0.419164 -0.394628 0.140684 2.98492 -0.152798 -2.3346 0 0 10
0.419164 -0.394628 0.140684 2.98492 -0.152798 -2.3346 0 0 10
0.419164 -0.394628 0.140684 2.98492 -0.152798 -2.3346 0 0 10
0.419164 -0.394628 0.140684 2.98492 -0.152798 -2.3346 0 0 10
0.419164 -0.394628 0.140684 2.98492 -0.152798 -2.3346 0 0 10
0.419164 -0.394628 0.140684 2.98492 -0.152798 -2.3346 0 0 10
0.419164 -0.394628 0.140684 2.98492 -0.152798 -2.3346 0 0 10
0.419164 -0.394628 0.140684 2.98492 -0.152798 -2.3346 0 0 10
0.419164 -0.394628 0.140684 2.98492 -0.152798 -2.3346 0 0 10
0.419164 -0.394628 0.140684 2.98492 -0.152798 -2.3346 0 0 10
0.419164 -0.394628 0.140684 2.98492 -0.152798 -2.3346 0 0 10
0.419164 -0.394628 0.140684 2.98492 -0.152798 -2.3346 0 0 10
0.419164 -0.394628 0.140684 2.98492 -0.152798 -2.3346 0 0 10
0.419164 -0.394628 0.140684 2.98492 -0.152798 -2.3346 0 0 10
0.419164 -0.394628 0.140684 2.98492 -0.152798 -2.3346 0 0 10
0.419164 -0.394628 0.140684 2.98492 -0.152798 -2.3346 0 0 10
0.419164 -0.394628 0.140684 2.98492 -0.152798 -2.3346 0 0 10
0.419164 -0.394628 0.140684 2.98492 -0.152798 -2.3346 0 0 10
0.419164 -0.394628 0.140684 2.98492 -0.152798 -2.3346 0 0 10
0.419164 -0.394628 0.140684 2.98492 -0.152798 -2.3346 0 0 10
0.419164 -0.394628 0.140684 2.98492 -0.152798 -2.3346 0 0 10
0.419164 -0.394628 0.140684 2.98492 -0.152798 -2.3346 0 0 10
0.419164 -0.394628 0.140684 2.98492 -0.152798 -2.3346 0 0 10
0.419164 -0.394628 0.140684 2.98492 -0.152798 -2.3346 0 0 10
0.419164 -0.394628 0.140684 2.98492 -0.152798 -2.3346 0 0 10
0.419164 -0.394628 0.140684 2.98492 -0.152798 -2.3346 0 0 10
0.419164 -0.394628 0.140684 2.98492 -0.152798 -2.3346 0 0 10
0.419164 -0.394628 0.140684 2.98492 -0.152798 -2.3346 0 0 10
0.419164 -0.394628 0.140684 2.98492 -0.152798 -2.3346 0 0 10
0.419164 -0.394628 0.140684 2.98492 -0.152798 -2.3346 0 0 10
0.419164 -0.394628 0.140684 2.98492 -0.152798 -2.3346 0 0 10
0.419164 -0.394628 0.140684 2.98492 -0.152798 -2.3346 0 0 10
0.419164 -0.394628 0.140684 2.98492 -0.152798 -2.3346 0 0 10
0.419164 -0.394628 0.140684 2.98492 -0.152798 -2.3346 0 0 10
0.419164 -0.394628 0.140684 2.98492 -0.152798 -2.3346 0 0 10
0.419164 -0.394628 0.140684 2.98492 -0.152798 -2.3346 0 0 10
0.419164 -0.394628 0.140684 2.98492 -0.152798 -2.3346 0 0 10
0.419164 -0.394628 0.140684 2.98492 -0.152798 -2.3346 0 0 10
0.419164 -0.394628 0.140684 2.98492 -0.152798 -2.3346 0 0 10
0.419164 -0.394628 0.140684 2.98492 -0.152798 -2.3346 0 0 10
0.419164 -0.394628 0.140684 2.98492 -0.152798 -2.3346 0 0 10
0.419164 -0.394628 0.140684 2.98492 -0.152798 -2.3346 0 0 10
0.419164 -0.394628 0.140684 2.98492 -0.152798 -2.3346 0 0 10
0.419164 -0.394628 0.140684 2.98492 -0.152798 -2.3346 0 0 10
0.419164 -0.394628 0.140684 2.98492 -0.152798 -2.3346 0 0 10
0.419164 -0.394628 0.140684 2.98492 -0.152798 -2.3346 0 0 10
0.419164 -0.394628 0.140684 2.98492 -0.152798 -2.3346 0 0 10
0.419164 -0.394628 0.140684 2.98492 -0.152798 -2.3346 0 0 10
0.419164 -0.394628 0.140684 2.98492 -0.152798 -2.3346 0 0 10
0.419164 -0.394628 0.140684 2.98492 -0.152798 -2.3346 0 0 10
0.419164 -0.394628 0.140684 2.98492 -0.152798 -2.3346 0 0 10
0.419164 -0.394628 0.140684 2.98492 -0.152798 -2.3346 0 0 10
0.419164 -0.394628 0.140684 2.98492 -0.152798 -2.3346 0 0 10
0.419164 -0.394628 0.140684 2.98492 -0.152798 -2.3346 0 0 10
0.419164 -0.394628 0.140684 2.98492 -0.152798 -2.3346 0 0 10
0.419164 -0.394628 0.140684 2.98492 -0.152798 -2.3346 0 0 10
0.419164 -0.394628 0.140684 2.98492 -0.152798 -2.3346 0 0 10
0.419164 -0.394628 0.140684 2.98492 -0.152798 -2.3346 0 0 10
0.419164 -0.394628 0.140684 2.98492 -0.152798 -2.3346 0 0 10
0.419164 -0.394628 0.140684 2.98492 -0.152798 -2.3346 0 0 10
0.419164 -0.394628 0.140684 2.98492 -0.152798 -2.3346 0 0 10
0.419164 -0.394628 0.140684 2.98492 -0.152798 -2.3346 0 0 10
0.419164 -0.394628 0.140684 2.98492 -0.152798 -2.3346 0 0 10
0.419164 -0.394628 0.140684 2.98492 -0.152798 -2.3346 0 0 10
0.419164 -0.394628 0.140684 2.98492 -0.152798 -2.3346 0 0 10
0.419164 -0.394628 0.140684 2.98492 -0.152798 -2.3346 0 0 10
0.419164 -0.394628 0.140684 2.98492 -0.152798 -2.3346 0 0 10
0.419164 -0.394628 0.140684 2.98492 -0.152798 -2.3346 0 0 10
0.419164 -0.394628 0.140684 2.98492 -0.152798 -2.3346 0 0 10
0.419164 -0.394628 0.140684 2.98492 -0.152798 -2.3346 0 0 10
0.419164 -0.394628 0.140684 2.98492 -0.152798 -2.3346 0 0 10
0.419164 -0.394628 0.140684 2.98492 -0.152798 -2.3346 0 0 10
0.419164 -0.394628 0.140684 2.98492 -0.152798 -2.3346 0 0 10
0.419164 -0.394628 0.140684 2.98492 -0.152798 -2.3346 0 0 10
0.419164 -0.394628 0.140684 2.98492 -0.152798 -2.3346 0 0 10
0.419164 -0.394628 0.140684 2.98492 -0.152798 -2.3346 0 0 10
0.419164 -0.394628 0.140684 2.98492 -0.152798 -2.3346 0 0 10
0.419164 -0.394628 0.140684 2.98492 -0.152798 -2.3346 0 0 10
0.419164 -0.394628 0.140684 2.98492 -0.152798 -2.3346 0 0 10
0.419164 -0.394628 0.140684 2.98492 -0.152798 -2.3346 0 0 10
0.419164 -0.394628 0.140684 2.98492 -0.152798 -2.3346 0 0 10
0.419164 -0.394628 0.140684 2.98492 -0.152798 -2.3346 0 0 10
0.419164 -0.394628 0.140684 2.98492 -0.152798 -2.3346 0 0 10
0.419164 -0.394628 0.140684 2.98492 -0.152798 -2.3346 0 0 10
0.419164 -0.394628 0.140684 2.98492 -0.152798 -2.3346 0 0 10
0.419164 -0.394628 0.140684 2.98492 -0.152798 -2.3346 0 0 10
0.419164 -0.394628 0.140684 2.98492 -0.152798 -2.3346 0 0 10
0.419164 -0.394628 0.140684 2.98492 -0.152798 -2.3346 0 0 10
0.419164 -0.394628 0.140684 2.98492 -0.152798 -2.3346 0 0 10
0.419164 -0.394628 0.140684 2.98492 -0.152798 -2.3346 0 0 10
0.419164 -0.394628 0.140684 2.98492 -0.152798 -2.3346 0 0 10
0.419164 -0.394628 0.140684 2.98492 -0.152798 -2.3346 0 0 10
0.419164 -0.394628 0.140684 2.98492 -0.152798 -2.3346 0 0 10
0.419164 -0.394628 0.140684 2.98492 -0.152798 -2.3346 0 0 10
0.419164 -0.394628 0.140684 2.98492 -0.152798 -2.3346 0 0 10
0.419164 -0.394628 0.140684 2.98492 -0.152798 -2.3346 0 0 10
0.419164 -0.394628 0.140684 2.98492 -0.152798 -2.3346 0 0 10
0.419164 -0.394628 0.140684 2.98492 -0.152798 -2.3346 0 0 10
0.419164 -0.394628 0.140684 2.98492 -0.152798 -2.3346 0 0 10
0.419164 -0.394628 0.140684 2.98492 -0.152798 -2.3346 0 0 10
0.419164 -0.394628 0.140684 2.98492 -0.152798 -2.3346 0 0 10
0.419164 -0.394628 0.140684 2.98492 -0.152798 -2.3346 0 0 10
0.419164 -0.394628 0.140684 2.98492 -0.152798 -2.3346 0 0 10
0.419164 -0.394628 0.140684 2.98492 -0.152798 -2.3346 0 0 10
0.419164 -0.394628 0.140684 2.98492 -0.152798 -2.3346 0 0 10
0.419164 -0.394628 0.140684 2.98492 -0.152798 -2.3346 0 0 10
0.419164 -0.394628 0.140684 2.98492 -0.152798 -2.3346 0 0 10
0.419164 -0.394628 0.140684 2.98492 -0.152798 -2.3346 0 0 10
0.419164 -0.394628 0.140684 2.98492 -0.152798 -2.3346 0 0 10
0.419164 -0.394628 0.140684 2.98492 -0.152798 -2.3346 0 0 10
0.419164 -0.394628 0.140684 2.98492 -0.152798 -2.3346 0 0 10
0.419164 -0.394628 0.140684 2.98492 -0.152798 -2.3346 0 0 10
0.419164 -0.394628 0.140684 2.98492 -0.152798 -2.3346 0 0 10
0.419164 -0.394628 0.140684 2.98492 -0.152798 -2.3346 0 0 10
0.419164 -0.394628 0.140684 2.98492 -0.152798 -2.3346 0 0 10
0.419164 -0.394628 0.140684 2.98492 -0.152798 -2.3346 0 0 10
0.419164 -0.394628 0.140684 2.98492 -0.152798 -2.3346 0 0 10
0.419164 -0.394628 0.140684 2.98492 -0.152798 -2.3346 0 0 10
0.419164 -0.394628 0.140684 2.98492 -0.152798 -2.3346 0 0 10
0.419164 -0.394628 0.140684 2.98492 -0.152798 -2.3346 0 0 10
0.419164 -0.394628 0.140684 2.98492 -0.152798 -2.3346 0 0 10
0.419164 -0.394628 0.140684 2.98492 -0.152798 -2.3346 0 0 10
0.419164 -0.394628 0.140684 2.98492 -0.152798 -2.3346 0 0 10
0.419164 -0.394628 0.140684 2.98492 -0.152798 -2.3346 0 0 10
0.419164 -0.394628 0.140684 2.98492 -0.152798 -2.3346 0 0 10
0.419164 -0.394628 0.140684 2.98492 -0.152798 -2.3346 0 0 10
0.419164 -0.394628 0.140684 2.98492 -0.152798 -2.3346 0 0 10
0.419164 -0.394628 0.140684 2.98492 -0.152798 -2.3346 0 0 10
0.419164 -0.394628 0.140684 2.98492 -0.152798 -2.3346 0 0 10
0.419164 -0.394628 0.140684 2.98492 -0.152798 -2.3346 0 0 10
0.419164 -0.394628 0.140684 2.98492 -0.152798 -2.3346 0 0 10
0.419164 -0.394628 0.140684 2.98492 -0.152798 -2.3346 0 0 10
0.419164 -0.394628 0.140684 2.98492 -0.152798 -2.3346 0 0 10
0.419164 -0.394628 0.140684 2.98492 -0.152798 -2.3346 0 0 10
0.419164 -0.394628 0.140684 2.98492 -0.152798 -2.3346 0 0 10
0.419164 -0.394628 0.140684 2.98492 -0.152798 -2.3346 0 0 10
0.419164 -0.394628 0.140684 2.98492 -0.152798 -2.3346 0 0 10
0.419164 -0.394628 0.140684 2.98492 -0.152798 -2.3346 0 0 10
0.419164 -0.394628 0.140684 2.98492 -0.152798 -2.3346 0 0 10
0.419164 -0.394628 0.140684 2.98492 -0.152798 -2.3346 0 0 10
0.419164 -0.394628 0.140684 2.98492 -0.152798 -2.3346 0 0 10
0.419164 -0.394628 0.140684 2.98492 -0.152798 -2.3346 0 0 10
0.419164 -0.394628 0.140684 2.98492 -0.152798 -2.3346 0 0 10
0.419164 -0.394628 0.140684 2.98492 -0.152798 -2.3346 0 0 10
0.419164 -0.394628 0.140684 2.98492 -0.152798 -2.3346 0 0 10
0.419164 -0.394628 0.140684 2.98492 -0.152798 -2.3346 0 0 10
0.419164 -0.394628 0.140684 2.98492 -0.152798 -2.3346 0 0 10
0.419164 -0.394628 0.140684 2.98492 -0.152798 -2.3346 0 0 10
0.419164 -0.394628 0.140684 2.98492 -0.152798 -2.3346 0 0 10
0.419164 -0.394628 0.140684 2.98492 -0.152798 -2.3346 0 0 10
0.419164 -0.394628 0.140684 2.98492 -0.152798 -2.3346 0 0 10
0.419164 -0.394628 0.140684 2.98492 -0.152798 -2.3346 0 0 10
0.419164 -0.394628 0.140684 2.98492 -0.152798 -2.3346 0 0 10
0.419164 -0.394628 0.140684 2.98492 -0.152798 -2.3346 0 0 10
0.419164 -0.394628 0.140684 2.98492 -0.152798 -2.3346 0 0 10
0.419164 -0.394628 0.140684 2.98492 -0.152798 -2.3346 0 0 10
0.419164 -0.394628 0.140684 2.98492 -0.152798 -2.3346 0 0 10
0.419164 -0.394628 0.140684 2.98492 -0.152798 -2.3346 0 0 10
0.419164 -0.394628 0.140684 2.98492 -0.152798 -2.3346 0 0 10
0.419164 -0.394628 0.140684 2.98492 -0.152798 -2.3346 0 0 10
0.419164 -0.394628 0.140684 2.98492 -0.152798 -2.3346 0 0 10
0.419164 -0.394628 0.140684 2.98492 -0.152798 -2.3346 0 0 10
0.419164 -0.394628 0.140684 2.98492 -0.152798 -2.3346 0 0 10
0.419164 -0.394628 0.140684 2.98492 -0.152798 -2.3346 0 0 10
0.419164 -0.394628 0.140684 2.98492 -0.152798 -2.3346 0 0 10
0.419164 -0.394628 0.140684 2.98492 -0.152798 -2.3346 0 0 10
0.419164 -0.394628 0.140684 2.98492 -0.152798 -2.3346 0 0 10
0.419164 -0.394628 0.140684 2.98492 -0.152798 -2.3346 0 0 10
0.419164 -0.394628 0.140684 2.98492 -0.152798 -2.3346 0 0 10
0.419164 -0.394628 0.140684 2.98492 -0.152798 -2.3346 0 0 10
0.419164 -0.394628 0.140684 2.98492 -0.152798 -2.3346 0 0 10
0.419164 -0.394628 0.140684 2.98492 -0.152798 -2.3346 0 0 10
0.419164 -0.394628 0.140684 2.98492 -0.152798 -2.3346 0 0 10
0.419164 -0.394628 0.140684 2.98492 -0.152798 -2.3346 0 0 10
0.419164 -0.394628 0.140684 2.98492 -0.152798 -2.3346 0 0 10
0.419164 -0.394628 0.140684 2.98492 -0.152798 -2.3346 0 0 10
0.419164 -0.394628 0.140684 2.98492 -0.152798 -2.3346 0 0 10
0.419164 -0.394628 0.140684 2.98492 -0.152798 -2.3346 0 0 10
0.419164 -0.394628 0.140684 2.98492 -0.152798 -2.3346 0 0 10
0.419164 -0.394628 0.140684 2.98492 -0.152798 -2.3346 0 0 10
0.419164 -0.394628 0.140684 2.98492 -0.152798 -2.3346 0 0 10
0.419164 -0.394628 0.140684 2.98492 -0.152798 -2.3346 0 0 10
0.419164 -0.394628 0.140684 2.98492 -0.152798 -2.3346 0 0 10
0.419164 -0.394628 0.140684 2.98492 -0.152798 -2.3346 0 0 10
0.419164 -0.394628 0.140684 2.98492 -0.152798 -2.3346 0 0 10
0.419164 -0.394628 0.140684 2.98492 -0.152798 -2.3346 0 0 10
0.419164 -0.394628 0.140684 2.98492 -0.152798 -2.3346 0 0 10
0.419164 -0.394628 0.140684 2.98492 -0.152798 -2.3346 0 0 10
0.419164 -0.394628 0.140684 2.98492 -0.152798 -2.3346 0 0 10
0.419164 -0.394628 0.140684 2.98492 -0.152798 -2.3346 0 0 10
0.419164 -0.394628 0.140684 2.98492 -0.152798 -2.3346 0 0 10
0.419164 -0.394628 0.140684 2.98492 -0.152798 -2.3346 0 0 10
0.419164 -0.394628 0.140684 2.98492 -0.152798 -2.3346 0 0 10
0.419164 -0.394628 0.140684 2.98492 -0.152798 -2.3346 0 0 10
0.419164 -0.394628 0.140684 2.98492 -0.152798 -2.3346 0 0 10
0.419164 -0.394628 0.140684 2.98492 -0.152798 -2.3346 0 0 10
0.419164 -0.394628 0.140684 2.98492 -0.152798 -2.3346 0 0 10
0.419164 -0.394628 0.140684 2.98492 -0.152798 -2.3346 0 0 10
0.419164 -0.394628 0.140684 2.98492 -0.152798 -2.3346 0 0 10
0.419164 -0.394628 0.140684 2.98492 -0.152798 -2.3346 0 0 10
0.419164 -0.394628 0.140684 2.98492 -0.152798 -2.3346 0 0 10
0.419164 -0.394628 0.140684 2.98492 -0.152798 -2.3346 0 0 10
0.419164 -0.394628 0.140684 2.98492 -0.152798 -2.3346 0 0 10
0.419164 -0.394628 0.140684 2.98492 -0.152798 -2.3346 0 0 10
0.419164 -0.394628 0.140684 2.98492 -0.152798 -2.3346 0 0 10
0.419164 -0.394628 0.140684 2.98492 -0.152798 -2.3346 0 0 10
0.419164 -0.394628 0.140684 2.98492 -0.152798 -2.3346 0 0 10
0.419164 -0.394628 0.140684 2.98492 -0.152798 -2.3346 0 0 10
0.419164 -0.394628 0.140684 2.98492 -0.152798 -2.3346 0 0 10
0.419164 -0.394628 0.140684 2.98492 -0.152798 -2.3346 0 0 10
0.419164 -0.394628 0.140684 2.98492 -0.152798 -2.3346 0 0 10
0.419164 -0.394628 0.140684 2.98492 -0.152798 -2.3346 0 0 10
0.419164 -0.394628 0.140684 2.98492 -0.152798 -2.3346 0 0 10
0.419164 -0.394628 0.140684 2.98492 -0.152798 -2.3346 0 0 10
0.419164 -0.394628 0.140684 2.98492 -0.152798 -2.3346 0 0 10
0.419164 -0.394628 0.140684 2.98492 -0.152798 -2.3346 0 0 10
0.419164 -0.394628 0.140684 2.98492 -0.152798 -2.3346 0 0 10
0.419164 -0.394628 0.140684 2.98492 -0.152798 -2.3346 0 0 10
0.419164 -0.394628 0.140684 2.98492 -0.152798 -2.3346 0 0 10
0.419164 -0.394628 0.140684 2.98492 -0.152798 -2.3346 0 0 10
0.419164 -0.394628 0.140684 2.98492 -0.152798 -2.3346 0 0 10
0.419164 -0.394628 0.140684 2.98492 -0.152798 -2.3346 0 0 10
0.419164 -0.394628 0.140684 2.98492 -0.152798 -2.3346 0 0 10
0.419164 -0.394628 0.140684 2.98492 -0.152798 -2.3346 0 0 10
0.419164 -0.394628 0.140684 2.98492 -0.152798 -2.3346 0 0 10
0.419164 -0.394628 0.140684 2.98492 -0.152798 -2.3346 0 0 10
0.419164 -0.394628 0.140684 2.98492 -0.152798 -2.3346 0 0 10
0.419164 -0.394628 0.140684 2.98492 -0.152798 -2.3346 0 0 10
0.419164 -0.394628 0.140684 2.98492 -0.152798 -2.3346 0 0 10
0.419164 -0.394628 0.140684 2.98492 -0.152798 -2.3346 0 0 10
0.419164 -0.394628 0.140684 2.98492 -0.152798 -2.3346 0 0 10
0.419164 -0.394628 0.140684 2.98492 -0.152798 -2.3346 0 0 10
0.419164 -0.394628 0.140684 2.98492 -0.152798 -2.3346 0 0 10
0.419164 -0.394628 0.140684 2.98492 -0.152798 -2.3346 0 0 10
0.419164 -0.394628 0.140684 2.98492 -0.152798 -2.3346 0 0 10
0.419164 -0.394628 0.140684 2.98492 -0.152798 -2.3346 0 0 10
0.419164 -0.394628 0.140684 2.98492 -0.152798 -2.3346 0 0 10
0.419164 -0.394628 0.140684 2.98492 -0.152798 -2.3346 0 0 10
0.419164 -0.394628 0.140684 2.98492 -0.152798 -2.3346 0 0 10
0.419164 -0.394628 0.140684 2.98492 -0.152798 -2.3346 0 0 10
0.419164 -0.394628 0.140684 2.98492 -0.152798 -2.3346 0 0 10
0.419164 -0.394628 0.140684 2.98492 -0.152798 -2.3346 0 0 10
0.419164 -0.394628 0.140684 2.98492 -0.152798 -2.3346 0 0 10
0.419164 -0.394628 0.140684 2.98492 -0.152798 -2.3346 0 0 10
0.419164 -0.394628 0.140684 2.98492 -0.152798 -2.3346 0 0 10
0.419164 -0.394628 0.140684 2.98492 -0.152798 -2.3346 0 0 10
0.419164 -0.394628 0.140684 2.98492 -0.152798 -2.3346 0 0 10
0.419164 -0.394628 0.140684 2.98492 -0.152798 -2.3346 0 0 10
0.419164 -0.394628 0.140684 2.98492 -0.152798 -2.3346 0 0 10
0.419164 -0.394628 0.140684 2.98492 -0.152798 -2.3346 0 0 10
0.419164 -0.394628 0.140684 2.98492 -0.152798 -2.3346 0 0 10
0.419164 -0.394628 0.140684 2.98492 -0.152798 -2.3346 0 0 10
0.419164 -0.394628 0.140684 2.98492 -0.152798 -2.3346 0 0 10
0.419164 -0.394628 0.140684 2.98492 -0.152798 -2.3346 0 0 10
0.419164 -0.394628 0.140684 2.98492 -0.152798 -2.3346 0 0 10
0.419164 -0.394628 0.140684 2.98492 -0.152798 -2.3346 0 0 10
0.419164 -0.394628 0.140684 2.98492 -0.152798 -2.3346 0 0 10
0.419164 -0.394628 0.140684 2.98492 -0.152798 -2.3346 0 0 10
0.419164 -0.394628 0.140684 2.98492 -0.152798 -2.3346 0 0 10
0.419164 -0.394628 0.140684 2.98492 -0.152798 -2.3346 0 0 10
0.419164 -0.394628 0.140684 2.98492 -0.152798 -2.3346 0 0 10
0.419164 -0.394628 0.140684 2.98492 -0.152798 -2.3346 0 0 10
0.419164 -0.394628 0.140684 2.98492 -0.152798 -2.3346 0 0 10
0.419164 -0.394628 0.140684 2.98492 -0.152798 -2.3346 0 0 10
0.419164 -0.394628 0.140684 2.98492 -0.152798 -2.3346 0 0 10
0.419164 -0.394628 0.140684 2.98492 -0.152798 -2.3346 0 0 10
0.419164 -0.394628 0.140684 2.98492 -0.152798 -2.3346 0 0 10
0.419164 -0.394628 0.140684 2.98492 -0.152798 -2.3346 0 0 10
0.419164 -0.394628 0.140684 2.98492 -0.152798 -2.3346 0 0 10
0.419164 -0.394628 0.140684 2.98492 -0.152798 -2.3346 0 0 10
0.419164 -0.394628 0.140684 2.98492 -0.152798 -2.3346 0 0 10
0.419164 -0.394628 0.140684 2.98492 -0.152798 -2.3346 0 0 10
0.419164 -0.394628 0.140684 2.98492 -0.152798 -2.3346 0 0 10
0.419164 -0.394628 0.140684 2.98492 -0.152798 -2.3346 0 0 10
0.419164 -0.394628 0.140684 2.98492 -0.152798 -2.3346 0 0 10
0.419164 -0.394628 0.140684 2.98492 -0.152798 -2.3346 0 0 10
0.419164 -0.394628 0.140684 2.98492 -0.152798 -2.3346 0 0 10
0.419164 -0.394628 0.140684 2.98492 -0.152798 -2.3346 0 0 10
0.419164 -0.394628 0.140684 2.98492 -0.152798 -2.3346 0 0 10
0.419164 -0.394628 0.140684 2.98492 -0.152798 -2.3346 0 0 10
0.419164 -0.394628 0.140684 2.98492 -0.152798 -2.3346 0 0 10
0.419164 -0.394628 0.140684 2.98492 -0.152798 -2.3346 0 0 10
0.419164 -0.394628 0.140684 2.98492 -0.152798 -2.3346 0 0 10
0.419164 -0.394628 0.140684 2.98492 -0.152798 -2.3346 0 0 10
0.419164 -0.394628 0.140684 2.98492 -0.152798 -2.3346 0 0 10
0.419164 -0.394628 0.140684 2.98492 -0.152798 -2.3346 0 0 10
0.419164 -0.394628 0.140684 2.98492 -0.152798 -2.3346 0 0 10
0.419164 -0.394628 0.140684 2.98492 -0.152798 -2.3346 0 0 10
0.419164 -0.394628 0.140684 2.98492 -0.152798 -2.3346 0 0 10
0.419164 -0.394628 0.140684 2.98492 -0.152798 -2.3346 0 0 10
0.419164 -0.394628 0.140684 2.98492 -0.152798 -2.3346 0 0 10
0.419164 -0.394628 0.140684 2.98492 -0.152798 -2.3346 0 0 10
0.419164 -0.394628 0.140684 2.98492 -0.152798 -2.3346 0 0 10
0.419164 -0.394628 0.140684 2.98492 -0.152798 -2.3346 0 0 10
0.419164 -0.394628 0.140684 2.98492 -0.152798 -2.3346 0 0 10
0.419164 -0.394628 0.140684 2.98492 -0.152798 -2.3346 0 0 10
0.419164 -0.394628 0.140684 2.98492 -0.152798 -2.3346 0 0 10
0.419164 -0.394628 0.140684 2.98492 -0.152798 -2.3346 0 0 10
0.419164 -0.394628 0.140684 2.98492 -0.152798 -2.3346 0 0 10
0.419164 -0.394628 0.140684 2.98492 -0.152798 -2.3346 0 0 10
0.419164 -0.394628 0.140684 2.98492 -0.152798 -2.3346 0 0 10
0.419164 -0.394628 0.140684 2.98492 -0.152798 -2.3346 0 0 10
0.419164 -0.394628 0.140684 2.98492 -0.152798 -2.3346 0 0 10
0.419164 -0.394628 0.140684 2.98492 -0.152798 -2.3346 0 0 10
0.419164 -0.394628 0.140684 2.98492 -0.152798 -2.3346 0 0 10
0.419164 -0.394628 0.140684 2.98492 -0.152798 -2.3346 0 0 10
0.419164 -0.394628 0.140684 2.98492 -0.152798 -2.3346 0 0 10
0.419164 -0.394628 0.140684 2.98492 -0.152798 -2.3346 0 0 10
0.419164 -0.394628 0.140684 2.98492 -0.152798 -2.3346 0 0 10
0.419164 -0.394628 0.140684 2.98492 -0.152798 -2.3346 0 0 10
0.419164 -0.394628 0.140684 2.98492 -0.152798 -2.3346 0 0 10
0.419164 -0.394628 0.140684 2.98492 -0.152798 -2.3346 0 0 10
0.419164 -0.394628 0.140684 2.98492 -0.152798 -2.3346 0 0 10
0.419164 -0.394628 0.140684 2.98492 -0.152798 -2.3346 0 0 10
0.419164 -0.394628 0.140684 2.98492 -0.152798 -2.3346 0 0 10
0.419164 -0.394628 0.140684 2.98492 -0.152798 -2.3346 0 0 10
0.419164 -0.394628 0.140684 2.98492 -0.152798 -2.3346 0 0 10
0.419164 -0.394628 0.140684 2.98492 -0.152798 -2.3346 0 0 10
0.419164 -0.394628 0.140684 2.98492 -0.152798 -2.3346 0 0 10
0.419164 -0.394628 0.140684 2.98492 -0.152798 -2.3346 0 0 10
0.419164 -0.394628 0.140684 2.98492 -0.152798 -2.3346 0 0 10
0.419164 -0.394628 0.140684 2.98492 -0.152798 -2.3346 0 0 10
0.419164 -0.394628 0.140684 2.98492 -0.152798 -2.3346 0 0 10
0.419164 -0.394628 0.140684 2.98492 -0.152798 -2.3346 0 0 10
0.419164 -0.394628 0.140684 2.98492 -0.152798 -2.3346 0 0 10
0.419164 -0.394628 0.140684 2.98492 -0.152798 -2.3346 0 0 10
0.419164 -0.394628 0.140684 2.98492 -0.152798 -2.3346 0 0 10
0.419164 -0.394628 0.140684 2.98492 -0.152798 -2.3346 0 0 10
0.419164 -0.394628 0.140684 2.98492 -0.152798 -2.3346 0 0 10
0.419164 -0.394628 0.140684 2.98492 -0.152798 -2.3346 0 0 10
0.419164 -0.394628 0.140684 2.98492 -0.152798 -2.3346 0 0 10
0.419164 -0.394628 0.140684 2.98492 -0.152798 -2.3346 0 0 10
0.419164 -0.394628 0.140684 2.98492 -0.152798 -2.3346 0 0 10
0.419164 -0.394628 0.140684 2.98492 -0.152798 -2.3346 0 0 10
0.419164 -0.394628 0.140684 2.98492 -0.152798 -2.3346 0 0 10
0.419164 -0.394628 0.140684 2.98492 -0.152798 -2.3346 0 0 10
0.419164 -0.394628 0.140684 2.98492 -0.152798 -2.3346 0 0 10
0.419164 -0.394628 0.140684 2.98492 -0.152798 -2.3346 0 0 10
0.419164 -0.394628 0.140684 2.98492 -0.152798 -2.3346 0 0 10
0.419164 -0.394628 0.140684 2.98492 -0.152798 -2.3346 0 0 10
0.419164 -0.394628 0.140684 2.98492 -0.152798 -2.3346 0 0 10
0.419164 -0.394628 0.140684 2.98492 -0.152798 -2.3346 0 0 10
0.419164 -0.394628 0.140684 2.98492 -0.152798 -2.3346 0 0 10
0.419164 -0.394628 0.140684 2.98492 -0.152798 -2.3346 0 0 10
0.419164 -0.394628 0.140684 2.98492 -0.152798 -2.3346 0 0 10
0.419164 -0.394628 0.140684 2.98492 -0.152798 -2.3346 0 0 10
0.419164 -0.394628 0.140684 2.98492 -0.152798 -2.3346 0 0 10
0.419164 -0.394628 0.140684 2.98492 -0.152798 -2.3346 0 0 10
0.419164 -0.394628 0.140684 2.98492 -0.152798 -2.3346 0 0 10
0.419164 -0.394628 0.140684 2.98492 -0.152798 -2.3346 0 0 10
0.419164 -0.394628 0.140684 2.98492 -0.152798 -2.3346 0 0 10
0.419164 -0.394628 0.140684 2.98492 -0.152798 -2.3346 0 0 10
0.419164 -0.394628 0.140684 2.98492 -0.152798 -2.3346 0 0 10
0.419164 -0.394628 0.140684 2.98492 -0.152798 -2.3346 0 0 10
0.419164 -0.394628 0.140684 2.98492 -0.152798 -2.3346 0 0 10
0.419164 -0.394628 0.140684 2.98492 -0.152798 -2.3346 0 0 10
0.419164 -0.394628 0.140684 2.98492 -0.152798 -2.3346 0 0 10
0.419164 -0.394628 0.140684 2.98492 -0.152798 -2.3346 0 0 10
0.419164 -0.394628 0.140684 2.98492 -0.152798 -2.3346 0 0 10
0.419164 -0.394628 0.140684 2.98492 -0.152798 -2.3346 0 0 10
0.419164 -0.394628 0.140684 2.98492 -0.152798 -2.3346 0 0 10
0.419164 -0.394628 0.140684 2.98492 -0.152798 -2.3346 0 0 10
0.419164 -0.394628 0.140684 2.98492 -0.152798 -2.3346 0 0 10
0.419164 -0.394628 0.140684 2.98492 -0.152798 -2.3346 0 0 10
0.419164 -0.394628 0.140684 2.98492 -0.152798 -2.3346 0 0 10
0.419164 -0.394628 0.140684 2.98492 -0.152798 -2.3346 0 0 10
0.419164 -0.394628 0.140684 2.98492 -0.152798 -2.3346 0 0 10
0.419164 -0.394628 0.140684 2.98492 -0.152798 -2.3346 0 0 10
0.419164 -0.394628 0.140684 2.98492 -0.152798 -2.3346 0 0 10
0.419164 -0.394628 0.140684 2.98492 -0.152798 -2.3346 0 0 10
0.419164 -0.394628 0.140684 2.98492 -0.152798 -2.3346 0 0 10
0.419164 -0.394628 0.140684 2.98492 -0.152798 -2.3346 0 0 10
0.419164 -0.394628 0.140684 2.98492 -0.152798 -2.3346 0 0 10
0.419164 -0.394628 0.140684 2.98492 -0.152798 -2.3346 0 0 10
0.419164 -0.394628 0.140684 2.98492 -0.152798 -2.3346 0 0 10
0.419164 -0.394628 0.140684 2.98492 -0.152798 -2.3346 0 0 10
0.419164 -0.394628 0.140684 2.98492 -0.152798 -2.3346 0 0 10
0.419164 -0.394628 0.140684 2.98492 -0.152798 -2.3346 0 0 10
0.419164 -0.394628 0.140684 2.98492 -0.152798 -2.3346 0 0 10
0.419164 -0.394628 0.140684 2.98492 -0.152798 -2.3346 0 0 10
0.419164 -0.394628 0.140684 2.98492 -0.152798 -2.3346 0 0 10
0.419164 -0.394628 0.140684 2.98492 -0.152798 -2.3346 0 0 10
0.419164 -0.394628 0.140684 2.98492 -0.152798 -2.3346 0 0 10
0.419164 -0.394628 0.140684 2.98492 -0.152798 -2.3346 0 0 10
0.419164 -0.394628 0.140684 2.98492 -0.152798 -2.3346 0 0 10
0.419164 -0.394628 0.140684 2.98492 -0.152798 -2.3346 0 0 10
0.419164 -0.394628 0.140684 2.98492 -0.152798 -2.3346 0 0 10
0.419164 -0.394628 0.140684 2.98492 -0.152798 -2.3346 0 0 10
0.419164 -0.394628 0.140684 2.98492 -0.152798 -2.3346 0 0 10
0.419164 -0.394628 0.140684 2.98492 -0.152798 -2.3346 0 0 10
0.419164 -0.394628 0.140684 2.98492 -0.152798 -2.3346 0 0 10
0.419164 -0.394628 0.140684 2.98492 -0.152798 -2.3346 0 0 10
0.419164 -0.394628 0.140684 2.98492 -0.152798 -2.3346 0 0 10
0.419164 -0.394628 0.140684 2.98492 -0.152798 -2.3346 0 0 10
0.419164 -0.394628 0.140684 2.98492 -0.152798 -2.3346 0 0 10
0.419164 -0.394628 0.140684 2.98492 -0.152798 -2.3346 0 0 10
0.419164 -0.394628 0.140684 2.98492 -0.152798 -2.3346 0 0 10
0.419164 -0.394628 0.140684 2.98492 -0.152798 -2.3346 0 0 10
0.419164 -0.394628 0.140684 2.98492 -0.152798 -2.3346 0 0 10
0.419164 -0.394628 0.140684 2.98492 -0.152798 -2.3346 0 0 10
0.419164 -0.394628 0.140684 2.98492 -0.152798 -2.3346 0 0 10
0.419164 -0.394628 0.140684 2.98492 -0.152798 -2.3346 0 0 10
0.419164 -0.394628 0.140684 2.98492 -0.152798 -2.3346 0 0 10
0.419164 -0.394628 0.140684 2.98492 -0.152798 -2.3346 0 0 10
0.419164 -0.394628 0.140684 2.98492 -0.152798 -2.3346 0 0 10
0.419164 -0.394628 0.140684 2.98492 -0.152798 -2.3346 0 0 10
0.419164 -0.394628 0.140684 2.98492 -0.152798 -2.3346 0 0 10
0.419164 -0.394628 0.140684 2.98492 -0.152798 -2.3346 0 0 10
0.419164 -0.394628 0.140684 2.98492 -0.152798 -2.3346 0 0 10
0.419164 -0.394628 0.140684 2.98492 -0.152798 -2.3346 0 0 10
0.419164 -0.394628 0.140684 2.98492 -0.152798 -2.3346 0 0 10
0.419164 -0.394628 0.140684 2.98492 -0.152798 -2.3346 0 0 10
0.419164 -0.394628 0.140684 2.98492 -0.152798 -2.3346 0 0 10
0.419164 -0.394628 0.140684 2.98492 -0.152798 -2.3346 0 0 10
0.419164 -0.394628 0.140684 2.98492 -0.152798 -2.3346 0 0 10
0.419164 -0.394628 0.140684 2.98492 -0.152798 -2.3346 0 0 10
0.419164 -0.394628 0.140684 2.98492 -0.152798 -2.3346 0 0 10
0.419164 -0.394628 0.140684 2.98492 -0.152798 -2.3346 0 0 10
0.419164 -0.394628 0.140684 2.98492 -0.152798 -2.3346 0 0 10
0.419164 -0.394628 0.140684 2.98492 -0.152798 -2.3346 0 0 10
0.419164 -0.394628 0.140684 2.98492 -0.152798 -2.3346 0 0 10
0.419164 -0.394628 0.140684 2.98492 -0.152798 -2.3346 0 0 10
0.419164 -0.394628 0.140684 2.98492 -0.152798 -2.3346 0 0 10
0.419164 -0.394628 0.140684 2.98492 -0.152798 -2.3346 0 0 10
0.419164 -0.394628 0.140684 2.98492 -0.152798 -2.3346 0 0 10
0.419164 -0.394628 0.140684 2.98492 -0.152798 -2.3346 0 0 10
0.419164 -0.394628 0.140684 2.98492 -0.152798 -2.3346 0 0 10
0.419164 -0.394628 0.140684 2.98492 -0.152798 -2.3346 0 0 10
0.419164 -0.394628 0.140684 2.98492 -0.152798 -2.3346 0 0 10
0.419164 -0.394628 0.140684 2.98492 -0.152798 -2.3346 0 0 10
0.419164 -0.394628 0.140684 2.98492 -0.152798 -2.3346 0 0 10
0.419164 -0.394628 0.140684 2.98492 -0.152798 -2.3346 0 0 10
0.419164 -0.394628 0.140684 2.98492 -0.152798 -2.3346 0 0 10
0.419164 -0.394628 0.140684 2.98492 -0.152798 -2.3346 0 0 10
0.419164 -0.394628 0.140684 2.98492 -0.152798 -2.3346 0 0 10
0.419164 -0.394628 0.140684 2.98492 -0.152798 -2.3346 0 0 10
0.419164 -0.394628 0.140684 2.98492 -0.152798 -2.3346 0 0 10
0.419164 -0.394628 0.140684 2.98492 -0.152798 -2.3346 0 0 10
0.419164 -0.394628 0.140684 2.98492 -0.152798 -2.3346 0 0 10
0.419164 -0.394628 0.140684 2.98492 -0.152798 -2.3346 0 0 10
0.419164 -0.394628 0.140684 2.98492 -0.152798 -2.3346 0 0 10
0.419164 -0.394628 0.140684 2.98492 -0.152798 -2.3346 0 0 10
0.419164 -0.394628 0.140684 2.98492 -0.152798 -2.3346 0 0 10
0.419164 -0.394628 0.140684 2.98492 -0.152798 -2.3346 0 0 10
0.419164 -0.394628 0.140684 2.98492 -0.152798 -2.3346 0 0 10
0.419164 -0.394628 0.140684 2.98492 -0.152798 -2.3346 0 0 10
0.419164 -0.394628 0.140684 2.98492 -0.152798 -2.3346 0 0 10
0.419164 -0.394628 0.140684 2.98492 -0.152798 -2.3346 0 0 10
0.419164 -0.394628 0.140684 2.98492 -0.152798 -2.3346 0 0 10
0.419164 -0.394628 0.140684 2.98492 -0.152798 -2.3346 0 0 10
0.419164 -0.394628 0.140684 2.98492 -0.152798 -2.3346 0 0 10
0.419164 -0.394628 0.140684 2.98492 -0.152798 -2.3346 0 0 10
0.419164 -0.394628 0.140684 2.98492 -0.152798 -2.3346 0 0 10
0.419164 -0.394628 0.140684 2.98492 -0.152798 -2.3346 0 0 10
0.419164 -0.394628 0.140684 2.98492 -0.152798 -2.3346 0 0 10
0.419164 -0.394628 0.140684 2.98492 -0.152798 -2.3346 0 0 10
0.419164 -0.394628 0.140684 2.98492 -0.152798 -2.3346 0 0 10
0.419164 -0.394628 0.140684 2.98492 -0.152798 -2.3346 0 0 10
0.419164 -0.394628 0.140684 2.98492 -0.152798 -2.3346 0 0 10
0.419164 -0.394628 0.140684 2.98492 -0.152798 -2.3346 0 0 10
0.419164 -0.394628 0.140684 2.98492 -0.152798 -2.3346 0 0 10
0.419164 -0.394628 0.140684 2.98492 -0.152798 -2.3346 0 0 10
0.419164 -0.394628 0.140684 2.98492 -0.152798 -2.3346 0 0 10
0.419164 -0.394628 0.140684 2.98492 -0.152798 -2.3346 0 0 10
0.419164 -0.394628 0.140684 2.98492 -0.152798 -2.3346 0 0 10
0.419164 -0.394628 0.140684 2.98492 -0.152798 -2.3346 0 0 10
0.419164 -0.394628 0.140684 2.98492 -0.152798 -2.3346 0 0 10
0.419164 -0.394628 0.140684 2.98492 -0.152798 -2.3346 0 0 10
0.419164 -0.394628 0.140684 2.98492 -0.152798 -2.3346 0 0 10
0.419164 -0.394628 0.140684 2.98492 -0.152798 -2.3346 0 0 10
0.419164 -0.394628 0.140684 2.98492 -0.152798 -2.3346 0 0 10
0.419164 -0.394628 0.140684 2.98492 -0.152798 -2.3346 0 0 10
0.419164 -0.394628 0.140684 2.98492 -0.152798 -2.3346 0 0 10
0.419164 -0.394628 0.140684 2.98492 -0.152798 -2.3346 0 0 10
0.419164 -0.394628 0.140684 2.98492 -0.152798 -2.3346 0 0 10
0.419164 -0.394628 0.140684 2.98492 -0.152798 -2.3346 0 0 10
0.419164 -0.394628 0.140684 2.98492 -0.152798 -2.3346 0 0 10
0.419164 -0.394628 0.140684 2.98492 -0.152798 -2.3346 0 0 10
0.419164 -0.394628 0.140684 2.98492 -0.152798 -2.3346 0 0 10
0.419164 -0.394628 0.140684 2.98492 -0.152798 -2.3346 0 0 10
0.419164 -0.394628 0.140684 2.98492 -0.152798 -2.3346 0 0 10
0.419164 -0.394628 0.140684 2.98492 -0.152798 -2.3346 0 0 10
0.419164 -0.394628 0.140684 2.98492 -0.152798 -2.3346 0 0 10
0.419164 -0.394628 0.140684 2.98492 -0.152798 -2.3346 0 0 10
0.419164 -0.394628 0.140684 2.98492 -0.152798 -2.3346 0 0 10
0.419164 -0.394628 0.140684 2.98492 -0.152798 -2.3346 0 0 10
0.419164 -0.394628 0.140684 2.98492 -0.152798 -2.3346 0 0 10
0.419164 -0.394628 0.140684 2.98492 -0.152798 -2.3346 0 0 10
0.419164 -0.394628 0.140684 2.98492 -0.152798 -2.3346 0 0 10
0.419164 -0.394628 0.140684 2.98492 -0.152798 -2.3346 0 0 10
0.419164 -0.394628 0.140684 2.98492 -0.152798 -2.3346 0 0 10
0.419164 -0.394628 0.140684 2.98492 -0.152798 -2.3346 0 0 10
0.419164 -0.394628 0.140684 2.98492 -0.152798 -2.3346 0 0 10
0.419164 -0.394628 0.140684 2.98492 -0.152798 -2.3346 0 0 10
0.419164 -0.394628 0.140684 2.98492 -0.152798 -2.3346 0 0 10
0.419164 -0.394628 0.140684 2.98492 -0.152798 -2.3346 0 0 10
0.419164 -0.394628 0.140684 2.98492 -0.152798 -2.3346 0 0 10
0.419164 -0.394628 0.140684 2.98492 -0.152798 -2.3346 0 0 10
0.419164 -0.394628 0.140684 2.98492 -0.152798 -2.3346 0 0 10
0.419164 -0.394628 0.140684 2.98492 -0.152798 -2.3346 0 0 10
0.419164 -0.394628 0.140684 2.98492 -0.152798 -2.3346 0 0 10
0.419164 -0.394628 0.140684 2.98492 -0.152798 -2.3346 0 0 10
0.419164 -0.394628 0.140684 2.98492 -0.152798 -2.3346 0 0 10
0.419164 -0.394628 0.140684 2.98492 -0.152798 -2.3346 0 0 10
0.419164 -0.394628 0.140684 2.98492 -0.152798 -2.3346 0 0 10
0.419164 -0.394628 0.140684 2.98492 -0.152798 -2.3346 0 0 10
0.419164 -0.394628 0.140684 2.98492 -0.152798 -2.3346 0 0 10
0.419164 -0.394628 0.140684 2.98492 -0.152798 -2.3346 0 0 10
0.419164 -0.394628 0.140684 2.98492 -0.152798 -2.3346 0 0 10
0.419164 -0.394628 0.140684 2.98492 -0.152798 -2.3346 0 0 10
0.419164 -0.394628 0.140684 2.98492 -0.152798 -2.3346 0 0 10
0.419164 -0.394628 0.140684 2.98492 -0.152798 -2.3346 0 0 10
0.419164 -0.394628 0.140684 2.98492 -0.152798 -2.3346 0 0 10
0.419164 -0.394628 0.140684 2.98492 -0.152798 -2.3346 0 0 10
0.419164 -0.394628 0.140684 2.98492 -0.152798 -2.3346 0 0 10
0.419164 -0.394628 0.140684 2.98492 -0.152798 -2.3346 0 0 10
0.419164 -0.394628 0.140684 2.98492 -0.152798 -2.3346 0 0 10
0.419164 -0.394628 0.140684 2.98492 -0.152798 -2.3346 0 0 10
0.419164 -0.394628 0.140684 2.98492 -0.152798 -2.3346 0 0 10
0.419164 -0.394628 0.140684 2.98492 -0.152798 -2.3346 0 0 10
0.419164 -0.394628 0.140684 2.98492 -0.152798 -2.3346 0 0 10
0.419164 -0.394628 0.140684 2.98492 -0.152798 -2.3346 0 0 10
0.419164 -0.394628 0.140684 2.98492 -0.152798 -2.3346 0 0 10
0.419164 -0.394628 0.140684 2.98492 -0.152798 -2.3346 0 0 10
0.419164 -0.394628 0.140684 2.98492 -0.152798 -2.3346 0 0 10
0.419164 -0.394628 0.140684 2.98492 -0.152798 -2.3346 0 0 10
0.419164 -0.394628 0.140684 2.98492 -0.152798 -2.3346 0 0 10
0.419164 -0.394628 0.140684 2.98492 -0.152798 -2.3346 0 0 10
0.419164 -0.394628 0.140684 2.98492 -0.152798 -2.3346 0 0 10
0.419164 -0.394628 0.140684 2.98492 -0.152798 -2.3346 0 0 10
0.419164 -0.394628 0.140684 2.98492 -0.152798 -2.3346 0 0 10
0.419164 -0.394628 0.140684 2.98492 -0.152798 -2.3346 0 0 10
0.419164 -0.394628 0.140684 2.98492 -0.152798 -2.3346 0 0 10
0.419164 -0.394628 0.140684 2.98492 -0.152798 -2.3346 0 0 10
0.419164 -0.394628 0.140684 2.98492 -0.152798 -2.3346 0 0 10
0.419164 -0.394628 0.140684 2.98492 -0.152798 -2.3346 0 0 10
0.419164 -0.394628 0.140684 2.98492 -0.152798 -2.3346 0 0 10
0.419164 -0.394628 0.140684 2.98492 -0.152798 -2.3346 0 0 10
0.419164 -0.394628 0.140684 2.98492 -0.152798 -2.3346 0 0 10
0.419164 -0.394628 0.140684 2.98492 -0.152798 -2.3346 0 0 10
0.419164 -0.394628 0.140684 2.98492 -0.152798 -2.3346 0 0 10
0.419164 -0.394628 0.140684 2.98492 -0.152798 -2.3346 0 0 10
0.419164 -0.394628 0.140684 2.98492 -0.152798 -2.3346 0 0 10
0.419164 -0.394628 0.140684 2.98492 -0.152798 -2.3346 0 0 10
0.419164 -0.394628 0.140684 2.98492 -0.152798 -2.3346 0 0 10
0.419164 -0.394628 0.140684 2.98492 -0.152798 -2.3346 0 0 10
0.419164 -0.394628 0.140684 2.98492 -0.152798 -2.3346 0 0 10
0.419164 -0.394628 0.140684 2.98492 -0.152798 -2.3346 0 0 10
0.419164 -0.394628 0.140684 2.98492 -0.152798 -2.3346 0 0 10
0.419164 -0.394628 0.140684 2.98492 -0.152798 -2.3346 0 0 10
0.419164 -0.394628 0.140684 2.98492 -0.152798 -2.3346 0 0 10
0.419164 -0.394628 0.140684 2.98492 -0.152798 -2.3346 0 0 10
0.419164 -0.394628 0.140684 2.98492 -0.152798 -2.3346 0 0 10
0.419164 -0.394628 0.140684 2.98492 -0.152798 -2.3346 0 0 10
0.419164 -0.394628 0.140684 2.98492 -0.152798 -2.3346 0 0 10
0.419164 -0.394628 0.140684 2.98492 -0.152798 -2.3346 0 0 10
0.419164 -0.394628 0.140684 2.98492 -0.152798 -2.3346 0 0 10
0.419164 -0.394628 0.140684 2.98492 -0.152798 -2.3346 0 0 10
0.419164 -0.394628 0.140684 2.98492 -0.152798 -2.3346 0 0 10
0.419164 -0.394628 0.140684 2.98492 -0.152798 -2.3346 0 0 10
0.419164 -0.394628 0.140684 2.98492 -0.152798 -2.3346 0 0 10
0.419164 -0.394628 0.140684 2.98492 -0.152798 -2.3346 0 0 10
0.419164 -0.394628 0.140684 2.98492 -0.152798 -2.3346 0 0 10
0.419164 -0.394628 0.140684 2.98492 -0.152798 -2.3346 0 0 10
0.419164 -0.394628 0.140684 2.98492 -0.152798 -2.3346 0 0 10
0.419164 -0.394628 0.140684 2.98492 -0.152798 -2.3346 0 0 10
0.419164 -0.394628 0.140684 2.98492 -0.152798 -2.3346 0 0 10
0.419164 -0.394628 0.140684 2.98492 -0.152798 -2.3346 0 0 10
0.419164 -0.394628 0.140684 2.98492 -0.152798 -2.3346 0 0 10
0.419164 -0.394628 0.140684 2.98492 -0.152798 -2.3346 0 0 10
0.419164 -0.394628 0.140684 2.98492 -0.152798 -2.3346 0 0 10
0.419164 -0.394628 0.140684 2.98492 -0.152798 -2.3346 0 0 10
0.419164 -0.394628 0.140684 2.98492 -0.152798 -2.3346 0 0 10
0.419164 -0.394628 0.140684 2.98492 -0.152798 -2.3346 0 0 10
0.419164 -0.394628 0.140684 2.98492 -0.152798 -2.3346 0 0 10
0.419164 -0.394628 0.140684 2.98492 -0.152798 -2.3346 0 0 10
0.419164 -0.394628 0.140684 2.98492 -0.152798 -2.3346 0 0 10
0.419164 -0.394628 0.140684 2.98492 -0.152798 -2.3346 0 0 10
0.419164 -0.394628 0.140684 2.98492 -0.152798 -2.3346 0 0 10
0.419164 -0.394628 0.140684 2.98492 -0.152798 -2.3346 0 0 10
0.419164 -0.394628 0.140684 2.98492 -0.152798 -2.3346 0 0 10
0.419164 -0.394628 0.140684 2.98492 -0.152798 -2.3346 0 0 10
0.419164 -0.394628 0.140684 2.98492 -0.152798 -2.3346 0 0 10
0.419164 -0.394628 0.140684 2.98492 -0.152798 -2.3346 0 0 10
0.419164 -0.394628 0.140684 2.98492 -0.152798 -2.3346 0 0 10
0.419164 -0.394628 0.140684 2.98492 -0.152798 -2.3346 0 0 10
0.419164 -0.394628 0.140684 2.98492 -0.152798 -2.3346 0 0 10
0.419164 -0.394628 0.140684 2.98492 -0.152798 -2.3346 0 0 10
0.419164 -0.394628 0.140684 2.98492 -0.152798 -2.3346 0 0 10
0.419164 -0.394628 0.140684 2.98492 -0.152798 -2.3346 0 0 10
0.419164 -0.394628 0.140684 2.98492 -0.152798 -2.3346 0 0 10
0.419164 -0.394628 0.140684 2.98492 -0.152798 -2.3346 0 0 10
0.419164 -0.394628 0.140684 2.98492 -0.152798 -2.3346 0 0 10
0.419164 -0.394628 0.140684 2.98492 -0.152798 -2.3346 0 0 10
0.419164 -0.394628 0.140684 2.98492 -0.152798 -2.3346 0 0 10
0.419164 -0.394628 0.140684 2.98492 -0.152798 -2.3346 0 0 10
0.419164 -0.394628 0.140684 2.98492 -0.152798 -2.3346 0 0 10
0.419164 -0.394628 0.140684 2.98492 -0.152798 -2.3346 0 0 10
0.419164 -0.394628 0.140684 2.98492 -0.152798 -2.3346 0 0 10
0.419164 -0.394628 0.140684 2.98492 -0.152798 -2.3346 0 0 10
0.419164 -0.394628 0.140684 2.98492 -0.152798 -2.3346 0 0 10
0.419164 -0.394628 0.140684 2.98492 -0.152798 -2.3346 0 0 10
0.419164 -0.394628 0.140684 2.98492 -0.152798 -2.3346 0 0 10
0.419164 -0.394628 0.140684 2.98492 -0.152798 -2.3346 0 0 10
0.419164 -0.394628 0.140684 2.98492 -0.152798 -2.3346 0 0 10
0.419164 -0.394628 0.140684 2.98492 -0.152798 -2.3346 0 0 10
0.419164 -0.394628 0.140684 2.98492 -0.152798 -2.3346 0 0 10
0.419164 -0.394628 0.140684 2.98492 -0.152798 -2.3346 0 0 10
0.419164 -0.394628 0.140684 2.98492 -0.152798 -2.3346 0 0 10
0.419164 -0.394628 0.140684 2.98492 -0.152798 -2.3346 0 0 10
0.419164 -0.394628 0.140684 2.98492 -0.152798 -2.3346 0 0 10
0.419164 -0.394628 0.140684 2.98492 -0.152798 -2.3346 0 0 10
0.419164 -0.394628 0.140684 2.98492 -0.152798 -2.3346 0 0 10
0.419164 -0.394628 0.140684 2.98492 -0.152798 -2.3346 0 0 10
0.419164 -0.394628 0.140684 2.98492 -0.152798 -2.3346 0 0 10
0.419164 -0.394628 0.140684 2.98492 -0.152798 -2.3346 0 0 10
0.419164 -0.394628 0.140684 2.98492 -0.152798 -2.3346 0 0 10
0.419164 -0.394628 0.140684 2.98492 -0.152798 -2.3346 0 0 10
0.419164 -0.394628 0.140684 2.98492 -0.152798 -2.3346 0 0 10
0.419164 -0.394628 0.140684 2.98492 -0.152798 -2.3346 0 0 10
0.419164 -0.394628 0.140684 2.98492 -0.152798 -2.3346 0 0 10
0.419164 -0.394628 0.140684 2.98492 -0.152798 -2.3346 0 0 10
0.419164 -0.394628 0.140684 2.98492 -0.152798 -2.3346 0 0 10
0.419164 -0.394628 0.140684 2.98492 -0.152798 -2.3346 0 0 10
0.419164 -0.394628 0.140684 2.98492 -0.152798 -2.3346 0 0 10
0.419164 -0.394628 0.140684 2.98492 -0.152798 -2.3346 0 0 10
0.419164 -0.394628 0.140684 2.98492 -0.152798 -2.3346 0 0 10
0.419164 -0.394628 0.140684 2.98492 -0.152798 -2.3346 0 0 10
0.419164 -0.394628 0.140684 2.98492 -0.152798 -2.3346 0 0 10
0.419164 -0.394628 0.140684 2.98492 -0.152798 -2.3346 0 0 10
0.419164 -0.394628 0.140684 2.98492 -0.152798 -2.3346 0 0 10
0.419164 -0.394628 0.140684 2.98492 -0.152798 -2.3346 0 0 10
0.419164 -0.394628 0.140684 2.98492 -0.152798 -2.3346 0 0 10
0.419164 -0.394628 0.140684 2.98492 -0.152798 -2.3346 0 0 10
0.419164 -0.394628 0.140684 2.98492 -0.152798 -2.3346 0 0 10
0.419164 -0.394628 0.140684 2.98492 -0.152798 -2.3346 0 0 10
0.419164 -0.394628 0.140684 2.98492 -0.152798 -2.3346 0 0 10
0.419164 -0.394628 0.140684 2.98492 -0.152798 -2.3346 0 0 10
0.419164 -0.394628 0.140684 2.98492 -0.152798 -2.3346 0 0 10
0.419164 -0.394628 0.140684 2.98492 -0.152798 -2.3346 0 0 10
0.419164 -0.394628 0.140684 2.98492 -0.152798 -2.3346 0 0 10
0.419164 -0.394628 0.140684 2.98492 -0.152798 -2.3346 0 0 10
0.419164 -0.394628 0.140684 2.98492 -0.152798 -2.3346 0 0 10
0.419164 -0.394628 0.140684 2.98492 -0.152798 -2.3346 0 0 10
0.419164 -0.394628 0.140684 2.98492 -0.152798 -2.3346 0 0 10
0.419164 -0.394628 0.140684 2.98492 -0.152798 -2.3346 0 0 10
0.419164 -0.394628 0.140684 2.98492 -0.152798 -2.3346 0 0 10
0.419164 -0.394628 0.140684 2.98492 -0.152798 -2.3346 0 0 10
0.419164 -0.394628 0.140684 2.98492 -0.152798 -2.3346 0 0 10
0.419164 -0.394628 0.140684 2.98492 -0.152798 -2.3346 0 0 10
0.419164 -0.394628 0.140684 2.98492 -0.152798 -2.3346 0 0 10
0.419164 -0.394628 0.140684 2.98492 -0.152798 -2.3346 0 0 10
0.419164 -0.394628 0.140684 2.98492 -0.152798 -2.3346 0 0 10
0.419164 -0.394628 0.140684 2.98492 -0.152798 -2.3346 0 0 10
0.419164 -0.394628 0.140684 2.98492 -0.152798 -2.3346 0 0 10
0.419164 -0.394628 0.140684 2.98492 -0.152798 -2.3346 0 0 10
0.419164 -0.394628 0.140684 2.98492 -0.152798 -2.3346 0 0 10
0.419164 -0.394628 0.140684 2.98492 -0.152798 -2.3346 0 0 10
0.419164 -0.394628 0.140684 2.98492 -0.152798 -2.3346 0 0 10
0.419164 -0.394628 0.140684 2.98492 -0.152798 -2.3346 0 0 10
0.419164 -0.394628 0.140684 2.98492 -0.152798 -2.3346 0 0 10
0.419164 -0.394628 0.140684 2.98492 -0.152798 -2.3346 0 0 10
0.419164 -0.394628 0.140684 2.98492 -0.152798 -2.3346 0 0 10
0.419164 -0.394628 0.140684 2.98492 -0.152798 -2.3346 0 0 10
0.419164 -0.394628 0.140684 2.98492 -0.152798 -2.3346 0 0 10
0.419164 -0.394628 0.140684 2.98492 -0.152798 -2.3346 0 0 10
0.419164 -0.394628 0.140684 2.98492 -0.152798 -2.3346 0 0 10
0.419164 -0.394628 0.140684 2.98492 -0.152798 -2.3346 0 0 10
0.419164 -0.394628 0.140684 2.98492 -0.152798 -2.3346 0 0 10
0.419164 -0.394628 0.140684 2.98492 -0.152798 -2.3346 0 0 10
0.419164 -0.394628 0.140684 2.98492 -0.152798 -2.3346 0 0 10
0.419164 -0.394628 0.140684 2.98492 -0.152798 -2.3346 0 0 10
0.419164 -0.394628 0.140684 2.98492 -0.152798 -2.3346 0 0 10
0.419164 -0.394628 0.140684 2.98492 -0.152798 -2.3346 0 0 10
0.419164 -0.394628 0.140684 2.98492 -0.152798 -2.3346 0 0 10
0.419164 -0.394628 0.140684 2.98492 -0.152798 -2.3346 0 0 10
0.419164 -0.394628 0.140684 2.98492 -0.152798 -2.3346 0 0 10
0.419164 -0.394628 0.140684 2.98492 -0.152798 -2.3346 0 0 10
0.419164 -0.394628 0.140684 2.98492 -0.152798 -2.3346 0 0 10
0.419164 -0.394628 0.140684 2.98492 -0.152798 -2.3346 0 0 10
0.419164 -0.394628 0.140684 2.98492 -0.152798 -2.3346 0 0 10
0.419164 -0.394628 0.140684 2.98492 -0.152798 -2.3346 0 0 10
0.419164 -0.394628 0.140684 2.98492 -0.152798 -2.3346 0 0 10
0.419164 -0.394628 0.140684 2.98492 -0.152798 -2.3346 0 0 10
0.419164 -0.394628 0.140684 2.98492 -0.152798 -2.3346 0 0 10
0.419164 -0.394628 0.140684 2.98492 -0.152798 -2.3346 0 0 10
0.419164 -0.394628 0.140684 2.98492 -0.152798 -2.3346 0 0 10
0.419164 -0.394628 0.140684 2.98492 -0.152798 -2.3346 0 0 10
0.419164 -0.394628 0.140684 2.98492 -0.152798 -2.3346 0 0 10
0.419164 -0.394628 0.140684 2.98492 -0.152798 -2.3346 0 0 10
0.419164 -0.394628 0.140684 2.98492 -0.152798 -2.3346 0 0 10
0.419164 -0.394628 0.140684 2.98492 -0.152798 -2.3346 0 0 10
0.419164 -0.394628 0.140684 2.98492 -0.152798 -2.3346 0 0 10
0.419164 -0.394628 0.140684 2.98492 -0.152798 -2.3346 0 0 10
0.419164 -0.394628 0.140684 2.98492 -0.152798 -2.3346 0 0 10
0.419164 -0.394628 0.140684 2.98492 -0.152798 -2.3346 0 0 10
0.419164 -0.394628 0.140684 2.98492 -0.152798 -2.3346 0 0 10
0.419164 -0.394628 0.140684 2.98492 -0.152798 -2.3346 0 0 10
0.419164 -0.394628 0.140684 2.98492 -0.152798 -2.3346 0 0 10
0.419164 -0.394628 0.140684 2.98492 -0.152798 -2.3346 0 0 10
0.419164 -0.394628 0.140684 2.98492 -0.152798 -2.3346 0 0 10
0.419164 -0.394628 0.140684 2.98492 -0.152798 -2.3346 0 0 10
0.419164 -0.394628 0.140684 2.98492 -0.152798 -2.3346 0 0 10
0.419164 -0.394628 0.140684 2.98492 -0.152798 -2.3346 0 0 10
0.419164 -0.394628 0.140684 2.98492 -0.152798 -2.3346 0 0 10
0.419164 -0.394628 0.140684 2.98492 -0.152798 -2.3346 0 0 10
0.419164 -0.394628 0.140684 2.98492 -0.152798 -2.3346 0 0 10
0.419164 -0.394628 0.140684 2.98492 -0.152798 -2.3346 0 0 10
0.419164 -0.394628 0.140684 2.98492 -0.152798 -2.3346 0 0 10
0.419164 -0.394628 0.140684 2.98492 -0.152798 -2.3346 0 0 10
0.419164 -0.394628 0.140684 2.98492 -0.152798 -2.3346 0 0 10
0.419164 -0.394628 0.140684 2.98492 -0.152798 -2.3346 0 0 10
0.419164 -0.394628 0.140684 2.98492 -0.152798 -2.3346 0 0 10
0.419164 -0.394628 0.140684 2.98492 -0.152798 -2.3346 0 0 10
0.419164 -0.394628 0.140684 2.98492 -0.152798 -2.3346 0 0 10
0.419164 -0.394628 0.140684 2.98492 -0.152798 -2.3346 0 0 10
0.419164 -0.394628 0.140684 2.98492 -0.152798 -2.3346 0 0 10
0.419164 -0.394628 0.140684 2.98492 -0.152798 -2.3346 0 0 10
0.419164 -0.394628 0.140684 2.98492 -0.152798 -2.3346 0 0 10
0.419164 -0.394628 0.140684 2.98492 -0.152798 -2.3346 0 0 10
0.419164 -0.394628 0.140684 2.98492 -0.152798 -2.3346 0 0 10
0.419164 -0.394628 0.140684 2.98492 -0.152798 -2.3346 0 0 10
0.419164 -0.394628 0.140684 2.98492 -0.152798 -2.3346 0 0 10
0.419164 -0.394628 0.140684 2.98492 -0.152798 -2.3346 0 0 10
0.419164 -0.394628 0.140684 2.98492 -0.152798 -2.3346 0 0 10
0.419164 -0.394628 0.140684 2.98492 -0.152798 -2.3346 0 0 10
0.419164 -0.394628 0.140684 2.98492 -0.152798 -2.3346 0 0 10
0.419164 -0.394628 0.140684 2.98492 -0.152798 -2.3346 0 0 10
0.419164 -0.394628 0.140684 2.98492 -0.152798 -2.3346 0 0 10
0.419164 -0.394628 0.140684 2.98492 -0.152798 -2.3346 0 0 10
0.419164 -0.394628 0.140684 2.98492 -0.152798 -2.3346 0 0 10
0.419164 -0.394628 0.140684 2.98492 -0.152798 -2.3346 0 0 10
0.419164 -0.394628 0.140684 2.98492 -0.152798 -2.3346 0 0 10
0.419164 -0.394628 0.140684 2.98492 -0.152798 -2.3346 0 0 10
0.419164 -0.394628 0.140684 2.98492 -0.152798 -2.3346 0 0 10
0.419164 -0.394628 0.140684 2.98492 -0.152798 -2.3346 0 0 10
0.419164 -0.394628 0.140684 2.98492 -0.152798 -2.3346 0 0 10
0.419164 -0.394628 0.140684 2.98492 -0.152798 -2.3346 0 0 10
0.419164 -0.394628 0.140684 2.98492 -0.152798 -2.3346 0 0 10
0.419164 -0.394628 0.140684 2.98492 -0.152798 -2.3346 0 0 10
0.419164 -0.394628 0.140684 2.98492 -0.152798 -2.3346 0 0 10
0.419164 -0.394628 0.140684 2.98492 -0.152798 -2.3346 0 0 10
0.419164 -0.394628 0.140684 2.98492 -0.152798 -2.3346 0 0 10
0.419164 -0.394628 0.140684 2.98492 -0.152798 -2.3346 0 0 10
0.419164 -0.394628 0.140684 2.98492 -0.152798 -2.3346 0 0 10
0.419164 -0.394628 0.140684 2.98492 -0.152798 -2.3346 0 0 10
0.419164 -0.394628 0.140684 2.98492 -0.152798 -2.3346 0 0 10
0.419164 -0.394628 0.140684 2.98492 -0.152798 -2.3346 0 0 10
0.419164 -0.394628 0.140684 2.98492 -0.152798 -2.3346 0 0 10
0.419164 -0.394628 0.140684 2.98492 -0.152798 -2.3346 0 0 10
0.419164 -0.394628 0.140684 2.98492 -0.152798 -2.3346 0 0 10
0.419164 -0.394628 0.140684 2.98492 -0.152798 -2.3346 0 0 10
0.419164 -0.394628 0.140684 2.98492 -0.152798 -2.3346 0 0 10
0.419164 -0.394628 0.140684 2.98492 -0.152798 -2.3346 0 0 10
0.419164 -0.394628 0.140684 2.98492 -0.152798 -2.3346 0 0 10
0.419164 -0.394628 0.140684 2.98492 -0.152798 -2.3346 0 0 10
0.419164 -0.394628 0.140684 2.98492 -0.152798 -2.3346 0 0 10
0.419164 -0.394628 0.140684 2.98492 -0.152798 -2.3346 0 0 10
0.419164 -0.394628 0.140684 2.98492 -0.152798 -2.3346 0 0 10
0.419164 -0.394628 0.140684 2.98492 -0.152798 -2.3346 0 0 10
0.419164 -0.394628 0.140684 2.98492 -0.152798 -2.3346 0 0 10
0.419164 -0.394628 0.140684 2.98492 -0.152798 -2.3346 0 0 10
0.419164 -0.394628 0.140684 2.98492 -0.152798 -2.3346 0 0 10
0.419164 -0.394628 0.140684 2.98492 -0.152798 -2.3346 0 0 10
0.419164 -0.394628 0.140684 2.98492 -0.152798 -2.3346 0 0 10
0.419164 -0.394628 0.140684 2.98492 -0.152798 -2.3346 0 0 10
0.419164 -0.394628 0.140684 2.98492 -0.152798 -2.3346 0 0 10
0.419164 -0.394628 0.140684 2.98492 -0.152798 -2.3346 0 0 10
0.419164 -0.394628 0.140684 2.98492 -0.152798 -2.3346 0 0 10
0.419164 -0.394628 0.140684 2.98492 -0.152798 -2.3346 0 0 10
0.419164 -0.394628 0.140684 2.98492 -0.152798 -2.3346 0 0 10
0.419164 -0.394628 0.140684 2.98492 -0.152798 -2.3346 0 0 10
0.419164 -0.394628 0.140684 2.98492 -0.152798 -2.3346 0 0 10
0.419164 -0.394628 0.140684 2.98492 -0.152798 -2.3346 0 0 10
0.419164 -0.394628 0.140684 2.98492 -0.152798 -2.3346 0 0 10
0.419164 -0.394628 0.140684 2.98492 -0.152798 -2.3346 0 0 10
0.419164 -0.394628 0.140684 2.98492 -0.152798 -2.3346 0 0 10
0.419164 -0.394628 0.140684 2.98492 -0.152798 -2.3346 0 0 10
0.419164 -0.394628 0.140684 2.98492 -0.152798 -2.3346 0 0 10
0.419164 -0.394628 0.140684 2.98492 -0.152798 -2.3346 0 0 10
0.419164 -0.394628 0.140684 2.98492 -0.152798 -2.3346 0 0 10
0.419164 -0.394628 0.140684 2.98492 -0.152798 -2.3346 0 0 10
0.419164 -0.394628 0.140684 2.98492 -0.152798 -2.3346 0 0 10
0.419164 -0.394628 0.140684 2.98492 -0.152798 -2.3346 0 0 10
0.419164 -0.394628 0.140684 2.98492 -0.152798 -2.3346 0 0 10
0.419164 -0.394628 0.140684 2.98492 -0.152798 -2.3346 0 0 10
0.419164 -0.394628 0.140684 2.98492 -0.152798 -2.3346 0 0 10
0.419164 -0.394628 0.140684 2.98492 -0.152798 -2.3346 0 0 10
0.419164 -0.394628 0.140684 2.98492 -0.152798 -2.3346 0 0 10
0.419164 -0.394628 0.140684 2.98492 -0.152798 -2.3346 0 0 10
0.419164 -0.394628 0.140684 2.98492 -0.152798 -2.3346 0 0 10
0.419164 -0.394628 0.140684 2.98492 -0.152798 -2.3346 0 0 10
0.419164 -0.394628 0.140684 2.98492 -0.152798 -2.3346 0 0 10
0.419164 -0.394628 0.140684 2.98492 -0.152798 -2.3346 0 0 10
0.419164 -0.394628 0.140684 2.98492 -0.152798 -2.3346 0 0 10
0.419164 -0.394628 0.140684 2.98492 -0.152798 -2.3346 0 0 10
0.419164 -0.394628 0.140684 2.98492 -0.152798 -2.3346 0 0 10
0.419164 -0.394628 0.140684 2.98492 -0.152798 -2.3346 0 0 10
0.419164 -0.394628 0.140684 2.98492 -0.152798 -2.3346 0 0 10
0.419164 -0.394628 0.140684 2.98492 -0.152798 -2.3346 0 0 10
0.419164 -0.394628 0.140684 2.98492 -0.152798 -2.3346 0 0 10
0.419164 -0.394628 0.140684 2.98492 -0.152798 -2.3346 0 0 10
0.419164 -0.394628 0.140684 2.98492 -0.152798 -2.3346 0 0 10
0.419164 -0.394628 0.140684 2.98492 -0.152798 -2.3346 0 0 10
0.419164 -0.394628 0.140684 2.98492 -0.152798 -2.3346 0 0 10
0.419164 -0.394628 0.140684 2.98492 -0.152798 -2.3346 0 0 10
0.419164 -0.394628 0.140684 2.98492 -0.152798 -2.3346 0 0 10
0.419164 -0.394628 0.140684 2.98492 -0.152798 -2.3346 0 0 10
0.419164 -0.394628 0.140684 2.98492 -0.152798 -2.3346 0 0 10
0.419164 -0.394628 0.140684 2.98492 -0.152798 -2.3346 0 0 10
0.419164 -0.394628 0.140684 2.98492 -0.152798 -2.3346 0 0 10
0.419164 -0.394628 0.140684 2.98492 -0.152798 -2.3346 0 0 10
0.419164 -0.394628 0.140684 2.98492 -0.152798 -2.3346 0 0 10
0.419164 -0.394628 0.140684 2.98492 -0.152798 -2.3346 0 0 10
0.419164 -0.394628 0.140684 2.98492 -0.152798 -2.3346 0 0 10
0.419164 -0.394628 0.140684 2.98492 -0.152798 -2.3346 0 0 10
0.419164 -0.394628 0.140684 2.98492 -0.152798 -2.3346 0 0 10
0.419164 -0.394628 0.140684 2.98492 -0.152798 -2.3346 0 0 10
0.419164 -0.394628 0.140684 2.98492 -0.152798 -2.3346 0 0 10
0.419164 -0.394628 0.140684 2.98492 -0.152798 -2.3346 0 0 10
0.419164 -0.394628 0.140684 2.98492 -0.152798 -2.3346 0 0 10
0.419164 -0.394628 0.140684 2.98492 -0.152798 -2.3346 0 0 10
0.419164 -0.394628 0.140684 2.98492 -0.152798 -2.3346 0 0 10
0.419164 -0.394628 0.140684 2.98492 -0.152798 -2.3346 0 0 10
0.419164 -0.394628 0.140684 2.98492 -0.152798 -2.3346 0 0 10
0.419164 -0.394628 0.140684 2.98492 -0.152798 -2.3346 0 0 10
0.419164 -0.394628 0.140684 2.98492 -0.152798 -2.3346 0 0 10
0.419164 -0.394628 0.140684 2.98492 -0.152798 -2.3346 0 0 10
0.419164 -0.394628 0.140684 2.98492 -0.152798 -2.3346 0 0 10
0.419164 -0.394628 0.140684 2.98492 -0.152798 -2.3346 0 0 10
0.419164 -0.394628 0.140684 2.98492 -0.152798 -2.3346 0 0 10
0.419164 -0.394628 0.140684 2.98492 -0.152798 -2.3346 0 0 10
0.419164 -0.394628 0.140684 2.98492 -0.152798 -2.3346 0 0 10
0.419164 -0.394628 0.140684 2.98492 -0.152798 -2.3346 0 0 10
0.419164 -0.394628 0.140684 2.98492 -0.152798 -2.3346 0 0 10
0.419164 -0.394628 0.140684 2.98492 -0.152798 -2.3346 0 0 10
0.419164 -0.394628 0.140684 2.98492 -0.152798 -2.3346 0 0 10
0.419164 -0.394628 0.140684 2.98492 -0.152798 -2.3346 0 0 10
0.419164 -0.394628 0.140684 2.98492 -0.152798 -2.3346 0 0 10
0.419164 -0.394628 0.140684 2.98492 -0.152798 -2.3346 0 0 10
0.419164 -0.394628 0.140684 2.98492 -0.152798 -2.3346 0 0 10
0.419164 -0.394628 0.140684 2.98492 -0.152798 -2.3346 0 0 10
0.419164 -0.394628 0.140684 2.98492 -0.152798 -2.3346 0 0 10
0.419164 -0.394628 0.140684 2.98492 -0.152798 -2.3346 0 0 10
0.419164 -0.394628 0.140684 2.98492 -0.152798 -2.3346 0 0 10
0.419164 -0.394628 0.140684 2.98492 -0.152798 -2.3346 0 0 10
0.419164 -0.394628 0.140684 2.98492 -0.152798 -2.3346 0 0 10
0.419164 -0.394628 0.140684 2.98492 -0.152798 -2.3346 0 0 10
0.419164 -0.394628 0.140684 2.98492 -0.152798 -2.3346 0 0 10
0.419164 -0.394628 0.140684 2.98492 -0.152798 -2.3346 0 0 10
0.419164 -0.394628 0.140684 2.98492 -0.152798 -2.3346 0 0 10
0.419164 -0.394628 0.140684 2.98492 -0.152798 -2.3346 0 0 10
0.419164 -0.394628 0.140684 2.98492 -0.152798 -2.3346 0 0 10
0.419164 -0.394628 0.140684 2.98492 -0.152798 -2.3346 0 0 10
0.419164 -0.394628 0.140684 2.98492 -0.152798 -2.3346 0 0 10
0.419164 -0.394628 0.140684 2.98492 -0.152798 -2.3346 0 0 10
0.419164 -0.394628 0.140684 2.98492 -0.152798 -2.3346 0 0 10
0.419164 -0.394628 0.140684 2.98492 -0.152798 -2.3346 0 0 10
0.419164 -0.394628 0.140684 2.98492 -0.152798 -2.3346 0 0 10
0.419164 -0.394628 0.140684 2.98492 -0.152798 -2.3346 0 0 10
0.419164 -0.394628 0.140684 2.98492 -0.152798 -2.3346 0 0 10
0.419164 -0.394628 0.140684 2.98492 -0.152798 -2.3346 0 0 10
0.419164 -0.394628 0.140684 2.98492 -0.152798 -2.3346 0 0 10
0.419164 -0.394628 0.140684 2.98492 -0.152798 -2.3346 0 0 10
0.419164 -0.394628 0.140684 2.98492 -0.152798 -2.3346 0 0 10
0.419164 -0.394628 0.140684 2.98492 -0.152798 -2.3346 0 0 10
0.419164 -0.394628 0.140684 2.98492 -0.152798 -2.3346 0 0 10
0.419164 -0.394628 0.140684 2.98492 -0.152798 -2.3346 0 0 10
0.419164 -0.394628 0.140684 2.98492 -0.152798 -2.3346 0 0 10
0.419164 -0.394628 0.140684 2.98492 -0.152798 -2.3346 0 0 10
0.419164 -0.394628 0.140684 2.98492 -0.152798 -2.3346 0 0 10
0.419164 -0.394628 0.140684 2.98492 -0.152798 -2.3346 0 0 10
0.419164 -0.394628 0.140684 2.98492 -0.152798 -2.3346 0 0 10
0.419164 -0.394628 0.140684 2.98492 -0.152798 -2.3346 0 0 10
0.419164 -0.394628 0.140684 2.98492 -0.152798 -2.3346 0 0 10
0.419164 -0.394628 0.140684 2.98492 -0.152798 -2.3346 0 0 10
0.419164 -0.394628 0.140684 2.98492 -0.152798 -2.3346 0 0 10
0.419164 -0.394628 0.140684 2.98492 -0.152798 -2.3346 0 0 10
0.419164 -0.394628 0.140684 2.98492 -0.152798 -2.3346 0 0 10
0.419164 -0.394628 0.140684 2.98492 -0.152798 -2.3346 0 0 10
0.419164 -0.394628 0.140684 2.98492 -0.152798 -2.3346 0 0 10
0.419164 -0.394628 0.140684 2.98492 -0.152798 -2.3346 0 0 10
0.419164 -0.394628 0.140684 2.98492 -0.152798 -2.3346 0 0 10
0.419164 -0.394628 0.140684 2.98492 -0.152798 -2.3346 0 0 10
0.419164 -0.394628 0.140684 2.98492 -0.152798 -2.3346 0 0 10
0.419164 -0.394628 0.140684 2.98492 -0.152798 -2.3346 0 0 10
0.419164 -0.394628 0.140684 2.98492 -0.152798 -2.3346 0 0 10
0.419164 -0.394628 0.140684 2.98492 -0.152798 -2.3346 0 0 10
0.419164 -0.394628 0.140684 2.98492 -0.152798 -2.3346 0 0 10
0.419164 -0.394628 0.140684 2.98492 -0.152798 -2.3346 0 0 10
0.419164 -0.394628 0.140684 2.98492 -0.152798 -2.3346 0 0 10
0.419164 -0.394628 0.140684 2.98492 -0.152798 -2.3346 0 0 10
0.419164 -0.394628 0.140684 2.98492 -0.152798 -2.3346 0 0 10
0.419164 -0.394628 0.140684 2.98492 -0.152798 -2.3346 0 0 10
0.419164 -0.394628 0.140684 2.98492 -0.152798 -2.3346 0 0 10
0.419164 -0.394628 0.140684 2.98492 -0.152798 -2.3346 0 0 10
0.419164 -0.394628 0.140684 2.98492 -0.152798 -2.3346 0 0 10
0.419164 -0.394628 0.140684 2.98492 -0.152798 -2.3346 0 0 10
0.419164 -0.394628 0.140684 2.98492 -0.152798 -2.3346 0 0 10
0.419164 -0.394628 0.140684 2.98492 -0.152798 -2.3346 0 0 10
0.419164 -0.394628 0.140684 2.98492 -0.152798 -2.3346 0 0 10
0.419164 -0.394628 0.140684 2.98492 -0.152798 -2.3346 0 0 10
0.419164 -0.394628 0.140684 2.98492 -0.152798 -2.3346 0 0 10
0.419164 -0.394628 0.140684 2.98492 -0.152798 -2.3346 0 0 10
0.419164 -0.394628 0.140684 2.98492 -0.152798 -2.3346 0 0 10
0.419164 -0.394628 0.140684 2.98492 -0.152798 -2.3346 0 0 10
0.419164 -0.394628 0.140684 2.98492 -0.152798 -2.3346 0 0 10
0.419164 -0.394628 0.140684 2.98492 -0.152798 -2.3346 0 0 10
0.419164 -0.394628 0.140684 2.98492 -0.152798 -2.3346 0 0 10
0.419164 -0.394628 0.140684 2.98492 -0.152798 -2.3346 0 0 10
0.419164 -0.394628 0.140684 2.98492 -0.152798 -2.3346 0 0 10
0.419164 -0.394628 0.140684 2.98492 -0.152798 -2.3346 0 0 10
0.419164 -0.394628 0.140684 2.98492 -0.152798 -2.3346 0 0 10
0.419164 -0.394628 0.140684 2.98492 -0.152798 -2.3346 0 0 10
0.419164 -0.394628 0.140684 2.98492 -0.152798 -2.3346 0 0 10
0.419164 -0.394628 0.140684 2.98492 -0.152798 -2.3346 0 0 10
0.419164 -0.394628 0.140684 2.98492 -0.152798 -2.3346 0 0 10
0.419164 -0.394628 0.140684 2.98492 -0.152798 -2.3346 0 0 10
0.419164 -0.394628 0.140684 2.98492 -0.152798 -2.3346 0 0 10
0.419164 -0.394628 0.140684 2.98492 -0.152798 -2.3346 0 0 10
0.419164 -0.394628 0.140684 2.98492 -0.152798 -2.3346 0 0 10
0.419164 -0.394628 0.140684 2.98492 -0.152798 -2.3346 0 0 10
0.419164 -0.394628 0.140684 2.98492 -0.152798 -2.3346 0 0 10
0.419164 -0.394628 0.140684 2.98492 -0.152798 -2.3346 0 0 10
0.419164 -0.394628 0.140684 2.98492 -0.152798 -2.3346 0 0 10
0.419164 -0.394628 0.140684 2.98492 -0.152798 -2.3346 0 0 10
0.419164 -0.394628 0.140684 2.98492 -0.152798 -2.3346 0 0 10
0.419164 -0.394628 0.140684 2.98492 -0.152798 -2.3346 0 0 10
0.419164 -0.394628 0.140684 2.98492 -0.152798 -2.3346 0 0 10
0.419164 -0.394628 0.140684 2.98492 -0.152798 -2.3346 0 0 10
0.419164 -0.394628 0.140684 2.98492 -0.152798 -2.3346 0 0 10
0.419164 -0.394628 0.140684 2.98492 -0.152798 -2.3346 0 0 10
0.419164 -0.394628 0.140684 2.98492 -0.152798 -2.3346 0 0 10
0.419164 -0.394628 0.140684 2.98492 -0.152798 -2.3346 0 0 10
0.419164 -0.394628 0.140684 2.98492 -0.152798 -2.3346 0 0 10
0.419164 -0.394628 0.140684 2.98492 -0.152798 -2.3346 0 0 10
0.419164 -0.394628 0.140684 2.98492 -0.152798 -2.3346 0 0 10
0.419164 -0.394628 0.140684 2.98492 -0.152798 -2.3346 0 0 10
0.419164 -0.394628 0.140684 2.98492 -0.152798 -2.3346 0 0 10
0.419164 -0.394628 0.140684 2.98492 -0.152798 -2.3346 0 0 10
0.419164 -0.394628 0.140684 2.98492 -0.152798 -2.3346 0 0 10
0.419164 -0.394628 0.140684 2.98492 -0.152798 -2.3346 0 0 10
0.419164 -0.394628 0.140684 2.98492 -0.152798 -2.3346 0 0 10
0.419164 -0.394628 0.140684 2.98492 -0.152798 -2.3346 0 0 10
0.419164 -0.394628 0.140684 2.98492 -0.152798 -2.3346 0 0 10
0.419164 -0.394628 0.140684 2.98492 -0.152798 -2.3346 0 0 10
0.419164 -0.394628 0.140684 2.98492 -0.152798 -2.3346 0 0 10
0.419164 -0.394628 0.140684 2.98492 -0.152798 -2.3346 0 0 10
0.419164 -0.394628 0.140684 2.98492 -0.152798 -2.3346 0 0 10
0.419164 -0.394628 0.140684 2.98492 -0.152798 -2.3346 0 0 10
0.419164 -0.394628 0.140684 2.98492 -0.152798 -2.3346 0 0 10
0.419164 -0.394628 0.140684 2.98492 -0.152798 -2.3346 0 0 10
0.419164 -0.394628 0.140684 2.98492 -0.152798 -2.3346 0 0 10
0.419164 -0.394628 0.140684 2.98492 -0.152798 -2.3346 0 0 10
0.419164 -0.394628 0.140684 2.98492 -0.152798 -2.3346 0 0 10
0.419164 -0.394628 0.140684 2.98492 -0.152798 -2.3346 0 0 10
0.419164 -0.394628 0.140684 2.98492 -0.152798 -2.3346 0 0 10
0.419164 -0.394628 0.140684 2.98492 -0.152798 -2.3346 0 0 10
0.419164 -0.394628 0.140684 2.98492 -0.152798 -2.3346 0 0 10
0.419164 -0.394628 0.140684 2.98492 -0.152798 -2.3346 0 0 10
0.419164 -0.394628 0.140684 2.98492 -0.152798 -2.3346 0 0 10
0.419164 -0.394628 0.140684 2.98492 -0.152798 -2.3346 0 0 10
0.419164 -0.394628 0.140684 2.98492 -0.152798 -2.3346 0 0 10
0.419164 -0.394628 0.140684 2.98492 -0.152798 -2.3346 0 0 10
0.419164 -0.394628 0.140684 2.98492 -0.152798 -2.3346 0 0 10
0.419164 -0.394628 0.140684 2.98492 -0.152798 -2.3346 0 0 10
0.419164 -0.394628 0.140684 2.98492 -0.152798 -2.3346 0 0 10
0.419164 -0.394628 0.140684 2.98492 -0.152798 -2.3346 0 0 10
0.419164 -0.394628 0.140684 2.98492 -0.152798 -2.3346 0 0 10
0.419164 -0.394628 0.140684 2.98492 -0.152798 -2.3346 0 0 10
0.419164 -0.394628 0.140684 2.98492 -0.152798 -2.3346 0 0 10
0.419164 -0.394628 0.140684 2.98492 -0.152798 -2.3346 0 0 10
0.419164 -0.394628 0.140684 2.98492 -0.152798 -2.3346 0 0 10
0.419164 -0.394628 0.140684 2.98492 -0.152798 -2.3346 0 0 10
0.419164 -0.394628 0.140684 2.98492 -0.152798 -2.3346 0 0 10
0.419164 -0.394628 0.140684 2.98492 -0.152798 -2.3346 0 0 10
0.419164 -0.394628 0.140684 2.98492 -0.152798 -2.3346 0 0 10
0.419164 -0.394628 0.140684 2.98492 -0.152798 -2.3346 0 0 10
0.419164 -0.394628 0.140684 2.98492 -0.152798 -2.3346 0 0 10
0.419164 -0.394628 0.140684 2.98492 -0.152798 -2.3346 0 0 10
0.419164 -0.394628 0.140684 2.98492 -0.152798 -2.3346 0 0 10
0.419164 -0.394628 0.140684 2.98492 -0.152798 -2.3346 0 0 10
0.419164 -0.394628 0.140684 2.98492 -0.152798 -2.3346 0 0 10
0.419164 -0.394628 0.140684 2.98492 -0.152798 -2.3346 0 0 10
0.419164 -0.394628 0.140684 2.98492 -0.152798 -2.3346 0 0 10
0.419164 -0.394628 0.140684 2.98492 -0.152798 -2.3346 0 0 10
0.419164 -0.394628 0.140684 2.98492 -0.152798 -2.3346 0 0 10
0.419164 -0.394628 0.140684 2.98492 -0.152798 -2.3346 0 0 10
0.419164 -0.394628 0.140684 2.98492 -0.152798 -2.3346 0 0 10
0.419164 -0.394628 0.140684 2.98492 -0.152798 -2.3346 0 0 10
0.419164 -0.394628 0.140684 2.98492 -0.152798 -2.3346 0 0 10
0.419164 -0.394628 0.140684 2.98492 -0.152798 -2.3346 0 0 10
0.419164 -0.394628 0.140684 2.98492 -0.152798 -2.3346 0 0 10
0.419164 -0.394628 0.140684 2.98492 -0.152798 -2.3346 0 0 10
0.419164 -0.394628 0.140684 2.98492 -0.152798 -2.3346 0 0 10
0.419164 -0.394628 0.140684 2.98492 -0.152798 -2.3346 0 0 10
0.419164 -0.394628 0.140684 2.98492 -0.152798 -2.3346 0 0 10
0.419164 -0.394628 0.140684 2.98492 -0.152798 -2.3346 0 0 10
0.419164 -0.394628 0.140684 2.98492 -0.152798 -2.3346 0 0 10
0.419164 -0.394628 0.140684 2.98492 -0.152798 -2.3346 0 0 10
0.419164 -0.394628 0.140684 2.98492 -0.152798 -2.3346 0 0 10
0.419164 -0.394628 0.140684 2.98492 -0.152798 -2.3346 0 0 10
0.419164 -0.394628 0.140684 2.98492 -0.152798 -2.3346 0 0 10
0.419164 -0.394628 0.140684 2.98492 -0.152798 -2.3346 0 0 10
0.419164 -0.394628 0.140684 2.98492 -0.152798 -2.3346 0 0 10
0.419164 -0.394628 0.140684 2.98492 -0.152798 -2.3346 0 0 10
0.419164 -0.394628 0.140684 2.98492 -0.152798 -2.3346 0 0 10
0.419164 -0.394628 0.140684 2.98492 -0.152798 -2.3346 0 0 10
0.419164 -0.394628 0.140684 2.98492 -0.152798 -2.3346 0 0 10
0.419164 -0.394628 0.140684 2.98492 -0.152798 -2.3346 0 0 10
0.419164 -0.394628 0.140684 2.98492 -0.152798 -2.3346 0 0 10
0.419164 -0.394628 0.140684 2.98492 -0.152798 -2.3346 0 0 10
0.419164 -0.394628 0.140684 2.98492 -0.152798 -2.3346 0 0 10
0.419164 -0.394628 0.140684 2.98492 -0.152798 -2.3346 0 0 10
0.419164 -0.394628 0.140684 2.98492 -0.152798 -2.3346 0 0 10
0.419164 -0.394628 0.140684 2.98492 -0.152798 -2.3346 0 0 10
0.419164 -0.394628 0.140684 2.98492 -0.152798 -2.3346 0 0 10
0.419164 -0.394628 0.140684 2.98492 -0.152798 -2.3346 0 0 10
0.419164 -0.394628 0.140684 2.98492 -0.152798 -2.3346 0 0 10
0.419164 -0.394628 0.140684 2.98492 -0.152798 -2.3346 0 0 10
0.419164 -0.394628 0.140684 2.98492 -0.152798 -2.3346 0 0 10
0.419164 -0.394628 0.140684 2.98492 -0.152798 -2.3346 0 0 10
0.419164 -0.394628 0.140684 2.98492 -0.152798 -2.3346 0 0 10
0.419164 -0.394628 0.140684 2.98492 -0.152798 -2.3346 0 0 10
0.419164 -0.394628 0.140684 2.98492 -0.152798 -2.3346 0 0 10
0.419164 -0.394628 0.140684 2.98492 -0.152798 -2.3346 0 0 10
0.419164 -0.394628 0.140684 2.98492 -0.152798 -2.3346 0 0 10
0.419164 -0.394628 0.140684 2.98492 -0.152798 -2.3346 0 0 10
0.419164 -0.394628 0.140684 2.98492 -0.152798 -2.3346 0 0 10
0.419164 -0.394628 0.140684 2.98492 -0.152798 -2.3346 0 0 10
0.419164 -0.394628 0.140684 2.98492 -0.152798 -2.3346 0 0 10
0.419164 -0.394628 0.140684 2.98492 -0.152798 -2.3346 0 0 10
0.419164 -0.394628 0.140684 2.98492 -0.152798 -2.3346 0 0 10
0.419164 -0.394628 0.140684 2.98492 -0.152798 -2.3346 0 0 10
0.419164 -0.394628 0.140684 2.98492 -0.152798 -2.3346 0 0 10
0.419164 -0.394628 0.140684 2.98492 -0.152798 -2.3346 0 0 10
0.419164 -0.394628 0.140684 2.98492 -0.152798 -2.3346 0 0 10
0.419164 -0.394628 0.140684 2.98492 -0.152798 -2.3346 0 0 10
0.419164 -0.394628 0.140684 2.98492 -0.152798 -2.3346 0 0 10
0.419164 -0.394628 0.140684 2.98492 -0.152798 -2.3346 0 0 10
0.419164 -0.394628 0.140684 2.98492 -0.152798 -2.3346 0 0 10
0.419164 -0.394628 0.140684 2.98492 -0.152798 -2.3346 0 0 10
0.419164 -0.394628 0.140684 2.98492 -0.152798 -2.3346 0 0 10
0.419164 -0.394628 0.140684 2.98492 -0.152798 -2.3346 0 0 10
0.419164 -0.394628 0.140684 2.98492 -0.152798 -2.3346 0 0 10
0.419164 -0.394628 0.140684 2.98492 -0.152798 -2.3346 0 0 10
0.419164 -0.394628 0.140684 2.98492 -0.152798 -2.3346 0 0 10
0.419164 -0.394628 0.140684 2.98492 -0.152798 -2.3346 0 0 10
0.419164 -0.394628 0.140684 2.98492 -0.152798 -2.3346 0 0 10
0.419164 -0.394628 0.140684 2.98492 -0.152798 -2.3346 0 0 10
0.419164 -0.394628 0.140684 2.98492 -0.152798 -2.3346 0 0 10
0.419164 -0.394628 0.140684 2.98492 -0.152798 -2.3346 0 0 10
0.419164 -0.394628 0.140684 2.98492 -0.152798 -2.3346 0 0 10
0.419164 -0.394628 0.140684 2.98492 -0.152798 -2.3346 0 0 10
0.419164 -0.394628 0.140684 2.98492 -0.152798 -2.3346 0 0 10
0.419164 -0.394628 0.140684 2.98492 -0.152798 -2.3346 0 0 10
0.419164 -0.394628 0.140684 2.98492 -0.152798 -2.3346 0 0 10
0.419164 -0.394628 0.140684 2.98492 -0.152798 -2.3346 0 0 10
0.419164 -0.394628 0.140684 2.98492 -0.152798 -2.3346 0 0 10
0.419164 -0.394628 0.140684 2.98492 -0.152798 -2.3346 0 0 10
0.419164 -0.394628 0.140684 2.98492 -0.152798 -2.3346 0 0 10
0.419164 -0.394628 0.140684 2.98492 -0.152798 -2.3346 0 0 10
0.419164 -0.394628 0.140684 2.98492 -0.152798 -2.3346 0 0 10
0.419164 -0.394628 0.140684 2.98492 -0.152798 -2.3346 0 0 10
0.419164 -0.394628 0.140684 2.98492 -0.152798 -2.3346 0 0 10
0.419164 -0.394628 0.140684 2.98492 -0.152798 -2.3346 0 0 10
0.419164 -0.394628 0.140684 2.98492 -0.152798 -2.3346 0 0 10
0.419164 -0.394628 0.140684 2.98492 -0.152798 -2.3346 0 0 10
0.419164 -0.394628 0.140684 2.98492 -0.152798 -2.3346 0 0 10
0.419164 -0.394628 0.140684 2.98492 -0.152798 -2.3346 0 0 10
0.419164 -0.394628 0.140684 2.98492 -0.152798 -2.3346 0 0 10
0.419164 -0.394628 0.140684 2.98492 -0.152798 -2.3346 0 0 10
0.419164 -0.394628 0.140684 2.98492 -0.152798 -2.3346 0 0 10
0.419164 -0.394628 0.140684 2.98492 -0.152798 -2.3346 0 0 10
0.419164 -0.394628 0.140684 2.98492 -0.152798 -2.3346 0 0 10
0.419164 -0.394628 0.140684 2.98492 -0.152798 -2.3346 0 0 10
0.419164 -0.394628 0.140684 2.98492 -0.152798 -2.3346 0 0 10
0.419164 -0.394628 0.140684 2.98492 -0.152798 -2.3346 0 0 10
0.419164 -0.394628 0.140684 2.98492 -0.152798 -2.3346 0 0 10
0.419164 -0.394628 0.140684 2.98492 -0.152798 -2.3346 0 0 10
0.419164 -0.394628 0.140684 2.98492 -0.152798 -2.3346 0 0 10
0.419164 -0.394628 0.140684 2.98492 -0.152798 -2.3346 0 0 10
0.419164 -0.394628 0.140684 2.98492 -0.152798 -2.3346 0 0 10
0.419164 -0.394628 0.140684 2.98492 -0.152798 -2.3346 0 0 10
0.419164 -0.394628 0.140684 2.98492 -0.152798 -2.3346 0 0 10
0.419164 -0.394628 0.140684 2.98492 -0.152798 -2.3346 0 0 10
0.419164 -0.394628 0.140684 2.98492 -0.152798 -2.3346 0 0 10
0.419164 -0.394628 0.140684 2.98492 -0.152798 -2.3346 0 0 10
0.419164 -0.394628 0.140684 2.98492 -0.152798 -2.3346 0 0 10
0.419164 -0.394628 0.140684 2.98492 -0.152798 -2.3346 0 0 10
0.419164 -0.394628 0.140684 2.98492 -0.152798 -2.3346 0 0 10
0.419164 -0.394628 0.140684 2.98492 -0.152798 -2.3346 0 0 10
0.419164 -0.394628 0.140684 2.98492 -0.152798 -2.3346 0 0 10
0.419164 -0.394628 0.140684 2.98492 -0.152798 -2.3346 0 0 10
0.419164 -0.394628 0.140684 2.98492 -0.152798 -2.3346 0 0 10
0.419164 -0.394628 0.140684 2.98492 -0.152798 -2.3346 0 0 10
0.419164 -0.394628 0.140684 2.98492 -0.152798 -2.3346 0 0 10
0.419164 -0.394628 0.140684 2.98492 -0.152798 -2.3346 0 0 10
0.419164 -0.394628 0.140684 2.98492 -0.152798 -2.3346 0 0 10
0.419164 -0.394628 0.140684 2.98492 -0.152798 -2.3346 0 0 10
0.419164 -0.394628 0.140684 2.98492 -0.152798 -2.3346 0 0 10
0.419164 -0.394628 0.140684 2.98492 -0.152798 -2.3346 0 0 10
0.419164 -0.394628 0.140684 2.98492 -0.152798 -2.3346 0 0 10
0.419164 -0.394628 0.140684 2.98492 -0.152798 -2.3346 0 0 10
0.419164 -0.394628 0.140684 2.98492 -0.152798 -2.3346 0 0 10
0.419164 -0.394628 0.140684 2.98492 -0.152798 -2.3346 0 0 10
0.419164 -0.394628 0.140684 2.98492 -0.152798 -2.3346 0 0 10
0.419164 -0.394628 0.140684 2.98492 -0.152798 -2.3346 0 0 10
0.419164 -0.394628 0.140684 2.98492 -0.152798 -2.3346 0 0 10
0.419164 -0.394628 0.140684 2.98492 -0.152798 -2.3346 0 0 10
0.419164 -0.394628 0.140684 2.98492 -0.152798 -2.3346 0 0 10
0.419164 -0.394628 0.140684 2.98492 -0.152798 -2.3346 0 0 10
0.419164 -0.394628 0.140684 2.98492 -0.152798 -2.3346 0 0 10
0.419164 -0.394628 0.140684 2.98492 -0.152798 -2.3346 0 0 10
0.419164 -0.394628 0.140684 2.98492 -0.152798 -2.3346 0 0 10
0.419164 -0.394628 0.140684 2.98492 -0.152798 -2.3346 0 0 10
0.419164 -0.394628 0.140684 2.98492 -0.152798 -2.3346 0 0 10
0.419164 -0.394628 0.140684 2.98492 -0.152798 -2.3346 0 0 10
0.419164 -0.394628 0.140684 2.98492 -0.152798 -2.3346 0 0 10
0.419164 -0.394628 0.140684 2.98492 -0.152798 -2.3346 0 0 10
0.419164 -0.394628 0.140684 2.98492 -0.152798 -2.3346 0 0 10
0.419164 -0.394628 0.140684 2.98492 -0.152798 -2.3346 0 0 10
0.419164 -0.394628 0.140684 2.98492 -0.152798 -2.3346 0 0 10
0.419164 -0.394628 0.140684 2.98492 -0.152798 -2.3346 0 0 10
0.419164 -0.394628 0.140684 2.98492 -0.152798 -2.3346 0 0 10
0.419164 -0.394628 0.140684 2.98492 -0.152798 -2.3346 0 0 10
0.419164 -0.394628 0.140684 2.98492 -0.152798 -2.3346 0 0 10
0.419164 -0.394628 0.140684 2.98492 -0.152798 -2.3346 0 0 10
0.419164 -0.394628 0.140684 2.98492 -0.152798 -2.3346 0 0 10
0.419164 -0.394628 0.140684 2.98492 -0.152798 -2.3346 0 0 10
0.419164 -0.394628 0.140684 2.98492 -0.152798 -2.3346 0 0 10
0.419164 -0.394628 0.140684 2.98492 -0.152798 -2.3346 0 0 10
0.419164 -0.394628 0.140684 2.98492 -0.152798 -2.3346 0 0 10
0.419164 -0.394628 0.140684 2.98492 -0.152798 -2.3346 0 0 10
0.419164 -0.394628 0.140684 2.98492 -0.152798 -2.3346 0 0 10
0.419164 -0.394628 0.140684 2.98492 -0.152798 -2.3346 0 0 10
0.419164 -0.394628 0.140684 2.98492 -0.152798 -2.3346 0 0 10
0.419164 -0.394628 0.140684 2.98492 -0.152798 -2.3346 0 0 10
0.419164 -0.394628 0.140684 2.98492 -0.152798 -2.3346 0 0 10
0.419164 -0.394628 0.140684 2.98492 -0.152798 -2.3346 0 0 10
0.419164 -0.394628 0.140684 2.98492 -0.152798 -2.3346 0 0 10
0.419164 -0.394628 0.140684 2.98492 -0.152798 -2.3346 0 0 10
0.419164 -0.394628 0.140684 2.98492 -0.152798 -2.3346 0 0 10
0.419164 -0.394628 0.140684 2.98492 -0.152798 -2.3346 0 0 10
0.419164 -0.394628 0.140684 2.98492 -0.152798 -2.3346 0 0 10
0.419164 -0.394628 0.140684 2.98492 -0.152798 -2.3346 0 0 10
0.419164 -0.394628 0.140684 2.98492 -0.152798 -2.3346 0 0 10
0.419164 -0.394628 0.140684 2.98492 -0.152798 -2.3346 0 0 10
0.419164 -0.394628 0.140684 2.98492 -0.152798 -2.3346 0 0 10
0.419164 -0.394628 0.140684 2.98492 -0.152798 -2.3346 0 0 10
0.419164 -0.394628 0.140684 2.98492 -0.152798 -2.3346 0 0 10
0.419164 -0.394628 0.140684 2.98492 -0.152798 -2.3346 0 0 10
0.419164 -0.394628 0.140684 2.98492 -0.152798 -2.3346 0 0 10
0.419164 -0.394628 0.140684 2.98492 -0.152798 -2.3346 0 0 10
0.419164 -0.394628 0.140684 2.98492 -0.152798 -2.3346 0 0 10
0.419164 -0.394628 0.140684 2.98492 -0.152798 -2.3346 0 0 10
0.419164 -0.394628 0.140684 2.98492 -0.152798 -2.3346 0 0 10
0.419164 -0.394628 0.140684 2.98492 -0.152798 -2.3346 0 0 10
0.419164 -0.394628 0.140684 2.98492 -0.152798 -2.3346 0 0 10
0.419164 -0.394628 0.140684 2.98492 -0.152798 -2.3346 0 0 10
0.419164 -0.394628 0.140684 2.98492 -0.152798 -2.3346 0 0 10
0.419164 -0.394628 0.140684 2.98492 -0.152798 -2.3346 0 0 10
0.419164 -0.394628 0.140684 2.98492 -0.152798 -2.3346 0 0 10
0.419164 -0.394628 0.140684 2.98492 -0.152798 -2.3346 0 0 10
0.419164 -0.394628 0.140684 2.98492 -0.152798 -2.3346 0 0 10
0.419164 -0.394628 0.140684 2.98492 -0.152798 -2.3346 0 0 10
0.419164 -0.394628 0.140684 2.98492 -0.152798 -2.3346 0 0 10
0.419164 -0.394628 0.140684 2.98492 -0.152798 -2.3346 0 0 10
0.419164 -0.394628 0.140684 2.98492 -0.152798 -2.3346 0 0 10
0.419164 -0.394628 0.140684 2.98492 -0.152798 -2.3346 0 0 10
0.419164 -0.394628 0.140684 2.98492 -0.152798 -2.3346 0 0 10
0.419164 -0.394628 0.140684 2.98492 -0.152798 -2.3346 0 0 10
0.419164 -0.394628 0.140684 2.98492 -0.152798 -2.3346 0 0 10
0.419164 -0.394628 0.140684 2.98492 -0.152798 -2.3346 0 0 10
0.419164 -0.394628 0.140684 2.98492 -0.152798 -2.3346 0 0 10
0.419164 -0.394628 0.140684 2.98492 -0.152798 -2.3346 0 0 10
0.419164 -0.394628 0.140684 2.98492 -0.152798 -2.3346 0 0 10
0.419164 -0.394628 0.140684 2.98492 -0.152798 -2.3346 0 0 10
0.419164 -0.394628 0.140684 2.98492 -0.152798 -2.3346 0 0 10
0.419164 -0.394628 0.140684 2.98492 -0.152798 -2.3346 0 0 10
0.419164 -0.394628 0.140684 2.98492 -0.152798 -2.3346 0 0 10
0.419164 -0.394628 0.140684 2.98492 -0.152798 -2.3346 0 0 10
0.419164 -0.394628 0.140684 2.98492 -0.152798 -2.3346 0 0 10
0.419164 -0.394628 0.140684 2.98492 -0.152798 -2.3346 0 0 10
0.419164 -0.394628 0.140684 2.98492 -0.152798 -2.3346 0 0 10
0.419164 -0.394628 0.140684 2.98492 -0.152798 -2.3346 0 0 10
0.419164 -0.394628 0.140684 2.98492 -0.152798 -2.3346 0 0 10
0.419164 -0.394628 0.140684 2.98492 -0.152798 -2.3346 0 0 10
0.419164 -0.394628 0.140684 2.98492 -0.152798 -2.3346 0 0 10
0.419164 -0.394628 0.140684 2.98492 -0.152798 -2.3346 0 0 10
0.419164 -0.394628 0.140684 2.98492 -0.152798 -2.3346 0 0 10
0.419164 -0.394628 0.140684 2.98492 -0.152798 -2.3346 0 0 10
0.419164 -0.394628 0.140684 2.98492 -0.152798 -2.3346 0 0 10
0.419164 -0.394628 0.140684 2.98492 -0.152798 -2.3346 0 0 10
0.419164 -0.394628 0.140684 2.98492 -0.152798 -2.3346 0 0 10
0.419164 -0.394628 0.140684 2.98492 -0.152798 -2.3346 0 0 10
0.419164 -0.394628 0.140684 2.98492 -0.152798 -2.3346 0 0 10
0.419164 -0.394628 0.140684 2.98492 -0.152798 -2.3346 0 0 10
0.419164 -0.394628 0.140684 2.98492 -0.152798 -2.3346 0 0 10
0.419164 -0.394628 0.140684 2.98492 -0.152798 -2.3346 0 0 10
0.419164 -0.394628 0.140684 2.98492 -0.152798 -2.3346 0 0 10
0.419164 -0.394628 0.140684 2.98492 -0.152798 -2.3346 0 0 10
0.419164 -0.394628 0.140684 2.98492 -0.152798 -2.3346 0 0 10
0.419164 -0.394628 0.140684 2.98492 -0.152798 -2.3346 0 0 10
0.419164 -0.394628 0.140684 2.98492 -0.152798 -2.3346 0 0 10
0.419164 -0.394628 0.140684 2.98492 -0.152798 -2.3346 0 0 10
0.419164 -0.394628 0.140684 2.98492 -0.152798 -2.3346 0 0 10
0.419164 -0.394628 0.140684 2.98492 -0.152798 -2.3346 0 0 10
0.419164 -0.394628 0.140684 2.98492 -0.152798 -2.3346 0 0 10
0.419164 -0.394628 0.140684 2.98492 -0.152798 -2.3346 0 0 10
0.419164 -0.394628 0.140684 2.98492 -0.152798 -2.3346 0 0 10
0.419164 -0.394628 0.140684 2.98492 -0.152798 -2.3346 0 0 10
0.419164 -0.394628 0.140684 2.98492 -0.152798 -2.3346 0 0 10
0.419164 -0.394628 0.140684 2.98492 -0.152798 -2.3346 0 0 10
0.419164 -0.394628 0.140684 2.98492 -0.152798 -2.3346 0 0 10
0.419164 -0.394628 0.140684 2.98492 -0.152798 -2.3346 0 0 10
0.419164 -0.394628 0.140684 2.98492 -0.152798 -2.3346 0 0 10
0.419164 -0.394628 0.140684 2.98492 -0.152798 -2.3346 0 0 10
0.419164 -0.394628 0.140684 2.98492 -0.152798 -2.3346 0 0 10
0.419164 -0.394628 0.140684 2.98492 -0.152798 -2.3346 0 0 10
0.419164 -0.394628 0.140684 2.98492 -0.152798 -2.3346 0 0 10
0.419164 -0.394628 0.140684 2.98492 -0.152798 -2.3346 0 0 10
0.419164 -0.394628 0.140684 2.98492 -0.152798 -2.3346 0 0 10
0.419164 -0.394628 0.140684 2.98492 -0.152798 -2.3346 0 0 10
0.419164 -0.394628 0.140684 2.98492 -0.152798 -2.3346 0 0 10
0.419164 -0.394628 0.140684 2.98492 -0.152798 -2.3346 0 0 10
0.419164 -0.394628 0.140684 2.98492 -0.152798 -2.3346 0 0 10
0.419164 -0.394628 0.140684 2.98492 -0.152798 -2.3346 0 0 10
0.419164 -0.394628 0.140684 2.98492 -0.152798 -2.3346 0 0 10
0.419164 -0.394628 0.140684 2.98492 -0.152798 -2.3346 0 0 10
0.419164 -0.394628 0.140684 2.98492 -0.152798 -2.3346 0 0 10
0.419164 -0.394628 0.140684 2.98492 -0.152798 -2.3346 0 0 10
0.419164 -0.394628 0.140684 2.98492 -0.152798 -2.3346 0 0 10
0.419164 -0.394628 0.140684 2.98492 -0.152798 -2.3346 0 0 10
0.419164 -0.394628 0.140684 2.98492 -0.152798 -2.3346 0 0 10
0.419164 -0.394628 0.140684 2.98492 -0.152798 -2.3346 0 0 10
0.419164 -0.394628 0.140684 2.98492 -0.152798 -2.3346 0 0 10
0.419164 -0.394628 0.140684 2.98492 -0.152798 -2.3346 0 0 10
0.419164 -0.394628 0.140684 2.98492 -0.152798 -2.3346 0 0 10
0.419164 -0.394628 0.140684 2.98492 -0.152798 -2.3346 0 0 10
0.419164 -0.394628 0.140684 2.98492 -0.152798 -2.3346 0 0 10
0.419164 -0.394628 0.140684 2.98492 -0.152798 -2.3346 0 0 10
0.419164 -0.394628 0.140684 2.98492 -0.152798 -2.3346 0 0 10
0.419164 -0.394628 0.140684 2.98492 -0.152798 -2.3346 0 0 10
0.419164 -0.394628 0.140684 2.98492 -0.152798 -2.3346 0 0 10
0.419164 -0.394628 0.140684 2.98492 -0.152798 -2.3346 0 0 10
0.419164 -0.394628 0.140684 2.98492 -0.152798 -2.3346 0 0 10
0.419164 -0.394628 0.140684 2.98492 -0.152798 -2.3346 0 0 10
0.419164 -0.394628 0.140684 2.98492 -0.152798 -2.3346 0 0 10
0.419164 -0.394628 0.140684 2.98492 -0.152798 -2.3346 0 0 10
0.419164 -0.394628 0.140684 2.98492 -0.152798 -2.3346 0 0 10
0.419164 -0.394628 0.140684 2.98492 -0.152798 -2.3346 0 0 10
0.419164 -0.394628 0.140684 2.98492 -0.152798 -2.3346 0 0 10
0.419164 -0.394628 0.140684 2.98492 -0.152798 -2.3346 0 0 10
0.419164 -0.394628 0.140684 2.98492 -0.152798 -2.3346 0 0 10
0.419164 -0.394628 0.140684 2.98492 -0.152798 -2.3346 0 0 10
0.419164 -0.394628 0.140684 2.98492 -0.152798 -2.3346 0 0 10
0.419164 -0.394628 0.140684 2.98492 -0.152798 -2.3346 0 0 10
0.419164 -0.394628 0.140684 2.98492 -0.152798 -2.3346 0 0 10
0.419164 -0.394628 0.140684 2.98492 -0.152798 -2.3346 0 0 10
0.419164 -0.394628 0.140684 2.98492 -0.152798 -2.3346 0 0 10
0.419164 -0.394628 0.140684 2.98492 -0.152798 -2.3346 0 0 10
0.419164 -0.394628 0.140684 2.98492 -0.152798 -2.3346 0 0 10
0.419164 -0.394628 0.140684 2.98492 -0.152798 -2.3346 0 0 10
0.419164 -0.394628 0.140684 2.98492 -0.152798 -2.3346 0 0 10
0.419164 -0.394628 0.140684 2.98492 -0.152798 -2.3346 0 0 10
0.419164 -0.394628 0.140684 2.98492 -0.152798 -2.3346 0 0 10
0.419164 -0.394628 0.140684 2.98492 -0.152798 -2.3346 0 0 10
0.419164 -0.394628 0.140684 2.98492 -0.152798 -2.3346 0 0 10
0.419164 -0.394628 0.140684 2.98492 -0.152798 -2.3346 0 0 10
0.419164 -0.394628 0.140684 2.98492 -0.152798 -2.3346 0 0 10
0.419164 -0.394628 0.140684 2.98492 -0.152798 -2.3346 0 0 10
0.419164 -0.394628 0.140684 2.98492 -0.152798 -2.3346 0 0 10
0.419164 -0.394628 0.140684 2.98492 -0.152798 -2.3346 0 0 10
0.419164 -0.394628 0.140684 2.98492 -0.152798 -2.3346 0 0 10
0.419164 -0.394628 0.140684 2.98492 -0.152798 -2.3346 0 0 10
0.419164 -0.394628 0.140684 2.98492 -0.152798 -2.3346 0 0 10
0.419164 -0.394628 0.140684 2.98492 -0.152798 -2.3346 0 0 10
0.419164 -0.394628 0.140684 2.98492 -0.152798 -2.3346 0 0 10
0.419164 -0.394628 0.140684 2.98492 -0.152798 -2.3346 0 0 10
0.419164 -0.394628 0.140684 2.98492 -0.152798 -2.3346 0 0 10
0.419164 -0.394628 0.140684 2.98492 -0.152798 -2.3346 0 0 10
0.419164 -0.394628 0.140684 2.98492 -0.152798 -2.3346 0 0 10
0.419164 -0.394628 0.140684 2.98492 -0.152798 -2.3346 0 0 10
0.419164 -0.394628 0.140684 2.98492 -0.152798 -2.3346 0 0 10
0.419164 -0.394628 0.140684 2.98492 -0.152798 -2.3346 0 0 10
0.419164 -0.394628 0.140684 2.98492 -0.152798 -2.3346 0 0 10
0.419164 -0.394628 0.140684 2.98492 -0.152798 -2.3346 0 0 10
0.419164 -0.394628 0.140684 2.98492 -0.152798 -2.3346 0 0 10
0.419164 -0.394628 0.140684 2.98492 -0.152798 -2.3346 0 0 10
0.419164 -0.394628 0.140684 2.98492 -0.152798 -2.3346 0 0 10
0.419164 -0.394628 0.140684 2.98492 -0.152798 -2.3346 0 0 10
0.419164 -0.394628 0.140684 2.98492 -0.152798 -2.3346 0 0 10
0.419164 -0.394628 0.140684 2.98492 -0.152798 -2.3346 0 0 10
0.419164 -0.394628 0.140684 2.98492 -0.152798 -2.3346 0 0 10
0.419164 -0.394628 0.140684 2.98492 -0.152798 -2.3346 0 0 10
0.419164 -0.394628 0.140684 2.98492 -0.152798 -2.3346 0 0 10
0.419164 -0.394628 0.140684 2.98492 -0.152798 -2.3346 0 0 10
0.419164 -0.394628 0.140684 2.98492 -0.152798 -2.3346 0 0 10
0.419164 -0.394628 0.140684 2.98492 -0.152798 -2.3346 0 0 10
0.419164 -0.394628 0.140684 2.98492 -0.152798 -2.3346 0 0 10
0.419164 -0.394628 0.140684 2.98492 -0.152798 -2.3346 0 0 10
0.419164 -0.394628 0.140684 2.98492 -0.152798 -2.3346 0 0 10
0.419164 -0.394628 0.140684 2.98492 -0.152798 -2.3346 0 0 10
0.419164 -0.394628 0.140684 2.98492 -0.152798 -2.3346 0 0 10
0.419164 -0.394628 0.140684 2.98492 -0.152798 -2.3346 0 0 10
0.419164 -0.394628 0.140684 2.98492 -0.152798 -2.3346 0 0 10
0.419164 -0.394628 0.140684 2.98492 -0.152798 -2.3346 0 0 10
0.419164 -0.394628 0.140684 2.98492 -0.152798 -2.3346 0 0 10
0.419164 -0.394628 0.140684 2.98492 -0.152798 -2.3346 0 0 10
0.419164 -0.394628 0.140684 2.98492 -0.152798 -2.3346 0 0 10
0.419164 -0.394628 0.140684 2.98492 -0.152798 -2.3346 0 0 10
0.419164 -0.394628 0.140684 2.98492 -0.152798 -2.3346 0 0 10
0.419164 -0.394628 0.140684 2.98492 -0.152798 -2.3346 0 0 10
0.419164 -0.394628 0.140684 2.98492 -0.152798 -2.3346 0 0 10
0.419164 -0.394628 0.140684 2.98492 -0.152798 -2.3346 0 0 10
0.419164 -0.394628 0.140684 2.98492 -0.152798 -2.3346 0 0 10
0.419164 -0.394628 0.140684 2.98492 -0.152798 -2.3346 0 0 10
0.419164 -0.394628 0.140684 2.98492 -0.152798 -2.3346 0 0 10
0.419164 -0.394628 0.140684 2.98492 -0.152798 -2.3346 0 0 10
0.419164 -0.394628 0.140684 2.98492 -0.152798 -2.3346 0 0 10
0.419164 -0.394628 0.140684 2.98492 -0.152798 -2.3346 0 0 10
0.419164 -0.394628 0.140684 2.98492 -0.152798 -2.3346 0 0 10
0.419164 -0.394628 0.140684 2.98492 -0.152798 -2.3346 0 0 10
0.419164 -0.394628 0.140684 2.98492 -0.152798 -2.3346 0 0 10
0.419164 -0.394628 0.140684 2.98492 -0.152798 -2.3346 0 0 10
0.419164 -0.394628 0.140684 2.98492 -0.152798 -2.3346 0 0 10
0.419164 -0.394628 0.140684 2.98492 -0.152798 -2.3346 0 0 10
0.419164 -0.394628 0.140684 2.98492 -0.152798 -2.3346 0 0 10
0.419164 -0.394628 0.140684 2.98492 -0.152798 -2.3346 0 0 10
0.419164 -0.394628 0.140684 2.98492 -0.152798 -2.3346 0 0 10
0.419164 -0.394628 0.140684 2.98492 -0.152798 -2.3346 0 0 10
0.419164 -0.394628 0.140684 2.98492 -0.152798 -2.3346 0 0 10
0.419164 -0.394628 0.140684 2.98492 -0.152798 -2.3346 0 0 10
0.419164 -0.394628 0.140684 2.98492 -0.152798 -2.3346 0 0 10
0.419164 -0.394628 0.140684 2.98492 -0.152798 -2.3346 0 0 10
0.419164 -0.394628 0.140684 2.98492 -0.152798 -2.3346 0 0 10
0.419164 -0.394628 0.140684 2.98492 -0.152798 -2.3346 0 0 10
0.419164 -0.394628 0.140684 2.98492 -0.152798 -2.3346 0 0 10
0.419164 -0.394628 0.140684 2.98492 -0.152798 -2.3346 0 0 10
0.419164 -0.394628 0.140684 2.98492 -0.152798 -2.3346 0 0 10
0.419164 -0.394628 0.140684 2.98492 -0.152798 -2.3346 0 0 10
0.419164 -0.394628 0.140684 2.98492 -0.152798 -2.3346 0 0 10
0.419164 -0.394628 0.140684 2.98492 -0.152798 -2.3346 0 0 10
0.419164 -0.394628 0.140684 2.98492 -0.152798 -2.3346 0 0 10
0.419164 -0.394628 0.140684 2.98492 -0.152798 -2.3346 0 0 10
0.419164 -0.394628 0.140684 2.98492 -0.152798 -2.3346 0 0 10
0.419164 -0.394628 0.140684 2.98492 -0.152798 -2.3346 0 0 10
0.419164 -0.394628 0.140684 2.98492 -0.152798 -2.3346 0 0 10
0.419164 -0.394628 0.140684 2.98492 -0.152798 -2.3346 0 0 10
0.419164 -0.394628 0.140684 2.98492 -0.152798 -2.3346 0 0 10
0.419164 -0.394628 0.140684 2.98492 -0.152798 -2.3346 0 0 10
0.419164 -0.394628 0.140684 2.98492 -0.152798 -2.3346 0 0 10
0.419164 -0.394628 0.140684 2.98492 -0.152798 -2.3346 0 0 10
0.419164 -0.394628 0.140684 2.98492 -0.152798 -2.3346 0 0 10
0.419164 -0.394628 0.140684 2.98492 -0.152798 -2.3346 0 0 10
0.419164 -0.394628 0.140684 2.98492 -0.152798 -2.3346 0 0 10
0.419164 -0.394628 0.140684 2.98492 -0.152798 -2.3346 0 0 10
0.419164 -0.394628 0.140684 2.98492 -0.152798 -2.3346 0 0 10
0.419164 -0.394628 0.140684 2.98492 -0.152798 -2.3346 0 0 10
0.419164 -0.394628 0.140684 2.98492 -0.152798 -2.3346 0 0 10
0.419164 -0.394628 0.140684 2.98492 -0.152798 -2.3346 0 0 10
0.419164 -0.394628 0.140684 2.98492 -0.152798 -2.3346 0 0 10
0.419164 -0.394628 0.140684 2.98492 -0.152798 -2.3346 0 0 10
0.419164 -0.394628 0.140684 2.98492 -0.152798 -2.3346 0 0 10
0.419164 -0.394628 0.140684 2.98492 -0.152798 -2.3346 0 0 10
0.419164 -0.394628 0.140684 2.98492 -0.152798 -2.3346 0 0 10
0.419164 -0.394628 0.140684 2.98492 -0.152798 -2.3346 0 0 10
0.419164 -0.394628 0.140684 2.98492 -0.152798 -2.3346 0 0 10
0.419164 -0.394628 0.140684 2.98492 -0.152798 -2.3346 0 0 10
0.419164 -0.394628 0.140684 2.98492 -0.152798 -2.3346 0 0 10
0.419164 -0.394628 0.140684 2.98492 -0.152798 -2.3346 0 0 10
0.419164 -0.394628 0.140684 2.98492 -0.152798 -2.3346 0 0 10
0.419164 -0.394628 0.140684 2.98492 -0.152798 -2.3346 0 0 10
0.419164 -0.394628 0.140684 2.98492 -0.152798 -2.3346 0 0 10
0.419164 -0.394628 0.140684 2.98492 -0.152798 -2.3346 0 0 10
0.419164 -0.394628 0.140684 2.98492 -0.152798 -2.3346 0 0 10
0.419164 -0.394628 0.140684 2.98492 -0.152798 -2.3346 0 0 10
0.419164 -0.394628 0.140684 2.98492 -0.152798 -2.3346 0 0 10
0.419164 -0.394628 0.140684 2.98492 -0.152798 -2.3346 0 0 10
0.419164 -0.394628 0.140684 2.98492 -0.152798 -2.3346 0 0 10
0.419164 -0.394628 0.140684 2.98492 -0.152798 -2.3346 0 0 10
0.419164 -0.394628 0.140684 2.98492 -0.152798 -2.3346 0 0 10
0.419164 -0.394628 0.140684 2.98492 -0.152798 -2.3346 0 0 10
0.419164 -0.394628 0.140684 2.98492 -0.152798 -2.3346 0 0 10
0.419164 -0.394628 0.140684 2.98492 -0.152798 -2.3346 0 0 10
0.419164 -0.394628 0.140684 2.98492 -0.152798 -2.3346 0 0 10
0.419164 -0.394628 0.140684 2.98492 -0.152798 -2.3346 0 0 10
0.419164 -0.394628 0.140684 2.98492 -0.152798 -2.3346 0 0 10
0.419164 -0.394628 0.140684 2.98492 -0.152798 -2.3346 0 0 10
0.419164 -0.394628 0.140684 2.98492 -0.152798 -2.3346 0 0 10
0.419164 -0.394628 0.140684 2.98492 -0.152798 -2.3346 0 0 10
0.419164 -0.394628 0.140684 2.98492 -0.152798 -2.3346 0 0 10
0.419164 -0.394628 0.140684 2.98492 -0.152798 -2.3346 0 0 10
0.419164 -0.394628 0.140684 2.98492 -0.152798 -2.3346 0 0 10
0.419164 -0.394628 0.140684 2.98492 -0.152798 -2.3346 0 0 10
0.419164 -0.394628 0.140684 2.98492 -0.152798 -2.3346 0 0 10
0.419164 -0.394628 0.140684 2.98492 -0.152798 -2.3346 0 0 10
0.419164 -0.394628 0.140684 2.98492 -0.152798 -2.3346 0 0 10
0.419164 -0.394628 0.140684 2.98492 -0.152798 -2.3346 0 0 10
0.419164 -0.394628 0.140684 2.98492 -0.152798 -2.3346 0 0 10
0.419164 -0.394628 0.140684 2.98492 -0.152798 -2.3346 0 0 10
0.419164 -0.394628 0.140684 2.98492 -0.152798 -2.3346 0 0 10
0.419164 -0.394628 0.140684 2.98492 -0.152798 -2.3346 0 0 10
0.419164 -0.394628 0.140684 2.98492 -0.152798 -2.3346 0 0 10
0.419164 -0.394628 0.140684 2.98492 -0.152798 -2.3346 0 0 10
0.419164 -0.394628 0.140684 2.98492 -0.152798 -2.3346 0 0 10
0.419164 -0.394628 0.140684 2.98492 -0.152798 -2.3346 0 0 10
0.419164 -0.394628 0.140684 2.98492 -0.152798 -2.3346 0 0 10
0.419164 -0.394628 0.140684 2.98492 -0.152798 -2.3346 0 0 10
0.419164 -0.394628 0.140684 2.98492 -0.152798 -2.3346 0 0 10
0.419164 -0.394628 0.140684 2.98492 -0.152798 -2.3346 0 0 10
0.419164 -0.394628 0.140684 2.98492 -0.152798 -2.3346 0 0 10
0.419164 -0.394628 0.140684 2.98492 -0.152798 -2.3346 0 0 10
0.419164 -0.394628 0.140684 2.98492 -0.152798 -2.3346 0 0 10
0.419164 -0.394628 0.140684 2.98492 -0.152798 -2.3346 0 0 10
0.419164 -0.394628 0.140684 2.98492 -0.152798 -2.3346 0 0 10
0.419164 -0.394628 0.140684 2.98492 -0.152798 -2.3346 0 0 10
0.419164 -0.394628 0.140684 2.98492 -0.152798 -2.3346 0 0 10
0.419164 -0.394628 0.140684 2.98492 -0.152798 -2.3346 0 0 10
0.419164 -0.394628 0.140684 2.98492 -0.152798 -2.3346 0 0 10
0.419164 -0.394628 0.140684 2.98492 -0.152798 -2.3346 0 0 10
0.419164 -0.394628 0.140684 2.98492 -0.152798 -2.3346 0 0 10
0.419164 -0.394628 0.140684 2.98492 -0.152798 -2.3346 0 0 10
0.419164 -0.394628 0.140684 2.98492 -0.152798 -2.3346 0 0 10
0.419164 -0.394628 0.140684 2.98492 -0.152798 -2.3346 0 0 10
0.419164 -0.394628 0.140684 2.98492 -0.152798 -2.3346 0 0 10
0.419164 -0.394628 0.140684 2.98492 -0.152798 -2.3346 0 0 10
0.419164 -0.394628 0.140684 2.98492 -0.152798 -2.3346 0 0 10
0.419164 -0.394628 0.140684 2.98492 -0.152798 -2.3346 0 0 10
0.419164 -0.394628 0.140684 2.98492 -0.152798 -2.3346 0 0 10
0.419164 -0.394628 0.140684 2.98492 -0.152798 -2.3346 0 0 10
0.419164 -0.394628 0.140684 2.98492 -0.152798 -2.3346 0 0 10
0.419164 -0.394628 0.140684 2.98492 -0.152798 -2.3346 0 0 10
0.419164 -0.394628 0.140684 2.98492 -0.152798 -2.3346 0 0 10
0.419164 -0.394628 0.140684 2.98492 -0.152798 -2.3346 0 0 10
0.419164 -0.394628 0.140684 2.98492 -0.152798 -2.3346 0 0 10
0.419164 -0.394628 0.140684 2.98492 -0.152798 -2.3346 0 0 10
0.419164 -0.394628 0.140684 2.98492 -0.152798 -2.3346 0 0 10
0.419164 -0.394628 0.140684 2.98492 -0.152798 -2.3346 0 0 10
0.419164 -0.394628 0.140684 2.98492 -0.152798 -2.3346 0 0 10
0.419164 -0.394628 0.140684 2.98492 -0.152798 -2.3346 0 0 10
0.419164 -0.394628 0.140684 2.98492 -0.152798 -2.3346 0 0 10
0.419164 -0.394628 0.140684 2.98492 -0.152798 -2.3346 0 0 10
0.419164 -0.394628 0.140684 2.98492 -0.152798 -2.3346 0 0 10
0.419164 -0.394628 0.140684 2.98492 -0.152798 -2.3346 0 0 10
0.419164 -0.394628 0.140684 2.98492 -0.152798 -2.3346 0 0 10
0.419164 -0.394628 0.140684 2.98492 -0.152798 -2.3346 0 0 10
0.419164 -0.394628 0.140684 2.98492 -0.152798 -2.3346 0 0 10
0.419164 -0.394628 0.140684 2.98492 -0.152798 -2.3346 0 0 10
0.419164 -0.394628 0.140684 2.98492 -0.152798 -2.3346 0 0 10
0.419164 -0.394628 0.140684 2.98492 -0.152798 -2.3346 0 0 10
0.419164 -0.394628 0.140684 2.98492 -0.152798 -2.3346 0 0 10
0.419164 -0.394628 0.140684 2.98492 -0.152798 -2.3346 0 0 10
0.419164 -0.394628 0.140684 2.98492 -0.152798 -2.3346 0 0 10
0.419164 -0.394628 0.140684 2.98492 -0.152798 -2.3346 0 0 10
0.419164 -0.394628 0.140684 2.98492 -0.152798 -2.3346 0 0 10
0.419164 -0.394628 0.140684 2.98492 -0.152798 -2.3346 0 0 10
0.419164 -0.394628 0.140684 2.98492 -0.152798 -2.3346 0 0 10
0.419164 -0.394628 0.140684 2.98492 -0.152798 -2.3346 0 0 10
0.419155 -0.394628 0.140645 2.98492 -0.152798 -2.3346 0 0 10
0.419138 -0.394628 0.140567 2.98492 -0.152798 -2.3346 0 0 10
0.419112 -0.394628 0.14045 2.98492 -0.152798 -2.3346 0 0 10
0.419077 -0.394628 0.140294 2.98492 -0.152798 -2.3346 0 0 10
0.419034 -0.394628 0.140098 2.98492 -0.152798 -2.3346 0 0 10
0.418982 -0.394628 0.139864 2.98492 -0.152798 -2.3346 0 0 10
0.418921 -0.394628 0.139591 2.98492 -0.152798 -2.3346 0 0 10
0.418852 -0.394628 0.139278 2.98492 -0.152798 -2.3346 0 0 10
0.418774 -0.394628 0.138927 2.98492 -0.152798 -2.3346 0 0 10
0.418688 -0.394628 0.138536 2.98492 -0.152798 -2.3346 0 0 10
0.418593 -0.394628 0.138107 2.98492 -0.152798 -2.3346 0 0 10
0.418489 -0.394628 0.137638 2.98492 -0.152798 -2.3346 0 0 10
0.418376 -0.394628 0.137131 2.98492 -0.152798 -2.3346 0 0 10
0.418255 -0.394628 0.136584 2.98492 -0.152798 -2.3346 0 0 10
0.418125 -0.394628 0.135998 2.98492 -0.152798 -2.3346 0 0 10
0.417987 -0.394628 0.135373 2.98492 -0.152798 -2.3346 0 0 10
0.417839 -0.394628 0.134709 2.98492 -0.152798 -2.3346 0 0 10
0.417684 -0.394628 0.134006 2.98492 -0.152798 -2.3346 0 0 10
0.417519 -0.394628 0.133264 2.98492 -0.152798 -2.3346 0 0 10
0.417346 -0.394628 0.132483 2.98492 -0.152798 -2.3346 0 0 10
0.417164 -0.394628 0.131663 2.98492 -0.152798 -2.3346 0 0 10
0.416974 -0.394628 0.130804 2.98492 -0.152798 -2.3346 0 0 10
0.416775 -0.394628 0.129906 2.98492 -0.152798 -2.3346 0 0 10
0.416567 -0.394628 0.128969 2.98492 -0.152798 -2.3346 0 0 10
0.41635 -0.394628 0.127992 2.98492 -0.152798 -2.3346 0 0 10
0.416134 -0.394628 0.127016 2.98492 -0.152798 -2.3346 0 0 10
0.415918 -0.394628 0.12604 2.98492 -0.152798 -2.3346 0 0 10
0.415701 -0.394628 0.125063 2.98492 -0.152798 -2.3346 0 0 10
0.415485 -0.394628 0.124087 2.98492 -0.152798 -2.3346 0 0 10
0.415268 -0.394628 0.123111 2.98492 -0.152798 -2.3346 0 0 10
0.415052 -0.394628 0.122135 2.98492 -0.152798 -2.3346 0 0 10
0.414835 -0.394628 0.121158 2.98492 -0.152798 -2.3346 0 0 10
0.414619 -0.394628 0.120182 2.98492 -0.152798 -2.3346 0 0 10
0.414403 -0.394628 0.119206 2.98492 -0.152798 -2.3346 0 0 10
0.414186 -0.394628 0.118229 2.98492 -0.152798 -2.3346 0 0 10
0.41397 -0.394628 0.117253 2.98492 -0.152798 -2.3346 0 0 10
0.413753 -0.394628 0.116277 2.98492 -0.152798 -2.3346 0 0 10
0.413537 -0.394628 0.1153 2.98492 -0.152798 -2.3346 0 0 10
0.41332 -0.394628 0.114324 2.98492 -0.152798 -2.3346 0 0 10
0.413104 -0.394628 0.113348 2.98492 -0.152798 -2.3346 0 0 10
0.412888 -0.394628 0.112372 2.98492 -0.152798 -2.3346 0 0 10
0.412671 -0.394628 0.111395 2.98492 -0.152798 -2.3346 0 0 10
0.412455 -0.394628 0.110419 2.98492 -0.152798 -2.3346 0 0 10
0.412238 -0.394628 0.109443 2.98492 -0.152798 -2.3346 0 0 10
0.412022 -0.394628 0.108466 2.98492 -0.152798 -2.3346 0 0 10
0.411805 -0.394628 0.10749 2.98492 -0.152798 -2.3346 0 0 10
0.411589 -0.394628 0.106514 2.98492 -0.152798 -2.3346 0 0 10
0.411373 -0.394628 0.105537 2.98492 -0.152798 -2.3346 0 0 10
0.411156 -0.394628 0.104561 2.98492 -0.152798 -2.3346 0 0 10
0.41094 -0.394628 0.103585 2.98492 -0.152798 -2.3346 0 0 10
0.410723 -0.394628 0.102609 2.98492 -0.152798 -2.3346 0 0 10
0.410507 -0.394628 0.101632 2.98492 -0.152798 -2.3346 0 0 10
0.410291 -0.394628 0.100656 2.98492 -0.152798 -2.3346 0 0 10
0.410074 -0.394628 0.0996796 2.98492 -0.152798 -2.3346 0 0 10
0.409858 -0.394628 0.0987033 2.98492 -0.152798 -2.3346 0 0 10
0.409641 -0.394628 0.097727 2.98492 -0.152798 -2.3346 0 0 10
0.409425 -0.394628 0.0967507 2.98492 -0.152798 -2.3346 0 0 10
0.409208 -0.394628 0.0957744 2.98492 -0.152798 -2.3346 0 0 10
0.408992 -0.394628 0.0947981 2.98492 -0.152798 -2.3346 0 0 10
0.408776 -0.394628 0.0938219 2.98492 -0.152798 -2.3346 0 0 10
0.408559 -0.394628 0.0928456 2.98492 -0.152798 -2.3346 0 0 10
0.408343 -0.394628 0.0918693 2.98492 -0.152798 -2.3346 0 0 10
0.408126 -0.394628 0.090893 2.98492 -0.152798 -2.3346 0 0 10
0.40791 -0.394628 0.0899167 2.98492 -0.152798 -2.3346 0 0 10
0.407693 -0.394628 0.0889404 2.98492 -0.152798 -2.3346 0 0 10
0.407477 -0.394628 0.0879641 2.98492 -0.152798 -2.3346 0 0 10
0.407261 -0.394628 0.0869878 2.98492 -0.152798 -2.3346 0 0 10
0.407044 -0.394628 0.0860115 2.98492 -0.152798 -2.3346 0 0 10
0.406828 -0.394628 0.0850352 2.98492 -0.152798 -2.3346 0 0 10
0.406611 -0.394628 0.0840589 2.98492 -0.152798 -2.3346 0 0 10
0.406395 -0.394628 0.0830826 2.98492 -0.152798 -2.3346 0 0 10
0.406178 -0.394628 0.0821063 2.98492 -0.152798 -2.3346 0 0 10
0.405962 -0.394628 0.08113 2.98492 -0.152798 -2.3346 0 0 10
0.405746 -0.394628 0.0801537 2.98492 -0.152798 -2.3346 0 0 10
0.405529 -0.394628 0.0791774 2.98492 -0.152798 -2.3346 0 0 10
0.405313 -0.394628 0.0782011 2.98492 -0.152798 -2.3346 0 0 10
0.405096 -0.394628 0.0772248 2.98492 -0.152798 -2.3346 0 0 10
0.40488 -0.394628 0.0762485 2.98492 -0.152798 -2.3346 0 0 10
0.404664 -0.394628 0.0752722 2.98492 -0.152798 -2.3346 0 0 10
0.404447 -0.394628 0.0742959 2.98492 -0.152798 -2.3346 0 0 10
0.404231 -0.394628 0.0733196 2.98492 -0.152798 -2.3346 0 0 10
0.404014 -0.394628 0.0723433 2.98492 -0.152798 -2.3346 0 0 10
0.403798 -0.394628 0.071367 2.98492 -0.152798 -2.3346 0 0 10
0.403581 -0.394628 0.0703907 2.98492 -0.152798 -2.3346 0 0 10
0.403365 -0.394628 0.0694144 2.98492 -0.152798 -2.3346 0 0 10
0.403149 -0.394628 0.0684381 2.98492 -0.152798 -2.3346 0 0 10
0.402932 -0.394628 0.0674618 2.98492 -0.152798 -2.3346 0 0 10
0.402716 -0.394628 0.0664855 2.98492 -0.152798 -2.3346 0 0 10
0.402499 -0.394628 0.0655092 2.98492 -0.152798 -2.3346 0 0 10
0.402283 -0.394628 0.0645329 2.98492 -0.152798 -2.3346 0 0 10
0.402066 -0.394628 0.0635566 2.98492 -0.152798 -2.3346 0 0 10
0.40185 -0.394628 0.0625803 2.98492 -0.152798 -2.3346 0 0 10
0.401634 -0.394628 0.061604 2.98492 -0.152798 -2.3346 0 0 10
0.401417 -0.394628 0.0606277 2.98492 -0.152798 -2.3346 0 0 10
0.401201 -0.394628 0.0596514 2.98492 -0.152798 -2.3346 0 0 10
0.400984 -0.394628 0.0586751 2.98492 -0.152798 -2.3346 0 0 10
0.400768 -0.394628 0.0576988 2.98492 -0.152798 -2.3346 0 0 10
0.400551 -0.394628 0.0567225 2.98492 -0.152798 -2.3346 0 0 10
0.400335 -0.394588 0.0557462 2.98492 -0.152798 -2.3346 0 0 10
0.400127 -0.394508 0.054809 2.98492 -0.152798 -2.3346 0 0 10
0.399927 -0.394388 0.0539109 2.98492 -0.152798 -2.3346 0 0 10
0.399736 -0.394228 0.0530519 2.98492 -0.152798 -2.3346 0 0 10
0.399554 -0.394028 0.0522319 2.98492 -0.152798 -2.3346 0 0 10
0.39938 -0.393788 0.0514511 2.98492 -0.152798 -2.3346 0 0 10
0.399215 -0.393508 0.0507093 2.98492 -0.152798 -2.3346 0 0 10
0.399058 -0.393188 0.0500066 2.98492 -0.152798 -2.3346 0 0 10
0.398909 -0.392828 0.049343 2.98492 -0.152798 -2.3346 0 0 10
0.398769 -0.392428 0.0487185 2.98492 -0.152798 -2.3346 0 0 10
0.398638 -0.391988 0.048133 2.98492 -0.152798 -2.3346 0 0 10
0.398515 -0.391508 0.0475867 2.98492 -0.152798 -2.3346 0 0 10
0.398401 -0.390988 0.0470794 2.98492 -0.152798 -2.3346 0 0 10
0.398295 -0.390428 0.0466112 2.98492 -0.152798 -2.3346 0 0 10
0.398198 -0.389828 0.0461821 2.98492 -0.152798 -2.3346 0 0 10
0.398109 -0.389188 0.0457921 2.98492 -0.152798 -2.3346 0 0 10
0.398029 -0.388508 0.0454411 2.98492 -0.152798 -2.3346 0 0 10
0.397957 -0.387788 0.0451292 2.98492 -0.152798 -2.3346 0 0 10
0.397894 -0.387028 0.0448565 2.98492 -0.152798 -2.3346 0 0 10
0.397839 -0.386228 0.0446228 2.98492 -0.152798 -2.3346 0 0 10
0.397793 -0.385388 0.0444282 2.98492 -0.152798 -2.3346 0 0 10
0.397755 -0.384508 0.0442726 2.98492 -0.152798 -2.3346 0 0 10
0.397726 -0.383588 0.0441562 2.98492 -0.152798 -2.3346 0 0 10
0.397705 -0.382628 0.0440788 2.98492 -0.152798 -2.3346 0 0 10
0.397693 -0.381628 0.0440405 2.98492 -0.152798 -2.3346 0 0 10
0.39769 -0.380628 0.0440413 2.98492 -0.152798 -2.3346 0 0 10
0.397686 -0.379628 0.0440421 2.98492 -0.152798 -2.3346 0 0 10
0.397683 -0.378628 0.0440428 2.98492 -0.152798 -2.3346 0 0 10
0.397679 -0.377628 0.0440436 2.98492 -0.152798 -2.3346 0 0 10
0.397676 -0.376628 0.0440444 2.98492 -0.152798 -2.3346 0 0 10
0.397672 -0.375628 0.0440451 2.98492 -0.152798 -2.3346 0 0 10
0.397669 -0.374628 0.0440459 2.98492 -0.152798 -2.3346 0 0 10
0.397665 -0.373628 0.0440467 2.98492 -0.152798 -2.3346 0 0 10
0.397662 -0.372628 0.0440475 2.98492 -0.152798 -2.3346 0 0 10
0.397658 -0.371628 0.0440482 2.98492 -0.152798 -2.3346 0 0 10
0.397655 -0.370628 0.044049 2.98492 -0.152798 -2.3346 0 0 10
0.397651 -0.369628 0.0440498 2.98492 -0.152798 -2.3346 0 0 10
0.397648 -0.368628 0.0440505 2.98492 -0.152798 -2.3346 0 0 10
0.397644 -0.367628 0.0440513 2.98492 -0.152798 -2.3346 0 0 10
0.397641 -0.366628 0.0440521 2.98492 -0.152798 -2.3346 0 0 10
0.397637 -0.365628 0.0440529 2.98492 -0.152798 -2.3346 0 0 10
0.397634 -0.364628 0.0440536 2.98492 -0.152798 -2.3346 0 0 10
0.39763 -0.363628 0.0440544 2.98492 -0.152798 -2.3346 0 0 10
0.397627 -0.362628 0.0440552 2.98492 -0.152798 -2.3346 0 0 10
0.397624 -0.361628 0.0440559 2.98492 -0.152798 -2.3346 0 0 10
0.39762 -0.360628 0.0440567 2.98492 -0.152798 -2.3346 0 0 10
0.397617 -0.359628 0.0440575 2.98492 -0.152798 -2.3346 0 0 10
0.397613 -0.358628 0.0440583 2.98492 -0.152798 -2.3346 0 0 10
0.39761 -0.357628 0.044059 2.98492 -0.152798 -2.3346 0 0 10
0.397606 -0.356628 0.0440598 2.98492 -0.152798 -2.3346 0 0 10
0.397603 -0.355628 0.0440606 2.98492 -0.152797 -2.3346 0 0 10
0.397599 -0.354628 0.0440614 2.98492 -0.152797 -2.3346 0 0 10
0.397596 -0.353628 0.0440621 2.98492 -0.152797 -2.3346 0 0 10
0.397592 -0.352628 0.0440629 2.98492 -0.152797 -2.3346 0 0 10
0.397589 -0.351628 0.0440637 2.98492 -0.152797 -2.3346 0 0 10
0.397585 -0.350628 0.0440645 2.98492 -0.152797 -2.3346 0 0 10
0.397582 -0.349628 0.0440652 2.98492 -0.152797 -2.3346 0 0 10
0.397578 -0.348628 0.044066 2.98492 -0.152797 -2.3346 0 0 10
0.397575 -0.347628 0.0440668 2.98492 -0.152797 -2.3346 0 0 10
0.397571 -0.346628 0.0440676 2.98492 -0.152797 -2.3346 0 0 10
0.397568 -0.345628 0.0440683 2.98492 -0.152797 -2.3346 0 0 10
0.397564 -0.344628 0.0440691 2.98492 -0.152797 -2.3346 0 0 10
0.397561 -0.343628 0.0440699 2.98492 -0.152797 -2.3346 0 0 10
0.397557 -0.342628 0.0440706 2.98492 -0.152797 -2.3346 0 0 10
0.397554 -0.341628 0.0440714 2.98492 -0.152797 -2.3346 0 0 10
0.39755 -0.340628 0.0440722 2.98492 -0.152797 -2.3346 0 0 10
0.397547 -0.339628 0.044073 2.98492 -0.152797 -2.3346 0 0 10
0.397543 -0.338628 0.0440737 2.98492 -0.152797 -2.3346 0 0 10
0.39754 -0.337628 0.0440745 2.98492 -0.152797 -2.3346 0 0 10
0.397536 -0.336628 0.0440753 2.98492 -0.152797 -2.3346 0 0 10
0.397533 -0.335628 0.0440761 2.98492 -0.152798 -2.3346 0 0 10
0.397529 -0.334628 0.0440768 2.98492 -0.152798 -2.3346 0 0 10
0.397526 -0.333628 0.0440776 2.98492 -0.152798 -2.3346 0 0 10
0.397522 -0.332628 0.0440784 2.98492 -0.152798 -2.3346 0 0 10
0.397519 -0.331628 0.0440791 2.98492 -0.152798 -2.3346 0 0 10
0.397515 -0.330628 0.0440799 2.98492 -0.152798 -2.3346 0 0 10
0.397512 -0.329628 0.0440807 2.98492 -0.152798 -2.3346 0 0 10
0.397509 -0.328628 0.0440814 2.98492 -0.152798 -2.3346 0 0 10
0.397505 -0.327628 0.0440822 2.98492 -0.152798 -2.3346 0 0 10
0.397502 -0.326628 0.044083 2.98492 -0.152798 -2.3346 0 0 10
0.397498 -0.325628 0.0440837 2.98492 -0.152798 -2.3346 0 0 10
0.397495 -0.324628 0.0440845 2.98492 -0.152798 -2.3346 0 0 10
0.397491 -0.323628 0.0440853 2.98492 -0.152798 -2.3346 0 0 10
0.397488 -0.322628 0.044086 2.98492 -0.152798 -2.3346 0 0 10
0.397484 -0.321628 0.0440868 2.98492 -0.152798 -2.3346 0 0 10
0.397481 -0.320628 0.0440876 2.98492 -0.152798 -2.3346 0 0 10
0.397477 -0.319628 0.0440883 2.98492 -0.152798 -2.3346 0 0 10
0.397474 -0.318628 0.0440891 2.98492 -0.152798 -2.3346 0 0 10
0.397471 -0.317628 0.0440898 2.98492 -0.152798 -2.3346 0 0 10
0.397467 -0.316628 0.0440906 2.98492 -0.152798 -2.3346 0 0 10
0.397464 -0.315628 0.0440914 2.98492 -0.152798 -2.3346 0 0 10
0.39746 -0.314629 0.0440921 2.98492 -0.152798 -2.3346 0 0 10
0.397457 -0.313629 0.0440929 2.98492 -0.152798 -2.3346 0 0 10
0.397453 -0.312629 0.0440937 2.98492 -0.152798 -2.3346 0 0 10
0.39745 -0.311629 0.0440944 2.98492 -0.152798 -2.3346 0 0 10
0.397446 -0.310629 0.0440952 2.98492 -0.152798 -2.3346 0 0 10
0.397443 -0.309629 0.044096 2.98492 -0.152798 -2.3346 0 0 10
0.39744 -0.308629 0.0440967 2.98492 -0.152798 -2.3346 0 0 10
0.397436 -0.307629 0.0440975 2.98492 -0.152798 -2.3346 0 0 10
0.397433 -0.306629 0.0440983 2.98492 -0.152798 -2.3346 0 0 10
0.397429 -0.305629 0.044099 2.98492 -0.152798 -2.3346 0 0 10
0.397426 -0.304629 0.0440998 2.98492 -0.152798 -2.3346 0 0 10
0.397422 -0.303629 0.0441006 2.98492 -0.152798 -2.3346 0 0 10
0.397419 -0.302629 0.0441013 2.98492 -0.152798 -2.3346 0 0 10
0.397415 -0.301629 0.0441021 2.98492 -0.152798 -2.3346 0 0 10
0.397412 -0.300629 0.0441029 2.98492 -0.152798 -2.3346 0 0 10
0.397408 -0.299629 0.0441036 2.98492 -0.152798 -2.3346 0 0 10
0.397405 -0.298629 0.0441044 2.98492 -0.152798 -2.3346 0 0 10
0.397401 -0.297629 0.0441052 2.98492 -0.152798 -2.3346 0 0 10
0.397398 -0.296629 0.044106 2.98492 -0.152798 -2.3346 0 0 10
0.397394 -0.295629 0.0441067 2.98492 -0.152798 -2.3346 0 0 10
0.397391 -0.294629 0.0441075 2.98492 -0.152798 -2.3346 0 0 10
0.397387 -0.293629 0.0441083 2.98492 -0.152798 -2.3346 0 0 10
0.397384 -0.292629 0.044109 2.98492 -0.152798 -2.3346 0 0 10
0.39738 -0.291629 0.0441098 2.98492 -0.152798 -2.3346 0 0 10
0.397377 -0.290629 0.0441106 2.98492 -0.152798 -2.3346 0 0 10
0.397373 -0.289629 0.0441114 2.98492 -0.152798 -2.3346 0 0 10
0.39737 -0.288629 0.0441121 2.98492 -0.152798 -2.3346 0 0 10
0.397367 -0.287629 0.0441129 2.98492 -0.152798 -2.3346 0 0 10
0.397363 -0.286629 0.0441137 2.98492 -0.152798 -2.3346 0 0 10
0.39736 -0.285629 0.0441145 2.98492 -0.152798 -2.3346 0 0 10
0.397356 -0.284629 0.0441152 2.98492 -0.152798 -2.3346 0 0 10
0.397353 -0.283629 0.044116 2.98492 -0.152798 -2.3346 0 0 10
0.397349 -0.282629 0.0441168 2.98492 -0.152798 -2.3346 0 0 10
0.397346 -0.281629 0.0441176 2.98492 -0.152798 -2.3346 0 0 10
0.397342 -0.280629 0.0441183 2.98492 -0.152798 -2.3346 0 0 10
0.397339 -0.279629 0.0441191 2.98492 -0.152798 -2.3346 0 0 10
0.397335 -0.278629 0.0441199 2.98492 -0.152798 -2.3346 0 0 10
0.397332 -0.277629 0.0441207 2.98492 -0.152798 -2.3346 0 0 10
0.397328 -0.276629 0.0441214 2.98492 -0.152798 -2.3346 0 0 10
0.397325 -0.275629 0.0441222 2.98492 -0.152798 -2.3346 0 0 10
0.397321 -0.274629 0.044123 2.98492 -0.152798 -2.3346 0 0 10
0.397318 -0.273629 0.0441238 2.98492 -0.152798 -2.3346 0 0 10
0.397314 -0.272629 0.0441245 2.98492 -0.152798 -2.3346 0 0 10
0.397311 -0.271629 0.0441253 2.98492 -0.152798 -2.3346 0 0 10
0.397307 -0.270629 0.0441261 2.98492 -0.152798 -2.3346 0 0 10
0.397304 -0.269629 0.0441268 2.98492 -0.152798 -2.3346 0 0 10
0.3973 -0.268629 0.0441276 2.98492 -0.152798 -2.3346 0 0 10
0.397297 -0.267629 0.0441284 2.98492 -0.152798 -2.3346 0 0 10
0.397293 -0.266629 0.0441292 2.98492 -0.152798 -2.3346 0 0 10
0.39729 -0.265629 0.0441299 2.98492 -0.152798 -2.3346 0 0 10
0.397286 -0.264629 0.0441307 2.98492 -0.152798 -2.3346 0 0 10
0.397283 -0.263629 0.0441315 2.98492 -0.152798 -2.3346 0 0 10
0.397279 -0.262629 0.0441323 2.98492 -0.152798 -2.3346 0 0 10
0.397276 -0.261629 0.044133 2.98492 -0.152798 -2.3346 0 0 10
0.397272 -0.260629 0.0441338 2.98492 -0.152798 -2.3346 0 0 10
0.397269 -0.259629 0.0441346 2.98492 -0.152798 -2.3346 0 0 10
0.397265 -0.258629 0.0441353 2.98492 -0.152798 -2.3346 0 0 10
0.397262 -0.257629 0.0441361 2.98492 -0.152798 -2.3346 0 0 10
0.397258 -0.256629 0.0441369 2.98492 -0.152798 -2.3346 0 0 10
0.397255 -0.255629 0.0441377 2.98492 -0.152798 -2.3346 0 0 10
0.397251 -0.254629 0.0441384 2.98492 -0.152798 -2.3346 0 0 10
0.397248 -0.253629 0.0441392 2.98492 -0.152798 -2.3346 0 0 10
0.397244 -0.252629 0.04414 2.98492 -0.152798 -2.3346 0 0 10
0.397241 -0.251629 0.0441407 2.98492 -0.152798 -2.3346 0 0 10
0.397238 -0.250629 0.0441415 2.98492 -0.152798 -2.3346 0 0 10
0.397234 -0.249629 0.0441423 2.98492 -0.152798 -2.3346 0 0 10
0.397231 -0.248629 0.0441431 2.98492 -0.152798 -2.3346 0 0 10
0.397227 -0.247629 0.0441438 2.98492 -0.152798 -2.3346 0 0 10
0.397224 -0.246629 0.0441446 2.98492 -0.152798 -2.3346 0 0 10
0.39722 -0.245629 0.0441454 2.98492 -0.152798 -2.3346 0 0 10
0.397217 -0.244629 0.0441461 2.98492 -0.152798 -2.3346 0 0 10
0.397213 -0.243629 0.0441469 2.98492 -0.152798 -2.3346 0 0 10
0.39721 -0.242629 0.0441477 2.98492 -0.152798 -2.3346 0 0 10
0.397206 -0.241629 0.0441484 2.98492 -0.152798 -2.3346 0 0 10
0.397203 -0.240629 0.0441492 2.98492 -0.152798 -2.3346 0 0 10
0.397199 -0.239629 0.04415 2.98492 -0.152798 -2.3346 0 0 10
0.397196 -0.238629 0.0441508 2.98492 -0.152798 -2.3346 0 0 10
0.397192 -0.237629 0.0441515 2.98492 -0.152798 -2.3346 0 0 10
0.397189 -0.236629 0.0441523 2.98492 -0.152798 -2.3346 0 0 10
0.397185 -0.235629 0.0441531 2.98492 -0.152798 -2.3346 0 0 10
0.397182 -0.234629 0.0441538 2.98492 -0.152798 -2.3346 0 0 10
0.397178 -0.233629 0.0441546 2.98492 -0.152798 -2.3346 0 0 10
0.397175 -0.232629 0.0441554 2.98492 -0.152798 -2.3346 0 0 10
0.397171 -0.231629 0.0441562 2.98492 -0.152798 -2.3346 0 0 10
0.397168 -0.230629 0.0441569 2.98492 -0.152798 -2.3346 0 0 10
0.397165 -0.229629 0.0441577 2.98492 -0.152798 -2.3346 0 0 10
0.397161 -0.228629 0.0441585 2.98492 -0.152798 -2.3346 0 0 10
0.397158 -0.227629 0.0441592 2.98492 -0.152798 -2.3346 0 0 10
0.397154 -0.226629 0.04416 2.98492 -0.152798 -2.3346 0 0 10
0.397151 -0.225629 0.0441608 2.98492 -0.152798 -2.3346 0 0 10
0.397147 -0.224629 0.0441616 2.98492 -0.152798 -2.3346 0 0 10
0.397144 -0.223629 0.0441623 2.98492 -0.152798 -2.3346 0 0 10
0.39714 -0.222629 0.0441631 2.98492 -0.152798 -2.3346 0 0 10
0.397137 -0.221629 0.0441639 2.98492 -0.152798 -2.3346 0 0 10
0.397133 -0.220629 0.0441647 2.98492 -0.152798 -2.3346 0 0 10
0.39713 -0.219629 0.0441654 2.98492 -0.152798 -2.3346 0 0 10
0.397126 -0.218629 0.0441662 2.98492 -0.152798 -2.3346 0 0 10
0.397123 -0.217629 0.044167 2.98492 -0.152798 -2.3346 0 0 10
0.397119 -0.216629 0.0441677 2.98492 -0.152798 -2.3346 0 0 10
0.397116 -0.215629 0.0441685 2.98492 -0.152798 -2.3346 0 0 10
0.397112 -0.214629 0.0441693 2.98492 -0.152798 -2.3346 0 0 10
0.397109 -0.213629 0.0441701 2.98492 -0.152798 -2.3346 0 0 10
0.397105 -0.212629 0.0441708 2.98492 -0.152798 -2.3346 0 0 10
0.397102 -0.211629 0.0441716 2.98492 -0.152798 -2.3346 0 0 10
0.397098 -0.210629 0.0441724 2.98492 -0.152798 -2.3346 0 0 10
0.397095 -0.209629 0.0441732 2.98492 -0.152798 -2.3346 0 0 10
0.397091 -0.208629 0.0441739 2.98492 -0.152798 -2.3346 0 0 10
0.397088 -0.207629 0.0441747 2.98492 -0.152798 -2.3346 0 0 10
0.397084 -0.206629 0.0441755 2.98492 -0.152798 -2.3346 0 0 10
0.397081 -0.205629 0.0441762 2.98492 -0.152798 -2.3346 0 0 10
0.397077 -0.204629 0.044177 2.98492 -0.152798 -2.3346 0 0 10
0.397074 -0.203629 0.0441778 2.98492 -0.152798 -2.3346 0 0 10
0.39707 -0.202629 0.0441786 2.98492 -0.152798 -2.3346 0 0 10
0.397067 -0.201629 0.0441793 2.98492 -0.152798 -2.3346 0 0 10
0.397063 -0.200629 0.0441801 2.98492 -0.152798 -2.3346 0 0 10
0.39706 -0.199629 0.0441809 2.98492 -0.152798 -2.3346 0 0 10
0.397056 -0.198629 0.0441816 2.98492 -0.152798 -2.3346 0 0 10
0.397053 -0.197629 0.0441824 2.98492 -0.152798 -2.3346 0 0 10
0.397049 -0.196629 0.0441832 2.98492 -0.152798 -2.3346 0 0 10
0.397046 -0.195629 0.044184 2.98492 -0.152798 -2.3346 0 0 10
0.397043 -0.194629 0.0441847 2.98492 -0.152798 -2.3346 0 0 10
0.397039 -0.193629 0.0441855 2.98492 -0.152798 -2.3346 0 0 10
0.397036 -0.192629 0.0441863 2.98492 -0.152798 -2.3346 0 0 10
0.397032 -0.191629 0.044187 2.98492 -0.152798 -2.3346 0 0 10
0.397029 -0.190629 0.0441878 2.98492 -0.152798 -2.3346 0 0 10
0.397025 -0.189629 0.0441886 2.98492 -0.152798 -2.3346 0 0 10
0.397022 -0.188629 0.0441894 2.98492 -0.152798 -2.3346 0 0 10
0.397018 -0.187629 0.0441901 2.98492 -0.152798 -2.3346 0 0 10
0.397015 -0.186629 0.0441909 2.98492 -0.152798 -2.3346 0 0 10
0.397011 -0.185629 0.0441917 2.98492 -0.152798 -2.3346 0 0 10
0.397008 -0.184629 0.0441924 2.98492 -0.152798 -2.3346 0 0 10
0.397004 -0.183629 0.0441932 2.98492 -0.152798 -2.3346 0 0 10
0.397001 -0.182629 0.044194 2.98492 -0.152798 -2.3346 0 0 10
0.396997 -0.181629 0.0441948 2.98492 -0.152798 -2.3346 0 0 10
0.396994 -0.180629 0.0441955 2.98492 -0.152798 -2.3346 0 0 10
0.39699 -0.179629 0.0441963 2.98492 -0.152798 -2.3346 0 0 10
0.396987 -0.178629 0.0441971 2.98492 -0.152798 -2.3346 0 0 10
0.396983 -0.177629 0.0441978 2.98492 -0.152798 -2.3346 0 0 10
0.39698 -0.176629 0.0441986 2.98492 -0.152798 -2.3346 0 0 10
0.396976 -0.175629 0.0441994 2.98492 -0.152798 -2.3346 0 0 10
0.396973 -0.174629 0.0442001 2.98492 -0.152798 -2.3346 0 0 10
0.39697 -0.173629 0.0442009 2.98492 -0.152798 -2.3346 0 0 10
0.396966 -0.172629 0.0442017 2.98492 -0.152798 -2.3346 0 0 10
0.396963 -0.171629 0.0442025 2.98492 -0.152798 -2.3346 0 0 10
0.396959 -0.170629 0.0442032 2.98492 -0.152798 -2.3346 0 0 10
0.396956 -0.169629 0.044204 2.98492 -0.152798 -2.3346 0 0 10
0.396952 -0.168629 0.0442048 2.98492 -0.152798 -2.3346 0 0 10
0.396949 -0.167629 0.0442055 2.98492 -0.152798 -2.3346 0 0 10
0.396945 -0.166629 0.0442063 2.98492 -0.152798 -2.3346 0 0 10
0.396942 -0.165629 0.0442071 2.98492 -0.152798 -2.3346 0 0 10
0.396938 -0.164629 0.0442078 2.98492 -0.152798 -2.3346 0 0 10
0.396935 -0.163629 0.0442086 2.98492 -0.152798 -2.3346 0 0 10
0.396931 -0.162629 0.0442094 2.98492 -0.152798 -2.3346 0 0 10
0.396928 -0.161629 0.0442102 2.98492 -0.152798 -2.3346 0 0 10
0.396924 -0.160629 0.0442109 2.98492 -0.152798 -2.3346 0 0 10
0.396921 -0.159629 0.0442117 2.98492 -0.152798 -2.3346 0 0 10
0.396917 -0.158629 0.0442125 2.98492 -0.152798 -2.3346 0 0 10
0.396914 -0.15763 0.0442132 2.98492 -0.152798 -2.3346 0 0 10
0.39691 -0.15663 0.044214 2.98492 -0.152798 -2.3346 0 0 10
0.396907 -0.15563 0.0442148 2.98492 -0.152798 -2.3346 0 0 10
0.396904 -0.15463 0.0442155 2.98492 -0.152798 -2.3346 0 0 10
0.3969 -0.15363 0.0442163 2.98492 -0.152798 -2.3346 0 0 10
0.396897 -0.15263 0.0442171 2.98492 -0.152798 -2.3346 0 0 10
0.396893 -0.15163 0.0442179 2.98492 -0.152798 -2.3346 0 0 10
0.39689 -0.15063 0.0442186 2.98492 -0.152798 -2.3346 0 0 10
0.396886 -0.14963 0.0442194 2.98492 -0.152798 -2.3346 0 0 10
0.396883 -0.14863 0.0442202 2.98492 -0.152798 -2.3346 0 0 10
0.396879 -0.14763 0.0442209 2.98492 -0.152798 -2.3346 0 0 10
0.396876 -0.14663 0.0442217 2.98492 -0.152798 -2.3346 0 0 10
0.396872 -0.14563 0.0442225 2.98492 -0.152798 -2.3346 0 0 10
0.396869 -0.14463 0.0442232 2.98492 -0.152798 -2.3346 0 0 10
0.396865 -0.14363 0.044224 2.98492 -0.152798 -2.3346 0 0 10
0.396862 -0.14263 0.0442248 2.98492 -0.152798 -2.3346 0 0 10
0.396858 -0.14163 0.0442255 2.98492 -0.152798 -2.3346 0 0 10
0.396855 -0.14063 0.0442263 2.98492 -0.152798 -2.3346 0 0 10
0.396851 -0.13963 0.0442271 2.98492 -0.152798 -2.3346 0 0 10
0.396848 -0.13863 0.0442279 2.98492 -0.152798 -2.3346 0 0 10
0.396845 -0.13763 0.0442286 2.98492 -0.152798 -2.3346 0 0 10
0.396841 -0.13663 0.0442294 2.98492 -0.152798 -2.3346 0 0 10
0.396838 -0.13563 0.0442302 2.98492 -0.152798 -2.3346 0 0 10
0.396834 -0.13463 0.0442309 2.98492 -0.152798 -2.3346 0 0 10
0.396831 -0.13363 0.0442317 2.98492 -0.152798 -2.3346 0 0 10
0.396827 -0.13263 0.0442325 2.98492 -0.152798 -2.3346 0 0 10
0.396824 -0.13163 0.0442332 2.98492 -0.152798 -2.3346 0 0 10
0.39682 -0.13063 0.044234 2.98492 -0.152798 -2.3346 0 0 10
0.396817 -0.12963 0.0442348 2.98492 -0.152798 -2.3346 0 0 10
0.396813 -0.12863 0.0442356 2.98492 -0.152798 -2.3346 0 0 10
0.39681 -0.12763 0.0442363 2.98492 -0.152798 -2.3346 0 0 10
0.396806 -0.12663 0.0442371 2.98492 -0.152798 -2.3346 0 0 10
0.396803 -0.12563 0.0442379 2.98492 -0.152798 -2.3346 0 0 10
0.396799 -0.12463 0.0442386 2.98492 -0.152798 -2.3346 0 0 10
0.396796 -0.12363 0.0442394 2.98492 -0.152798 -2.3346 0 0 10
0.396792 -0.12263 0.0442402 2.98492 -0.152798 -2.3346 0 0 10
0.396789 -0.12163 0.0442409 2.98492 -0.152798 -2.3346 0 0 10
0.396785 -0.12063 0.0442417 2.98492 -0.152798 -2.3346 0 0 10
0.396782 -0.11963 0.0442425 2.98492 -0.152798 -2.3346 0 0 10
0.396779 -0.11863 0.0442433 2.98492 -0.152798 -2.3346 0 0 10
0.396775 -0.11763 0.044244 2.98492 -0.152798 -2.3346 0 0 10
0.396772 -0.11663 0.0442448 2.98492 -0.152798 -2.3346 0 0 10
0.396768 -0.11563 0.0442456 2.98492 -0.152798 -2.3346 0 0 10
0.396765 -0.11463 0.0442463 2.98492 -0.152798 -2.3346 0 0 10
0.396761 -0.11363 0.0442471 2.98492 -0.152798 -2.3346 0 0 10
0.396758 -0.11263 0.0442479 2.98492 -0.152798 -2.3346 0 0 10
0.396754 -0.11163 0.0442486 2.98492 -0.152798 -2.3346 0 0 10
0.396751 -0.11063 0.0442494 2.98492 -0.152798 -2.3346 0 0 10
0.396747 -0.10963 0.0442502 2.98492 -0.152798 -2.3346 0 0 10
0.396744 -0.10863 0.044251 2.98492 -0.152798 -2.3346 0 0 10
0.39674 -0.10763 0.0442517 2.98492 -0.152798 -2.3346 0 0 10
0.396737 -0.10663 0.0442525 2.98492 -0.152798 -2.3346 0 0 10
0.396733 -0.10563 0.0442533 2.98492 -0.152798 -2.3346 0 0 10
0.39673 -0.10463 0.044254 2.98492 -0.152798 -2.3346 0 0 10
0.396726 -0.10363 0.0442548 2.98492 -0.152798 -2.3346 0 0 10
0.396723 -0.10263 0.0442556 2.98492 -0.152798 -2.3346 0 0 10
0.396719 -0.10163 0.0442564 2.98492 -0.152798 -2.3346 0 0 10
0.396716 -0.10063 0.0442571 2.98492 -0.152798 -2.3346 0 0 10
0.396712 -0.0996299 0.0442579 2.98492 -0.152798 -2.3346 0 0 10
0.396709 -0.0986299 0.0442587 2.98492 -0.152798 -2.3346 0 0 10
0.396706 -0.0976299 0.0442594 2.98492 -0.152798 -2.3346 0 0 10
0.396702 -0.0966299 0.0442602 2.98492 -0.152798 -2.3346 0 0 10
0.396699 -0.0956299 0.044261 2.98492 -0.152798 -2.3346 0 0 10
0.396695 -0.0946299 0.0442618 2.98492 -0.152798 -2.3346 0 0 10
0.396692 -0.0936299 0.0442625 2.98492 -0.152798 -2.3346 0 0 10
0.396688 -0.0926299 0.0442633 2.98492 -0.152798 -2.3346 0 0 10
0.396685 -0.0916299 0.0442641 2.98492 -0.152798 -2.3346 0 0 10
0.396681 -0.0906299 0.0442648 2.98492 -0.152798 -2.3346 0 0 10
0.396678 -0.0896299 0.0442656 2.98492 -0.152798 -2.3346 0 0 10
0.396674 -0.0886299 0.0442664 2.98492 -0.152798 -2.3346 0 0 10
0.396671 -0.0876299 0.0442672 2.98492 -0.152798 -2.3346 0 0 10
0.396667 -0.08663 0.0442679 2.98492 -0.152798 -2.3346 0 0 10
0.396664 -0.08563 0.0442687 2.98492 -0.152798 -2.3346 0 0 10
0.39666 -0.08463 0.0442695 2.98492 -0.152798 -2.3346 0 0 10
0.396657 -0.08363 0.0442703 2.98492 -0.152798 -2.3346 0 0 10
0.396653 -0.08263 0.044271 2.98492 -0.152798 -2.3346 0 0 10
0.39665 -0.08163 0.0442718 2.98492 -0.152798 -2.3346 0 0 10
0.396646 -0.08063 0.0442726 2.98492 -0.152798 -2.3346 0 0 10
0.396643 -0.07963 0.0442733 2.98492 -0.152798 -2.3346 0 0 10
0.396639 -0.07863 0.0442741 2.98492 -0.152798 -2.3346 0 0 10
0.396636 -0.07763 0.0442749 2.98492 -0.152798 -2.3346 0 0 10
0.396632 -0.07663 0.0442757 2.98492 -0.152798 -2.3346 0 0 10
0.396629 -0.07563 0.0442764 2.98492 -0.152798 -2.3346 0 0 10
0.396625 -0.07463 0.0442772 2.98492 -0.152798 -2.3346 0 0 10
0.396622 -0.07363 0.044278 2.98492 -0.152798 -2.3346 0 0 10
0.396618 -0.07263 0.0442787 2.98492 -0.152798 -2.3346 0 0 10
0.396615 -0.07163 0.0442795 2.98492 -0.152798 -2.3346 0 0 10
0.396611 -0.0706301 0.0442803 2.98492 -0.152798 -2.3346 0 0 10
0.396608 -0.0696301 0.0442811 2.98492 -0.152798 -2.3346 0 0 10
0.396605 -0.0686301 0.0442818 2.98492 -0.152798 -2.3346 0 0 10
0.396601 -0.0676301 0.0442826 2.98492 -0.152798 -2.3346 0 0 10
0.396598 -0.0666301 0.0442834 2.98492 -0.152798 -2.3346 0 0 10
0.396594 -0.0656301 0.0442841 2.98492 -0.152798 -2.3346 0 0 10
0.396591 -0.0646301 0.0442849 2.98492 -0.152798 -2.3346 0 0 10
0.396587 -0.0636301 0.0442857 2.98492 -0.152798 -2.3346 0 0 10
0.396584 -0.0626301 0.0442865 2.98492 -0.152798 -2.3346 0 0 10
0.39658 -0.0616301 0.0442872 2.98492 -0.152798 -2.3346 0 0 10
0.396577 -0.0606301 0.044288 2.98492 -0.152798 -2.3346 0 0 10
0.396573 -0.0596301 0.0442888 2.98492 -0.152798 -2.3346 0 0 10
0.39657 -0.0586301 0.0442895 2.98492 -0.152798 -2.3346 0 0 10
0.396566 -0.0576301 0.0442903 2.98492 -0.152798 -2.3346 0 0 10
0.396563 -0.0566301 0.0442911 2.98492 -0.152798 -2.3346 0 0 10
0.396559 -0.0556301 0.0442918 2.98492 -0.152798 -2.3346 0 0 10
0.396556 -0.0546302 0.0442926 2.98492 -0.152797 -2.3346 0 0 10
0.396552 -0.0536302 0.0442934 2.98492 -0.152797 -2.3346 0 0 10
0.396549 -0.0526302 0.0442941 2.98492 -0.152797 -2.3346 0 0 10
0.396546 -0.0516302 0.0442949 2.98492 -0.152797 -2.3346 0 0 10
0.396542 -0.0506302 0.0442957 2.98492 -0.152797 -2.3346 0 0 10
0.396539 -0.0496302 0.0442964 2.98492 -0.152797 -2.3346 0 0 10
0.396535 -0.0486302 0.0442972 2.98492 -0.152797 -2.3346 0 0 10
0.396532 -0.0476302 0.044298 2.98492 -0.152797 -2.3346 0 0 10
0.396528 -0.0466302 0.0442988 2.98492 -0.152797 -2.3346 0 0 10
0.396525 -0.0456302 0.0442995 2.98492 -0.152797 -2.3346 0 0 10
0.396521 -0.0446302 0.0443003 2.98492 -0.152797 -2.3346 0 0 10
0.396518 -0.0436302 0.0443011 2.98492 -0.152797 -2.3346 0 0 10
0.396514 -0.0426302 0.0443018 2.98492 -0.152797 -2.3346 0 0 10
0.396511 -0.0416302 0.0443026 2.98492 -0.152797 -2.3346 0 0 10
0.396507 -0.0406302 0.0443034 2.98492 -0.152797 -2.3346 0 0 10
0.396504 -0.0396303 0.0443041 2.98492 -0.152797 -2.3346 0 0 10
0.3965 -0.0386303 0.0443049 2.98492 -0.152797 -2.3346 0 0 10
0.396497 -0.0376303 0.0443057 2.98492 -0.152797 -2.3346 0 0 10
0.396493 -0.0366303 0.0443065 2.98492 -0.152797 -2.3346 0 0 10
0.39649 -0.0356303 0.0443072 2.98492 -0.152797 -2.3346 0 0 10
0.396486 -0.0346303 0.044308 2.98492 -0.152797 -2.3346 0 0 10
0.396483 -0.0336303 0.0443088 2.98492 -0.152797 -2.3346 0 0 10
0.396479 -0.0326303 0.0443096 2.98492 -0.152797 -2.3346 0 0 10
0.396476 -0.0316303 0.0443103 2.98492 -0.152797 -2.3346 0 0 10
0.396472 -0.0306303 0.0443111 2.98492 -0.152797 -2.3346 0 0 10
0.396469 -0.0296303 0.0443119 2.98492 -0.152797 -2.3346 0 0 10
0.396466 -0.0286303 0.0443126 2.98492 -0.152797 -2.3346 0 0 10
0.396462 -0.0276303 0.0443134 2.98492 -0.152797 -2.3346 0 0 10
0.396459 -0.0266303 0.0443142 2.98492 -0.152797 -2.3346 0 0 10
0.396455 -0.0256303 0.044315 2.98492 -0.152797 -2.3346 0 0 10
0.396452 -0.0246303 0.0443157 2.98492 -0.152797 -2.3346 0 0 10
0.396448 -0.0236304 0.0443165 2.98492 -0.152797 -2.3346 0 0 10
0.396445 -0.0226304 0.0443173 2.98492 -0.152797 -2.3346 0 0 10
0.396441 -0.0216304 0.0443181 2.98492 -0.152797 -2.3346 0 0 10
0.396438 -0.0206304 0.0443188 2.98492 -0.152797 -2.3346 0 0 10
0.396434 -0.0196304 0.0443196 2.98492 -0.152797 -2.3346 0 0 10
0.396431 -0.0186304 0.0443204 2.98492 -0.152797 -2.3346 0 0 10
0.396427 -0.0176304 0.0443211 2.98492 -0.152797 -2.3346 0 0 10
0.396424 -0.0166304 0.0443219 2.98492 -0.152797 -2.3346 0 0 10
0.39642 -0.0156304 0.0443227 2.98492 -0.152797 -2.3346 0 0 10
0.396417 -0.0146304 0.0443235 2.98492 -0.152797 -2.3346 0 0 10
0.396413 -0.0136304 0.0443242 2.98492 -0.152797 -2.3346 0 0 10
0.39641 -0.0126304 0.044325 2.98492 -0.152797 -2.3346 0 0 10
0.396406 -0.0116304 0.0443258 2.98492 -0.152797 -2.3346 0 0 10
0.396403 -0.0106304 0.0443265 2.98492 -0.152797 -2.3346 0 0 10
0.396399 -0.00963044 0.0443273 2.98492 -0.152797 -2.3346 0 0 10
0.396396 -0.00863045 0.0443281 2.98492 -0.152797 -2.3346 0 0 10
0.396392 -0.00763045 0.0443289 2.98492 -0.152797 -2.3346 0 0 10
0.396389 -0.00663046 0.0443297 2.98492 -0.152797 -2.3346 0 0 10
0.396384 -0.00563047 0.0443306 2.98492 -0.152797 -2.3346 0 0 10
0.39638 -0.00463048 0.0443316 2.98492 -0.152797 -2.3346 0 0 10
0.396376 -0.0036305 0.0443326 2.98492 -0.152797 -2.3346 0 0 10
0.396371 -0.00263051 0.0443336 2.98492 -0.152797 -2.3346 0 0 10
0.396366 -0.00163053 0.0443347 2.98492 -0.152797 -2.3346 0 0 10
0.396361 -0.000630546 0.0443359 2.98492 -0.152797 -2.3346 0 0 10
0.396355 0.000369435 0.0443371 2.98492 -0.152797 -2.3346 0 0 10
0.39635 0.00136941 0.0443383 2.98492 -0.152797 -2.3346 0 0 10
0.396344 0.00236939 0.0443396 2.98492 -0.152797 -2.3346 0 0 10
0.396338 0.00336937 0.044341 2.98492 -0.152797 -2.3346 0 0 10
0.396331 0.00436934 0.0443424 2.98492 -0.152797 -2.3346 0 0 10
0.396325 0.00536931 0.0443439 2.98492 -0.152797 -2.3346 0 0 10
0.396318 0.00636928 0.0443454 2.98492 -0.152797 -2.3346 0 0 10
0.39631 0.00736924 0.0443472 2.98492 -0.152797 -2.3346 0 0 10
0.396302 0.0083692 0.044349 2.98492 -0.152797 -2.3346 0 0 10
0.396293 0.00936915 0.0443509 2.98492 -0.152797 -2.3346 0 0 10
0.396284 0.0103691 0.044353 2.98492 -0.152797 -2.3346 0 0 10
0.396274 0.011369 0.0443551 2.98492 -0.152797 -2.3346 0 0 10
0.396264 0.012369 0.0443574 2.98492 -0.152797 -2.3346 0 0 10
0.396253 0.0133689 0.0443598 2.98492 -0.152797 -2.3346 0 0 10
0.396241 0.0143688 0.0443623 2.98492 -0.152797 -2.3346 0 0 10
0.396229 0.0153687 0.044365 2.98492 -0.152797 -2.3346 0 0 10
0.396217 0.0163686 0.0443677 2.98492 -0.152797 -2.3346 0 0 10
0.396204 0.0173686 0.0443706 2.98492 -0.152797 -2.3346 0 0 10
0.396191 0.0183685 0.0443735 2.98492 -0.152797 -2.3346 0 0 10
0.396178 0.0193684 0.0443765 2.98492 -0.152797 -2.3346 0 0 10
0.396164 0.0203682 0.0443795 2.98492 -0.152797 -2.3346 0 0 10
0.39615 0.0213681 0.0443826 2.98492 -0.152797 -2.3346 0 0 10
0.396135 0.022368 0.0443858 2.98492 -0.152797 -2.3346 0 0 10
0.39612 0.0233679 0.0443891 2.98492 -0.152797 -2.3346 0 0 10
0.396105 0.0243678 0.0443925 2.98492 -0.152797 -2.3346 0 0 10
0.396089 0.0253676 0.044396 2.98492 -0.152797 -2.3346 0 0 10
0.396073 0.0263675 0.0443996 2.98492 -0.152797 -2.3346 0 0 10
0.396056 0.0273673 0.0444033 2.98492 -0.152797 -2.3346 0 0 10
0.396039 0.0283672 0.0444071 2.98492 -0.152797 -2.3346 0 0 10
0.396022 0.029367 0.044411 2.98492 -0.152797 -2.3346 0 0 10
0.396004 0.0303668 0.044415 2.98492 -0.152797 -2.3346 0 0 10
0.395985 0.0313667 0.0444191 2.98492 -0.152797 -2.3346 0 0 10
0.395967 0.0323665 0.0444231 2.98492 -0.152797 -2.3346 0 0 10
0.395949 0.0333663 0.0444272 2.98492 -0.152797 -2.3346 0 0 10
0.39593 0.0343661 0.0444313 2.98492 -0.152797 -2.3346 0 0 10
0.395911 0.0353659 0.0444355 2.98492 -0.152797 -2.3346 0 0 10
0.395892 0.0363657 0.0444397 2.98492 -0.152797 -2.3346 0 0 10
0.395873 0.0373656 0.0444439 2.98492 -0.152797 -2.3346 0 0 10
0.395854 0.0383654 0.0444482 2.98492 -0.152797 -2.3346 0 0 10
0.395835 0.0393652 0.0444525 2.98492 -0.152797 -2.3346 0 0 10
0.395815 0.040365 0.0444569 2.98492 -0.152797 -2.3346 0 0 10
0.395795 0.0413648 0.0444612 2.98492 -0.152797 -2.3346 0 0 10
0.395775 0.0423645 0.0444657 2.98492 -0.152797 -2.3346 0 0 10
0.395755 0.0433643 0.0444702 2.98492 -0.152797 -2.3346 0 0 10
0.395734 0.0443641 0.0444747 2.98492 -0.152797 -2.3346 0 0 10
0.395714 0.0453639 0.0444793 2.98492 -0.152797 -2.3346 0 0 10
0.395693 0.0463636 0.0444839 2.98492 -0.152797 -2.3346 0 0 10
0.395672 0.0473634 0.0444886 2.98492 -0.152797 -2.3346 0 0 10
0.39565 0.0483632 0.0444933 2.98492 -0.152797 -2.3346 0 0 10
0.395629 0.0493629 0.044498 2.98492 -0.152797 -2.3346 0 0 10
0.395608 0.0503627 0.0445028 2.98492 -0.152797 -2.3346 0 0 10
0.395586 0.0513625 0.0445075 2.98492 -0.152797 -2.3346 0 0 10
0.395565 0.0523622 0.0445123 2.98492 -0.152797 -2.3346 0 0 10
0.395543 0.053362 0.0445171 2.98492 -0.152797 -2.3346 0 0 10
0.395522 0.0543617 0.0445219 2.98492 -0.152797 -2.3346 0 0 10
0.3955 0.0553615 0.0445267 2.98492 -0.152797 -2.3346 0 0 10
0.395478 0.0563612 0.0445315 2.98492 -0.152797 -2.3346 0 0 10
0.395456 0.057361 0.0445364 2.98492 -0.152797 -2.3346 0 0 10
0.395434 0.0583607 0.0445413 2.98492 -0.152797 -2.3346 0 0 10
0.395412 0.0593605 0.0445462 2.98492 -0.152797 -2.3346 0 0 10
0.39539 0.0603602 0.0445511 2.98492 -0.152797 -2.3346 0 0 10
0.395368 0.0613599 0.044556 2.98492 -0.152797 -2.3346 0 0 10
0.395345 0.0623597 0.044561 2.98492 -0.152797 -2.3346 0 0 10
0.395323 0.0633594 0.0445659 2.98492 -0.152797 -2.3346 0 0 10
0.3953 0.0643591 0.0445709 2.98492 -0.152797 -2.3346 0 0 10
0.395278 0.0653589 0.044576 2.98492 -0.152797 -2.3346 0 0 10
0.395255 0.0663586 0.044581 2.98492 -0.152797 -2.3346 0 0 10
0.395232 0.0673583 0.0445861 2.98492 -0.152797 -2.3346 0 0 10
0.395209 0.0683581 0.0445911 2.98492 -0.152797 -2.3346 0 0 10
0.395186 0.0693578 0.0445962 2.98492 -0.152797 -2.3346 0 0 10
0.395163 0.0703575 0.0446013 2.98492 -0.152797 -2.3346 0 0 10
0.39514 0.0713572 0.0446064 2.98492 -0.152797 -2.3346 0 0 10
0.395117 0.0723569 0.0446115 2.98492 -0.152797 -2.3346 0 0 10
0.395094 0.0733567 0.0446166 2.98492 -0.152797 -2.3346 0 0 10
0.395071 0.0743564 0.0446217 2.98492 -0.152797 -2.3346 0 0 10
0.395048 0.0753561 0.0446269 2.98492 -0.152797 -2.3346 0 0 10
0.395025 0.0763558 0.044632 2.98492 -0.152797 -2.3346 0 0 10
0.395002 0.0773555 0.0446372 2.98492 -0.152797 -2.3346 0 0 10
0.394978 0.0783553 0.0446423 2.98492 -0.152797 -2.3346 0 0 10
0.394955 0.079355 0.0446475 2.98492 -0.152797 -2.3346 0 0 10
0.394932 0.0803547 0.0446527 2.98492 -0.152797 -2.3346 0 0 10
0.394908 0.0813544 0.0446579 2.98492 -0.152797 -2.3346 0 0 10
0.394885 0.0823541 0.0446631 2.98492 -0.152797 -2.3346 0 0 10
0.394861 0.0833538 0.0446683 2.98492 -0.152797 -2.3346 0 0 10
0.394838 0.0843535 0.0446735 2.98492 -0.152798 -2.3346 0 0 10
0.394814 0.0853532 0.0446787 2.98492 -0.152798 -2.3346 0 0 10
0.394791 0.0863529 0.0446839 2.98492 -0.152798 -2.3346 0 0 10
0.394767 0.0873527 0.0446892 2.98492 -0.152798 -2.3346 0 0 10
0.394743 0.0883524 0.0446944 2.98492 -0.152798 -2.3346 0 0 10
0.39472 0.0893521 0.0446997 2.98492 -0.152798 -2.3346 0 0 10
0.394696 0.0903518 0.0447049 2.98492 -0.152798 -2.3346 0 0 10
0.394672 0.0913515 0.0447102 2.98492 -0.152798 -2.3346 0 0 10
0.394649 0.0923512 0.0447154 2.98492 -0.152798 -2.3346 0 0 10
0.394625 0.0933509 0.0447207 2.98492 -0.152798 -2.3346 0 0 10
0.394601 0.0943506 0.0447259 2.98492 -0.152798 -2.3346 0 0 10
0.394577 0.0953503 0.0447312 2.98492 -0.152798 -2.3346 0 0 10
0.394554 0.09635 0.0447364 2.98492 -0.152798 -2.3346 0 0 10
0.39453 0.0973497 0.0447417 2.98492 -0.152798 -2.3346 0 0 10
0.394506 0.0983494 0.0447469 2.98492 -0.152798 -2.3346 0 0 10
0.394483 0.0993491 0.0447522 2.98492 -0.152798 -2.3346 0 0 10
0.394459 0.100349 0.0447575 2.98492 -0.152798 -2.3346 0 0 10
0.394435 0.101349 0.0447627 2.98492 -0.152798 -2.3346 0 0 10
0.394412 0.102348 0.044768 2.98492 -0.152798 -2.3346 0 0 10
0.394388 0.103348 0.0447732 2.98492 -0.152798 -2.3346 0 0 10
0.394364 0.104348 0.0447785 2.98492 -0.152798 -2.3346 0 0 10
0.39434 0.105347 0.0447838 2.98492 -0.152798 -2.3346 0 0 10
0.394317 0.106347 0.044789 2.98492 -0.152798 -2.3346 0 0 10
0.394293 0.107347 0.0447943 2.98492 -0.152798 -2.3346 0 0 10
0.394269 0.108346 0.0447995 2.98492 -0.152798 -2.3346 0 0 10
0.394245 0.109346 0.0448048 2.98492 -0.152798 -2.3346 0 0 10
0.394222 0.110346 0.0448101 2.98492 -0.152798 -2.3346 0 0 10
0.394198 0.111346 0.0448153 2.98492 -0.152798 -2.3346 0 0 10
0.394174 0.112345 0.0448206 2.98492 -0.152798 -2.3346 0 0 10
0.39415 0.113345 0.0448258 2.98492 -0.152798 -2.3346 0 0 10
0.394127 0.114345 0.0448311 2.98492 -0.152798 -2.3346 0 0 10
0.394103 0.115344 0.0448363 2.98492 -0.152798 -2.3346 0 0 10
0.394079 0.116344 0.0448416 2.98492 -0.152798 -2.3346 0 0 10
0.394056 0.117344 0.0448468 2.98492 -0.152798 -2.3346 0 0 10
0.394032 0.118344 0.044852 2.98492 -0.152798 -2.3346 0 0 10
0.394009 0.119343 0.0448573 2.98492 -0.152798 -2.3346 0 0 10
0.393985 0.120343 0.0448625 2.98492 -0.152798 -2.3346 0 0 10
0.393962 0.121343 0.0448677 2.98492 -0.152798 -2.3346 0 0 10
0.393938 0.122342 0.0448729 2.98492 -0.152798 -2.3346 0 0 10
0.393915 0.123342 0.0448781 2.98492 -0.152798 -2.3346 0 0 10
0.393891 0.124342 0.0448833 2.98492 -0.152798 -2.3346 0 0 10
0.393868 0.125341 0.0448885 2.98492 -0.152798 -2.3346 0 0 10
0.393844 0.126341 0.0448937 2.98492 -0.152798 -2.3346 0 0 10
0.393821 0.127341 0.0448989 2.98492 -0.152798 -2.3346 0 0 10
0.393798 0.128341 0.044904 2.98492 -0.152798 -2.3346 0 0 10
0.393774 0.12934 0.0449092 2.98492 -0.152798 -2.3346 0 0 10
0.393751 0.13034 0.0449144 2.98492 -0.152798 -2.3346 0 0 10
0.393728 0.13134 0.0449195 2.98492 -0.152798 -2.3346 0 0 10
0.393704 0.132339 0.0449247 2.98492 -0.152798 -2.3346 0 0 10
0.393681 0.133339 0.0449299 2.98492 -0.152798 -2.3346 0 0 10
0.393658 0.134339 0.044935 2.98492 -0.152798 -2.3346 0 0 10
0.393635 0.135339 0.0449401 2.98492 -0.152798 -2.3346 0 0 10
0.393612 0.136338 0.0449453 2.98492 -0.152798 -2.3346 0 0 10
0.393588 0.137338 0.0449504 2.98492 -0.152798 -2.3346 0 0 10
0.393565 0.138338 0.0449556 2.98492 -0.152798 -2.3346 0 0 10
0.393542 0.139338 0.0449607 2.98492 -0.152798 -2.3346 0 0 10
0.393519 0.140337 0.0449658 2.98492 -0.152798 -2.3346 0 0 10
0.393496 0.141337 0.0449709 2.98492 -0.152798 -2.3346 0 0 10
0.393473 0.142337 0.044976 2.98492 -0.152798 -2.3346 0 0 10
0.39345 0.143336 0.044981 2.98492 -0.152798 -2.3346 0 0 10
0.393427 0.144336 0.0449861 2.98492 -0.152798 -2.3346 0 0 10
0.393405 0.145336 0.0449912 2.98492 -0.152798 -2.3346 0 0 10
0.393382 0.146336 0.0449962 2.98492 -0.152798 -2.3346 0 0 10
0.393359 0.147335 0.0450012 2.98492 -0.152798 -2.3346 0 0 10
0.393337 0.148335 0.0450063 2.98492 -0.152798 -2.3346 0 0 10
0.393314 0.149335 0.0450113 2.98492 -0.152798 -2.3346 0 0 10
0.393291 0.150335 0.0450163 2.98492 -0.152798 -2.3346 0 0 10
0.393269 0.151334 0.0450213 2.98492 -0.152798 -2.3346 0 0 10
0.393246 0.152334 0.0450263 2.98492 -0.152798 -2.3346 0 0 10
0.393224 0.153334 0.0450313 2.98492 -0.152798 -2.3346 0 0 10
0.393201 0.154333 0.0450362 2.98492 -0.152798 -2.3346 0 0 10
0.393179 0.155333 0.0450412 2.98492 -0.152798 -2.3346 0 0 10
0.393157 0.156333 0.0450461 2.98492 -0.152798 -2.3346 0 0 10
0.393134 0.157333 0.0450511 2.98492 -0.152798 -2.3346 0 0 10
0.393112 0.158332 0.045056 2.98492 -0.152798 -2.3346 0 0 10
0.39309 0.159332 0.0450609 2.98492 -0.152798 -2.3346 0 0 10
0.393068 0.160332 0.0450658 2.98492 -0.152798 -2.3346 0 0 10
0.393046 0.161332 0.0450707 2.98492 -0.152798 -2.3346 0 0 10
0.393024 0.162331 0.0450756 2.98492 -0.152798 -2.3346 0 0 10
0.393002 0.163331 0.0450805 2.98492 -0.152798 -2.3346 0 0 10
0.39298 0.164331 0.0450854 2.98492 -0.152798 -2.3346 0 0 10
0.392958 0.165331 0.0450902 2.98492 -0.152798 -2.3346 0 0 10
0.392936 0.16633 0.0450951 2.98492 -0.152798 -2.3346 0 0 10
0.392914 0.16733 0.0450999 2.98492 -0.152798 -2.3346 0 0 10
0.392892 0.16833 0.0451047 2.98492 -0.152798 -2.3346 0 0 10
0.392871 0.16933 0.0451095 2.98492 -0.152798 -2.3346 0 0 10
0.392849 0.170329 0.0451143 2.98492 -0.152798 -2.3346 0 0 10
0.392828 0.171329 0.0451191 2.98492 -0.152798 -2.3346 0 0 10
0.392806 0.172329 0.0451239 2.98492 -0.152798 -2.3346 0 0 10
0.392785 0.173329 0.0451286 2.98492 -0.152798 -2.3346 0 0 10
0.392763 0.174328 0.0451333 2.98492 -0.152798 -2.3346 0 0 10
0.392742 0.175328 0.045138 2.98492 -0.152798 -2.3346 0 0 10
0.392721 0.176328 0.0451427 2.98492 -0.152798 -2.3346 0 0 10
0.3927 0.177328 0.0451474 2.98492 -0.152798 -2.3346 0 0 10
0.392679 0.178327 0.0451521 2.98492 -0.152798 -2.3346 0 0 10
0.392658 0.179327 0.0451567 2.98492 -0.152798 -2.3346 0 0 10
0.392637 0.180327 0.0451613 2.98492 -0.152798 -2.3346 0 0 10
0.392616 0.181327 0.0451659 2.98492 -0.152798 -2.3346 0 0 10
0.392595 0.182327 0.0451705 2.98492 -0.152798 -2.3346 0 0 10
0.392575 0.183326 0.0451751 2.98492 -0.152798 -2.3346 0 0 10
0.392554 0.184326 0.0451797 2.98492 -0.152798 -2.3346 0 0 10
0.392534 0.185326 0.0451842 2.98492 -0.152798 -2.3346 0 0 10
0.392513 0.186326 0.0451888 2.98492 -0.152798 -2.3346 0 0 10
0.392493 0.187325 0.0451933 2.98492 -0.152798 -2.3346 0 0 10
0.392473 0.188325 0.0451978 2.98492 -0.152798 -2.3346 0 0 10
0.392452 0.189325 0.0452023 2.98492 -0.152798 -2.3346 0 0 10
0.392432 0.190325 0.0452068 2.98492 -0.152798 -2.3346 0 0 10
0.392412 0.191325 0.0452113 2.98492 -0.152798 -2.3346 0 0 10
0.392392 0.192324 0.0452157 2.98492 -0.152798 -2.3346 0 0 10
0.392372 0.193324 0.0452202 2.98492 -0.152798 -2.3346 0 0 10
0.392352 0.194324 0.0452246 2.98492 -0.152798 -2.3346 0 0 10
0.392332 0.195324 0.045229 2.98492 -0.152798 -2.3346 0 0 10
0.392312 0.196324 0.0452334 2.98492 -0.152798 -2.3346 0 0 10
0.392292 0.197323 0.0452377 2.98492 -0.152798 -2.3346 0 0 10
0.392273 0.198323 0.0452421 2.98492 -0.152798 -2.3346 0 0 10
0.392253 0.199323 0.0452464 2.98492 -0.152798 -2.3346 0 0 10
0.392234 0.200323 0.0452507 2.98492 -0.152798 -2.3346 0 0 10
0.392215 0.201323 0.045255 2.98492 -0.152798 -2.3346 0 0 10
0.392195 0.202322 0.0452592 2.98492 -0.152798 -2.3346 0 0 10
0.392176 0.203322 0.0452634 2.98492 -0.152798 -2.3346 0 0 10
0.392157 0.204322 0.0452676 2.98492 -0.152798 -2.3346 0 0 10
0.392139 0.205322 0.0452718 2.98492 -0.152798 -2.3346 0 0 10
0.39212 0.206322 0.045276 2.98492 -0.152798 -2.3346 0 0 10
0.392101 0.207321 0.0452801 2.98492 -0.152798 -2.3346 0 0 10
0.392083 0.208321 0.0452842 2.98492 -0.152798 -2.3346 0 0 10
0.392064 0.209321 0.0452883 2.98492 -0.152798 -2.3346 0 0 10
0.392046 0.210321 0.0452924 2.98492 -0.152798 -2.3346 0 0 10
0.392028 0.211321 0.0452964 2.98492 -0.152798 -2.3346 0 0 10
0.392009 0.212321 0.0453005 2.98492 -0.152798 -2.3346 0 0 10
0.391991 0.21332 0.0453045 2.98492 -0.152798 -2.3346 0 0 10
0.391973 0.21432 0.0453084 2.98492 -0.152798 -2.3346 0 0 10
0.391956 0.21532 0.0453124 2.98492 -0.152798 -2.3346 0 0 10
0.391938 0.21632 0.0453163 2.98492 -0.152798 -2.3346 0 0 10
0.39192 0.21732 0.0453203 2.98492 -0.152798 -2.3346 0 0 10
0.391902 0.21832 0.0453242 2.98492 -0.152798 -2.3346 0 0 10
0.391885 0.219319 0.0453281 2.98492 -0.152798 -2.3346 0 0 10
0.391867 0.220319 0.045332 2.98492 -0.152798 -2.3346 0 0 10
0.39185 0.221319 0.0453359 2.98492 -0.152798 -2.3346 0 0 10
0.391832 0.222319 0.0453397 2.98492 -0.152798 -2.3346 0 0 10
0.391815 0.223319 0.0453435 2.98492 -0.152798 -2.3346 0 0 10
0.391798 0.224319 0.0453473 2.98492 -0.152798 -2.3346 0 0 10
0.391781 0.225318 0.045351 2.98492 -0.152798 -2.3346 0 0 10
0.391765 0.226318 0.0453547 2.98492 -0.152798 -2.3346 0 0 10
0.391748 0.227318 0.0453584 2.98492 -0.152798 -2.3346 0 0 10
0.391732 0.228318 0.045362 2.98492 -0.152798 -2.3346 0 0 10
0.391715 0.229318 0.0453657 2.98492 -0.152798 -2.3346 0 0 10
0.391699 0.230318 0.0453693 2.98492 -0.152798 -2.3346 0 0 10
0.391683 0.231318 0.0453728 2.98492 -0.152798 -2.3346 0 0 10
0.391667 0.232317 0.0453764 2.98492 -0.152798 -2.3346 0 0 10
0.391651 0.233317 0.0453799 2.98492 -0.152798 -2.3346 0 0 10
0.391635 0.234317 0.0453834 2.98492 -0.152798 -2.3346 0 0 10
0.39162 0.235317 0.0453868 2.98492 -0.152798 -2.3346 0 0 10
0.391604 0.236317 0.0453902 2.98492 -0.152798 -2.3346 0 0 10
0.391589 0.237317 0.0453936 2.98492 -0.152798 -2.3346 0 0 10
0.391574 0.238317 0.045397 2.98492 -0.152798 -2.3346 0 0 10
0.391559 0.239317 0.0454003 2.98492 -0.152798 -2.3346 0 0 10
0.391544 0.240316 0.0454036 2.98492 -0.152798 -2.3346 0 0 10
0.391529 0.241316 0.0454069 2.98492 -0.152798 -2.3346 0 0 10
0.391515 0.242316 0.0454102 2.98492 -0.152798 -2.3346 0 0 10
0.3915 0.243316 0.0454134 2.98492 -0.152798 -2.3346 0 0 10
0.391486 0.244316 0.0454166 2.98492 -0.152798 -2.3346 0 0 10
0.391471 0.245316 0.0454198 2.98492 -0.152798 -2.3346 0 0 10
0.391457 0.246316 0.045423 2.98492 -0.152798 -2.3346 0 0 10
0.391443 0.247316 0.0454261 2.98492 -0.152798 -2.3346 0 0 10
0.391429 0.248316 0.0454292 2.98492 -0.152798 -2.3346 0 0 10
0.391415 0.249315 0.0454323 2.98492 -0.152798 -2.3346 0 0 10
0.391401 0.250315 0.0454353 2.98492 -0.152798 -2.3346 0 0 10
0.391388 0.251315 0.0454382 2.98492 -0.152798 -2.3346 0 0 10
0.391375 0.252315 0.0454412 2.98492 -0.152798 -2.3346 0 0 10
0.391361 0.253315 0.0454441 2.98492 -0.152798 -2.3346 0 0 10
0.391349 0.254315 0.045447 2.98492 -0.152798 -2.3346 0 0 10
0.391336 0.255315 0.0454498 2.98492 -0.152798 -2.3346 0 0 10
0.391323 0.256315 0.0454526 2.98492 -0.152798 -2.3346 0 0 10
0.391311 0.257315 0.0454553 2.98492 -0.152798 -2.3346 0 0 10
0.391299 0.258315 0.045458 2.98492 -0.152798 -2.3346 0 0 10
0.391286 0.259315 0.0454607 2.98492 -0.152798 -2.3346 0 0 10
0.391275 0.260314 0.0454634 2.98492 -0.152798 -2.3346 0 0 10
0.391263 0.261314 0.045466 2.98492 -0.152798 -2.3346 0 0 10
0.391251 0.262314 0.0454685 2.98492 -0.152798 -2.3346 0 0 10
0.39124 0.263314 0.045471 2.98492 -0.152798 -2.3346 0 0 10
0.391229 0.264314 0.0454735 2.98492 -0.152798 -2.3346 0 0 10
0.391218 0.265314 0.045476 2.98492 -0.152798 -2.3346 0 0 10
0.391207 0.266314 0.0454784 2.98492 -0.152798 -2.3346 0 0 10
0.391196 0.267314 0.0454807 2.98492 -0.152798 -2.3346 0 0 10
0.391186 0.268314 0.0454831 2.98492 -0.152798 -2.3346 0 0 10
0.391175 0.269314 0.0454854 2.98492 -0.152798 -2.3346 0 0 10
0.391165 0.270314 0.0454876 2.98492 -0.152798 -2.3346 0 0 10
0.391155 0.271314 0.0454899 2.98492 -0.152798 -2.3346 0 0 10
0.391145 0.272314 0.0454921 2.98492 -0.152798 -2.3346 0 0 10
0.391135 0.273314 0.0454942 2.98492 -0.152798 -2.3346 0 0 10
0.391126 0.274314 0.0454963 2.98492 -0.152798 -2.3346 0 0 10
0.391117 0.275314 0.0454983 2.98492 -0.152798 -2.3346 0 0 10
0.391108 0.276314 0.0455003 2.98492 -0.152798 -2.3346 0 0 10
0.391099 0.277314 0.0455023 2.98492 -0.152798 -2.3346 0 0 10
0.391091 0.278313 0.0455042 2.98492 -0.152798 -2.3346 0 0 10
0.391082 0.279313 0.045506 2.98492 -0.152798 -2.3346 0 0 10
0.391074 0.280313 0.0455078 2.98492 -0.152798 -2.3346 0 0 10
0.391066 0.281313 0.0455095 2.98492 -0.152798 -2.3346 0 0 10
0.391059 0.282313 0.0455112 2.98492 -0.152798 -2.3346 0 0 10
0.391051 0.283313 0.0455128 2.98492 -0.152798 -2.3346 0 0 10
0.391044 0.284313 0.0455144 2.98492 -0.152798 -2.3346 0 0 10
0.391037 0.285313 0.045516 2.98492 -0.152798 -2.3346 0 0 10
0.391031 0.286313 0.0455175 2.98492 -0.152798 -2.3346 0 0 10
0.391024 0.287313 0.0455189 2.98492 -0.152798 -2.3346 0 0 10
0.391018 0.288313 0.0455203 2.98492 -0.152798 -2.3346 0 0 10
0.391012 0.289313 0.0455216 2.98492 -0.152798 -2.3346 0 0 10
0.391006 0.290313 0.0455229 2.98492 -0.152798 -2.3346 0 0 10
0.391 0.291313 0.0455241 2.98492 -0.152798 -2.3346 0 0 10
0.390995 0.292313 0.0455253 2.98492 -0.152798 -2.3346 0 0 10
0.39099 0.293313 0.0455265 2.98492 -0.152798 -2.3346 0 0 10
0.390985 0.294313 0.0455275 2.98492 -0.152798 -2.3346 0 0 10
0.39098 0.295313 0.0455286 2.98492 -0.152798 -2.3346 0 0 10
0.390976 0.296313 0.0455295 2.98492 -0.152798 -2.3346 0 0 10
0.390972 0.297313 0.0455304 2.98492 -0.152798 -2.3346 0 0 10
0.390969 0.298313 0.0455312 2.98492 -0.152798 -2.3346 0 0 10
0.390965 0.299313 0.0455319 2.98492 -0.152798 -2.3346 0 0 10
0.390962 0.300313 0.0455326 2.98492 -0.152798 -2.3346 0 0 10
0.39096 0.301313 0.0455332 2.98492 -0.152798 -2.3346 0 0 10
0.390957 0.302313 0.0455337 2.98492 -0.152798 -2.3346 0 0 10
0.390955 0.303313 0.0455342 2.98492 -0.152798 -2.3346 0 0 10
0.390953 0.304313 0.0455346 2.98492 -0.152798 -2.3346 0 0 10
0.390952 0.305313 0.045535 2.98492 -0.152798 -2.3346 0 0 10
0.39095 0.306313 0.0455352 2.98492 -0.152798 -2.3346 0 0 10
0.390949 0.307313 0.0455354 2.98492 -0.152798 -2.3346 0 0 10
0.390949 0.308313 0.0455356 2.98492 -0.152798 -2.3346 0 0 10
0.390948 0.309313 0.0455357 2.98492 -0.152798 -2.3346 0 0 10
0.390948 0.310313 0.0455357 2.98492 -0.152798 -2.3346 0 0 10
0.390949 0.311313 0.0455356 2.98492 -0.152798 -2.3346 0 0 10
0.390949 0.312313 0.0455355 2.98492 -0.152798 -2.3346 0 0 10
0.39095 0.313313 0.0455353 2.98492 -0.152798 -2.3346 0 0 10
0.390951 0.314313 0.0455351 2.98492 -0.152798 -2.3346 0 0 10
0.390953 0.315313 0.0455347 2.98492 -0.152798 -2.3346 0 0 10
0.390954 0.316313 0.0455343 2.98492 -0.152798 -2.3346 0 0 10
0.390956 0.317313 0.0455339 2.98492 -0.152798 -2.3346 0 0 10
0.390959 0.318313 0.0455333 2.98492 -0.152798 -2.3346 0 0 10
0.390962 0.319313 0.0455326 2.98492 -0.152798 -2.3346 0 0 10
0.390966 0.320313 0.0455318 2.98492 -0.152798 -2.3346 0 0 10
0.39097 0.321313 0.0455308 2.98492 -0.152798 -2.3346 0 0 10
0.390975 0.322313 0.0455298 2.98492 -0.152798 -2.3346 0 0 10
0.39098 0.323313 0.0455286 2.98492 -0.152798 -2.3346 0 0 10
0.390986 0.324313 0.0455274 2.98492 -0.152798 -2.3346 0 0 10
0.390992 0.325313 0.045526 2.98492 -0.152798 -2.3346 0 0 10
0.390998 0.326313 0.0455246 2.98492 -0.152798 -2.3346 0 0 10
0.391005 0.327313 0.0455231 2.98492 -0.152798 -2.3346 0 0 10
0.391012 0.328313 0.0455215 2.98492 -0.152798 -2.3346 0 0 10
0.39102 0.329313 0.0455198 2.98492 -0.152798 -2.3346 0 0 10
0.391028 0.330313 0.045518 2.98492 -0.152798 -2.3346 0 0 10
0.391037 0.331312 0.0455161 2.98492 -0.152798 -2.3346 0 0 10
0.391045 0.332312 0.0455142 2.98492 -0.152798 -2.3346 0 0 10
0.391055 0.333312 0.0455121 2.98492 -0.152798 -2.3346 0 0 10
0.391065 0.334312 0.0455099 2.98492 -0.152798 -2.3346 0 0 10
0.391075 0.335312 0.0455077 2.98492 -0.152798 -2.3346 0 0 10
0.391085 0.336312 0.0455053 2.98492 -0.152798 -2.3346 0 0 10
0.391096 0.337312 0.0455029 2.98492 -0.152798 -2.3346 0 0 10
0.391108 0.338312 0.0455004 2.98492 -0.152798 -2.3346 0 0 10
0.39112 0.339312 0.0454976 2.98492 -0.152798 -2.3346 0 0 10
0.391133 0.340312 0.0454947 2.98492 -0.152798 -2.3346 0 0 10
0.391148 0.341312 0.0454915 2.98492 -0.152798 -2.3346 0 0 10
0.391163 0.342312 0.0454881 2.98492 -0.152798 -2.3346 0 0 10
0.391179 0.343311 0.0454845 2.98492 -0.152798 -2.3346 0 0 10
0.391196 0.344311 0.0454807 2.98492 -0.152798 -2.3346 0 0 10
0.391214 0.345311 0.0454769 2.98492 -0.152798 -2.3346 0 0 10
0.391232 0.346311 0.0454729 2.98492 -0.152798 -2.3346 0 0 10
0.39125 0.347311 0.0454687 2.98492 -0.152798 -2.3346 0 0 10
0.39127 0.34831 0.0454645 2.98492 -0.152798 -2.3346 0 0 10
0.391289 0.34931 0.0454601 2.98492 -0.152798 -2.3346 0 0 10
0.39131 0.35031 0.0454556 2.98492 -0.152798 -2.3346 0 0 10
0.391331 0.35131 0.0454509 2.98492 -0.152798 -2.3346 0 0 10
0.391352 0.352309 0.0454461 2.98492 -0.152798 -2.3346 0 0 10
0.391375 0.353309 0.0454412 2.98492 -0.152798 -2.3346 0 0 10
0.391397 0.354309 0.0454361 2.98492 -0.152798 -2.3346 0 0 10
0.391421 0.355309 0.0454309 2.98492 -0.152798 -2.3346 0 0 10
0.391445 0.356308 0.0454256 2.98492 -0.152798 -2.3346 0 0 10
0.39147 0.357308 0.04542 2.98492 -0.152798 -2.3346 0 0 10
0.391497 0.358307 0.045414 2.98492 -0.152798 -2.3346 0 0 10
0.391526 0.359307 0.0454077 2.98492 -0.152798 -2.3346 0 0 10
0.391556 0.360306 0.045401 2.98492 -0.152798 -2.3346 0 0 10
0.391587 0.361306 0.0453941 2.98492 -0.152798 -2.3346 0 0 10
0.39162 0.362305 0.0453867 2.98492 -0.152798 -2.3346 0 0 10
0.391655 0.363304 0.0453791 2.98492 -0.152798 -2.3346 0 0 10
0.39169 0.364304 0.0453712 2.98492 -0.152798 -2.3346 0 0 10
0.391727 0.365303 0.0453631 2.98492 -0.152798 -2.3346 0 0 10
0.391764 0.366302 0.0453548 2.98492 -0.152798 -2.3346 0 0 10
0.391802 0.367301 0.0453463 2.98492 -0.152798 -2.3346 0 0 10
0.391842 0.3683 0.0453376 2.98492 -0.152798 -2.3346 0 0 10
0.391882 0.3693 0.0453287 2.98492 -0.152798 -2.3346 0 0 10
0.391923 0.370299 0.0453196 2.98492 -0.152798 -2.3346 0 0 10
0.391965 0.371298 0.0453103 2.98492 -0.152798 -2.3346 0 0 10
0.392009 0.372296 0.0453005 2.98492 -0.152798 -2.3346 0 0 10
0.392056 0.373295 0.0452901 2.98492 -0.152798 -2.3346 0 0 10
0.392106 0.374294 0.0452791 2.98492 -0.152798 -2.3346 0 0 10
0.392158 0.375292 0.0452676 2.98492 -0.152798 -2.3346 0 0 10
0.392212 0.37629 0.0452555 2.98492 -0.152798 -2.3346 0 0 10
0.392269 0.377288 0.0452429 2.98492 -0.152798 -2.3346 0 0 10
0.392329 0.378286 0.0452297 2.98492 -0.152798 -2.3346 0 0 10
0.392391 0.379284 0.0452159 2.98492 -0.152798 -2.3346 0 0 10
0.392455 0.380282 0.0452016 2.98492 -0.152798 -2.3346 0 0 10
0.392522 0.381279 0.0451868 2.98492 -0.152798 -2.3346 0 0 10
0.392591 0.382276 0.0451715 2.98492 -0.152798 -2.3346 0 0 10
0.392663 0.383273 0.0451557 2.98492 -0.152798 -2.3346 0 0 10
0.392739 0.38427 0.0451387 2.98492 -0.152798 -2.3346 0 0 10
0.39282 0.385266 0.0451207 2.98492 -0.152798 -2.3346 0 0 10
0.392907 0.386261 0.0451016 2.98492 -0.152798 -2.3346 0 0 10
0.392998 0.387256 0.0450814 2.98492 -0.152798 -2.3346 0 0 10
0.393094 0.38825 0.04506 2.98492 -0.152798 -2.3346 0 0 10
0.393195 0.389244 0.0450376 2.98492 -0.152798 -2.3346 0 0 10
0.393301 0.390236 0.0450141 2.98492 -0.152798 -2.3346 0 0 10
0.393418 0.391227 0.0449882 2.98492 -0.152798 -2.3346 0 0 10
0.393552 0.392213 0.0449584 2.98492 -0.152798 -2.3346 0 0 10
0.393704 0.393193 0.0449249 2.98492 -0.152798 -2.3346 0 0 10
0.393872 0.394169 0.0448877 2.98492 -0.152798 -2.3346 0 0 10
0.394057 0.39514 0.0448467 2.98492 -0.152798 -2.3346 0 0 10
0.394258 0.396105 0.0448019 2.98492 -0.152798 -2.3346 0 0 10
0.394476 0.397066 0.0447537 2.98492 -0.152798 -2.3346 0 0 10
0.394708 0.398022 0.0447021 2.98492 -0.152798 -2.3346 0 0 10
0.394957 0.398973 0.0446472 2.98492 -0.152797 -2.3346 0 0 10
0.39522 0.399919 0.0445888 2.98492 -0.152797 -2.3346 0 0 10
0.395499 0.40086 0.044527 2.98492 -0.152797 -2.3346 0 0 10
0.395793 0.401797 0.0444618 2.98492 -0.152797 -2.3346 0 0 10
0.396102 0.402728 0.0443932 2.98492 -0.152797 -2.3346 0 0 10
0.396427 0.403655 0.0443212 2.98492 -0.152797 -2.3346 0 0 10
0.396767 0.404577 0.0442458 2.98492 -0.152797 -2.3346 0 0 10
0.397122 0.405494 0.0441671 2.98492 -0.152797 -2.3346 0 0 10
0.397493 0.406406 0.0440849 2.98492 -0.152797 -2.3346 0 0 10
0.397878 0.407313 0.0439995 2.98492 -0.152797 -2.3346 0 0 10
0.398275 0.408216 0.0439116 2.98492 -0.152797 -2.3346 0 0 10
0.398684 0.409115 0.0438209 2.98492 -0.152797 -2.3346 0 0 10
0.399105 0.410009 0.0437276 2.98492 -0.152797 -2.3346 0 0 10
0.399538 0.410898 0.0436316 2.98492 -0.152797 -2.3346 0 0 10
0.399983 0.411784 0.043533 2.98492 -0.152797 -2.3346 0 0 10
0.400439 0.412665 0.0434317 2.98492 -0.152797 -2.3346 0 0 10
0.400908 0.413541 0.0433278 2.98492 -0.152797 -2.3346 0 0 10
0.401383 0.414415 0.0432225 2.98492 -0.152797 -2.3346 0 0 10
0.401858 0.415289 0.0431173 2.98499 -0.152734 -2.33462 0 0 10
0.402332 0.416163 0.0430121 2.98516 -0.152575 -2.33467 0 0 10
0.402807 0.417037 0.0429069 2.98543 -0.152321 -2.33474 0 0 10
0.403282 0.417911 0.0428017 2.98581 -0.151971 -2.33484 0 0 10
0.403756 0.418784 0.0426965 2.98629 -0.151525 -2.33497 0 0 10
0.404231 0.419658 0.0425913 2.98687 -0.150983 -2.33512 0 0 10
0.404705 0.420532 0.0424861 2.98756 -0.150345 -2.3353 0 0 10
0.40518 0.421406 0.042381 2.98835 -0.149611 -2.33551 0 0 10
0.405655 0.42228 0.0422758 2.98924 -0.148782 -2.33574 0 0 10
0.406129 0.423154 0.0421713 2.99023 -0.147855 -2.33599 0 0 10
0.406616 0.424016 0.0420661 2.99139 -0.146772 -2.33629 0 0 10
0.407119 0.424862 0.0419597 2.99274 -0.145511 -2.33663 0 0 10
0.407638 0.42569 0.0418519 2.99427 -0.144071 -2.33701 0 0 10
0.408174 0.426502 0.0417428 2.996 -0.142452 -2.33743 0 0 10
0.408726 0.427296 0.0416325 2.99791 -0.140653 -2.3379 0 0 10
0.409294 0.428074 0.0415209 3.00001 -0.138675 -2.3384 0 0 10
0.409879 0.428834 0.0414083 3.00224 -0.136576 -2.33892 0 0 10
0.41048 0.429578 0.0412953 3.00449 -0.134443 -2.33945 0 0 10
0.411098 0.430304 0.0411818 3.00679 -0.132275 -2.33998 0 0 10
0.411731 0.431014 0.0410678 3.00911 -0.130072 -2.34051 0 0 10
0.412382 0.431707 0.0409534 3.01147 -0.127834 -2.34104 0 0 10
0.413049 0.432382 0.0408385 3.01386 -0.125562 -2.34158 0 0 10
0.413732 0.433041 0.0407232 3.01628 -0.123255 -2.34211 0 0 10
0.414432 0.433683 0.0406074 3.01874 -0.120913 -2.34265 0 0 10
0.415148 0.434308 0.0404912 3.02123 -0.118536 -2.34319 0 0 10
0.41588 0.434916 0.0403745 3.02369 -0.116188 -2.34371 0 0 10
0.416629 0.435507 0.0402573 3.02606 -0.113921 -2.34421 0 0 10
0.417395 0.43608 0.0401397 3.02832 -0.111751 -2.34467 0 0 10
0.418177 0.436637 0.0400217 3.03048 -0.109676 -2.34511 0 0 10
0.418975 0.437178 0.0399031 3.03254 -0.107697 -2.34552 0 0 10
0.419789 0.437701 0.0397842 3.0345 -0.105815 -2.34591 0 0 10
0.420621 0.438207 0.0396647 3.03635 -0.104028 -2.34627 0 0 10
0.421468 0.438696 0.0395448 3.0381 -0.102338 -2.34661 0 0 10
0.422332 0.439168 0.0394245 3.03975 -0.100744 -2.34692 0 0 10
0.423213 0.439623 0.0393029 3.0413 -0.0992474 -2.34721 0 0 10
0.424097 0.440073 0.0391817 3.04268 -0.0979086 -2.34746 0 0 10
0.424982 0.440523 0.0390612 3.04388 -0.0967476 -2.34768 0 0 10
0.425867 0.440973 0.0389416 3.04489 -0.0957653 -2.34786 0 0 10
0.426755 0.441409 0.0388226 3.04572 -0.094962 -2.34801 0 0 10
0.427647 0.441822 0.0387038 3.04637 -0.0943376 -2.34812 0 0 10
0.428542 0.442212 0.0385854 3.04682 -0.0938923 -2.3482 0 0 10
0.429442 0.442579 0.0384669 3.04716 -0.0935659 -2.34825 0 0 10
0.430346 0.442924 0.0383479 3.04746 -0.0932721 -2.3483 0 0 10
0.431253 0.443245 0.0382284 3.04773 -0.0930108 -2.34835 0 0 10
0.432165 0.443544 0.0381084 3.04797 -0.092782 -2.34839 0 0 10
0.43308 0.443819 0.0379879 3.04822 -0.0925331 -2.34843 0 0 10
0.434 0.444072 0.0378669 3.04851 -0.0922478 -2.34848 0 0 10
0.434923 0.444301 0.0377455 3.04884 -0.091926 -2.34853 0 0 10
0.43585 0.444508 0.0376235 3.04921 -0.0915676 -2.34859 0 0 10
0.436782 0.444692 0.0375011 3.04962 -0.0911728 -2.34866 0 0 10
0.437717 0.444853 0.0373782 3.05006 -0.0907414 -2.34873 0 0 10
0.438656 0.444991 0.0372548 3.05056 -0.0902529 -2.34881 0 0 10
0.439599 0.445106 0.0371309 3.05113 -0.0896939 -2.3489 0 0 10
0.440546 0.445198 0.0370069 3.05178 -0.0890643 -2.349 0 0 10
0.441497 0.445267 0.0368837 3.05256 -0.0883009 -2.34912 0 0 10
0.442452 0.445313 0.0367617 3.05348 -0.0873993 -2.34926 0 0 10
0.443412 0.445336 0.0366409 3.05455 -0.0863596 -2.34942 0 0 10
0.444375 0.445336 0.0365214 3.05575 -0.0851816 -2.34959 0 0 10
0.445343 0.445313 0.0364031 3.0571 -0.0838653 -2.34979 0 0 10
0.446314 0.445267 0.036286 3.05858 -0.0824105 -2.35 0 0 10
0.44729 0.445198 0.0361701 3.06021 -0.0808172 -2.35022 0 0 10
0.44827 0.445107 0.0360555 3.06197 -0.0790862 -2.35046 0 0 10
0.449254 0.444992 0.0359427 3.06386 -0.0772288 -2.35071 0 0 10
0.45024 0.444868 0.0358328 3.06582 -0.0753035 -2.35097 0 0 10
0.451226 0.444744 0.0357264 3.06785 -0.0733101 -2.35123 0 0 10
0.452211 0.444615 0.0356235 3.06994 -0.0712511 -2.35149 0 0 10
0.453192 0.444471 0.0355243 3.07209 -0.0691327 -2.35175 0 0 10
0.454165 0.444309 0.0354288 3.0743 -0.0669584 -2.35201 0 0 10
0.455132 0.444129 0.0353371 3.07656 -0.0647282 -2.35227 0 0 10
0.456093 0.443931 0.0352491 3.07888 -0.0624419 -2.35254 0 0 10
0.457046 0.443715 0.0351649 3.08119 -0.0601524 -2.35279 0 0 10
0.457993 0.443481 0.0350844 3.0835 -0.0578762 -2.35304 0 0 10
0.458933 0.443229 0.0350076 3.08577 -0.0556259 -2.35327 0 0 10
0.459867 0.442958 0.0349345 3.08797 -0.0534459 -2.3535 0 0 10
0.460794 0.44267 0.0348652 3.0901 -0.0513363 -2.3537 0 0 10
0.461714 0.442363 0.0347995 3.09216 -0.0492971 -2.3539 0 0 10
0.462627 0.442038 0.0347376 3.09414 -0.0473284 -2.35408 0 0 10
0.463534 0.441696 0.0346794 3.09606 -0.0454302 -2.35425 0 0 10
0.464434 0.441335 0.0346246 3.0979 -0.0436026 -2.35441 0 0 10
0.465327 0.440956 0.0345722 3.0996 -0.0419092 -2.35456 0 0 10
0.466214 0.440559 0.0345218 3.10117 -0.0403544 -2.35468 0 0 10
0.467093 0.440144 0.0344735 3.10259 -0.0389381 -2.35479 0 0 10
0.467965 0.439711 0.0344271 3.10387 -0.0376605 -2.35489 0 0 10
0.468831 0.439259 0.0343828 3.10502 -0.0365215 -2.35497 0 0 10
0.46969 0.43879 0.0343404 3.10602 -0.0355213 -2.35505 0 0 10
0.470542 0.438303 0.0343001 3.10689 -0.0346599 -2.3551 0 0 10
0.471387 0.437797 0.0342617 3.10761 -0.0339372 -2.35515 0 0 10
0.472225 0.437274 0.0342249 3.10821 -0.0333424 -2.35519 0 0 10
0.473056 0.436732 0.0341886 3.10874 -0.0328167 -2.35522 0 0 10
0.47388 0.436172 0.0341526 3.1092 -0.0323601 -2.35525 0 0 10
0.474699 0.4356 0.0341168 3.10959 -0.0319702 -2.35527 0 0 10
0.475516 0.435024 0.0340812 3.10992 -0.0316408 -2.35529 0 0 10
0.476332 0.434448 0.0340455 3.11019 -0.0313684 -2.35531 0 0 10
0.477149 0.433872 0.0340098 3.11041 -0.031153 -2.35532 0 0 10
0.477963 0.433293 0.0339743 3.11062 -0.0309424 -2.35533 0 0 10
0.478769 0.432706 0.0339391 3.11082 -0.0307463 -2.35535 0 0 10
0.479562 0.432107 0.0339045 3.11099 -0.0305734 -2.35536 0 0 10
0.48034 0.431496 0.0338705 3.11115 -0.0304109 -2.35536 0 0 10
0.481105 0.430873 0.0338371 3.11135 -0.0302146 -2.35537 0 0 10
0.481857 0.430238 0.0338042 3.11158 -0.0299843 -2.35539 0 0 10
0.482595 0.42959 0.033772 3.11185 -0.0297201 -2.3554 0 0 10
0.483319 0.428931 0.0337404 3.11214 -0.029422 -2.35542 0 0 10
0.48403 0.428259 0.0337093 3.11248 -0.02909 -2.35543 0 0 10
0.484727 0.427575 0.0336789 3.11284 -0.0287241 -2.35545 0 0 10
0.485411 0.426879 0.033649 3.11324 -0.0283243 -2.35547 0 0 10
0.486081 0.426172 0.0336198 3.11368 -0.0278905 -2.35549 0 0 10
0.486738 0.425452 0.0335911 3.11415 -0.0274228 -2.35551 0 0 10
0.487381 0.424719 0.033563 3.11465 -0.0269212 -2.35554 0 0 10
0.48801 0.423975 0.0335355 3.11519 -0.0263857 -2.35556 0 0 10
0.488626 0.423219 0.0335086 3.11576 -0.0258163 -2.35559 0 0 10
0.489228 0.42245 0.0334824 3.11636 -0.0252129 -2.35561 0 0 10
0.489817 0.42167 0.0334572 3.11702 -0.024555 -2.35564 0 0 10
0.490392 0.420877 0.0334334 3.11775 -0.0238294 -2.35567 0 0 10
0.490953 0.420073 0.033411 3.11854 -0.0230358 -2.3557 0 0 10
0.491501 0.419256 0.0333901 3.11941 -0.0221744 -2.35574 0 0 10
0.492036 0.418427 0.0333706 3.12034 -0.021245 -2.35577 0 0 10
0.492557 0.417586 0.0333526 3.12134 -0.0202478 -2.35581 0 0 10
0.493064 0.416733 0.0333359 3.1224 -0.0191827 -2.35584 0 0 10
0.493558 0.415867 0.0333207 3.12354 -0.0180497 -2.35588 0 0 10
0.49404 0.414993 0.0333068 3.12469 -0.016901 -2.35591 0 0 10
0.494517 0.414114 0.033294 3.12586 -0.0157269 -2.35594 0 0 10
0.494994 0.413235 0.033282 3.12707 -0.0145187 -2.35597 0 0 10
0.495472 0.412357 0.0332708 3.12831 -0.0132766 -2.356 0 0 10
0.495949 0.411478 0.0332605 3.12959 -0.0120004 -2.35603 0 0 10
0.496426 0.4106 0.033251 3.1309 -0.0106903 -2.35605 0 0 10
0.496904 0.409721 0.0332423 3.13224 -0.00934617 -2.35607 0 0 10
0.497376 0.408841 0.0332345 3.13361 -0.00798436 -2.35609 0 0 10
0.497839 0.407956 0.0332275 3.13497 -0.00662467 -2.35611 0 0 10
0.498291 0.407068 0.0332213 3.13632 -0.00526965 -2.35612 0 0 10
0.498732 0.406176 0.033216 3.13767 -0.0039193 -2.35613 0 0 10
0.499162 0.40528 0.0332115 3.13902 -0.00257362 -2.35614 0 0 10
0.499581 0.404379 0.0332078 3.14036 -0.00123263 -2.35615 0 0 10
0.499989 0.403475 0.033205 3.1417 0.000103666 -2.35615 0 0 10
0.500387 0.402567 0.0332032 3.14302 0.00142729 -2.35615 0 0 10
0.500773 0.401654 0.0332026 3.14432 0.00273159 -2.35615 0 0 10
0.501149 0.400738 0.0332031 3.14561 0.00401659 -2.35614 0 0 10
0.501513 0.399818 0.0332044 3.14685 0.0052598 -2.35613 0 0 10
0.501863 0.398893 0.0332058 3.14804 0.00644516 -2.35613 0 0 10
0.502199 0.397963 0.0332075 3.14917 0.00757196 -2.35611 0 0 10
0.502522 0.397029 0.0332095 3.15023 0.00864019 -2.3561 0 0 10
0.502831 0.396091 0.0332116 3.15124 0.00964985 -2.35609 0 0 10
0.503126 0.395148 0.033214 3.1522 0.0106009 -2.35608 0 0 10
0.503407 0.394201 0.0332166 3.15309 0.0114934 -2.35606 0 0 10
0.503674 0.393249 0.0332195 3.15392 0.0123274 -2.35605 0 0 10
0.503927 0.392292 0.0332226 3.1547 0.0131027 -2.35603 0 0 10
0.504167 0.391331 0.0332259 3.15542 0.0138195 -2.35601 0 0 10
0.504393 0.390366 0.0332294 3.15607 0.0144777 -2.356 0 0 10
0.504604 0.389396 0.0332332 3.15667 0.0150774 -2.35599 0 0 10
0.504802 0.388421 0.0332372 3.15722 0.0156184 -2.35597 0 0 10
0.504986 0.387442 0.0332413 3.1577 0.0160993 -2.35596 0 0 10
0.505153 0.386458 0.0332457 3.15812 0.0165184 -2.35595 0 0 10
0.505309 0.385472 0.0332502 3.15849 0.0168919 -2.35594 0 0 10
0.50546 0.384484 0.0332548 3.15884 0.0172398 -2.35593 0 0 10
0.505606 0.383496 0.0332596 3.15916 0.0175644 -2.35592 0 0 10
0.505748 0.382507 0.0332645 3.15946 0.0178659 -2.35591 0 0 10
0.505884 0.381517 0.0332696 3.15974 0.0181442 -2.3559 0 0 10
0.506016 0.380527 0.0332748 3.16 0.0183993 -2.35589 0 0 10
0.506143 0.379536 0.0332802 3.16023 0.0186313 -2.35588 0 0 10
0.506265 0.378544 0.0332855 3.16045 0.0188481 -2.35587 0 0 10
0.506382 0.377551 0.0332906 3.16066 0.0190563 -2.35587 0 0 10
0.506494 0.376558 0.0332955 3.16086 0.0192559 -2.35586 0 0 10
0.506603 0.375564 0.0333003 3.16105 0.019449 -2.35585 0 0 10
0.506709 0.37457 0.0333049 3.16124 0.0196381 -2.35585 0 0 10
0.506814 0.373576 0.0333095 3.16142 0.0198239 -2.35584 0 0 10
0.506916 0.372581 0.0333139 3.16161 0.0200055 -2.35583 0 0 10
0.507015 0.371587 0.0333183 3.16178 0.0201817 -2.35583 0 0 10
0.507111 0.370591 0.0333225 3.16195 0.0203526 -2.35582 0 0 10
0.507204 0.369596 0.0333265 3.16212 0.0205179 -2.35582 0 0 10
0.507294 0.3686 0.0333305 3.16228 0.0206779 -2.35581 0 0 10
0.507381 0.367605 0.0333343 3.16243 0.0208323 -2.3558 0 0 10
0.507465 0.366608 0.0333379 3.16258 0.0209814 -2.3558 0 0 10
0.507546 0.365612 0.0333415 3.16273 0.0211249 -2.35579 0 0 10
0.507624 0.364615 0.0333449 3.16287 0.0212631 -2.35579 0 0 10
0.507699 0.363618 0.0333481 3.163 0.0213958 -2.35578 0 0 10
0.507771 0.362621 0.0333513 3.16313 0.0215247 -2.35578 0 0 10
0.507842 0.361623 0.0333544 3.16325 0.0216513 -2.35577 0 0 10
0.507912 0.360626 0.0333575 3.16338 0.0217758 -2.35577 0 0 10
0.507981 0.359629 0.0333605 3.1635 0.0218981 -2.35576 0 0 10
0.508049 0.358631 0.0333634 3.16362 0.0220183 -2.35576 0 0 10
0.508115 0.357633 0.0333663 3.16374 0.0221362 -2.35575 0 0 10
0.50818 0.356636 0.0333692 3.16386 0.0222519 -2.35575 0 0 10
0.508244 0.355638 0.0333719 3.16397 0.022365 -2.35575 0 0 10
0.508306 0.35464 0.0333746 3.16408 0.0224747 -2.35574 0 0 10
0.508365 0.353642 0.0333772 3.16419 0.0225806 -2.35574 0 0 10
0.508423 0.352643 0.0333797 3.16429 0.0226828 -2.35573 0 0 10
0.508478 0.351645 0.0333822 3.16439 0.0227813 -2.35573 0 0 10
0.508532 0.350646 0.0333845 3.16448 0.022876 -2.35572 0 0 10
0.508583 0.349648 0.0333867 3.16457 0.022967 -2.35572 0 0 10
0.508632 0.348649 0.0333889 3.16466 0.0230543 -2.35572 0 0 10
0.50868 0.34765 0.033391 3.16474 0.0231388 -2.35571 0 0 10
0.508726 0.346651 0.033393 3.16483 0.0232216 -2.35571 0 0 10
0.508772 0.345653 0.033395 3.16491 0.0233029 -2.35571 0 0 10
0.508817 0.344654 0.033397 3.16499 0.0233827 -2.3557 0 0 10
0.508861 0.343655 0.0333989 3.16507 0.0234609 -2.3557 0 0 10
0.508904 0.342656 0.0334008 3.16514 0.0235376 -2.3557 0 0 10
0.508946 0.341657 0.0334026 3.16522 0.0236127 -2.35569 0 0 10
0.508988 0.340658 0.0334044 3.16529 0.0236863 -2.35569 0 0 10
0.509028 0.339658 0.0334062 3.16536 0.0237583 -2.35569 0 0 10
0.509068 0.338659 0.0334079 3.16544 0.0238288 -2.35569 0 0 10
0.509107 0.33766 0.0334096 3.1655 0.0238978 -2.35568 0 0 10
0.509145 0.336661 0.0334113 3.16557 0.023965 -2.35568 0 0 10
0.509181 0.335662 0.0334129 3.16564 0.0240298 -2.35568 0 0 10
0.509216 0.334662 0.0334144 3.1657 0.024092 -2.35567 0 0 10
0.50925 0.333663 0.0334159 3.16576 0.0241514 -2.35567 0 0 10
0.509282 0.332663 0.0334172 3.16582 0.0242082 -2.35567 0 0 10
0.509312 0.331664 0.0334186 3.16587 0.0242623 -2.35567 0 0 10
0.509341 0.330664 0.0334199 3.16592 0.0243142 -2.35566 0 0 10
0.50937 0.329665 0.0334211 3.16597 0.0243646 -2.35566 0 0 10
0.509397 0.328665 0.0334223 3.16602 0.0244139 -2.35566 0 0 10
0.509425 0.327665 0.0334235 3.16607 0.0244621 -2.35566 0 0 10
0.509451 0.326666 0.0334246 3.16612 0.0245091 -2.35566 0 0 10
0.509477 0.325666 0.0334258 3.16616 0.024555 -2.35565 0 0 10
0.509502 0.324667 0.0334269 3.16621 0.0245997 -2.35565 0 0 10
0.509527 0.323667 0.0334279 3.16625 0.0246433 -2.35565 0 0 10
0.50955 0.322667 0.033429 3.16629 0.0246858 -2.35565 0 0 10
0.509574 0.321668 0.03343 3.16634 0.0247271 -2.35565 0 0 10
0.509596 0.320668 0.033431 3.16638 0.0247673 -2.35564 0 0 10
0.509618 0.319668 0.033432 3.16641 0.0248063 -2.35564 0 0 10
0.50964 0.318668 0.0334329 3.16645 0.0248442 -2.35564 0 0 10
0.50966 0.317669 0.0334338 3.16649 0.024881 -2.35564 0 0 10
0.50968 0.316669 0.0334347 3.16653 0.0249166 -2.35564 0 0 10
0.5097 0.315669 0.0334355 3.16656 0.0249508 -2.35564 0 0 10
0.509718 0.314669 0.0334363 3.16659 0.0249832 -2.35563 0 0 10
0.509735 0.313669 0.033437 3.16662 0.0250136 -2.35563 0 0 10
0.509751 0.312669 0.0334377 3.16665 0.025042 -2.35563 0 0 10
0.509766 0.31167 0.0334384 3.16668 0.0250686 -2.35563 0 0 10
0.50978 0.31067 0.033439 3.1667 0.0250941 -2.35563 0 0 10
0.509794 0.30967 0.0334396 3.16673 0.0251187 -2.35563 0 0 10
0.509808 0.30867 0.0334402 3.16675 0.0251424 -2.35563 0 0 10
0.50982 0.30767 0.0334408 3.16677 0.0251653 -2.35563 0 0 10
0.509833 0.30667 0.0334413 3.1668 0.0251873 -2.35563 0 0 10
0.509845 0.30567 0.0334418 3.16682 0.0252084 -2.35562 0 0 10
0.509856 0.30467 0.0334423 3.16684 0.0252287 -2.35562 0 0 10
0.509867 0.30367 0.0334428 3.16686 0.0252482 -2.35562 0 0 10
0.509877 0.30267 0.0334433 3.16688 0.0252667 -2.35562 0 0 10
0.509887 0.301671 0.0334437 3.16689 0.0252844 -2.35562 0 0 10
0.509897 0.300671 0.0334441 3.16691 0.0253013 -2.35562 0 0 10
0.509906 0.299671 0.0334445 3.16693 0.0253172 -2.35562 0 0 10
0.509914 0.298671 0.0334449 3.16694 0.0253324 -2.35562 0 0 10
0.509922 0.297671 0.0334452 3.16696 0.0253466 -2.35562 0 0 10
0.50993 0.296671 0.0334456 3.16697 0.02536 -2.35562 0 0 10
0.509937 0.295671 0.0334459 3.16698 0.0253725 -2.35562 0 0 10
0.509944 0.294671 0.0334462 3.16699 0.0253842 -2.35562 0 0 10
0.50995 0.293671 0.0334464 3.167 0.0253949 -2.35562 0 0 10
0.509955 0.292671 0.0334467 3.16701 0.0254043 -2.35562 0 0 10
0.509959 0.291671 0.0334468 3.16702 0.0254122 -2.35562 0 0 10
0.509963 0.290671 0.033447 3.16703 0.0254187 -2.35561 0 0 10
0.509966 0.289671 0.0334471 3.16703 0.0254245 -2.35561 0 0 10
0.509969 0.288671 0.0334473 3.16704 0.0254296 -2.35561 0 0 10
0.509972 0.287671 0.0334474 3.16704 0.025434 -2.35561 0 0 10
0.509974 0.286671 0.0334475 3.16705 0.0254378 -2.35561 0 0 10
0.509976 0.285671 0.0334476 3.16705 0.0254409 -2.35561 0 0 10
0.509977 0.284671 0.0334476 3.16705 0.0254433 -2.35561 0 0 10
0.509978 0.283671 0.0334477 3.16705 0.0254451 -2.35561 0 0 10
0.509979 0.282671 0.0334477 3.16706 0.0254462 -2.35561 0 0 10
0.509979 0.281671 0.0334477 3.16706 0.0254466 -2.35561 0 0 10
0.509979 0.280671 0.0334477 3.16706 0.0254464 -2.35561 0 0 10
0.509978 0.279671 0.0334477 3.16706 0.0254455 -2.35561 0 0 10
0.509977 0.278671 0.0334476 3.16705 0.025444 -2.35561 0 0 10
0.509976 0.277671 0.0334476 3.16705 0.0254417 -2.35561 0 0 10
0.509974 0.276671 0.0334475 3.16705 0.0254389 -2.35561 0 0 10
0.509972 0.275671 0.0334474 3.16705 0.0254353 -2.35561 0 0 10
0.50997 0.274671 0.0334473 3.16704 0.0254311 -2.35561 0 0 10
0.509967 0.273671 0.0334472 3.16704 0.0254263 -2.35561 0 0 10
0.509964 0.272671 0.0334471 3.16703 0.0254207 -2.35561 0 0 10
0.509961 0.271671 0.0334469 3.16702 0.0254145 -2.35561 0 0 10
0.509957 0.270671 0.0334467 3.16702 0.0254077 -2.35562 0 0 10
0.509952 0.269671 0.0334465 3.16701 0.0253999 -2.35562 0 0 10
0.509948 0.268671 0.0334463 3.167 0.0253911 -2.35562 0 0 10
0.509942 0.267671 0.0334461 3.16699 0.0253816 -2.35562 0 0 10
0.509936 0.266671 0.0334458 3.16698 0.0253715 -2.35562 0 0 10
0.509931 0.265671 0.0334456 3.16697 0.0253609 -2.35562 0 0 10
0.509924 0.264671 0.0334453 3.16696 0.0253499 -2.35562 0 0 10
0.509918 0.263671 0.033445 3.16695 0.0253383 -2.35562 0 0 10
0.509911 0.262671 0.0334447 3.16694 0.0253262 -2.35562 0 0 10
0.509904 0.261671 0.0334444 3.16692 0.0253136 -2.35562 0 0 10
0.509897 0.260671 0.0334441 3.16691 0.0253005 -2.35562 0 0 10
0.509889 0.259671 0.0334438 3.1669 0.0252869 -2.35562 0 0 10
0.509881 0.258671 0.0334434 3.16688 0.0252728 -2.35562 0 0 10
0.509873 0.257671 0.0334431 3.16687 0.0252581 -2.35562 0 0 10
0.509864 0.256672 0.0334427 3.16685 0.025243 -2.35562 0 0 10
0.509855 0.255672 0.0334423 3.16684 0.0252273 -2.35562 0 0 10
0.509846 0.254672 0.0334419 3.16682 0.0252112 -2.35562 0 0 10
0.509837 0.253672 0.0334415 3.1668 0.0251945 -2.35562 0 0 10
0.509827 0.252672 0.0334411 3.16679 0.0251773 -2.35563 0 0 10
0.509817 0.251672 0.0334406 3.16677 0.0251596 -2.35563 0 0 10
0.509807 0.250672 0.0334402 3.16675 0.0251414 -2.35563 0 0 10
0.509796 0.249672 0.0334397 3.16673 0.0251227 -2.35563 0 0 10
0.509786 0.248672 0.0334393 3.16671 0.0251035 -2.35563 0 0 10
0.509775 0.247672 0.0334388 3.16669 0.0250838 -2.35563 0 0 10
0.509763 0.246672 0.0334383 3.16667 0.0250636 -2.35563 0 0 10
0.509751 0.245672 0.0334378 3.16665 0.0250427 -2.35563 0 0 10
0.509739 0.244672 0.0334372 3.16663 0.0250212 -2.35563 0 0 10
0.509727 0.243672 0.0334367 3.16661 0.0249993 -2.35563 0 0 10
0.509714 0.242672 0.0334361 3.16659 0.0249771 -2.35563 0 0 10
0.509702 0.241672 0.0334356 3.16656 0.0249544 -2.35564 0 0 10
0.509689 0.240673 0.033435 3.16654 0.0249314 -2.35564 0 0 10
0.509676 0.239673 0.0334344 3.16652 0.0249079 -2.35564 0 0 10
0.509662 0.238673 0.0334339 3.16649 0.0248841 -2.35564 0 0 10
0.509648 0.237673 0.0334333 3.16647 0.0248599 -2.35564 0 0 10
0.509635 0.236673 0.0334327 3.16644 0.0248353 -2.35564 0 0 10
0.509621 0.235673 0.033432 3.16642 0.0248103 -2.35564 0 0 10
0.509606 0.234673 0.0334314 3.16639 0.0247849 -2.35564 0 0 10
0.509592 0.233673 0.0334308 3.16637 0.0247591 -2.35564 0 0 10
0.509577 0.232673 0.0334301 3.16634 0.024733 -2.35565 0 0 10
0.509562 0.231673 0.0334295 3.16631 0.0247064 -2.35565 0 0 10
0.509547 0.230674 0.0334288 3.16629 0.0246795 -2.35565 0 0 10
0.509532 0.229674 0.0334282 3.16626 0.0246521 -2.35565 0 0 10
0.509516 0.228674 0.0334275 3.16623 0.0246244 -2.35565 0 0 10
0.5095 0.227674 0.0334268 3.1662 0.0245963 -2.35565 0 0 10
0.509484 0.226674 0.0334261 3.16618 0.0245678 -2.35565 0 0 10
0.509468 0.225674 0.0334254 3.16615 0.0245389 -2.35565 0 0 10
0.509451 0.224674 0.0334247 3.16612 0.0245096 -2.35566 0 0 10
0.509435 0.223675 0.0334239 3.16609 0.02448 -2.35566 0 0 10
0.509418 0.222675 0.0334232 3.16606 0.0244499 -2.35566 0 0 10
0.509401 0.221675 0.0334224 3.16603 0.0244194 -2.35566 0 0 10
0.509383 0.220675 0.0334217 3.166 0.0243886 -2.35566 0 0 10
0.509366 0.219675 0.0334209 3.16597 0.0243575 -2.35566 0 0 10
0.509348 0.218675 0.0334201 3.16593 0.024326 -2.35566 0 0 10
0.50933 0.217675 0.0334194 3.1659 0.0242943 -2.35566 0 0 10
0.509312 0.216676 0.0334186 3.16587 0.0242622 -2.35567 0 0 10
0.509294 0.215676 0.0334178 3.16584 0.0242299 -2.35567 0 0 10
0.509275 0.214676 0.033417 3.1658 0.0241972 -2.35567 0 0 10
0.509257 0.213676 0.0334162 3.16577 0.0241643 -2.35567 0 0 10
0.509238 0.212676 0.0334154 3.16574 0.024131 -2.35567 0 0 10
0.509219 0.211676 0.0334145 3.1657 0.0240975 -2.35567 0 0 10
0.5092 0.210677 0.0334137 3.16567 0.0240637 -2.35567 0 0 10
0.509181 0.209677 0.0334129 3.16564 0.0240295 -2.35568 0 0 10
0.509162 0.208677 0.033412 3.1656 0.0239951 -2.35568 0 0 10
0.509142 0.207677 0.0334112 3.16557 0.0239604 -2.35568 0 0 10
0.509122 0.206677 0.0334103 3.16553 0.0239254 -2.35568 0 0 10
0.509102 0.205678 0.0334094 3.1655 0.02389 -2.35568 0 0 10
0.509082 0.204678 0.0334085 3.16546 0.0238544 -2.35568 0 0 10
0.509062 0.203678 0.0334077 3.16543 0.0238185 -2.35569 0 0 10
0.509042 0.202678 0.0334068 3.16539 0.0237823 -2.35569 0 0 10
0.509021 0.201678 0.0334059 3.16535 0.0237458 -2.35569 0 0 10
0.509001 0.200679 0.033405 3.16532 0.023709 -2.35569 0 0 10
0.50898 0.199679 0.0334041 3.16528 0.0236719 -2.35569 0 0 10
0.508959 0.198679 0.0334031 3.16524 0.0236345 -2.35569 0 0 10
0.508937 0.197679 0.0334022 3.1652 0.0235967 -2.35569 0 0 10
0.508916 0.19668 0.0334013 3.16517 0.0235587 -2.3557 0 0 10
0.508894 0.19568 0.0334003 3.16513 0.0235205 -2.3557 0 0 10
0.508873 0.19468 0.0333994 3.16509 0.0234821 -2.3557 0 0 10
0.508851 0.19368 0.0333984 3.16505 0.0234434 -2.3557 0 0 10
0.508829 0.19268 0.0333975 3.16501 0.0234046 -2.3557 0 0 10
0.508807 0.191681 0.0333965 3.16497 0.0233655 -2.3557 0 0 10
0.508785 0.190681 0.0333956 3.16493 0.0233262 -2.35571 0 0 10
0.508763 0.189681 0.0333946 3.16489 0.0232867 -2.35571 0 0 10
0.508741 0.188681 0.0333936 3.16485 0.023247 -2.35571 0 0 10
0.508718 0.187682 0.0333926 3.16481 0.0232071 -2.35571 0 0 10
0.508696 0.186682 0.0333917 3.16477 0.023167 -2.35571 0 0 10
0.508673 0.185682 0.0333907 3.16473 0.0231267 -2.35571 0 0 10
0.50865 0.184683 0.0333897 3.16469 0.0230861 -2.35572 0 0 10
0.508627 0.183683 0.0333887 3.16465 0.0230453 -2.35572 0 0 10
0.508604 0.182683 0.0333877 3.16461 0.0230044 -2.35572 0 0 10
0.508581 0.181683 0.0333866 3.16457 0.0229632 -2.35572 0 0 10
0.508557 0.180684 0.0333856 3.16453 0.0229218 -2.35572 0 0 10
0.508534 0.179684 0.0333846 3.16449 0.0228802 -2.35572 0 0 10
0.50851 0.178684 0.0333836 3.16444 0.0228383 -2.35573 0 0 10
0.508487 0.177684 0.0333825 3.1644 0.0227963 -2.35573 0 0 10
0.508463 0.176685 0.0333815 3.16436 0.022754 -2.35573 0 0 10
0.508439 0.175685 0.0333805 3.16432 0.0227116 -2.35573 0 0 10
0.508415 0.174685 0.0333794 3.16427 0.0226689 -2.35573 0 0 10
0.508391 0.173686 0.0333784 3.16423 0.022626 -2.35574 0 0 10
0.508367 0.172686 0.0333773 3.16419 0.0225829 -2.35574 0 0 10
0.508342 0.171686 0.0333762 3.16414 0.0225396 -2.35574 0 0 10
0.508318 0.170686 0.0333752 3.1641 0.0224961 -2.35574 0 0 10
0.508293 0.169687 0.0333741 3.16406 0.0224525 -2.35574 0 0 10
0.508269 0.168687 0.033373 3.16401 0.0224087 -2.35574 0 0 10
0.508244 0.167687 0.0333719 3.16397 0.0223649 -2.35575 0 0 10
0.508219 0.166688 0.0333709 3.16393 0.0223209 -2.35575 0 0 10
0.508194 0.165688 0.0333698 3.16388 0.0222767 -2.35575 0 0 10
0.508169 0.164688 0.0333687 3.16384 0.0222324 -2.35575 0 0 10
0.508144 0.163689 0.0333676 3.16379 0.022188 -2.35575 0 0 10
0.508119 0.162689 0.0333665 3.16375 0.0221435 -2.35575 0 0 10
0.508094 0.161689 0.0333654 3.1637 0.0220988 -2.35576 0 0 10
0.508069 0.16069 0.0333643 3.16366 0.0220539 -2.35576 0 0 10
0.508044 0.15969 0.0333632 3.16361 0.022009 -2.35576 0 0 10
0.508018 0.15869 0.0333621 3.16357 0.0219639 -2.35576 0 0 10
0.507993 0.157691 0.033361 3.16352 0.0219187 -2.35576 0 0 10
0.507967 0.156691 0.0333599 3.16348 0.0218733 -2.35577 0 0 10
0.507942 0.155691 0.0333587 3.16343 0.0218278 -2.35577 0 0 10
0.507916 0.154692 0.0333576 3.16339 0.0217822 -2.35577 0 0 10
0.50789 0.153692 0.0333565 3.16334 0.0217364 -2.35577 0 0 10
0.507864 0.152692 0.0333554 3.16329 0.0216905 -2.35577 0 0 10
0.507838 0.151693 0.0333542 3.16325 0.0216444 -2.35577 0 0 10
0.507812 0.150693 0.0333531 3.1632 0.0215983 -2.35578 0 0 10
0.507786 0.149693 0.033352 3.16316 0.021552 -2.35578 0 0 10
0.50776 0.148694 0.0333508 3.16311 0.0215055 -2.35578 0 0 10
0.507734 0.147694 0.0333497 3.16306 0.0214589 -2.35578 0 0 10
0.507708 0.146694 0.0333485 3.16302 0.0214122 -2.35578 0 0 10
0.507681 0.145695 0.0333474 3.16297 0.0213654 -2.35578 0 0 10
0.507655 0.144695 0.0333462 3.16292 0.0213185 -2.35579 0 0 10
0.507629 0.143695 0.0333451 3.16287 0.0212715 -2.35579 0 0 10
0.507602 0.142696 0.0333439 3.16283 0.0212244 -2.35579 0 0 10
0.507576 0.141696 0.0333427 3.16278 0.0211773 -2.35579 0 0 10
0.507549 0.140696 0.0333416 3.16273 0.0211302 -2.35579 0 0 10
0.507522 0.139697 0.0333404 3.16269 0.0210829 -2.3558 0 0 10
0.507496 0.138697 0.0333393 3.16264 0.0210357 -2.3558 0 0 10
0.507469 0.137697 0.0333381 3.16259 0.0209883 -2.3558 0 0 10
0.507443 0.136698 0.0333369 3.16254 0.0209409 -2.3558 0 0 10
0.507416 0.135698 0.0333358 3.1625 0.0208934 -2.3558 0 0 10
0.507389 0.134699 0.0333346 3.16245 0.0208459 -2.3558 0 0 10
0.507362 0.133699 0.0333334 3.1624 0.0207983 -2.35581 0 0 10
0.507335 0.132699 0.0333323 3.16235 0.0207507 -2.35581 0 0 10
0.507309 0.1317 0.0333311 3.1623 0.020703 -2.35581 0 0 10
0.507282 0.1307 0.0333299 3.16226 0.0206552 -2.35581 0 0 10
0.507255 0.1297 0.0333287 3.16221 0.0206074 -2.35581 0 0 10
0.507228 0.128701 0.0333276 3.16216 0.0205595 -2.35582 0 0 10
0.507201 0.127701 0.0333264 3.16211 0.0205116 -2.35582 0 0 10
0.507174 0.126701 0.0333252 3.16207 0.0204635 -2.35582 0 0 10
0.507147 0.125702 0.033324 3.16202 0.0204155 -2.35582 0 0 10
0.50712 0.124702 0.0333228 3.16197 0.0203673 -2.35582 0 0 10
0.507093 0.123703 0.0333216 3.16192 0.0203192 -2.35582 0 0 10
0.507065 0.122703 0.0333205 3.16187 0.0202709 -2.35583 0 0 10
0.507038 0.121703 0.0333193 3.16182 0.0202226 -2.35583 0 0 10
0.507011 0.120704 0.0333181 3.16178 0.0201742 -2.35583 0 0 10
0.506984 0.119704 0.0333169 3.16173 0.0201258 -2.35583 0 0 10
0.506957 0.118704 0.0333157 3.16168 0.0200774 -2.35583 0 0 10
0.506929 0.117705 0.0333145 3.16163 0.0200291 -2.35583 0 0 10
0.506902 0.116705 0.0333133 3.16158 0.0199807 -2.35584 0 0 10
0.506875 0.115705 0.0333121 3.16153 0.0199324 -2.35584 0 0 10
0.506848 0.114706 0.033311 3.16148 0.0198841 -2.35584 0 0 10
0.50682 0.113706 0.0333098 3.16144 0.0198357 -2.35584 0 0 10
0.506793 0.112707 0.0333086 3.16139 0.0197874 -2.35584 0 0 10
0.506766 0.111707 0.0333074 3.16134 0.0197392 -2.35584 0 0 10
0.506739 0.110707 0.0333062 3.16129 0.0196909 -2.35585 0 0 10
0.506712 0.109708 0.033305 3.16124 0.0196426 -2.35585 0 0 10
0.506685 0.108708 0.0333038 3.16119 0.0195944 -2.35585 0 0 10
0.506657 0.107708 0.0333027 3.16115 0.0195461 -2.35585 0 0 10
0.50663 0.106709 0.0333015 3.1611 0.0194979 -2.35585 0 0 10
0.506603 0.105709 0.0333003 3.16105 0.0194497 -2.35586 0 0 10
0.506576 0.10471 0.0332991 3.161 0.0194015 -2.35586 0 0 10
0.506549 0.10371 0.0332979 3.16095 0.0193533 -2.35586 0 0 10
0.506522 0.10271 0.0332967 3.16091 0.0193052 -2.35586 0 0 10
0.506495 0.101711 0.0332955 3.16086 0.019257 -2.35586 0 0 10
0.506468 0.100711 0.0332944 3.16081 0.0192089 -2.35586 0 0 10
0.506441 0.0997114 0.0332932 3.16076 0.0191607 -2.35587 0 0 10
0.506414 0.0987117 0.033292 3.16071 0.0191126 -2.35587 0 0 10
0.506386 0.0977121 0.0332908 3.16066 0.0190645 -2.35587 0 0 10
0.506359 0.0967125 0.0332896 3.16062 0.0190164 -2.35587 0 0 10
0.506332 0.0957128 0.0332885 3.16057 0.0189684 -2.35587 0 0 10
0.506305 0.0947132 0.0332873 3.16052 0.0189205 -2.35587 0 0 10
0.506278 0.0937136 0.0332861 3.16047 0.0188727 -2.35587 0 0 10
0.506252 0.0927139 0.0332849 3.16042 0.018825 -2.35588 0 0 10
0.506225 0.0917143 0.0332838 3.16038 0.0187774 -2.35588 0 0 10
0.506198 0.0907147 0.0332826 3.16033 0.0187299 -2.35588 0 0 10
0.506171 0.089715 0.0332814 3.16028 0.0186825 -2.35588 0 0 10
0.506145 0.0887154 0.0332803 3.16023 0.0186352 -2.35588 0 0 10
0.506118 0.0877157 0.0332791 3.16019 0.018588 -2.35588 0 0 10
0.506092 0.0867161 0.0332779 3.16014 0.0185408 -2.35589 0 0 10
0.506065 0.0857164 0.0332768 3.16009 0.0184938 -2.35589 0 0 10
0.506039 0.0847168 0.0332756 3.16005 0.0184469 -2.35589 0 0 10
0.506013 0.0837171 0.0332745 3.16 0.0184001 -2.35589 0 0 10
0.505986 0.0827175 0.0332733 3.15995 0.0183534 -2.35589 0 0 10
0.50596 0.0817178 0.0332722 3.15991 0.0183068 -2.35589 0 0 10
0.505934 0.0807182 0.033271 3.15986 0.0182603 -2.3559 0 0 10
0.505908 0.0797185 0.0332699 3.15981 0.0182139 -2.3559 0 0 10
0.505882 0.0787188 0.0332688 3.15977 0.0181676 -2.3559 0 0 10
0.505856 0.0777192 0.0332676 3.15972 0.0181213 -2.3559 0 0 10
0.50583 0.0767195 0.0332665 3.15967 0.0180752 -2.3559 0 0 10
0.505804 0.0757199 0.0332654 3.15963 0.0180292 -2.3559 0 0 10
0.505778 0.0747202 0.0332642 3.15958 0.0179833 -2.3559 0 0 10
0.505752 0.0737205 0.0332631 3.15954 0.0179375 -2.35591 0 0 10
0.505726 0.0727208 0.033262 3.15949 0.0178919 -2.35591 0 0 10
0.505701 0.0717212 0.0332609 3.15945 0.0178465 -2.35591 0 0 10
0.505676 0.0707215 0.0332598 3.1594 0.0178014 -2.35591 0 0 10
0.50565 0.0697218 0.0332587 3.15935 0.0177565 -2.35591 0 0 10
0.505625 0.0687221 0.0332576 3.15931 0.0177118 -2.35591 0 0 10
0.5056 0.0677225 0.0332565 3.15927 0.0176672 -2.35591 0 0 10
0.505575 0.0667228 0.0332554 3.15922 0.0176229 -2.35592 0 0 10
0.50555 0.0657231 0.0332543 3.15918 0.0175787 -2.35592 0 0 10
0.505525 0.0647234 0.0332532 3.15913 0.0175347 -2.35592 0 0 10
0.505501 0.0637237 0.0332521 3.15909 0.0174909 -2.35592 0 0 10
0.505476 0.062724 0.0332511 3.15905 0.0174473 -2.35592 0 0 10
0.505452 0.0617243 0.03325 3.159 0.0174039 -2.35592 0 0 10
0.505428 0.0607246 0.0332489 3.15896 0.0173607 -2.35592 0 0 10
0.505403 0.0597249 0.0332479 3.15892 0.0173176 -2.35593 0 0 10
0.505379 0.0587252 0.0332468 3.15887 0.0172748 -2.35593 0 0 10
0.505355 0.0577255 0.0332458 3.15883 0.0172321 -2.35593 0 0 10
0.505331 0.0567258 0.0332447 3.15879 0.0171897 -2.35593 0 0 10
0.505307 0.055726 0.0332437 3.15875 0.0171474 -2.35593 0 0 10
0.505284 0.0547263 0.0332427 3.1587 0.0171053 -2.35593 0 0 10
0.50526 0.0537266 0.0332416 3.15866 0.0170634 -2.35593 0 0 10
0.505237 0.0527269 0.0332406 3.15862 0.0170216 -2.35593 0 0 10
0.505213 0.0517272 0.0332396 3.15858 0.0169801 -2.35594 0 0 10
0.50519 0.0507274 0.0332386 3.15854 0.0169389 -2.35594 0 0 10
0.505167 0.0497277 0.0332376 3.1585 0.0168983 -2.35594 0 0 10
0.505145 0.0487279 0.0332366 3.15846 0.0168581 -2.35594 0 0 10
0.505122 0.0477282 0.0332356 3.15842 0.0168184 -2.35594 0 0 10
0.5051 0.0467284 0.0332346 3.15838 0.016779 -2.35594 0 0 10
0.505078 0.0457287 0.0332337 3.15834 0.0167399 -2.35594 0 0 10
0.505056 0.0447289 0.0332327 3.1583 0.0167011 -2.35594 0 0 10
0.505035 0.0437292 0.0332318 3.15826 0.0166626 -2.35595 0 0 10
0.505013 0.0427294 0.0332308 3.15822 0.0166245 -2.35595 0 0 10
0.504992 0.0417296 0.0332299 3.15818 0.0165867 -2.35595 0 0 10
0.504971 0.0407298 0.033229 3.15815 0.0165492 -2.35595 0 0 10
0.50495 0.0397301 0.0332281 3.15811 0.016512 -2.35595 0 0 10
0.504929 0.0387303 0.0332272 3.15807 0.0164751 -2.35595 0 0 10
0.504909 0.0377305 0.0332263 3.15804 0.0164386 -2.35595 0 0 10
0.504888 0.0367307 0.0332254 3.158 0.0164024 -2.35595 0 0 10
0.504868 0.0357309 0.0332245 3.15796 0.0163665 -2.35595 0 0 10
0.504848 0.0347311 0.0332236 3.15793 0.0163309 -2.35596 0 0 10
0.504828 0.0337313 0.0332228 3.15789 0.0162956 -2.35596 0 0 10
0.504808 0.0327315 0.0332219 3.15786 0.0162607 -2.35596 0 0 10
0.504789 0.0317317 0.0332211 3.15782 0.0162261 -2.35596 0 0 10
0.50477 0.0307319 0.0332202 3.15779 0.0161919 -2.35596 0 0 10
0.504751 0.0297321 0.0332194 3.15776 0.0161584 -2.35596 0 0 10
0.504733 0.0287322 0.0332186 3.15772 0.0161257 -2.35596 0 0 10
0.504715 0.0277324 0.0332178 3.15769 0.0160938 -2.35596 0 0 10
0.504697 0.0267326 0.033217 3.15766 0.0160627 -2.35596 0 0 10
0.50468 0.0257327 0.0332163 3.15763 0.0160323 -2.35596 0 0 10
0.504663 0.0247329 0.0332156 3.1576 0.0160023 -2.35596 0 0 10
0.504646 0.023733 0.0332148 3.15757 0.0159727 -2.35597 0 0 10
0.50463 0.0227331 0.0332141 3.15754 0.0159437 -2.35597 0 0 10
0.504614 0.0217333 0.0332134 3.15751 0.0159151 -2.35597 0 0 10
0.504598 0.0207334 0.0332127 3.15748 0.015887 -2.35597 0 0 10
0.504583 0.0197335 0.033212 3.15746 0.0158594 -2.35597 0 0 10
0.504567 0.0187337 0.0332114 3.15743 0.0158322 -2.35597 0 0 10
0.504552 0.0177338 0.0332107 3.1574 0.0158055 -2.35597 0 0 10
0.504538 0.0167339 0.0332101 3.15738 0.0157793 -2.35597 0 0 10
0.504523 0.015734 0.0332094 3.15735 0.0157536 -2.35597 0 0 10
0.504509 0.0147341 0.0332088 3.15733 0.0157283 -2.35597 0 0 10
0.504495 0.0137342 0.0332082 3.1573 0.0157035 -2.35597 0 0 10
0.504481 0.0127343 0.0332076 3.15728 0.0156787 -2.35597 0 0 10
0.504468 0.0117344 0.0332071 3.15725 0.0156533 -2.35597 0 0 10
0.504454 0.0107345 0.0332065 3.15722 0.0156267 -2.35598 0 0 10
0.504441 0.0097346 0.0332061 3.1572 0.015599 -2.35598 0 0 10
0.504428 0.00873469 0.0332056 3.15717 0.0155701 -2.35598 0 0 10
0.504414 0.00773478 0.0332052 3.15714 0.01554 -2.35598 0 0 10
0.504401 0.00673487 0.0332048 3.15711 0.0155087 -2.35598 0 0 10
0.504388 0.00573496 0.0332044 3.15707 0.0154761 -2.35598 0 0 10
0.504374 0.00473506 0.0332041 3.15704 0.0154419 -2.35598 0 0 10
0.50436 0.00373516 0.0332038 3.157 0.0154062 -2.35598 0 0 10
0.504346 0.00273526 0.0332035 3.15697 0.0153687 -2.35598 0 0 10
0.504332 0.00173536 0.0332032 3.15693 0.0153296 -2.35598 0 0 10
0.504318 0.00073547 0.0332029 3.15689 0.0152888 -2.35598 0 0 10
0.504303 -0.000264419 0.0332027 3.15684 0.0152464 -2.35599 0 0 10
0.504288 -0.0012643 0.0332025 3.1568 0.0152023 -2.35599 0 0 10
0.504273 -0.00226419 0.0332023 3.15675 0.0151566 -2.35599 0 0 10
0.504258 -0.00326406 0.0332021 3.15671 0.0151092 -2.35599 0 0 10
0.504242 -0.00426394 0.033202 3.15666 0.0150602 -2.35599 0 0 10
0.504226 -0.00526381 0.0332018 3.15661 0.0150089 -2.35599 0 0 10
0.50421 -0.00626366 0.0332017 3.15655 0.0149543 -2.35599 0 0 10
0.504192 -0.0072635 0.0332016 3.15649 0.0148961 -2.356 0 0 10
0.504174 -0.00826332 0.0332015 3.15643 0.0148341 -2.356 0 0 10
0.504155 -0.00926312 0.0332015 3.15636 0.0147685 -2.356 0 0 10
0.504135 -0.0102629 0.0332015 3.1563 0.0146992 -2.356 0 0 10
0.504114 -0.0112627 0.0332015 3.15622 0.0146261 -2.356 0 0 10
0.504093 -0.0122624 0.0332015 3.15615 0.0145499 -2.356 0 0 10
0.504071 -0.0132622 0.0332015 3.15607 0.0144711 -2.35601 0 0 10
0.504048 -0.0142619 0.0332015 3.15599 0.0143902 -2.35601 0 0 10
0.504025 -0.0152616 0.0332015 3.1559 0.0143072 -2.35601 0 0 10
0.504001 -0.0162613 0.0332015 3.15582 0.0142222 -2.35601 0 0 10
0.503976 -0.0172609 0.0332015 3.15573 0.0141352 -2.35602 0 0 10
0.503951 -0.0182606 0.0332015 3.15564 0.0140461 -2.35602 0 0 10
0.503926 -0.0192602 0.0332015 3.15555 0.013955 -2.35602 0 0 10
0.503899 -0.0202599 0.0332015 3.15546 0.0138619 -2.35602 0 0 10
0.503873 -0.0212595 0.0332015 3.15536 0.0137667 -2.35602 0 0 10
0.503845 -0.0222591 0.0332015 3.15526 0.0136695 -2.35603 0 0 10
0.503817 -0.0232587 0.0332015 3.15517 0.0135703 -2.35603 0 0 10
0.503789 -0.0242583 0.0332015 3.15506 0.013469 -2.35603 0 0 10
0.50376 -0.0252578 0.0332015 3.15496 0.0133651 -2.35603 0 0 10
0.503729 -0.0262574 0.0332015 3.15485 0.0132581 -2.35604 0 0 10
0.503698 -0.0272569 0.0332015 3.15474 0.0131477 -2.35604 0 0 10
0.503666 -0.0282563 0.0332015 3.15463 0.013034 -2.35604 0 0 10
0.503633 -0.0292558 0.0332015 3.15451 0.0129169 -2.35604 0 0 10
0.5036 -0.0302552 0.0332015 3.15439 0.012797 -2.35605 0 0 10
0.503565 -0.0312546 0.0332015 3.15427 0.0126754 -2.35605 0 0 10
0.503531 -0.032254 0.0332015 3.15415 0.0125525 -2.35605 0 0 10
0.503496 -0.0332534 0.0332015 3.15402 0.0124282 -2.35606 0 0 10
0.503461 -0.0342528 0.0332015 3.1539 0.0123027 -2.35606 0 0 10
0.503425 -0.0352521 0.0332015 3.15377 0.0121758 -2.35606 0 0 10
0.503389 -0.0362514 0.0332015 3.15364 0.0120476 -2.35606 0 0 10
0.503352 -0.0372508 0.0332015 3.15351 0.011918 -2.35607 0 0 10
0.503316 -0.0382501 0.0332015 3.15338 0.0117872 -2.35607 0 0 10
0.503278 -0.0392494 0.0332015 3.15325 0.011655 -2.35607 0 0 10
0.503241 -0.0402487 0.0332015 3.15312 0.0115215 -2.35608 0 0 10
0.503203 -0.0412479 0.0332015 3.15298 0.0113867 -2.35608 0 0 10
0.503165 -0.0422472 0.0332015 3.15284 0.0112506 -2.35608 0 0 10
0.503126 -0.0432464 0.0332015 3.15271 0.0111131 -2.35608 0 0 10
0.503087 -0.0442457 0.0332015 3.15257 0.0109743 -2.35609 0 0 10
0.503047 -0.0452449 0.0332015 3.15243 0.0108343 -2.35609 0 0 10
0.503008 -0.0462441 0.0332015 3.15229 0.0106928 -2.35609 0 0 10
0.502967 -0.0472433 0.0332015 3.15214 0.0105498 -2.35609 0 0 10
0.502927 -0.0482424 0.0332015 3.152 0.0104048 -2.3561 0 0 10
0.502885 -0.0492416 0.0332015 3.15185 0.0102575 -2.3561 0 0 10
0.502843 -0.0502407 0.0332015 3.1517 0.0101087 -2.3561 0 0 10
0.502801 -0.0512398 0.0332015 3.15155 0.00995878 -2.35611 0 0 10
0.502759 -0.0522389 0.0332015 3.1514 0.00980807 -2.35611 0 0 10
0.502716 -0.053238 0.0332015 3.15125 0.00965653 -2.35611 0 0 10
0.502673 -0.0542371 0.0332015 3.1511 0.00950414 -2.35611 0 0 10
0.50263 -0.0552361 0.0332015 3.15094 0.00935092 -2.35612 0 0 10
0.502587 -0.0562352 0.0332015 3.15079 0.00919685 -2.35612 0 0 10
0.502543 -0.0572342 0.0332015 3.15064 0.00904195 -2.35612 0 0 10
0.502499 -0.0582333 0.0332015 3.15048 0.00888621 -2.35612 0 0 10
0.502455 -0.0592323 0.0332015 3.15032 0.00872963 -2.35613 0 0 10
0.502411 -0.0602313 0.0332015 3.15017 0.00857221 -2.35613 0 0 10
0.502367 -0.0612303 0.0332015 3.15001 0.00841396 -2.35613 0 0 10
0.502322 -0.0622293 0.0332015 3.14985 0.00825486 -2.35613 0 0 10
0.502277 -0.0632283 0.0332015 3.14969 0.00809493 -2.35614 0 0 10
0.502232 -0.0642273 0.0332015 3.14953 0.00793415 -2.35614 0 0 10
0.502186 -0.0652262 0.0332015 3.14937 0.00777254 -2.35614 0 0 10
0.50214 -0.0662252 0.0332015 3.1492 0.00761009 -2.35614 0 0 10
0.502094 -0.0672241 0.0332015 3.14904 0.0074468 -2.35614 0 0 10
0.502048 -0.0682231 0.0332015 3.14888 0.00728268 -2.35615 0 0 10
0.502002 -0.069222 0.0332015 3.14871 0.00711771 -2.35615 0 0 10
0.501955 -0.0702209 0.0332015 3.14854 0.00695191 -2.35615 0 0 10
0.501908 -0.0712198 0.0332015 3.14838 0.00678506 -2.35615 0 0 10
0.501861 -0.0722187 0.0332015 3.14821 0.0066172 -2.35615 0 0 10
0.501814 -0.0732175 0.0332015 3.14804 0.0064487 -2.35616 0 0 10
0.501766 -0.0742164 0.0332015 3.14787 0.00627968 -2.35616 0 0 10
0.501719 -0.0752153 0.0332015 3.1477 0.00611015 -2.35616 0 0 10
0.501671 -0.0762141 0.0332015 3.14753 0.0059401 -2.35616 0 0 10
0.501623 -0.077213 0.0332015 3.14736 0.00576953 -2.35616 0 0 10
0.501575 -0.0782118 0.0332015 3.14719 0.00559844 -2.35617 0 0 10
0.501526 -0.0792106 0.0332015 3.14702 0.00542683 -2.35617 0 0 10
0.501478 -0.0802095 0.0332015 3.14685 0.00525471 -2.35617 0 0 10
0.501429 -0.0812083 0.0332015 3.14667 0.00508207 -2.35617 0 0 10
0.501381 -0.0822071 0.0332015 3.1465 0.00490891 -2.35617 0 0 10
0.501332 -0.0832059 0.0332015 3.14633 0.00473523 -2.35617 0 0 10
0.501283 -0.0842047 0.0332015 3.14615 0.00456103 -2.35618 0 0 10
0.501234 -0.0852035 0.0332015 3.14598 0.00438632 -2.35618 0 0 10
0.501184 -0.0862023 0.0332015 3.1458 0.00421109 -2.35618 0 0 10
0.501135 -0.0872011 0.0332015 3.14563 0.00403534 -2.35618 0 0 10
0.501085 -0.0881998 0.0332015 3.14545 0.00385908 -2.35618 0 0 10
0.501036 -0.0891986 0.0332015 3.14528 0.00368229 -2.35618 0 0 10
0.500986 -0.0901973 0.0332015 3.1451 0.00350499 -2.35618 0 0 10
0.500936 -0.0911961 0.0332015 3.14492 0.00332717 -2.35618 0 0 10
0.500886 -0.0921948 0.0332015 3.14474 0.00314884 -2.35618 0 0 10
0.500835 -0.0931936 0.0332015 3.14456 0.00296998 -2.35619 0 0 10
0.500785 -0.0941923 0.0332015 3.14438 0.00279061 -2.35619 0 0 10
0.500734 -0.095191 0.0332015 3.1442 0.00261072 -2.35619 0 0 10
0.500684 -0.0961897 0.0332015 3.14402 0.00243046 -2.35619 0 0 10
0.500633 -0.0971884 0.0332015 3.14384 0.00224996 -2.35619 0 0 10
0.500582 -0.0981871 0.0332015 3.14366 0.0020692 -2.35619 0 0 10
0.500531 -0.0991858 0.0332015 3.14348 0.00188816 -2.35619 0 0 10
0.50048 -0.100185 0.0332015 3.1433 0.00170686 -2.35619 0 0 10
0.500429 -0.101183 0.0332015 3.14312 0.00152529 -2.35619 0 0 10
0.500378 -0.102182 0.0332015 3.14294 0.00134345 -2.35619 0 0 10
0.500327 -0.103181 0.0332015 3.14275 0.00116135 -2.35619 0 0 10
0.500275 -0.104179 0.0332015 3.14257 0.000978977 -2.35619 0 0 10
0.500224 -0.105178 0.0332015 3.14239 0.000796338 -2.35619 0 0 10
0.500173 -0.106177 0.0332015 3.14221 0.000613431 -2.35619 0 0 10
0.500121 -0.107175 0.0332015 3.14202 0.000430258 -2.35619 0 0 10
0.500069 -0.108174 0.0332015 3.14184 0.000246817 -2.35619 0 0 10
0.500018 -0.109173 0.0332015 3.14166 6.31091e-05 -2.35619 0 0 10
0.499966 -0.110171 0.0332015 3.14147 -0.000120866 -2.35619 0 0 10
0.499914 -0.11117 0.0332015 3.14129 -0.000305108 -2.35619 0 0 10
0.499862 -0.112169 0.0332015 3.1411 -0.000489617 -2.35619 0 0 10
0.49981 -0.113167 0.0332015 3.14092 -0.000674393 -2.35619 0 0 10
0.499758 -0.114166 0.0332015 3.14073 -0.000859436 -2.35619 0 0 10
0.499706 -0.115165 0.0332015 3.14055 -0.00104475 -2.35619 0 0 10
0.499654 -0.116163 0.0332015 3.14036 -0.00123032 -2.35619 0 0 10
0.499602 -0.117162 0.0332015 3.14018 -0.00141617 -2.35619 0 0 10
0.499549 -0.11816 0.0332015 3.13999 -0.00160228 -2.35619 0 0 10
0.499497 -0.119159 0.0332015 3.1398 -0.00178865 -2.35619 0 0 10
0.499444 -0.120158 0.0332015 3.13962 -0.0019753 -2.35619 0 0 10
0.499392 -0.121156 0.0332015 3.13943 -0.00216215 -2.35619 0 0 10
0.499339 -0.122155 0.0332015 3.13924 -0.00234908 -2.35619 0 0 10
0.499287 -0.123154 0.0332015 3.13906 -0.00253603 -2.35619 0 0 10
0.499234 -0.124152 0.0332015 3.13887 -0.00272305 -2.35619 0 0 10
0.499182 -0.125151 0.0332015 3.13868 -0.00291012 -2.35619 0 0 10
0.499129 -0.126149 0.0332015 3.1385 -0.00309725 -2.35619 0 0 10
0.499076 -0.127148 0.0332015 3.13831 -0.00328444 -2.35618 0 0 10
0.499024 -0.128147 0.0332015 3.13812 -0.00347168 -2.35618 0 0 10
0.498971 -0.129145 0.0332015 3.13793 -0.00365898 -2.35618 0 0 10
0.498918 -0.130144 0.0332015 3.13775 -0.00384634 -2.35618 0 0 10
0.498866 -0.131142 0.0332015 3.13756 -0.00403376 -2.35618 0 0 10
0.498813 -0.132141 0.0332015 3.13737 -0.00422124 -2.35618 0 0 10
0.49876 -0.13314 0.0332015 3.13718 -0.00440877 -2.35618 0 0 10
0.498707 -0.134138 0.0332015 3.137 -0.00459636 -2.35617 0 0 10
0.498654 -0.135137 0.0332015 3.13681 -0.00478401 -2.35617 0 0 10
0.498602 -0.136135 0.0332015 3.13662 -0.00497172 -2.35617 0 0 10
0.498549 -0.137134 0.0332015 3.13643 -0.00515948 -2.35617 0 0 10
0.498496 -0.138133 0.0332015 3.13625 -0.00534731 -2.35617 0 0 10
0.498443 -0.139131 0.0332015 3.13606 -0.00553518 -2.35617 0 0 10
0.49839 -0.14013 0.0332015 3.13587 -0.00572312 -2.35616 0 0 10
0.498337 -0.141129 0.0332015 3.13568 -0.00591111 -2.35616 0 0 10
0.498285 -0.142127 0.0332015 3.13549 -0.00609916 -2.35616 0 0 10
0.498232 -0.143126 0.0332015 3.13531 -0.00628727 -2.35616 0 0 10
0.498179 -0.144124 0.0332015 3.13512 -0.00647544 -2.35616 0 0 10
0.498126 -0.145123 0.0332015 3.13493 -0.00666366 -2.35615 0 0 10
0.498073 -0.146121 0.0332015 3.13474 -0.00685194 -2.35615 0 0 10
0.49802 -0.14712 0.0332015 3.13455 -0.00704028 -2.35615 0 0 10
0.497967 -0.148119 0.0332015 3.13436 -0.00722864 -2.35615 0 0 10
0.497914 -0.149117 0.0332015 3.13418 -0.007417 -2.35614 0 0 10
0.497861 -0.150116 0.0332015 3.13399 -0.00760531 -2.35614 0 0 10
0.497808 -0.151114 0.0332015 3.1338 -0.00779348 -2.35614 0 0 10
0.497755 -0.152113 0.0332015 3.13361 -0.00798153 -2.35614 0 0 10
0.497702 -0.153112 0.0332015 3.13342 -0.00816944 -2.35613 0 0 10
0.497649 -0.15411 0.0332015 3.13323 -0.00835722 -2.35613 0 0 10
0.497597 -0.155109 0.0332015 3.13305 -0.00854486 -2.35613 0 0 10
0.497544 -0.156107 0.0332015 3.13286 -0.00873237 -2.35613 0 0 10
0.497491 -0.157106 0.0332015 3.13267 -0.00891974 -2.35612 0 0 10
0.497439 -0.158105 0.0332015 3.13248 -0.00910699 -2.35612 0 0 10
0.497386 -0.159103 0.0332015 3.1323 -0.00929409 -2.35612 0 0 10
0.497333 -0.160102 0.0332015 3.13211 -0.00948107 -2.35611 0 0 10
0.497281 -0.161101 0.0332015 3.13192 -0.00966791 -2.35611 0 0 10
0.497228 -0.162099 0.0332015 3.13174 -0.00985461 -2.35611 0 0 10
0.497176 -0.163098 0.0332015 3.13155 -0.0100412 -2.3561 0 0 10
0.497123 -0.164096 0.0332015 3.13136 -0.0102276 -2.3561 0 0 10
0.497071 -0.165095 0.0332015 3.13118 -0.0104139 -2.3561 0 0 10
0.497018 -0.166094 0.0332015 3.13099 -0.0106001 -2.35609 0 0 10
0.496966 -0.167092 0.0332015 3.13081 -0.0107861 -2.35609 0 0 10
0.496914 -0.168091 0.0332015 3.13062 -0.010972 -2.35609 0 0 10
0.496862 -0.16909 0.0332015 3.13043 -0.0111578 -2.35608 0 0 10
0.496809 -0.170088 0.0332015 3.13025 -0.0113434 -2.35608 0 0 10
0.496757 -0.171087 0.0332015 3.13006 -0.0115289 -2.35607 0 0 10
0.496705 -0.172085 0.0332015 3.12988 -0.0117143 -2.35607 0 0 10
0.496653 -0.173084 0.0332015 3.12969 -0.0118995 -2.35607 0 0 10
0.496601 -0.174083 0.0332015 3.12951 -0.0120846 -2.35606 0 0 10
0.496549 -0.175081 0.0332015 3.12932 -0.0122696 -2.35606 0 0 10
0.496497 -0.17608 0.0332015 3.12914 -0.0124546 -2.35605 0 0 10
0.496445 -0.177079 0.0332015 3.12895 -0.0126396 -2.35605 0 0 10
0.496393 -0.178077 0.0332015 3.12877 -0.0128243 -2.35605 0 0 10
0.496341 -0.179076 0.0332015 3.12858 -0.0130086 -2.35604 0 0 10
0.496289 -0.180075 0.0332015 3.1284 -0.0131927 -2.35604 0 0 10
0.496237 -0.181073 0.0332015 3.12822 -0.0133736 -2.35603 0 0 10
0.496186 -0.182072 0.0332017 3.12804 -0.0135507 -2.35603 0 0 10
0.496134 -0.183071 0.0332019 3.12787 -0.0137239 -2.35602 0 0 10
0.496083 -0.184069 0.0332023 3.1277 -0.0138933 -2.35602 0 0 10
0.496031 -0.185068 0.0332027 3.12753 -0.0140588 -2.35602 0 0 10
0.49598 -0.186067 0.0332032 3.12737 -0.0142204 -2.35601 0 0 10
0.495929 -0.187065 0.0332038 3.12721 -0.0143782 -2.35601 0 0 10
0.495878 -0.188064 0.0332044 3.12706 -0.0145321 -2.356 0 0 10
0.495827 -0.189063 0.0332052 3.12691 -0.0146821 -2.356 0 0 10
0.495776 -0.190061 0.0332061 3.12676 -0.0148283 -2.356 0 0 10
0.495725 -0.19106 0.033207 3.12662 -0.0149706 -2.35599 0 0 10
0.495675 -0.192059 0.033208 3.12648 -0.0151091 -2.35599 0 0 10
0.495624 -0.193058 0.0332091 3.12635 -0.0152437 -2.35599 0 0 10
0.495573 -0.194056 0.0332103 3.12621 -0.0153745 -2.35598 0 0 10
0.495523 -0.195055 0.0332116 3.12609 -0.0155013 -2.35598 0 0 10
0.495473 -0.196054 0.033213 3.12596 -0.0156244 -2.35598 0 0 10
0.495422 -0.197053 0.0332145 3.12585 -0.0157435 -2.35597 0 0 10
0.495372 -0.198051 0.033216 3.12573 -0.0158588 -2.35597 0 0 10
0.495322 -0.19905 0.0332176 3.12562 -0.0159703 -2.35597 0 0 10
0.495272 -0.200049 0.0332194 3.12551 -0.0160779 -2.35596 0 0 10
0.495222 -0.201048 0.0332212 3.12541 -0.0161816 -2.35596 0 0 10
0.495173 -0.202046 0.0332231 3.12531 -0.0162815 -2.35596 0 0 10
0.495123 -0.203045 0.033225 3.12521 -0.0163778 -2.35595 0 0 10
0.495073 -0.204044 0.0332271 3.12512 -0.0164706 -2.35595 0 0 10
0.495023 -0.205043 0.0332293 3.12503 -0.0165596 -2.35595 0 0 10
0.494974 -0.206041 0.0332314 3.12494 -0.0166477 -2.35595 0 0 10
0.494924 -0.20704 0.0332336 3.12485 -0.0167355 -2.35594 0 0 10
0.494875 -0.208039 0.0332357 3.12476 -0.016823 -2.35594 0 0 10
0.494826 -0.209038 0.0332379 3.12468 -0.0169102 -2.35594 0 0 10
0.494777 -0.210036 0.03324 3.12459 -0.0169972 -2.35594 0 0 10
0.494728 -0.211035 0.0332421 3.1245 -0.017084 -2.35593 0 0 10
0.49468 -0.212034 0.0332443 3.12442 -0.0171704 -2.35593 0 0 10
0.494631 -0.213033 0.0332464 3.12433 -0.0172567 -2.35593 0 0 10
0.494583 -0.214032 0.0332485 3.12424 -0.0173426 -2.35592 0 0 10
0.494534 -0.215031 0.0332506 3.12416 -0.0174283 -2.35592 0 0 10
0.494486 -0.216029 0.0332527 3.12407 -0.0175137 -2.35592 0 0 10
0.494438 -0.217028 0.0332548 3.12399 -0.0175989 -2.35592 0 0 10
0.494391 -0.218027 0.0332569 3.1239 -0.0176838 -2.35591 0 0 10
0.494343 -0.219026 0.033259 3.12382 -0.0177684 -2.35591 0 0 10
0.494295 -0.220025 0.033261 3.12373 -0.0178528 -2.35591 0 0 10
0.494248 -0.221024 0.0332631 3.12365 -0.0179369 -2.35591 0 0 10
0.494201 -0.222023 0.0332652 3.12357 -0.0180208 -2.3559 0 0 10
0.494154 -0.223021 0.0332672 3.12348 -0.0181044 -2.3559 0 0 10
0.494107 -0.22402 0.0332693 3.1234 -0.0181877 -2.3559 0 0 10
0.49406 -0.225019 0.0332713 3.12332 -0.0182708 -2.35589 0 0 10
0.494014 -0.226018 0.0332733 3.12323 -0.0183536 -2.35589 0 0 10
0.493967 -0.227017 0.0332754 3.12315 -0.0184362 -2.35589 0 0 10
0.493921 -0.228016 0.0332774 3.12307 -0.0185184 -2.35589 0 0 10
0.493875 -0.229015 0.0332794 3.12299 -0.0186005 -2.35588 0 0 10
0.493829 -0.230014 0.0332814 3.1229 -0.0186824 -2.35588 0 0 10
0.493783 -0.231013 0.0332834 3.12282 -0.0187643 -2.35588 0 0 10
0.493737 -0.232012 0.0332854 3.12274 -0.0188459 -2.35588 0 0 10
0.493691 -0.233011 0.0332874 3.12266 -0.0189272 -2.35587 0 0 10
0.493645 -0.23401 0.0332894 3.12258 -0.019008 -2.35587 0 0 10
0.4936 -0.235009 0.0332914 3.1225 -0.0190885 -2.35587 0 0 10
0.493555 -0.236008 0.0332934 3.12242 -0.0191685 -2.35586 0 0 10
0.49351 -0.237007 0.0332953 3.12234 -0.0192482 -2.35586 0 0 10
0.493466 -0.238006 0.0332973 3.12226 -0.0193275 -2.35586 0 0 10
0.493421 -0.239005 0.0332992 3.12218 -0.0194065 -2.35586 0 0 10
0.493377 -0.240004 0.0333011 3.1221 -0.019485 -2.35585 0 0 10
0.493333 -0.241003 0.0333031 3.12202 -0.0195631 -2.35585 0 0 10
0.493289 -0.242002 0.033305 3.12194 -0.0196409 -2.35585 0 0 10
0.493246 -0.243001 0.0333069 3.12187 -0.0197183 -2.35585 0 0 10
0.493202 -0.244 0.0333088 3.12179 -0.0197953 -2.35584 0 0 10
0.493159 -0.244999 0.0333107 3.12171 -0.0198719 -2.35584 0 0 10
0.493116 -0.245998 0.0333125 3.12164 -0.0199481 -2.35584 0 0 10
0.493074 -0.246997 0.0333144 3.12156 -0.020024 -2.35583 0 0 10
0.493031 -0.247996 0.0333163 3.12148 -0.0200994 -2.35583 0 0 10
0.492989 -0.248995 0.0333181 3.12141 -0.0201745 -2.35583 0 0 10
0.492947 -0.249994 0.0333199 3.12133 -0.0202492 -2.35583 0 0 10
0.492905 -0.250993 0.0333218 3.12126 -0.0203235 -2.35582 0 0 10
0.492863 -0.251993 0.0333236 3.12119 -0.0203974 -2.35582 0 0 10
0.492822 -0.252992 0.0333254 3.12111 -0.0204709 -2.35582 0 0 10
0.492781 -0.253991 0.0333272 3.12104 -0.0205441 -2.35582 0 0 10
0.49274 -0.25499 0.033329 3.12097 -0.0206168 -2.35581 0 0 10
0.492699 -0.255989 0.0333307 3.12089 -0.0206893 -2.35581 0 0 10
0.492658 -0.256988 0.0333325 3.12082 -0.0207615 -2.35581 0 0 10
0.492618 -0.257988 0.0333343 3.12075 -0.0208333 -2.35581 0 0 10
0.492578 -0.258987 0.033336 3.12068 -0.0209046 -2.3558 0 0 10
0.492538 -0.259986 0.0333378 3.12061 -0.0209754 -2.3558 0 0 10
0.492499 -0.260985 0.0333395 3.12054 -0.0210456 -2.3558 0 0 10
0.492459 -0.261984 0.0333412 3.12047 -0.0211153 -2.35579 0 0 10
0.49242 -0.262984 0.0333429 3.1204 -0.0211845 -2.35579 0 0 10
0.492382 -0.263983 0.0333446 3.12033 -0.0212531 -2.35579 0 0 10
0.492343 -0.264982 0.0333463 3.12026 -0.0213212 -2.35579 0 0 10
0.492305 -0.265981 0.0333479 3.12019 -0.0213888 -2.35578 0 0 10
0.492268 -0.266981 0.0333496 3.12013 -0.0214558 -2.35578 0 0 10
0.49223 -0.26798 0.0333512 3.12006 -0.0215223 -2.35578 0 0 10
0.492193 -0.268979 0.0333528 3.11999 -0.0215883 -2.35578 0 0 10
0.492156 -0.269979 0.0333545 3.11993 -0.0216537 -2.35577 0 0 10
0.49212 -0.270978 0.033356 3.11986 -0.0217186 -2.35577 0 0 10
0.492084 -0.271977 0.0333576 3.1198 -0.021783 -2.35577 0 0 10
0.492048 -0.272977 0.0333592 3.11973 -0.0218468 -2.35577 0 0 10
0.492012 -0.273976 0.0333608 3.11967 -0.0219101 -2.35576 0 0 10
0.491977 -0.274975 0.0333623 3.11961 -0.0219728 -2.35576 0 0 10
0.491942 -0.275975 0.0333638 3.11955 -0.0220351 -2.35576 0 0 10
0.491907 -0.276974 0.0333653 3.11948 -0.0220968 -2.35576 0 0 10
0.491872 -0.277974 0.0333668 3.11942 -0.0221579 -2.35575 0 0 10
0.491838 -0.278973 0.0333683 3.11936 -0.0222185 -2.35575 0 0 10
0.491805 -0.279972 0.0333698 3.1193 -0.0222786 -2.35575 0 0 10
0.491771 -0.280972 0.0333713 3.11924 -0.0223382 -2.35575 0 0 10
0.491738 -0.281971 0.0333727 3.11918 -0.022397 -2.35574 0 0 10
0.491705 -0.282971 0.0333742 3.11913 -0.0224551 -2.35574 0 0 10
0.491673 -0.28397 0.0333756 3.11907 -0.0225124 -2.35574 0 0 10
0.491641 -0.28497 0.033377 3.11901 -0.022569 -2.35574 0 0 10
0.49161 -0.285969 0.0333783 3.11896 -0.0226249 -2.35574 0 0 10
0.491579 -0.286969 0.0333797 3.1189 -0.02268 -2.35573 0 0 10
0.491548 -0.287968 0.033381 3.11885 -0.0227343 -2.35573 0 0 10
0.491518 -0.288968 0.0333823 3.11879 -0.022788 -2.35573 0 0 10
0.491488 -0.289967 0.0333836 3.11874 -0.0228408 -2.35573 0 0 10
0.491459 -0.290967 0.0333849 3.11869 -0.022893 -2.35572 0 0 10
0.49143 -0.291966 0.0333862 3.11864 -0.0229444 -2.35572 0 0 10
0.491401 -0.292966 0.0333874 3.11858 -0.022995 -2.35572 0 0 10
0.491373 -0.293966 0.0333887 3.11853 -0.023045 -2.35572 0 0 10
0.491345 -0.294965 0.0333899 3.11849 -0.0230941 -2.35572 0 0 10
0.491318 -0.295965 0.0333911 3.11844 -0.0231426 -2.35571 0 0 10
0.491291 -0.296964 0.0333922 3.11839 -0.0231903 -2.35571 0 0 10
0.491265 -0.297964 0.0333934 3.11834 -0.0232372 -2.35571 0 0 10
0.491239 -0.298964 0.0333945 3.1183 -0.0232834 -2.35571 0 0 10
0.491213 -0.299963 0.0333956 3.11825 -0.0233289 -2.35571 0 0 10
0.491188 -0.300963 0.0333967 3.11821 -0.0233736 -2.3557 0 0 10
0.491163 -0.301963 0.0333978 3.11816 -0.0234176 -2.3557 0 0 10
0.491139 -0.302962 0.0333989 3.11812 -0.0234609 -2.3557 0 0 10
0.491115 -0.303962 0.0333999 3.11808 -0.0235034 -2.3557 0 0 10
0.491092 -0.304962 0.0334009 3.11803 -0.0235448 -2.3557 0 0 10
0.491069 -0.305962 0.0334019 3.11799 -0.0235846 -2.3557 0 0 10
0.491048 -0.306961 0.0334029 3.11796 -0.0236229 -2.35569 0 0 10
0.491027 -0.307961 0.0334038 3.11792 -0.0236601 -2.35569 0 0 10
0.491007 -0.308961 0.0334047 3.11788 -0.0236962 -2.35569 0 0 10
0.490987 -0.309961 0.0334055 3.11785 -0.0237313 -2.35569 0 0 10
0.490968 -0.31096 0.0334064 3.11781 -0.0237654 -2.35569 0 0 10
0.490949 -0.31196 0.0334072 3.11778 -0.0237984 -2.35569 0 0 10
0.490931 -0.31296 0.033408 3.11775 -0.0238304 -2.35569 0 0 10
0.490914 -0.31396 0.0334087 3.11772 -0.0238614 -2.35568 0 0 10
0.490897 -0.31496 0.0334095 3.11769 -0.0238913 -2.35568 0 0 10
0.49088 -0.31596 0.0334102 3.11766 -0.0239202 -2.35568 0 0 10
0.490865 -0.316959 0.0334109 3.11763 -0.0239481 -2.35568 0 0 10
0.49085 -0.317959 0.0334115 3.1176 -0.0239749 -2.35568 0 0 10
0.490835 -0.318959 0.0334121 3.11758 -0.0240007 -2.35568 0 0 10
0.490821 -0.319959 0.0334128 3.11755 -0.0240255 -2.35568 0 0 10
0.490808 -0.320959 0.0334133 3.11753 -0.0240493 -2.35568 0 0 10
0.490795 -0.321959 0.0334139 3.11751 -0.024072 -2.35567 0 0 10
0.490783 -0.322959 0.0334144 3.11748 -0.0240937 -2.35567 0 0 10
0.490771 -0.323959 0.0334149 3.11746 -0.0241143 -2.35567 0 0 10
0.49076 -0.324959 0.0334154 3.11744 -0.0241339 -2.35567 0 0 10
0.49075 -0.325959 0.0334159 3.11743 -0.024152 -2.35567 0 0 10
0.490741 -0.326958 0.0334163 3.11741 -0.0241678 -2.35567 0 0 10
0.490734 -0.327958 0.0334166 3.1174 -0.0241811 -2.35567 0 0 10
0.490728 -0.328958 0.0334168 3.11739 -0.0241919 -2.35567 0 0 10
0.490723 -0.329958 0.0334171 3.11738 -0.0242005 -2.35567 0 0 10
0.490719 -0.330958 0.0334172 3.11737 -0.0242074 -2.35567 0 0 10
0.490716 -0.331958 0.0334174 3.11736 -0.0242129 -2.35567 0 0 10
0.490713 -0.332958 0.0334175 3.11736 -0.0242169 -2.35567 0 0 10
0.490712 -0.333958 0.0334175 3.11736 -0.0242194 -2.35567 0 0 10
0.490712 -0.334958 0.0334175 3.11736 -0.0242204 -2.35567 0 0 10
0.490712 -0.335958 0.0334175 3.11736 -0.0242199 -2.35567 0 0 10
0.490713 -0.336958 0.0334175 3.11736 -0.0242179 -2.35567 0 0 10
0.490715 -0.337958 0.0334174 3.11736 -0.0242145 -2.35567 0 0 10
0.490718 -0.338958 0.0334173 3.11737 -0.0242096 -2.35567 0 0 10
0.490721 -0.339958 0.0334171 3.11737 -0.0242031 -2.35567 0 0 10
0.490726 -0.340958 0.0334169 3.11738 -0.0241952 -2.35567 0 0 10
0.490731 -0.341958 0.0334167 3.11739 -0.0241858 -2.35567 0 0 10
0.490737 -0.342958 0.0334164 3.1174 -0.024175 -2.35567 0 0 10
0.490744 -0.343958 0.0334161 3.11742 -0.0241625 -2.35567 0 0 10
0.490753 -0.344957 0.0334157 3.11743 -0.0241472 -2.35567 0 0 10
0.490763 -0.345957 0.0334153 3.11745 -0.0241283 -2.35567 0 0 10
0.490776 -0.346957 0.0334147 3.11747 -0.0241055 -2.35567 0 0 10
0.490791 -0.347957 0.0334141 3.1175 -0.0240791 -2.35567 0 0 10
0.490808 -0.348957 0.0334133 3.11753 -0.0240489 -2.35568 0 0 10
0.490827 -0.349956 0.0334125 3.11756 -0.0240149 -2.35568 0 0 10
0.490848 -0.350956 0.0334116 3.1176 -0.0239778 -2.35568 0 0 10
0.49087 -0.351956 0.0334106 3.11764 -0.0239381 -2.35568 0 0 10
0.490894 -0.352955 0.0334096 3.11768 -0.0238962 -2.35568 0 0 10
0.490919 -0.353955 0.0334085 3.11773 -0.023852 -2.35568 0 0 10
0.490945 -0.354955 0.0334074 3.11777 -0.0238056 -2.35569 0 0 10
0.490972 -0.355954 0.0334062 3.11782 -0.0237569 -2.35569 0 0 10
0.491001 -0.356953 0.0334049 3.11787 -0.0237059 -2.35569 0 0 10
0.491031 -0.357953 0.0334036 3.11793 -0.0236527 -2.35569 0 0 10
0.491062 -0.358952 0.0334022 3.11798 -0.0235973 -2.35569 0 0 10
0.491095 -0.359952 0.0334008 3.11804 -0.0235389 -2.3557 0 0 10
0.491131 -0.360951 0.0333992 3.1181 -0.0234758 -2.3557 0 0 10
0.49117 -0.36195 0.0333975 3.11817 -0.0234067 -2.3557 0 0 10
0.491212 -0.362949 0.0333957 3.11825 -0.0233316 -2.35571 0 0 10
0.491257 -0.363947 0.0333937 3.11833 -0.0232505 -2.35571 0 0 10
0.491307 -0.364946 0.0333916 3.11842 -0.0231634 -2.35571 0 0 10
0.491359 -0.365944 0.0333893 3.11851 -0.0230703 -2.35572 0 0 10
0.491415 -0.366942 0.0333868 3.11861 -0.0229712 -2.35572 0 0 10
0.491474 -0.36794 0.0333843 3.11871 -0.0228661 -2.35573 0 0 10
0.491536 -0.368938 0.0333815 3.11883 -0.0227552 -2.35573 0 0 10
0.491601 -0.369935 0.0333787 3.11894 -0.0226396 -2.35573 0 0 10
0.491669 -0.370933 0.0333758 3.11906 -0.0225202 -2.35574 0 0 10
0.491738 -0.37193 0.0333727 3.11918 -0.0223971 -2.35574 0 0 10
0.491811 -0.372927 0.0333695 3.11931 -0.0222676 -2.35575 0 0 10
0.491889 -0.373923 0.0333661 3.11945 -0.0221283 -2.35575 0 0 10
0.491974 -0.374919 0.0333624 3.1196 -0.0219781 -2.35576 0 0 10
0.492064 -0.375913 0.0333585 3.11976 -0.021817 -2.35577 0 0 10
0.492161 -0.376907 0.0333542 3.11994 -0.0216452 -2.35577 0 0 10
0.492264 -0.377901 0.0333498 3.12012 -0.0214625 -2.35578 0 0 10
0.492373 -0.378893 0.033345 3.12031 -0.0212689 -2.35579 0 0 10
0.492488 -0.379885 0.03334 3.12052 -0.0210645 -2.3558 0 0 10
0.492609 -0.380876 0.0333347 3.12073 -0.0208493 -2.3558 0 0 10
0.492739 -0.381866 0.033329 3.12097 -0.0206181 -2.35581 0 0 10
0.492883 -0.382852 0.0333227 3.12122 -0.0203624 -2.35582 0 0 10
0.493043 -0.383834 0.0333158 3.12151 -0.0200786 -2.35583 0 0 10
0.493218 -0.384812 0.0333087 3.12184 -0.0197458 -2.35584 0 0 10
0.493407 -0.385787 0.0333017 3.12223 -0.0193565 -2.35586 0 0 10
0.493611 -0.386757 0.0332949 3.12268 -0.0189091 -2.35587 0 0 10
0.493839 -0.387695 0.0332883 3.12322 -0.0183685 -2.35589 0 0 10
0.4941 -0.388576 0.0332818 3.12388 -0.0177058 -2.35591 0 0 10
0.494393 -0.389401 0.0332755 3.12467 -0.016921 -2.35593 0 0 10
0.494713 -0.390162 0.0332694 3.12556 -0.0160308 -2.35595 0 0 10
0.495054 -0.390852 0.0332634 3.12653 -0.0150624 -2.35597 0 0 10
0.495412 -0.391468 0.0332576 3.12756 -0.0140254 -2.35599 0 0 10
0.495788 -0.39201 0.033252 3.12867 -0.0129196 -2.35602 0 0 10
0.49618 -0.392479 0.0332466 3.12985 -0.0117452 -2.35604 0 0 10
0.496591 -0.392874 0.0332413 3.13109 -0.0105021 -2.35605 0 0 10
0.497018 -0.393195 0.0332362 3.1324 -0.00919026 -2.35607 0 0 10
0.497462 -0.393443 0.0332313 3.13378 -0.00781236 -2.35609 0 0 10
0.497919 -0.393617 0.0332271 3.13521 -0.00638223 -2.3561 0 0 10
0.498389 -0.393718 0.033224 3.13666 -0.00492963 -2.35611 0 0 10
0.49887 -0.393745 0.0332221 3.13813 -0.00345804 -2.35612 0 0 10
0.49936 -0.393696 0.0332213 3.13962 -0.00196936 -2.35612 0 0 10
0.49986 -0.393572 0.0332216 3.14113 -0.000463612 -2.35612 0 0 10
0.50037 -0.393373 0.033223 3.14265 0.00105921 -2.35612 0 0 10
0.500889 -0.393099 0.0332255 3.14419 0.0025991 -2.35612 0 0 10
0.501417 -0.392749 0.0332292 3.14575 0.00415604 -2.35611 0 0 10
0.501953 -0.392325 0.033234 3.14732 0.00572493 -2.3561 0 0 10
0.50249 -0.391829 0.0332403 3.14889 0.00729708 -2.35608 0 0 10
0.503027 -0.39126 0.0332481 3.15046 0.00886912 -2.35607 0 0 10
0.503565 -0.39062 0.0332569 3.15201 0.0104194 -2.35605 0 0 10
0.504102 -0.389907 0.0332665 3.15353 0.0119383 -2.35602 0 0 10
0.504638 -0.389123 0.0332769 3.15502 0.0134235 -2.35599 0 0 10
0.505164 -0.388296 0.033288 3.15644 0.0148395 -2.35596 0 0 10
0.505671 -0.387449 0.0332999 3.15776 0.0161575 -2.35593 0 0 10
0.506158 -0.386583 0.0333125 3.15898 0.0173768 -2.3559 0 0 10
0.506631 -0.385704 0.0333258 3.16011 0.0185129 -2.35587 0 0 10
0.507095 -0.384821 0.0333399 3.16119 0.0195921 -2.35583 0 0 10
0.507554 -0.383934 0.0333546 3.16223 0.0206239 -2.3558 0 0 10
0.508008 -0.383044 0.03337 3.1632 0.0215979 -2.35576 0 0 10
0.508456 -0.382152 0.0333861 3.1641 0.0224963 -2.35573 0 0 10
0.508899 -0.381257 0.0334029 3.16493 0.0233191 -2.35569 0 0 10
0.509336 -0.380359 0.0334204 3.16567 0.0240664 -2.35566 0 0 10
0.509768 -0.379458 0.0334386 3.16635 0.0247382 -2.35564 0 0 10
0.510195 -0.378554 0.0334571 3.16695 0.0253447 -2.35561 0 0 10
0.510617 -0.377648 0.0334756 3.16753 0.0259147 -2.35558 0 0 10
0.511037 -0.376741 0.0334939 3.16806 0.0264518 -2.35556 0 0 10
0.511454 -0.375833 0.0335121 3.16857 0.0269578 -2.35554 0 0 10
0.51187 -0.374924 0.0335303 3.16905 0.0274328 -2.35551 0 0 10
0.512285 -0.374014 0.0335484 3.16949 0.0278767 -2.35549 0 0 10
0.512698 -0.373104 0.0335664 3.16991 0.0282895 -2.35547 0 0 10
0.513109 -0.372193 0.0335844 3.17029 0.0286713 -2.35545 0 0 10
0.513519 -0.371281 0.0336023 3.17064 0.0290221 -2.35544 0 0 10
0.513927 -0.370368 0.0336201 3.17096 0.0293418 -2.35542 0 0 10
0.514334 -0.369455 0.0336379 3.17125 0.0296304 -2.3554 0 0 10
0.514739 -0.368541 0.0336556 3.17151 0.029888 -2.35539 0 0 10
0.515141 -0.367626 0.0336731 3.17174 0.0301146 -2.35538 0 0 10
0.515541 -0.36671 0.0336906 3.17193 0.0303101 -2.35537 0 0 10
0.515938 -0.365792 0.0337079 3.1721 0.0304746 -2.35536 0 0 10
0.516333 -0.364874 0.0337252 3.17223 0.0306081 -2.35535 0 0 10
0.516725 -0.363954 0.0337423 3.17233 0.0307111 -2.35535 0 0 10
0.517117 -0.363034 0.0337594 3.17241 0.0307852 -2.35534 0 0 10
0.517507 -0.362114 0.0337765 3.17245 0.0308311 -2.35534 0 0 10
0.517897 -0.361193 0.0337935 3.17247 0.0308488 -2.35534 0 0 10
0.518285 -0.360272 0.0338104 3.17247 0.0308488 -2.35534 0 0 10
0.518673 -0.35935 0.0338274 3.17247 0.0308488 -2.35534 0 0 10
0.51906 -0.358428 0.0338443 3.17247 0.0308489 -2.35534 0 0 10
0.519446 -0.357506 0.0338611 3.17247 0.0308489 -2.35534 0 0 10
0.519831 -0.356583 0.0338779 3.17247 0.0308489 -2.35534 0 0 10
0.520215 -0.35566 0.0338947 3.17247 0.0308489 -2.35534 0 0 10
0.520599 -0.354737 0.0339115 3.17247 0.0308489 -2.35534 0 0 10
0.520981 -0.353813 0.0339282 3.17247 0.0308489 -2.35534 0 0 10
0.521363 -0.352889 0.0339448 3.17247 0.0308489 -2.35534 0 0 10
0.521743 -0.351965 0.0339615 3.17247 0.0308489 -2.35534 0 0 10
0.522123 -0.35104 0.033978 3.17247 0.0308489 -2.35534 0 0 10
0.522502 -0.350115 0.0339946 3.17247 0.0308489 -2.35534 0 0 10
0.52288 -0.349189 0.0340111 3.17247 0.0308489 -2.35534 0 0 10
0.523257 -0.348263 0.0340276 3.17247 0.0308489 -2.35534 0 0 10
0.523633 -0.347337 0.034044 3.17247 0.0308489 -2.35534 0 0 10
0.524008 -0.34641 0.0340604 3.17247 0.0308489 -2.35534 0 0 10
0.524382 -0.345482 0.0340767 3.17247 0.0308489 -2.35534 0 0 10
0.524755 -0.344555 0.034093 3.17247 0.0308489 -2.35534 0 0 10
0.525128 -0.343627 0.0341093 3.17247 0.0308489 -2.35534 0 0 10
0.5255 -0.342699 0.0341255 3.17247 0.0308489 -2.35534 0 0 10
0.525871 -0.34177 0.0341417 3.17247 0.0308489 -2.35534 0 0 10
0.526242 -0.340842 0.0341579 3.17249 0.0308681 -2.35534 0 0 10
0.526612 -0.339913 0.0341741 3.17254 0.0309125 -2.35534 0 0 10
0.526982 -0.338984 0.0341902 3.17261 0.0309821 -2.35533 0 0 10
0.527351 -0.338055 0.0342064 3.1727 0.0310768 -2.35533 0 0 10
0.52772 -0.337126 0.0342224 3.17282 0.0311967 -2.35532 0 0 10
0.528088 -0.336196 0.0342385 3.17297 0.0313418 -2.35531 0 0 10
0.528455 -0.335266 0.0342546 3.17314 0.031512 -2.3553 0 0 10
0.528822 -0.334336 0.0342706 3.17333 0.0317074 -2.35529 0 0 10
0.529188 -0.333406 0.0342866 3.17355 0.031928 -2.35528 0 0 10
0.529554 -0.332475 0.0343026 3.1738 0.0321737 -2.35526 0 0 10
0.529919 -0.331544 0.0343185 3.17407 0.0324445 -2.35525 0 0 10
0.530284 -0.330613 0.0343344 3.17437 0.0327406 -2.35523 0 0 10
0.530648 -0.329682 0.0343503 3.17469 0.0330618 -2.35521 0 0 10
0.531011 -0.32875 0.0343662 3.17504 0.0334081 -2.35519 0 0 10
0.531374 -0.327819 0.034382 3.17541 0.0337796 -2.35517 0 0 10
0.531736 -0.326887 0.0343978 3.17581 0.0341763 -2.35514 0 0 10
0.532098 -0.325955 0.0344136 3.17623 0.0345981 -2.35511 0 0 10
0.532459 -0.325022 0.0344294 3.17668 0.035045 -2.35509 0 0 10
0.53282 -0.32409 0.0344452 3.17716 0.0355171 -2.35506 0 0 10
0.53318 -0.323157 0.0344609 3.17766 0.0360143 -2.35502 0 0 10
0.53354 -0.322224 0.0344766 3.17818 0.0365365 -2.35499 0 0 10
0.5339 -0.321291 0.0344923 3.17873 0.0370832 -2.35495 0 0 10
0.53426 -0.320358 0.034508 3.1793 0.0376544 -2.35491 0 0 10
0.534619 -0.319425 0.0345237 3.1799 0.0382499 -2.35487 0 0 10
0.534977 -0.318492 0.0345397 3.18054 0.0388842 -2.35483 0 0 10
0.535336 -0.317559 0.0345563 3.18121 0.0395483 -2.35478 0 0 10
0.535693 -0.316625 0.0345735 3.1819 0.0402364 -2.35473 0 0 10
0.536051 -0.315691 0.0345913 3.18261 0.0409485 -2.35468 0 0 10
0.536408 -0.314757 0.0346097 3.18335 0.0416845 -2.35462 0 0 10
0.536765 -0.313823 0.0346286 3.18412 0.0424445 -2.35456 0 0 10
0.537121 -0.312889 0.0346481 3.18491 0.0432285 -2.3545 0 0 10
0.537477 -0.311955 0.0346682 3.18572 0.0440364 -2.35444 0 0 10
0.537832 -0.31102 0.0346889 3.18656 0.0448683 -2.35437 0 0 10
0.538187 -0.310086 0.0347102 3.18742 0.0457241 -2.3543 0 0 10
0.538542 -0.309151 0.0347321 3.1883 0.0466039 -2.35423 0 0 10
0.538896 -0.308216 0.0347545 3.18921 0.0475075 -2.35415 0 0 10
0.53925 -0.307281 0.0347776 3.19015 0.0484351 -2.35407 0 0 10
0.539603 -0.306346 0.0348012 3.19111 0.0493866 -2.35398 0 0 10
0.539956 -0.305411 0.0348254 3.19209 0.050362 -2.35389 0 0 10
0.540308 -0.304475 0.0348502 3.1931 0.0513613 -2.3538 0 0 10
0.540661 -0.30354 0.0348756 3.19413 0.0523845 -2.3537 0 0 10
0.541012 -0.302604 0.0349016 3.19519 0.0534316 -2.3536 0 0 10
0.541364 -0.301668 0.0349281 3.19627 0.0545025 -2.35349 0 0 10
0.541714 -0.300732 0.0349553 3.19737 0.0555972 -2.35338 0 0 10
0.542065 -0.299796 0.034983 3.1985 0.0567158 -2.35327 0 0 10
0.542415 -0.29886 0.0350113 3.19966 0.0578584 -2.35315 0 0 10
0.542765 -0.297924 0.0350402 3.20084 0.0590254 -2.35303 0 0 10
0.543115 -0.296987 0.0350698 3.20204 0.0602168 -2.3529 0 0 10
0.543465 -0.296051 0.0351 3.20327 0.0614327 -2.35276 0 0 10
0.543815 -0.295115 0.0351308 3.20449 0.06264 -2.35263 0 0 10
0.544165 -0.294178 0.0351622 3.20569 0.0638226 -2.35249 0 0 10
0.544514 -0.293242 0.0351942 3.20686 0.0649792 -2.35236 0 0 10
0.544863 -0.292305 0.0352268 3.20801 0.0661107 -2.35222 0 0 10
0.545212 -0.291369 0.0352599 3.20913 0.0672172 -2.35209 0 0 10
0.54556 -0.290432 0.0352936 3.21023 0.0682985 -2.35196 0 0 10
0.545908 -0.289495 0.0353279 3.2113 0.0693548 -2.35183 0 0 10
0.546256 -0.288558 0.0353627 3.21235 0.070386 -2.3517 0 0 10
0.546603 -0.287621 0.0353982 3.21337 0.0713921 -2.35157 0 0 10
0.54695 -0.286684 0.0354342 3.21437 0.0723732 -2.35145 0 0 10
0.547297 -0.285747 0.0354708 3.21534 0.0733292 -2.35132 0 0 10
0.547643 -0.28481 0.0355079 3.21629 0.0742602 -2.3512 0 0 10
0.54799 -0.283872 0.0355457 3.21721 0.0751662 -2.35107 0 0 10
0.548335 -0.282935 0.035584 3.21811 0.0760471 -2.35096 0 0 10
0.548681 -0.281997 0.0356229 3.21898 0.076903 -2.35084 0 0 10
0.549026 -0.28106 0.0356623 3.21982 0.0777344 -2.35072 0 0 10
0.549371 -0.280122 0.0357023 3.22065 0.0785426 -2.35061 0 0 10
0.549715 -0.279184 0.0357429 3.22145 0.0793277 -2.3505 0 0 10
0.55006 -0.278246 0.0357841 3.22223 0.0800896 -2.35039 0 0 10
0.550404 -0.277308 0.0358259 3.22298 0.0808283 -2.35028 0 0 10
0.550747 -0.27637 0.0358682 3.22371 0.0815439 -2.35017 0 0 10
0.55109 -0.275431 0.0359111 3.22442 0.0822355 -2.35007 0 0 10
0.551433 -0.274493 0.0359546 3.2251 0.0829027 -2.34997 0 0 10
0.551776 -0.273555 0.0359987 3.22575 0.0835454 -2.34987 0 0 10
0.552118 -0.272616 0.0360432 3.22639 0.0841637 -2.34978 0 0 10
0.55246 -0.271678 0.036088 3.227 0.0847664 -2.34968 0 0 10
0.552803 -0.270739 0.0361327 3.2276 0.0853451 -2.34959 0 0 10
0.553145 -0.2698 0.0361775 3.22816 0.085901 -2.34951 0 0 10
0.553487 -0.268862 0.0362223 3.22871 0.0864334 -2.34942 0 0 10
0.553829 -0.267923 0.0362671 3.22923 0.0869421 -2.34934 0 0 10
0.554171 -0.266985 0.0363118 3.22973 0.0874273 -2.34927 0 0 10
0.554513 -0.266046 0.0363566 3.2302 0.0878889 -2.34919 0 0 10
0.554854 -0.265107 0.0364013 3.23065 0.0883269 -2.34912 0 0 10
0.555195 -0.264168 0.0364461 3.23107 0.0887413 -2.34906 0 0 10
0.555536 -0.263229 0.0364907 3.23147 0.0891321 -2.34899 0 0 10
0.555877 -0.26229 0.0365354 3.23185 0.0894994 -2.34893 0 0 10
0.556217 -0.261351 0.0365801 3.2322 0.0898432 -2.34888 0 0 10
0.556557 -0.260411 0.0366247 3.23253 0.0901634 -2.34883 0 0 10
0.556897 -0.259472 0.0366693 3.23284 0.09046 -2.34878 0 0 10
0.557237 -0.258533 0.0367139 3.23312 0.0907331 -2.34873 0 0 10
0.557576 -0.257593 0.0367585 3.23337 0.0909821 -2.34869 0 0 10
0.557916 -0.256653 0.036803 3.2336 0.0912058 -2.34865 0 0 10
0.558254 -0.255714 0.0368475 3.2338 0.0914041 -2.34862 0 0 10
0.558593 -0.254774 0.036892 3.23398 0.0915771 -2.34859 0 0 10
0.558931 -0.253834 0.0369365 3.23413 0.0917248 -2.34857 0 0 10
0.55927 -0.252894 0.036981 3.23426 0.0918471 -2.34855 0 0 10
0.559607 -0.251954 0.0370254 3.23436 0.0919449 -2.34853 0 0 10
0.559945 -0.251013 0.0370698 3.23444 0.0920187 -2.34852 0 0 10
0.560282 -0.250073 0.0371142 3.23449 0.0920685 -2.34851 0 0 10
0.56062 -0.249133 0.0371586 3.23451 0.0920943 -2.34851 0 0 10
0.560956 -0.248192 0.037203 3.23453 0.0921061 -2.3485 0 0 10
0.561293 -0.247252 0.0372473 3.23454 0.0921176 -2.3485 0 0 10
0.561629 -0.246311 0.0372916 3.23455 0.0921287 -2.3485 0 0 10
0.561965 -0.24537 0.0373358 3.23456 0.0921392 -2.3485 0 0 10
0.562301 -0.244429 0.03738 3.23457 0.0921492 -2.3485 0 0 10
0.562637 -0.243488 0.0374243 3.23458 0.0921588 -2.3485 0 0 10
0.562973 -0.242547 0.0374685 3.23459 0.0921679 -2.34849 0 0 10
0.563309 -0.241607 0.0375127 3.2346 0.0921766 -2.34849 0 0 10
0.563645 -0.240666 0.0375569 3.23461 0.0921847 -2.34849 0 0 10
0.56398 -0.239725 0.0376011 3.23461 0.0921924 -2.34849 0 0 10
0.564316 -0.238784 0.0376453 3.23462 0.0921996 -2.34849 0 0 10
0.564651 -0.237843 0.0376894 3.23463 0.0922063 -2.34849 0 0 10
0.564987 -0.236902 0.0377336 3.23463 0.0922126 -2.34849 0 0 10
0.565321 -0.23596 0.0377776 3.23464 0.0922183 -2.34849 0 0 10
0.565656 -0.235019 0.0378217 3.23465 0.0922236 -2.34848 0 0 10
0.565991 -0.234078 0.0378657 3.23465 0.0922285 -2.34848 0 0 10
0.566325 -0.233136 0.0379097 3.23466 0.0922328 -2.34848 0 0 10
0.566659 -0.232195 0.0379537 3.23466 0.0922367 -2.34848 0 0 10
0.566993 -0.231253 0.0379977 3.23466 0.0922401 -2.34848 0 0 10
0.567326 -0.230311 0.0380416 3.23467 0.092243 -2.34848 0 0 10
0.56766 -0.22937 0.0380855 3.23467 0.0922455 -2.34848 0 0 10
0.567993 -0.228428 0.0381293 3.23467 0.0922474 -2.34848 0 0 10
0.568326 -0.227486 0.0381731 3.23467 0.0922489 -2.34848 0 0 10
0.568658 -0.226544 0.0382169 3.23467 0.09225 -2.34848 0 0 10
0.568991 -0.225602 0.0382607 3.23467 0.0922505 -2.34848 0 0 10
0.569323 -0.22466 0.0383045 3.23467 0.0922506 -2.34848 0 0 10
0.569655 -0.223717 0.0383482 3.23467 0.0922505 -2.34848 0 0 10
0.569987 -0.222775 0.0383919 3.23468 0.0922569 -2.34848 0 0 10
0.570318 -0.221833 0.0384355 3.2347 0.092276 -2.34848 0 0 10
0.57065 -0.22089 0.0384791 3.23473 0.0923077 -2.34847 0 0 10
0.570981 -0.219947 0.0385227 3.23478 0.0923521 -2.34846 0 0 10
0.571312 -0.219005 0.0385663 3.23484 0.0924092 -2.34845 0 0 10
0.571643 -0.218062 0.0386098 3.23491 0.0924789 -2.34844 0 0 10
0.571973 -0.217119 0.0386533 3.23499 0.0925613 -2.34843 0 0 10
0.572303 -0.216176 0.0386968 3.23509 0.0926564 -2.34841 0 0 10
0.572634 -0.215234 0.0387403 3.2352 0.0927641 -2.34839 0 0 10
0.572964 -0.214291 0.0387838 3.23533 0.0928844 -2.34837 0 0 10
0.573294 -0.213348 0.0388273 3.23546 0.0930174 -2.34835 0 0 10
0.573625 -0.212405 0.0388708 3.23561 0.093163 -2.34832 0 0 10
0.573955 -0.211462 0.0389142 3.23577 0.0933211 -2.3483 0 0 10
0.574284 -0.210519 0.0389576 3.23595 0.0934916 -2.34827 0 0 10
0.574614 -0.209576 0.039001 3.23614 0.0936745 -2.34824 0 0 10
0.574943 -0.208633 0.0390444 3.23634 0.0938699 -2.3482 0 0 10
0.575273 -0.207689 0.0390877 3.23655 0.0940777 -2.34817 0 0 10
0.575602 -0.206746 0.039131 3.23678 0.094298 -2.34813 0 0 10
0.57593 -0.205803 0.0391743 3.23702 0.0945307 -2.34809 0 0 10
0.576259 -0.204859 0.0392176 3.23727 0.0947759 -2.34805 0 0 10
0.576587 -0.203915 0.0392608 3.23754 0.0950335 -2.348 0 0 10
0.576915 -0.202972 0.039304 3.23781 0.0953035 -2.34795 0 0 10
0.577243 -0.202028 0.0393472 3.2381 0.095586 -2.3479 0 0 10
0.577571 -0.201084 0.0393903 3.23841 0.0958809 -2.34785 0 0 10
0.577898 -0.20014 0.0394334 3.23872 0.0961883 -2.3478 0 0 10
0.578226 -0.199197 0.0394765 3.23905 0.0965016 -2.34774 0 0 10
0.578553 -0.198253 0.0395196 3.23937 0.0968146 -2.34769 0 0 10
0.57888 -0.197308 0.039563 3.23975 0.0971808 -2.34762 0 0 10
0.579206 -0.196364 0.0396066 3.24018 0.0976008 -2.34754 0 0 10
0.579533 -0.19542 0.0396505 3.24067 0.0980745 -2.34746 0 0 10
0.579859 -0.194476 0.0396947 3.24121 0.098602 -2.34736 0 0 10
0.580185 -0.193532 0.0397392 3.24181 0.0991831 -2.34726 0 0 10
0.580511 -0.192587 0.039784 3.24247 0.0998179 -2.34714 0 0 10
0.580836 -0.191643 0.0398291 3.24318 0.100506 -2.34701 0 0 10
0.581162 -0.190698 0.0398744 3.24395 0.101248 -2.34687 0 0 10
0.581487 -0.189754 0.03992 3.24477 0.102044 -2.34672 0 0 10
0.581812 -0.188809 0.039966 3.24565 0.102893 -2.34655 0 0 10
0.582137 -0.187864 0.0400122 3.24658 0.103796 -2.34638 0 0 10
0.582462 -0.18692 0.0400588 3.24757 0.104753 -2.34619 0 0 10
0.582786 -0.185975 0.0401056 3.24862 0.105761 -2.34599 0 0 10
0.583111 -0.185031 0.0401527 3.24972 0.106823 -2.34578 0 0 10
0.583435 -0.184086 0.0402001 3.25087 0.107936 -2.34555 0 0 10
0.583759 -0.183141 0.0402478 3.25209 0.109102 -2.34532 0 0 10
0.584083 -0.182196 0.0402957 3.25335 0.110321 -2.34507 0 0 10
0.584406 -0.181251 0.040344 3.25468 0.111591 -2.3448 0 0 10
0.58473 -0.180306 0.040393 3.25605 0.112914 -2.34452 0 0 10
0.585053 -0.179361 0.0404431 3.25749 0.114289 -2.34423 0 0 10
0.585375 -0.178416 0.0404943 3.25898 0.115716 -2.34392 0 0 10
0.585698 -0.177471 0.0405466 3.26052 0.117195 -2.3436 0 0 10
0.58602 -0.176526 0.0406 3.26212 0.118726 -2.34326 0 0 10
0.586343 -0.175581 0.0406546 3.26378 0.120309 -2.34291 0 0 10
0.586664 -0.174636 0.0407102 3.26549 0.121943 -2.34254 0 0 10
0.586986 -0.17369 0.0407666 3.2672 0.123576 -2.34217 0 0 10
0.587307 -0.172745 0.0408239 3.26892 0.125207 -2.34179 0 0 10
0.587629 -0.1718 0.040882 3.27063 0.126836 -2.3414 0 0 10
0.587949 -0.170855 0.0409408 3.27235 0.128462 -2.34101 0 0 10
0.58827 -0.16991 0.0410005 3.27406 0.130087 -2.34062 0 0 10
0.588591 -0.168964 0.0410609 3.27577 0.13171 -2.34022 0 0 10
0.588911 -0.168019 0.0411222 3.27749 0.13333 -2.33982 0 0 10
0.589231 -0.167074 0.0411843 3.27914 0.134888 -2.33943 0 0 10
0.58955 -0.166128 0.0412471 3.28072 0.136379 -2.33905 0 0 10
0.58987 -0.165183 0.0413108 3.28223 0.137804 -2.33868 0 0 10
0.590189 -0.164237 0.0413753 3.28368 0.139163 -2.33833 0 0 10
0.590508 -0.163292 0.0414405 3.28505 0.140456 -2.33799 0 0 10
0.590826 -0.162346 0.0415065 3.28636 0.141684 -2.33767 0 0 10
0.591145 -0.161401 0.0415733 3.2876 0.142848 -2.33736 0 0 10
0.591463 -0.160455 0.0416408 3.28878 0.143947 -2.33706 0 0 10
0.59178 -0.159509 0.0417092 3.28988 0.144982 -2.33679 0 0 10
0.592098 -0.158564 0.0417783 3.29092 0.145953 -2.33652 0 0 10
0.592415 -0.157618 0.0418482 3.29189 0.146858 -2.33627 0 0 10
0.592732 -0.156672 0.0419184 3.29279 0.1477 -2.33604 0 0 10
0.593048 -0.155726 0.0419885 3.29362 0.148476 -2.33583 0 0 10
0.593365 -0.15478 0.0420586 3.29438 0.149188 -2.33563 0 0 10
0.593681 -0.153834 0.0421287 3.29508 0.149836 -2.33545 0 0 10
0.593997 -0.152888 0.0421986 3.29571 0.15042 -2.33528 0 0 10
0.594312 -0.151941 0.0422686 3.29626 0.150939 -2.33514 0 0 10
0.594628 -0.150995 0.0423385 3.29675 0.151393 -2.33501 0 0 10
0.594943 -0.150048 0.0424083 3.29717 0.151784 -2.33489 0 0 10
0.595257 -0.149102 0.042478 3.29752 0.15211 -2.3348 0 0 10
0.595572 -0.148155 0.0425477 3.29781 0.152372 -2.33473 0 0 10
0.595886 -0.147208 0.0426174 3.29802 0.15257 -2.33467 0 0 10
0.5962 -0.146261 0.042687 3.29816 0.152704 -2.33463 0 0 10
0.596514 -0.145315 0.0427565 3.29824 0.152774 -2.33461 0 0 10
0.596827 -0.144367 0.042826 3.29825 0.15278 -2.33461 0 0 10
0.59714 -0.14342 0.0428953 3.29825 0.152782 -2.33461 0 0 10
0.597452 -0.142473 0.0429644 3.29825 0.152784 -2.33461 0 0 10
0.597763 -0.141525 0.0430335 3.29825 0.152786 -2.33461 0 0 10
0.598074 -0.140577 0.0431023 3.29826 0.152788 -2.33461 0 0 10
0.598384 -0.139629 0.0431711 3.29826 0.15279 -2.3346 0 0 10
0.598694 -0.13868 0.0432398 3.29826 0.152792 -2.3346 0 0 10
0.599004 -0.137732 0.0433084 3.29826 0.152793 -2.3346 0 0 10
0.599313 -0.136783 0.043377 3.29826 0.152794 -2.3346 0 0 10
0.599621 -0.135835 0.0434454 3.29826 0.152794 -2.3346 0 0 10
0.59993 -0.134886 0.0435137 3.29826 0.152795 -2.3346 0 0 10
0.600238 -0.133937 0.043582 3.29826 0.152795 -2.3346 0 0 10
0.600545 -0.132988 0.0436502 3.29826 0.152795 -2.3346 0 0 10
0.600852 -0.132039 0.0437183 3.29826 0.152795 -2.3346 0 0 10
0.601159 -0.131089 0.0437863 3.29826 0.152795 -2.3346 0 0 10
0.601466 -0.13014 0.0438542 3.29826 0.152796 -2.3346 0 0 10
0.601771 -0.12919 0.043922 3.29826 0.152796 -2.3346 0 0 10
0.602076 -0.12824 0.0439895 3.29826 0.152796 -2.3346 0 0 10
0.602379 -0.12729 0.0440568 3.29826 0.152797 -2.3346 0 0 10
0.602682 -0.126339 0.0441238 3.29826 0.152797 -2.3346 0 0 10
0.602983 -0.125388 0.0441905 3.29826 0.152797 -2.3346 0 0 10
0.603283 -0.124436 0.044257 3.29826 0.152797 -2.3346 0 0 10
0.603581 -0.123484 0.0443232 3.29827 0.152798 -2.3346 0 0 10
0.603879 -0.122532 0.0443892 3.29827 0.152798 -2.3346 0 0 10
0.604175 -0.121579 0.0444549 3.29827 0.152798 -2.3346 0 0 10
0.60447 -0.120626 0.0445203 3.29827 0.152798 -2.3346 0 0 10
0.604765 -0.119672 0.0445855 3.29827 0.152799 -2.3346 0 0 10
0.605056 -0.118718 0.0446502 3.29827 0.152799 -2.3346 0 0 10
0.605344 -0.117763 0.044714 3.29827 0.152799 -2.3346 0 0 10
0.605628 -0.116807 0.044777 3.29827 0.152799 -2.3346 0 0 10
0.605908 -0.115849 0.0448391 3.29827 0.152799 -2.3346 0 0 10
0.606185 -0.114891 0.0449004 3.29827 0.152799 -2.3346 0 0 10
0.606458 -0.113931 0.0449609 3.29827 0.152799 -2.3346 0 0 10
0.606727 -0.112971 0.0450206 3.29827 0.152799 -2.3346 0 0 10
0.606993 -0.11201 0.0450794 3.29827 0.1528 -2.3346 0 0 10
0.607254 -0.111047 0.0451375 3.29827 0.1528 -2.3346 0 0 10
0.607512 -0.110083 0.0451947 3.29827 0.1528 -2.3346 0 0 10
0.607767 -0.109119 0.045251 3.29827 0.1528 -2.3346 0 0 10
0.608017 -0.108153 0.0453066 3.29827 0.1528 -2.3346 0 0 10
0.608264 -0.107186 0.0453613 3.29827 0.1528 -2.3346 0 0 10
0.608507 -0.106219 0.0454152 3.29827 0.1528 -2.3346 0 0 10
0.608747 -0.10525 0.0454683 3.29827 0.1528 -2.3346 0 0 10
0.608983 -0.104281 0.0455208 3.29827 0.1528 -2.3346 0 0 10
0.609217 -0.10331 0.0455726 3.29827 0.1528 -2.3346 0 0 10
0.609448 -0.102339 0.0456237 3.29827 0.1528 -2.3346 0 0 10
0.609676 -0.101367 0.0456742 3.29827 0.1528 -2.3346 0 0 10
0.609901 -0.100395 0.0457241 3.29827 0.1528 -2.3346 0 0 10
0.610123 -0.0994214 0.0457733 3.29827 0.1528 -2.3346 0 0 10
0.610342 -0.0984472 0.0458219 3.29827 0.1528 -2.3346 0 0 10
0.610558 -0.0974722 0.0458698 3.29827 0.152799 -2.3346 0 0 10
0.610771 -0.0964965 0.045917 3.29827 0.152799 -2.3346 0 0 10
0.610981 -0.09552 0.0459637 3.29827 0.152799 -2.3346 0 0 10
0.611191 -0.0945433 0.0460101 3.29827 0.152799 -2.3346 0 0 10
0.6114 -0.0935666 0.0460565 3.29827 0.152799 -2.3346 0 0 10
0.61161 -0.0925899 0.046103 3.29827 0.152799 -2.3346 0 0 10
0.611819 -0.0916132 0.0461494 3.29827 0.152799 -2.3346 0 0 10
0.612029 -0.0906365 0.0461958 3.29827 0.152799 -2.3346 0 0 10
0.612238 -0.0896598 0.0462423 3.29827 0.152799 -2.3346 0 0 10
0.612448 -0.088683 0.0462887 3.29827 0.152799 -2.3346 0 0 10
0.612655 -0.0877061 0.0463347 3.29827 0.152799 -2.3346 0 0 10
0.612854 -0.0867282 0.0463787 3.29827 0.152798 -2.3346 0 0 10
0.613044 -0.0857494 0.0464208 3.29827 0.152798 -2.3346 0 0 10
0.613225 -0.0847696 0.046461 3.29827 0.152798 -2.3346 0 0 10
0.613398 -0.0837889 0.0464993 3.29827 0.152798 -2.3346 0 0 10
0.613562 -0.0828073 0.0465357 3.29827 0.152798 -2.3346 0 0 10
0.613717 -0.0818248 0.0465701 3.29827 0.152798 -2.3346 0 0 10
0.613864 -0.0808413 0.0466026 3.29827 0.152798 -2.3346 0 0 10
0.614002 -0.0798569 0.0466333 3.29827 0.152798 -2.3346 0 0 10
0.614131 -0.0788716 0.046662 3.29827 0.152798 -2.3346 0 0 10
0.614252 -0.0778853 0.0466887 3.29826 0.152797 -2.3346 0 0 10
0.614364 -0.0768981 0.0467136 3.29826 0.152797 -2.3346 0 0 10
0.614468 -0.07591 0.0467365 3.29826 0.152797 -2.3346 0 0 10
0.614563 -0.0749209 0.0467576 3.29826 0.152797 -2.3346 0 0 10
0.614649 -0.0739309 0.0467767 3.29826 0.152797 -2.3346 0 0 10
0.614726 -0.07294 0.0467939 3.29826 0.152797 -2.3346 0 0 10
0.614795 -0.0719482 0.0468092 3.29826 0.152797 -2.3346 0 0 10
0.614854 -0.0709555 0.0468222 3.29826 0.152797 -2.3346 0 0 10
0.614896 -0.0699629 0.0468315 3.29826 0.152797 -2.3346 0 0 10
0.614918 -0.0689715 0.0468362 3.29826 0.152797 -2.3346 0 0 10
0.614918 -0.0679813 0.0468363 3.29826 0.152797 -2.3346 0 0 10
0.614897 -0.0669923 0.0468317 3.29826 0.152797 -2.3346 0 0 10
0.614856 -0.0660045 0.0468225 3.29826 0.152797 -2.3346 0 0 10
0.614793 -0.0650179 0.0468087 3.29827 0.152798 -2.3346 0 0 10
0.61471 -0.0640325 0.0467902 3.29827 0.152798 -2.3346 0 0 10
0.614608 -0.0630485 0.0467675 3.29827 0.152798 -2.3346 0 0 10
0.614493 -0.0620666 0.0467422 3.29827 0.152798 -2.3346 0 0 10
0.614366 -0.0610869 0.0467141 3.29827 0.152798 -2.3346 0 0 10
0.614227 -0.0601092 0.0466832 3.29827 0.152798 -2.3346 0 0 10
0.614076 -0.0591337 0.0466497 3.29827 0.152798 -2.3346 0 0 10
0.613912 -0.0581603 0.0466134 3.29827 0.152799 -2.3346 0 0 10
0.613737 -0.0571889 0.0465746 3.29827 0.152799 -2.3346 0 0 10
0.61355 -0.0562193 0.0465331 3.29827 0.152799 -2.3346 0 0 10
0.613352 -0.0552517 0.0464891 3.29827 0.152799 -2.3346 0 0 10
0.613141 -0.054286 0.0464425 3.29827 0.152799 -2.3346 0 0 10
0.612919 -0.0533221 0.0463933 3.29827 0.152799 -2.3346 0 0 10
0.612686 -0.0523603 0.0463415 3.29827 0.152799 -2.3346 0 0 10
0.61244 -0.0514003 0.0462871 3.29827 0.1528 -2.3346 0 0 10
0.612183 -0.0504422 0.0462301 3.29827 0.1528 -2.3346 0 0 10
0.611915 -0.0494861 0.0461706 3.29827 0.1528 -2.3346 0 0 10
0.611634 -0.0485319 0.0461084 3.29827 0.1528 -2.3346 0 0 10
0.611342 -0.0475796 0.0460437 3.29827 0.1528 -2.3346 0 0 10
0.61104 -0.046629 0.0459767 3.29827 0.1528 -2.3346 0 0 10
0.610734 -0.0456795 0.0459089 3.29827 0.1528 -2.3346 0 0 10
0.610429 -0.0447297 0.0458412 3.29827 0.1528 -2.3346 0 0 10
0.610124 -0.0437797 0.0457736 3.29827 0.1528 -2.3346 0 0 10
0.609821 -0.0428292 0.0457065 3.29827 0.1528 -2.3346 0 0 10
0.609526 -0.0418769 0.0456409 3.29827 0.1528 -2.3346 0 0 10
0.609239 -0.0409227 0.0455774 3.29827 0.152801 -2.3346 0 0 10
0.608961 -0.0399666 0.0455158 3.29827 0.152801 -2.3346 0 0 10
0.608692 -0.0390085 0.0454561 3.29827 0.152801 -2.3346 0 0 10
0.608431 -0.0380485 0.0453984 3.29827 0.152801 -2.3346 0 0 10
0.60818 -0.0370865 0.0453427 3.29827 0.152801 -2.3346 0 0 10
0.607937 -0.0361226 0.0452889 3.29827 0.152801 -2.3346 0 0 10
0.607703 -0.0351568 0.045237 3.29827 0.152801 -2.3346 0 0 10
0.607478 -0.034189 0.0451871 3.29827 0.152801 -2.3346 0 0 10
0.607261 -0.0332195 0.045139 3.29827 0.152801 -2.3346 0 0 10
0.607053 -0.0322483 0.0450928 3.29827 0.152801 -2.3346 0 0 10
0.606852 -0.0312753 0.0450483 3.29827 0.152801 -2.3346 0 0 10
0.60666 -0.0303006 0.0450057 3.29827 0.152801 -2.3346 0 0 10
0.606476 -0.0293242 0.0449649 3.29827 0.152801 -2.3346 0 0 10
0.6063 -0.028346 0.0449259 3.29827 0.152802 -2.3346 0 0 10
0.606133 -0.0273661 0.0448888 3.29827 0.152802 -2.3346 0 0 10
0.605973 -0.0263845 0.0448534 3.29827 0.152802 -2.3346 0 0 10
0.605822 -0.0254011 0.0448199 3.29827 0.152802 -2.3346 0 0 10
0.605679 -0.024416 0.0447882 3.29827 0.152802 -2.3346 0 0 10
0.605544 -0.0234292 0.0447583 3.29827 0.152802 -2.3346 0 0 10
0.605417 -0.0224406 0.0447303 3.29827 0.152802 -2.3346 0 0 10
0.605299 -0.0214503 0.044704 3.29827 0.152802 -2.3346 0 0 10
0.605189 -0.0204582 0.0446796 3.29827 0.152802 -2.3346 0 0 10
0.605087 -0.0194645 0.044657 3.29827 0.152802 -2.3346 0 0 10
0.604992 -0.0184693 0.0446359 3.29827 0.152802 -2.3346 0 0 10
0.604898 -0.0174738 0.0446152 3.29827 0.152802 -2.3346 0 0 10
0.604805 -0.0164784 0.0445945 3.29827 0.152802 -2.3346 0 0 10
0.604713 -0.0154829 0.0445741 3.29827 0.152802 -2.3346 0 0 10
0.604624 -0.0144872 0.0445544 3.29827 0.152802 -2.3346 0 0 10
0.604539 -0.0134914 0.0445355 3.29827 0.152802 -2.3346 0 0 10
0.604457 -0.0124953 0.0445173 3.29827 0.152802 -2.3346 0 0 10
0.604378 -0.0114991 0.0444999 3.29827 0.152802 -2.3346 0 0 10
0.604303 -0.0105026 0.0444832 3.29827 0.152802 -2.3346 0 0 10
0.604231 -0.00950603 0.0444672 3.29827 0.152802 -2.3346 0 0 10
0.604162 -0.00850925 0.044452 3.29827 0.152802 -2.3346 0 0 10
0.604097 -0.00751228 0.0444375 3.29827 0.152802 -2.3346 0 0 10
0.604035 -0.00651513 0.0444238 3.29827 0.152802 -2.3346 0 0 10
0.603976 -0.0055178 0.0444108 3.29827 0.152802 -2.3346 0 0 10
0.603921 -0.00452029 0.0443986 3.29827 0.152802 -2.3346 0 0 10
0.603869 -0.0035226 0.0443871 3.29827 0.152802 -2.3346 0 0 10
0.603821 -0.00252472 0.0443763 3.29827 0.152802 -2.3346 0 0 10
0.603775 -0.00152666 0.0443663 3.29827 0.152802 -2.3346 0 0 10
0.603734 -0.000528423 0.044357 3.29827 0.152802 -2.3346 0 0 10
0.603695 0.000470001 0.0443485 3.29827 0.152802 -2.3346 0 0 10
0.603661 0.00146861 0.0443408 3.29827 0.152802 -2.3346 0 0 10
0.603629 0.0024674 0.0443339 3.29827 0.152802 -2.3346 0 0 10
0.603601 0.00346637 0.0443277 3.29827 0.152802 -2.3346 0 0 10
0.603577 0.00446552 0.0443222 3.29827 0.152802 -2.3346 0 0 10
0.603556 0.00546486 0.0443175 3.29827 0.152802 -2.3346 0 0 10
0.603538 0.00646438 0.0443136 3.29827 0.152802 -2.3346 0 0 10
0.603524 0.00746409 0.0443105 3.29827 0.152802 -2.3346 0 0 10
0.603513 0.00846396 0.0443081 3.29827 0.152802 -2.3346 0 0 10
0.603504 0.00946392 0.0443061 3.29827 0.152802 -2.3346 0 0 10
0.603495 0.0104639 0.0443042 3.29827 0.152802 -2.3346 0 0 10
0.603487 0.0114638 0.0443023 3.29827 0.152802 -2.3346 0 0 10
0.603478 0.0124638 0.0443004 3.29827 0.152802 -2.3346 0 0 10
0.60347 0.0134638 0.0442985 3.29827 0.152802 -2.3346 0 0 10
0.603461 0.0144637 0.0442967 3.29827 0.152802 -2.3346 0 0 10
0.603453 0.0154637 0.0442948 3.29827 0.152802 -2.3346 0 0 10
0.603445 0.0164637 0.0442931 3.29827 0.152802 -2.3346 0 0 10
0.603437 0.0174636 0.0442913 3.29827 0.152802 -2.3346 0 0 10
0.60343 0.0184636 0.0442896 3.29827 0.152802 -2.3346 0 0 10
0.603422 0.0194636 0.0442879 3.29827 0.152802 -2.3346 0 0 10
0.603415 0.0204635 0.0442863 3.29827 0.152802 -2.3346 0 0 10
0.603407 0.0214635 0.0442847 3.29827 0.152802 -2.3346 0 0 10
0.6034 0.0224635 0.0442831 3.29827 0.152802 -2.3346 0 0 10
0.603393 0.0234634 0.0442815 3.29827 0.152802 -2.3346 0 0 10
0.603386 0.0244634 0.04428 3.29827 0.152801 -2.3346 0 0 10
0.603379 0.0254634 0.0442785 3.29827 0.152801 -2.3346 0 0 10
0.603373 0.0264634 0.0442769 3.29827 0.152801 -2.3346 0 0 10
0.603366 0.0274633 0.0442754 3.29827 0.152801 -2.3346 0 0 10
0.603359 0.0284633 0.0442739 3.29827 0.152801 -2.3346 0 0 10
0.603352 0.0294633 0.0442725 3.29827 0.152801 -2.3346 0 0 10
0.603346 0.0304633 0.044271 3.29827 0.152801 -2.3346 0 0 10
0.603339 0.0314633 0.0442696 3.29827 0.152801 -2.3346 0 0 10
0.603333 0.0324632 0.0442681 3.29827 0.152801 -2.3346 0 0 10
0.603326 0.0334632 0.0442667 3.29827 0.152801 -2.3346 0 0 10
0.60332 0.0344632 0.0442653 3.29827 0.152801 -2.3346 0 0 10
0.603314 0.0354632 0.0442639 3.29827 0.152801 -2.3346 0 0 10
0.603307 0.0364631 0.0442625 3.29827 0.152801 -2.3346 0 0 10
0.603301 0.0374631 0.0442611 3.29827 0.152801 -2.3346 0 0 10
0.603295 0.0384631 0.0442598 3.29827 0.1528 -2.3346 0 0 10
0.603289 0.0394631 0.0442585 3.29827 0.1528 -2.3346 0 0 10
0.603283 0.0404631 0.0442572 3.29827 0.1528 -2.3346 0 0 10
0.603278 0.0414631 0.0442559 3.29827 0.1528 -2.3346 0 0 10
0.603272 0.042463 0.0442546 3.29827 0.1528 -2.3346 0 0 10
0.603266 0.043463 0.0442533 3.29827 0.152799 -2.3346 0 0 10
0.60326 0.044463 0.0442521 3.29827 0.152799 -2.3346 0 0 10
0.603255 0.045463 0.0442508 3.29827 0.152799 -2.3346 0 0 10
0.603249 0.046463 0.0442496 3.29827 0.152799 -2.3346 0 0 10
0.603244 0.0474629 0.0442483 3.29827 0.152799 -2.3346 0 0 10
0.603238 0.0484629 0.0442471 3.29827 0.152799 -2.3346 0 0 10
0.603233 0.0494629 0.0442459 3.29827 0.152799 -2.3346 0 0 10
0.603227 0.0504629 0.0442447 3.29827 0.152799 -2.3346 0 0 10
0.603222 0.0514629 0.0442435 3.29827 0.152799 -2.3346 0 0 10
0.603216 0.0524629 0.0442423 3.29827 0.1528 -2.3346 0 0 10
0.603211 0.0534629 0.0442411 3.29827 0.1528 -2.3346 0 0 10
0.603206 0.0544628 0.0442399 3.29827 0.1528 -2.3346 0 0 10
0.6032 0.0554628 0.0442388 3.29827 0.1528 -2.3346 0 0 10
0.603195 0.0564628 0.0442376 3.29827 0.1528 -2.3346 0 0 10
0.60319 0.0574628 0.0442365 3.29827 0.152799 -2.3346 0 0 10
0.603185 0.0584628 0.0442353 3.29827 0.152799 -2.3346 0 0 10
0.60318 0.0594628 0.0442342 3.29827 0.152799 -2.3346 0 0 10
0.603175 0.0604628 0.0442331 3.29827 0.152799 -2.3346 0 0 10
0.60317 0.0614627 0.044232 3.29827 0.152799 -2.3346 0 0 10
0.603165 0.0624627 0.0442309 3.29827 0.152798 -2.3346 0 0 10
0.60316 0.0634627 0.0442298 3.29827 0.152798 -2.3346 0 0 10
0.603155 0.0644627 0.0442287 3.29827 0.152798 -2.3346 0 0 10
0.60315 0.0654627 0.0442277 3.29827 0.152799 -2.3346 0 0 10
0.603145 0.0664627 0.0442266 3.29827 0.152799 -2.3346 0 0 10
0.603141 0.0674627 0.0442255 3.29827 0.152799 -2.3346 0 0 10
0.603136 0.0684627 0.0442245 3.29827 0.152799 -2.3346 0 0 10
0.603131 0.0694626 0.0442234 3.29827 0.152799 -2.3346 0 0 10
0.603126 0.0704626 0.0442224 3.29827 0.1528 -2.3346 0 0 10
0.603122 0.0714626 0.0442213 3.29827 0.1528 -2.3346 0 0 10
0.603117 0.0724626 0.0442203 3.29827 0.1528 -2.3346 0 0 10
0.603112 0.0734626 0.0442193 3.29827 0.1528 -2.3346 0 0 10
0.603108 0.0744626 0.0442182 3.29827 0.152799 -2.3346 0 0 10
0.603103 0.0754626 0.0442172 3.29827 0.152799 -2.3346 0 0 10
0.603099 0.0764626 0.0442162 3.29827 0.152799 -2.3346 0 0 10
0.603094 0.0774626 0.0442152 3.29827 0.152799 -2.3346 0 0 10
0.60309 0.0784625 0.0442142 3.29827 0.152799 -2.3346 0 0 10
0.603085 0.0794625 0.0442132 3.29827 0.152798 -2.3346 0 0 10
0.603081 0.0804625 0.0442122 3.29827 0.152798 -2.3346 0 0 10
0.603076 0.0814625 0.0442113 3.29827 0.152798 -2.3346 0 0 10
0.603072 0.0824625 0.0442103 3.29827 0.152798 -2.3346 0 0 10
0.603068 0.0834625 0.0442093 3.29827 0.152798 -2.3346 0 0 10
0.603063 0.0844625 0.0442084 3.29827 0.152798 -2.3346 0 0 10
0.603059 0.0854625 0.0442074 3.29827 0.152799 -2.3346 0 0 10
0.603055 0.0864625 0.0442065 3.29827 0.152799 -2.3346 0 0 10
0.60305 0.0874625 0.0442055 3.29827 0.152799 -2.3346 0 0 10
0.603046 0.0884624 0.0442046 3.29827 0.152799 -2.3346 0 0 10
0.603042 0.0894624 0.0442036 3.29827 0.152799 -2.3346 0 0 10
0.603038 0.0904624 0.0442027 3.29827 0.152799 -2.3346 0 0 10
0.603033 0.0914624 0.0442018 3.29827 0.152799 -2.3346 0 0 10
0.603029 0.0924624 0.0442009 3.29827 0.152799 -2.3346 0 0 10
0.603025 0.0934624 0.0441999 3.29827 0.152799 -2.3346 0 0 10
0.603021 0.0944624 0.044199 3.29827 0.152799 -2.3346 0 0 10
0.603017 0.0954624 0.0441981 3.29827 0.152799 -2.3346 0 0 10
0.603013 0.0964624 0.0441972 3.29827 0.152799 -2.3346 0 0 10
0.603009 0.0974624 0.0441963 3.29827 0.152799 -2.3346 0 0 10
0.603005 0.0984624 0.0441954 3.29827 0.152799 -2.3346 0 0 10
0.603001 0.0994623 0.0441945 3.29827 0.152799 -2.3346 0 0 10
0.602997 0.100462 0.0441936 3.29827 0.152799 -2.3346 0 0 10
0.602993 0.101462 0.0441928 3.29827 0.1528 -2.3346 0 0 10
0.602989 0.102462 0.0441919 3.29827 0.1528 -2.3346 0 0 10
0.602985 0.103462 0.044191 3.29827 0.1528 -2.3346 0 0 10
0.602981 0.104462 0.0441901 3.29827 0.1528 -2.3346 0 0 10
0.602977 0.105462 0.0441893 3.29827 0.1528 -2.3346 0 0 10
0.602973 0.106462 0.0441884 3.29827 0.152801 -2.3346 0 0 10
0.602969 0.107462 0.0441876 3.29827 0.152801 -2.3346 0 0 10
0.602966 0.108462 0.0441867 3.29827 0.152801 -2.3346 0 0 10
0.602962 0.109462 0.0441859 3.29827 0.152801 -2.3346 0 0 10
0.602958 0.110462 0.044185 3.29827 0.152801 -2.3346 0 0 10
0.602954 0.111462 0.0441842 3.29827 0.152801 -2.3346 0 0 10
0.60295 0.112462 0.0441833 3.29827 0.152801 -2.3346 0 0 10
0.602947 0.113462 0.0441825 3.29827 0.152802 -2.3346 0 0 10
0.602943 0.114462 0.0441817 3.29827 0.152802 -2.3346 0 0 10
0.602939 0.115462 0.0441808 3.29827 0.152802 -2.3346 0 0 10
0.602935 0.116462 0.04418 3.29827 0.152802 -2.3346 0 0 10
0.602932 0.117462 0.0441792 3.29827 0.152802 -2.3346 0 0 10
0.602928 0.118462 0.0441784 3.29827 0.152802 -2.3346 0 0 10
0.602924 0.119462 0.0441776 3.29827 0.152802 -2.3346 0 0 10
0.602921 0.120462 0.0441767 3.29827 0.152802 -2.3346 0 0 10
0.602917 0.121462 0.0441759 3.29827 0.152802 -2.3346 0 0 10
0.602913 0.122462 0.0441751 3.29827 0.152802 -2.3346 0 0 10
0.60291 0.123462 0.0441743 3.29827 0.152802 -2.3346 0 0 10
0.602906 0.124462 0.0441735 3.29827 0.152802 -2.3346 0 0 10
0.602902 0.125462 0.0441727 3.29827 0.152802 -2.3346 0 0 10
0.602899 0.126462 0.0441719 3.29827 0.152802 -2.3346 0 0 10
0.602895 0.127462 0.0441712 3.29827 0.152802 -2.3346 0 0 10
0.602892 0.128462 0.0441704 3.29827 0.152802 -2.3346 0 0 10
0.602888 0.129462 0.0441696 3.29827 0.152802 -2.3346 0 0 10
0.602885 0.130462 0.0441688 3.29827 0.152802 -2.3346 0 0 10
0.602881 0.131462 0.044168 3.29827 0.152802 -2.3346 0 0 10
0.602878 0.132462 0.0441673 3.29827 0.152802 -2.3346 0 0 10
0.602874 0.133462 0.0441665 3.29827 0.152802 -2.3346 0 0 10
0.602871 0.134462 0.0441657 3.29827 0.152802 -2.3346 0 0 10
0.602868 0.135462 0.044165 3.29827 0.152802 -2.3346 0 0 10
0.602864 0.136462 0.0441642 3.29827 0.152802 -2.3346 0 0 10
0.602861 0.137462 0.0441635 3.29827 0.152802 -2.3346 0 0 10
0.602857 0.138462 0.0441627 3.29827 0.152802 -2.3346 0 0 10
0.602854 0.139462 0.044162 3.29827 0.152802 -2.3346 0 0 10
0.60285 0.140462 0.0441612 3.29827 0.152802 -2.3346 0 0 10
0.602847 0.141462 0.0441605 3.29827 0.152802 -2.3346 0 0 10
0.602844 0.142462 0.0441597 3.29827 0.152802 -2.3346 0 0 10
0.60284 0.143462 0.044159 3.29827 0.152802 -2.3346 0 0 10
0.602837 0.144462 0.0441582 3.29827 0.152802 -2.3346 0 0 10
0.602834 0.145462 0.0441575 3.29827 0.152802 -2.3346 0 0 10
0.60283 0.146462 0.0441568 3.29827 0.152802 -2.3346 0 0 10
0.602827 0.147462 0.044156 3.29827 0.152802 -2.3346 0 0 10
0.602824 0.148462 0.0441553 3.29827 0.152802 -2.3346 0 0 10
0.60282 0.149462 0.0441546 3.29827 0.152802 -2.3346 0 0 10
0.602817 0.150462 0.0441538 3.29827 0.152802 -2.3346 0 0 10
0.602814 0.151462 0.0441531 3.29827 0.152802 -2.3346 0 0 10
0.602811 0.152462 0.0441524 3.29827 0.152802 -2.3346 0 0 10
0.602808 0.153462 0.0441517 3.29827 0.152802 -2.3346 0 0 10
0.602804 0.154462 0.044151 3.29827 0.152802 -2.3346 0 0 10
0.602801 0.155462 0.0441503 3.29827 0.152802 -2.3346 0 0 10
0.602798 0.156462 0.0441496 3.29827 0.152802 -2.3346 0 0 10
0.602795 0.157462 0.0441489 3.29827 0.152802 -2.3346 0 0 10
0.602792 0.158462 0.0441482 3.29827 0.152802 -2.3346 0 0 10
0.602788 0.159462 0.0441475 3.29827 0.152802 -2.3346 0 0 10
0.602785 0.160462 0.0441468 3.29827 0.152802 -2.3346 0 0 10
0.602782 0.161462 0.0441461 3.29827 0.152802 -2.3346 0 0 10
0.602779 0.162462 0.0441454 3.29827 0.152802 -2.3346 0 0 10
0.602776 0.163462 0.0441447 3.29827 0.152801 -2.3346 0 0 10
0.602773 0.164462 0.044144 3.29827 0.152801 -2.3346 0 0 10
0.60277 0.165462 0.0441433 3.29827 0.152801 -2.3346 0 0 10
0.602767 0.166462 0.0441426 3.29827 0.152801 -2.3346 0 0 10
0.602764 0.167462 0.0441419 3.29827 0.152801 -2.3346 0 0 10
0.60276 0.168462 0.0441413 3.29827 0.152801 -2.3346 0 0 10
0.602757 0.169462 0.0441406 3.29827 0.152801 -2.3346 0 0 10
0.602754 0.170462 0.0441399 3.29827 0.152801 -2.3346 0 0 10
0.602751 0.171462 0.0441392 3.29827 0.152801 -2.3346 0 0 10
0.602748 0.172462 0.0441385 3.29827 0.152801 -2.3346 0 0 10
0.602745 0.173462 0.0441379 3.29827 0.152801 -2.3346 0 0 10
0.602742 0.174462 0.0441372 3.29827 0.152801 -2.3346 0 0 10
0.602739 0.175462 0.0441365 3.29827 0.152801 -2.3346 0 0 10
0.602736 0.176462 0.0441359 3.29827 0.152801 -2.3346 0 0 10
0.602733 0.177462 0.0441352 3.29827 0.1528 -2.3346 0 0 10
0.60273 0.178462 0.0441345 3.29827 0.1528 -2.3346 0 0 10
0.602727 0.179462 0.0441339 3.29827 0.1528 -2.3346 0 0 10
0.602724 0.180462 0.0441332 3.29827 0.1528 -2.3346 0 0 10
0.602721 0.181462 0.0441326 3.29827 0.1528 -2.3346 0 0 10
0.602718 0.182462 0.0441319 3.29827 0.152799 -2.3346 0 0 10
0.602715 0.183462 0.0441313 3.29827 0.152799 -2.3346 0 0 10
0.602713 0.184462 0.0441306 3.29827 0.152799 -2.3346 0 0 10
0.60271 0.185462 0.04413 3.29827 0.152799 -2.3346 0 0 10
0.602707 0.186462 0.0441293 3.29827 0.152799 -2.3346 0 0 10
0.602704 0.187462 0.0441287 3.29827 0.152799 -2.3346 0 0 10
0.602701 0.188462 0.0441281 3.29827 0.152799 -2.3346 0 0 10
0.602698 0.189462 0.0441274 3.29827 0.152799 -2.3346 0 0 10
0.602695 0.190462 0.0441268 3.29827 0.152799 -2.3346 0 0 10
0.602692 0.191462 0.0441262 3.29827 0.152799 -2.3346 0 0 10
0.60269 0.192462 0.0441255 3.29827 0.152799 -2.3346 0 0 10
0.602687 0.193462 0.0441249 3.29827 0.152799 -2.3346 0 0 10
0.602684 0.194462 0.0441243 3.29827 0.152799 -2.3346 0 0 10
0.602681 0.195462 0.0441236 3.29827 0.152799 -2.3346 0 0 10
0.602678 0.196462 0.044123 3.29827 0.152799 -2.3346 0 0 10
0.602675 0.197462 0.0441224 3.29827 0.152799 -2.3346 0 0 10
0.602673 0.198462 0.0441218 3.29827 0.152799 -2.3346 0 0 10
0.60267 0.199462 0.0441211 3.29827 0.152798 -2.3346 0 0 10
0.602667 0.200462 0.0441205 3.29827 0.152798 -2.3346 0 0 10
0.602664 0.201462 0.0441199 3.29827 0.152798 -2.3346 0 0 10
0.602661 0.202462 0.0441193 3.29827 0.152798 -2.3346 0 0 10
0.602659 0.203462 0.0441187 3.29827 0.152798 -2.3346 0 0 10
0.602656 0.204462 0.0441181 3.29827 0.152798 -2.3346 0 0 10
0.602653 0.205462 0.0441175 3.29827 0.152798 -2.3346 0 0 10
0.60265 0.206462 0.0441168 3.29827 0.152799 -2.3346 0 0 10
0.602648 0.207462 0.0441162 3.29827 0.152799 -2.3346 0 0 10
0.602645 0.208462 0.0441156 3.29827 0.152799 -2.3346 0 0 10
0.602642 0.209462 0.044115 3.29827 0.152799 -2.3346 0 0 10
0.602639 0.210462 0.0441144 3.29827 0.152799 -2.3346 0 0 10
0.602637 0.211462 0.0441138 3.29827 0.152799 -2.3346 0 0 10
0.602634 0.212462 0.0441132 3.29827 0.152799 -2.3346 0 0 10
0.602631 0.213462 0.0441127 3.29827 0.152799 -2.3346 0 0 10
0.602629 0.214462 0.0441121 3.29827 0.152799 -2.3346 0 0 10
0.602626 0.215462 0.0441115 3.29827 0.152799 -2.3346 0 0 10
0.602623 0.216462 0.0441109 3.29827 0.152799 -2.3346 0 0 10
0.602621 0.217462 0.0441103 3.29827 0.152798 -2.3346 0 0 10
0.602618 0.218462 0.0441097 3.29827 0.152798 -2.3346 0 0 10
0.602616 0.219462 0.0441092 3.29827 0.152798 -2.3346 0 0 10
0.602613 0.220462 0.0441086 3.29827 0.152798 -2.3346 0 0 10
0.60261 0.221462 0.044108 3.29827 0.152798 -2.3346 0 0 10
0.602608 0.222462 0.0441074 3.29827 0.152798 -2.3346 0 0 10
0.602605 0.223462 0.0441068 3.29827 0.152798 -2.3346 0 0 10
0.602603 0.224462 0.0441063 3.29827 0.152798 -2.3346 0 0 10
0.6026 0.225462 0.0441057 3.29827 0.152798 -2.3346 0 0 10
0.602597 0.226462 0.0441051 3.29827 0.152798 -2.3346 0 0 10
0.602595 0.227462 0.0441046 3.29827 0.152798 -2.3346 0 0 10
0.602592 0.228462 0.044104 3.29827 0.152799 -2.3346 0 0 10
0.60259 0.229462 0.0441034 3.29827 0.152799 -2.3346 0 0 10
0.602587 0.230462 0.0441029 3.29827 0.152798 -2.3346 0 0 10
0.602585 0.231462 0.0441023 3.29827 0.152798 -2.3346 0 0 10
0.602582 0.232462 0.0441017 3.29827 0.152798 -2.3346 0 0 10
0.60258 0.233462 0.0441012 3.29827 0.152798 -2.3346 0 0 10
0.602577 0.234462 0.0441006 3.29827 0.152798 -2.3346 0 0 10
0.602575 0.235462 0.0441 3.29827 0.152798 -2.3346 0 0 10
0.602572 0.236462 0.0440995 3.29827 0.152799 -2.3346 0 0 10
0.60257 0.237462 0.0440989 3.29827 0.152799 -2.3346 0 0 10
0.602567 0.238462 0.0440984 3.29827 0.152799 -2.3346 0 0 10
0.602565 0.239462 0.0440978 3.29827 0.152799 -2.3346 0 0 10
0.602562 0.240462 0.0440973 3.29827 0.152799 -2.3346 0 0 10
0.60256 0.241462 0.0440967 3.29827 0.1528 -2.3346 0 0 10
0.602557 0.242462 0.0440962 3.29827 0.1528 -2.3346 0 0 10
0.602555 0.243462 0.0440956 3.29827 0.1528 -2.3346 0 0 10
0.602552 0.244462 0.0440951 3.29827 0.1528 -2.3346 0 0 10
0.60255 0.245462 0.0440945 3.29827 0.152801 -2.3346 0 0 10
0.602547 0.246462 0.044094 3.29827 0.152801 -2.3346 0 0 10
0.602545 0.247462 0.0440935 3.29827 0.152801 -2.3346 0 0 10
0.602542 0.248462 0.0440929 3.29827 0.152801 -2.3346 0 0 10
0.60254 0.249462 0.0440924 3.29827 0.152801 -2.3346 0 0 10
0.602538 0.250462 0.0440918 3.29827 0.152801 -2.3346 0 0 10
0.602535 0.251462 0.0440913 3.29827 0.152801 -2.3346 0 0 10
0.602533 0.252462 0.0440908 3.29827 0.152802 -2.3346 0 0 10
0.60253 0.253462 0.0440902 3.29827 0.152802 -2.3346 0 0 10
0.602528 0.254462 0.0440897 3.29827 0.152802 -2.3346 0 0 10
0.602525 0.255462 0.0440892 3.29827 0.152802 -2.3346 0 0 10
0.602523 0.256462 0.0440886 3.29827 0.152802 -2.3346 0 0 10
0.602521 0.257462 0.0440881 3.29827 0.152802 -2.3346 0 0 10
0.602518 0.258462 0.0440876 3.29827 0.152802 -2.3346 0 0 10
0.602516 0.259462 0.0440871 3.29827 0.152802 -2.3346 0 0 10
0.602514 0.260462 0.0440865 3.29827 0.152802 -2.3346 0 0 10
0.602511 0.261462 0.044086 3.29827 0.152802 -2.3346 0 0 10
0.602509 0.262462 0.0440855 3.29827 0.152802 -2.3346 0 0 10
0.602506 0.263462 0.044085 3.29827 0.152802 -2.3346 0 0 10
0.602504 0.264462 0.0440844 3.29827 0.152802 -2.3346 0 0 10
0.602502 0.265462 0.0440839 3.29827 0.152802 -2.3346 0 0 10
0.602499 0.266462 0.0440834 3.29827 0.152802 -2.3346 0 0 10
0.602497 0.267462 0.0440829 3.29827 0.152802 -2.3346 0 0 10
0.602495 0.268462 0.0440824 3.29827 0.152802 -2.3346 0 0 10
0.602492 0.269462 0.0440818 3.29827 0.152802 -2.3346 0 0 10
0.60249 0.270462 0.0440813 3.29827 0.152802 -2.3346 0 0 10
0.602488 0.271462 0.0440808 3.29827 0.152802 -2.3346 0 0 10
0.602485 0.272462 0.0440803 3.29827 0.152802 -2.3346 0 0 10
0.602483 0.273462 0.0440798 3.29827 0.152802 -2.3346 0 0 10
0.602481 0.274462 0.0440793 3.29827 0.152802 -2.3346 0 0 10
0.602479 0.275462 0.0440788 3.29827 0.152802 -2.3346 0 0 10
0.602476 0.276462 0.0440783 3.29827 0.152802 -2.3346 0 0 10
0.602474 0.277462 0.0440778 3.29827 0.152802 -2.3346 0 0 10
0.602472 0.278462 0.0440773 3.29827 0.152802 -2.3346 0 0 10
0.602469 0.279462 0.0440767 3.29827 0.152802 -2.3346 0 0 10
0.602467 0.280461 0.0440762 3.29827 0.152802 -2.3346 0 0 10
0.602465 0.281461 0.0440757 3.29827 0.152802 -2.3346 0 0 10
0.602463 0.282461 0.0440752 3.29827 0.152802 -2.3346 0 0 10
0.60246 0.283461 0.0440747 3.29827 0.152802 -2.3346 0 0 10
0.602458 0.284461 0.0440742 3.29827 0.152802 -2.3346 0 0 10
0.602456 0.285461 0.0440737 3.29827 0.152802 -2.3346 0 0 10
0.602454 0.286461 0.0440733 3.29827 0.152802 -2.3346 0 0 10
0.602451 0.287461 0.0440728 3.29827 0.152802 -2.3346 0 0 10
0.602449 0.288461 0.0440723 3.29827 0.152802 -2.3346 0 0 10
0.602447 0.289461 0.0440718 3.29827 0.152802 -2.3346 0 0 10
0.602445 0.290461 0.0440713 3.29827 0.152802 -2.3346 0 0 10
0.602443 0.291461 0.0440708 3.29827 0.152802 -2.3346 0 0 10
0.60244 0.292461 0.0440703 3.29827 0.152802 -2.3346 0 0 10
0.602438 0.293461 0.0440698 3.29827 0.152802 -2.3346 0 0 10
0.602436 0.294461 0.0440693 3.29827 0.152802 -2.3346 0 0 10
0.602434 0.295461 0.0440689 3.29827 0.152802 -2.3346 0 0 10
0.602432 0.296461 0.0440684 3.29827 0.152802 -2.3346 0 0 10
0.60243 0.297461 0.0440679 3.29827 0.152802 -2.3346 0 0 10
0.602427 0.298461 0.0440674 3.29827 0.152802 -2.3346 0 0 10
0.602425 0.299461 0.0440669 3.29827 0.152802 -2.3346 0 0 10
0.602423 0.300461 0.0440665 3.29827 0.152802 -2.3346 0 0 10
0.602421 0.301461 0.044066 3.29827 0.152802 -2.3346 0 0 10
0.602419 0.302461 0.0440655 3.29827 0.152801 -2.3346 0 0 10
0.602417 0.303461 0.044065 3.29827 0.152801 -2.3346 0 0 10
0.602415 0.304461 0.0440646 3.29827 0.152801 -2.3346 0 0 10
0.602412 0.305461 0.0440641 3.29827 0.152801 -2.3346 0 0 10
0.60241 0.306461 0.0440636 3.29827 0.152801 -2.3346 0 0 10
0.602408 0.307461 0.0440632 3.29827 0.152801 -2.3346 0 0 10
0.602406 0.308461 0.0440627 3.29827 0.152801 -2.3346 0 0 10
0.602404 0.309461 0.0440622 3.29827 0.152801 -2.3346 0 0 10
0.602402 0.310461 0.0440618 3.29827 0.152801 -2.3346 0 0 10
0.6024 0.311461 0.0440613 3.29827 0.152801 -2.3346 0 0 10
0.602398 0.312461 0.0440608 3.29827 0.152801 -2.3346 0 0 10
0.602396 0.313461 0.0440604 3.29827 0.152801 -2.3346 0 0 10
0.602394 0.314461 0.0440599 3.29827 0.152801 -2.3346 0 0 10
0.602392 0.315461 0.0440595 3.29827 0.1528 -2.3346 0 0 10
0.602389 0.316461 0.044059 3.29827 0.1528 -2.3346 0 0 10
0.602387 0.317461 0.0440586 3.29827 0.1528 -2.3346 0 0 10
0.602385 0.318461 0.0440581 3.29827 0.1528 -2.3346 0 0 10
0.602383 0.319461 0.0440577 3.29827 0.1528 -2.3346 0 0 10
0.602381 0.320461 0.0440572 3.29827 0.152799 -2.3346 0 0 10
0.602379 0.321461 0.0440568 3.29827 0.152799 -2.3346 0 0 10
0.602377 0.322461 0.0440563 3.29827 0.152799 -2.3346 0 0 10
0.602375 0.323461 0.0440559 3.29827 0.152799 -2.3346 0 0 10
0.602373 0.324461 0.0440554 3.29827 0.152799 -2.3346 0 0 10
0.602371 0.325461 0.044055 3.29827 0.152799 -2.3346 0 0 10
0.602369 0.326461 0.0440545 3.29827 0.152799 -2.3346 0 0 10
0.602367 0.327461 0.0440541 3.29827 0.152799 -2.3346 0 0 10
0.602365 0.328461 0.0440536 3.29827 0.152799 -2.3346 0 0 10
0.602363 0.329461 0.0440532 3.29827 0.152799 -2.3346 0 0 10
0.602361 0.330461 0.0440528 3.29827 0.152799 -2.3346 0 0 10
0.602359 0.331461 0.0440523 3.29827 0.152799 -2.3346 0 0 10
0.602357 0.332461 0.0440519 3.29827 0.152799 -2.3346 0 0 10
0.602355 0.333461 0.0440515 3.29827 0.152799 -2.3346 0 0 10
0.602353 0.334461 0.044051 3.29827 0.152799 -2.3346 0 0 10
0.602351 0.335461 0.0440506 3.29827 0.152799 -2.3346 0 0 10
0.60235 0.336461 0.0440502 3.29827 0.152799 -2.3346 0 0 10
0.602348 0.337461 0.0440497 3.29827 0.152799 -2.3346 0 0 10
0.602346 0.338461 0.0440493 3.29827 0.152798 -2.3346 0 0 10
0.602344 0.339461 0.0440489 3.29827 0.152798 -2.3346 0 0 10
0.602342 0.340461 0.0440485 3.29827 0.152798 -2.3346 0 0 10
0.60234 0.341461 0.044048 3.29827 0.152798 -2.3346 0 0 10
0.602338 0.342461 0.0440476 3.29827 0.152798 -2.3346 0 0 10
0.602336 0.343461 0.0440472 3.29827 0.152798 -2.3346 0 0 10
0.602334 0.344461 0.0440468 3.29827 0.152798 -2.3346 0 0 10
0.602332 0.345461 0.0440463 3.29827 0.152798 -2.3346 0 0 10
0.60233 0.346461 0.0440459 3.29827 0.152799 -2.3346 0 0 10
0.602328 0.347461 0.0440455 3.29827 0.152799 -2.3346 0 0 10
0.602327 0.348461 0.0440451 3.29827 0.152799 -2.3346 0 0 10
0.602325 0.349461 0.0440447 3.29827 0.152799 -2.3346 0 0 10
0.602323 0.350461 0.0440443 3.29827 0.152799 -2.3346 0 0 10
0.602321 0.351461 0.0440438 3.29827 0.152799 -2.3346 0 0 10
0.602319 0.352461 0.0440434 3.29827 0.152799 -2.3346 0 0 10
0.602317 0.353461 0.044043 3.29827 0.152799 -2.3346 0 0 10
0.602315 0.354461 0.0440426 3.29827 0.152799 -2.3346 0 0 10
0.602314 0.355461 0.0440422 3.29827 0.152798 -2.3346 0 0 10
0.602312 0.356461 0.0440418 3.29827 0.152798 -2.3346 0 0 10
0.60231 0.357461 0.0440414 3.29827 0.152798 -2.3346 0 0 10
0.602308 0.358461 0.044041 3.29827 0.152798 -2.3346 0 0 10
0.602306 0.359461 0.0440405 3.29827 0.152798 -2.3346 0 0 10
0.602304 0.360461 0.0440401 3.29827 0.152798 -2.3346 0 0 10
0.602302 0.361461 0.0440397 3.29827 0.152798 -2.3346 0 0 10
0.602301 0.362461 0.0440393 3.29827 0.152798 -2.3346 0 0 10
0.602299 0.363461 0.0440389 3.29827 0.152798 -2.3346 0 0 10
0.602297 0.364461 0.0440385 3.29827 0.152798 -2.3346 0 0 10
0.602295 0.365461 0.0440381 3.29827 0.152798 -2.3346 0 0 10
0.602293 0.366461 0.0440377 3.29827 0.152798 -2.3346 0 0 10
0.602292 0.367461 0.0440373 3.29827 0.152798 -2.3346 0 0 10
0.60229 0.368461 0.0440369 3.29827 0.152798 -2.3346 0 0 10
0.602288 0.369461 0.0440365 3.29827 0.152798 -2.3346 0 0 10
0.602286 0.370461 0.0440361 3.29827 0.152798 -2.3346 0 0 10
0.602284 0.371461 0.0440357 3.29827 0.152798 -2.3346 0 0 10
0.602283 0.372461 0.0440353 3.29827 0.152798 -2.3346 0 0 10
0.602281 0.373461 0.044035 3.29827 0.152798 -2.3346 0 0 10
0.602279 0.374461 0.0440346 3.29827 0.152798 -2.3346 0 0 10
0.602277 0.375461 0.0440342 3.29827 0.152798 -2.3346 0 0 10
0.602276 0.376461 0.0440338 3.29827 0.152799 -2.3346 0 0 10
0.602274 0.377461 0.0440334 3.29827 0.152799 -2.3346 0 0 10
0.602272 0.378461 0.044033 3.29827 0.152799 -2.3346 0 0 10
0.60227 0.379461 0.0440326 3.29827 0.152799 -2.3346 0 0 10
0.60226 0.380443 0.0440713 3.29827 0.152799 -2.3346 0 0 10
0.602241 0.381385 0.0441491 3.29827 0.1528 -2.3346 0 0 10
0.602214 0.382287 0.0442659 3.29827 0.1528 -2.3346 0 0 10
0.602178 0.383149 0.0444218 3.29827 0.1528 -2.3346 0 0 10
0.602133 0.383971 0.0446167 3.29827 0.1528 -2.3346 0 0 10
0.60208 0.384753 0.0448507 3.29827 0.152801 -2.3346 0 0 10
0.602018 0.385495 0.0451238 3.29827 0.152801 -2.3346 0 0 10
0.601947 0.386197 0.045436 3.29827 0.152801 -2.3346 0 0 10
0.601868 0.386858 0.0457872 3.29827 0.152801 -2.3346 0 0 10
0.601781 0.38748 0.0461775 3.29827 0.152801 -2.3346 0 0 10
0.601684 0.388062 0.0466068 3.29827 0.152801 -2.3346 0 0 10
0.60158 0.388604 0.0470752 3.29827 0.152802 -2.3346 0 0 10
0.601466 0.389106 0.0475827 3.29827 0.152802 -2.3346 0 0 10
0.601344 0.389568 0.0481293 3.29827 0.152802 -2.3346 0 0 10
0.601214 0.38999 0.0487149 3.29827 0.152802 -2.3346 0 0 10
0.601074 0.390372 0.0493396 3.29827 0.152802 -2.3346 0 0 10
0.600927 0.390714 0.0500033 3.29827 0.152802 -2.3346 0 0 10
0.60077 0.391016 0.0507061 3.29827 0.152802 -2.3346 0 0 10
0.600605 0.391278 0.051448 3.29827 0.152802 -2.3346 0 0 10
0.600432 0.391499 0.052229 3.29827 0.152802 -2.3346 0 0 10
0.60025 0.391681 0.053049 3.29827 0.152802 -2.3346 0 0 10
0.600059 0.391823 0.0539081 3.29827 0.152802 -2.3346 0 0 10
0.59986 0.391925 0.0548062 3.29827 0.152802 -2.3346 0 0 10
0.599652 0.391987 0.0557435 3.29827 0.152802 -2.3346 0 0 10
0.599435 0.392009 0.0567198 3.29827 0.152802 -2.3346 0 0 10
0.599219 0.392009 0.0576961 3.29827 0.152802 -2.3346 0 0 10
0.599003 0.392009 0.0586724 3.29827 0.152802 -2.3346 0 0 10
0.598786 0.392009 0.0596487 3.29827 0.152802 -2.3346 0 0 10
0.59857 0.392009 0.060625 3.29827 0.152802 -2.3346 0 0 10
0.598353 0.392009 0.0616012 3.29827 0.152802 -2.3346 0 0 10
0.598137 0.392009 0.0625775 3.29827 0.152802 -2.3346 0 0 10
0.59792 0.392009 0.0635538 3.29827 0.152802 -2.3346 0 0 10
0.597704 0.392009 0.0645301 3.29827 0.152802 -2.3346 0 0 10
0.597488 0.392009 0.0655064 3.29827 0.152802 -2.3346 0 0 10
0.597271 0.392009 0.0664827 3.29827 0.152802 -2.3346 0 0 10
0.597055 0.392009 0.067459 3.29827 0.152802 -2.3346 0 0 10
0.596838 0.392009 0.0684353 3.29827 0.152802 -2.3346 0 0 10
0.596622 0.392009 0.0694116 3.29827 0.152802 -2.3346 0 0 10
0.596405 0.392009 0.0703879 3.29827 0.152802 -2.3346 0 0 10
0.596189 0.392009 0.0713642 3.29827 0.152802 -2.3346 0 0 10
0.595973 0.392009 0.0723405 3.29827 0.152802 -2.3346 0 0 10
0.595756 0.392009 0.0733168 3.29827 0.152802 -2.3346 0 0 10
0.59554 0.392009 0.0742931 3.29827 0.152802 -2.3346 0 0 10
0.595323 0.392009 0.0752694 3.29827 0.152802 -2.3346 0 0 10
0.595107 0.392009 0.0762457 3.29827 0.152802 -2.3346 0 0 10
0.59489 0.392009 0.077222 3.29827 0.152802 -2.3346 0 0 10
0.594674 0.392009 0.0781983 3.29827 0.152802 -2.3346 0 0 10
0.594458 0.392009 0.0791746 3.29827 0.152802 -2.3346 0 0 10
0.594241 0.392009 0.0801509 3.29827 0.152802 -2.3346 0 0 10
0.594025 0.392009 0.0811272 3.29827 0.152802 -2.3346 0 0 10
0.593808 0.392009 0.0821035 3.29827 0.152802 -2.3346 0 0 10
0.593592 0.392009 0.0830798 3.29827 0.152802 -2.3346 0 0 10
0.593375 0.392009 0.0840561 3.29827 0.152802 -2.3346 0 0 10
0.593159 0.392009 0.0850324 3.29827 0.152802 -2.3346 0 0 10
0.592943 0.392009 0.0860087 3.29827 0.152802 -2.3346 0 0 10
0.592726 0.392009 0.086985 3.29827 0.152802 -2.3346 0 0 10
0.59251 0.392009 0.0879613 3.29827 0.152802 -2.3346 0 0 10
0.592293 0.392009 0.0889376 3.29827 0.152802 -2.3346 0 0 10
0.592077 0.392009 0.0899139 3.29827 0.152802 -2.3346 0 0 10
0.59186 0.392009 0.0908902 3.29827 0.152802 -2.3346 0 0 10
0.591644 0.392009 0.0918665 3.29827 0.152802 -2.3346 0 0 10
0.591428 0.392009 0.0928428 3.29827 0.152802 -2.3346 0 0 10
0.591211 0.392009 0.0938191 3.29827 0.152802 -2.3346 0 0 10
0.590995 0.392009 0.0947954 3.29827 0.152802 -2.3346 0 0 10
0.590778 0.392009 0.0957717 3.29827 0.152802 -2.3346 0 0 10
0.590562 0.392009 0.096748 3.29827 0.152802 -2.3346 0 0 10
0.590345 0.392009 0.0977243 3.29827 0.152802 -2.3346 0 0 10
0.590129 0.392009 0.0987006 3.29827 0.152802 -2.3346 0 0 10
0.589913 0.392009 0.0996769 3.29827 0.152802 -2.3346 0 0 10
0.589696 0.392009 0.100653 3.29827 0.152802 -2.3346 0 0 10
0.58948 0.392009 0.101629 3.29827 0.152802 -2.3346 0 0 10
0.589263 0.392009 0.102606 3.29827 0.152802 -2.3346 0 0 10
0.589047 0.392009 0.103582 3.29827 0.152802 -2.3346 0 0 10
0.58883 0.392009 0.104558 3.29827 0.152802 -2.3346 0 0 10
0.588614 0.392009 0.105535 3.29827 0.152802 -2.3346 0 0 10
0.588398 0.392009 0.106511 3.29827 0.152802 -2.3346 0 0 10
0.588181 0.392009 0.107487 3.29827 0.152802 -2.3346 0 0 10
0.587965 0.392009 0.108464 3.29827 0.152802 -2.3346 0 0 10
0.587748 0.392009 0.10944 3.29827 0.152802 -2.3346 0 0 10
0.587532 0.392009 0.110416 3.29827 0.152802 -2.3346 0 0 10
0.587315 0.392009 0.111392 3.29827 0.152802 -2.3346 0 0 10
0.587099 0.392009 0.112369 3.29827 0.152802 -2.3346 0 0 10
0.586883 0.392009 0.113345 3.29827 0.152802 -2.3346 0 0 10
0.586666 0.392009 0.114321 3.29827 0.152802 -2.3346 0 0 10
0.58645 0.392009 0.115298 3.29827 0.152802 -2.3346 0 0 10
0.586233 0.392009 0.116274 3.29827 0.152802 -2.3346 0 0 10
0.586017 0.392009 0.11725 3.29827 0.152802 -2.3346 0 0 10
0.5858 0.392009 0.118227 3.29827 0.152802 -2.3346 0 0 10
0.585584 0.392009 0.119203 3.29827 0.152802 -2.3346 0 0 10
0.585368 0.392009 0.120179 3.29827 0.152802 -2.3346 0 0 10
0.585151 0.392009 0.121155 3.29827 0.152802 -2.3346 0 0 10
0.584935 0.392009 0.122132 3.29827 0.152802 -2.3346 0 0 10
0.584718 0.392009 0.123108 3.29827 0.152802 -2.3346 0 0 10
0.584502 0.392009 0.124084 3.29827 0.152802 -2.3346 0 0 10
0.584285 0.392009 0.125061 3.29827 0.152802 -2.3346 0 0 10
0.584069 0.392009 0.126037 3.29827 0.152802 -2.3346 0 0 10
0.583853 0.392009 0.127013 3.29827 0.152802 -2.3346 0 0 10
0.583636 0.392009 0.12799 3.29827 0.152802 -2.3346 0 0 10
0.58342 0.392009 0.128966 3.29827 0.152802 -2.3346 0 0 10
0.583212 0.392009 0.129903 3.29827 0.152802 -2.3346 0 0 10
0.583013 0.392009 0.130801 3.29827 0.152802 -2.3346 0 0 10
0.582822 0.392009 0.13166 3.29827 0.152802 -2.3346 0 0 10
0.582641 0.392009 0.132481 3.29827 0.152802 -2.3346 0 0 10
0.582467 0.392009 0.133262 3.29827 0.152802 -2.3346 0 0 10
0.582303 0.392009 0.134004 3.29827 0.152802 -2.3346 0 0 10
0.582147 0.392009 0.134706 3.29827 0.152802 -2.3346 0 0 10
0.582 0.392009 0.13537 3.29827 0.152802 -2.3346 0 0 10
0.581861 0.392009 0.135995 3.29827 0.152802 -2.3346 0 0 10
0.581732 0.392009 0.136581 3.29827 0.152802 -2.3346 0 0 10
0.58161 0.392009 0.137128 3.29827 0.152802 -2.3346 0 0 10
0.581498 0.392009 0.137635 3.29827 0.152802 -2.3346 0 0 10
0.581394 0.392009 0.138104 3.29827 0.152802 -2.3346 0 0 10
0.581299 0.392009 0.138534 3.29827 0.152802 -2.3346 0 0 10
0.581212 0.392009 0.138924 3.29827 0.152802 -2.3346 0 0 10
0.581134 0.392009 0.139276 3.29827 0.152802 -2.3346 0 0 10
0.581065 0.392009 0.139588 3.29827 0.152802 -2.3346 0 0 10
0.581004 0.392009 0.139861 3.29827 0.152802 -2.3346 0 0 10
0.580952 0.392009 0.140096 3.29827 0.152802 -2.3346 0 0 10
0.580909 0.392009 0.140291 3.29827 0.152802 -2.3346 0 0 10
0.580875 0.392009 0.140447 3.29827 0.152802 -2.3346 0 0 10
0.580849 0.392009 0.140564 3.29827 0.152802 -2.3346 0 0 10
0.580831 0.392009 0.140642 3.29827 0.152802 -2.3346 0 0 10
0.580823 0.392009 0.140681 3.29827 0.152802 -2.3346 0 0 10
0.580823 0.392009 0.140681 3.29827 0.152802 -2.3346 0 0 10
0.580823 0.392009 0.140681 3.29827 0.152802 -2.3346 0 0 10
0.580823 0.392009 0.140681 3.29827 0.152802 -2.3346 0 0 10
0.580823 0.392009 0.140681 3.29827 0.152802 -2.3346 0 0 10
0.580823 0.392009 0.140681 3.29827 0.152802 -2.3346 0 0 10
0.580823 0.392009 0.140681 3.29827 0.152802 -2.3346 0 0 10
0.580823 0.392009 0.140681 3.29827 0.152802 -2.3346 0 0 10
0.580823 0.392009 0.140681 3.29827 0.152802 -2.3346 0 0 10
0.580823 0.392009 0.140681 3.29827 0.152802 -2.3346 0 0 10
0.580823 0.392009 0.140681 3.29827 0.152802 -2.3346 0 0 10
0.580823 0.392009 0.140681 3.29827 0.152802 -2.3346 0 0 10
0.580823 0.392009 0.140681 3.29827 0.152802 -2.3346 0 0 10
0.580823 0.392009 0.140681 3.29827 0.152802 -2.3346 0 0 10
0.580823 0.392009 0.140681 3.29827 0.152802 -2.3346 0 0 10
0.580823 0.392009 0.140681 3.29827 0.152802 -2.3346 0 0 10
0.580823 0.392009 0.140681 3.29827 0.152802 -2.3346 0 0 10
0.580823 0.392009 0.140681 3.29827 0.152802 -2.3346 0 0 10
0.580823 0.392009 0.140681 3.29827 0.152802 -2.3346 0 0 10
0.580823 0.392009 0.140681 3.29827 0.152802 -2.3346 0 0 10
0.580823 0.392009 0.140681 3.29827 0.152802 -2.3346 0 0 10
0.580823 0.392009 0.140681 3.29827 0.152802 -2.3346 0 0 10
0.580823 0.392009 0.140681 3.29827 0.152802 -2.3346 0 0 10
0.580823 0.392009 0.140681 3.29827 0.152802 -2.3346 0 0 10
0.580823 0.392009 0.140681 3.29827 0.152802 -2.3346 0 0 10
0.580823 0.392009 0.140681 3.29827 0.152802 -2.3346 0 0 10
0.580823 0.392009 0.140681 3.29827 0.152802 -2.3346 0 0 10
0.580823 0.392009 0.140681 3.29827 0.152802 -2.3346 0 0 10
0.580823 0.392009 0.140681 3.29827 0.152802 -2.3346 0 0 10
0.580823 0.392009 0.140681 3.29827 0.152802 -2.3346 0 0 10
0.580823 0.392009 0.140681 3.29827 0.152802 -2.3346 0 0 10
0.580823 0.392009 0.140681 3.29827 0.152802 -2.3346 0 0 10
0.580823 0.392009 0.140681 3.29827 0.152802 -2.3346 0 0 10
0.580823 0.392009 0.140681 3.29827 0.152802 -2.3346 0 0 10
0.580823 0.392009 0.140681 3.29827 0.152802 -2.3346 0 0 10
0.580823 0.392009 0.140681 3.29827 0.152802 -2.3346 0 0 10
0.580823 0.392009 0.140681 3.29827 0.152802 -2.3346 0 0 10
0.580823 0.392009 0.140681 3.29827 0.152802 -2.3346 0 0 10
0.580823 0.392009 0.140681 3.29827 0.152802 -2.3346 0 0 10
0.580823 0.392009 0.140681 3.29827 0.152802 -2.3346 0 0 10
0.580823 0.392009 0.140681 3.29827 0.152802 -2.3346 0 0 10
0.580823 0.392009 0.140681 3.29827 0.152802 -2.3346 0 0 10
0.580823 0.392009 0.140681 3.29827 0.152802 -2.3346 0 0 10
0.580823 0.392009 0.140681 3.29827 0.152802 -2.3346 0 0 10
0.580823 0.392009 0.140681 3.29827 0.152802 -2.3346 0 0 10
0.580823 0.392009 0.140681 3.29827 0.152802 -2.3346 0 0 10
0.580823 0.392009 0.140681 3.29827 0.152802 -2.3346 0 0 10
0.580823 0.392009 0.140681 3.29827 0.152802 -2.3346 0 0 10
0.580823 0.392009 0.140681 3.29827 0.152802 -2.3346 0 0 10
0.580823 0.392009 0.140681 3.29827 0.152802 -2.3346 0 0 10
0.580823 0.392009 0.140681 3.29827 0.152802 -2.3346 0 0 10
0.580823 0.392009 0.140681 3.29827 0.152802 -2.3346 0 0 10
0.580823 0.392009 0.140681 3.29827 0.152802 -2.3346 0 0 10
0.580823 0.392009 0.140681 3.29827 0.152802 -2.3346 0 0 10
0.580823 0.392009 0.140681 3.29827 0.152802 -2.3346 0 0 10
0.580823 0.392009 0.140681 3.29827 0.152802 -2.3346 0 0 10
0.580823 0.392009 0.140681 3.29827 0.152802 -2.3346 0 0 10
0.580823 0.392009 0.140681 3.29827 0.152802 -2.3346 0 0 10
0.580823 0.392009 0.140681 3.29827 0.152802 -2.3346 0 0 10
0.580823 0.392009 0.140681 3.29827 0.152802 -2.3346 0 0 10
0.580823 0.392009 0.140681 3.29827 0.152802 -2.3346 0 0 10
0.580823 0.392009 0.140681 3.29827 0.152802 -2.3346 0 0 10
0.580823 0.392009 0.140681 3.29827 0.152802 -2.3346 0 0 10
0.580823 0.392009 0.140681 3.29827 0.152802 -2.3346 0 0 10
0.580823 0.392009 0.140681 3.29827 0.152802 -2.3346 0 0 10
0.580823 0.392009 0.140681 3.29827 0.152802 -2.3346 0 0 10
0.580823 0.392009 0.140681 3.29827 0.152802 -2.3346 0 0 10
0.580823 0.392009 0.140681 3.29827 0.152802 -2.3346 0 0 10
0.580823 0.392009 0.140681 3.29827 0.152802 -2.3346 0 0 10
0.580823 0.392009 0.140681 3.29827 0.152802 -2.3346 0 0 10
0.580823 0.392009 0.140681 3.29827 0.152802 -2.3346 0 0 10
0.580823 0.392009 0.140681 3.29827 0.152802 -2.3346 0 0 10
0.580823 0.392009 0.140681 3.29827 0.152802 -2.3346 0 0 10
0.580823 0.392009 0.140681 3.29827 0.152802 -2.3346 0 0 10
0.580823 0.392009 0.140681 3.29827 0.152802 -2.3346 0 0 10
0.580823 0.392009 0.140681 3.29827 0.152802 -2.3346 0 0 10
0.580823 0.392009 0.140681 3.29827 0.152802 -2.3346 0 0 10
0.580823 0.392009 0.140681 3.29827 0.152802 -2.3346 0 0 10
0.580823 0.392009 0.140681 3.29827 0.152802 -2.3346 0 0 10
0.580823 0.392009 0.140681 3.29827 0.152802 -2.3346 0 0 10
0.580823 0.392009 0.140681 3.29827 0.152802 -2.3346 0 0 10
0.580823 0.392009 0.140681 3.29827 0.152802 -2.3346 0 0 10
0.580823 0.392009 0.140681 3.29827 0.152802 -2.3346 0 0 10
0.580823 0.392009 0.140681 3.29827 0.152802 -2.3346 0 0 10
0.580823 0.392009 0.140681 3.29827 0.152802 -2.3346 0 0 10
0.580823 0.392009 0.140681 3.29827 0.152802 -2.3346 0 0 10
0.580823 0.392009 0.140681 3.29827 0.152802 -2.3346 0 0 10
0.580823 0.392009 0.140681 3.29827 0.152802 -2.3346 0 0 10
0.580823 0.392009 0.140681 3.29827 0.152802 -2.3346 0 0 10
0.580823 0.392009 0.140681 3.29827 0.152802 -2.3346 0 0 10
0.580823 0.392009 0.140681 3.29827 0.152802 -2.3346 0 0 10
0.580823 0.392009 0.140681 3.29827 0.152802 -2.3346 0 0 10
0.580823 0.392009 0.140681 3.29827 0.152802 -2.3346 0 0 10
0.580823 0.392009 0.140681 3.29827 0.152802 -2.3346 0 0 10
0.580823 0.392009 0.140681 3.29827 0.152802 -2.3346 0 0 10
0.580823 0.392009 0.140681 3.29827 0.152802 -2.3346 0 0 10
0.580823 0.392009 0.140681 3.29827 0.152802 -2.3346 0 0 10
0.580823 0.392009 0.140681 3.29827 0.152802 -2.3346 0 0 10
0.580823 0.392009 0.140681 3.29827 0.152802 -2.3346 0 0 10
0.580823 0.392009 0.140681 3.29827 0.152802 -2.3346 0 0 10
0.580823 0.392009 0.140681 3.29827 0.152802 -2.3346 0 0 10
0.580823 0.392009 0.140681 3.29827 0.152802 -2.3346 0 0 10
0.580823 0.392009 0.140681 3.29827 0.152802 -2.3346 0 0 10
0.580823 0.392009 0.140681 3.29827 0.152802 -2.3346 0 0 10
0.580823 0.392009 0.140681 3.29827 0.152802 -2.3346 0 0 10
0.580823 0.392009 0.140681 3.29827 0.152802 -2.3346 0 0 10
0.580823 0.392009 0.140681 3.29827 0.152802 -2.3346 0 0 10
0.580823 0.392009 0.140681 3.29827 0.152802 -2.3346 0 0 10
0.580823 0.392009 0.140681 3.29827 0.152802 -2.3346 0 0 10
0.580823 0.392009 0.140681 3.29827 0.152802 -2.3346 0 0 10
0.580823 0.392009 0.140681 3.29827 0.152802 -2.3346 0 0 10
0.580823 0.392009 0.140681 3.29827 0.152802 -2.3346 0 0 10
0.580823 0.392009 0.140681 3.29827 0.152802 -2.3346 0 0 10
0.580823 0.392009 0.140681 3.29827 0.152802 -2.3346 0 0 10
0.580823 0.392009 0.140681 3.29827 0.152802 -2.3346 0 0 10
0.580823 0.392009 0.140681 3.29827 0.152802 -2.3346 0 0 10
0.580823 0.392009 0.140681 3.29827 0.152802 -2.3346 0 0 10
0.580823 0.392009 0.140681 3.29827 0.152802 -2.3346 0 0 10
0.580823 0.392009 0.140681 3.29827 0.152802 -2.3346 0 0 10
0.580823 0.392009 0.140681 3.29827 0.152802 -2.3346 0 0 10
0.580823 0.392009 0.140681 3.29827 0.152802 -2.3346 0 0 10
0.580823 0.392009 0.140681 3.29827 0.152802 -2.3346 0 0 10
0.580823 0.392009 0.140681 3.29827 0.152802 -2.3346 0 0 10
0.580823 0.392009 0.140681 3.29827 0.152802 -2.3346 0 0 10
0.580823 0.392009 0.140681 3.29827 0.152802 -2.3346 0 0 10
0.580823 0.392009 0.140681 3.29827 0.152802 -2.3346 0 0 10
0.580823 0.392009 0.140681 3.29827 0.152802 -2.3346 0 0 10
0.580823 0.392009 0.140681 3.29827 0.152802 -2.3346 0 0 10
0.580823 0.392009 0.140681 3.29827 0.152802 -2.3346 0 0 10
0.580823 0.392009 0.140681 3.29827 0.152802 -2.3346 0 0 10
0.580823 0.392009 0.140681 3.29827 0.152802 -2.3346 0 0 10
0.580823 0.392009 0.140681 3.29827 0.152802 -2.3346 0 0 10
0.580823 0.392009 0.140681 3.29827 0.152802 -2.3346 0 0 10
0.580823 0.392009 0.140681 3.29827 0.152802 -2.3346 0 0 10
0.580823 0.392009 0.140681 3.29827 0.152802 -2.3346 0 0 10
0.580823 0.392009 0.140681 3.29827 0.152802 -2.3346 0 0 10
0.580823 0.392009 0.140681 3.29827 0.152802 -2.3346 0 0 10
0.580823 0.392009 0.140681 3.29827 0.152802 -2.3346 0 0 10
0.580823 0.392009 0.140681 3.29827 0.152802 -2.3346 0 0 10
0.580823 0.392009 0.140681 3.29827 0.152802 -2.3346 0 0 10
0.580823 0.392009 0.140681 3.29827 0.152802 -2.3346 0 0 10
0.580823 0.392009 0.140681 3.29827 0.152802 -2.3346 0 0 10
0.580823 0.392009 0.140681 3.29827 0.152802 -2.3346 0 0 10
0.580823 0.392009 0.140681 3.29827 0.152802 -2.3346 0 0 10
0.580823 0.392009 0.140681 3.29827 0.152802 -2.3346 0 0 10
0.580823 0.392009 0.140681 3.29827 0.152802 -2.3346 0 0 10
0.580823 0.392009 0.140681 3.29827 0.152802 -2.3346 0 0 10
0.580823 0.392009 0.140681 3.29827 0.152802 -2.3346 0 0 10
0.580823 0.392009 0.140681 3.29827 0.152802 -2.3346 0 0 10
0.580823 0.392009 0.140681 3.29827 0.152802 -2.3346 0 0 10
0.580823 0.392009 0.140681 3.29827 0.152802 -2.3346 0 0 10
0.580823 0.392009 0.140681 3.29827 0.152802 -2.3346 0 0 10
0.580823 0.392009 0.140681 3.29827 0.152802 -2.3346 0 0 10
0.580823 0.392009 0.140681 3.29827 0.152802 -2.3346 0 0 10
0.580823 0.392009 0.140681 3.29827 0.152802 -2.3346 0 0 10
0.580823 0.392009 0.140681 3.29827 0.152802 -2.3346 0 0 10
0.580823 0.392009 0.140681 3.29827 0.152802 -2.3346 0 0 10
0.580823 0.392009 0.140681 3.29827 0.152802 -2.3346 0 0 10
0.580823 0.392009 0.140681 3.29827 0.152802 -2.3346 0 0 10
0.580823 0.392009 0.140681 3.29827 0.152802 -2.3346 0 0 10
0.580823 0.392009 0.140681 3.29827 0.152802 -2.3346 0 0 10
0.580823 0.392009 0.140681 3.29827 0.152802 -2.3346 0 0 10
0.580823 0.392009 0.140681 3.29827 0.152802 -2.3346 0 0 10
0.580823 0.392009 0.140681 3.29827 0.152802 -2.3346 0 0 10
0.580823 0.392009 0.140681 3.29827 0.152802 -2.3346 0 0 10
0.580823 0.392009 0.140681 3.29827 0.152802 -2.3346 0 0 10
0.580823 0.392009 0.140681 3.29827 0.152802 -2.3346 0 0 10
0.580823 0.392009 0.140681 3.29827 0.152802 -2.3346 0 0 10
0.580823 0.392009 0.140681 3.29827 0.152802 -2.3346 0 0 10
0.580823 0.392009 0.140681 3.29827 0.152802 -2.3346 0 0 10
0.580823 0.392009 0.140681 3.29827 0.152802 -2.3346 0 0 10
0.580823 0.392009 0.140681 3.29827 0.152802 -2.3346 0 0 10
0.580823 0.392009 0.140681 3.29827 0.152802 -2.3346 0 0 10
0.580823 0.392009 0.140681 3.29827 0.152802 -2.3346 0 0 10
0.580823 0.392009 0.140681 3.29827 0.152802 -2.3346 0 0 10
0.580823 0.392009 0.140681 3.29827 0.152802 -2.3346 0 0 10
0.580823 0.392009 0.140681 3.29827 0.152802 -2.3346 0 0 10
0.580823 0.392009 0.140681 3.29827 0.152802 -2.3346 0 0 10
0.580823 0.392009 0.140681 3.29827 0.152802 -2.3346 0 0 10
0.580823 0.392009 0.140681 3.29827 0.152802 -2.3346 0 0 10
0.580823 0.392009 0.140681 3.29827 0.152802 -2.3346 0 0 10
0.580823 0.392009 0.140681 3.29827 0.152802 -2.3346 0 0 10
0.580823 0.392009 0.140681 3.29827 0.152802 -2.3346 0 0 10
0.580823 0.392009 0.140681 3.29827 0.152802 -2.3346 0 0 10
0.580823 0.392009 0.140681 3.29827 0.152802 -2.3346 0 0 10
0.580823 0.392009 0.140681 3.29827 0.152802 -2.3346 0 0 10
0.580823 0.392009 0.140681 3.29827 0.152802 -2.3346 0 0 10
0.580823 0.392009 0.140681 3.29827 0.152802 -2.3346 0 0 10
0.580823 0.392009 0.140681 3.29827 0.152802 -2.3346 0 0 10
0.580823 0.392009 0.140681 3.29827 0.152802 -2.3346 0 0 10
0.580823 0.392009 0.140681 3.29827 0.152802 -2.3346 0 0 10
0.580823 0.392009 0.140681 3.29827 0.152802 -2.3346 0 0 10
0.580823 0.392009 0.140681 3.29827 0.152802 -2.3346 0 0 10
0.580823 0.392009 0.140681 3.29827 0.152802 -2.3346 0 0 10
0.580823 0.392009 0.140681 3.29827 0.152802 -2.3346 0 0 10
0.580823 0.392009 0.140681 3.29827 0.152802 -2.3346 0 0 10
0.580823 0.392009 0.140681 3.29827 0.152802 -2.3346 0 0 10
0.580823 0.392009 0.140681 3.29827 0.152802 -2.3346 0 0 10
0.580823 0.392009 0.140681 3.29827 0.152802 -2.3346 0 0 10
0.580823 0.392009 0.140681 3.29827 0.152802 -2.3346 0 0 10
0.580823 0.392009 0.140681 3.29827 0.152802 -2.3346 0 0 10
0.580823 0.392009 0.140681 3.29827 0.152802 -2.3346 0 0 10
0.580823 0.392009 0.140681 3.29827 0.152802 -2.3346 0 0 10
0.580823 0.392009 0.140681 3.29827 0.152802 -2.3346 0 0 10
0.580823 0.392009 0.140681 3.29827 0.152802 -2.3346 0 0 10
0.580823 0.392009 0.140681 3.29827 0.152802 -2.3346 0 0 10
0.580823 0.392009 0.140681 3.29827 0.152802 -2.3346 0 0 10
0.580823 0.392009 0.140681 3.29827 0.152802 -2.3346 0 0 10
0.580823 0.392009 0.140681 3.29827 0.152802 -2.3346 0 0 10
0.580823 0.392009 0.140681 3.29827 0.152802 -2.3346 0 0 10
0.580823 0.392009 0.140681 3.29827 0.152802 -2.3346 0 0 10
0.580823 0.392009 0.140681 3.29827 0.152802 -2.3346 0 0 10
0.580823 0.392009 0.140681 3.29827 0.152802 -2.3346 0 0 10
0.580823 0.392009 0.140681 3.29827 0.152802 -2.3346 0 0 10
0.580823 0.392009 0.140681 3.29827 0.152802 -2.3346 0 0 10
0.580823 0.392009 0.140681 3.29827 0.152802 -2.3346 0 0 10
0.580823 0.392009 0.140681 3.29827 0.152802 -2.3346 0 0 10
0.580823 0.392009 0.140681 3.29827 0.152802 -2.3346 0 0 10
0.580823 0.392009 0.140681 3.29827 0.152802 -2.3346 0 0 10
0.580823 0.392009 0.140681 3.29827 0.152802 -2.3346 0 0 10
0.580823 0.392009 0.140681 3.29827 0.152802 -2.3346 0 0 10
0.580823 0.392009 0.140681 3.29827 0.152802 -2.3346 0 0 10
0.580823 0.392009 0.140681 3.29827 0.152802 -2.3346 0 0 10
0.580823 0.392009 0.140681 3.29827 0.152802 -2.3346 0 0 10
0.580823 0.392009 0.140681 3.29827 0.152802 -2.3346 0 0 10
0.580823 0.392009 0.140681 3.29827 0.152802 -2.3346 0 0 10
0.580823 0.392009 0.140681 3.29827 0.152802 -2.3346 0 0 10
0.580823 0.392009 0.140681 3.29827 0.152802 -2.3346 0 0 10
0.580823 0.392009 0.140681 3.29827 0.152802 -2.3346 0 0 10
0.580823 0.392009 0.140681 3.29827 0.152802 -2.3346 0 0 10
0.580823 0.392009 0.140681 3.29827 0.152802 -2.3346 0 0 10
0.580823 0.392009 0.140681 3.29827 0.152802 -2.3346 0 0 10
0.580823 0.392009 0.140681 3.29827 0.152802 -2.3346 0 0 10
0.580823 0.392009 0.140681 3.29827 0.152802 -2.3346 0 0 10
0.580823 0.392009 0.140681 3.29827 0.152802 -2.3346 0 0 10
0.580823 0.392009 0.140681 3.29827 0.152802 -2.3346 0 0 10
0.580823 0.392009 0.140681 3.29827 0.152802 -2.3346 0 0 10
0.580823 0.392009 0.140681 3.29827 0.152802 -2.3346 0 0 10
0.580823 0.392009 0.140681 3.29827 0.152802 -2.3346 0 0 10
0.580823 0.392009 0.140681 3.29827 0.152802 -2.3346 0 0 10
0.580823 0.392009 0.140681 3.29827 0.152802 -2.3346 0 0 10
0.580823 0.392009 0.140681 3.29827 0.152802 -2.3346 0 0 10
0.580823 0.392009 0.140681 3.29827 0.152802 -2.3346 0 0 10
0.580823 0.392009 0.140681 3.29827 0.152802 -2.3346 0 0 10
0.580823 0.392009 0.140681 3.29827 0.152802 -2.3346 0 0 10
0.580823 0.392009 0.140681 3.29827 0.152802 -2.3346 0 0 10
0.580823 0.392009 0.140681 3.29827 0.152802 -2.3346 0 0 10
0.580823 0.392009 0.140681 3.29827 0.152802 -2.3346 0 0 10
0.580823 0.392009 0.140681 3.29827 0.152802 -2.3346 0 0 10
0.580823 0.392009 0.140681 3.29827 0.152802 -2.3346 0 0 10
0.580823 0.392009 0.140681 3.29827 0.152802 -2.3346 0 0 10
0.580823 0.392009 0.140681 3.29827 0.152802 -2.3346 0 0 10
0.580823 0.392009 0.140681 3.29827 0.152802 -2.3346 0 0 10
0.580823 0.392009 0.140681 3.29827 0.152802 -2.3346 0 0 10
0.580823 0.392009 0.140681 3.29827 0.152802 -2.3346 0 0 10
0.580823 0.392009 0.140681 3.29827 0.152802 -2.3346 0 0 10
0.580823 0.392009 0.140681 3.29827 0.152802 -2.3346 0 0 10
0.580823 0.392009 0.140681 3.29827 0.152802 -2.3346 0 0 10
0.580823 0.392009 0.140681 3.29827 0.152802 -2.3346 0 0 10
0.580823 0.392009 0.140681 3.29827 0.152802 -2.3346 0 0 10
0.580823 0.392009 0.140681 3.29827 0.152802 -2.3346 0 0 10
0.580823 0.392009 0.140681 3.29827 0.152802 -2.3346 0 0 10
0.580823 0.392009 0.140681 3.29827 0.152802 -2.3346 0 0 10
0.580823 0.392009 0.140681 3.29827 0.152802 -2.3346 0 0 10
0.580823 0.392009 0.140681 3.29827 0.152802 -2.3346 0 0 10
0.580823 0.392009 0.140681 3.29827 0.152802 -2.3346 0 0 10
0.580823 0.392009 0.140681 3.29827 0.152802 -2.3346 0 0 10
0.580823 0.392009 0.140681 3.29827 0.152802 -2.3346 0 0 10
0.580823 0.392009 0.140681 3.29827 0.152802 -2.3346 0 0 10
0.580823 0.392009 0.140681 3.29827 0.152802 -2.3346 0 0 10
0.580823 0.392009 0.140681 3.29827 0.152802 -2.3346 0 0 10
0.580823 0.392009 0.140681 3.29827 0.152802 -2.3346 0 0 10
0.580823 0.392009 0.140681 3.29827 0.152802 -2.3346 0 0 10
0.580823 0.392009 0.140681 3.29827 0.152802 -2.3346 0 0 10
0.580823 0.392009 0.140681 3.29827 0.152802 -2.3346 0 0 10
0.580823 0.392009 0.140681 3.29827 0.152802 -2.3346 0 0 10
0.580823 0.392009 0.140681 3.29827 0.152802 -2.3346 0 0 10
0.580823 0.392009 0.140681 3.29827 0.152802 -2.3346 0 0 10
0.580823 0.392009 0.140681 3.29827 0.152802 -2.3346 0 0 10
0.580823 0.392009 0.140681 3.29827 0.152802 -2.3346 0 0 10
0.580823 0.392009 0.140681 3.29827 0.152802 -2.3346 0 0 10
0.580823 0.392009 0.140681 3.29827 0.152802 -2.3346 0 0 10
0.580823 0.392009 0.140681 3.29827 0.152802 -2.3346 0 0 10
0.580823 0.392009 0.140681 3.29827 0.152802 -2.3346 0 0 10
0.580823 0.392009 0.140681 3.29827 0.152802 -2.3346 0 0 10
0.580823 0.392009 0.140681 3.29827 0.152802 -2.3346 0 0 10
0.580823 0.392009 0.140681 3.29827 0.152802 -2.3346 0 0 10
0.580823 0.392009 0.140681 3.29827 0.152802 -2.3346 0 0 10
0.580823 0.392009 0.140681 3.29827 0.152802 -2.3346 0 0 10
0.580823 0.392009 0.140681 3.29827 0.152802 -2.3346 0 0 10
0.580823 0.392009 0.140681 3.29827 0.152802 -2.3346 0 0 10
0.580823 0.392009 0.140681 3.29827 0.152802 -2.3346 0 0 10
0.580823 0.392009 0.140681 3.29827 0.152802 -2.3346 0 0 10
0.580823 0.392009 0.140681 3.29827 0.152802 -2.3346 0 0 10
0.580823 0.392009 0.140681 3.29827 0.152802 -2.3346 0 0 10
0.580823 0.392009 0.140681 3.29827 0.152802 -2.3346 0 0 10
0.580823 0.392009 0.140681 3.29827 0.152802 -2.3346 0 0 10
0.580823 0.392009 0.140681 3.29827 0.152802 -2.3346 0 0 10
0.580823 0.392009 0.140681 3.29827 0.152802 -2.3346 0 0 10
0.580823 0.392009 0.140681 3.29827 0.152802 -2.3346 0 0 10
0.580823 0.392009 0.140681 3.29827 0.152802 -2.3346 0 0 10
0.580823 0.392009 0.140681 3.29827 0.152802 -2.3346 0 0 10
0.580823 0.392009 0.140681 3.29827 0.152802 -2.3346 0 0 10
0.580823 0.392009 0.140681 3.29827 0.152802 -2.3346 0 0 10
0.580823 0.392009 0.140681 3.29827 0.152802 -2.3346 0 0 10
0.580823 0.392009 0.140681 3.29827 0.152802 -2.3346 0 0 10
0.580823 0.392009 0.140681 3.29827 0.152802 -2.3346 0 0 10
0.580823 0.392009 0.140681 3.29827 0.152802 -2.3346 0 0 10
0.580823 0.392009 0.140681 3.29827 0.152802 -2.3346 0 0 10
0.580823 0.392009 0.140681 3.29827 0.152802 -2.3346 0 0 10
0.580823 0.392009 0.140681 3.29827 0.152802 -2.3346 0 0 10
0.580823 0.392009 0.140681 3.29827 0.152802 -2.3346 0 0 10
0.580823 0.392009 0.140681 3.29827 0.152802 -2.3346 0 0 10
0.580823 0.392009 0.140681 3.29827 0.152802 -2.3346 0 0 10
0.580823 0.392009 0.140681 3.29827 0.152802 -2.3346 0 0 10
0.580823 0.392009 0.140681 3.29827 0.152802 -2.3346 0 0 10
0.580823 0.392009 0.140681 3.29827 0.152802 -2.3346 0 0 10
0.580823 0.392009 0.140681 3.29827 0.152802 -2.3346 0 0 10
0.580823 0.392009 0.140681 3.29827 0.152802 -2.3346 0 0 10
0.580823 0.392009 0.140681 3.29827 0.152802 -2.3346 0 0 10
0.580823 0.392009 0.140681 3.29827 0.152802 -2.3346 0 0 10
0.580823 0.392009 0.140681 3.29827 0.152802 -2.3346 0 0 10
0.580823 0.392009 0.140681 3.29827 0.152802 -2.3346 0 0 10
0.580823 0.392009 0.140681 3.29827 0.152802 -2.3346 0 0 10
0.580823 0.392009 0.140681 3.29827 0.152802 -2.3346 0 0 10
0.580823 0.392009 0.140681 3.29827 0.152802 -2.3346 0 0 10
0.580823 0.392009 0.140681 3.29827 0.152802 -2.3346 0 0 10
0.580823 0.392009 0.140681 3.29827 0.152802 -2.3346 0 0 10
0.580823 0.392009 0.140681 3.29827 0.152802 -2.3346 0 0 10
0.580823 0.392009 0.140681 3.29827 0.152802 -2.3346 0 0 10
0.580823 0.392009 0.140681 3.29827 0.152802 -2.3346 0 0 10
0.580823 0.392009 0.140681 3.29827 0.152802 -2.3346 0 0 10
0.580823 0.392009 0.140681 3.29827 0.152802 -2.3346 0 0 10
0.580823 0.392009 0.140681 3.29827 0.152802 -2.3346 0 0 10
0.580823 0.392009 0.140681 3.29827 0.152802 -2.3346 0 0 10
0.580823 0.392009 0.140681 3.29827 0.152802 -2.3346 0 0 10
0.580823 0.392009 0.140681 3.29827 0.152802 -2.3346 0 0 10
0.580823 0.392009 0.140681 3.29827 0.152802 -2.3346 0 0 10
0.580823 0.392009 0.140681 3.29827 0.152802 -2.3346 0 0 10
0.580823 0.392009 0.140681 3.29827 0.152802 -2.3346 0 0 10
0.580823 0.392009 0.140681 3.29827 0.152802 -2.3346 0 0 10
0.580823 0.392009 0.140681 3.29827 0.152802 -2.3346 0 0 10
0.580823 0.392009 0.140681 3.29827 0.152802 -2.3346 0 0 10
0.580823 0.392009 0.140681 3.29827 0.152802 -2.3346 0 0 10
0.580823 0.392009 0.140681 3.29827 0.152802 -2.3346 0 0 10
0.580823 0.392009 0.140681 3.29827 0.152802 -2.3346 0 0 10
0.580823 0.392009 0.140681 3.29827 0.152802 -2.3346 0 0 10
0.580823 0.392009 0.140681 3.29827 0.152802 -2.3346 0 0 10
0.580823 0.392009 0.140681 3.29827 0.152802 -2.3346 0 0 10
0.580823 0.392009 0.140681 3.29827 0.152802 -2.3346 0 0 10
0.580823 0.392009 0.140681 3.29827 0.152802 -2.3346 0 0 10
0.580823 0.392009 0.140681 3.29827 0.152802 -2.3346 0 0 10
0.580823 0.392009 0.140681 3.29827 0.152802 -2.3346 0 0 10
0.580823 0.392009 0.140681 3.29827 0.152802 -2.3346 0 0 10
0.580823 0.392009 0.140681 3.29827 0.152802 -2.3346 0 0 10
0.580823 0.392009 0.140681 3.29827 0.152802 -2.3346 0 0 10
0.580823 0.392009 0.140681 3.29827 0.152802 -2.3346 0 0 10
0.580823 0.392009 0.140681 3.29827 0.152802 -2.3346 0 0 10
0.580823 0.392009 0.140681 3.29827 0.152802 -2.3346 0 0 10
0.580823 0.392009 0.140681 3.29827 0.152802 -2.3346 0 0 10
0.580823 0.392009 0.140681 3.29827 0.152802 -2.3346 0 0 10
0.580823 0.392009 0.140681 3.29827 0.152802 -2.3346 0 0 10
0.580823 0.392009 0.140681 3.29827 0.152802 -2.3346 0 0 10
0.580823 0.392009 0.140681 3.29827 0.152802 -2.3346 0 0 10
0.580823 0.392009 0.140681 3.29827 0.152802 -2.3346 0 0 10
0.580823 0.392009 0.140681 3.29827 0.152802 -2.3346 0 0 10
0.580823 0.392009 0.140681 3.29827 0.152802 -2.3346 0 0 10
0.580823 0.392009 0.140681 3.29827 0.152802 -2.3346 0 0 10
0.580823 0.392009 0.140681 3.29827 0.152802 -2.3346 0 0 10
0.580823 0.392009 0.140681 3.29827 0.152802 -2.3346 0 0 10
0.580823 0.392009 0.140681 3.29827 0.152802 -2.3346 0 0 10
0.580823 0.392009 0.140681 3.29827 0.152802 -2.3346 0 0 10
0.580823 0.392009 0.140681 3.29827 0.152802 -2.3346 0 0 10
0.580823 0.392009 0.140681 3.29827 0.152802 -2.3346 0 0 10
0.580823 0.392009 0.140681 3.29827 0.152802 -2.3346 0 0 10
0.580823 0.392009 0.140681 3.29827 0.152802 -2.3346 0 0 10
0.580823 0.392009 0.140681 3.29827 0.152802 -2.3346 0 0 10
0.580823 0.392009 0.140681 3.29827 0.152802 -2.3346 0 0 10
0.580823 0.392009 0.140681 3.29827 0.152802 -2.3346 0 0 10
0.580823 0.392009 0.140681 3.29827 0.152802 -2.3346 0 0 10
0.580823 0.392009 0.140681 3.29827 0.152802 -2.3346 0 0 10
0.580823 0.392009 0.140681 3.29827 0.152802 -2.3346 0 0 10
0.580823 0.392009 0.140681 3.29827 0.152802 -2.3346 0 0 10
0.580823 0.392009 0.140681 3.29827 0.152802 -2.3346 0 0 10
0.580823 0.392009 0.140681 3.29827 0.152802 -2.3346 0 0 10
0.580823 0.392009 0.140681 3.29827 0.152802 -2.3346 0 0 10
0.580823 0.392009 0.140681 3.29827 0.152802 -2.3346 0 0 10
0.580823 0.392009 0.140681 3.29827 0.152802 -2.3346 0 0 10
0.580823 0.392009 0.140681 3.29827 0.152802 -2.3346 0 0 10
0.580823 0.392009 0.140681 3.29827 0.152802 -2.3346 0 0 10
0.580823 0.392009 0.140681 3.29827 0.152802 -2.3346 0 0 10
0.580823 0.392009 0.140681 3.29827 0.152802 -2.3346 0 0 10
0.580823 0.392009 0.140681 3.29827 0.152802 -2.3346 0 0 10
0.580823 0.392009 0.140681 3.29827 0.152802 -2.3346 0 0 10
0.580823 0.392009 0.140681 3.29827 0.152802 -2.3346 0 0 10
0.580823 0.392009 0.140681 3.29827 0.152802 -2.3346 0 0 10
0.580823 0.392009 0.140681 3.29827 0.152802 -2.3346 0 0 10
0.580823 0.392009 0.140681 3.29827 0.152802 -2.3346 0 0 10
0.580823 0.392009 0.140681 3.29827 0.152802 -2.3346 0 0 10
0.580823 0.392009 0.140681 3.29827 0.152802 -2.3346 0 0 10
0.580823 0.392009 0.140681 3.29827 0.152802 -2.3346 0 0 10
0.580823 0.392009 0.140681 3.29827 0.152802 -2.3346 0 0 10
0.580823 0.392009 0.140681 3.29827 0.152802 -2.3346 0 0 10
0.580823 0.392009 0.140681 3.29827 0.152802 -2.3346 0 0 10
0.580823 0.392009 0.140681 3.29827 0.152802 -2.3346 0 0 10
0.580823 0.392009 0.140681 3.29827 0.152802 -2.3346 0 0 10
0.580823 0.392009 0.140681 3.29827 0.152802 -2.3346 0 0 10
0.580823 0.392009 0.140681 3.29827 0.152802 -2.3346 0 0 10
0.580823 0.392009 0.140681 3.29827 0.152802 -2.3346 0 0 10
0.580823 0.392009 0.140681 3.29827 0.152802 -2.3346 0 0 10
0.580823 0.392009 0.140681 3.29827 0.152802 -2.3346 0 0 10
0.580823 0.392009 0.140681 3.29827 0.152802 -2.3346 0 0 10
0.580823 0.392009 0.140681 3.29827 0.152802 -2.3346 0 0 10
0.580823 0.392009 0.140681 3.29827 0.152802 -2.3346 0 0 10
0.580823 0.392009 0.140681 3.29827 0.152802 -2.3346 0 0 10
0.580823 0.392009 0.140681 3.29827 0.152802 -2.3346 0 0 10
0.580823 0.392009 0.140681 3.29827 0.152802 -2.3346 0 0 10
0.580823 0.392009 0.140681 3.29827 0.152802 -2.3346 0 0 10
0.580823 0.392009 0.140681 3.29827 0.152802 -2.3346 0 0 10
0.580823 0.392009 0.140681 3.29827 0.152802 -2.3346 0 0 10
0.580823 0.392009 0.140681 3.29827 0.152802 -2.3346 0 0 10
0.580823 0.392009 0.140681 3.29827 0.152802 -2.3346 0 0 10
0.580823 0.392009 0.140681 3.29827 0.152802 -2.3346 0 0 10
0.580823 0.392009 0.140681 3.29827 0.152802 -2.3346 0 0 10
0.580823 0.392009 0.140681 3.29827 0.152802 -2.3346 0 0 10
0.580823 0.392009 0.140681 3.29827 0.152802 -2.3346 0 0 10
0.580823 0.392009 0.140681 3.29827 0.152802 -2.3346 0 0 10
0.580823 0.392009 0.140681 3.29827 0.152802 -2.3346 0 0 10
0.580823 0.392009 0.140681 3.29827 0.152802 -2.3346 0 0 10
0.580823 0.392009 0.140681 3.29827 0.152802 -2.3346 0 0 10
0.580823 0.392009 0.140681 3.29827 0.152802 -2.3346 0 0 10
0.580823 0.392009 0.140681 3.29827 0.152802 -2.3346 0 0 10
0.580823 0.392009 0.140681 3.29827 0.152802 -2.3346 0 0 10
0.580823 0.392009 0.140681 3.29827 0.152802 -2.3346 0 0 10
0.580823 0.392009 0.140681 3.29827 0.152802 -2.3346 0 0 10
0.580823 0.392009 0.140681 3.29827 0.152802 -2.3346 0 0 10
0.580823 0.392009 0.140681 3.29827 0.152802 -2.3346 0 0 10
0.580823 0.392009 0.140681 3.29827 0.152802 -2.3346 0 0 10
0.580823 0.392009 0.140681 3.29827 0.152802 -2.3346 0 0 10
0.580823 0.392009 0.140681 3.29827 0.152802 -2.3346 0 0 10
0.580823 0.392009 0.140681 3.29827 0.152802 -2.3346 0 0 10
0.580823 0.392009 0.140681 3.29827 0.152802 -2.3346 0 0 10
0.580823 0.392009 0.140681 3.29827 0.152802 -2.3346 0 0 10
0.580823 0.392009 0.140681 3.29827 0.152802 -2.3346 0 0 10
0.580823 0.392009 0.140681 3.29827 0.152802 -2.3346 0 0 10
0.580823 0.392009 0.140681 3.29827 0.152802 -2.3346 0 0 10
0.580823 0.392009 0.140681 3.29827 0.152802 -2.3346 0 0 10
0.580823 0.392009 0.140681 3.29827 0.152802 -2.3346 0 0 10
0.580823 0.392009 0.140681 3.29827 0.152802 -2.3346 0 0 10
0.580823 0.392009 0.140681 3.29827 0.152802 -2.3346 0 0 10
0.580823 0.392009 0.140681 3.29827 0.152802 -2.3346 0 0 10
0.580823 0.392009 0.140681 3.29827 0.152802 -2.3346 0 0 10
0.580823 0.392009 0.140681 3.29827 0.152802 -2.3346 0 0 10
0.580823 0.392009 0.140681 3.29827 0.152802 -2.3346 0 0 10
0.580823 0.392009 0.140681 3.29827 0.152802 -2.3346 0 0 10
0.580823 0.392009 0.140681 3.29827 0.152802 -2.3346 0 0 10
0.580823 0.392009 0.140681 3.29827 0.152802 -2.3346 0 0 10
0.580823 0.392009 0.140681 3.29827 0.152802 -2.3346 0 0 10
0.580823 0.392009 0.140681 3.29827 0.152802 -2.3346 0 0 10
0.580823 0.392009 0.140681 3.29827 0.152802 -2.3346 0 0 10
0.580823 0.392009 0.140681 3.29827 0.152802 -2.3346 0 0 10
0.580823 0.392009 0.140681 3.29827 0.152802 -2.3346 0 0 10
0.580823 0.392009 0.140681 3.29827 0.152802 -2.3346 0 0 10
0.580823 0.392009 0.140681 3.29827 0.152802 -2.3346 0 0 10
0.580823 0.392009 0.140681 3.29827 0.152802 -2.3346 0 0 10
0.580823 0.392009 0.140681 3.29827 0.152802 -2.3346 0 0 10
0.580823 0.392009 0.140681 3.29827 0.152802 -2.3346 0 0 10
0.580823 0.392009 0.140681 3.29827 0.152802 -2.3346 0 0 10
0.580823 0.392009 0.140681 3.29827 0.152802 -2.3346 0 0 10
0.580823 0.392009 0.140681 3.29827 0.152802 -2.3346 0 0 10
0.580823 0.392009 0.140681 3.29827 0.152802 -2.3346 0 0 10
0.580823 0.392009 0.140681 3.29827 0.152802 -2.3346 0 0 10
0.580823 0.392009 0.140681 3.29827 0.152802 -2.3346 0 0 10
0.580823 0.392009 0.140681 3.29827 0.152802 -2.3346 0 0 10
0.580823 0.392009 0.140681 3.29827 0.152802 -2.3346 0 0 10
0.580823 0.392009 0.140681 3.29827 0.152802 -2.3346 0 0 10
0.580823 0.392009 0.140681 3.29827 0.152802 -2.3346 0 0 10
0.580823 0.392009 0.140681 3.29827 0.152802 -2.3346 0 0 10
0.580823 0.392009 0.140681 3.29827 0.152802 -2.3346 0 0 10
0.580823 0.392009 0.140681 3.29827 0.152802 -2.3346 0 0 10
0.580823 0.392009 0.140681 3.29827 0.152802 -2.3346 0 0 10
0.580823 0.392009 0.140681 3.29827 0.152802 -2.3346 0 0 10
0.580823 0.392009 0.140681 3.29827 0.152802 -2.3346 0 0 10
0.580823 0.392009 0.140681 3.29827 0.152802 -2.3346 0 0 10
0.580823 0.392009 0.140681 3.29827 0.152802 -2.3346 0 0 10
0.580823 0.392009 0.140681 3.29827 0.152802 -2.3346 0 0 10
0.580823 0.392009 0.140681 3.29827 0.152802 -2.3346 0 0 10
0.580823 0.392009 0.140681 3.29827 0.152802 -2.3346 0 0 10
0.580823 0.392009 0.140681 3.29827 0.152802 -2.3346 0 0 10
0.580823 0.392009 0.140681 3.29827 0.152802 -2.3346 0 0 10
0.580823 0.392009 0.140681 3.29827 0.152802 -2.3346 0 0 10
0.580823 0.392009 0.140681 3.29827 0.152802 -2.3346 0 0 10
0.580823 0.392009 0.140681 3.29827 0.152802 -2.3346 0 0 10
0.580823 0.392009 0.140681 3.29827 0.152802 -2.3346 0 0 10
0.580823 0.392009 0.140681 3.29827 0.152802 -2.3346 0 0 10
0.580823 0.392009 0.140681 3.29827 0.152802 -2.3346 0 0 10
0.580823 0.392009 0.140681 3.29827 0.152802 -2.3346 0 0 10
0.580823 0.392009 0.140681 3.29827 0.152802 -2.3346 0 0 10
0.580823 0.392009 0.140681 3.29827 0.152802 -2.3346 0 0 10
0.580823 0.392009 0.140681 3.29827 0.152802 -2.3346 0 0 10
0.580823 0.392009 0.140681 3.29827 0.152802 -2.3346 0 0 10
0.580823 0.392009 0.140681 3.29827 0.152802 -2.3346 0 0 10
0.580823 0.392009 0.140681 3.29827 0.152802 -2.3346 0 0 10
0.580823 0.392009 0.140681 3.29827 0.152802 -2.3346 0 0 10
0.580823 0.392009 0.140681 3.29827 0.152802 -2.3346 0 0 10
0.580823 0.392009 0.140681 3.29827 0.152802 -2.3346 0 0 10
0.580823 0.392009 0.140681 3.29827 0.152802 -2.3346 0 0 10
0.580823 0.392009 0.140681 3.29827 0.152802 -2.3346 0 0 10
0.580823 0.392009 0.140681 3.29827 0.152802 -2.3346 0 0 10
0.580823 0.392009 0.140681 3.29827 0.152802 -2.3346 0 0 10
0.580823 0.392009 0.140681 3.29827 0.152802 -2.3346 0 0 10
0.580823 0.392009 0.140681 3.29827 0.152802 -2.3346 0 0 10
0.580823 0.392009 0.140681 3.29827 0.152802 -2.3346 0 0 10
0.580823 0.392009 0.140681 3.29827 0.152802 -2.3346 0 0 10
0.580823 0.392009 0.140681 3.29827 0.152802 -2.3346 0 0 10
0.580823 0.392009 0.140681 3.29827 0.152802 -2.3346 0 0 10
0.580823 0.392009 0.140681 3.29827 0.152802 -2.3346 0 0 10
0.580823 0.392009 0.140681 3.29827 0.152802 -2.3346 0 0 10
0.580823 0.392009 0.140681 3.29827 0.152802 -2.3346 0 0 10
0.580823 0.392009 0.140681 3.29827 0.152802 -2.3346 0 0 10
0.580823 0.392009 0.140681 3.29827 0.152802 -2.3346 0 0 10
0.580823 0.392009 0.140681 3.29827 0.152802 -2.3346 0 0 10
0.580823 0.392009 0.140681 3.29827 0.152802 -2.3346 0 0 10
0.580823 0.392009 0.140681 3.29827 0.152802 -2.3346 0 0 10
0.580823 0.392009 0.140681 3.29827 0.152802 -2.3346 0 0 10
0.580823 0.392009 0.140681 3.29827 0.152802 -2.3346 0 0 10
0.580823 0.392009 0.140681 3.29827 0.152802 -2.3346 0 0 10
0.580823 0.392009 0.140681 3.29827 0.152802 -2.3346 0 0 10
0.580823 0.392009 0.140681 3.29827 0.152802 -2.3346 0 0 10
0.580823 0.392009 0.140681 3.29827 0.152802 -2.3346 0 0 10
0.580823 0.392009 0.140681 3.29827 0.152802 -2.3346 0 0 10
0.580823 0.392009 0.140681 3.29827 0.152802 -2.3346 0 0 10
0.580823 0.392009 0.140681 3.29827 0.152802 -2.3346 0 0 10
0.580823 0.392009 0.140681 3.29827 0.152802 -2.3346 0 0 10
0.580823 0.392009 0.140681 3.29827 0.152802 -2.3346 0 0 10
0.580823 0.392009 0.140681 3.29827 0.152802 -2.3346 0 0 10
0.580823 0.392009 0.140681 3.29827 0.152802 -2.3346 0 0 10
0.580823 0.392009 0.140681 3.29827 0.152802 -2.3346 0 0 10
0.580823 0.392009 0.140681 3.29827 0.152802 -2.3346 0 0 10
0.580823 0.392009 0.140681 3.29827 0.152802 -2.3346 0 0 10
0.580823 0.392009 0.140681 3.29827 0.152802 -2.3346 0 0 10
0.580823 0.392009 0.140681 3.29827 0.152802 -2.3346 0 0 10
0.580823 0.392009 0.140681 3.29827 0.152802 -2.3346 0 0 10
0.580823 0.392009 0.140681 3.29827 0.152802 -2.3346 0 0 10
0.580823 0.392009 0.140681 3.29827 0.152802 -2.3346 0 0 10
0.580823 0.392009 0.140681 3.29827 0.152802 -2.3346 0 0 10
0.580823 0.392009 0.140681 3.29827 0.152802 -2.3346 0 0 10
0.580823 0.392009 0.140681 3.29827 0.152802 -2.3346 0 0 10
0.580823 0.392009 0.140681 3.29827 0.152802 -2.3346 0 0 10
0.580823 0.392009 0.140681 3.29827 0.152802 -2.3346 0 0 10
0.580823 0.392009 0.140681 3.29827 0.152802 -2.3346 0 0 10
0.580823 0.392009 0.140681 3.29827 0.152802 -2.3346 0 0 10
0.580823 0.392009 0.140681 3.29827 0.152802 -2.3346 0 0 10
0.580823 0.392009 0.140681 3.29827 0.152802 -2.3346 0 0 10
0.580823 0.392009 0.140681 3.29827 0.152802 -2.3346 0 0 10
0.580823 0.392009 0.140681 3.29827 0.152802 -2.3346 0 0 10
0.580823 0.392009 0.140681 3.29827 0.152802 -2.3346 0 0 10
0.580823 0.392009 0.140681 3.29827 0.152802 -2.3346 0 0 10
0.580823 0.392009 0.140681 3.29827 0.152802 -2.3346 0 0 10
0.580823 0.392009 0.140681 3.29827 0.152802 -2.3346 0 0 10
0.580823 0.392009 0.140681 3.29827 0.152802 -2.3346 0 0 10
0.580823 0.392009 0.140681 3.29827 0.152802 -2.3346 0 0 10
0.580823 0.392009 0.140681 3.29827 0.152802 -2.3346 0 0 10
0.580823 0.392009 0.140681 3.29827 0.152802 -2.3346 0 0 10
0.580823 0.392009 0.140681 3.29827 0.152802 -2.3346 0 0 10
0.580823 0.392009 0.140681 3.29827 0.152802 -2.3346 0 0 10
0.580823 0.392009 0.140681 3.29827 0.152802 -2.3346 0 0 10
0.580823 0.392009 0.140681 3.29827 0.152802 -2.3346 0 0 10
0.580823 0.392009 0.140681 3.29827 0.152802 -2.3346 0 0 10
0.580823 0.392009 0.140681 3.29827 0.152802 -2.3346 0 0 10
0.580823 0.392009 0.140681 3.29827 0.152802 -2.3346 0 0 10
0.580823 0.392009 0.140681 3.29827 0.152802 -2.3346 0 0 10
0.580823 0.392009 0.140681 3.29827 0.152802 -2.3346 0 0 10
0.580823 0.392009 0.140681 3.29827 0.152802 -2.3346 0 0 10
0.580823 0.392009 0.140681 3.29827 0.152802 -2.3346 0 0 10
0.580823 0.392009 0.140681 3.29827 0.152802 -2.3346 0 0 10
0.580823 0.392009 0.140681 3.29827 0.152802 -2.3346 0 0 10
0.580823 0.392009 0.140681 3.29827 0.152802 -2.3346 0 0 10
0.580823 0.392009 0.140681 3.29827 0.152802 -2.3346 0 0 10
0.580823 0.392009 0.140681 3.29827 0.152802 -2.3346 0 0 10
0.580823 0.392009 0.140681 3.29827 0.152802 -2.3346 0 0 10
0.580823 0.392009 0.140681 3.29827 0.152802 -2.3346 0 0 10
0.580823 0.392009 0.140681 3.29827 0.152802 -2.3346 0 0 10
0.580823 0.392009 0.140681 3.29827 0.152802 -2.3346 0 0 10
0.580823 0.392009 0.140681 3.29827 0.152802 -2.3346 0 0 10
0.580823 0.392009 0.140681 3.29827 0.152802 -2.3346 0 0 10
0.580823 0.392009 0.140681 3.29827 0.152802 -2.3346 0 0 10
0.580823 0.392009 0.140681 3.29827 0.152802 -2.3346 0 0 10
0.580823 0.392009 0.140681 3.29827 0.152802 -2.3346 0 0 10
0.580823 0.392009 0.140681 3.29827 0.152802 -2.3346 0 0 10
0.580823 0.392009 0.140681 3.29827 0.152802 -2.3346 0 0 10
0.580823 0.392009 0.140681 3.29827 0.152802 -2.3346 0 0 10
0.580823 0.392009 0.140681 3.29827 0.152802 -2.3346 0 0 10
0.580823 0.392009 0.140681 3.29827 0.152802 -2.3346 0 0 10
0.580823 0.392009 0.140681 3.29827 0.152802 -2.3346 0 0 10
0.580823 0.392009 0.140681 3.29827 0.152802 -2.3346 0 0 10
0.580823 0.392009 0.140681 3.29827 0.152802 -2.3346 0 0 10
0.580823 0.392009 0.140681 3.29827 0.152802 -2.3346 0 0 10
0.580823 0.392009 0.140681 3.29827 0.152802 -2.3346 0 0 10
0.580823 0.392009 0.140681 3.29827 0.152802 -2.3346 0 0 10
0.580823 0.392009 0.140681 3.29827 0.152802 -2.3346 0 0 10
0.580823 0.392009 0.140681 3.29827 0.152802 -2.3346 0 0 10
0.580823 0.392009 0.140681 3.29827 0.152802 -2.3346 0 0 10
0.580823 0.392009 0.140681 3.29827 0.152802 -2.3346 0 0 10
0.580823 0.392009 0.140681 3.29827 0.152802 -2.3346 0 0 10
0.580823 0.392009 0.140681 3.29827 0.152802 -2.3346 0 0 10
0.580823 0.392009 0.140681 3.29827 0.152802 -2.3346 0 0 10
0.580823 0.392009 0.140681 3.29827 0.152802 -2.3346 0 0 10
0.580823 0.392009 0.140681 3.29827 0.152802 -2.3346 0 0 10
0.580823 0.392009 0.140681 3.29827 0.152802 -2.3346 0 0 10
0.580823 0.392009 0.140681 3.29827 0.152802 -2.3346 0 0 10
0.580823 0.392009 0.140681 3.29827 0.152802 -2.3346 0 0 10
0.580823 0.392009 0.140681 3.29827 0.152802 -2.3346 0 0 10
0.580823 0.392009 0.140681 3.29827 0.152802 -2.3346 0 0 10
0.580823 0.392009 0.140681 3.29827 0.152802 -2.3346 0 0 10
0.580823 0.392009 0.140681 3.29827 0.152802 -2.3346 0 0 10
0.580823 0.392009 0.140681 3.29827 0.152802 -2.3346 0 0 10
0.580823 0.392009 0.140681 3.29827 0.152802 -2.3346 0 0 10
0.580823 0.392009 0.140681 3.29827 0.152802 -2.3346 0 0 10
0.580823 0.392009 0.140681 3.29827 0.152802 -2.3346 0 0 10
0.580823 0.392009 0.140681 3.29827 0.152802 -2.3346 0 0 10
0.580823 0.392009 0.140681 3.29827 0.152802 -2.3346 0 0 10
0.580823 0.392009 0.140681 3.29827 0.152802 -2.3346 0 0 10
0.580823 0.392009 0.140681 3.29827 0.152802 -2.3346 0 0 10
0.580823 0.392009 0.140681 3.29827 0.152802 -2.3346 0 0 10
0.580823 0.392009 0.140681 3.29827 0.152802 -2.3346 0 0 10
0.580823 0.392009 0.140681 3.29827 0.152802 -2.3346 0 0 10
0.580823 0.392009 0.140681 3.29827 0.152802 -2.3346 0 0 10
0.580823 0.392009 0.140681 3.29827 0.152802 -2.3346 0 0 10
0.580823 0.392009 0.140681 3.29827 0.152802 -2.3346 0 0 10
0.580823 0.392009 0.140681 3.29827 0.152802 -2.3346 0 0 10
0.580823 0.392009 0.140681 3.29827 0.152802 -2.3346 0 0 10
0.580823 0.392009 0.140681 3.29827 0.152802 -2.3346 0 0 10
0.580823 0.392009 0.140681 3.29827 0.152802 -2.3346 0 0 10
0.580823 0.392009 0.140681 3.29827 0.152802 -2.3346 0 0 10
0.580823 0.392009 0.140681 3.29827 0.152802 -2.3346 0 0 10
0.580823 0.392009 0.140681 3.29827 0.152802 -2.3346 0 0 10
0.580823 0.392009 0.140681 3.29827 0.152802 -2.3346 0 0 10
0.580823 0.392009 0.140681 3.29827 0.152802 -2.3346 0 0 10
0.580823 0.392009 0.140681 3.29827 0.152802 -2.3346 0 0 10
0.580823 0.392009 0.140681 3.29827 0.152802 -2.3346 0 0 10
0.580823 0.392009 0.140681 3.29827 0.152802 -2.3346 0 0 10
0.580823 0.392009 0.140681 3.29827 0.152802 -2.3346 0 0 10
0.580823 0.392009 0.140681 3.29827 0.152802 -2.3346 0 0 10
0.580823 0.392009 0.140681 3.29827 0.152802 -2.3346 0 0 10
0.580823 0.392009 0.140681 3.29827 0.152802 -2.3346 0 0 10
0.580823 0.392009 0.140681 3.29827 0.152802 -2.3346 0 0 10
0.580823 0.392009 0.140681 3.29827 0.152802 -2.3346 0 0 10
0.580823 0.392009 0.140681 3.29827 0.152802 -2.3346 0 0 10
0.580823 0.392009 0.140681 3.29827 0.152802 -2.3346 0 0 10
0.580823 0.392009 0.140681 3.29827 0.152802 -2.3346 0 0 10
0.580823 0.392009 0.140681 3.29827 0.152802 -2.3346 0 0 10
0.580823 0.392009 0.140681 3.29827 0.152802 -2.3346 0 0 10
0.580823 0.392009 0.140681 3.29827 0.152802 -2.3346 0 0 10
0.580823 0.392009 0.140681 3.29827 0.152802 -2.3346 0 0 10
0.580823 0.392009 0.140681 3.29827 0.152802 -2.3346 0 0 10
0.580823 0.392009 0.140681 3.29827 0.152802 -2.3346 0 0 10
0.580823 0.392009 0.140681 3.29827 0.152802 -2.3346 0 0 10
0.580823 0.392009 0.140681 3.29827 0.152802 -2.3346 0 0 10
0.580823 0.392009 0.140681 3.29827 0.152802 -2.3346 0 0 10
0.580823 0.392009 0.140681 3.29827 0.152802 -2.3346 0 0 10
0.580823 0.392009 0.140681 3.29827 0.152802 -2.3346 0 0 10
0.580823 0.392009 0.140681 3.29827 0.152802 -2.3346 0 0 10
0.580823 0.392009 0.140681 3.29827 0.152802 -2.3346 0 0 10
0.580823 0.392009 0.140681 3.29827 0.152802 -2.3346 0 0 10
0.580823 0.392009 0.140681 3.29827 0.152802 -2.3346 0 0 10
0.580823 0.392009 0.140681 3.29827 0.152802 -2.3346 0 0 10
0.580823 0.392009 0.140681 3.29827 0.152802 -2.3346 0 0 10
0.580823 0.392009 0.140681 3.29827 0.152802 -2.3346 0 0 10
0.580823 0.392009 0.140681 3.29827 0.152802 -2.3346 0 0 10
0.580823 0.392009 0.140681 3.29827 0.152802 -2.3346 0 0 10
0.580823 0.392009 0.140681 3.29827 0.152802 -2.3346 0 0 10
0.580823 0.392009 0.140681 3.29827 0.152802 -2.3346 0 0 10
0.580823 0.392009 0.140681 3.29827 0.152802 -2.3346 0 0 10
0.580823 0.392009 0.140681 3.29827 0.152802 -2.3346 0 0 10
0.580823 0.392009 0.140681 3.29827 0.152802 -2.3346 0 0 10
0.580823 0.392009 0.140681 3.29827 0.152802 -2.3346 0 0 10
0.580823 0.392009 0.140681 3.29827 0.152802 -2.3346 0 0 10
0.580823 0.392009 0.140681 3.29827 0.152802 -2.3346 0 0 10
0.580823 0.392009 0.140681 3.29827 0.152802 -2.3346 0 0 10
0.580823 0.392009 0.140681 3.29827 0.152802 -2.3346 0 0 10
0.580823 0.392009 0.140681 3.29827 0.152802 -2.3346 0 0 10
0.580823 0.392009 0.140681 3.29827 0.152802 -2.3346 0 0 10
0.580823 0.392009 0.140681 3.29827 0.152802 -2.3346 0 0 10
0.580823 0.392009 0.140681 3.29827 0.152802 -2.3346 0 0 10
0.580823 0.392009 0.140681 3.29827 0.152802 -2.3346 0 0 10
0.580823 0.392009 0.140681 3.29827 0.152802 -2.3346 0 0 10
0.580823 0.392009 0.140681 3.29827 0.152802 -2.3346 0 0 10
0.580823 0.392009 0.140681 3.29827 0.152802 -2.3346 0 0 10
0.580823 0.392009 0.140681 3.29827 0.152802 -2.3346 0 0 10
0.580823 0.392009 0.140681 3.29827 0.152802 -2.3346 0 0 10
0.580823 0.392009 0.140681 3.29827 0.152802 -2.3346 0 0 10
0.580823 0.392009 0.140681 3.29827 0.152802 -2.3346 0 0 10
0.580823 0.392009 0.140681 3.29827 0.152802 -2.3346 0 0 10
0.580823 0.392009 0.140681 3.29827 0.152802 -2.3346 0 0 10
0.580823 0.392009 0.140681 3.29827 0.152802 -2.3346 0 0 10
0.580823 0.392009 0.140681 3.29827 0.152802 -2.3346 0 0 10
0.580823 0.392009 0.140681 3.29827 0.152802 -2.3346 0 0 10
0.580823 0.392009 0.140681 3.29827 0.152802 -2.3346 0 0 10
0.580823 0.392009 0.140681 3.29827 0.152802 -2.3346 0 0 10
0.580823 0.392009 0.140681 3.29827 0.152802 -2.3346 0 0 10
0.580823 0.392009 0.140681 3.29827 0.152802 -2.3346 0 0 10
0.580823 0.392009 0.140681 3.29827 0.152802 -2.3346 0 0 10
0.580823 0.392009 0.140681 3.29827 0.152802 -2.3346 0 0 10
0.580823 0.392009 0.140681 3.29827 0.152802 -2.3346 0 0 10
0.580823 0.392009 0.140681 3.29827 0.152802 -2.3346 0 0 10
0.580823 0.392009 0.140681 3.29827 0.152802 -2.3346 0 0 10
0.580823 0.392009 0.140681 3.29827 0.152802 -2.3346 0 0 10
0.580823 0.392009 0.140681 3.29827 0.152802 -2.3346 0 0 10
0.580823 0.392009 0.140681 3.29827 0.152802 -2.3346 0 0 10
0.580823 0.392009 0.140681 3.29827 0.152802 -2.3346 0 0 10
0.580823 0.392009 0.140681 3.29827 0.152802 -2.3346 0 0 10
0.580823 0.392009 0.140681 3.29827 0.152802 -2.3346 0 0 10
0.580823 0.392009 0.140681 3.29827 0.152802 -2.3346 0 0 10
0.580823 0.392009 0.140681 3.29827 0.152802 -2.3346 0 0 10
0.580823 0.392009 0.140681 3.29827 0.152802 -2.3346 0 0 10
0.580823 0.392009 0.140681 3.29827 0.152802 -2.3346 0 0 10
0.580823 0.392009 0.140681 3.29827 0.152802 -2.3346 0 0 10
0.580823 0.392009 0.140681 3.29827 0.152802 -2.3346 0 0 10
0.580823 0.392009 0.140681 3.29827 0.152802 -2.3346 0 0 10
0.580823 0.392009 0.140681 3.29827 0.152802 -2.3346 0 0 10
0.580823 0.392009 0.140681 3.29827 0.152802 -2.3346 0 0 10
0.580823 0.392009 0.140681 3.29827 0.152802 -2.3346 0 0 10
0.580823 0.392009 0.140681 3.29827 0.152802 -2.3346 0 0 10
0.580823 0.392009 0.140681 3.29827 0.152802 -2.3346 0 0 10
0.580823 0.392009 0.140681 3.29827 0.152802 -2.3346 0 0 10
0.580823 0.392009 0.140681 3.29827 0.152802 -2.3346 0 0 10
0.580823 0.392009 0.140681 3.29827 0.152802 -2.3346 0 0 10
0.580823 0.392009 0.140681 3.29827 0.152802 -2.3346 0 0 10
0.580823 0.392009 0.140681 3.29827 0.152802 -2.3346 0 0 10
0.580823 0.392009 0.140681 3.29827 0.152802 -2.3346 0 0 10
0.580823 0.392009 0.140681 3.29827 0.152802 -2.3346 0 0 10
0.580823 0.392009 0.140681 3.29827 0.152802 -2.3346 0 0 10
0.580823 0.392009 0.140681 3.29827 0.152802 -2.3346 0 0 10
0.580823 0.392009 0.140681 3.29827 0.152802 -2.3346 0 0 10
0.580823 0.392009 0.140681 3.29827 0.152802 -2.3346 0 0 10
0.580823 0.392009 0.140681 3.29827 0.152802 -2.3346 0 0 10
0.580823 0.392009 0.140681 3.29827 0.152802 -2.3346 0 0 10
0.580823 0.392009 0.140681 3.29827 0.152802 -2.3346 0 0 10
0.580823 0.392009 0.140681 3.29827 0.152802 -2.3346 0 0 10
0.580823 0.392009 0.140681 3.29827 0.152802 -2.3346 0 0 10
0.580823 0.392009 0.140681 3.29827 0.152802 -2.3346 0 0 10
0.580823 0.392009 0.140681 3.29827 0.152802 -2.3346 0 0 10
0.580823 0.392009 0.140681 3.29827 0.152802 -2.3346 0 0 10
0.580823 0.392009 0.140681 3.29827 0.152802 -2.3346 0 0 10
0.580823 0.392009 0.140681 3.29827 0.152802 -2.3346 0 0 10
0.580823 0.392009 0.140681 3.29827 0.152802 -2.3346 0 0 10
0.580823 0.392009 0.140681 3.29827 0.152802 -2.3346 0 0 10
0.580823 0.392009 0.140681 3.29827 0.152802 -2.3346 0 0 10
0.580823 0.392009 0.140681 3.29827 0.152802 -2.3346 0 0 10
0.580823 0.392009 0.140681 3.29827 0.152802 -2.3346 0 0 10
0.580823 0.392009 0.140681 3.29827 0.152802 -2.3346 0 0 10
0.580823 0.392009 0.140681 3.29827 0.152802 -2.3346 0 0 10
0.580823 0.392009 0.140681 3.29827 0.152802 -2.3346 0 0 10
0.580823 0.392009 0.140681 3.29827 0.152802 -2.3346 0 0 10
0.580823 0.392009 0.140681 3.29827 0.152802 -2.3346 0 0 10
0.580823 0.392009 0.140681 3.29827 0.152802 -2.3346 0 0 10
0.580823 0.392009 0.140681 3.29827 0.152802 -2.3346 0 0 10
0.580823 0.392009 0.140681 3.29827 0.152802 -2.3346 0 0 10
0.580823 0.392009 0.140681 3.29827 0.152802 -2.3346 0 0 10
0.580823 0.392009 0.140681 3.29827 0.152802 -2.3346 0 0 10
0.580823 0.392009 0.140681 3.29827 0.152802 -2.3346 0 0 10
0.580823 0.392009 0.140681 3.29827 0.152802 -2.3346 0 0 10
0.580823 0.392009 0.140681 3.29827 0.152802 -2.3346 0 0 10
0.580823 0.392009 0.140681 3.29827 0.152802 -2.3346 0 0 10
0.580823 0.392009 0.140681 3.29827 0.152802 -2.3346 0 0 10
0.580823 0.392009 0.140681 3.29827 0.152802 -2.3346 0 0 10
0.580823 0.392009 0.140681 3.29827 0.152802 -2.3346 0 0 10
0.580823 0.392009 0.140681 3.29827 0.152802 -2.3346 0 0 10
0.580823 0.392009 0.140681 3.29827 0.152802 -2.3346 0 0 10
0.580823 0.392009 0.140681 3.29827 0.152802 -2.3346 0 0 10
0.580823 0.392009 0.140681 3.29827 0.152802 -2.3346 0 0 10
0.580823 0.392009 0.140681 3.29827 0.152802 -2.3346 0 0 10
0.580823 0.392009 0.140681 3.29827 0.152802 -2.3346 0 0 10
0.580823 0.392009 0.140681 3.29827 0.152802 -2.3346 0 0 10
0.580823 0.392009 0.140681 3.29827 0.152802 -2.3346 0 0 10
0.580823 0.392009 0.140681 3.29827 0.152802 -2.3346 0 0 10
0.580823 0.392009 0.140681 3.29827 0.152802 -2.3346 0 0 10
0.580823 0.392009 0.140681 3.29827 0.152802 -2.3346 0 0 10
0.580823 0.392009 0.140681 3.29827 0.152802 -2.3346 0 0 10
0.580823 0.392009 0.140681 3.29827 0.152802 -2.3346 0 0 10
0.580823 0.392009 0.140681 3.29827 0.152802 -2.3346 0 0 10
0.580823 0.392009 0.140681 3.29827 0.152802 -2.3346 0 0 10
0.580823 0.392009 0.140681 3.29827 0.152802 -2.3346 0 0 10
0.580823 0.392009 0.140681 3.29827 0.152802 -2.3346 0 0 10
0.580823 0.392009 0.140681 3.29827 0.152802 -2.3346 0 0 10
0.580823 0.392009 0.140681 3.29827 0.152802 -2.3346 0 0 10
0.580823 0.392009 0.140681 3.29827 0.152802 -2.3346 0 0 10
0.580823 0.392009 0.140681 3.29827 0.152802 -2.3346 0 0 10
0.580823 0.392009 0.140681 3.29827 0.152802 -2.3346 0 0 10
0.580823 0.392009 0.140681 3.29827 0.152802 -2.3346 0 0 10
0.580823 0.392009 0.140681 3.29827 0.152802 -2.3346 0 0 10
0.580823 0.392009 0.140681 3.29827 0.152802 -2.3346 0 0 10
0.580823 0.392009 0.140681 3.29827 0.152802 -2.3346 0 0 10
0.580823 0.392009 0.140681 3.29827 0.152802 -2.3346 0 0 10
0.580823 0.392009 0.140681 3.29827 0.152802 -2.3346 0 0 10
0.580823 0.392009 0.140681 3.29827 0.152802 -2.3346 0 0 10
0.580823 0.392009 0.140681 3.29827 0.152802 -2.3346 0 0 10
0.580823 0.392009 0.140681 3.29827 0.152802 -2.3346 0 0 10
0.580823 0.392009 0.140681 3.29827 0.152802 -2.3346 0 0 10
0.580823 0.392009 0.140681 3.29827 0.152802 -2.3346 0 0 10
0.580823 0.392009 0.140681 3.29827 0.152802 -2.3346 0 0 10
0.580823 0.392009 0.140681 3.29827 0.152802 -2.3346 0 0 10
0.580823 0.392009 0.140681 3.29827 0.152802 -2.3346 0 0 10
0.580823 0.392009 0.140681 3.29827 0.152802 -2.3346 0 0 10
0.580823 0.392009 0.140681 3.29827 0.152802 -2.3346 0 0 10
0.580823 0.392009 0.140681 3.29827 0.152802 -2.3346 0 0 10
0.580823 0.392009 0.140681 3.29827 0.152802 -2.3346 0 0 10
0.580823 0.392009 0.140681 3.29827 0.152802 -2.3346 0 0 10
0.580823 0.392009 0.140681 3.29827 0.152802 -2.3346 0 0 10
0.580823 0.392009 0.140681 3.29827 0.152802 -2.3346 0 0 10
0.580823 0.392009 0.140681 3.29827 0.152802 -2.3346 0 0 10
0.580823 0.392009 0.140681 3.29827 0.152802 -2.3346 0 0 10
0.580823 0.392009 0.140681 3.29827 0.152802 -2.3346 0 0 10
0.580823 0.392009 0.140681 3.29827 0.152802 -2.3346 0 0 10
0.580823 0.392009 0.140681 3.29827 0.152802 -2.3346 0 0 10
0.580823 0.392009 0.140681 3.29827 0.152802 -2.3346 0 0 10
0.580823 0.392009 0.140681 3.29827 0.152802 -2.3346 0 0 10
0.580823 0.392009 0.140681 3.29827 0.152802 -2.3346 0 0 10
0.580823 0.392009 0.140681 3.29827 0.152802 -2.3346 0 0 10
0.580823 0.392009 0.140681 3.29827 0.152802 -2.3346 0 0 10
0.580823 0.392009 0.140681 3.29827 0.152802 -2.3346 0 0 10
0.580823 0.392009 0.140681 3.29827 0.152802 -2.3346 0 0 10
0.580823 0.392009 0.140681 3.29827 0.152802 -2.3346 0 0 10
0.580823 0.392009 0.140681 3.29827 0.152802 -2.3346 0 0 10
0.580823 0.392009 0.140681 3.29827 0.152802 -2.3346 0 0 10
0.580823 0.392009 0.140681 3.29827 0.152802 -2.3346 0 0 10
0.580823 0.392009 0.140681 3.29827 0.152802 -2.3346 0 0 10
0.580823 0.392009 0.140681 3.29827 0.152802 -2.3346 0 0 10
0.580823 0.392009 0.140681 3.29827 0.152802 -2.3346 0 0 10
0.580823 0.392009 0.140681 3.29827 0.152802 -2.3346 0 0 10
0.580823 0.392009 0.140681 3.29827 0.152802 -2.3346 0 0 10
0.580823 0.392009 0.140681 3.29827 0.152802 -2.3346 0 0 10
0.580823 0.392009 0.140681 3.29827 0.152802 -2.3346 0 0 10
0.580823 0.392009 0.140681 3.29827 0.152802 -2.3346 0 0 10
0.580823 0.392009 0.140681 3.29827 0.152802 -2.3346 0 0 10
0.580823 0.392009 0.140681 3.29827 0.152802 -2.3346 0 0 10
0.580823 0.392009 0.140681 3.29827 0.152802 -2.3346 0 0 10
0.580823 0.392009 0.140681 3.29827 0.152802 -2.3346 0 0 10
0.580823 0.392009 0.140681 3.29827 0.152802 -2.3346 0 0 10
0.580823 0.392009 0.140681 3.29827 0.152802 -2.3346 0 0 10
0.580823 0.392009 0.140681 3.29827 0.152802 -2.3346 0 0 10
0.580823 0.392009 0.140681 3.29827 0.152802 -2.3346 0 0 10
0.580823 0.392009 0.140681 3.29827 0.152802 -2.3346 0 0 10
0.580823 0.392009 0.140681 3.29827 0.152802 -2.3346 0 0 10
0.580823 0.392009 0.140681 3.29827 0.152802 -2.3346 0 0 10
0.580823 0.392009 0.140681 3.29827 0.152802 -2.3346 0 0 10
0.580823 0.392009 0.140681 3.29827 0.152802 -2.3346 0 0 10
0.580823 0.392009 0.140681 3.29827 0.152802 -2.3346 0 0 10
0.580823 0.392009 0.140681 3.29827 0.152802 -2.3346 0 0 10
0.580823 0.392009 0.140681 3.29827 0.152802 -2.3346 0 0 10
0.580823 0.392009 0.140681 3.29827 0.152802 -2.3346 0 0 10
0.580823 0.392009 0.140681 3.29827 0.152802 -2.3346 0 0 10
0.580823 0.392009 0.140681 3.29827 0.152802 -2.3346 0 0 10
0.580823 0.392009 0.140681 3.29827 0.152802 -2.3346 0 0 10
0.580823 0.392009 0.140681 3.29827 0.152802 -2.3346 0 0 10
0.580823 0.392009 0.140681 3.29827 0.152802 -2.3346 0 0 10
0.580823 0.392009 0.140681 3.29827 0.152802 -2.3346 0 0 10
0.580823 0.392009 0.140681 3.29827 0.152802 -2.3346 0 0 10
0.580823 0.392009 0.140681 3.29827 0.152802 -2.3346 0 0 10
0.580823 0.392009 0.140681 3.29827 0.152802 -2.3346 0 0 10
0.580823 0.392009 0.140681 3.29827 0.152802 -2.3346 0 0 10
0.580823 0.392009 0.140681 3.29827 0.152802 -2.3346 0 0 10
0.580823 0.392009 0.140681 3.29827 0.152802 -2.3346 0 0 10
0.580823 0.392009 0.140681 3.29827 0.152802 -2.3346 0 0 10
0.580823 0.392009 0.140681 3.29827 0.152802 -2.3346 0 0 10
0.580823 0.392009 0.140681 3.29827 0.152802 -2.3346 0 0 10
0.580823 0.392009 0.140681 3.29827 0.152802 -2.3346 0 0 10
0.580823 0.392009 0.140681 3.29827 0.152802 -2.3346 0 0 10
0.580823 0.392009 0.140681 3.29827 0.152802 -2.3346 0 0 10
0.580823 0.392009 0.140681 3.29827 0.152802 -2.3346 0 0 10
0.580823 0.392009 0.140681 3.29827 0.152802 -2.3346 0 0 10
0.580823 0.392009 0.140681 3.29827 0.152802 -2.3346 0 0 10
0.580823 0.392009 0.140681 3.29827 0.152802 -2.3346 0 0 10
0.580823 0.392009 0.140681 3.29827 0.152802 -2.3346 0 0 10
0.580823 0.392009 0.140681 3.29827 0.152802 -2.3346 0 0 10
0.580823 0.392009 0.140681 3.29827 0.152802 -2.3346 0 0 10
0.580823 0.392009 0.140681 3.29827 0.152802 -2.3346 0 0 10
0.580823 0.392009 0.140681 3.29827 0.152802 -2.3346 0 0 10
0.580823 0.392009 0.140681 3.29827 0.152802 -2.3346 0 0 10
0.580823 0.392009 0.140681 3.29827 0.152802 -2.3346 0 0 10
0.580823 0.392009 0.140681 3.29827 0.152802 -2.3346 0 0 10
0.580823 0.392009 0.140681 3.29827 0.152802 -2.3346 0 0 10
0.580823 0.392009 0.140681 3.29827 0.152802 -2.3346 0 0 10
0.580823 0.392009 0.140681 3.29827 0.152802 -2.3346 0 0 10
0.580823 0.392009 0.140681 3.29827 0.152802 -2.3346 0 0 10
0.580823 0.392009 0.140681 3.29827 0.152802 -2.3346 0 0 10
0.580823 0.392009 0.140681 3.29827 0.152802 -2.3346 0 0 10
0.580823 0.392009 0.140681 3.29827 0.152802 -2.3346 0 0 10
0.580823 0.392009 0.140681 3.29827 0.152802 -2.3346 0 0 10
0.580823 0.392009 0.140681 3.29827 0.152802 -2.3346 0 0 10
0.580823 0.392009 0.140681 3.29827 0.152802 -2.3346 0 0 10
0.580823 0.392009 0.140681 3.29827 0.152802 -2.3346 0 0 10
0.580823 0.392009 0.140681 3.29827 0.152802 -2.3346 0 0 10
0.580823 0.392009 0.140681 3.29827 0.152802 -2.3346 0 0 10
0.580823 0.392009 0.140681 3.29827 0.152802 -2.3346 0 0 10
0.580823 0.392009 0.140681 3.29827 0.152802 -2.3346 0 0 10
0.580823 0.392009 0.140681 3.29827 0.152802 -2.3346 0 0 10
0.580823 0.392009 0.140681 3.29827 0.152802 -2.3346 0 0 10
0.580823 0.392009 0.140681 3.29827 0.152802 -2.3346 0 0 10
0.580823 0.392009 0.140681 3.29827 0.152802 -2.3346 0 0 10
0.580823 0.392009 0.140681 3.29827 0.152802 -2.3346 0 0 10
0.580823 0.392009 0.140681 3.29827 0.152802 -2.3346 0 0 10
0.580823 0.392009 0.140681 3.29827 0.152802 -2.3346 0 0 10
0.580823 0.392009 0.140681 3.29827 0.152802 -2.3346 0 0 10
0.580823 0.392009 0.140681 3.29827 0.152802 -2.3346 0 0 10
0.580823 0.392009 0.140681 3.29827 0.152802 -2.3346 0 0 10
0.580823 0.392009 0.140681 3.29827 0.152802 -2.3346 0 0 10
0.580823 0.392009 0.140681 3.29827 0.152802 -2.3346 0 0 10
0.580823 0.392009 0.140681 3.29827 0.152802 -2.3346 0 0 10
0.580823 0.392009 0.140681 3.29827 0.152802 -2.3346 0 0 10
0.580823 0.392009 0.140681 3.29827 0.152802 -2.3346 0 0 10
0.580823 0.392009 0.140681 3.29827 0.152802 -2.3346 0 0 10
0.580823 0.392009 0.140681 3.29827 0.152802 -2.3346 0 0 10
0.580823 0.392009 0.140681 3.29827 0.152802 -2.3346 0 0 10
0.580823 0.392009 0.140681 3.29827 0.152802 -2.3346 0 0 10
0.580823 0.392009 0.140681 3.29827 0.152802 -2.3346 0 0 10
0.580823 0.392009 0.140681 3.29827 0.152802 -2.3346 0 0 10
0.580823 0.392009 0.140681 3.29827 0.152802 -2.3346 0 0 10
0.580823 0.392009 0.140681 3.29827 0.152802 -2.3346 0 0 10
0.580823 0.392009 0.140681 3.29827 0.152802 -2.3346 0 0 10
0.580823 0.392009 0.140681 3.29827 0.152802 -2.3346 0 0 10
0.580823 0.392009 0.140681 3.29827 0.152802 -2.3346 0 0 10
0.580823 0.392009 0.140681 3.29827 0.152802 -2.3346 0 0 10
0.580823 0.392009 0.140681 3.29827 0.152802 -2.3346 0 0 10
0.580823 0.392009 0.140681 3.29827 0.152802 -2.3346 0 0 10
0.580823 0.392009 0.140681 3.29827 0.152802 -2.3346 0 0 10
0.580823 0.392009 0.140681 3.29827 0.152802 -2.3346 0 0 10
0.580823 0.392009 0.140681 3.29827 0.152802 -2.3346 0 0 10
0.580823 0.392009 0.140681 3.29827 0.152802 -2.3346 0 0 10
0.580823 0.392009 0.140681 3.29827 0.152802 -2.3346 0 0 10
0.580823 0.392009 0.140681 3.29827 0.152802 -2.3346 0 0 10
0.580823 0.392009 0.140681 3.29827 0.152802 -2.3346 0 0 10
0.580823 0.392009 0.140681 3.29827 0.152802 -2.3346 0 0 10
0.580823 0.392009 0.140681 3.29827 0.152802 -2.3346 0 0 10
0.580823 0.392009 0.140681 3.29827 0.152802 -2.3346 0 0 10
0.580823 0.392009 0.140681 3.29827 0.152802 -2.3346 0 0 10
0.580823 0.392009 0.140681 3.29827 0.152802 -2.3346 0 0 10
0.580823 0.392009 0.140681 3.29827 0.152802 -2.3346 0 0 10
0.580823 0.392009 0.140681 3.29827 0.152802 -2.3346 0 0 10
0.580823 0.392009 0.140681 3.29827 0.152802 -2.3346 0 0 10
0.580823 0.392009 0.140681 3.29827 0.152802 -2.3346 0 0 10
0.580823 0.392009 0.140681 3.29827 0.152802 -2.3346 0 0 10
0.580823 0.392009 0.140681 3.29827 0.152802 -2.3346 0 0 10
0.580823 0.392009 0.140681 3.29827 0.152802 -2.3346 0 0 10
0.580823 0.392009 0.140681 3.29827 0.152802 -2.3346 0 0 10
0.580823 0.392009 0.140681 3.29827 0.152802 -2.3346 0 0 10
0.580823 0.392009 0.140681 3.29827 0.152802 -2.3346 0 0 10
0.580823 0.392009 0.140681 3.29827 0.152802 -2.3346 0 0 10
0.580823 0.392009 0.140681 3.29827 0.152802 -2.3346 0 0 10
0.580823 0.392009 0.140681 3.29827 0.152802 -2.3346 0 0 10
0.580823 0.392009 0.140681 3.29827 0.152802 -2.3346 0 0 10
0.580823 0.392009 0.140681 3.29827 0.152802 -2.3346 0 0 10
0.580823 0.392009 0.140681 3.29827 0.152802 -2.3346 0 0 10
0.580823 0.392009 0.140681 3.29827 0.152802 -2.3346 0 0 10
0.580823 0.392009 0.140681 3.29827 0.152802 -2.3346 0 0 10
0.580823 0.392009 0.140681 3.29827 0.152802 -2.3346 0 0 10
0.580823 0.392009 0.140681 3.29827 0.152802 -2.3346 0 0 10
0.580823 0.392009 0.140681 3.29827 0.152802 -2.3346 0 0 10
0.580823 0.392009 0.140681 3.29827 0.152802 -2.3346 0 0 10
0.580823 0.392009 0.140681 3.29827 0.152802 -2.3346 0 0 10
0.580823 0.392009 0.140681 3.29827 0.152802 -2.3346 0 0 10
0.580823 0.392009 0.140681 3.29827 0.152802 -2.3346 0 0 10
0.580823 0.392009 0.140681 3.29827 0.152802 -2.3346 0 0 10
0.580823 0.392009 0.140681 3.29827 0.152802 -2.3346 0 0 10
0.580823 0.392009 0.140681 3.29827 0.152802 -2.3346 0 0 10
0.580823 0.392009 0.140681 3.29827 0.152802 -2.3346 0 0 10
0.580823 0.392009 0.140681 3.29827 0.152802 -2.3346 0 0 10
0.580823 0.392009 0.140681 3.29827 0.152802 -2.3346 0 0 10
0.580823 0.392009 0.140681 3.29827 0.152802 -2.3346 0 0 10
0.580823 0.392009 0.140681 3.29827 0.152802 -2.3346 0 0 10
0.580823 0.392009 0.140681 3.29827 0.152802 -2.3346 0 0 10
0.580823 0.392009 0.140681 3.29827 0.152802 -2.3346 0 0 10
0.580823 0.392009 0.140681 3.29827 0.152802 -2.3346 0 0 10
0.580823 0.392009 0.140681 3.29827 0.152802 -2.3346 0 0 10
0.580823 0.392009 0.140681 3.29827 0.152802 -2.3346 0 0 10
0.580823 0.392009 0.140681 3.29827 0.152802 -2.3346 0 0 10
0.580823 0.392009 0.140681 3.29827 0.152802 -2.3346 0 0 10
0.580823 0.392009 0.140681 3.29827 0.152802 -2.3346 0 0 10
0.580823 0.392009 0.140681 3.29827 0.152802 -2.3346 0 0 10
0.580823 0.392009 0.140681 3.29827 0.152802 -2.3346 0 0 10
0.580823 0.392009 0.140681 3.29827 0.152802 -2.3346 0 0 10
0.580823 0.392009 0.140681 3.29827 0.152802 -2.3346 0 0 10
0.580823 0.392009 0.140681 3.29827 0.152802 -2.3346 0 0 10
0.580823 0.392009 0.140681 3.29827 0.152802 -2.3346 0 0 10
0.580823 0.392009 0.140681 3.29827 0.152802 -2.3346 0 0 10
0.580823 0.392009 0.140681 3.29827 0.152802 -2.3346 0 0 10
0.580823 0.392009 0.140681 3.29827 0.152802 -2.3346 0 0 10
0.580823 0.392009 0.140681 3.29827 0.152802 -2.3346 0 0 10
0.580823 0.392009 0.140681 3.29827 0.152802 -2.3346 0 0 10
0.580823 0.392009 0.140681 3.29827 0.152802 -2.3346 0 0 10
0.580823 0.392009 0.140681 3.29827 0.152802 -2.3346 0 0 10
0.580823 0.392009 0.140681 3.29827 0.152802 -2.3346 0 0 10
0.580823 0.392009 0.140681 3.29827 0.152802 -2.3346 0 0 10
0.580823 0.392009 0.140681 3.29827 0.152802 -2.3346 0 0 10
0.580823 0.392009 0.140681 3.29827 0.152802 -2.3346 0 0 10
0.580823 0.392009 0.140681 3.29827 0.152802 -2.3346 0 0 10
0.580823 0.392009 0.140681 3.29827 0.152802 -2.3346 0 0 10
0.580823 0.392009 0.140681 3.29827 0.152802 -2.3346 0 0 10
0.580823 0.392009 0.140681 3.29827 0.152802 -2.3346 0 0 10
0.580823 0.392009 0.140681 3.29827 0.152802 -2.3346 0 0 10
0.580823 0.392009 0.140681 3.29827 0.152802 -2.3346 0 0 10
0.580823 0.392009 0.140681 3.29827 0.152802 -2.3346 0 0 10
0.580823 0.392009 0.140681 3.29827 0.152802 -2.3346 0 0 10
0.580823 0.392009 0.140681 3.29827 0.152802 -2.3346 0 0 10
0.580823 0.392009 0.140681 3.29827 0.152802 -2.3346 0 0 10
0.580823 0.392009 0.140681 3.29827 0.152802 -2.3346 0 0 10
0.580823 0.392009 0.140681 3.29827 0.152802 -2.3346 0 0 10
0.580823 0.392009 0.140681 3.29827 0.152802 -2.3346 0 0 10
0.580823 0.392009 0.140681 3.29827 0.152802 -2.3346 0 0 10
0.580823 0.392009 0.140681 3.29827 0.152802 -2.3346 0 0 10
0.580823 0.392009 0.140681 3.29827 0.152802 -2.3346 0 0 10
0.580823 0.392009 0.140681 3.29827 0.152802 -2.3346 0 0 10
0.580823 0.392009 0.140681 3.29827 0.152802 -2.3346 0 0 10
0.580823 0.392009 0.140681 3.29827 0.152802 -2.3346 0 0 10
0.580823 0.392009 0.140681 3.29827 0.152802 -2.3346 0 0 10
0.580823 0.392009 0.140681 3.29827 0.152802 -2.3346 0 0 10
0.580823 0.392009 0.140681 3.29827 0.152802 -2.3346 0 0 10
0.580823 0.392009 0.140681 3.29827 0.152802 -2.3346 0 0 10
0.580823 0.392009 0.140681 3.29827 0.152802 -2.3346 0 0 10
0.580823 0.392009 0.140681 3.29827 0.152802 -2.3346 0 0 10
0.580823 0.392009 0.140681 3.29827 0.152802 -2.3346 0 0 10
0.580823 0.392009 0.140681 3.29827 0.152802 -2.3346 0 0 10
0.580823 0.392009 0.140681 3.29827 0.152802 -2.3346 0 0 10
0.580823 0.392009 0.140681 3.29827 0.152802 -2.3346 0 0 10
0.580823 0.392009 0.140681 3.29827 0.152802 -2.3346 0 0 10
0.580823 0.392009 0.140681 3.29827 0.152802 -2.3346 0 0 10
0.580823 0.392009 0.140681 3.29827 0.152802 -2.3346 0 0 10
0.580823 0.392009 0.140681 3.29827 0.152802 -2.3346 0 0 10
0.580823 0.392009 0.140681 3.29827 0.152802 -2.3346 0 0 10
0.580823 0.392009 0.140681 3.29827 0.152802 -2.3346 0 0 10
0.580823 0.392009 0.140681 3.29827 0.152802 -2.3346 0 0 10
0.580823 0.392009 0.140681 3.29827 0.152802 -2.3346 0 0 10
0.580823 0.392009 0.140681 3.29827 0.152802 -2.3346 0 0 10
0.580823 0.392009 0.140681 3.29827 0.152802 -2.3346 0 0 10
0.580823 0.392009 0.140681 3.29827 0.152802 -2.3346 0 0 10
0.580823 0.392009 0.140681 3.29827 0.152802 -2.3346 0 0 10
0.580823 0.392009 0.140681 3.29827 0.152802 -2.3346 0 0 10
0.580823 0.392009 0.140681 3.29827 0.152802 -2.3346 0 0 10
0.580823 0.392009 0.140681 3.29827 0.152802 -2.3346 0 0 10
0.580823 0.392009 0.140681 3.29827 0.152802 -2.3346 0 0 10
0.580823 0.392009 0.140681 3.29827 0.152802 -2.3346 0 0 10
0.580823 0.392009 0.140681 3.29827 0.152802 -2.3346 0 0 10
0.580823 0.392009 0.140681 3.29827 0.152802 -2.3346 0 0 10
0.580823 0.392009 0.140681 3.29827 0.152802 -2.3346 0 0 10
0.580823 0.392009 0.140681 3.29827 0.152802 -2.3346 0 0 10
0.580823 0.392009 0.140681 3.29827 0.152802 -2.3346 0 0 10
0.580823 0.392009 0.140681 3.29827 0.152802 -2.3346 0 0 10
0.580823 0.392009 0.140681 3.29827 0.152802 -2.3346 0 0 10
0.580823 0.392009 0.140681 3.29827 0.152802 -2.3346 0 0 10
0.580823 0.392009 0.140681 3.29827 0.152802 -2.3346 0 0 10
0.580823 0.392009 0.140681 3.29827 0.152802 -2.3346 0 0 10
0.580823 0.392009 0.140681 3.29827 0.152802 -2.3346 0 0 10
0.580823 0.392009 0.140681 3.29827 0.152802 -2.3346 0 0 10
0.580823 0.392009 0.140681 3.29827 0.152802 -2.3346 0 0 10
0.580823 0.392009 0.140681 3.29827 0.152802 -2.3346 0 0 10
0.580823 0.392009 0.140681 3.29827 0.152802 -2.3346 0 0 10
0.580823 0.392009 0.140681 3.29827 0.152802 -2.3346 0 0 10
0.580823 0.392009 0.140681 3.29827 0.152802 -2.3346 0 0 10
0.580823 0.392009 0.140681 3.29827 0.152802 -2.3346 0 0 10
0.580823 0.392009 0.140681 3.29827 0.152802 -2.3346 0 0 10
0.580823 0.392009 0.140681 3.29827 0.152802 -2.3346 0 0 10
0.580823 0.392009 0.140681 3.29827 0.152802 -2.3346 0 0 10
0.580823 0.392009 0.140681 3.29827 0.152802 -2.3346 0 0 10
0.580823 0.392009 0.140681 3.29827 0.152802 -2.3346 0 0 10
0.580823 0.392009 0.140681 3.29827 0.152802 -2.3346 0 0 10
0.580823 0.392009 0.140681 3.29827 0.152802 -2.3346 0 0 10
0.580823 0.392009 0.140681 3.29827 0.152802 -2.3346 0 0 10
0.580823 0.392009 0.140681 3.29827 0.152802 -2.3346 0 0 10
0.580823 0.392009 0.140681 3.29827 0.152802 -2.3346 0 0 10
0.580823 0.392009 0.140681 3.29827 0.152802 -2.3346 0 0 10
0.580823 0.392009 0.140681 3.29827 0.152802 -2.3346 0 0 10
0.580823 0.392009 0.140681 3.29827 0.152802 -2.3346 0 0 10
0.580823 0.392009 0.140681 3.29827 0.152802 -2.3346 0 0 10
0.580823 0.392009 0.140681 3.29827 0.152802 -2.3346 0 0 10
0.580823 0.392009 0.140681 3.29827 0.152802 -2.3346 0 0 10
0.580823 0.392009 0.140681 3.29827 0.152802 -2.3346 0 0 10
0.580823 0.392009 0.140681 3.29827 0.152802 -2.3346 0 0 10
0.580823 0.392009 0.140681 3.29827 0.152802 -2.3346 0 0 10
0.580823 0.392009 0.140681 3.29827 0.152802 -2.3346 0 0 10
0.580823 0.392009 0.140681 3.29827 0.152802 -2.3346 0 0 10
0.580823 0.392009 0.140681 3.29827 0.152802 -2.3346 0 0 10
0.580823 0.392009 0.140681 3.29827 0.152802 -2.3346 0 0 10
0.580823 0.392009 0.140681 3.29827 0.152802 -2.3346 0 0 10
0.580823 0.392009 0.140681 3.29827 0.152802 -2.3346 0 0 10
0.580823 0.392009 0.140681 3.29827 0.152802 -2.3346 0 0 10
0.580823 0.392009 0.140681 3.29827 0.152802 -2.3346 0 0 10
0.580823 0.392009 0.140681 3.29827 0.152802 -2.3346 0 0 10
0.580823 0.392009 0.140681 3.29827 0.152802 -2.3346 0 0 10
0.580823 0.392009 0.140681 3.29827 0.152802 -2.3346 0 0 10
0.580823 0.392009 0.140681 3.29827 0.152802 -2.3346 0 0 10
0.580823 0.392009 0.140681 3.29827 0.152802 -2.3346 0 0 10
0.580823 0.392009 0.140681 3.29827 0.152802 -2.3346 0 0 10
0.580823 0.392009 0.140681 3.29827 0.152802 -2.3346 0 0 10
0.580823 0.392009 0.140681 3.29827 0.152802 -2.3346 0 0 10
0.580823 0.392009 0.140681 3.29827 0.152802 -2.3346 0 0 10
0.580823 0.392009 0.140681 3.29827 0.152802 -2.3346 0 0 10
0.580823 0.392009 0.140681 3.29827 0.152802 -2.3346 0 0 10
0.580823 0.392009 0.140681 3.29827 0.152802 -2.3346 0 0 10
0.580823 0.392009 0.140681 3.29827 0.152802 -2.3346 0 0 10
0.580823 0.392009 0.140681 3.29827 0.152802 -2.3346 0 0 10
0.580823 0.392009 0.140681 3.29827 0.152802 -2.3346 0 0 10
0.580823 0.392009 0.140681 3.29827 0.152802 -2.3346 0 0 10
0.580823 0.392009 0.140681 3.29827 0.152802 -2.3346 0 0 10
0.580823 0.392009 0.140681 3.29827 0.152802 -2.3346 0 0 10
0.580823 0.392009 0.140681 3.29827 0.152802 -2.3346 0 0 10
0.580823 0.392009 0.140681 3.29827 0.152802 -2.3346 0 0 10
0.580823 0.392009 0.140681 3.29827 0.152802 -2.3346 0 0 10
0.580823 0.392009 0.140681 3.29827 0.152802 -2.3346 0 0 10
0.580823 0.392009 0.140681 3.29827 0.152802 -2.3346 0 0 10
0.580823 0.392009 0.140681 3.29827 0.152802 -2.3346 0 0 10
0.580823 0.392009 0.140681 3.29827 0.152802 -2.3346 0 0 10
0.580823 0.392009 0.140681 3.29827 0.152802 -2.3346 0 0 10
0.580823 0.392009 0.140681 3.29827 0.152802 -2.3346 0 0 10
0.580823 0.392009 0.140681 3.29827 0.152802 -2.3346 0 0 10
0.580823 0.392009 0.140681 3.29827 0.152802 -2.3346 0 0 10
0.580823 0.392009 0.140681 3.29827 0.152802 -2.3346 0 0 10
0.580823 0.392009 0.140681 3.29827 0.152802 -2.3346 0 0 10
0.580823 0.392009 0.140681 3.29827 0.152802 -2.3346 0 0 10
0.580823 0.392009 0.140681 3.29827 0.152802 -2.3346 0 0 10
0.580823 0.392009 0.140681 3.29827 0.152802 -2.3346 0 0 10
0.580823 0.392009 0.140681 3.29827 0.152802 -2.3346 0 0 10
0.580823 0.392009 0.140681 3.29827 0.152802 -2.3346 0 0 10
0.580823 0.392009 0.140681 3.29827 0.152802 -2.3346 0 0 10
0.580823 0.392009 0.140681 3.29827 0.152802 -2.3346 0 0 10
0.580823 0.392009 0.140681 3.29827 0.152802 -2.3346 0 0 10
0.580823 0.392009 0.140681 3.29827 0.152802 -2.3346 0 0 10
0.580823 0.392009 0.140681 3.29827 0.152802 -2.3346 0 0 10
0.580823 0.392009 0.140681 3.29827 0.152802 -2.3346 0 0 10
0.580823 0.392009 0.140681 3.29827 0.152802 -2.3346 0 0 10
0.580823 0.392009 0.140681 3.29827 0.152802 -2.3346 0 0 10
0.580823 0.392009 0.140681 3.29827 0.152802 -2.3346 0 0 10
0.580823 0.392009 0.140681 3.29827 0.152802 -2.3346 0 0 10
0.580823 0.392009 0.140681 3.29827 0.152802 -2.3346 0 0 10
0.580823 0.392009 0.140681 3.29827 0.152802 -2.3346 0 0 10
0.580823 0.392009 0.140681 3.29827 0.152802 -2.3346 0 0 10
0.580823 0.392009 0.140681 3.29827 0.152802 -2.3346 0 0 10
0.580823 0.392009 0.140681 3.29827 0.152802 -2.3346 0 0 10
0.580823 0.392009 0.140681 3.29827 0.152802 -2.3346 0 0 10
0.580823 0.392009 0.140681 3.29827 0.152802 -2.3346 0 0 10
0.580823 0.392009 0.140681 3.29827 0.152802 -2.3346 0 0 10
0.580823 0.392009 0.140681 3.29827 0.152802 -2.3346 0 0 10
0.580823 0.392009 0.140681 3.29827 0.152802 -2.3346 0 0 10
0.580823 0.392009 0.140681 3.29827 0.152802 -2.3346 0 0 10
0.580823 0.392009 0.140681 3.29827 0.152802 -2.3346 0 0 10
0.580823 0.392009 0.140681 3.29827 0.152802 -2.3346 0 0 10
0.580823 0.392009 0.140681 3.29827 0.152802 -2.3346 0 0 10
0.580823 0.392009 0.140681 3.29827 0.152802 -2.3346 0 0 10
0.580823 0.392009 0.140681 3.29827 0.152802 -2.3346 0 0 10
0.580823 0.392009 0.140681 3.29827 0.152802 -2.3346 0 0 10
0.580823 0.392009 0.140681 3.29827 0.152802 -2.3346 0 0 10
0.580823 0.392009 0.140681 3.29827 0.152802 -2.3346 0 0 10
0.580823 0.392009 0.140681 3.29827 0.152802 -2.3346 0 0 10
0.580823 0.392009 0.140681 3.29827 0.152802 -2.3346 0 0 10
0.580823 0.392009 0.140681 3.29827 0.152802 -2.3346 0 0 10
0.580823 0.392009 0.140681 3.29827 0.152802 -2.3346 0 0 10
0.580823 0.392009 0.140681 3.29827 0.152802 -2.3346 0 0 10
0.580823 0.392009 0.140681 3.29827 0.152802 -2.3346 0 0 10
0.580823 0.392009 0.140681 3.29827 0.152802 -2.3346 0 0 10
0.580823 0.392009 0.140681 3.29827 0.152802 -2.3346 0 0 10
0.580823 0.392009 0.140681 3.29827 0.152802 -2.3346 0 0 10
0.580823 0.392009 0.140681 3.29827 0.152802 -2.3346 0 0 10
0.580823 0.392009 0.140681 3.29827 0.152802 -2.3346 0 0 10
0.580823 0.392009 0.140681 3.29827 0.152802 -2.3346 0 0 10
0.580823 0.392009 0.140681 3.29827 0.152802 -2.3346 0 0 10
0.580823 0.392009 0.140681 3.29827 0.152802 -2.3346 0 0 10
0.580823 0.392009 0.140681 3.29827 0.152802 -2.3346 0 0 10
0.580823 0.392009 0.140681 3.29827 0.152802 -2.3346 0 0 10
0.580823 0.392009 0.140681 3.29827 0.152802 -2.3346 0 0 10
0.580823 0.392009 0.140681 3.29827 0.152802 -2.3346 0 0 10
0.580823 0.392009 0.140681 3.29827 0.152802 -2.3346 0 0 10
0.580823 0.392009 0.140681 3.29827 0.152802 -2.3346 0 0 10
0.580823 0.392009 0.140681 3.29827 0.152802 -2.3346 0 0 10
0.580823 0.392009 0.140681 3.29827 0.152802 -2.3346 0 0 10
0.580823 0.392009 0.140681 3.29827 0.152802 -2.3346 0 0 10
0.580823 0.392009 0.140681 3.29827 0.152802 -2.3346 0 0 10
0.580823 0.392009 0.140681 3.29827 0.152802 -2.3346 0 0 10
0.580823 0.392009 0.140681 3.29827 0.152802 -2.3346 0 0 10
0.580823 0.392009 0.140681 3.29827 0.152802 -2.3346 0 0 10
0.580823 0.392009 0.140681 3.29827 0.152802 -2.3346 0 0 10
0.580823 0.392009 0.140681 3.29827 0.152802 -2.3346 0 0 10
0.580823 0.392009 0.140681 3.29827 0.152802 -2.3346 0 0 10
0.580823 0.392009 0.140681 3.29827 0.152802 -2.3346 0 0 10
0.580823 0.392009 0.140681 3.29827 0.152802 -2.3346 0 0 10
0.580823 0.392009 0.140681 3.29827 0.152802 -2.3346 0 0 10
0.580823 0.392009 0.140681 3.29827 0.152802 -2.3346 0 0 10
0.580823 0.392009 0.140681 3.29827 0.152802 -2.3346 0 0 10
0.580823 0.392009 0.140681 3.29827 0.152802 -2.3346 0 0 10
0.580823 0.392009 0.140681 3.29827 0.152802 -2.3346 0 0 10
0.580823 0.392009 0.140681 3.29827 0.152802 -2.3346 0 0 10
0.580823 0.392009 0.140681 3.29827 0.152802 -2.3346 0 0 10
0.580823 0.392009 0.140681 3.29827 0.152802 -2.3346 0 0 10
0.580823 0.392009 0.140681 3.29827 0.152802 -2.3346 0 0 10
0.580823 0.392009 0.140681 3.29827 0.152802 -2.3346 0 0 10
0.580823 0.392009 0.140681 3.29827 0.152802 -2.3346 0 0 10
0.580823 0.392009 0.140681 3.29827 0.152802 -2.3346 0 0 10
0.580823 0.392009 0.140681 3.29827 0.152802 -2.3346 0 0 10
0.580823 0.392009 0.140681 3.29827 0.152802 -2.3346 0 0 10
0.580823 0.392009 0.140681 3.29827 0.152802 -2.3346 0 0 10
0.580823 0.392009 0.140681 3.29827 0.152802 -2.3346 0 0 10
0.580823 0.392009 0.140681 3.29827 0.152802 -2.3346 0 0 10
0.580823 0.392009 0.140681 3.29827 0.152802 -2.3346 0 0 10
0.580823 0.392009 0.140681 3.29827 0.152802 -2.3346 0 0 10
0.580823 0.392009 0.140681 3.29827 0.152802 -2.3346 0 0 10
0.580823 0.392009 0.140681 3.29827 0.152802 -2.3346 0 0 10
0.580823 0.392009 0.140681 3.29827 0.152802 -2.3346 0 0 10
0.580823 0.392009 0.140681 3.29827 0.152802 -2.3346 0 0 10
0.580823 0.392009 0.140681 3.29827 0.152802 -2.3346 0 0 10
0.580823 0.392009 0.140681 3.29827 0.152802 -2.3346 0 0 10
0.580823 0.392009 0.140681 3.29827 0.152802 -2.3346 0 0 10
0.580823 0.392009 0.140681 3.29827 0.152802 -2.3346 0 0 10
0.580823 0.392009 0.140681 3.29827 0.152802 -2.3346 0 0 10
0.580823 0.392009 0.140681 3.29827 0.152802 -2.3346 0 0 10
0.580823 0.392009 0.140681 3.29827 0.152802 -2.3346 0 0 10
0.580823 0.392009 0.140681 3.29827 0.152802 -2.3346 0 0 10
0.580823 0.392009 0.140681 3.29827 0.152802 -2.3346 0 0 10
0.580823 0.392009 0.140681 3.29827 0.152802 -2.3346 0 0 10
0.580823 0.392009 0.140681 3.29827 0.152802 -2.3346 0 0 10
0.580823 0.392009 0.140681 3.29827 0.152802 -2.3346 0 0 10
0.580823 0.392009 0.140681 3.29827 0.152802 -2.3346 0 0 10
0.580823 0.392009 0.140681 3.29827 0.152802 -2.3346 0 0 10
0.580823 0.392009 0.140681 3.29827 0.152802 -2.3346 0 0 10
0.580823 0.392009 0.140681 3.29827 0.152802 -2.3346 0 0 10
0.580823 0.392009 0.140681 3.29827 0.152802 -2.3346 0 0 10
0.580823 0.392009 0.140681 3.29827 0.152802 -2.3346 0 0 10
0.580823 0.392009 0.140681 3.29827 0.152802 -2.3346 0 0 10
0.580823 0.392009 0.140681 3.29827 0.152802 -2.3346 0 0 10
0.580823 0.392009 0.140681 3.29827 0.152802 -2.3346 0 0 10
0.580823 0.392009 0.140681 3.29827 0.152802 -2.3346 0 0 10
0.580823 0.392009 0.140681 3.29827 0.152802 -2.3346 0 0 10
0.580823 0.392009 0.140681 3.29827 0.152802 -2.3346 0 0 10
0.580823 0.392009 0.140681 3.29827 0.152802 -2.3346 0 0 10
0.580823 0.392009 0.140681 3.29827 0.152802 -2.3346 0 0 10
0.580823 0.392009 0.140681 3.29827 0.152802 -2.3346 0 0 10
0.580823 0.392009 0.140681 3.29827 0.152802 -2.3346 0 0 10
0.580823 0.392009 0.140681 3.29827 0.152802 -2.3346 0 0 10
0.580823 0.392009 0.140681 3.29827 0.152802 -2.3346 0 0 10
0.580823 0.392009 0.140681 3.29827 0.152802 -2.3346 0 0 10
0.580823 0.392009 0.140681 3.29827 0.152802 -2.3346 0 0 10
0.580823 0.392009 0.140681 3.29827 0.152802 -2.3346 0 0 10
0.580823 0.392009 0.140681 3.29827 0.152802 -2.3346 0 0 10
0.580823 0.392009 0.140681 3.29827 0.152802 -2.3346 0 0 10
0.580823 0.392009 0.140681 3.29827 0.152802 -2.3346 0 0 10
0.580823 0.392009 0.140681 3.29827 0.152802 -2.3346 0 0 10
0.580823 0.392009 0.140681 3.29827 0.152802 -2.3346 0 0 10
0.580823 0.392009 0.140681 3.29827 0.152802 -2.3346 0 0 10
0.580823 0.392009 0.140681 3.29827 0.152802 -2.3346 0 0 10
0.580823 0.392009 0.140681 3.29827 0.152802 -2.3346 0 0 10
0.580823 0.392009 0.140681 3.29827 0.152802 -2.3346 0 0 10
0.580823 0.392009 0.140681 3.29827 0.152802 -2.3346 0 0 10
0.580823 0.392009 0.140681 3.29827 0.152802 -2.3346 0 0 10
0.580823 0.392009 0.140681 3.29827 0.152802 -2.3346 0 0 10
0.580823 0.392009 0.140681 3.29827 0.152802 -2.3346 0 0 10
0.580823 0.392009 0.140681 3.29827 0.152802 -2.3346 0 0 10
0.580823 0.392009 0.140681 3.29827 0.152802 -2.3346 0 0 10
0.580823 0.392009 0.140681 3.29827 0.152802 -2.3346 0 0 10
0.580823 0.392009 0.140681 3.29827 0.152802 -2.3346 0 0 10
0.580823 0.392009 0.140681 3.29827 0.152802 -2.3346 0 0 10
0.580823 0.392009 0.140681 3.29827 0.152802 -2.3346 0 0 10
0.580823 0.392009 0.140681 3.29827 0.152802 -2.3346 0 0 10
0.580823 0.392009 0.140681 3.29827 0.152802 -2.3346 0 0 10
0.580823 0.392009 0.140681 3.29827 0.152802 -2.3346 0 0 10
0.580823 0.392009 0.140681 3.29827 0.152802 -2.3346 0 0 10
0.580823 0.392009 0.140681 3.29827 0.152802 -2.3346 0 0 10
0.580823 0.392009 0.140681 3.29827 0.152802 -2.3346 0 0 10
0.580823 0.392009 0.140681 3.29827 0.152802 -2.3346 0 0 10
0.580823 0.392009 0.140681 3.29827 0.152802 -2.3346 0 0 10
0.580823 0.392009 0.140681 3.29827 0.152802 -2.3346 0 0 10
0.580823 0.392009 0.140681 3.29827 0.152802 -2.3346 0 0 10
0.580823 0.392009 0.140681 3.29827 0.152802 -2.3346 0 0 10
0.580823 0.392009 0.140681 3.29827 0.152802 -2.3346 0 0 10
0.580823 0.392009 0.140681 3.29827 0.152802 -2.3346 0 0 10
0.580823 0.392009 0.140681 3.29827 0.152802 -2.3346 0 0 10
0.580823 0.392009 0.140681 3.29827 0.152802 -2.3346 0 0 10
0.580823 0.392009 0.140681 3.29827 0.152802 -2.3346 0 0 10
0.580823 0.392009 0.140681 3.29827 0.152802 -2.3346 0 0 10
0.580823 0.392009 0.140681 3.29827 0.152802 -2.3346 0 0 10
0.580823 0.392009 0.140681 3.29827 0.152802 -2.3346 0 0 10
0.580823 0.392009 0.140681 3.29827 0.152802 -2.3346 0 0 10
0.580823 0.392009 0.140681 3.29827 0.152802 -2.3346 0 0 10
0.580823 0.392009 0.140681 3.29827 0.152802 -2.3346 0 0 10
0.580823 0.392009 0.140681 3.29827 0.152802 -2.3346 0 0 10
0.580823 0.392009 0.140681 3.29827 0.152802 -2.3346 0 0 10
0.580823 0.392009 0.140681 3.29827 0.152802 -2.3346 0 0 10
0.580823 0.392009 0.140681 3.29827 0.152802 -2.3346 0 0 10
0.580823 0.392009 0.140681 3.29827 0.152802 -2.3346 0 0 10
0.580823 0.392009 0.140681 3.29827 0.152802 -2.3346 0 0 10
0.580823 0.392009 0.140681 3.29827 0.152802 -2.3346 0 0 10
0.580823 0.392009 0.140681 3.29827 0.152802 -2.3346 0 0 10
0.580823 0.392009 0.140681 3.29827 0.152802 -2.3346 0 0 10
0.580823 0.392009 0.140681 3.29827 0.152802 -2.3346 0 0 10
0.580823 0.392009 0.140681 3.29827 0.152802 -2.3346 0 0 10
0.580823 0.392009 0.140681 3.29827 0.152802 -2.3346 0 0 10
0.580823 0.392009 0.140681 3.29827 0.152802 -2.3346 0 0 10
0.580823 0.392009 0.140681 3.29827 0.152802 -2.3346 0 0 10
0.580823 0.392009 0.140681 3.29827 0.152802 -2.3346 0 0 10
0.580823 0.392009 0.140681 3.29827 0.152802 -2.3346 0 0 10
0.580823 0.392009 0.140681 3.29827 0.152802 -2.3346 0 0 10
0.580823 0.392009 0.140681 3.29827 0.152802 -2.3346 0 0 10
0.580823 0.392009 0.140681 3.29827 0.152802 -2.3346 0 0 10
0.580823 0.392009 0.140681 3.29827 0.152802 -2.3346 0 0 10
0.580823 0.392009 0.140681 3.29827 0.152802 -2.3346 0 0 10
0.580823 0.392009 0.140681 3.29827 0.152802 -2.3346 0 0 10
0.580823 0.392009 0.140681 3.29827 0.152802 -2.3346 0 0 10
0.580823 0.392009 0.140681 3.29827 0.152802 -2.3346 0 0 10
0.580823 0.392009 0.140681 3.29827 0.152802 -2.3346 0 0 10
0.580823 0.392009 0.140681 3.29827 0.152802 -2.3346 0 0 10
0.580823 0.392009 0.140681 3.29827 0.152802 -2.3346 0 0 10
0.580823 0.392009 0.140681 3.29827 0.152802 -2.3346 0 0 10
0.580823 0.392009 0.140681 3.29827 0.152802 -2.3346 0 0 10
0.580823 0.392009 0.140681 3.29827 0.152802 -2.3346 0 0 10
0.580823 0.392009 0.140681 3.29827 0.152802 -2.3346 0 0 10
0.580823 0.392009 0.140681 3.29827 0.152802 -2.3346 0 0 10
0.580823 0.392009 0.140681 3.29827 0.152802 -2.3346 0 0 10
0.580823 0.392009 0.140681 3.29827 0.152802 -2.3346 0 0 10
0.580823 0.392009 0.140681 3.29827 0.152802 -2.3346 0 0 10
0.580823 0.392009 0.140681 3.29827 0.152802 -2.3346 0 0 10
0.580823 0.392009 0.140681 3.29827 0.152802 -2.3346 0 0 10
0.580823 0.392009 0.140681 3.29827 0.152802 -2.3346 0 0 10
0.580823 0.392009 0.140681 3.29827 0.152802 -2.3346 0 0 10
0.580823 0.392009 0.140681 3.29827 0.152802 -2.3346 0 0 10
0.580823 0.392009 0.140681 3.29827 0.152802 -2.3346 0 0 10
0.580823 0.392009 0.140681 3.29827 0.152802 -2.3346 0 0 10
0.580823 0.392009 0.140681 3.29827 0.152802 -2.3346 0 0 10
0.580823 0.392009 0.140681 3.29827 0.152802 -2.3346 0 0 10
0.580823 0.392009 0.140681 3.29827 0.152802 -2.3346 0 0 10
0.580823 0.392009 0.140681 3.29827 0.152802 -2.3346 0 0 10
0.580823 0.392009 0.140681 3.29827 0.152802 -2.3346 0 0 10
0.580823 0.392009 0.140681 3.29827 0.152802 -2.3346 0 0 10
0.580823 0.392009 0.140681 3.29827 0.152802 -2.3346 0 0 10
0.580823 0.392009 0.140681 3.29827 0.152802 -2.3346 0 0 10
0.580823 0.392009 0.140681 3.29827 0.152802 -2.3346 0 0 10
0.580823 0.392009 0.140681 3.29827 0.152802 -2.3346 0 0 10
0.580823 0.392009 0.140681 3.29827 0.152802 -2.3346 0 0 10
0.580823 0.392009 0.140681 3.29827 0.152802 -2.3346 0 0 10
0.580823 0.392009 0.140681 3.29827 0.152802 -2.3346 0 0 10
0.580823 0.392009 0.140681 3.29827 0.152802 -2.3346 0 0 10
0.580823 0.392009 0.140681 3.29827 0.152802 -2.3346 0 0 10
0.580823 0.392009 0.140681 3.29827 0.152802 -2.3346 0 0 10
0.580823 0.392009 0.140681 3.29827 0.152802 -2.3346 0 0 10
0.580823 0.392009 0.140681 3.29827 0.152802 -2.3346 0 0 10
0.580823 0.392009 0.140681 3.29827 0.152802 -2.3346 0 0 10
0.580823 0.392009 0.140681 3.29827 0.152802 -2.3346 0 0 10
0.580823 0.392009 0.140681 3.29827 0.152802 -2.3346 0 0 10
0.580823 0.392009 0.140681 3.29827 0.152802 -2.3346 0 0 10
0.580823 0.392009 0.140681 3.29827 0.152802 -2.3346 0 0 10
0.580823 0.392009 0.140681 3.29827 0.152802 -2.3346 0 0 10
0.580823 0.392009 0.140681 3.29827 0.152802 -2.3346 0 0 10
0.580823 0.392009 0.140681 3.29827 0.152802 -2.3346 0 0 10
0.580823 0.392009 0.140681 3.29827 0.152802 -2.3346 0 0 10
0.580823 0.392009 0.140681 3.29827 0.152802 -2.3346 0 0 10
0.580823 0.392009 0.140681 3.29827 0.152802 -2.3346 0 0 10
0.580823 0.392009 0.140681 3.29827 0.152802 -2.3346 0 0 10
0.580823 0.392009 0.140681 3.29827 0.152802 -2.3346 0 0 10
0.580823 0.392009 0.140681 3.29827 0.152802 -2.3346 0 0 10
0.580823 0.392009 0.140681 3.29827 0.152802 -2.3346 0 0 10
0.580823 0.392009 0.140681 3.29827 0.152802 -2.3346 0 0 10
0.580823 0.392009 0.140681 3.29827 0.152802 -2.3346 0 0 10
0.580823 0.392009 0.140681 3.29827 0.152802 -2.3346 0 0 10
0.580823 0.392009 0.140681 3.29827 0.152802 -2.3346 0 0 10
0.580823 0.392009 0.140681 3.29827 0.152802 -2.3346 0 0 10
0.580823 0.392009 0.140681 3.29827 0.152802 -2.3346 0 0 10
0.580823 0.392009 0.140681 3.29827 0.152802 -2.3346 0 0 10
0.580823 0.392009 0.140681 3.29827 0.152802 -2.3346 0 0 10
0.580823 0.392009 0.140681 3.29827 0.152802 -2.3346 0 0 10
0.580823 0.392009 0.140681 3.29827 0.152802 -2.3346 0 0 10
0.580823 0.392009 0.140681 3.29827 0.152802 -2.3346 0 0 10
0.580823 0.392009 0.140681 3.29827 0.152802 -2.3346 0 0 10
0.580823 0.392009 0.140681 3.29827 0.152802 -2.3346 0 0 10
0.580823 0.392009 0.140681 3.29827 0.152802 -2.3346 0 0 10
0.580823 0.392009 0.140681 3.29827 0.152802 -2.3346 0 0 10
0.580823 0.392009 0.140681 3.29827 0.152802 -2.3346 0 0 10
0.580823 0.392009 0.140681 3.29827 0.152802 -2.3346 0 0 10
0.580823 0.392009 0.140681 3.29827 0.152802 -2.3346 0 0 10
0.580823 0.392009 0.140681 3.29827 0.152802 -2.3346 0 0 10
0.580823 0.392009 0.140681 3.29827 0.152802 -2.3346 0 0 10
0.580823 0.392009 0.140681 3.29827 0.152802 -2.3346 0 0 10
0.580823 0.392009 0.140681 3.29827 0.152802 -2.3346 0 0 10
0.580823 0.392009 0.140681 3.29827 0.152802 -2.3346 0 0 10
0.580823 0.392009 0.140681 3.29827 0.152802 -2.3346 0 0 10
0.580823 0.392009 0.140681 3.29827 0.152802 -2.3346 0 0 10
0.580823 0.392009 0.140681 3.29827 0.152802 -2.3346 0 0 10
0.580823 0.392009 0.140681 3.29827 0.152802 -2.3346 0 0 10
0.580823 0.392009 0.140681 3.29827 0.152802 -2.3346 0 0 10
0.580823 0.392009 0.140681 3.29827 0.152802 -2.3346 0 0 10
0.580823 0.392009 0.140681 3.29827 0.152802 -2.3346 0 0 10
0.580823 0.392009 0.140681 3.29827 0.152802 -2.3346 0 0 10
0.580823 0.392009 0.140681 3.29827 0.152802 -2.3346 0 0 10
0.580823 0.392009 0.140681 3.29827 0.152802 -2.3346 0 0 10
0.580823 0.392009 0.140681 3.29827 0.152802 -2.3346 0 0 10
0.580823 0.392009 0.140681 3.29827 0.152802 -2.3346 0 0 10
0.580823 0.392009 0.140681 3.29827 0.152802 -2.3346 0 0 10
0.580823 0.392009 0.140681 3.29827 0.152802 -2.3346 0 0 10
0.580823 0.392009 0.140681 3.29827 0.152802 -2.3346 0 0 10
0.580823 0.392009 0.140681 3.29827 0.152802 -2.3346 0 0 10
0.580823 0.392009 0.140681 3.29827 0.152802 -2.3346 0 0 10
0.580823 0.392009 0.140681 3.29827 0.152802 -2.3346 0 0 10
0.580823 0.392009 0.140681 3.29827 0.152802 -2.3346 0 0 10
0.580823 0.392009 0.140681 3.29827 0.152802 -2.3346 0 0 10
0.580823 0.392009 0.140681 3.29827 0.152802 -2.3346 0 0 10
0.580823 0.392009 0.140681 3.29827 0.152802 -2.3346 0 0 10
0.580823 0.392009 0.140681 3.29827 0.152802 -2.3346 0 0 10
0.580823 0.392009 0.140681 3.29827 0.152802 -2.3346 0 0 10
0.580823 0.392009 0.140681 3.29827 0.152802 -2.3346 0 0 10
0.580823 0.392009 0.140681 3.29827 0.152802 -2.3346 0 0 10
0.580823 0.392009 0.140681 3.29827 0.152802 -2.3346 0 0 10
0.580823 0.392009 0.140681 3.29827 0.152802 -2.3346 0 0 10
0.580823 0.392009 0.140681 3.29827 0.152802 -2.3346 0 0 10
0.580823 0.392009 0.140681 3.29827 0.152802 -2.3346 0 0 10
0.580823 0.392009 0.140681 3.29827 0.152802 -2.3346 0 0 10
0.580823 0.392009 0.140681 3.29827 0.152802 -2.3346 0 0 10
0.580823 0.392009 0.140681 3.29827 0.152802 -2.3346 0 0 10
0.580823 0.392009 0.140681 3.29827 0.152802 -2.3346 0 0 10
0.580823 0.392009 0.140681 3.29827 0.152802 -2.3346 0 0 10
0.580823 0.392009 0.140681 3.29827 0.152802 -2.3346 0 0 10
0.580823 0.392009 0.140681 3.29827 0.152802 -2.3346 0 0 10
0.580823 0.392009 0.140681 3.29827 0.152802 -2.3346 0 0 10
0.580823 0.392009 0.140681 3.29827 0.152802 -2.3346 0 0 10
0.580823 0.392009 0.140681 3.29827 0.152802 -2.3346 0 0 10
0.580823 0.392009 0.140681 3.29827 0.152802 -2.3346 0 0 10
0.580823 0.392009 0.140681 3.29827 0.152802 -2.3346 0 0 10
0.580823 0.392009 0.140681 3.29827 0.152802 -2.3346 0 0 10
0.580823 0.392009 0.140681 3.29827 0.152802 -2.3346 0 0 10
0.580823 0.392009 0.140681 3.29827 0.152802 -2.3346 0 0 10
0.580823 0.392009 0.140681 3.29827 0.152802 -2.3346 0 0 10
0.580823 0.392009 0.140681 3.29827 0.152802 -2.3346 0 0 10
0.580823 0.392009 0.140681 3.29827 0.152802 -2.3346 0 0 10
0.580823 0.392009 0.140681 3.29827 0.152802 -2.3346 0 0 10
0.580823 0.392009 0.140681 3.29827 0.152802 -2.3346 0 0 10
0.580823 0.392009 0.140681 3.29827 0.152802 -2.3346 0 0 10
0.580823 0.392009 0.140681 3.29827 0.152802 -2.3346 0 0 10
0.580823 0.392009 0.140681 3.29827 0.152802 -2.3346 0 0 10
0.580823 0.392009 0.140681 3.29827 0.152802 -2.3346 0 0 10
0.580823 0.392009 0.140681 3.29827 0.152802 -2.3346 0 0 10
0.580823 0.392009 0.140681 3.29827 0.152802 -2.3346 0 0 10
0.580823 0.392009 0.140681 3.29827 0.152802 -2.3346 0 0 10
0.580823 0.392009 0.140681 3.29827 0.152802 -2.3346 0 0 10
0.580823 0.392009 0.140681 3.29827 0.152802 -2.3346 0 0 10
0.580823 0.392009 0.140681 3.29827 0.152802 -2.3346 0 0 10
0.580823 0.392009 0.140681 3.29827 0.152802 -2.3346 0 0 10
0.580823 0.392009 0.140681 3.29827 0.152802 -2.3346 0 0 10
0.580823 0.392009 0.140681 3.29827 0.152802 -2.3346 0 0 10
0.580823 0.392009 0.140681 3.29827 0.152802 -2.3346 0 0 10
0.580823 0.392009 0.140681 3.29827 0.152802 -2.3346 0 0 10
0.580823 0.392009 0.140681 3.29827 0.152802 -2.3346 0 0 10
0.580823 0.392009 0.140681 3.29827 0.152802 -2.3346 0 0 10
0.580823 0.392009 0.140681 3.29827 0.152802 -2.3346 0 0 10
0.580823 0.392009 0.140681 3.29827 0.152802 -2.3346 0 0 10
0.580823 0.392009 0.140681 3.29827 0.152802 -2.3346 0 0 10
0.580823 0.392009 0.140681 3.29827 0.152802 -2.3346 0 0 10
0.580823 0.392009 0.140681 3.29827 0.152802 -2.3346 0 0 10
0.580823 0.392009 0.140681 3.29827 0.152802 -2.3346 0 0 10
0.580823 0.392009 0.140681 3.29827 0.152802 -2.3346 0 0 10
0.580823 0.392009 0.140681 3.29827 0.152802 -2.3346 0 0 10
0.580823 0.392009 0.140681 3.29827 0.152802 -2.3346 0 0 10
0.580823 0.392009 0.140681 3.29827 0.152802 -2.3346 0 0 10
0.580823 0.392009 0.140681 3.29827 0.152802 -2.3346 0 0 10
0.580823 0.392009 0.140681 3.29827 0.152802 -2.3346 0 0 10
0.580823 0.392009 0.140681 3.29827 0.152802 -2.3346 0 0 10
0.580823 0.392009 0.140681 3.29827 0.152802 -2.3346 0 0 10
0.580823 0.392009 0.140681 3.29827 0.152802 -2.3346 0 0 10
0.580823 0.392009 0.140681 3.29827 0.152802 -2.3346 0 0 10
0.580823 0.392009 0.140681 3.29827 0.152802 -2.3346 0 0 10
0.580823 0.392009 0.140681 3.29827 0.152802 -2.3346 0 0 10
0.580823 0.392009 0.140681 3.29827 0.152802 -2.3346 0 0 10
0.580823 0.392009 0.140681 3.29827 0.152802 -2.3346 0 0 10
0.580823 0.392009 0.140681 3.29827 0.152802 -2.3346 0 0 10
0.580823 0.392009 0.140681 3.29827 0.152802 -2.3346 0 0 10
0.580823 0.392009 0.140681 3.29827 0.152802 -2.3346 0 0 10
0.580823 0.392009 0.140681 3.29827 0.152802 -2.3346 0 0 10
0.580823 0.392009 0.140681 3.29827 0.152802 -2.3346 0 0 10
0.580823 0.392009 0.140681 3.29827 0.152802 -2.3346 0 0 10
0.580823 0.392009 0.140681 3.29827 0.152802 -2.3346 0 0 10
0.580823 0.392009 0.140681 3.29827 0.152802 -2.3346 0 0 10
0.580823 0.392009 0.140681 3.29827 0.152802 -2.3346 0 0 10
0.580823 0.392009 0.140681 3.29827 0.152802 -2.3346 0 0 10
