{
    "Q": [
        [
            1.730952207201221,
            -0.3136757329966457,
            0.519625400052472
        ],
        [
            -0.31367573299664175,
            2.0703573181339334,
            0.1744549977430927
        ],
        [
            0.5196254000524704,
            0.17445499774308962,
            2.8355419889704594
        ]
    ],
    "R": [
        [
            229.58351058088076,
            -43.62654884350186,
            -14.45997815117719
        ],
        [
            -43.62654884350186,
            384.2502507696823,
            37.466543563151326
        ],
        [
            -14.45997815117719,
            37.466543563151326,
            232.98984835139433
        ]
    ]
}