{
    "Q": [
        [
            0.012610586563844119,
            -0.002165028840806344,
            -0.0015120165355235993
        ],
        [
            -0.00216502884080625,
            0.009139067032232738,
            0.003119885694770584
        ],
        [
            -0.001512016535523552,
            0.0031198856947705763,
            0.0027672385520550722
        ]
    ],
    "R": [
        [
            3.315133349927438,
            -0.672568589154003,
            -0.4476488341819209
        ],
        [
            -0.672568589154003,
            2.254286118067785,
            0.8894696028660032
        ],
        [
            -0.4476488341819209,
            0.8894696028660032,
            0.784267949097673
        ]
    ]
}