659.978	336.747	99.655	-0.013	0.014	1.573	
659.983	336.735	99.678	-0.013	0.014	1.573	
659.986	336.741	99.673	-0.013	0.014	1.573	
659.986	336.739	99.658	-0.013	0.014	1.573	
659.987	336.746	99.664	-0.013	0.014	1.573	
659.972	336.765	99.652	-0.013	0.014	1.573	
659.971	336.739	99.650	-0.013	0.014	1.573	
659.955	336.708	99.647	-0.013	0.014	1.573	
659.976	336.731	99.673	-0.013	0.014	1.573	
659.985	336.718	99.675	-0.013	0.014	1.573	
659.978	336.738	99.658	-0.013	0.014	1.573	
659.979	336.762	99.681	-0.013	0.014	1.573	
659.981	336.749	99.670	-0.013	0.014	1.573	
659.965	336.725	99.644	-0.013	0.014	1.573	
659.995	336.761	99.704	-0.013	0.014	1.573	
659.987	336.741	99.671	-0.013	0.014	1.573	
659.973	336.746	99.674	-0.013	0.014	1.573	
659.985	336.745	99.663	-0.013	0.014	1.573	
659.979	336.730	99.662	-0.013	0.014	1.573	
659.975	336.745	99.666	-0.013	0.014	1.573	
659.977	336.757	99.671	-0.013	0.014	1.573	
659.981	336.715	99.661	-0.013	0.014	1.573	
659.988	336.744	99.683	-0.013	0.014	1.573	
659.986	336.737	99.656	-0.013	0.014	1.573	
659.979	336.747	99.658	-0.013	0.014	1.573	
659.986	336.734	99.658	-0.013	0.014	1.573	
659.969	336.740	99.663	-0.013	0.014	1.573	
659.964	336.713	99.648	-0.013	0.014	1.573	
659.980	336.751	99.684	-0.013	0.014	1.573	
659.979	336.730	99.651	-0.013	0.014	1.573	
659.976	336.729	99.657	-0.013	0.014	1.573	
659.990	336.728	99.670	-0.013	0.014	1.573	
659.972	336.738	99.662	-0.013	0.014	1.573	
659.990	336.746	99.667	-0.013	0.014	1.573	
659.995	336.724	99.663	-0.013	0.014	1.573	
659.970	336.743	99.664	-0.013	0.014	1.573	
659.983	336.735	99.656	-0.013	0.014	1.573	
659.989	336.730	99.669	-0.013	0.014	1.573	
659.966	336.753	99.662	-0.013	0.014	1.573	
659.988	336.732	99.670	-0.013	0.014	1.573	
659.967	336.755	99.668	-0.013	0.014	1.573	
659.975	336.725	99.660	-0.013	0.014	1.573	
659.966	336.744	99.649	-0.013	0.014	1.573	
659.974	336.746	99.658	-0.013	0.014	1.573	
659.971	336.752	99.667	-0.013	0.014	1.573	
659.972	336.759	99.671	-0.013	0.014	1.573	
659.981	336.761	99.668	-0.013	0.014	1.573	
659.979	336.733	99.653	-0.013	0.014	1.573	
659.987	336.732	99.665	-0.013	0.014	1.573	
659.979	336.745	99.673	-0.013	0.014	1.573	
659.983	336.746	99.673	-0.013	0.014	1.573	
659.981	336.749	99.689	-0.013	0.014	1.573	
659.972	336.744	99.647	-0.013	0.014	1.573	
659.991	336.755	99.682	-0.013	0.014	1.573	
659.971	336.740	99.649	-0.013	0.014	1.573	
659.972	336.743	99.662	-0.013	0.014	1.573	
659.959	336.753	99.661	-0.013	0.014	1.573	
659.984	336.741	99.659	-0.013	0.014	1.573	
659.976	336.740	99.663	-0.013	0.014	1.573	
659.967	336.767	99.660	-0.013	0.014	1.573	
659.982	336.747	99.673	-0.013	0.014	1.573	
659.972	336.740	99.661	-0.013	0.014	1.573	
659.981	336.750	99.663	-0.013	0.014	1.573	
659.983	336.703	99.668	-0.013	0.014	1.573	
659.984	336.748	99.682	-0.013	0.014	1.573	
659.973	336.738	99.649	-0.013	0.014	1.573	
659.965	336.731	99.656	-0.013	0.014	1.573	
659.966	336.740	99.657	-0.013	0.014	1.573	
659.966	336.755	99.650	-0.013	0.014	1.573	
659.974	336.729	99.662	-0.013	0.014	1.573	
659.978	336.732	99.649	-0.013	0.014	1.573	
659.986	336.740	99.657	-0.013	0.014	1.573	
659.985	336.743	99.686	-0.013	0.014	1.573	
659.966	336.731	99.666	-0.013	0.014	1.573	
659.974	336.741	99.674	-0.013	0.014	1.573	
659.974	336.737	99.663	-0.013	0.014	1.573	
659.988	336.742	99.686	-0.013	0.014	1.573	
659.969	336.746	99.672	-0.013	0.014	1.573	
659.982	336.751	99.674	-0.013	0.014	1.573	
659.968	336.739	99.654	-0.013	0.014	1.573	
659.968	336.743	99.656	-0.013	0.014	1.573	
659.959	336.750	99.657	-0.013	0.014	1.573	
659.968	336.732	99.666	-0.013	0.014	1.573	
659.960	336.761	99.647	-0.013	0.014	1.573	
659.985	336.723	99.656	-0.013	0.014	1.573	
659.973	336.742	99.652	-0.013	0.014	1.573	
659.971	336.760	99.678	-0.013	0.014	1.573	
659.980	336.730	99.662	-0.013	0.014	1.573	
659.989	336.750	99.679	-0.013	0.014	1.573	
659.969	336.719	99.642	-0.013	0.014	1.573	
659.949	336.744	99.640	-0.013	0.014	1.573	
659.962	336.747	99.653	-0.013	0.014	1.573	
659.973	336.746	99.655	-0.013	0.014	1.573	
659.979	336.758	99.671	-0.013	0.014	1.573	
659.975	336.749	99.657	-0.013	0.014	1.573	
659.990	336.742	99.663	-0.013	0.014	1.573	
659.979	336.747	99.673	-0.013	0.014	1.573	
659.985	336.745	99.675	-0.013	0.014	1.573	
659.976	336.736	99.662	-0.013	0.014	1.573	
659.971	336.758	99.665	-0.013	0.014	1.573	
659.989	336.741	99.659	-0.013	0.014	1.573	
659.979	336.749	99.667	-0.013	0.014	1.573	
659.961	336.732	99.641	-0.013	0.014	1.573	
659.975	336.727	99.649	-0.013	0.014	1.573	
659.970	336.758	99.659	-0.013	0.014	1.573	
659.978	336.739	99.671	-0.013	0.014	1.573	
659.977	336.747	99.649	-0.013	0.014	1.573	
659.978	336.746	99.658	-0.013	0.014	1.573	
659.980	336.732	99.658	-0.013	0.014	1.573	
659.987	336.756	99.667	-0.013	0.014	1.573	
659.984	336.741	99.649	-0.013	0.014	1.573	
659.980	336.729	99.662	-0.013	0.014	1.573	
659.979	336.759	99.675	-0.013	0.014	1.573	
659.976	336.737	99.660	-0.013	0.014	1.573	
659.971	336.719	99.676	-0.013	0.014	1.573	
659.970	336.752	99.655	-0.013	0.014	1.573	
659.985	336.762	99.675	-0.013	0.014	1.573	
659.973	336.728	99.647	-0.013	0.014	1.573	
659.976	336.729	99.650	-0.013	0.014	1.573	
659.969	336.748	99.660	-0.013	0.014	1.573	
659.969	336.721	99.655	-0.013	0.014	1.573	
659.980	336.751	99.671	-0.013	0.014	1.573	
659.976	336.750	99.651	-0.013	0.014	1.573	
659.967	336.763	99.636	-0.013	0.014	1.573	
659.980	336.744	99.665	-0.013	0.014	1.573	
659.962	336.745	99.645	-0.013	0.014	1.573	
659.976	336.739	99.662	-0.013	0.014	1.573	
659.973	336.734	99.642	-0.013	0.014	1.573	
659.966	336.745	99.657	-0.013	0.014	1.573	
659.979	336.756	99.674	-0.013	0.014	1.573	
659.977	336.741	99.664	-0.013	0.014	1.573	
659.958	336.746	99.643	-0.013	0.014	1.573	
659.971	336.777	99.665	-0.013	0.014	1.573	
659.982	336.744	99.683	-0.013	0.014	1.573	
659.989	336.742	99.664	-0.013	0.014	1.573	
659.984	336.746	99.671	-0.013	0.014	1.573	
659.990	336.736	99.674	-0.013	0.014	1.573	
659.976	336.756	99.661	-0.013	0.014	1.573	
659.989	336.748	99.664	-0.013	0.014	1.573	
659.983	336.736	99.639	-0.013	0.014	1.573	
659.985	336.756	99.669	-0.013	0.014	1.573	
659.973	336.741	99.642	-0.013	0.014	1.573	
659.980	336.732	99.663	-0.013	0.014	1.573	
659.980	336.745	99.682	-0.013	0.014	1.573	
659.974	336.772	99.675	-0.013	0.014	1.573	
659.969	336.756	99.658	-0.013	0.014	1.573	
659.985	336.744	99.655	-0.013	0.014	1.573	
659.989	336.745	99.678	-0.013	0.014	1.573	
659.983	336.732	99.669	-0.013	0.014	1.573	
659.979	336.745	99.656	-0.013	0.014	1.573	
659.978	336.762	99.651	-0.013	0.014	1.573	
659.990	336.746	99.666	-0.013	0.014	1.573	
659.988	336.741	99.685	-0.013	0.014	1.573	
659.981	336.747	99.658	-0.013	0.014	1.573	
659.963	336.729	99.644	-0.013	0.014	1.573	
659.973	336.740	99.653	-0.013	0.014	1.573	
659.984	336.747	99.660	-0.013	0.014	1.573	
659.990	336.741	99.649	-0.013	0.014	1.573	
659.970	336.725	99.636	-0.013	0.014	1.573	
659.968	336.756	99.655	-0.013	0.014	1.573	
659.977	336.740	99.656	-0.013	0.014	1.573	
659.985	336.762	99.668	-0.013	0.014	1.573	
659.995	336.754	99.674	-0.013	0.014	1.573	
659.992	336.763	99.669	-0.013	0.014	1.573	
659.979	336.737	99.633	-0.013	0.014	1.573	
659.973	336.749	99.666	-0.013	0.014	1.573	
659.986	336.743	99.653	-0.013	0.014	1.573	
659.983	336.769	99.681	-0.013	0.014	1.573	
659.966	336.747	99.642	-0.013	0.014	1.573	
659.983	336.749	99.654	-0.013	0.014	1.573	
659.965	336.754	99.652	-0.013	0.014	1.573	
659.973	336.757	99.668	-0.013	0.014	1.573	
659.957	336.753	99.628	-0.013	0.014	1.573	
659.987	336.740	99.662	-0.013	0.014	1.573	
659.972	336.747	99.645	-0.013	0.014	1.573	
659.987	336.743	99.665	-0.013	0.014	1.573	
659.986	336.753	99.668	-0.013	0.014	1.573	
659.981	336.767	99.660	-0.013	0.014	1.573	
659.969	336.737	99.630	-0.013	0.014	1.573	
659.979	336.743	99.657	-0.013	0.014	1.573	
659.972	336.737	99.622	-0.013	0.014	1.573	
659.976	336.746	99.657	-0.013	0.014	1.573	
659.976	336.760	99.640	-0.013	0.014	1.573	
659.993	336.742	99.657	-0.013	0.014	1.573	
659.974	336.740	99.649	-0.013	0.014	1.573	
659.993	336.757	99.669	-0.013	0.014	1.573	
659.973	336.761	99.672	-0.013	0.014	1.573	
659.981	336.762	99.666	-0.013	0.014	1.573	
659.978	336.735	99.648	-0.013	0.014	1.573	
659.976	336.747	99.652	-0.013	0.014	1.573	
659.986	336.760	99.647	-0.013	0.014	1.573	
659.978	336.756	99.654	-0.013	0.014	1.573	
659.974	336.737	99.647	-0.013	0.014	1.573	
659.964	336.741	99.621	-0.013	0.014	1.573	
659.972	336.762	99.654	-0.013	0.014	1.573	
659.961	336.762	99.629	-0.013	0.014	1.573	
659.973	336.753	99.621	-0.013	0.014	1.573	
659.983	336.751	99.642	-0.013	0.014	1.573	
659.988	336.762	99.664	-0.013	0.014	1.573	
659.970	336.744	99.645	-0.013	0.014	1.573	
659.988	336.737	99.677	-0.013	0.014	1.573	
659.975	336.734	99.634	-0.013	0.014	1.573	
659.983	336.759	99.656	-0.013	0.014	1.573	
659.979	336.752	99.637	-0.013	0.014	1.573	
659.982	336.742	99.637	-0.013	0.014	1.573	
659.970	336.759	99.661	-0.013	0.014	1.573	
659.992	336.766	99.657	-0.013	0.014	1.573	
659.971	336.760	99.641	-0.013	0.014	1.573	
659.982	336.758	99.650	-0.013	0.014	1.573	
659.985	336.750	99.649	-0.013	0.014	1.573	
659.995	336.774	99.654	-0.013	0.014	1.573	
659.980	336.764	99.651	-0.013	0.014	1.573	
659.989	336.766	99.665	-0.013	0.014	1.573	
659.996	336.766	99.652	-0.013	0.014	1.573	
660.002	336.759	99.666	-0.013	0.014	1.573	
659.992	336.776	99.664	-0.013	0.014	1.573	
659.990	336.767	99.652	-0.013	0.014	1.573	
659.980	336.764	99.641	-0.013	0.014	1.573	
659.979	336.755	99.649	-0.013	0.014	1.573	
659.981	336.757	99.649	-0.013	0.014	1.573	
659.987	336.762	99.660	-0.013	0.014	1.573	
659.980	336.760	99.650	-0.013	0.014	1.573	
659.996	336.750	99.663	-0.013	0.014	1.573	
660.011	336.773	99.666	-0.013	0.014	1.573	
659.988	336.754	99.638	-0.013	0.014	1.573	
659.985	336.769	99.650	-0.013	0.014	1.573	
659.995	336.757	99.671	-0.013	0.014	1.573	
659.974	336.766	99.651	-0.013	0.014	1.573	
659.993	336.783	99.644	-0.013	0.014	1.573	
660.014	336.760	99.682	-0.013	0.014	1.573	
659.981	336.779	99.646	-0.013	0.014	1.573	
659.997	336.767	99.669	-0.013	0.014	1.573	
659.989	336.777	99.652	-0.013	0.014	1.573	
659.996	336.755	99.654	-0.013	0.014	1.573	
660.004	336.767	99.670	-0.013	0.014	1.573	
659.997	336.749	99.659	-0.013	0.014	1.573	
659.983	336.762	99.647	-0.013	0.014	1.573	
659.967	336.770	99.633	-0.013	0.014	1.573	
659.990	336.754	99.654	-0.013	0.014	1.573	
659.991	336.758	99.658	-0.013	0.014	1.573	
660.000	336.775	99.661	-0.013	0.014	1.573	
659.969	336.755	99.629	-0.013	0.014	1.573	
660.000	336.763	99.664	-0.013	0.014	1.573	
660.001	336.748	99.639	-0.013	0.014	1.573	
660.003	336.780	99.664	-0.013	0.014	1.573	
660.003	336.773	99.683	-0.013	0.014	1.573	
659.986	336.787	99.654	-0.013	0.014	1.573	
659.989	336.756	99.634	-0.013	0.014	1.573	
660.005	336.771	99.672	-0.013	0.014	1.573	
659.990	336.759	99.662	-0.013	0.014	1.573	
659.978	336.773	99.652	-0.013	0.014	1.573	
660.004	336.777	99.674	-0.013	0.014	1.573	
659.988	336.753	99.643	-0.013	0.014	1.573	
659.984	336.765	99.647	-0.013	0.014	1.573	
660.005	336.763	99.673	-0.013	0.014	1.573	
659.987	336.765	99.624	-0.013	0.014	1.573	
659.998	336.765	99.655	-0.013	0.014	1.573	
660.009	336.757	99.657	-0.013	0.014	1.573	
659.990	336.768	99.639	-0.013	0.014	1.573	
659.987	336.788	99.666	-0.013	0.014	1.573	
659.969	336.772	99.638	-0.013	0.014	1.573	
659.991	336.759	99.652	-0.013	0.014	1.573	
660.005	336.733	99.650	-0.013	0.014	1.573	
660.004	336.756	99.671	-0.013	0.014	1.573	
660.014	336.755	99.671	-0.013	0.014	1.573	
659.993	336.796	99.672	-0.013	0.014	1.573	
659.984	336.767	99.647	-0.013	0.014	1.573	
659.991	336.773	99.662	-0.013	0.014	1.573	
659.998	336.777	99.636	-0.013	0.014	1.573	
659.969	336.773	99.626	-0.013	0.014	1.573	
660.004	336.750	99.644	-0.013	0.014	1.573	
659.993	336.774	99.676	-0.013	0.014	1.573	
659.993	336.769	99.654	-0.013	0.014	1.573	
659.993	336.784	99.652	-0.013	0.014	1.573	
659.998	336.764	99.644	-0.013	0.014	1.573	
659.980	336.756	99.653	-0.013	0.014	1.573	
659.986	336.763	99.647	-0.013	0.014	1.573	
659.988	336.752	99.645	-0.013	0.014	1.573	
660.001	336.749	99.661	-0.013	0.014	1.573	
659.980	336.764	99.654	-0.013	0.014	1.573	
659.994	336.769	99.652	-0.013	0.014	1.573	
659.987	336.764	99.636	-0.013	0.014	1.573	
660.000	336.797	99.683	-0.013	0.014	1.573	
659.991	336.759	99.670	-0.013	0.014	1.573	
659.995	336.767	99.652	-0.013	0.014	1.573	
659.987	336.774	99.644	-0.013	0.014	1.573	
660.000	336.780	99.662	-0.013	0.014	1.573	
659.982	336.791	99.643	-0.013	0.014	1.573	
659.990	336.738	99.639	-0.013	0.014	1.573	
659.995	336.762	99.650	-0.013	0.014	1.573	
659.978	336.779	99.630	-0.013	0.014	1.573	
659.986	336.749	99.629	-0.013	0.014	1.573	
659.997	336.770	99.657	-0.013	0.014	1.573	
660.002	336.778	99.654	-0.013	0.014	1.573	
659.993	336.757	99.643	-0.013	0.014	1.573	
659.997	336.785	99.652	-0.013	0.014	1.573	
660.001	336.755	99.655	-0.013	0.014	1.573	
659.993	336.785	99.661	-0.013	0.014	1.573	
659.993	336.755	99.648	-0.013	0.014	1.573	
659.990	336.765	99.628	-0.013	0.014	1.573	
659.998	336.761	99.657	-0.013	0.014	1.573	
659.972	336.761	99.649	-0.013	0.014	1.573	
660.005	336.769	99.653	-0.013	0.014	1.573	
659.993	336.747	99.639	-0.013	0.014	1.573	
659.987	336.767	99.660	-0.013	0.014	1.573	
659.991	336.755	99.647	-0.013	0.014	1.573	
659.987	336.752	99.647	-0.013	0.014	1.573	
659.997	336.763	99.666	-0.013	0.014	1.573	
659.980	336.763	99.633	-0.013	0.014	1.573	
659.991	336.758	99.641	-0.013	0.014	1.573	
659.999	336.781	99.654	-0.013	0.014	1.573	
660.011	336.757	99.666	-0.013	0.014	1.573	
659.990	336.750	99.635	-0.013	0.014	1.573	
659.979	336.770	99.632	-0.013	0.014	1.573	
659.994	336.783	99.679	-0.013	0.014	1.573	
659.991	336.756	99.659	-0.013	0.014	1.573	
659.983	336.760	99.632	-0.013	0.014	1.573	
659.978	336.743	99.635	-0.013	0.014	1.573	
659.979	336.778	99.641	-0.013	0.014	1.573	
659.998	336.775	99.635	-0.013	0.014	1.573	
659.983	336.778	99.654	-0.013	0.014	1.573	
659.978	336.780	99.645	-0.013	0.014	1.573	
660.009	336.771	99.667	-0.013	0.014	1.573	
659.996	336.764	99.646	-0.013	0.014	1.573	
660.000	336.757	99.659	-0.013	0.014	1.573	
659.981	336.764	99.645	-0.013	0.014	1.573	
659.972	336.760	99.637	-0.013	0.014	1.573	
659.994	336.774	99.656	-0.013	0.014	1.573	
659.994	336.784	99.668	-0.013	0.014	1.573	
659.987	336.756	99.636	-0.013	0.014	1.573	
660.009	336.771	99.677	-0.013	0.014	1.573	
659.996	336.801	99.667	-0.013	0.014	1.573	
659.983	336.755	99.643	-0.013	0.014	1.573	
660.005	336.747	99.641	-0.013	0.014	1.573	
659.991	336.751	99.656	-0.013	0.014	1.573	
659.988	336.778	99.646	-0.013	0.014	1.573	
659.995	336.761	99.667	-0.013	0.014	1.573	
660.000	336.764	99.652	-0.013	0.014	1.573	
659.993	336.757	99.640	-0.013	0.014	1.573	
659.972	336.786	99.628	-0.013	0.014	1.573	
659.985	336.774	99.653	-0.013	0.014	1.573	
659.997	336.779	99.663	-0.013	0.014	1.573	
659.993	336.753	99.631	-0.013	0.014	1.573	
659.987	336.761	99.649	-0.013	0.014	1.573	
659.994	336.761	99.650	-0.013	0.014	1.573	
659.998	336.761	99.655	-0.013	0.014	1.573	
659.989	336.754	99.647	-0.013	0.014	1.573	
659.994	336.781	99.667	-0.013	0.014	1.573	
659.998	336.794	99.676	-0.013	0.014	1.573	
659.980	336.773	99.647	-0.013	0.014	1.573	
659.979	336.781	99.637	-0.013	0.014	1.573	
659.968	336.774	99.630	-0.013	0.014	1.573	
659.987	336.782	99.657	-0.013	0.014	1.573	
659.992	336.771	99.667	-0.013	0.014	1.573	
659.992	336.777	99.646	-0.013	0.014	1.573	
659.972	336.789	99.650	-0.013	0.014	1.573	
660.001	336.774	99.661	-0.013	0.014	1.573	
659.993	336.770	99.647	-0.013	0.014	1.573	
659.996	336.744	99.634	-0.013	0.014	1.573	
660.006	336.756	99.649	-0.013	0.014	1.573	
659.978	336.780	99.634	-0.013	0.014	1.573	
659.986	336.782	99.657	-0.013	0.014	1.573	
659.988	336.771	99.639	-0.013	0.014	1.573	
659.984	336.767	99.623	-0.013	0.014	1.573	
659.981	336.771	99.635	-0.013	0.014	1.573	
659.983	336.764	99.637	-0.013	0.014	1.573	
659.993	336.786	99.654	-0.013	0.014	1.573	
659.989	336.765	99.629	-0.013	0.014	1.573	
660.016	336.773	99.560	-0.013	0.014	1.573	
660.000	336.811	99.514	-0.013	0.014	1.573	
659.977	336.769	99.435	-0.013	0.014	1.573	
659.959	336.756	99.385	-0.013	0.014	1.573	
659.970	336.769	99.379	-0.013	0.014	1.573	
659.987	336.801	99.399	-0.013	0.014	1.573	
660.015	336.804	99.437	-0.013	0.014	1.573	
660.016	336.798	99.440	-0.013	0.014	1.573	
660.021	336.828	99.450	-0.013	0.014	1.573	
660.018	336.813	99.425	-0.013	0.014	1.573	
660.008	336.820	99.408	-0.013	0.014	1.573	
660.015	336.816	99.368	-0.013	0.014	1.573	
660.027	336.849	99.359	-0.013	0.014	1.573	
660.049	336.864	99.391	-0.013	0.014	1.573	
660.062	336.902	99.401	-0.013	0.013	1.573	
660.043	336.889	99.361	-0.013	0.013	1.573	
660.068	336.906	99.342	-0.013	0.013	1.573	
660.063	336.897	99.304	-0.013	0.013	1.573	
660.082	336.917	99.271	-0.013	0.013	1.573	
660.096	336.920	99.207	-0.013	0.013	1.573	
660.086	336.925	99.163	-0.013	0.013	1.573	
660.095	336.955	99.127	-0.013	0.013	1.573	
660.112	336.981	99.124	-0.013	0.013	1.573	
660.107	336.978	99.079	-0.013	0.013	1.573	
660.092	337.023	99.041	-0.013	0.013	1.573	
660.130	337.009	99.000	-0.013	0.013	1.573	
660.151	337.029	98.963	-0.013	0.013	1.573	
660.138	337.058	98.892	-0.013	0.013	1.573	
660.157	337.067	98.865	-0.013	0.013	1.573	
660.188	337.096	98.833	-0.013	0.013	1.573	
660.156	337.119	98.763	-0.012	0.013	1.573	
660.176	337.109	98.699	-0.012	0.013	1.573	
660.198	337.151	98.678	-0.012	0.013	1.573	
660.204	337.159	98.609	-0.012	0.013	1.573	
660.187	337.163	98.536	-0.012	0.013	1.573	
660.214	337.201	98.486	-0.012	0.013	1.573	
660.238	337.231	98.438	-0.012	0.013	1.573	
660.238	337.228	98.371	-0.012	0.013	1.573	
660.267	337.270	98.312	-0.012	0.013	1.573	
660.261	337.286	98.233	-0.012	0.013	1.573	
660.256	337.330	98.184	-0.012	0.013	1.573	
660.286	337.343	98.131	-0.012	0.012	1.573	
660.279	337.351	98.042	-0.012	0.012	1.573	
660.309	337.412	98.023	-0.012	0.012	1.573	
660.327	337.405	97.924	-0.012	0.012	1.573	
660.335	337.440	97.860	-0.012	0.012	1.573	
660.373	337.469	97.825	-0.012	0.012	1.573	
660.368	337.507	97.732	-0.012	0.012	1.573	
660.376	337.534	97.658	-0.012	0.012	1.573	
660.395	337.564	97.556	-0.011	0.012	1.573	
660.420	337.584	97.490	-0.011	0.012	1.573	
660.432	337.620	97.400	-0.011	0.012	1.573	
660.441	337.659	97.337	-0.011	0.012	1.573	
660.466	337.665	97.266	-0.011	0.012	1.573	
660.496	337.742	97.215	-0.011	0.012	1.573	
660.549	337.759	97.138	-0.011	0.011	1.573	
660.544	337.808	97.027	-0.011	0.011	1.573	
660.587	337.824	96.988	-0.011	0.011	1.573	
660.597	337.827	96.873	-0.011	0.011	1.573	
660.668	337.866	96.827	-0.011	0.011	1.572	
660.644	337.889	96.696	-0.011	0.011	1.573	
660.670	337.920	96.603	-0.011	0.011	1.573	
660.693	337.922	96.508	-0.011	0.011	1.572	
660.687	337.979	96.424	-0.011	0.011	1.572	
660.731	338.024	96.343	-0.010	0.011	1.572	
660.727	338.035	96.191	-0.010	0.011	1.572	
660.760	338.084	96.132	-0.010	0.011	1.572	
660.778	338.118	96.022	-0.010	0.011	1.572	
660.812	338.190	95.930	-0.010	0.011	1.572	
660.803	338.217	95.811	-0.010	0.010	1.572	
660.853	338.258	95.731	-0.010	0.010	1.572	
660.853	338.267	95.586	-0.010	0.010	1.572	
660.860	338.322	95.464	-0.010	0.010	1.572	
660.897	338.378	95.379	-0.010	0.010	1.572	
660.909	338.395	95.253	-0.010	0.010	1.572	
660.938	338.483	95.168	-0.009	0.010	1.572	
660.956	338.518	95.044	-0.009	0.010	1.572	
660.958	338.543	94.924	-0.009	0.010	1.572	
660.986	338.610	94.813	-0.009	0.010	1.572	
661.020	338.655	94.707	-0.009	0.010	1.572	
661.064	338.681	94.585	-0.009	0.009	1.572	
661.087	338.725	94.459	-0.009	0.009	1.572	
661.100	338.779	94.338	-0.009	0.009	1.572	
661.125	338.825	94.232	-0.009	0.009	1.572	
661.147	338.875	94.083	-0.009	0.009	1.572	
661.179	338.942	93.999	-0.008	0.009	1.572	
661.215	338.968	93.877	-0.008	0.009	1.572	
661.230	339.022	93.729	-0.008	0.009	1.572	
661.251	339.082	93.600	-0.008	0.009	1.572	
661.275	339.123	93.477	-0.008	0.009	1.572	
661.316	339.187	93.371	-0.008	0.008	1.572	
661.341	339.245	93.227	-0.008	0.008	1.572	
661.402	339.315	93.127	-0.008	0.008	1.572	
661.402	339.329	92.964	-0.008	0.008	1.572	
661.451	339.389	92.841	-0.008	0.008	1.572	
661.471	339.428	92.657	-0.007	0.008	1.572	
661.501	339.482	92.534	-0.007	0.008	1.572	
661.549	339.523	92.423	-0.007	0.008	1.572	
661.576	339.572	92.298	-0.007	0.007	1.572	
661.606	339.622	92.158	-0.007	0.007	1.572	
661.627	339.672	92.012	-0.007	0.007	1.572	
661.653	339.727	91.876	-0.007	0.007	1.572	
661.685	339.777	91.726	-0.007	0.007	1.572	
661.717	339.856	91.614	-0.006	0.007	1.572	
661.747	339.908	91.480	-0.006	0.007	1.572	
661.779	339.970	91.330	-0.006	0.007	1.572	
661.794	340.004	91.166	-0.006	0.007	1.572	
661.829	340.084	91.035	-0.006	0.006	1.572	
661.855	340.131	90.893	-0.006	0.006	1.572	
661.887	340.183	90.733	-0.006	0.006	1.572	
661.925	340.220	90.608	-0.006	0.006	1.572	
661.952	340.284	90.480	-0.006	0.006	1.572	
661.986	340.311	90.352	-0.006	0.006	1.572	
662.016	340.383	90.234	-0.005	0.006	1.572	
662.031	340.444	90.088	-0.005	0.006	1.572	
662.061	340.478	89.945	-0.005	0.005	1.572	
662.098	340.562	89.823	-0.005	0.005	1.572	
662.153	340.606	89.695	-0.005	0.005	1.572	
662.167	340.635	89.549	-0.005	0.005	1.572	
662.185	340.705	89.415	-0.005	0.005	1.572	
662.222	340.745	89.279	-0.005	0.005	1.572	
662.254	340.806	89.143	-0.005	0.005	1.572	
662.264	340.830	88.997	-0.004	0.005	1.571	
662.313	340.910	88.883	-0.004	0.004	1.571	
662.353	340.943	88.755	-0.004	0.004	1.571	
662.369	340.964	88.594	-0.004	0.004	1.571	
662.372	341.026	88.454	-0.004	0.004	1.571	
662.429	341.049	88.331	-0.004	0.004	1.571	
662.446	341.102	88.198	-0.004	0.004	1.571	
662.468	341.169	88.064	-0.004	0.004	1.571	
662.494	341.206	87.924	-0.004	0.004	1.571	
662.532	341.241	87.808	-0.004	0.004	1.571	
662.555	341.281	87.702	-0.003	0.004	1.571	
662.604	341.323	87.574	-0.003	0.004	1.571	
662.622	341.353	87.467	-0.003	0.003	1.571	
662.647	341.409	87.312	-0.003	0.003	1.571	
662.666	341.438	87.177	-0.003	0.003	1.571	
662.698	341.482	87.056	-0.003	0.003	1.571	
662.721	341.523	86.921	-0.003	0.003	1.571	
662.733	341.552	86.794	-0.003	0.003	1.571	
662.774	341.597	86.666	-0.003	0.003	1.571	
662.785	341.646	86.552	-0.003	0.003	1.571	
662.805	341.647	86.401	-0.003	0.003	1.571	
662.839	341.712	86.298	-0.003	0.003	1.571	
662.868	341.746	86.161	-0.002	0.003	1.571	
662.907	341.776	86.057	-0.002	0.003	1.571	
662.921	341.823	85.926	-0.002	0.002	1.571	
662.931	341.851	85.796	-0.002	0.002	1.571	
662.968	341.855	85.639	-0.002	0.002	1.571	
662.989	341.909	85.529	-0.002	0.002	1.571	
663.016	341.921	85.392	-0.002	0.002	1.571	
663.058	341.968	85.286	-0.002	0.002	1.571	
663.073	341.974	85.146	-0.002	0.002	1.571	
663.116	342.024	85.060	-0.002	0.002	1.571	
663.119	342.059	84.919	-0.002	0.002	1.571	
663.154	342.101	84.824	-0.002	0.002	1.571	
663.185	342.130	84.686	-0.002	0.002	1.571	
663.209	342.148	84.594	-0.002	0.002	1.571	
663.214	342.169	84.448	-0.002	0.002	1.571	
663.254	342.231	84.363	-0.002	0.001	1.571	
663.262	342.226	84.211	-0.001	0.001	1.571	
663.290	342.236	84.092	-0.001	0.001	1.571	
663.322	342.264	83.972	-0.001	0.001	1.571	
663.331	342.313	83.850	-0.001	0.001	1.571	
663.365	342.336	83.737	-0.001	0.001	1.571	
663.393	342.364	83.626	-0.001	0.001	1.571	
663.409	342.384	83.515	-0.001	0.001	1.571	
663.454	342.405	83.378	-0.001	0.001	1.571	
663.438	342.432	83.248	-0.001	0.001	1.571	
663.488	342.447	83.165	-0.001	0.001	1.571	
663.507	342.462	83.029	-0.001	0.001	1.571	
663.508	342.507	82.936	-0.001	0.001	1.571	
663.555	342.533	82.831	-0.001	0.001	1.571	
663.557	342.546	82.696	-0.001	0.001	1.571	
663.595	342.542	82.590	-0.001	0.001	1.571	
663.604	342.570	82.473	-0.001	0.001	1.571	
663.635	342.590	82.375	-0.001	0.001	1.571	
663.648	342.603	82.235	-0.001	0.001	1.571	
663.672	342.640	82.145	-0.001	0.001	1.571	
663.705	342.642	82.027	-0.001	0.001	1.571	
663.705	342.670	81.910	-0.000	0.001	1.571	
663.755	342.672	81.833	-0.000	0.000	1.571	
663.757	342.682	81.681	-0.000	0.001	1.571	
663.781	342.722	81.590	-0.000	0.000	1.571	
663.797	342.721	81.465	-0.000	0.000	1.571	
663.831	342.751	81.387	-0.000	0.000	1.571	
663.836	342.741	81.249	-0.000	0.000	1.571	
663.855	342.754	81.137	-0.000	0.000	1.571	
663.891	342.767	81.068	-0.000	0.000	1.571	
663.896	342.778	80.931	-0.000	0.000	1.571	
663.938	342.817	80.846	-0.000	0.000	1.571	
663.934	342.816	80.722	-0.000	0.000	1.571	
663.965	342.834	80.636	-0.000	0.000	1.571	
663.984	342.830	80.512	-0.000	0.000	1.571	
664.009	342.843	80.416	-0.000	0.000	1.571	
664.014	342.879	80.294	-0.000	0.000	1.571	
664.030	342.887	80.174	-0.000	0.000	1.571	
664.080	342.868	80.099	-0.000	0.000	1.571	
664.079	342.863	79.971	-0.000	0.000	1.571	
664.118	342.876	79.855	-0.000	0.000	1.571	
664.137	342.909	79.768	-0.000	0.000	1.571	
664.153	342.930	79.670	-0.000	-0.000	1.571	
664.179	342.917	79.569	-0.000	-0.000	1.571	
664.187	342.944	79.474	0.000	-0.000	1.571	
664.206	342.945	79.369	0.000	-0.000	1.571	
664.225	342.960	79.280	0.000	-0.000	1.571	
664.261	342.952	79.182	0.000	-0.000	1.571	
664.274	342.974	79.067	0.000	-0.000	1.571	
664.295	342.979	78.967	0.000	-0.000	1.571	
664.307	342.963	78.859	0.000	-0.000	1.571	
664.315	342.982	78.750	0.000	-0.000	1.571	
664.336	342.970	78.633	0.000	-0.000	1.571	
664.345	342.991	78.530	0.000	-0.000	1.571	
664.396	342.994	78.429	0.000	-0.000	1.571	
664.399	343.004	78.320	0.000	-0.000	1.571	
664.412	342.984	78.206	0.000	-0.000	1.571	
664.401	342.976	78.076	0.000	-0.000	1.571	
664.409	342.948	77.951	0.000	-0.000	1.571	
664.410	342.966	77.852	0.000	-0.000	1.571	
664.420	342.953	77.738	0.000	-0.000	1.571	
664.417	342.947	77.613	0.000	-0.000	1.571	
664.463	342.971	77.556	0.000	-0.000	1.571	
664.437	343.002	77.412	0.000	-0.000	1.571	
664.453	342.959	77.302	0.000	-0.000	1.571	
664.471	342.953	77.198	0.000	-0.000	1.571	
664.473	342.941	77.057	0.000	-0.000	1.571	
664.466	342.945	76.939	0.000	-0.000	1.571	
664.489	342.925	76.792	0.000	-0.000	1.571	
664.485	342.931	76.709	0.000	-0.000	1.571	
664.512	342.961	76.673	0.000	-0.000	1.571	
664.578	342.976	76.656	0.000	-0.000	1.571	
664.581	342.993	76.580	0.000	-0.000	1.571	
664.597	343.014	76.510	0.000	-0.000	1.571	
664.634	343.042	76.469	0.000	-0.001	1.571	
664.684	343.054	76.454	0.000	-0.001	1.571	
664.669	343.054	76.383	0.000	-0.001	1.571	
664.706	343.072	76.400	-0.000	-0.001	1.571	
664.678	343.038	76.365	0.000	-0.001	1.571	
664.695	343.045	76.370	0.000	-0.001	1.571	
664.691	343.020	76.356	0.000	-0.001	1.571	
664.682	343.016	76.370	0.000	-0.001	1.571	
664.702	343.004	76.371	0.000	-0.001	1.571	
664.690	342.982	76.361	0.000	-0.001	1.571	
664.688	342.953	76.349	0.000	-0.001	1.571	
664.694	342.967	76.354	0.000	-0.001	1.571	
664.676	342.944	76.335	0.000	-0.000	1.571	
664.662	342.959	76.322	0.000	-0.000	1.571	
664.666	342.946	76.350	0.000	-0.000	1.571	
664.666	342.936	76.335	0.000	-0.000	1.571	
664.650	342.926	76.356	0.000	-0.000	1.571	
664.636	342.906	76.301	0.000	-0.000	1.571	
664.630	342.924	76.315	0.000	-0.000	1.571	
664.610	342.887	76.299	0.000	-0.000	1.571	
664.594	342.888	76.263	0.000	-0.000	1.571	
664.585	342.854	76.252	0.000	-0.000	1.571	
664.583	342.849	76.271	0.000	-0.000	1.571	
664.582	342.863	76.252	0.000	-0.000	1.571	
664.569	342.843	76.242	0.000	-0.000	1.571	
664.551	342.852	76.257	0.000	-0.000	1.571	
664.535	342.843	76.208	0.000	0.000	1.571	
664.529	342.847	76.221	0.000	0.000	1.571	
664.557	342.825	76.227	0.000	0.000	1.571	
664.543	342.803	76.234	0.000	0.000	1.571	
664.539	342.840	76.243	0.000	0.000	1.571	
664.547	342.819	76.240	0.000	0.000	1.571	
664.528	342.815	76.219	0.000	0.000	1.571	
664.539	342.795	76.207	0.000	0.000	1.571	
664.542	342.806	76.231	0.000	0.000	1.571	
664.547	342.801	76.214	0.000	0.000	1.571	
664.526	342.774	76.200	0.000	0.000	1.571	
664.545	342.800	76.221	0.000	0.000	1.571	
664.542	342.802	76.211	0.000	0.000	1.571	
664.548	342.814	76.237	0.000	0.000	1.571	
664.547	342.810	76.227	0.000	0.000	1.571	
664.553	342.785	76.212	0.000	0.000	1.571	
664.533	342.785	76.196	0.000	0.000	1.571	
664.537	342.790	76.216	0.000	0.000	1.571	
664.531	342.826	76.223	0.000	0.000	1.571	
664.549	342.799	76.213	0.000	0.000	1.571	
664.556	342.805	76.238	0.000	0.000	1.571	
664.536	342.819	76.208	0.000	0.000	1.571	
664.554	342.800	76.236	0.000	0.000	1.571	
664.543	342.801	76.211	0.000	0.000	1.571	
664.548	342.810	76.217	0.000	0.000	1.571	
664.540	342.799	76.195	0.000	0.000	1.571	
664.553	342.833	76.235	0.000	-0.000	1.571	
664.545	342.830	76.249	0.000	-0.000	1.571	
664.547	342.799	76.198	0.000	-0.000	1.571	
664.550	342.808	76.216	0.000	-0.000	1.571	
664.540	342.805	76.205	0.000	-0.000	1.571	
664.537	342.827	76.223	0.000	-0.000	1.571	
664.537	342.793	76.181	0.000	-0.000	1.571	
664.547	342.814	76.193	0.000	-0.000	1.571	
664.553	342.825	76.218	0.000	-0.000	1.571	
664.566	342.818	76.218	0.000	-0.000	1.571	
664.569	342.791	76.200	0.000	-0.000	1.571	
664.570	342.812	76.187	0.000	-0.000	1.571	
664.563	342.823	76.182	0.000	-0.000	1.571	
664.570	342.829	76.179	0.000	-0.000	1.571	
664.557	342.824	76.146	0.000	-0.000	1.571	
664.556	342.832	76.142	0.000	-0.000	1.571	
664.575	342.817	76.177	0.000	-0.000	1.571	
664.544	342.808	76.139	0.000	-0.000	1.571	
664.555	342.832	76.154	0.000	-0.000	1.571	
664.548	342.811	76.151	0.000	-0.000	1.571	
664.551	342.804	76.160	0.000	-0.000	1.571	
664.557	342.809	76.141	0.000	-0.000	1.571	
664.523	342.793	76.129	0.000	-0.000	1.571	
664.523	342.804	76.120	0.000	-0.000	1.571	
664.536	342.793	76.119	0.000	-0.000	1.571	
664.536	342.793	76.145	0.000	-0.000	1.571	
664.545	342.806	76.135	0.000	-0.000	1.571	
664.522	342.792	76.093	0.000	-0.000	1.571	
664.517	342.794	76.135	0.000	-0.000	1.571	
664.527	342.779	76.119	0.000	-0.000	1.571	
664.518	342.789	76.102	0.000	-0.000	1.571	
664.510	342.800	76.117	0.000	-0.000	1.571	
664.499	342.803	76.115	0.000	-0.000	1.571	
664.491	342.814	76.120	0.000	-0.000	1.571	
664.500	342.774	76.121	0.000	-0.000	1.571	
664.509	342.781	76.120	0.000	-0.000	1.571	
664.493	342.779	76.102	0.000	-0.000	1.571	
664.479	342.760	76.085	0.000	-0.000	1.571	
664.480	342.757	76.104	0.000	-0.000	1.571	
664.481	342.741	76.096	0.000	-0.000	1.571	
664.483	342.774	76.109	0.000	-0.000	1.571	
664.471	342.740	76.103	0.000	-0.000	1.571	
664.475	342.776	76.135	0.000	-0.000	1.571	
664.448	342.737	76.092	0.000	0.000	1.571	
664.445	342.720	76.111	0.000	0.000	1.571	
664.447	342.743	76.111	0.000	0.000	1.571	
664.421	342.743	76.107	0.000	0.000	1.571	
664.400	342.721	76.081	0.000	0.000	1.571	
664.432	342.695	76.091	0.000	0.000	1.571	
664.408	342.710	76.097	0.000	0.000	1.571	
664.421	342.707	76.113	0.000	0.000	1.571	
664.399	342.723	76.107	0.000	0.000	1.571	
664.408	342.724	76.108	0.000	0.000	1.571	
664.418	342.701	76.103	0.000	0.000	1.571	
664.415	342.724	76.124	0.000	0.000	1.571	
664.410	342.713	76.115	0.000	0.000	1.571	
664.405	342.718	76.116	0.000	0.000	1.571	
664.397	342.728	76.119	0.000	0.000	1.571	
664.398	342.720	76.131	0.000	0.000	1.571	
664.392	342.708	76.114	0.000	0.000	1.571	
664.420	342.702	76.128	0.000	0.000	1.571	
664.395	342.693	76.098	0.000	0.000	1.571	
664.405	342.693	76.105	0.000	0.000	1.571	
664.414	342.731	76.123	0.000	0.000	1.571	
664.402	342.721	76.122	0.000	0.000	1.571	
664.399	342.738	76.121	0.000	0.000	1.571	
664.403	342.724	76.108	0.000	0.000	1.571	
664.398	342.731	76.118	0.000	0.000	1.571	
664.364	342.728	76.093	0.000	0.000	1.571	
664.395	342.731	76.127	0.000	-0.000	1.571	
664.387	342.718	76.095	0.000	0.000	1.571	
664.400	342.729	76.109	0.000	-0.000	1.571	
664.405	342.727	76.120	0.000	-0.000	1.571	
664.382	342.709	76.083	0.000	-0.000	1.571	
664.412	342.712	76.118	0.000	-0.000	1.571	
664.383	342.703	76.072	0.000	-0.000	1.571	
664.405	342.744	76.122	0.000	-0.000	1.571	
664.407	342.730	76.098	0.000	-0.000	1.571	
664.414	342.756	76.127	0.000	-0.000	1.571	
664.413	342.749	76.124	0.000	-0.000	1.571	
664.388	342.726	76.077	0.000	-0.000	1.571	
664.424	342.747	76.109	0.000	-0.000	1.571	
664.413	342.732	76.102	0.000	-0.000	1.571	
664.419	342.724	76.111	0.000	-0.000	1.571	
664.412	342.717	76.080	0.000	-0.000	1.571	
664.422	342.775	76.117	0.000	-0.000	1.571	
664.413	342.756	76.079	0.000	-0.000	1.571	
664.410	342.738	76.084	0.000	-0.000	1.571	
664.421	342.733	76.075	0.000	-0.000	1.571	
664.417	342.742	76.068	0.000	-0.000	1.571	
664.427	342.745	76.084	0.000	-0.000	1.571	
664.417	342.748	76.077	0.000	-0.000	1.571	
664.416	342.727	76.061	0.000	-0.000	1.571	
664.436	342.742	76.077	0.000	-0.000	1.571	
664.401	342.755	76.040	0.000	-0.000	1.571	
664.411	342.723	76.036	0.000	-0.000	1.571	
664.407	342.743	76.061	0.000	-0.000	1.571	
664.409	342.756	76.068	0.000	-0.000	1.571	
664.396	342.749	76.046	0.000	-0.000	1.571	
664.411	342.731	76.050	0.000	-0.000	1.571	
664.393	342.730	76.039	0.000	-0.000	1.571	
664.399	342.751	76.050	0.000	-0.000	1.571	
664.418	342.744	76.060	0.000	-0.000	1.571	
664.389	342.722	76.044	0.000	-0.000	1.571	
664.389	342.725	76.034	0.000	-0.000	1.571	
664.402	342.691	76.040	0.000	-0.000	1.571	
664.376	342.727	76.027	0.000	-0.000	1.571	
664.374	342.727	76.027	0.000	-0.000	1.571	
664.360	342.717	76.011	0.000	-0.000	1.571	
664.379	342.705	76.015	0.000	-0.000	1.571	
664.358	342.702	76.016	0.000	-0.000	1.571	
664.358	342.711	76.023	0.000	-0.000	1.571	
664.366	342.705	76.037	0.000	-0.000	1.571	
664.337	342.697	76.022	0.000	-0.000	1.571	
664.342	342.717	76.022	0.000	-0.000	1.571	
664.341	342.699	76.029	0.000	-0.000	1.571	
664.329	342.677	76.026	0.000	0.000	1.571	
664.327	342.643	76.010	0.000	0.000	1.571	
664.341	342.672	76.057	0.000	-0.000	1.571	
664.316	342.663	76.048	0.000	0.000	1.571	
664.309	342.689	76.040	0.000	0.000	1.571	
664.324	342.668	76.041	0.000	0.000	1.571	
664.306	342.671	76.042	0.000	0.000	1.571	
664.323	342.644	76.060	0.000	0.000	1.571	
664.290	342.655	76.045	0.000	0.000	1.571	
664.292	342.623	76.024	0.000	0.000	1.571	
664.277	342.660	76.043	0.000	0.000	1.571	
664.282	342.636	76.028	0.000	0.000	1.571	
664.285	342.636	76.031	0.000	0.000	1.571	
664.285	342.634	76.050	0.000	0.000	1.571	
664.288	342.623	76.025	0.000	0.000	1.571	
664.298	342.631	76.063	0.000	0.000	1.571	
664.295	342.614	76.050	0.000	0.000	1.571	
664.281	342.641	76.046	0.000	0.000	1.571	
664.281	342.650	76.043	0.000	0.000	1.571	
664.303	342.646	76.072	0.000	0.000	1.571	
664.288	342.619	76.053	0.000	0.000	1.571	
664.309	342.637	76.052	0.000	0.000	1.571	
664.286	342.640	76.060	0.000	0.000	1.571	
664.286	342.644	76.052	0.000	0.000	1.571	
664.307	342.653	76.073	0.000	0.000	1.571	
664.296	342.637	76.063	0.000	0.000	1.571	
664.295	342.632	76.062	0.000	0.000	1.571	
664.285	342.652	76.039	0.000	0.000	1.571	
664.290	342.652	76.054	0.000	0.000	1.571	
664.307	342.674	76.072	0.000	-0.000	1.571	
664.296	342.654	76.048	0.000	-0.000	1.571	
664.328	342.636	76.070	0.000	-0.000	1.571	
664.299	342.648	76.050	0.000	-0.000	1.571	
664.310	342.658	76.045	0.000	-0.000	1.571	
664.317	342.672	76.086	0.000	-0.000	1.571	
664.309	342.676	76.054	0.000	-0.000	1.571	
664.309	342.655	76.055	0.000	-0.000	1.571	
664.313	342.674	76.054	0.000	-0.000	1.571	
664.335	342.664	76.056	0.000	-0.000	1.571	
664.305	342.674	76.011	0.000	-0.000	1.571	
664.324	342.653	76.020	0.000	-0.000	1.571	
664.318	342.666	76.018	0.000	-0.000	1.571	
664.342	342.665	76.025	0.000	-0.000	1.571	
664.322	342.664	75.991	0.000	-0.000	1.571	
664.344	342.658	76.043	0.000	-0.000	1.571	
664.310	342.671	76.004	0.000	-0.000	1.571	
664.330	342.661	76.004	0.000	-0.000	1.571	
664.335	342.656	76.027	0.000	-0.000	1.571	
664.320	342.687	76.019	0.000	-0.000	1.571	
664.334	342.674	76.013	-0.000	-0.000	1.571	
664.317	342.677	76.008	0.000	-0.000	1.571	
664.322	342.630	75.984	0.000	-0.000	1.571	
664.314	342.645	75.981	0.000	-0.000	1.571	
664.319	342.663	76.004	0.000	-0.000	1.571	
664.325	342.659	76.007	0.000	-0.000	1.571	
664.298	342.658	75.986	0.000	-0.000	1.571	
664.310	342.641	75.976	0.000	-0.000	1.571	
664.289	342.659	75.970	0.000	-0.000	1.571	
664.305	342.645	75.977	0.000	-0.000	1.571	
664.295	342.647	75.980	0.000	-0.000	1.571	
664.301	342.643	75.971	0.000	-0.000	1.571	
664.312	342.639	75.988	0.000	-0.000	1.571	
664.301	342.606	75.980	0.000	-0.000	1.571	
664.274	342.640	75.974	0.000	-0.000	1.571	
664.303	342.624	75.983	0.000	-0.000	1.571	
664.275	342.618	75.954	0.000	-0.000	1.571	
664.287	342.627	75.971	0.000	-0.000	1.571	
664.271	342.629	75.992	0.000	-0.000	1.571	
664.269	342.627	75.979	0.000	-0.000	1.571	
664.284	342.635	75.986	0.000	-0.000	1.571	
664.276	342.611	75.984	0.000	-0.000	1.571	
664.253	342.611	75.962	0.000	0.000	1.571	
664.252	342.601	75.987	0.000	0.000	1.571	
664.247	342.605	76.003	0.000	0.000	1.571	
664.246	342.569	76.003	0.000	0.000	1.571	
664.232	342.578	75.984	0.000	0.000	1.571	
664.203	342.603	75.991	0.000	0.000	1.571	
664.210	342.584	75.964	0.000	0.000	1.571	
664.248	342.606	76.027	0.000	0.000	1.571	
664.221	342.564	75.993	0.000	0.000	1.571	
664.224	342.567	75.996	0.000	0.000	1.571	
664.215	342.578	75.988	0.000	0.000	1.571	
664.229	342.572	75.990	0.000	0.000	1.571	
664.220	342.581	76.014	0.000	0.000	1.571	
664.227	342.574	75.982	0.000	0.000	1.571	
664.240	342.575	76.013	0.000	0.000	1.571	
664.226	342.599	76.011	0.000	0.000	1.571	
664.222	342.572	76.020	0.000	0.000	1.571	
664.233	342.605	76.038	0.000	0.000	1.571	
664.211	342.555	75.976	0.000	0.000	1.571	
664.213	342.580	76.019	0.000	0.000	1.571	
664.228	342.571	75.994	0.000	0.000	1.571	
664.210	342.573	75.997	0.000	0.000	1.571	
664.202	342.582	75.994	0.000	0.000	1.571	
664.217	342.579	75.988	0.000	0.000	1.571	
664.220	342.572	75.995	0.000	0.000	1.571	
664.223	342.563	75.976	0.000	0.000	1.571	
664.234	342.577	76.009	0.000	0.000	1.571	
664.233	342.570	76.008	0.000	0.000	1.571	
664.243	342.589	76.012	0.000	0.000	1.571	
664.225	342.577	75.993	0.000	0.000	1.571	
664.234	342.590	76.006	0.000	0.000	1.571	
664.238	342.590	75.998	0.000	0.000	1.571	
664.237	342.581	75.995	0.000	0.000	1.571	
664.228	342.585	75.976	0.000	0.000	1.571	
664.255	342.595	75.997	0.000	-0.000	1.571	
664.254	342.623	75.998	0.000	-0.000	1.571	
664.271	342.629	75.996	0.000	-0.000	1.571	
664.269	342.582	75.951	0.000	0.000	1.571	
664.280	342.629	75.977	0.000	-0.000	1.571	
664.304	342.612	75.970	0.000	-0.000	1.571	
664.310	342.651	75.980	0.000	-0.000	1.571	
664.335	342.665	75.994	0.000	-0.000	1.571	
664.356	342.654	75.998	0.000	-0.000	1.571	
664.338	342.668	75.985	0.000	-0.000	1.571	
664.347	342.664	75.984	0.000	-0.000	1.571	
664.360	342.680	75.987	0.000	-0.000	1.571	
664.355	342.680	75.967	0.000	-0.000	1.571	
664.369	342.693	75.973	0.000	-0.000	1.571	
664.398	342.694	75.968	0.000	-0.000	1.571	
664.412	342.717	75.985	0.000	-0.000	1.571	
664.396	342.710	75.953	0.000	0.000	1.571	
664.430	342.744	75.990	0.000	-0.000	1.571	
664.441	342.743	75.986	0.000	-0.000	1.571	
664.444	342.753	75.990	0.000	-0.000	1.571	
664.440	342.768	75.981	0.000	0.000	1.571	
664.468	342.777	76.002	0.000	-0.000	1.571	
664.491	342.759	75.996	0.000	-0.000	1.571	
664.501	342.775	75.998	0.000	-0.000	1.571	
664.488	342.788	76.003	0.000	0.000	1.571	
664.511	342.805	76.003	0.000	0.000	1.571	
664.534	342.807	76.014	0.000	-0.000	1.571	
664.520	342.808	75.988	0.000	0.000	1.571	
664.541	342.827	76.006	0.000	0.000	1.571	
664.588	342.872	76.040	0.000	-0.000	1.571	
664.572	342.862	75.997	0.000	-0.000	1.571	
664.575	342.857	76.011	0.000	-0.000	1.571	
664.565	342.857	76.011	0.000	0.000	1.571	
664.596	342.863	76.013	0.000	-0.000	1.571	
664.609	342.869	76.010	0.000	-0.000	1.571	
664.591	342.882	75.993	0.000	0.000	1.571	
664.621	342.890	75.987	0.000	0.000	1.571	
664.638	342.891	76.009	0.000	0.000	1.571	
664.630	342.904	75.994	0.000	0.000	1.571	
664.632	342.925	75.981	0.000	0.000	1.571	
664.673	342.923	76.018	0.000	0.000	1.571	
664.676	342.931	76.007	0.000	0.000	1.571	
664.689	342.930	76.010	0.000	0.000	1.571	
664.685	342.947	76.010	0.000	0.000	1.571	
664.729	342.947	76.005	0.000	0.000	1.571	
664.721	342.967	76.026	0.000	0.000	1.571	
664.737	342.989	76.016	0.000	0.000	1.571	
664.766	342.994	76.032	0.000	0.000	1.571	
664.775	343.032	76.037	0.000	0.000	1.571	
664.795	343.020	76.028	0.000	0.000	1.571	
664.807	343.036	76.021	0.000	0.000	1.571	
664.818	343.050	76.023	0.000	0.000	1.571	
664.823	343.060	76.006	0.000	0.000	1.571	
664.841	343.068	76.026	0.000	0.000	1.571	
664.882	343.094	76.046	0.000	0.000	1.571	
664.882	343.120	76.041	0.000	0.000	1.571	
664.910	343.106	76.049	0.000	0.000	1.571	
664.925	343.136	76.051	0.000	0.000	1.571	
664.938	343.158	76.058	0.000	0.000	1.571	
664.966	343.166	76.059	0.000	0.000	1.571	
664.970	343.163	76.026	0.000	0.000	1.571	
664.994	343.191	76.038	0.000	0.000	1.571	
665.018	343.186	76.051	0.000	0.000	1.571	
665.064	343.203	76.051	0.000	0.000	1.571	
665.091	343.187	76.068	0.000	0.000	1.571	
665.132	343.208	76.090	0.000	0.000	1.571	
665.124	343.214	76.060	0.000	0.000	1.571	
665.154	343.236	76.079	0.000	0.000	1.571	
665.186	343.260	76.064	0.000	0.000	1.571	
665.208	343.286	76.095	0.000	0.000	1.571	
665.254	343.311	76.097	0.000	-0.000	1.571	
665.298	343.326	76.127	0.000	-0.000	1.571	
665.304	343.348	76.135	0.000	-0.000	1.571	
665.326	343.350	76.117	0.000	-0.000	1.571	
665.334	343.392	76.137	0.000	-0.000	1.571	
665.364	343.397	76.122	0.000	-0.000	1.571	
665.371	343.399	76.100	0.000	-0.000	1.571	
665.376	343.413	76.087	0.000	-0.000	1.571	
665.389	343.432	76.084	0.000	0.000	1.571	
665.431	343.444	76.084	0.000	0.000	1.571	
665.445	343.484	76.071	0.000	0.000	1.571	
665.471	343.491	76.089	0.000	0.000	1.571	
665.492	343.529	76.109	0.000	-0.000	1.571	
665.527	343.541	76.133	0.000	-0.000	1.571	
665.551	343.571	76.147	0.000	-0.000	1.571	
665.575	343.560	76.131	0.000	-0.000	1.571	
665.597	343.596	76.134	0.000	-0.000	1.571	
665.609	343.613	76.117	0.000	0.000	1.571	
665.662	343.651	76.182	0.000	-0.000	1.571	
665.676	343.661	76.163	0.000	-0.000	1.571	
665.701	343.701	76.154	0.000	-0.000	1.571	
665.742	343.732	76.208	0.000	-0.000	1.571	
665.771	343.756	76.202	0.000	-0.000	1.571	
665.803	343.814	76.240	0.000	-0.000	1.571	
665.822	343.786	76.199	0.000	-0.000	1.571	
665.858	343.817	76.231	0.000	-0.000	1.571	
665.871	343.821	76.207	0.000	-0.000	1.571	
665.910	343.846	76.256	0.000	-0.000	1.571	
665.916	343.864	76.236	0.000	-0.000	1.571	
665.950	343.896	76.253	0.000	-0.000	1.571	
665.982	343.898	76.250	0.000	-0.000	1.571	
665.989	343.949	76.254	0.000	-0.000	1.571	
666.037	343.965	76.273	0.000	-0.000	1.571	
666.029	343.972	76.261	0.000	-0.000	1.571	
666.066	343.992	76.278	0.000	-0.000	1.571	
666.109	344.029	76.281	0.000	-0.000	1.571	
666.116	344.036	76.280	0.000	-0.000	1.571	
666.159	344.040	76.288	0.000	-0.000	1.571	
666.159	344.058	76.311	0.000	-0.000	1.571	
666.168	344.069	76.308	0.000	-0.000	1.571	
666.186	344.084	76.299	0.000	-0.000	1.571	
666.225	344.100	76.315	0.000	-0.000	1.571	
666.247	344.105	76.338	0.000	-0.000	1.571	
666.286	344.118	76.334	0.000	-0.000	1.571	
666.300	344.158	76.335	0.000	-0.000	1.571	
666.334	344.147	76.357	0.000	-0.000	1.571	
666.366	344.178	76.381	0.000	-0.000	1.571	
666.368	344.177	76.374	0.000	-0.000	1.571	
666.418	344.210	76.365	0.000	-0.000	1.571	
666.428	344.210	76.374	0.000	-0.000	1.571	
666.458	344.243	76.392	0.000	-0.000	1.571	
666.512	344.261	76.412	0.000	-0.000	1.571	
666.526	344.282	76.433	0.000	-0.000	1.571	
666.562	344.308	76.432	0.000	-0.000	1.571	
666.570	344.302	76.422	0.000	-0.000	1.571	
666.628	344.353	76.475	0.000	-0.000	1.571	
666.646	344.353	76.451	0.000	-0.000	1.571	
666.680	344.384	76.449	0.000	-0.000	1.571	
666.705	344.403	76.492	0.000	-0.000	1.571	
666.724	344.429	76.490	0.000	-0.000	1.571	
666.753	344.440	76.488	0.000	-0.000	1.571	
666.775	344.461	76.491	0.000	-0.000	1.571	
666.817	344.488	76.512	0.000	-0.000	1.571	
666.839	344.500	76.518	0.000	-0.000	1.571	
666.861	344.522	76.516	0.000	-0.000	1.571	
666.901	344.559	76.537	0.000	-0.000	1.571	
666.942	344.566	76.534	0.000	-0.000	1.571	
666.971	344.571	76.523	0.000	-0.000	1.571	
666.973	344.620	76.547	0.000	-0.000	1.571	
667.007	344.656	76.565	0.000	-0.000	1.571	
667.049	344.659	76.575	0.000	-0.000	1.571	
667.066	344.666	76.546	0.000	-0.000	1.571	
667.092	344.684	76.575	0.000	-0.000	1.571	
667.091	344.726	76.556	0.000	-0.000	1.571	
667.152	344.769	76.611	0.000	-0.000	1.571	
667.171	344.740	76.580	0.000	-0.000	1.571	
667.194	344.749	76.585	0.000	-0.000	1.571	
667.222	344.808	76.618	0.000	-0.000	1.571	
667.261	344.795	76.626	0.000	-0.000	1.571	
667.277	344.836	76.640	0.000	-0.000	1.571	
667.300	344.852	76.642	0.000	-0.000	1.571	
667.322	344.850	76.633	0.000	0.000	1.571	
667.361	344.903	76.657	0.000	-0.000	1.571	
667.393	344.899	76.652	0.000	-0.000	1.571	
667.425	344.899	76.650	0.000	-0.000	1.571	
667.476	344.908	76.692	0.000	-0.000	1.571	
667.494	344.906	76.686	0.000	-0.000	1.571	
667.547	344.925	76.717	0.000	-0.000	1.571	
667.576	344.974	76.721	0.000	-0.000	1.571	
667.594	344.983	76.730	0.000	-0.000	1.571	
667.627	345.021	76.748	0.000	-0.000	1.571	
667.654	345.044	76.728	0.000	-0.000	1.571	
667.665	345.058	76.736	0.000	-0.000	1.571	
667.718	345.073	76.762	0.000	-0.000	1.571	
667.726	345.095	76.754	0.000	-0.000	1.571	
667.779	345.137	76.801	0.000	-0.000	1.571	
667.771	345.157	76.791	0.000	-0.000	1.571	
667.812	345.172	76.787	0.000	-0.000	1.571	
667.850	345.200	76.799	0.000	-0.000	1.571	
667.856	345.240	76.790	0.000	-0.000	1.571	
667.912	345.242	76.837	0.000	-0.000	1.571	
667.932	345.275	76.829	0.000	-0.000	1.571	
667.938	345.277	76.825	0.000	0.000	1.571	
667.982	345.299	76.853	0.000	-0.000	1.571	
668.012	345.324	76.867	0.000	-0.000	1.571	
668.041	345.340	76.874	0.000	-0.000	1.571	
668.081	345.387	76.890	0.000	-0.000	1.571	
668.099	345.435	76.892	0.000	-0.000	1.571	
668.122	345.437	76.906	0.000	-0.000	1.571	
668.175	345.463	76.935	0.000	-0.000	1.571	
668.213	345.470	76.940	0.000	-0.000	1.571	
668.239	345.510	76.942	0.000	-0.000	1.571	
668.258	345.537	76.950	0.000	-0.000	1.571	
668.308	345.573	76.983	0.000	-0.000	1.571	
668.332	345.586	76.971	0.000	-0.000	1.571	
668.340	345.631	76.972	0.000	-0.000	1.571	
668.385	345.640	76.996	0.000	-0.000	1.571	
668.440	345.659	77.026	0.000	-0.000	1.571	
668.448	345.678	76.997	0.000	-0.000	1.571	
668.473	345.710	77.024	0.000	-0.000	1.571	
668.526	345.704	77.034	0.000	-0.000	1.571	
668.537	345.743	77.050	0.000	-0.000	1.571	
668.566	345.740	77.033	0.000	-0.000	1.571	
668.620	345.757	77.042	0.000	-0.000	1.571	
668.620	345.811	77.060	0.000	-0.000	1.571	
668.654	345.772	77.057	0.000	-0.000	1.571	
668.689	345.809	77.061	0.000	-0.000	1.571	
668.722	345.847	77.088	0.000	-0.000	1.571	
668.757	345.831	77.084	0.000	-0.000	1.571	
668.766	345.879	77.092	0.000	-0.000	1.571	
668.806	345.891	77.101	0.000	-0.000	1.571	
668.840	345.947	77.130	0.000	-0.000	1.571	
668.846	345.948	77.120	0.000	0.000	1.571	
668.882	345.964	77.128	0.000	-0.000	1.571	
668.921	345.963	77.144	0.000	-0.000	1.571	
668.946	345.987	77.140	0.000	-0.000	1.571	
668.998	346.043	77.188	0.000	-0.000	1.571	
669.009	346.061	77.184	0.000	-0.000	1.571	
669.050	346.051	77.165	0.000	0.000	1.571	
669.070	346.118	77.199	0.000	-0.000	1.571	
669.100	346.136	77.198	0.000	-0.000	1.571	
669.131	346.159	77.237	0.000	-0.000	1.571	
669.181	346.171	77.242	0.000	-0.000	1.571	
669.209	346.178	77.227	0.000	-0.000	1.571	
669.255	346.189	77.259	0.000	-0.000	1.571	
669.285	346.249	77.275	0.000	-0.000	1.571	
669.298	346.262	77.256	0.000	-0.000	1.571	
669.360	346.297	77.295	0.000	-0.000	1.571	
669.383	346.280	77.299	0.000	-0.000	1.571	
669.409	346.309	77.303	0.000	-0.000	1.571	
669.471	346.309	77.330	0.000	-0.000	1.571	
669.453	346.366	77.301	0.000	-0.000	1.571	
669.509	346.357	77.315	0.000	-0.000	1.571	
669.547	346.409	77.333	0.000	-0.000	1.571	
669.536	346.414	77.304	0.000	0.000	1.571	
669.579	346.453	77.334	0.000	-0.000	1.571	
669.623	346.470	77.363	0.000	-0.000	1.571	
669.643	346.526	77.383	0.000	-0.000	1.571	
669.680	346.522	77.360	0.000	-0.000	1.571	
669.697	346.540	77.376	0.000	-0.000	1.571	
669.736	346.564	77.388	0.000	-0.000	1.571	
669.757	346.571	77.370	0.000	0.000	1.571	
669.793	346.618	77.407	0.000	-0.000	1.571	
669.822	346.641	77.414	0.000	-0.000	1.571	
669.879	346.674	77.451	0.000	-0.000	1.571	
669.894	346.693	77.452	0.000	-0.000	1.571	
669.936	346.727	77.471	0.000	-0.000	1.571	
669.960	346.737	77.468	0.000	-0.000	1.571	
669.996	346.790	77.485	0.000	-0.000	1.571	
670.033	346.801	77.504	0.000	-0.000	1.571	
670.063	346.830	77.499	0.000	-0.000	1.571	
670.088	346.853	77.519	0.000	-0.000	1.571	
670.125	346.857	77.514	0.000	-0.000	1.571	
670.170	346.913	77.551	0.000	-0.000	1.571	
670.184	346.923	77.551	0.000	-0.000	1.571	
670.213	346.945	77.568	0.000	-0.000	1.571	
670.237	346.965	77.555	0.000	-0.000	1.571	
670.278	346.979	77.585	0.000	-0.000	1.571	
670.316	346.972	77.574	0.000	-0.000	1.571	
670.362	347.013	77.603	0.000	-0.000	1.571	
670.386	347.019	77.582	0.000	-0.000	1.571	
670.441	347.024	77.630	0.000	-0.000	1.571	
670.470	347.044	77.620	0.000	-0.000	1.571	
670.481	347.077	77.629	0.000	-0.000	1.571	
670.512	347.100	77.645	0.000	-0.000	1.571	
670.534	347.108	77.638	0.000	0.000	1.571	
670.566	347.145	77.663	0.000	-0.000	1.571	
670.606	347.166	77.667	0.000	-0.000	1.571	
670.640	347.233	77.706	0.000	-0.000	1.571	
670.669	347.227	77.687	0.000	-0.000	1.571	
670.698	347.246	77.709	0.000	-0.000	1.571	
670.725	347.286	77.708	0.000	-0.000	1.571	
670.762	347.305	77.751	0.000	-0.000	1.571	
670.805	347.343	77.723	0.000	-0.000	1.571	
670.822	347.366	77.743	0.000	-0.000	1.571	
670.879	347.412	77.798	0.000	-0.000	1.571	
670.912	347.439	77.806	0.000	-0.000	1.571	
670.951	347.436	77.797	0.000	-0.000	1.571	
670.961	347.479	77.807	0.000	-0.000	1.571	
670.985	347.493	77.771	0.000	0.000	1.571	
671.022	347.529	77.811	0.000	-0.000	1.571	
671.060	347.531	77.815	0.000	-0.000	1.571	
671.086	347.582	77.826	0.000	-0.000	1.571	
671.116	347.600	77.863	0.000	-0.000	1.571	
671.156	347.616	77.860	0.000	-0.000	1.571	
671.199	347.615	77.869	0.000	-0.000	1.571	
671.213	347.649	77.885	0.000	-0.000	1.571	
671.265	347.682	77.894	0.000	-0.000	1.571	
671.284	347.739	77.917	0.000	-0.000	1.571	
671.337	347.719	77.921	0.000	-0.000	1.571	
671.347	347.766	77.930	0.000	-0.000	1.571	
671.380	347.785	77.926	0.000	-0.000	1.571	
671.437	347.784	77.955	0.000	-0.000	1.571	
671.478	347.798	77.964	0.000	-0.000	1.571	
671.520	347.823	77.978	0.000	-0.000	1.571	
671.539	347.858	77.983	0.000	-0.000	1.571	
671.565	347.855	77.983	0.000	-0.000	1.571	
671.618	347.904	78.008	0.000	-0.000	1.571	
671.627	347.923	78.006	0.000	-0.000	1.571	
671.690	347.948	78.055	0.000	-0.000	1.571	
671.702	347.955	78.033	0.000	-0.000	1.571	
671.754	348.011	78.053	0.000	-0.000	1.571	
671.782	348.029	78.055	0.000	-0.000	1.571	
671.810	348.084	78.073	0.000	-0.000	1.571	
671.834	348.104	78.078	0.000	-0.000	1.571	
671.884	348.127	78.093	0.000	-0.000	1.571	
671.903	348.160	78.085	0.000	-0.000	1.571	
671.955	348.178	78.111	0.000	-0.000	1.571	
671.966	348.199	78.126	0.000	-0.000	1.571	
671.998	348.205	78.117	0.000	-0.000	1.571	
672.031	348.225	78.145	0.000	-0.000	1.571	
672.046	348.272	78.130	0.000	-0.000	1.571	
672.087	348.292	78.156	0.000	-0.000	1.571	
672.139	348.302	78.180	0.000	-0.000	1.571	
672.152	348.333	78.171	0.000	-0.000	1.571	
672.186	348.357	78.183	0.000	-0.000	1.571	
672.209	348.357	78.168	0.000	0.000	1.571	
672.250	348.390	78.207	0.000	-0.000	1.571	
672.299	348.408	78.204	0.000	-0.000	1.571	
672.321	348.435	78.230	0.000	-0.000	1.571	
672.332	348.455	78.219	0.000	0.000	1.571	
672.376	348.478	78.223	0.000	0.000	1.571	
672.404	348.529	78.256	0.000	-0.000	1.571	
672.456	348.551	78.274	0.000	-0.000	1.571	
672.488	348.546	78.273	0.000	-0.000	1.571	
672.548	348.579	78.304	0.000	-0.000	1.571	
672.564	348.576	78.282	0.000	0.000	1.571	
672.609	348.605	78.314	0.000	-0.000	1.571	
672.627	348.625	78.311	0.000	0.000	1.571	
672.669	348.647	78.317	0.000	0.000	1.571	
672.707	348.686	78.348	0.000	-0.000	1.571	
672.717	348.711	78.350	0.000	0.000	1.571	
672.746	348.731	78.334	0.000	0.000	1.571	
672.816	348.755	78.396	0.000	-0.000	1.571	
672.833	348.798	78.388	0.000	-0.000	1.571	
672.862	348.818	78.386	0.000	0.000	1.571	
672.880	348.860	78.406	0.000	-0.000	1.571	
672.950	348.895	78.444	0.000	-0.000	1.571	
672.963	348.952	78.460	0.000	-0.000	1.571	
672.997	348.935	78.448	0.000	-0.000	1.571	
673.031	348.946	78.442	0.000	0.000	1.571	
673.078	348.978	78.471	0.000	-0.000	1.571	
673.114	349.025	78.502	0.000	-0.000	1.571	
673.130	349.039	78.475	0.000	0.000	1.571	
673.186	349.067	78.518	0.000	-0.000	1.571	
673.209	349.144	78.510	0.000	-0.000	1.571	
673.280	349.131	78.548	0.000	-0.000	1.571	
673.294	349.169	78.521	0.000	-0.000	1.571	
673.337	349.197	78.590	0.000	-0.000	1.571	
673.384	349.226	78.569	0.000	-0.000	1.571	
673.414	349.229	78.558	0.000	-0.000	1.571	
673.452	349.280	78.577	0.000	-0.000	1.571	
673.492	349.321	78.606	0.000	-0.000	1.571	
673.536	349.305	78.613	0.000	-0.000	1.571	
673.580	349.345	78.635	0.000	-0.000	1.571	
673.592	349.372	78.618	0.000	-0.000	1.571	
673.634	349.389	78.656	0.000	-0.000	1.571	
673.672	349.384	78.665	0.000	-0.000	1.571	
673.697	349.427	78.680	0.000	-0.000	1.571	
673.720	349.424	78.659	0.000	-0.000	1.571	
673.781	349.430	78.685	0.000	-0.000	1.571	
673.791	349.511	78.695	0.000	-0.000	1.571	
673.823	349.471	78.682	0.000	-0.000	1.571	
673.847	349.526	78.703	0.000	-0.000	1.571	
673.901	349.542	78.723	0.000	-0.000	1.571	
673.922	349.563	78.722	0.000	-0.000	1.571	
673.950	349.609	78.742	0.000	-0.000	1.571	
674.008	349.642	78.783	0.000	-0.000	1.571	
674.028	349.670	78.775	0.000	-0.000	1.571	
674.066	349.685	78.793	0.000	-0.000	1.571	
674.118	349.732	78.826	0.000	-0.000	1.571	
674.147	349.781	78.823	0.000	-0.000	1.571	
674.163	349.788	78.816	0.000	-0.000	1.571	
674.204	349.806	78.837	0.000	-0.000	1.571	
674.229	349.836	78.837	0.000	-0.000	1.571	
674.269	349.869	78.851	0.000	-0.000	1.571	
674.301	349.896	78.864	0.000	-0.000	1.571	
674.340	349.903	78.866	0.000	-0.000	1.571	
674.351	349.940	78.865	0.000	-0.000	1.571	
674.395	349.947	78.894	0.000	-0.000	1.571	
674.427	349.984	78.909	0.000	-0.000	1.571	
674.444	350.003	78.905	0.000	0.000	1.571	
674.478	350.022	78.917	0.000	0.000	1.571	
674.488	350.046	78.896	0.000	0.000	1.571	
674.548	350.093	78.938	0.000	0.000	1.571	
674.564	350.100	78.939	0.000	0.000	1.571	
674.613	350.115	78.953	0.000	0.000	1.571	
674.665	350.133	78.984	0.000	-0.000	1.571	
674.683	350.176	78.971	0.000	0.000	1.571	
674.730	350.180	78.981	0.000	0.000	1.571	
674.782	350.226	79.016	0.000	-0.000	1.571	
674.818	350.237	79.016	0.000	0.000	1.571	
674.851	350.236	79.029	0.000	0.000	1.571	
674.918	350.264	79.056	0.000	-0.000	1.571	
674.928	350.298	79.068	0.000	-0.000	1.571	
674.954	350.326	79.062	0.000	0.000	1.571	
675.008	350.352	79.085	0.000	-0.000	1.571	
675.047	350.392	79.103	0.000	-0.000	1.571	
675.065	350.413	79.114	0.000	-0.000	1.571	
675.107	350.454	79.143	0.000	-0.000	1.571	
675.137	350.493	79.133	0.000	-0.000	1.571	
675.177	350.497	79.142	0.000	-0.000	1.571	
675.195	350.525	79.121	0.000	0.000	1.571	
675.246	350.552	79.167	0.000	-0.000	1.571	
675.273	350.568	79.174	0.000	0.000	1.571	
675.312	350.612	79.188	0.000	-0.000	1.571	
675.323	350.633	79.184	0.000	0.000	1.571	
675.385	350.668	79.207	0.000	-0.000	1.571	
675.438	350.703	79.223	0.000	-0.000	1.571	
675.479	350.753	79.278	0.000	-0.000	1.571	
675.506	350.735	79.251	0.000	-0.000	1.571	
675.534	350.808	79.270	0.000	-0.000	1.571	
675.622	350.845	79.297	0.000	-0.000	1.571	
675.654	350.860	79.317	0.000	-0.000	1.571	
675.670	350.912	79.320	0.000	-0.000	1.571	
675.734	350.944	79.349	0.000	-0.000	1.571	
675.767	350.958	79.342	0.000	-0.000	1.571	
675.794	350.989	79.350	0.000	-0.000	1.571	
675.840	351.008	79.383	0.000	-0.000	1.571	
675.868	351.036	79.382	0.000	-0.000	1.571	
675.902	351.039	79.377	0.000	-0.000	1.571	
675.950	351.042	79.379	0.000	-0.000	1.571	
675.976	351.078	79.395	0.000	-0.000	1.571	
676.010	351.092	79.393	0.000	-0.000	1.571	
676.053	351.133	79.423	0.000	-0.000	1.571	
676.070	351.146	79.427	0.000	-0.000	1.571	
676.080	351.171	79.433	0.000	-0.000	1.571	
676.131	351.172	79.430	0.000	-0.000	1.571	
676.155	351.236	79.450	0.000	-0.000	1.571	
676.207	351.233	79.451	0.000	-0.000	1.571	
676.244	351.269	79.485	0.000	-0.000	1.571	
676.283	351.305	79.504	0.000	-0.000	1.571	
676.317	351.339	79.507	0.000	-0.000	1.571	
676.344	351.373	79.519	0.000	-0.000	1.571	
676.392	351.397	79.530	0.000	-0.000	1.571	
676.398	351.402	79.529	0.000	-0.000	1.571	
676.446	351.459	79.549	0.000	-0.000	1.571	
676.478	351.451	79.542	0.000	-0.000	1.571	
676.505	351.500	79.572	0.000	-0.000	1.571	
676.524	351.547	79.574	0.000	-0.000	1.571	
676.581	351.554	79.604	0.000	-0.000	1.571	
676.628	351.569	79.600	0.000	-0.000	1.571	
676.656	351.618	79.625	0.000	-0.000	1.571	
676.703	351.653	79.627	0.000	-0.000	1.571	
676.714	351.687	79.648	0.000	-0.000	1.571	
676.754	351.683	79.627	0.000	0.000	1.571	
676.782	351.711	79.657	0.000	-0.000	1.571	
676.837	351.732	79.671	0.000	-0.000	1.571	
676.847	351.756	79.662	0.000	0.000	1.571	
676.873	351.747	79.667	0.000	0.000	1.571	
676.926	351.801	79.705	0.000	-0.000	1.571	
676.967	351.809	79.717	0.000	0.000	1.571	
677.011	351.809	79.742	0.000	-0.000	1.571	
677.054	351.837	79.751	0.000	0.000	1.571	
677.088	351.859	79.755	0.000	0.000	1.571	
677.133	351.896	79.775	0.000	-0.000	1.571	
677.166	351.912	79.746	0.000	0.000	1.571	
677.195	351.972	79.794	0.000	-0.000	1.571	
677.251	351.975	79.801	0.000	-0.000	1.571	
677.288	352.029	79.825	0.000	-0.000	1.571	
677.311	352.030	79.826	0.000	-0.000	1.571	
677.359	352.093	79.861	0.000	-0.000	1.571	
677.379	352.094	79.842	0.000	-0.000	1.571	
677.406	352.152	79.851	0.000	0.000	1.571	
677.462	352.151	79.887	0.000	-0.000	1.571	
677.497	352.204	79.897	0.000	-0.000	1.571	
677.529	352.226	79.892	0.000	-0.000	1.571	
677.563	352.275	79.928	0.000	-0.000	1.571	
677.634	352.327	79.959	0.000	-0.000	1.571	
677.651	352.314	79.936	0.000	-0.000	1.571	
677.664	352.321	79.924	0.000	0.000	1.571	
677.731	352.364	79.948	0.000	-0.000	1.571	
677.741	352.396	79.969	0.000	-0.000	1.571	
677.782	352.430	79.984	0.000	-0.000	1.571	
677.835	352.486	79.999	0.000	-0.000	1.571	
677.884	352.502	80.029	0.000	-0.000	1.571	
677.924	352.523	80.028	0.000	-0.000	1.571	
677.970	352.553	80.042	0.000	-0.000	1.571	
677.997	352.595	80.058	0.000	-0.000	1.571	
678.018	352.635	80.059	0.000	-0.000	1.571	
678.077	352.636	80.087	0.000	-0.000	1.571	
678.113	352.682	80.089	0.000	-0.000	1.571	
678.156	352.717	80.122	0.000	-0.000	1.571	
678.153	352.725	80.087	0.000	-0.000	1.571	
678.212	352.761	80.110	0.000	-0.000	1.571	
678.249	352.772	80.130	0.000	-0.000	1.571	
678.295	352.767	80.138	0.000	-0.000	1.571	
678.344	352.807	80.140	0.000	-0.000	1.571	
678.359	352.836	80.159	0.000	-0.000	1.571	
678.408	352.854	80.174	0.000	-0.000	1.571	
678.423	352.847	80.184	0.000	0.000	1.571	
678.443	352.882	80.182	0.000	0.000	1.571	
678.500	352.888	80.210	0.000	-0.000	1.571	
678.516	352.933	80.229	0.000	0.000	1.571	
678.537	352.952	80.193	0.000	0.000	1.571	
678.606	352.990	80.256	0.000	-0.000	1.571	
678.614	353.029	80.228	0.000	0.000	1.571	
678.658	353.069	80.236	0.000	0.000	1.571	
678.716	353.080	80.265	0.000	-0.000	1.571	
678.735	353.118	80.282	0.000	-0.000	1.571	
678.776	353.126	80.296	0.000	-0.000	1.571	
678.815	353.178	80.294	0.000	0.000	1.571	
678.861	353.182	80.328	0.000	-0.000	1.571	
678.913	353.244	80.361	0.000	-0.000	1.571	
678.938	353.262	80.382	0.000	-0.000	1.571	
678.949	353.275	80.358	0.000	0.000	1.571	
679.014	353.319	80.386	0.000	-0.000	1.571	
679.039	353.361	80.387	0.000	-0.000	1.571	
679.067	353.404	80.405	0.000	-0.000	1.571	
679.125	353.410	80.415	0.000	-0.000	1.571	
679.148	353.434	80.424	0.000	-0.000	1.571	
679.198	353.449	80.434	0.000	-0.000	1.571	
679.213	353.472	80.428	0.000	0.000	1.571	
679.259	353.502	80.462	0.000	-0.000	1.571	
679.281	353.527	80.470	0.000	0.000	1.571	
679.334	353.559	80.488	0.000	-0.000	1.571	
679.373	353.596	80.505	0.000	-0.000	1.571	
679.405	353.600	80.506	0.000	-0.000	1.571	
679.427	353.651	80.502	0.000	0.000	1.571	
679.492	353.680	80.529	0.000	-0.000	1.571	
679.505	353.708	80.521	0.000	0.000	1.571	
679.570	353.710	80.540	0.000	-0.000	1.571	
679.609	353.742	80.567	0.000	-0.000	1.571	
679.621	353.769	80.565	0.000	-0.000	1.571	
679.662	353.815	80.565	0.000	0.000	1.571	
679.715	353.828	80.595	0.000	-0.000	1.571	
679.767	353.859	80.634	0.000	-0.000	1.571	
679.788	353.896	80.615	0.000	-0.000	1.571	
679.837	353.912	80.644	0.000	-0.000	1.571	
679.868	353.956	80.650	0.000	-0.000	1.571	
679.916	353.974	80.658	0.000	-0.000	1.571	
679.953	353.985	80.667	0.000	-0.000	1.571	
679.988	354.049	80.676	0.000	-0.000	1.571	
680.018	354.048	80.678	0.000	-0.000	1.571	
680.084	354.044	80.701	0.000	-0.000	1.571	
680.074	354.091	80.702	0.000	0.000	1.571	
680.126	354.119	80.713	0.000	0.000	1.571	
680.178	354.153	80.770	0.000	-0.000	1.571	
680.210	354.182	80.751	0.000	-0.000	1.571	
680.213	354.212	80.747	0.000	0.000	1.571	
680.255	354.227	80.777	0.000	0.000	1.571	
680.317	354.260	80.816	0.000	-0.000	1.571	
680.338	354.292	80.820	0.000	-0.000	1.571	
680.399	354.334	80.840	0.000	-0.000	1.571	
680.422	354.353	80.838	0.000	-0.000	1.571	
680.482	354.403	80.889	0.000	-0.000	1.571	
680.513	354.433	80.878	0.000	-0.000	1.571	
680.557	354.456	80.874	0.000	-0.000	1.571	
680.570	354.468	80.849	0.000	-0.000	1.571	
680.639	354.530	80.897	0.000	-0.000	1.571	
680.661	354.564	80.932	0.000	-0.000	1.571	
680.683	354.588	80.931	0.000	-0.000	1.571	
680.725	354.588	80.917	0.000	-0.000	1.571	
680.739	354.630	80.930	0.000	-0.000	1.571	
680.790	354.644	80.938	0.000	-0.000	1.571	
680.817	354.671	80.957	0.000	-0.000	1.571	
680.831	354.671	80.933	0.000	0.000	1.571	
680.904	354.700	80.980	0.000	-0.000	1.571	
680.936	354.743	81.006	0.000	-0.000	1.571	
680.959	354.788	81.022	0.000	-0.000	1.571	
680.987	354.771	81.010	0.000	0.000	1.571	
681.032	354.839	81.043	0.000	-0.000	1.571	
681.080	354.845	81.024	0.000	0.000	1.571	
681.119	354.856	81.047	0.000	-0.000	1.571	
681.175	354.878	81.062	0.000	-0.000	1.571	
681.223	354.914	81.093	0.000	-0.000	1.571	
681.251	354.930	81.098	0.000	-0.000	1.571	
681.287	354.973	81.125	0.000	-0.000	1.571	
681.336	355.007	81.121	0.000	-0.000	1.571	
681.372	355.007	81.112	0.000	-0.000	1.571	
681.405	355.081	81.140	0.000	-0.000	1.571	
681.444	355.090	81.159	0.000	-0.000	1.571	
681.490	355.123	81.168	0.000	-0.000	1.571	
681.515	355.172	81.192	0.000	-0.000	1.571	
681.539	355.179	81.189	0.000	-0.000	1.571	
681.572	355.186	81.185	0.000	-0.000	1.571	
681.629	355.235	81.224	0.000	-0.000	1.571	
681.659	355.268	81.227	0.000	-0.000	1.571	
681.688	355.290	81.222	0.000	-0.000	1.571	
681.709	355.325	81.250	0.000	-0.000	1.571	
681.738	355.327	81.239	0.000	0.000	1.571	
681.802	355.366	81.265	0.000	-0.000	1.571	
681.845	355.384	81.277	0.000	-0.000	1.571	
681.866	355.425	81.285	0.000	0.000	1.571	
681.904	355.456	81.298	0.000	0.000	1.571	
681.950	355.501	81.348	0.000	-0.000	1.571	
681.973	355.485	81.326	0.000	0.000	1.571	
681.995	355.543	81.328	0.000	0.000	1.571	
682.042	355.564	81.341	0.000	0.000	1.571	
682.101	355.604	81.391	0.000	-0.000	1.571	
682.140	355.618	81.362	0.000	-0.000	1.571	
682.160	355.669	81.397	0.000	-0.000	1.571	
682.201	355.677	81.418	0.000	-0.000	1.571	
682.227	355.711	81.413	0.000	-0.000	1.571	
682.258	355.741	81.433	0.000	-0.000	1.571	
682.320	355.740	81.444	0.000	-0.000	1.571	
682.370	355.751	81.455	0.000	-0.000	1.571	
682.392	355.813	81.485	0.000	-0.000	1.571	
682.447	355.797	81.469	0.000	-0.000	1.571	
682.473	355.835	81.488	0.000	-0.000	1.571	
682.509	355.867	81.481	0.000	-0.000	1.571	
682.553	355.884	81.519	0.000	-0.000	1.571	
682.589	355.899	81.524	0.000	-0.000	1.571	
682.621	355.950	81.541	0.000	-0.000	1.571	
682.625	355.948	81.511	0.000	0.000	1.571	
682.688	355.995	81.558	0.000	0.000	1.571	
682.736	356.042	81.602	0.000	-0.000	1.571	
682.759	356.065	81.581	0.000	-0.000	1.571	
682.794	356.077	81.579	0.000	0.000	1.571	
682.836	356.115	81.590	0.000	0.000	1.571	
682.879	356.152	81.610	0.000	-0.000	1.571	
682.930	356.181	81.626	0.000	-0.000	1.571	
682.962	356.228	81.653	0.000	-0.000	1.571	
683.015	356.262	81.681	0.000	-0.000	1.571	
683.041	356.288	81.668	0.000	-0.000	1.571	
683.061	356.305	81.680	0.000	-0.000	1.571	
683.098	356.313	81.678	0.000	-0.000	1.571	
683.147	356.355	81.686	0.000	-0.000	1.571	
683.183	356.402	81.720	0.000	-0.000	1.571	
683.212	356.454	81.706	0.000	-0.000	1.571	
683.261	356.442	81.716	0.000	-0.000	1.571	
683.310	356.507	81.766	0.000	-0.000	1.571	
683.353	356.542	81.787	0.000	-0.000	1.571	
683.392	356.593	81.801	0.000	-0.000	1.571	
683.443	356.593	81.809	0.000	-0.000	1.571	
683.475	356.628	81.799	0.000	-0.000	1.571	
683.532	356.661	81.843	0.000	-0.000	1.571	
683.549	356.702	81.843	0.000	-0.000	1.571	
683.624	356.735	81.865	0.000	-0.000	1.571	
683.699	356.779	81.904	0.000	-0.000	1.571	
683.743	356.784	81.897	0.000	-0.000	1.571	
683.816	356.795	81.909	0.000	-0.000	1.571	
683.848	356.865	81.935	0.000	-0.000	1.571	
683.874	356.902	81.892	0.000	-0.000	1.571	
683.931	356.948	81.913	0.000	-0.000	1.571	
683.969	356.969	81.915	0.000	-0.000	1.571	
684.013	356.997	81.901	0.000	-0.000	1.571	
684.069	357.021	81.889	0.000	-0.000	1.571	
684.092	357.068	81.900	0.000	-0.000	1.571	
684.151	357.089	81.894	0.000	-0.000	1.571	
684.181	357.134	81.908	0.000	-0.000	1.571	
684.225	357.161	81.906	0.000	-0.000	1.571	
684.263	357.198	81.889	0.000	-0.000	1.571	
684.294	357.207	81.896	0.000	-0.000	1.571	
684.327	357.225	81.889	0.000	-0.000	1.571	
684.371	357.253	81.900	0.000	-0.000	1.571	
684.399	357.329	81.909	0.000	-0.000	1.571	
684.462	357.327	81.898	0.000	-0.000	1.571	
684.515	357.378	81.921	0.000	-0.000	1.571	
684.531	357.434	81.890	0.000	-0.000	1.571	
684.600	357.450	81.911	0.000	-0.000	1.571	
684.669	357.517	81.933	0.000	-0.000	1.571	
684.705	357.542	81.919	0.000	-0.000	1.571	
684.757	357.547	81.911	0.000	-0.000	1.571	
684.805	357.590	81.920	0.000	-0.000	1.571	
684.832	357.649	81.901	0.000	-0.000	1.571	
684.876	357.670	81.905	0.000	-0.000	1.571	
684.951	357.684	81.900	0.000	-0.000	1.571	
684.987	357.722	81.903	0.000	-0.000	1.571	
685.055	357.729	81.918	0.000	-0.000	1.571	
685.078	357.787	81.913	0.000	-0.000	1.571	
685.128	357.805	81.898	0.000	-0.000	1.571	
685.175	357.853	81.904	0.000	-0.000	1.571	
685.235	357.911	81.937	0.000	-0.000	1.571	
685.281	357.935	81.915	0.000	-0.000	1.571	
685.310	357.963	81.893	0.000	0.000	1.571	
685.368	358.024	81.916	0.000	-0.000	1.571	
685.417	358.058	81.925	0.000	-0.000	1.571	
685.456	358.087	81.903	0.000	-0.000	1.571	
685.509	358.123	81.899	0.000	-0.000	1.571	
685.553	358.163	81.916	0.000	-0.000	1.571	
685.611	358.210	81.934	0.000	-0.000	1.571	
685.646	358.243	81.901	0.000	-0.000	1.571	
685.705	358.298	81.922	0.000	-0.000	1.571	
685.739	358.309	81.899	0.000	-0.000	1.571	
685.784	358.334	81.907	0.000	-0.000	1.571	
685.819	358.392	81.908	0.000	-0.000	1.571	
685.885	358.416	81.890	0.000	-0.000	1.571	
685.914	358.463	81.899	0.000	-0.000	1.571	
685.970	358.480	81.911	0.000	-0.000	1.571	
686.012	358.525	81.904	0.000	-0.000	1.571	
686.076	358.584	81.935	0.000	-0.000	1.571	
686.119	358.593	81.909	0.000	-0.000	1.571	
686.174	358.656	81.926	0.000	-0.000	1.571	
686.217	358.693	81.917	0.000	-0.000	1.571	
686.268	358.704	81.880	0.000	-0.000	1.571	
686.318	358.757	81.921	0.000	-0.000	1.571	
686.370	358.781	81.925	0.000	-0.000	1.571	
686.428	358.799	81.915	0.000	-0.000	1.571	
686.478	358.837	81.925	0.000	-0.000	1.571	
686.530	358.870	81.923	0.000	-0.000	1.571	
686.570	358.892	81.905	0.000	-0.000	1.571	
686.611	358.915	81.913	0.000	-0.000	1.571	
686.644	358.967	81.897	0.000	-0.000	1.571	
686.697	358.997	81.904	0.000	-0.000	1.571	
686.726	359.050	81.899	0.000	-0.000	1.571	
686.788	359.069	81.896	0.000	-0.000	1.571	
686.813	359.109	81.902	0.000	-0.000	1.571	
686.882	359.148	81.916	0.000	-0.000	1.571	
686.912	359.183	81.915	0.000	-0.000	1.571	
686.962	359.224	81.916	0.000	-0.000	1.571	
687.001	359.262	81.905	0.000	-0.000	1.571	
687.047	359.300	81.906	0.000	-0.000	1.571	
687.099	359.324	81.899	0.000	0.000	1.571	
687.134	359.372	81.890	0.000	0.000	1.571	
687.195	359.395	81.908	0.000	-0.000	1.571	
687.233	359.417	81.902	0.000	-0.000	1.571	
687.274	359.481	81.889	0.000	-0.000	1.571	
687.322	359.511	81.916	0.000	-0.000	1.571	
687.371	359.557	81.916	0.000	-0.000	1.571	
687.402	359.589	81.902	0.000	-0.000	1.571	
687.457	359.624	81.902	0.000	-0.000	1.571	
687.514	359.666	81.920	0.000	-0.000	1.571	
687.553	359.696	81.891	0.000	0.000	1.571	
687.616	359.769	81.920	0.000	-0.000	1.571	
687.645	359.798	81.910	0.000	-0.000	1.571	
687.699	359.817	81.916	0.000	-0.000	1.571	
687.758	359.851	81.911	0.000	-0.000	1.571	
687.802	359.876	81.913	0.000	-0.000	1.571	
687.847	359.884	81.903	0.000	-0.000	1.571	
687.922	359.920	81.915	0.000	-0.000	1.571	
687.972	359.948	81.933	0.000	-0.000	1.571	
688.005	359.995	81.922	0.000	-0.000	1.571	
688.041	360.041	81.915	0.000	-0.000	1.571	
688.093	360.071	81.909	0.000	-0.000	1.571	
688.158	360.121	81.922	0.000	-0.000	1.571	
688.194	360.144	81.904	0.000	-0.000	1.571	
688.244	360.144	81.904	0.000	-0.000	1.571	
688.286	360.213	81.908	0.000	-0.000	1.571	
688.336	360.268	81.916	0.000	-0.000	1.571	
688.370	360.303	81.901	0.000	-0.000	1.571	
688.392	360.330	81.883	0.000	-0.000	1.571	
688.460	360.348	81.897	0.000	-0.000	1.571	
688.507	360.386	81.904	0.000	-0.000	1.571	
688.538	360.443	81.899	0.000	-0.000	1.571	
688.613	360.469	81.921	0.000	-0.000	1.571	
688.649	360.507	81.914	0.000	-0.000	1.571	
688.686	360.565	81.910	0.000	-0.000	1.571	
688.755	360.556	81.909	0.000	-0.000	1.571	
688.785	360.637	81.907	0.000	-0.000	1.571	
688.834	360.661	81.916	0.000	-0.000	1.571	
688.858	360.678	81.875	0.000	-0.000	1.571	
688.900	360.721	81.885	0.000	-0.000	1.571	
688.941	360.757	81.903	0.000	-0.000	1.571	
688.984	360.779	81.884	0.000	-0.000	1.571	
689.051	360.821	81.905	0.000	-0.000	1.571	
689.088	360.840	81.889	0.000	-0.000	1.571	
689.103	360.867	81.861	0.000	0.000	1.571	
689.162	360.877	81.862	0.000	0.000	1.571	
689.230	360.909	81.884	0.000	0.000	1.571	
689.260	360.946	81.883	0.000	0.000	1.571	
689.305	361.006	81.903	0.000	0.000	1.571	
689.380	361.019	81.910	0.000	-0.000	1.571	
689.387	361.059	81.864	0.000	0.000	1.571	
689.443	361.097	81.868	0.000	0.000	1.571	
689.516	361.147	81.898	0.000	-0.000	1.571	
689.568	361.190	81.904	0.000	-0.000	1.571	
689.582	361.210	81.874	0.000	0.000	1.571	
689.668	361.250	81.906	0.000	-0.000	1.571	
689.718	361.285	81.905	0.000	-0.000	1.571	
689.764	361.342	81.910	0.000	-0.000	1.571	
689.795	361.342	81.879	0.000	-0.000	1.571	
689.831	361.402	81.879	0.000	-0.000	1.571	
689.889	361.456	81.916	0.000	-0.000	1.571	
689.951	361.493	81.909	0.000	-0.000	1.571	
689.960	361.522	81.914	0.000	-0.000	1.571	
690.005	361.541	81.870	0.000	0.000	1.571	
690.064	361.575	81.882	0.000	-0.000	1.571	
690.109	361.638	81.898	0.000	-0.000	1.571	
690.143	361.675	81.917	0.000	-0.000	1.571	
690.216	361.702	81.892	0.000	-0.000	1.571	
690.238	361.735	81.895	0.000	-0.000	1.571	
690.297	361.794	81.905	0.000	-0.000	1.571	
690.353	361.802	81.888	0.000	-0.000	1.571	
690.407	361.824	81.897	0.000	-0.000	1.571	
690.424	361.891	81.890	0.000	-0.000	1.571	
690.492	361.895	81.885	0.000	-0.000	1.571	
690.541	361.944	81.913	0.000	-0.000	1.571	
690.561	361.964	81.863	0.000	-0.000	1.571	
690.633	361.997	81.895	0.000	-0.000	1.571	
690.675	362.013	81.912	0.000	-0.000	1.571	
690.711	362.034	81.875	0.000	-0.000	1.571	
690.756	362.077	81.876	0.000	-0.000	1.571	
690.803	362.077	81.891	0.000	-0.000	1.571	
690.848	362.123	81.878	0.000	-0.000	1.571	
690.873	362.156	81.859	0.000	0.000	1.571	
690.944	362.208	81.897	0.000	-0.000	1.571	
690.987	362.238	81.896	0.000	-0.000	1.571	
691.040	362.301	81.892	0.000	-0.000	1.571	
691.098	362.354	81.911	0.000	-0.000	1.571	
691.130	362.374	81.896	0.000	-0.000	1.571	
691.176	362.408	81.904	0.000	-0.000	1.571	
691.208	362.450	81.895	0.000	-0.000	1.571	
691.256	362.473	81.892	0.000	-0.000	1.571	
691.309	362.552	81.896	0.000	-0.000	1.571	
691.363	362.545	81.889	0.000	-0.000	1.571	
691.382	362.611	81.893	0.000	-0.000	1.571	
691.433	362.622	81.904	0.000	-0.000	1.571	
691.469	362.654	81.866	0.000	-0.000	1.571	
691.519	362.705	81.899	0.000	-0.000	1.571	
691.564	362.731	81.900	0.000	-0.000	1.571	
691.612	362.767	81.908	0.000	-0.000	1.571	
691.640	362.780	81.884	0.000	-0.000	1.571	
691.700	362.831	81.895	0.000	-0.000	1.571	
691.729	362.853	81.882	0.000	0.000	1.571	
691.795	362.902	81.923	0.000	-0.000	1.571	
691.829	362.933	81.899	0.000	-0.000	1.571	
691.875	362.971	81.897	0.000	-0.000	1.571	
691.951	363.007	81.896	0.000	-0.000	1.571	
692.000	363.003	81.895	0.000	-0.000	1.571	
692.026	363.038	81.875	0.000	0.000	1.571	
692.071	363.096	81.901	0.000	-0.000	1.571	
692.107	363.101	81.876	0.000	0.000	1.571	
692.170	363.135	81.896	0.000	-0.000	1.571	
692.224	363.184	81.905	0.000	-0.000	1.571	
692.246	363.218	81.899	0.000	-0.000	1.571	
692.305	363.218	81.898	0.000	-0.000	1.571	
692.345	363.269	81.887	0.000	-0.000	1.571	
692.398	363.303	81.886	0.000	-0.000	1.571	
692.404	363.356	81.857	0.000	0.000	1.571	
692.469	363.386	81.898	0.000	-0.000	1.571	
692.521	363.404	81.883	0.000	0.000	1.571	
692.554	363.456	81.883	0.000	0.000	1.571	
692.595	363.490	81.879	0.000	0.000	1.571	
692.671	363.541	81.912	0.000	-0.000	1.571	
692.701	363.551	81.920	0.000	-0.000	1.571	
692.735	363.601	81.922	0.000	-0.000	1.571	
692.792	363.650	81.899	0.000	-0.000	1.571	
692.820	363.670	81.896	0.000	0.000	1.571	
692.879	363.700	81.916	0.000	-0.000	1.571	
692.923	363.754	81.903	0.000	-0.000	1.571	
692.956	363.790	81.908	0.000	-0.000	1.571	
693.004	363.801	81.908	0.000	-0.000	1.571	
693.052	363.845	81.885	0.000	-0.000	1.571	
693.095	363.883	81.892	0.000	-0.000	1.571	
693.124	363.924	81.878	0.000	-0.000	1.571	
693.172	363.939	81.880	0.000	-0.000	1.571	
693.231	363.974	81.896	0.000	-0.000	1.571	
693.270	364.008	81.904	0.000	-0.000	1.571	
693.321	364.019	81.898	0.000	-0.000	1.571	
693.371	364.084	81.895	0.000	-0.000	1.571	
693.410	364.103	81.893	0.000	-0.000	1.571	
693.471	364.122	81.900	0.000	-0.000	1.571	
693.510	364.172	81.913	0.000	-0.000	1.571	
693.564	364.205	81.884	0.000	-0.000	1.571	
693.621	364.212	81.897	0.000	-0.000	1.571	
693.662	364.270	81.906	0.000	-0.000	1.571	
693.683	364.320	81.898	0.000	-0.000	1.571	
693.728	364.300	81.873	0.000	-0.000	1.571	
693.784	364.370	81.912	0.000	-0.000	1.571	
693.822	364.412	81.892	0.000	-0.000	1.571	
693.861	364.432	81.899	0.000	-0.000	1.571	
693.921	364.442	81.884	0.000	-0.000	1.571	
693.947	364.496	81.884	0.000	-0.000	1.571	
693.967	364.548	81.880	0.000	-0.000	1.571	
694.029	364.587	81.898	0.000	-0.000	1.571	
694.068	364.587	81.887	0.000	-0.000	1.571	
694.132	364.622	81.890	0.000	-0.000	1.571	
694.150	364.687	81.901	0.000	-0.000	1.571	
694.220	364.705	81.900	0.000	-0.000	1.571	
694.236	364.751	81.885	0.000	-0.000	1.571	
694.292	364.759	81.902	0.000	-0.000	1.571	
694.310	364.821	81.892	0.000	-0.000	1.571	
694.366	364.830	81.850	0.000	-0.000	1.571	
694.402	364.877	81.894	0.000	-0.000	1.571	
694.437	364.910	81.860	0.000	-0.000	1.571	
694.497	364.930	81.894	0.000	-0.000	1.571	
694.535	364.979	81.898	0.000	-0.000	1.571	
694.571	365.015	81.868	0.000	-0.000	1.571	
694.623	365.072	81.887	0.000	-0.000	1.571	
694.677	365.067	81.894	0.000	-0.000	1.571	
694.731	365.121	81.902	0.000	-0.000	1.571	
694.768	365.119	81.865	0.000	-0.000	1.571	
694.808	365.172	81.883	0.000	-0.000	1.571	
694.860	365.205	81.899	0.000	-0.000	1.571	
694.900	365.214	81.887	0.000	-0.000	1.571	
694.952	365.249	81.900	0.000	-0.000	1.571	
695.000	365.295	81.919	0.000	-0.000	1.571	
695.050	365.299	81.896	0.000	-0.000	1.571	
695.084	365.323	81.888	0.000	-0.000	1.571	
695.141	365.355	81.900	0.000	-0.000	1.571	
695.178	365.393	81.883	0.000	-0.000	1.571	
695.221	365.452	81.895	0.000	-0.000	1.571	
695.255	365.483	81.901	0.000	-0.000	1.571	
695.304	365.507	81.902	0.000	-0.000	1.571	
695.351	365.555	81.904	0.000	-0.000	1.571	
695.374	365.603	81.887	0.000	-0.000	1.571	
695.428	365.625	81.898	0.000	-0.000	1.571	
695.458	365.647	81.880	0.000	-0.000	1.571	
695.520	365.670	81.898	0.000	-0.000	1.571	
695.553	365.717	81.910	-0.000	-0.000	1.571	
695.597	365.747	81.896	0.000	-0.000	1.571	
695.641	365.783	81.917	0.000	-0.000	1.571	
695.679	365.829	81.911	-0.000	-0.000	1.571	
695.743	365.833	81.905	-0.000	-0.000	1.571	
695.780	365.896	81.925	0.000	-0.000	1.571	
695.810	365.910	81.890	0.000	-0.000	1.571	
695.853	365.923	81.892	0.000	-0.000	1.571	
695.899	366.028	81.922	0.000	-0.000	1.571	
695.963	366.024	81.904	-0.000	-0.000	1.571	
695.999	366.079	81.900	0.000	-0.000	1.571	
696.038	366.115	81.906	0.000	-0.000	1.571	
696.097	366.131	81.900	0.000	-0.000	1.571	
696.129	366.165	81.919	0.000	-0.000	1.571	
696.178	366.226	81.917	0.000	-0.000	1.571	
696.233	366.234	81.908	-0.000	-0.000	1.571	
696.257	366.261	81.896	-0.000	-0.000	1.571	
696.306	366.280	81.888	0.000	-0.000	1.571	
696.346	366.313	81.877	0.000	-0.000	1.571	
696.401	366.340	81.898	0.000	-0.000	1.571	
696.441	366.344	81.870	0.000	-0.000	1.571	
696.477	366.375	81.879	0.000	-0.000	1.571	
696.509	366.391	81.866	0.000	-0.000	1.571	
696.544	366.452	81.869	0.000	-0.000	1.571	
696.578	366.474	81.858	0.000	-0.000	1.571	
696.617	366.498	81.857	0.000	0.000	1.571	
696.675	366.550	81.853	0.000	-0.000	1.571	
696.715	366.579	81.880	0.000	-0.000	1.571	
696.755	366.615	81.853	0.000	-0.000	1.571	
696.778	366.632	81.849	0.000	0.000	1.571	
696.840	366.669	81.861	0.000	-0.000	1.571	
696.886	366.721	81.879	0.000	-0.000	1.571	
696.926	366.755	81.884	0.000	-0.000	1.571	
696.975	366.795	81.883	0.000	-0.000	1.571	
697.003	366.819	81.857	0.000	-0.000	1.571	
697.041	366.896	81.878	0.000	-0.000	1.571	
697.097	366.885	81.862	0.000	-0.000	1.571	
697.147	366.940	81.875	0.000	-0.000	1.571	
697.195	366.944	81.856	0.000	-0.000	1.571	
697.214	367.003	81.843	0.000	-0.000	1.571	
697.281	367.032	81.853	0.000	-0.000	1.571	
697.316	367.065	81.838	0.000	-0.000	1.571	
697.385	367.096	81.875	0.000	-0.000	1.571	
697.428	367.130	81.842	0.000	-0.000	1.571	
697.493	367.183	81.863	0.000	-0.000	1.571	
697.535	367.171	81.830	0.000	-0.000	1.571	
697.560	367.251	81.852	0.000	-0.000	1.571	
697.637	367.273	81.874	0.000	-0.000	1.571	
697.666	367.295	81.844	0.000	-0.000	1.571	
697.724	367.335	81.831	-0.000	-0.000	1.571	
697.769	367.342	81.826	-0.000	-0.000	1.571	
697.817	367.410	81.827	0.000	-0.000	1.571	
697.863	367.426	81.816	-0.000	-0.000	1.571	
697.916	367.488	81.829	0.000	-0.000	1.571	
697.947	367.524	81.788	0.000	-0.000	1.571	
697.999	367.562	81.791	0.000	-0.000	1.571	
698.044	367.616	81.782	0.000	-0.000	1.571	
698.091	367.630	81.765	0.000	-0.000	1.571	
698.136	367.661	81.778	0.000	-0.000	1.571	
698.182	367.704	81.780	0.000	-0.000	1.571	
698.196	367.753	81.750	0.000	-0.000	1.571	
698.268	367.762	81.752	0.000	-0.000	1.571	
698.299	367.816	81.757	0.000	-0.000	1.571	
698.348	367.832	81.763	-0.000	-0.000	1.571	
698.404	367.865	81.742	0.000	-0.000	1.571	
698.431	367.892	81.720	0.000	-0.000	1.571	
698.474	367.929	81.703	0.000	-0.000	1.571	
698.508	367.961	81.702	0.000	-0.000	1.571	
698.562	368.015	81.705	-0.000	-0.000	1.571	
698.612	368.015	81.714	0.000	-0.000	1.571	
698.641	368.035	81.692	-0.000	-0.000	1.571	
698.674	368.091	81.669	0.000	-0.000	1.571	
698.727	368.101	81.656	0.000	-0.000	1.571	
698.790	368.150	81.702	0.000	-0.000	1.571	
698.822	368.197	81.678	0.000	-0.000	1.571	
698.877	368.197	81.671	0.000	-0.000	1.571	
698.898	368.235	81.667	0.000	-0.000	1.571	
698.950	368.278	81.661	0.000	-0.000	1.571	
699.004	368.300	81.657	0.000	-0.000	1.571	
699.030	368.322	81.624	0.000	-0.000	1.571	
699.078	368.359	81.654	0.000	-0.000	1.571	
699.123	368.398	81.614	0.000	0.000	1.571	
699.170	368.448	81.670	0.000	-0.000	1.571	
699.205	368.459	81.614	0.000	0.000	1.571	
699.257	368.480	81.623	0.000	-0.000	1.571	
699.296	368.506	81.619	0.000	0.000	1.571	
699.345	368.572	81.607	0.000	0.000	1.571	
699.376	368.610	81.619	0.000	0.000	1.571	
699.426	368.648	81.617	0.000	-0.000	1.571	
699.478	368.681	81.608	0.000	-0.000	1.571	
699.538	368.706	81.607	0.000	-0.000	1.571	
699.573	368.751	81.623	0.000	-0.000	1.571	
699.592	368.780	81.581	-0.000	0.000	1.571	
699.653	368.820	81.605	0.000	-0.000	1.571	
699.705	368.855	81.576	0.000	-0.000	1.571	
699.777	368.902	81.607	0.000	-0.000	1.571	
699.780	368.911	81.563	0.000	-0.000	1.571	
699.839	368.990	81.585	0.000	-0.000	1.571	
699.928	369.006	81.607	0.000	-0.000	1.571	
699.938	369.049	81.573	0.000	-0.000	1.571	
699.987	369.084	81.563	0.000	-0.000	1.571	
700.027	369.130	81.547	0.000	-0.000	1.571	
700.092	369.161	81.555	0.000	-0.000	1.571	
700.122	369.190	81.540	0.000	-0.000	1.571	
700.197	369.228	81.571	0.000	-0.000	1.571	
700.231	369.273	81.541	0.000	-0.000	1.571	
700.266	369.317	81.530	0.000	-0.000	1.571	
700.324	369.355	81.537	-0.000	-0.000	1.571	
700.371	369.380	81.527	0.000	-0.000	1.571	
700.427	369.407	81.530	0.000	-0.000	1.571	
700.471	369.441	81.498	0.000	-0.000	1.571	
700.521	369.439	81.462	0.000	-0.000	1.571	
700.582	369.476	81.486	0.000	-0.000	1.571	
700.628	369.526	81.492	-0.000	-0.000	1.571	
700.679	369.562	81.502	0.000	-0.000	1.571	
700.717	369.582	81.476	0.000	-0.000	1.571	
700.750	369.634	81.478	0.000	-0.000	1.571	
700.787	369.650	81.451	0.000	-0.000	1.571	
700.824	369.679	81.450	0.000	-0.000	1.571	
700.867	369.720	81.461	0.000	-0.000	1.571	
700.917	369.775	81.469	0.000	-0.000	1.571	
700.949	369.787	81.430	-0.000	-0.000	1.571	
700.990	369.825	81.437	0.000	-0.000	1.571	
701.041	369.850	81.411	0.000	-0.000	1.571	
701.099	369.909	81.438	-0.000	-0.000	1.571	
701.109	369.911	81.411	0.000	-0.000	1.571	
701.163	370.000	81.431	0.000	-0.000	1.571	
701.211	370.000	81.424	0.000	-0.000	1.571	
701.255	370.020	81.404	0.000	-0.000	1.571	
701.283	370.073	81.414	-0.000	-0.000	1.571	
701.335	370.091	81.398	0.000	-0.000	1.571	
701.364	370.103	81.372	0.000	-0.000	1.571	
701.392	370.163	81.378	0.000	-0.000	1.571	
701.452	370.194	81.373	0.000	-0.000	1.571	
701.482	370.198	81.365	-0.000	-0.000	1.571	
701.519	370.278	81.383	0.000	-0.000	1.571	
701.578	370.305	81.361	0.000	-0.000	1.571	
701.629	370.332	81.369	0.000	-0.000	1.571	
701.641	370.350	81.352	0.000	0.000	1.571	
701.706	370.375	81.349	0.000	0.000	1.571	
701.743	370.426	81.369	0.000	-0.000	1.571	
701.810	370.455	81.385	0.000	-0.000	1.571	
701.859	370.464	81.354	0.000	0.000	1.571	
701.889	370.506	81.326	0.000	0.000	1.571	
701.961	370.504	81.326	0.000	0.000	1.571	
702.014	370.551	81.346	0.000	-0.000	1.571	
702.036	370.600	81.329	0.000	-0.000	1.571	
702.095	370.624	81.335	0.000	-0.000	1.571	
702.131	370.679	81.333	0.000	-0.000	1.571	
702.174	370.715	81.319	0.000	-0.000	1.571	
702.244	370.748	81.330	0.000	-0.000	1.571	
702.267	370.772	81.304	0.000	-0.000	1.571	
702.315	370.803	81.291	-0.000	-0.000	1.571	
702.381	370.857	81.316	0.000	-0.000	1.571	
702.412	370.893	81.309	0.000	-0.000	1.571	
702.454	370.907	81.285	0.000	-0.000	1.571	
702.518	370.980	81.284	-0.000	-0.000	1.571	
702.552	371.038	81.279	-0.000	-0.000	1.571	
702.614	371.062	81.298	0.000	-0.000	1.571	
702.627	371.110	81.266	0.000	-0.000	1.571	
702.695	371.137	81.285	0.000	-0.000	1.571	
702.737	371.185	81.285	0.000	-0.000	1.571	
702.770	371.194	81.244	0.000	-0.000	1.571	
702.832	371.242	81.264	0.000	-0.000	1.571	
702.880	371.263	81.235	0.000	-0.000	1.571	
702.918	371.300	81.230	0.000	-0.000	1.571	
702.945	371.354	81.221	0.000	-0.000	1.571	
702.973	371.379	81.227	0.000	-0.000	1.571	
703.036	371.397	81.196	-0.000	-0.000	1.571	
703.083	371.431	81.213	0.000	-0.000	1.571	
703.104	371.451	81.171	0.000	-0.000	1.571	
703.153	371.487	81.172	-0.000	-0.000	1.571	
703.209	371.529	81.187	0.000	-0.000	1.571	
703.251	371.536	81.173	0.000	-0.000	1.571	
703.270	371.604	81.159	0.000	-0.000	1.571	
703.321	371.624	81.168	0.000	-0.000	1.571	
703.383	371.623	81.151	-0.000	-0.000	1.571	
703.400	371.633	81.127	0.000	-0.000	1.571	
703.457	371.690	81.151	0.000	-0.000	1.571	
703.521	371.692	81.160	0.000	-0.000	1.571	
703.539	371.711	81.143	0.000	-0.000	1.571	
703.617	371.762	81.160	0.000	-0.000	1.571	
703.646	371.815	81.147	0.000	-0.000	1.571	
703.685	371.821	81.128	0.000	-0.000	1.571	
703.718	371.881	81.111	0.000	-0.000	1.571	
703.772	371.922	81.132	0.000	-0.000	1.571	
703.830	371.925	81.142	0.000	-0.000	1.571	
703.861	372.002	81.134	0.000	-0.000	1.571	
703.914	371.999	81.107	0.000	-0.000	1.571	
703.948	372.057	81.105	0.000	-0.000	1.571	
703.998	372.087	81.130	0.000	-0.000	1.571	
704.027	372.140	81.123	0.000	-0.000	1.571	
704.056	372.173	81.086	0.000	-0.000	1.571	
704.118	372.186	81.095	0.000	-0.000	1.571	
704.146	372.219	81.079	0.000	-0.000	1.571	
704.212	372.277	81.085	0.000	-0.000	1.571	
704.250	372.318	81.091	0.000	-0.000	1.571	
704.285	372.316	81.084	0.000	-0.000	1.571	
704.329	372.370	81.079	0.000	-0.000	1.571	
704.381	372.397	81.067	-0.000	-0.000	1.571	
704.417	372.433	81.051	0.000	-0.000	1.571	
704.473	372.496	81.078	0.000	-0.000	1.571	
704.507	372.502	81.071	-0.000	-0.000	1.571	
704.559	372.523	81.030	0.000	-0.000	1.571	
704.605	372.585	81.062	0.000	-0.000	1.571	
704.639	372.600	81.033	0.000	-0.000	1.571	
704.697	372.628	81.040	0.000	-0.000	1.571	
704.727	372.681	81.038	0.000	-0.000	1.571	
704.775	372.689	81.035	0.000	-0.000	1.571	
704.817	372.728	81.021	0.000	-0.000	1.571	
704.852	372.765	80.998	0.000	-0.000	1.571	
704.916	372.770	81.017	0.000	-0.000	1.571	
704.966	372.848	81.010	0.000	-0.000	1.571	
704.995	372.857	80.989	0.000	-0.000	1.571	
705.054	372.899	80.985	0.000	-0.000	1.571	
705.111	372.935	81.001	0.000	-0.000	1.571	
705.143	372.980	80.985	0.000	-0.000	1.571	
705.174	372.979	80.952	0.000	-0.000	1.571	
705.227	373.029	80.956	0.000	-0.000	1.571	
705.298	373.072	80.963	0.000	-0.000	1.571	
705.319	373.090	80.942	0.000	-0.000	1.571	
705.352	373.133	80.940	0.000	-0.000	1.571	
705.399	373.164	80.954	0.000	-0.000	1.571	
705.442	373.194	80.948	0.000	-0.000	1.571	
705.476	373.242	80.929	0.000	-0.000	1.571	
705.533	373.246	80.914	0.000	-0.000	1.571	
705.579	373.286	80.925	-0.000	-0.000	1.571	
705.619	373.279	80.904	-0.000	-0.000	1.571	
705.645	373.362	80.901	0.000	-0.000	1.571	
705.707	373.382	80.925	0.000	-0.000	1.571	
705.737	373.434	80.942	0.000	-0.000	1.571	
705.786	373.464	80.901	0.000	-0.000	1.571	
705.822	373.481	80.891	0.000	-0.000	1.571	
705.865	373.534	80.886	0.000	-0.000	1.571	
705.906	373.558	80.881	0.000	-0.000	1.571	
705.964	373.622	80.873	0.000	-0.000	1.571	
706.007	373.636	80.867	0.000	-0.000	1.571	
706.061	373.669	80.864	0.000	-0.000	1.571	
706.099	373.708	80.867	0.000	-0.000	1.571	
706.137	373.735	80.866	0.000	-0.000	1.571	
706.165	373.771	80.853	0.000	-0.000	1.571	
706.213	373.827	80.852	0.000	-0.000	1.571	
706.252	373.839	80.834	0.000	-0.000	1.571	
706.309	373.870	80.833	0.000	-0.000	1.571	
706.351	373.866	80.821	0.000	-0.000	1.571	
706.394	373.893	80.818	0.000	-0.000	1.571	
706.433	373.927	80.832	0.000	-0.000	1.571	
706.482	373.941	80.798	0.000	-0.000	1.571	
706.537	373.978	80.803	0.000	-0.000	1.571	
706.587	374.027	80.827	0.000	-0.000	1.571	
706.624	374.046	80.787	0.000	-0.000	1.571	
706.676	374.062	80.814	0.000	-0.000	1.571	
706.717	374.133	80.789	0.000	-0.000	1.571	
706.762	374.158	80.802	0.000	-0.000	1.571	
706.786	374.183	80.773	-0.000	-0.000	1.571	
706.839	374.247	80.782	0.000	-0.000	1.571	
706.873	374.246	80.754	0.000	-0.000	1.571	
706.945	374.289	80.759	0.000	-0.000	1.571	
706.982	374.339	80.765	0.000	-0.000	1.571	
707.015	374.365	80.739	0.000	-0.000	1.571	
707.032	374.407	80.729	0.000	-0.000	1.571	
707.092	374.446	80.747	-0.000	-0.000	1.571	
707.131	374.446	80.731	0.000	-0.000	1.571	
707.178	374.496	80.729	0.000	-0.000	1.571	
707.210	374.521	80.725	0.000	-0.000	1.571	
707.264	374.573	80.707	0.000	-0.000	1.571	
707.320	374.593	80.726	-0.000	-0.000	1.571	
707.337	374.633	80.705	0.000	-0.000	1.571	
707.367	374.691	80.707	0.000	-0.000	1.571	
707.417	374.715	80.702	0.000	-0.000	1.571	
707.453	374.745	80.677	0.000	-0.000	1.571	
707.504	374.757	80.679	0.000	-0.000	1.571	
707.560	374.791	80.687	0.000	-0.000	1.571	
707.576	374.848	80.658	0.000	-0.000	1.571	
707.653	374.880	80.686	-0.000	-0.000	1.571	
707.674	374.907	80.685	0.000	-0.000	1.571	
707.702	374.939	80.641	0.000	0.000	1.571	
707.757	374.964	80.649	0.000	-0.000	1.571	
707.801	375.022	80.664	0.000	-0.000	1.571	
707.832	375.033	80.652	0.000	-0.000	1.571	
707.884	375.079	80.647	0.000	-0.000	1.571	
707.912	375.118	80.640	0.000	-0.000	1.571	
707.964	375.147	80.652	0.000	-0.000	1.571	
708.033	375.161	80.636	0.000	-0.000	1.571	
708.071	375.174	80.634	-0.000	-0.000	1.571	
708.113	375.197	80.608	0.000	-0.000	1.571	
708.181	375.216	80.632	0.000	-0.000	1.571	
708.218	375.255	80.618	0.000	-0.000	1.571	
708.270	375.305	80.628	0.000	-0.000	1.571	
708.305	375.362	80.635	0.000	-0.000	1.571	
708.369	375.353	80.604	0.000	-0.000	1.571	
708.389	375.413	80.602	0.000	-0.000	1.571	
708.417	375.419	80.581	0.000	-0.000	1.571	
708.482	375.470	80.602	0.000	-0.000	1.571	
708.523	375.492	80.590	0.000	-0.000	1.571	
708.560	375.552	80.591	0.000	-0.000	1.571	
708.587	375.579	80.570	0.000	-0.000	1.571	
708.657	375.614	80.571	-0.000	-0.000	1.571	
708.678	375.627	80.533	0.000	-0.000	1.571	
708.721	375.692	80.568	0.000	-0.000	1.571	
708.773	375.729	80.570	0.000	-0.000	1.571	
708.824	375.743	80.528	0.000	-0.000	1.571	
708.862	375.785	80.535	0.000	-0.000	1.571	
708.905	375.817	80.538	0.000	-0.000	1.571	
708.936	375.858	80.516	0.000	-0.000	1.571	
708.985	375.842	80.517	0.000	-0.000	1.571	
709.026	375.904	80.527	0.000	-0.000	1.571	
709.062	375.898	80.492	0.000	-0.000	1.571	
709.103	375.952	80.472	0.000	-0.000	1.571	
709.156	376.002	80.486	0.000	-0.000	1.571	
709.196	376.021	80.496	0.000	-0.000	1.571	
709.251	376.054	80.498	0.000	-0.000	1.571	
709.278	376.090	80.489	0.000	-0.000	1.571	
709.312	376.108	80.440	0.000	0.000	1.571	
709.357	376.125	80.437	0.000	0.000	1.571	
709.409	376.194	80.470	0.000	-0.000	1.571	
709.444	376.202	80.444	0.000	0.000	1.571	
709.487	376.235	80.453	0.000	-0.000	1.571	
709.543	376.243	80.437	0.000	-0.000	1.571	
709.592	376.312	80.459	0.000	-0.000	1.571	
709.633	376.340	80.428	0.000	-0.000	1.571	
709.662	376.364	80.391	0.000	-0.000	1.571	
709.679	376.406	80.414	0.000	-0.000	1.571	
709.758	376.437	80.429	0.000	-0.000	1.571	
709.785	376.473	80.433	0.000	-0.000	1.571	
709.820	376.491	80.405	0.000	-0.000	1.571	
709.870	376.529	80.435	0.000	-0.000	1.571	
709.884	376.572	80.382	-0.000	-0.000	1.571	
709.952	376.602	80.431	0.000	-0.000	1.571	
709.992	376.589	80.402	0.000	-0.000	1.571	
710.012	376.662	80.423	0.000	-0.000	1.571	
710.044	376.690	80.390	0.000	-0.000	1.571	
710.093	376.679	80.389	0.000	-0.000	1.571	
710.119	376.722	80.392	0.000	-0.000	1.571	
710.147	376.741	80.360	0.000	-0.000	1.571	
710.176	376.742	80.350	0.000	-0.000	1.571	
710.198	376.778	80.352	0.000	-0.000	1.571	
710.222	376.818	80.344	0.000	-0.000	1.571	
710.248	376.839	80.351	0.000	-0.000	1.571	
710.286	376.835	80.341	0.000	-0.000	1.571	
710.306	376.856	80.328	0.000	-0.000	1.571	
710.328	376.878	80.320	0.000	-0.000	1.571	
710.367	376.900	80.338	-0.000	-0.000	1.571	
710.360	376.911	80.312	0.000	-0.000	1.571	
710.367	376.952	80.331	0.000	-0.000	1.571	
710.400	376.937	80.322	0.000	-0.000	1.571	
710.431	376.970	80.327	0.000	-0.000	1.571	
710.439	376.985	80.300	0.000	-0.000	1.571	
710.460	377.006	80.293	0.000	0.000	1.571	
710.476	377.001	80.296	0.000	-0.000	1.571	
710.502	377.026	80.310	0.000	-0.000	1.571	
710.512	377.040	80.310	0.000	-0.000	1.571	
710.533	377.046	80.294	0.000	-0.000	1.571	
710.540	377.035	80.306	0.000	-0.000	1.571	
710.542	377.036	80.281	0.000	0.000	1.571	
710.579	377.083	80.304	-0.000	-0.000	1.571	
710.578	377.072	80.283	0.000	0.000	1.571	
710.606	377.059	80.292	0.000	-0.000	1.571	
710.616	377.101	80.295	0.000	-0.000	1.571	
710.627	377.104	80.278	0.000	0.000	1.571	
710.627	377.125	80.291	0.000	-0.000	1.571	
710.646	377.090	80.271	0.000	0.000	1.571	
710.628	377.114	80.274	0.000	0.000	1.571	
710.674	377.114	80.306	0.000	-0.000	1.571	
710.656	377.165	80.293	0.000	-0.000	1.571	
710.671	377.129	80.271	0.000	0.000	1.571	
710.698	377.139	80.299	0.000	-0.000	1.571	
710.692	377.160	80.292	0.000	-0.000	1.571	
710.689	377.150	80.280	0.000	0.000	1.571	
710.684	377.146	80.295	0.000	0.000	1.571	
710.688	377.173	80.293	0.000	-0.000	1.571	
710.707	377.145	80.296	0.000	-0.000	1.571	
710.693	377.173	80.310	0.000	-0.000	1.571	
710.677	377.144	80.286	0.000	0.000	1.571	
710.673	377.167	80.275	0.000	0.000	1.571	
710.700	377.179	80.314	0.000	-0.000	1.571	
710.717	377.150	80.313	0.000	-0.000	1.571	
710.691	377.160	80.290	0.000	0.000	1.571	
710.683	377.159	80.297	0.000	-0.000	1.571	
710.708	377.144	80.275	0.000	0.000	1.571	
710.689	377.149	80.287	0.000	0.000	1.571	
710.696	377.164	80.307	0.000	-0.000	1.571	
710.694	377.146	80.300	0.000	-0.000	1.571	
710.701	377.134	80.282	0.000	-0.000	1.571	
710.681	377.150	80.290	0.000	-0.000	1.571	
710.683	377.144	80.289	0.000	-0.000	1.571	
710.682	377.157	80.259	0.000	-0.000	1.571	
710.694	377.127	80.252	0.000	-0.000	1.571	
710.689	377.132	80.278	0.000	-0.000	1.571	
710.673	377.135	80.266	0.000	-0.000	1.571	
710.673	377.165	80.297	0.000	-0.000	1.571	
710.669	377.132	80.309	0.000	-0.000	1.571	
710.662	377.125	80.292	0.000	-0.000	1.571	
710.659	377.079	80.313	-0.000	-0.000	1.571	
710.649	377.092	80.282	0.000	-0.000	1.571	
710.613	377.082	80.269	0.000	-0.000	1.571	
710.600	377.088	80.278	0.000	-0.000	1.571	
710.589	377.079	80.292	0.000	-0.000	1.571	
710.573	377.050	80.284	0.000	-0.000	1.571	
710.552	377.041	80.296	0.000	-0.000	1.571	
710.525	377.034	80.263	-0.000	-0.000	1.571	
710.525	377.019	80.271	0.000	-0.000	1.571	
710.507	376.982	80.283	-0.000	-0.000	1.571	
710.480	376.994	80.270	0.000	-0.000	1.571	
710.447	376.965	80.255	0.000	-0.000	1.571	
710.434	376.924	80.271	0.000	-0.000	1.571	
710.427	376.919	80.290	-0.000	-0.000	1.571	
710.387	376.937	80.281	0.000	-0.000	1.571	
710.347	376.907	80.273	0.000	-0.000	1.571	
710.346	376.874	80.270	-0.000	-0.000	1.571	
710.307	376.841	80.266	-0.000	-0.000	1.571	
710.284	376.826	80.252	0.000	-0.000	1.571	
710.267	376.784	80.270	-0.000	-0.000	1.571	
710.247	376.795	80.267	-0.000	-0.000	1.571	
710.213	376.755	80.258	-0.000	-0.000	1.571	
710.189	376.745	80.253	-0.000	-0.000	1.571	
710.147	376.729	80.251	-0.000	-0.000	1.571	
710.117	376.683	80.240	-0.000	-0.000	1.571	
710.084	376.683	80.238	-0.000	-0.000	1.571	
710.047	376.659	80.227	-0.000	-0.000	1.571	
710.002	376.607	80.200	0.000	-0.000	1.571	
709.988	376.597	80.234	-0.000	-0.000	1.571	
709.974	376.555	80.228	-0.000	-0.000	1.571	
709.945	376.572	80.215	-0.000	-0.000	1.571	
709.893	376.529	80.213	0.000	-0.000	1.571	
709.868	376.524	80.231	-0.000	-0.000	1.571	
709.856	376.506	80.222	-0.000	-0.000	1.571	
709.809	376.461	80.229	-0.000	-0.000	1.571	
709.784	376.445	80.218	0.000	-0.000	1.571	
709.773	376.413	80.225	-0.000	-0.000	1.571	
709.762	376.457	80.237	-0.000	-0.000	1.571	
709.745	376.420	80.224	-0.000	-0.000	1.571	
709.743	376.413	80.263	-0.000	-0.000	1.571	
709.720	376.398	80.266	0.000	-0.000	1.571	
709.684	376.386	80.223	0.000	-0.000	1.571	
709.686	376.386	80.280	0.000	-0.000	1.571	
709.667	376.359	80.268	-0.000	-0.000	1.571	
709.643	376.364	80.280	0.000	-0.000	1.571	
709.602	376.334	80.244	0.000	-0.000	1.571	
709.594	376.319	80.264	-0.000	-0.000	1.571	
709.573	376.293	80.266	0.000	-0.000	1.571	
709.559	376.294	80.258	0.000	-0.000	1.571	
709.519	376.263	80.268	0.000	-0.000	1.571	
709.527	376.246	80.269	0.000	-0.000	1.571	
709.491	376.244	80.276	0.000	-0.000	1.571	
709.464	376.192	80.275	0.000	-0.000	1.571	
709.433	376.189	80.277	0.000	-0.000	1.571	
709.411	376.174	80.277	0.000	-0.000	1.571	
709.372	376.127	80.266	0.000	-0.000	1.571	
709.365	376.116	80.277	0.000	-0.000	1.571	
709.342	376.092	80.272	0.000	-0.000	1.571	
709.316	376.117	80.287	0.000	-0.000	1.571	
709.297	376.043	80.294	0.000	-0.000	1.571	
709.293	376.045	80.301	-0.000	-0.000	1.571	
709.254	376.031	80.305	0.000	-0.000	1.571	
709.201	376.015	80.287	-0.000	-0.000	1.571	
709.199	375.976	80.294	0.000	-0.000	1.571	
709.156	375.974	80.266	0.000	-0.000	1.571	
709.117	375.959	80.287	0.000	-0.000	1.571	
709.103	375.929	80.290	0.000	-0.000	1.571	
709.082	375.909	80.280	0.000	-0.000	1.571	
709.058	375.891	80.307	0.000	-0.000	1.571	
709.029	375.866	80.292	0.000	0.000	1.571	
708.994	375.876	80.282	0.000	0.000	1.571	
708.991	375.817	80.294	0.000	0.000	1.571	
708.981	375.830	80.290	0.000	-0.000	1.571	
708.956	375.803	80.329	0.000	-0.000	1.571	
708.937	375.791	80.330	0.000	-0.000	1.571	
708.918	375.766	80.331	0.000	-0.000	1.571	
708.888	375.751	80.332	0.000	-0.000	1.571	
708.863	375.751	80.355	0.000	-0.000	1.571	
708.850	375.724	80.367	0.000	-0.000	1.571	
708.801	375.702	80.328	0.000	-0.000	1.571	
708.789	375.691	80.350	0.000	-0.000	1.571	
708.760	375.664	80.344	0.000	-0.000	1.571	
708.734	375.657	80.364	0.000	-0.000	1.571	
708.699	375.641	80.351	0.000	-0.000	1.571	
708.675	375.596	80.338	0.000	-0.000	1.571	
708.678	375.590	80.349	0.000	-0.000	1.571	
708.622	375.590	80.345	0.000	-0.000	1.571	
708.626	375.569	80.377	0.000	-0.000	1.571	
708.581	375.548	80.374	0.000	-0.000	1.571	
708.567	375.546	80.387	0.000	-0.000	1.571	
708.536	375.523	80.368	0.000	-0.000	1.571	
708.504	375.487	80.369	0.000	-0.000	1.571	
708.488	375.481	80.383	0.000	-0.000	1.571	
708.452	375.450	80.374	0.000	-0.000	1.571	
708.442	375.440	80.375	0.000	-0.000	1.571	
708.404	375.403	80.379	0.000	-0.000	1.571	
708.386	375.402	80.392	0.000	-0.000	1.571	
708.379	375.377	80.401	0.000	-0.000	1.571	
708.337	375.364	80.394	0.000	-0.000	1.571	
708.317	375.329	80.393	0.000	-0.000	1.571	
708.295	375.293	80.409	0.000	-0.000	1.571	
708.262	375.300	80.399	0.000	-0.000	1.571	
708.257	375.293	80.432	0.000	-0.000	1.571	
708.189	375.243	80.386	0.000	-0.000	1.571	
708.189	375.227	80.430	0.000	-0.000	1.571	
708.153	375.197	80.399	0.000	-0.000	1.571	
708.114	375.166	80.395	0.000	0.000	1.571	
708.097	375.164	80.426	0.000	-0.000	1.571	
708.075	375.139	80.413	0.000	-0.000	1.571	
708.043	375.123	80.421	0.000	-0.000	1.571	
708.012	375.088	80.431	0.000	-0.000	1.571	
708.014	375.050	80.444	0.000	-0.000	1.571	
707.994	375.068	80.453	0.000	-0.000	1.571	
707.947	375.044	80.434	0.000	-0.000	1.571	
707.928	375.023	80.452	0.000	-0.000	1.571	
707.885	374.988	80.451	0.000	-0.000	1.571	
707.890	374.967	80.447	0.000	-0.000	1.571	
707.857	374.957	80.456	0.000	-0.000	1.571	
707.847	374.943	80.470	-0.000	-0.000	1.571	
707.805	374.939	80.470	0.000	-0.000	1.571	
707.759	374.888	80.445	0.000	-0.000	1.571	
707.741	374.888	80.457	0.000	-0.000	1.571	
707.701	374.862	80.439	0.000	0.000	1.571	
707.707	374.855	80.484	0.000	-0.000	1.571	
707.688	374.829	80.492	0.000	-0.000	1.571	
707.657	374.797	80.481	0.000	-0.000	1.571	
707.618	374.777	80.468	0.000	-0.000	1.571	
707.596	374.761	80.464	0.000	-0.000	1.571	
707.567	374.757	80.485	0.000	-0.000	1.571	
707.537	374.764	80.477	0.000	-0.000	1.571	
707.512	374.711	80.485	0.000	-0.000	1.571	
707.456	374.713	80.469	0.000	-0.000	1.571	
707.446	374.712	80.507	0.000	-0.000	1.571	
707.394	374.697	80.489	0.000	-0.000	1.571	
707.389	374.683	80.488	-0.000	-0.000	1.571	
707.346	374.643	80.464	0.000	-0.000	1.571	
707.343	374.641	80.508	0.000	-0.000	1.571	
707.320	374.600	80.507	0.000	-0.000	1.571	
707.276	374.579	80.504	0.000	-0.000	1.571	
707.246	374.560	80.500	0.000	-0.000	1.571	
707.222	374.509	80.496	0.000	-0.000	1.571	
707.198	374.516	80.512	0.000	-0.000	1.571	
707.175	374.455	80.531	0.000	-0.000	1.571	
707.135	374.462	80.530	0.000	-0.000	1.571	
707.113	374.443	80.559	0.000	-0.000	1.571	
707.073	374.426	80.529	0.000	-0.000	1.571	
707.052	374.404	80.528	0.000	-0.000	1.571	
707.024	374.321	80.519	0.000	-0.000	1.571	
706.989	374.339	80.523	0.000	-0.000	1.571	
706.985	374.317	80.565	0.000	-0.000	1.571	
706.950	374.277	80.542	0.000	-0.000	1.571	
706.915	374.292	80.542	0.000	-0.000	1.571	
706.874	374.262	80.528	-0.000	-0.000	1.571	
706.856	374.222	80.535	0.000	-0.000	1.571	
706.834	374.222	80.570	0.000	-0.000	1.571	
706.811	374.198	80.565	0.000	-0.000	1.571	
706.759	374.170	80.563	0.000	-0.000	1.571	
706.740	374.124	80.552	0.000	-0.000	1.571	
706.699	374.103	80.539	0.000	0.000	1.571	
706.693	374.081	80.563	0.000	-0.000	1.571	
706.658	374.072	80.563	0.000	-0.000	1.571	
706.611	374.075	80.548	0.000	0.000	1.571	
706.617	374.034	80.590	0.000	-0.000	1.571	
706.584	373.984	80.561	0.000	-0.000	1.571	
706.556	373.976	80.574	0.000	-0.000	1.571	
706.531	373.955	80.581	0.000	-0.000	1.571	
706.518	373.922	80.603	0.000	-0.000	1.571	
706.470	373.918	80.593	0.000	-0.000	1.571	
706.448	373.904	80.608	0.000	-0.000	1.571	
706.428	373.855	80.600	0.000	-0.000	1.571	
706.402	373.857	80.608	0.000	-0.000	1.571	
706.394	373.832	80.620	0.000	-0.000	1.571	
706.336	373.800	80.595	0.000	-0.000	1.571	
706.307	373.777	80.609	0.000	-0.000	1.571	
706.268	373.767	80.612	0.000	-0.000	1.571	
706.264	373.742	80.634	0.000	-0.000	1.571	
706.225	373.718	80.617	0.000	-0.000	1.571	
706.195	373.690	80.631	0.000	-0.000	1.571	
706.160	373.685	80.645	0.000	-0.000	1.571	
706.128	373.648	80.647	0.000	-0.000	1.571	
706.080	373.664	80.631	0.000	-0.000	1.571	
706.052	373.666	80.658	-0.000	-0.000	1.571	
706.003	373.649	80.628	0.000	-0.000	1.571	
705.987	373.627	80.651	-0.000	-0.000	1.571	
705.968	373.611	80.659	-0.000	-0.000	1.571	
705.957	373.593	80.674	-0.000	-0.000	1.571	
705.887	373.582	80.643	0.000	-0.000	1.571	
705.851	373.519	80.606	0.000	-0.000	1.571	
705.850	373.502	80.657	-0.000	-0.000	1.571	
705.820	373.492	80.637	0.000	-0.000	1.571	
705.763	373.481	80.646	0.000	-0.000	1.571	
705.737	373.422	80.636	0.000	-0.000	1.571	
705.727	373.438	80.693	0.000	-0.000	1.571	
705.695	373.370	80.656	0.000	-0.000	1.571	
705.663	373.371	80.680	0.000	-0.000	1.571	
705.634	373.345	80.681	0.000	-0.000	1.571	
705.599	373.344	80.684	0.000	-0.000	1.571	
705.574	373.274	80.678	0.000	-0.000	1.571	
705.540	373.277	80.682	0.000	-0.000	1.571	
705.527	373.210	80.693	0.000	-0.000	1.571	
705.490	373.207	80.707	0.000	-0.000	1.571	
705.453	373.183	80.702	0.000	-0.000	1.571	
705.413	373.185	80.691	0.000	-0.000	1.571	
705.394	373.153	80.709	0.000	-0.000	1.571	
705.385	373.107	80.715	0.000	-0.000	1.571	
705.343	373.091	80.714	0.000	-0.000	1.571	
705.303	373.073	80.703	0.000	-0.000	1.571	
705.261	373.022	80.702	0.000	-0.000	1.571	
705.231	372.982	80.695	0.000	0.000	1.571	
705.219	373.002	80.725	0.000	-0.000	1.571	
705.185	372.962	80.704	0.000	-0.000	1.571	
705.191	372.956	80.774	0.000	-0.000	1.571	
705.144	372.901	80.745	0.000	-0.000	1.571	
705.104	372.914	80.752	0.000	-0.000	1.571	
705.089	372.871	80.772	0.000	-0.000	1.571	
705.044	372.846	80.725	0.000	-0.000	1.571	
705.021	372.829	80.750	0.000	-0.000	1.571	
704.966	372.824	80.746	0.000	-0.000	1.571	
704.961	372.788	80.756	0.000	-0.000	1.571	
704.940	372.778	80.784	0.000	-0.000	1.571	
704.904	372.745	80.763	0.000	-0.000	1.571	
704.879	372.690	80.773	0.000	-0.000	1.571	
704.817	372.691	80.751	0.000	-0.000	1.571	
704.797	372.680	80.787	0.000	-0.000	1.571	
704.784	372.665	80.803	0.000	-0.000	1.571	
704.760	372.627	80.791	0.000	-0.000	1.571	
704.726	372.598	80.799	0.000	-0.000	1.571	
704.676	372.568	80.789	0.000	-0.000	1.571	
704.663	372.573	80.811	0.000	-0.000	1.571	
704.607	372.534	80.765	0.000	-0.000	1.571	
704.569	372.538	80.802	0.000	-0.000	1.571	
704.548	372.504	80.804	0.000	-0.000	1.571	
704.535	372.493	80.802	0.000	-0.000	1.571	
704.483	372.473	80.784	0.000	-0.000	1.571	
704.448	372.454	80.810	0.000	-0.000	1.571	
704.423	372.442	80.810	0.000	-0.000	1.571	
704.396	372.416	80.809	0.000	-0.000	1.571	
704.378	372.404	80.848	0.000	-0.000	1.571	
704.349	372.359	80.831	0.000	-0.000	1.571	
704.313	372.320	80.833	-0.000	-0.000	1.571	
704.262	372.304	80.836	0.000	-0.000	1.571	
704.245	372.291	80.853	0.000	-0.000	1.571	
704.233	372.243	80.849	-0.000	-0.000	1.571	
704.184	372.238	80.863	0.000	-0.000	1.571	
704.160	372.197	80.861	0.000	-0.000	1.571	
704.120	372.179	80.865	-0.000	-0.000	1.571	
704.082	372.163	80.865	0.000	-0.000	1.571	
704.066	372.114	80.869	-0.000	-0.000	1.571	
704.021	372.086	80.850	0.000	-0.000	1.571	
704.003	372.080	80.863	0.000	-0.000	1.571	
703.956	372.055	80.866	0.000	-0.000	1.571	
703.925	372.006	80.867	0.000	-0.000	1.571	
703.889	371.981	80.867	0.000	-0.000	1.571	
703.876	371.967	80.891	0.000	-0.000	1.571	
703.826	371.953	80.896	0.000	-0.000	1.571	
703.785	371.906	80.883	0.000	-0.000	1.571	
703.755	371.863	80.853	0.000	0.000	1.571	
703.743	371.872	80.901	0.000	-0.000	1.571	
703.696	371.855	80.893	0.000	-0.000	1.571	
703.679	371.818	80.909	0.000	-0.000	1.571	
703.624	371.808	80.882	0.000	-0.000	1.571	
703.609	371.767	80.894	0.000	0.000	1.571	
703.594	371.753	80.941	0.000	-0.000	1.571	
703.549	371.740	80.927	0.000	-0.000	1.571	
703.538	371.688	80.916	0.000	-0.000	1.571	
703.491	371.687	80.917	0.000	-0.000	1.571	
703.458	371.664	80.934	0.000	-0.000	1.571	
703.429	371.621	80.918	0.000	-0.000	1.571	
703.407	371.591	80.946	0.000	-0.000	1.571	
703.369	371.586	80.932	0.000	-0.000	1.571	
703.315	371.578	80.942	0.000	-0.000	1.571	
703.294	371.581	80.954	0.000	-0.000	1.571	
703.275	371.562	80.958	-0.000	-0.000	1.571	
703.233	371.562	80.961	-0.000	-0.000	1.571	
703.205	371.519	80.946	0.000	-0.000	1.571	
703.154	371.500	80.960	0.000	-0.000	1.571	
703.124	371.464	80.922	-0.000	-0.000	1.571	
703.095	371.447	80.959	0.000	-0.000	1.571	
703.068	371.433	80.966	0.000	-0.000	1.571	
703.026	371.393	80.967	0.000	-0.000	1.571	
702.991	371.365	80.951	0.000	-0.000	1.571	
702.976	371.369	80.972	0.000	-0.000	1.571	
702.937	371.331	80.977	0.000	-0.000	1.571	
702.900	371.300	80.984	0.000	-0.000	1.571	
702.895	371.279	80.995	0.000	-0.000	1.571	
702.843	371.231	80.988	0.000	-0.000	1.571	
702.819	371.228	80.998	0.000	-0.000	1.571	
702.773	371.175	80.998	0.000	-0.000	1.571	
702.734	371.138	80.996	-0.000	-0.000	1.571	
702.704	371.126	80.991	0.000	-0.000	1.571	
702.667	371.086	81.003	0.000	-0.000	1.571	
702.627	371.074	81.001	0.000	-0.000	1.571	
702.604	371.044	81.015	0.000	-0.000	1.571	
702.556	371.018	80.996	0.000	-0.000	1.571	
702.546	370.979	81.034	0.000	-0.000	1.571	
702.495	370.944	81.020	0.000	-0.000	1.571	
702.470	370.923	81.027	0.000	-0.000	1.571	
702.448	370.889	81.062	0.000	-0.000	1.571	
702.404	370.856	81.017	0.000	0.000	1.571	
702.381	370.856	81.022	0.000	-0.000	1.571	
702.348	370.815	81.048	0.000	-0.000	1.571	
702.301	370.802	81.030	0.000	-0.000	1.571	
702.266	370.797	81.048	0.000	-0.000	1.571	
702.249	370.768	81.054	0.000	-0.000	1.571	
702.195	370.731	81.071	0.000	-0.000	1.571	
702.194	370.712	81.067	0.000	-0.000	1.571	
702.146	370.668	81.071	0.000	-0.000	1.571	
702.123	370.653	81.077	0.000	-0.000	1.571	
702.081	370.640	81.090	0.000	-0.000	1.571	
702.064	370.586	81.079	0.000	-0.000	1.571	
702.008	370.607	81.066	0.000	-0.000	1.571	
701.975	370.564	81.080	0.000	-0.000	1.571	
701.938	370.560	81.048	0.000	-0.000	1.571	
701.909	370.515	81.080	0.000	-0.000	1.571	
701.878	370.513	81.105	-0.000	-0.000	1.571	
701.823	370.483	81.069	0.000	-0.000	1.571	
701.813	370.490	81.100	0.000	-0.000	1.571	
701.749	370.451	81.077	0.000	-0.000	1.571	
701.734	370.430	81.095	0.000	-0.000	1.571	
701.710	370.402	81.115	0.000	-0.000	1.571	
701.675	370.369	81.109	0.000	-0.000	1.571	
701.632	370.343	81.107	0.000	-0.000	1.571	
701.589	370.319	81.103	0.000	-0.000	1.571	
701.564	370.292	81.116	0.000	-0.000	1.571	
701.559	370.252	81.129	-0.000	-0.000	1.571	
701.515	370.256	81.152	0.000	-0.000	1.571	
701.468	370.237	81.136	0.000	-0.000	1.571	
701.444	370.176	81.127	0.000	-0.000	1.571	
701.420	370.165	81.145	0.000	-0.000	1.571	
701.387	370.142	81.158	0.000	-0.000	1.571	
701.367	370.105	81.160	0.000	-0.000	1.571	
701.339	370.090	81.168	0.000	-0.000	1.571	
701.265	370.035	81.120	0.000	0.000	1.571	
701.244	369.997	81.142	0.000	-0.000	1.571	
701.229	370.004	81.171	0.000	-0.000	1.571	
701.198	369.983	81.192	0.000	-0.000	1.571	
701.182	369.959	81.207	0.000	-0.000	1.571	
701.126	369.928	81.184	0.000	-0.000	1.571	
701.105	369.901	81.201	0.000	-0.000	1.571	
701.059	369.853	81.172	0.000	-0.000	1.571	
701.029	369.827	81.171	0.000	-0.000	1.571	
700.969	369.841	81.188	0.000	-0.000	1.571	
700.955	369.795	81.197	0.000	-0.000	1.571	
700.926	369.769	81.190	0.000	-0.000	1.571	
700.884	369.737	81.192	0.000	-0.000	1.571	
700.855	369.697	81.223	0.000	-0.000	1.571	
700.815	369.662	81.190	-0.000	-0.000	1.571	
700.791	369.639	81.204	0.000	-0.000	1.571	
700.723	369.621	81.192	-0.000	-0.000	1.571	
700.699	369.568	81.205	0.000	-0.000	1.571	
700.672	369.568	81.215	0.000	-0.000	1.571	
700.622	369.561	81.209	0.000	-0.000	1.571	
700.607	369.521	81.220	0.000	-0.000	1.571	
700.578	369.492	81.231	0.000	-0.000	1.571	
700.522	369.487	81.208	0.000	-0.000	1.571	
700.492	369.472	81.236	0.000	-0.000	1.571	
700.445	369.461	81.241	0.000	-0.000	1.571	
700.424	369.449	81.254	0.000	-0.000	1.571	
700.400	369.433	81.249	0.000	-0.000	1.571	
700.353	369.402	81.252	0.000	-0.000	1.571	
700.325	369.380	81.283	0.000	-0.000	1.571	
700.302	369.330	81.276	0.000	-0.000	1.571	
700.255	369.306	81.264	0.000	-0.000	1.571	
700.247	369.302	81.281	0.000	-0.000	1.571	
700.203	369.251	81.260	0.000	-0.000	1.571	
700.160	369.218	81.259	-0.000	-0.000	1.571	
700.145	369.176	81.285	0.000	-0.000	1.571	
700.081	369.177	81.278	0.000	-0.000	1.571	
700.069	369.161	81.290	0.000	-0.000	1.571	
700.035	369.119	81.304	0.000	-0.000	1.571	
699.988	369.097	81.295	0.000	-0.000	1.571	
699.949	369.073	81.287	0.000	-0.000	1.571	
699.916	369.031	81.291	0.000	-0.000	1.571	
699.879	369.006	81.281	0.000	-0.000	1.571	
699.857	368.964	81.295	0.000	-0.000	1.571	
699.816	368.957	81.272	0.000	-0.000	1.571	
699.795	368.940	81.331	0.000	-0.000	1.571	
699.752	368.898	81.313	0.000	-0.000	1.571	
699.724	368.894	81.320	0.000	-0.000	1.571	
699.686	368.828	81.304	0.000	-0.000	1.571	
699.647	368.820	81.309	0.000	-0.000	1.571	
699.628	368.761	81.328	0.000	-0.000	1.571	
699.576	368.748	81.318	0.000	-0.000	1.571	
699.540	368.737	81.327	0.000	-0.000	1.571	
699.513	368.705	81.329	0.000	-0.000	1.571	
699.478	368.680	81.319	0.000	-0.000	1.571	
699.453	368.669	81.371	0.000	-0.000	1.571	
699.421	368.660	81.352	0.000	-0.000	1.571	
699.393	368.606	81.355	0.000	-0.000	1.571	
699.341	368.589	81.349	0.000	-0.000	1.571	
699.318	368.575	81.370	-0.000	-0.000	1.571	
699.283	368.542	81.357	-0.000	-0.000	1.571	
699.238	368.543	81.372	0.000	-0.000	1.571	
699.214	368.521	81.362	0.000	-0.000	1.571	
699.170	368.519	81.403	0.000	-0.000	1.571	
699.119	368.492	81.379	0.000	-0.000	1.571	
699.098	368.468	81.389	-0.000	-0.000	1.571	
699.069	368.424	81.399	-0.000	-0.000	1.571	
699.035	368.398	81.421	0.000	-0.000	1.571	
698.998	368.361	81.403	0.000	-0.000	1.571	
698.953	368.341	81.387	0.000	-0.000	1.571	
698.919	368.294	81.389	0.000	-0.000	1.571	
698.905	368.265	81.390	0.000	-0.000	1.571	
698.864	368.247	81.400	0.000	-0.000	1.571	
698.827	368.215	81.400	0.000	-0.000	1.571	
698.791	368.211	81.426	0.000	-0.000	1.571	
698.766	368.158	81.418	0.000	-0.000	1.571	
698.739	368.157	81.439	0.000	-0.000	1.571	
698.706	368.135	81.441	0.000	-0.000	1.571	
698.656	368.080	81.438	0.000	-0.000	1.571	
698.632	368.056	81.438	0.000	-0.000	1.571	
698.592	368.037	81.444	-0.000	-0.000	1.571	
698.529	368.008	81.428	0.000	-0.000	1.571	
698.518	367.985	81.455	0.000	-0.000	1.571	
698.480	367.933	81.448	0.000	-0.000	1.571	
698.432	367.908	81.428	0.000	-0.000	1.571	
698.404	367.882	81.432	0.000	-0.000	1.571	
698.380	367.856	81.447	0.000	-0.000	1.571	
698.353	367.833	81.446	0.000	-0.000	1.571	
698.320	367.821	81.461	-0.000	-0.000	1.571	
698.274	367.801	81.474	0.000	-0.000	1.571	
698.242	367.756	81.487	0.000	-0.000	1.571	
698.209	367.738	81.494	0.000	-0.000	1.571	
698.163	367.690	81.475	0.000	-0.000	1.571	
698.130	367.685	81.494	0.000	-0.000	1.571	
698.096	367.622	81.484	0.000	-0.000	1.571	
698.045	367.596	81.484	0.000	-0.000	1.571	
698.013	367.580	81.497	-0.000	-0.000	1.571	
697.981	367.588	81.498	0.000	-0.000	1.571	
697.925	367.572	81.504	0.000	-0.000	1.571	
697.892	367.548	81.513	0.000	-0.000	1.571	
697.870	367.520	81.510	0.000	-0.000	1.571	
697.830	367.511	81.513	0.000	-0.000	1.571	
697.776	367.488	81.534	0.000	-0.000	1.571	
697.746	367.407	81.513	0.000	0.000	1.571	
697.710	367.401	81.526	0.000	0.000	1.571	
697.685	367.355	81.522	0.000	0.000	1.571	
697.663	367.368	81.555	0.000	-0.000	1.571	
697.624	367.342	81.555	0.000	-0.000	1.571	
697.598	367.294	81.545	0.000	-0.000	1.571	
697.566	367.267	81.566	0.000	-0.000	1.571	
697.533	367.249	81.557	0.000	-0.000	1.571	
697.493	367.204	81.552	0.000	-0.000	1.571	
697.461	367.179	81.563	0.000	-0.000	1.571	
697.423	367.151	81.576	0.000	-0.000	1.571	
697.367	367.134	81.563	0.000	-0.000	1.571	
697.351	367.097	81.591	0.000	-0.000	1.571	
697.317	367.076	81.587	0.000	-0.000	1.571	
697.292	367.038	81.596	0.000	-0.000	1.571	
697.232	367.010	81.565	0.000	-0.000	1.571	
697.222	366.992	81.602	0.000	-0.000	1.571	
697.177	366.984	81.607	0.000	-0.000	1.571	
697.136	366.926	81.592	0.000	-0.000	1.571	
697.118	366.919	81.606	0.000	-0.000	1.571	
697.063	366.854	81.577	0.000	0.000	1.571	
697.037	366.869	81.592	0.000	-0.000	1.571	
697.008	366.794	81.613	0.000	-0.000	1.571	
696.965	366.804	81.625	0.000	-0.000	1.571	
696.942	366.776	81.623	0.000	-0.000	1.571	
696.897	366.766	81.641	0.000	-0.000	1.571	
696.876	366.728	81.644	0.000	-0.000	1.571	
696.826	366.721	81.639	0.000	-0.000	1.571	
696.792	366.697	81.633	0.000	-0.000	1.571	
696.743	366.657	81.642	0.000	-0.000	1.571	
696.704	366.640	81.630	0.000	-0.000	1.571	
696.680	366.615	81.642	0.000	-0.000	1.571	
696.636	366.596	81.673	0.000	-0.000	1.571	
696.582	366.565	81.630	0.000	0.000	1.571	
696.556	366.535	81.633	0.000	-0.000	1.571	
696.523	366.512	81.651	0.000	-0.000	1.571	
696.489	366.492	81.672	0.000	-0.000	1.571	
696.467	366.467	81.665	0.000	-0.000	1.571	
696.434	366.436	81.698	0.000	-0.000	1.571	
696.404	366.403	81.679	0.000	-0.000	1.571	
696.366	366.377	81.701	0.000	-0.000	1.571	
696.316	366.353	81.674	0.000	-0.000	1.571	
696.311	366.315	81.704	0.000	-0.000	1.571	
696.261	366.284	81.657	0.000	-0.000	1.571	
696.201	366.271	81.671	0.000	-0.000	1.571	
696.201	366.239	81.702	0.000	-0.000	1.571	
696.148	366.207	81.694	0.000	-0.000	1.571	
696.105	366.186	81.696	0.000	-0.000	1.571	
696.069	366.138	81.706	0.000	-0.000	1.571	
696.035	366.121	81.703	0.000	-0.000	1.571	
696.029	366.104	81.726	0.000	-0.000	1.571	
695.974	366.066	81.712	0.000	-0.000	1.571	
695.907	366.015	81.694	0.000	-0.000	1.571	
695.891	366.010	81.713	0.000	-0.000	1.571	
695.856	365.969	81.712	0.000	-0.000	1.571	
695.809	365.929	81.705	0.000	-0.000	1.571	
695.780	365.900	81.740	0.000	-0.000	1.571	
695.740	365.870	81.743	0.000	-0.000	1.571	
695.695	365.842	81.744	0.000	-0.000	1.571	
695.669	365.817	81.752	0.000	-0.000	1.571	
695.616	365.794	81.733	0.000	-0.000	1.571	
695.581	365.780	81.762	0.000	-0.000	1.571	
695.545	365.739	81.738	0.000	0.000	1.571	
695.530	365.722	81.794	0.000	-0.000	1.571	
695.461	365.702	81.744	0.000	0.000	1.571	
695.416	365.693	81.761	0.000	0.000	1.571	
695.378	365.678	81.768	0.000	-0.000	1.571	
695.346	365.660	81.782	0.000	-0.000	1.571	
695.317	365.621	81.797	0.000	-0.000	1.571	
695.266	365.571	81.792	0.000	0.000	1.571	
695.207	365.537	81.769	0.000	0.000	1.571	
695.203	365.498	81.789	0.000	0.000	1.571	
695.141	365.480	81.782	0.000	0.000	1.571	
695.107	365.463	81.790	0.000	0.000	1.571	
695.092	365.419	81.785	0.000	0.000	1.571	
695.041	365.380	81.782	0.000	0.000	1.571	
695.000	365.362	81.796	0.000	-0.000	1.571	
694.957	365.332	81.809	0.000	0.000	1.571	
694.910	365.301	81.793	0.000	0.000	1.571	
694.886	365.256	81.804	0.000	0.000	1.571	
694.849	365.239	81.810	0.000	-0.000	1.571	
694.825	365.206	81.821	0.000	-0.000	1.571	
694.772	365.160	81.795	0.000	0.000	1.571	
694.726	365.130	81.803	0.000	0.000	1.571	
694.699	365.134	81.795	0.000	-0.000	1.571	
694.651	365.082	81.792	0.000	0.000	1.571	
694.615	365.052	81.802	0.000	0.000	1.571	
694.583	365.012	81.813	0.000	-0.000	1.571	
694.530	364.997	81.800	0.000	0.000	1.571	
694.506	364.972	81.819	0.000	-0.000	1.571	
694.481	364.943	81.822	0.000	-0.000	1.571	
694.443	364.904	81.811	0.000	-0.000	1.571	
694.425	364.870	81.846	0.000	-0.000	1.571	
694.364	364.860	81.841	0.000	-0.000	1.571	
694.302	364.832	81.809	0.000	-0.000	1.571	
694.256	364.792	81.794	0.000	0.000	1.571	
694.233	364.766	81.798	0.000	0.000	1.571	
694.204	364.768	81.822	0.000	-0.000	1.571	
694.156	364.758	81.811	0.000	-0.000	1.571	
694.125	364.716	81.806	-0.000	-0.000	1.571	
694.080	364.691	81.816	0.000	-0.000	1.571	
694.030	364.670	81.805	0.000	-0.000	1.571	
694.012	364.626	81.811	0.000	-0.000	1.571	
693.970	364.605	81.807	0.000	-0.000	1.571	
693.949	364.582	81.842	-0.000	-0.000	1.571	
693.902	364.549	81.830	0.000	-0.000	1.571	
693.867	364.524	81.830	0.000	-0.000	1.571	
693.830	364.489	81.828	0.000	-0.000	1.571	
693.780	364.440	81.794	-0.000	-0.000	1.571	
693.745	364.423	81.825	0.000	-0.000	1.571	
693.712	364.419	81.829	0.000	-0.000	1.571	
693.668	364.365	81.806	0.000	-0.000	1.571	
693.631	364.314	81.814	0.000	-0.000	1.571	
693.597	364.293	81.811	0.000	-0.000	1.571	
693.544	364.271	81.809	0.000	-0.000	1.571	
693.511	364.237	81.811	-0.000	-0.000	1.571	
693.466	364.183	81.815	0.000	-0.000	1.571	
693.403	364.151	81.779	0.000	-0.000	1.571	
693.372	364.136	81.787	0.000	-0.000	1.571	
693.351	364.103	81.810	0.000	-0.000	1.571	
693.311	364.080	81.797	-0.000	-0.000	1.571	
693.281	364.035	81.784	-0.000	-0.000	1.571	
693.226	363.990	81.784	0.000	-0.000	1.571	
693.210	363.963	81.809	0.000	-0.000	1.571	
693.157	363.918	81.799	0.000	-0.000	1.571	
693.101	363.896	81.795	0.000	-0.000	1.571	
693.055	363.873	81.811	0.000	-0.000	1.571	
693.017	363.863	81.820	0.000	-0.000	1.571	
692.973	363.823	81.785	0.000	-0.000	1.571	
692.932	363.799	81.798	0.000	-0.000	1.571	
692.892	363.801	81.829	-0.000	-0.000	1.571	
692.831	363.760	81.803	-0.000	-0.000	1.571	
692.802	363.735	81.808	0.000	-0.000	1.571	
692.754	363.713	81.786	0.000	-0.000	1.571	
692.716	363.680	81.819	0.000	-0.000	1.571	
692.657	363.644	81.796	0.000	-0.000	1.571	
692.627	363.589	81.786	0.000	0.000	1.571	
692.610	363.585	81.821	0.000	-0.000	1.571	
692.566	363.532	81.803	0.000	-0.000	1.571	
692.510	363.515	81.803	0.000	-0.000	1.571	
692.474	363.468	81.792	0.000	-0.000	1.571	
692.440	363.472	81.826	0.000	-0.000	1.571	
692.408	363.461	81.822	0.000	-0.000	1.571	
692.382	363.397	81.834	0.000	-0.000	1.571	
692.333	363.355	81.797	0.000	-0.000	1.571	
692.312	363.359	81.832	0.000	-0.000	1.571	
692.253	363.310	81.794	0.000	-0.000	1.571	
692.223	363.260	81.821	0.000	-0.000	1.571	
692.170	363.236	81.803	0.000	-0.000	1.571	
692.143	363.199	81.814	0.000	-0.000	1.571	
692.091	363.137	81.793	0.000	-0.000	1.571	
692.046	363.130	81.812	0.000	-0.000	1.571	
692.028	363.112	81.832	0.000	-0.000	1.571	
691.989	363.073	81.815	-0.000	-0.000	1.571	
691.934	363.041	81.801	0.000	-0.000	1.571	
691.903	363.026	81.814	0.000	-0.000	1.571	
691.882	363.012	81.835	-0.000	-0.000	1.571	
691.831	362.957	81.805	0.000	-0.000	1.571	
691.775	362.934	81.808	0.000	-0.000	1.571	
691.754	362.903	81.811	0.000	-0.000	1.571	
691.701	362.873	81.825	0.000	-0.000	1.571	
691.655	362.842	81.803	0.000	-0.000	1.571	
691.587	362.852	81.785	0.000	-0.000	1.571	
691.560	362.827	81.803	0.000	-0.000	1.571	
691.532	362.810	81.819	-0.000	-0.000	1.571	
691.486	362.770	81.806	0.000	-0.000	1.571	
691.444	362.707	81.792	0.000	-0.000	1.571	
691.393	362.702	81.796	0.000	-0.000	1.571	
691.372	362.662	81.799	0.000	-0.000	1.571	
691.313	362.661	81.784	0.000	-0.000	1.571	
691.316	362.598	81.820	0.000	-0.000	1.571	
691.258	362.565	81.808	0.000	-0.000	1.571	
691.205	362.517	81.817	0.000	-0.000	1.571	
691.164	362.495	81.799	0.000	-0.000	1.571	
691.132	362.495	81.803	0.000	-0.000	1.571	
691.083	362.449	81.786	0.000	-0.000	1.571	
691.024	362.390	81.780	0.000	-0.000	1.571	
690.979	362.358	81.787	0.000	-0.000	1.571	
690.946	362.312	81.773	0.000	-0.000	1.571	
690.922	362.283	81.811	0.000	-0.000	1.571	
690.879	362.255	81.806	0.000	-0.000	1.571	
690.835	362.229	81.801	0.000	-0.000	1.571	
690.802	362.190	81.802	0.000	-0.000	1.571	
690.762	362.187	81.793	0.000	-0.000	1.571	
690.718	362.125	81.800	0.000	-0.000	1.571	
690.678	362.131	81.795	0.000	-0.000	1.571	
690.650	362.086	81.807	0.000	-0.000	1.571	
690.599	362.083	81.811	0.000	-0.000	1.571	
690.556	362.011	81.805	0.000	-0.000	1.571	
690.514	361.985	81.807	0.000	-0.000	1.571	
690.493	361.953	81.818	0.000	-0.000	1.571	
690.444	361.940	81.800	0.000	-0.000	1.571	
690.399	361.873	81.804	0.000	-0.000	1.571	
690.377	361.858	81.819	0.000	-0.000	1.571	
690.306	361.830	81.789	-0.000	-0.000	1.571	
690.255	361.842	81.797	0.000	-0.000	1.571	
690.228	361.810	81.820	0.000	-0.000	1.571	
690.178	361.768	81.816	0.000	-0.000	1.571	
690.130	361.723	81.772	0.000	-0.000	1.571	
690.085	361.698	81.796	0.000	-0.000	1.571	
690.064	361.669	81.817	0.000	-0.000	1.571	
689.998	361.624	81.787	0.000	-0.000	1.571	
689.971	361.589	81.792	0.000	-0.000	1.571	
689.887	361.557	81.772	0.000	0.000	1.571	
689.873	361.521	81.779	0.000	-0.000	1.571	
689.845	361.493	81.788	0.000	-0.000	1.571	
689.804	361.475	81.794	-0.000	-0.000	1.571	
689.762	361.419	81.774	0.000	-0.000	1.571	
689.724	361.409	81.795	0.000	-0.000	1.571	
689.674	361.383	81.803	0.000	-0.000	1.571	
689.660	361.335	81.800	0.000	-0.000	1.571	
689.610	361.334	81.797	-0.000	-0.000	1.571	
689.572	361.287	81.780	0.000	-0.000	1.571	
689.539	361.243	81.803	0.000	-0.000	1.571	
689.513	361.219	81.820	0.000	-0.000	1.571	
689.454	361.211	81.800	0.000	-0.000	1.571	
689.406	361.169	81.806	0.000	-0.000	1.571	
689.371	361.110	81.771	0.000	-0.000	1.571	
689.337	361.110	81.804	0.000	-0.000	1.571	
689.304	361.100	81.806	0.000	-0.000	1.571	
689.249	361.079	81.821	0.000	-0.000	1.571	
689.204	361.038	81.800	0.000	-0.000	1.571	
689.166	361.003	81.809	0.000	-0.000	1.571	
689.142	360.963	81.818	-0.000	-0.000	1.571	
689.077	360.962	81.803	0.000	-0.000	1.571	
689.025	360.918	81.777	-0.000	-0.000	1.571	
688.997	360.914	81.812	0.000	-0.000	1.571	
688.968	360.856	81.805	-0.000	-0.000	1.571	
688.919	360.830	81.823	-0.000	-0.000	1.571	
688.867	360.814	81.831	0.000	-0.000	1.571	
688.835	360.775	81.832	0.000	-0.000	1.571	
688.798	360.750	81.821	0.000	-0.000	1.571	
688.758	360.721	81.832	0.000	-0.000	1.571	
688.721	360.697	81.827	0.000	-0.000	1.571	
688.671	360.609	81.788	0.000	-0.000	1.571	
688.627	360.599	81.794	0.000	-0.000	1.571	
688.590	360.576	81.807	-0.000	-0.000	1.571	
688.541	360.538	81.807	-0.000	-0.000	1.571	
688.505	360.501	81.811	0.000	-0.000	1.571	
688.447	360.456	81.782	-0.000	-0.000	1.571	
688.418	360.425	81.790	0.000	-0.000	1.571	
688.367	360.404	81.796	0.000	-0.000	1.571	
688.331	360.355	81.795	0.000	-0.000	1.571	
688.269	360.333	81.775	0.000	-0.000	1.571	
688.252	360.300	81.810	0.000	-0.000	1.571	
688.199	360.281	81.794	0.000	-0.000	1.571	
688.171	360.234	81.796	0.000	-0.000	1.571	
688.130	360.199	81.791	0.000	-0.000	1.571	
688.071	360.178	81.794	0.000	-0.000	1.571	
688.030	360.151	81.810	0.000	-0.000	1.571	
688.007	360.122	81.819	0.000	-0.000	1.571	
687.947	360.074	81.800	0.000	-0.000	1.571	
687.912	360.049	81.824	0.000	-0.000	1.571	
687.869	360.052	81.825	0.000	-0.000	1.571	
687.813	360.020	81.803	0.000	-0.000	1.571	
687.763	359.976	81.807	0.000	-0.000	1.571	
687.744	359.996	81.797	0.000	-0.000	1.571	
687.720	359.946	81.803	0.000	-0.000	1.571	
687.679	359.890	81.803	0.000	-0.000	1.571	
687.632	359.864	81.820	0.000	-0.000	1.571	
687.593	359.854	81.813	0.000	-0.000	1.571	
687.557	359.815	81.809	-0.000	-0.000	1.571	
687.501	359.782	81.797	0.000	-0.000	1.571	
687.477	359.745	81.830	0.000	-0.000	1.571	
687.436	359.711	81.805	0.000	-0.000	1.571	
687.370	359.672	81.802	0.000	-0.000	1.571	
687.350	359.614	81.788	0.000	-0.000	1.571	
687.280	359.629	81.777	0.000	-0.000	1.571	
687.307	359.555	81.827	0.000	-0.000	1.571	
687.229	359.562	81.799	0.000	-0.000	1.571	
687.205	359.510	81.802	-0.000	-0.000	1.571	
687.149	359.497	81.792	0.000	-0.000	1.571	
687.133	359.423	81.798	-0.000	-0.000	1.571	
687.098	359.445	81.832	0.000	-0.000	1.571	
687.037	359.391	81.818	0.000	-0.000	1.571	
687.017	359.360	81.812	-0.000	-0.000	1.571	
686.969	359.335	81.823	0.000	-0.000	1.571	
686.925	359.301	81.804	0.000	-0.000	1.571	
686.861	359.287	81.818	0.000	-0.000	1.571	
686.832	359.234	81.797	0.000	-0.000	1.571	
686.795	359.192	81.783	0.000	-0.000	1.571	
686.770	359.201	81.803	0.000	-0.000	1.571	
686.709	359.160	81.796	0.000	-0.000	1.571	
686.692	359.104	81.795	0.000	-0.000	1.571	
686.637	359.099	81.802	0.000	-0.000	1.571	
686.577	359.084	81.816	-0.000	-0.000	1.571	
686.544	359.048	81.794	0.000	-0.000	1.571	
686.496	359.028	81.796	-0.000	-0.000	1.571	
686.466	358.999	81.797	-0.000	-0.000	1.571	
686.434	358.974	81.812	0.000	-0.000	1.571	
686.384	358.974	81.808	-0.000	-0.000	1.571	
686.331	358.912	81.798	0.000	-0.000	1.571	
686.296	358.890	81.795	0.000	-0.000	1.571	
686.262	358.842	81.810	0.000	-0.000	1.571	
686.218	358.818	81.823	0.000	-0.000	1.571	
686.185	358.775	81.803	0.000	-0.000	1.571	
686.125	358.768	81.809	0.000	-0.000	1.571	
686.067	358.693	81.781	0.000	-0.000	1.571	
686.047	358.688	81.793	0.000	-0.000	1.571	
685.998	358.653	81.798	0.000	-0.000	1.571	
685.969	358.626	81.795	-0.000	-0.000	1.571	
685.937	358.580	81.797	-0.000	-0.000	1.571	
685.889	358.554	81.805	0.000	-0.000	1.571	
685.844	358.533	81.821	0.000	-0.000	1.571	
685.806	358.474	81.805	0.000	-0.000	1.571	
685.765	358.440	81.813	0.000	-0.000	1.571	
685.738	358.430	81.825	0.000	-0.000	1.571	
685.680	358.399	81.769	0.000	0.000	1.571	
685.665	358.374	81.822	0.000	-0.000	1.571	
685.621	358.342	81.832	0.000	-0.000	1.571	
685.581	358.300	81.825	-0.000	-0.000	1.571	
685.541	358.278	81.820	0.000	-0.000	1.571	
685.503	358.247	81.817	-0.000	-0.000	1.571	
685.474	358.193	81.810	0.000	-0.000	1.571	
685.417	358.166	81.804	0.000	-0.000	1.571	
685.365	358.130	81.792	0.000	-0.000	1.571	
685.339	358.131	81.826	0.000	-0.000	1.571	
685.298	358.088	81.828	-0.000	-0.000	1.571	
685.253	358.059	81.801	0.000	-0.000	1.571	
685.210	358.021	81.791	0.000	-0.000	1.571	
685.151	357.994	81.806	0.000	-0.000	1.571	
685.081	357.991	81.780	0.000	0.000	1.571	
685.049	357.974	81.789	0.000	-0.000	1.571	
685.006	357.934	81.786	0.000	-0.000	1.571	
684.966	357.904	81.779	0.000	-0.000	1.571	
684.931	357.883	81.791	0.000	-0.000	1.571	
684.913	357.830	81.802	-0.000	-0.000	1.571	
684.875	357.792	81.790	0.000	-0.000	1.571	
684.817	357.772	81.817	0.000	-0.000	1.571	
684.791	357.765	81.817	-0.000	-0.000	1.571	
684.756	357.723	81.801	0.000	-0.000	1.571	
684.705	357.676	81.826	0.000	-0.000	1.571	
684.682	357.641	81.802	0.000	-0.000	1.571	
684.626	357.603	81.804	0.000	-0.000	1.571	
684.597	357.563	81.803	0.000	-0.000	1.571	
684.564	357.524	81.798	0.000	-0.000	1.571	
684.503	357.531	81.815	0.000	-0.000	1.571	
684.468	357.472	81.808	0.000	-0.000	1.571	
684.437	357.462	81.805	0.000	-0.000	1.571	
684.401	357.408	81.817	0.000	-0.000	1.571	
684.358	357.394	81.805	0.000	-0.000	1.571	
684.319	357.364	81.804	-0.000	-0.000	1.571	
684.264	357.333	81.789	0.000	-0.000	1.571	
684.216	357.278	81.790	-0.000	-0.000	1.571	
684.201	357.274	81.796	0.000	-0.000	1.571	
684.163	357.226	81.802	-0.000	-0.000	1.571	
684.109	357.185	81.801	0.000	-0.000	1.571	
684.065	357.146	81.772	0.000	-0.000	1.571	
684.003	357.143	81.794	0.000	-0.000	1.571	
683.971	357.090	81.781	0.000	-0.000	1.571	
683.946	357.055	81.787	0.000	-0.000	1.571	
683.905	357.049	81.796	0.000	-0.000	1.571	
683.855	357.036	81.784	0.000	-0.000	1.571	
683.826	356.973	81.794	-0.000	-0.000	1.571	
683.767	356.967	81.790	0.000	-0.000	1.571	
683.728	356.957	81.816	0.000	-0.000	1.571	
683.692	356.929	81.803	-0.000	-0.000	1.571	
683.632	356.907	81.794	0.000	-0.000	1.571	
683.594	356.866	81.793	0.000	-0.000	1.571	
683.552	356.845	81.781	0.000	-0.000	1.571	
683.530	356.795	81.810	-0.000	-0.000	1.571	
683.476	356.759	81.794	0.000	-0.000	1.571	
683.433	356.734	81.796	0.000	-0.000	1.571	
683.386	356.694	81.800	0.000	-0.000	1.571	
683.371	356.648	81.803	0.000	-0.000	1.571	
683.323	356.610	81.808	0.000	-0.000	1.571	
683.272	356.602	81.804	0.000	-0.000	1.571	
683.236	356.546	81.798	0.000	-0.000	1.571	
683.184	356.519	81.804	0.000	-0.000	1.571	
683.144	356.491	81.806	0.000	-0.000	1.571	
683.114	356.455	81.791	0.000	-0.000	1.571	
683.073	356.434	81.795	0.000	0.000	1.571	
683.041	356.386	81.796	0.000	-0.000	1.571	
683.010	356.368	81.823	-0.000	-0.000	1.571	
682.968	356.358	81.817	0.000	-0.000	1.571	
682.945	356.313	81.813	0.000	-0.000	1.571	
682.890	356.298	81.807	0.000	-0.000	1.571	
682.844	356.259	81.809	0.000	-0.000	1.571	
682.819	356.220	81.821	0.000	-0.000	1.571	
682.767	356.191	81.824	0.000	-0.000	1.571	
682.744	356.153	81.802	0.000	-0.000	1.571	
682.690	356.134	81.784	0.000	-0.000	1.571	
682.653	356.106	81.822	0.000	-0.000	1.571	
682.619	356.081	81.815	0.000	-0.000	1.571	
682.581	356.044	81.827	0.000	-0.000	1.571	
682.539	356.009	81.815	0.000	-0.000	1.571	
682.484	355.954	81.780	0.000	-0.000	1.571	
682.447	355.963	81.799	0.000	-0.000	1.571	
682.411	355.914	81.808	-0.000	-0.000	1.571	
682.345	355.913	81.782	0.000	-0.000	1.571	
682.312	355.896	81.792	-0.000	-0.000	1.571	
682.254	355.889	81.814	0.000	-0.000	1.571	
682.221	355.807	81.785	0.000	-0.000	1.571	
682.177	355.797	81.771	0.000	-0.000	1.571	
682.136	355.780	81.787	0.000	-0.000	1.571	
682.084	355.720	81.764	0.000	-0.000	1.571	
682.043	355.709	81.777	0.000	-0.000	1.571	
681.998	355.669	81.780	0.000	-0.000	1.571	
681.955	355.622	81.763	0.000	-0.000	1.571	
681.940	355.612	81.797	0.000	-0.000	1.571	
681.868	355.550	81.770	0.000	-0.000	1.571	
681.834	355.525	81.759	0.000	-0.000	1.571	
681.788	355.473	81.758	-0.000	-0.000	1.571	
681.742	355.461	81.754	0.000	-0.000	1.571	
681.711	355.410	81.776	0.000	-0.000	1.571	
681.666	355.362	81.755	0.000	0.000	1.571	
681.615	355.314	81.740	0.000	0.000	1.571	
681.565	355.298	81.738	0.000	0.000	1.571	
681.491	355.230	81.721	0.000	0.000	1.571	
681.411	355.182	81.674	0.000	0.000	1.571	
681.379	355.113	81.675	0.000	0.000	1.571	
681.321	355.093	81.657	0.000	0.000	1.571	
681.273	355.050	81.656	0.000	0.000	1.571	
681.226	355.014	81.638	0.000	0.000	1.571	
681.160	354.967	81.633	0.000	0.000	1.571	
681.100	354.912	81.592	0.000	0.000	1.571	
681.055	354.879	81.576	0.000	0.000	1.571	
681.015	354.824	81.579	0.000	0.000	1.571	
680.950	354.817	81.565	0.000	0.000	1.571	
680.901	354.780	81.577	0.000	0.000	1.571	
680.845	354.744	81.540	0.000	0.000	1.571	
680.808	354.708	81.521	0.000	0.000	1.571	
680.754	354.704	81.521	0.000	0.000	1.571	
680.737	354.693	81.544	0.000	0.000	1.571	
680.662	354.632	81.501	0.000	0.000	1.571	
680.629	354.616	81.500	0.000	0.000	1.571	
680.597	354.577	81.488	0.000	0.000	1.571	
680.569	354.563	81.474	0.000	0.000	1.571	
680.530	354.559	81.472	0.000	0.000	1.571	
680.499	354.497	81.451	0.000	0.000	1.571	
680.445	354.474	81.433	0.000	0.000	1.571	
680.423	354.464	81.453	0.000	-0.000	1.571	
680.355	354.410	81.387	0.000	0.000	1.571	
680.319	354.358	81.380	0.000	0.000	1.571	
680.279	354.341	81.390	0.000	-0.000	1.571	
680.217	354.301	81.331	0.000	0.000	1.571	
680.158	354.262	81.306	0.000	0.000	1.571	
680.125	354.224	81.299	0.000	-0.000	1.571	
680.068	354.192	81.261	0.000	-0.000	1.571	
680.041	354.159	81.259	0.000	-0.000	1.571	
679.999	354.084	81.214	0.000	-0.000	1.571	
679.963	354.075	81.206	-0.000	-0.000	1.571	
679.898	354.031	81.195	-0.000	-0.000	1.571	
679.862	353.997	81.169	0.000	-0.000	1.571	
679.803	353.942	81.163	0.000	-0.000	1.571	
679.752	353.918	81.133	0.000	-0.000	1.571	
679.706	353.883	81.131	-0.000	-0.000	1.571	
679.655	353.826	81.114	0.000	-0.000	1.571	
679.602	353.806	81.079	0.000	-0.000	1.571	
679.565	353.778	81.064	0.000	-0.000	1.571	
679.524	353.735	81.071	0.000	-0.000	1.571	
679.464	353.683	81.043	0.000	-0.000	1.571	
679.425	353.638	81.024	0.000	-0.000	1.571	
679.359	353.615	81.004	0.000	-0.000	1.571	
679.304	353.559	80.965	0.000	-0.000	1.571	
679.278	353.541	80.960	0.000	-0.000	1.571	
679.201	353.505	80.935	0.000	-0.000	1.571	
679.139	353.464	80.905	0.000	-0.000	1.571	
679.114	353.427	80.893	0.000	-0.000	1.571	
679.057	353.432	80.887	0.000	-0.000	1.571	
679.002	353.386	80.881	0.000	-0.000	1.571	
678.966	353.337	80.894	0.000	-0.000	1.571	
678.895	353.297	80.842	-0.000	-0.000	1.571	
678.850	353.257	80.831	-0.000	-0.000	1.571	
678.787	353.227	80.814	0.000	-0.000	1.571	
678.751	353.182	80.793	0.000	-0.000	1.571	
678.694	353.148	80.788	0.000	-0.000	1.571	
678.651	353.092	80.758	0.000	-0.000	1.571	
678.593	353.070	80.740	0.000	-0.000	1.571	
678.546	353.029	80.721	0.000	-0.000	1.571	
678.494	352.986	80.704	0.000	-0.000	1.571	
678.470	352.958	80.697	0.000	-0.000	1.571	
678.390	352.912	80.667	0.000	0.000	1.571	
678.373	352.877	80.669	0.000	-0.000	1.571	
678.323	352.840	80.654	0.000	-0.000	1.571	
678.276	352.802	80.637	0.000	-0.000	1.571	
678.235	352.751	80.607	0.000	-0.000	1.571	
678.204	352.732	80.621	0.000	-0.000	1.571	
678.155	352.677	80.605	0.000	-0.000	1.571	
678.100	352.659	80.584	0.000	-0.000	1.571	
678.038	352.620	80.559	0.000	-0.000	1.571	
678.001	352.560	80.537	-0.000	-0.000	1.571	
677.943	352.552	80.525	0.000	-0.000	1.571	
677.907	352.522	80.492	0.000	-0.000	1.571	
677.874	352.460	80.485	0.000	-0.000	1.571	
677.818	352.455	80.464	0.000	-0.000	1.571	
677.775	352.406	80.436	0.000	-0.000	1.571	
677.730	352.333	80.409	-0.000	-0.000	1.571	
677.666	352.343	80.395	0.000	-0.000	1.571	
677.628	352.273	80.399	0.000	-0.000	1.571	
677.552	352.223	80.360	0.000	-0.000	1.571	
677.503	352.186	80.332	0.000	-0.000	1.571	
677.434	352.171	80.315	0.000	-0.000	1.571	
677.389	352.145	80.329	-0.000	-0.000	1.571	
677.324	352.092	80.259	0.000	0.000	1.571	
677.266	352.068	80.265	0.000	-0.000	1.571	
677.206	352.024	80.247	0.000	-0.000	1.571	
677.177	352.017	80.254	0.000	-0.000	1.571	
677.120	351.961	80.219	0.000	-0.000	1.571	
677.094	351.915	80.200	-0.000	-0.000	1.571	
677.034	351.884	80.177	0.000	-0.000	1.571	
676.987	351.814	80.148	0.000	-0.000	1.571	
676.947	351.804	80.157	-0.000	-0.000	1.571	
676.875	351.762	80.123	0.000	-0.000	1.571	
676.845	351.690	80.113	0.000	-0.000	1.571	
676.778	351.681	80.088	0.000	-0.000	1.571	
676.746	351.632	80.104	0.000	-0.000	1.571	
676.711	351.614	80.105	0.000	-0.000	1.571	
676.652	351.552	80.067	0.000	-0.000	1.571	
676.621	351.540	80.065	-0.000	-0.000	1.571	
676.591	351.485	80.062	0.000	-0.000	1.571	
676.521	351.437	80.013	-0.000	-0.000	1.571	
676.473	351.409	79.999	0.000	-0.000	1.571	
676.446	351.380	80.001	0.000	-0.000	1.571	
676.394	351.340	79.970	0.000	-0.000	1.571	
676.329	351.284	79.928	0.000	-0.000	1.571	
676.302	351.293	79.962	0.000	-0.000	1.571	
676.243	351.237	79.903	0.000	-0.000	1.571	
676.191	351.205	79.881	-0.000	-0.000	1.571	
676.151	351.175	79.876	0.000	-0.000	1.571	
676.112	351.129	79.883	0.000	-0.000	1.571	
676.070	351.094	79.858	0.000	-0.000	1.571	
676.006	351.053	79.831	0.000	-0.000	1.571	
675.971	351.021	79.824	0.000	-0.000	1.571	
675.922	351.006	79.826	0.000	-0.000	1.571	
675.875	350.946	79.799	0.000	-0.000	1.571	
675.826	350.926	79.790	-0.000	-0.000	1.571	
675.784	350.896	79.793	-0.000	-0.000	1.571	
675.717	350.870	79.752	0.000	-0.000	1.571	
675.647	350.813	79.701	0.000	-0.000	1.571	
675.607	350.794	79.713	-0.000	-0.000	1.571	
675.527	350.751	79.662	0.000	-0.000	1.571	
675.491	350.725	79.669	0.000	-0.000	1.571	
675.446	350.675	79.655	0.000	-0.000	1.571	
675.413	350.620	79.631	-0.000	-0.000	1.571	
675.373	350.612	79.625	0.000	-0.000	1.571	
675.316	350.560	79.603	0.000	-0.000	1.571	
675.274	350.524	79.590	0.000	-0.000	1.571	
675.199	350.456	79.526	0.000	0.000	1.571	
675.161	350.441	79.541	0.000	-0.000	1.571	
675.128	350.394	79.533	0.000	-0.000	1.571	
675.070	350.341	79.485	0.000	0.000	1.571	
675.023	350.299	79.496	0.000	-0.000	1.571	
674.990	350.274	79.495	0.000	-0.000	1.571	
674.914	350.230	79.449	0.000	0.000	1.571	
674.896	350.220	79.455	0.000	-0.000	1.571	
674.835	350.173	79.445	0.000	-0.000	1.571	
674.778	350.124	79.409	0.000	0.000	1.571	
674.767	350.111	79.438	0.000	-0.000	1.571	
674.731	350.066	79.406	0.000	-0.000	1.571	
674.690	350.049	79.417	0.000	-0.000	1.571	
674.610	349.988	79.370	0.000	-0.000	1.571	
674.577	349.922	79.335	0.000	-0.000	1.571	
674.524	349.929	79.353	0.000	-0.000	1.571	
674.478	349.879	79.322	0.000	-0.000	1.571	
674.429	349.860	79.324	0.000	-0.000	1.571	
674.352	349.810	79.271	0.000	-0.000	1.571	
674.348	349.775	79.277	0.000	-0.000	1.571	
674.297	349.759	79.278	0.000	-0.000	1.571	
674.251	349.744	79.263	-0.000	-0.000	1.571	
674.193	349.723	79.235	0.000	-0.000	1.571	
674.135	349.680	79.210	-0.000	-0.000	1.571	
674.104	349.662	79.210	0.000	-0.000	1.571	
674.065	349.621	79.185	0.000	-0.000	1.571	
673.991	349.588	79.160	0.000	-0.000	1.571	
673.957	349.509	79.140	0.000	-0.000	1.571	
673.923	349.505	79.124	0.000	-0.000	1.571	
673.885	349.473	79.136	0.000	-0.000	1.571	
673.841	349.416	79.097	0.000	-0.000	1.571	
673.798	349.379	79.074	0.000	-0.000	1.571	
673.703	349.340	79.020	0.000	-0.000	1.571	
673.682	349.312	79.031	0.000	-0.000	1.571	
673.647	349.278	79.023	0.000	-0.000	1.571	
673.589	349.213	79.012	0.000	-0.000	1.571	
673.545	349.167	78.999	-0.000	-0.000	1.571	
673.492	349.125	78.968	0.000	-0.000	1.571	
673.438	349.106	78.949	0.000	-0.000	1.571	
673.368	349.061	78.923	0.000	-0.000	1.571	
673.332	349.037	78.932	0.000	-0.000	1.571	
673.300	348.971	78.911	0.000	-0.000	1.571	
673.234	348.939	78.884	0.000	0.000	1.571	
673.191	348.910	78.872	0.000	-0.000	1.571	
673.144	348.869	78.862	0.000	-0.000	1.571	
673.103	348.835	78.845	-0.000	-0.000	1.571	
673.051	348.809	78.821	0.000	-0.000	1.571	
672.992	348.773	78.797	0.000	-0.000	1.571	
672.966	348.735	78.785	0.000	-0.000	1.571	
672.902	348.701	78.752	0.000	0.000	1.571	
672.869	348.626	78.748	0.000	-0.000	1.571	
672.809	348.616	78.728	0.000	0.000	1.571	
672.757	348.604	78.721	0.000	-0.000	1.571	
672.713	348.591	78.733	0.000	-0.000	1.571	
672.657	348.544	78.695	0.000	-0.000	1.571	
672.608	348.537	78.683	0.000	-0.000	1.571	
672.574	348.474	78.665	-0.000	-0.000	1.571	
672.516	348.471	78.666	0.000	-0.000	1.571	
672.492	348.443	78.657	-0.000	-0.000	1.571	
672.434	348.369	78.616	0.000	-0.000	1.571	
672.392	348.337	78.598	0.000	-0.000	1.571	
672.347	348.312	78.600	0.000	-0.000	1.571	
672.306	348.268	78.586	0.000	-0.000	1.571	
672.255	348.228	78.569	0.000	-0.000	1.571	
672.210	348.189	78.541	0.000	-0.000	1.571	
672.173	348.185	78.546	0.000	-0.000	1.571	
672.136	348.108	78.511	0.000	-0.000	1.571	
672.068	348.102	78.512	0.000	-0.000	1.571	
672.041	348.059	78.512	0.000	-0.000	1.571	
671.984	348.011	78.467	0.000	-0.000	1.571	
671.944	347.981	78.457	0.000	-0.000	1.571	
671.909	347.958	78.467	0.000	-0.000	1.571	
671.868	347.927	78.448	0.000	-0.000	1.571	
671.836	347.845	78.418	0.000	-0.000	1.571	
671.785	347.866	78.433	0.000	-0.000	1.571	
671.745	347.800	78.399	0.000	-0.000	1.571	
671.701	347.772	78.395	0.000	-0.000	1.571	
671.635	347.710	78.355	-0.000	-0.000	1.571	
671.596	347.716	78.332	0.000	-0.000	1.571	
671.560	347.657	78.324	-0.000	-0.000	1.571	
671.499	347.601	78.315	0.000	-0.000	1.571	
671.463	347.583	78.304	0.000	-0.000	1.571	
671.412	347.538	78.274	0.000	-0.000	1.571	
671.362	347.527	78.253	0.000	-0.000	1.571	
671.311	347.498	78.255	0.000	-0.000	1.571	
671.282	347.485	78.249	0.000	-0.000	1.571	
671.236	347.445	78.224	0.000	-0.000	1.571	
671.167	347.433	78.201	-0.000	-0.000	1.571	
671.137	347.392	78.199	-0.000	-0.000	1.571	
671.093	347.374	78.174	0.000	-0.000	1.571	
671.037	347.316	78.145	0.000	-0.000	1.571	
670.990	347.285	78.143	0.000	-0.000	1.571	
670.939	347.254	78.118	0.000	-0.000	1.571	
670.882	347.201	78.080	0.000	-0.000	1.571	
670.863	347.156	78.094	0.000	-0.000	1.571	
670.809	347.117	78.051	-0.000	-0.000	1.571	
670.759	347.098	78.040	-0.000	-0.000	1.571	
670.739	347.078	78.069	-0.000	-0.000	1.571	
670.687	347.006	78.003	0.000	-0.000	1.571	
670.640	346.995	78.024	0.000	-0.000	1.571	
670.585	346.950	77.997	0.000	-0.000	1.571	
670.554	346.921	77.992	0.000	-0.000	1.571	
670.498	346.861	77.947	0.000	-0.000	1.571	
670.472	346.847	77.948	0.000	-0.000	1.571	
670.417	346.811	77.912	0.000	-0.000	1.571	
670.370	346.790	77.917	0.000	-0.000	1.571	
670.349	346.752	77.926	-0.000	-0.000	1.571	
670.288	346.714	77.892	-0.000	-0.000	1.571	
670.256	346.679	77.868	0.000	-0.000	1.571	
670.218	346.636	77.861	0.000	-0.000	1.571	
670.150	346.570	77.838	0.000	-0.000	1.571	
670.129	346.580	77.842	0.000	-0.000	1.571	
670.051	346.525	77.797	0.000	-0.000	1.571	
670.017	346.480	77.788	0.000	-0.000	1.571	
669.954	346.451	77.777	0.000	-0.000	1.571	
669.918	346.402	77.768	0.000	-0.000	1.571	
669.865	346.400	77.750	0.000	-0.000	1.571	
669.818	346.350	77.720	0.000	-0.000	1.571	
669.783	346.352	77.739	0.000	-0.000	1.571	
669.721	346.322	77.687	0.000	-0.000	1.571	
669.701	346.301	77.704	0.000	-0.000	1.571	
669.647	346.258	77.676	0.000	-0.000	1.571	
669.599	346.227	77.667	0.000	-0.000	1.571	
669.558	346.212	77.674	0.000	-0.000	1.571	
669.510	346.143	77.641	0.000	-0.000	1.571	
669.482	346.131	77.624	0.000	-0.000	1.571	
669.433	346.095	77.614	0.000	-0.000	1.571	
669.403	346.059	77.589	0.000	-0.000	1.571	
669.352	346.035	77.592	0.000	-0.000	1.571	
669.322	345.970	77.570	0.000	-0.000	1.571	
669.252	345.942	77.532	-0.000	-0.000	1.571	
669.212	345.913	77.517	0.000	-0.000	1.571	
669.177	345.860	77.504	0.000	-0.000	1.571	
669.112	345.861	77.493	0.000	-0.000	1.571	
669.094	345.794	77.493	0.000	-0.000	1.571	
669.007	345.741	77.439	0.000	-0.000	1.571	
668.978	345.720	77.439	0.000	-0.000	1.571	
668.949	345.678	77.440	-0.000	-0.000	1.571	
668.890	345.656	77.397	0.000	-0.000	1.571	
668.841	345.627	77.417	0.000	-0.000	1.571	
668.794	345.555	77.361	0.000	-0.000	1.571	
668.781	345.546	77.396	0.000	-0.000	1.571	
668.717	345.503	77.373	-0.000	-0.000	1.571	
668.680	345.488	77.360	0.000	-0.000	1.571	
668.642	345.457	77.346	0.000	-0.000	1.571	
668.593	345.419	77.320	0.000	-0.000	1.571	
668.542	345.387	77.311	0.000	-0.000	1.571	
668.486	345.342	77.281	0.000	-0.000	1.571	
668.450	345.308	77.262	0.000	-0.000	1.571	
668.421	345.284	77.280	0.000	-0.000	1.571	
668.377	345.261	77.258	0.000	-0.000	1.571	
668.322	345.227	77.241	-0.000	-0.000	1.571	
668.269	345.203	77.217	0.000	-0.000	1.571	
668.215	345.179	77.186	0.000	-0.000	1.571	
668.150	345.147	77.171	0.000	-0.000	1.571	
668.143	345.113	77.194	-0.000	-0.000	1.571	
668.090	345.099	77.170	0.000	-0.000	1.571	
668.025	345.020	77.112	0.000	-0.000	1.571	
667.968	345.000	77.122	0.000	-0.000	1.571	
667.940	344.942	77.079	0.000	0.000	1.571	
667.907	344.910	77.098	0.000	-0.000	1.571	
667.871	344.903	77.084	0.000	-0.000	1.571	
667.826	344.867	77.050	0.000	-0.000	1.571	
667.781	344.826	77.045	0.000	-0.000	1.571	
667.736	344.801	77.048	0.000	-0.000	1.571	
667.698	344.749	77.022	0.000	-0.000	1.571	
667.645	344.744	76.994	0.000	-0.000	1.571	
667.629	344.709	77.018	0.000	-0.000	1.571	
667.576	344.675	76.966	0.000	-0.000	1.571	
667.536	344.644	76.962	0.000	-0.000	1.571	
667.502	344.589	76.964	0.000	-0.000	1.571	
667.456	344.549	76.938	-0.000	-0.000	1.571	
667.418	344.540	76.937	0.000	-0.000	1.571	
667.363	344.472	76.899	-0.000	-0.000	1.571	
667.308	344.473	76.892	0.000	-0.000	1.571	
667.292	344.438	76.882	-0.000	-0.000	1.571	
667.223	344.399	76.873	0.000	-0.000	1.571	
667.217	344.374	76.886	0.000	-0.000	1.571	
667.155	344.359	76.841	-0.000	-0.000	1.571	
667.107	344.269	76.801	0.000	-0.000	1.571	
667.078	344.292	76.810	0.000	-0.000	1.571	
667.037	344.246	76.795	-0.000	-0.000	1.571	
666.986	344.216	76.775	-0.000	-0.000	1.571	
666.927	344.203	76.772	-0.000	-0.000	1.571	
666.896	344.164	76.756	-0.000	-0.000	1.571	
666.836	344.126	76.718	0.000	-0.000	1.571	
666.816	344.114	76.718	0.000	-0.000	1.571	
666.786	344.098	76.726	0.000	-0.000	1.571	
666.724	344.043	76.663	0.000	-0.000	1.571	
666.693	343.998	76.666	0.000	-0.000	1.571	
666.626	343.984	76.635	0.000	-0.000	1.571	
666.614	343.928	76.646	0.000	-0.000	1.571	
666.555	343.881	76.603	0.000	0.000	1.571	
666.539	343.911	76.625	0.000	-0.000	1.571	
666.498	343.821	76.577	-0.000	0.000	1.571	
666.463	343.832	76.591	0.000	-0.000	1.571	
666.434	343.819	76.581	-0.000	-0.000	1.571	
666.410	343.790	76.584	-0.000	-0.000	1.571	
666.392	343.779	76.593	0.000	-0.000	1.571	
666.360	343.743	76.570	-0.000	-0.000	1.571	
666.343	343.716	76.555	0.000	-0.000	1.571	
666.293	343.708	76.550	0.000	-0.000	1.571	
666.271	343.666	76.534	-0.000	-0.000	1.571	
666.238	343.660	76.525	-0.000	-0.000	1.571	
666.192	343.621	76.485	0.000	-0.000	1.571	
666.171	343.597	76.494	-0.000	-0.000	1.571	
666.154	343.586	76.496	0.000	-0.000	1.571	
666.133	343.555	76.510	0.000	-0.000	1.571	
666.083	343.553	76.489	-0.000	-0.000	1.571	
666.053	343.490	76.451	-0.000	-0.000	1.571	
666.036	343.461	76.434	-0.000	-0.000	1.571	
665.987	343.465	76.438	-0.000	-0.000	1.571	
665.972	343.430	76.441	-0.000	-0.000	1.571	
665.946	343.418	76.435	0.000	-0.000	1.571	
665.900	343.384	76.396	0.000	-0.000	1.571	
665.878	343.369	76.388	0.000	-0.000	1.571	
665.855	343.352	76.378	0.000	-0.000	1.571	
665.830	343.322	76.357	-0.000	-0.000	1.571	
665.798	343.299	76.346	0.000	-0.000	1.571	
665.782	343.312	76.370	0.000	-0.000	1.571	
665.735	343.272	76.338	0.000	-0.000	1.571	
665.684	343.256	76.314	0.000	-0.000	1.571	
665.673	343.221	76.323	-0.000	-0.000	1.571	
665.661	343.204	76.310	0.000	-0.000	1.571	
665.624	343.157	76.287	0.000	-0.000	1.571	
665.608	343.154	76.300	-0.000	-0.000	1.571	
665.585	343.180	76.312	0.000	-0.000	1.571	
665.548	343.141	76.285	0.000	-0.000	1.571	
665.528	343.112	76.245	0.000	-0.000	1.571	
665.532	343.104	76.271	-0.000	-0.000	1.571	
665.483	343.075	76.224	0.000	0.000	1.571	
665.476	343.054	76.246	0.000	-0.000	1.571	
665.459	343.060	76.241	0.000	-0.000	1.571	
665.433	343.034	76.226	0.000	-0.000	1.571	
665.411	343.005	76.208	0.000	-0.000	1.571	
665.402	343.004	76.214	0.000	-0.000	1.571	
665.390	342.982	76.213	0.000	-0.000	1.571	
665.350	343.001	76.201	0.000	-0.000	1.571	
665.364	342.961	76.222	0.000	-0.000	1.571	
665.307	342.964	76.183	0.000	-0.000	1.571	
665.304	342.942	76.177	0.000	-0.000	1.571	
665.292	342.938	76.176	0.000	-0.000	1.571	
665.288	342.938	76.189	0.000	-0.000	1.571	
665.273	342.932	76.176	0.000	-0.000	1.571	
665.289	342.911	76.194	-0.000	-0.000	1.571	
665.266	342.896	76.182	0.000	-0.000	1.571	
665.263	342.888	76.173	-0.000	-0.000	1.571	
665.228	342.897	76.154	0.000	-0.000	1.571	
665.222	342.879	76.155	-0.000	-0.000	1.571	
665.221	342.890	76.161	0.000	-0.000	1.571	
665.201	342.899	76.159	0.000	-0.000	1.571	
665.200	342.846	76.135	0.000	-0.000	1.571	
665.194	342.874	76.179	0.000	-0.000	1.571	
665.161	342.838	76.102	0.000	-0.000	1.571	
665.167	342.863	76.158	0.000	-0.000	1.571	
665.152	342.817	76.134	-0.000	-0.000	1.571	
665.144	342.834	76.133	-0.000	-0.000	1.571	
665.147	342.838	76.165	0.000	-0.000	1.571	
665.113	342.806	76.116	0.000	-0.000	1.571	
665.092	342.772	76.079	0.000	-0.000	1.571	
665.104	342.775	76.108	0.000	-0.000	1.571	
665.076	342.788	76.098	-0.000	-0.000	1.571	
665.089	342.755	76.107	0.000	-0.000	1.571	
665.075	342.771	76.115	-0.000	-0.000	1.571	
665.080	342.744	76.101	0.000	-0.000	1.571	
665.070	342.737	76.092	0.000	-0.000	1.571	
665.036	342.743	76.085	0.000	-0.000	1.571	
665.032	342.733	76.076	0.000	-0.000	1.571	
665.018	342.727	76.070	0.000	-0.000	1.571	
665.028	342.716	76.072	-0.000	-0.000	1.571	
665.010	342.728	76.084	-0.000	-0.000	1.571	
664.997	342.686	76.059	0.000	-0.000	1.571	
664.976	342.721	76.036	0.000	-0.000	1.571	
664.995	342.690	76.056	0.000	-0.000	1.571	
664.985	342.693	76.048	-0.000	-0.000	1.571	
664.980	342.711	76.059	0.000	-0.000	1.571	
664.958	342.673	76.005	0.000	0.000	1.571	
664.977	342.689	76.051	0.000	-0.000	1.571	
664.980	342.701	76.058	-0.000	-0.000	1.571	
664.972	342.683	76.056	0.000	-0.000	1.571	
664.989	342.714	76.078	0.000	-0.000	1.571	
664.978	342.682	76.079	0.000	-0.000	1.571	
664.976	342.685	76.058	0.000	-0.000	1.571	
664.960	342.688	76.048	0.000	-0.000	1.571	
664.970	342.668	76.038	0.000	-0.000	1.571	
664.968	342.686	76.069	0.000	-0.000	1.571	
664.967	342.686	76.060	-0.000	-0.000	1.571	
664.968	342.680	76.057	0.000	-0.000	1.571	
664.958	342.660	76.035	0.000	-0.000	1.571	
664.951	342.672	76.040	-0.000	-0.000	1.571	
664.962	342.684	76.049	-0.000	-0.000	1.571	
664.956	342.661	76.039	-0.000	-0.000	1.571	
664.959	342.672	76.055	0.000	-0.000	1.571	
664.965	342.658	76.061	-0.000	-0.000	1.571	
664.953	342.652	76.036	0.000	-0.000	1.571	
664.961	342.660	76.043	0.000	-0.000	1.571	
664.949	342.650	76.030	-0.000	-0.000	1.571	
664.950	342.684	76.039	-0.000	-0.000	1.571	
664.961	342.689	76.062	0.000	-0.000	1.571	
664.957	342.662	76.055	-0.000	-0.000	1.571	
664.952	342.666	76.056	-0.000	-0.000	1.571	
664.933	342.662	76.029	0.000	-0.000	1.571	
664.932	342.646	76.034	-0.000	-0.000	1.571	
664.946	342.639	76.048	-0.000	-0.000	1.571	
664.939	342.644	76.026	0.000	-0.000	1.571	
664.939	342.645	76.025	-0.000	-0.000	1.571	
664.920	342.649	76.046	-0.000	-0.000	1.571	
664.934	342.665	76.058	0.000	-0.000	1.571	
664.923	342.655	76.045	-0.000	-0.000	1.571	
664.918	342.643	76.033	-0.000	-0.000	1.571	
664.884	342.637	76.006	0.000	-0.000	1.571	
664.882	342.619	76.015	0.000	-0.000	1.571	
664.901	342.634	76.024	0.000	-0.000	1.571	
664.883	342.604	76.012	0.000	-0.000	1.571	
664.881	342.612	76.001	0.000	-0.000	1.571	
664.875	342.641	76.017	0.000	-0.000	1.571	
664.882	342.622	76.031	0.000	-0.000	1.571	
664.883	342.619	76.036	0.000	-0.000	1.571	
664.884	342.601	76.035	0.000	-0.000	1.571	
664.890	342.606	76.036	0.000	-0.000	1.571	
664.863	342.620	76.006	0.000	-0.000	1.571	
664.876	342.606	76.012	0.000	-0.000	1.571	
664.853	342.589	76.001	0.000	-0.000	1.571	
664.866	342.603	76.012	0.000	-0.000	1.571	
664.873	342.584	76.025	0.000	-0.000	1.571	
664.867	342.591	76.000	0.000	-0.000	1.571	
664.858	342.587	75.992	0.000	-0.000	1.571	
664.859	342.613	76.003	0.000	-0.000	1.571	
664.854	342.579	75.999	0.000	-0.000	1.571	
664.861	342.595	76.017	-0.000	-0.000	1.571	
664.858	342.612	76.012	0.000	-0.000	1.571	
664.861	342.595	76.005	-0.000	-0.000	1.571	
664.862	342.589	76.023	0.000	-0.000	1.571	
664.854	342.577	76.014	-0.000	-0.000	1.571	
664.863	342.586	76.002	0.000	-0.000	1.571	
664.860	342.566	76.021	-0.000	-0.000	1.571	
664.856	342.583	76.006	0.000	-0.000	1.571	
664.855	342.608	76.021	-0.000	-0.000	1.571	
664.832	342.590	76.003	0.000	-0.000	1.571	
664.856	342.554	76.013	-0.000	-0.000	1.571	
664.842	342.584	75.985	0.000	-0.000	1.571	
664.850	342.594	76.004	0.000	-0.000	1.571	
664.853	342.578	76.008	0.000	-0.000	1.571	
664.843	342.585	76.013	0.000	-0.000	1.571	
664.830	342.561	75.988	0.000	-0.000	1.571	
664.838	342.573	76.007	-0.000	-0.000	1.571	
664.830	342.566	75.995	0.000	-0.000	1.571	
664.815	342.563	75.996	0.000	-0.000	1.571	
664.798	342.563	75.977	0.000	-0.000	1.571	
664.813	342.541	75.980	-0.000	-0.000	1.571	
664.812	342.562	76.004	0.000	-0.000	1.571	
664.812	342.549	75.997	-0.000	-0.000	1.571	
664.811	342.573	75.982	-0.000	-0.000	1.571	
664.789	342.568	75.979	0.000	-0.000	1.571	
664.813	342.537	75.982	0.000	-0.000	1.571	
664.802	342.547	75.974	-0.000	-0.000	1.571	
664.803	342.550	75.987	0.000	-0.000	1.571	
664.787	342.537	75.975	0.000	-0.000	1.571	
664.800	342.530	75.992	0.000	-0.000	1.571	
664.814	342.547	75.994	-0.000	-0.000	1.571	
664.801	342.525	75.974	-0.000	-0.000	1.571	
664.791	342.542	75.980	0.000	-0.000	1.571	
664.800	342.543	75.993	-0.000	-0.000	1.571	
664.778	342.535	75.979	-0.000	-0.000	1.571	
664.785	342.527	75.968	0.000	-0.000	1.571	
664.797	342.529	75.972	-0.000	-0.000	1.571	
664.789	342.569	75.993	-0.000	-0.000	1.571	
664.784	342.528	75.984	-0.000	-0.000	1.571	
664.777	342.526	75.968	0.000	-0.000	1.571	
664.791	342.540	75.984	0.000	-0.000	1.571	
664.789	342.529	75.985	-0.000	-0.000	1.571	
664.778	342.523	75.968	-0.000	-0.000	1.571	
664.775	342.538	75.978	0.000	-0.000	1.571	
664.800	342.524	75.994	-0.000	-0.000	1.571	
664.771	342.532	75.973	-0.000	-0.000	1.571	
664.760	342.535	75.958	0.000	-0.000	1.571	
664.777	342.527	75.992	0.000	-0.000	1.571	
664.756	342.538	75.977	0.000	-0.000	1.571	
664.777	342.537	75.986	-0.000	-0.000	1.571	
664.759	342.530	75.978	0.000	-0.000	1.571	
664.778	342.508	75.958	-0.000	-0.000	1.571	
664.747	342.495	75.956	0.000	-0.000	1.571	
664.779	342.513	75.968	-0.000	-0.000	1.571	
664.744	342.494	75.958	-0.000	-0.000	1.571	
664.758	342.495	75.952	0.000	-0.000	1.571	
664.744	342.497	75.960	0.000	-0.000	1.571	
664.738	342.477	75.960	0.000	-0.000	1.571	
664.742	342.500	75.967	0.000	-0.000	1.571	
664.729	342.484	75.934	0.000	-0.000	1.571	
664.729	342.457	75.946	0.000	-0.000	1.571	
664.727	342.487	75.954	0.000	-0.000	1.571	
664.728	342.486	75.956	0.000	-0.000	1.571	
664.720	342.467	75.947	0.000	-0.000	1.571	
664.714	342.462	75.935	0.000	-0.000	1.571	
664.725	342.452	75.938	0.000	-0.000	1.571	
664.722	342.475	75.955	0.000	-0.000	1.571	
664.721	342.465	75.948	0.000	-0.000	1.571	
664.729	342.463	75.950	0.000	-0.000	1.571	
664.722	342.459	75.953	-0.000	-0.000	1.571	
664.731	342.461	75.956	0.000	-0.000	1.571	
664.726	342.442	75.957	0.000	-0.000	1.571	
664.700	342.493	75.933	0.000	-0.000	1.571	
664.721	342.472	75.941	0.000	-0.000	1.571	
664.707	342.493	75.936	0.000	-0.000	1.571	
664.745	342.501	75.976	0.000	-0.000	1.571	
664.707	342.479	75.925	0.000	-0.000	1.571	
664.708	342.490	75.956	0.000	-0.000	1.571	
664.716	342.473	75.946	-0.000	-0.000	1.571	
664.726	342.469	75.955	0.000	-0.000	1.571	
664.702	342.462	75.942	0.000	-0.000	1.571	
664.717	342.468	75.932	-0.000	-0.000	1.571	
664.726	342.478	75.953	-0.000	-0.000	1.571	
664.699	342.460	75.922	0.000	-0.000	1.571	
664.707	342.458	75.932	-0.000	-0.000	1.571	
664.713	342.462	75.940	-0.000	-0.000	1.571	
664.695	342.481	75.943	0.000	-0.000	1.571	
664.717	342.479	75.957	0.000	-0.000	1.571	
664.694	342.456	75.954	0.000	-0.000	1.571	
664.709	342.493	75.944	-0.000	-0.000	1.571	
664.712	342.459	75.935	0.000	-0.000	1.571	
664.698	342.459	75.936	0.000	-0.000	1.571	
664.705	342.478	75.946	-0.000	-0.000	1.571	
664.681	342.459	75.924	0.000	-0.000	1.571	
664.713	342.482	75.961	-0.000	-0.000	1.571	
664.688	342.433	75.927	0.000	-0.000	1.571	
664.698	342.460	75.935	0.000	-0.000	1.571	
664.706	342.455	75.956	-0.000	-0.000	1.571	
664.684	342.440	75.931	0.000	-0.000	1.571	
664.693	342.470	75.955	0.000	-0.000	1.571	
664.707	342.444	75.963	-0.000	-0.000	1.571	
664.684	342.446	75.924	-0.000	-0.000	1.571	
664.663	342.447	75.913	-0.000	-0.000	1.571	
664.671	342.457	75.929	-0.000	-0.000	1.571	
664.661	342.453	75.932	0.000	-0.000	1.571	
664.677	342.426	75.930	0.000	-0.000	1.571	
664.663	342.463	75.951	0.000	-0.000	1.571	
664.664	342.431	75.935	0.000	-0.000	1.571	
664.658	342.423	75.921	-0.000	-0.000	1.571	
664.666	342.413	75.930	-0.000	-0.000	1.571	
664.642	342.422	75.908	0.000	-0.000	1.571	
664.639	342.431	75.908	0.000	-0.000	1.571	
664.645	342.410	75.917	0.000	-0.000	1.571	
664.649	342.386	75.919	-0.000	-0.000	1.571	
664.630	342.397	75.906	0.000	-0.000	1.571	
664.648	342.405	75.912	0.000	-0.000	1.571	
664.634	342.414	75.907	0.000	-0.000	1.571	
664.620	342.414	75.906	0.000	-0.000	1.571	
664.630	342.404	75.919	-0.000	-0.000	1.571	
664.641	342.419	75.933	0.000	-0.000	1.571	
664.651	342.424	75.922	0.000	-0.000	1.571	
664.628	342.405	75.905	0.000	-0.000	1.571	
664.631	342.412	75.914	0.000	-0.000	1.571	
664.628	342.403	75.898	0.000	-0.000	1.571	
664.637	342.414	75.909	0.000	-0.000	1.571	
664.629	342.413	75.925	0.000	-0.000	1.571	
664.619	342.400	75.910	0.000	-0.000	1.571	
664.650	342.406	75.920	-0.000	-0.000	1.571	
664.618	342.416	75.906	0.000	-0.000	1.571	
664.635	342.402	75.928	0.000	-0.000	1.571	
664.626	342.399	75.894	-0.000	-0.000	1.571	
664.627	342.408	75.928	-0.000	-0.000	1.571	
664.618	342.402	75.901	0.000	-0.000	1.571	
664.610	342.387	75.899	0.000	-0.000	1.571	
664.634	342.416	75.922	0.000	-0.000	1.571	
664.624	342.423	75.909	0.000	-0.000	1.571	
664.625	342.413	75.918	0.000	-0.000	1.571	
664.642	342.384	75.906	0.000	-0.000	1.571	
664.623	342.420	75.903	0.000	-0.000	1.571	
664.619	342.388	75.892	0.000	-0.000	1.571	
664.626	342.389	75.906	-0.000	-0.000	1.571	
664.609	342.414	75.897	0.000	-0.000	1.571	
664.609	342.391	75.905	0.000	-0.000	1.571	
664.619	342.410	75.931	-0.000	-0.000	1.571	
664.605	342.394	75.896	0.000	-0.000	1.571	
664.601	342.401	75.912	0.000	-0.000	1.571	
664.607	342.393	75.903	0.000	-0.000	1.571	
664.613	342.386	75.931	-0.000	-0.000	1.571	
664.607	342.385	75.911	-0.000	-0.000	1.571	
664.611	342.379	75.945	0.000	-0.000	1.571	
664.605	342.408	75.960	0.000	-0.000	1.571	
664.603	342.370	75.941	-0.000	-0.000	1.571	
664.578	342.394	75.934	0.000	-0.000	1.571	
664.578	342.364	75.952	0.000	-0.000	1.571	
664.587	342.386	75.973	0.000	-0.000	1.571	
664.572	342.383	75.956	0.000	-0.000	1.571	
664.564	342.377	75.978	0.000	-0.000	1.571	
664.565	342.371	75.985	0.000	-0.000	1.571	
664.561	342.353	75.997	0.000	-0.000	1.571	
664.545	342.338	75.986	0.000	-0.000	1.571	
664.543	342.337	75.992	0.000	-0.000	1.571	
664.558	342.332	76.015	0.000	-0.000	1.571	
664.537	342.320	75.979	-0.000	0.000	1.571	
664.514	342.323	76.012	0.000	0.000	1.571	
664.504	342.346	76.019	0.000	0.000	1.571	
664.501	342.319	76.045	0.000	0.000	1.571	
664.481	342.299	76.039	0.000	0.000	1.571	
664.460	342.295	76.013	0.000	0.000	1.571	
664.470	342.284	76.051	0.000	0.000	1.571	
664.460	342.292	76.055	0.000	0.000	1.571	
664.446	342.280	76.048	0.000	0.000	1.571	
664.432	342.311	76.069	0.000	0.000	1.571	
664.409	342.355	76.072	0.000	0.000	1.571	
664.397	342.365	76.081	0.000	0.000	1.571	
664.394	342.351	76.092	0.000	0.000	1.571	
664.393	342.319	76.101	0.000	0.000	1.571	
664.388	342.339	76.108	0.000	0.000	1.571	
664.375	342.337	76.130	0.000	0.000	1.571	
664.369	342.349	76.131	0.000	0.000	1.571	
664.375	342.338	76.168	0.000	0.000	1.571	
664.372	342.305	76.146	0.000	0.000	1.571	
664.361	342.316	76.163	0.000	0.000	1.571	
664.369	342.282	76.148	0.000	0.000	1.571	
664.351	342.313	76.177	0.000	0.000	1.571	
664.355	342.327	76.201	0.000	0.000	1.571	
664.338	342.308	76.200	0.000	0.000	1.571	
664.348	342.300	76.201	0.000	0.000	1.571	
664.335	342.322	76.212	0.000	0.000	1.571	
664.348	342.332	76.211	0.000	0.000	1.571	
664.348	342.303	76.229	0.000	0.000	1.571	
664.339	342.296	76.227	0.000	0.000	1.571	
664.321	342.299	76.227	0.000	0.000	1.571	
664.336	342.285	76.217	0.000	0.000	1.571	
664.344	342.282	76.234	0.000	0.000	1.571	
664.346	342.330	76.274	0.000	0.000	1.571	
664.335	342.303	76.278	0.000	0.000	1.571	
664.341	342.303	76.290	0.000	0.000	1.571	
664.327	342.315	76.314	0.000	0.000	1.571	
664.324	342.317	76.324	0.000	0.000	1.571	
664.334	342.311	76.322	0.000	0.000	1.571	
664.324	342.297	76.319	0.000	0.000	1.571	
664.305	342.306	76.308	0.000	0.000	1.571	
664.299	342.312	76.329	0.000	0.000	1.571	
664.291	342.273	76.343	0.000	0.000	1.571	
664.264	342.288	76.349	0.000	0.000	1.571	
664.268	342.302	76.356	0.000	0.000	1.571	
664.256	342.316	76.403	0.000	0.000	1.571	
664.227	342.295	76.390	0.000	0.000	1.571	
664.230	342.315	76.441	0.000	-0.000	1.571	
664.230	342.327	76.449	0.000	-0.000	1.571	
664.220	342.319	76.476	0.000	-0.000	1.571	
664.233	342.343	76.521	0.000	-0.000	1.571	
664.196	342.347	76.510	0.000	-0.000	1.571	
664.195	342.339	76.518	0.000	-0.000	1.571	
664.168	342.334	76.554	0.000	0.000	1.571	
664.156	342.324	76.591	0.000	0.000	1.571	
664.163	342.341	76.643	0.000	-0.000	1.571	
664.163	342.353	76.712	0.000	-0.000	1.571	
664.139	342.354	76.747	0.000	-0.000	1.571	
664.151	342.361	76.822	-0.000	-0.000	1.571	
664.121	342.371	76.854	0.000	-0.000	1.571	
664.091	342.379	76.886	0.000	-0.000	1.571	
664.085	342.397	76.959	0.000	-0.000	1.571	
664.096	342.391	77.009	0.000	-0.000	1.571	
664.067	342.370	77.039	0.000	-0.000	1.571	
664.066	342.370	77.123	0.000	-0.000	1.571	
664.048	342.355	77.158	0.000	-0.000	1.571	
664.046	342.376	77.252	0.000	-0.000	1.571	
664.027	342.350	77.293	0.000	-0.000	1.571	
664.016	342.378	77.377	0.000	-0.000	1.571	
663.999	342.404	77.431	-0.000	-0.000	1.571	
663.983	342.381	77.500	-0.000	-0.000	1.571	
663.939	342.406	77.543	-0.000	-0.000	1.571	
663.913	342.394	77.603	-0.000	0.000	1.571	
663.912	342.400	77.717	-0.000	-0.000	1.571	
663.903	342.370	77.782	-0.000	0.000	1.571	
663.900	342.341	77.886	-0.000	0.000	1.571	
663.893	342.344	77.982	-0.000	-0.000	1.571	
663.839	342.347	78.041	-0.000	0.000	1.571	
663.836	342.371	78.150	-0.000	0.000	1.571	
663.819	342.341	78.256	-0.000	0.000	1.571	
663.794	342.329	78.355	-0.000	0.000	1.571	
663.772	342.319	78.428	-0.000	0.000	1.571	
663.747	342.294	78.516	-0.000	0.000	1.571	
663.718	342.277	78.630	-0.000	0.000	1.571	
663.707	342.270	78.733	-0.000	0.000	1.571	
663.701	342.250	78.863	-0.000	0.000	1.571	
663.691	342.241	78.967	-0.000	0.000	1.571	
663.674	342.228	79.093	-0.000	0.000	1.571	
663.642	342.234	79.197	-0.000	0.000	1.571	
663.624	342.183	79.300	-0.000	0.000	1.571	
663.598	342.202	79.412	-0.000	0.000	1.571	
663.589	342.170	79.520	-0.001	0.000	1.571	
663.543	342.141	79.583	-0.001	0.001	1.571	
663.537	342.133	79.748	-0.001	0.001	1.571	
663.488	342.119	79.802	-0.001	0.001	1.571	
663.476	342.107	79.949	-0.001	0.001	1.571	
663.482	342.086	80.090	-0.001	0.001	1.571	
663.446	342.090	80.190	-0.001	0.001	1.571	
663.444	342.033	80.304	-0.001	0.001	1.571	
663.401	342.061	80.440	-0.001	0.001	1.571	
663.385	342.007	80.541	-0.001	0.001	1.571	
663.348	342.006	80.641	-0.001	0.001	1.571	
663.344	341.974	80.758	-0.001	0.001	1.571	
663.323	341.947	80.885	-0.001	0.001	1.571	
663.294	341.931	80.982	-0.001	0.001	1.571	
663.266	341.900	81.115	-0.001	0.001	1.571	
663.243	341.875	81.209	-0.001	0.001	1.571	
663.227	341.873	81.336	-0.001	0.001	1.571	
663.184	341.835	81.451	-0.001	0.001	1.571	
663.192	341.825	81.591	-0.001	0.001	1.571	
663.164	341.800	81.699	-0.001	0.001	1.571	
663.141	341.773	81.841	-0.001	0.001	1.571	
663.127	341.733	81.957	-0.002	0.001	1.571	
663.082	341.718	82.051	-0.002	0.002	1.571	
663.077	341.697	82.192	-0.002	0.002	1.571	
663.035	341.666	82.283	-0.002	0.002	1.571	
663.030	341.627	82.414	-0.002	0.002	1.571	
662.997	341.639	82.559	-0.002	0.002	1.571	
662.996	341.580	82.682	-0.002	0.002	1.571	
662.946	341.562	82.808	-0.002	0.002	1.571	
662.917	341.522	82.900	-0.002	0.002	1.571	
662.893	341.514	83.035	-0.002	0.002	1.571	
662.864	341.467	83.177	-0.002	0.002	1.571	
662.838	341.424	83.288	-0.002	0.002	1.571	
662.797	341.384	83.388	-0.002	0.002	1.571	
662.799	341.365	83.536	-0.002	0.002	1.571	
662.765	341.356	83.661	-0.002	0.002	1.571	
662.763	341.283	83.800	-0.002	0.003	1.571	
662.726	341.280	83.934	-0.003	0.003	1.571	
662.707	341.231	84.052	-0.003	0.003	1.571	
662.675	341.199	84.167	-0.003	0.003	1.571	
662.642	341.157	84.293	-0.003	0.003	1.571	
662.623	341.143	84.427	-0.003	0.003	1.571	
662.596	341.082	84.526	-0.003	0.003	1.571	
662.560	341.088	84.695	-0.003	0.003	1.571	
662.543	341.030	84.808	-0.003	0.003	1.571	
662.531	340.970	84.954	-0.003	0.003	1.571	
662.488	340.924	85.045	-0.003	0.003	1.571	
662.463	340.898	85.191	-0.003	0.004	1.571	
662.432	340.857	85.318	-0.003	0.004	1.571	
662.401	340.837	85.463	-0.004	0.004	1.571	
662.378	340.771	85.583	-0.004	0.004	1.571	
662.364	340.751	85.738	-0.004	0.004	1.571	
662.350	340.688	85.863	-0.004	0.004	1.571	
662.318	340.641	85.981	-0.004	0.004	1.571	
662.263	340.600	86.116	-0.004	0.004	1.571	
662.248	340.550	86.234	-0.004	0.004	1.571	
662.220	340.490	86.371	-0.004	0.004	1.571	
662.194	340.462	86.518	-0.004	0.004	1.571	
662.189	340.414	86.673	-0.005	0.005	1.571	
662.147	340.366	86.784	-0.005	0.005	1.571	
662.125	340.294	86.916	-0.005	0.005	1.571	
662.069	340.284	87.059	-0.005	0.005	1.572	
662.065	340.216	87.183	-0.005	0.005	1.572	
662.033	340.201	87.334	-0.005	0.005	1.572	
661.997	340.135	87.465	-0.005	0.005	1.572	
661.969	340.073	87.579	-0.005	0.005	1.572	
661.926	340.048	87.735	-0.005	0.006	1.572	
661.885	339.966	87.836	-0.005	0.006	1.572	
661.879	339.925	88.012	-0.006	0.006	1.572	
661.854	339.903	88.183	-0.006	0.006	1.572	
661.813	339.817	88.310	-0.006	0.006	1.572	
661.793	339.785	88.457	-0.006	0.006	1.572	
661.749	339.728	88.585	-0.006	0.006	1.572	
661.717	339.696	88.738	-0.006	0.006	1.572	
661.702	339.608	88.878	-0.006	0.007	1.572	
661.659	339.574	88.991	-0.006	0.007	1.572	
661.639	339.547	89.163	-0.006	0.007	1.572	
661.595	339.463	89.264	-0.007	0.007	1.572	
661.564	339.432	89.401	-0.007	0.007	1.572	
661.544	339.347	89.537	-0.007	0.007	1.572	
661.511	339.299	89.679	-0.007	0.007	1.572	
661.475	339.282	89.833	-0.007	0.007	1.572	
661.462	339.215	89.994	-0.007	0.007	1.572	
661.427	339.163	90.124	-0.007	0.008	1.572	
661.399	339.095	90.265	-0.007	0.008	1.572	
661.382	339.078	90.412	-0.007	0.008	1.572	
661.326	338.997	90.522	-0.008	0.008	1.572	
661.327	338.963	90.695	-0.008	0.008	1.572	
661.275	338.887	90.809	-0.008	0.008	1.572	
661.228	338.860	90.933	-0.008	0.008	1.572	
661.219	338.822	91.089	-0.008	0.008	1.572	
661.196	338.771	91.221	-0.008	0.008	1.572	
661.198	338.727	91.384	-0.008	0.008	1.572	
661.160	338.690	91.498	-0.008	0.009	1.572	
661.108	338.649	91.611	-0.008	0.009	1.572	
661.094	338.558	91.722	-0.009	0.009	1.572	
661.078	338.512	91.876	-0.009	0.009	1.572	
661.050	338.457	91.994	-0.009	0.009	1.572	
661.021	338.440	92.133	-0.009	0.009	1.572	
661.004	338.409	92.237	-0.009	0.009	1.572	
660.998	338.342	92.384	-0.009	0.009	1.572	
660.941	338.312	92.484	-0.009	0.009	1.572	
660.921	338.254	92.591	-0.009	0.010	1.572	
660.904	338.228	92.725	-0.009	0.010	1.572	
660.877	338.181	92.847	-0.009	0.010	1.572	
660.840	338.142	92.955	-0.009	0.010	1.572	
660.807	338.088	93.038	-0.010	0.010	1.572	
660.785	338.065	93.153	-0.010	0.010	1.572	
660.770	337.998	93.250	-0.010	0.010	1.572	
660.743	337.970	93.387	-0.010	0.010	1.572	
660.729	337.936	93.486	-0.010	0.010	1.572	
660.699	337.891	93.595	-0.010	0.010	1.572	
660.677	337.873	93.709	-0.010	0.010	1.572	
660.662	337.832	93.815	-0.010	0.011	1.572	
660.645	337.799	93.930	-0.010	0.011	1.572	
660.621	337.741	94.020	-0.010	0.011	1.572	
660.592	337.703	94.100	-0.010	0.011	1.572	
660.573	337.689	94.209	-0.010	0.011	1.572	
660.568	337.647	94.303	-0.011	0.011	1.572	
660.543	337.599	94.415	-0.011	0.011	1.572	
660.527	337.566	94.514	-0.011	0.011	1.572	
660.510	337.543	94.601	-0.011	0.011	1.572	
660.483	337.512	94.671	-0.011	0.011	1.572	
660.461	337.447	94.748	-0.011	0.011	1.572	
660.447	337.461	94.867	-0.011	0.011	1.573	
660.418	337.425	94.922	-0.011	0.012	1.573	
660.409	337.370	95.024	-0.011	0.012	1.573	
660.413	337.364	95.131	-0.011	0.012	1.573	
660.394	337.318	95.204	-0.011	0.012	1.573	
660.377	337.292	95.279	-0.011	0.012	1.573	
660.362	337.255	95.357	-0.011	0.012	1.573	
660.371	337.225	95.461	-0.012	0.012	1.573	
660.328	337.201	95.527	-0.012	0.012	1.573	
660.322	337.177	95.584	-0.012	0.012	1.573	
660.302	337.135	95.662	-0.012	0.012	1.573	
660.285	337.119	95.754	-0.012	0.012	1.573	
660.257	337.094	95.807	-0.012	0.012	1.573	
660.252	337.081	95.905	-0.012	0.012	1.573	
660.238	337.057	95.963	-0.012	0.012	1.573	
660.205	337.032	96.022	-0.012	0.012	1.573	
660.215	337.014	96.101	-0.012	0.012	1.573	
660.192	336.990	96.150	-0.012	0.012	1.573	
660.175	336.976	96.214	-0.012	0.013	1.573	
660.162	336.951	96.289	-0.012	0.013	1.573	
660.145	336.907	96.324	-0.012	0.013	1.573	
660.143	336.887	96.393	-0.012	0.013	1.573	
660.128	336.865	96.428	-0.012	0.013	1.573	
660.112	336.877	96.500	-0.012	0.013	1.573	
660.079	336.856	96.535	-0.012	0.013	1.573	
660.108	336.819	96.623	-0.012	0.013	1.573	
660.080	336.807	96.646	-0.012	0.013	1.573	
660.075	336.782	96.736	-0.012	0.013	1.573	
660.045	336.773	96.748	-0.013	0.013	1.573	
660.033	336.754	96.787	-0.013	0.013	1.573	
660.034	336.704	96.812	-0.013	0.013	1.573	
660.024	336.699	96.868	-0.013	0.013	1.573	
660.002	336.709	96.917	-0.013	0.013	1.573	
659.989	336.691	96.938	-0.013	0.013	1.573	
659.991	336.639	96.988	-0.013	0.013	1.573	
659.968	336.650	97.029	-0.013	0.013	1.573	
659.980	336.650	97.077	-0.013	0.013	1.573	
659.972	336.628	97.108	-0.013	0.013	1.573	
659.948	336.643	97.154	-0.013	0.013	1.573	
659.982	336.580	97.184	-0.013	0.013	1.573	
659.952	336.598	97.204	-0.013	0.013	1.573	
659.935	336.596	97.223	-0.013	0.013	1.573	
659.948	336.593	97.275	-0.013	0.013	1.573	
659.927	336.577	97.308	-0.013	0.014	1.573	
659.914	336.587	97.325	-0.013	0.014	1.573	
659.914	336.564	97.380	-0.013	0.014	1.573	
659.936	336.569	97.404	-0.013	0.014	1.573	
659.913	336.538	97.408	-0.013	0.014	1.573	
659.902	336.500	97.435	-0.013	0.014	1.573	
659.912	336.516	97.463	-0.013	0.014	1.573	
659.894	336.516	97.465	-0.013	0.014	1.573	
659.899	336.542	97.498	-0.013	0.014	1.573	
659.894	336.510	97.501	-0.013	0.014	1.573	
659.873	336.503	97.503	-0.013	0.014	1.573	
659.905	336.505	97.565	-0.013	0.014	1.573	
659.888	336.521	97.535	-0.013	0.014	1.573	
659.886	336.488	97.557	-0.013	0.014	1.573	
659.872	336.475	97.546	-0.013	0.014	1.573	
659.874	336.493	97.576	-0.013	0.014	1.573	
659.872	336.474	97.584	-0.013	0.014	1.573	
659.898	336.492	97.613	-0.013	0.014	1.573	
659.885	336.488	97.600	-0.013	0.014	1.573	
659.885	336.479	97.606	-0.013	0.014	1.573	
659.888	336.482	97.609	-0.013	0.014	1.573	
659.875	336.472	97.611	-0.013	0.014	1.573	
659.853	336.476	97.583	-0.013	0.014	1.573	
659.867	336.480	97.599	-0.013	0.014	1.573	
659.882	336.454	97.623	-0.013	0.014	1.573	
659.880	336.494	97.626	-0.013	0.014	1.573	
659.870	336.475	97.651	-0.013	0.014	1.573	
659.871	336.480	97.617	-0.013	0.014	1.573	
659.864	336.488	97.627	-0.013	0.014	1.573	
659.891	336.481	97.637	-0.013	0.014	1.573	
659.891	336.454	97.635	-0.013	0.014	1.573	
659.871	336.484	97.639	-0.013	0.014	1.573	
659.852	336.493	97.639	-0.013	0.014	1.573	
659.853	336.495	97.641	-0.013	0.014	1.573	
659.849	336.490	97.641	-0.013	0.014	1.573	
659.877	336.484	97.667	-0.013	0.014	1.573	
659.873	336.505	97.677	-0.013	0.014	1.573	
659.861	336.483	97.651	-0.013	0.014	1.573	
659.862	336.487	97.661	-0.013	0.014	1.573	
659.872	336.510	97.688	-0.013	0.014	1.573	
659.869	336.490	97.684	-0.013	0.014	1.573	
659.877	336.501	97.687	-0.013	0.014	1.573	
659.878	336.501	97.693	-0.013	0.014	1.573	
659.868	336.487	97.701	-0.013	0.014	1.573	
659.880	336.471	97.665	-0.013	0.014	1.573	
659.880	336.501	97.706	-0.013	0.014	1.573	
659.898	336.530	97.725	-0.013	0.014	1.573	
659.905	336.534	97.732	-0.013	0.014	1.573	
659.912	336.520	97.721	-0.013	0.014	1.573	
659.928	336.537	97.767	-0.013	0.014	1.573	
659.920	336.544	97.773	-0.013	0.014	1.573	
659.908	336.532	97.739	-0.013	0.014	1.573	
659.907	336.540	97.755	-0.013	0.014	1.573	
659.914	336.532	97.757	-0.013	0.014	1.573	
659.899	336.520	97.749	-0.013	0.014	1.573	
659.892	336.529	97.740	-0.013	0.014	1.573	
659.894	336.545	97.751	-0.013	0.014	1.573	
659.920	336.540	97.759	-0.013	0.014	1.573	
659.895	336.527	97.766	-0.013	0.014	1.573	
659.899	336.530	97.782	-0.013	0.014	1.573	
659.913	336.542	97.795	-0.013	0.014	1.573	
659.898	336.527	97.763	-0.013	0.014	1.573	
659.897	336.537	97.784	-0.013	0.014	1.573	
659.900	336.555	97.786	-0.013	0.014	1.573	
659.912	336.533	97.789	-0.013	0.014	1.573	
659.889	336.545	97.780	-0.013	0.014	1.573	
659.900	336.533	97.800	-0.013	0.014	1.573	
659.913	336.520	97.805	-0.013	0.014	1.573	
659.903	336.546	97.808	-0.013	0.014	1.573	
659.906	336.532	97.800	-0.013	0.014	1.573	
659.905	336.530	97.810	-0.013	0.014	1.573	
659.871	336.533	97.802	-0.013	0.014	1.573	
659.892	336.541	97.807	-0.013	0.014	1.573	
659.888	336.545	97.821	-0.013	0.014	1.573	
659.894	336.516	97.795	-0.013	0.014	1.573	
659.901	336.531	97.831	-0.013	0.014	1.573	
659.889	336.534	97.806	-0.013	0.014	1.573	
659.899	336.548	97.848	-0.013	0.014	1.573	
659.906	336.549	97.842	-0.013	0.014	1.573	
659.910	336.540	97.831	-0.013	0.014	1.573	
659.888	336.556	97.852	-0.013	0.014	1.573	
659.900	336.520	97.848	-0.013	0.014	1.573	
659.885	336.543	97.857	-0.013	0.014	1.573	
659.915	336.537	97.873	-0.013	0.014	1.573	
659.889	336.541	97.846	-0.013	0.014	1.573	
659.894	336.545	97.857	-0.013	0.014	1.573	
659.878	336.535	97.825	-0.013	0.014	1.573	
659.890	336.534	97.852	-0.013	0.014	1.573	
659.908	336.536	97.887	-0.013	0.014	1.573	
659.902	336.548	97.865	-0.013	0.014	1.573	
659.896	336.553	97.876	-0.013	0.014	1.573	
659.917	336.516	97.884	-0.013	0.014	1.573	
659.900	336.547	97.892	-0.013	0.014	1.573	
659.893	336.563	97.890	-0.013	0.014	1.573	
659.935	336.570	97.934	-0.013	0.014	1.573	
659.929	336.565	97.947	-0.013	0.014	1.573	
659.930	336.578	97.942	-0.013	0.014	1.573	
659.913	336.594	97.932	-0.013	0.014	1.573	
659.935	336.589	97.957	-0.013	0.014	1.573	
659.941	336.572	97.944	-0.013	0.014	1.573	
659.950	336.586	97.972	-0.013	0.014	1.573	
659.929	336.570	97.935	-0.013	0.014	1.573	
659.931	336.567	97.934	-0.013	0.014	1.573	
659.923	336.589	97.937	-0.013	0.014	1.573	
659.932	336.566	97.954	-0.013	0.014	1.573	
659.929	336.593	97.972	-0.013	0.014	1.573	
659.936	336.593	97.963	-0.013	0.014	1.573	
659.943	336.581	97.981	-0.013	0.014	1.573	
659.938	336.591	97.978	-0.013	0.014	1.573	
659.923	336.556	97.982	-0.013	0.014	1.573	
659.936	336.581	97.970	-0.013	0.014	1.573	
659.920	336.579	97.988	-0.013	0.014	1.573	
659.914	336.587	97.975	-0.013	0.014	1.573	
659.917	336.604	97.998	-0.013	0.014	1.573	
659.945	336.587	98.003	-0.013	0.014	1.573	
659.919	336.568	97.989	-0.013	0.014	1.573	
659.926	336.582	97.999	-0.013	0.014	1.573	
659.917	336.583	98.005	-0.013	0.014	1.573	
659.918	336.586	98.005	-0.013	0.014	1.573	
659.914	336.582	97.992	-0.013	0.014	1.573	
659.927	336.588	98.036	-0.013	0.014	1.573	
659.930	336.588	98.030	-0.013	0.014	1.573	
659.922	336.573	98.017	-0.013	0.014	1.573	
659.922	336.576	98.033	-0.013	0.014	1.573	
659.921	336.586	98.035	-0.013	0.014	1.573	
659.931	336.559	98.020	-0.013	0.014	1.573	
659.898	336.600	98.023	-0.013	0.014	1.573	
659.921	336.579	98.029	-0.013	0.014	1.573	
659.916	336.557	98.029	-0.013	0.014	1.573	
659.914	336.559	98.018	-0.013	0.014	1.573	
659.902	336.565	98.019	-0.013	0.014	1.573	
659.928	336.552	98.032	-0.013	0.014	1.573	
659.910	336.587	98.053	-0.013	0.014	1.573	
659.887	336.583	98.029	-0.013	0.014	1.573	
659.931	336.596	98.071	-0.013	0.014	1.573	
659.922	336.599	98.064	-0.013	0.014	1.573	
659.891	336.561	98.032	-0.013	0.014	1.573	
659.902	336.571	98.061	-0.013	0.014	1.573	
659.899	336.550	98.052	-0.013	0.014	1.573	
659.916	336.591	98.085	-0.013	0.014	1.573	
659.919	336.587	98.079	-0.013	0.014	1.573	
659.896	336.580	98.053	-0.013	0.014	1.573	
659.885	336.586	98.059	-0.013	0.014	1.573	
659.915	336.593	98.075	-0.013	0.014	1.573	
659.918	336.577	98.101	-0.013	0.014	1.573	
659.908	336.554	98.073	-0.013	0.014	1.573	
659.917	336.587	98.101	-0.013	0.014	1.573	
659.917	336.567	98.096	-0.013	0.014	1.573	
659.896	336.596	98.101	-0.013	0.014	1.573	
659.907	336.605	98.096	-0.013	0.014	1.573	
659.901	336.578	98.086	-0.013	0.014	1.573	
659.903	336.595	98.090	-0.013	0.014	1.573	
659.912	336.605	98.131	-0.013	0.014	1.573	
659.905	336.585	98.109	-0.013	0.014	1.573	
659.908	336.598	98.116	-0.013	0.014	1.573	
659.905	336.567	98.115	-0.013	0.014	1.573	
659.921	336.599	98.135	-0.013	0.014	1.573	
659.912	336.587	98.122	-0.013	0.014	1.573	
659.924	336.638	98.161	-0.013	0.014	1.573	
659.942	336.643	98.161	-0.013	0.014	1.573	
659.959	336.632	98.186	-0.013	0.014	1.573	
659.951	336.618	98.189	-0.013	0.014	1.573	
659.957	336.625	98.216	-0.013	0.014	1.573	
659.962	336.609	98.182	-0.013	0.014	1.573	
659.975	336.640	98.218	-0.013	0.014	1.573	
659.952	336.621	98.201	-0.013	0.014	1.573	
659.965	336.635	98.225	-0.013	0.014	1.573	
659.949	336.634	98.199	-0.013	0.014	1.573	
659.947	336.639	98.201	-0.013	0.014	1.573	
659.963	336.645	98.232	-0.013	0.014	1.573	
659.954	336.639	98.212	-0.013	0.014	1.573	
659.943	336.605	98.191	-0.013	0.014	1.573	
659.960	336.626	98.243	-0.013	0.014	1.573	
659.962	336.631	98.243	-0.013	0.014	1.573	
659.939	336.623	98.195	-0.013	0.014	1.573	
659.964	336.621	98.233	-0.013	0.014	1.573	
659.966	336.627	98.245	-0.013	0.014	1.573	
659.942	336.639	98.233	-0.013	0.014	1.573	
659.956	336.626	98.252	-0.013	0.014	1.573	
659.947	336.637	98.245	-0.013	0.014	1.573	
659.942	336.628	98.247	-0.013	0.014	1.573	
659.929	336.642	98.244	-0.013	0.014	1.573	
659.937	336.636	98.234	-0.013	0.014	1.573	
659.938	336.632	98.256	-0.013	0.014	1.573	
659.944	336.645	98.262	-0.013	0.014	1.573	
659.923	336.645	98.247	-0.013	0.014	1.573	
659.939	336.621	98.258	-0.013	0.014	1.573	
659.938	336.621	98.259	-0.013	0.014	1.573	
659.944	336.593	98.250	-0.013	0.014	1.573	
659.929	336.627	98.253	-0.013	0.014	1.573	
659.944	336.637	98.274	-0.013	0.014	1.573	
659.933	336.628	98.264	-0.013	0.014	1.573	
659.933	336.603	98.256	-0.013	0.014	1.573	
659.929	336.642	98.273	-0.013	0.014	1.573	
659.920	336.629	98.270	-0.013	0.014	1.573	
659.936	336.629	98.283	-0.013	0.014	1.573	
659.936	336.620	98.275	-0.013	0.014	1.573	
659.913	336.636	98.270	-0.013	0.014	1.573	
659.940	336.614	98.294	-0.013	0.014	1.573	
659.941	336.629	98.295	-0.013	0.014	1.573	
659.928	336.617	98.304	-0.013	0.014	1.573	
659.925	336.621	98.282	-0.013	0.014	1.573	
659.919	336.601	98.288	-0.013	0.014	1.573	
659.925	336.635	98.295	-0.013	0.014	1.573	
659.936	336.608	98.307	-0.013	0.014	1.573	
659.910	336.590	98.289	-0.013	0.014	1.573	
659.917	336.628	98.297	-0.013	0.014	1.573	
659.923	336.604	98.314	-0.013	0.014	1.573	
659.934	336.625	98.320	-0.013	0.014	1.573	
659.926	336.620	98.335	-0.013	0.014	1.573	
659.922	336.648	98.328	-0.013	0.014	1.573	
659.906	336.637	98.319	-0.013	0.014	1.573	
659.936	336.616	98.324	-0.013	0.014	1.573	
659.926	336.626	98.340	-0.013	0.014	1.573	
659.918	336.604	98.304	-0.013	0.014	1.573	
659.915	336.615	98.336	-0.013	0.014	1.573	
659.916	336.627	98.340	-0.013	0.014	1.573	
659.936	336.616	98.369	-0.013	0.014	1.573	
659.925	336.646	98.366	-0.013	0.014	1.573	
659.927	336.618	98.350	-0.013	0.014	1.573	
659.921	336.660	98.357	-0.013	0.014	1.573	
659.934	336.619	98.381	-0.013	0.014	1.573	
659.923	336.611	98.348	-0.013	0.014	1.573	
659.943	336.614	98.374	-0.013	0.014	1.573	
659.916	336.640	98.362	-0.013	0.014	1.573	
659.891	336.641	98.359	-0.013	0.014	1.573	
659.923	336.617	98.379	-0.013	0.014	1.573	
659.931	336.640	98.381	-0.013	0.014	1.573	
659.933	336.639	98.391	-0.013	0.014	1.573	
659.922	336.635	98.382	-0.013	0.014	1.573	
659.905	336.623	98.386	-0.013	0.014	1.573	
659.936	336.628	98.389	-0.013	0.014	1.573	
659.930	336.622	98.382	-0.013	0.014	1.573	
659.913	336.636	98.401	-0.013	0.014	1.573	
659.943	336.632	98.414	-0.013	0.014	1.573	
659.944	336.634	98.414	-0.013	0.014	1.573	
659.937	336.665	98.422	-0.013	0.014	1.573	
659.945	336.635	98.414	-0.013	0.014	1.573	
659.951	336.666	98.459	-0.013	0.014	1.573	
659.927	336.650	98.446	-0.013	0.014	1.573	
659.943	336.645	98.458	-0.013	0.014	1.573	
659.961	336.652	98.452	-0.013	0.014	1.573	
659.951	336.665	98.464	-0.013	0.014	1.573	
659.948	336.681	98.486	-0.013	0.014	1.573	
659.955	336.659	98.458	-0.013	0.014	1.573	
659.969	336.676	98.483	-0.013	0.014	1.573	
659.943	336.660	98.469	-0.013	0.014	1.573	
659.953	336.655	98.449	-0.013	0.014	1.573	
659.970	336.673	98.499	-0.013	0.014	1.573	
659.970	336.652	98.500	-0.013	0.014	1.573	
659.966	336.672	98.498	-0.013	0.014	1.573	
659.938	336.660	98.462	-0.013	0.014	1.573	
659.959	336.688	98.500	-0.013	0.014	1.573	
659.947	336.654	98.485	-0.013	0.014	1.573	
659.954	336.654	98.478	-0.013	0.014	1.573	
659.942	336.662	98.483	-0.013	0.014	1.573	
659.952	336.636	98.480	-0.013	0.014	1.573	
659.932	336.672	98.487	-0.013	0.014	1.573	
659.960	336.696	98.509	-0.013	0.014	1.573	
659.959	336.673	98.516	-0.013	0.014	1.573	
659.964	336.646	98.510	-0.013	0.014	1.573	
659.949	336.678	98.525	-0.013	0.014	1.573	
659.954	336.673	98.524	-0.013	0.014	1.573	
659.950	336.655	98.500	-0.013	0.014	1.573	
659.944	336.660	98.501	-0.013	0.014	1.573	
659.938	336.684	98.516	-0.013	0.014	1.573	
659.927	336.653	98.496	-0.013	0.014	1.573	
659.940	336.661	98.526	-0.013	0.014	1.573	
659.932	336.651	98.506	-0.013	0.014	1.573	
659.938	336.648	98.521	-0.013	0.014	1.573	
659.937	336.647	98.512	-0.013	0.014	1.573	
659.950	336.680	98.567	-0.013	0.014	1.573	
659.943	336.679	98.557	-0.013	0.014	1.573	
659.957	336.671	98.559	-0.013	0.014	1.573	
659.935	336.638	98.522	-0.013	0.014	1.573	
659.944	336.661	98.545	-0.013	0.014	1.573	
659.943	336.660	98.555	-0.013	0.014	1.573	
659.921	336.641	98.543	-0.013	0.014	1.573	
659.940	336.655	98.540	-0.013	0.014	1.573	
659.930	336.648	98.541	-0.013	0.014	1.573	
659.927	336.635	98.534	-0.013	0.014	1.573	
659.930	336.649	98.561	-0.013	0.014	1.573	
659.937	336.673	98.578	-0.013	0.014	1.573	
659.943	336.667	98.563	-0.013	0.014	1.573	
659.935	336.656	98.563	-0.013	0.014	1.573	
659.941	336.661	98.570	-0.013	0.014	1.573	
659.938	336.655	98.576	-0.013	0.014	1.573	
659.938	336.651	98.585	-0.013	0.014	1.573	
659.924	336.657	98.566	-0.013	0.014	1.573	
659.932	336.654	98.581	-0.013	0.014	1.573	
659.943	336.647	98.594	-0.013	0.014	1.573	
659.948	336.648	98.594	-0.013	0.014	1.573	
659.929	336.648	98.574	-0.013	0.014	1.573	
659.922	336.656	98.572	-0.013	0.014	1.573	
659.934	336.643	98.584	-0.013	0.014	1.573	
659.926	336.645	98.580	-0.013	0.014	1.573	
659.930	336.660	98.593	-0.013	0.014	1.573	
659.925	336.656	98.592	-0.013	0.014	1.573	
659.923	336.658	98.600	-0.013	0.014	1.573	
659.929	336.627	98.593	-0.013	0.014	1.573	
659.949	336.631	98.607	-0.013	0.014	1.573	
659.934	336.672	98.601	-0.013	0.014	1.573	
659.927	336.649	98.600	-0.013	0.014	1.573	
659.953	336.656	98.627	-0.013	0.014	1.573	
659.934	336.637	98.617	-0.013	0.014	1.573	
659.955	336.656	98.639	-0.013	0.014	1.573	
659.929	336.663	98.612	-0.013	0.014	1.573	
659.932	336.658	98.613	-0.013	0.014	1.573	
659.937	336.659	98.639	-0.013	0.014	1.573	
659.936	336.634	98.628	-0.013	0.014	1.573	
659.943	336.664	98.640	-0.013	0.014	1.573	
659.932	336.669	98.644	-0.013	0.014	1.573	
659.932	336.679	98.640	-0.013	0.014	1.573	
659.938	336.675	98.664	-0.013	0.014	1.573	
659.945	336.685	98.668	-0.013	0.014	1.573	
659.955	336.663	98.679	-0.013	0.014	1.573	
659.957	336.692	98.691	-0.013	0.014	1.573	
659.944	336.706	98.674	-0.013	0.014	1.573	
659.943	336.696	98.657	-0.013	0.014	1.573	
659.949	336.688	98.679	-0.013	0.014	1.573	
659.963	336.711	98.701	-0.013	0.014	1.573	
659.968	336.707	98.722	-0.013	0.014	1.573	
659.977	336.704	98.724	-0.013	0.014	1.573	
659.978	336.689	98.718	-0.013	0.014	1.573	
659.990	336.700	98.740	-0.013	0.014	1.573	
659.970	336.699	98.707	-0.013	0.014	1.573	
659.967	336.711	98.720	-0.013	0.014	1.573	
659.983	336.716	98.741	-0.013	0.014	1.573	
659.966	336.706	98.737	-0.013	0.014	1.573	
659.979	336.695	98.733	-0.013	0.014	1.573	
659.965	336.708	98.725	-0.013	0.014	1.573	
659.965	336.701	98.722	-0.013	0.014	1.573	
659.963	336.699	98.731	-0.013	0.014	1.573	
659.982	336.709	98.734	-0.013	0.014	1.573	
659.992	336.698	98.738	-0.013	0.014	1.573	
659.975	336.698	98.768	-0.013	0.014	1.573	
659.969	336.694	98.752	-0.013	0.014	1.573	
659.970	336.699	98.745	-0.013	0.014	1.573	
659.969	336.709	98.762	-0.013	0.014	1.573	
659.963	336.693	98.741	-0.013	0.014	1.573	
659.966	336.706	98.764	-0.013	0.014	1.573	
659.965	336.708	98.742	-0.013	0.014	1.573	
659.957	336.694	98.739	-0.013	0.014	1.573	
659.982	336.700	98.769	-0.013	0.014	1.573	
659.961	336.688	98.758	-0.013	0.014	1.573	
659.975	336.709	98.764	-0.013	0.014	1.573	
659.953	336.688	98.746	-0.013	0.014	1.573	
659.972	336.706	98.774	-0.013	0.014	1.573	
659.966	336.688	98.773	-0.013	0.014	1.573	
659.968	336.686	98.753	-0.013	0.014	1.573	
659.961	336.691	98.771	-0.013	0.014	1.573	
659.949	336.692	98.756	-0.013	0.014	1.573	
659.949	336.709	98.774	-0.013	0.014	1.573	
659.962	336.699	98.768	-0.013	0.014	1.573	
659.956	336.697	98.776	-0.013	0.014	1.573	
659.960	336.704	98.782	-0.013	0.014	1.573	
659.947	336.694	98.766	-0.013	0.014	1.573	
659.965	336.687	98.784	-0.013	0.014	1.573	
659.969	336.728	98.814	-0.013	0.014	1.573	
659.969	336.697	98.790	-0.013	0.014	1.573	
659.955	336.692	98.793	-0.013	0.014	1.573	
659.972	336.685	98.807	-0.013	0.014	1.573	
659.960	336.699	98.784	-0.013	0.014	1.573	
659.957	336.704	98.813	-0.013	0.014	1.573	
659.938	336.693	98.775	-0.013	0.014	1.573	
659.951	336.694	98.811	-0.013	0.014	1.573	
659.938	336.696	98.768	-0.013	0.014	1.573	
659.933	336.689	98.762	-0.013	0.014	1.573	
659.938	336.687	98.775	-0.013	0.014	1.573	
659.948	336.687	98.810	-0.013	0.014	1.573	
659.935	336.690	98.796	-0.013	0.014	1.573	
659.950	336.688	98.807	-0.013	0.014	1.573	
659.962	336.665	98.807	-0.013	0.014	1.573	
659.935	336.695	98.814	-0.013	0.014	1.573	
659.944	336.704	98.829	-0.013	0.014	1.573	
659.939	336.682	98.810	-0.013	0.014	1.573	
659.960	336.703	98.831	-0.013	0.014	1.573	
659.955	336.674	98.819	-0.013	0.014	1.573	
659.926	336.671	98.822	-0.013	0.014	1.573	
659.945	336.658	98.803	-0.013	0.014	1.573	
659.922	336.689	98.818	-0.013	0.014	1.573	
659.938	336.682	98.818	-0.013	0.014	1.573	
659.950	336.705	98.835	-0.013	0.014	1.573	
659.943	336.705	98.839	-0.013	0.014	1.573	
659.958	336.699	98.847	-0.013	0.014	1.573	
659.940	336.683	98.831	-0.013	0.014	1.573	
659.937	336.692	98.840	-0.013	0.014	1.573	
659.946	336.690	98.864	-0.013	0.014	1.573	
659.936	336.681	98.840	-0.013	0.014	1.573	
659.960	336.674	98.857	-0.013	0.014	1.573	
659.958	336.692	98.864	-0.013	0.014	1.573	
659.946	336.688	98.851	-0.013	0.014	1.573	
659.936	336.691	98.835	-0.013	0.014	1.573	
659.924	336.699	98.851	-0.013	0.014	1.573	
659.935	336.712	98.861	-0.013	0.014	1.573	
659.943	336.701	98.860	-0.013	0.014	1.573	
659.947	336.675	98.844	-0.013	0.014	1.573	
659.934	336.706	98.873	-0.013	0.014	1.573	
659.944	336.666	98.865	-0.013	0.014	1.573	
659.937	336.662	98.838	-0.013	0.014	1.573	
659.950	336.691	98.866	-0.013	0.014	1.573	
659.952	336.693	98.876	-0.013	0.014	1.573	
659.949	336.703	98.887	-0.013	0.014	1.573	
659.946	336.708	98.885	-0.013	0.014	1.573	
659.932	336.708	98.871	-0.013	0.014	1.573	
659.945	336.678	98.876	-0.013	0.014	1.573	
659.963	336.704	98.893	-0.013	0.014	1.573	
659.940	336.713	98.892	-0.013	0.014	1.573	
659.950	336.670	98.873	-0.013	0.014	1.573	
659.948	336.691	98.890	-0.013	0.014	1.573	
659.948	336.693	98.900	-0.013	0.014	1.573	
659.940	336.706	98.890	-0.013	0.014	1.573	
659.955	336.703	98.927	-0.013	0.014	1.573	
659.950	336.705	98.909	-0.013	0.014	1.573	
659.959	336.708	98.914	-0.013	0.014	1.573	
659.947	336.700	98.909	-0.013	0.014	1.573	
659.961	336.705	98.931	-0.013	0.014	1.573	
659.954	336.688	98.910	-0.013	0.014	1.573	
659.951	336.718	98.913	-0.013	0.014	1.573	
659.943	336.715	98.929	-0.013	0.014	1.573	
659.948	336.720	98.913	-0.013	0.014	1.573	
659.939	336.683	98.886	-0.013	0.014	1.573	
659.938	336.704	98.906	-0.013	0.014	1.573	
659.960	336.694	98.927	-0.013	0.014	1.573	
659.957	336.695	98.929	-0.013	0.014	1.573	
659.950	336.711	98.935	-0.013	0.014	1.573	
659.961	336.695	98.934	-0.013	0.014	1.573	
659.957	336.696	98.922	-0.013	0.014	1.573	
659.940	336.723	98.918	-0.013	0.014	1.573	
659.936	336.707	98.932	-0.013	0.014	1.573	
659.971	336.715	98.948	-0.013	0.014	1.573	
659.946	336.714	98.939	-0.013	0.014	1.573	
659.947	336.698	98.934	-0.013	0.014	1.573	
659.948	336.706	98.930	-0.013	0.014	1.573	
659.966	336.730	98.956	-0.013	0.014	1.573	
659.943	336.698	98.954	-0.013	0.014	1.573	
659.951	336.731	98.969	-0.013	0.014	1.573	
659.936	336.715	98.952	-0.013	0.014	1.573	
659.952	336.706	98.956	-0.013	0.014	1.573	
659.943	336.692	98.946	-0.013	0.014	1.573	
659.957	336.706	98.969	-0.013	0.014	1.573	
659.945	336.722	98.968	-0.013	0.014	1.573	
659.945	336.695	98.947	-0.013	0.014	1.573	
659.949	336.714	98.959	-0.013	0.014	1.573	
659.946	336.704	98.962	-0.013	0.014	1.573	
659.935	336.718	98.953	-0.013	0.014	1.573	
659.944	336.714	98.972	-0.013	0.014	1.573	
659.941	336.712	98.972	-0.013	0.014	1.573	
659.937	336.704	98.954	-0.013	0.014	1.573	
659.945	336.704	98.961	-0.013	0.014	1.573	
659.944	336.708	98.970	-0.013	0.014	1.573	
659.930	336.704	98.956	-0.013	0.014	1.573	
659.939	336.712	98.971	-0.013	0.014	1.573	
659.959	336.716	98.981	-0.013	0.014	1.573	
659.946	336.714	98.992	-0.013	0.014	1.573	
659.959	336.716	98.990	-0.013	0.014	1.573	
659.951	336.707	98.971	-0.013	0.014	1.573	
659.933	336.701	98.979	-0.013	0.014	1.573	
659.953	336.714	98.996	-0.013	0.014	1.573	
659.953	336.709	98.997	-0.013	0.014	1.573	
659.950	336.722	98.985	-0.013	0.014	1.573	
659.955	336.711	98.996	-0.013	0.014	1.573	
659.947	336.723	99.018	-0.013	0.014	1.573	
659.954	336.712	99.014	-0.013	0.014	1.573	
659.963	336.701	98.994	-0.013	0.014	1.573	
659.933	336.719	98.997	-0.013	0.014	1.573	
659.950	336.726	98.997	-0.013	0.014	1.573	
659.937	336.715	99.013	-0.013	0.014	1.573	
659.945	336.710	99.000	-0.013	0.014	1.573	
659.935	336.695	98.983	-0.013	0.014	1.573	
659.957	336.697	99.017	-0.013	0.014	1.573	
659.952	336.724	99.014	-0.013	0.014	1.573	
659.949	336.718	99.016	-0.013	0.014	1.573	
659.941	336.723	99.012	-0.013	0.014	1.573	
659.956	336.731	99.042	-0.013	0.014	1.573	
