0.233	-0.071	0.312	-0.043	0.010	-0.008	
-0.018	0.371	0.425	0.045	0.011	0.016	
0.032	0.014	0.021	-0.017	-0.007	-0.002	
-0.077	-0.267	0.006	0.001	-0.027	-0.003	
0.364	-0.896	0.016	-0.087	-0.006	-0.012	
0.162	0.194	-0.012	0.017	-0.033	0.001	
0.083	-0.193	0.174	-0.009	-0.033	-0.003	
0.072	0.324	0.035	0.015	-0.003	0.004	
0.133	-0.214	0.155	-0.025	0.027	0.006	
-0.128	0.261	0.457	0.033	-0.003	-0.006	
0.042	0.256	0.157	-0.005	0.013	0.006	
-0.138	0.045	0.090	0.005	-0.019	-0.004	
0.373	-0.052	0.192	-0.011	-0.064	-0.015	
0.052	0.088	0.280	0.007	-0.007	0.012	
-0.138	0.181	-0.122	0.007	0.003	0.000	
0.062	0.116	0.119	0.017	-0.007	0.002	
0.253	-0.163	0.154	0.013	-0.029	-0.005	
-0.048	0.304	0.036	0.033	0.003	0.006	
0.073	0.008	0.251	0.001	-0.015	-0.008	
-0.138	0.301	-0.104	0.037	0.009	0.002	
-0.158	0.351	-0.105	0.043	-0.003	-0.002	
-0.078	0.021	-0.149	0.009	-0.019	-0.008	
0.132	0.074	-0.000	0.001	-0.039	-0.005	
0.063	-0.076	0.042	0.025	-0.013	-0.010	
0.172	0.167	0.168	0.019	-0.043	0.001	
-0.097	-0.106	0.013	-0.013	0.015	-0.010	
-0.077	-0.215	0.125	-0.015	-0.004	-0.018	
0.203	-0.247	-0.055	-0.015	-0.011	-0.008	
-0.138	0.229	-0.223	0.005	0.017	0.002	
0.143	-0.321	0.287	-0.021	-0.019	-0.002	
-0.027	-0.062	0.262	0.011	0.017	0.012	
-0.008	0.162	-0.082	0.021	0.013	-0.000	
-0.047	-0.074	0.142	0.015	0.011	-0.006	
-0.118	0.034	0.030	0.003	0.015	-0.004	
0.083	-0.446	-0.001	-0.027	-0.003	0.000	
-0.127	-0.295	0.086	-0.017	-0.017	-0.006	
-0.188	0.161	-0.122	0.015	0.013	-0.002	
-0.157	-0.037	-0.038	0.023	-0.007	0.012	
0.152	0.097	0.169	0.005	-0.023	-0.004	
0.243	-0.283	0.186	-0.025	-0.005	0.008	
-0.007	-0.032	0.272	-0.009	0.017	-0.010	
0.152	0.306	0.136	0.027	-0.027	-0.001	
-0.197	-0.097	0.013	0.003	-0.013	-0.008	
0.243	-0.212	0.255	-0.013	-0.009	-0.002	
-0.048	0.170	-0.202	0.013	0.011	-0.006	
-0.348	0.164	0.068	0.029	0.021	0.004	
-0.058	0.334	0.025	-0.005	0.011	-0.008	
0.223	-0.186	0.024	-0.025	-0.010	-0.012	
0.052	0.185	0.058	0.005	0.009	-0.002	
-0.218	0.061	-0.110	0.007	-0.005	0.004	
0.103	-0.128	-0.127	-0.011	-0.011	-0.006	
0.112	0.011	-0.169	-0.017	-0.029	-0.016	
-0.158	0.079	-0.260	0.011	-0.001	0.002	
0.313	-0.439	-0.162	-0.051	-0.018	-0.012	
-0.158	0.082	-0.080	0.015	0.013	-0.000	
-0.068	0.242	-0.093	0.011	0.023	0.012	
0.002	0.177	0.198	0.007	0.003	0.010	
0.032	0.166	0.128	0.021	-0.027	-0.003	
0.013	-0.069	-0.128	-0.021	0.007	-0.006	
-0.188	0.116	-0.441	0.033	0.025	0.002	
-0.057	-0.197	-0.026	-0.025	0.001	-0.008	
0.062	0.045	0.100	-0.001	-0.011	-0.006	
0.243	-0.066	-0.018	0.001	-0.017	-0.004	
0.232	0.036	0.140	0.005	-0.017	0.010	
0.173	-0.248	-0.085	0.005	-0.003	0.004	
0.112	0.311	-0.184	0.003	-0.009	-0.002	
-0.117	-0.277	-0.034	-0.017	-0.007	0.000	
-0.297	-0.088	-0.047	0.016	0.017	-0.001	
0.173	-0.056	0.032	0.007	-0.028	-0.015	
0.092	-0.029	-0.159	-0.009	-0.020	-0.016	
0.133	-0.250	-0.245	-0.001	-0.005	-0.010	
-0.188	0.054	0.030	0.005	0.012	-0.016	
-0.127	-0.095	0.103	0.015	-0.007	-0.004	
0.112	0.219	0.297	0.007	0.002	-0.020	
0.212	0.022	-0.119	0.003	-0.035	-0.003	
0.102	0.344	-0.005	0.023	0.005	-0.014	
0.112	0.203	-0.043	0.015	0.023	0.016	
-0.148	0.419	-0.226	0.041	0.011	0.008	
0.023	-0.403	-0.352	-0.027	-0.005	-0.008	
-0.327	-0.108	-0.047	-0.005	-0.005	-0.002	
-0.268	0.095	0.140	0.009	0.009	-0.002	
0.173	-0.164	0.114	-0.015	-0.014	-0.014	
-0.027	-0.208	-0.085	-0.003	0.006	-0.014	
-0.108	0.269	-0.244	0.047	-0.005	-0.004	
0.122	-0.022	-0.319	-0.019	-0.016	-0.018	
0.053	-0.024	0.141	-0.007	-0.019	0.000	
-0.188	0.049	-0.260	0.009	0.009	-0.012	
0.122	0.053	-0.020	0.009	0.001	0.002	
-0.148	0.293	-0.024	0.025	-0.003	0.000	
0.033	-0.143	0.183	-0.021	0.018	-0.016	
-0.119	0.483	-0.007	0.047	0.021	0.004	
-0.248	0.275	0.096	0.023	-0.005	-0.016	
0.263	-0.333	0.147	-0.033	0.005	-0.004	
0.103	-0.138	-0.117	0.005	-0.009	-0.008	
0.102	0.039	-0.250	-0.011	0.001	-0.010	
0.273	-0.172	0.204	-0.005	-0.040	-0.015	
-0.117	-0.161	-0.256	-0.017	-0.018	-0.014	
-0.128	0.229	-0.223	0.039	-0.015	-0.004	
-0.027	-0.315	0.086	-0.031	0.023	-0.004	
0.033	-0.246	0.015	-0.005	0.029	-0.012	
-0.278	0.211	-0.092	0.041	0.033	0.005	
-0.087	-0.157	-0.026	0.007	0.009	-0.010	
0.053	-0.130	-0.227	0.009	-0.017	0.002	
-0.028	0.030	-0.209	0.015	-0.001	0.002	
-0.148	0.385	0.085	0.027	0.017	0.004	
0.133	-0.221	0.305	-0.007	0.007	-0.010	
0.112	0.224	-0.003	0.013	-0.017	-0.004	
-0.198	0.100	-0.211	0.033	0.001	0.000	
0.274	-0.599	-0.199	-0.049	-0.032	-0.017	
0.143	-0.132	-0.347	-0.007	0.009	0.002	
-0.228	0.197	0.248	0.035	0.021	-0.000	
-0.078	0.054	0.010	0.011	0.015	0.004	
-0.148	0.001	-0.129	0.005	0.037	0.001	
0.093	-0.122	-0.317	-0.009	0.001	-0.006	
-0.227	-0.028	-0.068	0.015	0.031	0.002	
0.253	-0.097	-0.087	0.001	-0.021	-0.008	
-0.058	0.311	-0.124	0.015	0.011	-0.004	
-0.258	0.159	-0.212	0.043	0.025	-0.000	
0.283	-0.065	0.032	-0.017	-0.009	-0.008	
-0.058	-0.029	-0.128	0.005	0.006	-0.020	
0.041	0.548	-0.338	0.049	-0.001	-0.002	
-0.257	-0.039	-0.088	0.015	0.021	0.002	
-0.128	0.122	-0.051	0.003	0.015	0.004	
-0.028	0.309	-0.234	0.021	0.005	-0.002	
-0.207	-0.082	-0.318	0.011	0.011	-0.014	
-0.118	0.410	-0.196	0.043	0.009	0.002	
-0.378	0.068	-0.270	0.007	0.015	-0.012	
-0.018	-0.008	-0.109	0.014	-0.021	-0.010	
-0.119	0.365	-0.465	0.029	0.027	-0.006	
-0.087	-0.324	-0.443	-0.031	-0.002	-0.014	
0.003	-0.364	-0.463	-0.017	-0.018	-0.012	
0.403	-0.215	-0.526	-0.041	-0.014	-0.020	
-0.158	0.056	-0.400	0.011	0.003	-0.002	
-0.118	0.253	-0.033	0.033	0.023	0.006	
0.212	0.323	-0.065	0.035	-0.017	-0.004	
-0.038	0.096	0.149	0.041	0.011	0.006	
0.142	0.023	-0.019	-0.013	0.001	0.000	
-0.078	0.426	0.154	0.031	0.029	-0.000	
0.122	0.221	-0.153	0.045	-0.015	0.004	
-0.198	0.046	-0.410	-0.013	0.029	-0.004	
-0.127	-0.050	-0.188	0.029	0.005	-0.002	
-0.108	0.117	0.199	0.017	0.022	-0.022	
-0.328	0.136	-0.401	0.011	0.033	-0.007	
-0.408	0.128	-0.261	0.016	0.049	-0.005	
-0.009	0.543	-0.058	0.033	0.011	-0.008	
-0.098	-0.016	-0.529	0.017	0.013	-0.004	
0.293	-0.212	-0.346	-0.017	-0.032	-0.025	
-0.117	-0.503	-0.370	-0.035	0.012	-0.024	
0.012	-0.016	-0.539	0.011	-0.003	0.004	
-0.278	0.172	-0.082	0.019	0.033	-0.001	
0.182	0.347	-0.425	0.027	0.019	-0.002	
-0.088	-0.062	-0.318	-0.019	-0.008	-0.016	
0.083	-0.224	0.165	-0.029	0.007	-0.008	
-0.149	0.464	0.043	0.035	0.019	-0.012	
0.303	-0.273	-0.424	-0.013	-0.028	-0.017	
-0.107	-0.193	-0.376	-0.011	0.006	-0.014	
0.211	0.511	-0.148	0.035	0.003	-0.000	
0.152	0.180	-0.252	-0.007	-0.001	0.004	
-0.288	0.238	-0.263	0.016	0.073	-0.009	
-0.058	0.329	-0.265	0.019	0.013	0.004	
0.033	-0.132	-0.317	-0.019	0.013	-0.002	
-0.058	0.299	-0.264	0.019	-0.001	-0.004	
-0.037	-0.078	-0.098	0.009	-0.009	-0.006	
-0.098	0.488	0.243	0.042	0.047	-0.005	
-0.138	0.154	0.018	0.025	-0.003	0.002	
-0.048	0.311	-0.164	0.037	0.001	0.006	
-0.278	-0.004	-0.379	0.029	-0.000	-0.002	
0.323	-0.273	0.146	-0.017	-0.009	-0.008	
0.122	-0.026	-0.599	0.001	0.015	-0.006	
0.022	0.030	-0.210	0.013	-0.023	0.004	
-0.378	0.069	-0.210	0.006	0.063	-0.001	
-0.188	0.291	0.486	0.021	0.005	0.002	
-0.187	-0.280	-0.204	0.001	-0.005	-0.004	
0.133	-0.070	-0.208	0.005	-0.017	-0.014	
-0.138	0.291	-0.154	0.041	-0.013	-0.010	
-0.047	-0.113	0.233	-0.001	0.019	0.002	
0.052	0.014	0.041	-0.001	0.039	0.007	
-0.257	-0.038	-0.068	0.001	0.005	-0.012	
-0.218	0.283	0.016	0.031	0.023	-0.002	
0.322	-0.004	0.081	-0.001	-0.048	-0.015	
-0.167	-0.112	-0.317	-0.017	0.033	-0.006	
-0.098	0.211	-0.113	0.026	0.014	-0.004	
-0.188	0.055	0.120	0.012	0.017	-0.004	
0.193	-0.224	-0.445	-0.015	-0.015	-0.008	
0.243	-0.070	-0.228	-0.013	-0.001	-0.006	
0.002	0.149	-0.272	0.011	0.013	-0.006	
-0.067	-0.357	-0.043	-0.017	0.029	-0.008	
-0.067	-0.333	-0.343	-0.017	-0.015	-0.008	
0.023	-0.192	0.234	-0.021	-0.009	-0.010	
0.151	0.533	-0.068	0.049	-0.003	0.010	
0.202	0.085	0.050	-0.003	0.027	-0.004	
-0.018	0.212	-0.113	0.019	-0.009	0.000	
-0.058	0.093	-0.011	0.013	-0.013	0.004	
-0.008	0.055	0.060	-0.011	0.003	-0.004	
0.062	0.034	0.020	-0.027	0.025	0.002	
0.151	0.583	-0.029	0.059	-0.015	0.000	
0.223	-0.067	-0.058	0.003	0.001	0.000	
-0.088	0.041	-0.140	0.031	0.011	-0.008	
-0.098	0.362	-0.095	0.033	0.007	-0.004	
0.282	0.229	-0.293	0.011	-0.021	0.000	
0.043	-0.139	-0.167	0.005	0.009	-0.008	
-0.078	0.186	0.128	0.025	0.019	0.016	
-0.257	-0.420	-0.192	-0.040	0.041	-0.009	
0.183	-0.277	-0.034	-0.031	-0.005	-0.008	
-0.048	0.213	-0.003	0.019	0.005	-0.006	
0.052	0.433	-0.026	0.049	-0.021	0.006	
0.152	0.356	0.135	0.029	0.013	0.004	
-0.049	0.537	-0.368	0.049	0.011	0.004	
-0.028	0.096	0.119	0.021	-0.001	-0.010	
-0.028	0.021	-0.129	0.019	-0.009	-0.010	
0.202	0.394	0.014	0.015	-0.017	-0.010	
-0.038	-0.008	-0.109	-0.001	-0.003	-0.012	
0.272	0.144	0.008	0.024	0.004	0.002	
-0.098	0.144	0.049	0.027	0.003	0.006	
0.243	-0.334	0.147	-0.023	-0.003	-0.010	
-0.167	-0.316	0.046	0.001	-0.007	-0.008	
0.022	0.053	-0.040	0.001	0.013	-0.002	
-0.148	0.081	-0.150	0.015	0.015	0.008	
0.063	-0.043	0.222	-0.015	0.001	-0.006	
0.142	0.369	-0.305	0.005	0.013	0.002	
-0.228	-0.019	-0.129	-0.003	0.026	-0.014	
-0.278	0.010	-0.159	0.005	0.025	-0.000	
-0.088	0.011	-0.159	0.015	-0.023	-0.006	
-0.128	0.234	0.017	0.029	0.017	-0.004	
-0.188	0.081	-0.110	0.019	0.019	-0.002	
-0.178	0.313	-0.034	0.035	0.001	0.006	
-0.058	0.198	0.258	-0.001	0.011	-0.002	
0.153	-0.117	-0.037	0.011	-0.021	-0.006	
0.192	0.050	-0.240	0.011	0.003	-0.008	
0.463	-0.150	-0.247	-0.007	-0.031	-0.001	
0.012	0.306	0.156	0.023	0.007	-0.000	
0.152	0.093	-0.071	0.013	-0.005	-0.010	
0.162	0.192	-0.082	0.011	-0.017	-0.002	
-0.067	-0.174	-0.436	-0.015	0.023	-0.008	
0.163	-0.168	-0.126	-0.003	-0.003	0.006	
-0.038	0.001	-0.119	0.011	0.035	-0.007	
0.162	0.260	-0.243	0.025	-0.005	0.002	
0.153	-0.369	-0.183	-0.011	-0.024	-0.014	
0.103	-0.209	-0.175	-0.007	-0.015	-0.010	
-0.078	0.366	0.175	0.031	0.033	0.001	
0.072	0.162	-0.112	0.021	-0.016	-0.018	
0.073	-0.037	-0.018	0.021	-0.027	-0.003	
-0.107	-0.034	0.132	-0.007	0.007	-0.012	
0.042	0.307	-0.374	0.025	-0.011	-0.006	
0.293	-0.014	0.101	0.005	-0.033	-0.011	
0.062	0.353	-0.045	0.025	0.001	0.006	
0.112	0.275	0.096	0.017	0.009	0.002	
0.173	0.008	0.221	-0.003	-0.023	-0.006	
-0.058	0.042	-0.100	-0.005	0.037	-0.005	
0.203	-0.077	-0.048	-0.011	-0.006	-0.014	
-0.088	0.100	-0.201	0.015	0.010	-0.005	
-0.048	-0.002	-0.289	-0.001	-0.007	-0.010	
-0.058	0.004	0.011	0.007	0.021	-0.002	
0.022	0.254	0.007	0.021	0.005	0.004	
0.152	0.191	-0.152	0.019	-0.011	-0.002	
-0.118	0.044	0.030	-0.002	0.045	-0.005	
0.012	0.140	-0.181	0.013	0.009	0.006	
0.043	-0.190	-0.226	-0.027	-0.004	-0.016	
-0.058	0.254	-0.523	0.045	-0.011	0.004	
0.052	0.093	-0.061	0.009	0.025	-0.010	
0.093	-0.225	0.055	-0.005	-0.003	-0.012	
-0.038	0.040	-0.200	0.011	-0.007	-0.002	
-0.077	-0.314	0.136	-0.017	0.038	-0.006	
0.043	-0.268	-0.074	-0.017	-0.014	-0.016	
0.062	0.202	-0.122	0.023	0.015	0.010	
0.162	0.225	0.077	0.021	-0.031	-0.013	
0.042	0.236	0.127	0.035	-0.007	-0.004	
-0.008	0.223	-0.023	0.027	0.007	0.004	
0.112	0.000	-0.219	0.011	-0.016	-0.032	
0.042	-0.009	-0.159	-0.021	0.003	-0.006	
0.042	0.203	-0.012	0.025	0.019	0.014	
-0.108	0.072	-0.070	-0.001	-0.002	-0.014	
0.022	0.277	-0.364	0.027	0.005	0.002	
0.313	-0.207	-0.046	-0.015	-0.025	-0.008	
-0.498	0.322	-0.004	0.033	0.019	-0.002	
0.143	-0.220	-0.225	0.005	-0.039	-0.009	
0.082	0.236	0.137	0.019	-0.011	0.004	
-0.218	0.238	0.317	0.026	0.045	0.011	
-0.288	0.097	-0.351	0.019	0.003	0.004	
0.133	-0.149	-0.176	0.001	-0.032	-0.013	
0.122	-0.028	-0.109	0.005	-0.019	0.002	
-0.148	-0.021	-0.269	-0.001	0.019	0.010	
-0.078	0.153	-0.002	-0.001	0.017	-0.000	
-0.218	0.163	-0.022	0.027	-0.015	0.006	
0.292	0.195	0.038	0.021	-0.013	0.012	
-0.038	0.051	-0.140	-0.003	0.009	0.002	
-0.028	0.238	0.257	-0.005	0.027	-0.006	
-0.117	-0.160	-0.186	0.001	-0.003	-0.002	
0.282	0.066	0.100	-0.011	-0.005	-0.002	
-0.008	0.050	-0.200	-0.003	0.017	-0.012	
0.011	0.441	-0.177	0.031	0.021	0.008	
-0.288	0.028	-0.279	0.023	0.015	-0.000	
-0.277	-0.127	0.013	-0.005	-0.004	-0.018	
-0.238	0.071	-0.130	0.023	-0.027	-0.009	
0.062	0.221	-0.133	0.023	-0.009	0.006	
-0.238	0.162	-0.082	0.017	0.025	-0.000	
-0.088	0.195	0.108	0.003	0.007	0.014	
-0.007	-0.117	-0.007	-0.001	-0.011	-0.004	
-0.198	0.075	0.090	-0.003	0.000	-0.014	
-0.068	0.223	-0.003	0.017	0.006	-0.001	
-0.078	0.321	-0.124	0.015	0.011	-0.006	
0.113	-0.106	0.043	-0.019	0.021	-0.000	
0.023	-0.070	0.352	-0.011	-0.016	-0.014	
0.002	0.194	0.018	0.017	-0.001	0.004	
-0.027	-0.055	0.102	0.015	-0.015	0.002	
0.003	-0.025	0.061	0.005	-0.003	0.000	
-0.128	0.062	-0.070	0.013	0.007	0.004	
0.073	-0.026	0.021	0.011	0.011	0.002	
-0.198	0.200	-0.202	0.007	0.013	-0.000	
-0.148	0.089	-0.220	0.026	0.017	-0.012	
0.072	0.352	-0.105	0.019	-0.001	-0.010	
0.213	-0.356	-0.013	-0.021	-0.022	-0.012	
-0.068	0.023	-0.009	0.007	-0.003	-0.002	
0.082	0.211	0.407	0.011	0.023	-0.002	
0.181	0.558	0.211	0.043	-0.009	0.002	
-0.097	-0.275	0.076	-0.023	0.003	-0.006	
0.103	-0.077	-0.048	-0.027	-0.022	-0.020	
0.132	0.273	-0.044	0.045	-0.039	-0.003	
0.092	0.133	-0.041	0.011	-0.001	-0.006	
-0.048	0.384	0.005	0.047	0.019	0.010	
0.042	0.044	0.020	-0.003	0.019	-0.002	
-0.208	0.094	-0.521	0.027	-0.008	-0.020	
-0.088	0.371	-0.135	0.033	-0.009	0.006	
-0.038	0.152	-0.092	-0.005	0.025	-0.000	
-0.037	-0.328	0.477	-0.007	-0.003	-0.012	
-0.018	0.011	-0.139	0.009	0.003	0.006	
-0.238	0.444	0.064	0.021	-0.001	0.006	
-0.198	0.158	-0.282	0.037	0.009	-0.002	
0.284	-0.528	-0.110	-0.051	-0.016	-0.012	
0.012	0.164	-0.002	0.019	0.005	-0.006	
-0.178	0.402	-0.076	0.039	0.033	0.007	
-0.188	0.234	0.067	0.013	0.013	0.006	
-0.278	0.205	0.128	0.029	0.013	0.008	
-0.108	0.210	-0.183	0.027	-0.009	0.012	
0.172	0.095	0.059	0.015	-0.025	-0.010	
0.122	0.022	-0.129	-0.033	-0.017	-0.004	
0.253	-0.083	0.192	-0.015	-0.007	0.004	
0.342	0.405	0.054	0.023	-0.031	-0.011	
-0.198	0.241	-0.113	0.009	0.027	0.006	
-0.008	0.161	-0.162	0.011	-0.021	-0.008	
0.042	-0.061	-0.248	0.013	0.009	0.002	
-0.188	0.222	-0.093	0.019	0.041	0.013	
0.103	-0.229	-0.155	-0.015	0.021	-0.000	
0.073	-0.269	-0.164	0.001	-0.011	-0.012	
0.033	-0.236	0.045	-0.011	0.010	-0.014	
0.062	0.003	-0.059	0.011	-0.015	0.000	
-0.048	0.018	-0.289	0.021	-0.031	-0.015	
0.132	-0.039	-0.178	-0.013	0.009	-0.000	
-0.017	-0.178	-0.106	-0.007	0.029	-0.006	
0.083	-0.132	-0.337	-0.005	0.025	-0.006	
0.203	-0.221	-0.315	-0.003	-0.005	-0.004	
-0.267	-0.064	0.172	0.001	0.025	-0.012	
0.192	0.156	0.148	0.011	-0.001	0.002	
-0.068	0.102	-0.091	0.015	0.001	0.002	
-0.018	0.116	0.169	0.007	0.021	0.004	
-0.058	0.252	-0.103	0.019	-0.001	0.006	
-0.158	0.101	-0.111	0.025	0.011	0.008	
0.012	0.033	-0.050	0.005	-0.021	-0.006	
0.132	0.172	-0.112	0.035	-0.017	0.002	
-0.258	0.274	0.046	0.029	0.013	-0.006	
0.062	0.146	0.119	0.015	-0.005	-0.006	
0.063	-0.056	-0.008	-0.017	-0.009	-0.006	
-0.379	0.550	-0.158	0.037	0.041	0.001	
0.032	0.050	-0.200	0.025	-0.013	-0.002	
0.012	0.187	-0.412	0.031	-0.031	-0.011	
-0.018	0.026	0.161	-0.016	0.041	0.005	
-0.088	0.302	-0.064	0.003	0.007	0.004	
0.142	0.439	0.294	0.037	-0.033	0.003	
-0.138	0.166	0.158	0.017	0.025	-0.000	
0.272	0.065	0.060	0.015	-0.015	0.000	
0.103	-0.133	-0.387	-0.021	0.014	-0.020	
-0.328	-0.071	-0.228	0.021	0.017	-0.000	
-0.158	-0.073	-0.348	0.007	0.003	0.004	
-0.168	0.379	-0.225	0.028	0.043	0.001	
0.051	0.626	0.160	0.069	0.025	0.016	
0.113	-0.275	0.076	-0.035	-0.003	0.000	
-0.148	0.207	-0.392	0.001	0.013	-0.004	
0.272	0.457	0.143	0.019	0.013	0.006	
-0.017	-0.123	0.223	-0.013	-0.007	-0.006	
-0.298	0.216	-0.393	0.013	0.013	0.012	
-0.037	-0.132	-0.317	-0.011	-0.017	0.008	
-0.137	-0.115	0.103	-0.013	-0.009	-0.010	
-0.217	-0.255	-0.505	0.005	0.019	-0.004	
0.213	-0.111	-0.267	-0.007	-0.007	-0.010	
-0.108	0.022	-0.079	-0.003	0.015	0.002	
-0.137	-0.118	-0.077	-0.001	0.011	-0.006	
-0.318	0.039	-0.230	0.001	0.003	0.010	
-0.147	-0.160	-0.176	-0.007	-0.003	-0.004	
0.122	0.161	-0.152	0.005	-0.019	-0.004	
-0.188	0.093	-0.020	0.011	0.009	0.004	
-0.157	-0.045	0.112	0.014	0.022	-0.010	
0.062	0.097	0.209	0.005	-0.005	0.002	
-0.118	0.065	0.080	0.011	-0.017	-0.014	
-0.027	-0.057	-0.008	0.007	-0.001	-0.002	
-0.288	0.365	0.125	0.013	0.033	0.004	
0.032	0.215	0.087	0.025	-0.005	0.000	
0.013	-0.085	0.082	0.003	-0.035	-0.013	
0.233	-0.407	-0.052	-0.039	-0.018	-0.014	
0.153	-0.364	0.157	-0.031	-0.014	-0.018	
0.032	0.004	0.021	0.009	0.025	0.004	
-0.078	0.241	-0.153	0.021	-0.001	-0.002	
-0.098	0.282	-0.073	0.029	0.029	-0.006	
-0.087	-0.060	-0.218	0.017	-0.003	-0.004	
-0.058	0.233	-0.013	0.023	-0.001	0.000	
0.143	-0.218	-0.096	-0.001	-0.037	-0.011	
-0.087	-0.106	0.013	-0.003	0.031	-0.002	
0.083	-0.236	0.045	-0.011	-0.045	-0.007	
-0.147	-0.169	-0.126	-0.009	0.021	-0.012	
0.223	-0.166	0.014	-0.023	0.025	0.008	
-0.087	-0.291	-0.264	-0.011	0.006	-0.014	
0.012	-0.030	-0.209	0.007	-0.007	-0.006	
-0.138	0.163	0.009	0.021	0.027	0.004	
0.102	0.144	-0.011	0.019	-0.016	0.002	
0.132	0.434	0.014	0.035	0.019	0.016	
-0.128	0.092	-0.100	0.015	-0.025	-0.010	
0.193	-0.250	-0.285	-0.013	-0.013	-0.012	
-0.168	0.214	0.078	0.023	0.013	-0.009	
-0.028	0.021	-0.139	-0.005	0.003	-0.006	
-0.338	-0.050	-0.208	0.023	0.001	-0.016	
0.032	-0.001	-0.279	0.015	-0.023	0.002	
-0.008	0.244	0.027	0.023	0.027	-0.000	
-0.037	-0.034	0.142	0.003	-0.005	0.002	
0.172	0.095	0.070	-0.007	0.007	-0.002	
0.193	-0.224	0.114	-0.017	-0.007	-0.012	
0.002	0.135	0.069	0.011	0.023	0.008	
-0.288	0.183	-0.012	0.045	0.013	-0.002	
0.042	0.072	-0.090	0.001	-0.015	-0.012	
-0.258	0.109	-0.270	0.027	0.027	0.002	
0.082	0.161	-0.211	0.023	0.003	0.002	
0.054	-0.759	-0.198	-0.061	0.050	-0.013	
0.072	0.043	-0.010	0.015	-0.009	-0.004	
0.013	-0.038	-0.088	-0.023	0.005	-0.010	
0.081	0.548	-0.436	0.041	0.005	0.004	
-0.099	0.765	0.081	0.049	0.035	0.020	
0.032	0.134	0.049	0.007	0.005	-0.004	
-0.008	0.312	-0.123	0.023	-0.005	-0.006	
0.023	-0.140	-0.257	-0.005	-0.003	0.000	
0.042	0.102	-0.110	0.013	-0.007	-0.008	
-0.298	0.112	-0.080	0.020	0.003	-0.011	
0.022	0.142	-0.111	0.001	0.023	0.008	
0.252	0.115	0.119	0.011	-0.015	0.016	
-0.198	0.248	0.338	0.011	0.023	0.010	
-0.148	0.305	0.137	0.031	0.023	0.010	
0.263	-0.196	0.003	-0.025	-0.009	-0.004	
-0.118	0.347	0.287	0.027	0.039	0.008	
0.092	0.004	0.051	0.003	0.011	0.002	
-0.188	0.213	-0.011	0.029	0.013	0.008	
-0.138	0.332	-0.073	0.001	0.041	-0.000	
0.043	0.026	0.241	0.015	-0.001	-0.008	
0.233	-0.206	-0.007	-0.007	-0.013	-0.004	
-0.178	0.282	-0.102	0.017	0.025	-0.006	
-0.137	-0.027	0.011	0.023	0.003	0.004	
0.112	0.264	0.028	0.023	-0.021	0.004	
-0.037	-0.415	0.116	-0.035	0.010	-0.028	
-0.237	-0.274	0.244	-0.017	0.019	0.002	
0.242	0.353	-0.103	0.049	-0.025	-0.002	
0.142	0.062	-0.150	0.017	-0.027	0.002	
0.072	0.274	0.038	0.025	0.015	-0.002	
-0.048	0.125	0.180	0.015	0.023	-0.002	
0.103	-0.034	0.221	-0.007	0.023	0.006	
-0.038	0.181	-0.201	0.027	-0.001	-0.004	
0.012	0.305	0.098	0.021	-0.015	-0.010	
0.172	0.261	-0.292	0.027	-0.007	0.006	
-0.498	-0.019	-0.189	0.023	0.017	-0.008	
0.022	0.065	0.140	-0.015	0.022	-0.005	
-0.078	0.223	-0.041	0.019	0.011	0.010	
-0.198	0.322	-0.112	0.017	0.016	-0.003	
-0.248	0.501	-0.214	0.035	0.025	0.006	
0.153	-0.047	-0.119	0.017	-0.007	0.006	
0.002	-0.101	-0.478	-0.017	-0.019	-0.002	
0.102	0.426	0.307	0.035	0.013	0.016	
-0.347	-0.147	-0.008	0.001	0.029	-0.004	
-0.048	0.043	-0.049	0.027	-0.007	0.000	
-0.098	0.453	0.007	0.043	0.007	-0.006	
-0.028	0.296	0.269	0.013	-0.013	-0.008	
-0.058	0.001	-0.299	-0.005	-0.009	0.010	
-0.138	0.063	-0.049	0.001	-0.003	0.004	
0.203	-0.086	-0.008	0.009	-0.033	0.010	
0.262	0.194	0.030	-0.015	0.001	-0.012	
-0.018	0.012	-0.249	0.005	-0.017	0.002	
-0.127	-0.258	-0.177	-0.005	-0.001	-0.018	
-0.098	0.134	0.050	0.013	-0.019	0.002	
-0.038	0.533	-0.053	0.067	-0.009	-0.002	
0.042	0.162	-0.250	0.019	-0.015	0.002	
0.022	0.264	0.049	0.019	-0.009	-0.004	
-0.008	0.064	0.111	0.009	-0.013	-0.012	
0.143	-0.197	-0.108	-0.025	-0.035	-0.012	
-0.088	0.623	-0.083	0.055	-0.007	0.006	
-0.177	-0.108	-0.228	-0.001	0.015	0.012	
0.383	-0.467	-0.216	-0.049	0.015	-0.012	
-0.148	-0.099	-0.338	-0.001	0.011	0.002	
-0.208	0.101	-0.400	0.014	-0.004	0.005	
-0.027	-0.206	0.162	-0.005	0.025	-0.008	
0.112	0.523	-0.022	0.030	-0.002	0.000	
0.032	0.401	-0.431	0.037	0.025	-0.008	
-0.208	0.244	0.170	0.007	0.015	0.002	
-0.438	0.364	0.129	0.043	0.017	-0.010	
-0.008	0.263	-0.140	0.035	-0.001	-0.004	
-0.238	0.453	-0.091	0.051	0.007	-0.006	
0.103	-0.106	-0.009	-0.009	0.001	-0.004	
-0.058	0.182	-0.360	0.021	0.009	-0.006	
-0.088	0.624	0.138	0.035	0.039	0.006	
-0.008	0.104	0.021	0.013	0.017	-0.010	
-0.218	0.023	-0.109	0.025	0.027	0.004	
0.303	-0.416	-0.027	-0.029	0.007	-0.018	
-0.058	0.542	-0.271	0.033	0.029	0.018	
-0.108	0.114	0.031	0.009	0.021	-0.000	
0.172	0.002	-0.349	0.009	0.015	-0.000	
0.022	0.173	-0.210	0.029	0.013	0.000	
-0.128	0.294	0.070	0.023	0.033	-0.000	
-0.198	0.052	-0.349	0.033	0.025	0.004	
-0.558	0.292	-0.280	0.007	0.039	-0.008	
-0.038	-0.047	-0.239	0.005	-0.020	-0.010	
0.062	0.123	-0.159	-0.001	-0.007	-0.008	
-0.248	0.163	-0.009	0.004	0.029	0.008	
0.142	0.063	-0.159	0.005	0.024	0.005	
-0.008	0.143	-0.199	0.033	-0.027	0.006	
0.163	-0.116	0.271	0.009	-0.010	-0.007	
-0.078	-0.127	-0.279	0.015	0.009	-0.004	
-0.088	0.003	-0.319	0.007	-0.005	0.002	
0.213	-0.457	-0.188	-0.007	-0.021	-0.006	
0.092	-0.077	-0.159	-0.015	-0.011	-0.004	
-0.168	-0.097	-0.239	0.003	0.015	-0.014	
0.022	0.234	0.120	0.025	-0.005	-0.002	
0.153	-0.206	0.011	-0.005	-0.013	-0.008	
-0.107	-0.297	-0.238	0.009	-0.021	-0.014	
0.172	0.334	-0.010	0.041	-0.021	-0.004	
-0.068	0.033	-0.259	0.031	0.003	-0.006	
0.103	-0.357	-0.208	-0.039	-0.011	-0.022	
-0.017	-0.336	0.082	-0.003	-0.021	-0.014	
0.012	0.093	-0.149	0.027	-0.021	-0.012	
-0.157	-0.347	-0.098	-0.009	-0.005	-0.014	
-0.208	0.243	-0.519	0.059	0.007	0.000	
-0.218	0.153	-0.219	0.037	-0.015	-0.008	
0.102	0.343	-0.129	0.035	-0.009	0.002	
0.012	0.084	0.101	0.019	-0.011	-0.003	
0.192	-0.087	-0.239	-0.003	-0.007	-0.004	
-0.148	-0.047	-0.049	-0.003	0.015	0.006	
0.002	0.393	-0.369	0.031	-0.007	-0.004	
0.062	-0.007	-0.039	0.019	-0.011	-0.012	
0.052	0.123	-0.249	0.011	0.023	-0.006	
-0.088	0.073	-0.089	0.027	0.027	0.008	
0.102	0.103	-0.189	0.013	-0.007	0.004	
-0.298	0.413	-0.079	0.039	0.017	0.006	
-0.008	-0.257	-0.439	-0.015	-0.027	-0.018	
-0.108	-0.227	-0.309	-0.013	-0.001	-0.008	
-0.228	-0.007	-0.239	0.009	0.015	-0.002	
-0.098	-0.246	0.111	-0.025	0.005	-0.014	
0.192	0.004	0.021	0.013	-0.037	-0.012	
-0.028	-0.317	-0.549	-0.019	0.001	-0.018	
0.022	-0.017	-0.139	-0.003	-0.011	-0.004	
-0.328	0.103	-0.169	0.027	0.005	0.004	
-0.198	-0.137	-0.189	-0.003	0.019	-0.006	
-0.218	-0.037	-0.079	0.003	-0.005	-0.006	
-0.008	-0.037	-0.049	0.013	-0.019	-0.012	
-0.058	-0.047	-0.259	0.007	-0.043	-0.004	
-0.158	-0.037	-0.329	0.003	0.037	-0.006	
0.062	-0.127	-0.119	-0.001	-0.013	0.002	
0.082	-0.077	-0.129	-0.001	0.011	0.000	
0.102	0.023	-0.109	0.007	0.023	0.006	
-0.058	-0.117	-0.199	0.011	-0.003	0.002	
-0.258	0.373	-0.279	0.039	0.005	-0.004	
-0.108	-0.247	-0.169	-0.011	0.007	-0.006	
0.032	-0.236	0.061	-0.003	-0.007	-0.008	
-0.158	-0.207	-0.329	-0.017	0.013	0.004	
0.032	-0.246	0.101	-0.011	0.011	0.000	
-0.098	-0.227	-0.299	-0.001	0.025	-0.006	
-0.078	-0.396	-0.339	-0.033	0.009	-0.004	
-0.198	-0.056	-0.039	0.009	0.005	0.004	
-0.048	0.164	-0.239	0.029	0.021	0.004	
-0.058	-0.126	-0.099	-0.001	0.013	0.006	
0.242	0.124	-0.529	0.007	-0.027	-0.004	
0.112	0.194	-0.239	0.009	0.001	0.014	
-0.078	-0.376	-0.369	-0.033	0.025	-0.002	
0.003	-0.206	-0.549	-0.013	-0.009	-0.002	
-0.168	0.224	-0.299	0.039	0.013	0.000	
-0.007	0.134	-0.209	0.007	0.025	0.018	
-0.078	0.074	-0.109	0.023	-0.007	0.000	
-0.008	-0.326	-0.449	-0.007	0.001	0.000	
-0.228	0.024	-0.289	0.029	-0.011	-0.014	
0.142	-0.086	-0.169	-0.005	-0.023	-0.008	
0.063	-0.066	-0.399	-0.005	-0.021	-0.006	
0.072	-0.017	0.071	0.007	0.005	0.000	
0.093	-0.176	-0.179	0.011	-0.023	-0.020	
-0.058	0.354	-0.139	0.055	-0.005	0.002	
-0.037	-0.026	-0.299	0.013	0.005	0.000	
-0.118	-0.036	-0.329	0.009	0.005	-0.004	
-0.128	-0.126	-0.059	-0.017	0.019	-0.006	
-0.037	0.154	-0.379	0.041	0.021	0.014	
-0.358	-0.076	-0.219	-0.017	0.021	-0.002	
-0.018	-0.086	-0.509	-0.031	0.007	0.004	
-0.248	-0.226	-0.389	-0.015	0.017	-0.006	
0.082	0.444	-0.169	0.051	-0.013	0.010	
-0.058	0.004	-0.169	0.023	0.007	-0.006	
0.102	0.084	-0.599	0.007	-0.001	0.000	
0.252	-0.026	-0.379	-0.001	-0.019	-0.004	
-0.958	-0.567	10.001	-0.059	0.063	0.008	
-2.258	-1.278	9.941	-0.083	0.131	0.016	
-2.729	-2.198	8.810	-0.145	0.153	0.014	
-3.161	-1.990	13.150	-0.161	0.203	0.026	
-3.743	-2.052	17.239	-0.119	0.191	0.024	
-4.325	-2.614	19.898	-0.157	0.255	0.038	
-4.327	-3.607	23.318	-0.241	0.257	0.020	
-4.859	-2.988	24.247	-0.185	0.269	0.030	
-4.620	-3.438	24.957	-0.243	0.255	0.014	
-4.220	-2.749	25.428	-0.193	0.195	0.022	
-4.399	-2.909	24.878	-0.209	0.233	0.020	
-4.049	-2.588	24.638	-0.175	0.207	0.018	
-3.848	-2.137	24.238	-0.157	0.165	0.024	
-4.157	-1.486	23.239	-0.085	0.221	0.030	
-4.056	-1.495	24.259	-0.111	0.203	0.026	
-3.795	-1.375	25.819	-0.103	0.227	0.024	
-3.486	-1.076	24.779	-0.099	0.179	0.014	
-3.195	-1.925	24.069	-0.145	0.165	0.002	
-3.155	-1.365	25.080	-0.111	0.163	0.022	
-3.065	-0.975	25.840	-0.073	0.175	0.032	
-3.123	-0.864	25.700	-0.081	0.175	0.020	
-2.723	-0.924	25.580	-0.079	0.139	0.018	
-2.373	-0.723	25.840	-0.069	0.113	0.024	
-2.142	-0.613	26.141	-0.065	0.117	0.036	
-2.112	-1.003	27.020	-0.099	0.107	0.014	
-2.041	-0.632	27.451	-0.055	0.115	0.016	
-1.521	-0.502	27.831	-0.071	0.099	0.000	
-1.629	-0.241	28.541	-0.049	0.099	0.032	
-1.859	-0.539	28.251	-0.043	0.077	0.008	
-1.798	-0.669	28.501	-0.055	0.061	0.012	
-2.127	-0.238	28.581	-0.045	0.109	0.042	
-2.257	-1.058	29.301	-0.077	0.089	0.020	
-2.316	-0.738	28.751	-0.081	0.103	0.016	
-2.415	-0.837	28.421	-0.063	0.145	0.032	
-2.415	-0.887	28.681	-0.081	0.123	0.022	
-2.145	-0.866	28.141	-0.053	0.059	0.010	
-2.395	-0.746	27.901	-0.061	0.105	0.004	
-2.305	-0.976	28.401	-0.083	0.119	0.016	
-2.295	-0.876	28.331	-0.079	0.107	0.028	
-2.244	-0.546	28.301	-0.059	0.109	0.024	
-2.235	-0.476	27.831	-0.029	0.117	0.014	
-2.024	-0.946	28.031	-0.089	0.109	0.004	
-2.204	-0.596	28.271	-0.069	0.125	0.032	
-2.555	-0.396	27.811	-0.047	0.123	0.012	
-2.264	-0.416	27.901	-0.035	0.079	0.018	
-2.355	-0.436	27.901	-0.029	0.103	0.014	
-2.015	-0.757	27.761	-0.061	0.077	0.016	
-2.324	-0.436	27.781	-0.051	0.119	0.018	
-2.255	-0.586	27.291	-0.041	0.087	0.020	
-2.135	-0.396	27.701	-0.067	0.113	0.030	
-2.256	-0.697	27.471	-0.061	0.133	0.020	
-2.326	-0.657	27.041	-0.057	0.089	0.012	
-2.056	-0.457	27.491	-0.053	0.101	0.018	
-1.977	-0.978	27.471	-0.093	0.111	0.008	
-2.076	-0.718	27.101	-0.059	0.105	0.002	
-2.136	-0.617	27.301	-0.049	0.129	0.020	
-2.376	-0.637	27.231	-0.077	0.115	0.010	
-2.056	-1.168	27.151	-0.083	0.079	0.006	
-1.897	-0.848	27.271	-0.083	0.083	0.018	
-2.367	-0.358	27.051	-0.035	0.115	0.030	
-2.347	-0.928	26.991	-0.053	0.097	0.012	
-2.348	-0.708	26.921	-0.075	0.099	0.014	
-2.499	-0.680	26.941	-0.021	0.133	0.028	
-2.670	-0.941	27.191	-0.059	0.115	0.018	
-2.500	-0.891	27.261	-0.075	0.145	0.026	
-2.751	-1.071	27.381	-0.075	0.107	0.016	
-2.582	-0.932	27.890	-0.061	0.091	0.012	
-2.740	-1.341	28.361	-0.095	0.151	0.026	
-2.441	-1.221	28.631	-0.113	0.117	0.012	
-2.362	-1.092	29.250	-0.101	0.109	0.012	
-2.722	-1.272	29.630	-0.103	0.123	0.028	
-2.642	-1.442	29.930	-0.093	0.117	0.012	
-2.962	-0.882	30.360	-0.067	0.145	0.034	
-2.612	-0.962	30.361	-0.069	0.127	0.026	
-2.731	-1.341	30.561	-0.115	0.133	0.010	
-2.592	-1.203	30.530	-0.089	0.119	0.014	
-2.572	-1.032	30.900	-0.065	0.113	0.018	
-2.232	-0.972	30.821	-0.091	0.103	0.014	
-2.241	-0.812	31.131	-0.055	0.105	0.028	
-2.092	-0.962	30.901	-0.107	0.101	0.014	
-2.082	-0.911	31.191	-0.077	0.079	0.028	
-2.241	-0.961	31.461	-0.085	0.111	0.026	
-1.950	-1.001	31.201	-0.077	0.083	0.024	
-1.961	-0.911	31.241	-0.087	0.103	0.008	
-1.781	-0.801	31.421	-0.065	0.059	0.020	
-1.900	-0.810	31.341	-0.077	0.109	0.020	
-2.040	-0.740	31.561	-0.071	0.103	0.026	
-1.900	-0.320	31.651	-0.045	0.125	0.046	
-2.031	-0.821	31.201	-0.081	0.047	0.024	
-1.941	-0.511	31.581	-0.047	0.099	0.024	
-1.640	-0.670	31.731	-0.053	0.073	0.016	
-1.690	-0.850	31.621	-0.081	0.073	0.024	
-1.629	-0.170	32.071	-0.031	0.101	0.024	
-1.389	-0.331	31.991	-0.047	0.065	0.028	
-1.179	-0.758	31.951	-0.091	0.067	0.016	
-1.438	-0.379	32.141	-0.043	0.039	0.024	
-1.257	-0.228	32.371	-0.051	0.063	0.018	
-1.048	-0.098	31.771	-0.015	0.037	0.034	
-1.408	0.052	31.851	0.003	0.055	0.022	
-0.867	0.202	31.461	-0.015	0.013	0.028	
-0.896	-0.287	31.031	-0.035	-0.001	0.018	
-0.687	0.242	31.021	0.003	-0.021	0.016	
-0.856	0.003	30.371	-0.035	0.033	0.032	
-1.544	-0.895	29.571	-0.119	0.087	0.012	
-1.774	-1.334	30.481	-0.101	0.065	0.022	
-1.904	-1.315	30.061	-0.107	0.085	0.022	
-1.744	-1.594	29.401	-0.133	0.077	0.004	
-1.694	-1.145	29.011	-0.083	0.047	0.024	
-1.574	-0.725	28.571	-0.047	0.069	0.018	
-1.773	-1.114	28.411	-0.097	0.065	0.030	
-1.684	-0.885	28.351	-0.077	0.091	0.010	
-1.634	-0.555	28.741	-0.059	0.069	0.014	
-1.445	-0.676	28.571	-0.067	0.045	0.026	
-1.594	-0.255	28.661	-0.035	0.067	0.006	
-1.385	-0.856	28.221	-0.069	0.029	0.012	
-1.654	-0.865	28.311	-0.069	0.061	0.004	
-1.654	-1.075	28.341	-0.079	0.075	0.016	
-1.485	-0.985	28.241	-0.085	0.063	0.022	
-1.846	-0.947	28.031	-0.061	0.097	0.010	
-1.655	-0.935	28.201	-0.073	0.083	0.030	
-1.986	-0.856	28.251	-0.069	0.089	0.036	
-1.485	-0.906	28.111	-0.077	0.051	0.030	
-1.666	-0.896	28.461	-0.067	0.067	0.018	
-1.717	-1.217	28.141	-0.113	0.087	0.024	
-1.757	-0.837	28.021	-0.065	0.051	0.018	
-1.556	-1.225	28.461	-0.113	0.071	0.008	
-1.856	-1.137	27.951	-0.065	0.071	0.016	
-1.526	-0.916	28.391	-0.103	0.053	0.028	
-1.737	-0.928	28.431	-0.077	0.079	0.012	
-1.848	-0.798	28.501	-0.061	0.077	0.026	
-1.757	-1.247	28.161	-0.099	0.069	0.022	
-1.628	-1.068	28.191	-0.109	0.051	0.024	
-1.629	-1.219	28.351	-0.115	0.067	0.016	
-1.778	-1.348	27.991	-0.129	0.093	0.016	
-1.909	-1.259	28.501	-0.093	0.081	0.028	
-1.729	-1.249	28.221	-0.113	0.101	0.030	
-1.789	-1.279	28.141	-0.101	0.103	0.032	
-1.941	-1.310	28.471	-0.113	0.077	0.034	
-1.870	-1.089	28.511	-0.071	0.091	0.036	
-1.890	-1.240	28.571	-0.085	0.065	0.032	
-2.041	-1.210	28.631	-0.081	0.093	0.020	
-1.890	-1.200	28.951	-0.097	0.087	0.022	
-1.971	-1.181	29.651	-0.073	0.059	0.028	
-1.851	-1.191	29.791	-0.097	0.059	0.030	
-1.992	-1.392	30.040	-0.111	0.083	0.034	
-2.101	-1.620	29.781	-0.127	0.087	0.012	
-1.830	-1.210	30.251	-0.127	0.075	0.018	
-1.940	-1.460	30.051	-0.131	0.109	0.020	
-2.231	-1.280	30.501	-0.085	0.109	0.040	
-1.881	-1.471	30.521	-0.129	0.079	0.026	
-2.171	-1.131	30.801	-0.097	0.131	0.038	
-2.052	-1.421	30.871	-0.133	0.103	0.038	
-1.812	-1.312	30.651	-0.105	0.057	0.026	
-1.581	-1.071	31.001	-0.113	0.071	0.030	
-2.141	-1.190	31.081	-0.087	0.105	0.026	
-1.961	-1.481	30.901	-0.141	0.087	0.016	
-2.111	-0.981	31.021	-0.117	0.131	0.028	
-1.991	-1.521	31.291	-0.121	0.091	0.026	
-1.723	-1.102	31.351	-0.105	0.087	0.020	
-1.890	-1.241	31.321	-0.083	0.073	0.018	
-1.560	-1.150	31.501	-0.091	0.069	0.028	
-1.759	-1.030	31.381	-0.079	0.089	0.010	
-1.549	-1.440	31.611	-0.105	0.065	0.022	
-1.780	-0.730	31.771	-0.077	0.107	0.034	
-1.379	-1.000	32.211	-0.065	0.039	0.018	
-1.799	-0.630	32.121	-0.037	0.083	0.024	
-1.420	-0.781	32.591	-0.079	0.095	0.042	
-1.540	-0.839	32.321	-0.077	0.071	0.022	
-1.009	-1.249	32.271	-0.129	0.043	0.000	
-0.978	-0.669	32.261	-0.059	0.049	0.040	
-1.207	-0.778	32.351	-0.091	0.045	0.010	
-0.946	-0.088	32.511	-0.027	0.051	0.038	
-0.798	-0.419	32.351	-0.059	0.025	0.020	
-0.947	-0.478	31.771	-0.047	0.053	0.018	
-0.678	-0.518	31.171	-0.059	0.003	0.012	
-0.557	-0.547	30.701	-0.061	-0.007	0.026	
-0.676	-0.067	30.251	-0.035	0.043	0.032	
-0.756	-0.116	30.371	-0.029	0.039	0.020	
-0.785	-0.276	30.381	-0.027	0.027	0.030	
-0.445	-0.166	30.331	-0.039	0.017	0.030	
-0.467	-0.797	29.941	-0.083	0.005	0.014	
-1.755	-1.415	29.011	-0.113	0.095	0.006	
-1.693	-1.145	30.241	-0.095	0.085	0.030	
-2.082	-1.464	29.952	-0.097	0.091	0.020	
-1.915	-1.395	29.111	-0.107	0.085	0.022	
-1.894	-0.875	29.261	-0.067	0.111	0.026	
-1.364	-1.124	28.541	-0.099	0.059	0.024	
-1.834	-1.195	27.931	-0.089	0.067	0.040	
-1.485	-1.365	27.871	-0.125	0.081	0.008	
-1.463	-1.135	28.011	-0.113	0.081	0.032	
-1.574	-1.395	27.731	-0.127	0.093	0.020	
-1.565	-1.286	27.411	-0.111	0.071	0.022	
-1.364	-0.976	27.661	-0.105	0.057	0.022	
-1.344	-0.815	27.891	-0.075	0.061	0.022	
-1.274	-1.365	27.841	-0.117	0.051	0.020	
-1.175	-1.526	27.381	-0.141	0.033	0.018	
-1.625	-1.395	27.991	-0.105	0.071	0.012	
-1.665	-1.106	27.891	-0.081	0.053	0.022	
-1.775	-1.245	27.871	-0.097	0.081	0.014	
-1.815	-1.047	27.581	-0.083	0.083	0.026	
-1.577	-1.547	27.741	-0.129	0.075	0.028	
-1.797	-1.287	27.521	-0.099	0.077	0.022	
-1.608	-1.388	27.801	-0.109	0.077	0.016	
-1.888	-1.519	27.811	-0.107	0.097	0.018	
-1.968	-1.658	27.761	-0.123	0.109	0.018	
-1.709	-1.649	27.601	-0.141	0.067	0.010	
-1.748	-1.538	28.101	-0.125	0.091	0.028	
-2.079	-1.320	27.921	-0.101	0.111	0.032	
-1.930	-1.620	28.151	-0.129	0.087	0.030	
-2.120	-1.460	27.771	-0.113	0.077	0.030	
-2.101	-1.320	28.551	-0.115	0.121	0.026	
-2.031	-1.351	28.871	-0.105	0.063	0.006	
-2.211	-1.281	29.231	-0.099	0.087	0.020	
-2.190	-1.301	29.561	-0.101	0.109	0.036	
-2.393	-1.751	29.620	-0.145	0.123	0.008	
-2.162	-1.662	29.880	-0.125	0.123	0.034	
-2.371	-1.191	29.781	-0.115	0.121	0.020	
-2.181	-1.421	29.731	-0.095	0.085	0.036	
-2.282	-1.412	30.200	-0.115	0.145	0.034	
-2.281	-1.261	30.371	-0.085	0.075	0.022	
-2.062	-1.582	30.430	-0.117	0.081	0.042	
-2.242	-1.571	30.800	-0.131	0.113	0.026	
-2.030	-1.541	30.951	-0.115	0.069	0.018	
-2.232	-1.022	31.141	-0.071	0.107	0.046	
-2.090	-2.220	31.561	-0.187	0.119	0.012	
-2.061	-1.242	31.291	-0.089	0.089	0.036	
-2.060	-1.170	31.791	-0.097	0.085	0.032	
-2.181	-1.211	31.711	-0.103	0.083	0.022	
-1.839	-1.500	31.991	-0.121	0.087	0.024	
-1.751	-0.981	32.251	-0.071	0.059	0.024	
-1.780	-1.191	32.201	-0.109	0.077	0.016	
-1.641	-1.401	32.171	-0.111	0.053	0.020	
-1.810	-0.780	31.901	-0.061	0.079	0.032	
-1.940	-1.041	31.961	-0.073	0.059	0.022	
-1.779	-1.260	32.011	-0.119	0.057	0.022	
-1.520	-1.210	32.021	-0.113	0.079	0.028	
-1.520	-0.970	31.961	-0.115	0.045	0.026	
-1.820	-1.099	31.801	-0.081	0.055	0.028	
-1.277	-1.289	32.021	-0.089	0.037	0.030	
-1.478	-0.889	32.081	-0.097	0.083	0.012	
-1.198	-1.139	32.051	-0.113	0.061	0.006	
-1.368	-1.148	32.001	-0.109	0.069	0.022	
-0.988	-1.349	31.881	-0.135	0.071	0.002	
-1.098	-0.409	31.741	-0.073	0.063	0.024	
-1.166	-0.307	31.431	-0.039	0.077	0.022	
-0.866	-0.388	30.691	-0.063	0.019	0.024	
-0.647	-0.467	29.511	-0.045	0.009	0.014	
-0.185	0.074	29.231	-0.017	-0.007	0.032	
-0.386	-0.216	29.641	-0.077	0.011	0.020	
-0.565	-0.165	29.631	-0.029	0.003	0.016	
-0.375	-0.046	29.371	-0.043	0.007	0.034	
-0.726	-0.297	29.501	-0.037	0.023	0.022	
-0.655	-0.276	29.281	-0.031	0.019	0.030	
-0.844	-0.316	29.281	-0.041	0.043	0.026	
-0.394	-0.565	29.761	-0.067	0.017	0.024	
-0.716	-0.016	29.821	-0.043	0.099	0.034	
-0.735	-0.655	29.351	-0.071	0.043	0.016	
-0.555	-0.366	29.121	-0.067	0.039	0.016	
-0.714	-0.186	28.691	-0.013	-0.001	0.016	
-0.645	-0.337	28.781	-0.053	0.001	0.014	
-1.016	-0.077	28.891	0.003	0.035	0.012	
-0.485	-0.497	28.401	-0.061	0.027	0.024	
-1.604	-1.095	28.141	-0.091	0.065	0.020	
-1.455	-1.395	29.281	-0.121	0.079	0.028	
-1.725	-1.145	28.911	-0.101	0.093	0.018	
-1.715	-1.465	28.111	-0.109	0.087	0.012	
-1.585	-1.285	28.331	-0.097	0.093	0.010	
-1.635	-1.215	28.381	-0.113	0.067	0.016	
-1.745	-1.336	28.391	-0.127	0.087	0.012	
-1.626	-1.166	28.291	-0.105	0.075	0.012	
-1.775	-1.166	28.441	-0.101	0.087	0.012	
-1.736	-1.296	28.361	-0.125	0.087	0.022	
-1.646	-1.586	28.391	-0.139	0.079	0.006	
-1.716	-1.177	28.241	-0.097	0.081	0.026	
-1.767	-1.697	28.481	-0.143	0.071	0.016	
-1.957	-1.197	28.381	-0.105	0.077	0.010	
-2.016	-1.577	28.161	-0.139	0.119	0.006	
-2.096	-1.368	28.731	-0.107	0.071	0.018	
-2.137	-1.258	29.121	-0.097	0.097	0.032	
-2.336	-1.407	29.531	-0.109	0.119	0.018	
-2.577	-1.967	29.531	-0.165	0.129	0.026	
-2.557	-1.597	30.791	-0.139	0.141	0.032	
-2.786	-1.927	31.561	-0.157	0.163	0.030	
-2.977	-2.348	31.411	-0.181	0.143	0.020	
-3.458	-2.070	30.601	-0.153	0.183	0.036	
-3.607	-2.228	30.251	-0.155	0.201	0.040	
-3.538	-2.798	30.191	-0.195	0.165	0.022	
-3.668	-2.578	30.431	-0.177	0.163	0.022	
-3.558	-2.608	30.421	-0.187	0.191	0.020	
-3.829	-2.699	30.401	-0.189	0.185	0.030	
-3.788	-2.989	30.571	-0.207	0.189	0.026	
-4.079	-3.369	30.671	-0.247	0.201	0.024	
-4.087	-3.258	30.421	-0.229	0.203	0.028	
-4.517	-3.168	30.521	-0.217	0.231	0.042	
-4.487	-3.228	30.651	-0.235	0.205	0.024	
-4.398	-3.628	30.311	-0.259	0.219	0.018	
-5.098	-3.179	30.671	-0.213	0.267	0.022	
-5.088	-3.398	30.491	-0.233	0.233	0.036	
-4.908	-3.248	30.451	-0.227	0.253	0.036	
-4.846	-4.037	30.151	-0.245	0.225	0.022	
-5.497	-3.437	29.991	-0.209	0.273	0.028	
-5.246	-3.397	29.801	-0.235	0.287	0.038	
-5.707	-4.127	29.581	-0.261	0.269	0.022	
-5.336	-4.417	30.051	-0.295	0.277	0.014	
-5.807	-3.988	29.791	-0.265	0.299	0.032	
-5.866	-4.178	29.431	-0.285	0.327	0.034	
-5.856	-4.607	29.591	-0.299	0.315	0.020	
-6.346	-4.468	29.301	-0.281	0.319	0.032	
-6.286	-4.557	29.621	-0.285	0.315	0.040	
-5.957	-4.418	30.021	-0.287	0.273	0.022	
-6.447	-4.118	30.291	-0.271	0.363	0.046	
-6.306	-4.377	30.101	-0.277	0.319	0.034	
-6.388	-4.688	30.541	-0.313	0.345	0.032	
-6.276	-4.828	30.941	-0.321	0.337	0.038	
-7.106	-4.498	30.711	-0.297	0.427	0.032	
-6.866	-4.718	30.431	-0.285	0.337	0.030	
-7.416	-4.816	30.411	-0.303	0.401	0.028	
-6.955	-4.596	30.322	-0.307	0.395	0.054	
-7.404	-4.935	30.332	-0.311	0.359	0.032	
-7.295	-5.256	30.312	-0.329	0.369	0.012	
-7.385	-5.236	30.412	-0.321	0.377	0.038	
-7.556	-5.155	29.992	-0.345	0.411	0.034	
-7.905	-5.575	30.472	-0.343	0.415	0.026	
-7.745	-5.606	30.552	-0.365	0.393	0.026	
-7.983	-5.505	30.502	-0.353	0.425	0.036	
-8.204	-5.506	30.142	-0.381	0.427	0.026	
-8.384	-5.955	30.002	-0.367	0.429	0.022	
-8.555	-6.486	30.162	-0.435	0.463	0.010	
-8.694	-6.505	30.222	-0.415	0.445	0.030	
-8.662	-6.455	30.283	-0.427	0.467	0.024	
-9.013	-6.615	30.313	-0.421	0.481	0.028	
-9.244	-6.815	30.163	-0.433	0.479	0.032	
-9.434	-6.816	29.502	-0.423	0.477	0.006	
-9.583	-7.145	29.433	-0.455	0.479	0.022	
-9.982	-7.164	29.513	-0.455	0.525	0.022	
-9.794	-7.225	28.983	-0.459	0.481	0.008	
-10.543	-7.734	29.243	-0.483	0.559	0.022	
-10.474	-7.475	29.363	-0.461	0.533	0.034	
-10.712	-7.875	29.323	-0.483	0.537	0.024	
-10.704	-7.905	29.283	-0.479	0.561	0.028	
-11.092	-7.525	29.113	-0.455	0.581	0.028	
-11.374	-7.485	29.033	-0.473	0.609	0.042	
-12.044	-8.046	28.723	-0.477	0.621	0.024	
-12.225	-7.476	28.822	-0.447	0.627	0.010	
-12.485	-7.724	28.863	-0.487	0.657	0.026	
-12.684	-7.814	28.553	-0.471	0.699	0.040	
-12.786	-8.746	28.972	-0.541	0.693	0.030	
-12.047	-8.286	29.251	-0.507	0.605	0.038	
-11.568	-7.817	29.001	-0.469	0.609	0.026	
-11.738	-7.567	27.691	-0.485	0.641	0.042	
-11.278	-7.948	27.990	-0.477	0.549	0.028	
-11.178	-8.437	28.701	-0.513	0.591	0.020	
-11.448	-7.888	29.190	-0.475	0.579	0.018	
-12.148	-8.407	29.361	-0.499	0.649	0.028	
-12.149	-8.717	29.780	-0.539	0.655	0.032	
-12.747	-8.736	30.311	-0.521	0.673	0.030	
-12.498	-8.768	30.561	-0.537	0.671	0.040	
-12.806	-8.957	30.531	-0.551	0.695	0.040	
-13.216	-8.986	30.722	-0.555	0.693	0.030	
-12.528	-8.717	31.401	-0.549	0.703	0.050	
-12.188	-8.798	30.390	-0.537	0.651	0.050	
-11.848	-9.167	30.181	-0.571	0.637	0.030	
-11.868	-8.548	29.950	-0.525	0.639	0.036	
-12.239	-9.199	30.390	-0.539	0.663	0.024	
-12.088	-9.248	30.520	-0.545	0.605	0.030	
-12.199	-9.348	30.640	-0.577	0.637	0.018	
-12.299	-9.419	30.610	-0.581	0.645	0.026	
-12.279	-8.939	30.540	-0.545	0.661	0.026	
-11.939	-9.099	30.380	-0.539	0.633	0.040	
-11.820	-9.079	30.489	-0.553	0.603	0.026	
-11.839	-9.048	30.750	-0.555	0.665	0.042	
-11.780	-9.009	30.239	-0.567	0.631	0.034	
-11.890	-9.258	30.220	-0.557	0.629	0.028	
-11.490	-9.181	30.599	-0.569	0.589	0.036	
-11.231	-9.620	30.489	-0.597	0.567	0.022	
-11.501	-9.259	30.859	-0.579	0.577	0.026	
-11.959	-9.389	30.770	-0.565	0.619	0.028	
-11.769	-9.260	30.759	-0.533	0.605	0.042	
-11.790	-9.090	31.079	-0.553	0.607	0.046	
-11.669	-9.099	30.840	-0.551	0.623	0.034	
-11.739	-9.120	31.110	-0.563	0.647	0.042	
-11.640	-9.500	31.349	-0.599	0.619	0.034	
-11.559	-9.629	31.250	-0.573	0.581	0.036	
-11.908	-9.330	31.600	-0.565	0.623	0.046	
-11.608	-9.529	31.130	-0.577	0.589	0.036	
-11.430	-9.190	31.379	-0.563	0.597	0.042	
-11.589	-9.339	31.730	-0.593	0.621	0.034	
-11.528	-9.298	31.390	-0.555	0.595	0.032	
-11.397	-9.188	31.391	-0.553	0.587	0.030	
-11.508	-9.469	31.310	-0.557	0.571	0.016	
-11.658	-8.797	31.001	-0.559	0.627	0.030	
-11.808	-8.998	31.520	-0.535	0.621	0.042	
-11.507	-9.208	31.361	-0.589	0.609	0.036	
-11.936	-9.337	31.561	-0.565	0.633	0.024	
-11.717	-9.028	30.881	-0.541	0.595	0.028	
-11.447	-8.909	31.461	-0.541	0.593	0.040	
-11.577	-8.257	31.291	-0.491	0.581	0.024	
-11.227	-8.358	31.011	-0.515	0.619	0.046	
-11.438	-8.558	30.971	-0.531	0.627	0.026	
-11.257	-8.378	31.011	-0.503	0.545	0.024	
-11.027	-8.787	30.681	-0.547	0.559	0.028	
-11.178	-8.557	30.711	-0.515	0.581	0.036	
-11.248	-8.818	31.030	-0.541	0.595	0.034	
-11.178	-8.428	30.681	-0.489	0.553	0.038	
-11.248	-8.538	30.581	-0.505	0.589	0.040	
-11.158	-8.567	30.451	-0.529	0.587	0.044	
-11.209	-8.947	30.950	-0.561	0.613	0.026	
-10.860	-9.138	31.060	-0.567	0.573	0.028	
-11.349	-8.548	31.000	-0.523	0.619	0.046	
-10.929	-8.708	30.840	-0.549	0.591	0.020	
-10.938	-8.638	30.580	-0.551	0.567	0.032	
-10.909	-8.798	30.360	-0.561	0.579	0.034	
-11.139	-8.648	30.600	-0.507	0.581	0.026	
-11.019	-8.678	30.670	-0.531	0.567	0.028	
-10.789	-8.718	30.600	-0.529	0.545	0.026	
-11.089	-9.077	30.630	-0.555	0.609	0.026	
-10.748	-8.919	30.830	-0.577	0.567	0.018	
-10.959	-9.269	30.890	-0.577	0.563	0.008	
-10.838	-8.628	31.010	-0.547	0.569	0.026	
-11.519	-8.889	31.350	-0.539	0.611	0.024	
-11.338	-8.998	31.680	-0.553	0.605	0.034	
-11.309	-9.119	31.790	-0.575	0.607	0.028	
-11.428	-8.769	31.680	-0.527	0.613	0.042	
-11.279	-8.838	31.480	-0.565	0.607	0.042	
-11.447	-9.267	31.541	-0.585	0.579	0.018	
-11.459	-9.058	31.870	-0.539	0.599	0.026	
-11.448	-8.699	32.050	-0.523	0.601	0.050	
-11.538	-9.098	31.620	-0.563	0.611	0.036	
-11.099	-8.768	31.580	-0.549	0.575	0.036	
-11.287	-8.808	31.791	-0.555	0.615	0.042	
-11.417	-8.926	31.931	-0.555	0.611	0.020	
-11.279	-8.358	31.850	-0.517	0.603	0.042	
-11.248	-8.668	31.600	-0.549	0.631	0.030	
-11.558	-8.507	31.111	-0.529	0.611	0.030	
-11.498	-7.407	31.371	-0.455	0.629	0.040	
-11.458	-8.037	30.651	-0.493	0.601	0.036	
-11.228	-8.428	30.640	-0.519	0.575	0.024	
-10.918	-7.748	31.381	-0.477	0.579	0.034	
-11.437	-7.937	31.371	-0.501	0.647	0.044	
-11.228	-8.277	31.431	-0.507	0.569	0.030	
-11.138	-8.648	31.391	-0.535	0.601	0.034	
-11.139	-8.906	31.591	-0.559	0.587	0.032	
-11.048	-8.778	31.490	-0.523	0.581	0.034	
-11.019	-8.837	31.400	-0.543	0.583	0.028	
-11.119	-8.438	31.400	-0.509	0.619	0.030	
-10.839	-9.008	31.550	-0.559	0.569	0.034	
-11.058	-8.789	31.680	-0.547	0.575	0.024	
-10.757	-8.998	31.471	-0.563	0.533	0.036	
-11.568	-8.878	31.600	-0.525	0.597	0.022	
-10.868	-8.837	31.711	-0.543	0.583	0.040	
-11.458	-9.048	31.801	-0.559	0.605	0.038	
-11.169	-9.148	31.600	-0.551	0.561	0.038	
-10.918	-8.968	32.051	-0.559	0.599	0.038	
-10.917	-8.957	31.551	-0.553	0.563	0.042	
-11.177	-8.877	31.461	-0.533	0.593	0.026	
-10.849	-9.038	31.590	-0.553	0.553	0.034	
-10.459	-8.858	31.280	-0.561	0.541	0.038	
-11.017	-8.448	31.461	-0.529	0.601	0.044	
-10.766	-8.857	31.131	-0.557	0.551	0.026	
-10.828	-8.707	31.041	-0.529	0.551	0.030	
-10.799	-8.658	31.330	-0.513	0.535	0.044	
-10.779	-9.070	30.670	-0.569	0.555	0.018	
-10.747	-8.768	30.791	-0.539	0.541	0.028	
-10.650	-9.020	31.259	-0.545	0.545	0.048	
-10.819	-8.969	31.190	-0.553	0.559	0.032	
-10.600	-8.749	31.139	-0.543	0.557	0.032	
-10.520	-9.109	31.139	-0.565	0.535	0.016	
-11.047	-8.678	31.501	-0.527	0.563	0.028	
-11.107	-8.608	31.471	-0.525	0.595	0.044	
-11.038	-8.528	31.440	-0.543	0.571	0.032	
-11.068	-8.587	31.671	-0.519	0.569	0.030	
-11.138	-8.637	31.741	-0.537	0.579	0.028	
-11.488	-8.619	31.700	-0.531	0.613	0.036	
-11.159	-8.829	32.060	-0.527	0.585	0.020	
-11.518	-8.658	31.900	-0.527	0.603	0.034	
-11.179	-9.079	32.130	-0.543	0.575	0.030	
-10.897	-9.038	31.821	-0.547	0.565	0.026	
-11.157	-8.567	31.561	-0.535	0.571	0.028	
-11.127	-9.048	31.771	-0.545	0.579	0.028	
-11.117	-8.897	32.001	-0.547	0.577	0.028	
-11.027	-8.658	31.871	-0.527	0.589	0.048	
-11.287	-8.428	32.021	-0.519	0.617	0.056	
-11.088	-8.507	31.861	-0.525	0.581	0.036	
-11.167	-9.039	31.950	-0.553	0.597	0.022	
-11.496	-8.767	31.711	-0.515	0.607	0.026	
-10.728	-9.028	31.540	-0.575	0.553	0.026	
-10.947	-8.708	31.641	-0.533	0.565	0.034	
-10.777	-8.628	31.171	-0.525	0.561	0.030	
-10.998	-8.917	31.511	-0.569	0.589	0.036	
-11.038	-8.378	31.630	-0.525	0.591	0.046	
-10.949	-8.358	31.380	-0.515	0.555	0.034	
-10.880	-8.359	31.260	-0.513	0.553	0.032	
-11.228	-8.569	31.320	-0.513	0.609	0.032	
-10.868	-8.288	31.130	-0.529	0.605	0.044	
-10.978	-8.367	30.961	-0.509	0.547	0.026	
-11.218	-8.297	31.311	-0.515	0.627	0.050	
-10.888	-8.308	31.191	-0.515	0.591	0.042	
-10.999	-7.719	31.020	-0.481	0.615	0.052	
-11.239	-8.458	31.150	-0.491	0.587	0.030	
-11.138	-8.388	31.280	-0.519	0.601	0.038	
-10.998	-8.908	31.650	-0.545	0.549	0.028	
-11.078	-8.719	31.400	-0.523	0.567	0.032	
-11.139	-8.769	31.290	-0.553	0.589	0.044	
-10.738	-9.019	31.750	-0.573	0.545	0.020	
-11.067	-8.807	31.691	-0.543	0.573	0.036	
-10.729	-9.338	31.750	-0.591	0.565	0.024	
-10.987	-8.998	31.871	-0.559	0.565	0.026	
-11.137	-8.687	31.731	-0.531	0.589	0.034	
-10.859	-9.057	31.940	-0.581	0.545	0.026	
-11.218	-8.388	32.090	-0.505	0.603	0.058	
-10.977	-9.197	31.921	-0.565	0.577	0.028	
-11.289	-8.648	32.040	-0.523	0.567	0.036	
-11.118	-8.378	31.860	-0.503	0.593	0.034	
-10.837	-8.778	31.711	-0.549	0.569	0.034	
-11.118	-9.028	31.780	-0.557	0.565	0.040	
-11.297	-8.758	32.151	-0.533	0.605	0.032	
-10.747	-8.878	31.901	-0.547	0.545	0.034	
-11.007	-8.778	31.631	-0.525	0.565	0.018	
-10.759	-8.928	31.210	-0.549	0.569	0.040	
-10.867	-8.958	31.331	-0.535	0.557	0.038	
-10.897	-9.189	31.500	-0.551	0.575	0.022	
-10.819	-9.188	31.910	-0.549	0.537	0.026	
-11.087	-8.799	31.840	-0.525	0.587	0.038	
-10.776	-8.948	31.741	-0.567	0.553	0.026	
-11.088	-8.958	31.710	-0.567	0.617	0.016	
-11.088	-8.458	31.901	-0.507	0.599	0.038	
-11.088	-8.318	31.601	-0.507	0.581	0.038	
-10.897	-8.477	31.741	-0.507	0.575	0.038	
-11.079	-8.758	31.650	-0.539	0.583	0.034	
-11.518	-8.437	31.801	-0.527	0.607	0.024	
-11.687	-7.787	31.881	-0.467	0.625	0.036	
-11.647	-8.436	31.941	-0.519	0.629	0.016	
-11.297	-8.536	32.181	-0.531	0.601	0.036	
-11.178	-8.678	31.750	-0.527	0.575	0.038	
-11.088	-8.388	31.661	-0.531	0.579	0.036	
-10.837	-8.647	31.581	-0.545	0.549	0.024	
-10.839	-8.379	31.410	-0.539	0.573	0.028	
-10.827	-8.578	31.511	-0.529	0.583	0.038	
-10.709	-8.698	31.560	-0.543	0.551	0.024	
-10.677	-8.577	31.431	-0.527	0.543	0.038	
-10.858	-8.358	31.491	-0.519	0.567	0.036	
-10.918	-9.058	31.320	-0.557	0.535	0.036	
-10.828	-8.538	31.491	-0.505	0.561	0.044	
-10.689	-8.778	31.390	-0.557	0.589	0.044	
-10.738	-8.648	31.410	-0.539	0.573	0.034	
-10.769	-8.739	31.910	-0.525	0.551	0.028	
-10.539	-8.879	31.870	-0.547	0.537	0.024	
-10.659	-8.549	31.730	-0.509	0.545	0.036	
-10.597	-8.798	31.921	-0.547	0.553	0.034	
-11.099	-8.850	31.539	-0.517	0.583	0.030	
-10.697	-8.898	31.351	-0.547	0.561	0.040	
-11.028	-8.748	31.700	-0.543	0.585	0.030	
-10.737	-9.137	31.851	-0.549	0.555	0.038	
-10.929	-9.028	31.800	-0.543	0.565	0.022	
-10.638	-8.919	31.590	-0.553	0.553	0.026	
-10.728	-8.929	31.530	-0.551	0.553	0.030	
-10.857	-8.968	31.411	-0.551	0.561	0.024	
-10.527	-8.957	31.121	-0.561	0.521	0.028	
-10.797	-8.306	31.581	-0.521	0.591	0.046	
-10.637	-8.877	31.441	-0.547	0.539	0.030	
-11.007	-8.597	31.191	-0.529	0.575	0.034	
-10.837	-8.807	31.321	-0.547	0.541	0.010	
-11.078	-7.987	31.141	-0.493	0.575	0.042	
-11.039	-7.829	31.200	-0.471	0.557	0.022	
-11.159	-8.139	31.300	-0.501	0.541	0.028	
-11.179	-8.309	31.210	-0.519	0.561	0.038	
-10.798	-8.399	31.610	-0.513	0.579	0.038	
-10.770	-8.350	31.559	-0.531	0.577	0.032	
-10.789	-8.258	31.500	-0.509	0.569	0.042	
-10.808	-8.759	31.410	-0.557	0.549	0.026	
-11.328	-8.769	31.480	-0.505	0.593	0.026	
-10.887	-8.589	31.700	-0.513	0.569	0.036	
-10.738	-8.618	31.660	-0.533	0.553	0.024	
-11.089	-8.560	31.730	-0.509	0.595	0.032	
-10.659	-8.789	31.300	-0.549	0.559	0.020	
-10.438	-8.888	32.020	-0.553	0.531	0.020	
-10.727	-8.988	32.141	-0.551	0.569	0.018	
-10.779	-8.839	32.400	-0.553	0.565	0.026	
-11.178	-8.819	32.310	-0.543	0.583	0.028	
-11.008	-8.507	32.271	-0.523	0.583	0.042	
-11.108	-8.968	32.161	-0.549	0.597	0.026	
-10.967	-9.048	32.121	-0.561	0.569	0.042	
-11.187	-9.038	32.331	-0.559	0.617	0.022	
-10.788	-8.969	31.950	-0.549	0.551	0.028	
-11.247	-8.778	32.361	-0.523	0.587	0.028	
-10.957	-9.289	32.141	-0.583	0.567	0.028	
-10.797	-8.658	32.211	-0.543	0.559	0.038	
-10.977	-8.557	32.121	-0.551	0.587	0.026	
-10.776	-8.657	32.321	-0.521	0.573	0.046	
-10.737	-8.528	32.061	-0.529	0.543	0.030	
-10.948	-8.678	31.771	-0.515	0.551	0.036	
-11.048	-8.818	31.741	-0.543	0.563	0.022	
-10.907	-8.298	31.271	-0.493	0.575	0.036	
-11.058	-8.017	31.281	-0.505	0.593	0.034	
-11.048	-8.487	31.281	-0.525	0.597	0.024	
-11.107	-8.387	31.591	-0.527	0.573	0.028	
-10.917	-8.517	31.781	-0.519	0.581	0.028	
-10.508	-7.937	31.631	-0.505	0.591	0.040	
-10.917	-8.377	31.701	-0.531	0.563	0.028	
-10.948	-8.447	31.681	-0.501	0.543	0.032	
-10.777	-8.427	31.471	-0.513	0.555	0.032	
-10.958	-8.588	31.461	-0.529	0.581	0.032	
-10.697	-8.528	31.811	-0.521	0.549	0.034	
-10.937	-8.987	31.731	-0.551	0.549	0.024	
-10.667	-8.227	31.701	-0.499	0.553	0.042	
-10.936	-8.427	31.501	-0.515	0.595	0.026	
-10.587	-8.307	31.441	-0.503	0.581	0.042	
-10.307	-8.747	31.061	-0.543	0.543	0.022	
-10.469	-8.098	30.720	-0.499	0.571	0.044	
-10.387	-8.347	30.551	-0.501	0.529	0.034	
-10.237	-8.667	30.501	-0.541	0.531	0.024	
-10.328	-8.249	30.910	-0.501	0.553	0.032	
-10.489	-8.159	31.100	-0.527	0.591	0.054	
-10.348	-8.879	30.840	-0.547	0.539	0.016	
-10.458	-8.450	31.290	-0.537	0.543	0.028	
-10.408	-8.888	31.020	-0.537	0.537	0.024	
-10.478	-8.629	30.980	-0.539	0.535	0.014	
-10.469	-8.740	31.190	-0.535	0.543	0.026	
-10.509	-8.659	31.150	-0.523	0.553	0.036	
-10.359	-8.929	31.240	-0.559	0.557	0.044	
-10.588	-8.399	31.450	-0.519	0.579	0.042	
-10.609	-8.289	31.550	-0.513	0.589	0.038	
-10.800	-8.360	31.959	-0.523	0.597	0.036	
-11.270	-8.209	32.009	-0.501	0.621	0.040	
-10.859	-8.578	32.020	-0.525	0.551	0.040	
-10.999	-8.698	31.880	-0.539	0.555	0.030	
-11.149	-8.060	31.990	-0.495	0.557	0.024	
-11.139	-8.448	32.170	-0.539	0.581	0.010	
-11.088	-8.278	32.120	-0.521	0.587	0.036	
-10.899	-8.548	32.640	-0.557	0.583	0.014	
-10.968	-8.679	32.770	-0.551	0.571	0.036	
-10.928	-8.868	32.430	-0.561	0.573	0.030	
-10.998	-9.028	32.500	-0.587	0.593	0.034	
-11.109	-8.548	32.790	-0.515	0.603	0.038	
-10.800	-8.880	32.479	-0.569	0.579	0.032	
-10.600	-8.629	32.170	-0.535	0.559	0.042	
-10.349	-8.328	32.060	-0.531	0.559	0.046	
-10.508	-8.838	31.820	-0.547	0.537	0.020	
-10.208	-8.788	31.941	-0.555	0.545	0.036	
-10.517	-8.478	31.921	-0.537	0.615	0.048	
-10.448	-8.888	31.670	-0.563	0.571	0.026	
-10.529	-8.599	31.780	-0.537	0.527	0.024	
-10.459	-8.719	31.600	-0.523	0.531	0.030	
-10.648	-8.668	32.041	-0.555	0.565	0.030	
-10.758	-8.118	32.470	-0.493	0.607	0.058	
-10.547	-8.698	32.781	-0.539	0.525	0.036	
-10.637	-8.758	32.321	-0.513	0.545	0.034	
-10.630	-8.869	32.499	-0.543	0.553	0.022	
-10.617	-8.608	32.381	-0.525	0.529	0.044	
-10.928	-8.748	31.890	-0.517	0.583	0.026	
-10.727	-8.477	32.111	-0.507	0.553	0.046	
-10.595	-8.726	32.162	-0.535	0.533	0.032	
-10.526	-8.756	32.172	-0.545	0.567	0.038	
-10.776	-8.607	31.991	-0.551	0.569	0.036	
-10.716	-8.547	31.921	-0.527	0.591	0.040	
-10.706	-8.437	32.111	-0.519	0.539	0.030	
-10.817	-8.477	32.001	-0.511	0.567	0.050	
-11.117	-8.418	32.011	-0.503	0.567	0.020	
-10.766	-8.377	31.962	-0.509	0.555	0.034	
-10.738	-8.667	31.941	-0.549	0.561	0.016	
-11.118	-8.008	31.670	-0.471	0.579	0.046	
-10.788	-7.808	31.641	-0.469	0.583	0.038	
-10.317	-8.798	31.671	-0.551	0.561	0.014	
-10.547	-8.297	31.601	-0.519	0.579	0.042	
-11.047	-8.258	31.271	-0.479	0.587	0.040	
-10.777	-8.297	32.021	-0.523	0.555	0.034	
-10.797	-8.388	32.111	-0.539	0.575	0.026	
-10.226	-8.757	32.081	-0.563	0.517	0.030	
-10.437	-8.957	32.041	-0.553	0.539	0.008	
-10.327	-8.167	31.761	-0.505	0.539	0.046	
-10.668	-8.587	31.631	-0.523	0.533	0.034	
-10.747	-8.597	31.561	-0.501	0.563	0.020	
-10.306	-8.807	31.741	-0.553	0.527	0.028	
-10.747	-8.386	31.921	-0.501	0.563	0.026	
-10.496	-8.437	31.651	-0.519	0.553	0.044	
-10.238	-8.898	31.810	-0.575	0.549	0.026	
-10.297	-8.828	31.791	-0.539	0.545	0.036	
-10.479	-8.489	31.640	-0.513	0.553	0.036	
-10.338	-8.207	30.921	-0.503	0.533	0.040	
-10.187	-8.577	30.951	-0.527	0.547	0.038	
-10.120	-8.510	31.379	-0.519	0.517	0.038	
-10.229	-8.670	31.330	-0.533	0.523	0.022	
-10.227	-8.799	31.460	-0.547	0.543	0.028	
-10.169	-8.310	31.820	-0.523	0.521	0.032	
-10.211	-8.630	31.629	-0.525	0.539	0.024	
-10.299	-8.459	31.600	-0.509	0.521	0.038	
-10.279	-8.420	31.509	-0.535	0.561	0.028	
-10.671	-8.310	31.639	-0.505	0.575	0.034	
-10.390	-7.741	31.839	-0.493	0.561	0.044	
-10.611	-8.090	31.849	-0.505	0.577	0.038	
-10.911	-7.800	31.609	-0.475	0.573	0.032	
-10.789	-8.298	32.030	-0.515	0.589	0.024	
-10.999	-8.250	32.510	-0.509	0.589	0.036	
-10.738	-8.648	32.740	-0.531	0.583	0.032	
-10.788	-8.669	32.680	-0.535	0.565	0.014	
-10.977	-8.647	32.811	-0.527	0.607	0.034	
-10.868	-8.589	32.670	-0.509	0.543	0.010	
-11.008	-8.508	32.580	-0.519	0.581	0.034	
-10.730	-8.769	32.380	-0.543	0.559	0.042	
-10.759	-8.539	32.170	-0.531	0.563	0.038	
-10.679	-8.329	32.000	-0.525	0.561	0.032	
-10.708	-8.527	32.031	-0.555	0.573	0.044	
-10.859	-8.788	32.190	-0.543	0.589	0.036	
-10.757	-8.668	31.871	-0.529	0.573	0.030	
-10.547	-8.778	31.871	-0.543	0.543	0.036	
-10.659	-8.609	32.080	-0.537	0.579	0.028	
-10.418	-8.598	31.921	-0.551	0.539	0.036	
-10.347	-8.518	31.401	-0.499	0.531	0.034	
-10.357	-8.068	32.071	-0.495	0.541	0.034	
-10.597	-8.408	32.051	-0.531	0.533	0.034	
-10.268	-8.587	32.171	-0.543	0.527	0.038	
-10.508	-8.428	32.121	-0.511	0.553	0.038	
-10.427	-8.449	32.640	-0.543	0.575	0.046	
-10.676	-8.497	32.581	-0.529	0.553	0.036	
-10.276	-8.797	32.991	-0.567	0.535	0.020	
-10.467	-8.798	32.401	-0.543	0.515	0.030	
-10.787	-8.527	32.741	-0.539	0.575	0.026	
-10.417	-8.498	32.201	-0.511	0.529	0.030	
-10.966	-8.386	32.062	-0.503	0.589	0.028	
-10.656	-8.277	32.001	-0.501	0.579	0.038	
-10.357	-8.328	31.291	-0.515	0.547	0.030	
-10.447	-8.187	31.371	-0.515	0.557	0.034	
-10.396	-7.697	31.301	-0.469	0.527	0.022	
-10.777	-7.886	31.201	-0.485	0.539	0.024	
-10.867	-7.916	31.181	-0.481	0.583	0.024	
-10.467	-7.967	31.441	-0.495	0.523	0.040	
-10.597	-7.778	31.551	-0.469	0.527	0.028	
-10.408	-8.348	31.530	-0.511	0.549	0.030	
-10.268	-8.178	31.511	-0.509	0.533	0.038	
-10.528	-8.708	31.441	-0.537	0.547	0.030	
-10.417	-8.787	31.331	-0.549	0.527	0.020	
-10.176	-8.287	31.201	-0.511	0.511	0.040	
-10.507	-8.337	30.941	-0.505	0.541	0.024	
-10.508	-8.048	31.420	-0.527	0.575	0.020	
-10.127	-8.687	31.291	-0.537	0.487	0.004	
-10.279	-8.608	31.300	-0.537	0.529	0.032	
-10.728	-8.468	31.511	-0.513	0.583	0.032	
-10.158	-8.379	31.820	-0.533	0.545	0.022	
-10.718	-8.438	31.911	-0.509	0.561	0.034	
-10.468	-8.158	31.931	-0.511	0.559	0.040	
-10.626	-8.878	31.791	-0.553	0.579	0.016	
-10.478	-8.369	32.130	-0.521	0.549	0.028	
-10.298	-8.788	31.851	-0.547	0.525	0.028	
-10.428	-8.548	31.650	-0.507	0.521	0.034	
-10.547	-8.688	32.071	-0.503	0.519	0.032	
-10.549	-8.659	31.880	-0.539	0.565	0.038	
-10.478	-8.558	31.760	-0.525	0.537	0.044	
-10.288	-8.609	32.230	-0.531	0.521	0.038	
-10.399	-8.640	32.010	-0.535	0.517	0.026	
-10.370	-8.640	32.009	-0.527	0.539	0.034	
-10.539	-8.450	32.140	-0.517	0.535	0.038	
-10.499	-8.759	32.040	-0.541	0.525	0.030	
-10.548	-8.329	32.020	-0.525	0.563	0.042	
-10.508	-8.749	32.420	-0.573	0.545	0.028	
-11.108	-8.568	32.680	-0.505	0.575	0.040	
-10.989	-7.999	32.260	-0.481	0.583	0.028	
-10.818	-8.418	32.761	-0.527	0.565	0.020	
-10.967	-7.607	32.701	-0.475	0.565	0.028	
-10.676	-7.588	32.081	-0.467	0.557	0.038	
-10.618	-8.097	31.851	-0.483	0.537	0.020	
-10.356	-8.188	31.401	-0.517	0.545	0.032	
-10.516	-7.887	31.471	-0.491	0.563	0.036	
-10.065	-8.125	31.342	-0.511	0.513	0.024	
-10.436	-8.317	31.662	-0.515	0.551	0.038	
-10.637	-8.278	31.521	-0.507	0.559	0.030	
-10.526	-8.357	32.311	-0.511	0.577	0.044	
-10.527	-8.047	32.291	-0.489	0.541	0.042	
-10.658	-7.958	32.351	-0.489	0.563	0.042	
-10.368	-8.388	31.901	-0.515	0.525	0.022	
-10.169	-8.818	31.480	-0.547	0.541	0.022	
-10.317	-8.167	31.361	-0.511	0.577	0.040	
-10.556	-8.277	31.011	-0.485	0.541	0.036	
-10.208	-8.468	31.271	-0.519	0.523	0.018	
-10.148	-8.388	31.251	-0.525	0.541	0.040	
-10.596	-8.277	31.261	-0.499	0.547	0.038	
-10.397	-8.608	31.201	-0.509	0.503	0.028	
-10.208	-8.437	31.461	-0.519	0.527	0.034	
-10.527	-8.488	31.761	-0.511	0.519	0.024	
-10.668	-8.578	32.041	-0.519	0.567	0.036	
-10.727	-8.657	32.281	-0.549	0.575	0.030	
-10.597	-8.147	31.861	-0.519	0.581	0.046	
-10.558	-8.618	32.001	-0.543	0.563	0.030	
-10.587	-8.757	31.621	-0.541	0.541	0.022	
-10.787	-8.607	31.451	-0.517	0.559	0.020	
-10.487	-8.417	32.021	-0.523	0.527	0.038	
-10.988	-8.878	32.051	-0.533	0.579	0.012	
-10.797	-8.218	31.921	-0.499	0.581	0.042	
-10.807	-8.438	31.891	-0.523	0.557	0.032	
-10.578	-8.669	31.810	-0.569	0.557	0.014	
-10.568	-8.269	31.720	-0.509	0.549	0.044	
-10.847	-8.438	32.171	-0.517	0.575	0.030	
-10.978	-8.168	32.071	-0.513	0.615	0.048	
-10.618	-8.648	32.171	-0.551	0.571	0.032	
-10.638	-8.408	32.120	-0.535	0.563	0.034	
-10.647	-8.457	31.651	-0.509	0.561	0.028	
-10.697	-8.368	31.931	-0.505	0.579	0.036	
-10.467	-8.197	31.821	-0.525	0.563	0.028	
-10.737	-8.558	32.071	-0.543	0.555	0.028	
-10.987	-8.307	32.371	-0.519	0.597	0.034	
-10.448	-8.947	32.221	-0.555	0.537	0.022	
-10.657	-8.587	32.001	-0.543	0.567	0.040	
-10.637	-8.528	32.461	-0.551	0.571	0.028	
-11.029	-8.388	32.790	-0.515	0.607	0.036	
-10.997	-8.277	32.451	-0.527	0.609	0.048	
-10.918	-8.277	32.721	-0.515	0.581	0.046	
-11.066	-8.628	32.171	-0.515	0.569	0.034	
-10.427	-9.087	32.151	-0.565	0.547	0.022	
-10.455	-8.237	31.712	-0.523	0.537	0.032	
-10.526	-8.647	31.051	-0.525	0.549	0.018	
-10.418	-8.297	31.101	-0.497	0.539	0.030	
-10.128	-8.388	31.030	-0.495	0.503	0.030	
-10.268	-8.358	31.041	-0.539	0.577	0.044	
-10.607	-8.188	30.941	-0.497	0.567	0.042	
-10.218	-8.289	31.170	-0.509	0.537	0.030	
-10.488	-8.779	31.820	-0.535	0.523	0.030	
-10.509	-8.479	31.760	-0.509	0.553	0.032	
-10.748	-8.799	31.990	-0.535	0.549	0.034	
-10.817	-8.657	32.031	-0.523	0.551	0.034	
-10.609	-8.729	31.740	-0.533	0.535	0.026	
-10.508	-8.389	31.820	-0.495	0.495	0.022	
-10.608	-8.689	32.160	-0.543	0.571	0.036	
-11.018	-8.499	31.930	-0.499	0.587	0.028	
-10.568	-8.720	32.160	-0.543	0.561	0.036	
-10.858	-8.727	32.561	-0.551	0.591	0.046	
-10.617	-8.817	32.461	-0.563	0.547	0.028	
-10.406	-8.886	32.112	-0.549	0.529	0.030	
-10.797	-8.938	31.901	-0.567	0.529	0.036	
-10.736	-8.807	32.031	-0.523	0.567	0.026	
-10.516	-8.927	32.051	-0.559	0.577	0.022	
-10.857	-9.109	32.271	-0.567	0.575	0.036	
-11.037	-8.568	32.491	-0.543	0.593	0.028	
-11.128	-8.169	32.040	-0.479	0.601	0.044	
-11.357	-8.459	32.251	-0.519	0.603	0.040	
-11.337	-8.127	32.271	-0.513	0.597	0.036	
-10.958	-8.098	32.111	-0.511	0.561	0.026	
-10.869	-8.508	32.050	-0.533	0.593	0.038	
-10.847	-8.568	31.951	-0.507	0.543	0.038	
-10.748	-8.588	31.991	-0.543	0.551	0.034	
-10.837	-8.628	32.251	-0.555	0.585	0.024	
-10.889	-8.538	32.150	-0.533	0.573	0.042	
-10.989	-8.479	32.520	-0.513	0.605	0.040	
-10.818	-8.899	32.050	-0.569	0.569	0.032	
-10.608	-8.808	31.670	-0.541	0.547	0.028	
-10.478	-8.799	31.810	-0.535	0.533	0.028	
-10.628	-8.558	31.810	-0.535	0.539	0.026	
-10.593	-8.772	32.331	-0.529	0.549	0.032	
-10.868	-9.276	32.601	-0.565	0.543	0.016	
-10.968	-8.958	32.365	-0.539	0.601	0.042	
-11.137	-8.588	32.511	-0.525	0.581	0.034	
-11.007	-8.889	32.581	-0.545	0.565	0.034	
-10.867	-9.078	32.481	-0.557	0.551	0.032	
-10.907	-8.657	32.211	-0.539	0.579	0.046	
-10.678	-9.107	32.261	-0.575	0.553	0.034	
-10.877	-8.969	31.690	-0.557	0.583	0.034	
-10.217	-9.448	32.231	-0.609	0.497	0.012	
-10.868	-8.748	32.070	-0.541	0.597	0.048	
-10.508	-8.898	31.801	-0.557	0.539	0.026	
-10.648	-8.968	31.650	-0.571	0.533	0.030	
-10.868	-8.838	31.910	-0.549	0.565	0.036	
-10.837	-8.928	32.011	-0.553	0.559	0.032	
-10.798	-8.939	32.030	-0.551	0.549	0.016	
-10.868	-9.109	32.160	-0.575	0.565	0.020	
-11.099	-9.048	31.820	-0.535	0.583	0.024	
-11.108	-8.688	32.071	-0.523	0.559	0.020	
-10.938	-8.488	31.851	-0.535	0.609	0.036	
-11.258	-7.907	31.995	-0.463	0.613	0.030	
-11.079	-8.052	32.235	-0.477	0.591	0.044	
-11.349	-8.438	32.280	-0.529	0.607	0.020	
-11.023	-8.497	32.176	-0.521	0.565	0.030	
-11.378	-8.837	32.321	-0.549	0.591	0.026	
-11.553	-8.297	32.291	-0.515	0.593	0.028	
-10.952	-8.882	31.866	-0.541	0.577	0.028	
-11.017	-8.617	31.921	-0.525	0.575	0.038	
-10.368	-8.663	31.331	-0.529	0.505	0.014	
-10.597	-8.596	31.361	-0.523	0.533	0.022	
-10.567	-8.587	31.611	-0.551	0.517	0.016	
-11.048	-8.918	31.540	-0.539	0.573	0.028	
-10.478	-8.943	31.765	-0.541	0.499	0.018	
-10.318	-8.268	32.111	-0.521	0.537	0.040	
-10.637	-8.168	32.251	-0.507	0.569	0.028	
-10.378	-8.798	32.595	-0.551	0.519	0.026	
-10.483	-8.404	31.940	-0.511	0.525	0.032	
-10.207	-8.428	31.881	-0.529	0.527	0.034	
-10.509	-8.460	31.620	-0.541	0.553	0.034	
-10.178	-8.259	32.010	-0.497	0.541	0.042	
-10.143	-8.288	32.286	-0.535	0.539	0.040	
-10.278	-8.504	32.315	-0.545	0.517	0.028	
-10.058	-8.212	32.471	-0.517	0.499	0.028	
-9.878	-8.317	32.291	-0.525	0.521	0.046	
-9.898	-7.939	32.210	-0.501	0.547	0.032	
-9.643	-8.304	31.820	-0.523	0.497	0.026	
-9.034	-7.589	31.705	-0.533	0.503	0.040	
-9.074	-7.534	31.660	-0.491	0.469	0.042	
-8.614	-7.325	31.480	-0.469	0.449	0.034	
-8.650	-7.286	31.314	-0.481	0.467	0.014	
-8.060	-6.990	31.050	-0.455	0.421	0.032	
-7.310	-5.440	30.650	-0.359	0.391	0.030	
-5.672	-4.722	28.774	-0.325	0.267	0.020	
-5.152	-4.312	27.909	-0.289	0.257	0.024	
-5.087	-3.717	27.890	-0.285	0.277	0.022	
-4.833	-3.662	28.664	-0.249	0.245	0.010	
-4.622	-3.812	28.390	-0.275	0.237	0.022	
-4.872	-3.542	28.550	-0.237	0.247	0.024	
-4.482	-3.737	28.880	-0.321	0.251	0.022	
-4.542	-3.772	28.930	-0.285	0.261	0.018	
-4.766	-3.202	30.125	-0.249	0.259	0.032	
-4.772	-3.841	30.150	-0.313	0.291	0.028	
-4.705	-3.835	30.140	-0.263	0.247	0.022	
-4.440	-3.766	30.305	-0.287	0.251	0.024	
-4.700	-3.340	30.440	-0.271	0.289	0.040	
-4.480	-3.450	30.700	-0.289	0.275	0.036	
-4.493	-3.814	30.356	-0.273	0.233	0.036	
-4.674	-3.804	30.491	-0.305	0.265	0.022	
-4.409	-4.029	30.520	-0.307	0.201	0.032	
-4.652	-3.823	31.096	-0.295	0.277	0.020	
-4.778	-3.834	30.766	-0.251	0.259	0.038	
-4.207	-3.344	29.816	-0.259	0.215	0.024	
-4.247	-3.399	29.206	-0.257	0.213	0.024	
-4.369	-3.499	29.311	-0.269	0.269	0.020	
-4.262	-3.463	29.431	-0.261	0.253	0.030	
-4.217	-3.673	28.921	-0.275	0.229	0.018	
-4.587	-3.243	29.036	-0.209	0.249	0.016	
-4.496	-3.187	28.741	-0.243	0.241	0.026	
-4.348	-3.268	29.431	-0.253	0.261	0.024	
-4.297	-3.253	29.781	-0.249	0.243	0.022	
-4.488	-3.089	29.291	-0.253	0.215	0.020	
-4.632	-2.524	29.161	-0.189	0.255	0.022	
-4.633	-2.878	29.311	-0.211	0.247	0.016	
-4.539	-2.424	29.586	-0.223	0.275	0.036	
-4.532	-3.208	29.281	-0.257	0.233	0.020	
-4.367	-3.167	28.896	-0.247	0.209	0.026	
-4.222	-2.918	28.771	-0.243	0.265	0.022	
-4.574	-3.305	28.616	-0.267	0.259	0.026	
-4.478	-3.107	28.531	-0.225	0.229	0.022	
-4.378	-3.152	28.656	-0.257	0.231	0.026	
-4.407	-3.282	28.681	-0.259	0.241	0.022	
-3.977	-3.107	28.366	-0.241	0.201	0.028	
-4.183	-3.143	28.631	-0.237	0.207	0.014	
-4.034	-3.219	28.426	-0.247	0.235	0.026	
-4.399	-3.308	28.806	-0.255	0.237	0.012	
-4.164	-3.374	29.020	-0.253	0.211	0.036	
-4.092	-3.553	29.251	-0.275	0.209	0.016	
-4.187	-3.418	29.411	-0.277	0.255	0.024	
-4.137	-3.208	29.261	-0.245	0.217	0.020	
-4.318	-3.448	29.126	-0.267	0.207	0.032	
-4.313	-3.249	29.101	-0.239	0.239	0.030	
-4.207	-3.308	29.451	-0.287	0.223	0.016	
-4.193	-3.119	29.376	-0.253	0.223	0.024	
-4.043	-3.458	29.111	-0.253	0.195	0.016	
-4.153	-3.323	29.316	-0.265	0.269	0.026	
-4.358	-2.823	29.041	-0.233	0.221	0.018	
-3.888	-3.119	28.841	-0.275	0.207	0.018	
-4.079	-3.704	28.675	-0.285	0.187	0.010	
-4.159	-3.139	28.496	-0.255	0.225	0.008	
-3.978	-3.019	28.566	-0.249	0.233	0.024	
-4.433	-3.294	29.111	-0.281	0.247	0.028	
-4.393	-3.059	29.181	-0.239	0.247	0.008	
-4.418	-2.913	29.141	-0.237	0.253	0.022	
-4.598	-3.018	28.831	-0.251	0.271	0.012	
-4.173	-3.159	29.031	-0.265	0.225	0.008	
-4.672	-3.128	29.661	-0.211	0.257	0.014	
-4.743	-3.078	29.626	-0.225	0.271	0.032	
-4.573	-3.108	29.426	-0.241	0.237	0.022	
-4.239	-3.364	29.586	-0.235	0.227	0.028	
-4.468	-3.243	30.081	-0.233	0.251	0.040	
-4.373	-3.378	29.896	-0.255	0.229	0.014	
-4.132	-3.332	29.566	-0.249	0.247	0.024	
-4.358	-3.048	29.721	-0.237	0.255	0.012	
-4.642	-3.628	29.706	-0.285	0.237	0.026	
-4.252	-3.417	29.381	-0.279	0.213	0.034	
-4.132	-3.398	28.866	-0.251	0.231	0.018	
-4.096	-3.587	29.056	-0.283	0.209	0.024	
-4.271	-3.223	29.216	-0.257	0.237	0.032	
-4.127	-3.723	29.261	-0.299	0.211	0.012	
-4.201	-3.377	29.096	-0.255	0.249	0.042	
-4.142	-3.418	28.871	-0.247	0.203	0.018	
-4.221	-3.627	28.961	-0.273	0.215	0.008	
-4.086	-3.722	29.076	-0.291	0.219	0.014	
-4.121	-3.482	29.121	-0.263	0.231	0.002	
-4.308	-3.348	29.461	-0.249	0.279	0.022	
-4.187	-3.343	29.171	-0.245	0.215	0.022	
-4.427	-3.408	28.931	-0.275	0.269	0.030	
-4.448	-3.079	28.721	-0.223	0.277	0.034	
-4.292	-3.083	29.101	-0.249	0.259	0.026	
-4.241	-3.263	28.801	-0.259	0.235	0.030	
-4.037	-2.837	28.571	-0.241	0.219	0.022	
-4.342	-3.133	28.886	-0.225	0.243	0.040	
-4.327	-2.799	28.406	-0.237	0.273	0.028	
-4.318	-2.634	28.121	-0.215	0.247	0.020	
-4.593	-2.539	28.396	-0.209	0.267	0.036	
-4.358	-2.718	28.281	-0.219	0.237	0.026	
-4.362	-2.668	28.506	-0.215	0.265	0.026	
-4.297	-3.182	28.441	-0.239	0.223	0.020	
-4.433	-3.028	28.691	-0.231	0.225	0.024	
-4.514	-2.739	28.761	-0.241	0.261	0.022	
-4.144	-3.214	28.911	-0.237	0.211	0.018	
-4.238	-3.139	29.041	-0.231	0.229	0.032	
-3.984	-3.099	29.396	-0.263	0.245	0.034	
-3.939	-3.354	29.051	-0.239	0.227	0.040	
-4.173	-3.203	29.426	-0.245	0.225	0.026	
-4.233	-3.048	29.141	-0.231	0.253	0.030	
-4.173	-3.398	28.991	-0.265	0.203	0.016	
-3.843	-3.194	29.096	-0.249	0.227	0.018	
-3.925	-3.565	29.275	-0.259	0.195	0.028	
-4.259	-3.339	28.935	-0.247	0.295	0.022	
-4.089	-3.279	28.971	-0.253	0.215	0.026	
-4.275	-3.370	28.955	-0.267	0.251	0.034	
-4.018	-3.648	28.901	-0.277	0.227	0.026	
-4.117	-3.554	29.266	-0.285	0.243	0.034	
-4.278	-3.583	29.731	-0.271	0.239	0.042	
-4.312	-3.478	30.126	-0.255	0.253	0.028	
-4.257	-3.033	29.961	-0.253	0.267	0.038	
-4.473	-3.548	30.376	-0.265	0.245	0.024	
-4.407	-3.429	30.011	-0.275	0.229	0.022	
-4.547	-2.963	29.931	-0.217	0.287	0.032	
-4.242	-3.128	29.856	-0.253	0.259	0.030	
-4.467	-2.938	29.701	-0.227	0.225	0.018	
-4.647	-2.687	29.546	-0.199	0.259	0.030	
-4.751	-2.557	29.296	-0.205	0.267	0.026	
-4.182	-2.692	29.026	-0.215	0.221	0.028	
-4.427	-3.103	28.851	-0.211	0.213	0.012	
-4.176	-2.712	29.061	-0.197	0.233	0.026	
-4.195	-2.707	29.011	-0.217	0.221	0.030	
-3.908	-2.539	28.491	-0.203	0.207	0.034	
-4.046	-2.962	28.586	-0.225	0.217	0.020	
-3.942	-2.873	28.471	-0.215	0.211	0.012	
-3.867	-2.998	28.241	-0.211	0.197	0.028	
-3.993	-2.959	28.206	-0.213	0.233	0.026	
-4.033	-3.083	28.696	-0.227	0.233	0.018	
-3.808	-2.724	28.676	-0.227	0.211	0.030	
-4.133	-3.013	28.721	-0.243	0.259	0.016	
-3.919	-2.979	28.666	-0.217	0.257	0.026	
-4.003	-2.818	28.676	-0.201	0.231	0.026	
-3.949	-2.954	28.966	-0.239	0.259	0.030	
-3.703	-2.908	28.721	-0.233	0.221	0.024	
-3.809	-2.884	28.561	-0.223	0.239	0.044	
-3.738	-3.264	28.311	-0.239	0.225	0.008	
-3.768	-3.159	28.216	-0.259	0.195	0.018	
-3.703	-3.128	28.586	-0.251	0.237	0.016	
-3.992	-3.048	28.801	-0.201	0.205	0.014	
-3.742	-3.023	28.411	-0.229	0.201	0.026	
-3.638	-2.814	28.761	-0.219	0.183	0.030	
-3.803	-3.049	28.876	-0.229	0.247	0.014	
-3.853	-2.914	28.796	-0.235	0.239	0.036	
-4.079	-3.119	29.116	-0.253	0.215	0.032	
-3.973	-2.869	29.101	-0.223	0.235	0.008	
-3.868	-2.708	29.286	-0.209	0.241	0.030	
-4.124	-2.754	29.266	-0.207	0.193	0.008	
-4.254	-2.729	29.731	-0.223	0.247	0.020	
-4.608	-2.103	29.336	-0.147	0.305	0.030	
-4.133	-2.664	29.301	-0.209	0.237	0.022	
-3.878	-2.733	29.331	-0.227	0.223	0.034	
-3.848	-2.888	29.551	-0.237	0.197	0.012	
-4.192	-2.833	30.081	-0.231	0.259	0.032	
-4.053	-2.838	29.381	-0.213	0.265	0.030	
-3.849	-2.969	28.896	-0.245	0.219	0.022	
-3.592	-2.943	29.276	-0.233	0.187	0.016	
-3.723	-2.848	29.106	-0.235	0.211	0.022	
-3.434	-2.790	28.840	-0.231	0.201	0.024	
-3.699	-2.949	28.821	-0.229	0.195	0.020	
-3.859	-2.988	29.331	-0.225	0.203	0.026	
-3.418	-3.113	29.131	-0.227	0.163	0.010	
-3.459	-2.844	29.046	-0.201	0.167	0.016	
-3.439	-3.149	29.006	-0.203	0.145	0.008	
-3.404	-3.099	29.176	-0.267	0.181	0.004	
-3.743	-3.014	28.626	-0.245	0.217	0.018	
-3.389	-2.894	29.081	-0.229	0.199	0.026	
-3.692	-2.874	29.336	-0.227	0.215	0.024	
-3.658	-2.764	29.781	-0.229	0.261	0.044	
-3.597	-2.982	29.491	-0.213	0.185	0.026	
-3.633	-2.978	29.186	-0.241	0.199	0.014	
-3.847	-3.088	29.686	-0.225	0.207	0.022	
-3.502	-3.017	29.506	-0.247	0.195	0.016	
-3.717	-3.152	29.301	-0.259	0.225	0.010	
-3.627	-2.792	29.336	-0.205	0.187	0.024	
-3.867	-2.952	29.401	-0.223	0.221	0.034	
-3.892	-2.653	29.531	-0.227	0.245	0.040	
-3.911	-2.747	28.966	-0.211	0.217	0.030	
-3.997	-2.588	29.131	-0.209	0.215	0.022	
-4.293	-2.643	28.926	-0.207	0.231	0.028	
-4.262	-2.584	29.226	-0.195	0.231	0.022	
-4.332	-2.743	29.561	-0.223	0.249	0.022	
-4.248	-2.668	29.676	-0.213	0.305	0.042	
-4.322	-2.902	29.206	-0.229	0.255	0.028	
-4.021	-2.846	29.481	-0.241	0.255	0.038	
-4.027	-2.847	29.626	-0.229	0.221	0.024	
-4.252	-2.918	29.661	-0.227	0.273	0.020	
-4.027	-2.912	29.426	-0.223	0.209	0.032	
-4.178	-3.138	29.346	-0.247	0.229	0.024	
-4.106	-2.952	29.621	-0.229	0.223	0.026	
-3.703	-3.128	29.256	-0.239	0.201	0.024	
-3.862	-2.862	29.261	-0.217	0.283	0.044	
-4.066	-2.873	28.801	-0.215	0.255	0.030	
-3.982	-2.812	28.656	-0.237	0.235	0.020	
-3.952	-3.177	28.496	-0.249	0.209	0.026	
-3.821	-2.992	28.841	-0.249	0.239	0.028	
-3.852	-3.047	28.546	-0.231	0.237	0.026	
-3.892	-3.217	28.491	-0.225	0.241	0.036	
-4.061	-3.222	28.531	-0.239	0.273	0.036	
-4.107	-3.602	28.661	-0.289	0.239	0.024	
-4.053	-3.234	28.746	-0.261	0.223	0.020	
-4.337	-3.228	28.771	-0.223	0.219	0.022	
-4.338	-2.994	29.216	-0.225	0.259	0.016	
-4.143	-2.683	29.441	-0.239	0.283	0.038	
-4.512	-3.108	29.446	-0.205	0.239	0.020	
-4.204	-3.288	29.451	-0.275	0.255	0.008	
-4.472	-3.093	29.391	-0.231	0.255	0.026	
-4.213	-3.153	29.146	-0.237	0.263	0.028	
-4.477	-2.939	28.951	-0.243	0.275	0.026	
-4.452	-3.098	28.831	-0.233	0.241	0.024	
-4.513	-2.808	28.821	-0.215	0.265	0.020	
-4.524	-2.779	28.336	-0.213	0.233	0.018	
-4.534	-2.880	28.750	-0.217	0.267	0.034	
-4.395	-3.084	28.765	-0.251	0.239	0.018	
-4.289	-2.894	28.516	-0.227	0.243	0.032	
-4.593	-3.103	28.596	-0.223	0.255	0.022	
-4.493	-3.198	28.721	-0.249	0.257	0.026	
-4.379	-3.223	28.946	-0.239	0.249	0.032	
-4.333	-2.613	28.866	-0.209	0.273	0.030	
-4.088	-3.354	29.126	-0.265	0.229	0.020	
-4.473	-3.014	29.226	-0.213	0.245	0.030	
-4.338	-2.799	29.186	-0.209	0.257	0.032	
-4.599	-2.769	29.246	-0.229	0.301	0.026	
-4.263	-3.289	29.551	-0.253	0.241	0.016	
-4.264	-3.220	29.700	-0.263	0.265	0.018	
-4.328	-3.524	29.116	-0.273	0.231	0.018	
-4.138	-3.658	29.191	-0.277	0.233	0.022	
-4.344	-3.459	28.926	-0.267	0.253	0.016	
-4.028	-3.329	28.756	-0.263	0.215	0.032	
-4.353	-3.454	28.986	-0.277	0.275	0.024	
-4.208	-3.233	29.021	-0.239	0.253	0.030	
-4.123	-3.363	28.866	-0.253	0.237	0.020	
-4.198	-3.584	29.236	-0.267	0.237	0.022	
-4.294	-3.478	29.276	-0.243	0.275	0.026	
-4.408	-3.558	28.841	-0.269	0.241	0.024	
-4.349	-3.419	29.040	-0.269	0.235	0.026	
-4.144	-3.305	29.545	-0.263	0.241	0.028	
-4.188	-3.769	29.466	-0.279	0.209	0.006	
-4.354	-3.378	29.391	-0.267	0.251	0.036	
-4.178	-3.537	29.746	-0.285	0.225	0.014	
-4.308	-3.438	29.521	-0.271	0.247	0.020	
-4.279	-3.204	29.896	-0.235	0.249	0.036	
-4.483	-3.468	29.576	-0.283	0.267	0.028	
-4.543	-3.164	29.451	-0.251	0.247	0.018	
-4.734	-2.488	29.141	-0.201	0.335	0.050	
-4.783	-3.182	28.816	-0.251	0.283	0.022	
-4.948	-2.578	29.041	-0.203	0.311	0.026	
-4.742	-3.002	29.131	-0.233	0.275	0.016	
-4.663	-3.113	28.476	-0.255	0.251	0.028	
-4.418	-3.008	28.676	-0.223	0.239	0.030	
-4.710	-3.135	29.000	-0.235	0.281	0.018	
-4.509	-3.323	29.036	-0.261	0.243	0.030	
-4.609	-3.219	28.690	-0.231	0.259	0.032	
-4.378	-3.002	28.591	-0.219	0.263	0.038	
-4.270	-3.724	28.715	-0.277	0.253	0.028	
-4.375	-3.279	28.840	-0.257	0.225	0.024	
-4.438	-3.184	29.221	-0.249	0.259	0.030	
-4.619	-3.488	28.911	-0.249	0.243	0.018	
-4.344	-3.198	29.011	-0.239	0.227	0.024	
-4.210	-3.544	28.985	-0.273	0.211	0.018	
-4.349	-3.013	29.046	-0.223	0.239	0.028	
-4.280	-3.389	29.015	-0.251	0.251	0.032	
-4.409	-3.344	28.785	-0.251	0.239	0.026	
-4.320	-3.498	28.630	-0.267	0.261	0.038	
-4.339	-3.399	28.751	-0.275	0.255	0.034	
-4.259	-3.519	28.651	-0.257	0.263	0.034	
-4.334	-3.363	28.811	-0.263	0.249	0.026	
-4.420	-3.379	28.690	-0.255	0.233	0.024	
-3.899	-3.574	28.520	-0.289	0.209	0.020	
-3.955	-3.559	28.810	-0.295	0.235	0.010	
-4.316	-3.315	28.990	-0.241	0.233	0.026	
-4.170	-3.444	28.815	-0.261	0.237	0.018	
-4.629	-3.294	28.900	-0.249	0.265	0.010	
-4.085	-3.199	29.000	-0.269	0.219	0.004	
-4.090	-3.079	29.135	-0.237	0.239	0.018	
-4.289	-2.938	29.231	-0.237	0.237	0.030	
-4.170	-2.744	29.330	-0.231	0.269	0.034	
-4.384	-2.663	28.951	-0.221	0.233	0.026	
-4.579	-2.299	28.881	-0.197	0.275	0.028	
-4.275	-2.739	29.225	-0.217	0.231	0.010	
-4.338	-2.898	29.316	-0.247	0.233	0.030	
-4.139	-2.678	29.381	-0.217	0.233	0.042	
-4.249	-2.622	29.361	-0.215	0.217	0.010	
-4.198	-2.717	29.611	-0.227	0.257	0.026	
-3.739	-3.018	29.451	-0.253	0.191	0.016	
-4.219	-2.889	29.296	-0.213	0.227	0.026	
-4.058	-3.128	28.951	-0.241	0.229	0.034	
-3.788	-2.653	28.906	-0.245	0.221	0.026	
-3.973	-3.021	28.876	-0.227	0.199	0.012	
-3.774	-3.164	28.976	-0.243	0.257	0.028	
-3.528	-2.357	28.566	-0.207	0.235	0.036	
-3.489	-2.713	28.076	-0.259	0.213	0.020	
-3.369	-2.348	27.991	-0.203	0.195	0.030	
-3.407	-2.678	28.026	-0.221	0.157	0.014	
-3.203	-2.532	28.051	-0.205	0.213	0.022	
-2.908	-2.417	27.521	-0.245	0.179	0.022	
-3.343	-2.312	27.696	-0.213	0.207	0.024	
-3.087	-2.448	27.751	-0.213	0.191	0.018	
-3.393	-2.538	27.776	-0.241	0.191	0.014	
-3.159	-2.239	28.001	-0.243	0.233	0.034	
-3.074	-2.268	27.696	-0.233	0.199	0.018	
-3.038	-2.102	27.486	-0.199	0.201	0.022	
-3.054	-2.097	27.301	-0.211	0.201	0.016	
-2.989	-2.079	27.191	-0.209	0.201	0.014	
-2.929	-1.643	26.891	-0.187	0.205	0.032	
-3.099	-1.903	26.706	-0.211	0.169	0.012	
-3.023	-1.793	26.536	-0.191	0.173	0.028	
-2.949	-1.649	26.381	-0.179	0.187	0.024	
-2.658	-1.803	26.601	-0.219	0.179	0.012	
-2.945	-1.754	26.496	-0.173	0.175	0.024	
-2.894	-2.038	26.996	-0.193	0.179	0.010	
-2.839	-2.163	26.941	-0.221	0.165	0.008	
-2.810	-2.123	27.256	-0.217	0.199	0.024	
-2.955	-1.924	27.606	-0.181	0.197	0.022	
-2.975	-1.919	27.936	-0.219	0.191	0.016	
-2.777	-2.144	28.085	-0.225	0.169	0.022	
-2.929	-1.834	27.861	-0.201	0.203	0.026	
-2.826	-2.190	27.860	-0.211	0.177	0.014	
-2.709	-2.048	28.011	-0.185	0.185	0.034	
-2.920	-1.719	27.781	-0.171	0.201	0.024	
-2.619	-2.134	27.911	-0.221	0.169	0.016	
-2.876	-1.929	28.296	-0.187	0.207	0.032	
-2.884	-1.924	28.256	-0.217	0.177	0.018	
-2.636	-2.061	28.370	-0.231	0.175	0.026	
-2.811	-1.729	28.461	-0.169	0.199	0.032	
-2.865	-1.984	28.681	-0.191	0.223	0.026	
-3.089	-1.899	28.696	-0.173	0.195	0.028	
-3.040	-2.009	28.711	-0.235	0.193	0.018	
-2.969	-1.643	28.936	-0.167	0.197	0.014	
-2.759	-1.703	28.991	-0.179	0.191	0.024	
-2.998	-1.988	28.881	-0.175	0.185	0.030	
-2.959	-1.764	28.836	-0.183	0.197	0.040	
-2.804	-1.559	28.736	-0.147	0.175	0.030	
-3.139	-1.354	29.346	-0.167	0.195	0.028	
-3.134	-1.487	29.166	-0.169	0.217	0.012	
-2.713	-1.217	28.801	-0.183	0.197	0.022	
-2.797	-1.602	28.696	-0.181	0.171	0.014	
-2.857	-1.532	28.406	-0.183	0.177	0.018	
-2.738	-1.862	28.491	-0.201	0.189	0.014	
-2.868	-1.817	28.491	-0.193	0.185	0.028	
-2.722	-1.672	28.371	-0.207	0.183	0.026	
-2.737	-1.677	28.486	-0.199	0.185	0.020	
-2.668	-1.807	28.376	-0.203	0.159	0.022	
-2.652	-1.792	28.226	-0.205	0.165	0.022	
-2.608	-1.507	28.141	-0.159	0.141	0.022	
-2.882	-1.812	27.676	-0.169	0.187	0.026	
-2.706	-1.951	27.631	-0.201	0.173	0.020	
-2.497	-1.657	27.711	-0.207	0.173	0.028	
-2.648	-1.817	27.426	-0.203	0.201	0.020	
-2.457	-1.932	27.326	-0.181	0.175	0.018	
-2.728	-1.797	27.591	-0.201	0.169	0.020	
-2.452	-1.998	27.556	-0.205	0.151	0.026	
-2.512	-1.677	27.066	-0.197	0.169	0.022	
-2.584	-1.782	27.056	-0.173	0.175	0.012	
-2.397	-1.836	27.036	-0.207	0.157	0.016	
-2.489	-1.938	27.106	-0.199	0.155	0.022	
-2.473	-1.993	27.061	-0.207	0.183	0.016	
-2.589	-1.523	27.096	-0.151	0.173	0.032	
-2.448	-1.558	26.996	-0.157	0.179	0.024	
-2.660	-1.913	26.586	-0.195	0.167	0.014	
-2.669	-1.863	26.411	-0.171	0.165	0.014	
-2.314	-1.739	26.581	-0.177	0.141	0.020	
-2.190	-1.723	26.211	-0.187	0.127	0.026	
-2.379	-1.838	25.921	-0.179	0.125	0.014	
-2.430	-1.448	26.621	-0.165	0.169	0.026	
-2.314	-1.738	26.701	-0.193	0.155	0.014	
-2.435	-1.444	26.691	-0.159	0.149	0.022	
-2.440	-1.949	26.891	-0.207	0.165	0.024	
-2.511	-1.445	27.601	-0.191	0.143	-0.002	
-2.855	-1.165	27.826	-0.141	0.193	0.024	
-3.069	-0.829	27.941	-0.125	0.215	0.018	
-3.141	-1.014	28.341	-0.147	0.239	0.028	
-2.900	-1.339	28.601	-0.159	0.207	0.038	
-2.626	-1.425	28.501	-0.147	0.185	0.036	
-2.670	-1.609	28.561	-0.193	0.185	0.026	
-2.796	-1.515	28.211	-0.197	0.185	0.014	
-2.725	-1.275	28.391	-0.147	0.205	0.012	
-2.745	-1.459	28.496	-0.173	0.185	0.042	
-2.195	-1.880	28.516	-0.197	0.129	0.020	
-2.670	-1.829	28.596	-0.191	0.191	0.020	
-2.490	-1.614	28.946	-0.161	0.161	0.012	
-2.605	-1.589	29.016	-0.153	0.153	0.012	
-2.384	-1.638	29.011	-0.167	0.165	0.044	
-2.366	-2.075	29.101	-0.217	0.133	0.012	
-2.500	-1.774	29.441	-0.207	0.165	0.036	
-2.249	-1.708	29.611	-0.199	0.159	0.026	
-2.500	-1.579	29.336	-0.165	0.159	0.016	
-2.888	-1.943	29.491	-0.187	0.187	0.022	
-2.763	-1.618	29.731	-0.193	0.217	0.034	
-2.463	-1.822	29.441	-0.181	0.183	0.022	
-2.424	-1.648	28.891	-0.203	0.167	0.014	
-2.474	-1.858	29.156	-0.213	0.169	0.016	
-2.257	-2.102	28.966	-0.213	0.169	0.012	
-2.216	-1.356	28.721	-0.189	0.211	0.040	
-2.703	-1.217	28.686	-0.147	0.225	0.046	
-2.532	-1.722	28.486	-0.179	0.193	0.010	
-2.658	-1.312	28.566	-0.179	0.203	0.032	
-2.371	-1.252	28.306	-0.175	0.161	0.010	
-2.521	-1.442	27.836	-0.173	0.171	0.016	
-2.362	-1.597	27.361	-0.173	0.157	0.012	
-2.219	-1.268	27.086	-0.155	0.143	0.012	
-2.806	-0.897	27.056	-0.137	0.219	0.016	
-2.652	-0.752	26.896	-0.123	0.193	0.030	
-2.633	-0.998	26.796	-0.143	0.185	0.022	
-2.528	-1.272	26.586	-0.151	0.151	0.012	
-2.492	-1.312	26.731	-0.155	0.145	0.022	
-2.487	-1.151	26.751	-0.149	0.195	0.016	
-2.677	-1.417	26.681	-0.161	0.179	0.032	
-2.498	-1.327	26.861	-0.133	0.163	0.020	
-2.453	-1.333	26.726	-0.169	0.139	0.024	
-2.299	-1.298	27.221	-0.141	0.151	0.032	
-2.324	-1.713	27.131	-0.189	0.145	0.012	
-2.344	-1.459	27.311	-0.149	0.153	0.026	
-2.329	-1.394	27.086	-0.177	0.157	0.018	
-2.328	-1.528	26.601	-0.161	0.141	0.012	
-2.124	-1.839	26.691	-0.217	0.169	0.014	
-2.399	-1.888	27.021	-0.187	0.159	0.010	
-2.154	-1.469	27.256	-0.137	0.113	0.028	
-2.094	-1.909	26.636	-0.199	0.113	0.022	
-2.204	-1.788	26.631	-0.183	0.139	0.016	
-2.170	-1.579	27.011	-0.157	0.145	0.032	
-2.231	-1.835	27.266	-0.195	0.165	0.010	
-2.180	-1.749	27.556	-0.173	0.139	0.024	
-2.074	-1.849	27.561	-0.165	0.093	0.014	
-2.276	-1.885	28.070	-0.211	0.165	0.018	
-2.565	-1.605	28.291	-0.159	0.149	0.010	
-2.364	-1.823	28.191	-0.197	0.157	0.014	
-2.200	-1.839	28.501	-0.207	0.135	0.012	
-2.089	-1.563	28.406	-0.155	0.127	0.032	
-2.284	-1.468	28.226	-0.191	0.157	0.018	
-2.310	-1.574	28.826	-0.165	0.135	0.016	
-2.215	-1.754	28.881	-0.183	0.203	0.024	
-2.495	-1.520	29.041	-0.171	0.145	0.024	
-2.535	-1.379	29.031	-0.157	0.181	0.016	
-2.499	-1.608	28.971	-0.185	0.197	0.026	
-2.329	-1.363	29.066	-0.187	0.165	0.028	
-2.539	-1.418	29.131	-0.199	0.171	0.004	
-2.834	-0.743	29.021	-0.139	0.187	0.020	
-2.813	-1.012	29.061	-0.153	0.193	0.020	
-2.471	-1.122	28.561	-0.187	0.147	-0.002	
-2.413	-1.188	28.181	-0.145	0.163	0.026	
-2.482	-1.437	28.306	-0.153	0.135	0.026	
-2.558	-1.217	28.166	-0.151	0.153	0.020	
-2.472	-1.457	28.176	-0.159	0.147	0.010	
-2.478	-1.518	28.011	-0.189	0.169	0.008	
-2.033	-1.418	27.886	-0.169	0.119	0.016	
-2.424	-1.313	27.951	-0.157	0.165	0.024	
-2.328	-1.388	27.861	-0.149	0.159	0.012	
-2.027	-1.637	27.816	-0.189	0.143	0.022	
-2.170	-1.449	27.846	-0.177	0.145	0.018	
-2.429	-1.508	27.516	-0.171	0.159	0.014	
-2.303	-1.683	27.366	-0.187	0.165	0.010	
-2.093	-1.293	27.786	-0.169	0.133	0.014	
-1.958	-1.467	27.616	-0.169	0.143	0.018	
-2.239	-1.393	27.441	-0.173	0.159	0.024	
-2.168	-1.382	27.301	-0.201	0.123	0.014	
-2.198	-1.288	27.011	-0.143	0.141	0.022	
-1.978	-1.513	26.861	-0.157	0.147	0.028	
-2.228	-1.482	26.856	-0.161	0.131	0.014	
-2.278	-1.813	27.226	-0.179	0.139	0.020	
-2.328	-1.583	26.976	-0.179	0.159	0.014	
-2.064	-1.429	27.291	-0.157	0.143	0.020	
-2.252	-1.578	27.271	-0.163	0.169	0.014	
-2.284	-1.188	27.216	-0.135	0.139	0.026	
-2.322	-1.488	27.076	-0.175	0.155	0.006	
-2.244	-1.583	26.916	-0.181	0.145	0.034	
-2.303	-1.327	27.091	-0.151	0.131	0.008	
-2.213	-1.313	27.371	-0.165	0.123	0.018	
-2.193	-1.308	27.071	-0.167	0.133	0.014	
-2.068	-1.018	27.036	-0.151	0.153	0.032	
-2.343	-1.253	27.286	-0.179	0.157	0.010	
-2.313	-1.118	27.506	-0.159	0.165	0.028	
-2.369	-1.168	27.261	-0.155	0.165	0.026	
-2.339	-1.093	27.136	-0.143	0.141	0.024	
-2.279	-1.008	27.301	-0.133	0.155	0.022	
-2.449	-0.848	27.361	-0.127	0.209	0.040	
-2.409	-1.198	27.186	-0.171	0.151	0.006	
-2.220	-1.389	26.931	-0.157	0.139	0.016	
-2.160	-1.344	27.476	-0.179	0.165	0.026	
-2.159	-1.479	27.731	-0.161	0.155	0.030	
-2.339	-1.684	27.946	-0.197	0.173	0.016	
-2.424	-1.369	28.261	-0.165	0.181	0.028	
-2.534	-1.288	28.196	-0.143	0.171	0.034	
-2.159	-1.583	27.946	-0.169	0.149	0.022	
-2.528	-1.283	28.296	-0.153	0.171	0.028	
-2.488	-1.597	28.741	-0.167	0.191	0.030	
-2.383	-1.153	28.531	-0.169	0.209	0.044	
-2.418	-1.492	28.606	-0.185	0.179	0.012	
-2.318	-1.958	28.601	-0.207	0.147	0.012	
-2.144	-1.434	28.371	-0.177	0.127	0.020	
-2.369	-1.338	28.281	-0.155	0.165	0.032	
-2.268	-1.327	27.951	-0.173	0.145	0.020	
-2.360	-1.494	27.581	-0.205	0.159	0.018	
-2.183	-1.448	27.831	-0.159	0.123	0.018	
-1.923	-1.452	27.691	-0.165	0.139	0.026	
-2.269	-1.548	27.731	-0.183	0.135	0.018	
-2.228	-1.177	27.596	-0.135	0.113	0.028	
-2.073	-1.363	27.581	-0.159	0.125	0.006	
-2.064	-1.318	27.566	-0.151	0.115	0.018	
-2.109	-1.413	27.161	-0.157	0.143	0.022	
-2.283	-1.242	27.656	-0.177	0.179	0.030	
-2.357	-1.502	27.751	-0.173	0.163	0.026	
-2.393	-1.598	27.856	-0.177	0.175	0.010	
-2.318	-1.247	27.721	-0.153	0.161	0.016	
-2.723	-0.703	27.931	-0.137	0.185	0.038	
-2.583	-0.933	28.111	-0.159	0.191	0.008	
-2.718	-0.438	27.856	-0.087	0.219	0.038	
-2.593	-1.092	27.566	-0.151	0.185	0.018	
-2.508	-1.228	27.991	-0.157	0.165	0.018	
-2.263	-1.033	27.551	-0.167	0.153	0.018	
-2.493	-1.213	27.521	-0.161	0.151	0.018	
-2.378	-1.208	27.561	-0.159	0.143	0.006	
-2.399	-1.228	27.621	-0.161	0.153	0.020	
-2.133	-1.267	27.486	-0.167	0.125	0.030	
-2.244	-1.198	27.541	-0.159	0.173	0.024	
-2.330	-1.385	27.681	-0.155	0.157	0.026	
-2.459	-1.179	27.801	-0.155	0.163	0.018	
-2.499	-1.638	27.971	-0.199	0.201	0.016	
-2.124	-1.243	27.936	-0.149	0.159	0.020	
-2.199	-1.513	28.016	-0.173	0.141	0.022	
-2.238	-1.323	27.871	-0.159	0.155	0.024	
-2.224	-1.333	28.246	-0.141	0.129	0.024	
-2.184	-1.408	28.286	-0.169	0.159	0.030	
-1.978	-1.673	28.191	-0.187	0.121	0.018	
-2.295	-1.589	28.071	-0.175	0.175	0.012	
-2.224	-1.439	28.091	-0.167	0.147	0.026	
-2.119	-1.608	27.681	-0.183	0.147	0.016	
-2.304	-1.598	27.741	-0.179	0.149	0.012	
-1.858	-1.667	27.946	-0.193	0.145	0.018	
-2.064	-1.388	27.896	-0.173	0.123	0.008	
-2.408	-1.437	27.996	-0.159	0.171	0.024	
-2.324	-1.523	27.846	-0.183	0.177	0.018	
-2.147	-1.387	27.691	-0.181	0.155	0.032	
-2.218	-1.357	27.446	-0.165	0.129	0.018	
-1.913	-1.258	27.661	-0.153	0.131	0.026	
-2.223	-1.568	27.711	-0.177	0.155	0.028	
-2.122	-1.447	27.776	-0.195	0.145	0.020	
-2.048	-1.508	27.651	-0.177	0.097	0.018	
-2.158	-1.783	27.601	-0.181	0.129	0.006	
-2.222	-1.372	27.786	-0.167	0.209	0.038	
-2.114	-1.423	27.741	-0.155	0.137	0.034	
-2.298	-1.182	27.851	-0.155	0.183	0.030	
-2.309	-1.359	27.726	-0.159	0.153	0.012	
-2.589	-1.343	27.861	-0.151	0.183	0.020	
-2.143	-0.953	27.496	-0.149	0.145	0.022	
-2.698	-0.863	27.371	-0.137	0.201	0.012	
-2.553	-1.268	27.706	-0.153	0.165	0.020	
-2.323	-1.222	27.271	-0.133	0.133	0.020	
-2.363	-1.388	27.396	-0.187	0.147	0.030	
-2.304	-1.097	27.041	-0.151	0.129	0.014	
-2.344	-1.198	27.176	-0.181	0.147	0.006	
-2.369	-1.478	27.136	-0.159	0.165	0.016	
-2.185	-1.674	27.161	-0.163	0.161	0.018	
-2.268	-1.043	27.026	-0.151	0.195	0.040	
-2.088	-1.442	27.201	-0.185	0.123	0.012	
-2.259	-1.253	27.181	-0.171	0.121	0.014	
-2.214	-1.359	27.691	-0.179	0.117	0.022	
-2.094	-1.499	27.726	-0.197	0.163	0.016	
-2.119	-1.679	27.871	-0.179	0.137	0.018	
-2.465	-1.459	28.301	-0.149	0.163	0.028	
-2.064	-1.534	28.346	-0.191	0.115	0.012	
-2.430	-1.544	28.411	-0.181	0.137	0.020	
-2.294	-1.603	28.611	-0.177	0.143	0.018	
-2.179	-1.288	28.286	-0.155	0.141	0.026	
-2.199	-1.253	28.511	-0.149	0.151	0.026	
-2.300	-1.249	28.406	-0.149	0.151	0.026	
-2.618	-1.408	28.521	-0.149	0.153	0.012	
-2.308	-1.228	28.486	-0.151	0.145	0.016	
-2.248	-1.232	28.031	-0.153	0.159	0.028	
-2.224	-1.337	27.891	-0.175	0.171	0.012	
-2.243	-1.197	28.276	-0.151	0.125	0.020	
-2.248	-0.982	27.686	-0.149	0.169	0.032	
-2.013	-1.078	27.711	-0.167	0.135	0.022	
-2.183	-1.423	27.806	-0.139	0.145	0.020	
-1.887	-1.397	27.901	-0.175	0.103	0.018	
-2.087	-1.378	28.276	-0.171	0.123	0.012	
-2.483	-1.477	27.866	-0.155	0.143	0.032	
-1.988	-1.372	28.256	-0.183	0.149	0.020	
-1.989	-1.289	28.451	-0.183	0.137	0.018	
-2.019	-1.203	28.296	-0.133	0.105	0.022	
-2.228	-1.352	28.216	-0.163	0.151	0.006	
-2.078	-1.118	27.901	-0.155	0.135	0.026	
-2.168	-1.168	27.961	-0.149	0.149	0.028	
-2.643	-1.198	27.261	-0.151	0.189	0.030	
-2.369	-1.019	27.536	-0.139	0.175	0.036	
-2.218	-1.333	27.531	-0.157	0.147	0.018	
-1.934	-1.399	27.286	-0.157	0.135	0.010	
-2.180	-1.509	27.321	-0.163	0.145	0.016	
-2.744	-1.308	27.546	-0.149	0.205	0.014	
-2.340	-1.569	27.591	-0.179	0.137	0.020	
-2.170	-1.489	27.901	-0.199	0.153	0.026	
-2.220	-1.544	28.131	-0.163	0.145	0.022	
-2.519	-1.564	28.331	-0.175	0.193	0.032	
-2.375	-1.476	28.466	-0.179	0.181	0.030	
-2.423	-1.573	28.376	-0.181	0.145	0.028	
-2.390	-1.784	28.681	-0.203	0.149	0.026	
-2.610	-1.310	29.121	-0.151	0.169	0.016	
-2.365	-1.474	28.811	-0.193	0.195	0.026	
-2.418	-1.628	29.421	-0.171	0.169	0.022	
-2.400	-1.699	29.426	-0.187	0.143	0.014	
-2.614	-1.678	29.361	-0.183	0.159	0.018	
-2.269	-2.153	29.601	-0.231	0.157	0.020	
-2.878	-1.738	29.381	-0.203	0.173	0.014	
-2.414	-1.743	29.726	-0.181	0.173	0.026	
-2.543	-1.458	29.771	-0.175	0.167	0.034	
-2.723	-1.608	29.656	-0.173	0.173	0.024	
-2.382	-2.003	29.586	-0.239	0.169	0.006	
-2.908	-1.808	29.856	-0.185	0.189	0.022	
-2.867	-1.547	29.971	-0.189	0.213	0.020	
-2.737	-1.427	30.081	-0.167	0.197	0.030	
-2.268	-1.802	30.001	-0.221	0.175	0.018	
-2.348	-1.542	30.001	-0.211	0.171	0.028	
-2.618	-1.707	30.116	-0.211	0.185	0.026	
-2.686	-1.397	30.166	-0.171	0.205	0.046	
-2.537	-1.536	29.681	-0.189	0.175	0.030	
-2.477	-1.531	30.026	-0.185	0.173	0.024	
-2.472	-1.417	29.851	-0.187	0.159	0.024	
-2.558	-1.623	30.061	-0.191	0.177	0.032	
-2.687	-1.797	30.111	-0.187	0.195	0.024	
-2.676	-2.136	30.011	-0.229	0.195	0.018	
-2.797	-1.346	29.691	-0.157	0.213	0.048	
-2.672	-1.926	29.716	-0.185	0.165	0.026	
-2.466	-1.636	29.731	-0.197	0.185	0.032	
-2.757	-1.387	29.776	-0.133	0.209	0.030	
-2.711	-1.266	29.671	-0.195	0.203	0.038	
-2.637	-1.456	29.736	-0.173	0.197	0.030	
-2.518	-1.627	29.766	-0.197	0.207	0.030	
-2.617	-1.821	29.251	-0.201	0.171	0.010	
-2.816	-1.647	29.221	-0.187	0.185	0.026	
-2.738	-1.577	29.126	-0.167	0.189	0.032	
-2.716	-1.357	29.431	-0.135	0.209	0.020	
-2.466	-1.551	29.401	-0.169	0.171	0.030	
-2.667	-1.586	29.406	-0.183	0.191	0.026	
-2.653	-1.632	29.521	-0.177	0.165	0.024	
-2.588	-1.643	29.336	-0.187	0.171	0.020	
-2.557	-1.536	29.266	-0.179	0.187	0.034	
-2.357	-1.428	29.176	-0.191	0.153	0.020	
-2.403	-1.837	29.486	-0.213	0.157	0.014	
-2.573	-1.388	29.306	-0.185	0.169	0.024	
-2.613	-1.463	29.871	-0.191	0.189	0.028	
-2.048	-1.683	29.491	-0.177	0.117	0.014	
-2.378	-1.322	29.411	-0.169	0.149	0.034	
-2.462	-1.631	29.566	-0.179	0.137	0.012	
-2.283	-1.698	29.866	-0.167	0.143	0.018	
-2.394	-1.317	29.496	-0.149	0.143	0.018	
-2.319	-1.398	29.676	-0.155	0.157	0.026	
-2.184	-1.354	29.596	-0.165	0.139	0.010	
-2.104	-1.239	29.611	-0.157	0.151	0.030	
-2.159	-1.179	29.706	-0.171	0.179	0.018	
-1.805	-1.320	29.946	-0.169	0.153	0.016	
-1.975	-1.309	29.716	-0.161	0.153	0.026	
-1.866	-0.880	29.586	-0.125	0.135	0.014	
-1.520	-1.134	29.556	-0.149	0.113	0.006	
-1.085	-0.574	29.436	-0.107	0.069	0.024	
-0.787	-0.366	29.491	-0.097	0.071	0.010	
-0.877	-0.616	29.531	-0.143	0.099	0.014	
-0.471	-0.056	29.436	-0.075	0.073	0.026	
-0.107	0.029	29.141	-0.077	0.035	0.024	
0.358	0.149	29.431	-0.087	-0.007	0.016	
0.497	0.474	29.406	-0.069	0.003	0.026	
0.687	0.889	29.491	-0.055	0.013	0.024	
1.167	1.088	29.211	-0.015	-0.023	0.024	
1.378	0.898	29.736	-0.035	-0.085	0.012	
1.887	1.068	29.577	-0.039	-0.085	0.016	
2.107	1.724	30.007	0.007	-0.093	0.026	
2.272	1.663	29.932	-0.007	-0.079	0.026	
2.783	2.069	29.927	0.037	-0.125	0.026	
2.607	2.134	30.602	0.059	-0.105	0.024	
3.028	2.029	30.582	0.013	-0.119	0.002	
3.632	2.544	31.007	0.037	-0.147	0.008	
3.967	3.083	30.877	0.049	-0.169	0.010	
4.467	3.018	31.052	0.069	-0.193	0.022	
4.380	3.217	31.233	0.097	-0.179	0.026	
4.948	3.419	31.622	0.101	-0.237	0.010	
4.918	3.858	31.652	0.127	-0.233	0.020	
5.393	4.219	31.687	0.167	-0.243	0.020	
5.788	4.190	31.892	0.151	-0.297	0.018	
6.293	4.370	32.052	0.119	-0.323	0.014	
6.628	4.629	32.343	0.153	-0.315	0.018	
6.728	4.709	32.307	0.189	-0.317	0.026	
7.149	5.100	32.522	0.197	-0.355	0.018	
7.369	5.175	32.502	0.181	-0.365	0.018	
7.779	5.115	32.562	0.189	-0.393	0.008	
8.325	5.271	32.647	0.185	-0.417	0.004	
8.341	5.651	32.487	0.235	-0.421	0.018	
8.425	6.061	32.707	0.273	-0.423	0.016	
8.966	5.852	33.087	0.233	-0.479	0.012	
9.107	6.277	32.517	0.289	-0.465	0.020	
9.000	5.751	31.172	0.229	-0.465	0.000	
8.922	5.858	31.291	0.225	-0.435	0.016	
9.175	6.186	31.117	0.267	-0.465	0.042	
9.180	5.981	30.522	0.263	-0.457	0.006	
9.095	6.226	30.207	0.271	-0.423	0.030	
9.167	6.202	30.206	0.265	-0.459	0.022	
9.525	6.271	30.217	0.269	-0.487	0.012	
9.410	6.142	29.972	0.279	-0.479	0.008	
8.495	5.810	30.817	0.253	-0.445	0.018	
8.615	5.900	30.897	0.231	-0.423	0.018	
8.549	6.040	30.778	0.267	-0.395	0.022	
8.410	6.016	30.692	0.245	-0.427	0.020	
8.965	6.150	31.252	0.259	-0.457	0.022	
8.570	5.751	31.097	0.227	-0.447	0.008	
8.700	6.090	31.103	0.227	-0.443	0.016	
8.495	6.175	30.972	0.273	-0.393	0.004	
8.371	6.170	31.202	0.271	-0.411	0.020	
8.604	5.915	31.483	0.223	-0.429	0.020	
8.436	5.876	31.637	0.269	-0.433	0.020	
8.706	6.061	31.617	0.255	-0.469	0.014	
8.717	6.096	31.532	0.267	-0.449	0.024	
8.896	6.085	31.812	0.243	-0.449	0.008	
8.556	6.156	31.902	0.271	-0.437	0.012	
8.586	6.101	31.822	0.253	-0.435	0.014	
8.586	6.021	32.047	0.255	-0.421	0.010	
8.361	6.282	32.142	0.237	-0.415	0.016	
8.756	6.147	32.547	0.251	-0.475	0.010	
8.787	6.286	32.587	0.249	-0.433	0.024	
8.373	6.453	32.601	0.295	-0.385	0.020	
8.763	6.113	32.686	0.253	-0.447	0.002	
8.578	6.313	32.496	0.275	-0.403	0.024	
8.443	6.076	32.271	0.261	-0.413	0.014	
8.237	6.311	31.946	0.265	-0.397	0.030	
8.103	6.282	31.906	0.269	-0.403	0.010	
8.032	6.342	31.826	0.261	-0.393	0.020	
7.918	5.912	31.511	0.267	-0.377	0.016	
8.103	5.842	31.676	0.235	-0.401	0.006	
7.878	6.087	31.556	0.259	-0.399	0.024	
8.228	5.582	31.236	0.215	-0.423	-0.006	
8.002	5.962	31.462	0.255	-0.413	0.018	
8.033	5.871	31.656	0.235	-0.391	0.020	
8.232	6.106	31.622	0.269	-0.409	0.020	
8.373	5.872	31.636	0.253	-0.433	0.012	
8.016	5.786	31.592	0.253	-0.371	0.010	
8.046	5.976	31.652	0.279	-0.409	0.010	
8.120	6.250	31.812	0.277	-0.407	0.028	
8.062	5.891	31.717	0.253	-0.385	0.018	
7.986	5.906	31.627	0.263	-0.387	0.018	
7.991	5.671	31.452	0.245	-0.391	0.014	
7.882	5.702	31.491	0.239	-0.377	0.004	
8.133	5.798	31.521	0.217	-0.385	0.024	
8.251	5.651	31.587	0.237	-0.421	0.008	
8.312	5.542	31.541	0.205	-0.421	0.010	
8.016	5.671	31.712	0.237	-0.405	0.008	
8.262	5.461	31.307	0.193	-0.389	0.014	
7.903	5.763	31.841	0.249	-0.421	0.008	
8.198	5.753	31.381	0.233	-0.415	0.020	
8.122	5.602	31.661	0.223	-0.395	0.014	
8.057	5.611	31.362	0.231	-0.417	0.002	
8.007	5.652	31.431	0.237	-0.389	0.014	
7.812	6.097	31.891	0.283	-0.377	0.020	
7.876	5.782	31.672	0.251	-0.385	0.028	
7.833	5.927	31.511	0.249	-0.395	0.010	
8.132	5.732	31.841	0.201	-0.395	0.014	
8.077	6.166	31.747	0.267	-0.403	0.016	
8.223	6.042	32.206	0.253	-0.391	0.016	
8.063	5.821	31.906	0.259	-0.385	0.014	
7.907	5.586	31.792	0.237	-0.401	0.020	
7.843	5.961	31.831	0.269	-0.379	0.018	
7.878	6.327	31.686	0.277	-0.375	0.038	
7.726	5.961	31.862	0.251	-0.375	0.030	
7.843	5.707	31.816	0.233	-0.397	0.000	
7.850	6.003	31.941	0.241	-0.387	0.000	
7.837	6.212	32.011	0.239	-0.403	0.014	
7.917	6.001	31.592	0.251	-0.399	0.020	
7.703	6.177	31.996	0.273	-0.387	0.010	
7.744	5.992	31.841	0.265	-0.351	0.014	
8.093	5.981	31.651	0.261	-0.393	0.016	
7.773	5.888	31.751	0.227	-0.389	0.006	
7.687	5.871	31.242	0.279	-0.405	0.008	
7.708	5.907	31.371	0.257	-0.371	0.012	
7.968	5.832	31.281	0.227	-0.383	0.020	
7.547	5.896	31.122	0.281	-0.371	0.014	
7.668	6.017	31.171	0.257	-0.385	0.016	
7.648	6.017	31.431	0.275	-0.371	0.016	
7.457	5.686	31.142	0.227	-0.369	0.018	
7.677	5.636	30.997	0.243	-0.383	0.024	
7.738	5.996	30.866	0.277	-0.393	0.010	
7.681	5.842	31.112	0.237	-0.361	0.022	
7.892	5.605	31.197	0.243	-0.395	0.012	
7.637	5.746	31.137	0.273	-0.389	0.020	
7.851	5.441	31.182	0.217	-0.389	0.002	
7.817	5.856	31.132	0.245	-0.367	0.020	
7.826	5.650	31.302	0.241	-0.389	0.018	
7.872	5.481	31.272	0.193	-0.387	-0.004	
8.063	5.297	31.391	0.207	-0.407	0.014	
8.380	4.891	31.452	0.165	-0.413	-0.002	
8.282	5.052	31.386	0.217	-0.417	0.020	
7.905	5.636	31.917	0.225	-0.397	0.014	
8.251	4.960	31.607	0.179	-0.421	0.000	
8.065	5.310	31.742	0.193	-0.421	-0.002	
8.411	5.471	32.022	0.193	-0.435	-0.016	
8.316	5.277	31.852	0.197	-0.435	0.008	
7.886	5.701	31.712	0.201	-0.401	0.022	
7.902	5.811	31.882	0.239	-0.403	0.008	
7.887	5.912	31.536	0.271	-0.381	0.018	
7.836	5.797	31.502	0.251	-0.401	0.028	
7.936	5.691	31.537	0.251	-0.397	0.008	
7.617	6.022	31.667	0.247	-0.383	0.022	
8.062	6.162	32.146	0.259	-0.409	0.016	
7.926	5.482	31.937	0.207	-0.371	0.006	
7.731	5.811	32.027	0.217	-0.359	0.002	
7.926	5.886	31.962	0.239	-0.375	0.016	
7.822	5.892	32.172	0.231	-0.391	0.010	
8.022	6.381	32.157	0.281	-0.409	0.010	
8.112	5.932	32.036	0.245	-0.411	0.018	
7.822	5.737	32.271	0.231	-0.417	-0.002	
7.968	6.052	31.996	0.263	-0.403	0.012	
7.833	5.927	32.041	0.249	-0.397	0.000	
7.879	5.987	32.031	0.241	-0.365	0.012	
7.712	5.931	31.992	0.237	-0.373	0.008	
7.608	5.852	31.966	0.281	-0.393	-0.016	
7.728	6.187	31.571	0.277	-0.387	0.014	
7.623	5.918	31.801	0.219	-0.361	0.006	
7.607	5.631	31.597	0.217	-0.391	0.002	
7.628	5.762	31.566	0.251	-0.333	0.010	
7.522	5.871	31.482	0.243	-0.363	0.030	
7.682	6.091	31.587	0.243	-0.347	0.002	
7.622	5.791	31.422	0.245	-0.375	0.006	
7.607	5.781	31.407	0.251	-0.371	0.018	
7.785	5.690	31.627	0.231	-0.387	0.024	
7.632	5.756	31.412	0.249	-0.383	0.010	
7.637	5.752	31.142	0.225	-0.393	0.016	
7.797	5.842	31.321	0.251	-0.355	0.020	
7.543	5.812	31.381	0.241	-0.365	0.014	
7.782	5.851	31.612	0.247	-0.383	0.022	
7.772	5.861	31.687	0.235	-0.361	0.020	
7.542	5.917	31.576	0.239	-0.355	0.024	
7.702	5.596	31.627	0.247	-0.397	0.010	
7.643	5.621	31.336	0.249	-0.371	0.018	
7.712	5.682	31.376	0.209	-0.373	0.018	
7.512	5.796	31.287	0.241	-0.379	0.018	
7.682	5.822	31.191	0.249	-0.379	0.012	
7.682	5.211	31.142	0.199	-0.373	0.012	
8.001	5.307	31.342	0.203	-0.377	0.016	
8.136	4.838	31.452	0.185	-0.421	0.034	
8.646	4.387	31.296	0.123	-0.435	0.022	
7.751	5.212	31.122	0.223	-0.377	0.022	
7.901	5.397	31.527	0.217	-0.409	0.018	
7.986	5.388	31.321	0.225	-0.413	0.008	
8.211	5.282	31.662	0.219	-0.425	0.006	
8.162	5.332	31.791	0.211	-0.423	0.026	
8.051	5.506	31.747	0.215	-0.377	0.006	
7.825	5.337	31.777	0.197	-0.383	0.020	
7.816	5.802	31.892	0.239	-0.385	0.022	
7.922	5.387	31.751	0.201	-0.383	0.002	
7.737	5.718	31.786	0.213	-0.369	0.004	
7.930	5.871	31.752	0.239	-0.373	0.016	
8.002	6.037	31.887	0.241	-0.395	0.016	
8.101	5.721	32.122	0.237	-0.401	0.018	
7.741	5.666	31.917	0.237	-0.411	0.014	
7.797	5.752	31.646	0.227	-0.405	0.020	
7.821	6.001	31.852	0.249	-0.379	0.018	
7.663	5.383	31.786	0.187	-0.349	0.016	
8.167	6.136	31.877	0.249	-0.397	0.012	
7.911	6.045	31.827	0.251	-0.399	0.022	
7.722	5.902	31.876	0.227	-0.373	0.020	
7.813	6.031	32.051	0.247	-0.365	0.012	
7.808	6.242	32.041	0.295	-0.403	0.002	
7.720	5.840	31.842	0.245	-0.389	0.012	
7.772	6.226	32.137	0.251	-0.381	0.014	
7.831	6.180	32.312	0.273	-0.375	0.022	
7.562	6.006	32.122	0.235	-0.379	0.018	
7.658	6.292	31.991	0.257	-0.419	0.018	
7.802	5.757	31.496	0.231	-0.391	0.008	
7.517	6.006	31.452	0.273	-0.377	0.018	
7.313	5.742	31.571	0.255	-0.395	0.016	
7.471	5.951	31.492	0.257	-0.379	0.016	
7.572	5.747	31.291	0.215	-0.359	0.008	
7.632	5.406	31.192	0.175	-0.381	-0.012	
7.637	5.742	31.376	0.253	-0.391	0.010	
7.497	5.981	31.392	0.251	-0.407	0.008	
7.546	6.111	31.517	0.277	-0.363	0.022	
7.417	5.852	31.496	0.257	-0.361	0.010	
7.533	5.683	31.311	0.239	-0.377	0.002	
7.347	5.916	31.282	0.271	-0.361	0.000	
7.492	6.017	31.337	0.243	-0.351	0.022	
7.568	5.811	31.361	0.221	-0.401	0.002	
7.548	5.762	31.231	0.211	-0.373	0.006	
7.431	5.521	31.282	0.207	-0.343	0.010	
7.657	5.791	31.462	0.245	-0.367	0.018	
7.417	5.912	31.512	0.243	-0.375	0.014	
7.757	5.582	31.362	0.225	-0.387	0.018	
7.937	5.481	31.637	0.217	-0.363	0.016	
7.562	5.811	31.642	0.209	-0.349	0.012	
7.822	5.302	31.751	0.215	-0.371	0.018	
7.872	5.327	31.461	0.211	-0.391	0.032	
8.126	5.206	31.307	0.193	-0.393	0.028	
7.962	5.522	31.501	0.223	-0.399	0.018	
8.172	5.461	31.582	0.219	-0.417	0.018	
7.731	5.447	31.632	0.219	-0.387	0.000	
7.732	5.612	31.671	0.215	-0.365	0.024	
7.602	5.751	31.572	0.259	-0.367	0.026	
7.821	5.441	31.812	0.207	-0.381	0.012	
7.872	5.373	31.611	0.205	-0.379	0.012	
7.901	5.851	32.137	0.223	-0.389	0.018	
8.011	5.450	31.992	0.197	-0.371	0.016	
7.431	5.870	32.112	0.251	-0.357	0.016	
7.796	5.737	31.952	0.245	-0.357	0.030	
7.482	6.242	32.092	0.273	-0.349	0.018	
7.612	5.791	32.191	0.231	-0.371	0.010	
7.723	5.637	32.181	0.231	-0.383	0.020	
7.801	5.466	32.087	0.195	-0.379	-0.002	
7.783	5.468	32.111	0.221	-0.415	-0.002	
7.732	5.877	31.946	0.243	-0.371	0.006	
7.444	5.403	31.951	0.209	-0.363	0.010	
7.772	5.687	31.952	0.231	-0.379	0.012	
7.837	5.557	31.937	0.227	-0.387	0.012	
7.537	6.032	31.926	0.239	-0.339	0.026	
7.737	5.807	32.106	0.249	-0.417	0.016	
7.607	5.746	32.017	0.233	-0.375	0.016	
7.632	6.003	31.776	0.229	-0.367	0.018	
7.632	5.746	31.502	0.221	-0.367	0.024	
7.712	5.692	31.332	0.221	-0.377	0.022	
7.538	5.921	31.651	0.261	-0.343	0.030	
7.637	5.817	31.426	0.233	-0.391	0.006	
7.272	5.561	30.852	0.225	-0.347	0.010	
7.676	5.496	31.187	0.205	-0.389	0.002	
7.477	5.817	31.172	0.241	-0.377	0.010	
7.528	5.902	31.116	0.245	-0.345	0.018	
7.478	5.511	31.296	0.229	-0.359	-0.002	
7.377	5.607	30.816	0.257	-0.415	0.004	
7.852	5.712	30.936	0.215	-0.379	0.006	
7.652	5.401	30.912	0.230	-0.387	0.027	
7.766	5.427	30.992	0.219	-0.369	0.018	
8.500	4.916	31.187	0.185	-0.417	0.024	
8.219	4.371	31.192	0.139	-0.399	0.010	
7.885	5.346	31.407	0.223	-0.375	0.014	
7.780	5.220	31.422	0.205	-0.371	0.012	
7.961	5.611	31.327	0.245	-0.373	0.024	
8.011	5.492	31.392	0.229	-0.385	0.024	
7.740	5.296	31.232	0.213	-0.373	0.020	
7.716	5.301	31.057	0.245	-0.399	0.020	
7.465	5.736	31.392	0.241	-0.351	0.024	
7.771	5.406	31.577	0.227	-0.375	0.028	
7.372	5.341	31.602	0.221	-0.376	0.012	
7.745	5.485	31.717	0.233	-0.411	0.020	
7.499	5.780	31.873	0.245	-0.360	0.027	
7.646	5.956	32.127	0.251	-0.337	0.030	
7.771	5.652	32.042	0.222	-0.390	0.012	
7.800	5.450	32.172	0.232	-0.387	0.012	
7.560	6.090	32.087	0.241	-0.381	0.018	
7.890	5.731	32.372	0.236	-0.389	0.008	
7.622	6.072	31.972	0.251	-0.380	0.014	
7.772	6.121	32.582	0.248	-0.387	0.006	
7.717	5.887	32.377	0.227	-0.383	0.008	
7.582	6.063	32.551	0.229	-0.373	0.012	
7.552	5.541	32.266	0.237	-0.383	0.008	
7.702	5.892	32.321	0.236	-0.380	0.017	
7.558	6.017	32.391	0.249	-0.337	0.022	
7.712	5.952	32.041	0.240	-0.362	0.011	
7.252	6.091	31.742	0.253	-0.349	0.020	
7.678	5.938	31.721	0.249	-0.371	0.010	
7.573	5.847	31.961	0.257	-0.363	0.022	
7.423	5.732	31.671	0.245	-0.360	0.015	
7.722	5.562	31.771	0.215	-0.423	-0.004	
7.642	5.411	31.422	0.213	-0.377	0.004	
7.553	5.757	31.401	0.265	-0.375	0.014	
7.394	5.962	31.331	0.261	-0.368	0.019	
7.533	6.203	31.021	0.268	-0.367	0.033	
7.612	5.811	31.572	0.239	-0.373	0.015	
7.662	5.916	31.541	0.253	-0.387	0.018	
7.352	5.591	31.521	0.219	-0.347	0.026	
7.487	5.867	31.576	0.251	-0.373	0.022	
7.563	5.582	31.451	0.213	-0.372	0.014	
7.562	5.471	31.062	0.222	-0.366	0.013	
7.627	5.401	31.292	0.227	-0.369	0.004	
7.911	5.731	31.552	0.230	-0.402	0.012	
7.913	4.883	31.441	0.191	-0.401	0.006	
7.931	4.801	31.602	0.191	-0.398	0.012	
7.952	5.423	31.741	0.217	-0.394	0.037	
7.927	5.257	31.586	0.207	-0.397	-0.008	
7.837	5.492	31.686	0.225	-0.357	0.014	
7.875	5.325	31.417	0.215	-0.411	0.004	
7.987	5.633	31.131	0.225	-0.427	0.014	
7.941	5.557	31.432	0.195	-0.371	0.014	
7.812	5.741	31.542	0.239	-0.395	0.010	
7.952	5.932	31.522	0.257	-0.397	0.019	
7.912	5.162	31.581	0.210	-0.389	-0.001	
7.692	5.717	31.677	0.241	-0.375	0.010	
7.502	6.087	31.671	0.275	-0.361	0.036	
7.515	5.710	31.662	0.257	-0.367	0.012	
7.243	5.736	31.601	0.269	-0.361	0.002	
7.592	5.632	31.561	0.224	-0.350	0.016	
7.553	5.996	31.436	0.227	-0.353	0.026	
7.747	5.607	31.126	0.227	-0.407	0.018	
7.733	5.837	31.376	0.255	-0.403	0.020	
7.581	6.155	31.322	0.227	-0.373	0.030	
7.461	6.166	31.407	0.271	-0.365	0.020	
7.616	6.096	31.382	0.269	-0.367	0.034	
7.746	5.716	31.477	0.195	-0.395	0.006	
7.932	5.571	31.732	0.208	-0.384	0.020	
7.721	6.071	32.012	0.247	-0.393	0.016	
7.552	6.037	32.062	0.231	-0.379	0.018	
7.331	6.120	32.142	0.260	-0.352	0.014	
7.877	5.962	31.982	0.225	-0.393	0.008	
7.677	5.836	32.452	0.247	-0.355	0.012	
7.957	6.181	32.402	0.259	-0.377	0.022	
7.566	6.020	32.532	0.233	-0.365	0.026	
7.688	6.102	32.406	0.265	-0.381	0.026	
7.772	5.931	32.062	0.231	-0.389	0.014	
7.636	6.179	32.282	0.259	-0.375	0.028	
7.918	6.197	32.376	0.239	-0.393	0.014	
7.628	6.161	32.546	0.247	-0.383	0.016	
8.002	5.802	32.346	0.219	-0.393	0.012	
7.953	5.622	31.991	0.219	-0.349	0.024	
7.848	5.792	31.881	0.217	-0.387	0.004	
7.733	5.423	31.961	0.238	-0.388	0.019	
7.913	5.462	31.536	0.185	-0.355	0.014	
8.121	5.412	31.332	0.217	-0.393	0.024	
7.922	4.888	31.416	0.181	-0.415	0.008	
8.002	5.197	31.136	0.197	-0.429	0.014	
7.943	5.433	31.161	0.200	-0.409	0.021	
7.970	5.362	31.322	0.184	-0.388	0.002	
8.076	5.531	31.497	0.211	-0.387	0.020	
8.102	5.512	31.431	0.203	-0.395	0.013	
8.081	5.342	31.372	0.210	-0.420	0.014	
7.656	5.522	31.287	0.215	-0.387	0.020	
8.090	5.321	31.542	0.217	-0.385	0.011	
7.891	5.211	31.482	0.200	-0.391	-0.004	
7.711	5.931	31.412	0.248	-0.391	0.017	
7.651	5.962	31.882	0.232	-0.372	0.015	
7.822	5.572	31.851	0.226	-0.408	0.007	
7.920	5.911	31.812	0.248	-0.374	0.022	
7.951	5.462	31.512	0.215	-0.382	0.010	
7.811	5.631	31.992	0.217	-0.400	0.002	
7.551	5.761	31.762	0.233	-0.374	0.018	
7.862	5.601	31.972	0.228	-0.403	0.017	
7.672	5.672	31.972	0.256	-0.394	0.015	
7.872	5.681	31.642	0.226	-0.395	0.018	
7.782	5.391	32.062	0.200	-0.363	0.003	
7.673	5.842	31.971	0.238	-0.383	0.021	
7.962	5.666	32.197	0.225	-0.419	0.002	
7.863	5.991	31.841	0.242	-0.387	0.016	
8.002	5.971	32.032	0.258	-0.406	0.009	
7.743	5.618	31.906	0.229	-0.349	0.008	
7.693	5.801	31.991	0.253	-0.391	0.014	
7.427	5.687	31.752	0.265	-0.375	0.016	
7.511	5.772	31.512	0.250	-0.382	0.008	
7.552	6.092	31.711	0.243	-0.363	0.020	
7.492	5.761	31.542	0.252	-0.348	0.023	
7.822	5.411	31.222	0.201	-0.381	0.008	
7.812	5.562	31.471	0.201	-0.378	0.007	
7.602	5.502	31.322	0.225	-0.395	-0.003	
7.881	5.431	31.492	0.231	-0.375	0.015	
8.262	5.042	31.501	0.193	-0.406	0.001	
7.691	5.562	31.612	0.243	-0.406	0.015	
8.161	5.250	31.352	0.205	-0.379	0.014	
7.962	5.122	31.521	0.212	-0.408	0.010	
7.901	5.232	31.202	0.203	-0.406	0.018	
7.602	5.542	31.442	0.255	-0.404	0.018	
7.761	5.281	31.592	0.232	-0.386	0.010	
7.661	5.546	31.692	0.223	-0.367	0.006	
8.037	5.517	31.772	0.211	-0.399	0.002	
7.851	5.626	31.052	0.219	-0.413	0.002	
7.722	5.611	31.552	0.233	-0.390	0.005	
7.661	5.451	31.372	0.204	-0.370	0.018	
7.420	5.881	31.212	0.243	-0.360	0.011	
7.781	5.831	31.362	0.236	-0.392	0.020	
7.731	5.591	31.152	0.235	-0.404	0.010	
7.740	5.381	31.452	0.234	-0.364	0.017	
7.751	5.711	31.312	0.244	-0.374	0.014	
7.880	5.950	31.742	0.252	-0.386	0.018	
7.971	5.901	31.862	0.251	-0.396	0.019	
8.036	6.065	32.037	0.235	-0.405	0.024	
8.265	5.555	32.257	0.217	-0.387	0.014	
7.911	6.141	32.127	0.273	-0.387	0.024	
7.992	6.462	32.281	0.290	-0.401	0.014	
8.081	6.200	32.092	0.257	-0.388	0.025	
8.191	6.081	32.452	0.240	-0.400	0.010	
8.041	6.021	32.712	0.270	-0.395	0.023	
7.921	6.371	32.922	0.264	-0.361	0.009	
8.001	6.139	32.622	0.268	-0.389	0.022	
7.731	6.021	32.572	0.269	-0.398	0.009	
7.861	6.191	32.582	0.260	-0.383	0.018	
8.092	6.671	32.852	0.259	-0.384	0.016	
7.972	6.101	32.622	0.269	-0.395	0.026	
7.913	5.702	32.751	0.231	-0.379	0.007	
7.974	5.963	32.811	0.262	-0.382	0.010	
7.991	5.992	32.792	0.258	-0.425	0.013	
8.172	5.782	32.661	0.210	-0.398	0.013	
8.257	5.842	32.826	0.267	-0.429	0.018	
8.142	5.463	32.201	0.222	-0.390	0.021	
8.321	5.303	32.252	0.201	-0.417	0.011	
8.222	5.372	32.101	0.211	-0.425	0.013	
8.332	5.263	31.711	0.203	-0.432	0.009	
7.923	5.383	31.561	0.210	-0.427	0.013	
7.663	5.663	31.311	0.214	-0.366	0.008	
7.852	5.463	31.391	0.223	-0.399	0.012	
7.813	5.664	31.251	0.237	-0.389	0.016	
7.854	5.464	31.641	0.246	-0.383	0.020	
7.891	5.742	31.442	0.239	-0.399	0.007	
7.563	5.723	31.451	0.221	-0.366	0.011	
8.404	4.902	31.671	0.186	-0.406	-0.003	
7.962	6.133	31.601	0.251	-0.387	0.021	
7.643	5.672	31.731	0.243	-0.381	0.016	
7.622	5.922	31.772	0.248	-0.374	0.027	
7.832	6.152	32.152	0.247	-0.382	0.016	
7.523	5.813	31.631	0.237	-0.382	0.022	
7.637	5.962	31.926	0.241	-0.379	0.008	
7.867	5.981	31.772	0.257	-0.401	0.016	
7.842	5.712	31.971	0.231	-0.400	0.010	
7.562	6.082	32.131	0.280	-0.362	0.008	
7.882	6.091	31.932	0.267	-0.369	0.026	
7.523	5.672	31.551	0.231	-0.357	0.003	
7.903	5.613	31.801	0.227	-0.390	0.007	
7.634	5.642	31.401	0.242	-0.390	0.006	
7.552	6.031	31.582	0.257	-0.364	0.011	
7.672	5.912	31.631	0.245	-0.393	0.018	
7.863	5.522	31.616	0.209	-0.395	0.000	
7.582	5.891	31.642	0.273	-0.395	0.009	
7.422	5.521	31.472	0.220	-0.374	0.013	
7.802	5.272	31.476	0.213	-0.405	0.004	
7.741	5.830	31.652	0.249	-0.378	0.012	
8.122	5.551	31.971	0.203	-0.354	0.007	
7.853	5.613	31.591	0.236	-0.417	0.002	
7.877	5.606	31.112	0.235	-0.411	0.010	
8.031	5.121	31.402	0.210	-0.387	0.013	
7.852	5.612	31.361	0.246	-0.401	0.008	
8.073	5.214	31.501	0.220	-0.426	0.015	
7.982	5.222	31.451	0.189	-0.413	0.008	
7.832	5.712	31.632	0.242	-0.370	0.024	
7.891	5.361	31.712	0.200	-0.387	0.008	
8.083	5.583	31.731	0.225	-0.409	0.019	
8.262	5.732	31.682	0.230	-0.406	0.009	
8.011	5.412	31.632	0.226	-0.405	0.015	
7.722	5.851	31.892	0.258	-0.370	0.015	
7.691	5.462	31.792	0.235	-0.394	-0.002	
8.001	5.761	31.652	0.229	-0.392	0.015	
7.900	5.842	31.767	0.207	-0.379	0.018	
7.791	5.711	32.232	0.229	-0.374	0.002	
7.771	5.721	31.982	0.251	-0.395	0.018	
7.981	6.031	32.002	0.243	-0.388	0.018	
7.480	6.271	32.182	0.289	-0.395	0.011	
7.781	5.601	31.972	0.220	-0.374	0.008	
7.811	5.901	32.032	0.242	-0.385	0.013	
8.021	5.731	32.232	0.228	-0.402	0.007	
7.821	5.590	32.412	0.202	-0.373	0.011	
7.741	5.491	32.242	0.229	-0.393	0.020	
7.571	5.670	32.442	0.221	-0.378	0.009	
7.862	5.391	32.492	0.200	-0.398	-0.001	
7.753	5.661	32.601	0.217	-0.379	0.022	
7.232	5.762	32.351	0.247	-0.371	0.016	
7.483	6.003	32.471	0.262	-0.396	0.015	
7.484	5.662	33.121	0.237	-0.377	0.022	
7.557	5.571	32.721	0.219	-0.387	0.022	
7.312	5.602	32.571	0.229	-0.386	0.001	
7.172	5.381	32.731	0.211	-0.356	0.002	
7.069	5.308	32.631	0.223	-0.361	0.016	
6.865	5.483	32.161	0.220	-0.337	0.019	
6.824	5.173	32.196	0.203	-0.343	0.008	
7.014	4.893	31.981	0.205	-0.356	0.016	
7.093	4.874	32.471	0.198	-0.339	0.019	
7.083	4.834	31.931	0.191	-0.362	0.012	
6.913	4.563	32.001	0.188	-0.364	0.024	
6.924	4.763	31.701	0.195	-0.367	0.010	
6.599	4.623	31.306	0.199	-0.341	0.014	
6.353	4.593	31.241	0.200	-0.313	0.009	
6.814	4.544	30.991	0.167	-0.338	0.015	
6.334	4.484	30.761	0.183	-0.327	0.011	
6.533	4.563	31.141	0.192	-0.336	0.005	
6.583	4.723	31.471	0.195	-0.348	0.009	
6.553	4.934	31.211	0.205	-0.348	0.019	
6.362	4.863	30.521	0.203	-0.333	0.015	
6.213	4.843	30.771	0.191	-0.307	0.016	
6.333	4.753	30.981	0.174	-0.312	0.010	
6.223	4.843	30.931	0.208	-0.322	0.020	
6.143	5.053	30.991	0.223	-0.300	0.022	
6.034	4.863	30.781	0.215	-0.313	0.021	
6.084	5.053	30.671	0.214	-0.290	0.027	
6.144	4.783	30.871	0.210	-0.354	0.006	
6.124	4.733	30.481	0.198	-0.315	0.018	
6.004	4.593	30.381	0.201	-0.277	0.024	
6.273	4.612	30.531	0.210	-0.344	0.014	
6.114	4.723	30.801	0.204	-0.327	0.016	
6.264	4.572	30.491	0.188	-0.313	0.026	
5.832	4.802	30.211	0.222	-0.310	0.015	
5.962	4.433	30.371	0.206	-0.283	0.016	
5.983	4.263	30.521	0.180	-0.324	0.004	
5.953	4.423	30.131	0.174	-0.307	0.017	
5.822	4.452	30.031	0.190	-0.303	0.021	
5.654	4.463	30.471	0.153	-0.248	0.019	
5.853	4.443	30.721	0.178	-0.291	0.018	
6.013	4.432	30.131	0.176	-0.292	0.028	
5.751	4.181	30.362	0.171	-0.298	0.020	
5.922	4.002	30.281	0.173	-0.298	0.011	
6.191	3.071	30.162	0.076	-0.330	-0.009	
6.091	4.022	30.582	0.159	-0.340	0.009	
5.851	3.712	30.077	0.147	-0.305	0.018	
5.931	3.912	30.211	0.169	-0.311	0.019	
5.982	4.293	30.701	0.179	-0.287	0.017	
5.822	4.033	30.601	0.167	-0.280	0.021	
6.271	3.921	30.512	0.144	-0.346	0.006	
5.912	3.592	30.201	0.165	-0.298	0.012	
5.812	4.022	30.351	0.155	-0.287	0.015	
5.792	4.442	30.731	0.188	-0.277	0.026	
5.762	4.441	30.951	0.207	-0.286	0.020	
6.171	3.871	30.492	0.156	-0.305	0.013	
5.641	4.570	30.792	0.196	-0.286	0.021	
5.782	4.422	30.671	0.181	-0.323	0.012	
5.636	4.311	31.007	0.173	-0.291	0.012	
5.711	4.511	30.602	0.206	-0.305	0.029	
5.641	4.321	30.877	0.193	-0.291	0.014	
5.812	4.182	31.021	0.169	-0.301	0.010	
5.774	4.650	31.332	0.209	-0.259	0.040	
5.792	4.172	31.191	0.172	-0.284	0.014	
5.691	4.617	31.157	0.197	-0.305	0.002	
5.621	4.471	31.122	0.192	-0.313	0.027	
6.081	4.662	31.562	0.200	-0.276	0.032	
5.572	4.401	31.401	0.197	-0.294	0.012	
5.577	4.216	31.237	0.177	-0.269	0.024	
5.622	4.171	31.491	0.187	-0.303	0.009	
5.541	4.371	31.812	0.196	-0.270	0.015	
5.832	4.561	31.661	0.178	-0.256	0.019	
5.652	4.341	31.591	0.169	-0.272	0.017	
5.752	3.872	31.411	0.148	-0.317	0.012	
5.952	3.863	31.511	0.147	-0.331	0.007	
5.662	3.752	31.831	0.129	-0.319	0.005	
6.342	3.753	31.481	0.160	-0.352	0.013	
6.201	4.052	31.051	0.159	-0.313	0.015	
6.053	3.963	30.681	0.154	-0.307	0.018	
5.252	4.162	30.551	0.175	-0.289	0.028	
5.733	3.938	30.711	0.155	-0.315	0.020	
5.602	3.748	30.631	0.173	-0.279	0.026	
5.353	3.593	30.681	0.166	-0.283	0.015	
5.671	4.272	31.062	0.167	-0.268	0.022	
5.717	4.287	30.946	0.167	-0.303	0.004	
5.672	4.082	30.971	0.148	-0.302	0.009	
5.558	4.058	30.766	0.133	-0.273	0.010	
5.443	4.253	30.911	0.163	-0.278	0.015	
5.457	4.247	31.091	0.193	-0.269	0.014	
5.302	4.322	31.011	0.194	-0.267	0.015	
5.396	4.277	30.656	0.169	-0.285	0.008	
5.472	3.842	30.651	0.165	-0.266	-0.001	
5.642	4.022	31.041	0.144	-0.275	0.015	
5.441	4.061	30.102	0.171	-0.268	0.008	
5.353	4.052	30.461	0.175	-0.294	0.014	
5.203	4.102	30.456	0.175	-0.279	0.024	
5.261	3.911	30.712	0.167	-0.280	-0.001	
5.471	4.032	30.217	0.165	-0.289	0.008	
5.353	4.262	30.511	0.177	-0.279	0.018	
5.323	4.002	30.436	0.179	-0.257	0.000	
5.443	3.841	30.511	0.129	-0.281	0.005	
5.131	4.371	30.352	0.166	-0.258	0.018	
5.397	3.941	30.431	0.151	-0.261	0.012	
5.322	4.032	30.851	0.146	-0.270	0.007	
5.351	3.981	30.601	0.159	-0.271	0.009	
5.447	4.142	30.766	0.187	-0.301	0.020	
5.491	3.537	30.477	0.133	-0.265	0.006	
5.571	3.676	30.777	0.137	-0.275	0.026	
5.931	3.492	30.822	0.135	-0.310	0.031	
5.620	3.401	30.852	0.101	-0.290	0.017	
5.675	3.696	31.007	0.163	-0.295	0.024	
5.541	3.927	31.131	0.193	-0.317	0.018	
5.705	3.862	31.062	0.159	-0.287	0.020	
5.441	3.741	31.277	0.149	-0.267	0.024	
5.861	3.472	31.061	0.139	-0.309	0.011	
5.497	4.067	30.721	0.183	-0.289	0.016	
5.425	4.001	30.957	0.147	-0.265	0.016	
5.261	3.687	31.127	0.137	-0.267	0.000	
5.482	3.672	31.341	0.162	-0.255	0.023	
5.401	4.071	30.792	0.167	-0.279	0.019	
5.117	3.672	31.316	0.177	-0.293	0.016	
5.276	3.841	31.446	0.145	-0.281	0.018	
5.213	3.772	31.291	0.171	-0.263	0.024	
5.337	3.702	31.091	0.129	-0.275	0.008	
4.987	4.037	31.371	0.189	-0.225	0.016	
5.102	3.961	31.281	0.156	-0.233	0.032	
4.952	3.892	31.221	0.167	-0.251	0.017	
5.103	3.642	30.931	0.141	-0.276	0.003	
5.147	3.592	30.756	0.123	-0.285	0.006	
5.023	3.827	30.416	0.147	-0.233	0.022	
4.922	3.683	30.651	0.143	-0.244	0.011	
4.968	3.597	30.556	0.129	-0.233	0.020	
5.102	3.512	30.421	0.133	-0.264	0.009	
4.802	3.571	30.601	0.143	-0.247	0.012	
4.707	3.738	30.816	0.149	-0.237	0.008	
4.781	3.692	30.581	0.156	-0.222	0.016	
5.071	3.192	30.381	0.131	-0.257	0.026	
4.732	3.611	30.521	0.142	-0.237	0.011	
4.773	3.357	30.651	0.107	-0.199	0.014	
4.481	3.372	30.781	0.106	-0.218	0.006	
5.032	3.632	30.331	0.134	-0.252	0.016	
5.051	3.442	30.541	0.117	-0.245	0.029	
5.107	3.132	30.671	0.117	-0.275	0.010	
5.041	3.461	30.712	0.127	-0.243	0.022	
4.777	3.462	31.061	0.135	-0.273	0.010	
4.967	3.122	30.886	0.099	-0.251	0.008	
4.691	3.611	30.791	0.155	-0.269	0.014	
4.701	3.201	30.671	0.117	-0.275	0.011	
4.422	3.602	31.151	0.152	-0.210	0.011	
4.703	3.263	30.976	0.121	-0.257	0.006	
4.802	3.412	30.941	0.124	-0.240	0.016	
4.562	3.657	30.986	0.131	-0.209	0.020	
4.952	3.713	31.151	0.149	-0.215	0.026	
4.861	3.722	30.941	0.135	-0.218	0.011	
4.682	3.523	30.741	0.147	-0.229	0.010	
4.687	3.547	30.416	0.133	-0.247	0.026	
4.912	3.732	30.441	0.152	-0.233	0.019	
4.615	3.666	30.942	0.149	-0.205	0.012	
4.731	3.816	30.462	0.151	-0.209	0.022	
4.496	3.322	30.456	0.121	-0.233	0.016	
4.671	3.721	30.512	0.159	-0.211	0.020	
4.873	3.442	30.631	0.134	-0.204	0.019	
4.732	3.702	30.521	0.155	-0.237	0.009	
4.941	3.736	30.212	0.155	-0.249	0.006	
4.521	3.616	30.632	0.139	-0.221	0.012	
4.650	3.800	30.882	0.169	-0.258	0.012	
4.894	3.554	30.622	0.143	-0.229	0.026	
4.892	3.392	30.791	0.122	-0.251	0.013	
4.881	3.471	30.832	0.127	-0.261	0.008	
5.032	3.372	31.071	0.111	-0.266	0.008	
5.490	3.110	30.992	0.104	-0.258	0.016	
5.130	2.951	31.062	0.073	-0.246	-0.004	
5.421	3.351	30.942	0.130	-0.242	0.010	
4.861	3.211	30.922	0.115	-0.225	0.024	
5.101	3.592	30.751	0.145	-0.247	0.025	
4.871	3.802	30.701	0.162	-0.249	0.013	
4.860	3.876	30.982	0.163	-0.215	0.020	
4.840	3.701	30.902	0.144	-0.226	0.014	
4.731	3.491	30.882	0.146	-0.233	0.018	
5.010	3.640	31.112	0.130	-0.239	0.021	
4.830	3.870	31.152	0.154	-0.239	0.017	
4.620	4.201	30.852	0.164	-0.220	0.015	
4.791	3.321	30.922	0.131	-0.239	0.011	
4.970	3.701	31.152	0.156	-0.265	0.012	
4.861	4.011	31.362	0.165	-0.236	0.018	
4.922	3.842	31.241	0.141	-0.251	0.006	
4.917	3.765	31.582	0.147	-0.259	0.020	
4.832	3.982	31.591	0.157	-0.226	0.023	
5.092	3.742	31.791	0.146	-0.246	0.018	
4.662	3.512	31.541	0.146	-0.233	0.010	
4.761	3.721	31.581	0.141	-0.246	0.019	
5.002	3.641	31.706	0.141	-0.227	0.018	
4.807	3.686	31.716	0.127	-0.235	0.028	
4.898	3.798	31.406	0.145	-0.245	0.018	
5.023	3.732	31.431	0.133	-0.260	0.012	
5.013	3.912	30.931	0.154	-0.234	0.027	
4.791	3.781	30.662	0.158	-0.229	0.020	
4.972	3.552	30.551	0.143	-0.265	0.024	
5.361	3.182	30.841	0.125	-0.243	0.019	
5.242	3.143	30.041	0.123	-0.256	0.011	
4.931	3.291	30.622	0.116	-0.235	0.019	
5.173	3.093	30.871	0.107	-0.244	0.014	
5.353	3.493	30.751	0.122	-0.258	0.017	
5.392	3.152	30.511	0.090	-0.263	-0.002	
5.342	3.812	30.781	0.157	-0.272	0.019	
5.121	3.642	30.511	0.139	-0.256	0.016	
5.181	3.545	31.022	0.139	-0.255	0.020	
5.142	4.062	30.721	0.152	-0.237	0.018	
4.902	4.123	30.581	0.192	-0.225	0.026	
5.073	3.601	30.721	0.155	-0.260	0.026	
4.972	3.752	30.631	0.128	-0.255	0.003	
5.222	4.032	30.661	0.147	-0.245	0.025	
5.072	3.482	30.301	0.116	-0.261	0.010	
4.932	3.543	30.486	0.143	-0.207	0.014	
4.853	3.811	30.291	0.146	-0.249	0.025	
4.702	3.942	30.661	0.165	-0.225	0.030	
4.693	3.872	30.301	0.142	-0.266	0.006	
4.692	3.842	30.581	0.140	-0.212	0.025	
4.807	3.872	30.366	0.165	-0.241	0.024	
4.911	3.891	30.522	0.143	-0.226	0.013	
4.522	3.741	30.441	0.168	-0.223	0.016	
5.011	3.410	30.272	0.148	-0.232	0.009	
4.721	3.391	30.311	0.131	-0.236	0.006	
4.911	3.982	30.471	0.153	-0.234	0.022	
4.931	4.036	30.272	0.159	-0.215	0.014	
5.036	3.671	30.517	0.139	-0.253	0.008	
4.881	3.411	30.812	0.128	-0.217	0.012	
5.142	3.602	30.681	0.106	-0.244	0.007	
5.232	3.571	30.631	0.134	-0.250	0.016	
4.781	3.392	30.382	0.151	-0.247	0.018	
5.010	3.411	30.902	0.126	-0.272	0.015	
5.451	3.362	30.841	0.119	-0.309	0.007	
5.611	3.422	30.992	0.131	-0.293	0.004	
5.551	2.862	30.902	0.098	-0.258	0.019	
5.441	3.082	30.982	0.104	-0.295	0.005	
5.200	3.981	31.312	0.163	-0.239	0.027	
4.991	3.191	31.212	0.102	-0.250	0.016	
5.140	3.441	31.442	0.139	-0.256	0.024	
5.222	3.503	30.951	0.147	-0.269	0.015	
5.431	3.001	31.221	0.112	-0.245	0.006	
4.796	3.651	31.672	0.163	-0.261	0.006	
5.123	3.718	31.691	0.165	-0.241	0.034	
5.322	3.552	31.561	0.117	-0.245	0.013	
4.842	3.812	31.921	0.144	-0.246	0.022	
5.322	3.942	31.481	0.147	-0.250	0.020	
4.962	3.652	31.641	0.125	-0.240	0.020	
5.132	3.922	31.271	0.153	-0.247	0.022	
5.142	3.473	31.131	0.129	-0.293	0.013	
5.124	3.913	30.911	0.185	-0.257	0.019	
4.860	4.251	30.852	0.150	-0.243	0.012	
4.932	3.632	30.891	0.130	-0.249	0.016	
5.063	3.442	30.741	0.131	-0.226	0.020	
5.032	3.591	30.841	0.137	-0.254	0.018	
5.142	3.382	30.851	0.119	-0.256	0.006	
5.003	3.553	30.711	0.127	-0.260	0.025	
4.792	3.412	30.581	0.119	-0.262	0.010	
5.046	3.646	30.787	0.141	-0.235	0.014	
4.701	3.921	30.812	0.179	-0.217	0.025	
4.751	3.841	30.651	0.148	-0.236	0.012	
4.851	3.652	30.811	0.125	-0.236	0.019	
4.890	3.491	30.652	0.142	-0.258	0.018	
5.022	3.411	30.541	0.098	-0.261	0.006	
4.471	3.952	30.801	0.170	-0.229	0.023	
5.391	3.361	30.792	0.122	-0.279	-0.002	
5.052	3.567	30.946	0.111	-0.201	0.018	
5.197	3.222	31.006	0.109	-0.259	0.008	
5.373	3.203	31.071	0.094	-0.250	0.015	
5.402	2.962	31.041	0.087	-0.271	0.018	
5.540	2.932	31.312	0.093	-0.290	0.016	
5.247	3.137	30.931	0.107	-0.279	0.022	
4.951	3.401	30.881	0.136	-0.259	0.029	
4.942	3.543	31.021	0.130	-0.228	0.032	
5.192	3.112	31.291	0.107	-0.243	0.017	
5.012	3.182	30.721	0.115	-0.244	0.012	
4.941	3.082	30.471	0.115	-0.240	0.012	
4.651	3.382	30.632	0.103	-0.240	0.012	
4.933	3.633	31.111	0.155	-0.246	0.020	
5.232	3.543	30.571	0.156	-0.265	0.015	
4.911	3.081	30.691	0.118	-0.253	0.013	
4.951	3.532	30.621	0.124	-0.247	0.024	
4.863	3.272	30.591	0.122	-0.242	0.012	
4.892	3.551	30.551	0.151	-0.253	0.019	
4.731	3.552	30.431	0.136	-0.225	0.016	
4.771	3.461	30.322	0.129	-0.250	0.008	
4.562	3.962	30.751	0.169	-0.234	0.017	
4.731	3.342	30.671	0.140	-0.266	0.005	
5.071	3.422	30.771	0.113	-0.251	0.010	
4.652	3.481	30.861	0.160	-0.265	0.011	
4.882	3.841	30.671	0.149	-0.255	0.021	
4.821	3.762	31.201	0.152	-0.262	0.008	
4.871	3.541	31.062	0.150	-0.263	0.014	
4.862	3.382	30.921	0.118	-0.207	0.028	
4.642	3.302	30.801	0.143	-0.211	0.020	
5.062	3.481	30.801	0.119	-0.221	0.017	
4.801	3.411	31.011	0.117	-0.247	0.006	
4.702	3.642	31.081	0.130	-0.245	0.022	
4.822	3.633	31.131	0.121	-0.243	0.000	
4.721	3.681	30.911	0.136	-0.235	0.004	
5.122	2.992	30.801	0.100	-0.255	0.020	
5.021	3.161	30.891	0.099	-0.258	0.022	
4.802	3.267	31.141	0.127	-0.273	0.020	
5.122	2.693	30.801	0.105	-0.275	0.012	
5.255	2.517	31.032	0.073	-0.263	0.014	
5.131	2.852	31.131	0.066	-0.267	0.016	
5.326	3.047	31.116	0.095	-0.239	-0.006	
4.977	3.222	31.056	0.123	-0.255	-0.010	
4.871	3.222	30.781	0.099	-0.232	0.013	
4.892	3.092	31.061	0.103	-0.251	0.021	
5.043	3.424	31.231	0.113	-0.273	0.023	
4.932	3.263	30.901	0.138	-0.261	0.010	
4.802	3.612	30.851	0.137	-0.239	0.022	
5.122	3.562	31.251	0.135	-0.252	0.016	
4.762	3.481	30.911	0.130	-0.234	0.017	
4.681	3.542	30.931	0.146	-0.228	0.024	
4.712	3.543	30.311	0.141	-0.239	0.018	
4.672	3.192	30.381	0.142	-0.258	0.016	
4.881	3.532	30.581	0.145	-0.237	0.025	
4.676	3.271	30.646	0.113	-0.185	0.034	
4.792	3.282	30.061	0.111	-0.274	0.002	
4.882	3.492	30.251	0.142	-0.214	0.030	
4.521	3.331	30.612	0.112	-0.213	0.027	
4.722	3.522	30.501	0.126	-0.217	0.016	
4.441	3.187	30.536	0.109	-0.239	0.010	
4.572	3.741	30.631	0.139	-0.182	0.030	
4.482	3.783	30.451	0.152	-0.209	0.020	
4.552	3.121	30.321	0.086	-0.202	-0.008	
4.702	3.341	30.541	0.116	-0.218	0.015	
4.851	2.582	30.261	0.108	-0.250	0.004	
4.432	2.992	30.441	0.092	-0.239	0.003	
4.491	2.991	30.492	0.097	-0.191	0.006	
4.541	2.821	30.192	0.094	-0.196	0.014	
4.460	3.041	30.292	0.121	-0.221	0.024	
4.341	3.351	30.662	0.151	-0.213	0.017	
4.471	3.141	30.111	0.134	-0.216	0.017	
4.352	2.872	30.581	0.111	-0.224	0.005	
4.510	2.851	30.432	0.109	-0.239	0.015	
4.741	3.041	30.482	0.109	-0.236	0.029	
4.871	2.282	30.761	0.073	-0.243	0.016	
4.331	2.932	30.591	0.111	-0.206	0.021	
4.541	2.772	30.861	0.113	-0.281	0.005	
4.102	2.842	30.841	0.103	-0.211	0.026	
4.062	2.272	30.981	0.059	-0.221	0.009	
4.191	2.421	31.141	0.098	-0.244	0.015	
4.051	2.881	31.001	0.100	-0.190	0.021	
3.760	2.741	30.892	0.090	-0.187	0.025	
3.712	2.762	30.691	0.085	-0.184	0.012	
3.881	2.602	31.071	0.106	-0.205	0.020	
3.972	2.542	31.371	0.085	-0.198	0.018	
3.759	2.238	31.351	0.109	-0.173	0.026	
3.303	2.153	30.811	0.082	-0.198	0.012	
3.263	2.482	30.701	0.103	-0.189	0.016	
2.723	2.203	30.591	0.087	-0.136	0.019	
2.063	1.733	30.261	0.060	-0.140	0.016	
0.815	0.405	30.051	-0.033	-0.051	0.017	
0.018	0.218	30.801	-0.051	-0.005	0.029	
-0.422	-0.683	31.571	-0.083	0.016	0.015	
0.099	-0.332	31.081	-0.053	-0.049	0.013	
0.117	-0.583	29.371	-0.088	-0.013	0.028	
-0.063	-0.144	28.051	-0.047	-0.009	0.014	
-0.121	-0.611	27.781	-0.097	-0.014	0.011	
-0.541	-1.312	28.021	-0.095	0.012	0.019	
-0.941	-1.331	28.241	-0.110	0.046	0.003	
-0.541	-0.852	27.721	-0.078	0.029	0.025	
-0.752	-1.028	26.756	-0.093	0.043	0.036	
-0.613	-1.392	26.301	-0.107	0.007	0.012	
-0.841	-1.042	26.601	-0.073	0.047	0.024	
-0.483	-1.373	26.411	-0.115	0.010	0.015	
-0.502	-1.503	25.561	-0.113	0.026	0.015	
-0.494	-1.754	24.741	-0.135	0.011	0.016	
-0.602	-1.513	24.921	-0.104	0.035	0.027	
-0.652	-1.353	24.381	-0.143	0.017	0.020	
-0.614	-1.285	24.541	-0.085	0.023	0.027	
-0.675	-1.375	24.691	-0.125	0.018	0.020	
-0.696	-1.106	24.281	-0.097	0.038	0.025	
-0.687	-1.247	23.931	-0.087	0.011	0.024	
-0.658	-1.487	23.481	-0.098	0.016	0.031	
-1.037	-1.457	23.541	-0.102	0.043	0.006	
-0.957	-1.417	23.721	-0.087	0.041	0.010	
-0.836	-1.196	24.371	-0.096	0.108	0.043	
-1.018	-1.047	24.591	-0.107	0.038	0.019	
-0.858	-1.197	24.751	-0.095	0.031	0.022	
-1.238	-1.318	24.661	-0.104	0.057	0.028	
-1.278	-1.718	25.481	-0.126	0.052	0.009	
-1.118	-1.518	26.461	-0.105	0.056	0.021	
-0.998	-1.848	27.111	-0.147	0.048	0.018	
-1.298	-1.467	27.471	-0.128	0.040	0.022	
-1.328	-1.698	27.291	-0.118	0.063	0.014	
-1.239	-1.169	26.671	-0.122	0.048	0.022	
-1.198	-1.628	26.661	-0.124	0.052	0.025	
-1.099	-1.489	26.931	-0.117	0.068	0.025	
-1.208	-1.508	26.701	-0.104	0.063	0.028	
-0.979	-1.499	26.051	-0.146	0.032	0.013	
-1.209	-1.347	26.701	-0.104	0.022	0.008	
-1.218	-1.858	26.781	-0.145	0.032	0.009	
-1.548	-1.708	26.831	-0.109	0.062	0.021	
-1.279	-1.558	27.011	-0.127	0.044	0.015	
-1.449	-1.308	26.611	-0.122	0.047	0.010	
-1.138	-1.998	26.631	-0.142	0.058	0.013	
-1.479	-1.408	26.931	-0.108	0.069	0.019	
-1.469	-1.708	26.881	-0.119	0.062	0.018	
-0.969	-1.978	26.561	-0.140	0.042	0.021	
-1.138	-1.848	26.821	-0.123	0.040	0.008	
-1.509	-1.859	27.471	-0.126	0.050	0.001	
-1.289	-1.869	27.241	-0.128	0.057	0.026	
-0.839	-2.258	26.961	-0.166	0.016	0.022	
-1.039	-1.828	27.321	-0.155	0.042	0.025	
-1.050	-1.698	26.601	-0.147	0.063	0.032	
-1.199	-1.977	26.681	-0.150	0.031	0.017	
-1.357	-1.597	26.831	-0.139	0.059	0.023	
-1.249	-1.758	26.691	-0.154	0.046	0.022	
-1.518	-1.687	27.281	-0.143	0.028	0.013	
-1.330	-1.659	27.291	-0.126	0.034	0.022	
-1.078	-2.138	26.871	-0.167	0.046	0.013	
-1.908	-1.887	26.691	-0.133	0.081	0.016	
-1.517	-1.666	26.961	-0.140	0.061	0.021	
-1.348	-1.978	26.641	-0.150	0.033	0.015	
-1.408	-1.797	26.691	-0.111	0.066	0.023	
-1.367	-1.757	26.731	-0.130	0.062	0.022	
-1.128	-2.098	26.461	-0.173	0.024	0.008	
-1.489	-1.808	26.641	-0.127	0.067	0.026	
-1.359	-1.528	26.411	-0.126	0.043	0.023	
-1.528	-1.497	26.391	-0.127	0.068	0.028	
-1.519	-1.578	26.091	-0.118	0.058	0.030	
-1.238	-1.658	26.091	-0.130	0.053	0.016	
-1.499	-2.018	25.741	-0.136	0.057	0.026	
-1.619	-1.778	26.231	-0.145	0.064	0.021	
-1.429	-1.838	26.141	-0.144	0.040	0.022	
-1.389	-1.957	26.541	-0.152	0.045	0.021	
-1.640	-1.768	26.551	-0.123	0.056	0.029	
-1.560	-1.918	26.901	-0.127	0.065	0.021	
-1.480	-1.600	26.991	-0.132	0.066	0.025	
-1.660	-1.840	27.111	-0.120	0.071	0.030	
-1.470	-1.829	27.581	-0.150	0.047	0.016	
-1.399	-2.218	27.721	-0.130	0.060	0.020	
-1.340	-2.249	27.811	-0.177	0.052	0.016	
-1.699	-1.698	28.321	-0.167	0.058	0.027	
-1.529	-2.048	27.661	-0.135	0.060	0.007	
-1.598	-2.328	27.531	-0.178	0.058	0.009	
-1.258	-2.447	27.091	-0.178	0.047	0.012	
-1.108	-2.638	27.221	-0.170	0.040	0.023	
-1.359	-2.478	27.661	-0.202	0.046	0.024	
-1.348	-2.338	27.591	-0.178	0.049	0.017	
-1.638	-2.068	27.861	-0.166	0.064	0.029	
-1.628	-1.697	27.811	-0.135	0.068	0.017	
-1.439	-2.418	27.131	-0.167	0.051	0.020	
-1.538	-1.437	27.441	-0.143	0.086	0.032	
-1.378	-1.848	27.571	-0.151	0.034	0.017	
-1.629	-1.988	27.591	-0.157	0.079	0.023	
-1.778	-1.887	27.491	-0.131	0.063	0.012	
-1.789	-1.847	27.291	-0.122	0.060	0.023	
-1.398	-1.957	26.981	-0.170	0.034	0.019	
-1.867	-1.827	26.881	-0.150	0.078	0.026	
-1.507	-2.047	26.991	-0.129	0.064	0.010	
-1.708	-1.837	27.116	-0.133	0.083	0.024	
-1.773	-1.782	26.981	-0.119	0.063	0.028	
-1.449	-1.983	26.706	-0.149	0.045	0.018	
-1.628	-2.417	26.901	-0.183	0.062	0.013	
-1.638	-2.057	26.701	-0.154	0.044	0.013	
-1.489	-2.618	26.641	-0.180	0.077	0.011	
-1.478	-2.208	26.651	-0.181	0.055	0.004	
-1.419	-2.088	26.391	-0.172	0.053	0.001	
-1.479	-2.118	26.521	-0.159	0.042	0.010	
-1.759	-2.188	26.861	-0.154	0.083	0.014	
-1.439	-1.808	26.831	-0.128	0.053	0.018	
-1.710	-1.969	26.871	-0.148	0.073	0.024	
-1.779	-1.658	26.731	-0.131	0.095	0.026	
-1.630	-1.579	26.971	-0.141	0.075	0.026	
-1.679	-1.929	26.721	-0.139	0.066	0.025	
-1.480	-2.039	26.921	-0.156	0.070	0.012	
-1.920	-1.689	26.821	-0.115	0.104	0.032	
-1.489	-1.838	26.811	-0.146	0.050	0.029	
-1.429	-2.018	27.001	-0.142	0.038	0.009	
-1.768	-2.298	27.001	-0.170	0.065	0.018	
-1.369	-2.367	26.791	-0.188	0.042	0.030	
-1.329	-2.228	26.771	-0.161	0.033	0.019	
-1.529	-2.188	26.891	-0.139	0.047	0.026	
-1.408	-2.648	26.611	-0.211	0.066	0.020	
-1.547	-1.847	27.251	-0.153	0.058	0.022	
-1.818	-2.117	27.941	-0.158	0.091	0.028	
-1.549	-2.378	27.681	-0.165	0.069	0.013	
-1.809	-2.158	27.561	-0.165	0.093	0.032	
-1.538	-1.848	27.531	-0.139	0.054	0.028	
-1.589	-2.038	27.361	-0.143	0.082	0.015	
-1.608	-2.038	28.111	-0.158	0.066	0.032	
-1.489	-2.198	27.441	-0.144	0.072	0.025	
-1.697	-2.088	27.441	-0.166	0.075	0.012	
-1.798	-1.897	27.451	-0.128	0.079	0.022	
-1.648	-1.858	27.171	-0.132	0.083	0.028	
-1.868	-1.877	27.121	-0.144	0.085	0.018	
-1.557	-1.656	26.821	-0.126	0.073	0.031	
-1.547	-2.017	27.121	-0.147	0.064	0.019	
-1.468	-1.689	27.041	-0.146	0.068	0.025	
-1.637	-1.927	27.081	-0.146	0.065	0.026	
-1.878	-1.998	26.961	-0.112	0.077	0.021	
-1.768	-1.966	26.861	-0.153	0.075	0.008	
-1.699	-1.548	26.991	-0.116	0.067	0.024	
-1.837	-2.056	26.831	-0.152	0.085	0.017	
-1.519	-1.968	26.561	-0.148	0.072	0.029	
-1.617	-1.938	26.521	-0.128	0.047	0.019	
-1.428	-1.997	26.671	-0.143	0.037	0.037	
-1.509	-1.998	26.741	-0.127	0.062	0.021	
-1.558	-1.897	26.311	-0.136	0.069	0.022	
-1.359	-1.938	26.191	-0.142	0.069	0.018	
-1.509	-1.877	26.421	-0.125	0.066	0.024	
-1.398	-2.247	26.391	-0.141	0.063	0.026	
-1.278	-2.427	26.051	-0.183	0.027	0.021	
-1.289	-2.188	26.031	-0.177	0.025	0.006	
-1.169	-2.219	26.181	-0.166	0.064	0.019	
-1.550	-2.259	26.021	-0.179	0.061	0.007	
-1.760	-2.288	26.191	-0.162	0.073	0.025	
-1.350	-2.359	26.691	-0.181	0.035	0.014	
-1.720	-2.239	26.771	-0.163	0.057	0.022	
-1.640	-2.019	27.421	-0.158	0.058	0.026	
-1.780	-1.830	27.611	-0.150	0.061	0.025	
-1.520	-2.079	27.571	-0.151	0.071	0.016	
-1.790	-1.568	28.291	-0.128	0.114	0.022	
-1.520	-2.219	28.261	-0.157	0.072	0.023	
-1.830	-1.649	28.181	-0.118	0.089	0.030	
-1.700	-1.909	27.861	-0.159	0.067	0.021	
-1.639	-1.938	28.121	-0.152	0.063	0.025	
-1.748	-1.908	27.821	-0.140	0.067	0.024	
-1.818	-1.738	27.641	-0.137	0.083	0.024	
-1.599	-1.808	27.661	-0.137	0.032	0.016	
-1.518	-1.967	27.801	-0.149	0.045	0.029	
-1.558	-1.858	27.561	-0.129	0.076	0.040	
-1.548	-2.118	27.561	-0.177	0.048	0.011	
-1.537	-1.876	27.621	-0.136	0.059	0.018	
-1.867	-1.527	27.431	-0.141	0.098	0.025	
-1.579	-1.828	27.211	-0.133	0.039	0.013	
-1.508	-1.848	27.361	-0.126	0.049	0.028	
-1.608	-1.918	27.591	-0.151	0.071	0.022	
-1.708	-2.058	27.781	-0.117	0.075	0.025	
-1.368	-2.128	27.841	-0.165	0.052	0.021	
-1.658	-1.917	27.891	-0.137	0.059	0.030	
-1.679	-1.737	27.841	-0.132	0.071	0.022	
-1.377	-1.976	27.461	-0.147	0.044	0.023	
-1.257	-2.107	27.351	-0.161	0.038	0.018	
-1.177	-2.566	27.591	-0.185	0.040	0.021	
-1.068	-2.257	26.971	-0.174	0.013	0.020	
-1.187	-2.627	26.711	-0.165	0.036	0.022	
-1.348	-2.127	26.751	-0.166	0.045	0.019	
-1.447	-1.966	27.031	-0.155	0.065	0.023	
-1.368	-2.107	27.521	-0.163	0.075	0.018	
-1.308	-2.257	27.121	-0.183	0.035	0.017	
-1.578	-1.658	26.651	-0.124	0.050	0.020	
-1.689	-1.788	27.141	-0.139	0.049	0.012	
-1.617	-1.737	27.441	-0.141	0.053	0.012	
-1.568	-1.897	27.091	-0.141	0.051	0.020	
-1.478	-1.937	27.171	-0.169	0.040	0.018	
-1.568	-1.647	26.901	-0.122	0.022	0.010	
-1.757	-1.697	26.891	-0.124	0.083	0.029	
-1.508	-1.678	26.831	-0.126	0.057	0.017	
-1.408	-1.988	27.011	-0.130	0.050	0.021	
-1.568	-1.722	26.726	-0.143	0.073	0.012	
-1.408	-1.958	27.011	-0.159	0.058	0.029	
-1.548	-1.977	26.871	-0.131	0.073	0.013	
-1.718	-1.737	26.701	-0.134	0.080	0.025	
-1.229	-1.918	26.581	-0.160	0.043	0.002	
-1.298	-2.057	26.831	-0.176	0.055	0.019	
-1.818	-2.178	26.691	-0.130	0.087	0.020	
-1.559	-1.808	26.876	-0.131	0.065	0.022	
-1.479	-1.968	26.611	-0.148	0.028	0.017	
-1.200	-1.819	26.881	-0.115	0.008	0.027	
-1.597	-2.088	26.751	-0.154	0.051	0.031	
-1.388	-1.607	26.841	-0.122	0.071	0.023	
-1.139	-2.058	26.781	-0.146	0.006	0.002	
-1.379	-1.988	26.501	-0.154	0.043	0.021	
-1.588	-2.148	26.821	-0.156	0.055	0.016	
-1.487	-1.837	27.071	-0.159	0.063	0.032	
-1.529	-1.948	27.271	-0.169	0.049	0.025	
-1.038	-2.198	27.161	-0.167	0.028	0.023	
-0.998	-2.788	26.581	-0.188	0.019	0.006	
-1.168	-2.167	27.211	-0.168	0.037	0.032	
-1.228	-2.368	26.821	-0.169	-0.003	0.019	
-1.418	-1.998	26.731	-0.167	0.039	0.021	
-1.238	-1.677	26.861	-0.152	0.038	0.014	
-1.838	-2.038	27.151	-0.127	0.056	0.007	
-1.299	-2.018	27.691	-0.147	0.017	0.013	
-1.408	-1.948	27.741	-0.146	0.034	0.010	
-1.120	-1.978	27.431	-0.150	0.028	0.012	
-1.458	-1.767	27.561	-0.129	0.037	0.024	
-1.339	-1.838	27.211	-0.140	0.025	0.021	
-1.578	-1.598	27.591	-0.144	0.041	0.038	
-1.688	-1.768	27.271	-0.147	0.067	0.012	
-1.389	-1.577	27.391	-0.126	0.041	0.023	
-1.278	-1.837	27.451	-0.146	0.033	0.018	
-1.069	-1.677	27.661	-0.147	0.054	0.024	
-1.429	-1.928	27.511	-0.155	0.057	0.019	
-1.119	-2.197	27.211	-0.168	0.037	0.013	
-1.399	-1.949	27.331	-0.138	0.035	0.010	
-1.638	-1.718	27.331	-0.137	0.080	0.028	
-1.408	-1.687	27.091	-0.115	0.052	0.013	
-1.519	-2.008	27.071	-0.138	0.064	0.016	
-1.519	-1.959	27.351	-0.138	0.051	0.009	
-1.289	-1.918	27.161	-0.156	0.051	0.020	
-1.419	-1.998	27.081	-0.160	0.063	0.014	
-1.329	-2.107	27.221	-0.161	0.051	0.009	
-1.299	-2.118	27.421	-0.152	0.035	0.021	
-1.608	-1.757	27.241	-0.143	0.068	0.029	
-1.438	-1.778	27.311	-0.122	0.071	0.024	
-1.219	-1.989	27.271	-0.157	0.017	0.021	
-0.889	-2.077	27.411	-0.159	0.007	0.013	
-1.140	-2.188	27.231	-0.171	0.046	0.022	
-1.028	-2.028	27.051	-0.160	0.039	0.021	
-0.869	-1.848	26.681	-0.136	0.034	0.019	
-1.410	-1.909	26.941	-0.157	0.050	0.024	
-1.069	-2.068	26.941	-0.162	0.012	0.015	
-1.138	-2.008	27.281	-0.156	0.030	0.010	
-1.299	-1.883	27.261	-0.155	0.041	0.014	
-0.889	-1.848	26.991	-0.151	0.026	0.011	
-1.121	-1.709	27.571	-0.156	0.044	0.022	
-1.389	-1.518	27.301	-0.119	0.048	0.020	
-1.390	-1.839	27.921	-0.120	0.042	0.028	
-1.259	-1.528	27.431	-0.116	0.028	0.031	
-1.039	-1.869	27.451	-0.132	0.050	0.017	
-1.579	-1.889	27.651	-0.137	0.040	0.012	
-1.508	-1.908	27.931	-0.155	0.063	0.015	
-1.253	-1.743	27.761	-0.149	0.061	0.020	
-1.439	-2.038	27.761	-0.143	0.055	0.021	
-1.429	-1.958	27.561	-0.144	0.054	0.016	
-1.449	-1.978	28.011	-0.137	0.055	0.024	
-1.518	-1.898	28.151	-0.148	0.055	0.020	
-1.418	-1.916	28.121	-0.134	0.055	0.023	
-1.399	-1.799	27.961	-0.125	0.061	0.034	
-1.228	-2.317	27.301	-0.176	0.051	0.009	
-1.199	-1.887	27.311	-0.144	0.032	0.023	
-1.239	-1.869	27.431	-0.145	0.043	0.023	
-1.419	-1.818	27.211	-0.154	0.054	0.026	
-1.157	-1.717	27.031	-0.148	0.060	0.033	
-1.418	-1.858	27.001	-0.140	0.042	0.026	
-1.369	-1.678	26.741	-0.127	0.016	0.028	
-1.059	-1.748	27.021	-0.136	0.026	0.011	
-1.069	-1.768	27.221	-0.142	0.024	0.018	
-0.968	-1.958	26.891	-0.150	0.018	0.015	
-1.224	-1.868	27.041	-0.157	0.039	0.016	
-1.139	-2.018	27.531	-0.143	0.056	0.033	
-1.119	-2.548	27.801	-0.182	0.031	0.005	
-1.220	-1.978	28.261	-0.145	0.019	0.020	
-1.119	-2.098	27.841	-0.176	0.029	0.018	
-1.479	-2.098	27.281	-0.157	0.037	0.021	
-1.219	-2.038	27.311	-0.154	0.046	0.019	
-1.129	-2.178	27.311	-0.186	0.042	0.013	
-1.278	-1.768	27.021	-0.123	0.038	0.027	
-1.258	-1.797	27.231	-0.146	0.033	0.015	
-1.278	-1.728	26.901	-0.135	0.045	0.011	
-1.088	-1.787	26.931	-0.129	0.029	0.026	
-1.318	-1.778	26.601	-0.143	0.038	0.009	
-1.398	-1.557	26.751	-0.123	0.033	0.020	
-1.339	-1.727	26.751	-0.155	0.066	0.027	
-1.259	-1.758	27.331	-0.136	0.021	0.017	
-1.269	-2.048	27.381	-0.157	0.022	0.014	
-1.529	-1.678	27.441	-0.113	0.032	0.011	
-1.629	-1.879	26.971	-0.122	0.034	0.011	
-1.479	-1.698	27.451	-0.137	0.039	0.029	
-1.319	-1.198	27.631	-0.121	0.069	0.017	
-1.189	-1.558	27.491	-0.132	0.047	0.024	
-1.379	-1.638	26.941	-0.130	0.024	0.017	
-1.410	-2.088	27.211	-0.146	0.034	0.016	
-1.329	-1.719	27.271	-0.109	0.041	0.016	
-1.489	-1.508	27.321	-0.122	0.058	0.027	
-1.315	-1.624	27.301	-0.139	0.043	0.024	
-1.500	-1.889	27.431	-0.138	0.037	0.012	
-1.260	-1.699	27.511	-0.143	0.036	0.016	
-1.439	-1.728	27.511	-0.118	0.073	0.027	
-0.990	-1.979	27.561	-0.153	0.037	0.015	
-0.889	-2.118	27.496	-0.183	0.007	0.018	
-1.178	-2.117	27.731	-0.139	0.025	0.021	
-1.128	-2.018	27.701	-0.163	0.016	0.022	
-1.138	-2.107	27.661	-0.171	0.025	0.011	
-1.089	-1.888	28.321	-0.146	0.006	0.018	
-1.129	-2.029	28.161	-0.159	0.015	0.023	
-1.299	-2.208	27.741	-0.138	0.037	0.020	
-1.069	-2.079	28.001	-0.173	0.029	0.015	
-1.290	-1.609	28.131	-0.132	0.029	0.019	
-1.538	-1.837	28.141	-0.142	0.049	0.020	
-1.418	-2.067	28.241	-0.154	0.054	0.012	
-1.469	-2.077	28.111	-0.146	0.020	0.020	
-1.400	-1.878	28.161	-0.134	0.049	0.018	
-1.269	-2.279	27.761	-0.187	0.043	0.011	
-1.149	-1.598	27.791	-0.140	0.019	0.013	
-1.188	-1.788	27.561	-0.127	0.019	0.019	
-1.180	-1.810	27.331	-0.146	0.043	0.029	
-1.249	-1.748	27.281	-0.144	0.081	0.022	
-1.358	-1.927	27.011	-0.154	0.052	0.018	
-1.340	-1.629	27.071	-0.114	0.062	0.012	
-1.371	-1.570	27.771	-0.116	0.030	0.015	
-1.289	-1.937	27.611	-0.139	0.027	0.030	
-1.489	-1.488	27.891	-0.122	0.070	0.030	
-1.299	-1.458	27.601	-0.110	0.058	0.029	
-1.010	-1.738	27.431	-0.160	0.023	0.019	
-1.290	-1.599	27.871	-0.121	0.053	0.023	
-1.360	-1.890	27.621	-0.134	0.050	0.016	
-1.460	-1.689	27.901	-0.127	0.051	0.019	
-1.099	-1.929	27.881	-0.173	0.022	0.019	
-1.410	-1.809	28.351	-0.139	0.034	0.014	
-1.239	-1.978	27.961	-0.173	0.045	0.008	
-1.469	-1.839	27.921	-0.142	0.031	0.027	
-1.429	-1.618	28.361	-0.144	0.041	0.030	
-1.290	-1.689	28.461	-0.141	0.030	0.019	
-1.168	-2.048	28.211	-0.148	0.020	0.025	
-1.441	-1.579	28.821	-0.155	0.065	0.028	
-1.449	-1.619	28.501	-0.121	0.058	0.028	
-1.220	-1.728	29.231	-0.151	0.040	0.039	
-1.299	-1.968	28.811	-0.138	0.015	0.023	
-1.029	-2.198	29.011	-0.168	0.027	0.014	
-1.049	-1.719	28.691	-0.149	0.038	0.021	
-1.399	-2.177	28.651	-0.142	0.037	0.014	
-1.519	-1.968	29.261	-0.125	0.074	0.022	
-1.178	-1.858	28.801	-0.139	0.042	0.026	
-1.489	-1.638	29.011	-0.150	0.059	0.017	
-1.019	-2.019	28.831	-0.174	0.042	0.016	
-1.218	-1.909	28.921	-0.140	0.012	0.020	
-1.128	-2.128	29.001	-0.152	0.014	0.009	
-0.888	-2.248	28.991	-0.161	0.017	0.018	
-1.117	-1.537	29.061	-0.144	0.026	0.022	
-1.038	-1.567	29.321	-0.139	0.061	0.034	
-1.298	-2.007	28.771	-0.139	0.018	0.009	
-1.218	-1.787	28.841	-0.146	0.036	0.015	
-1.259	-1.618	29.011	-0.132	0.053	0.026	
-1.218	-1.818	28.901	-0.151	0.054	0.019	
-1.458	-1.898	28.941	-0.151	0.060	0.036	
-1.298	-1.887	29.051	-0.137	0.036	0.024	
-1.379	-1.638	29.351	-0.145	0.053	0.022	
-0.987	-2.107	29.261	-0.181	0.008	0.006	
-1.344	-1.603	29.041	-0.139	0.041	0.008	
-1.230	-1.729	28.911	-0.130	0.037	0.024	
-0.939	-1.538	28.851	-0.151	0.042	0.024	
-1.190	-1.939	28.411	-0.137	0.049	0.022	
-1.310	-1.699	28.441	-0.162	0.042	0.026	
-1.369	-1.389	28.551	-0.123	0.031	0.014	
-1.179	-1.669	28.741	-0.136	0.027	0.023	
-1.169	-2.218	29.111	-0.170	0.039	0.025	
-1.281	-1.770	29.261	-0.145	0.056	0.020	
-1.360	-1.849	29.161	-0.127	0.042	0.026	
-1.171	-1.579	29.371	-0.143	0.008	0.008	
-1.380	-1.540	29.351	-0.121	0.040	0.026	
-1.201	-1.545	29.441	-0.107	0.033	0.012	
-1.310	-1.409	29.701	-0.129	0.077	0.036	
-1.071	-1.979	29.561	-0.149	0.013	0.019	
-1.221	-1.660	29.151	-0.151	0.035	0.030	
-1.420	-1.639	29.001	-0.123	0.050	0.014	
-1.091	-1.809	29.181	-0.132	0.058	0.028	
-1.289	-1.808	29.351	-0.138	0.037	0.014	
-1.150	-1.948	29.121	-0.164	0.031	0.015	
-1.501	-1.670	29.721	-0.119	0.055	0.018	
-1.142	-1.420	29.871	-0.134	0.025	0.027	
-1.181	-1.850	29.691	-0.152	0.041	0.011	
-1.420	-1.523	29.896	-0.125	0.043	0.026	
-1.460	-1.410	30.101	-0.108	0.030	0.013	
-1.151	-2.109	30.141	-0.159	0.063	0.022	
-1.130	-1.919	30.071	-0.166	0.050	0.011	
-1.230	-1.709	30.351	-0.142	0.042	0.023	
-1.559	-1.608	30.101	-0.131	0.058	0.029	
-1.159	-1.878	30.201	-0.121	0.016	0.017	
-1.319	-1.683	30.116	-0.165	0.049	0.022	
-1.148	-1.717	30.201	-0.132	0.034	0.027	
-1.608	-1.648	29.871	-0.123	0.059	0.030	
-1.450	-1.778	30.051	-0.143	0.041	0.021	
-1.549	-1.839	30.091	-0.126	0.042	0.028	
-1.489	-1.808	30.431	-0.161	0.058	0.022	
-1.329	-1.708	29.911	-0.140	0.047	0.017	
-1.189	-2.108	29.631	-0.175	0.056	0.021	
-1.283	-1.978	29.511	-0.153	0.061	0.028	
-1.379	-1.958	29.431	-0.160	0.037	0.031	
-1.468	-1.968	29.431	-0.157	0.052	0.023	
-1.278	-1.928	29.361	-0.156	0.062	0.023	
-1.288	-1.688	29.561	-0.147	0.069	0.026	
-1.484	-1.678	29.476	-0.131	0.055	0.024	
-1.543	-1.507	29.521	-0.103	0.059	0.032	
-1.230	-1.798	29.211	-0.133	0.015	0.016	
-1.169	-2.158	29.141	-0.165	0.013	0.026	
-1.439	-1.779	28.951	-0.143	0.026	0.021	
-1.470	-1.819	29.271	-0.157	0.044	0.010	
-0.869	-1.908	29.451	-0.146	0.019	0.024	
-1.399	-1.498	29.181	-0.123	0.079	0.035	
-1.170	-0.919	29.231	-0.106	0.071	0.027	
-1.370	-1.379	29.411	-0.119	0.046	0.028	
-1.190	-1.489	29.621	-0.146	0.047	0.023	
-0.921	-1.760	29.691	-0.131	0.031	0.027	
-1.029	-2.189	29.411	-0.187	0.016	0.021	
-0.944	-1.289	29.406	-0.099	0.025	0.032	
-0.861	-1.820	29.551	-0.152	0.019	0.021	
-1.050	-1.429	29.781	-0.145	0.068	0.034	
-1.120	-1.550	29.721	-0.135	0.011	0.038	
-0.970	-1.309	29.611	-0.107	0.064	0.019	
-1.071	-1.390	30.031	-0.139	0.039	0.022	
-0.830	-1.429	29.991	-0.129	0.026	0.032	
-0.860	-1.404	29.991	-0.111	0.015	0.030	
-1.001	-1.440	29.991	-0.121	0.003	0.001	
-0.830	-1.739	29.971	-0.132	0.007	0.014	
-0.740	-1.408	29.821	-0.110	0.002	0.022	
-1.019	-1.599	29.811	-0.130	0.053	0.024	
-1.308	-1.928	30.051	-0.156	0.058	0.023	
-1.608	-2.102	31.016	-0.183	0.083	0.014	
-1.339	-2.328	30.691	-0.180	0.053	0.017	
-1.799	-2.068	30.251	-0.147	0.046	0.016	
-1.688	-1.858	30.041	-0.109	0.054	0.021	
-1.439	-2.218	29.791	-0.162	0.066	0.014	
-1.219	-1.248	30.081	-0.134	0.072	0.035	
-1.319	-2.098	29.861	-0.168	0.059	0.011	
-1.348	-1.668	29.501	-0.109	0.039	0.008	
-1.419	-1.409	29.481	-0.125	0.055	0.019	
-1.379	-2.088	29.471	-0.145	0.014	0.020	
-1.309	-1.339	29.691	-0.119	0.049	0.031	
-1.349	-1.768	29.451	-0.129	0.041	0.020	
-1.318	-1.858	29.576	-0.159	0.047	0.036	
-1.010	-1.749	29.411	-0.147	0.005	0.000	
-1.379	-1.763	29.526	-0.129	0.033	0.008	
-1.179	-1.907	29.731	-0.146	0.033	0.024	
-1.340	-1.669	29.521	-0.109	0.035	0.024	
-1.039	-1.868	30.011	-0.163	0.015	0.012	
-1.110	-1.694	29.706	-0.119	0.009	0.030	
-0.999	-1.369	29.771	-0.133	0.014	0.022	
-1.408	-1.538	29.791	-0.123	0.059	0.022	
-0.899	-1.678	29.641	-0.121	0.031	0.023	
-0.799	-1.708	29.831	-0.145	0.035	0.016	
-0.979	-2.019	29.341	-0.185	0.017	0.012	
-0.840	-1.149	29.861	-0.112	0.004	0.025	
-1.000	-1.788	29.491	-0.151	0.009	0.011	
-1.190	-1.469	29.791	-0.105	0.036	0.019	
-0.890	-1.579	29.861	-0.139	0.052	0.023	
-0.910	-1.618	29.831	-0.119	-0.002	0.031	
-0.780	-1.619	29.981	-0.126	-0.009	0.013	
-1.000	-1.339	30.031	-0.125	0.031	0.030	
-0.840	-1.569	30.181	-0.124	0.024	0.020	
-0.929	-1.368	30.001	-0.116	0.012	0.022	
-0.770	-1.289	29.841	-0.083	-0.003	0.014	
-0.830	-1.519	29.851	-0.137	0.019	0.022	
-0.909	-1.388	29.991	-0.117	-0.000	0.026	
-1.479	-1.748	29.381	-0.127	0.052	0.020	
-1.049	-1.958	30.191	-0.167	0.031	0.014	
-1.290	-2.198	30.591	-0.151	0.076	0.019	
-1.298	-1.938	30.191	-0.140	0.026	0.017	
-1.659	-1.808	29.921	-0.121	0.057	0.032	
-1.359	-1.727	29.631	-0.143	0.047	0.018	
-1.580	-1.738	29.661	-0.161	0.055	0.030	
-1.438	-1.959	29.251	-0.152	0.044	0.018	
-1.118	-1.368	29.641	-0.113	0.055	0.034	
-1.328	-1.697	29.591	-0.165	0.075	0.028	
-1.267	-1.977	29.591	-0.147	0.022	0.013	
-1.670	-1.539	29.611	-0.087	0.039	0.022	
-1.709	-1.728	29.751	-0.125	0.079	0.018	
-1.369	-1.679	29.671	-0.167	0.061	0.018	
-1.150	-1.880	29.901	-0.137	0.034	0.013	
-1.428	-1.838	29.961	-0.141	0.045	0.013	
-1.369	-1.629	29.841	-0.115	0.039	0.026	
-1.209	-1.638	29.691	-0.137	0.003	0.026	
-0.940	-1.759	29.961	-0.173	0.049	0.014	
-1.210	-1.969	29.711	-0.132	0.027	0.016	
-1.109	-1.948	29.691	-0.153	0.015	0.026	
-1.339	-1.519	29.581	-0.130	0.063	0.020	
-1.280	-1.339	29.721	-0.111	0.047	0.024	
-0.880	-1.509	29.791	-0.127	0.009	0.024	
-1.160	-1.739	29.911	-0.149	0.045	0.004	
-1.079	-1.268	29.471	-0.109	0.037	0.036	
-0.940	-1.558	29.811	-0.135	0.015	0.015	
-1.121	-1.370	29.791	-0.111	0.032	0.018	
-0.930	-1.430	29.911	-0.120	0.029	0.019	
-1.001	-1.359	30.101	-0.137	0.033	0.022	
-0.781	-1.350	30.131	-0.135	0.055	0.036	
-0.531	-1.379	30.201	-0.121	-0.027	0.004	
-0.909	-1.479	30.211	-0.121	0.019	0.010	
-1.061	-1.320	29.991	-0.111	0.057	0.026	
-0.891	-1.489	30.001	-0.123	0.033	0.006	
-1.009	-1.478	30.141	-0.121	0.025	0.030	
-0.770	-1.348	30.001	-0.109	0.005	0.010	
-1.219	-1.058	30.011	-0.081	0.093	0.052	
-0.849	-1.708	30.011	-0.143	0.029	0.010	
-0.820	-1.529	29.931	-0.122	0.002	0.027	
-1.040	-1.449	30.011	-0.119	0.023	0.026	
-1.089	-1.468	29.831	-0.115	0.039	0.030	
-1.789	-1.598	30.001	-0.129	0.085	0.036	
-1.348	-1.558	30.331	-0.113	0.023	0.026	
-1.388	-1.367	30.051	-0.113	0.029	0.020	
-1.538	-1.937	29.751	-0.159	0.091	0.012	
-1.419	-1.798	30.201	-0.141	0.051	0.024	
-1.389	-1.568	29.831	-0.115	0.059	0.030	
-1.597	-1.858	29.411	-0.153	0.097	0.016	
-1.318	-1.668	29.411	-0.133	0.064	0.025	
-1.378	-1.988	29.771	-0.143	0.055	0.010	
-0.979	-1.968	29.241	-0.147	0.013	0.014	
-1.328	-1.737	29.851	-0.145	0.061	0.034	
-1.240	-1.638	29.521	-0.145	0.071	0.036	
-1.609	-1.858	29.471	-0.139	0.073	0.022	
-1.568	-1.817	29.491	-0.133	0.077	0.034	
-1.399	-1.987	29.461	-0.145	0.027	0.012	
-1.430	-1.788	29.571	-0.125	0.037	0.022	
-1.499	-1.899	29.441	-0.129	0.055	0.018	
-1.269	-1.849	29.251	-0.165	0.043	0.022	
-1.351	-1.789	29.401	-0.133	0.081	0.044	
-1.129	-1.619	29.701	-0.149	0.037	0.026	
-1.338	-2.019	29.701	-0.177	0.067	0.016	
-1.150	-2.129	29.721	-0.173	0.049	0.010	
-1.370	-1.469	29.561	-0.109	0.037	0.032	
-1.200	-1.679	29.881	-0.129	0.005	0.006	
-1.249	-1.819	30.001	-0.143	0.011	0.012	
-1.229	-1.398	29.991	-0.119	0.039	0.024	
-1.539	-1.799	29.891	-0.131	0.051	0.024	
-1.359	-1.459	29.821	-0.123	0.061	0.016	
-1.310	-1.488	29.821	-0.129	0.089	0.032	
-0.910	-1.598	29.781	-0.113	0.043	0.028	
-1.051	-1.610	29.231	-0.147	0.045	0.026	
-1.190	-1.559	29.551	-0.129	0.039	0.022	
-1.210	-1.700	29.871	-0.133	0.018	0.008	
-0.960	-1.819	29.971	-0.153	0.039	0.028	
-1.009	-1.549	30.121	-0.123	0.007	0.012	
-1.070	-1.668	30.231	-0.123	0.037	0.014	
-1.160	-1.359	30.371	-0.107	0.029	0.020	
-1.220	-1.408	30.231	-0.105	0.029	0.028	
-0.850	-1.539	29.971	-0.127	0.035	0.028	
-1.030	-0.769	30.421	-0.075	0.055	0.038	
-0.919	-1.538	30.311	-0.123	0.005	0.026	
-0.750	-1.359	30.131	-0.125	-0.003	0.014	
-0.812	-1.500	30.331	-0.113	0.003	0.014	
-0.870	-1.009	30.191	-0.099	0.019	0.020	
-0.229	-1.329	30.221	-0.135	-0.001	0.020	
-0.540	-1.239	30.021	-0.095	-0.015	0.026	
-0.810	-1.260	30.381	-0.121	0.027	0.026	
-0.680	-0.998	30.181	-0.087	0.019	0.028	
-0.669	-1.508	29.931	-0.119	0.027	0.036	
-1.359	-1.827	30.031	-0.155	0.041	0.018	
-1.519	-1.748	31.221	-0.121	0.061	0.038	
-2.129	-1.878	30.811	-0.119	0.103	0.022	
-1.768	-2.027	29.781	-0.155	0.059	0.030	
-1.608	-2.347	30.061	-0.143	0.037	0.020	
-1.619	-1.739	30.071	-0.133	0.053	0.022	
-1.167	-1.617	29.501	-0.139	0.053	0.028	
-1.209	-1.408	29.751	-0.137	0.047	0.020	
-1.418	-1.708	29.601	-0.133	0.041	0.020	
-1.619	-1.708	29.581	-0.119	0.057	0.022	
-1.288	-1.688	29.231	-0.133	0.005	0.022	
-1.279	-1.449	29.591	-0.115	0.052	0.022	
-1.229	-2.028	29.631	-0.161	0.061	0.016	
-1.437	-1.797	29.681	-0.139	0.027	0.016	
-1.149	-1.748	29.531	-0.135	0.021	0.027	
-1.559	-1.698	30.001	-0.143	0.045	0.012	
-1.389	-1.738	29.491	-0.119	0.017	0.012	
-1.469	-1.898	29.461	-0.147	0.063	0.012	
-1.519	-1.638	29.871	-0.131	0.057	0.030	
-1.480	-1.218	29.601	-0.105	0.065	0.032	
-1.440	-1.368	29.681	-0.111	0.089	0.038	
-1.108	-1.567	29.601	-0.125	0.039	0.022	
-1.019	-1.718	29.521	-0.147	0.025	0.024	
-1.320	-1.399	29.681	-0.119	0.083	0.034	
-1.150	-1.788	29.701	-0.143	0.037	0.020	
-1.600	-1.658	29.851	-0.113	0.055	0.020	
-1.349	-1.828	29.621	-0.143	0.055	0.020	
-0.889	-1.749	29.811	-0.141	0.013	0.016	
-1.149	-1.818	29.871	-0.139	0.015	0.012	
-1.200	-1.589	29.601	-0.134	0.069	0.021	
-1.291	-1.760	29.771	-0.139	0.039	0.024	
-1.090	-1.928	29.641	-0.175	0.045	0.006	
-1.310	-1.469	29.731	-0.115	0.015	0.018	
-1.310	-1.869	29.751	-0.135	0.031	0.012	
-0.978	-1.659	29.731	-0.129	0.015	0.024	
-1.300	-1.660	29.661	-0.121	0.035	0.034	
-0.880	-1.249	30.151	-0.099	0.039	0.028	
-0.931	-1.649	29.481	-0.139	0.027	0.028	
-0.970	-1.339	29.451	-0.099	0.019	0.026	
-0.700	-1.550	29.031	-0.141	0.011	0.012	
-1.049	-1.388	29.201	-0.125	0.010	0.019	
-0.950	-1.270	28.391	-0.113	0.026	0.024	
-0.780	-1.158	28.251	-0.106	0.021	0.025	
-0.531	-1.319	27.361	-0.103	0.017	0.015	
-0.510	-1.078	27.141	-0.064	0.013	0.019	
-0.560	-1.169	26.781	-0.107	0.011	0.008	
-0.418	-0.978	26.211	-0.089	-0.009	0.028	
-0.309	-1.248	26.161	-0.122	0.002	0.015	
-0.310	-0.849	25.601	-0.089	0.005	0.014	
-0.380	-0.908	25.131	-0.070	-0.019	0.016	
-1.288	-1.488	23.531	-0.115	0.043	0.016	
-1.026	-1.516	24.471	-0.124	0.025	0.018	
-1.157	-1.566	24.171	-0.110	0.026	0.009	
-1.127	-1.096	23.181	-0.087	0.041	0.022	
-0.957	-1.456	22.431	-0.155	0.039	0.024	
-0.646	-1.255	21.651	-0.097	0.005	0.002	
-0.597	-0.956	21.121	-0.061	-0.002	0.009	
-0.486	-1.316	20.381	-0.099	-0.007	0.014	
-0.676	-1.365	19.571	-0.105	-0.015	0.002	
-0.695	-1.405	19.141	-0.115	0.007	-0.002	
-0.745	-0.895	18.831	-0.081	0.043	0.015	
-0.556	-1.075	18.331	-0.081	0.035	0.028	
-0.526	-1.235	17.951	-0.109	-0.023	0.000	
-0.316	-1.145	17.441	-0.097	0.015	0.020	
-0.235	-1.665	16.611	-0.115	-0.025	0.010	
0.515	-2.475	16.501	-0.195	-0.043	0.008	
0.185	-2.125	16.061	-0.147	-0.041	0.014	
-0.135	-1.794	15.381	-0.137	-0.030	0.011	
-0.136	-1.385	14.741	-0.084	-0.012	0.007	
0.004	-1.455	13.801	-0.099	-0.033	0.020	
-0.235	-1.395	13.471	-0.106	-0.019	0.009	
0.134	-1.955	12.761	-0.133	-0.025	0.000	
0.085	-1.355	11.751	-0.081	-0.041	0.006	
0.094	-1.095	11.121	-0.072	-0.021	0.003	
0.304	-1.425	11.361	-0.109	-0.049	0.006	
0.044	-0.986	10.871	-0.090	0.004	0.017	
-0.026	-0.836	10.311	-0.059	-0.017	0.008	
-0.006	-1.045	9.071	-0.067	-0.029	0.004	
0.324	-1.096	8.881	-0.061	-0.039	0.008	
-0.026	-0.826	9.241	-0.053	-0.005	0.012	
-0.026	-1.336	8.871	-0.077	-0.009	0.000	
-0.036	-1.196	7.931	-0.072	-0.021	-0.003	
-0.067	-0.886	7.551	-0.061	0.001	0.008	
-0.257	-1.506	8.121	-0.073	-0.021	-0.006	
-0.137	-1.126	7.761	-0.055	0.002	0.012	
-0.177	-1.496	7.491	-0.101	-0.029	0.000	
0.043	-1.156	6.601	-0.092	-0.037	0.002	
0.073	-0.836	5.661	-0.055	-0.025	0.002	
0.173	-0.966	4.761	-0.070	0.002	0.002	
0.223	-1.136	4.521	-0.080	-0.022	-0.003	
0.013	-1.346	4.391	-0.088	-0.022	-0.002	
0.063	-1.076	3.901	-0.067	-0.047	0.004	
0.183	-1.246	3.871	-0.065	-0.019	0.004	
0.453	-1.086	3.571	-0.067	-0.023	-0.004	
0.153	-0.556	3.281	-0.025	-0.025	0.000	
-0.407	-0.626	2.091	-0.029	0.001	0.000	
0.182	-0.357	1.461	-0.002	-0.020	0.000	
-0.258	-0.246	0.951	0.007	-0.013	0.008	
0.152	0.183	1.131	-0.007	-0.025	-0.008	
0.052	-0.496	0.711	-0.031	-0.009	-0.012	
0.062	-0.126	0.431	0.003	-0.025	-0.004	
0.112	0.134	0.621	0.005	-0.011	-0.002	
0.042	-0.027	0.361	-0.005	0.007	0.004	
0.152	-0.037	0.461	-0.015	0.002	0.002	
-0.158	0.443	0.561	0.041	0.031	0.008	
0.162	0.083	0.271	-0.001	-0.016	0.002	
0.082	0.043	0.261	0.010	-0.008	-0.005	
-0.168	-0.006	0.151	0.003	-0.005	0.001	
-0.447	0.174	0.481	0.035	0.027	0.004	
-0.008	0.184	0.401	-0.001	0.009	-0.004	
0.002	-0.297	0.471	-0.011	-0.031	-0.016	
0.072	-0.237	0.501	0.022	-0.023	-0.010	
-0.508	0.393	0.561	0.034	0.036	0.009	
-0.078	-0.027	0.441	0.019	-0.017	-0.002	
-0.038	0.243	0.261	0.027	0.017	0.014	
-0.048	0.414	0.071	0.022	0.016	0.002	
-0.078	0.203	0.391	0.009	0.013	-0.010	
0.082	-0.367	0.511	-0.015	0.023	-0.008	
-0.028	0.034	0.191	0.013	0.005	0.000	
0.202	-0.117	0.491	-0.005	-0.008	-0.007	
0.112	-0.207	0.321	-0.009	0.005	-0.006	
-0.048	-0.306	0.261	-0.007	-0.009	-0.008	
-0.128	0.274	0.301	0.027	0.037	0.006	
0.052	0.104	0.061	0.023	-0.019	-0.010	
0.022	0.084	0.061	-0.001	0.025	0.012	
-0.148	0.143	0.051	0.003	0.029	0.002	
-0.358	0.064	0.111	0.009	0.037	0.002	
-0.038	-0.166	0.121	-0.003	0.001	-0.004	
-0.188	-0.036	0.351	0.013	0.029	0.010	
-0.088	0.204	0.501	0.033	0.001	-0.002	
-0.418	-0.086	0.341	-0.009	0.053	-0.012	
-0.078	0.134	0.341	0.021	-0.025	-0.014	
0.082	-0.346	0.221	-0.021	0.001	-0.008	
0.142	-0.156	0.151	-0.019	0.017	0.004	
-0.048	0.313	-0.109	0.037	0.015	0.010	
-0.128	-0.146	0.081	0.001	0.013	-0.004	
-0.228	-0.156	0.271	-0.007	0.012	0.000	
-0.068	0.334	0.011	0.027	0.020	0.004	
-0.188	-0.236	0.451	-0.009	0.021	-0.010	
-0.138	-0.006	0.151	0.005	0.035	-0.014	
-0.218	0.154	0.051	0.041	0.005	-0.004	
-0.098	0.124	0.411	0.038	0.028	-0.006	
0.022	0.194	0.251	0.037	-0.005	-0.008	
-0.178	0.013	0.011	0.037	0.001	0.008	
-0.067	-0.686	0.381	-0.023	-0.013	-0.018	
-0.468	0.024	0.221	0.032	0.021	-0.004	
0.093	-0.566	0.101	-0.033	0.005	-0.022	
-0.358	-0.236	0.081	-0.001	0.025	-0.002	
-0.458	0.224	0.171	0.030	0.040	-0.006	
0.012	0.173	-0.529	0.010	0.005	0.003	
-0.318	0.114	0.211	0.017	0.001	-0.008	
0.272	-0.206	0.261	-0.021	0.003	-0.002	
0.002	0.294	0.551	0.019	0.035	0.008	
-0.008	0.454	0.161	0.045	0.013	-0.002	
-0.108	0.154	0.521	0.009	0.003	-0.004	
0.032	-0.206	0.261	0.003	-0.005	-0.004	
0.303	-0.686	0.112	-0.045	-0.029	-0.020	
-0.018	-0.236	0.131	0.009	0.019	-0.008	
-0.078	-0.066	0.321	0.025	-0.019	-0.018	
0.002	-0.056	0.241	0.001	0.021	0.008	
0.333	-0.306	0.211	-0.033	-0.017	-0.014	
-0.158	0.314	0.401	0.017	0.019	0.004	
-0.028	0.004	0.211	0.004	-0.006	-0.005	
-0.097	-0.376	0.562	-0.029	0.029	-0.014	
-0.068	0.084	0.441	0.011	0.023	-0.002	
0.062	-0.036	0.021	0.005	0.001	-0.004	
0.253	-0.156	0.091	0.007	-0.013	-0.008	
0.063	-0.166	0.101	-0.015	-0.011	-0.020	
-0.028	0.284	0.390	0.027	-0.009	-0.002	
0.142	-0.056	0.291	-0.007	-0.001	-0.012	
0.333	-0.196	0.071	-0.023	-0.026	-0.018	
0.152	-0.026	0.191	0.011	-0.023	-0.003	
-0.007	-0.326	0.142	-0.033	-0.047	-0.014	
0.142	-0.036	0.331	0.005	-0.013	-0.008	
0.053	-0.245	0.462	-0.015	0.009	0.000	
0.042	0.234	0.170	0.019	0.023	-0.006	
-0.148	-0.026	0.171	0.027	0.021	-0.004	
-0.128	-0.025	0.381	-0.007	0.025	0.006	
0.122	0.044	0.271	0.009	0.027	0.006	
0.213	-0.137	-0.079	-0.004	-0.001	-0.008	
0.243	-0.316	0.072	-0.017	-0.011	-0.008	
-0.058	0.185	0.530	0.015	0.011	-0.006	
0.172	0.174	0.250	0.021	0.003	0.000	
-0.027	-0.226	0.062	-0.011	0.019	-0.012	
0.102	0.174	0.230	0.017	-0.035	-0.018	
0.032	0.145	0.430	0.007	0.031	0.004	
0.013	-0.326	0.202	-0.019	-0.003	-0.018	
-0.157	-0.325	0.502	-0.013	0.029	-0.002	
-0.037	-0.124	0.592	-0.003	-0.009	-0.010	
-0.588	0.224	0.140	0.049	0.055	0.002	
-0.138	-0.006	0.201	0.021	-0.001	0.002	
-0.128	-0.036	0.061	0.015	-0.003	0.004	
-0.208	0.043	-0.009	0.013	0.027	0.004	
0.303	-0.215	0.222	-0.031	-0.013	-0.014	
-0.027	-0.105	0.282	-0.007	0.015	-0.008	
-0.178	0.166	0.490	0.015	0.009	0.004	
-0.078	0.174	0.110	0.019	-0.005	-0.004	
0.062	0.064	-0.009	0.027	-0.029	-0.006	
0.122	0.066	0.461	0.007	0.013	-0.012	
0.053	-0.015	0.241	-0.013	-0.005	-0.016	
-0.457	-0.165	0.292	0.011	0.021	-0.016	
0.163	-0.125	0.182	-0.019	0.003	-0.014	
0.072	0.005	0.291	0.011	-0.021	0.002	
0.023	-0.045	0.281	-0.009	0.023	-0.014	
-0.298	0.055	0.271	0.021	0.023	-0.000	
-0.208	0.104	0.120	0.015	0.009	0.004	
0.103	-0.145	0.222	0.001	-0.003	-0.006	
-0.088	0.236	0.350	-0.003	0.001	0.002	
0.132	0.376	0.309	0.037	0.011	0.004	
-0.158	0.025	0.311	0.023	0.023	0.010	
-0.008	0.272	-0.281	0.039	-0.021	-0.008	
-0.368	0.015	0.321	0.025	0.021	-0.014	
0.052	0.106	0.380	-0.005	0.009	0.001	
0.313	-0.165	0.112	-0.015	-0.011	-0.016	
-0.128	0.022	-0.169	-0.003	0.003	-0.014	
0.073	-0.054	0.321	0.005	-0.013	-0.002	
0.233	-0.396	-0.006	-0.037	-0.019	-0.016	
0.222	0.085	0.150	-0.003	-0.003	-0.006	
0.032	-0.007	-0.039	0.001	0.003	-0.010	
0.192	0.046	0.241	-0.003	0.005	-0.002	
0.102	0.326	0.248	0.021	0.005	0.008	
0.223	-0.015	0.101	-0.009	-0.005	-0.004	
0.182	0.034	0.001	-0.013	-0.013	-0.008	
-0.098	0.187	0.369	0.041	0.007	0.004	
-0.488	0.255	0.269	0.027	0.043	-0.000	
-0.097	-0.043	0.371	-0.017	0.031	0.002	
-0.398	0.076	0.370	0.037	0.025	-0.000	
0.192	0.396	0.257	0.037	-0.027	-0.006	
0.112	0.274	0.088	0.033	-0.023	-0.004	
0.003	-0.023	0.351	-0.007	-0.013	-0.010	
-0.128	0.195	0.149	0.023	0.027	-0.002	
0.272	0.397	0.327	0.009	0.007	0.010	
-0.058	0.248	0.409	0.019	0.003	0.012	
-0.108	0.135	0.150	0.015	0.011	-0.006	
0.203	-0.205	0.163	-0.017	-0.027	-0.004	
0.033	-0.083	0.322	-0.007	-0.029	-0.012	
-0.098	0.193	-0.001	0.011	-0.007	-0.004	
-0.188	0.135	0.170	-0.007	0.039	0.008	
-0.247	-0.022	0.441	-0.007	0.041	0.008	
-0.178	0.016	0.251	0.023	0.003	0.018	
-0.068	0.065	0.100	0.007	-0.005	0.002	
-0.027	-0.273	0.294	-0.023	0.013	0.002	
-0.008	0.246	0.218	-0.013	0.015	-0.000	
-0.047	-0.034	0.201	-0.015	0.017	0.008	
0.223	-0.027	-0.039	0.001	-0.015	0.000	
0.023	-0.204	0.223	-0.019	-0.025	-0.007	
-0.257	-0.383	0.336	-0.009	-0.039	-0.001	
-0.198	0.627	0.334	0.033	0.047	0.011	
-0.098	0.170	0.549	0.025	0.011	0.006	
-0.337	0.007	0.331	0.007	0.023	0.004	
0.273	-0.277	-0.096	-0.017	0.001	-0.006	
-0.118	0.093	-0.050	-0.013	-0.003	-0.004	
-0.228	0.097	0.270	0.017	0.021	0.002	
0.423	-0.422	0.336	-0.031	-0.026	-0.016	
0.053	-0.123	0.273	-0.017	0.003	-0.012	
-0.037	-0.174	0.193	-0.009	-0.015	-0.006	
-0.048	0.204	0.078	0.019	-0.005	0.008	
0.123	-0.065	0.132	-0.005	-0.011	0.000	
0.183	-0.194	0.174	-0.015	-0.029	0.000	
-0.158	0.247	0.258	0.025	0.015	0.014	
0.153	-0.102	0.302	-0.005	0.005	0.008	
-0.167	-0.254	0.225	-0.001	-0.011	-0.002	
-0.087	-0.313	0.275	-0.011	-0.035	-0.003	
0.062	0.156	0.199	0.015	-0.025	-0.004	
0.102	0.164	0.009	0.003	-0.007	0.004	
0.023	-0.067	-0.008	-0.021	-0.028	-0.014	
0.022	0.043	-0.040	0.015	-0.025	0.000	
0.223	-0.027	-0.049	-0.011	-0.007	-0.004	
0.102	0.245	0.118	0.013	-0.025	-0.002	
-0.087	-0.031	0.392	-0.003	0.013	-0.014	
0.323	-0.175	0.083	-0.017	-0.026	-0.014	
0.133	-0.511	0.378	-0.057	-0.009	-0.006	
-0.068	0.023	-0.049	-0.003	-0.013	-0.008	
-0.148	0.099	0.380	0.011	0.017	0.004	
-0.038	0.209	0.408	0.029	-0.013	0.008	
-0.528	0.416	0.195	0.037	0.047	0.007	
-0.138	0.139	0.379	0.009	-0.024	-0.020	
-0.247	-0.044	0.222	0.011	0.021	-0.006	
-0.237	-0.016	0.091	0.027	-0.023	-0.008	
-0.218	0.127	0.269	0.019	0.029	-0.002	
0.043	-0.062	0.272	-0.013	0.019	-0.008	
-0.088	0.057	0.270	0.001	0.015	-0.004	
0.072	0.176	0.138	-0.005	0.005	-0.006	
0.123	-0.166	0.034	-0.007	-0.035	-0.011	
-0.258	0.267	0.247	0.023	0.027	0.006	
0.002	0.123	-0.031	-0.007	-0.001	-0.004	
0.233	-0.191	0.324	-0.013	-0.033	-0.011	
-0.078	0.422	-0.116	0.035	0.005	0.014	
0.092	0.004	0.021	-0.001	0.021	0.002	
-0.048	0.296	0.136	0.037	0.041	0.009	
-0.177	-0.194	0.154	-0.019	0.009	-0.000	
-0.137	-0.060	0.442	0.019	-0.027	-0.004	
-0.238	0.078	0.300	0.017	0.005	-0.006	
0.013	-0.302	-0.354	-0.017	-0.015	-0.004	
0.102	0.149	0.319	0.017	-0.037	-0.011	
-0.127	0.007	0.241	-0.023	0.031	-0.000	
0.012	0.428	0.294	0.023	0.031	0.006	
0.072	0.236	0.147	-0.013	0.005	-0.009	
0.102	0.108	0.239	0.001	0.005	-0.004	
0.173	-0.046	0.002	-0.003	0.008	-0.014	
-0.247	0.049	0.340	-0.019	0.041	0.005	
0.043	0.010	0.401	0.005	0.023	-0.000	
0.132	0.232	0.487	0.015	-0.029	-0.007	
0.083	-0.146	0.003	-0.007	0.009	-0.002	
0.122	0.076	0.110	0.023	0.007	0.004	
-0.528	0.282	-0.013	0.032	0.043	0.001	
-0.038	0.107	-0.381	0.003	0.017	0.001	
-0.187	-0.136	0.083	0.007	0.009	-0.006	
0.223	-0.387	-0.053	-0.027	-0.015	-0.010	
-0.047	-0.105	0.113	0.007	-0.024	-0.016	
-0.128	0.125	0.109	0.023	-0.007	0.006	
0.092	0.395	0.094	0.031	-0.005	0.000	
0.092	0.091	-0.141	0.005	-0.039	0.001	
-0.348	0.042	-0.020	0.027	0.007	0.010	
0.053	-0.224	0.125	-0.019	-0.006	-0.018	
0.002	0.248	0.257	0.025	-0.001	-0.004	
-0.008	0.103	-0.011	0.023	-0.009	0.008	
-0.017	0.051	0.430	0.003	-0.023	-0.002	
-0.037	-0.147	-0.036	0.001	-0.016	-0.014	
-0.258	0.140	-0.191	0.015	0.007	-0.002	
-0.058	0.365	0.105	0.029	0.005	-0.000	
-0.327	-0.206	0.085	0.013	0.010	-0.020	
-0.008	0.242	-0.083	0.021	0.027	-0.000	
-0.158	0.021	-0.139	0.001	0.017	-0.012	
-0.088	0.217	0.227	0.023	0.003	-0.008	
-0.098	0.146	0.139	0.011	0.011	0.006	
-0.158	0.103	0.009	0.019	0.009	-0.012	
-0.118	0.049	0.320	0.017	0.001	-0.004	
0.012	0.116	-0.431	0.007	-0.015	-0.008	
-0.127	-0.325	0.117	-0.027	0.024	-0.010	
0.072	0.041	-0.170	0.017	-0.013	-0.008	
0.042	-0.083	-0.358	0.009	-0.019	-0.006	
-0.078	0.139	-0.271	0.019	-0.013	-0.006	
-0.177	-0.107	-0.007	0.031	-0.019	-0.010	
-0.178	0.145	0.109	0.029	0.003	-0.012	
0.042	0.045	0.110	0.005	0.005	-0.000	
0.223	-0.040	0.362	0.013	-0.023	-0.012	
-0.038	0.241	-0.133	0.025	-0.007	0.004	
-0.268	0.338	0.295	0.058	0.047	0.005	
-0.078	0.166	-0.432	0.023	-0.009	-0.004	
-0.488	0.252	-0.003	0.038	0.045	0.001	
0.022	0.279	0.326	0.021	-0.015	-0.004	
-0.287	-0.005	0.101	0.013	0.013	-0.004	
-0.198	0.150	-0.181	0.045	0.013	0.010	
0.093	-0.219	-0.175	0.001	-0.006	-0.022	
0.063	-0.306	0.016	-0.007	-0.020	-0.014	
0.152	0.289	-0.274	0.033	-0.025	-0.008	
-0.329	0.515	0.142	0.050	0.051	0.017	
0.022	0.063	-0.060	0.007	-0.011	-0.012	
0.072	0.244	0.007	-0.007	0.021	0.006	
-0.078	0.303	0.006	0.031	0.033	-0.001	
-0.198	0.033	0.011	0.005	0.001	0.000	
-0.318	0.128	0.329	-0.001	0.039	0.005	
-0.078	0.039	-0.250	-0.009	0.009	-0.004	
-0.088	0.132	-0.081	0.035	0.009	0.014	
-0.158	0.056	0.160	-0.001	0.023	-0.002	
-0.177	-0.095	0.103	-0.011	0.021	-0.004	
-0.258	0.302	-0.074	0.028	0.041	0.007	
-0.037	-0.015	0.071	0.005	0.011	0.006	
-0.028	0.063	-0.030	0.023	0.009	-0.000	
0.032	0.341	0.445	0.007	0.035	0.009	
0.223	-0.135	0.063	-0.005	-0.029	-0.007	
0.103	-0.002	0.241	-0.003	-0.002	-0.014	
-0.047	-0.253	0.215	-0.041	0.010	-0.022	
-0.058	0.222	0.487	0.029	0.009	-0.000	
-0.008	0.082	-0.090	0.003	0.015	0.002	
0.162	0.013	-0.059	-0.005	0.027	0.010	
0.062	0.136	0.119	0.023	-0.017	0.002	
-0.138	-0.054	-0.408	-0.025	0.021	0.006	
-0.038	0.173	-0.052	0.021	-0.019	-0.002	
-0.378	0.046	-0.380	0.009	0.039	-0.001	
0.193	-0.154	0.114	-0.003	-0.017	-0.006	
-0.068	0.253	-0.043	0.033	0.013	0.006	
-0.127	-0.024	0.142	0.001	-0.001	-0.012	
-0.077	-0.176	0.064	-0.027	0.009	-0.006	
-0.027	-0.305	0.076	-0.023	0.007	-0.006	
-0.318	0.164	0.088	0.034	0.063	-0.001	
0.132	0.184	0.038	-0.005	-0.040	-0.015	
-0.127	-0.212	0.275	-0.009	0.033	0.005	
-0.137	-0.005	0.101	0.003	0.021	0.008	
-0.198	0.116	0.159	0.002	0.049	-0.001	
0.142	-0.009	-0.169	0.011	-0.031	-0.013	
0.082	0.127	0.199	0.001	-0.001	0.000	
-0.138	0.257	0.247	0.031	0.009	0.002	
0.162	0.286	0.106	-0.003	-0.011	-0.012	
-0.038	0.186	0.138	0.037	0.001	-0.002	
0.092	0.055	0.050	0.011	-0.033	0.001	
-0.327	-0.326	0.047	0.007	0.021	0.004	
0.183	-0.004	0.141	0.005	-0.007	0.000	
-0.217	-0.017	-0.009	0.003	0.027	0.006	
-0.027	-0.136	0.023	0.003	-0.013	-0.010	
0.092	0.256	0.107	0.031	-0.027	0.001	
0.032	0.402	-0.096	0.035	0.005	0.002	
-0.028	0.328	0.265	0.037	-0.015	-0.006	
0.002	0.185	0.078	0.019	-0.009	-0.006	
0.212	0.246	0.137	0.035	-0.033	-0.001	
0.274	-0.461	0.299	-0.039	-0.028	-0.025	
-0.118	0.154	0.058	0.025	-0.007	0.002	
-0.067	-0.274	0.136	-0.027	-0.003	-0.004	
-0.097	-0.423	0.228	-0.013	-0.027	-0.009	
0.113	0.007	0.161	0.009	-0.005	0.010	
0.163	-0.212	0.255	-0.007	-0.027	-0.007	
0.322	0.094	-0.011	-0.003	0.017	-0.000	
-0.218	0.234	0.037	0.039	0.009	-0.004	
0.133	-0.071	0.292	-0.013	0.011	0.004	
0.173	-0.275	0.096	-0.003	-0.007	-0.002	
0.243	-0.047	-0.088	0.001	-0.029	-0.003	
-0.038	0.443	-0.027	0.057	-0.007	0.002	
0.042	0.144	-0.001	0.023	0.013	0.004	
0.252	0.404	0.004	0.007	-0.011	-0.002	
-0.077	-0.141	0.343	-0.007	-0.004	-0.016	
0.062	0.185	0.078	0.007	-0.025	-0.012	
-0.298	0.318	0.296	0.039	0.033	-0.003	
0.323	-0.182	0.214	-0.029	-0.040	-0.011	
-0.238	0.176	0.198	0.027	0.003	-0.004	
-0.108	0.106	0.129	0.015	0.021	0.008	
0.132	0.095	0.079	0.015	0.001	-0.006	
0.042	0.179	0.288	-0.005	0.005	-0.010	
-0.148	0.167	0.228	0.011	0.009	-0.008	
-0.208	0.188	0.308	0.041	-0.007	-0.006	
-0.148	0.099	0.339	0.011	0.015	-0.000	
-0.418	0.156	0.169	0.024	-0.001	-0.008	
-0.138	0.159	0.358	0.025	0.015	0.002	
-0.088	0.380	0.385	0.043	0.003	0.004	
-0.159	0.558	0.272	0.044	0.043	0.007	
-0.017	0.019	0.321	0.019	0.017	-0.014	
-0.048	0.087	0.190	0.005	-0.029	-0.005	
-0.097	-0.083	0.193	-0.007	0.015	-0.008	
0.183	-0.212	0.225	-0.004	-0.003	-0.005	
-0.018	0.362	-0.105	0.027	0.017	0.012	
-0.258	0.068	0.290	0.014	0.047	0.005	
0.052	0.322	-0.105	0.039	-0.003	0.004	
-0.068	0.187	0.228	-0.001	0.013	-0.006	
0.062	0.487	0.183	0.043	0.009	0.016	
0.313	-0.254	0.125	-0.051	-0.020	-0.028	
-0.048	0.130	-0.181	0.021	-0.015	-0.010	
-0.007	-0.002	0.251	0.011	-0.001	-0.008	
-0.318	0.235	0.147	0.037	0.009	0.002	
-0.127	-0.108	-0.067	0.001	0.005	-0.012	
-0.228	0.207	0.248	0.041	0.005	0.004	
-0.028	0.013	-0.029	0.003	-0.001	0.000	
-0.258	0.305	0.136	0.017	0.021	-0.000	
-0.218	0.063	0.020	0.015	0.017	-0.004	
0.122	0.084	0.030	0.015	0.015	-0.008	
-0.157	-0.073	0.222	0.015	0.011	-0.014	
-0.077	-0.086	0.023	0.007	0.017	-0.004	
0.223	-0.022	0.261	-0.001	-0.017	0.002	
-0.177	-0.167	0.014	0.001	0.035	-0.003	
-0.048	0.141	-0.121	0.027	0.001	-0.012	
0.183	-0.037	-0.028	0.005	-0.035	-0.003	
0.163	-0.254	0.145	-0.015	0.008	-0.014	
0.142	0.097	0.209	-0.001	-0.008	-0.016	
-0.078	0.077	0.240	0.027	0.003	-0.002	
-0.258	0.090	-0.150	0.023	-0.009	-0.004	
0.062	0.059	0.330	0.009	-0.029	-0.005	
0.052	0.233	-0.013	0.029	0.007	0.002	
-0.007	-0.215	0.095	-0.001	-0.009	-0.006	
0.163	-0.203	0.174	-0.002	-0.001	-0.001	
-0.068	-0.006	0.021	0.009	0.009	-0.000	
-0.138	0.122	-0.051	0.017	-0.001	-0.010	
-0.128	0.087	0.210	0.029	0.011	0.004	
0.053	-0.076	0.622	-0.021	-0.017	-0.004	
0.072	0.108	0.239	0.015	0.011	-0.008	
-0.138	0.011	-0.109	0.015	-0.009	-0.008	
0.173	-0.263	0.165	-0.025	-0.015	-0.004	
0.072	0.364	0.035	0.039	-0.023	-0.004	
-0.167	-0.070	-0.188	0.015	0.003	0.008	
-0.167	-0.005	0.121	0.013	0.021	-0.002	
-0.048	0.052	-0.090	-0.002	0.043	0.007	
-0.007	-0.480	-0.221	-0.007	-0.012	-0.014	
0.113	-0.078	0.482	-0.003	0.005	-0.008	
0.012	0.015	0.111	0.029	-0.017	-0.006	
0.122	0.239	0.307	0.009	-0.023	-0.006	
0.053	-0.102	-0.317	-0.023	0.003	-0.010	
0.093	-0.367	-0.053	-0.020	-0.011	-0.007	
-0.048	0.286	0.166	0.013	0.027	-0.004	
-0.008	0.094	0.029	0.002	0.047	0.005	
-0.007	-0.024	0.131	0.013	-0.011	-0.004	
-0.118	0.371	-0.135	0.019	0.001	0.002	
0.122	0.264	0.017	0.021	-0.021	0.006	
-0.288	0.073	-0.000	0.001	0.019	0.004	
-0.237	-0.039	-0.118	0.003	0.028	-0.018	
-0.017	-0.056	0.052	0.021	0.005	-0.003	
0.023	-0.187	-0.016	-0.019	0.012	-0.018	
0.042	0.143	-0.021	0.019	-0.005	-0.004	
0.003	-0.128	-0.067	0.005	0.011	0.010	
0.062	0.033	-0.050	-0.005	-0.003	-0.002	
-0.127	-0.289	-0.134	-0.035	0.034	-0.023	
-0.078	0.390	-0.226	0.029	0.039	-0.003	
-0.208	0.286	0.156	0.008	0.043	0.007	
0.103	-0.034	0.122	-0.011	0.005	-0.008	
-0.168	0.043	0.010	0.005	0.017	-0.010	
-0.278	0.042	-0.080	0.021	0.019	0.004	
0.163	-0.276	0.006	-0.033	-0.016	-0.016	
-0.408	0.198	-0.272	0.033	0.015	-0.002	
-0.008	0.274	0.056	0.027	0.035	-0.003	
-0.017	-0.208	-0.065	-0.009	0.009	-0.012	
0.063	-0.225	0.075	-0.031	0.004	-0.018	
0.222	0.053	-0.050	0.003	-0.029	0.005	
-0.038	0.063	-0.040	0.005	-0.011	-0.004	
0.171	0.533	-0.058	0.033	0.009	0.006	
0.002	-0.030	-0.188	0.033	-0.021	-0.004	
-0.118	0.098	-0.321	0.027	-0.008	-0.018	
-0.137	-0.156	0.024	-0.003	0.029	-0.000	
-0.038	0.125	0.069	0.015	0.005	-0.004	
-0.018	0.385	0.064	0.033	0.015	0.008	
-0.288	0.099	-0.241	-0.002	0.049	0.005	
-0.037	-0.167	-0.046	-0.006	0.019	-0.003	
0.213	-0.266	0.026	-0.029	0.015	-0.000	
-0.088	0.272	-0.064	0.018	0.045	0.003	
0.062	0.086	0.110	0.021	0.021	0.004	
0.493	-0.235	0.025	-0.021	-0.032	-0.026	
-0.048	0.165	0.118	0.023	-0.027	-0.003	
0.192	0.229	0.297	0.019	0.003	0.010	
-0.138	0.174	0.048	0.023	0.007	0.012	
-0.078	-0.007	-0.029	0.015	-0.009	-0.006	
-0.098	0.227	0.207	0.007	0.023	-0.002	
-0.067	-0.133	0.193	-0.005	-0.005	0.010	
-0.167	-0.285	0.116	-0.002	0.012	-0.005	
-0.018	0.270	0.357	-0.001	0.021	-0.004	
-0.149	0.464	0.023	0.041	0.031	0.006	
0.042	0.331	0.415	0.005	-0.001	0.006	
-0.227	-0.170	-0.146	-0.005	0.029	-0.010	
-0.128	0.103	-0.031	-0.009	0.027	-0.002	
-0.038	0.046	0.140	0.013	0.028	0.008	
-0.028	0.132	-0.101	0.023	0.003	-0.002	
-0.108	0.232	-0.103	0.035	0.009	0.002	
0.022	0.036	0.130	0.003	0.017	-0.002	
-0.127	-0.174	0.164	0.023	-0.037	-0.003	
0.012	0.334	0.005	0.015	0.011	0.020	
-0.248	0.255	0.097	0.025	0.009	-0.010	
0.112	0.182	-0.112	0.005	0.009	0.002	
-0.298	0.195	0.098	0.014	0.061	-0.001	
-0.068	0.190	-0.202	0.001	-0.007	-0.006	
-0.068	0.174	0.008	0.035	-0.015	0.000	
0.343	-0.350	-0.263	-0.039	-0.011	-0.008	
-0.037	-0.016	0.041	0.001	-0.003	-0.012	
-0.137	-0.092	0.263	-0.003	0.018	-0.020	
-0.277	-0.200	0.395	-0.003	0.039	-0.001	
0.093	-0.037	0.522	-0.005	-0.005	-0.002	
-0.148	0.121	-0.131	0.017	-0.007	0.004	
0.102	0.222	-0.123	0.015	-0.007	-0.008	
-0.017	-0.059	-0.128	0.005	0.017	-0.002	
0.062	0.167	0.208	0.023	0.005	0.012	
0.033	-0.178	-0.096	-0.025	0.001	-0.008	
0.102	0.094	-0.001	0.017	-0.019	0.000	
0.002	0.111	-0.151	0.013	-0.029	-0.007	
-0.018	0.115	0.099	0.011	0.011	0.002	
-0.098	-0.052	-0.308	-0.003	0.005	0.008	
0.003	-0.283	0.206	-0.027	-0.007	-0.006	
-0.118	0.301	-0.134	0.043	0.007	0.004	
0.102	0.176	0.128	0.015	0.029	0.012	
-0.368	0.248	-0.293	0.031	0.025	0.006	
-0.007	-0.365	0.067	-0.027	0.002	-0.012	
0.002	-0.006	0.011	0.013	0.003	-0.010	
-0.388	0.062	-0.030	0.029	0.027	-0.004	
-0.268	0.248	0.277	0.019	0.033	-0.003	
-0.308	0.140	-0.151	0.018	0.043	0.003	
0.083	-0.399	-0.162	-0.029	0.016	-0.010	
-0.238	0.399	-0.236	0.029	0.029	-0.008	
-0.048	0.131	-0.151	0.015	-0.012	-0.018	
-0.067	-0.094	0.183	0.003	0.011	0.006	
0.313	-0.268	-0.105	-0.017	0.005	-0.000	
0.043	-0.265	0.056	-0.025	-0.013	-0.008	
0.053	-0.364	0.167	-0.009	-0.022	-0.016	
-0.067	-0.349	-0.143	-0.025	-0.012	-0.018	
0.233	-0.105	0.083	-0.011	0.009	-0.008	
0.053	-0.245	0.105	-0.033	-0.008	-0.010	
0.092	0.102	-0.101	0.013	0.001	-0.006	
0.053	-0.243	0.175	-0.023	0.017	-0.002	
0.032	0.132	-0.121	0.015	0.007	-0.012	
0.243	-0.098	-0.097	0.003	-0.014	-0.014	
-0.097	-0.123	0.203	0.001	-0.013	0.006	
0.032	0.136	0.129	0.023	-0.013	0.004	
-0.248	0.122	-0.041	0.035	-0.007	-0.006	
0.062	0.120	-0.211	0.017	-0.005	-0.006	
0.263	-0.246	0.015	-0.007	-0.015	0.000	
-0.158	0.287	0.206	0.001	0.015	0.014	
-0.258	0.315	0.126	0.025	0.021	-0.004	
-0.118	0.084	0.070	-0.001	-0.008	-0.018	
0.042	0.165	0.078	0.021	0.005	-0.002	
-0.208	0.103	-0.011	0.027	0.015	0.022	
0.113	-0.089	-0.178	-0.007	-0.005	0.002	
0.052	0.302	-0.094	0.035	0.001	0.010	
-0.138	0.112	-0.051	0.015	-0.003	0.014	
-0.087	-0.012	0.271	0.019	0.023	0.002	
0.073	-0.243	0.195	-0.019	-0.011	-0.010	
0.033	-0.367	-0.003	-0.019	-0.028	-0.013	
0.122	0.048	0.270	0.029	-0.027	-0.003	
0.001	0.524	0.032	0.039	0.009	0.004	
-0.067	-0.035	0.082	-0.007	0.003	-0.008	
-0.137	-0.275	0.086	-0.005	-0.002	-0.014	
-0.218	-0.040	-0.188	0.015	-0.002	-0.026	
0.182	0.033	-0.030	0.003	-0.003	0.008	
0.162	0.142	-0.131	0.005	-0.005	-0.014	
-0.188	0.413	0.004	0.031	0.021	0.022	
-0.258	0.148	0.279	0.017	0.037	-0.013	
-0.108	0.205	0.108	0.013	-0.005	-0.012	
-0.178	0.336	0.185	0.031	0.007	0.004	
0.223	-0.022	0.251	-0.029	0.017	-0.008	
-0.128	0.296	0.136	0.052	0.014	-0.004	
0.001	0.667	0.180	0.061	0.001	0.008	
0.153	-0.087	-0.078	-0.013	-0.003	-0.006	
0.112	0.098	0.249	0.003	-0.017	0.004	
0.053	-0.242	0.245	-0.001	0.005	-0.006	
0.133	-0.164	0.134	-0.027	-0.003	0.004	
-0.158	0.138	0.259	0.029	0.003	-0.004	
-0.168	0.183	-0.012	0.025	0.005	-0.000	
0.032	0.056	0.120	-0.019	0.013	-0.002	
-0.128	0.135	0.119	0.011	-0.003	0.010	
0.293	-0.216	-0.005	-0.017	-0.021	-0.008	
0.032	0.356	0.145	0.033	-0.005	0.000	
0.052	0.015	0.101	0.001	-0.017	-0.004	
-0.198	0.356	0.155	0.041	-0.005	0.000	
0.243	-0.042	0.262	-0.027	-0.023	-0.004	
0.102	0.094	-0.011	0.021	-0.017	-0.002	
-0.078	0.052	-0.080	0.007	-0.032	-0.021	
-0.038	0.375	0.065	0.029	-0.015	-0.006	
-0.008	0.148	0.239	0.017	-0.007	0.000	
0.092	0.102	-0.131	0.019	-0.021	0.004	
-0.058	0.102	-0.061	-0.001	-0.021	0.002	
0.042	0.033	-0.020	-0.013	-0.010	-0.020	
-0.028	0.215	0.077	0.001	-0.013	-0.012	
0.022	0.269	0.296	0.013	-0.003	-0.006	
0.082	0.263	-0.034	0.017	-0.005	-0.004	
-0.238	0.172	-0.042	0.003	0.021	-0.004	
-0.058	0.398	0.254	0.051	-0.005	0.000	
0.033	-0.342	0.267	-0.043	0.021	-0.004	
0.183	-0.105	0.093	-0.011	-0.024	-0.014	
-0.088	0.156	0.178	0.029	-0.005	0.008	
-0.077	-0.024	0.131	-0.011	0.006	-0.016	
-0.128	0.135	0.109	0.011	0.015	-0.002	
0.193	-0.090	0.353	-0.007	-0.041	-0.009	
0.152	0.248	-0.363	0.023	-0.019	-0.004	
0.093	-0.078	-0.118	0.007	0.007	-0.000	
-0.108	0.094	0.039	0.001	0.023	-0.004	
0.112	0.354	0.035	0.043	-0.003	0.010	
0.213	-0.221	-0.285	-0.023	-0.022	-0.016	
-0.048	0.038	0.250	0.009	-0.027	-0.009	
-0.118	0.110	-0.171	0.011	0.003	-0.002	
-0.168	-0.018	-0.079	0.031	-0.027	-0.011	
0.152	-0.029	-0.139	-0.001	-0.033	-0.007	
-0.057	-0.066	0.052	0.009	-0.023	-0.002	
0.203	-0.311	0.306	-0.019	0.027	-0.008	
-0.087	-0.026	0.031	0.015	0.005	0.010	
0.052	0.187	-0.382	0.029	-0.004	0.004	
-0.108	0.142	-0.071	0.007	-0.021	0.002	
0.092	0.046	0.160	-0.001	0.033	-0.005	
-0.318	0.107	0.259	0.021	0.037	-0.013	
0.112	0.232	-0.103	0.021	-0.021	-0.008	
0.082	0.348	0.255	0.021	-0.001	0.002	
0.013	-0.097	-0.027	-0.007	0.011	-0.006	
-0.167	-0.168	-0.066	-0.003	-0.006	-0.014	
-0.078	0.134	0.029	0.013	0.015	-0.008	
-0.258	0.081	-0.110	-0.003	0.027	-0.002	
-0.067	-0.098	-0.087	0.011	-0.023	0.008	
0.293	-0.127	-0.037	0.011	-0.027	0.005	
-0.047	-0.166	0.024	-0.001	0.005	-0.006	
-0.048	-0.017	-0.019	0.011	0.002	-0.016	
-0.418	0.453	0.023	0.042	0.047	-0.001	
-0.037	-0.127	0.003	0.007	0.001	-0.004	
0.053	-0.135	-0.497	-0.011	0.012	-0.014	
-0.018	0.332	-0.105	0.025	0.005	-0.006	
0.132	0.016	0.121	0.009	0.011	0.006	
-0.088	0.263	-0.043	0.023	0.005	0.002	
0.083	-0.352	0.227	-0.023	0.019	-0.010	
0.072	0.190	0.358	0.009	-0.005	-0.012	
0.062	0.195	0.098	0.005	-0.005	0.006	
-0.037	-0.058	-0.108	0.014	-0.022	-0.010	
0.253	-0.262	0.235	-0.021	-0.008	-0.020	
-0.078	-0.051	-0.268	-0.019	0.015	-0.010	
0.022	0.273	-0.044	0.017	-0.011	0.002	
-0.108	0.275	0.126	0.019	0.024	-0.016	
-0.378	0.003	0.021	0.025	0.021	0.002	
-0.288	0.206	0.208	0.021	0.007	-0.010	
-0.157	-0.048	-0.058	-0.011	0.024	-0.024	
-0.027	-0.339	-0.153	-0.027	-0.013	0.000	
-0.447	-0.366	0.087	-0.031	0.023	-0.008	
-0.079	0.627	0.190	0.014	0.049	0.005	
-0.398	0.042	-0.050	0.011	0.035	-0.009	
-0.048	0.156	0.128	0.019	-0.008	-0.016	
-0.438	0.161	-0.082	0.031	0.029	-0.004	
-0.118	0.275	0.106	0.035	0.015	-0.002	
0.113	0.007	0.211	-0.003	-0.003	-0.010	
-0.107	-0.085	0.683	-0.028	0.041	-0.003	
0.382	0.292	-0.124	0.007	-0.046	-0.019	
0.073	-0.056	0.022	-0.001	-0.017	-0.006	
0.163	-0.105	0.063	-0.003	-0.029	-0.007	
-0.208	0.309	-0.254	0.051	-0.001	0.002	
-0.088	0.085	0.090	-0.009	0.007	-0.004	
0.113	-0.398	-0.122	-0.033	0.002	-0.010	
-0.208	0.436	0.144	0.021	0.029	-0.010	
0.032	0.020	-0.189	0.003	-0.001	0.010	
-0.138	-0.018	-0.079	0.023	0.003	-0.000	
-0.078	0.136	-0.421	0.015	-0.003	-0.010	
-0.378	0.266	0.177	0.014	0.051	0.003	
-0.118	0.311	-0.114	0.027	0.011	0.002	
-0.008	0.029	-0.239	0.003	0.009	-0.004	
-0.149	0.461	-0.117	0.041	0.015	0.008	
-0.377	-0.238	-0.065	-0.009	-0.007	-0.010	
-0.098	-0.030	-0.168	-0.009	0.015	-0.010	
-0.278	0.201	-0.122	0.011	0.037	0.001	
-0.138	-0.003	-0.369	0.013	0.013	0.006	
0.072	0.312	-0.094	0.007	0.023	0.006	
0.042	0.160	-0.202	0.011	0.009	-0.002	
0.032	0.070	-0.230	-0.001	0.025	-0.000	
0.283	-0.076	0.022	-0.011	0.003	-0.010	
-0.088	0.242	-0.093	0.017	0.023	-0.002	
-0.187	-0.121	-0.227	0.013	0.007	-0.002	
-0.218	-0.003	-0.339	-0.011	-0.005	0.002	
0.002	0.191	-0.122	0.011	0.009	0.004	
-0.197	-0.122	-0.277	-0.001	0.019	-0.006	
0.142	0.347	0.195	0.037	0.025	0.002	
-0.198	0.421	-0.116	0.031	0.025	-0.000	
-0.317	-0.099	-0.127	0.011	-0.003	-0.004	
-0.078	0.102	-0.081	0.019	0.021	-0.000	
-0.008	0.078	-0.330	0.019	-0.015	0.002	
-0.267	-0.036	0.072	-0.019	0.003	0.000	
-0.008	0.280	-0.214	0.035	0.001	0.010	
-0.058	0.229	-0.283	0.011	0.013	0.018	
-0.158	0.210	-0.183	0.041	-0.013	0.004	
-0.128	0.108	-0.321	0.039	-0.001	0.006	
-0.267	-0.077	0.032	0.019	0.042	0.007	
-0.128	0.072	-0.060	0.005	0.007	0.006	
0.022	0.201	-0.122	0.015	-0.001	0.004	
0.063	-0.167	-0.056	-0.001	-0.001	-0.004	
0.112	0.102	-0.101	0.009	-0.011	-0.010	
-0.438	-0.025	-0.418	0.025	0.009	-0.006	
-0.057	-0.249	-0.145	0.005	-0.003	0.004	
0.023	-0.286	0.056	-0.007	-0.001	-0.010	
-0.168	0.018	-0.329	0.029	-0.013	0.000	
-0.198	0.070	-0.180	0.007	0.017	-0.002	
-0.137	-0.060	-0.188	0.001	0.005	-0.012	
0.102	0.052	-0.110	0.015	-0.023	-0.004	
-0.098	0.106	0.149	0.013	-0.007	-0.008	
0.012	0.182	-0.102	0.017	0.039	0.025	
0.102	0.271	0.396	0.029	0.011	0.012	
-0.318	0.114	0.039	0.018	0.016	0.008	
-0.077	-0.342	-0.313	-0.019	0.001	-0.004	
-0.268	-0.051	-0.228	-0.017	0.015	-0.008	
0.013	-0.055	0.072	0.003	0.006	-0.018	
0.122	0.171	-0.142	0.019	-0.019	0.008	
-0.058	0.312	-0.064	0.005	0.039	0.011	
0.052	0.004	0.021	-0.001	0.008	-0.016	
-0.338	-0.010	-0.189	0.013	0.012	-0.016	
0.062	0.013	-0.049	0.023	-0.039	-0.013	
0.052	0.328	-0.325	0.001	-0.014	-0.014	
0.072	0.267	0.206	0.017	0.017	-0.000	
0.002	0.124	0.039	-0.001	0.013	0.002	
0.523	-0.163	0.144	-0.027	0.010	-0.010	
0.022	0.115	0.069	0.005	-0.009	-0.010	
-0.308	-0.017	-0.019	0.011	0.023	0.006	
-0.038	0.219	-0.243	-0.003	0.021	0.010	
-0.067	-0.244	0.135	-0.029	0.010	-0.012	
-0.008	0.183	-0.022	0.009	0.001	-0.008	
-0.238	0.455	0.123	0.053	0.027	-0.000	
-0.037	-0.207	-0.045	-0.011	0.008	-0.012	
-0.027	-0.120	-0.187	-0.003	-0.001	-0.011	
-0.047	-0.132	-0.327	-0.005	0.009	-0.012	
-0.218	0.385	0.105	0.026	0.042	0.009	
-0.027	-0.084	0.132	0.007	0.017	0.002	
-0.248	0.081	-0.130	0.017	0.009	-0.000	
0.262	0.332	-0.125	0.017	-0.013	0.004	
0.073	-0.099	-0.127	-0.015	0.008	-0.012	
-0.228	0.020	-0.179	0.009	0.016	-0.018	
-0.048	0.111	-0.141	0.009	-0.007	-0.006	
-0.247	-0.328	-0.043	-0.005	0.003	-0.004	
0.122	-0.054	-0.428	-0.003	-0.013	-0.008	
0.092	0.104	-0.001	-0.005	0.001	0.002	
0.223	-0.106	-0.017	-0.039	-0.012	-0.026	
0.172	0.083	-0.030	-0.017	0.015	-0.010	
-0.107	-0.134	0.153	0.005	0.029	-0.006	
0.102	0.191	-0.152	0.015	-0.011	-0.010	
0.003	-0.069	-0.118	0.013	0.005	-0.008	
-0.358	0.325	0.136	0.033	0.023	-0.016	
0.103	-0.314	-0.444	-0.019	-0.007	-0.008	
0.113	-0.154	0.104	-0.003	-0.015	-0.010	
-0.208	0.387	0.215	0.031	0.005	-0.004	
-0.008	0.436	0.164	0.028	0.002	0.000	
0.293	-0.230	-0.245	-0.037	0.013	-0.006	
0.043	-0.108	-0.067	-0.005	0.015	-0.004	
-0.048	0.335	-0.485	0.021	0.011	0.012	
-0.349	0.507	0.243	0.038	0.065	-0.001	
-0.319	0.508	-0.278	0.042	0.063	0.013	
-0.048	-0.013	-0.379	-0.009	0.015	-0.000	
-0.018	0.041	-0.120	0.003	0.013	-0.002	
