3.464	10392.305	3464.102	
3.464	10392.305	3464.102	
3.464	10392.305	3464.102	
3.464	10392.305	3464.102	
3.464	10392.305	3464.102	
3.464	10392.305	3464.102	
3.464	10392.305	3464.102	
3.464	10392.305	3464.102	
3.464	10392.305	3464.102	
3.464	10392.305	3464.102	
3.464	10392.305	3464.102	
3.464	10392.305	3464.102	
3.464	10392.305	3464.102	
3.464	10392.305	3464.102	
3.464	10392.305	3464.102	
3.464	10392.305	3464.102	
3.464	10392.305	3464.102	
3.464	10392.305	3464.102	
3.464	10392.305	3464.102	
3.464	10392.305	3464.102	
3.464	10392.305	3464.102	
3.464	10392.305	3464.102	
3.464	10392.305	3464.102	
3.464	10392.305	3464.102	
3.464	10392.305	3464.102	
3.464	10392.305	3464.102	
3.464	10392.305	3464.102	
3.464	10392.305	3464.102	
3.464	10392.305	3464.102	
3.464	10392.305	3464.102	
3.464	10392.305	3464.102	
3.464	10392.305	3464.102	
3.464	10392.305	3464.102	
3.464	10392.305	3464.102	
3.464	10392.305	3464.102	
3.464	10392.305	3464.102	
3.464	10392.305	3464.102	
3.464	10392.305	3464.102	
3.464	10392.305	3464.102	
3.464	10392.305	3464.102	
3.464	10392.305	3464.102	
3.464	10392.305	3464.102	
3.464	10392.305	3464.102	
3.464	10392.305	3464.102	
3.464	10392.305	3464.102	
3.464	10392.305	3464.102	
3.464	10392.305	3464.102	
3.464	10392.305	3464.102	
3.464	10392.305	3464.102	
3.464	10392.305	3464.102	
3.464	10392.305	3464.102	
3.464	10392.305	3464.102	
3.464	10392.305	3464.102	
3.464	10392.305	3464.102	
3.464	10392.305	3464.102	
3.464	10392.305	3464.102	
3.464	10392.305	3464.102	
3.464	10392.305	3464.102	
3.464	10392.305	3464.102	
3.464	10392.305	3464.102	
3.464	10392.305	3464.102	
3.464	10392.305	3464.102	
3.464	10392.305	3464.102	
3.464	10392.305	3464.102	
3.464	10392.305	3464.102	
3.464	10392.305	3464.102	
3.464	10392.305	3464.102	
3.464	10392.305	3464.102	
3.464	10392.305	3464.102	
3.464	10392.305	3464.102	
3.464	10392.305	3464.102	
3.464	10392.305	3464.102	
3.464	10392.305	3464.102	
3.464	10392.305	3464.102	
3.464	10392.305	3464.102	
3.464	10392.305	3464.102	
3.464	10392.305	3464.102	
3.464	10392.305	3464.102	
3.464	10392.305	3464.102	
3.464	10392.305	3464.102	
3.464	10392.305	3464.102	
3.464	10392.305	3464.102	
3.464	10392.305	3464.102	
3.464	10392.305	3464.102	
3.464	10392.305	3464.102	
3.464	10392.305	3464.102	
3.464	10392.305	3464.102	
3.464	10392.305	3464.102	
3.464	10392.305	3464.102	
3.464	10392.305	3464.102	
3.464	10392.305	3464.102	
3.464	10392.305	3464.102	
3.464	10392.305	3464.102	
3.464	10392.305	3464.102	
3.464	10392.305	3464.102	
3.464	10392.305	3464.102	
3.464	10392.305	3464.102	
3.464	10392.305	3464.102	
3.464	10392.305	3464.102	
3.464	10392.305	3464.102	
3.464	10392.305	3464.102	
3.464	10392.305	3464.102	
3.464	10392.305	3464.102	
3.464	10392.305	3464.102	
3.464	10392.305	3464.102	
3.464	10392.305	3464.102	
3.464	10392.305	3464.102	
3.464	10392.305	3464.102	
3.464	10392.305	3464.102	
3.464	10392.305	3464.102	
3.464	10392.305	3464.102	
3.464	10392.305	3464.102	
3.464	10392.305	3464.102	
3.464	10392.305	3464.102	
3.464	10392.305	3464.102	
3.464	10392.305	3464.102	
3.464	10392.305	3464.102	
3.464	10392.305	3464.102	
3.464	10392.305	3464.102	
3.464	10392.305	3464.102	
3.464	10392.305	3464.102	
3.464	10392.305	3464.102	
3.464	10392.305	3464.102	
3.464	10392.305	3464.102	
3.464	10392.305	3464.102	
3.464	10392.305	3464.102	
3.464	10392.305	3464.102	
3.464	10392.305	3464.102	
3.464	10392.305	3464.102	
3.464	10392.305	3464.102	
3.464	10392.305	3464.102	
3.464	10392.305	3464.102	
3.464	10392.305	3464.102	
3.464	10392.305	3464.102	
3.464	10392.305	3464.102	
3.464	10392.305	3464.102	
3.464	10392.305	3464.102	
3.464	10392.305	3464.102	
3.464	10392.305	3464.102	
3.464	10392.305	3464.102	
3.464	10392.305	3464.102	
3.464	10392.305	3464.102	
3.464	10392.305	3464.102	
3.464	10392.305	3464.102	
3.464	10392.305	3464.102	
3.464	10392.305	3464.102	
3.464	10392.305	3464.102	
3.464	10392.305	3464.102	
3.464	10392.305	3464.102	
3.464	10392.305	3464.102	
3.464	10392.305	3464.102	
3.464	10392.305	3464.102	
3.464	10392.305	3464.102	
3.464	10392.305	3464.102	
3.464	10392.305	3464.102	
3.464	10392.305	3464.102	
3.464	10392.305	3464.102	
3.464	10392.305	3464.102	
3.464	10392.305	3464.102	
3.464	10392.305	3464.102	
3.464	10392.305	3464.102	
3.464	10392.305	3464.102	
3.464	10392.305	3464.102	
3.464	10392.305	3464.102	
3.464	10392.305	3464.102	
3.464	10392.305	3464.102	
3.464	10392.305	3464.102	
3.464	10392.305	3464.102	
3.464	10392.305	3464.102	
3.464	10392.305	3464.102	
3.464	10392.305	3464.102	
3.464	10392.305	3464.102	
3.464	10392.305	3464.102	
3.464	10392.305	3464.102	
3.464	10392.305	3464.102	
3.464	10392.305	3464.102	
3.464	10392.305	3464.102	
3.464	10392.305	3464.102	
3.464	10392.305	3464.102	
3.464	10392.305	3464.102	
3.464	10392.305	3464.102	
3.464	10392.305	3464.102	
3.464	10392.305	3464.102	
3.464	10392.305	3464.102	
3.464	10392.305	3464.102	
3.464	10392.305	3464.102	
3.464	10392.305	3464.102	
3.464	10392.305	3464.102	
3.464	10392.305	3464.102	
3.464	10392.305	3464.102	
3.464	10392.305	3464.102	
3.464	10392.305	3464.102	
3.464	10392.305	3464.102	
3.464	10392.305	3464.102	
3.464	10392.305	3464.102	
3.464	10392.305	3464.102	
3.464	10392.305	3464.102	
3.464	10392.305	3464.102	
3.464	10392.305	3464.102	
3.464	10392.305	3464.102	
3.464	10392.305	3464.102	
3.464	10392.305	3464.102	
3.464	10392.305	3464.102	
3.464	10392.305	3464.102	
3.464	10392.305	3464.102	
3.464	10392.305	3464.102	
3.464	10392.305	3464.102	
3.464	10392.305	3464.102	
3.464	10392.305	3464.102	
3.464	10392.305	3464.102	
3.464	10392.305	3464.102	
3.464	10392.305	3464.102	
3.464	10392.305	3464.102	
3.464	10392.305	3464.102	
3.464	10392.305	3464.102	
3.464	10392.305	3464.102	
3.464	10392.305	3464.102	
3.464	10392.305	3464.102	
3.464	10392.305	3464.102	
3.464	10392.305	3464.102	
3.464	10392.305	3464.102	
3.464	10392.305	3464.102	
3.464	10392.305	3464.102	
3.464	10392.305	3464.102	
3.464	10392.305	3464.102	
3.464	10392.305	3464.102	
3.464	10392.305	3464.102	
3.464	10392.305	3464.102	
3.464	10392.305	3464.102	
3.464	10392.305	3464.102	
3.464	10392.305	3464.102	
3.464	10392.305	3464.102	
3.464	10392.305	3464.102	
3.464	10392.305	3464.102	
3.464	10392.305	3464.102	
3.464	10392.305	3464.102	
3.464	10392.305	3464.102	
3.464	10392.305	3464.102	
3.464	10392.305	3464.102	
3.464	10392.305	3464.102	
3.464	10392.305	3464.102	
3.464	10392.305	3464.102	
3.464	10392.305	3464.102	
3.464	10392.305	3464.102	
3.464	10392.305	3464.102	
3.464	10392.305	3464.102	
3.464	10392.305	3464.102	
3.464	10392.305	3464.102	
3.464	10392.305	3464.102	
3.464	10392.305	3464.102	
3.464	10392.305	3464.102	
3.464	10392.305	3464.102	
3.464	10392.305	3464.102	
3.464	10392.305	3464.102	
3.464	10392.305	3464.102	
3.464	10392.305	3464.102	
3.464	10392.305	3464.102	
3.464	10392.305	3464.102	
3.464	10392.305	3464.102	
3.464	10392.305	3464.102	
3.464	10392.305	3464.102	
3.464	10392.305	3464.102	
3.464	10392.305	3464.102	
3.464	10392.305	3464.102	
3.464	10392.305	3464.102	
3.464	10392.305	3464.102	
3.464	10392.305	3464.102	
3.464	10392.305	3464.102	
3.464	10392.305	3464.102	
3.464	10392.305	3464.102	
3.464	10392.305	3464.102	
3.464	10392.305	3464.102	
3.464	10392.305	3464.102	
3.464	10392.305	3464.102	
3.464	10392.305	3464.102	
3.464	10392.305	3464.102	
3.464	10392.305	3464.102	
3.464	10392.305	3464.102	
3.464	10392.305	3464.102	
3.464	10392.305	3464.102	
3.464	10392.305	3464.102	
3.464	10392.305	3464.102	
3.464	10392.305	3464.102	
3.464	10392.305	3464.102	
3.464	10392.305	3464.102	
3.464	10392.305	3464.102	
3.464	10392.305	3464.102	
3.464	10392.305	3464.102	
3.464	10392.305	3464.102	
3.464	10392.305	3464.102	
3.464	10392.305	3464.102	
3.464	10392.305	3464.102	
3.464	10392.305	3464.102	
3.464	10392.305	3464.102	
3.464	10392.305	3464.102	
3.464	10392.305	3464.102	
3.464	10392.305	3464.102	
3.464	10392.305	3464.102	
3.464	10392.305	3464.102	
3.464	10392.305	3464.102	
3.464	10392.305	3464.102	
3.464	10392.305	3464.102	
3.464	10392.305	3464.102	
3.464	10392.305	3464.102	
3.464	10392.305	3464.102	
3.464	10392.305	3464.102	
3.464	10392.305	3464.102	
3.464	10392.305	3464.102	
3.464	10392.305	3464.102	
3.464	10392.305	3464.102	
3.464	10392.305	3464.102	
3.464	10392.305	3464.102	
3.464	10392.305	3464.102	
3.464	10392.305	3464.102	
3.464	10392.305	3464.102	
3.464	10392.305	3464.102	
3.464	10392.305	3464.102	
3.464	10392.305	3464.102	
3.464	10392.305	3464.102	
3.464	10392.305	3464.102	
3.464	10392.305	3464.102	
3.464	10392.305	3464.102	
3.464	10392.305	3464.102	
3.464	10392.305	3464.102	
3.464	10392.305	3464.102	
3.464	10392.305	3464.102	
3.464	10392.305	3464.102	
3.464	10392.305	3464.102	
3.464	10392.305	3464.102	
3.464	10392.305	3464.102	
3.464	10392.305	3464.102	
3.464	10392.305	3464.102	
3.464	10392.305	3464.102	
3.464	10392.305	3464.102	
3.464	10392.305	3464.102	
3.464	10392.305	3464.102	
3.464	10392.305	3464.102	
3.464	10392.305	3464.102	
3.464	10392.305	3464.102	
3.464	10392.305	3464.102	
3.464	10392.305	3464.102	
3.464	10392.305	3464.102	
3.464	10392.305	3464.102	
3.464	10392.305	3464.102	
3.464	10392.305	3464.102	
3.464	10392.305	3464.102	
3.464	10392.305	3464.102	
3.464	10392.305	3464.102	
3.464	10392.305	3464.102	
3.464	10392.305	3464.102	
3.464	10392.305	3464.102	
3.464	10392.305	3464.102	
3.464	10392.305	3464.102	
3.464	10392.305	3464.102	
3.464	10392.305	3464.102	
3.464	10392.305	3464.102	
3.464	10392.305	3464.102	
3.464	10392.305	3464.102	
3.464	10392.305	3464.102	
3.464	10392.305	3464.102	
3.464	10392.305	3464.102	
3.464	10392.305	3464.102	
3.464	10392.305	3464.102	
3.464	10392.305	3464.102	
3.464	10392.305	3464.102	
3.464	10392.305	3464.102	
3.464	10392.305	3464.102	
3.464	10392.305	3464.102	
3.464	10392.305	3464.102	
3.464	10392.305	3464.102	
3.464	10392.305	3464.102	
3.464	10392.305	3464.102	
3.464	10392.305	3464.102	
3.464	10392.305	3464.102	
3.464	10392.305	3464.102	
3.464	10392.305	3464.102	
3.464	10392.305	3464.102	
3.464	10392.305	3464.102	
3.464	10392.305	3464.102	
3.464	10392.305	3464.102	
3.464	10392.305	3464.102	
3.464	10392.305	3464.102	
3.464	10392.305	3464.102	
3.464	10392.305	3464.102	
3.464	10392.305	3464.102	
3.464	10392.305	3464.102	
3.464	10392.305	3464.102	
3.464	10392.305	3464.102	
3.464	10392.305	3464.102	
3.464	10392.305	3464.102	
3.464	10392.305	3464.102	
3.464	10392.305	3464.102	
3.464	10392.305	3464.102	
3.464	10392.305	3464.102	
3.464	10392.305	3464.102	
3.464	10392.305	3464.102	
3.464	10392.305	3464.102	
3.464	10392.305	3464.102	
3.464	10392.305	3464.102	
3.464	10392.305	3464.102	
3.464	10392.305	3464.102	
3.464	10392.305	3464.102	
3.464	10392.305	3464.102	
3.464	10392.305	3464.102	
3.464	10392.305	3464.102	
3.464	10392.305	3464.102	
3.464	10392.305	3464.102	
3.464	10392.305	3464.102	
3.464	10392.305	3464.102	
3.464	10392.305	3464.102	
3.464	10392.305	3464.102	
3.464	10392.305	3464.102	
3.464	10392.305	3464.102	
3.464	10392.305	3464.102	
3.464	10392.305	3464.102	
3.464	10392.305	3464.102	
3.464	10392.305	3464.102	
3.464	10392.305	3464.102	
3.464	10392.305	3464.102	
3.464	10392.305	3464.102	
3.464	10392.305	3464.102	
3.464	10392.305	3464.102	
3.464	10392.305	3464.102	
3.464	10392.305	3464.102	
3.464	10392.305	3464.102	
3.464	10392.305	3464.102	
3.464	10392.305	3464.102	
3.464	10392.305	3464.102	
3.464	10392.305	3464.102	
3.464	10392.305	3464.102	
3.464	10392.305	3464.102	
3.464	10392.305	3464.102	
3.464	10392.305	3464.102	
3.464	10392.305	3464.102	
3.464	10392.305	3464.102	
3.464	10392.305	3464.102	
3.464	10392.305	3464.102	
3.464	10392.305	3464.102	
3.464	10392.305	3464.102	
3.464	10392.305	3464.102	
3.464	10392.305	3464.102	
3.464	10392.305	3464.102	
3.464	10392.305	3464.102	
3.464	10392.305	3464.102	
3.464	10392.305	3464.102	
3.464	10392.305	3464.102	
3.464	10392.305	3464.102	
3.464	10392.305	3464.102	
3.464	10392.305	3464.102	
3.464	10392.305	3464.102	
3.464	10392.305	3464.102	
3.464	10392.305	3464.102	
3.464	10392.305	3464.102	
3.464	10392.305	3464.102	
3.464	10392.305	3464.102	
3.464	10392.305	3464.102	
3.464	10392.305	3464.102	
3.464	10392.305	3464.102	
3.464	10392.305	3464.102	
3.464	10392.305	3464.102	
3.464	10392.305	3464.102	
3.464	10392.305	3464.102	
3.464	10392.305	3464.102	
3.464	10392.305	3464.102	
3.464	10392.305	3464.102	
3.464	10392.305	3464.102	
3.464	10392.305	3464.102	
3.464	10392.305	3464.102	
3.464	10392.305	3464.102	
3.464	10392.305	3464.102	
3.464	10392.305	3464.102	
3.464	10392.305	3464.102	
3.464	10392.305	3464.102	
3.464	10392.305	3464.102	
3.464	10392.305	3464.102	
3.464	10392.305	3464.102	
3.464	10392.305	3464.102	
3.464	10392.305	3464.102	
3.464	10392.305	3464.102	
3.464	10392.305	3464.102	
3.464	10392.305	3464.102	
3.464	10392.305	3464.102	
3.464	10392.305	3464.102	
3.464	10392.305	3464.102	
3.464	10392.305	3464.102	
3.464	10392.305	3464.102	
3.464	10392.305	3464.102	
3.464	10392.305	3464.102	
3.464	10392.305	3464.102	
3.464	10392.305	3464.102	
3.464	10392.305	3464.102	
3.464	10392.305	3464.102	
3.464	10392.305	3464.102	
3.464	10392.305	3464.102	
3.464	10392.305	3464.102	
3.464	10392.305	3464.102	
3.464	10392.305	3464.102	
3.464	10392.305	3464.102	
3.464	10392.305	3464.102	
3.464	10392.305	3464.102	
3.464	10392.305	3464.102	
3.464	10392.305	3464.102	
3.464	10392.305	3464.102	
3.464	10392.305	3464.102	
3.464	10392.305	3464.102	
3.464	10392.305	3464.102	
3.464	10392.305	3464.102	
3.464	10392.305	3464.102	
3.464	10392.305	3464.102	
3.464	10392.305	3464.102	
3.464	10392.305	3464.102	
3.464	10392.305	3464.102	
3.464	10392.305	3464.102	
3.464	10392.305	3464.102	
3.464	10392.305	3464.102	
3.464	10392.305	3464.102	
3.464	10392.305	3464.102	
3.464	10392.305	3464.102	
3.464	10392.305	3464.102	
3.464	10392.305	3464.102	
3.464	10392.305	3464.102	
3.464	10392.305	3464.102	
3.464	10392.305	3464.102	
3.464	10392.305	3464.102	
3.464	10392.305	3464.102	
3.464	10392.305	3464.102	
3.464	10392.305	3464.102	
3.464	10392.305	3464.102	
3.464	10392.305	3464.102	
3.464	10392.305	3464.102	
3.464	10392.305	3464.102	
3.464	10392.305	3464.102	
3.464	10392.305	3464.102	
3.464	10392.305	3464.102	
3.464	10392.305	3464.102	
3.464	10392.305	3464.102	
3.464	10392.305	3464.102	
3.464	10392.305	3464.102	
3.464	10392.305	3464.102	
3.464	10392.305	3464.102	
3.464	10392.305	3464.102	
3.464	10392.305	3464.102	
3.464	10392.305	3464.102	
3.464	10392.305	3464.102	
3.464	10392.305	3464.102	
3.464	10392.305	3464.102	
3.464	10392.305	3464.102	
3.464	10392.305	3464.102	
3.464	10392.305	3464.102	
3.464	10392.305	3464.102	
3.464	10392.305	3464.102	
3.464	10392.305	3464.102	
2.872	8845.903	2828.427	
5.745	9848.858	2828.427	
2.872	8845.903	2828.427	
2.933	8520.675	2828.427	
2.872	8845.903	2828.427	
2.872	8845.903	2828.427	
3.055	8563.382	2828.427	
2.872	8845.903	2828.427	
2.872	8845.903	2828.427	
5.745	9848.858	2828.427	
2.872	8845.903	2828.427	
5.745	9848.858	2828.427	
2.872	8845.903	2828.427	
5.745	26400.758	2828.427	
2.872	8845.903	2828.427	
2.872	8845.903	2828.427	
2.872	8845.903	2828.427	
5.745	9848.858	2828.427	
5.745	9848.858	2828.427	
5.745	9848.858	2828.427	
5.745	9848.858	2828.427	
5.745	9848.858	2828.427	
5.745	9848.858	2828.427	
5.745	9848.858	2828.427	
2.872	8845.903	2828.427	
5.745	9848.858	2828.427	
5.745	9848.858	2828.427	
5.745	9848.858	2828.427	
2.872	8500.000	2828.427	
5.745	18995.465	2828.427	
2.872	8845.903	2828.427	
2.872	8845.903	2828.427	
2.872	8845.903	2828.427	
5.745	9848.858	2828.427	
5.745	9848.858	2828.427	
2.872	8500.000	2828.427	
2.872	8845.903	2828.427	
5.745	9848.858	2828.427	
5.745	14624.997	2828.427	
5.745	9848.858	2828.427	
5.745	9848.858	2828.427	
5.745	26400.758	2828.427	
5.745	9848.858	2828.427	
5.745	9848.858	2828.427	
2.872	8845.903	2828.427	
5.745	9848.858	2828.427	
5.745	9848.858	2828.427	
5.745	9848.858	2828.427	
5.745	9848.858	2828.427	
2.872	8690.813	2828.427	
5.745	9848.858	2828.427	
2.872	8845.903	2828.427	
5.745	9848.858	2828.427	
2.872	8845.903	2828.427	
2.872	8500.000	2828.427	
2.872	8845.903	2828.427	
2.872	8845.903	2828.427	
2.872	8845.903	2828.427	
2.872	8500.000	2828.427	
5.745	9848.858	2828.427	
2.872	8845.903	2828.427	
2.872	8845.903	2828.427	
2.872	8845.903	2828.427	
2.872	8500.000	2828.427	
5.745	9848.858	2828.427	
5.745	9848.858	2828.427	
5.745	9848.858	2828.427	
5.745	9848.858	2828.427	
2.872	8845.903	2828.427	
2.872	8500.000	2828.427	
2.872	8845.903	2828.427	
5.745	9848.858	2828.427	
5.745	9848.858	2828.427	
5.745	9848.858	2828.427	
5.745	9848.858	2828.427	
2.872	8845.903	2828.427	
2.872	8845.903	2828.427	
2.872	8500.132	2828.427	
5.745	9848.858	2828.427	
5.745	9848.858	2828.427	
2.872	8582.837	2828.427	
2.998	8551.377	2828.427	
2.872	8558.980	2828.427	
2.872	8526.312	2828.427	
2.872	8845.903	2828.427	
5.745	9848.858	2828.427	
5.745	9848.858	2828.427	
2.872	8582.194	2828.427	
5.745	9848.858	2828.427	
2.872	8845.903	2828.427	
2.872	8845.903	2828.427	
2.872	8845.903	2828.427	
2.872	8845.903	2828.427	
2.872	8530.392	2828.427	
2.872	8845.903	2828.427	
5.745	9848.858	2828.427	
2.872	8845.903	2828.427	
2.872	8845.903	2828.427	
2.872	8845.903	2828.427	
2.944	8524.340	2828.427	
2.872	8845.903	2828.427	
5.745	9848.858	2828.427	
5.745	9848.858	2828.427	
2.872	8845.903	2828.427	
5.745	9848.858	2828.427	
2.872	8510.112	2828.427	
2.872	8845.903	2828.427	
2.872	8845.903	2828.427	
2.872	8845.903	2828.427	
2.872	8845.903	2828.427	
2.872	8845.903	2828.427	
2.872	8500.000	2828.427	
2.872	8845.903	2828.427	
2.872	8845.903	2828.427	
2.872	8842.337	2828.427	
2.872	8845.903	2828.427	
2.872	8845.903	2828.427	
2.872	8845.903	2828.427	
5.745	9848.858	2828.427	
2.872	8845.903	2828.427	
2.872	8845.903	2828.427	
5.745	9848.858	2828.427	
5.745	9848.858	2828.427	
2.872	8845.903	2828.427	
2.872	8845.903	2828.427	
2.872	8845.903	2828.427	
5.745	9848.858	2828.427	
5.745	9848.858	2828.427	
2.872	8845.903	2828.427	
5.745	9848.858	2828.427	
5.745	9848.858	2828.427	
2.872	8845.903	2828.427	
2.872	8845.903	2828.427	
2.872	8845.903	2828.427	
5.745	9848.858	2828.427	
2.872	8616.408	2828.427	
5.745	9848.858	2828.427	
2.872	8845.903	2828.427	
2.872	8515.270	2828.427	
2.872	8845.903	2828.427	
5.745	9848.858	2828.427	
2.872	8845.903	2828.427	
5.745	9848.858	2828.427	
5.745	9848.858	2828.427	
5.745	9848.858	2828.427	
2.872	8845.903	2828.427	
2.872	8845.903	2828.427	
5.745	9848.858	2828.427	
2.872	8845.903	2828.427	
2.872	8845.903	2828.427	
2.872	8845.903	2828.427	
5.745	9848.858	2828.427	
5.745	9848.858	2828.427	
5.745	9848.858	2828.427	
5.745	9848.858	2828.427	
5.745	9848.858	2828.427	
2.872	8845.903	2828.427	
5.745	9848.858	2828.427	
2.872	8845.903	2828.427	
5.745	9848.858	2828.427	
5.745	9848.858	2828.427	
2.872	8537.119	2828.427	
2.872	8845.903	2828.427	
5.745	9848.858	2828.427	
2.872	8845.903	2828.427	
5.745	9848.858	2828.427	
5.745	9848.858	2828.427	
2.872	8845.903	2828.427	
5.745	9848.858	2828.427	
5.745	9848.858	2828.427	
5.745	9848.858	2828.427	
5.745	9848.858	2828.427	
5.745	9848.858	2828.427	
5.745	9848.858	2828.427	
5.745	9848.858	2828.427	
5.745	9848.858	2828.427	
2.872	8845.903	2828.427	
5.745	9848.858	2828.427	
2.872	8533.021	2828.427	
5.745	9848.858	2828.427	
5.745	9848.858	2828.427	
2.872	8845.903	2828.427	
5.745	9848.858	2828.427	
2.872	8817.779	2828.427	
2.872	8815.809	2828.427	
2.872	8845.903	2828.427	
2.872	8562.360	2828.427	
2.872	8845.903	2828.427	
2.872	8845.903	2828.427	
5.745	9848.858	2828.427	
5.745	9848.858	2828.427	
5.745	9848.858	2828.427	
5.745	9848.858	2828.427	
2.872	8845.903	2828.427	
5.745	9848.858	2828.427	
2.872	8845.903	2828.427	
2.872	8845.903	2828.427	
5.745	9848.858	2828.427	
5.745	9848.858	2828.427	
2.872	8845.903	2828.427	
2.872	8845.903	2828.427	
2.872	8845.903	2828.427	
2.872	8845.903	2828.427	
2.872	8845.903	2828.427	
5.745	9848.858	2828.427	
5.745	9848.858	2828.427	
5.745	9848.858	2828.427	
2.872	8845.903	2828.427	
5.745	9848.858	2828.427	
2.872	8845.903	2828.427	
2.872	8639.414	2828.427	
2.872	8845.903	2828.427	
5.745	9848.858	2828.427	
5.745	9848.858	2828.427	
5.745	9848.858	2828.427	
5.745	9848.858	2828.427	
2.872	8845.903	2828.427	
5.745	9848.858	2828.427	
2.872	8845.903	2828.427	
5.745	9848.858	2828.427	
5.745	9848.858	2828.427	
2.872	8845.903	2828.427	
2.872	8845.903	2828.427	
2.872	8504.698	2828.427	
2.872	8845.903	2828.427	
5.745	9848.858	2828.427	
5.745	9848.858	2828.427	
5.745	9848.858	2828.427	
2.872	8845.903	2828.427	
2.872	8845.903	2828.427	
2.872	8599.905	2828.427	
2.872	8845.903	2828.427	
5.745	9848.858	2828.427	
5.745	9848.858	2828.427	
5.745	9848.858	2828.427	
2.872	8845.903	2828.427	
5.745	9848.858	2828.427	
5.745	9848.858	2828.427	
5.745	9848.858	2828.427	
5.745	9848.858	2828.427	
5.745	9848.858	2828.427	
5.745	9848.858	2828.427	
5.745	9848.858	2828.427	
5.745	9848.858	2828.427	
2.872	8636.549	2828.427	
2.872	8572.199	2828.427	
4.381	9121.106	2828.427	
2.872	8845.903	2828.427	
5.745	9848.858	2828.427	
5.745	9848.858	2828.427	
5.745	9848.858	2828.427	
5.745	9848.858	2828.427	
2.872	8845.903	2828.427	
2.872	8845.903	2828.427	
5.745	9848.858	2828.427	
2.872	8845.903	2828.427	
2.872	8845.903	2828.427	
5.745	9848.858	2828.427	
2.872	8845.903	2828.427	
2.872	8845.903	2828.427	
2.872	8845.903	2828.427	
5.745	9848.858	2828.427	
2.872	8845.903	2828.427	
5.745	9848.858	2828.427	
5.745	9848.858	2828.427	
2.872	8845.903	2828.427	
5.745	9848.858	2828.427	
2.872	8845.903	2828.427	
5.745	9848.858	2828.427	
2.872	8845.903	2828.427	
5.745	9848.858	2828.427	
5.745	9848.858	2828.427	
2.872	8845.903	2828.427	
5.745	9848.858	2828.427	
2.872	8524.996	2828.427	
5.745	9848.858	2828.427	
5.745	9848.858	2828.427	
5.745	9848.858	2828.427	
5.745	9848.858	2828.427	
2.872	8845.903	2828.427	
2.872	8845.903	2828.427	
2.872	8845.903	2828.427	
5.745	9848.858	2828.427	
5.745	9848.858	2828.427	
2.872	8845.903	2828.427	
2.872	8511.661	2828.427	
2.872	8845.903	2828.427	
2.872	8845.903	2828.427	
2.872	8664.903	2828.427	
2.872	8845.903	2828.427	
5.745	9848.858	2828.427	
2.872	8500.000	2828.427	
2.872	8845.903	2828.427	
2.872	8577.861	2828.427	
2.872	8845.903	2828.427	
2.872	8845.903	2828.427	
2.872	8845.903	2828.427	
2.872	8551.473	2828.427	
5.745	9848.858	2828.427	
2.872	8509.193	2828.427	
5.745	9848.858	2828.427	
5.745	9848.858	2828.427	
5.745	9848.858	2828.427	
2.872	8845.903	2828.427	
2.872	8845.903	2828.427	
5.745	9848.858	2828.427	
2.872	8845.903	2828.427	
5.745	9848.858	2828.427	
5.745	9848.858	2828.427	
5.745	9848.858	2828.427	
5.745	9848.858	2828.427	
5.745	9848.858	2828.427	
5.745	9848.858	2828.427	
2.872	8845.903	2828.427	
2.872	8525.537	2828.427	
2.872	8845.903	2828.427	
5.745	9848.858	2828.427	
2.872	8845.903	2828.427	
2.872	8845.903	2828.427	
2.872	8845.903	2828.427	
2.872	8845.903	2828.427	
2.872	8845.903	2828.427	
2.872	8845.903	2828.427	
5.745	9848.858	2828.427	
5.745	9848.858	2828.427	
2.872	8845.903	2828.427	
5.745	9848.858	2828.427	
2.872	8845.903	2828.427	
2.872	8845.903	2828.427	
2.872	8845.903	2828.427	
5.745	9848.858	2828.427	
2.872	8636.916	2828.427	
5.745	9848.858	2828.427	
2.872	8845.903	2828.427	
2.872	8845.903	2828.427	
2.872	8845.903	2828.427	
5.745	9848.858	2828.427	
5.745	9848.858	2828.427	
2.872	8628.821	2828.427	
2.872	8518.583	2828.427	
2.872	8845.903	2828.427	
2.872	8509.220	2828.427	
2.872	8845.903	2828.427	
5.745	9848.858	2828.427	
5.745	9848.858	2828.427	
5.745	9848.858	2828.427	
2.872	8845.903	2828.427	
5.745	9848.858	2828.427	
2.872	8845.903	2828.427	
2.872	8518.017	2828.427	
5.745	9848.858	2828.427	
5.745	9848.858	2828.427	
2.872	8845.903	2828.427	
2.872	8845.903	2828.427	
2.872	8845.903	2828.427	
5.745	9848.858	2828.427	
2.872	8845.903	2828.427	
2.872	8845.903	2828.427	
2.872	8845.903	2828.427	
2.872	8845.903	2828.427	
2.872	8845.903	2828.427	
2.872	8845.903	2828.427	
5.745	9848.858	2828.427	
5.745	9848.858	2828.427	
2.872	8845.903	2828.427	
2.872	8502.428	2828.427	
2.872	8845.903	2828.427	
5.745	9848.858	2828.427	
5.745	9848.858	2828.427	
2.872	8555.779	2828.427	
5.745	9848.858	2828.427	
4.088	8984.134	2828.427	
5.745	9848.858	2828.427	
5.745	9848.858	2828.427	
2.872	8845.903	2828.427	
2.872	8845.903	2828.427	
5.745	9848.858	2828.427	
5.745	9848.858	2828.427	
5.745	9848.858	2828.427	
2.872	8845.903	2828.427	
5.745	9848.858	2828.427	
5.745	9848.858	2828.427	
5.745	9848.858	2828.427	
2.872	8845.903	2828.427	
5.745	9848.858	2828.427	
5.745	9848.858	2828.427	
2.872	8845.903	2828.427	
5.745	9848.858	2828.427	
5.745	9848.858	2828.427	
5.745	9848.858	2828.427	
2.872	8845.903	2828.427	
2.872	8845.903	2828.427	
2.872	8845.903	2828.427	
2.872	8845.903	2828.427	
5.745	9848.858	2828.427	
2.872	8540.935	2828.427	
2.872	8568.643	2828.427	
5.745	9848.858	2828.427	
2.872	8845.903	2828.427	
2.872	8512.801	2828.427	
2.872	8845.903	2828.427	
2.872	8519.504	2828.427	
2.872	8845.903	2828.427	
2.872	8845.903	2828.427	
2.872	8845.903	2828.427	
2.872	8508.294	2828.427	
5.745	9848.858	2828.427	
2.872	8845.903	2828.427	
2.872	8845.903	2828.427	
2.872	8845.903	2828.427	
5.745	9848.858	2828.427	
2.872	8845.903	2828.427	
2.872	8845.903	2828.427	
5.745	9848.858	2828.427	
5.745	9848.858	2828.427	
5.745	9848.858	2828.427	
2.872	8845.903	2828.427	
2.872	8845.903	2828.427	
2.872	8845.903	2828.427	
2.872	8845.903	2828.427	
5.745	9848.858	2828.427	
5.745	9848.858	2828.427	
2.872	8845.903	2828.427	
5.745	9848.858	2828.427	
5.745	9848.858	2828.427	
2.872	8845.903	2828.427	
2.872	8845.903	2828.427	
2.872	8509.920	2828.427	
5.745	9848.858	2828.427	
2.872	8845.903	2828.427	
5.745	9848.858	2828.427	
2.872	8601.825	2828.427	
2.872	8622.057	2828.427	
2.872	8582.369	2828.427	
2.872	8514.948	2828.427	
2.872	8845.903	2828.427	
5.745	9848.858	2828.427	
5.745	9848.858	2828.427	
2.872	8845.903	2828.427	
2.872	8845.903	2828.427	
2.872	8845.903	2828.427	
2.872	8845.903	2828.427	
2.872	8845.903	2828.427	
2.872	8513.547	2828.427	
5.745	9848.858	2828.427	
2.872	8845.903	2828.427	
2.872	8599.527	2828.427	
5.745	9848.858	2828.427	
5.745	9848.858	2828.427	
5.745	9848.858	2828.427	
2.872	8585.456	2828.427	
2.872	8845.903	2828.427	
2.872	8540.206	2828.427	
2.872	8845.903	2828.427	
5.745	9848.858	2828.427	
5.745	9848.858	2828.427	
2.872	8845.903	2828.427	
5.745	9848.858	2828.427	
2.872	8586.833	2828.427	
2.872	8845.903	2828.427	
2.872	8845.903	2828.427	
2.872	8586.409	2828.427	
5.745	9848.858	2828.427	
2.872	8845.903	2828.427	
2.872	8845.903	2828.427	
2.872	8845.903	2828.427	
5.745	9848.858	2828.427	
2.872	8845.903	2828.427	
2.872	8739.664	2828.427	
2.872	8639.847	2828.427	
2.872	8845.903	2828.427	
5.745	9848.858	2828.427	
2.872	8845.903	2828.427	
2.872	8557.959	2828.427	
5.745	9848.858	2828.427	
2.872	8845.903	2828.427	
2.872	8845.903	2828.427	
5.745	9848.858	2828.427	
5.745	9848.858	2828.427	
5.745	9848.858	2828.427	
2.872	8520.935	2828.427	
2.872	8845.903	2828.427	
5.745	9848.858	2828.427	
5.745	9848.858	2828.427	
2.872	8845.903	2828.427	
5.745	9848.858	2828.427	
2.872	8845.903	2828.427	
5.745	9848.858	2828.427	
5.745	9848.858	2828.427	
2.872	8845.903	2828.427	
2.872	8845.903	2828.427	
2.872	8845.903	2828.427	
2.872	8845.903	2828.427	
2.872	8845.903	2828.427	
2.872	8845.903	2828.427	
2.872	8845.903	2828.427	
2.872	8845.903	2828.427	
5.745	9848.858	2828.427	
5.745	9848.858	2828.427	
5.745	9848.858	2828.427	
2.872	8845.903	2828.427	
5.745	9848.858	2828.427	
5.745	9848.858	2828.427	
5.745	9848.858	2828.427	
5.745	9848.858	2828.427	
5.745	9848.858	2828.427	
5.745	9848.858	2828.427	
2.872	8845.903	2828.427	
2.872	8845.903	2828.427	
5.745	9848.858	2828.427	
2.872	8845.903	2828.427	
5.745	9848.858	2828.427	
5.745	9848.858	2828.427	
5.745	9848.858	2828.427	
5.745	9848.858	2828.427	
5.745	9848.858	2828.427	
2.872	8519.527	2828.427	
2.872	8845.903	2828.427	
2.872	8845.903	2828.427	
2.872	8845.903	2828.427	
5.745	9848.858	2828.427	
2.872	8845.903	2828.427	
2.872	8620.557	2828.427	
5.745	9848.858	2828.427	
2.872	8700.264	2828.427	
2.872	8845.903	2828.427	
2.872	8535.380	2828.427	
2.872	8845.903	2828.427	
5.745	9848.858	2828.427	
2.872	8845.903	2828.427	
5.745	9848.858	2828.427	
5.745	9848.858	2828.427	
2.872	8592.119	2828.427	
5.745	9848.858	2828.427	
2.872	8545.055	2828.427	
2.872	8845.903	2828.427	
2.872	8527.303	2828.427	
5.745	9848.858	2828.427	
2.872	8845.903	2828.427	
5.745	9848.858	2828.427	
5.745	9848.858	2828.427	
2.872	8845.903	2828.427	
2.872	8685.591	2828.427	
2.872	8845.903	2828.427	
2.872	8845.903	2828.427	
5.745	9848.858	2828.427	
2.872	8845.903	2828.427	
2.872	8845.903	2828.427	
5.745	9848.858	2828.427	
2.872	8845.903	2828.427	
5.745	9848.858	2828.427	
5.745	9848.858	2828.427	
5.745	9848.858	2828.427	
2.872	8845.903	2828.427	
2.872	8845.903	2828.427	
2.872	8845.903	2828.427	
2.872	8757.827	2828.427	
5.745	9848.858	2828.427	
5.745	9848.858	2828.427	
5.745	9848.858	2828.427	
5.745	9848.858	2828.427	
5.745	9848.858	2828.427	
2.872	8845.903	2828.427	
5.745	9848.858	2828.427	
2.872	8845.903	2828.427	
2.872	8673.314	2828.427	
2.872	8575.846	2828.427	
5.745	9848.858	2828.427	
5.745	9848.858	2828.427	
5.745	9848.858	2828.427	
2.872	8845.903	2828.427	
2.872	8533.005	2828.427	
2.872	8845.903	2828.427	
5.745	9848.858	2828.427	
2.872	8845.903	2828.427	
5.745	9848.858	2828.427	
5.745	9848.858	2828.427	
2.872	8511.327	2828.427	
5.745	9848.858	2828.427	
5.745	9848.858	2828.427	
2.872	8845.903	2828.427	
5.745	9848.858	2828.427	
2.872	8845.903	2828.427	
2.872	8845.903	2828.427	
5.745	9848.858	2828.427	
2.872	8845.903	2828.427	
5.745	9848.858	2828.427	
2.872	8673.950	2828.427	
5.745	9848.858	2828.427	
2.872	8568.616	2828.427	
5.745	9848.858	2828.427	
2.872	8845.903	2828.427	
2.872	8725.987	2828.427	
2.872	8845.903	2828.427	
5.745	9848.858	2828.427	
2.872	8845.903	2828.427	
5.745	9848.858	2828.427	
2.872	8845.903	2828.427	
2.872	8845.903	2828.427	
2.872	8845.903	2828.427	
5.745	9848.858	2828.427	
5.745	9848.858	2828.427	
5.745	9848.858	2828.427	
5.745	9848.858	2828.427	
5.745	9848.858	2828.427	
5.745	9848.858	2828.427	
5.745	9848.858	2828.427	
2.872	8845.903	2828.427	
2.872	8845.903	2828.427	
2.872	8845.903	2828.427	
2.872	8804.489	2828.427	
2.872	8845.903	2828.427	
5.745	9848.858	2828.427	
2.872	8622.605	2828.427	
5.745	9848.858	2828.427	
5.745	9848.858	2828.427	
5.745	9848.858	2828.427	
5.745	9848.858	2828.427	
2.872	8845.903	2828.427	
5.745	9848.858	2828.427	
5.745	9848.858	2828.427	
2.872	8694.805	2828.427	
5.745	9848.858	2828.427	
5.745	9848.858	2828.427	
2.872	8611.818	2828.427	
5.745	9848.858	2828.427	
5.745	9848.858	2828.427	
2.872	8529.461	2828.427	
2.872	8845.903	2828.427	
5.745	12002.878	2828.427	
2.872	8631.097	2828.427	
5.745	9848.858	2828.427	
5.745	9848.858	2828.427	
2.872	8845.903	2828.427	
2.872	8845.903	2828.427	
2.872	8541.208	2828.427	
5.745	9848.858	2828.427	
2.872	8845.903	2828.427	
2.872	8551.095	2828.427	
5.745	9848.858	2828.427	
2.872	8845.903	2828.427	
2.872	8845.903	2828.427	
5.745	9848.858	2828.427	
5.745	9848.858	2828.427	
2.872	8845.903	2828.427	
5.745	9848.858	2828.427	
2.872	8520.105	2828.427	
2.872	8525.578	2828.427	
5.745	9848.858	2828.427	
5.745	9848.858	2828.427	
5.745	9848.858	2828.427	
5.745	9848.858	2828.427	
2.872	8845.903	2828.427	
5.745	9848.858	2828.427	
5.745	9848.858	2828.427	
2.872	8845.903	2828.427	
2.872	8520.972	2828.427	
2.872	8833.375	2828.427	
2.872	8845.903	2828.427	
5.745	9848.858	2828.427	
5.745	9848.858	2828.427	
2.872	8845.903	2828.427	
2.872	8845.903	2828.427	
2.872	8845.903	2828.427	
5.745	9848.858	2828.427	
2.872	8845.903	2828.427	
2.872	8845.903	2828.427	
2.872	8845.903	2828.427	
5.745	9848.858	2828.427	
5.745	9848.858	2828.427	
5.745	9848.858	2828.427	
2.872	8845.903	2828.427	
5.745	9848.858	2828.427	
5.745	9848.858	2828.427	
2.872	8683.621	2828.427	
2.872	8517.704	2828.427	
5.745	9848.858	2828.427	
5.745	9848.858	2828.427	
2.872	8845.903	2828.427	
2.872	8643.426	2828.427	
2.872	8533.572	2828.427	
5.745	9848.858	2828.427	
5.745	9848.858	2828.427	
5.745	9848.858	2828.427	
2.872	8845.903	2828.427	
2.872	8845.903	2828.427	
2.872	8845.903	2828.427	
5.745	9848.858	2828.427	
2.872	8845.903	2828.427	
5.745	9848.858	2828.427	
2.872	8612.790	2828.427	
2.872	8845.903	2828.427	
5.745	9848.858	2828.427	
2.872	8845.903	2828.427	
2.872	8845.903	2828.427	
2.872	8737.725	2828.427	
5.745	9848.858	2828.427	
5.745	9848.858	2828.427	
2.872	8845.903	2828.427	
5.745	9848.858	2828.427	
5.745	9848.858	2828.427	
2.872	8845.903	2828.427	
2.872	8845.903	2828.427	
2.872	8845.903	2828.427	
2.872	8845.903	2828.427	
2.872	8845.903	2828.427	
2.872	8845.903	2828.427	
5.745	9848.858	2828.427	
2.872	8845.903	2828.427	
5.745	9848.858	2828.427	
5.745	9848.858	2828.427	
5.745	9848.858	2828.427	
5.745	9848.858	2828.427	
5.745	9848.858	2828.427	
2.872	8845.903	2828.427	
5.745	9848.858	2828.427	
5.745	9848.858	2828.427	
5.745	9848.858	2828.427	
5.745	9848.858	2828.427	
2.872	8845.903	2828.427	
5.745	9848.858	2828.427	
2.872	8845.903	2828.427	
2.872	8845.903	2828.427	
5.745	9848.858	2828.427	
2.872	8845.903	2828.427	
5.745	9848.858	2828.427	
5.745	9848.858	2828.427	
5.745	9848.858	2828.427	
2.872	8845.903	2828.427	
5.745	9848.858	2828.427	
5.745	9848.858	2828.427	
2.872	8639.127	2828.427	
2.872	8845.903	2828.427	
2.872	8845.903	2828.427	
2.872	8845.903	2828.427	
2.872	8795.607	2828.427	
2.872	8845.903	2828.427	
5.745	9848.858	2828.427	
5.745	9848.858	2828.427	
5.745	9848.858	2828.427	
2.872	8845.903	2828.427	
2.872	8845.903	2828.427	
2.872	8845.903	2828.427	
5.745	9848.858	2828.427	
2.872	8845.903	2828.427	
5.745	9848.858	2828.427	
2.872	8544.571	2828.427	
5.745	9848.858	2828.427	
5.745	9848.858	2828.427	
2.872	8845.903	2828.427	
5.745	9848.858	2828.427	
2.872	8586.751	2828.427	
5.745	9848.858	2828.427	
5.745	9848.858	2828.427	
5.745	9848.858	2828.427	
2.872	8795.444	2828.427	
2.872	8845.903	2828.427	
5.745	9848.858	2828.427	
5.745	9848.858	2828.427	
2.872	8845.903	2828.427	
2.972	8534.356	2828.427	
2.872	8845.903	2828.427	
5.745	9848.858	2828.427	
5.745	9848.858	2828.427	
2.872	8845.903	2828.427	
2.872	8519.478	2828.427	
5.745	9848.858	2828.427	
2.872	8520.670	2828.427	
2.872	8845.903	2828.427	
2.872	8552.027	2828.427	
2.872	8845.903	2828.427	
2.872	8845.903	2828.427	
2.872	8565.421	2828.427	
5.745	9848.858	2828.427	
2.872	8772.839	2828.427	
5.745	9848.858	2828.427	
5.745	9848.858	2828.427	
2.872	8845.903	2828.427	
2.872	8531.848	2828.427	
5.745	9848.858	2828.427	
5.745	9848.858	2828.427	
2.872	8532.093	2828.427	
2.872	8845.903	2828.427	
2.872	8845.903	2828.427	
5.745	9848.858	2828.427	
2.872	8845.903	2828.427	
5.745	9848.858	2828.427	
5.745	9848.858	2828.427	
5.745	9848.858	2828.427	
2.872	8845.903	2828.427	
5.745	9848.858	2828.427	
2.872	8845.903	2828.427	
5.745	9848.858	2828.427	
5.745	9848.858	2828.427	
5.745	9848.858	2828.427	
2.872	8845.903	2828.427	
5.745	9848.858	2828.427	
5.745	9848.858	2828.427	
2.872	8568.954	2828.427	
2.872	8509.444	2828.427	
5.745	9848.858	2828.427	
2.872	8522.879	2828.427	
5.745	9848.858	2828.427	
2.872	8845.903	2828.427	
2.872	8845.903	2828.427	
2.872	8812.646	2828.427	
5.745	9848.858	2828.427	
5.745	9848.858	2828.427	
2.872	8845.903	2828.427	
2.872	8660.140	2828.427	
2.872	8549.887	2828.427	
2.872	8845.903	2828.427	
2.872	8845.903	2828.427	
2.872	8845.903	2828.427	
5.745	9848.858	2828.427	
5.745	9848.858	2828.427	
5.745	9848.858	2828.427	
2.872	8845.903	2828.427	
5.745	9848.858	2828.427	
2.872	8522.707	2828.427	
5.745	9848.858	2828.427	
2.872	8513.293	2828.427	
2.872	8845.903	2828.427	
2.872	8845.903	2828.427	
2.872	8845.903	2828.427	
2.872	8845.903	2828.427	
2.872	8845.903	2828.427	
5.745	9848.858	2828.427	
5.745	9848.858	2828.427	
2.872	8845.903	2828.427	
2.872	8845.903	2828.427	
2.872	8845.903	2828.427	
2.872	8845.903	2828.427	
2.872	8845.903	2828.427	
5.745	9848.858	2828.427	
5.745	9848.858	2828.427	
2.872	8845.903	2828.427	
2.872	8845.903	2828.427	
5.745	9848.858	2828.427	
5.745	9848.858	2828.427	
5.745	9848.858	2828.427	
5.745	9848.858	2828.427	
5.745	9848.858	2828.427	
2.872	8845.903	2828.427	
5.745	9848.858	2828.427	
5.745	9848.858	2828.427	
2.872	8502.853	2828.427	
2.872	8658.167	2828.427	
2.872	8515.171	2828.427	
5.745	9848.858	2828.427	
5.745	9848.858	2828.427	
5.745	9848.858	2828.427	
5.745	9848.858	2828.427	
2.872	8685.286	2828.427	
2.872	8845.903	2828.427	
5.745	9848.858	2828.427	
5.745	9848.858	2828.427	
5.745	9848.858	2828.427	
2.872	8845.903	2828.427	
2.872	8521.340	2828.427	
2.872	8845.903	2828.427	
5.745	9848.858	2828.427	
2.872	8845.903	2828.427	
5.745	9848.858	2828.427	
2.872	8845.903	2828.427	
2.872	8845.903	2828.427	
2.872	8845.903	2828.427	
2.872	8845.903	2828.427	
2.872	8845.903	2828.427	
5.745	9848.858	2828.427	
5.745	9848.858	2828.427	
5.745	9848.858	2828.427	
5.745	9848.858	2828.427	
2.872	8845.903	2828.427	
2.872	8845.903	2828.427	
2.872	8845.903	2828.427	
5.745	9848.858	2828.427	
5.745	9848.858	2828.427	
2.872	8845.903	2828.427	
5.745	9848.858	2828.427	
5.745	9848.858	2828.427	
2.872	8845.903	2828.427	
2.872	8515.993	2828.427	
2.872	8502.795	2828.427	
2.872	8845.903	2828.427	
2.872	8845.903	2828.427	
5.745	9848.858	2828.427	
2.872	8845.903	2828.427	
2.872	8845.903	2828.427	
5.745	9848.858	2828.427	
5.745	9848.858	2828.427	
5.745	9848.858	2828.427	
2.872	8845.903	2828.427	
2.872	8845.903	2828.427	
2.872	8845.903	2828.427	
5.745	9848.858	2828.427	
2.872	8845.903	2828.427	
5.745	9848.858	2828.427	
2.872	8845.903	2828.427	
2.872	8845.903	2828.427	
2.872	8845.903	2828.427	
5.745	9848.858	2828.427	
2.872	8845.903	2828.427	
2.872	8628.655	2828.427	
5.745	9848.858	2828.427	
2.872	8845.903	2828.427	
5.745	9848.858	2828.427	
5.745	9848.858	2828.427	
5.745	9848.858	2828.427	
5.745	9848.858	2828.427	
2.872	8845.903	2828.427	
2.872	8845.903	2828.427	
2.872	8845.903	2828.427	
2.872	8845.903	2828.427	
2.872	8784.951	2828.427	
5.745	9848.858	2828.427	
2.872	8845.903	2828.427	
2.872	8845.903	2828.427	
5.745	9848.858	2828.427	
5.745	9848.858	2828.427	
2.872	8845.903	2828.427	
2.872	8845.903	2828.427	
5.745	9848.858	2828.427	
5.745	9848.858	2828.427	
2.872	8845.903	2828.427	
5.745	9848.858	2828.427	
5.745	9848.858	2828.427	
2.872	8845.903	2828.427	
2.872	8845.903	2828.427	
2.872	8845.903	2828.427	
2.872	8845.903	2828.427	
2.872	8620.487	2828.427	
2.872	8754.406	2828.427	
5.745	9848.858	2828.427	
5.745	9848.858	2828.427	
2.872	8845.903	2828.427	
2.872	8525.309	2828.427	
2.872	8521.312	2828.427	
2.872	8845.903	2828.427	
2.872	8845.903	2828.427	
5.745	9848.858	2828.427	
2.872	8845.903	2828.427	
2.872	8845.903	2828.427	
5.745	9848.858	2828.427	
2.872	8845.903	2828.427	
2.872	8845.903	2828.427	
2.872	8521.703	2828.427	
2.872	8845.903	2828.427	
2.872	8845.903	2828.427	
2.872	8845.903	2828.427	
2.872	8845.903	2828.427	
5.745	9848.858	2828.427	
5.745	9848.858	2828.427	
2.872	8510.982	2828.427	
2.872	8845.903	2828.427	
5.745	9848.858	2828.427	
5.745	9848.858	2828.427	
2.872	8845.903	2828.427	
5.745	9848.858	2828.427	
5.745	9848.858	2828.427	
5.745	9848.858	2828.427	
2.872	8845.903	2828.427	
2.872	8845.903	2828.427	
5.745	9848.858	2828.427	
5.745	9848.858	2828.427	
5.745	9848.858	2828.427	
5.745	9848.858	2828.427	
2.872	8845.903	2828.427	
2.872	8845.903	2828.427	
2.872	8845.903	2828.427	
5.745	9848.858	2828.427	
5.745	9848.858	2828.427	
2.872	8845.903	2828.427	
5.745	9848.858	2828.427	
5.745	9848.858	2828.427	
5.745	9848.858	2828.427	
2.872	8845.903	2828.427	
2.872	8845.903	2828.427	
5.745	9848.858	2828.427	
5.745	9848.858	2828.427	
5.745	9848.858	2828.427	
2.872	8845.903	2828.427	
2.872	8845.903	2828.427	
5.745	9848.858	2828.427	
2.872	8845.903	2828.427	
5.745	9848.858	2828.427	
5.745	9848.858	2828.427	
5.745	9848.858	2828.427	
5.745	9848.858	2828.427	
2.872	8845.903	2828.427	
5.745	9848.858	2828.427	
5.745	9848.858	2828.427	
5.745	9848.858	2828.427	
5.745	9848.858	2828.427	
5.745	9848.858	2828.427	
2.872	8505.674	2828.427	
2.872	8845.903	2828.427	
2.872	8845.903	2828.427	
2.872	8678.511	2828.427	
5.745	9848.858	2828.427	
2.872	8845.903	2828.427	
5.745	9848.858	2828.427	
5.745	9848.858	2828.427	
2.872	8845.903	2828.427	
5.745	9848.858	2828.427	
2.872	8845.903	2828.427	
2.872	8506.623	2828.427	
2.872	8845.903	2828.427	
5.745	9848.858	2828.427	
5.745	9848.858	2828.427	
5.745	9848.858	2828.427	
2.872	8632.947	2828.427	
2.872	8845.903	2828.427	
5.745	9848.858	2828.427	
2.872	8845.903	2828.427	
4.676	9266.227	2828.427	
2.872	8845.903	2828.427	
2.872	8845.903	2828.427	
5.745	9848.858	2828.427	
2.872	8845.903	2828.427	
5.745	9848.858	2828.427	
5.745	9848.858	2828.427	
5.745	9848.858	2828.427	
2.872	8577.242	2828.427	
5.745	9848.858	2828.427	
5.745	9848.858	2828.427	
2.872	8524.729	2828.427	
2.872	8845.903	2828.427	
5.745	9848.858	2828.427	
5.745	9848.858	2828.427	
2.872	8845.903	2828.427	
2.872	8845.903	2828.427	
2.872	8845.903	2828.427	
2.872	8845.903	2828.427	
2.872	8510.043	2828.427	
5.745	9848.858	2828.427	
5.745	9848.858	2828.427	
2.872	8580.512	2828.427	
2.872	8845.903	2828.427	
2.872	8845.903	2828.427	
5.745	9848.858	2828.427	
5.745	9848.858	2828.427	
2.872	8845.903	2828.427	
5.745	9848.858	2828.427	
5.745	9848.858	2828.427	
2.872	8845.903	2828.427	
2.872	8845.903	2828.427	
2.872	8845.903	2828.427	
5.745	9848.858	2828.427	
2.872	8516.741	2828.427	
2.872	8845.903	2828.427	
5.745	9848.858	2828.427	
5.745	9848.858	2828.427	
5.745	9848.858	2828.427	
2.872	8845.903	2828.427	
5.745	9848.858	2828.427	
2.872	8512.154	2828.427	
5.745	9848.858	2828.427	
5.745	9848.858	2828.427	
2.872	8845.903	2828.427	
2.872	8845.903	2828.427	
5.745	9848.858	2828.427	
2.872	8511.142	2828.427	
2.872	8506.283	2828.427	
5.745	9848.858	2828.427	
2.872	8845.903	2828.427	
5.745	9848.858	2828.427	
2.872	8845.903	2828.427	
5.745	9848.858	2828.427	
2.872	8845.903	2828.427	
2.872	8845.903	2828.427	
2.872	8513.450	2828.427	
5.745	9848.858	2828.427	
2.872	8845.903	2828.427	
2.872	8845.903	2828.427	
5.745	9848.858	2828.427	
5.745	9848.858	2828.427	
2.872	8845.903	2828.427	
2.872	8845.903	2828.427	
2.872	8845.903	2828.427	
2.872	8845.903	2828.427	
2.872	8845.903	2828.427	
2.872	8845.903	2828.427	
2.872	8517.962	2828.427	
5.745	9848.858	2828.427	
2.872	8644.335	2828.427	
2.872	8845.903	2828.427	
2.872	8845.903	2828.427	
2.872	8845.903	2828.427	
5.745	9848.858	2828.427	
5.745	9848.858	2828.427	
2.872	8845.903	2828.427	
5.745	9848.858	2828.427	
2.872	8845.903	2828.427	
2.872	8845.903	2828.427	
2.872	8845.903	2828.427	
2.872	8515.211	2828.427	
2.872	8845.903	2828.427	
5.745	9848.858	2828.427	
2.872	8523.576	2828.427	
5.745	9848.858	2828.427	
5.745	9848.858	2828.427	
2.872	8845.903	2828.427	
2.872	8507.944	2828.427	
5.745	9848.858	2828.427	
5.745	9848.858	2828.427	
2.872	8845.903	2828.427	
5.745	9848.858	2828.427	
2.872	8845.903	2828.427	
5.745	9848.858	2828.427	
2.872	8845.903	2828.427	
5.745	9848.858	2828.427	
5.745	9848.858	2828.427	
5.745	9848.858	2828.427	
5.745	9848.858	2828.427	
5.745	9848.858	2828.427	
5.745	9848.858	2828.427	
5.745	9848.858	2828.427	
5.745	9848.858	2828.427	
5.745	9848.858	2828.427	
2.872	8507.823	2828.427	
5.745	9848.858	2828.427	
2.872	8845.903	2828.427	
2.872	8845.903	2828.427	
2.872	8845.903	2828.427	
5.745	9848.858	2828.427	
2.872	8551.751	2828.427	
5.745	9848.858	2828.427	
5.745	9848.858	2828.427	
5.745	9848.858	2828.427	
2.872	8845.903	2828.427	
5.745	9848.858	2828.427	
2.872	8845.903	2828.427	
5.745	9848.858	2828.427	
2.872	8845.903	2828.427	
5.745	9848.858	2828.427	
2.872	8504.349	2828.427	
5.745	9848.858	2828.427	
2.872	8522.210	2828.427	
2.872	8511.309	2828.427	
2.872	8725.571	2828.427	
5.745	9848.858	2828.427	
5.745	9848.858	2828.427	
5.745	9848.858	2828.427	
2.872	8845.903	2828.427	
2.872	8845.903	2828.427	
2.872	8845.903	2828.427	
2.872	8845.903	2828.427	
2.872	8845.903	2828.427	
2.872	8541.188	2828.427	
2.872	8845.903	2828.427	
2.872	8619.125	2828.427	
2.872	8539.888	2828.427	
2.872	8567.773	2828.427	
5.745	9848.858	2828.427	
2.872	8845.903	2828.427	
2.872	8845.903	2828.427	
2.872	8845.903	2828.427	
2.872	8634.532	2828.427	
5.745	9848.858	2828.427	
5.745	9848.858	2828.427	
5.745	9848.858	2828.427	
5.745	9848.858	2828.427	
5.745	9848.858	2828.427	
2.872	8845.903	2828.427	
2.872	8845.903	2828.427	
2.872	8845.903	2828.427	
5.745	9848.858	2828.427	
2.872	8845.903	2828.427	
2.872	8509.299	2828.427	
5.745	9848.858	2828.427	
2.872	8845.903	2828.427	
5.745	9848.858	2828.427	
5.745	9848.858	2828.427	
2.872	8845.903	2828.427	
2.872	8845.903	2828.427	
5.745	9848.858	2828.427	
2.872	8845.903	2828.427	
5.745	9848.858	2828.427	
2.872	8500.000	2828.427	
2.872	8845.903	2828.427	
2.872	8650.919	2828.427	
5.745	9848.858	2828.427	
5.745	9848.858	2828.427	
2.872	8506.679	2828.427	
5.745	9848.858	2828.427	
2.872	8845.903	2828.427	
2.872	8531.681	2828.427	
2.872	8845.903	2828.427	
5.745	9848.858	2828.427	
5.745	9848.858	2828.427	
5.745	9848.858	2828.427	
5.745	9848.858	2828.427	
3.115	8585.043	2828.427	
2.872	8845.903	2828.427	
2.872	8845.903	2828.427	
2.872	8845.903	2828.427	
5.745	9848.858	2828.427	
2.872	8845.903	2828.427	
2.872	8845.903	2828.427	
5.745	9848.858	2828.427	
5.745	9848.858	2828.427	
5.745	9848.858	2828.427	
2.872	8845.903	2828.427	
4.925	9394.424	2828.427	
2.872	8845.903	2828.427	
2.872	8506.241	2828.427	
5.745	9848.858	2828.427	
5.745	9848.858	2828.427	
2.872	8619.042	2828.427	
5.745	9848.858	2828.427	
5.745	9848.858	2828.427	
5.745	9848.858	2828.427	
2.872	8845.903	2828.427	
2.872	8557.549	2828.427	
5.745	9848.858	2828.427	
5.745	9848.858	2828.427	
5.745	9848.858	2828.427	
2.872	8563.924	2828.427	
5.745	9848.858	2828.427	
2.872	8845.903	2828.427	
5.745	9848.858	2828.427	
2.872	8845.903	2828.427	
2.872	8845.903	2828.427	
5.745	9848.858	2828.427	
2.872	8845.903	2828.427	
2.872	8699.023	2828.427	
5.745	9848.858	2828.427	
2.872	8845.903	2828.427	
2.872	8845.903	2828.427	
2.872	8845.903	2828.427	
2.872	8845.903	2828.427	
5.745	9848.858	2828.427	
2.872	8845.903	2828.427	
5.745	9848.858	2828.427	
2.872	8845.903	2828.427	
2.872	8845.903	2828.427	
5.745	9848.858	2828.427	
5.745	9848.858	2828.427	
5.745	9848.858	2828.427	
5.745	9848.858	2828.427	
5.745	9848.858	2828.427	
2.872	8845.903	2828.427	
2.872	8845.903	2828.427	
2.872	8845.903	2828.427	
2.872	8845.903	2828.427	
5.745	9848.858	2828.427	
2.872	8845.903	2828.427	
2.872	8845.903	2828.427	
5.745	9848.858	2828.427	
5.745	9848.858	2828.427	
2.872	8845.903	2828.427	
5.745	9848.858	2828.427	
2.872	8845.903	2828.427	
5.745	9848.858	2828.427	
2.872	8500.000	2828.427	
2.872	8845.903	2828.427	
5.745	9848.858	2828.427	
2.872	8845.903	2828.427	
2.872	8845.903	2828.427	
5.745	9848.858	2828.427	
2.872	8845.903	2828.427	
5.745	9848.858	2828.427	
2.872	8521.090	2828.427	
2.872	8845.903	2828.427	
2.872	8845.903	2828.427	
5.745	9848.858	2828.427	
2.872	8845.903	2828.427	
2.872	8845.903	2828.427	
2.872	8845.903	2828.427	
5.745	9848.858	2828.427	
2.872	8519.657	2828.427	
5.745	9848.858	2828.427	
5.745	9848.858	2828.427	
5.745	9848.858	2828.427	
5.745	9848.858	2828.427	
2.872	8845.903	2828.427	
2.872	8845.903	2828.427	
5.745	9848.858	2828.427	
5.745	9848.858	2828.427	
5.745	9848.858	2828.427	
2.872	8845.903	2828.427	
2.872	8845.903	2828.427	
2.872	8845.903	2828.427	
5.745	9848.858	2828.427	
2.872	8845.903	2828.427	
2.872	8845.903	2828.427	
5.745	9848.858	2828.427	
2.872	8845.903	2828.427	
2.872	8571.485	2828.427	
5.745	9848.858	2828.427	
2.872	8845.903	2828.427	
2.872	8845.903	2828.427	
5.745	9848.858	2828.427	
2.872	8845.903	2828.427	
2.872	8845.903	2828.427	
5.745	9848.858	2828.427	
2.872	8581.084	2828.427	
5.745	9848.858	2828.427	
2.872	8845.903	2828.427	
5.745	9848.858	2828.427	
2.872	8501.757	2828.427	
2.872	8845.903	2828.427	
2.872	8845.903	2828.427	
2.872	8786.990	2828.427	
2.872	8516.883	2828.427	
2.872	8845.903	2828.427	
5.745	9848.858	2828.427	
2.872	8828.659	2828.427	
5.745	9848.858	2828.427	
2.872	8500.000	2828.427	
2.872	8501.412	2828.427	
2.872	8821.905	2828.427	
2.872	8845.903	2828.427	
5.745	9848.858	2828.427	
2.872	8845.903	2828.427	
5.745	9848.858	2828.427	
5.745	9848.858	2828.427	
5.745	9848.858	2828.427	
2.872	8845.903	2828.427	
2.872	8845.903	2828.427	
2.872	8513.314	2828.427	
5.745	9848.858	2828.427	
2.872	8845.903	2828.427	
2.872	8845.903	2828.427	
5.745	9848.858	2828.427	
5.745	9848.858	2828.427	
2.872	8845.903	2828.427	
5.745	9848.858	2828.427	
5.745	9848.858	2828.427	
2.872	8845.903	2828.427	
5.745	9848.858	2828.427	
5.745	9848.858	2828.427	
5.745	9848.858	2828.427	
2.872	8845.903	2828.427	
2.872	8845.903	2828.427	
5.745	9848.858	2828.427	
5.745	9848.858	2828.427	
2.872	8845.903	2828.427	
5.745	9848.858	2828.427	
2.872	8845.903	2828.427	
5.745	9848.858	2828.427	
5.745	9848.858	2828.427	
5.745	9848.858	2828.427	
2.872	8845.903	2828.427	
2.872	8845.903	2828.427	
2.872	8845.903	2828.427	
2.872	8845.903	2828.427	
2.872	8845.903	2828.427	
5.745	9848.858	2828.427	
5.745	9848.858	2828.427	
2.872	8542.355	2828.427	
2.872	8845.903	2828.427	
2.872	8845.903	2828.427	
2.872	8845.903	2828.427	
5.745	9848.858	2828.427	
5.745	9848.858	2828.427	
2.872	8845.903	2828.427	
5.745	9848.858	2828.427	
2.872	8798.344	2828.427	
5.745	9848.858	2828.427	
2.872	8500.000	2828.427	
5.745	9848.858	2828.427	
5.745	9848.858	2828.427	
5.745	9848.858	2828.427	
5.745	9848.858	2828.427	
5.745	9848.858	2828.427	
5.745	9848.858	2828.427	
2.872	8845.903	2828.427	
5.745	9848.858	2828.427	
5.745	9848.858	2828.427	
5.745	9848.858	2828.427	
2.872	8845.903	2828.427	
5.745	9848.858	2828.427	
2.872	8845.903	2828.427	
5.745	9848.858	2828.427	
2.872	8845.903	2828.427	
2.872	8845.903	2828.427	
2.872	8845.903	2828.427	
2.872	8845.903	2828.427	
5.745	9848.858	2828.427	
2.872	8845.903	2828.427	
5.745	9848.858	2828.427	
5.745	9848.858	2828.427	
5.745	9848.858	2828.427	
5.745	9848.858	2828.427	
2.872	8845.903	2828.427	
5.745	9848.858	2828.427	
5.745	9848.858	2828.427	
5.745	9848.858	2828.427	
2.872	8845.903	2828.427	
2.872	8845.903	2828.427	
5.745	9848.858	2828.427	
2.872	8845.903	2828.427	
2.872	8845.903	2828.427	
5.745	9848.858	2828.427	
5.745	9848.858	2828.427	
5.745	9848.858	2828.427	
2.872	8845.903	2828.427	
2.872	8845.903	2828.427	
2.872	8845.903	2828.427	
5.745	9848.858	2828.427	
2.872	8716.466	2828.427	
5.745	9848.858	2828.427	
5.745	9848.858	2828.427	
2.872	8845.903	2828.427	
5.745	9848.858	2828.427	
2.872	8845.903	2828.427	
5.745	9848.858	2828.427	
2.872	8845.903	2828.427	
5.745	9848.858	2828.427	
5.745	9848.858	2828.427	
2.872	8845.903	2828.427	
5.745	9848.858	2828.427	
2.872	8845.903	2828.427	
5.745	9848.858	2828.427	
5.745	9848.858	2828.427	
5.745	9848.858	2828.427	
5.745	9848.858	2828.427	
2.872	8512.380	2828.427	
2.872	8845.903	2828.427	
2.872	8845.903	2828.427	
2.872	8845.903	2828.427	
5.745	9848.858	2828.427	
2.872	8845.903	2828.427	
5.745	9848.858	2828.427	
2.872	8845.903	2828.427	
2.872	8845.903	2828.427	
5.745	9848.858	2828.427	
5.745	9848.858	2828.427	
2.872	8845.903	2828.427	
5.745	9848.858	2828.427	
5.745	9848.858	2828.427	
2.872	8845.903	2828.427	
4.992	9429.793	2828.427	
2.872	8507.782	2828.427	
2.872	8845.903	2828.427	
2.872	8845.903	2828.427	
2.872	8646.267	2828.427	
2.872	8845.903	2828.427	
5.745	9848.858	2828.427	
5.745	9848.858	2828.427	
2.872	8504.054	2828.427	
5.745	9848.858	2828.427	
5.745	9848.858	2828.427	
5.745	9848.858	2828.427	
2.872	8845.903	2828.427	
2.872	8845.903	2828.427	
2.872	8845.903	2828.427	
5.745	9848.858	2828.427	
2.872	8502.546	2828.427	
5.745	9848.858	2828.427	
2.872	8845.903	2828.427	
5.745	9848.858	2828.427	
5.745	9848.858	2828.427	
5.745	9848.858	2828.427	
2.872	8845.903	2828.427	
5.745	9848.858	2828.427	
2.872	8845.903	2828.427	
2.872	8845.903	2828.427	
2.872	8845.903	2828.427	
5.745	9848.858	2828.427	
2.872	8845.903	2828.427	
5.745	9848.858	2828.427	
5.745	9848.858	2828.427	
5.745	9848.858	2828.427	
5.745	9848.858	2828.427	
2.872	8845.903	2828.427	
2.872	8845.903	2828.427	
2.872	8845.903	2828.427	
2.872	8845.903	2828.427	
2.872	8845.903	2828.427	
5.745	9848.858	2828.427	
5.745	9848.858	2828.427	
2.872	8845.903	2828.427	
2.872	8845.903	2828.427	
5.745	9848.858	2828.427	
5.745	9848.858	2828.427	
2.872	8845.903	2828.427	
2.872	8695.478	2828.427	
5.745	9848.858	2828.427	
2.872	8845.903	2828.427	
5.745	9848.858	2828.427	
5.745	9848.858	2828.427	
2.872	8845.903	2828.427	
5.745	9848.858	2828.427	
2.872	8845.903	2828.427	
2.872	8845.903	2828.427	
5.745	9848.858	2828.427	
2.872	8845.903	2828.427	
5.745	9848.858	2828.427	
5.745	9848.858	2828.427	
5.745	9848.858	2828.427	
5.745	9848.858	2828.427	
2.872	8845.903	2828.427	
5.745	9848.858	2828.427	
2.872	8845.903	2828.427	
5.745	9848.858	2828.427	
5.745	9848.858	2828.427	
2.872	8527.389	2828.427	
2.872	8845.903	2828.427	
2.872	8845.903	2828.427	
5.745	9848.858	2828.427	
2.872	8845.903	2828.427	
5.745	9848.858	2828.427	
2.872	8845.903	2828.427	
2.872	8845.903	2828.427	
5.745	9848.858	2828.427	
5.745	9848.858	2828.427	
2.872	8845.903	2828.427	
2.872	8845.903	2828.427	
2.872	8845.903	2828.427	
5.745	9848.858	2828.427	
5.745	9848.858	2828.427	
5.745	9848.858	2828.427	
2.872	8845.903	2828.427	
2.872	8845.903	2828.427	
5.745	9848.858	2828.427	
5.745	9848.858	2828.427	
5.745	9848.858	2828.427	
2.872	8845.903	2828.427	
5.745	9848.858	2828.427	
2.872	8845.903	2828.427	
2.872	8845.903	2828.427	
5.745	9848.858	2828.427	
2.872	8528.258	2828.427	
5.745	9848.858	2828.427	
2.872	8845.903	2828.427	
2.872	8845.903	2828.427	
2.872	8845.903	2828.427	
2.872	8845.903	2828.427	
2.872	8845.903	2828.427	
5.745	9848.858	2828.427	
5.745	9848.858	2828.427	
5.745	9848.858	2828.427	
2.872	8845.903	2828.427	
2.872	8565.859	2828.427	
2.872	8845.903	2828.427	
5.745	9848.858	2828.427	
2.872	8845.903	2828.427	
2.872	8845.903	2828.427	
2.872	8845.903	2828.427	
5.745	9848.858	2828.427	
2.872	8845.903	2828.427	
5.745	9848.858	2828.427	
2.872	8845.903	2828.427	
5.745	9848.858	2828.427	
2.872	8845.903	2828.427	
5.745	9848.858	2828.427	
2.872	8845.903	2828.427	
2.872	8845.903	2828.427	
2.872	8845.903	2828.427	
5.745	9848.858	2828.427	
5.745	9848.858	2828.427	
5.745	9848.858	2828.427	
2.872	8845.903	2828.427	
2.872	8845.903	2828.427	
5.745	9848.858	2828.427	
5.745	9848.858	2828.427	
2.872	8730.647	2828.427	
2.872	8845.903	2828.427	
2.872	8845.903	2828.427	
2.872	8845.903	2828.427	
2.872	8556.699	2828.427	
5.745	9848.858	2828.427	
5.745	9848.858	2828.427	
5.745	9848.858	2828.427	
2.872	8845.903	2828.427	
5.745	9848.858	2828.427	
5.745	9848.858	2828.427	
2.872	8845.903	2828.427	
5.745	9848.858	2828.427	
5.745	9848.858	2828.427	
5.745	9848.858	2828.427	
5.745	9848.858	2828.427	
5.745	9848.858	2828.427	
5.745	9848.858	2828.427	
2.872	8845.903	2828.427	
2.872	8845.903	2828.427	
5.745	9848.858	2828.427	
2.872	8845.903	2828.427	
2.872	8845.903	2828.427	
5.745	9848.858	2828.427	
2.872	8617.597	2828.427	
2.872	8845.903	2828.427	
2.872	8845.903	2828.427	
5.745	9848.858	2828.427	
2.872	8566.799	2828.427	
2.872	8845.903	2828.427	
2.872	8845.903	2828.427	
2.872	8845.903	2828.427	
2.872	8681.045	2828.427	
5.745	9848.858	2828.427	
2.872	8845.903	2828.427	
5.745	9848.858	2828.427	
5.745	9848.858	2828.427	
2.872	8845.903	2828.427	
2.872	8612.881	2828.427	
2.872	8845.903	2828.427	
5.745	9848.858	2828.427	
2.872	8845.903	2828.427	
2.872	8511.245	2828.427	
2.872	8845.903	2828.427	
2.872	8845.903	2828.427	
2.872	8845.903	2828.427	
2.872	8845.903	2828.427	
2.872	8845.903	2828.427	
5.745	9848.858	2828.427	
5.745	9848.858	2828.427	
2.872	8845.903	2828.427	
5.745	9848.858	2828.427	
5.745	9848.858	2828.427	
5.745	9848.858	2828.427	
2.872	8538.208	2828.427	
5.745	9848.858	2828.427	
2.872	8845.903	2828.427	
2.872	8845.903	2828.427	
5.745	9848.858	2828.427	
4.178	9043.587	2828.427	
2.872	8539.760	2828.427	
5.745	9848.858	2828.427	
5.745	9848.858	2828.427	
2.872	8845.903	2828.427	
5.745	9848.858	2828.427	
5.745	9848.858	2828.427	
2.872	8845.903	2828.427	
2.872	8845.903	2828.427	
5.745	9848.858	2828.427	
5.745	9848.858	2828.427	
2.872	8845.903	2828.427	
2.872	8528.832	2828.427	
5.745	9848.858	2828.427	
2.872	8845.903	2828.427	
2.872	8845.903	2828.427	
2.872	8845.903	2828.427	
2.872	8845.903	2828.427	
2.872	8845.903	2828.427	
5.745	9848.858	2828.427	
2.872	8845.903	2828.427	
5.745	9848.858	2828.427	
2.872	8845.903	2828.427	
2.872	8845.903	2828.427	
2.872	8845.903	2828.427	
2.872	8845.903	2828.427	
2.872	8516.489	2828.427	
5.745	9848.858	2828.427	
2.872	8845.903	2828.427	
5.745	9848.858	2828.427	
2.872	8845.903	2828.427	
2.872	8845.903	2828.427	
2.872	8845.903	2828.427	
2.872	8845.903	2828.427	
5.745	9848.858	2828.427	
5.745	9848.858	2828.427	
2.872	8845.903	2828.427	
5.745	9848.858	2828.427	
5.745	9848.858	2828.427	
2.872	8845.903	2828.427	
5.745	9848.858	2828.427	
2.872	8845.903	2828.427	
5.745	9848.858	2828.427	
5.745	9848.858	2828.427	
5.745	9848.858	2828.427	
2.872	8845.903	2828.427	
2.872	8845.903	2828.427	
2.872	8845.903	2828.427	
2.872	8845.903	2828.427	
2.872	8845.903	2828.427	
5.745	9848.858	2828.427	
2.872	8845.903	2828.427	
5.745	9848.858	2828.427	
5.745	9848.858	2828.427	
5.745	9848.858	2828.427	
5.745	9848.858	2828.427	
5.745	9848.858	2828.427	
2.872	8831.740	2828.427	
2.872	8845.903	2828.427	
2.872	8845.903	2828.427	
5.745	9848.858	2828.427	
2.872	8845.903	2828.427	
2.872	8845.903	2828.427	
2.872	8845.903	2828.427	
5.745	9848.858	2828.427	
2.872	8549.044	2828.427	
5.745	9848.858	2828.427	
2.872	8845.903	2828.427	
2.872	8845.903	2828.427	
5.745	9848.858	2828.427	
5.745	9848.858	2828.427	
5.745	9848.858	2828.427	
2.872	8845.903	2828.427	
5.745	9848.858	2828.427	
5.745	9848.858	2828.427	
2.872	8845.903	2828.427	
5.745	9848.858	2828.427	
2.872	8845.903	2828.427	
5.745	9848.858	2828.427	
5.745	9848.858	2828.427	
5.745	9848.858	2828.427	
5.745	9848.858	2828.427	
2.872	8845.903	2828.427	
5.745	9848.858	2828.427	
2.872	8845.903	2828.427	
5.745	9848.858	2828.427	
5.745	9848.858	2828.427	
2.872	8820.232	2828.427	
2.872	8845.903	2828.427	
2.872	8845.903	2828.427	
5.745	9848.858	2828.427	
5.745	9848.858	2828.427	
5.745	9848.858	2828.427	
2.872	8845.903	2828.427	
2.872	8845.903	2828.427	
5.745	9848.858	2828.427	
5.745	9848.858	2828.427	
2.872	8845.903	2828.427	
5.745	9848.858	2828.427	
2.872	8845.903	2828.427	
2.872	8711.377	2828.427	
5.745	9848.858	2828.427	
2.872	8845.903	2828.427	
2.872	8845.903	2828.427	
2.872	8845.903	2828.427	
2.872	8656.602	2828.427	
2.872	8845.903	2828.427	
2.872	8845.903	2828.427	
5.745	9848.858	2828.427	
5.745	9848.858	2828.427	
2.872	8845.903	2828.427	
5.745	9848.858	2828.427	
2.872	8845.903	2828.427	
2.872	8523.709	2828.427	
2.872	8845.903	2828.427	
2.872	8544.199	2828.427	
2.872	8654.126	2828.427	
2.872	8845.903	2828.427	
2.872	8511.186	2828.427	
5.745	9848.858	2828.427	
5.745	9848.858	2828.427	
3.327	8664.144	2828.427	
2.872	8845.903	2828.427	
5.745	9848.858	2828.427	
2.872	8845.903	2828.427	
2.872	8845.903	2828.427	
2.872	8845.903	2828.427	
5.745	9848.858	2828.427	
2.872	8845.903	2828.427	
2.872	8845.903	2828.427	
2.872	8845.903	2828.427	
5.745	9848.858	2828.427	
5.745	9848.858	2828.427	
5.745	9848.858	2828.427	
2.872	8845.903	2828.427	
2.872	8845.903	2828.427	
5.745	9848.858	2828.427	
5.745	9848.858	2828.427	
2.872	8845.903	2828.427	
5.745	9848.858	2828.427	
2.872	8845.903	2828.427	
5.745	9848.858	2828.427	
2.872	8621.789	2828.427	
5.745	9848.858	2828.427	
2.872	8845.903	2828.427	
2.872	8721.214	2828.427	
2.872	8531.049	2828.427	
5.745	9848.858	2828.427	
5.745	9848.858	2828.427	
5.745	9848.858	2828.427	
2.872	8845.903	2828.427	
2.872	8516.568	2828.427	
5.745	9848.858	2828.427	
5.745	9848.858	2828.427	
5.745	9848.858	2828.427	
2.872	8845.903	2828.427	
5.745	9848.858	2828.427	
2.872	8845.903	2828.427	
5.745	9848.858	2828.427	
5.745	9848.858	2828.427	
3.538	8747.603	2828.427	
5.745	9848.858	2828.427	
5.745	9848.858	2828.427	
5.745	9848.858	2828.427	
2.872	8845.903	2828.427	
5.745	9848.858	2828.427	
2.872	8845.903	2828.427	
2.872	8845.903	2828.427	
2.872	8611.935	2828.427	
5.745	9848.858	2828.427	
2.872	8513.991	2828.427	
2.872	8845.903	2828.427	
5.745	9848.858	2828.427	
2.872	8845.903	2828.427	
2.872	8845.903	2828.427	
2.872	8845.903	2828.427	
2.872	8845.903	2828.427	
5.745	9848.858	2828.427	
2.872	8845.903	2828.427	
2.872	8845.903	2828.427	
5.745	9848.858	2828.427	
2.872	8845.903	2828.427	
5.745	9848.858	2828.427	
2.872	8845.903	2828.427	
2.872	8845.903	2828.427	
2.872	8845.903	2828.427	
2.872	8660.594	2828.427	
5.745	9848.858	2828.427	
5.745	9848.858	2828.427	
2.872	8845.903	2828.427	
5.745	9848.858	2828.427	
2.872	8845.903	2828.427	
2.872	8516.793	2828.427	
2.872	8845.903	2828.427	
2.872	8845.903	2828.427	
2.872	8845.903	2828.427	
2.872	8845.903	2828.427	
5.745	9848.858	2828.427	
5.745	9848.858	2828.427	
2.872	8845.903	2828.427	
2.872	8845.903	2828.427	
5.745	9848.858	2828.427	
5.745	9848.858	2828.427	
2.872	8524.297	2828.427	
2.872	8845.903	2828.427	
2.872	8845.903	2828.427	
2.872	8845.903	2828.427	
2.872	8623.907	2828.427	
2.872	8845.903	2828.427	
5.745	9848.858	2828.427	
2.872	8845.903	2828.427	
2.872	8845.903	2828.427	
5.745	9848.858	2828.427	
2.872	8706.280	2828.427	
5.745	9848.858	2828.427	
5.745	9848.858	2828.427	
2.872	8845.903	2828.427	
3.616	8779.264	2828.427	
5.745	9848.858	2828.427	
2.872	8845.903	2828.427	
2.872	8557.351	2828.427	
5.745	9848.858	2828.427	
2.872	8845.903	2828.427	
5.745	9848.858	2828.427	
2.872	8657.020	2828.427	
5.745	9848.858	2828.427	
5.745	9848.858	2828.427	
5.745	9848.858	2828.427	
5.745	9848.858	2828.427	
5.745	9848.858	2828.427	
2.872	8845.903	2828.427	
5.745	9848.858	2828.427	
2.872	8539.268	2828.427	
2.872	8845.903	2828.427	
5.745	9848.858	2828.427	
2.872	8845.903	2828.427	
2.872	8845.903	2828.427	
2.872	8845.903	2828.427	
2.872	8525.342	2828.427	
5.745	9848.858	2828.427	
2.872	8845.903	2828.427	
2.872	8845.903	2828.427	
2.872	8516.479	2828.427	
5.745	9848.858	2828.427	
2.872	8845.903	2828.427	
5.745	9848.858	2828.427	
5.745	9848.858	2828.427	
5.745	9848.858	2828.427	
5.745	9848.858	2828.427	
5.745	9848.858	2828.427	
2.872	8845.903	2828.427	
2.872	8845.903	2828.427	
2.872	8845.903	2828.427	
5.745	9848.858	2828.427	
5.745	9848.858	2828.427	
5.745	9848.858	2828.427	
5.745	9848.858	2828.427	
2.872	8845.903	2828.427	
5.745	9848.858	2828.427	
5.745	9848.858	2828.427	
2.872	8524.095	2828.427	
2.872	8845.903	2828.427	
5.745	9848.858	2828.427	
5.745	9848.858	2828.427	
2.872	8845.903	2828.427	
2.872	8845.903	2828.427	
2.872	8845.903	2828.427	
2.872	8617.372	2828.427	
5.745	9848.858	2828.427	
5.745	9848.858	2828.427	
5.745	9848.858	2828.427	
5.745	9848.858	2828.427	
2.872	8591.285	2828.427	
5.745	9848.858	2828.427	
5.745	9848.858	2828.427	
2.872	8845.903	2828.427	
5.745	9848.858	2828.427	
5.745	9848.858	2828.427	
2.872	8706.124	2828.427	
2.872	8845.903	2828.427	
2.872	8845.903	2828.427	
5.745	9848.858	2828.427	
5.745	9848.858	2828.427	
5.745	9848.858	2828.427	
2.872	8845.903	2828.427	
5.745	9848.858	2828.427	
2.872	8845.903	2828.427	
2.872	8845.903	2828.427	
5.745	9848.858	2828.427	
2.872	8845.903	2828.427	
5.745	9848.858	2828.427	
2.872	8845.903	2828.427	
5.745	9848.858	2828.427	
2.872	8845.903	2828.427	
2.872	8845.903	2828.427	
2.872	8512.928	2828.427	
5.745	9848.858	2828.427	
2.872	8845.903	2828.427	
2.872	8517.220	2828.427	
2.872	8845.903	2828.427	
2.970	8548.533	2828.427	
5.745	9848.858	2828.427	
5.745	9848.858	2828.427	
2.872	8512.116	2828.427	
5.745	9848.858	2828.427	
2.872	8845.903	2828.427	
5.745	9848.858	2828.427	
5.745	9848.858	2828.427	
5.745	9848.858	2828.427	
2.872	8845.903	2828.427	
5.745	9848.858	2828.427	
2.872	8845.903	2828.427	
5.745	9848.858	2828.427	
5.745	9848.858	2828.427	
2.872	8845.903	2828.427	
5.745	9848.858	2828.427	
2.872	8528.027	2828.427	
5.745	9848.858	2828.427	
2.872	8845.903	2828.427	
5.745	9848.858	2828.427	
5.745	9848.858	2828.427	
2.872	8845.903	2828.427	
5.745	9848.858	2828.427	
5.745	9848.858	2828.427	
5.745	9848.858	2828.427	
2.872	8845.903	2828.427	
5.745	9848.858	2828.427	
5.745	9848.858	2828.427	
5.745	9848.858	2828.427	
5.745	9848.858	2828.427	
5.745	9848.858	2828.427	
5.745	9848.858	2828.427	
2.872	8845.903	2828.427	
2.872	8845.903	2828.427	
5.745	9848.858	2828.427	
5.281	9586.079	2828.427	
5.745	9848.858	2828.427	
2.872	8845.903	2828.427	
2.872	8845.903	2828.427	
5.745	9848.858	2828.427	
5.745	9848.858	2828.427	
5.745	9848.858	2828.427	
2.872	8845.903	2828.427	
2.872	8674.159	2828.427	
5.745	9848.858	2828.427	
5.745	9848.858	2828.427	
2.872	8515.099	2828.427	
2.872	8845.903	2828.427	
2.872	8526.163	2828.427	
2.872	8845.903	2828.427	
2.872	8845.903	2828.427	
2.872	8845.903	2828.427	
2.872	8845.903	2828.427	
5.745	9848.858	2828.427	
5.745	9848.858	2828.427	
5.745	9848.858	2828.427	
2.872	8845.903	2828.427	
2.872	8845.903	2828.427	
2.872	8845.903	2828.427	
5.745	9848.858	2828.427	
2.872	8509.893	2828.427	
2.872	8845.903	2828.427	
2.872	8845.903	2828.427	
5.745	9848.858	2828.427	
2.872	8845.903	2828.427	
2.872	8845.903	2828.427	
2.872	8845.903	2828.427	
5.745	9848.858	2828.427	
2.872	8845.903	2828.427	
5.745	9848.858	2828.427	
2.872	8845.903	2828.427	
2.872	8623.523	2828.427	
5.745	9848.858	2828.427	
2.872	8845.903	2828.427	
5.745	9848.858	2828.427	
5.745	9848.858	2828.427	
5.745	9848.858	2828.427	
5.745	9848.858	2828.427	
2.872	8845.903	2828.427	
2.872	8845.903	2828.427	
2.872	8523.786	2828.427	
2.872	8845.903	2828.427	
5.745	9848.858	2828.427	
2.872	8845.903	2828.427	
2.872	8845.903	2828.427	
2.872	8845.903	2828.427	
2.872	8845.903	2828.427	
5.745	9848.858	2828.427	
5.745	9848.858	2828.427	
2.872	8845.903	2828.427	
5.745	9848.858	2828.427	
5.745	9848.858	2828.427	
2.872	8845.903	2828.427	
5.745	9848.858	2828.427	
2.872	8845.903	2828.427	
2.872	8845.903	2828.427	
2.872	8845.903	2828.427	
5.745	9848.858	2828.427	
2.872	8845.903	2828.427	
5.745	9848.858	2828.427	
5.745	9848.858	2828.427	
5.745	9848.858	2828.427	
5.745	9848.858	2828.427	
2.872	8845.903	2828.427	
5.745	9848.858	2828.427	
2.872	8845.903	2828.427	
2.872	8845.903	2828.427	
2.872	8525.331	2828.427	
5.745	9848.858	2828.427	
2.872	8845.903	2828.427	
5.745	9848.858	2828.427	
2.872	8845.903	2828.427	
2.872	8845.903	2828.427	
5.745	9848.858	2828.427	
5.745	9848.858	2828.427	
2.872	8845.903	2828.427	
2.872	8845.903	2828.427	
5.745	9848.858	2828.427	
2.872	8845.903	2828.427	
5.745	9848.858	2828.427	
2.872	8845.903	2828.427	
2.872	8845.903	2828.427	
5.745	9848.858	2828.427	
5.745	9848.858	2828.427	
2.872	8528.960	2828.427	
5.745	9848.858	2828.427	
2.872	8845.903	2828.427	
5.745	9848.858	2828.427	
5.745	9848.858	2828.427	
5.745	9848.858	2828.427	
5.745	9848.858	2828.427	
2.872	8845.903	2828.427	
2.872	8845.903	2828.427	
5.745	9848.858	2828.427	
2.872	8529.821	2828.427	
2.872	8646.524	2828.427	
5.745	9848.858	2828.427	
2.872	8845.903	2828.427	
5.745	9848.858	2828.427	
5.745	9848.858	2828.427	
2.872	8682.769	2828.427	
2.872	8845.903	2828.427	
2.872	8845.903	2828.427	
5.745	9848.858	2828.427	
2.872	8845.903	2828.427	
2.872	8845.903	2828.427	
2.872	8845.903	2828.427	
5.745	9848.858	2828.427	
5.745	9848.858	2828.427	
5.745	9848.858	2828.427	
5.745	9848.858	2828.427	
5.745	9848.858	2828.427	
2.872	8845.903	2828.427	
5.745	9848.858	2828.427	
2.872	8845.903	2828.427	
2.872	8845.903	2828.427	
2.872	8845.903	2828.427	
2.872	8845.903	2828.427	
5.745	9848.858	2828.427	
2.872	8845.903	2828.427	
2.872	8845.903	2828.427	
2.872	8707.700	2828.427	
2.872	8845.903	2828.427	
2.872	8845.903	2828.427	
2.872	8845.903	2828.427	
5.745	9848.858	2828.427	
2.872	8845.903	2828.427	
2.872	8617.447	2828.427	
5.745	9848.858	2828.427	
2.872	8845.903	2828.427	
2.872	8845.903	2828.427	
2.872	8845.903	2828.427	
5.745	9848.858	2828.427	
5.745	9848.858	2828.427	
5.745	9848.858	2828.427	
2.872	8845.903	2828.427	
2.872	8512.971	2828.427	
3.875	8889.154	2828.427	
5.745	9848.858	2828.427	
5.745	9848.858	2828.427	
5.745	9848.858	2828.427	
2.872	8845.903	2828.427	
5.745	9848.858	2828.427	
2.872	8845.903	2828.427	
2.872	8845.903	2828.427	
2.872	8845.903	2828.427	
2.872	8845.903	2828.427	
2.872	8845.903	2828.427	
2.872	8845.903	2828.427	
5.745	9848.858	2828.427	
2.872	8541.355	2828.427	
2.872	8845.903	2828.427	
2.872	8510.005	2828.427	
2.872	8605.822	2828.427	
5.745	9848.858	2828.427	
5.745	9848.858	2828.427	
5.745	9848.858	2828.427	
2.872	8845.903	2828.427	
2.872	8845.903	2828.427	
2.872	8845.903	2828.427	
2.872	8845.903	2828.427	
2.872	8669.946	2828.427	
5.745	9848.858	2828.427	
5.745	9848.858	2828.427	
5.745	9848.858	2828.427	
5.745	9848.858	2828.427	
2.872	8744.202	2828.427	
5.745	9848.858	2828.427	
2.872	8845.903	2828.427	
5.745	9848.858	2828.427	
2.872	8845.903	2828.427	
2.872	8845.903	2828.427	
2.872	8845.903	2828.427	
2.872	8581.352	2828.427	
5.745	9848.858	2828.427	
5.745	9848.858	2828.427	
2.872	8845.903	2828.427	
5.745	9848.858	2828.427	
5.745	9848.858	2828.427	
5.745	9848.858	2828.427	
5.745	9848.858	2828.427	
5.745	9848.858	2828.427	
2.872	8845.903	2828.427	
5.745	9848.858	2828.427	
5.745	9848.858	2828.427	
5.745	9848.858	2828.427	
5.745	9848.858	2828.427	
5.745	9848.858	2828.427	
2.872	8845.903	2828.427	
5.745	9848.858	2828.427	
5.745	9848.858	2828.427	
2.872	8845.903	2828.427	
2.872	8845.903	2828.427	
2.872	8845.903	2828.427	
2.872	8507.939	2828.427	
2.872	8845.903	2828.427	
2.872	8845.903	2828.427	
2.872	8845.903	2828.427	
5.745	9848.858	2828.427	
2.872	8845.903	2828.427	
3.383	8685.856	2828.427	
5.745	9848.858	2828.427	
5.745	9848.858	2828.427	
2.872	8845.903	2828.427	
5.745	9848.858	2828.427	
5.745	9848.858	2828.427	
2.872	8845.903	2828.427	
5.745	9848.858	2828.427	
5.745	9848.858	2828.427	
2.872	8845.903	2828.427	
2.872	8516.871	2828.427	
5.745	9848.858	2828.427	
5.745	9848.858	2828.427	
5.745	9848.858	2828.427	
5.745	9848.858	2828.427	
5.745	9848.858	2828.427	
5.745	9848.858	2828.427	
2.872	8845.903	2828.427	
2.872	8845.903	2828.427	
2.872	8845.903	2828.427	
5.745	9848.858	2828.427	
5.745	9848.858	2828.427	
2.872	8845.903	2828.427	
5.745	9848.858	2828.427	
5.745	9848.858	2828.427	
5.745	9848.858	2828.427	
5.745	9848.858	2828.427	
5.745	9848.858	2828.427	
5.745	9848.858	2828.427	
5.745	9848.858	2828.427	
5.745	9848.858	2828.427	
5.745	9848.858	2828.427	
2.872	8845.903	2828.427	
2.872	8845.903	2828.427	
2.872	8845.903	2828.427	
2.872	8845.903	2828.427	
2.872	8845.903	2828.427	
2.872	8520.039	2828.427	
2.872	8845.903	2828.427	
2.872	8845.903	2828.427	
2.872	8594.177	2828.427	
5.745	9848.858	2828.427	
2.872	8845.903	2828.427	
5.745	9848.858	2828.427	
2.872	8845.903	2828.427	
2.872	8845.903	2828.427	
5.745	9848.858	2828.427	
2.872	8845.903	2828.427	
5.745	9848.858	2828.427	
2.872	8845.903	2828.427	
2.872	8845.903	2828.427	
2.872	8845.903	2828.427	
2.872	8845.903	2828.427	
5.745	9994.766	2828.427	
2.872	8845.903	2828.427	
2.872	8845.903	2828.427	
5.745	9848.858	2828.427	
2.872	8845.903	2828.427	
2.872	8845.903	2828.427	
2.872	8845.903	2828.427	
5.745	9848.858	2828.427	
2.872	8513.736	2828.427	
2.872	8845.903	2828.427	
5.745	9848.858	2828.427	
5.745	9848.858	2828.427	
5.745	9848.858	2828.427	
5.745	9848.858	2828.427	
5.745	9848.858	2828.427	
5.745	9848.858	2828.427	
2.872	8845.903	2828.427	
5.745	9848.858	2828.427	
5.745	9848.858	2828.427	
2.872	8845.903	2828.427	
2.872	8845.903	2828.427	
2.872	8845.903	2828.427	
5.745	9848.858	2828.427	
2.872	8643.308	2828.427	
2.872	8845.903	2828.427	
2.872	8555.491	2828.427	
2.872	8761.829	2828.427	
5.745	9848.858	2828.427	
5.745	9848.858	2828.427	
2.872	8503.891	2828.427	
2.872	8845.903	2828.427	
2.872	8584.183	2828.427	
5.745	9848.858	2828.427	
2.872	8845.903	2828.427	
5.745	9848.858	2828.427	
2.872	8845.903	2828.427	
2.872	8845.903	2828.427	
5.745	9848.858	2828.427	
2.872	8522.158	2828.427	
2.872	8845.903	2828.427	
5.745	9848.858	2828.427	
2.872	8845.903	2828.427	
5.745	9848.858	2828.427	
2.872	8845.903	2828.427	
2.872	8538.621	2828.427	
5.745	9848.858	2828.427	
5.745	9848.858	2828.427	
5.745	9848.858	2828.427	
5.745	9848.858	2828.427	
2.872	8580.165	2828.427	
5.745	9848.858	2828.427	
5.745	9848.858	2828.427	
2.872	8845.903	2828.427	
2.872	8845.903	2828.427	
2.872	8845.903	2828.427	
5.745	9848.858	2828.427	
5.745	9848.858	2828.427	
2.872	8590.807	2828.427	
5.745	9848.858	2828.427	
2.872	8845.903	2828.427	
5.745	9848.858	2828.427	
5.745	9848.858	2828.427	
5.745	9848.858	2828.427	
2.872	8684.035	2828.427	
2.872	8845.903	2828.427	
2.872	8795.321	2828.427	
5.745	9848.858	2828.427	
5.745	9848.858	2828.427	
5.745	9848.858	2828.427	
2.872	8845.903	2828.427	
2.872	8513.895	2828.427	
2.872	8524.428	2828.427	
5.745	9848.858	2828.427	
2.872	8845.903	2828.427	
5.745	9848.858	2828.427	
5.745	9848.858	2828.427	
2.872	8845.903	2828.427	
5.745	9848.858	2828.427	
2.872	8845.903	2828.427	
2.872	8845.903	2828.427	
5.745	9848.858	2828.427	
5.745	9848.858	2828.427	
5.745	9848.858	2828.427	
2.872	8845.903	2828.427	
2.872	8845.903	2828.427	
2.872	8845.903	2828.427	
5.745	9848.858	2828.427	
5.745	9848.858	2828.427	
5.745	9848.858	2828.427	
2.872	8845.903	2828.427	
2.872	8589.293	2828.427	
5.745	9848.858	2828.427	
2.872	8515.244	2828.427	
2.872	8845.903	2828.427	
2.872	8845.903	2828.427	
2.872	8845.903	2828.427	
5.745	9848.858	2828.427	
2.872	8845.903	2828.427	
2.872	8845.903	2828.427	
2.872	8845.903	2828.427	
2.872	8578.592	2828.427	
5.745	9848.858	2828.427	
4.484	9170.959	2828.427	
5.745	9848.858	2828.427	
2.872	8845.903	2828.427	
2.872	8845.903	2828.427	
2.872	8845.903	2828.427	
5.745	9848.858	2828.427	
2.872	8845.903	2828.427	
2.872	8845.903	2828.427	
2.872	8845.903	2828.427	
5.745	9848.858	2828.427	
2.872	8845.903	2828.427	
5.745	9848.858	2828.427	
5.745	9848.858	2828.427	
5.745	9848.858	2828.427	
2.872	8845.903	2828.427	
5.745	9848.858	2828.427	
5.745	9848.858	2828.427	
2.872	8845.903	2828.427	
5.745	9848.858	2828.427	
5.745	9848.858	2828.427	
2.872	8845.903	2828.427	
5.745	9848.858	2828.427	
5.745	9848.858	2828.427	
2.872	8845.903	2828.427	
5.745	9848.858	2828.427	
5.745	9848.858	2828.427	
5.745	9848.858	2828.427	
5.745	9848.858	2828.427	
2.872	8845.903	2828.427	
5.745	9848.858	2828.427	
5.745	9848.858	2828.427	
2.872	8845.903	2828.427	
2.872	8845.903	2828.427	
5.745	9848.858	2828.427	
2.872	8845.903	2828.427	
2.872	8524.717	2828.427	
5.745	9848.858	2828.427	
2.872	8845.903	2828.427	
5.745	9848.858	2828.427	
2.872	8845.903	2828.427	
2.872	8845.903	2828.427	
2.872	8845.903	2828.427	
5.745	9848.858	2828.427	
5.745	9848.858	2828.427	
5.745	9848.858	2828.427	
5.699	9822.434	2828.427	
2.872	8845.903	2828.427	
5.745	9848.858	2828.427	
5.745	9848.858	2828.427	
2.872	8845.903	2828.427	
2.872	8845.903	2828.427	
5.745	9848.858	2828.427	
2.872	8845.903	2828.427	
5.745	9848.858	2828.427	
2.872	8845.903	2828.427	
5.745	9848.858	2828.427	
5.745	9848.858	2828.427	
2.872	8845.903	2828.427	
2.872	8845.903	2828.427	
5.745	9848.858	2828.427	
2.872	8509.433	2828.427	
2.872	8845.903	2828.427	
5.745	9848.858	2828.427	
2.872	8845.903	2828.427	
2.872	8845.903	2828.427	
2.872	8845.903	2828.427	
2.872	8845.903	2828.427	
5.745	9848.858	2828.427	
2.872	8845.903	2828.427	
5.745	9848.858	2828.427	
2.872	8845.903	2828.427	
5.745	9848.858	2828.427	
5.745	9848.858	2828.427	
2.872	8845.903	2828.427	
2.872	8845.903	2828.427	
2.872	8845.903	2828.427	
5.745	9848.858	2828.427	
2.872	8845.903	2828.427	
2.872	8845.903	2828.427	
5.745	9848.858	2828.427	
5.745	9848.858	2828.427	
5.745	9848.858	2828.427	
2.872	8845.903	2828.427	
2.872	8845.903	2828.427	
2.872	8845.903	2828.427	
5.745	9848.858	2828.427	
2.872	8845.903	2828.427	
2.872	8845.903	2828.427	
2.872	8845.903	2828.427	
5.745	9848.858	2828.427	
5.745	9848.858	2828.427	
2.872	8845.903	2828.427	
5.745	9848.858	2828.427	
2.872	8845.903	2828.427	
5.745	9848.858	2828.427	
5.745	9848.858	2828.427	
2.872	8845.903	2828.427	
2.872	8845.903	2828.427	
2.872	8514.093	2828.427	
5.745	9848.858	2828.427	
2.872	8845.903	2828.427	
5.745	9848.858	2828.427	
2.872	8845.903	2828.427	
2.872	8845.903	2828.427	
5.745	9848.858	2828.427	
5.745	9848.858	2828.427	
2.872	8845.903	2828.427	
5.745	9848.858	2828.427	
5.745	9848.858	2828.427	
5.745	9848.858	2828.427	
2.872	8567.060	2828.427	
2.872	8831.063	2828.427	
2.872	8845.903	2828.427	
2.872	8845.903	2828.427	
2.872	8845.903	2828.427	
2.872	8845.903	2828.427	
5.745	9848.858	2828.427	
2.872	8845.903	2828.427	
2.872	8620.129	2828.427	
5.745	9848.858	2828.427	
5.745	9848.858	2828.427	
2.872	8845.903	2828.427	
2.872	8845.903	2828.427	
2.872	8845.903	2828.427	
2.872	8749.916	2828.427	
5.745	9848.858	2828.427	
5.745	9848.858	2828.427	
5.745	9848.858	2828.427	
2.872	8845.903	2828.427	
2.872	8845.903	2828.427	
5.745	9848.858	2828.427	
2.872	8845.903	2828.427	
2.872	8845.903	2828.427	
2.872	8500.000	2828.427	
2.872	8845.903	2828.427	
2.872	8625.131	2828.427	
5.745	9848.858	2828.427	
2.872	8845.903	2828.427	
5.745	9848.858	2828.427	
2.872	8845.903	2828.427	
5.745	9848.858	2828.427	
5.745	9848.858	2828.427	
5.745	9848.858	2828.427	
5.745	9848.858	2828.427	
2.872	8845.903	2828.427	
2.872	8845.903	2828.427	
2.872	8845.903	2828.427	
5.745	9848.858	2828.427	
2.872	8845.903	2828.427	
5.745	9848.858	2828.427	
2.872	8500.000	2828.427	
5.745	9848.858	2828.427	
2.872	8500.000	2828.427	
5.745	9848.858	2828.427	
5.745	9848.858	2828.427	
5.745	9848.858	2828.427	
5.745	9848.858	2828.427	
5.745	9848.858	2828.427	
2.872	8845.903	2828.427	
5.745	9848.858	2828.427	
2.872	8845.903	2828.427	
5.745	9848.858	2828.427	
2.872	8845.903	2828.427	
5.745	9848.858	2828.427	
5.745	9848.858	2828.427	
5.745	9848.858	2828.427	
5.745	9848.858	2828.427	
5.745	9848.858	2828.427	
5.745	9848.858	2828.427	
2.872	8845.903	2828.427	
2.872	8845.903	2828.427	
2.872	8827.122	2828.427	
2.872	8845.903	2828.427	
2.872	8845.903	2828.427	
2.872	8845.903	2828.427	
5.745	9848.858	2828.427	
5.745	9848.858	2828.427	
5.745	9848.858	2828.427	
2.930	8519.742	2828.427	
5.745	9848.858	2828.427	
2.872	8845.903	2828.427	
5.745	9848.858	2828.427	
2.872	8845.903	2828.427	
2.872	8845.903	2828.427	
5.745	9848.858	2828.427	
2.872	8845.903	2828.427	
5.745	9848.858	2828.427	
2.872	8845.903	2828.427	
5.745	9848.858	2828.427	
2.872	8845.903	2828.427	
2.872	8845.903	2828.427	
2.872	8646.706	2828.427	
5.745	9848.858	2828.427	
5.745	9848.858	2828.427	
5.745	9848.858	2828.427	
2.872	8500.000	2828.427	
5.745	9848.858	2828.427	
2.872	8500.000	2828.427	
5.745	9848.858	2828.427	
2.872	8699.342	2828.427	
5.745	9848.858	2828.427	
2.872	8845.903	2828.427	
2.872	8845.903	2828.427	
2.872	8513.655	2828.427	
5.745	9848.858	2828.427	
5.745	9848.858	2828.427	
5.745	9848.858	2828.427	
2.872	8845.903	2828.427	
2.872	8500.000	2828.427	
5.745	9848.858	2828.427	
2.872	8845.903	2828.427	
2.872	8845.903	2828.427	
2.872	8845.903	2828.427	
5.745	9848.858	2828.427	
5.745	9848.858	2828.427	
2.872	8845.903	2828.427	
2.872	8653.346	2828.427	
5.745	9848.858	2828.427	
5.745	9848.858	2828.427	
5.745	9848.858	2828.427	
2.872	8845.903	2828.427	
2.872	8845.903	2828.427	
5.745	9848.858	2828.427	
5.745	9848.858	2828.427	
2.872	8581.468	2828.427	
5.745	9848.858	2828.427	
5.745	9848.858	2828.427	
5.745	9848.858	2828.427	
5.745	9848.858	2828.427	
2.872	8845.903	2828.427	
2.872	8845.903	2828.427	
2.872	8845.903	2828.427	
2.872	8585.690	2828.427	
2.872	8845.903	2828.427	
2.872	8738.193	2828.427	
2.872	8845.903	2828.427	
5.745	9848.858	2828.427	
2.872	8845.903	2828.427	
5.745	9848.858	2828.427	
2.872	8845.903	2828.427	
2.872	8845.903	2828.427	
5.745	9848.858	2828.427	
5.745	9848.858	2828.427	
5.745	9848.858	2828.427	
5.745	9848.858	2828.427	
2.872	8845.903	2828.427	
2.872	8500.000	2828.427	
2.872	8669.321	2828.427	
5.745	9848.858	2828.427	
2.872	8516.465	2828.427	
2.872	8500.000	2828.427	
2.872	8845.903	2828.427	
5.745	9848.858	2828.427	
5.745	9848.858	2828.427	
2.872	8845.903	2828.427	
2.872	8845.903	2828.427	
5.745	9848.858	2828.427	
2.872	8845.903	2828.427	
2.872	8845.903	2828.427	
5.745	9848.858	2828.427	
5.745	9848.858	2828.427	
5.745	9848.858	2828.427	
2.872	8845.903	2828.427	
5.745	9848.858	2828.427	
5.745	9848.858	2828.427	
5.745	9848.858	2828.427	
5.745	9848.858	2828.427	
5.745	9848.858	2828.427	
2.872	8845.903	2828.427	
5.745	9848.858	2828.427	
5.745	9848.858	2828.427	
2.872	8741.825	2828.427	
2.872	8600.482	2828.427	
5.745	9848.858	2828.427	
5.745	9848.858	2828.427	
5.745	9848.858	2828.427	
5.745	9848.858	2828.427	
2.872	8501.210	2828.427	
5.745	9848.858	2828.427	
2.872	8845.903	2828.427	
2.872	8595.329	2828.427	
2.872	8845.903	2828.427	
2.872	8845.903	2828.427	
5.745	9848.858	2828.427	
2.872	8678.652	2828.427	
5.745	9848.858	2828.427	
2.872	8807.352	2828.427	
5.745	9848.858	2828.427	
2.872	8730.712	2828.427	
2.872	8845.903	2828.427	
2.872	8845.903	2828.427	
5.745	9848.858	2828.427	
2.872	8845.903	2828.427	
2.872	8845.903	2828.427	
5.745	9848.858	2828.427	
2.872	8502.898	2828.427	
2.872	8845.903	2828.427	
5.745	9848.858	2828.427	
5.745	9848.858	2828.427	
2.872	8845.903	2828.427	
2.872	8845.903	2828.427	
2.872	8845.903	2828.427	
2.872	8845.903	2828.427	
2.872	8845.903	2828.427	
2.872	8845.903	2828.427	
2.872	8845.903	2828.427	
5.745	9848.858	2828.427	
5.745	9848.858	2828.427	
2.872	8845.903	2828.427	
2.872	8845.903	2828.427	
5.745	9848.858	2828.427	
5.745	9848.858	2828.427	
5.745	9848.858	2828.427	
2.872	8845.903	2828.427	
5.745	9848.858	2828.427	
2.872	8526.877	2828.427	
2.872	8845.903	2828.427	
2.872	8845.903	2828.427	
2.872	8845.903	2828.427	
5.745	9848.858	2828.427	
2.872	8845.903	2828.427	
5.745	9848.858	2828.427	
2.872	8845.903	2828.427	
2.872	8845.903	2828.427	
2.872	8845.903	2828.427	
2.872	8845.903	2828.427	
2.872	8845.903	2828.427	
5.745	9848.858	2828.427	
2.872	8845.903	2828.427	
5.745	9848.858	2828.427	
5.745	9848.858	2828.427	
2.872	8845.903	2828.427	
2.872	8845.903	2828.427	
2.872	8845.903	2828.427	
2.872	8845.903	2828.427	
5.745	9848.858	2828.427	
2.872	8845.903	2828.427	
2.872	8576.203	2828.427	
2.872	8812.227	2828.427	
5.745	9848.858	2828.427	
2.872	8579.702	2828.427	
5.745	9848.858	2828.427	
5.745	9848.858	2828.427	
5.745	9848.858	2828.427	
5.745	9848.858	2828.427	
2.872	8524.254	2828.427	
5.745	9848.858	2828.427	
2.872	8845.903	2828.427	
2.872	8845.903	2828.427	
2.872	8503.861	2828.427	
2.872	8845.903	2828.427	
5.745	9848.858	2828.427	
2.872	8845.903	2828.427	
5.745	9848.858	2828.427	
2.872	8500.000	2828.427	
2.872	8845.903	2828.427	
2.872	8504.357	2828.427	
5.745	9848.858	2828.427	
2.872	8845.903	2828.427	
5.745	9848.858	2828.427	
2.872	8845.903	2828.427	
5.745	9848.858	2828.427	
5.745	9848.858	2828.427	
2.872	8845.903	2828.427	
2.872	8845.903	2828.427	
2.872	8845.903	2828.427	
2.872	8845.903	2828.427	
2.872	8845.903	2828.427	
2.872	8500.000	2828.427	
5.745	9848.858	2828.427	
5.745	9848.858	2828.427	
2.872	8845.903	2828.427	
5.745	9848.858	2828.427	
2.872	8845.903	2828.427	
5.745	9848.858	2828.427	
2.872	8563.294	2828.427	
2.872	8845.903	2828.427	
5.745	9848.858	2828.427	
5.745	9848.858	2828.427	
2.872	8845.903	2828.427	
5.745	9848.858	2828.427	
2.872	8845.903	2828.427	
5.745	9848.858	2828.427	
5.745	9848.858	2828.427	
5.745	9848.858	2828.427	
2.872	8518.740	2828.427	
2.872	8845.903	2828.427	
5.745	9848.858	2828.427	
5.745	9848.858	2828.427	
2.872	8845.903	2828.427	
2.872	8845.903	2828.427	
5.745	9848.858	2828.427	
5.745	9848.858	2828.427	
5.745	9848.858	2828.427	
2.872	8845.903	2828.427	
5.745	9848.858	2828.427	
5.745	9848.858	2828.427	
2.872	8845.903	2828.427	
2.872	8845.903	2828.427	
5.745	9848.858	2828.427	
5.745	9848.858	2828.427	
2.872	8845.903	2828.427	
2.872	8845.903	2828.427	
2.872	8845.903	2828.427	
5.745	9848.858	2828.427	
2.872	8845.903	2828.427	
2.872	8845.903	2828.427	
5.745	9848.858	2828.427	
2.872	8845.903	2828.427	
5.745	9848.858	2828.427	
5.745	9848.858	2828.427	
2.872	8845.903	2828.427	
2.872	8845.903	2828.427	
2.872	8845.903	2828.427	
2.872	8845.903	2828.427	
2.872	8790.035	2828.427	
2.872	8845.903	2828.427	
5.745	9848.858	2828.427	
5.745	9848.858	2828.427	
2.872	8845.903	2828.427	
2.872	8845.903	2828.427	
5.745	9848.858	2828.427	
2.872	8500.000	2828.427	
2.872	8845.903	2828.427	
5.745	9848.858	2828.427	
5.745	9848.858	2828.427	
5.745	9848.858	2828.427	
5.745	9848.858	2828.427	
2.872	8505.279	2828.427	
2.872	8560.995	2828.427	
5.745	9848.858	2828.427	
5.745	9848.858	2828.427	
2.872	8845.903	2828.427	
2.872	8845.903	2828.427	
5.745	9848.858	2828.427	
2.872	8845.903	2828.427	
5.745	9848.858	2828.427	
5.745	9848.858	2828.427	
5.745	9848.858	2828.427	
5.745	9848.858	2828.427	
5.745	9848.858	2828.427	
2.872	8525.389	2828.427	
2.872	8845.903	2828.427	
2.872	8839.645	2828.427	
2.872	8845.903	2828.427	
5.745	9848.858	2828.427	
5.745	9848.858	2828.427	
2.966	8533.157	2828.427	
2.872	8845.903	2828.427	
2.872	8845.903	2828.427	
2.872	8845.903	2828.427	
5.745	9848.858	2828.427	
2.872	8845.903	2828.427	
5.745	9848.858	2828.427	
5.745	9848.858	2828.427	
5.745	9848.858	2828.427	
2.872	8845.903	2828.427	
5.745	9848.858	2828.427	
2.872	8845.903	2828.427	
5.745	9848.858	2828.427	
5.745	9848.858	2828.427	
5.745	9848.858	2828.427	
2.872	8845.903	2828.427	
2.872	8845.903	2828.427	
2.872	8845.903	2828.427	
2.872	8845.903	2828.427	
5.745	9848.858	2828.427	
5.745	9848.858	2828.427	
2.872	8845.903	2828.427	
2.872	8845.903	2828.427	
5.745	9848.858	2828.427	
5.165	9522.479	2828.427	
2.872	8575.399	2828.427	
5.745	9848.858	2828.427	
5.745	9848.858	2828.427	
5.745	9848.858	2828.427	
2.872	8503.634	2828.427	
5.745	9848.858	2828.427	
2.872	8845.903	2828.427	
2.872	8845.903	2828.427	
5.745	9848.858	2828.427	
2.872	8845.903	2828.427	
2.872	8845.903	2828.427	
5.745	9848.858	2828.427	
2.872	8845.903	2828.427	
5.745	9848.858	2828.427	
5.745	9848.858	2828.427	
2.872	8530.502	2828.427	
4.772	9315.000	2828.427	
2.872	8508.047	2828.427	
5.745	9848.858	2828.427	
5.745	9848.858	2828.427	
5.745	9848.858	2828.427	
2.872	8845.903	2828.427	
5.745	9848.858	2828.427	
2.872	8845.903	2828.427	
2.872	8845.903	2828.427	
3.572	8761.149	2828.427	
2.872	8845.903	2828.427	
5.745	9848.858	2828.427	
5.745	9848.858	2828.427	
2.872	8845.903	2828.427	
5.745	9848.858	2828.427	
2.872	8845.903	2828.427	
2.872	8516.024	2828.427	
2.872	8845.903	2828.427	
5.745	9848.858	2828.427	
2.872	8845.903	2828.427	
5.745	9848.858	2828.427	
2.872	8845.903	2828.427	
2.872	8845.903	2828.427	
5.745	9848.858	2828.427	
2.872	8845.903	2828.427	
5.745	9848.858	2828.427	
5.745	9848.858	2828.427	
2.872	8845.903	2828.427	
2.872	8845.903	2828.427	
2.872	8845.903	2828.427	
5.745	9848.858	2828.427	
2.872	8845.903	2828.427	
2.872	8503.516	2828.427	
2.872	8845.903	2828.427	
2.872	8845.903	2828.427	
5.745	9848.858	2828.427	
5.745	9848.858	2828.427	
5.745	9848.858	2828.427	
2.872	8845.903	2828.427	
5.745	9848.858	2828.427	
2.872	8845.903	2828.427	
2.872	8845.903	2828.427	
2.872	8845.903	2828.427	
2.872	8845.903	2828.427	
2.872	8769.844	2828.427	
2.872	8572.966	2828.427	
5.745	9848.858	2828.427	
2.872	8845.903	2828.427	
5.745	9848.858	2828.427	
5.745	9848.858	2828.427	
2.872	8845.903	2828.427	
5.745	9848.858	2828.427	
5.745	9848.858	2828.427	
5.745	9848.858	2828.427	
5.745	9848.858	2828.427	
2.872	8845.903	2828.427	
2.872	8611.783	2828.427	
5.745	9848.858	2828.427	
2.872	8845.903	2828.427	
2.872	8620.419	2828.427	
2.872	8506.653	2828.427	
2.872	8845.903	2828.427	
2.872	8845.903	2828.427	
5.745	9848.858	2828.427	
2.872	8845.903	2828.427	
5.745	9848.858	2828.427	
5.745	9848.858	2828.427	
2.872	8845.903	2828.427	
2.872	8845.903	2828.427	
5.745	9848.858	2828.427	
5.745	9848.858	2828.427	
2.872	8845.903	2828.427	
2.872	8845.903	2828.427	
5.745	9848.858	2828.427	
5.745	9848.858	2828.427	
5.745	9848.858	2828.427	
5.745	9848.858	2828.427	
5.745	9848.858	2828.427	
5.745	9848.858	2828.427	
5.745	9848.858	2828.427	
2.872	8845.903	2828.427	
5.745	9848.858	2828.427	
5.745	9848.858	2828.427	
5.745	9848.858	2828.427	
2.872	8845.903	2828.427	
2.872	8711.512	2828.427	
2.872	8845.903	2828.427	
5.745	9848.858	2828.427	
2.872	8589.343	2828.427	
2.872	8845.903	2828.427	
2.872	8511.179	2828.427	
5.745	9848.858	2828.427	
2.872	8845.903	2828.427	
2.872	8845.903	2828.427	
2.872	8845.903	2828.427	
2.872	8845.903	2828.427	
5.745	9848.858	2828.427	
5.745	9848.858	2828.427	
2.872	8508.228	2828.427	
5.745	9848.858	2828.427	
2.872	8521.418	2828.427	
5.745	9848.858	2828.427	
2.872	8845.903	2828.427	
5.745	9848.858	2828.427	
2.872	8845.903	2828.427	
5.745	9848.858	2828.427	
2.872	8507.989	2828.427	
5.745	9848.858	2828.427	
5.745	9848.858	2828.427	
5.745	9848.858	2828.427	
2.872	8845.903	2828.427	
5.745	9848.858	2828.427	
2.872	8726.168	2828.427	
5.745	9848.858	2828.427	
2.872	8845.903	2828.427	
2.872	8504.856	2828.427	
5.745	9848.858	2828.427	
5.745	9848.858	2828.427	
2.872	8845.903	2828.427	
2.872	8845.903	2828.427	
2.872	8845.903	2828.427	
5.745	9848.858	2828.427	
5.745	9848.858	2828.427	
2.872	8845.903	2828.427	
5.745	9848.858	2828.427	
5.745	9848.858	2828.427	
2.872	8845.903	2828.427	
5.745	9848.858	2828.427	
5.745	9848.858	2828.427	
5.745	9848.858	2828.427	
2.872	8845.903	2828.427	
2.872	8845.903	2828.427	
5.745	9848.858	2828.427	
2.872	8577.572	2828.427	
2.872	8845.903	2828.427	
5.745	9848.858	2828.427	
2.872	8845.903	2828.427	
5.745	9848.858	2828.427	
2.910	8513.052	2828.427	
2.872	8509.300	2828.427	
2.872	8845.903	2828.427	
2.872	8845.903	2828.427	
2.872	8845.903	2828.427	
2.872	8507.347	2828.427	
5.745	9848.858	2828.427	
3.479	8723.901	2828.427	
2.872	8845.903	2828.427	
2.872	8514.024	2828.427	
5.745	9848.858	2828.427	
5.745	9848.858	2828.427	
5.745	9848.858	2828.427	
2.872	8845.903	2828.427	
2.872	8845.903	2828.427	
5.745	9848.858	2828.427	
2.872	8845.903	2828.427	
5.745	9848.858	2828.427	
5.745	9848.858	2828.427	
5.745	9848.858	2828.427	
2.872	8845.903	2828.427	
2.872	8845.903	2828.427	
2.872	8845.903	2828.427	
5.745	9848.858	2828.427	
5.745	9848.858	2828.427	
2.872	8845.903	2828.427	
5.745	9848.858	2828.427	
2.872	8600.970	2828.427	
2.872	8845.903	2828.427	
5.745	9848.858	2828.427	
5.745	9848.858	2828.427	
2.872	8845.903	2828.427	
2.872	8514.289	2828.427	
2.872	8845.903	2828.427	
2.872	8519.875	2828.427	
5.745	9848.858	2828.427	
5.745	9848.858	2828.427	
2.872	8845.903	2828.427	
2.872	8845.903	2828.427	
5.745	9848.858	2828.427	
2.872	8845.903	2828.427	
5.745	9848.858	2828.427	
2.872	8501.893	2828.427	
5.745	9848.858	2828.427	
5.745	9848.858	2828.427	
5.745	9848.858	2828.427	
2.872	8845.903	2828.427	
2.872	8845.903	2828.427	
2.872	8553.854	2828.427	
5.745	9848.858	2828.427	
5.745	9848.858	2828.427	
5.745	9848.858	2828.427	
2.872	8845.903	2828.427	
5.745	9848.858	2828.427	
5.745	9848.858	2828.427	
5.745	9848.858	2828.427	
5.745	9848.858	2828.427	
5.745	9848.858	2828.427	
2.872	8845.903	2828.427	
2.872	8845.903	2828.427	
5.745	9848.858	2828.427	
2.872	8845.903	2828.427	
2.872	8845.903	2828.427	
5.745	9848.858	2828.427	
5.745	9848.858	2828.427	
5.745	9848.858	2828.427	
5.745	9848.858	2828.427	
5.745	9848.858	2828.427	
5.745	9848.858	2828.427	
5.745	9848.858	2828.427	
2.872	8714.033	2828.427	
5.745	9848.858	2828.427	
2.872	8845.903	2828.427	
2.872	8546.620	2828.427	
2.872	8845.903	2828.427	
5.745	9848.858	2828.427	
5.745	9848.858	2828.427	
5.745	9848.858	2828.427	
5.745	9848.858	2828.427	
2.872	8845.903	2828.427	
2.872	8845.903	2828.427	
2.872	8845.903	2828.427	
5.745	9848.858	2828.427	
2.872	8845.903	2828.427	
2.872	8845.903	2828.427	
2.872	8845.903	2828.427	
5.745	9848.858	2828.427	
2.872	8845.903	2828.427	
2.872	8845.903	2828.427	
2.872	8505.236	2828.427	
2.872	8845.903	2828.427	
5.745	9848.858	2828.427	
2.872	8845.903	2828.427	
5.745	9848.858	2828.427	
2.872	8508.545	2828.427	
2.872	8845.903	2828.427	
2.872	8595.376	2828.427	
2.872	8743.514	2828.427	
2.872	8845.903	2828.427	
5.745	9848.858	2828.427	
5.745	9848.858	2828.427	
2.872	8520.976	2828.427	
2.872	8845.903	2828.427	
2.872	8517.348	2828.427	
5.745	9848.858	2828.427	
5.745	9848.858	2828.427	
2.872	8845.903	2828.427	
5.745	9848.858	2828.427	
2.872	8845.903	2828.427	
5.745	9848.858	2828.427	
2.872	8701.843	2828.427	
5.745	9848.858	2828.427	
5.745	9848.858	2828.427	
2.872	8693.020	2828.427	
2.872	8845.903	2828.427	
5.745	9848.858	2828.427	
5.745	9848.858	2828.427	
5.745	9848.858	2828.427	
5.745	9848.858	2828.427	
2.872	8845.903	2828.427	
5.745	9848.858	2828.427	
2.872	8845.903	2828.427	
2.872	8845.903	2828.427	
2.872	8845.903	2828.427	
2.872	8512.396	2828.427	
5.510	9713.645	2828.427	
2.872	8845.903	2828.427	
2.872	8845.903	2828.427	
2.872	8845.903	2828.427	
5.745	9848.858	2828.427	
2.872	8845.903	2828.427	
2.872	8519.037	2828.427	
5.745	9848.858	2828.427	
2.872	8845.903	2828.427	
2.872	8845.903	2828.427	
5.745	9848.858	2828.427	
2.872	8500.000	2828.427	
2.872	8500.000	2828.427	
5.745	9848.858	2828.427	
5.745	9848.858	2828.427	
2.872	8845.903	2828.427	
2.872	8500.000	2828.427	
5.745	13438.116	2828.427	
5.745	9848.858	2828.427	
2.872	8532.810	2828.427	
5.745	9848.858	2828.427	
2.872	8500.000	2828.427	
2.872	8500.000	2828.427	
2.872	8845.903	2828.427	
2.872	8845.903	2828.427	
2.872	8500.000	2828.427	
2.872	8500.000	2828.427	
2.872	8845.903	2828.427	
2.872	8500.000	2828.427	
5.745	16881.052	2828.427	
2.872	8845.903	2828.427	
2.872	8845.903	2828.427	
2.872	8845.903	2828.427	
5.745	9848.858	2828.427	
5.745	9848.858	2828.427	
5.745	9848.858	2828.427	
2.872	8845.903	2828.427	
2.872	8845.903	2828.427	
2.872	8500.000	2828.427	
5.745	9848.858	2828.427	
5.745	9848.858	2828.427	
2.872	8500.000	2828.427	
2.872	8845.903	2828.427	
5.745	9848.858	2828.427	
5.745	26400.758	2828.427	
2.872	8845.903	2828.427	
5.745	9848.858	2828.427	
2.872	8660.440	2828.427	
5.745	9848.858	2828.427	
2.872	8500.000	2828.427	
5.745	9848.858	2828.427	
2.872	8500.000	2828.427	
2.872	8845.903	2828.427	
2.872	8845.903	2828.427	
5.745	9848.858	2828.427	
2.872	8845.903	2828.427	
2.872	8845.903	2828.427	
2.872	8845.903	2828.427	
2.872	8845.903	2828.427	
5.745	9848.858	2828.427	
2.872	8845.903	2828.427	
5.745	9848.858	2828.427	
2.872	8845.903	2828.427	
5.745	9848.858	2828.427	
2.872	8845.903	2828.427	
2.872	8582.715	2828.427	
5.745	9848.858	2828.427	
2.872	8845.903	2828.427	
2.872	8845.903	2828.427	
5.745	9848.858	2828.427	
2.872	8845.903	2828.427	
2.872	8845.903	2828.427	
5.745	9848.858	2828.427	
5.743	9849.196	2828.427	
5.734	9850.885	2828.438	
5.725	9852.569	2828.465	
5.717	9854.248	2828.507	
5.708	9855.923	2828.564	
5.700	9857.593	2828.636	
5.691	9859.258	2828.723	
5.683	9860.918	2828.825	
5.674	9862.574	2828.941	
5.666	9864.224	2829.072	
5.657	9865.871	2829.217	
5.649	9867.512	2829.377	
5.641	9869.149	2829.550	
5.633	9870.781	2829.737	
5.624	9872.408	2829.938	
5.616	9874.031	2830.153	
5.608	9875.649	2830.380	
5.600	9877.262	2830.622	
5.592	9878.871	2830.876	
5.583	9880.475	2831.144	
5.575	9882.075	2831.424	
5.567	9883.670	2831.717	
5.559	9885.260	2832.022	
5.551	9886.846	2832.340	
5.543	9888.427	2832.671	
5.535	9890.004	2833.013	
5.528	9891.576	2833.368	
5.520	9893.144	2833.735	
5.512	9894.707	2834.113	
5.504	9896.265	2834.503	
5.496	9897.819	2834.905	
5.489	9899.369	2835.318	
5.481	9900.914	2835.742	
5.473	9902.454	2836.177	
5.466	9903.991	2836.624	
5.458	9905.522	2837.081	
5.450	9907.049	2837.549	
5.443	9908.572	2838.028	
5.435	9910.090	2838.517	
5.428	9911.604	2839.017	
5.420	9913.114	2839.526	
5.413	9914.619	2840.047	
5.405	9916.120	2840.577	
5.398	9917.616	2841.117	
5.391	9919.108	2841.667	
5.383	9920.596	2842.226	
5.376	9922.079	2842.795	
5.369	9923.558	2843.374	
5.361	9925.033	2843.962	
5.354	9926.503	2844.559	
5.347	9927.969	2845.165	
5.340	9929.431	2845.781	
5.333	9930.888	2846.405	
5.326	9932.341	2847.038	
5.319	9933.790	2847.679	
5.312	9935.235	2848.330	
5.304	9936.675	2848.988	
5.297	9938.111	2849.656	
5.291	9939.543	2850.331	
5.284	9940.971	2851.014	
5.277	9942.394	2851.706	
5.270	9943.814	2852.405	
5.263	9945.229	2853.113	
5.256	9946.640	2853.828	
5.249	9948.047	2854.551	
5.242	9949.449	2855.281	
5.236	9950.848	2856.018	
5.229	9952.242	2856.763	
5.222	9953.632	2857.516	
5.216	9955.019	2858.275	
5.209	9956.401	2859.042	
5.202	9957.778	2859.815	
5.196	9959.152	2860.596	
5.189	9960.522	2861.383	
5.183	9961.888	2862.176	
5.176	9963.250	2862.977	
5.169	9964.607	2863.784	
5.163	9965.961	2864.597	
5.157	9967.310	2865.417	
5.150	9968.656	2866.242	
5.144	9969.997	2867.074	
5.137	9971.335	2867.912	
5.131	9972.669	2868.756	
5.125	9973.998	2869.606	
5.118	9975.324	2870.462	
5.112	9976.646	2871.323	
5.106	9977.963	2872.190	
5.100	9979.277	2873.063	
5.093	9980.587	2873.941	
5.087	9981.893	2874.824	
5.081	9983.195	2875.713	
5.075	9984.493	2876.607	
5.069	9985.788	2877.506	
5.063	9987.078	2878.410	
5.057	9988.365	2879.319	
5.051	9989.647	2880.233	
5.045	9990.926	2881.152	
5.039	9992.201	2882.076	
5.033	9993.473	2883.004	
5.027	9994.740	2883.937	
5.021	9996.004	2884.875	
5.015	9997.263	2885.817	
5.009	9998.519	2886.763	
5.003	9999.772	2887.714	
4.997	10001.020	2888.668	
4.991	10002.265	2889.627	
4.986	10003.506	2890.591	
4.980	10004.743	2891.558	
4.974	10005.977	2892.529	
4.968	10007.206	2893.504	
4.963	10008.432	2894.483	
4.957	10009.655	2895.466	
4.951	10010.874	2896.452	
4.946	10012.089	2897.442	
4.940	10013.300	2898.435	
4.934	10014.508	2899.432	
4.929	10015.712	2900.433	
4.923	10016.912	2901.437	
4.918	10018.109	2902.444	
4.912	10019.302	2903.454	
4.907	10020.492	2904.468	
4.901	10021.677	2905.485	
4.896	10022.860	2906.505	
4.891	10024.039	2907.527	
4.885	10025.214	2908.553	
4.880	10026.385	2909.582	
4.874	10027.553	2910.613	
4.869	10028.718	2911.648	
4.864	10029.879	2912.685	
4.858	10031.036	2913.724	
4.853	10032.190	2914.766	
4.848	10033.341	2915.811	
4.843	10034.488	2916.858	
4.837	10035.631	2917.908	
4.832	10036.771	2918.960	
4.827	10037.908	2920.015	
4.822	10039.041	2921.071	
4.817	10040.170	2922.130	
4.812	10041.296	2923.192	
4.807	10042.419	2924.255	
4.802	10043.538	2925.320	
4.796	10044.654	2926.387	
4.791	10045.767	2927.457	
4.786	10046.876	2928.528	
4.781	10047.981	2929.601	
4.776	10049.084	2930.676	
4.771	10050.183	2931.753	
4.767	10051.278	2932.831	
4.762	10052.370	2933.911	
4.757	10053.459	2934.993	
4.752	10054.545	2936.077	
4.747	10055.627	2937.161	
4.742	10056.706	2938.248	
4.737	10057.782	2939.336	
4.733	10058.854	2940.425	
4.728	10059.923	2941.516	
4.723	10060.989	2942.608	
4.718	10062.051	2943.701	
4.713	10063.110	2944.796	
4.709	10064.166	2945.891	
4.704	10065.219	2946.988	
4.699	10066.268	2948.086	
4.695	10067.315	2949.185	
4.690	10068.358	2950.285	
4.685	10069.398	2951.386	
4.681	10070.434	2952.488	
4.676	10071.468	2953.591	
4.672	10072.498	2954.695	
4.667	10073.525	2955.800	
4.663	10074.549	2956.905	
4.658	10075.570	2958.012	
4.654	10076.587	2959.119	
4.649	10077.602	2960.226	
4.645	10078.613	2961.335	
4.640	10079.621	2962.444	
4.636	10080.626	2963.553	
4.631	10081.628	2964.663	
4.627	10082.627	2965.774	
4.623	10083.623	2966.885	
4.618	10084.616	2967.996	
4.614	10085.606	2969.108	
4.610	10086.592	2970.221	
4.605	10087.576	2971.333	
4.601	10088.556	2972.446	
4.597	10089.534	2973.560	
4.592	10090.508	2974.673	
4.588	10091.480	2975.787	
4.584	10092.448	2976.901	
4.580	10093.414	2978.015	
4.576	10094.376	2979.129	
4.571	10095.336	2980.243	
4.567	10096.292	2981.358	
4.563	10097.246	2982.472	
4.559	10098.196	2983.586	
4.555	10099.144	2984.701	
4.551	10100.089	2985.815	
4.547	10101.031	2986.929	
4.543	10101.969	2988.043	
4.539	10102.905	2989.157	
4.535	10103.838	2990.271	
4.531	10104.769	2991.385	
4.527	10105.696	2992.498	
4.523	10106.620	2993.612	
4.519	10107.542	2994.725	
4.515	10108.460	2995.837	
4.511	10109.376	2996.949	
4.507	10110.289	2998.061	
4.503	10111.199	2999.173	
4.499	10112.106	3000.284	
4.495	10113.010	3001.395	
4.491	10113.912	3002.505	
4.487	10114.811	3003.615	
4.484	10115.707	3004.725	
4.480	10116.600	3005.834	
4.476	10117.490	3006.942	
4.472	10118.378	3008.050	
4.468	10119.263	3009.157	
4.465	10120.145	3010.264	
4.461	10121.024	3011.370	
4.457	10121.901	3012.475	
4.453	10122.774	3013.580	
4.450	10123.646	3014.684	
4.446	10124.514	3015.787	
4.442	10125.380	3016.889	
4.439	10126.243	3017.991	
4.435	10127.103	3019.092	
4.431	10127.960	3020.192	
4.428	10128.815	3021.292	
4.424	10129.667	3022.390	
4.421	10130.517	3023.488	
4.417	10131.364	3024.585	
4.414	10132.208	3025.681	
4.410	10133.050	3026.776	
4.406	10133.889	3027.870	
4.403	10134.725	3028.964	
4.399	10135.559	3030.056	
4.396	10136.390	3031.147	
4.392	10137.218	3032.237	
4.389	10138.044	3033.327	
4.386	10138.867	3034.415	
4.382	10139.688	3035.502	
4.379	10140.506	3036.588	
4.375	10141.322	3037.674	
4.372	10142.135	3038.758	
4.369	10142.945	3039.840	
4.365	10143.753	3040.922	
4.362	10144.558	3042.003	
4.358	10145.361	3043.082	
4.355	10146.161	3044.161	
4.352	10146.959	3045.238	
4.348	10147.754	3046.314	
4.345	10148.547	3047.388	
4.342	10149.338	3048.462	
4.339	10150.125	3049.534	
4.335	10150.911	3050.605	
4.332	10151.693	3051.675	
4.329	10152.474	3052.743	
4.326	10153.252	3053.811	
4.323	10154.027	3054.876	
4.319	10154.800	3055.941	
4.316	10155.571	3057.004	
4.313	10156.339	3058.066	
4.310	10157.105	3059.126	
4.307	10157.868	3060.186	
4.304	10158.629	3061.243	
4.300	10159.387	3062.300	
4.297	10160.143	3063.355	
4.294	10160.897	3064.408	
4.291	10161.648	3065.460	
4.288	10162.397	3066.511	
4.285	10163.144	3067.560	
4.282	10163.888	3068.608	
4.279	10164.630	3069.654	
4.276	10165.370	3070.699	
4.273	10166.107	3071.742	
4.270	10166.842	3072.784	
4.267	10167.574	3073.824	
4.264	10168.304	3074.863	
4.261	10169.032	3075.900	
4.258	10169.758	3076.936	
4.255	10170.481	3077.970	
4.252	10171.202	3079.003	
4.249	10171.921	3080.034	
4.246	10172.637	3081.063	
4.243	10173.352	3082.091	
4.241	10174.064	3083.117	
4.238	10174.773	3084.142	
4.235	10175.481	3085.165	
4.232	10176.186	3086.186	
4.229	10176.889	3087.206	
4.226	10177.590	3088.224	
4.223	10178.288	3089.240	
4.221	10178.984	3090.255	
4.218	10179.678	3091.268	
4.215	10180.370	3092.280	
4.212	10181.060	3093.290	
4.210	10181.747	3094.298	
4.207	10182.433	3095.304	
4.204	10183.116	3096.309	
4.201	10183.797	3097.312	
4.199	10184.476	3098.313	
4.196	10185.152	3099.313	
4.193	10185.827	3100.311	
4.190	10186.499	3101.307	
4.188	10187.169	3102.301	
4.185	10187.837	3103.294	
4.182	10188.503	3104.285	
4.180	10189.167	3105.274	
4.177	10189.829	3106.261	
4.175	10190.488	3107.247	
4.172	10191.146	3108.231	
4.169	10191.801	3109.213	
4.167	10192.455	3110.193	
4.164	10193.106	3111.172	
4.162	10193.755	3112.148	
4.159	10194.402	3113.123	
4.156	10195.047	3114.096	
4.154	10195.690	3115.068	
4.151	10196.331	3116.037	
4.149	10196.970	3117.005	
4.146	10197.607	3117.971	
4.144	10198.242	3118.935	
4.141	10198.875	3119.897	
4.139	10199.506	3120.857	
4.136	10200.134	3121.816	
4.134	10200.761	3122.772	
4.131	10201.386	3123.727	
4.129	10202.009	3124.680	
4.126	10202.630	3125.631	
4.124	10203.248	3126.580	
4.122	10203.865	3127.527	
4.119	10204.480	3128.473	
4.117	10205.093	3129.417	
4.114	10205.704	3130.358	
4.112	10206.313	3131.298	
4.110	10206.920	3132.236	
4.107	10207.525	3133.172	
4.105	10208.128	3134.106	
4.103	10208.730	3135.039	
4.100	10209.329	3135.969	
4.098	10209.926	3136.898	
4.096	10210.522	3137.824	
4.093	10211.115	3138.749	
4.091	10211.707	3139.672	
4.089	10212.297	3140.593	
4.086	10212.885	3141.512	
4.084	10213.471	3142.429	
4.082	10214.055	3143.344	
4.080	10214.637	3144.257	
4.077	10215.218	3145.168	
4.075	10215.796	3146.078	
4.073	10216.373	3146.985	
4.071	10216.948	3147.891	
4.068	10217.521	3148.794	
4.066	10218.092	3149.696	
4.064	10218.662	3150.596	
4.062	10219.229	3151.494	
4.060	10219.795	3152.390	
4.057	10220.359	3153.284	
4.055	10220.921	3154.176	
4.053	10221.481	3155.066	
4.051	10222.040	3155.954	
4.049	10222.596	3156.840	
4.047	10223.151	3157.725	
4.045	10223.704	3158.607	
4.042	10224.256	3159.487	
4.040	10224.805	3160.366	
4.038	10225.353	3161.242	
4.036	10225.899	3162.117	
4.034	10226.444	3162.989	
4.032	10226.986	3163.860	
4.030	10227.527	3164.729	
4.028	10228.066	3165.596	
4.026	10228.603	3166.460	
4.024	10229.139	3167.323	
4.022	10229.673	3168.184	
4.020	10230.205	3169.043	
4.018	10230.736	3169.900	
4.016	10231.264	3170.755	
4.014	10231.792	3171.609	
4.012	10232.317	3172.460	
4.010	10232.841	3173.309	
4.008	10233.363	3174.156	
4.006	10233.883	3175.002	
4.004	10234.402	3175.845	
4.002	10234.919	3176.686	
4.000	10235.434	3177.526	
3.998	10235.948	3178.363	
3.996	10236.460	3179.199	
3.994	10236.970	3180.033	
3.992	10237.479	3180.864	
3.990	10237.986	3181.694	
3.988	10238.491	3182.522	
3.986	10238.995	3183.348	
3.984	10239.497	3184.171	
3.982	10239.998	3184.993	
3.981	10240.497	3185.813	
3.979	10240.994	3186.631	
3.977	10241.490	3187.447	
3.975	10241.984	3188.262	
3.973	10242.477	3189.074	
3.971	10242.968	3189.884	
3.969	10243.457	3190.692	
3.968	10243.945	3191.499	
3.966	10244.431	3192.303	
3.964	10244.916	3193.106	
3.962	10245.399	3193.906	
3.960	10245.881	3194.705	
3.959	10246.361	3195.502	
3.957	10246.839	3196.296	
3.955	10247.316	3197.089	
3.953	10247.792	3197.880	
3.951	10248.265	3198.669	
3.950	10248.738	3199.456	
3.948	10249.209	3200.241	
3.946	10249.678	3201.024	
3.944	10250.146	3201.805	
3.943	10250.612	3202.585	
3.941	10251.077	3203.362	
3.939	10251.540	3204.138	
3.937	10252.002	3204.911	
3.936	10252.462	3205.683	
3.934	10252.921	3206.452	
3.932	10253.378	3207.220	
3.931	10253.834	3207.986	
3.929	10254.288	3208.750	
3.927	10254.741	3209.512	
3.926	10255.192	3210.272	
3.924	10255.642	3211.030	
3.922	10256.091	3211.787	
3.921	10256.538	3212.541	
3.919	10256.983	3213.294	
3.917	10257.428	3214.044	
3.916	10257.870	3214.793	
3.914	10258.312	3215.540	
3.912	10258.752	3216.285	
3.911	10259.190	3217.028	
3.909	10259.627	3217.769	
3.908	10260.063	3218.508	
3.906	10260.497	3219.246	
3.904	10260.930	3219.981	
3.903	10261.361	3220.715	
3.901	10261.791	3221.446	
3.900	10262.220	3222.176	
3.898	10262.647	3222.904	
3.897	10263.073	3223.630	
3.895	10263.497	3224.355	
3.893	10263.920	3225.077	
3.892	10264.342	3225.797	
3.890	10264.762	3226.516	
3.889	10265.181	3227.233	
3.887	10265.599	3227.948	
3.886	10266.015	3228.661	
3.884	10266.430	3229.372	
3.883	10266.843	3230.081	
3.881	10267.256	3230.789	
3.880	10267.667	3231.494	
3.878	10268.076	3232.198	
3.877	10268.484	3232.900	
3.875	10268.891	3233.600	
3.874	10269.297	3234.298	
3.872	10269.701	3234.995	
3.871	10270.104	3235.689	
3.869	10270.506	3236.382	
3.868	10270.906	3237.073	
3.867	10271.305	3237.762	
3.865	10271.703	3238.450	
3.864	10272.099	3239.135	
3.862	10272.495	3239.819	
3.861	10272.889	3240.501	
3.859	10273.281	3241.181	
3.858	10273.673	3241.859	
3.857	10274.063	3242.535	
3.855	10274.451	3243.210	
3.854	10274.839	3243.883	
3.852	10275.225	3244.554	
3.851	10275.610	3245.223	
3.850	10275.994	3245.890	
3.848	10276.377	3246.556	
3.847	10276.758	3247.220	
3.845	10277.138	3247.882	
3.844	10277.517	3248.542	
3.843	10277.894	3249.201	
3.841	10278.271	3249.857	
3.840	10278.646	3250.512	
3.839	10279.020	3251.165	
3.837	10279.392	3251.817	
3.836	10279.764	3252.466	
3.835	10280.134	3253.114	
3.833	10280.503	3253.760	
3.832	10280.871	3254.405	
3.831	10281.238	3255.047	
3.829	10281.603	3255.688	
3.828	10281.968	3256.327	
3.827	10282.331	3256.965	
3.826	10282.693	3257.600	
3.824	10283.054	3258.234	
3.823	10283.413	3258.867	
3.822	10283.772	3259.497	
3.820	10284.129	3260.126	
3.819	10284.485	3260.753	
3.818	10284.840	3261.378	
3.817	10285.194	3262.001	
3.815	10285.546	3262.623	
3.814	10285.898	3263.243	
3.813	10286.248	3263.862	
3.812	10286.597	3264.479	
3.810	10286.945	3265.094	
3.809	10287.292	3265.707	
3.808	10287.638	3266.318	
3.807	10287.983	3266.928	
3.805	10288.326	3267.537	
3.804	10288.669	3268.143	
3.803	10289.010	3268.748	
3.802	10289.350	3269.351	
3.801	10289.689	3269.953	
3.799	10290.027	3270.552	
3.798	10290.364	3271.151	
3.797	10290.700	3271.747	
3.796	10291.035	3272.342	
3.795	10291.368	3272.935	
3.793	10291.701	3273.527	
3.792	10292.032	3274.116	
3.791	10292.362	3274.705	
3.790	10292.692	3275.291	
3.789	10293.020	3275.876	
3.788	10293.347	3276.459	
3.787	10293.673	3277.041	
3.785	10293.998	3277.621	
3.784	10294.322	3278.199	
3.783	10294.645	3278.776	
3.782	10294.967	3279.351	
3.781	10295.288	3279.924	
3.780	10295.607	3280.496	
3.779	10295.926	3281.067	
3.777	10296.244	3281.635	
3.776	10296.560	3282.202	
3.775	10296.876	3282.768	
3.774	10297.190	3283.331	
3.773	10297.504	3283.894	
3.772	10297.816	3284.454	
3.771	10298.128	3285.013	
3.770	10298.438	3285.571	
3.769	10298.748	3286.127	
3.768	10299.056	3286.681	
3.767	10299.364	3287.233	
3.765	10299.670	3287.785	
3.764	10299.976	3288.334	
3.763	10300.280	3288.882	
3.762	10300.583	3289.428	
3.761	10300.886	3289.973	
3.760	10301.187	3290.517	
3.759	10301.488	3291.058	
3.758	10301.787	3291.598	
3.757	10302.086	3292.137	
3.756	10302.383	3292.674	
3.755	10302.680	3293.210	
3.754	10302.975	3293.744	
3.753	10303.270	3294.276	
3.752	10303.564	3294.807	
3.751	10303.856	3295.337	
3.750	10304.148	3295.864	
3.749	10304.439	3296.391	
3.748	10304.729	3296.916	
3.747	10305.018	3297.439	
3.746	10305.306	3297.961	
3.745	10305.593	3298.481	
3.744	10305.879	3299.000	
3.743	10306.164	3299.517	
3.742	10306.448	3300.033	
3.741	10306.731	3300.547	
3.740	10307.014	3301.060	
3.739	10307.295	3301.571	
3.738	10307.576	3302.081	
3.737	10307.855	3302.590	
3.736	10308.134	3303.097	
3.735	10308.412	3303.602	
3.734	10308.689	3304.106	
3.733	10308.965	3304.608	
3.732	10309.240	3305.109	
3.731	10309.514	3305.609	
3.730	10309.787	3306.107	
3.729	10310.059	3306.604	
3.729	10310.331	3307.099	
3.728	10310.601	3307.593	
3.727	10310.871	3308.085	
3.726	10311.140	3308.576	
3.725	10311.408	3309.065	
3.724	10311.675	3309.553	
3.723	10311.941	3310.040	
3.722	10312.206	3310.525	
3.721	10312.471	3311.009	
3.720	10312.734	3311.491	
3.719	10312.997	3311.972	
3.718	10313.259	3312.451	
3.718	10313.520	3312.929	
3.717	10313.780	3313.406	
3.716	10314.039	3313.881	
3.715	10314.298	3314.355	
3.714	10314.555	3314.827	
3.713	10314.812	3315.299	
3.712	10315.068	3315.768	
3.711	10315.323	3316.236	
3.711	10315.577	3316.703	
3.710	10315.831	3317.169	
3.709	10316.083	3317.633	
3.708	10316.335	3318.096	
3.707	10316.586	3318.557	
3.706	10316.836	3319.017	
3.705	10317.085	3319.476	
3.705	10317.334	3319.933	
3.704	10317.581	3320.389	
3.703	10317.828	3320.844	
3.702	10318.074	3321.297	
3.701	10318.320	3321.749	
3.700	10318.564	3322.199	
3.700	10318.808	3322.649	
3.699	10319.050	3323.097	
3.698	10319.292	3323.543	
3.697	10319.534	3323.988	
3.696	10319.774	3324.432	
3.695	10320.014	3324.875	
3.695	10320.252	3325.316	
3.694	10320.491	3325.756	
3.693	10320.728	3326.195	
3.692	10320.964	3326.632	
3.691	10321.200	3327.068	
3.691	10321.435	3327.503	
3.690	10321.669	3327.936	
3.689	10321.903	3328.368	
3.688	10322.135	3328.799	
3.687	10322.367	3329.229	
3.687	10322.598	3329.657	
3.686	10322.829	3330.084	
3.685	10323.058	3330.510	
3.684	10323.287	3330.934	
3.684	10323.515	3331.357	
3.683	10323.743	3331.779	
3.682	10323.969	3332.200	
3.681	10324.195	3332.619	
3.681	10324.420	3333.037	
3.680	10324.645	3333.454	
3.679	10324.868	3333.869	
3.678	10325.091	3334.284	
3.678	10325.313	3334.697	
3.677	10325.535	3335.109	
3.676	10325.756	3335.519	
3.675	10325.976	3335.929	
3.675	10326.195	3336.337	
3.674	10326.414	3336.744	
3.673	10326.631	3337.149	
3.672	10326.849	3337.554	
3.672	10327.065	3337.957	
