0.713	-1.952	-2.047	-0.726	1.558	0.711	
0.713	-1.952	-2.047	-0.726	1.558	0.711	
0.713	-1.952	-2.047	-0.726	1.558	0.711	
0.713	-1.952	-2.047	-0.726	1.558	0.711	
0.713	-1.952	-2.047	-0.726	1.558	0.711	
0.713	-1.952	-2.047	-0.726	1.558	0.711	
0.713	-1.952	-2.047	-0.726	1.558	0.711	
0.713	-1.952	-2.047	-0.726	1.558	0.711	
0.713	-1.952	-2.047	-0.726	1.558	0.711	
0.713	-1.952	-2.047	-0.726	1.558	0.711	
0.713	-1.952	-2.047	-0.726	1.558	0.711	
0.713	-1.952	-2.047	-0.726	1.558	0.711	
0.713	-1.952	-2.047	-0.726	1.558	0.711	
0.713	-1.952	-2.047	-0.726	1.558	0.711	
0.713	-1.952	-2.047	-0.726	1.558	0.711	
0.713	-1.952	-2.047	-0.726	1.558	0.711	
0.713	-1.952	-2.047	-0.726	1.558	0.711	
0.713	-1.952	-2.047	-0.726	1.558	0.711	
0.713	-1.952	-2.047	-0.726	1.558	0.711	
0.713	-1.952	-2.047	-0.726	1.558	0.711	
0.713	-1.952	-2.047	-0.726	1.558	0.711	
0.713	-1.952	-2.047	-0.726	1.558	0.711	
0.713	-1.952	-2.047	-0.726	1.558	0.711	
0.713	-1.952	-2.047	-0.726	1.558	0.711	
0.713	-1.952	-2.047	-0.726	1.558	0.711	
0.713	-1.952	-2.047	-0.726	1.558	0.711	
0.713	-1.952	-2.047	-0.726	1.558	0.711	
0.713	-1.952	-2.047	-0.726	1.558	0.711	
0.713	-1.952	-2.047	-0.726	1.558	0.711	
0.713	-1.952	-2.047	-0.726	1.558	0.711	
0.713	-1.952	-2.047	-0.726	1.558	0.711	
0.713	-1.952	-2.047	-0.726	1.558	0.711	
0.713	-1.952	-2.047	-0.726	1.558	0.711	
0.713	-1.952	-2.047	-0.726	1.558	0.711	
0.713	-1.952	-2.047	-0.726	1.558	0.711	
0.713	-1.952	-2.047	-0.726	1.558	0.711	
0.713	-1.952	-2.047	-0.726	1.558	0.711	
0.713	-1.952	-2.047	-0.726	1.558	0.711	
0.713	-1.952	-2.047	-0.726	1.558	0.711	
0.713	-1.952	-2.047	-0.726	1.558	0.711	
0.713	-1.952	-2.047	-0.726	1.558	0.711	
0.713	-1.952	-2.047	-0.726	1.558	0.711	
0.713	-1.952	-2.047	-0.726	1.558	0.711	
0.713	-1.952	-2.047	-0.726	1.558	0.711	
0.713	-1.952	-2.047	-0.726	1.558	0.711	
0.713	-1.952	-2.047	-0.726	1.558	0.711	
0.713	-1.952	-2.047	-0.726	1.558	0.711	
0.713	-1.952	-2.047	-0.726	1.558	0.711	
0.713	-1.952	-2.047	-0.726	1.558	0.711	
0.713	-1.952	-2.047	-0.726	1.558	0.711	
0.713	-1.952	-2.047	-0.726	1.558	0.711	
0.713	-1.952	-2.047	-0.726	1.558	0.711	
0.713	-1.952	-2.047	-0.726	1.558	0.711	
0.713	-1.952	-2.047	-0.726	1.558	0.711	
0.713	-1.952	-2.047	-0.726	1.558	0.711	
0.713	-1.952	-2.047	-0.726	1.558	0.711	
0.713	-1.952	-2.047	-0.726	1.558	0.711	
0.713	-1.952	-2.047	-0.726	1.558	0.711	
0.713	-1.952	-2.047	-0.726	1.558	0.711	
0.713	-1.952	-2.047	-0.726	1.558	0.711	
0.713	-1.952	-2.047	-0.726	1.558	0.711	
0.713	-1.952	-2.047	-0.726	1.558	0.711	
0.713	-1.952	-2.047	-0.726	1.558	0.711	
0.713	-1.952	-2.047	-0.726	1.558	0.711	
0.713	-1.952	-2.047	-0.726	1.558	0.711	
0.713	-1.952	-2.047	-0.726	1.558	0.711	
0.713	-1.952	-2.047	-0.726	1.558	0.711	
0.713	-1.952	-2.047	-0.726	1.558	0.711	
0.713	-1.952	-2.047	-0.726	1.558	0.711	
0.713	-1.952	-2.047	-0.726	1.558	0.711	
0.713	-1.952	-2.047	-0.726	1.558	0.711	
0.713	-1.952	-2.047	-0.726	1.558	0.711	
0.713	-1.952	-2.047	-0.726	1.558	0.711	
0.713	-1.952	-2.047	-0.726	1.558	0.711	
0.713	-1.952	-2.047	-0.726	1.558	0.711	
0.713	-1.952	-2.047	-0.726	1.558	0.711	
0.713	-1.952	-2.047	-0.726	1.558	0.711	
0.713	-1.952	-2.047	-0.726	1.558	0.711	
0.713	-1.952	-2.047	-0.726	1.558	0.711	
0.713	-1.952	-2.047	-0.726	1.558	0.711	
0.713	-1.952	-2.047	-0.726	1.558	0.711	
0.713	-1.952	-2.047	-0.726	1.558	0.711	
0.713	-1.952	-2.047	-0.726	1.558	0.711	
0.713	-1.952	-2.047	-0.726	1.558	0.711	
0.713	-1.952	-2.047	-0.726	1.558	0.711	
0.713	-1.952	-2.047	-0.726	1.558	0.711	
0.713	-1.952	-2.047	-0.726	1.558	0.711	
0.713	-1.952	-2.047	-0.726	1.558	0.711	
0.713	-1.952	-2.047	-0.726	1.558	0.711	
0.713	-1.952	-2.047	-0.726	1.558	0.711	
0.713	-1.952	-2.047	-0.726	1.558	0.711	
0.713	-1.952	-2.047	-0.726	1.558	0.711	
0.713	-1.952	-2.047	-0.726	1.558	0.711	
0.713	-1.952	-2.047	-0.726	1.558	0.711	
0.713	-1.952	-2.047	-0.726	1.558	0.711	
0.713	-1.952	-2.047	-0.726	1.558	0.711	
0.713	-1.952	-2.047	-0.726	1.558	0.711	
0.713	-1.952	-2.047	-0.726	1.558	0.711	
0.713	-1.952	-2.047	-0.726	1.558	0.711	
0.713	-1.952	-2.047	-0.726	1.558	0.711	
0.713	-1.952	-2.047	-0.726	1.558	0.711	
0.713	-1.952	-2.047	-0.726	1.558	0.711	
0.713	-1.952	-2.047	-0.726	1.558	0.711	
0.713	-1.952	-2.047	-0.726	1.558	0.711	
0.713	-1.952	-2.047	-0.726	1.558	0.711	
0.713	-1.952	-2.047	-0.726	1.558	0.711	
0.713	-1.952	-2.047	-0.726	1.558	0.711	
0.713	-1.952	-2.047	-0.726	1.558	0.711	
0.713	-1.952	-2.047	-0.726	1.558	0.711	
0.713	-1.952	-2.047	-0.726	1.558	0.711	
0.713	-1.952	-2.047	-0.726	1.558	0.711	
0.713	-1.952	-2.047	-0.726	1.558	0.711	
0.713	-1.952	-2.047	-0.726	1.558	0.711	
0.713	-1.952	-2.047	-0.726	1.558	0.711	
0.713	-1.952	-2.047	-0.726	1.558	0.711	
0.713	-1.952	-2.047	-0.726	1.558	0.711	
0.713	-1.952	-2.047	-0.726	1.558	0.711	
0.713	-1.952	-2.047	-0.726	1.558	0.711	
0.713	-1.952	-2.047	-0.726	1.558	0.711	
0.713	-1.952	-2.047	-0.726	1.558	0.711	
0.713	-1.952	-2.047	-0.726	1.558	0.711	
0.713	-1.952	-2.047	-0.726	1.558	0.711	
0.713	-1.952	-2.047	-0.726	1.558	0.711	
0.713	-1.952	-2.047	-0.726	1.558	0.711	
0.713	-1.952	-2.047	-0.726	1.558	0.711	
0.713	-1.952	-2.047	-0.726	1.558	0.711	
0.713	-1.952	-2.047	-0.726	1.558	0.711	
0.713	-1.952	-2.047	-0.726	1.558	0.711	
0.713	-1.952	-2.047	-0.726	1.558	0.711	
0.713	-1.952	-2.047	-0.726	1.558	0.711	
0.713	-1.952	-2.047	-0.726	1.558	0.711	
0.713	-1.952	-2.047	-0.726	1.558	0.711	
0.713	-1.952	-2.047	-0.726	1.558	0.711	
0.713	-1.952	-2.047	-0.726	1.558	0.711	
0.713	-1.952	-2.047	-0.726	1.558	0.711	
0.713	-1.952	-2.047	-0.726	1.558	0.711	
0.713	-1.952	-2.047	-0.726	1.558	0.711	
0.713	-1.952	-2.047	-0.726	1.558	0.711	
0.713	-1.952	-2.047	-0.726	1.558	0.711	
0.713	-1.952	-2.047	-0.725	1.558	0.711	
0.713	-1.952	-2.047	-0.725	1.558	0.711	
0.713	-1.952	-2.047	-0.725	1.558	0.711	
0.713	-1.952	-2.047	-0.725	1.558	0.711	
0.713	-1.952	-2.047	-0.725	1.558	0.711	
0.713	-1.952	-2.047	-0.725	1.558	0.711	
0.713	-1.952	-2.047	-0.725	1.558	0.711	
0.713	-1.952	-2.047	-0.725	1.558	0.711	
0.713	-1.952	-2.047	-0.725	1.558	0.711	
0.713	-1.952	-2.047	-0.725	1.558	0.711	
0.713	-1.952	-2.047	-0.725	1.558	0.711	
0.713	-1.952	-2.047	-0.725	1.558	0.711	
0.713	-1.952	-2.047	-0.725	1.558	0.711	
0.713	-1.952	-2.047	-0.725	1.558	0.711	
0.713	-1.952	-2.047	-0.725	1.558	0.711	
0.713	-1.952	-2.047	-0.725	1.558	0.711	
0.713	-1.952	-2.047	-0.725	1.558	0.711	
0.713	-1.952	-2.047	-0.725	1.558	0.711	
0.713	-1.952	-2.047	-0.725	1.558	0.711	
0.713	-1.952	-2.047	-0.725	1.558	0.711	
0.713	-1.952	-2.047	-0.726	1.558	0.711	
0.713	-1.952	-2.047	-0.726	1.558	0.711	
0.713	-1.952	-2.047	-0.726	1.558	0.711	
0.713	-1.952	-2.047	-0.726	1.558	0.711	
0.713	-1.952	-2.047	-0.726	1.558	0.711	
0.713	-1.952	-2.047	-0.726	1.558	0.711	
0.713	-1.952	-2.047	-0.726	1.558	0.711	
0.713	-1.952	-2.047	-0.726	1.558	0.711	
0.713	-1.952	-2.047	-0.726	1.558	0.711	
0.713	-1.952	-2.047	-0.726	1.558	0.711	
0.713	-1.952	-2.047	-0.726	1.558	0.711	
0.713	-1.952	-2.047	-0.726	1.558	0.711	
0.713	-1.952	-2.047	-0.726	1.558	0.711	
0.713	-1.952	-2.047	-0.726	1.558	0.711	
0.713	-1.952	-2.047	-0.726	1.558	0.711	
0.713	-1.952	-2.047	-0.726	1.558	0.711	
0.713	-1.952	-2.047	-0.726	1.558	0.711	
0.713	-1.952	-2.047	-0.726	1.558	0.711	
0.713	-1.952	-2.047	-0.726	1.558	0.711	
0.713	-1.952	-2.047	-0.726	1.558	0.711	
0.713	-1.952	-2.047	-0.726	1.558	0.711	
0.713	-1.952	-2.047	-0.726	1.558	0.711	
0.713	-1.952	-2.047	-0.726	1.558	0.711	
0.713	-1.952	-2.047	-0.726	1.558	0.711	
0.713	-1.952	-2.047	-0.726	1.558	0.711	
0.713	-1.952	-2.047	-0.726	1.558	0.711	
0.713	-1.952	-2.047	-0.726	1.558	0.711	
0.713	-1.952	-2.047	-0.726	1.558	0.711	
0.713	-1.952	-2.047	-0.726	1.558	0.711	
0.713	-1.952	-2.047	-0.726	1.558	0.711	
0.713	-1.952	-2.047	-0.726	1.558	0.711	
0.713	-1.952	-2.047	-0.726	1.558	0.711	
0.713	-1.952	-2.047	-0.726	1.558	0.711	
0.713	-1.952	-2.047	-0.726	1.558	0.711	
0.713	-1.952	-2.047	-0.726	1.558	0.711	
0.713	-1.952	-2.047	-0.726	1.558	0.711	
0.713	-1.952	-2.047	-0.726	1.558	0.711	
0.713	-1.952	-2.047	-0.726	1.558	0.711	
0.713	-1.952	-2.047	-0.726	1.558	0.711	
0.713	-1.952	-2.047	-0.726	1.558	0.711	
0.713	-1.952	-2.047	-0.726	1.558	0.711	
0.713	-1.952	-2.047	-0.726	1.558	0.711	
0.713	-1.952	-2.047	-0.726	1.558	0.711	
0.713	-1.952	-2.047	-0.726	1.558	0.711	
0.713	-1.952	-2.047	-0.726	1.558	0.711	
0.713	-1.952	-2.047	-0.726	1.558	0.711	
0.713	-1.952	-2.047	-0.726	1.558	0.711	
0.713	-1.952	-2.047	-0.726	1.558	0.711	
0.713	-1.952	-2.047	-0.726	1.558	0.711	
0.713	-1.952	-2.047	-0.726	1.558	0.711	
0.713	-1.952	-2.047	-0.726	1.558	0.711	
0.713	-1.952	-2.047	-0.726	1.558	0.711	
0.713	-1.952	-2.047	-0.726	1.558	0.711	
0.713	-1.952	-2.047	-0.726	1.558	0.711	
0.713	-1.952	-2.047	-0.726	1.558	0.711	
0.713	-1.952	-2.047	-0.726	1.558	0.711	
0.713	-1.952	-2.047	-0.726	1.558	0.711	
0.713	-1.952	-2.047	-0.726	1.558	0.711	
0.713	-1.952	-2.047	-0.726	1.558	0.711	
0.713	-1.952	-2.047	-0.726	1.558	0.711	
0.713	-1.952	-2.047	-0.726	1.558	0.711	
0.713	-1.952	-2.047	-0.726	1.558	0.711	
0.713	-1.952	-2.047	-0.726	1.558	0.711	
0.713	-1.952	-2.047	-0.726	1.558	0.711	
0.713	-1.952	-2.047	-0.726	1.558	0.711	
0.713	-1.952	-2.047	-0.726	1.558	0.711	
0.713	-1.952	-2.047	-0.726	1.558	0.711	
0.713	-1.952	-2.047	-0.726	1.558	0.711	
0.713	-1.952	-2.047	-0.726	1.558	0.711	
0.713	-1.952	-2.047	-0.726	1.558	0.711	
0.713	-1.952	-2.047	-0.726	1.558	0.711	
0.713	-1.952	-2.047	-0.726	1.558	0.711	
0.713	-1.952	-2.047	-0.726	1.558	0.711	
0.713	-1.952	-2.047	-0.726	1.558	0.711	
0.713	-1.952	-2.047	-0.726	1.558	0.711	
0.713	-1.952	-2.047	-0.726	1.558	0.711	
0.713	-1.952	-2.047	-0.726	1.558	0.711	
0.713	-1.952	-2.047	-0.726	1.558	0.711	
0.713	-1.952	-2.047	-0.726	1.558	0.711	
0.713	-1.952	-2.047	-0.726	1.558	0.711	
0.713	-1.952	-2.047	-0.726	1.558	0.711	
0.713	-1.952	-2.047	-0.726	1.558	0.711	
0.713	-1.952	-2.047	-0.726	1.558	0.711	
0.713	-1.952	-2.047	-0.726	1.558	0.711	
0.713	-1.952	-2.047	-0.726	1.558	0.711	
0.713	-1.952	-2.047	-0.726	1.558	0.711	
0.713	-1.952	-2.047	-0.726	1.558	0.711	
0.713	-1.952	-2.047	-0.726	1.558	0.711	
0.713	-1.952	-2.047	-0.726	1.558	0.711	
0.713	-1.952	-2.047	-0.726	1.558	0.711	
0.713	-1.952	-2.047	-0.726	1.558	0.711	
0.713	-1.952	-2.047	-0.726	1.558	0.711	
0.713	-1.952	-2.047	-0.726	1.558	0.711	
0.713	-1.952	-2.047	-0.726	1.558	0.711	
0.713	-1.952	-2.047	-0.726	1.558	0.711	
0.713	-1.952	-2.047	-0.726	1.558	0.711	
0.713	-1.952	-2.047	-0.726	1.558	0.711	
0.713	-1.952	-2.047	-0.726	1.558	0.711	
0.713	-1.952	-2.047	-0.726	1.558	0.711	
0.713	-1.952	-2.047	-0.726	1.558	0.711	
0.713	-1.952	-2.047	-0.726	1.558	0.711	
0.713	-1.952	-2.047	-0.726	1.558	0.711	
0.713	-1.952	-2.047	-0.726	1.558	0.711	
0.713	-1.952	-2.047	-0.726	1.558	0.711	
0.713	-1.952	-2.047	-0.726	1.558	0.711	
0.713	-1.952	-2.047	-0.726	1.558	0.711	
0.713	-1.952	-2.047	-0.726	1.558	0.711	
0.713	-1.952	-2.047	-0.726	1.558	0.711	
0.713	-1.952	-2.047	-0.726	1.558	0.711	
0.713	-1.952	-2.047	-0.726	1.558	0.711	
0.713	-1.952	-2.047	-0.726	1.558	0.711	
0.713	-1.952	-2.047	-0.726	1.558	0.711	
0.713	-1.952	-2.047	-0.726	1.558	0.711	
0.713	-1.952	-2.047	-0.726	1.558	0.711	
0.713	-1.952	-2.047	-0.726	1.558	0.711	
0.713	-1.952	-2.047	-0.726	1.558	0.711	
0.713	-1.952	-2.047	-0.726	1.558	0.711	
0.713	-1.952	-2.047	-0.726	1.558	0.711	
0.713	-1.952	-2.047	-0.726	1.558	0.711	
0.713	-1.952	-2.047	-0.726	1.558	0.711	
0.713	-1.952	-2.047	-0.726	1.558	0.711	
0.713	-1.952	-2.047	-0.726	1.558	0.711	
0.713	-1.952	-2.047	-0.726	1.558	0.711	
0.713	-1.952	-2.047	-0.726	1.558	0.711	
0.713	-1.952	-2.047	-0.726	1.558	0.711	
0.713	-1.952	-2.047	-0.726	1.558	0.711	
0.713	-1.952	-2.047	-0.726	1.558	0.711	
0.713	-1.952	-2.047	-0.726	1.558	0.711	
0.713	-1.952	-2.047	-0.726	1.558	0.711	
0.713	-1.952	-2.047	-0.726	1.558	0.711	
0.713	-1.952	-2.047	-0.726	1.558	0.711	
0.713	-1.952	-2.047	-0.726	1.558	0.711	
0.713	-1.952	-2.047	-0.726	1.558	0.711	
0.713	-1.952	-2.047	-0.726	1.558	0.711	
0.713	-1.952	-2.047	-0.726	1.558	0.711	
0.713	-1.952	-2.047	-0.726	1.558	0.711	
0.713	-1.952	-2.047	-0.726	1.558	0.711	
0.713	-1.952	-2.047	-0.726	1.558	0.711	
0.713	-1.952	-2.047	-0.726	1.558	0.711	
0.713	-1.952	-2.047	-0.726	1.558	0.711	
0.713	-1.952	-2.047	-0.726	1.558	0.711	
0.713	-1.952	-2.047	-0.726	1.558	0.711	
0.713	-1.952	-2.047	-0.726	1.558	0.711	
0.713	-1.952	-2.047	-0.726	1.558	0.711	
0.713	-1.952	-2.047	-0.726	1.558	0.711	
0.713	-1.952	-2.047	-0.726	1.558	0.711	
0.713	-1.952	-2.047	-0.726	1.558	0.711	
0.713	-1.952	-2.047	-0.726	1.558	0.711	
0.713	-1.952	-2.047	-0.726	1.558	0.711	
0.713	-1.952	-2.047	-0.726	1.558	0.711	
0.713	-1.952	-2.047	-0.726	1.558	0.711	
0.713	-1.952	-2.047	-0.726	1.558	0.711	
0.713	-1.952	-2.047	-0.726	1.558	0.711	
0.713	-1.952	-2.047	-0.726	1.558	0.711	
0.713	-1.952	-2.047	-0.726	1.558	0.711	
0.713	-1.952	-2.047	-0.726	1.558	0.711	
0.713	-1.952	-2.047	-0.726	1.558	0.711	
0.713	-1.952	-2.047	-0.726	1.558	0.711	
0.713	-1.952	-2.047	-0.726	1.558	0.711	
0.713	-1.952	-2.047	-0.726	1.558	0.711	
0.713	-1.952	-2.047	-0.726	1.558	0.711	
0.713	-1.952	-2.047	-0.726	1.558	0.711	
0.713	-1.952	-2.047	-0.726	1.558	0.711	
0.713	-1.952	-2.047	-0.726	1.558	0.711	
0.713	-1.952	-2.047	-0.726	1.558	0.711	
0.713	-1.952	-2.047	-0.726	1.558	0.711	
0.713	-1.952	-2.047	-0.726	1.558	0.711	
0.713	-1.952	-2.047	-0.726	1.558	0.711	
0.713	-1.952	-2.047	-0.726	1.558	0.711	
0.713	-1.952	-2.047	-0.726	1.558	0.711	
0.713	-1.952	-2.047	-0.726	1.558	0.711	
0.713	-1.952	-2.047	-0.726	1.558	0.711	
0.713	-1.952	-2.047	-0.726	1.558	0.711	
0.713	-1.952	-2.047	-0.726	1.558	0.711	
0.713	-1.952	-2.047	-0.726	1.558	0.711	
0.713	-1.952	-2.047	-0.726	1.558	0.711	
0.713	-1.952	-2.047	-0.726	1.558	0.711	
0.713	-1.952	-2.047	-0.726	1.558	0.711	
0.713	-1.952	-2.047	-0.726	1.558	0.711	
0.713	-1.952	-2.047	-0.726	1.558	0.711	
0.713	-1.952	-2.047	-0.726	1.558	0.711	
0.713	-1.952	-2.047	-0.726	1.558	0.711	
0.713	-1.952	-2.047	-0.726	1.558	0.711	
0.713	-1.952	-2.047	-0.726	1.558	0.711	
0.713	-1.952	-2.047	-0.726	1.558	0.711	
0.713	-1.952	-2.047	-0.726	1.558	0.711	
0.713	-1.952	-2.047	-0.726	1.558	0.711	
0.713	-1.952	-2.047	-0.726	1.558	0.711	
0.713	-1.952	-2.047	-0.726	1.558	0.711	
0.713	-1.952	-2.047	-0.726	1.558	0.711	
0.713	-1.952	-2.047	-0.726	1.558	0.711	
0.713	-1.952	-2.047	-0.726	1.558	0.711	
0.713	-1.952	-2.047	-0.726	1.558	0.711	
0.713	-1.952	-2.047	-0.726	1.558	0.711	
0.713	-1.952	-2.047	-0.726	1.558	0.711	
0.713	-1.952	-2.047	-0.726	1.558	0.711	
0.713	-1.952	-2.047	-0.726	1.558	0.711	
0.713	-1.952	-2.047	-0.726	1.558	0.711	
0.713	-1.952	-2.047	-0.726	1.558	0.711	
0.713	-1.952	-2.047	-0.726	1.558	0.711	
0.713	-1.952	-2.047	-0.726	1.558	0.711	
0.713	-1.952	-2.047	-0.726	1.558	0.711	
0.713	-1.952	-2.047	-0.726	1.558	0.711	
0.713	-1.952	-2.047	-0.725	1.558	0.711	
0.713	-1.952	-2.047	-0.725	1.558	0.711	
0.713	-1.952	-2.047	-0.725	1.558	0.711	
0.713	-1.952	-2.047	-0.725	1.558	0.711	
0.713	-1.952	-2.047	-0.725	1.558	0.711	
0.713	-1.952	-2.047	-0.725	1.558	0.711	
0.713	-1.952	-2.047	-0.725	1.558	0.711	
0.713	-1.952	-2.047	-0.725	1.558	0.711	
0.713	-1.952	-2.047	-0.725	1.558	0.711	
0.713	-1.952	-2.047	-0.725	1.558	0.711	
0.713	-1.952	-2.047	-0.725	1.558	0.711	
0.713	-1.952	-2.047	-0.725	1.558	0.711	
0.713	-1.952	-2.047	-0.725	1.558	0.711	
0.713	-1.952	-2.047	-0.725	1.558	0.711	
0.713	-1.952	-2.046	-0.725	1.558	0.711	
0.713	-1.952	-2.047	-0.725	1.558	0.711	
0.713	-1.952	-2.047	-0.725	1.558	0.711	
0.713	-1.952	-2.047	-0.725	1.558	0.711	
0.713	-1.952	-2.046	-0.725	1.558	0.711	
0.713	-1.952	-2.047	-0.725	1.558	0.711	
0.713	-1.952	-2.046	-0.725	1.558	0.711	
0.713	-1.953	-2.046	-0.724	1.558	0.711	
0.713	-1.953	-2.046	-0.724	1.558	0.711	
0.713	-1.953	-2.047	-0.724	1.558	0.711	
0.713	-1.953	-2.046	-0.724	1.558	0.711	
0.713	-1.953	-2.047	-0.724	1.559	0.711	
0.713	-1.953	-2.046	-0.724	1.559	0.711	
0.713	-1.953	-2.046	-0.724	1.559	0.711	
0.713	-1.953	-2.047	-0.724	1.559	0.711	
0.713	-1.953	-2.047	-0.724	1.559	0.711	
0.713	-1.953	-2.046	-0.724	1.559	0.711	
0.713	-1.953	-2.047	-0.723	1.559	0.711	
0.713	-1.953	-2.046	-0.723	1.559	0.711	
0.713	-1.953	-2.046	-0.723	1.559	0.711	
0.713	-1.954	-2.046	-0.723	1.559	0.711	
0.713	-1.954	-2.046	-0.723	1.559	0.711	
0.713	-1.954	-2.046	-0.723	1.559	0.711	
0.713	-1.954	-2.046	-0.723	1.559	0.711	
0.713	-1.954	-2.046	-0.723	1.559	0.711	
0.713	-1.954	-2.046	-0.722	1.559	0.711	
0.713	-1.954	-2.046	-0.722	1.559	0.711	
0.713	-1.954	-2.046	-0.722	1.559	0.711	
0.713	-1.954	-2.046	-0.722	1.559	0.711	
0.713	-1.954	-2.046	-0.722	1.559	0.711	
0.713	-1.955	-2.046	-0.722	1.559	0.711	
0.713	-1.955	-2.046	-0.721	1.559	0.711	
0.713	-1.955	-2.046	-0.721	1.559	0.711	
0.713	-1.955	-2.046	-0.721	1.559	0.711	
0.713	-1.955	-2.046	-0.721	1.559	0.711	
0.713	-1.955	-2.046	-0.721	1.560	0.711	
0.713	-1.955	-2.046	-0.721	1.560	0.711	
0.713	-1.955	-2.046	-0.720	1.560	0.711	
0.713	-1.956	-2.046	-0.720	1.560	0.711	
0.713	-1.956	-2.046	-0.720	1.560	0.711	
0.713	-1.956	-2.046	-0.720	1.560	0.711	
0.713	-1.956	-2.046	-0.720	1.560	0.711	
0.713	-1.956	-2.046	-0.719	1.560	0.711	
0.713	-1.956	-2.046	-0.719	1.560	0.711	
0.713	-1.957	-2.046	-0.719	1.560	0.711	
0.713	-1.957	-2.046	-0.719	1.560	0.711	
0.713	-1.957	-2.046	-0.719	1.560	0.711	
0.713	-1.957	-2.046	-0.718	1.560	0.711	
0.713	-1.957	-2.046	-0.718	1.560	0.711	
0.713	-1.957	-2.046	-0.718	1.560	0.711	
0.713	-1.957	-2.046	-0.718	1.561	0.711	
0.713	-1.958	-2.046	-0.718	1.561	0.711	
0.713	-1.958	-2.046	-0.717	1.561	0.711	
0.713	-1.958	-2.046	-0.717	1.561	0.711	
0.713	-1.958	-2.046	-0.717	1.561	0.711	
0.713	-1.958	-2.046	-0.717	1.561	0.711	
0.713	-1.959	-2.046	-0.716	1.561	0.711	
0.713	-1.959	-2.046	-0.716	1.561	0.711	
0.713	-1.959	-2.046	-0.716	1.561	0.711	
0.713	-1.959	-2.046	-0.716	1.561	0.711	
0.713	-1.959	-2.046	-0.715	1.561	0.711	
0.713	-1.959	-2.046	-0.715	1.561	0.711	
0.713	-1.960	-2.046	-0.715	1.562	0.711	
0.713	-1.960	-2.046	-0.714	1.562	0.711	
0.713	-1.960	-2.046	-0.714	1.562	0.711	
0.713	-1.960	-2.046	-0.714	1.562	0.711	
0.713	-1.960	-2.046	-0.714	1.562	0.711	
0.713	-1.961	-2.046	-0.713	1.562	0.711	
0.713	-1.961	-2.046	-0.713	1.562	0.711	
0.713	-1.961	-2.046	-0.713	1.562	0.711	
0.713	-1.961	-2.046	-0.712	1.562	0.711	
0.713	-1.962	-2.046	-0.712	1.562	0.711	
0.713	-1.962	-2.046	-0.712	1.562	0.711	
0.713	-1.962	-2.046	-0.712	1.563	0.711	
0.713	-1.962	-2.046	-0.711	1.563	0.711	
0.713	-1.962	-2.046	-0.711	1.563	0.711	
0.713	-1.963	-2.046	-0.711	1.563	0.711	
0.713	-1.963	-2.046	-0.710	1.563	0.711	
0.713	-1.963	-2.046	-0.710	1.563	0.711	
0.713	-1.963	-2.046	-0.710	1.563	0.711	
0.713	-1.964	-2.046	-0.709	1.563	0.712	
0.713	-1.964	-2.046	-0.709	1.563	0.712	
0.713	-1.964	-2.046	-0.709	1.563	0.712	
0.713	-1.964	-2.046	-0.708	1.564	0.712	
0.713	-1.965	-2.046	-0.708	1.564	0.711	
0.713	-1.965	-2.046	-0.708	1.564	0.711	
0.713	-1.965	-2.046	-0.707	1.564	0.712	
0.713	-1.965	-2.046	-0.707	1.564	0.712	
0.713	-1.966	-2.046	-0.707	1.564	0.712	
0.713	-1.966	-2.046	-0.706	1.564	0.712	
0.713	-1.966	-2.046	-0.706	1.564	0.712	
0.713	-1.966	-2.046	-0.706	1.565	0.712	
0.713	-1.967	-2.046	-0.705	1.565	0.712	
0.713	-1.967	-2.046	-0.705	1.565	0.712	
0.713	-1.967	-2.046	-0.705	1.565	0.712	
0.713	-1.967	-2.046	-0.704	1.565	0.712	
0.713	-1.968	-2.046	-0.704	1.565	0.712	
0.713	-1.968	-2.046	-0.704	1.565	0.712	
0.713	-1.968	-2.046	-0.703	1.565	0.712	
0.713	-1.969	-2.046	-0.703	1.565	0.712	
0.713	-1.969	-2.046	-0.702	1.565	0.712	
0.713	-1.969	-2.046	-0.702	1.565	0.712	
0.713	-1.969	-2.046	-0.702	1.566	0.712	
0.713	-1.969	-2.046	-0.701	1.566	0.712	
0.713	-1.970	-2.046	-0.701	1.566	0.712	
0.713	-1.970	-2.046	-0.701	1.566	0.712	
0.713	-1.970	-2.046	-0.700	1.566	0.712	
0.713	-1.970	-2.046	-0.700	1.566	0.712	
0.713	-1.971	-2.046	-0.700	1.566	0.712	
0.713	-1.971	-2.046	-0.700	1.566	0.712	
0.713	-1.971	-2.046	-0.699	1.567	0.712	
0.713	-1.971	-2.046	-0.699	1.567	0.712	
0.713	-1.972	-2.046	-0.699	1.567	0.712	
0.713	-1.972	-2.046	-0.698	1.567	0.712	
0.713	-1.972	-2.046	-0.698	1.567	0.712	
0.713	-1.972	-2.046	-0.698	1.567	0.712	
0.713	-1.973	-2.046	-0.697	1.567	0.712	
0.713	-1.973	-2.046	-0.697	1.567	0.712	
0.713	-1.973	-2.046	-0.697	1.567	0.712	
0.712	-1.973	-2.046	-0.696	1.567	0.712	
0.712	-1.974	-2.046	-0.696	1.567	0.712	
0.712	-1.974	-2.046	-0.696	1.568	0.712	
0.712	-1.974	-2.046	-0.696	1.568	0.712	
0.712	-1.974	-2.046	-0.695	1.568	0.712	
0.712	-1.974	-2.046	-0.695	1.568	0.712	
0.712	-1.975	-2.046	-0.695	1.568	0.712	
0.712	-1.975	-2.046	-0.694	1.568	0.712	
0.712	-1.975	-2.046	-0.694	1.568	0.712	
0.712	-1.975	-2.046	-0.694	1.568	0.712	
0.712	-1.976	-2.046	-0.693	1.568	0.712	
0.712	-1.976	-2.046	-0.693	1.568	0.712	
0.712	-1.976	-2.046	-0.693	1.568	0.712	
0.712	-1.976	-2.046	-0.693	1.568	0.712	
0.712	-1.977	-2.046	-0.692	1.568	0.712	
0.712	-1.977	-2.046	-0.692	1.569	0.712	
0.712	-1.977	-2.046	-0.692	1.569	0.712	
0.712	-1.977	-2.046	-0.691	1.569	0.712	
0.712	-1.977	-2.046	-0.691	1.569	0.712	
0.712	-1.978	-2.046	-0.691	1.569	0.712	
0.712	-1.978	-2.046	-0.691	1.569	0.712	
0.712	-1.978	-2.046	-0.690	1.569	0.712	
0.712	-1.978	-2.046	-0.690	1.569	0.712	
0.712	-1.979	-2.046	-0.690	1.569	0.712	
0.712	-1.979	-2.046	-0.689	1.569	0.712	
0.712	-1.979	-2.046	-0.689	1.569	0.712	
0.712	-1.979	-2.046	-0.689	1.569	0.712	
0.712	-1.979	-2.046	-0.689	1.569	0.712	
0.712	-1.980	-2.046	-0.688	1.569	0.712	
0.712	-1.980	-2.046	-0.688	1.569	0.712	
0.712	-1.980	-2.046	-0.688	1.569	0.712	
0.712	-1.980	-2.046	-0.688	1.570	0.712	
0.712	-1.980	-2.046	-0.687	1.570	0.712	
0.712	-1.981	-2.046	-0.687	1.570	0.712	
0.712	-1.981	-2.046	-0.687	1.570	0.712	
0.712	-1.981	-2.046	-0.687	1.570	0.712	
0.712	-1.981	-2.046	-0.686	1.570	0.712	
0.712	-1.981	-2.046	-0.686	1.570	0.712	
0.712	-1.982	-2.046	-0.686	1.570	0.712	
0.712	-1.982	-2.046	-0.686	1.570	0.712	
0.712	-1.982	-2.046	-0.686	1.570	0.712	
0.712	-1.982	-2.046	-0.685	1.570	0.712	
0.712	-1.982	-2.046	-0.685	1.570	0.712	
0.712	-1.983	-2.046	-0.685	1.570	0.712	
0.712	-1.983	-2.046	-0.685	1.570	0.712	
0.712	-1.983	-2.046	-0.684	1.570	0.712	
0.712	-1.983	-2.046	-0.684	1.570	0.712	
0.712	-1.983	-2.046	-0.684	1.570	0.712	
0.712	-1.984	-2.046	-0.684	1.570	0.712	
0.712	-1.984	-2.046	-0.683	1.570	0.712	
0.712	-1.984	-2.046	-0.683	1.570	0.712	
0.712	-1.984	-2.046	-0.683	1.570	0.712	
0.712	-1.984	-2.046	-0.683	1.570	0.712	
0.712	-1.984	-2.046	-0.683	1.570	0.712	
0.712	-1.985	-2.046	-0.682	1.570	0.712	
0.712	-1.985	-2.046	-0.682	1.571	0.712	
0.712	-1.985	-2.046	-0.682	1.571	0.712	
0.712	-1.985	-2.046	-0.682	1.571	0.712	
0.712	-1.985	-2.046	-0.682	1.571	0.712	
0.712	-1.986	-2.046	-0.681	1.571	0.712	
0.712	-1.986	-2.046	-0.681	1.571	0.712	
0.712	-1.986	-2.046	-0.681	1.571	0.712	
0.712	-1.986	-2.046	-0.681	1.571	0.712	
0.712	-1.986	-2.046	-0.681	1.571	0.712	
0.712	-1.986	-2.046	-0.680	1.571	0.712	
0.712	-1.987	-2.046	-0.680	1.571	0.712	
0.712	-1.987	-2.046	-0.680	1.571	0.712	
0.712	-1.987	-2.046	-0.680	1.571	0.712	
0.712	-1.987	-2.046	-0.680	1.571	0.712	
0.712	-1.987	-2.046	-0.679	1.571	0.712	
0.712	-1.988	-2.046	-0.679	1.571	0.712	
0.712	-1.988	-2.046	-0.679	1.571	0.712	
0.712	-1.988	-2.046	-0.679	1.571	0.712	
0.712	-1.988	-2.046	-0.679	1.571	0.712	
0.712	-1.988	-2.046	-0.678	1.571	0.712	
0.712	-1.988	-2.046	-0.678	1.571	0.712	
0.712	-1.989	-2.046	-0.678	1.571	0.712	
0.712	-1.989	-2.046	-0.678	1.571	0.712	
0.712	-1.989	-2.046	-0.678	1.571	0.712	
0.712	-1.989	-2.046	-0.677	1.571	0.712	
0.712	-1.989	-2.046	-0.677	1.571	0.712	
0.712	-1.989	-2.046	-0.677	1.571	0.712	
0.712	-1.990	-2.046	-0.677	1.571	0.712	
0.712	-1.990	-2.046	-0.677	1.571	0.712	
0.712	-1.990	-2.046	-0.676	1.571	0.712	
0.712	-1.990	-2.046	-0.676	1.571	0.712	
0.712	-1.990	-2.046	-0.676	1.571	0.712	
0.712	-1.990	-2.046	-0.676	1.571	0.712	
0.712	-1.991	-2.046	-0.676	1.571	0.712	
0.712	-1.991	-2.046	-0.676	1.571	0.712	
0.712	-1.991	-2.046	-0.675	1.571	0.712	
0.712	-1.991	-2.046	-0.675	1.571	0.712	
0.712	-1.991	-2.046	-0.675	1.571	0.712	
0.712	-1.991	-2.046	-0.675	1.571	0.712	
0.711	-1.992	-2.046	-0.675	1.571	0.712	
0.711	-1.992	-2.046	-0.674	1.571	0.712	
0.711	-1.992	-2.046	-0.674	1.571	0.712	
0.711	-1.992	-2.046	-0.674	1.571	0.712	
0.711	-1.992	-2.046	-0.674	1.571	0.711	
0.711	-1.992	-2.046	-0.674	1.571	0.711	
0.711	-1.993	-2.046	-0.673	1.571	0.711	
0.711	-1.993	-2.046	-0.673	1.571	0.711	
0.711	-1.993	-2.046	-0.673	1.571	0.711	
0.711	-1.993	-2.046	-0.673	1.571	0.711	
0.711	-1.993	-2.046	-0.673	1.571	0.711	
0.711	-1.993	-2.046	-0.673	1.571	0.711	
0.711	-1.993	-2.046	-0.673	1.571	0.711	
0.711	-1.993	-2.046	-0.673	1.571	0.711	
0.711	-1.993	-2.046	-0.673	1.571	0.711	
0.711	-1.993	-2.046	-0.673	1.571	0.711	
0.711	-1.993	-2.046	-0.673	1.571	0.711	
0.711	-1.993	-2.046	-0.673	1.571	0.711	
0.711	-1.993	-2.046	-0.673	1.571	0.711	
0.711	-1.993	-2.046	-0.673	1.571	0.711	
0.711	-1.993	-2.046	-0.673	1.571	0.711	
0.711	-1.993	-2.046	-0.673	1.571	0.711	
0.711	-1.993	-2.046	-0.673	1.571	0.711	
0.711	-1.993	-2.046	-0.673	1.571	0.711	
0.711	-1.993	-2.046	-0.673	1.571	0.711	
0.711	-1.993	-2.046	-0.673	1.571	0.711	
0.711	-1.993	-2.046	-0.673	1.571	0.711	
0.711	-1.993	-2.046	-0.673	1.571	0.711	
0.711	-1.993	-2.046	-0.673	1.571	0.711	
0.711	-1.993	-2.046	-0.673	1.571	0.711	
0.711	-1.993	-2.046	-0.673	1.571	0.711	
0.711	-1.993	-2.046	-0.673	1.571	0.711	
0.711	-1.993	-2.046	-0.673	1.571	0.711	
0.711	-1.993	-2.046	-0.673	1.571	0.711	
0.711	-1.993	-2.046	-0.673	1.571	0.711	
0.711	-1.993	-2.046	-0.673	1.571	0.711	
0.711	-1.993	-2.046	-0.673	1.571	0.711	
0.711	-1.993	-2.046	-0.673	1.571	0.711	
0.711	-1.993	-2.046	-0.673	1.571	0.711	
0.711	-1.993	-2.046	-0.673	1.571	0.711	
0.711	-1.993	-2.046	-0.673	1.571	0.711	
0.711	-1.993	-2.046	-0.673	1.571	0.711	
0.711	-1.993	-2.046	-0.673	1.571	0.711	
0.711	-1.993	-2.046	-0.673	1.571	0.711	
0.711	-1.993	-2.046	-0.673	1.571	0.711	
0.711	-1.993	-2.046	-0.673	1.571	0.711	
0.711	-1.993	-2.046	-0.673	1.571	0.711	
0.711	-1.993	-2.046	-0.673	1.571	0.711	
0.711	-1.993	-2.046	-0.673	1.571	0.711	
0.711	-1.993	-2.046	-0.673	1.571	0.711	
0.711	-1.993	-2.046	-0.673	1.571	0.711	
0.711	-1.993	-2.046	-0.673	1.571	0.711	
0.711	-1.993	-2.046	-0.673	1.571	0.711	
0.711	-1.993	-2.046	-0.673	1.571	0.711	
0.711	-1.993	-2.046	-0.673	1.571	0.711	
0.711	-1.993	-2.046	-0.673	1.571	0.711	
0.711	-1.993	-2.046	-0.673	1.571	0.711	
0.711	-1.993	-2.046	-0.673	1.571	0.711	
0.711	-1.993	-2.046	-0.673	1.571	0.711	
0.711	-1.993	-2.046	-0.673	1.571	0.711	
0.711	-1.993	-2.046	-0.673	1.571	0.711	
0.711	-1.993	-2.046	-0.673	1.571	0.711	
0.711	-1.993	-2.046	-0.673	1.571	0.711	
0.711	-1.993	-2.046	-0.673	1.571	0.711	
0.711	-1.993	-2.046	-0.673	1.571	0.711	
0.711	-1.993	-2.046	-0.673	1.571	0.711	
0.711	-1.993	-2.046	-0.673	1.571	0.711	
0.711	-1.993	-2.046	-0.673	1.571	0.711	
0.711	-1.993	-2.046	-0.673	1.571	0.711	
0.711	-1.993	-2.046	-0.673	1.571	0.711	
0.711	-1.993	-2.046	-0.673	1.571	0.711	
0.711	-1.993	-2.046	-0.673	1.571	0.711	
0.711	-1.993	-2.046	-0.673	1.571	0.711	
0.711	-1.993	-2.046	-0.673	1.571	0.711	
0.711	-1.993	-2.046	-0.673	1.571	0.711	
0.711	-1.993	-2.047	-0.673	1.571	0.711	
0.711	-1.993	-2.047	-0.673	1.571	0.711	
0.711	-1.993	-2.047	-0.673	1.571	0.711	
0.711	-1.993	-2.047	-0.673	1.571	0.711	
0.711	-1.993	-2.047	-0.673	1.571	0.711	
0.711	-1.993	-2.047	-0.673	1.571	0.711	
0.711	-1.993	-2.047	-0.673	1.571	0.711	
0.711	-1.993	-2.047	-0.673	1.571	0.711	
0.711	-1.993	-2.047	-0.673	1.571	0.711	
0.711	-1.993	-2.047	-0.673	1.571	0.711	
0.711	-1.993	-2.047	-0.673	1.571	0.711	
0.711	-1.993	-2.047	-0.673	1.571	0.711	
0.711	-1.993	-2.047	-0.673	1.571	0.711	
0.711	-1.993	-2.047	-0.673	1.571	0.711	
0.711	-1.993	-2.047	-0.673	1.571	0.711	
0.711	-1.993	-2.047	-0.673	1.571	0.711	
0.711	-1.993	-2.047	-0.673	1.571	0.711	
0.711	-1.993	-2.047	-0.673	1.571	0.711	
0.711	-1.993	-2.047	-0.673	1.571	0.711	
0.711	-1.993	-2.047	-0.673	1.571	0.711	
0.711	-1.993	-2.047	-0.673	1.571	0.711	
0.711	-1.993	-2.047	-0.673	1.571	0.711	
0.711	-1.993	-2.047	-0.673	1.571	0.711	
0.711	-1.993	-2.047	-0.673	1.571	0.711	
0.711	-1.993	-2.047	-0.673	1.571	0.711	
0.711	-1.993	-2.047	-0.673	1.571	0.711	
0.711	-1.993	-2.047	-0.673	1.571	0.711	
0.711	-1.993	-2.047	-0.673	1.571	0.711	
0.711	-1.993	-2.047	-0.673	1.571	0.711	
0.711	-1.993	-2.047	-0.673	1.571	0.711	
0.711	-1.993	-2.047	-0.673	1.571	0.711	
0.711	-1.993	-2.047	-0.673	1.571	0.711	
0.711	-1.993	-2.047	-0.673	1.571	0.711	
0.711	-1.993	-2.047	-0.673	1.571	0.711	
0.711	-1.993	-2.047	-0.673	1.571	0.711	
0.711	-1.993	-2.047	-0.673	1.571	0.711	
0.711	-1.993	-2.047	-0.673	1.571	0.711	
0.711	-1.993	-2.047	-0.673	1.571	0.711	
0.711	-1.993	-2.047	-0.673	1.571	0.711	
0.711	-1.993	-2.047	-0.673	1.571	0.711	
0.711	-1.993	-2.047	-0.673	1.571	0.711	
0.711	-1.993	-2.047	-0.673	1.571	0.711	
0.711	-1.993	-2.047	-0.673	1.571	0.711	
0.711	-1.993	-2.047	-0.673	1.571	0.711	
0.711	-1.993	-2.047	-0.673	1.571	0.711	
0.711	-1.993	-2.047	-0.673	1.571	0.711	
0.711	-1.993	-2.047	-0.673	1.571	0.711	
0.711	-1.993	-2.047	-0.673	1.571	0.711	
0.711	-1.993	-2.047	-0.673	1.571	0.711	
0.711	-1.993	-2.047	-0.673	1.571	0.711	
0.711	-1.993	-2.047	-0.673	1.571	0.711	
0.711	-1.993	-2.047	-0.673	1.571	0.711	
0.711	-1.993	-2.047	-0.673	1.571	0.711	
0.711	-1.993	-2.047	-0.673	1.571	0.711	
0.711	-1.993	-2.047	-0.673	1.571	0.711	
0.711	-1.993	-2.047	-0.673	1.571	0.711	
0.711	-1.993	-2.047	-0.673	1.571	0.711	
0.711	-1.993	-2.047	-0.673	1.571	0.711	
0.711	-1.993	-2.047	-0.673	1.571	0.711	
0.711	-1.993	-2.047	-0.673	1.571	0.711	
0.711	-1.993	-2.047	-0.673	1.571	0.711	
0.711	-1.993	-2.047	-0.673	1.571	0.711	
0.711	-1.993	-2.047	-0.673	1.571	0.711	
0.711	-1.993	-2.047	-0.673	1.571	0.711	
0.711	-1.993	-2.047	-0.673	1.571	0.711	
0.711	-1.993	-2.047	-0.673	1.571	0.711	
0.711	-1.993	-2.047	-0.673	1.571	0.711	
0.711	-1.993	-2.047	-0.673	1.571	0.711	
0.711	-1.993	-2.047	-0.673	1.571	0.711	
0.711	-1.993	-2.047	-0.673	1.571	0.711	
0.711	-1.993	-2.047	-0.673	1.571	0.711	
0.711	-1.993	-2.047	-0.673	1.571	0.711	
0.711	-1.993	-2.047	-0.673	1.571	0.711	
0.711	-1.993	-2.047	-0.673	1.571	0.711	
0.711	-1.993	-2.047	-0.673	1.571	0.711	
0.711	-1.993	-2.047	-0.673	1.571	0.711	
0.711	-1.993	-2.047	-0.673	1.571	0.711	
0.711	-1.993	-2.047	-0.673	1.571	0.711	
0.711	-1.993	-2.047	-0.673	1.571	0.711	
0.711	-1.993	-2.047	-0.673	1.571	0.711	
0.711	-1.993	-2.047	-0.673	1.571	0.711	
0.711	-1.993	-2.047	-0.673	1.571	0.711	
0.711	-1.993	-2.047	-0.673	1.571	0.711	
0.711	-1.993	-2.047	-0.673	1.571	0.711	
0.711	-1.993	-2.047	-0.673	1.571	0.711	
0.711	-1.993	-2.047	-0.673	1.571	0.711	
0.711	-1.993	-2.047	-0.673	1.571	0.711	
0.711	-1.993	-2.047	-0.673	1.571	0.711	
0.711	-1.993	-2.047	-0.673	1.571	0.711	
0.711	-1.993	-2.047	-0.673	1.571	0.711	
0.711	-1.993	-2.047	-0.673	1.571	0.711	
0.711	-1.993	-2.047	-0.673	1.571	0.711	
0.711	-1.993	-2.047	-0.673	1.571	0.711	
0.711	-1.993	-2.047	-0.673	1.571	0.711	
0.711	-1.993	-2.047	-0.673	1.571	0.711	
0.711	-1.993	-2.047	-0.673	1.571	0.711	
0.711	-1.993	-2.047	-0.673	1.571	0.711	
0.711	-1.993	-2.047	-0.673	1.571	0.711	
0.711	-1.993	-2.047	-0.673	1.571	0.711	
0.711	-1.993	-2.047	-0.673	1.571	0.711	
0.711	-1.993	-2.047	-0.673	1.571	0.711	
0.711	-1.993	-2.047	-0.673	1.571	0.711	
0.711	-1.993	-2.047	-0.673	1.571	0.711	
0.711	-1.993	-2.047	-0.673	1.571	0.711	
0.711	-1.993	-2.047	-0.673	1.571	0.711	
0.711	-1.993	-2.047	-0.673	1.571	0.711	
0.711	-1.993	-2.047	-0.673	1.571	0.711	
0.711	-1.993	-2.047	-0.673	1.571	0.711	
0.711	-1.993	-2.047	-0.673	1.571	0.711	
0.711	-1.993	-2.047	-0.673	1.571	0.711	
0.711	-1.993	-2.047	-0.673	1.571	0.711	
0.711	-1.993	-2.047	-0.673	1.571	0.711	
0.711	-1.993	-2.047	-0.673	1.571	0.711	
0.711	-1.993	-2.047	-0.673	1.571	0.711	
0.711	-1.993	-2.047	-0.673	1.571	0.711	
0.711	-1.993	-2.047	-0.673	1.571	0.711	
0.711	-1.993	-2.047	-0.673	1.571	0.711	
0.711	-1.993	-2.047	-0.673	1.571	0.711	
0.711	-1.993	-2.047	-0.673	1.571	0.711	
0.711	-1.993	-2.047	-0.673	1.571	0.711	
0.711	-1.993	-2.047	-0.673	1.571	0.711	
0.711	-1.993	-2.047	-0.673	1.571	0.711	
0.711	-1.993	-2.047	-0.673	1.571	0.711	
0.711	-1.993	-2.047	-0.673	1.571	0.711	
0.711	-1.993	-2.047	-0.673	1.571	0.711	
0.711	-1.993	-2.047	-0.673	1.571	0.711	
0.711	-1.993	-2.047	-0.673	1.571	0.711	
0.711	-1.993	-2.047	-0.673	1.571	0.711	
0.711	-1.993	-2.047	-0.673	1.571	0.711	
0.711	-1.993	-2.047	-0.673	1.571	0.711	
0.711	-1.993	-2.047	-0.673	1.571	0.711	
0.711	-1.993	-2.047	-0.673	1.571	0.711	
0.711	-1.993	-2.047	-0.673	1.571	0.711	
0.711	-1.993	-2.047	-0.673	1.571	0.711	
0.711	-1.993	-2.047	-0.672	1.571	0.711	
0.711	-1.993	-2.047	-0.672	1.571	0.711	
0.711	-1.993	-2.047	-0.672	1.571	0.711	
0.711	-1.993	-2.047	-0.672	1.571	0.711	
0.711	-1.993	-2.047	-0.672	1.571	0.711	
0.711	-1.993	-2.047	-0.672	1.571	0.711	
0.711	-1.993	-2.047	-0.672	1.571	0.711	
0.711	-1.993	-2.047	-0.672	1.571	0.711	
0.711	-1.993	-2.047	-0.672	1.571	0.711	
0.711	-1.993	-2.047	-0.672	1.571	0.711	
0.711	-1.993	-2.047	-0.672	1.571	0.711	
0.711	-1.993	-2.047	-0.672	1.571	0.711	
0.711	-1.993	-2.047	-0.672	1.571	0.711	
0.711	-1.993	-2.047	-0.672	1.571	0.711	
0.711	-1.993	-2.047	-0.672	1.571	0.711	
0.711	-1.993	-2.047	-0.672	1.571	0.711	
0.711	-1.993	-2.047	-0.672	1.571	0.711	
0.711	-1.993	-2.047	-0.672	1.571	0.711	
0.711	-1.993	-2.047	-0.672	1.571	0.711	
0.711	-1.993	-2.047	-0.672	1.571	0.711	
0.711	-1.993	-2.047	-0.672	1.571	0.711	
0.711	-1.993	-2.047	-0.672	1.571	0.711	
0.711	-1.993	-2.047	-0.672	1.571	0.711	
0.711	-1.993	-2.047	-0.672	1.571	0.711	
0.711	-1.993	-2.047	-0.672	1.571	0.711	
0.711	-1.993	-2.047	-0.672	1.571	0.711	
0.711	-1.993	-2.047	-0.672	1.571	0.711	
0.711	-1.993	-2.047	-0.672	1.571	0.711	
0.711	-1.993	-2.047	-0.672	1.571	0.711	
0.711	-1.993	-2.047	-0.672	1.571	0.711	
0.711	-1.993	-2.047	-0.672	1.571	0.711	
0.711	-1.993	-2.047	-0.672	1.571	0.711	
0.711	-1.993	-2.047	-0.672	1.571	0.711	
0.711	-1.993	-2.047	-0.672	1.571	0.711	
0.711	-1.993	-2.047	-0.672	1.571	0.711	
0.711	-1.993	-2.047	-0.672	1.571	0.711	
0.711	-1.993	-2.047	-0.673	1.571	0.711	
0.711	-1.993	-2.047	-0.673	1.571	0.711	
0.711	-1.993	-2.047	-0.673	1.571	0.711	
0.711	-1.993	-2.047	-0.673	1.571	0.711	
0.711	-1.993	-2.047	-0.673	1.571	0.711	
0.711	-1.993	-2.047	-0.673	1.571	0.711	
0.711	-1.993	-2.047	-0.673	1.571	0.711	
0.711	-1.993	-2.047	-0.673	1.571	0.711	
0.711	-1.993	-2.047	-0.673	1.571	0.711	
0.711	-1.993	-2.047	-0.673	1.571	0.711	
0.711	-1.993	-2.047	-0.673	1.571	0.711	
0.711	-1.993	-2.047	-0.673	1.571	0.711	
0.711	-1.993	-2.047	-0.673	1.571	0.711	
0.711	-1.993	-2.047	-0.673	1.571	0.711	
0.711	-1.993	-2.047	-0.673	1.571	0.711	
0.711	-1.993	-2.047	-0.673	1.571	0.711	
0.711	-1.993	-2.047	-0.673	1.571	0.711	
0.711	-1.993	-2.047	-0.673	1.571	0.711	
0.711	-1.993	-2.047	-0.673	1.571	0.711	
0.711	-1.993	-2.047	-0.673	1.571	0.711	
0.711	-1.993	-2.047	-0.673	1.571	0.711	
0.711	-1.993	-2.047	-0.673	1.571	0.711	
0.711	-1.993	-2.047	-0.673	1.571	0.711	
0.711	-1.993	-2.047	-0.673	1.571	0.711	
0.711	-1.993	-2.047	-0.673	1.571	0.711	
0.711	-1.993	-2.047	-0.673	1.571	0.711	
0.711	-1.993	-2.047	-0.673	1.571	0.711	
0.711	-1.993	-2.047	-0.673	1.571	0.711	
0.711	-1.993	-2.047	-0.673	1.571	0.711	
0.711	-1.993	-2.047	-0.673	1.571	0.711	
0.711	-1.993	-2.047	-0.673	1.571	0.711	
0.711	-1.993	-2.047	-0.672	1.571	0.711	
0.711	-1.993	-2.047	-0.672	1.571	0.711	
0.711	-1.993	-2.047	-0.672	1.571	0.711	
0.711	-1.993	-2.047	-0.672	1.571	0.711	
0.711	-1.993	-2.047	-0.672	1.571	0.711	
0.711	-1.993	-2.047	-0.672	1.571	0.711	
0.711	-1.993	-2.047	-0.672	1.571	0.711	
0.711	-1.993	-2.047	-0.672	1.571	0.711	
0.711	-1.993	-2.047	-0.672	1.571	0.711	
0.711	-1.993	-2.047	-0.672	1.571	0.711	
0.711	-1.993	-2.047	-0.672	1.571	0.711	
0.711	-1.993	-2.047	-0.672	1.571	0.711	
0.711	-1.993	-2.047	-0.672	1.571	0.711	
0.711	-1.993	-2.047	-0.672	1.571	0.711	
0.711	-1.993	-2.047	-0.673	1.571	0.711	
0.711	-1.993	-2.047	-0.673	1.571	0.711	
0.711	-1.993	-2.047	-0.673	1.571	0.711	
0.711	-1.993	-2.047	-0.673	1.571	0.711	
0.711	-1.993	-2.047	-0.673	1.571	0.711	
0.711	-1.993	-2.047	-0.673	1.571	0.711	
0.711	-1.993	-2.047	-0.673	1.571	0.711	
0.711	-1.993	-2.047	-0.673	1.571	0.711	
0.711	-1.993	-2.047	-0.673	1.571	0.711	
0.711	-1.993	-2.047	-0.673	1.571	0.711	
0.711	-1.993	-2.047	-0.673	1.571	0.711	
0.711	-1.993	-2.047	-0.673	1.571	0.711	
0.711	-1.993	-2.047	-0.673	1.571	0.711	
0.711	-1.993	-2.047	-0.673	1.571	0.711	
0.711	-1.993	-2.047	-0.673	1.571	0.711	
0.711	-1.993	-2.046	-0.673	1.571	0.711	
0.711	-1.993	-2.046	-0.673	1.571	0.711	
0.711	-1.993	-2.046	-0.673	1.571	0.711	
0.711	-1.993	-2.046	-0.673	1.571	0.711	
0.711	-1.993	-2.046	-0.673	1.571	0.711	
0.711	-1.993	-2.046	-0.673	1.571	0.711	
0.711	-1.993	-2.046	-0.673	1.571	0.711	
0.711	-1.993	-2.046	-0.673	1.571	0.711	
0.711	-1.993	-2.046	-0.673	1.571	0.711	
0.711	-1.993	-2.046	-0.673	1.571	0.711	
0.711	-1.993	-2.046	-0.673	1.571	0.711	
0.711	-1.993	-2.046	-0.673	1.571	0.711	
0.711	-1.993	-2.046	-0.673	1.571	0.711	
0.711	-1.993	-2.046	-0.673	1.571	0.711	
0.711	-1.993	-2.046	-0.673	1.571	0.711	
0.711	-1.993	-2.046	-0.673	1.571	0.711	
0.711	-1.993	-2.046	-0.673	1.571	0.711	
0.711	-1.993	-2.046	-0.673	1.571	0.711	
0.711	-1.993	-2.046	-0.673	1.571	0.711	
0.711	-1.993	-2.046	-0.673	1.571	0.711	
0.711	-1.993	-2.046	-0.673	1.571	0.711	
0.711	-1.993	-2.046	-0.673	1.571	0.711	
0.711	-1.993	-2.046	-0.673	1.571	0.711	
0.711	-1.994	-2.046	-0.673	1.571	0.711	
0.711	-1.994	-2.046	-0.673	1.571	0.711	
0.711	-1.994	-2.046	-0.673	1.571	0.711	
0.711	-1.994	-2.046	-0.673	1.571	0.711	
0.711	-1.994	-2.046	-0.673	1.571	0.711	
0.711	-1.994	-2.045	-0.673	1.571	0.711	
0.711	-1.994	-2.045	-0.673	1.571	0.711	
0.711	-1.994	-2.045	-0.673	1.571	0.711	
0.711	-1.994	-2.045	-0.673	1.571	0.711	
0.711	-1.994	-2.045	-0.673	1.571	0.711	
0.711	-1.994	-2.045	-0.673	1.571	0.711	
0.711	-1.994	-2.045	-0.673	1.571	0.711	
0.711	-1.994	-2.045	-0.673	1.571	0.711	
0.711	-1.994	-2.045	-0.673	1.571	0.711	
0.711	-1.994	-2.045	-0.674	1.571	0.711	
0.711	-1.994	-2.045	-0.674	1.571	0.711	
0.711	-1.994	-2.045	-0.674	1.571	0.711	
0.711	-1.994	-2.045	-0.674	1.571	0.711	
0.711	-1.994	-2.045	-0.674	1.571	0.711	
0.711	-1.994	-2.045	-0.674	1.571	0.711	
0.711	-1.994	-2.045	-0.674	1.571	0.711	
0.711	-1.994	-2.045	-0.674	1.571	0.711	
0.711	-1.994	-2.045	-0.674	1.571	0.711	
0.711	-1.994	-2.045	-0.674	1.571	0.711	
0.711	-1.994	-2.045	-0.674	1.571	0.711	
0.711	-1.994	-2.045	-0.674	1.571	0.711	
0.711	-1.994	-2.045	-0.674	1.571	0.711	
0.711	-1.994	-2.044	-0.674	1.571	0.711	
0.711	-1.994	-2.044	-0.674	1.571	0.711	
0.711	-1.994	-2.044	-0.674	1.571	0.711	
0.711	-1.994	-2.044	-0.674	1.571	0.711	
0.711	-1.994	-2.044	-0.674	1.571	0.711	
0.711	-1.994	-2.044	-0.674	1.571	0.711	
0.711	-1.994	-2.044	-0.674	1.571	0.711	
0.711	-1.994	-2.044	-0.674	1.571	0.711	
0.711	-1.994	-2.044	-0.674	1.571	0.711	
0.711	-1.994	-2.044	-0.674	1.571	0.711	
0.711	-1.994	-2.044	-0.674	1.571	0.711	
0.711	-1.995	-2.044	-0.674	1.571	0.711	
0.711	-1.995	-2.044	-0.674	1.571	0.711	
0.711	-1.995	-2.044	-0.674	1.571	0.711	
0.711	-1.995	-2.044	-0.674	1.571	0.711	
0.711	-1.995	-2.044	-0.674	1.571	0.711	
0.711	-1.995	-2.044	-0.674	1.571	0.711	
0.711	-1.995	-2.043	-0.674	1.571	0.711	
0.711	-1.995	-2.043	-0.674	1.571	0.711	
0.711	-1.995	-2.043	-0.674	1.571	0.711	
0.711	-1.995	-2.043	-0.674	1.571	0.711	
0.711	-1.995	-2.043	-0.674	1.571	0.711	
0.711	-1.995	-2.043	-0.674	1.571	0.711	
0.711	-1.995	-2.043	-0.674	1.571	0.711	
0.711	-1.995	-2.043	-0.675	1.571	0.711	
0.711	-1.995	-2.043	-0.675	1.571	0.711	
0.711	-1.995	-2.043	-0.675	1.571	0.711	
0.711	-1.995	-2.043	-0.675	1.571	0.711	
0.711	-1.995	-2.043	-0.675	1.571	0.711	
0.711	-1.995	-2.043	-0.675	1.571	0.711	
0.711	-1.995	-2.043	-0.675	1.571	0.711	
0.711	-1.995	-2.043	-0.675	1.571	0.711	
0.711	-1.995	-2.042	-0.675	1.571	0.711	
0.711	-1.995	-2.042	-0.675	1.571	0.711	
0.711	-1.995	-2.042	-0.675	1.571	0.711	
0.711	-1.995	-2.042	-0.675	1.571	0.711	
0.711	-1.995	-2.042	-0.675	1.571	0.711	
0.711	-1.995	-2.042	-0.675	1.571	0.711	
0.711	-1.995	-2.042	-0.675	1.571	0.711	
0.711	-1.995	-2.042	-0.675	1.571	0.711	
0.711	-1.995	-2.042	-0.675	1.571	0.711	
0.711	-1.995	-2.042	-0.675	1.571	0.711	
0.711	-1.995	-2.042	-0.675	1.571	0.711	
0.711	-1.995	-2.042	-0.675	1.571	0.711	
0.711	-1.995	-2.042	-0.675	1.571	0.711	
0.711	-1.995	-2.042	-0.675	1.571	0.711	
0.711	-1.995	-2.042	-0.675	1.571	0.711	
0.711	-1.995	-2.041	-0.675	1.571	0.711	
0.711	-1.995	-2.041	-0.676	1.571	0.711	
0.711	-1.995	-2.041	-0.676	1.571	0.711	
0.711	-1.996	-2.041	-0.676	1.571	0.711	
0.711	-1.996	-2.041	-0.676	1.571	0.711	
0.711	-1.996	-2.041	-0.676	1.571	0.711	
0.711	-1.996	-2.041	-0.676	1.571	0.711	
0.711	-1.996	-2.041	-0.676	1.571	0.711	
0.711	-1.996	-2.041	-0.676	1.571	0.711	
0.711	-1.996	-2.041	-0.676	1.571	0.711	
0.711	-1.996	-2.041	-0.676	1.571	0.711	
0.711	-1.996	-2.041	-0.676	1.571	0.711	
0.711	-1.996	-2.041	-0.676	1.571	0.711	
0.711	-1.996	-2.041	-0.676	1.571	0.711	
0.711	-1.996	-2.040	-0.676	1.571	0.711	
0.711	-1.996	-2.040	-0.676	1.571	0.711	
0.711	-1.996	-2.040	-0.676	1.571	0.711	
0.711	-1.996	-2.040	-0.676	1.571	0.711	
0.711	-1.996	-2.040	-0.676	1.571	0.711	
0.711	-1.996	-2.040	-0.676	1.571	0.711	
0.711	-1.996	-2.040	-0.676	1.571	0.711	
0.711	-1.996	-2.040	-0.676	1.571	0.711	
0.711	-1.996	-2.040	-0.676	1.571	0.711	
0.711	-1.996	-2.040	-0.676	1.571	0.711	
0.711	-1.996	-2.040	-0.676	1.571	0.711	
0.711	-1.996	-2.040	-0.677	1.571	0.711	
0.711	-1.996	-2.040	-0.677	1.571	0.711	
0.711	-1.996	-2.040	-0.677	1.571	0.711	
0.711	-1.996	-2.039	-0.677	1.571	0.711	
0.711	-1.996	-2.039	-0.677	1.571	0.711	
0.711	-1.996	-2.039	-0.677	1.571	0.711	
0.711	-1.996	-2.039	-0.677	1.571	0.711	
0.711	-1.996	-2.039	-0.677	1.571	0.711	
0.711	-1.996	-2.039	-0.677	1.571	0.711	
0.711	-1.996	-2.039	-0.677	1.571	0.711	
0.711	-1.996	-2.039	-0.677	1.571	0.711	
0.711	-1.996	-2.039	-0.677	1.571	0.711	
0.711	-1.996	-2.039	-0.677	1.571	0.711	
0.711	-1.997	-2.039	-0.677	1.571	0.711	
0.711	-1.997	-2.039	-0.677	1.571	0.711	
0.711	-1.997	-2.039	-0.677	1.571	0.711	
0.711	-1.997	-2.039	-0.677	1.571	0.711	
0.711	-1.997	-2.038	-0.677	1.571	0.711	
0.711	-1.997	-2.038	-0.677	1.571	0.711	
0.711	-1.997	-2.038	-0.677	1.571	0.711	
0.711	-1.997	-2.038	-0.677	1.571	0.711	
0.711	-1.997	-2.038	-0.677	1.571	0.711	
0.711	-1.997	-2.038	-0.678	1.571	0.711	
0.711	-1.997	-2.038	-0.678	1.571	0.711	
0.711	-1.997	-2.038	-0.678	1.571	0.711	
0.711	-1.997	-2.038	-0.678	1.571	0.711	
0.711	-1.997	-2.038	-0.678	1.571	0.711	
0.711	-1.997	-2.038	-0.678	1.571	0.711	
0.711	-1.997	-2.038	-0.678	1.571	0.711	
0.711	-1.997	-2.038	-0.678	1.571	0.711	
0.711	-1.997	-2.037	-0.678	1.571	0.711	
0.711	-1.997	-2.037	-0.678	1.571	0.711	
0.711	-1.997	-2.037	-0.678	1.571	0.711	
0.711	-1.997	-2.037	-0.678	1.571	0.711	
0.711	-1.997	-2.037	-0.678	1.571	0.711	
0.711	-1.997	-2.037	-0.678	1.571	0.711	
0.711	-1.997	-2.037	-0.678	1.571	0.711	
0.711	-1.997	-2.037	-0.678	1.571	0.711	
0.711	-1.997	-2.037	-0.678	1.571	0.711	
0.711	-1.997	-2.037	-0.678	1.571	0.711	
0.711	-1.997	-2.037	-0.678	1.571	0.711	
0.711	-1.997	-2.037	-0.678	1.571	0.711	
0.711	-1.997	-2.037	-0.678	1.571	0.711	
0.711	-1.997	-2.036	-0.679	1.571	0.711	
0.711	-1.997	-2.036	-0.679	1.571	0.711	
0.711	-1.997	-2.036	-0.679	1.571	0.711	
0.711	-1.998	-2.036	-0.679	1.571	0.711	
0.711	-1.998	-2.036	-0.679	1.571	0.711	
0.711	-1.998	-2.036	-0.679	1.571	0.711	
0.711	-1.998	-2.036	-0.679	1.571	0.711	
0.711	-1.998	-2.036	-0.679	1.571	0.711	
0.711	-1.998	-2.036	-0.679	1.571	0.711	
0.711	-1.998	-2.036	-0.679	1.571	0.711	
0.711	-1.998	-2.036	-0.679	1.571	0.711	
0.711	-1.998	-2.036	-0.679	1.571	0.711	
0.711	-1.998	-2.036	-0.679	1.571	0.711	
0.711	-1.998	-2.035	-0.679	1.571	0.711	
0.711	-1.998	-2.035	-0.679	1.571	0.711	
0.711	-1.998	-2.035	-0.679	1.571	0.711	
0.711	-1.998	-2.035	-0.679	1.571	0.711	
0.711	-1.998	-2.035	-0.679	1.571	0.711	
0.711	-1.998	-2.035	-0.679	1.571	0.711	
0.711	-1.998	-2.035	-0.679	1.571	0.711	
0.711	-1.998	-2.035	-0.680	1.571	0.711	
0.711	-1.998	-2.035	-0.680	1.571	0.711	
0.711	-1.998	-2.035	-0.680	1.571	0.711	
0.711	-1.998	-2.035	-0.680	1.571	0.711	
0.711	-1.998	-2.035	-0.680	1.571	0.711	
0.711	-1.998	-2.034	-0.680	1.571	0.711	
0.711	-1.998	-2.034	-0.680	1.571	0.711	
0.711	-1.998	-2.034	-0.680	1.571	0.711	
0.711	-1.998	-2.034	-0.680	1.571	0.711	
0.711	-1.998	-2.034	-0.680	1.571	0.711	
0.711	-1.998	-2.034	-0.680	1.571	0.711	
0.711	-1.998	-2.034	-0.680	1.571	0.711	
0.711	-1.998	-2.034	-0.680	1.571	0.711	
0.711	-1.998	-2.034	-0.680	1.571	0.711	
0.711	-1.998	-2.034	-0.680	1.571	0.711	
0.711	-1.998	-2.034	-0.680	1.571	0.711	
0.711	-1.999	-2.034	-0.680	1.571	0.711	
0.711	-1.999	-2.034	-0.680	1.571	0.711	
0.711	-1.999	-2.033	-0.680	1.571	0.711	
0.711	-1.999	-2.033	-0.680	1.571	0.711	
0.711	-1.999	-2.033	-0.680	1.571	0.711	
0.711	-1.999	-2.033	-0.681	1.571	0.711	
0.711	-1.999	-2.033	-0.681	1.571	0.711	
0.711	-1.999	-2.033	-0.681	1.571	0.711	
0.711	-1.999	-2.033	-0.681	1.571	0.711	
0.711	-1.999	-2.033	-0.681	1.571	0.711	
0.711	-1.999	-2.033	-0.681	1.571	0.711	
0.711	-1.999	-2.033	-0.681	1.571	0.711	
0.711	-1.999	-2.033	-0.681	1.571	0.711	
0.711	-1.999	-2.033	-0.681	1.571	0.711	
0.711	-1.999	-2.032	-0.681	1.571	0.711	
0.711	-1.999	-2.032	-0.681	1.571	0.711	
0.711	-1.999	-2.032	-0.681	1.571	0.711	
0.710	-1.999	-2.032	-0.681	1.571	0.711	
0.710	-1.999	-2.032	-0.681	1.571	0.711	
0.710	-1.999	-2.032	-0.681	1.571	0.711	
0.710	-1.999	-2.032	-0.681	1.571	0.711	
0.710	-1.999	-2.032	-0.681	1.571	0.711	
0.710	-1.999	-2.032	-0.681	1.571	0.711	
0.710	-1.999	-2.032	-0.681	1.571	0.711	
0.710	-1.999	-2.032	-0.681	1.571	0.710	
0.710	-1.999	-2.032	-0.682	1.571	0.710	
0.710	-1.999	-2.031	-0.682	1.571	0.710	
0.710	-1.999	-2.031	-0.682	1.571	0.710	
0.710	-1.999	-2.031	-0.682	1.571	0.710	
0.710	-1.999	-2.031	-0.682	1.571	0.710	
0.710	-1.999	-2.031	-0.682	1.571	0.710	
0.710	-1.999	-2.031	-0.682	1.571	0.710	
0.710	-2.000	-2.031	-0.682	1.571	0.710	
0.710	-2.000	-2.031	-0.682	1.571	0.710	
0.710	-2.000	-2.031	-0.682	1.571	0.710	
0.710	-2.000	-2.031	-0.682	1.571	0.710	
0.710	-2.000	-2.031	-0.682	1.571	0.710	
0.710	-2.000	-2.031	-0.682	1.571	0.710	
0.710	-2.000	-2.030	-0.682	1.571	0.710	
0.710	-2.000	-2.030	-0.682	1.571	0.710	
0.710	-2.000	-2.030	-0.682	1.571	0.710	
0.710	-2.000	-2.030	-0.682	1.571	0.710	
0.710	-2.000	-2.030	-0.682	1.571	0.710	
0.710	-2.000	-2.030	-0.682	1.571	0.710	
0.710	-2.000	-2.030	-0.683	1.571	0.710	
0.710	-2.000	-2.030	-0.683	1.571	0.710	
0.710	-2.000	-2.030	-0.683	1.571	0.710	
0.710	-2.000	-2.030	-0.683	1.571	0.710	
0.710	-2.000	-2.030	-0.683	1.571	0.710	
0.710	-2.000	-2.030	-0.683	1.571	0.710	
0.710	-2.000	-2.029	-0.683	1.571	0.710	
0.710	-2.000	-2.029	-0.683	1.571	0.710	
0.710	-2.000	-2.029	-0.683	1.571	0.710	
0.710	-2.000	-2.029	-0.683	1.571	0.710	
0.710	-2.000	-2.029	-0.683	1.571	0.710	
0.710	-2.000	-2.029	-0.683	1.571	0.710	
0.710	-2.000	-2.029	-0.683	1.571	0.710	
0.710	-2.000	-2.029	-0.683	1.571	0.710	
0.710	-2.000	-2.029	-0.683	1.571	0.710	
0.710	-2.000	-2.029	-0.683	1.571	0.710	
0.710	-2.000	-2.029	-0.683	1.571	0.710	
0.710	-2.000	-2.029	-0.683	1.571	0.710	
0.710	-2.000	-2.028	-0.683	1.571	0.710	
0.710	-2.001	-2.028	-0.684	1.571	0.710	
0.710	-2.001	-2.028	-0.684	1.571	0.710	
0.710	-2.001	-2.028	-0.684	1.571	0.710	
0.710	-2.001	-2.028	-0.684	1.571	0.710	
0.710	-2.001	-2.028	-0.684	1.571	0.710	
0.710	-2.001	-2.028	-0.684	1.571	0.710	
0.710	-2.001	-2.028	-0.684	1.571	0.710	
0.710	-2.001	-2.028	-0.684	1.571	0.710	
0.710	-2.001	-2.028	-0.684	1.571	0.710	
0.710	-2.001	-2.028	-0.684	1.571	0.710	
0.710	-2.001	-2.027	-0.684	1.571	0.710	
0.710	-2.001	-2.027	-0.684	1.571	0.710	
0.710	-2.001	-2.027	-0.684	1.571	0.710	
0.710	-2.001	-2.027	-0.684	1.571	0.710	
0.710	-2.001	-2.027	-0.684	1.571	0.710	
0.710	-2.001	-2.027	-0.684	1.571	0.710	
0.710	-2.001	-2.027	-0.684	1.571	0.710	
0.710	-2.001	-2.027	-0.684	1.571	0.710	
0.710	-2.001	-2.027	-0.684	1.571	0.710	
0.710	-2.001	-2.027	-0.685	1.571	0.710	
0.710	-2.001	-2.027	-0.685	1.571	0.710	
0.710	-2.001	-2.027	-0.685	1.571	0.710	
0.710	-2.001	-2.026	-0.685	1.571	0.710	
0.710	-2.001	-2.026	-0.685	1.571	0.710	
0.710	-2.001	-2.026	-0.685	1.571	0.710	
0.710	-2.001	-2.026	-0.685	1.571	0.710	
0.710	-2.001	-2.026	-0.685	1.571	0.710	
0.710	-2.001	-2.026	-0.685	1.571	0.710	
0.710	-2.001	-2.026	-0.685	1.571	0.710	
0.710	-2.001	-2.026	-0.685	1.571	0.710	
0.710	-2.002	-2.026	-0.685	1.571	0.710	
0.710	-2.002	-2.026	-0.685	1.571	0.710	
0.710	-2.002	-2.026	-0.685	1.571	0.710	
0.710	-2.002	-2.025	-0.685	1.571	0.710	
0.710	-2.002	-2.025	-0.685	1.571	0.710	
0.710	-2.002	-2.025	-0.685	1.571	0.710	
0.710	-2.002	-2.025	-0.685	1.571	0.710	
0.710	-2.002	-2.025	-0.685	1.571	0.710	
0.710	-2.002	-2.025	-0.686	1.571	0.710	
0.710	-2.002	-2.025	-0.686	1.571	0.710	
0.710	-2.002	-2.025	-0.686	1.571	0.710	
0.710	-2.002	-2.025	-0.686	1.571	0.710	
0.710	-2.002	-2.025	-0.686	1.571	0.710	
0.710	-2.002	-2.025	-0.686	1.571	0.710	
0.710	-2.002	-2.025	-0.686	1.571	0.710	
0.710	-2.002	-2.024	-0.686	1.571	0.710	
0.710	-2.002	-2.024	-0.686	1.571	0.710	
0.710	-2.002	-2.024	-0.686	1.571	0.710	
0.710	-2.002	-2.024	-0.686	1.571	0.710	
0.710	-2.002	-2.024	-0.686	1.571	0.710	
0.710	-2.002	-2.024	-0.686	1.571	0.710	
0.710	-2.002	-2.024	-0.686	1.571	0.710	
0.710	-2.002	-2.024	-0.686	1.571	0.710	
0.710	-2.002	-2.024	-0.686	1.571	0.710	
0.710	-2.002	-2.024	-0.686	1.571	0.710	
0.710	-2.002	-2.024	-0.686	1.571	0.710	
0.710	-2.002	-2.023	-0.686	1.571	0.710	
0.710	-2.002	-2.023	-0.687	1.571	0.710	
0.710	-2.003	-2.023	-0.687	1.571	0.710	
0.710	-2.003	-2.023	-0.687	1.571	0.710	
0.710	-2.003	-2.023	-0.687	1.571	0.710	
0.710	-2.003	-2.023	-0.687	1.571	0.710	
0.710	-2.003	-2.023	-0.687	1.571	0.710	
0.710	-2.003	-2.023	-0.687	1.571	0.710	
0.710	-2.003	-2.023	-0.687	1.571	0.710	
0.710	-2.003	-2.023	-0.687	1.571	0.710	
0.710	-2.003	-2.023	-0.687	1.571	0.710	
0.710	-2.003	-2.022	-0.687	1.571	0.710	
0.710	-2.003	-2.022	-0.687	1.571	0.710	
0.710	-2.003	-2.022	-0.687	1.571	0.710	
0.710	-2.003	-2.022	-0.687	1.571	0.710	
0.710	-2.003	-2.022	-0.687	1.571	0.710	
0.710	-2.003	-2.022	-0.687	1.571	0.710	
0.710	-2.003	-2.022	-0.687	1.571	0.710	
0.710	-2.003	-2.022	-0.688	1.571	0.710	
0.710	-2.003	-2.022	-0.688	1.571	0.710	
0.710	-2.003	-2.022	-0.688	1.571	0.710	
0.710	-2.003	-2.022	-0.688	1.571	0.710	
0.710	-2.003	-2.021	-0.688	1.571	0.710	
0.710	-2.003	-2.021	-0.688	1.571	0.710	
0.710	-2.003	-2.021	-0.688	1.571	0.710	
0.710	-2.003	-2.021	-0.688	1.571	0.710	
0.710	-2.003	-2.021	-0.688	1.571	0.710	
0.710	-2.003	-2.021	-0.688	1.571	0.710	
0.710	-2.003	-2.021	-0.688	1.571	0.710	
0.710	-2.003	-2.021	-0.688	1.571	0.710	
0.710	-2.003	-2.021	-0.688	1.571	0.710	
0.710	-2.003	-2.021	-0.688	1.571	0.710	
0.710	-2.004	-2.021	-0.688	1.571	0.710	
0.710	-2.004	-2.020	-0.688	1.571	0.710	
0.710	-2.004	-2.020	-0.688	1.571	0.710	
0.710	-2.004	-2.020	-0.688	1.571	0.710	
0.710	-2.004	-2.020	-0.689	1.571	0.710	
0.710	-2.004	-2.020	-0.689	1.571	0.710	
0.710	-2.004	-2.020	-0.689	1.571	0.710	
0.710	-2.004	-2.020	-0.689	1.571	0.710	
0.710	-2.004	-2.020	-0.689	1.571	0.710	
0.710	-2.004	-2.020	-0.689	1.571	0.710	
0.710	-2.004	-2.020	-0.689	1.571	0.710	
0.710	-2.004	-2.020	-0.689	1.571	0.710	
0.710	-2.004	-2.019	-0.689	1.571	0.710	
0.710	-2.004	-2.019	-0.689	1.571	0.710	
0.710	-2.004	-2.019	-0.689	1.571	0.710	
0.710	-2.004	-2.019	-0.689	1.571	0.710	
0.710	-2.004	-2.019	-0.689	1.571	0.710	
0.710	-2.004	-2.019	-0.689	1.571	0.710	
0.710	-2.004	-2.019	-0.689	1.571	0.710	
0.710	-2.004	-2.019	-0.689	1.571	0.710	
0.710	-2.004	-2.019	-0.689	1.571	0.710	
0.710	-2.004	-2.019	-0.690	1.571	0.710	
0.710	-2.004	-2.019	-0.690	1.571	0.710	
0.710	-2.004	-2.018	-0.690	1.571	0.710	
0.710	-2.004	-2.018	-0.690	1.571	0.710	
0.710	-2.004	-2.018	-0.690	1.571	0.710	
0.710	-2.004	-2.018	-0.690	1.571	0.710	
0.710	-2.004	-2.018	-0.690	1.571	0.710	
0.710	-2.005	-2.018	-0.690	1.571	0.710	
0.710	-2.005	-2.018	-0.690	1.571	0.710	
0.710	-2.005	-2.018	-0.690	1.571	0.710	
0.710	-2.005	-2.018	-0.690	1.571	0.710	
0.710	-2.005	-2.018	-0.690	1.571	0.710	
0.710	-2.005	-2.017	-0.690	1.571	0.710	
0.710	-2.005	-2.017	-0.690	1.571	0.710	
0.710	-2.005	-2.017	-0.690	1.571	0.710	
0.710	-2.005	-2.017	-0.690	1.571	0.710	
0.710	-2.005	-2.017	-0.690	1.571	0.710	
0.710	-2.005	-2.017	-0.690	1.571	0.710	
0.710	-2.005	-2.017	-0.690	1.571	0.710	
0.710	-2.005	-2.017	-0.691	1.571	0.710	
0.710	-2.005	-2.017	-0.691	1.571	0.710	
0.710	-2.005	-2.017	-0.691	1.571	0.710	
0.710	-2.005	-2.017	-0.691	1.571	0.710	
0.710	-2.005	-2.016	-0.691	1.571	0.710	
0.710	-2.005	-2.016	-0.691	1.571	0.710	
0.710	-2.005	-2.016	-0.691	1.571	0.710	
0.710	-2.005	-2.016	-0.691	1.571	0.710	
0.710	-2.005	-2.016	-0.691	1.571	0.710	
0.710	-2.005	-2.016	-0.691	1.571	0.710	
0.710	-2.005	-2.016	-0.691	1.571	0.710	
0.710	-2.005	-2.016	-0.691	1.571	0.710	
0.710	-2.005	-2.016	-0.691	1.571	0.710	
0.710	-2.005	-2.016	-0.691	1.571	0.710	
0.710	-2.005	-2.016	-0.691	1.571	0.710	
0.710	-2.006	-2.015	-0.691	1.571	0.710	
0.710	-2.006	-2.015	-0.692	1.571	0.710	
0.710	-2.006	-2.015	-0.692	1.571	0.710	
0.710	-2.006	-2.015	-0.692	1.571	0.710	
0.710	-2.006	-2.015	-0.692	1.571	0.710	
0.710	-2.006	-2.015	-0.692	1.571	0.710	
0.710	-2.006	-2.015	-0.692	1.571	0.710	
0.710	-2.006	-2.015	-0.692	1.571	0.710	
0.710	-2.006	-2.015	-0.692	1.571	0.710	
0.710	-2.006	-2.015	-0.692	1.571	0.710	
0.710	-2.006	-2.014	-0.692	1.571	0.710	
0.710	-2.006	-2.014	-0.692	1.571	0.710	
0.710	-2.006	-2.014	-0.692	1.571	0.710	
0.710	-2.006	-2.014	-0.692	1.571	0.710	
0.710	-2.006	-2.014	-0.692	1.571	0.710	
0.710	-2.006	-2.014	-0.692	1.571	0.710	
0.710	-2.006	-2.014	-0.692	1.571	0.710	
0.710	-2.006	-2.014	-0.692	1.571	0.710	
0.710	-2.006	-2.014	-0.693	1.571	0.710	
0.710	-2.006	-2.014	-0.693	1.571	0.710	
0.710	-2.006	-2.014	-0.693	1.571	0.710	
0.710	-2.006	-2.013	-0.693	1.571	0.710	
0.709	-2.006	-2.013	-0.693	1.571	0.710	
0.709	-2.006	-2.013	-0.693	1.571	0.710	
0.709	-2.006	-2.013	-0.693	1.571	0.710	
0.709	-2.006	-2.013	-0.693	1.571	0.710	
0.709	-2.006	-2.013	-0.693	1.571	0.710	
0.709	-2.006	-2.013	-0.693	1.571	0.710	
0.709	-2.007	-2.013	-0.693	1.571	0.710	
0.709	-2.007	-2.013	-0.693	1.571	0.710	
0.709	-2.007	-2.013	-0.693	1.571	0.709	
0.709	-2.007	-2.012	-0.693	1.571	0.709	
0.709	-2.007	-2.012	-0.693	1.571	0.709	
0.709	-2.007	-2.012	-0.693	1.571	0.709	
0.709	-2.007	-2.012	-0.693	1.571	0.709	
0.709	-2.007	-2.012	-0.693	1.571	0.709	
0.709	-2.007	-2.012	-0.694	1.571	0.709	
0.709	-2.007	-2.012	-0.694	1.571	0.709	
0.709	-2.007	-2.012	-0.694	1.571	0.709	
0.709	-2.007	-2.012	-0.694	1.571	0.709	
0.709	-2.007	-2.012	-0.694	1.571	0.709	
0.709	-2.007	-2.012	-0.694	1.571	0.709	
0.709	-2.007	-2.011	-0.694	1.571	0.709	
0.709	-2.007	-2.011	-0.694	1.571	0.709	
0.709	-2.007	-2.011	-0.694	1.571	0.709	
0.709	-2.007	-2.011	-0.694	1.571	0.709	
0.709	-2.007	-2.011	-0.694	1.571	0.709	
0.709	-2.007	-2.011	-0.694	1.571	0.709	
0.709	-2.007	-2.011	-0.694	1.571	0.709	
0.709	-2.007	-2.011	-0.694	1.571	0.709	
0.709	-2.007	-2.011	-0.694	1.571	0.709	
0.709	-2.007	-2.011	-0.694	1.571	0.709	
0.709	-2.007	-2.010	-0.695	1.571	0.709	
0.709	-2.007	-2.010	-0.695	1.571	0.709	
0.709	-2.007	-2.010	-0.695	1.571	0.709	
0.709	-2.008	-2.010	-0.695	1.571	0.709	
0.709	-2.008	-2.010	-0.695	1.571	0.709	
0.709	-2.008	-2.010	-0.695	1.571	0.709	
0.709	-2.008	-2.010	-0.695	1.571	0.709	
0.709	-2.008	-2.010	-0.695	1.571	0.709	
0.709	-2.008	-2.010	-0.695	1.571	0.709	
0.709	-2.008	-2.010	-0.695	1.571	0.709	
0.709	-2.008	-2.010	-0.695	1.571	0.709	
0.709	-2.008	-2.009	-0.695	1.571	0.709	
0.709	-2.008	-2.009	-0.695	1.571	0.709	
0.709	-2.008	-2.009	-0.695	1.571	0.709	
0.709	-2.008	-2.009	-0.695	1.571	0.709	
0.709	-2.008	-2.009	-0.695	1.571	0.709	
0.709	-2.008	-2.009	-0.695	1.571	0.709	
0.709	-2.008	-2.009	-0.695	1.571	0.709	
0.709	-2.008	-2.009	-0.696	1.571	0.709	
0.709	-2.008	-2.009	-0.696	1.571	0.709	
0.709	-2.008	-2.009	-0.696	1.571	0.709	
0.709	-2.008	-2.008	-0.696	1.571	0.709	
0.709	-2.008	-2.008	-0.696	1.571	0.709	
0.709	-2.008	-2.008	-0.696	1.571	0.709	
0.709	-2.008	-2.008	-0.696	1.571	0.709	
0.709	-2.008	-2.008	-0.696	1.571	0.709	
0.709	-2.008	-2.008	-0.696	1.571	0.709	
0.709	-2.008	-2.008	-0.696	1.571	0.709	
0.709	-2.008	-2.008	-0.696	1.571	0.709	
0.709	-2.009	-2.008	-0.696	1.571	0.709	
0.709	-2.009	-2.008	-0.696	1.571	0.709	
0.709	-2.009	-2.007	-0.696	1.571	0.709	
0.709	-2.009	-2.007	-0.696	1.571	0.709	
0.709	-2.009	-2.007	-0.696	1.571	0.709	
0.709	-2.009	-2.007	-0.696	1.571	0.709	
0.709	-2.009	-2.007	-0.697	1.571	0.709	
0.709	-2.009	-2.007	-0.697	1.571	0.709	
0.709	-2.009	-2.007	-0.697	1.571	0.709	
0.709	-2.009	-2.007	-0.697	1.571	0.709	
0.709	-2.009	-2.007	-0.697	1.571	0.709	
0.709	-2.009	-2.007	-0.697	1.571	0.709	
0.709	-2.009	-2.007	-0.697	1.571	0.709	
0.709	-2.009	-2.006	-0.697	1.571	0.709	
0.709	-2.009	-2.006	-0.697	1.571	0.709	
0.709	-2.009	-2.006	-0.697	1.571	0.709	
0.709	-2.009	-2.006	-0.697	1.571	0.709	
0.709	-2.009	-2.006	-0.697	1.571	0.709	
0.709	-2.009	-2.006	-0.697	1.571	0.709	
0.709	-2.009	-2.006	-0.697	1.571	0.709	
0.709	-2.009	-2.006	-0.697	1.571	0.709	
0.709	-2.009	-2.006	-0.697	1.571	0.709	
0.709	-2.009	-2.006	-0.698	1.571	0.709	
0.709	-2.009	-2.005	-0.698	1.571	0.709	
0.709	-2.009	-2.005	-0.698	1.571	0.709	
0.709	-2.009	-2.005	-0.698	1.571	0.709	
0.709	-2.009	-2.005	-0.698	1.571	0.709	
0.709	-2.010	-2.005	-0.698	1.571	0.709	
0.709	-2.010	-2.005	-0.698	1.571	0.709	
0.709	-2.010	-2.005	-0.698	1.571	0.709	
0.709	-2.010	-2.005	-0.698	1.571	0.709	
0.709	-2.010	-2.005	-0.698	1.571	0.709	
0.709	-2.010	-2.005	-0.698	1.571	0.709	
0.709	-2.010	-2.005	-0.698	1.571	0.709	
0.709	-2.010	-2.004	-0.698	1.571	0.709	
0.709	-2.010	-2.004	-0.698	1.571	0.709	
0.709	-2.010	-2.004	-0.698	1.571	0.709	
0.709	-2.010	-2.004	-0.698	1.571	0.709	
0.709	-2.010	-2.004	-0.698	1.571	0.709	
0.709	-2.010	-2.004	-0.699	1.571	0.709	
0.709	-2.010	-2.004	-0.699	1.571	0.709	
0.709	-2.010	-2.004	-0.699	1.571	0.709	
0.709	-2.010	-2.004	-0.699	1.571	0.709	
0.709	-2.010	-2.004	-0.699	1.571	0.709	
0.709	-2.010	-2.003	-0.699	1.571	0.709	
0.709	-2.010	-2.003	-0.699	1.571	0.709	
0.709	-2.010	-2.003	-0.699	1.571	0.709	
0.709	-2.010	-2.003	-0.699	1.571	0.709	
0.709	-2.010	-2.003	-0.699	1.571	0.709	
0.709	-2.010	-2.003	-0.699	1.571	0.709	
0.709	-2.010	-2.003	-0.699	1.571	0.709	
0.709	-2.010	-2.003	-0.699	1.571	0.709	
0.709	-2.010	-2.003	-0.699	1.571	0.709	
0.709	-2.010	-2.003	-0.699	1.571	0.709	
0.709	-2.011	-2.002	-0.699	1.571	0.709	
0.709	-2.011	-2.002	-0.699	1.571	0.709	
0.709	-2.011	-2.002	-0.700	1.571	0.709	
0.709	-2.011	-2.002	-0.700	1.571	0.709	
0.709	-2.011	-2.002	-0.700	1.571	0.709	
0.709	-2.011	-2.002	-0.700	1.571	0.709	
0.709	-2.011	-2.002	-0.700	1.571	0.709	
0.709	-2.011	-2.002	-0.700	1.571	0.709	
0.709	-2.011	-2.002	-0.700	1.571	0.709	
0.709	-2.011	-2.002	-0.700	1.571	0.709	
0.709	-2.011	-2.001	-0.700	1.571	0.709	
0.709	-2.011	-2.001	-0.700	1.571	0.709	
0.709	-2.011	-2.001	-0.700	1.571	0.709	
0.709	-2.011	-2.001	-0.700	1.571	0.709	
0.709	-2.011	-2.001	-0.700	1.571	0.709	
0.709	-2.011	-2.001	-0.700	1.571	0.709	
0.709	-2.011	-2.001	-0.700	1.571	0.709	
0.709	-2.011	-2.001	-0.700	1.571	0.709	
0.709	-2.011	-2.001	-0.700	1.571	0.709	
0.709	-2.011	-2.001	-0.701	1.571	0.709	
0.709	-2.011	-2.001	-0.701	1.571	0.709	
0.709	-2.011	-2.000	-0.701	1.571	0.709	
0.709	-2.011	-2.000	-0.701	1.571	0.709	
0.709	-2.011	-2.000	-0.701	1.571	0.709	
0.709	-2.011	-2.000	-0.701	1.571	0.709	
0.709	-2.011	-2.000	-0.701	1.571	0.709	
0.709	-2.012	-2.000	-0.701	1.571	0.709	
0.709	-2.012	-2.000	-0.701	1.571	0.709	
0.709	-2.012	-2.000	-0.701	1.571	0.709	
0.709	-2.012	-2.000	-0.701	1.571	0.709	
0.709	-2.012	-2.000	-0.701	1.571	0.709	
0.709	-2.012	-1.999	-0.701	1.571	0.709	
0.709	-2.012	-1.999	-0.701	1.571	0.709	
0.709	-2.012	-1.999	-0.701	1.571	0.709	
0.709	-2.012	-1.999	-0.701	1.571	0.709	
0.709	-2.012	-1.999	-0.701	1.571	0.709	
0.709	-2.012	-1.999	-0.702	1.571	0.709	
0.709	-2.012	-1.999	-0.702	1.571	0.709	
0.709	-2.012	-1.999	-0.702	1.571	0.709	
0.709	-2.012	-1.999	-0.702	1.571	0.709	
0.709	-2.012	-1.999	-0.702	1.571	0.709	
0.709	-2.012	-1.998	-0.702	1.571	0.709	
0.709	-2.012	-1.998	-0.702	1.571	0.709	
0.709	-2.012	-1.998	-0.702	1.571	0.709	
0.709	-2.012	-1.998	-0.702	1.571	0.709	
0.709	-2.012	-1.998	-0.702	1.571	0.709	
0.709	-2.012	-1.998	-0.702	1.571	0.709	
0.709	-2.012	-1.998	-0.702	1.571	0.709	
0.709	-2.012	-1.998	-0.702	1.571	0.709	
0.709	-2.012	-1.998	-0.702	1.571	0.709	
0.709	-2.012	-1.998	-0.702	1.571	0.709	
0.709	-2.013	-1.997	-0.702	1.571	0.709	
0.709	-2.013	-1.997	-0.702	1.571	0.709	
0.709	-2.013	-1.997	-0.703	1.571	0.709	
0.709	-2.013	-1.997	-0.703	1.571	0.709	
0.709	-2.013	-1.997	-0.703	1.571	0.709	
0.709	-2.013	-1.997	-0.703	1.571	0.709	
0.709	-2.013	-1.997	-0.703	1.571	0.709	
0.709	-2.013	-1.997	-0.703	1.571	0.709	
0.709	-2.013	-1.997	-0.703	1.571	0.709	
0.709	-2.013	-1.996	-0.703	1.571	0.709	
0.709	-2.013	-1.996	-0.703	1.571	0.709	
0.709	-2.013	-1.996	-0.703	1.571	0.709	
0.709	-2.013	-1.996	-0.703	1.571	0.709	
0.709	-2.013	-1.996	-0.703	1.571	0.709	
0.709	-2.013	-1.996	-0.703	1.571	0.709	
0.709	-2.013	-1.996	-0.703	1.571	0.709	
0.709	-2.014	-1.996	-0.703	1.571	0.709	
0.709	-2.014	-1.996	-0.703	1.571	0.709	
0.709	-2.014	-1.995	-0.703	1.571	0.709	
0.709	-2.014	-1.995	-0.703	1.571	0.709	
0.709	-2.014	-1.995	-0.703	1.571	0.709	
0.709	-2.014	-1.995	-0.704	1.571	0.709	
0.709	-2.014	-1.995	-0.704	1.571	0.709	
0.709	-2.014	-1.995	-0.704	1.571	0.709	
0.709	-2.014	-1.995	-0.704	1.571	0.709	
0.709	-2.014	-1.995	-0.704	1.571	0.709	
0.709	-2.014	-1.994	-0.704	1.571	0.709	
0.709	-2.014	-1.994	-0.704	1.571	0.709	
0.709	-2.014	-1.994	-0.704	1.571	0.709	
0.709	-2.014	-1.994	-0.704	1.571	0.709	
0.709	-2.014	-1.994	-0.704	1.571	0.709	
0.709	-2.014	-1.994	-0.704	1.571	0.709	
0.709	-2.015	-1.994	-0.704	1.571	0.709	
0.709	-2.015	-1.994	-0.704	1.571	0.709	
0.709	-2.015	-1.993	-0.704	1.571	0.709	
0.709	-2.015	-1.993	-0.704	1.571	0.709	
0.709	-2.015	-1.993	-0.704	1.571	0.709	
0.709	-2.015	-1.993	-0.704	1.571	0.709	
0.709	-2.015	-1.993	-0.704	1.571	0.709	
0.709	-2.015	-1.993	-0.705	1.571	0.709	
0.709	-2.015	-1.993	-0.705	1.571	0.709	
0.709	-2.015	-1.993	-0.705	1.571	0.709	
0.709	-2.015	-1.992	-0.705	1.571	0.709	
0.709	-2.015	-1.992	-0.705	1.571	0.709	
0.709	-2.015	-1.992	-0.705	1.571	0.709	
0.709	-2.015	-1.992	-0.705	1.571	0.709	
0.709	-2.016	-1.992	-0.705	1.571	0.709	
0.709	-2.016	-1.992	-0.705	1.571	0.709	
0.708	-2.016	-1.992	-0.705	1.571	0.709	
0.708	-2.016	-1.992	-0.705	1.571	0.709	
0.708	-2.016	-1.992	-0.705	1.571	0.709	
0.708	-2.016	-1.991	-0.705	1.571	0.709	
0.708	-2.016	-1.991	-0.705	1.571	0.709	
0.708	-2.016	-1.991	-0.705	1.571	0.709	
0.708	-2.016	-1.991	-0.705	1.571	0.709	
0.708	-2.016	-1.991	-0.705	1.571	0.709	
0.708	-2.016	-1.991	-0.705	1.571	0.708	
0.708	-2.016	-1.991	-0.705	1.571	0.708	
0.708	-2.016	-1.991	-0.705	1.571	0.708	
0.708	-2.016	-1.990	-0.705	1.571	0.708	
0.708	-2.017	-1.990	-0.706	1.571	0.708	
0.708	-2.017	-1.990	-0.706	1.571	0.708	
0.708	-2.017	-1.990	-0.706	1.571	0.708	
0.708	-2.017	-1.990	-0.706	1.571	0.708	
0.708	-2.017	-1.990	-0.706	1.571	0.708	
0.708	-2.017	-1.990	-0.706	1.571	0.708	
0.708	-2.017	-1.990	-0.706	1.571	0.708	
0.708	-2.017	-1.990	-0.706	1.571	0.708	
0.708	-2.017	-1.989	-0.706	1.571	0.708	
0.708	-2.017	-1.989	-0.706	1.571	0.708	
0.708	-2.017	-1.989	-0.706	1.571	0.708	
0.708	-2.017	-1.989	-0.706	1.571	0.708	
0.708	-2.017	-1.989	-0.706	1.571	0.708	
0.708	-2.017	-1.989	-0.706	1.571	0.708	
0.708	-2.017	-1.989	-0.706	1.571	0.708	
0.708	-2.018	-1.989	-0.706	1.571	0.708	
0.708	-2.018	-1.988	-0.706	1.571	0.708	
0.708	-2.018	-1.988	-0.706	1.571	0.708	
0.708	-2.018	-1.988	-0.706	1.571	0.708	
0.708	-2.018	-1.988	-0.706	1.571	0.708	
0.708	-2.018	-1.988	-0.707	1.571	0.708	
0.708	-2.018	-1.988	-0.707	1.571	0.708	
0.708	-2.018	-1.988	-0.707	1.571	0.708	
0.708	-2.018	-1.988	-0.707	1.571	0.708	
0.708	-2.018	-1.988	-0.707	1.571	0.708	
0.708	-2.018	-1.987	-0.707	1.571	0.708	
0.708	-2.018	-1.987	-0.707	1.571	0.708	
0.708	-2.018	-1.987	-0.707	1.571	0.708	
0.708	-2.018	-1.987	-0.707	1.571	0.708	
0.708	-2.018	-1.987	-0.707	1.571	0.708	
0.708	-2.019	-1.987	-0.707	1.571	0.708	
0.708	-2.019	-1.987	-0.707	1.571	0.708	
0.708	-2.019	-1.987	-0.707	1.571	0.708	
0.708	-2.019	-1.986	-0.707	1.571	0.708	
0.708	-2.019	-1.986	-0.707	1.571	0.708	
0.708	-2.019	-1.986	-0.707	1.571	0.708	
0.708	-2.019	-1.986	-0.707	1.571	0.708	
0.708	-2.019	-1.986	-0.707	1.571	0.708	
0.708	-2.019	-1.986	-0.707	1.571	0.708	
0.708	-2.019	-1.986	-0.707	1.571	0.708	
0.708	-2.019	-1.986	-0.707	1.571	0.708	
0.708	-2.019	-1.986	-0.708	1.571	0.708	
0.708	-2.019	-1.985	-0.708	1.571	0.708	
0.708	-2.019	-1.985	-0.708	1.571	0.708	
0.708	-2.020	-1.985	-0.708	1.571	0.708	
0.708	-2.020	-1.985	-0.708	1.571	0.708	
0.708	-2.020	-1.985	-0.708	1.571	0.708	
0.708	-2.020	-1.985	-0.708	1.571	0.708	
0.708	-2.020	-1.985	-0.708	1.571	0.708	
0.708	-2.020	-1.985	-0.708	1.571	0.708	
0.708	-2.020	-1.984	-0.708	1.571	0.708	
0.708	-2.020	-1.984	-0.708	1.571	0.708	
0.708	-2.020	-1.984	-0.708	1.571	0.708	
0.708	-2.020	-1.984	-0.708	1.571	0.708	
0.708	-2.020	-1.984	-0.708	1.571	0.708	
0.708	-2.020	-1.984	-0.708	1.571	0.708	
0.708	-2.020	-1.984	-0.708	1.571	0.708	
0.708	-2.020	-1.984	-0.708	1.571	0.708	
0.708	-2.021	-1.984	-0.708	1.571	0.708	
0.708	-2.021	-1.983	-0.708	1.571	0.708	
0.708	-2.021	-1.983	-0.708	1.571	0.708	
0.708	-2.021	-1.983	-0.708	1.571	0.708	
0.708	-2.021	-1.983	-0.709	1.571	0.708	
0.708	-2.021	-1.983	-0.709	1.571	0.708	
0.708	-2.021	-1.983	-0.709	1.571	0.708	
0.708	-2.021	-1.983	-0.709	1.571	0.708	
0.708	-2.021	-1.983	-0.709	1.571	0.708	
0.708	-2.021	-1.983	-0.709	1.571	0.708	
0.708	-2.021	-1.982	-0.709	1.571	0.708	
0.708	-2.021	-1.982	-0.709	1.571	0.708	
0.708	-2.021	-1.982	-0.709	1.571	0.708	
0.708	-2.021	-1.982	-0.709	1.571	0.708	
0.708	-2.021	-1.982	-0.709	1.571	0.708	
0.708	-2.021	-1.982	-0.709	1.571	0.708	
0.708	-2.022	-1.982	-0.709	1.571	0.708	
0.708	-2.022	-1.982	-0.709	1.571	0.708	
0.708	-2.022	-1.981	-0.709	1.571	0.708	
0.708	-2.022	-1.981	-0.709	1.571	0.708	
0.708	-2.022	-1.981	-0.709	1.571	0.708	
0.708	-2.022	-1.981	-0.709	1.571	0.708	
0.708	-2.022	-1.981	-0.709	1.571	0.708	
0.708	-2.022	-1.981	-0.709	1.571	0.708	
0.708	-2.022	-1.981	-0.710	1.571	0.708	
0.708	-2.022	-1.981	-0.710	1.571	0.708	
0.708	-2.022	-1.981	-0.710	1.571	0.708	
0.708	-2.022	-1.980	-0.710	1.571	0.708	
0.708	-2.022	-1.980	-0.710	1.571	0.708	
0.708	-2.022	-1.980	-0.710	1.571	0.708	
0.708	-2.023	-1.980	-0.710	1.571	0.708	
0.708	-2.023	-1.980	-0.710	1.571	0.708	
0.708	-2.023	-1.980	-0.710	1.571	0.708	
0.708	-2.023	-1.980	-0.710	1.571	0.708	
0.708	-2.023	-1.980	-0.710	1.571	0.708	
0.708	-2.023	-1.980	-0.710	1.571	0.708	
0.708	-2.023	-1.979	-0.710	1.571	0.708	
0.708	-2.023	-1.979	-0.710	1.571	0.708	
0.708	-2.023	-1.979	-0.710	1.571	0.708	
0.708	-2.023	-1.979	-0.710	1.571	0.708	
0.708	-2.023	-1.979	-0.710	1.571	0.708	
0.708	-2.023	-1.979	-0.710	1.571	0.708	
0.708	-2.023	-1.979	-0.710	1.571	0.708	
0.708	-2.023	-1.979	-0.710	1.571	0.708	
0.708	-2.023	-1.978	-0.710	1.571	0.708	
0.708	-2.024	-1.978	-0.711	1.571	0.708	
0.708	-2.024	-1.978	-0.711	1.571	0.708	
0.708	-2.024	-1.978	-0.711	1.571	0.708	
0.708	-2.024	-1.978	-0.711	1.571	0.708	
0.708	-2.024	-1.978	-0.711	1.571	0.708	
0.708	-2.024	-1.978	-0.711	1.571	0.708	
0.708	-2.024	-1.978	-0.711	1.571	0.708	
0.708	-2.024	-1.978	-0.711	1.571	0.708	
0.708	-2.024	-1.977	-0.711	1.571	0.708	
0.708	-2.024	-1.977	-0.711	1.571	0.708	
0.708	-2.024	-1.977	-0.711	1.571	0.708	
0.708	-2.024	-1.977	-0.711	1.571	0.708	
0.708	-2.024	-1.977	-0.711	1.571	0.708	
0.708	-2.024	-1.977	-0.711	1.571	0.708	
0.708	-2.024	-1.977	-0.711	1.571	0.708	
0.708	-2.025	-1.977	-0.711	1.571	0.708	
0.708	-2.025	-1.976	-0.711	1.571	0.708	
0.708	-2.025	-1.976	-0.711	1.571	0.708	
0.708	-2.025	-1.976	-0.711	1.571	0.708	
0.708	-2.025	-1.976	-0.711	1.571	0.708	
0.708	-2.025	-1.976	-0.711	1.571	0.708	
0.708	-2.025	-1.976	-0.712	1.571	0.708	
0.708	-2.025	-1.976	-0.712	1.571	0.708	
0.708	-2.025	-1.976	-0.712	1.571	0.708	
0.708	-2.025	-1.976	-0.712	1.571	0.708	
0.708	-2.025	-1.975	-0.712	1.571	0.708	
0.708	-2.025	-1.975	-0.712	1.571	0.708	
0.708	-2.025	-1.975	-0.712	1.571	0.708	
0.708	-2.025	-1.975	-0.712	1.571	0.708	
0.708	-2.025	-1.975	-0.712	1.571	0.708	
0.708	-2.026	-1.975	-0.712	1.571	0.708	
0.708	-2.026	-1.975	-0.712	1.571	0.708	
0.708	-2.026	-1.975	-0.712	1.571	0.708	
0.708	-2.026	-1.975	-0.712	1.571	0.708	
0.708	-2.026	-1.974	-0.712	1.571	0.708	
0.708	-2.026	-1.974	-0.712	1.571	0.708	
0.708	-2.026	-1.974	-0.712	1.571	0.708	
0.708	-2.026	-1.974	-0.712	1.571	0.708	
0.708	-2.026	-1.974	-0.712	1.571	0.708	
0.708	-2.026	-1.974	-0.712	1.571	0.708	
0.708	-2.026	-1.974	-0.712	1.571	0.708	
0.708	-2.026	-1.974	-0.713	1.571	0.708	
0.708	-2.026	-1.974	-0.713	1.571	0.708	
0.708	-2.026	-1.973	-0.713	1.571	0.708	
0.708	-2.026	-1.973	-0.713	1.571	0.708	
0.708	-2.027	-1.973	-0.713	1.571	0.708	
0.708	-2.027	-1.973	-0.713	1.571	0.708	
0.708	-2.027	-1.973	-0.713	1.571	0.708	
0.708	-2.027	-1.973	-0.713	1.571	0.708	
0.708	-2.027	-1.973	-0.713	1.571	0.708	
0.708	-2.027	-1.973	-0.713	1.571	0.708	
0.708	-2.027	-1.973	-0.713	1.571	0.708	
0.708	-2.027	-1.972	-0.713	1.571	0.708	
0.708	-2.027	-1.972	-0.713	1.571	0.708	
0.708	-2.027	-1.972	-0.713	1.571	0.708	
0.708	-2.027	-1.972	-0.713	1.571	0.708	
0.708	-2.027	-1.972	-0.713	1.571	0.708	
0.708	-2.027	-1.972	-0.713	1.571	0.708	
0.708	-2.027	-1.972	-0.713	1.571	0.708	
0.708	-2.027	-1.972	-0.713	1.571	0.708	
0.708	-2.028	-1.972	-0.713	1.571	0.708	
0.708	-2.028	-1.971	-0.713	1.571	0.708	
0.708	-2.028	-1.971	-0.713	1.571	0.708	
0.708	-2.028	-1.971	-0.713	1.571	0.708	
0.708	-2.028	-1.971	-0.714	1.571	0.708	
0.708	-2.028	-1.971	-0.714	1.571	0.708	
0.708	-2.028	-1.971	-0.714	1.571	0.708	
0.708	-2.028	-1.971	-0.714	1.571	0.708	
0.708	-2.028	-1.971	-0.714	1.571	0.708	
0.708	-2.028	-1.971	-0.714	1.571	0.708	
0.708	-2.028	-1.970	-0.714	1.571	0.708	
0.708	-2.028	-1.970	-0.714	1.571	0.708	
0.708	-2.028	-1.970	-0.714	1.571	0.708	
0.708	-2.028	-1.970	-0.714	1.571	0.708	
0.708	-2.028	-1.970	-0.714	1.571	0.708	
0.708	-2.028	-1.970	-0.714	1.571	0.708	
0.708	-2.029	-1.970	-0.714	1.571	0.708	
0.708	-2.029	-1.970	-0.714	1.571	0.708	
0.708	-2.029	-1.970	-0.714	1.571	0.708	
0.708	-2.029	-1.969	-0.714	1.571	0.708	
0.708	-2.029	-1.969	-0.714	1.571	0.708	
0.708	-2.029	-1.969	-0.714	1.571	0.708	
0.708	-2.029	-1.969	-0.714	1.571	0.708	
0.708	-2.029	-1.969	-0.714	1.571	0.708	
0.708	-2.029	-1.969	-0.714	1.571	0.708	
0.708	-2.029	-1.969	-0.714	1.571	0.708	
0.708	-2.029	-1.969	-0.715	1.571	0.708	
0.708	-2.029	-1.969	-0.715	1.571	0.708	
0.708	-2.029	-1.968	-0.715	1.571	0.708	
0.708	-2.029	-1.968	-0.715	1.571	0.708	
0.708	-2.029	-1.968	-0.715	1.571	0.708	
0.708	-2.029	-1.968	-0.715	1.571	0.708	
0.708	-2.030	-1.968	-0.715	1.571	0.708	
0.708	-2.030	-1.968	-0.715	1.571	0.708	
0.708	-2.030	-1.968	-0.715	1.571	0.708	
0.708	-2.030	-1.968	-0.715	1.571	0.708	
0.708	-2.030	-1.968	-0.715	1.571	0.708	
0.708	-2.030	-1.967	-0.715	1.571	0.708	
0.708	-2.030	-1.967	-0.715	1.571	0.708	
0.708	-2.030	-1.967	-0.715	1.571	0.708	
0.708	-2.030	-1.967	-0.715	1.571	0.708	
0.708	-2.030	-1.967	-0.715	1.571	0.708	
0.708	-2.030	-1.967	-0.715	1.571	0.708	
0.708	-2.030	-1.967	-0.715	1.571	0.708	
0.708	-2.030	-1.967	-0.715	1.571	0.708	
0.707	-2.030	-1.967	-0.715	1.571	0.708	
0.707	-2.030	-1.966	-0.715	1.571	0.708	
0.707	-2.031	-1.966	-0.716	1.571	0.708	
0.707	-2.031	-1.966	-0.716	1.571	0.708	
0.707	-2.031	-1.966	-0.716	1.571	0.708	
0.707	-2.031	-1.966	-0.716	1.571	0.708	
0.707	-2.031	-1.966	-0.716	1.571	0.708	
0.707	-2.031	-1.966	-0.716	1.571	0.708	
0.707	-2.031	-1.966	-0.716	1.571	0.707	
0.707	-2.031	-1.966	-0.716	1.571	0.707	
0.707	-2.031	-1.965	-0.716	1.571	0.707	
0.707	-2.031	-1.965	-0.716	1.571	0.707	
0.707	-2.031	-1.965	-0.716	1.571	0.707	
0.707	-2.031	-1.965	-0.716	1.571	0.707	
0.707	-2.031	-1.965	-0.716	1.571	0.707	
0.707	-2.031	-1.965	-0.716	1.571	0.707	
0.707	-2.031	-1.965	-0.716	1.571	0.707	
0.707	-2.031	-1.965	-0.716	1.571	0.707	
0.707	-2.032	-1.965	-0.716	1.571	0.707	
0.707	-2.032	-1.964	-0.716	1.571	0.707	
0.707	-2.032	-1.964	-0.716	1.571	0.707	
0.707	-2.032	-1.964	-0.716	1.571	0.707	
0.707	-2.032	-1.964	-0.716	1.571	0.707	
0.707	-2.032	-1.964	-0.716	1.571	0.707	
0.707	-2.032	-1.964	-0.717	1.571	0.707	
0.707	-2.032	-1.964	-0.717	1.571	0.707	
0.707	-2.032	-1.964	-0.717	1.571	0.707	
0.707	-2.032	-1.964	-0.717	1.571	0.707	
0.707	-2.032	-1.963	-0.717	1.571	0.707	
0.707	-2.032	-1.963	-0.717	1.571	0.707	
0.707	-2.032	-1.963	-0.717	1.571	0.707	
0.707	-2.032	-1.963	-0.717	1.571	0.707	
0.707	-2.032	-1.963	-0.717	1.571	0.707	
0.707	-2.033	-1.963	-0.717	1.571	0.707	
0.707	-2.033	-1.963	-0.717	1.571	0.707	
0.707	-2.033	-1.963	-0.717	1.571	0.707	
0.707	-2.033	-1.963	-0.717	1.571	0.707	
0.707	-2.033	-1.962	-0.717	1.571	0.707	
0.707	-2.033	-1.962	-0.717	1.571	0.707	
0.707	-2.033	-1.962	-0.717	1.571	0.707	
0.707	-2.033	-1.962	-0.717	1.571	0.707	
0.707	-2.033	-1.962	-0.717	1.571	0.707	
0.707	-2.033	-1.962	-0.717	1.571	0.707	
0.707	-2.033	-1.962	-0.717	1.571	0.707	
0.707	-2.033	-1.962	-0.717	1.571	0.707	
0.707	-2.033	-1.962	-0.717	1.571	0.707	
0.707	-2.033	-1.961	-0.717	1.571	0.707	
0.707	-2.034	-1.961	-0.717	1.571	0.707	
0.707	-2.034	-1.961	-0.718	1.571	0.707	
0.707	-2.034	-1.961	-0.718	1.571	0.707	
0.707	-2.034	-1.961	-0.718	1.571	0.707	
0.707	-2.034	-1.961	-0.718	1.571	0.707	
0.707	-2.034	-1.961	-0.718	1.571	0.707	
0.707	-2.034	-1.961	-0.718	1.571	0.707	
0.707	-2.034	-1.961	-0.718	1.571	0.707	
0.707	-2.034	-1.960	-0.718	1.571	0.707	
0.707	-2.034	-1.960	-0.718	1.571	0.707	
0.707	-2.034	-1.960	-0.718	1.571	0.707	
0.707	-2.034	-1.960	-0.718	1.571	0.707	
0.707	-2.034	-1.960	-0.718	1.571	0.707	
0.707	-2.035	-1.960	-0.718	1.571	0.707	
0.707	-2.035	-1.960	-0.718	1.571	0.707	
0.707	-2.035	-1.960	-0.718	1.571	0.707	
0.707	-2.035	-1.960	-0.718	1.571	0.707	
0.707	-2.035	-1.959	-0.718	1.571	0.707	
0.707	-2.035	-1.959	-0.718	1.571	0.707	
0.707	-2.035	-1.959	-0.718	1.571	0.707	
0.707	-2.035	-1.959	-0.718	1.571	0.707	
0.707	-2.035	-1.959	-0.718	1.571	0.707	
0.707	-2.035	-1.959	-0.718	1.571	0.707	
0.707	-2.035	-1.959	-0.718	1.571	0.707	
0.707	-2.035	-1.959	-0.718	1.571	0.707	
0.707	-2.035	-1.959	-0.718	1.571	0.707	
0.707	-2.035	-1.958	-0.718	1.571	0.707	
0.707	-2.036	-1.958	-0.719	1.571	0.707	
0.707	-2.036	-1.958	-0.719	1.571	0.707	
0.707	-2.036	-1.958	-0.719	1.571	0.707	
0.707	-2.036	-1.958	-0.719	1.571	0.707	
0.707	-2.036	-1.958	-0.719	1.571	0.707	
0.707	-2.036	-1.958	-0.719	1.571	0.707	
0.707	-2.036	-1.958	-0.719	1.571	0.707	
0.707	-2.036	-1.958	-0.719	1.571	0.707	
0.707	-2.036	-1.957	-0.719	1.571	0.707	
0.707	-2.036	-1.957	-0.719	1.571	0.707	
0.707	-2.036	-1.957	-0.719	1.571	0.707	
0.707	-2.036	-1.957	-0.719	1.571	0.707	
0.707	-2.036	-1.957	-0.719	1.571	0.707	
0.707	-2.036	-1.957	-0.719	1.571	0.707	
0.707	-2.036	-1.957	-0.719	1.571	0.707	
0.707	-2.037	-1.957	-0.719	1.571	0.707	
0.707	-2.037	-1.957	-0.719	1.571	0.707	
0.707	-2.037	-1.956	-0.719	1.571	0.707	
0.707	-2.037	-1.956	-0.719	1.571	0.707	
0.707	-2.037	-1.956	-0.719	1.571	0.707	
0.707	-2.037	-1.956	-0.719	1.571	0.707	
0.707	-2.037	-1.956	-0.719	1.571	0.707	
0.707	-2.037	-1.956	-0.719	1.571	0.707	
0.707	-2.037	-1.956	-0.719	1.571	0.707	
0.707	-2.037	-1.956	-0.719	1.571	0.707	
0.707	-2.037	-1.956	-0.720	1.571	0.707	
0.707	-2.037	-1.955	-0.720	1.571	0.707	
0.707	-2.037	-1.955	-0.720	1.571	0.707	
0.707	-2.038	-1.955	-0.720	1.571	0.707	
0.707	-2.038	-1.955	-0.720	1.571	0.707	
0.707	-2.038	-1.955	-0.720	1.571	0.707	
0.707	-2.038	-1.955	-0.720	1.571	0.707	
0.707	-2.038	-1.955	-0.720	1.571	0.707	
0.707	-2.038	-1.955	-0.720	1.571	0.707	
0.707	-2.038	-1.955	-0.720	1.571	0.707	
0.707	-2.038	-1.954	-0.720	1.571	0.707	
0.707	-2.038	-1.954	-0.720	1.571	0.707	
0.707	-2.038	-1.954	-0.720	1.571	0.707	
0.707	-2.038	-1.954	-0.720	1.571	0.707	
0.707	-2.038	-1.954	-0.720	1.571	0.707	
0.707	-2.038	-1.954	-0.720	1.571	0.707	
0.707	-2.039	-1.954	-0.720	1.571	0.707	
0.707	-2.039	-1.954	-0.720	1.571	0.707	
0.707	-2.039	-1.953	-0.720	1.571	0.707	
0.707	-2.039	-1.953	-0.720	1.571	0.707	
0.707	-2.039	-1.953	-0.720	1.571	0.707	
0.707	-2.039	-1.953	-0.720	1.571	0.707	
0.707	-2.039	-1.953	-0.720	1.571	0.707	
0.707	-2.039	-1.953	-0.720	1.571	0.707	
0.707	-2.039	-1.953	-0.720	1.571	0.707	
0.707	-2.039	-1.953	-0.720	1.571	0.707	
0.707	-2.039	-1.953	-0.721	1.571	0.707	
0.707	-2.039	-1.952	-0.721	1.571	0.707	
0.707	-2.039	-1.952	-0.721	1.571	0.707	
0.707	-2.039	-1.952	-0.721	1.571	0.707	
0.707	-2.039	-1.952	-0.721	1.571	0.707	
0.707	-2.040	-1.952	-0.721	1.571	0.707	
0.707	-2.040	-1.952	-0.721	1.571	0.707	
0.707	-2.040	-1.952	-0.721	1.571	0.707	
0.707	-2.040	-1.952	-0.721	1.571	0.707	
0.707	-2.040	-1.952	-0.721	1.571	0.707	
0.707	-2.040	-1.951	-0.721	1.571	0.707	
0.707	-2.040	-1.951	-0.721	1.571	0.707	
0.707	-2.040	-1.951	-0.721	1.571	0.707	
0.707	-2.040	-1.951	-0.721	1.571	0.707	
0.707	-2.040	-1.951	-0.721	1.571	0.707	
0.707	-2.040	-1.951	-0.721	1.571	0.707	
0.707	-2.040	-1.951	-0.721	1.571	0.707	
0.707	-2.040	-1.951	-0.721	1.571	0.707	
0.707	-2.040	-1.951	-0.721	1.571	0.707	
0.707	-2.041	-1.950	-0.721	1.571	0.707	
0.707	-2.041	-1.950	-0.721	1.571	0.707	
0.707	-2.041	-1.950	-0.721	1.571	0.707	
0.707	-2.041	-1.950	-0.722	1.571	0.707	
0.707	-2.041	-1.950	-0.722	1.571	0.707	
0.707	-2.041	-1.950	-0.722	1.571	0.707	
0.707	-2.041	-1.950	-0.722	1.571	0.707	
0.707	-2.041	-1.950	-0.722	1.571	0.707	
0.707	-2.041	-1.950	-0.722	1.571	0.707	
0.707	-2.041	-1.949	-0.722	1.571	0.707	
0.707	-2.041	-1.949	-0.722	1.571	0.707	
0.707	-2.041	-1.949	-0.722	1.571	0.707	
0.707	-2.041	-1.949	-0.722	1.571	0.707	
0.707	-2.042	-1.949	-0.722	1.571	0.707	
0.707	-2.042	-1.949	-0.722	1.571	0.707	
0.707	-2.042	-1.949	-0.722	1.571	0.707	
0.707	-2.042	-1.949	-0.722	1.571	0.707	
0.707	-2.042	-1.949	-0.722	1.571	0.707	
0.707	-2.042	-1.948	-0.722	1.571	0.707	
0.707	-2.042	-1.948	-0.722	1.571	0.707	
0.707	-2.042	-1.948	-0.722	1.571	0.707	
0.707	-2.042	-1.948	-0.722	1.571	0.707	
0.707	-2.042	-1.948	-0.722	1.571	0.707	
0.707	-2.042	-1.948	-0.722	1.571	0.707	
0.707	-2.042	-1.948	-0.722	1.571	0.707	
0.707	-2.042	-1.948	-0.722	1.571	0.707	
0.707	-2.042	-1.948	-0.722	1.571	0.707	
0.707	-2.043	-1.947	-0.722	1.571	0.707	
0.707	-2.043	-1.947	-0.722	1.571	0.707	
0.707	-2.043	-1.947	-0.722	1.571	0.707	
0.707	-2.043	-1.947	-0.722	1.571	0.707	
0.707	-2.043	-1.947	-0.723	1.571	0.707	
0.707	-2.043	-1.947	-0.723	1.571	0.707	
0.707	-2.043	-1.947	-0.723	1.571	0.707	
0.707	-2.043	-1.947	-0.723	1.571	0.707	
0.707	-2.043	-1.947	-0.723	1.571	0.707	
0.707	-2.043	-1.946	-0.723	1.571	0.707	
0.707	-2.043	-1.946	-0.723	1.571	0.707	
0.707	-2.043	-1.946	-0.723	1.571	0.707	
0.707	-2.043	-1.946	-0.723	1.571	0.707	
0.707	-2.043	-1.946	-0.723	1.571	0.707	
0.707	-2.043	-1.946	-0.723	1.571	0.707	
0.707	-2.044	-1.946	-0.723	1.571	0.707	
0.707	-2.044	-1.946	-0.723	1.571	0.707	
0.707	-2.044	-1.946	-0.723	1.571	0.707	
0.707	-2.044	-1.945	-0.723	1.571	0.707	
0.707	-2.044	-1.945	-0.723	1.571	0.707	
0.707	-2.044	-1.945	-0.723	1.571	0.707	
0.707	-2.044	-1.945	-0.723	1.571	0.707	
0.707	-2.044	-1.945	-0.723	1.571	0.707	
0.707	-2.044	-1.945	-0.723	1.571	0.707	
0.707	-2.044	-1.945	-0.723	1.571	0.707	
0.707	-2.044	-1.945	-0.723	1.571	0.707	
0.707	-2.044	-1.945	-0.723	1.571	0.707	
0.707	-2.044	-1.944	-0.724	1.571	0.707	
0.707	-2.044	-1.944	-0.724	1.571	0.707	
0.707	-2.045	-1.944	-0.724	1.571	0.707	
0.707	-2.045	-1.944	-0.724	1.571	0.707	
0.707	-2.045	-1.944	-0.724	1.571	0.707	
0.707	-2.045	-1.944	-0.724	1.571	0.707	
0.707	-2.045	-1.944	-0.724	1.571	0.707	
0.707	-2.045	-1.944	-0.724	1.571	0.707	
0.707	-2.045	-1.944	-0.724	1.571	0.707	
0.707	-2.045	-1.943	-0.724	1.571	0.707	
0.707	-2.045	-1.943	-0.724	1.571	0.707	
0.707	-2.045	-1.943	-0.724	1.571	0.707	
0.707	-2.045	-1.943	-0.724	1.571	0.707	
0.707	-2.045	-1.943	-0.724	1.571	0.707	
0.707	-2.045	-1.943	-0.724	1.571	0.707	
0.707	-2.046	-1.943	-0.724	1.571	0.707	
0.707	-2.046	-1.943	-0.724	1.571	0.707	
0.707	-2.046	-1.943	-0.724	1.571	0.707	
0.707	-2.046	-1.942	-0.724	1.571	0.707	
0.707	-2.046	-1.942	-0.724	1.571	0.707	
0.707	-2.046	-1.942	-0.724	1.571	0.707	
0.707	-2.046	-1.942	-0.724	1.571	0.707	
0.707	-2.046	-1.942	-0.724	1.571	0.707	
0.707	-2.046	-1.942	-0.724	1.571	0.707	
0.707	-2.046	-1.942	-0.724	1.571	0.707	
0.707	-2.046	-1.942	-0.724	1.571	0.707	
0.707	-2.046	-1.942	-0.724	1.571	0.707	
0.707	-2.046	-1.941	-0.725	1.571	0.707	
0.707	-2.046	-1.941	-0.725	1.571	0.707	
0.707	-2.047	-1.941	-0.725	1.571	0.707	
0.707	-2.047	-1.941	-0.725	1.571	0.707	
0.707	-2.047	-1.941	-0.725	1.571	0.707	
0.707	-2.047	-1.941	-0.725	1.571	0.707	
0.707	-2.047	-1.941	-0.725	1.571	0.707	
0.707	-2.047	-1.941	-0.725	1.571	0.707	
0.707	-2.047	-1.941	-0.725	1.571	0.707	
0.706	-2.047	-1.941	-0.725	1.571	0.707	
0.706	-2.047	-1.940	-0.725	1.571	0.707	
0.706	-2.047	-1.940	-0.725	1.571	0.707	
0.706	-2.047	-1.940	-0.725	1.571	0.707	
0.706	-2.047	-1.940	-0.725	1.571	0.707	
0.706	-2.047	-1.940	-0.725	1.571	0.707	
0.706	-2.047	-1.940	-0.725	1.571	0.707	
0.706	-2.047	-1.940	-0.725	1.571	0.707	
0.706	-2.048	-1.940	-0.725	1.571	0.707	
0.706	-2.048	-1.940	-0.725	1.571	0.706	
0.706	-2.048	-1.939	-0.725	1.571	0.706	
0.706	-2.048	-1.939	-0.725	1.571	0.706	
0.706	-2.048	-1.939	-0.725	1.571	0.706	
0.706	-2.048	-1.939	-0.725	1.571	0.706	
0.706	-2.048	-1.939	-0.725	1.571	0.706	
0.706	-2.048	-1.939	-0.725	1.571	0.706	
0.706	-2.048	-1.939	-0.725	1.571	0.706	
0.706	-2.048	-1.939	-0.726	1.571	0.706	
0.706	-2.048	-1.939	-0.726	1.571	0.706	
0.706	-2.048	-1.938	-0.726	1.571	0.706	
0.706	-2.048	-1.938	-0.726	1.571	0.706	
0.706	-2.048	-1.938	-0.726	1.571	0.706	
0.706	-2.049	-1.938	-0.726	1.571	0.706	
0.706	-2.049	-1.938	-0.726	1.571	0.706	
0.706	-2.049	-1.938	-0.726	1.571	0.706	
0.706	-2.049	-1.938	-0.726	1.571	0.706	
0.706	-2.049	-1.938	-0.726	1.571	0.706	
0.706	-2.049	-1.938	-0.726	1.571	0.706	
0.706	-2.049	-1.937	-0.726	1.571	0.706	
0.706	-2.049	-1.937	-0.726	1.571	0.706	
0.706	-2.049	-1.937	-0.726	1.571	0.706	
0.706	-2.049	-1.937	-0.726	1.571	0.706	
0.706	-2.049	-1.937	-0.726	1.571	0.706	
0.706	-2.049	-1.937	-0.726	1.571	0.706	
0.706	-2.049	-1.937	-0.726	1.571	0.706	
0.706	-2.049	-1.937	-0.726	1.571	0.706	
0.706	-2.050	-1.937	-0.726	1.571	0.706	
0.706	-2.050	-1.936	-0.726	1.571	0.706	
0.706	-2.050	-1.936	-0.726	1.571	0.706	
0.706	-2.050	-1.936	-0.726	1.571	0.706	
0.706	-2.050	-1.936	-0.726	1.571	0.706	
0.706	-2.050	-1.936	-0.726	1.571	0.706	
0.706	-2.050	-1.936	-0.727	1.571	0.706	
0.706	-2.050	-1.936	-0.727	1.571	0.706	
0.706	-2.050	-1.936	-0.727	1.571	0.706	
0.706	-2.050	-1.936	-0.727	1.571	0.706	
0.706	-2.050	-1.935	-0.727	1.571	0.706	
0.706	-2.050	-1.935	-0.727	1.571	0.706	
0.706	-2.050	-1.935	-0.727	1.571	0.706	
0.706	-2.050	-1.935	-0.727	1.571	0.706	
0.706	-2.051	-1.935	-0.727	1.571	0.706	
0.706	-2.051	-1.935	-0.727	1.571	0.706	
0.706	-2.051	-1.935	-0.727	1.571	0.706	
0.706	-2.051	-1.935	-0.727	1.571	0.706	
0.706	-2.051	-1.935	-0.727	1.571	0.706	
0.706	-2.051	-1.935	-0.727	1.571	0.706	
0.706	-2.051	-1.934	-0.727	1.571	0.706	
0.706	-2.051	-1.934	-0.727	1.571	0.706	
0.706	-2.051	-1.934	-0.727	1.571	0.706	
0.706	-2.051	-1.934	-0.727	1.571	0.706	
0.706	-2.051	-1.934	-0.727	1.571	0.706	
0.706	-2.051	-1.934	-0.727	1.571	0.706	
0.706	-2.051	-1.934	-0.727	1.571	0.706	
0.706	-2.051	-1.934	-0.727	1.571	0.706	
0.706	-2.052	-1.934	-0.727	1.571	0.706	
0.706	-2.052	-1.933	-0.727	1.571	0.706	
0.706	-2.052	-1.933	-0.727	1.571	0.706	
0.706	-2.052	-1.933	-0.727	1.571	0.706	
0.706	-2.052	-1.933	-0.727	1.571	0.706	
0.706	-2.052	-1.933	-0.728	1.571	0.706	
0.706	-2.052	-1.933	-0.728	1.571	0.706	
0.706	-2.052	-1.933	-0.728	1.571	0.706	
0.706	-2.052	-1.933	-0.728	1.571	0.706	
0.706	-2.052	-1.933	-0.728	1.571	0.706	
0.706	-2.052	-1.932	-0.728	1.571	0.706	
0.706	-2.052	-1.932	-0.728	1.571	0.706	
0.706	-2.052	-1.932	-0.728	1.571	0.706	
0.706	-2.052	-1.932	-0.728	1.571	0.706	
0.706	-2.052	-1.932	-0.728	1.571	0.706	
0.706	-2.053	-1.932	-0.728	1.571	0.706	
0.706	-2.053	-1.932	-0.728	1.571	0.706	
0.706	-2.053	-1.932	-0.728	1.571	0.706	
0.706	-2.053	-1.932	-0.728	1.571	0.706	
0.706	-2.053	-1.931	-0.728	1.571	0.706	
0.706	-2.053	-1.931	-0.728	1.571	0.706	
0.706	-2.053	-1.931	-0.728	1.571	0.706	
0.706	-2.053	-1.931	-0.728	1.571	0.706	
0.706	-2.053	-1.931	-0.728	1.571	0.706	
0.706	-2.053	-1.931	-0.728	1.571	0.706	
0.706	-2.053	-1.931	-0.728	1.571	0.706	
0.706	-2.053	-1.931	-0.728	1.571	0.706	
0.706	-2.053	-1.931	-0.728	1.571	0.706	
0.706	-2.053	-1.931	-0.728	1.571	0.706	
0.706	-2.053	-1.931	-0.728	1.571	0.706	
0.706	-2.053	-1.930	-0.728	1.571	0.706	
0.706	-2.054	-1.930	-0.728	1.571	0.706	
0.706	-2.054	-1.930	-0.728	1.571	0.706	
0.706	-2.054	-1.930	-0.728	1.571	0.706	
0.706	-2.054	-1.930	-0.728	1.571	0.706	
0.706	-2.054	-1.930	-0.729	1.571	0.706	
0.706	-2.054	-1.930	-0.729	1.571	0.706	
0.706	-2.054	-1.930	-0.729	1.571	0.706	
0.706	-2.054	-1.930	-0.729	1.571	0.706	
0.706	-2.054	-1.930	-0.729	1.571	0.706	
0.706	-2.054	-1.930	-0.729	1.571	0.706	
0.706	-2.054	-1.930	-0.729	1.571	0.706	
0.706	-2.054	-1.930	-0.729	1.571	0.706	
0.706	-2.054	-1.930	-0.729	1.571	0.706	
0.706	-2.054	-1.930	-0.729	1.571	0.706	
0.706	-2.054	-1.929	-0.729	1.571	0.706	
0.706	-2.054	-1.929	-0.729	1.571	0.706	
0.706	-2.054	-1.929	-0.729	1.571	0.706	
0.706	-2.054	-1.929	-0.729	1.571	0.706	
0.706	-2.054	-1.929	-0.729	1.571	0.706	
0.706	-2.054	-1.929	-0.729	1.571	0.706	
0.706	-2.054	-1.929	-0.729	1.571	0.706	
0.706	-2.054	-1.929	-0.729	1.571	0.706	
0.706	-2.054	-1.929	-0.729	1.571	0.706	
0.706	-2.054	-1.929	-0.729	1.571	0.706	
0.706	-2.054	-1.929	-0.729	1.571	0.706	
0.706	-2.054	-1.929	-0.729	1.571	0.706	
0.706	-2.054	-1.929	-0.729	1.571	0.706	
0.706	-2.054	-1.929	-0.729	1.571	0.706	
0.706	-2.054	-1.929	-0.729	1.571	0.706	
0.706	-2.054	-1.929	-0.729	1.571	0.706	
0.706	-2.054	-1.929	-0.729	1.571	0.706	
0.706	-2.054	-1.929	-0.729	1.571	0.706	
0.706	-2.054	-1.929	-0.729	1.571	0.706	
0.706	-2.054	-1.929	-0.729	1.571	0.706	
0.706	-2.054	-1.929	-0.729	1.571	0.706	
0.706	-2.054	-1.929	-0.729	1.571	0.706	
0.706	-2.054	-1.929	-0.729	1.571	0.706	
0.706	-2.054	-1.929	-0.729	1.571	0.706	
0.706	-2.054	-1.929	-0.729	1.571	0.706	
0.706	-2.054	-1.929	-0.729	1.571	0.706	
0.706	-2.054	-1.929	-0.729	1.571	0.706	
0.706	-2.054	-1.929	-0.729	1.571	0.706	
0.706	-2.054	-1.929	-0.729	1.571	0.706	
0.706	-2.054	-1.929	-0.729	1.571	0.706	
0.706	-2.054	-1.929	-0.729	1.571	0.706	
0.706	-2.054	-1.929	-0.729	1.571	0.706	
0.706	-2.054	-1.929	-0.729	1.571	0.706	
0.706	-2.054	-1.929	-0.729	1.571	0.706	
0.706	-2.054	-1.929	-0.729	1.571	0.706	
0.706	-2.054	-1.929	-0.729	1.571	0.706	
0.706	-2.054	-1.929	-0.729	1.571	0.706	
0.706	-2.054	-1.929	-0.729	1.571	0.706	
0.706	-2.054	-1.929	-0.729	1.571	0.706	
0.706	-2.054	-1.929	-0.729	1.571	0.706	
0.706	-2.054	-1.929	-0.729	1.571	0.706	
0.706	-2.054	-1.929	-0.729	1.571	0.706	
0.706	-2.054	-1.929	-0.729	1.571	0.706	
0.706	-2.054	-1.929	-0.729	1.571	0.706	
0.706	-2.054	-1.929	-0.729	1.571	0.706	
0.706	-2.054	-1.929	-0.729	1.571	0.706	
0.706	-2.054	-1.929	-0.729	1.571	0.706	
0.706	-2.054	-1.929	-0.729	1.571	0.706	
0.706	-2.054	-1.929	-0.729	1.571	0.706	
0.706	-2.054	-1.930	-0.729	1.571	0.706	
0.706	-2.054	-1.930	-0.729	1.571	0.706	
0.706	-2.054	-1.930	-0.729	1.571	0.706	
0.706	-2.054	-1.930	-0.729	1.571	0.706	
0.706	-2.054	-1.930	-0.729	1.571	0.706	
0.706	-2.054	-1.930	-0.729	1.571	0.706	
0.706	-2.054	-1.930	-0.728	1.571	0.706	
0.706	-2.054	-1.930	-0.728	1.571	0.706	
0.706	-2.054	-1.930	-0.728	1.571	0.706	
0.706	-2.054	-1.930	-0.728	1.571	0.706	
0.706	-2.054	-1.930	-0.728	1.571	0.706	
0.706	-2.054	-1.930	-0.728	1.571	0.706	
0.706	-2.054	-1.930	-0.728	1.571	0.706	
0.706	-2.054	-1.930	-0.728	1.571	0.706	
0.706	-2.054	-1.930	-0.728	1.571	0.706	
0.706	-2.054	-1.930	-0.728	1.571	0.706	
0.706	-2.054	-1.930	-0.728	1.571	0.706	
0.706	-2.054	-1.930	-0.728	1.571	0.706	
0.706	-2.054	-1.931	-0.728	1.571	0.706	
0.706	-2.054	-1.931	-0.728	1.571	0.706	
0.706	-2.054	-1.931	-0.728	1.571	0.706	
0.706	-2.054	-1.931	-0.728	1.571	0.706	
0.706	-2.054	-1.931	-0.728	1.571	0.706	
0.706	-2.054	-1.931	-0.728	1.571	0.706	
0.706	-2.054	-1.931	-0.728	1.571	0.706	
0.706	-2.053	-1.931	-0.728	1.571	0.706	
0.706	-2.053	-1.931	-0.728	1.571	0.706	
0.706	-2.053	-1.931	-0.728	1.571	0.706	
0.706	-2.053	-1.931	-0.728	1.571	0.706	
0.706	-2.053	-1.931	-0.728	1.571	0.706	
0.706	-2.053	-1.931	-0.728	1.571	0.706	
0.706	-2.053	-1.931	-0.728	1.571	0.706	
0.706	-2.053	-1.931	-0.728	1.571	0.706	
0.706	-2.053	-1.931	-0.728	1.571	0.706	
0.706	-2.053	-1.931	-0.728	1.571	0.706	
0.706	-2.053	-1.932	-0.728	1.571	0.706	
0.706	-2.053	-1.932	-0.728	1.571	0.706	
0.706	-2.053	-1.932	-0.728	1.571	0.706	
0.706	-2.053	-1.932	-0.728	1.571	0.706	
0.706	-2.053	-1.932	-0.728	1.571	0.706	
0.706	-2.053	-1.932	-0.728	1.571	0.706	
0.706	-2.053	-1.932	-0.728	1.571	0.706	
0.706	-2.053	-1.932	-0.728	1.571	0.706	
0.706	-2.053	-1.932	-0.728	1.571	0.706	
0.706	-2.053	-1.932	-0.728	1.571	0.706	
0.706	-2.053	-1.932	-0.728	1.571	0.706	
0.706	-2.053	-1.932	-0.728	1.571	0.706	
0.706	-2.053	-1.932	-0.727	1.571	0.706	
0.706	-2.053	-1.932	-0.727	1.571	0.706	
0.706	-2.053	-1.932	-0.727	1.571	0.706	
0.706	-2.053	-1.932	-0.727	1.571	0.706	
0.706	-2.053	-1.932	-0.727	1.571	0.706	
0.706	-2.053	-1.932	-0.727	1.571	0.706	
0.706	-2.052	-1.933	-0.727	1.571	0.706	
0.706	-2.052	-1.933	-0.727	1.571	0.706	
0.706	-2.052	-1.933	-0.727	1.571	0.706	
0.706	-2.052	-1.933	-0.727	1.571	0.706	
0.706	-2.052	-1.933	-0.727	1.571	0.706	
0.706	-2.052	-1.933	-0.727	1.571	0.706	
0.706	-2.052	-1.933	-0.727	1.571	0.706	
0.706	-2.052	-1.933	-0.727	1.571	0.706	
0.706	-2.052	-1.933	-0.727	1.571	0.706	
0.706	-2.052	-1.933	-0.727	1.571	0.706	
0.706	-2.052	-1.933	-0.727	1.571	0.706	
0.706	-2.052	-1.933	-0.727	1.571	0.706	
0.706	-2.052	-1.933	-0.727	1.571	0.706	
0.706	-2.052	-1.933	-0.727	1.571	0.706	
0.706	-2.052	-1.933	-0.727	1.571	0.706	
0.706	-2.052	-1.933	-0.727	1.571	0.706	
0.706	-2.052	-1.933	-0.727	1.571	0.706	
0.706	-2.052	-1.934	-0.727	1.571	0.706	
0.706	-2.052	-1.934	-0.727	1.571	0.706	
0.706	-2.052	-1.934	-0.727	1.571	0.706	
0.706	-2.052	-1.934	-0.727	1.571	0.706	
0.706	-2.052	-1.934	-0.727	1.571	0.706	
0.706	-2.052	-1.934	-0.727	1.571	0.706	
0.706	-2.052	-1.934	-0.727	1.571	0.706	
0.706	-2.052	-1.934	-0.727	1.571	0.706	
0.706	-2.051	-1.934	-0.727	1.571	0.706	
0.706	-2.051	-1.934	-0.727	1.571	0.706	
0.706	-2.051	-1.934	-0.727	1.571	0.706	
0.706	-2.051	-1.934	-0.727	1.571	0.706	
0.706	-2.051	-1.934	-0.727	1.571	0.706	
0.706	-2.051	-1.934	-0.727	1.571	0.706	
0.706	-2.051	-1.934	-0.727	1.571	0.706	
0.706	-2.051	-1.934	-0.727	1.571	0.706	
0.706	-2.051	-1.934	-0.727	1.571	0.706	
0.706	-2.051	-1.935	-0.727	1.571	0.706	
0.706	-2.051	-1.935	-0.727	1.571	0.706	
0.706	-2.051	-1.935	-0.727	1.571	0.706	
0.706	-2.051	-1.935	-0.727	1.571	0.706	
0.706	-2.051	-1.935	-0.727	1.571	0.706	
0.706	-2.051	-1.935	-0.727	1.571	0.706	
0.706	-2.051	-1.935	-0.727	1.571	0.706	
0.706	-2.051	-1.935	-0.727	1.571	0.706	
0.706	-2.051	-1.935	-0.727	1.571	0.706	
0.706	-2.051	-1.935	-0.726	1.571	0.706	
0.706	-2.051	-1.935	-0.726	1.571	0.706	
0.706	-2.051	-1.935	-0.726	1.571	0.706	
0.706	-2.051	-1.935	-0.726	1.571	0.706	
0.706	-2.051	-1.935	-0.726	1.571	0.706	
0.706	-2.051	-1.935	-0.726	1.571	0.706	
0.706	-2.051	-1.936	-0.726	1.571	0.706	
0.706	-2.050	-1.936	-0.726	1.571	0.706	
0.706	-2.050	-1.936	-0.726	1.571	0.706	
0.706	-2.050	-1.936	-0.726	1.571	0.706	
0.706	-2.050	-1.936	-0.726	1.571	0.706	
0.706	-2.050	-1.936	-0.726	1.571	0.706	
0.706	-2.050	-1.936	-0.726	1.571	0.706	
0.706	-2.050	-1.936	-0.726	1.571	0.706	
0.706	-2.050	-1.936	-0.726	1.571	0.706	
0.706	-2.050	-1.936	-0.726	1.571	0.706	
0.706	-2.050	-1.936	-0.726	1.571	0.706	
0.706	-2.050	-1.936	-0.726	1.571	0.706	
0.706	-2.050	-1.936	-0.726	1.571	0.706	
0.706	-2.050	-1.936	-0.726	1.571	0.706	
0.706	-2.050	-1.936	-0.726	1.571	0.706	
0.706	-2.050	-1.937	-0.726	1.571	0.706	
0.706	-2.050	-1.937	-0.726	1.571	0.706	
0.706	-2.050	-1.937	-0.726	1.571	0.706	
0.706	-2.050	-1.937	-0.726	1.571	0.706	
0.706	-2.050	-1.937	-0.726	1.571	0.706	
0.706	-2.050	-1.937	-0.726	1.571	0.706	
0.706	-2.050	-1.937	-0.726	1.571	0.706	
0.706	-2.050	-1.937	-0.726	1.571	0.706	
0.706	-2.050	-1.937	-0.726	1.571	0.706	
0.706	-2.050	-1.937	-0.726	1.571	0.706	
0.706	-2.049	-1.937	-0.726	1.571	0.706	
0.706	-2.049	-1.937	-0.726	1.571	0.706	
0.706	-2.049	-1.937	-0.726	1.571	0.706	
0.706	-2.049	-1.937	-0.726	1.571	0.706	
0.706	-2.049	-1.937	-0.726	1.571	0.706	
0.706	-2.049	-1.938	-0.726	1.571	0.706	
0.706	-2.049	-1.938	-0.726	1.571	0.706	
0.706	-2.049	-1.938	-0.725	1.571	0.706	
0.706	-2.049	-1.938	-0.725	1.571	0.706	
0.706	-2.049	-1.938	-0.725	1.571	0.706	
0.706	-2.049	-1.938	-0.725	1.571	0.706	
0.706	-2.049	-1.938	-0.725	1.571	0.706	
0.706	-2.049	-1.938	-0.725	1.571	0.706	
0.706	-2.049	-1.938	-0.725	1.571	0.706	
0.706	-2.049	-1.938	-0.725	1.571	0.706	
0.706	-2.049	-1.938	-0.725	1.571	0.706	
0.706	-2.049	-1.938	-0.725	1.571	0.706	
0.706	-2.049	-1.938	-0.725	1.571	0.706	
0.706	-2.049	-1.938	-0.725	1.571	0.706	
0.706	-2.049	-1.939	-0.725	1.571	0.706	
0.706	-2.049	-1.939	-0.725	1.571	0.706	
0.706	-2.049	-1.939	-0.725	1.571	0.706	
0.706	-2.048	-1.939	-0.725	1.571	0.706	
0.706	-2.048	-1.939	-0.725	1.571	0.706	
0.706	-2.048	-1.939	-0.725	1.571	0.706	
0.706	-2.048	-1.939	-0.725	1.571	0.706	
0.706	-2.048	-1.939	-0.725	1.571	0.706	
0.706	-2.048	-1.939	-0.725	1.571	0.706	
0.706	-2.048	-1.939	-0.725	1.571	0.706	
0.706	-2.048	-1.939	-0.725	1.571	0.706	
0.706	-2.048	-1.939	-0.725	1.571	0.706	
0.706	-2.048	-1.939	-0.725	1.571	0.706	
0.706	-2.048	-1.939	-0.725	1.571	0.706	
0.706	-2.048	-1.940	-0.725	1.571	0.706	
0.706	-2.048	-1.940	-0.725	1.571	0.706	
0.706	-2.048	-1.940	-0.725	1.571	0.706	
0.706	-2.048	-1.940	-0.725	1.571	0.706	
0.706	-2.048	-1.940	-0.725	1.571	0.706	
0.706	-2.048	-1.940	-0.725	1.571	0.706	
0.706	-2.048	-1.940	-0.725	1.571	0.706	
0.706	-2.048	-1.940	-0.725	1.571	0.706	
0.706	-2.048	-1.940	-0.725	1.571	0.707	
0.706	-2.048	-1.940	-0.725	1.571	0.707	
0.706	-2.048	-1.940	-0.725	1.571	0.707	
0.706	-2.047	-1.940	-0.725	1.571	0.707	
0.706	-2.047	-1.940	-0.725	1.571	0.707	
0.706	-2.047	-1.940	-0.725	1.571	0.707	
0.706	-2.047	-1.941	-0.725	1.571	0.707	
0.706	-2.047	-1.941	-0.724	1.571	0.707	
0.706	-2.047	-1.941	-0.724	1.571	0.707	
0.706	-2.047	-1.941	-0.724	1.571	0.707	
0.706	-2.047	-1.941	-0.724	1.571	0.707	
0.706	-2.047	-1.941	-0.724	1.571	0.707	
0.707	-2.047	-1.941	-0.724	1.571	0.707	
0.707	-2.047	-1.941	-0.724	1.571	0.707	
0.707	-2.047	-1.941	-0.724	1.571	0.707	
0.707	-2.047	-1.941	-0.724	1.571	0.707	
0.707	-2.047	-1.941	-0.724	1.571	0.707	
0.707	-2.047	-1.941	-0.724	1.571	0.707	
0.707	-2.047	-1.941	-0.724	1.571	0.707	
0.707	-2.047	-1.942	-0.724	1.571	0.707	
0.707	-2.047	-1.942	-0.724	1.571	0.707	
0.707	-2.047	-1.942	-0.724	1.571	0.707	
0.707	-2.047	-1.942	-0.724	1.571	0.707	
0.707	-2.047	-1.942	-0.724	1.571	0.707	
0.707	-2.046	-1.942	-0.724	1.571	0.707	
0.707	-2.046	-1.942	-0.724	1.571	0.707	
0.707	-2.046	-1.942	-0.724	1.571	0.707	
0.707	-2.046	-1.942	-0.724	1.571	0.707	
0.707	-2.046	-1.942	-0.724	1.571	0.707	
0.707	-2.046	-1.942	-0.724	1.571	0.707	
0.707	-2.046	-1.942	-0.724	1.571	0.707	
0.707	-2.046	-1.942	-0.724	1.571	0.707	
0.707	-2.046	-1.942	-0.724	1.571	0.707	
0.707	-2.046	-1.943	-0.724	1.571	0.707	
0.707	-2.046	-1.943	-0.724	1.571	0.707	
0.707	-2.046	-1.943	-0.724	1.571	0.707	
0.707	-2.046	-1.943	-0.724	1.571	0.707	
0.707	-2.046	-1.943	-0.724	1.571	0.707	
0.707	-2.046	-1.943	-0.724	1.571	0.707	
0.707	-2.046	-1.943	-0.724	1.571	0.707	
0.707	-2.046	-1.943	-0.724	1.571	0.707	
0.707	-2.046	-1.943	-0.724	1.571	0.707	
0.707	-2.046	-1.943	-0.724	1.571	0.707	
0.707	-2.046	-1.943	-0.724	1.571	0.707	
0.707	-2.045	-1.943	-0.724	1.571	0.707	
0.707	-2.045	-1.943	-0.723	1.571	0.707	
0.707	-2.045	-1.944	-0.723	1.571	0.707	
0.707	-2.045	-1.944	-0.723	1.571	0.707	
0.707	-2.045	-1.944	-0.723	1.571	0.707	
0.707	-2.045	-1.944	-0.723	1.571	0.707	
0.707	-2.045	-1.944	-0.723	1.571	0.707	
0.707	-2.045	-1.944	-0.723	1.571	0.707	
0.707	-2.045	-1.944	-0.723	1.571	0.707	
0.707	-2.045	-1.944	-0.723	1.571	0.707	
0.707	-2.045	-1.944	-0.723	1.571	0.707	
0.707	-2.045	-1.944	-0.723	1.571	0.707	
0.707	-2.045	-1.944	-0.723	1.571	0.707	
0.707	-2.045	-1.944	-0.723	1.571	0.707	
0.707	-2.045	-1.944	-0.723	1.571	0.707	
0.707	-2.045	-1.945	-0.723	1.571	0.707	
0.707	-2.045	-1.945	-0.723	1.571	0.707	
0.707	-2.045	-1.945	-0.723	1.571	0.707	
0.707	-2.045	-1.945	-0.723	1.571	0.707	
0.707	-2.045	-1.945	-0.723	1.571	0.707	
0.707	-2.045	-1.945	-0.723	1.571	0.707	
0.707	-2.044	-1.945	-0.723	1.571	0.707	
0.707	-2.044	-1.945	-0.723	1.571	0.707	
0.707	-2.044	-1.945	-0.723	1.571	0.707	
0.707	-2.044	-1.945	-0.723	1.571	0.707	
0.707	-2.044	-1.945	-0.723	1.571	0.707	
0.707	-2.044	-1.945	-0.723	1.571	0.707	
0.707	-2.044	-1.945	-0.723	1.571	0.707	
0.707	-2.044	-1.946	-0.723	1.571	0.707	
0.707	-2.044	-1.946	-0.723	1.571	0.707	
0.707	-2.044	-1.946	-0.723	1.571	0.707	
0.707	-2.044	-1.946	-0.723	1.571	0.707	
0.707	-2.044	-1.946	-0.723	1.571	0.707	
0.707	-2.044	-1.946	-0.723	1.571	0.707	
0.707	-2.044	-1.946	-0.723	1.571	0.707	
0.707	-2.044	-1.946	-0.723	1.571	0.707	
0.707	-2.044	-1.946	-0.722	1.571	0.707	
0.707	-2.044	-1.946	-0.722	1.571	0.707	
0.707	-2.044	-1.946	-0.722	1.571	0.707	
0.707	-2.044	-1.946	-0.722	1.571	0.707	
0.707	-2.043	-1.947	-0.722	1.571	0.707	
0.707	-2.043	-1.947	-0.722	1.571	0.707	
0.707	-2.043	-1.947	-0.722	1.571	0.707	
0.707	-2.043	-1.947	-0.722	1.571	0.707	
0.707	-2.043	-1.947	-0.722	1.571	0.707	
0.707	-2.043	-1.947	-0.722	1.571	0.707	
0.707	-2.043	-1.947	-0.722	1.571	0.707	
0.707	-2.043	-1.947	-0.722	1.571	0.707	
0.707	-2.043	-1.947	-0.722	1.571	0.707	
0.707	-2.043	-1.947	-0.722	1.571	0.707	
0.707	-2.043	-1.947	-0.722	1.571	0.707	
0.707	-2.043	-1.947	-0.722	1.571	0.707	
0.707	-2.043	-1.947	-0.722	1.571	0.707	
0.707	-2.043	-1.948	-0.722	1.571	0.707	
0.707	-2.043	-1.948	-0.722	1.571	0.707	
0.707	-2.043	-1.948	-0.722	1.571	0.707	
0.707	-2.043	-1.948	-0.722	1.571	0.707	
0.707	-2.043	-1.948	-0.722	1.571	0.707	
0.707	-2.043	-1.948	-0.722	1.571	0.707	
0.707	-2.043	-1.948	-0.722	1.571	0.707	
0.707	-2.042	-1.948	-0.722	1.571	0.707	
0.707	-2.042	-1.948	-0.722	1.571	0.707	
0.707	-2.042	-1.948	-0.722	1.571	0.707	
0.707	-2.042	-1.948	-0.722	1.571	0.707	
0.707	-2.042	-1.948	-0.722	1.571	0.707	
0.707	-2.042	-1.949	-0.722	1.571	0.707	
0.707	-2.042	-1.949	-0.722	1.571	0.707	
0.707	-2.042	-1.949	-0.722	1.571	0.707	
0.707	-2.042	-1.949	-0.722	1.571	0.707	
0.707	-2.042	-1.949	-0.721	1.571	0.707	
0.707	-2.042	-1.949	-0.721	1.571	0.707	
0.707	-2.042	-1.949	-0.721	1.571	0.707	
0.707	-2.042	-1.949	-0.721	1.571	0.707	
0.707	-2.042	-1.949	-0.721	1.571	0.707	
0.707	-2.042	-1.949	-0.721	1.571	0.707	
0.707	-2.042	-1.949	-0.721	1.571	0.707	
0.707	-2.042	-1.949	-0.721	1.571	0.707	
0.707	-2.042	-1.950	-0.721	1.571	0.707	
0.707	-2.042	-1.950	-0.721	1.571	0.707	
0.707	-2.041	-1.950	-0.721	1.571	0.707	
0.707	-2.041	-1.950	-0.721	1.571	0.707	
0.707	-2.041	-1.950	-0.721	1.571	0.707	
0.707	-2.041	-1.950	-0.721	1.571	0.707	
0.707	-2.041	-1.950	-0.721	1.571	0.707	
0.707	-2.041	-1.950	-0.721	1.571	0.707	
0.707	-2.041	-1.950	-0.721	1.571	0.707	
0.707	-2.041	-1.950	-0.721	1.571	0.707	
0.707	-2.041	-1.950	-0.721	1.571	0.707	
0.707	-2.041	-1.950	-0.721	1.571	0.707	
0.707	-2.041	-1.950	-0.721	1.571	0.707	
0.707	-2.041	-1.951	-0.721	1.571	0.707	
0.707	-2.041	-1.951	-0.721	1.571	0.707	
0.707	-2.041	-1.951	-0.721	1.571	0.707	
0.707	-2.041	-1.951	-0.721	1.571	0.707	
0.707	-2.041	-1.951	-0.721	1.571	0.707	
0.707	-2.041	-1.951	-0.721	1.571	0.707	
0.707	-2.041	-1.951	-0.721	1.571	0.707	
0.707	-2.041	-1.951	-0.721	1.571	0.707	
0.707	-2.040	-1.951	-0.721	1.571	0.707	
0.707	-2.040	-1.951	-0.721	1.571	0.707	
0.707	-2.040	-1.951	-0.721	1.571	0.707	
0.707	-2.040	-1.952	-0.721	1.571	0.707	
0.707	-2.040	-1.952	-0.721	1.571	0.707	
0.707	-2.040	-1.952	-0.721	1.571	0.707	
0.707	-2.040	-1.952	-0.720	1.571	0.707	
0.707	-2.040	-1.952	-0.720	1.571	0.707	
0.707	-2.040	-1.952	-0.720	1.571	0.707	
0.707	-2.040	-1.952	-0.720	1.571	0.707	
0.707	-2.040	-1.952	-0.720	1.571	0.707	
0.707	-2.040	-1.952	-0.720	1.571	0.707	
0.707	-2.040	-1.952	-0.720	1.571	0.707	
0.707	-2.040	-1.952	-0.720	1.571	0.707	
0.707	-2.040	-1.952	-0.720	1.571	0.707	
0.707	-2.040	-1.953	-0.720	1.571	0.707	
0.707	-2.040	-1.953	-0.720	1.571	0.707	
0.707	-2.040	-1.953	-0.720	1.571	0.707	
0.707	-2.039	-1.953	-0.720	1.571	0.707	
0.707	-2.039	-1.953	-0.720	1.571	0.707	
0.707	-2.039	-1.953	-0.720	1.571	0.707	
0.707	-2.039	-1.953	-0.720	1.571	0.707	
0.707	-2.039	-1.953	-0.720	1.571	0.707	
0.707	-2.039	-1.953	-0.720	1.571	0.707	
0.707	-2.039	-1.953	-0.720	1.571	0.707	
0.707	-2.039	-1.953	-0.720	1.571	0.707	
0.707	-2.039	-1.953	-0.720	1.571	0.707	
0.707	-2.039	-1.954	-0.720	1.571	0.707	
0.707	-2.039	-1.954	-0.720	1.571	0.707	
0.707	-2.039	-1.954	-0.720	1.571	0.707	
0.707	-2.039	-1.954	-0.720	1.571	0.707	
0.707	-2.039	-1.954	-0.720	1.571	0.707	
0.707	-2.039	-1.954	-0.720	1.571	0.707	
0.707	-2.039	-1.954	-0.720	1.571	0.707	
0.707	-2.039	-1.954	-0.720	1.571	0.707	
0.707	-2.039	-1.954	-0.720	1.571	0.707	
0.707	-2.039	-1.954	-0.720	1.571	0.707	
0.707	-2.038	-1.954	-0.720	1.571	0.707	
0.707	-2.038	-1.954	-0.720	1.571	0.707	
0.707	-2.038	-1.955	-0.719	1.571	0.707	
0.707	-2.038	-1.955	-0.719	1.571	0.707	
0.707	-2.038	-1.955	-0.719	1.571	0.707	
0.707	-2.038	-1.955	-0.719	1.571	0.707	
0.707	-2.038	-1.955	-0.719	1.571	0.707	
0.707	-2.038	-1.955	-0.719	1.571	0.707	
0.707	-2.038	-1.955	-0.719	1.571	0.707	
0.707	-2.038	-1.955	-0.719	1.571	0.707	
0.707	-2.038	-1.955	-0.719	1.571	0.707	
0.707	-2.038	-1.955	-0.719	1.571	0.707	
0.707	-2.038	-1.955	-0.719	1.571	0.707	
0.707	-2.038	-1.955	-0.719	1.571	0.707	
0.707	-2.038	-1.956	-0.719	1.571	0.707	
0.707	-2.038	-1.956	-0.719	1.571	0.707	
0.707	-2.038	-1.956	-0.719	1.571	0.707	
0.707	-2.038	-1.956	-0.719	1.571	0.707	
0.707	-2.037	-1.956	-0.719	1.571	0.707	
0.707	-2.037	-1.956	-0.719	1.571	0.707	
0.707	-2.037	-1.956	-0.719	1.571	0.707	
0.707	-2.037	-1.956	-0.719	1.571	0.707	
0.707	-2.037	-1.956	-0.719	1.571	0.707	
0.707	-2.037	-1.956	-0.719	1.571	0.707	
0.707	-2.037	-1.956	-0.719	1.571	0.707	
0.707	-2.037	-1.956	-0.719	1.571	0.707	
0.707	-2.037	-1.957	-0.719	1.571	0.707	
0.707	-2.037	-1.957	-0.719	1.571	0.707	
0.707	-2.037	-1.957	-0.719	1.571	0.707	
0.707	-2.037	-1.957	-0.719	1.571	0.707	
0.707	-2.037	-1.957	-0.719	1.571	0.707	
0.707	-2.037	-1.957	-0.719	1.571	0.707	
0.707	-2.037	-1.957	-0.719	1.571	0.707	
0.707	-2.037	-1.957	-0.719	1.571	0.707	
0.707	-2.037	-1.957	-0.719	1.571	0.707	
0.707	-2.037	-1.957	-0.718	1.571	0.707	
0.707	-2.036	-1.957	-0.718	1.571	0.707	
0.707	-2.036	-1.958	-0.718	1.571	0.707	
0.707	-2.036	-1.958	-0.718	1.571	0.707	
0.707	-2.036	-1.958	-0.718	1.571	0.707	
0.707	-2.036	-1.958	-0.718	1.571	0.707	
0.707	-2.036	-1.958	-0.718	1.571	0.707	
0.707	-2.036	-1.958	-0.718	1.571	0.707	
0.707	-2.036	-1.958	-0.718	1.571	0.707	
0.707	-2.036	-1.958	-0.718	1.571	0.707	
0.707	-2.036	-1.958	-0.718	1.571	0.707	
0.707	-2.036	-1.958	-0.718	1.571	0.707	
0.707	-2.036	-1.958	-0.718	1.571	0.707	
0.707	-2.036	-1.958	-0.718	1.571	0.707	
0.707	-2.036	-1.959	-0.718	1.571	0.707	
0.707	-2.036	-1.959	-0.718	1.571	0.707	
0.707	-2.036	-1.959	-0.718	1.571	0.707	
0.707	-2.036	-1.959	-0.718	1.571	0.707	
0.707	-2.036	-1.959	-0.718	1.571	0.707	
0.707	-2.035	-1.959	-0.718	1.571	0.707	
0.707	-2.035	-1.959	-0.718	1.571	0.707	
0.707	-2.035	-1.959	-0.718	1.571	0.707	
0.707	-2.035	-1.959	-0.718	1.571	0.707	
0.707	-2.035	-1.959	-0.718	1.571	0.707	
0.707	-2.035	-1.959	-0.718	1.571	0.707	
0.707	-2.035	-1.960	-0.718	1.571	0.707	
0.707	-2.035	-1.960	-0.718	1.571	0.707	
0.707	-2.035	-1.960	-0.718	1.571	0.707	
0.707	-2.035	-1.960	-0.718	1.571	0.707	
0.707	-2.035	-1.960	-0.718	1.571	0.707	
0.707	-2.035	-1.960	-0.718	1.571	0.707	
0.707	-2.035	-1.960	-0.717	1.571	0.707	
0.707	-2.035	-1.960	-0.717	1.571	0.707	
0.707	-2.035	-1.960	-0.717	1.571	0.707	
0.707	-2.035	-1.960	-0.717	1.571	0.707	
0.707	-2.035	-1.960	-0.717	1.571	0.707	
0.707	-2.035	-1.960	-0.717	1.571	0.707	
0.707	-2.034	-1.961	-0.717	1.571	0.707	
0.707	-2.034	-1.961	-0.717	1.571	0.707	
0.707	-2.034	-1.961	-0.717	1.571	0.707	
0.707	-2.034	-1.961	-0.717	1.571	0.707	
0.707	-2.034	-1.961	-0.717	1.571	0.707	
0.707	-2.034	-1.961	-0.717	1.571	0.707	
0.707	-2.034	-1.961	-0.717	1.571	0.707	
0.707	-2.034	-1.961	-0.717	1.571	0.707	
0.707	-2.034	-1.961	-0.717	1.571	0.707	
0.707	-2.034	-1.961	-0.717	1.571	0.707	
0.707	-2.034	-1.961	-0.717	1.571	0.707	
0.707	-2.034	-1.962	-0.717	1.571	0.707	
0.707	-2.034	-1.962	-0.717	1.571	0.707	
0.707	-2.034	-1.962	-0.717	1.571	0.707	
0.707	-2.034	-1.962	-0.717	1.571	0.707	
0.707	-2.034	-1.962	-0.717	1.571	0.707	
0.707	-2.034	-1.962	-0.717	1.571	0.707	
0.707	-2.033	-1.962	-0.717	1.571	0.707	
0.707	-2.033	-1.962	-0.717	1.571	0.707	
0.707	-2.033	-1.962	-0.717	1.571	0.707	
0.707	-2.033	-1.962	-0.717	1.571	0.707	
0.707	-2.033	-1.962	-0.717	1.571	0.707	
0.707	-2.033	-1.962	-0.717	1.571	0.707	
0.707	-2.033	-1.963	-0.717	1.571	0.707	
0.707	-2.033	-1.963	-0.717	1.571	0.707	
0.707	-2.033	-1.963	-0.717	1.571	0.707	
0.707	-2.033	-1.963	-0.717	1.571	0.707	
0.707	-2.033	-1.963	-0.717	1.571	0.707	
0.707	-2.033	-1.963	-0.716	1.571	0.707	
0.707	-2.033	-1.963	-0.716	1.571	0.707	
0.707	-2.033	-1.963	-0.716	1.571	0.707	
0.707	-2.033	-1.963	-0.716	1.571	0.707	
0.707	-2.033	-1.963	-0.716	1.571	0.707	
0.707	-2.033	-1.963	-0.716	1.571	0.707	
0.707	-2.033	-1.964	-0.716	1.571	0.707	
0.707	-2.032	-1.964	-0.716	1.571	0.707	
0.707	-2.032	-1.964	-0.716	1.571	0.707	
0.707	-2.032	-1.964	-0.716	1.571	0.707	
0.707	-2.032	-1.964	-0.716	1.571	0.707	
0.707	-2.032	-1.964	-0.716	1.571	0.707	
0.707	-2.032	-1.964	-0.716	1.571	0.707	
0.707	-2.032	-1.964	-0.716	1.571	0.708	
0.707	-2.032	-1.964	-0.716	1.571	0.708	
0.707	-2.032	-1.964	-0.716	1.571	0.708	
0.707	-2.032	-1.964	-0.716	1.571	0.708	
0.707	-2.032	-1.965	-0.716	1.571	0.708	
0.707	-2.032	-1.965	-0.716	1.571	0.708	
0.707	-2.032	-1.965	-0.716	1.571	0.708	
0.707	-2.032	-1.965	-0.716	1.571	0.708	
0.707	-2.032	-1.965	-0.716	1.571	0.708	
0.707	-2.032	-1.965	-0.716	1.571	0.708	
0.707	-2.032	-1.965	-0.716	1.571	0.708	
0.707	-2.032	-1.965	-0.716	1.571	0.708	
0.708	-2.031	-1.965	-0.716	1.571	0.708	
0.708	-2.031	-1.965	-0.716	1.571	0.708	
0.708	-2.031	-1.965	-0.716	1.571	0.708	
0.708	-2.031	-1.966	-0.716	1.571	0.708	
0.708	-2.031	-1.966	-0.716	1.571	0.708	
0.708	-2.031	-1.966	-0.715	1.571	0.708	
0.708	-2.031	-1.966	-0.715	1.571	0.708	
0.708	-2.031	-1.966	-0.715	1.571	0.708	
0.708	-2.031	-1.966	-0.715	1.571	0.708	
0.708	-2.031	-1.966	-0.715	1.571	0.708	
0.708	-2.031	-1.966	-0.715	1.571	0.708	
0.708	-2.031	-1.966	-0.715	1.571	0.708	
0.708	-2.031	-1.966	-0.715	1.571	0.708	
0.708	-2.031	-1.966	-0.715	1.571	0.708	
0.708	-2.031	-1.967	-0.715	1.571	0.708	
0.708	-2.031	-1.967	-0.715	1.571	0.708	
0.708	-2.031	-1.967	-0.715	1.571	0.708	
0.708	-2.030	-1.967	-0.715	1.571	0.708	
0.708	-2.030	-1.967	-0.715	1.571	0.708	
0.708	-2.030	-1.967	-0.715	1.571	0.708	
0.708	-2.030	-1.967	-0.715	1.571	0.708	
0.708	-2.030	-1.967	-0.715	1.571	0.708	
0.708	-2.030	-1.967	-0.715	1.571	0.708	
0.708	-2.030	-1.967	-0.715	1.571	0.708	
0.708	-2.030	-1.967	-0.715	1.571	0.708	
0.708	-2.030	-1.968	-0.715	1.571	0.708	
0.708	-2.030	-1.968	-0.715	1.571	0.708	
0.708	-2.030	-1.968	-0.715	1.571	0.708	
0.708	-2.030	-1.968	-0.715	1.571	0.708	
0.708	-2.030	-1.968	-0.715	1.571	0.708	
0.708	-2.030	-1.968	-0.715	1.571	0.708	
0.708	-2.030	-1.968	-0.715	1.571	0.708	
0.708	-2.030	-1.968	-0.715	1.571	0.708	
0.708	-2.029	-1.968	-0.715	1.571	0.708	
0.708	-2.029	-1.968	-0.715	1.571	0.708	
0.708	-2.029	-1.968	-0.715	1.571	0.708	
0.708	-2.029	-1.969	-0.715	1.571	0.708	
0.708	-2.029	-1.969	-0.714	1.571	0.708	
0.708	-2.029	-1.969	-0.714	1.571	0.708	
0.708	-2.029	-1.969	-0.714	1.571	0.708	
0.708	-2.029	-1.969	-0.714	1.571	0.708	
0.708	-2.029	-1.969	-0.714	1.571	0.708	
0.708	-2.029	-1.969	-0.714	1.571	0.708	
0.708	-2.029	-1.969	-0.714	1.571	0.708	
0.708	-2.029	-1.969	-0.714	1.571	0.708	
0.708	-2.029	-1.969	-0.714	1.571	0.708	
0.708	-2.029	-1.970	-0.714	1.571	0.708	
0.708	-2.029	-1.970	-0.714	1.571	0.708	
0.708	-2.029	-1.970	-0.714	1.571	0.708	
0.708	-2.029	-1.970	-0.714	1.571	0.708	
0.708	-2.028	-1.970	-0.714	1.571	0.708	
0.708	-2.028	-1.970	-0.714	1.571	0.708	
0.708	-2.028	-1.970	-0.714	1.571	0.708	
0.708	-2.028	-1.970	-0.714	1.571	0.708	
0.708	-2.028	-1.970	-0.714	1.571	0.708	
0.708	-2.028	-1.970	-0.714	1.571	0.708	
0.708	-2.028	-1.971	-0.714	1.571	0.708	
0.708	-2.028	-1.971	-0.714	1.571	0.708	
0.708	-2.028	-1.971	-0.714	1.571	0.708	
0.708	-2.028	-1.971	-0.714	1.571	0.708	
0.708	-2.028	-1.971	-0.713	1.571	0.708	
0.708	-2.028	-1.971	-0.713	1.571	0.708	
0.708	-2.028	-1.971	-0.713	1.571	0.708	
0.708	-2.028	-1.971	-0.713	1.571	0.708	
0.708	-2.028	-1.971	-0.713	1.571	0.708	
0.708	-2.028	-1.971	-0.713	1.571	0.708	
0.708	-2.028	-1.972	-0.713	1.571	0.708	
0.708	-2.028	-1.972	-0.713	1.571	0.708	
0.708	-2.028	-1.972	-0.713	1.571	0.708	
0.708	-2.027	-1.972	-0.713	1.571	0.708	
0.708	-2.027	-1.972	-0.713	1.571	0.708	
0.708	-2.027	-1.972	-0.713	1.571	0.708	
0.708	-2.027	-1.972	-0.713	1.571	0.708	
0.708	-2.027	-1.972	-0.713	1.571	0.708	
0.708	-2.027	-1.972	-0.713	1.571	0.708	
0.708	-2.027	-1.972	-0.713	1.571	0.708	
0.708	-2.027	-1.973	-0.713	1.571	0.708	
0.708	-2.027	-1.973	-0.713	1.571	0.708	
0.708	-2.027	-1.973	-0.713	1.571	0.708	
0.708	-2.027	-1.973	-0.713	1.571	0.708	
0.708	-2.027	-1.973	-0.713	1.571	0.708	
0.708	-2.027	-1.973	-0.713	1.571	0.708	
0.708	-2.027	-1.973	-0.713	1.571	0.708	
0.708	-2.027	-1.973	-0.712	1.571	0.708	
0.708	-2.027	-1.973	-0.712	1.571	0.708	
0.708	-2.027	-1.973	-0.712	1.571	0.708	
0.708	-2.026	-1.974	-0.712	1.571	0.708	
0.708	-2.026	-1.974	-0.712	1.571	0.708	
0.708	-2.026	-1.974	-0.712	1.571	0.708	
0.708	-2.026	-1.974	-0.712	1.571	0.708	
0.708	-2.026	-1.974	-0.712	1.571	0.708	
0.708	-2.026	-1.974	-0.712	1.571	0.708	
0.708	-2.026	-1.974	-0.712	1.571	0.708	
0.708	-2.026	-1.974	-0.712	1.571	0.708	
0.708	-2.026	-1.974	-0.712	1.571	0.708	
0.708	-2.026	-1.974	-0.712	1.571	0.708	
0.708	-2.026	-1.975	-0.712	1.571	0.708	
0.708	-2.026	-1.975	-0.712	1.571	0.708	
0.708	-2.026	-1.975	-0.712	1.571	0.708	
0.708	-2.026	-1.975	-0.712	1.571	0.708	
0.708	-2.026	-1.975	-0.712	1.571	0.708	
0.708	-2.026	-1.975	-0.712	1.571	0.708	
0.708	-2.025	-1.975	-0.712	1.571	0.708	
0.708	-2.025	-1.975	-0.712	1.571	0.708	
0.708	-2.025	-1.975	-0.712	1.571	0.708	
0.708	-2.025	-1.975	-0.712	1.571	0.708	
0.708	-2.025	-1.976	-0.712	1.571	0.708	
0.708	-2.025	-1.976	-0.711	1.571	0.708	
0.708	-2.025	-1.976	-0.711	1.571	0.708	
0.708	-2.025	-1.976	-0.711	1.571	0.708	
0.708	-2.025	-1.976	-0.711	1.571	0.708	
0.708	-2.025	-1.976	-0.711	1.571	0.708	
0.708	-2.025	-1.976	-0.711	1.571	0.708	
0.708	-2.025	-1.976	-0.711	1.571	0.708	
0.708	-2.025	-1.976	-0.711	1.571	0.708	
0.708	-2.025	-1.977	-0.711	1.571	0.708	
0.708	-2.025	-1.977	-0.711	1.571	0.708	
0.708	-2.025	-1.977	-0.711	1.571	0.708	
0.708	-2.025	-1.977	-0.711	1.571	0.708	
0.708	-2.024	-1.977	-0.711	1.571	0.708	
0.708	-2.024	-1.977	-0.711	1.571	0.708	
0.708	-2.024	-1.977	-0.711	1.571	0.708	
0.708	-2.024	-1.977	-0.711	1.571	0.708	
0.708	-2.024	-1.977	-0.711	1.571	0.708	
0.708	-2.024	-1.977	-0.711	1.571	0.708	
0.708	-2.024	-1.978	-0.711	1.571	0.708	
0.708	-2.024	-1.978	-0.711	1.571	0.708	
0.708	-2.024	-1.978	-0.711	1.571	0.708	
0.708	-2.024	-1.978	-0.711	1.571	0.708	
0.708	-2.024	-1.978	-0.711	1.571	0.708	
0.708	-2.024	-1.978	-0.710	1.571	0.708	
0.708	-2.024	-1.978	-0.710	1.571	0.708	
0.708	-2.024	-1.978	-0.710	1.571	0.708	
0.708	-2.024	-1.978	-0.710	1.571	0.708	
0.708	-2.024	-1.978	-0.710	1.571	0.708	
0.708	-2.024	-1.979	-0.710	1.571	0.708	
0.708	-2.023	-1.979	-0.710	1.571	0.708	
0.708	-2.023	-1.979	-0.710	1.571	0.708	
0.708	-2.023	-1.979	-0.710	1.571	0.708	
0.708	-2.023	-1.979	-0.710	1.571	0.708	
0.708	-2.023	-1.979	-0.710	1.571	0.708	
0.708	-2.023	-1.979	-0.710	1.571	0.708	
0.708	-2.023	-1.979	-0.710	1.571	0.708	
0.708	-2.023	-1.979	-0.710	1.571	0.708	
0.708	-2.023	-1.979	-0.710	1.571	0.708	
0.708	-2.023	-1.980	-0.710	1.571	0.708	
0.708	-2.023	-1.980	-0.710	1.571	0.708	
0.708	-2.023	-1.980	-0.710	1.571	0.708	
0.708	-2.023	-1.980	-0.710	1.571	0.708	
0.708	-2.023	-1.980	-0.710	1.571	0.708	
0.708	-2.023	-1.980	-0.710	1.571	0.708	
0.708	-2.023	-1.980	-0.710	1.571	0.708	
0.708	-2.023	-1.980	-0.710	1.571	0.708	
0.708	-2.022	-1.980	-0.709	1.571	0.708	
0.708	-2.022	-1.980	-0.709	1.571	0.708	
0.708	-2.022	-1.981	-0.709	1.571	0.708	
0.708	-2.022	-1.981	-0.709	1.571	0.708	
0.708	-2.022	-1.981	-0.709	1.571	0.708	
0.708	-2.022	-1.981	-0.709	1.571	0.708	
0.708	-2.022	-1.981	-0.709	1.571	0.708	
0.708	-2.022	-1.981	-0.709	1.571	0.708	
0.708	-2.022	-1.981	-0.709	1.571	0.708	
0.708	-2.022	-1.981	-0.709	1.571	0.708	
0.708	-2.022	-1.981	-0.709	1.571	0.708	
0.708	-2.022	-1.982	-0.709	1.571	0.708	
0.708	-2.022	-1.982	-0.709	1.571	0.708	
0.708	-2.022	-1.982	-0.709	1.571	0.708	
0.708	-2.022	-1.982	-0.709	1.571	0.708	
0.708	-2.022	-1.982	-0.709	1.571	0.708	
0.708	-2.022	-1.982	-0.709	1.571	0.708	
0.708	-2.021	-1.982	-0.709	1.571	0.708	
0.708	-2.021	-1.982	-0.709	1.571	0.708	
0.708	-2.021	-1.982	-0.709	1.571	0.708	
0.708	-2.021	-1.982	-0.709	1.571	0.708	
0.708	-2.021	-1.983	-0.709	1.571	0.708	
0.708	-2.021	-1.983	-0.709	1.571	0.708	
0.708	-2.021	-1.983	-0.708	1.571	0.708	
0.708	-2.021	-1.983	-0.708	1.571	0.708	
0.708	-2.021	-1.983	-0.708	1.571	0.708	
0.708	-2.021	-1.983	-0.708	1.571	0.708	
0.708	-2.021	-1.983	-0.708	1.571	0.708	
0.708	-2.021	-1.983	-0.708	1.571	0.708	
0.708	-2.021	-1.983	-0.708	1.571	0.708	
0.708	-2.021	-1.984	-0.708	1.571	0.708	
0.708	-2.021	-1.984	-0.708	1.571	0.708	
0.708	-2.021	-1.984	-0.708	1.571	0.708	
0.708	-2.021	-1.984	-0.708	1.571	0.708	
0.708	-2.020	-1.984	-0.708	1.571	0.708	
0.708	-2.020	-1.984	-0.708	1.571	0.708	
0.708	-2.020	-1.984	-0.708	1.571	0.708	
0.708	-2.020	-1.984	-0.708	1.571	0.708	
0.708	-2.020	-1.984	-0.708	1.571	0.708	
0.708	-2.020	-1.984	-0.708	1.571	0.708	
0.708	-2.020	-1.985	-0.708	1.571	0.708	
0.708	-2.020	-1.985	-0.708	1.571	0.708	
0.708	-2.020	-1.985	-0.708	1.571	0.708	
0.708	-2.020	-1.985	-0.708	1.571	0.708	
0.708	-2.020	-1.985	-0.708	1.571	0.708	
0.708	-2.020	-1.985	-0.708	1.571	0.708	
0.708	-2.020	-1.985	-0.707	1.571	0.708	
0.708	-2.020	-1.985	-0.707	1.571	0.708	
0.708	-2.020	-1.985	-0.707	1.571	0.708	
0.708	-2.020	-1.985	-0.707	1.571	0.708	
0.708	-2.019	-1.986	-0.707	1.571	0.708	
0.708	-2.019	-1.986	-0.707	1.571	0.708	
0.708	-2.019	-1.986	-0.707	1.571	0.708	
0.708	-2.019	-1.986	-0.707	1.571	0.708	
0.708	-2.019	-1.986	-0.707	1.571	0.708	
0.708	-2.019	-1.986	-0.707	1.571	0.708	
0.708	-2.019	-1.986	-0.707	1.571	0.708	
0.708	-2.019	-1.986	-0.707	1.571	0.708	
0.708	-2.019	-1.986	-0.707	1.571	0.708	
0.708	-2.019	-1.986	-0.707	1.571	0.708	
0.708	-2.019	-1.987	-0.707	1.571	0.708	
0.708	-2.019	-1.987	-0.707	1.571	0.708	
0.708	-2.019	-1.987	-0.707	1.571	0.708	
0.708	-2.019	-1.987	-0.707	1.571	0.708	
0.708	-2.019	-1.987	-0.707	1.571	0.708	
0.708	-2.019	-1.987	-0.707	1.571	0.708	
0.708	-2.018	-1.987	-0.707	1.571	0.708	
0.708	-2.018	-1.987	-0.707	1.571	0.709	
0.708	-2.018	-1.987	-0.707	1.571	0.709	
0.708	-2.018	-1.988	-0.707	1.571	0.709	
0.708	-2.018	-1.988	-0.707	1.571	0.709	
0.708	-2.018	-1.988	-0.706	1.571	0.709	
0.708	-2.018	-1.988	-0.706	1.571	0.709	
0.708	-2.018	-1.988	-0.706	1.571	0.709	
0.708	-2.018	-1.988	-0.706	1.571	0.709	
0.708	-2.018	-1.988	-0.706	1.571	0.709	
0.709	-2.018	-1.988	-0.706	1.571	0.709	
0.709	-2.018	-1.988	-0.706	1.571	0.709	
0.709	-2.018	-1.988	-0.706	1.571	0.709	
0.709	-2.018	-1.989	-0.706	1.571	0.709	
0.709	-2.018	-1.989	-0.706	1.571	0.709	
0.709	-2.018	-1.989	-0.706	1.571	0.709	
0.709	-2.018	-1.989	-0.706	1.571	0.709	
0.709	-2.017	-1.989	-0.706	1.571	0.709	
0.709	-2.017	-1.989	-0.706	1.571	0.709	
0.709	-2.017	-1.989	-0.706	1.571	0.709	
0.709	-2.017	-1.989	-0.706	1.571	0.709	
0.709	-2.017	-1.989	-0.706	1.571	0.709	
0.709	-2.017	-1.989	-0.706	1.571	0.709	
0.709	-2.017	-1.990	-0.706	1.571	0.709	
0.709	-2.017	-1.990	-0.706	1.571	0.709	
0.709	-2.017	-1.990	-0.706	1.571	0.709	
0.709	-2.017	-1.990	-0.706	1.571	0.709	
0.709	-2.017	-1.990	-0.705	1.571	0.709	
0.709	-2.017	-1.990	-0.705	1.571	0.709	
0.709	-2.017	-1.990	-0.705	1.571	0.709	
0.709	-2.017	-1.990	-0.705	1.571	0.709	
0.709	-2.017	-1.990	-0.705	1.571	0.709	
0.709	-2.017	-1.990	-0.705	1.571	0.709	
0.709	-2.017	-1.991	-0.705	1.571	0.709	
0.709	-2.017	-1.991	-0.705	1.571	0.709	
0.709	-2.016	-1.991	-0.705	1.571	0.709	
0.709	-2.016	-1.991	-0.705	1.571	0.709	
0.709	-2.016	-1.991	-0.705	1.571	0.709	
0.709	-2.016	-1.991	-0.705	1.571	0.709	
0.709	-2.016	-1.991	-0.705	1.571	0.709	
0.709	-2.016	-1.991	-0.705	1.571	0.709	
0.709	-2.016	-1.991	-0.705	1.571	0.709	
0.709	-2.016	-1.991	-0.705	1.571	0.709	
0.709	-2.016	-1.992	-0.705	1.571	0.709	
0.709	-2.016	-1.992	-0.705	1.571	0.709	
0.709	-2.016	-1.992	-0.705	1.571	0.709	
0.709	-2.016	-1.992	-0.705	1.571	0.709	
0.709	-2.016	-1.992	-0.705	1.571	0.709	
0.709	-2.016	-1.992	-0.705	1.571	0.709	
0.709	-2.016	-1.992	-0.705	1.571	0.709	
0.709	-2.016	-1.992	-0.705	1.571	0.709	
0.709	-2.015	-1.992	-0.704	1.571	0.709	
0.709	-2.015	-1.993	-0.704	1.571	0.709	
0.709	-2.015	-1.993	-0.704	1.571	0.709	
0.709	-2.015	-1.993	-0.704	1.571	0.709	
0.709	-2.015	-1.993	-0.704	1.571	0.709	
0.709	-2.015	-1.993	-0.704	1.571	0.709	
0.709	-2.015	-1.993	-0.704	1.571	0.709	
0.709	-2.015	-1.993	-0.704	1.571	0.709	
0.709	-2.015	-1.993	-0.704	1.571	0.709	
0.709	-2.015	-1.993	-0.704	1.571	0.709	
0.709	-2.015	-1.993	-0.704	1.571	0.709	
0.709	-2.015	-1.994	-0.704	1.571	0.709	
0.709	-2.015	-1.994	-0.704	1.571	0.709	
0.709	-2.015	-1.994	-0.704	1.571	0.709	
0.709	-2.015	-1.994	-0.704	1.571	0.709	
0.709	-2.015	-1.994	-0.704	1.571	0.709	
0.709	-2.015	-1.994	-0.704	1.571	0.709	
0.709	-2.014	-1.994	-0.704	1.571	0.709	
0.709	-2.014	-1.994	-0.704	1.571	0.709	
0.709	-2.014	-1.994	-0.704	1.571	0.709	
0.709	-2.014	-1.994	-0.704	1.571	0.709	
0.709	-2.014	-1.995	-0.704	1.571	0.709	
0.709	-2.014	-1.995	-0.704	1.571	0.709	
0.709	-2.014	-1.995	-0.704	1.571	0.709	
0.709	-2.014	-1.995	-0.703	1.571	0.709	
0.709	-2.014	-1.995	-0.703	1.571	0.709	
0.709	-2.014	-1.995	-0.703	1.571	0.709	
0.709	-2.014	-1.995	-0.703	1.571	0.709	
0.709	-2.014	-1.995	-0.703	1.571	0.709	
0.709	-2.014	-1.995	-0.703	1.571	0.709	
0.709	-2.014	-1.995	-0.703	1.571	0.709	
0.709	-2.014	-1.996	-0.703	1.571	0.709	
0.709	-2.014	-1.996	-0.703	1.571	0.709	
0.709	-2.014	-1.996	-0.703	1.571	0.709	
0.709	-2.013	-1.996	-0.703	1.571	0.709	
0.709	-2.013	-1.996	-0.703	1.571	0.709	
0.709	-2.013	-1.996	-0.703	1.571	0.709	
0.709	-2.013	-1.996	-0.703	1.571	0.709	
0.709	-2.013	-1.996	-0.703	1.571	0.709	
0.709	-2.013	-1.996	-0.703	1.571	0.709	
0.709	-2.013	-1.996	-0.703	1.571	0.709	
0.709	-2.013	-1.997	-0.703	1.571	0.709	
0.709	-2.013	-1.997	-0.703	1.571	0.709	
0.709	-2.013	-1.997	-0.703	1.571	0.709	
0.709	-2.013	-1.997	-0.703	1.571	0.709	
0.709	-2.013	-1.997	-0.703	1.571	0.709	
0.709	-2.013	-1.997	-0.703	1.571	0.709	
0.709	-2.013	-1.997	-0.702	1.571	0.709	
0.709	-2.013	-1.997	-0.702	1.571	0.709	
0.709	-2.013	-1.997	-0.702	1.571	0.709	
0.709	-2.012	-1.998	-0.702	1.571	0.709	
0.709	-2.012	-1.998	-0.702	1.571	0.709	
0.709	-2.012	-1.998	-0.702	1.571	0.709	
0.709	-2.012	-1.998	-0.702	1.571	0.709	
0.709	-2.012	-1.998	-0.702	1.571	0.709	
0.709	-2.012	-1.998	-0.702	1.571	0.709	
0.709	-2.012	-1.998	-0.702	1.571	0.709	
0.709	-2.012	-1.998	-0.702	1.571	0.709	
0.709	-2.012	-1.998	-0.702	1.571	0.709	
0.709	-2.012	-1.998	-0.702	1.571	0.709	
0.709	-2.012	-1.999	-0.702	1.571	0.709	
0.709	-2.012	-1.999	-0.702	1.571	0.709	
0.709	-2.012	-1.999	-0.702	1.571	0.709	
0.709	-2.012	-1.999	-0.702	1.571	0.709	
0.709	-2.012	-1.999	-0.702	1.571	0.709	
0.709	-2.012	-1.999	-0.702	1.571	0.709	
0.709	-2.012	-1.999	-0.702	1.571	0.709	
0.709	-2.011	-1.999	-0.702	1.571	0.709	
0.709	-2.011	-1.999	-0.702	1.571	0.709	
0.709	-2.011	-1.999	-0.702	1.571	0.709	
0.709	-2.011	-2.000	-0.702	1.571	0.709	
0.709	-2.011	-2.000	-0.701	1.571	0.709	
0.709	-2.011	-2.000	-0.701	1.571	0.709	
0.709	-2.011	-2.000	-0.701	1.571	0.709	
0.709	-2.011	-2.000	-0.701	1.571	0.709	
0.709	-2.011	-2.000	-0.701	1.571	0.709	
0.709	-2.011	-2.000	-0.701	1.571	0.709	
0.709	-2.011	-2.000	-0.701	1.571	0.709	
0.709	-2.011	-2.000	-0.701	1.571	0.709	
0.709	-2.011	-2.001	-0.701	1.571	0.709	
0.709	-2.011	-2.001	-0.701	1.571	0.709	
0.709	-2.011	-2.001	-0.701	1.571	0.709	
0.709	-2.011	-2.001	-0.701	1.571	0.709	
0.709	-2.011	-2.001	-0.701	1.571	0.709	
0.709	-2.010	-2.001	-0.701	1.571	0.709	
0.709	-2.010	-2.001	-0.701	1.571	0.709	
0.709	-2.010	-2.001	-0.701	1.571	0.709	
0.709	-2.010	-2.001	-0.701	1.571	0.709	
0.709	-2.010	-2.001	-0.701	1.571	0.709	
0.709	-2.010	-2.002	-0.701	1.571	0.709	
0.709	-2.010	-2.002	-0.701	1.571	0.709	
0.709	-2.010	-2.002	-0.701	1.571	0.709	
0.709	-2.010	-2.002	-0.701	1.571	0.709	
0.709	-2.010	-2.002	-0.700	1.571	0.709	
0.709	-2.010	-2.002	-0.700	1.571	0.709	
0.709	-2.010	-2.002	-0.700	1.571	0.709	
0.709	-2.010	-2.002	-0.700	1.571	0.709	
0.709	-2.010	-2.002	-0.700	1.571	0.709	
0.709	-2.010	-2.003	-0.700	1.571	0.709	
0.709	-2.010	-2.003	-0.700	1.571	0.709	
0.709	-2.009	-2.003	-0.700	1.571	0.709	
0.709	-2.009	-2.003	-0.700	1.571	0.709	
0.709	-2.009	-2.003	-0.700	1.571	0.709	
0.709	-2.009	-2.003	-0.700	1.571	0.709	
0.709	-2.009	-2.003	-0.700	1.571	0.709	
0.709	-2.009	-2.003	-0.700	1.571	0.709	
0.709	-2.009	-2.003	-0.700	1.571	0.709	
0.709	-2.009	-2.004	-0.700	1.571	0.709	
0.709	-2.009	-2.004	-0.700	1.571	0.709	
0.709	-2.009	-2.004	-0.700	1.571	0.709	
0.709	-2.009	-2.004	-0.700	1.571	0.709	
0.709	-2.009	-2.004	-0.699	1.571	0.709	
0.709	-2.009	-2.004	-0.699	1.571	0.709	
0.709	-2.009	-2.004	-0.699	1.571	0.709	
0.709	-2.009	-2.005	-0.699	1.571	0.709	
0.709	-2.009	-2.005	-0.699	1.571	0.709	
0.709	-2.009	-2.005	-0.699	1.571	0.709	
0.709	-2.009	-2.005	-0.699	1.571	0.709	
0.709	-2.009	-2.005	-0.699	1.571	0.709	
0.709	-2.008	-2.005	-0.699	1.571	0.709	
0.709	-2.008	-2.005	-0.699	1.571	0.709	
0.709	-2.008	-2.005	-0.698	1.571	0.709	
0.709	-2.008	-2.006	-0.698	1.571	0.709	
0.709	-2.008	-2.006	-0.698	1.571	0.709	
0.709	-2.008	-2.006	-0.698	1.571	0.709	
0.709	-2.008	-2.006	-0.698	1.571	0.709	
0.709	-2.008	-2.006	-0.698	1.571	0.709	
0.709	-2.008	-2.006	-0.698	1.571	0.709	
0.709	-2.008	-2.006	-0.698	1.571	0.709	
0.709	-2.008	-2.007	-0.698	1.571	0.709	
0.709	-2.008	-2.007	-0.698	1.571	0.709	
0.709	-2.008	-2.007	-0.697	1.571	0.709	
0.709	-2.008	-2.007	-0.697	1.571	0.709	
0.709	-2.008	-2.007	-0.697	1.571	0.709	
0.709	-2.008	-2.007	-0.697	1.571	0.709	
0.709	-2.008	-2.007	-0.697	1.571	0.709	
0.709	-2.008	-2.007	-0.697	1.571	0.709	
0.709	-2.008	-2.008	-0.697	1.571	0.709	
0.709	-2.008	-2.008	-0.697	1.571	0.709	
0.709	-2.008	-2.008	-0.697	1.571	0.709	
0.709	-2.008	-2.008	-0.697	1.571	0.709	
0.709	-2.008	-2.008	-0.697	1.571	0.709	
0.709	-2.008	-2.008	-0.697	1.571	0.709	
0.709	-2.007	-2.008	-0.697	1.571	0.709	
0.709	-2.007	-2.008	-0.696	1.571	0.709	
0.709	-2.007	-2.009	-0.696	1.571	0.709	
0.709	-2.007	-2.009	-0.696	1.571	0.709	
0.709	-2.007	-2.009	-0.696	1.571	0.709	
0.709	-2.007	-2.009	-0.696	1.571	0.709	
0.709	-2.007	-2.009	-0.696	1.571	0.709	
0.709	-2.007	-2.009	-0.696	1.571	0.709	
0.709	-2.007	-2.009	-0.696	1.571	0.709	
0.709	-2.007	-2.010	-0.696	1.571	0.709	
0.709	-2.007	-2.010	-0.696	1.571	0.709	
0.709	-2.007	-2.010	-0.696	1.571	0.709	
0.709	-2.007	-2.010	-0.696	1.571	0.709	
0.709	-2.007	-2.010	-0.696	1.571	0.709	
0.709	-2.007	-2.010	-0.695	1.571	0.709	
0.709	-2.007	-2.010	-0.695	1.571	0.709	
0.709	-2.007	-2.010	-0.695	1.571	0.709	
0.709	-2.007	-2.011	-0.695	1.571	0.709	
0.709	-2.007	-2.011	-0.695	1.571	0.709	
0.709	-2.007	-2.011	-0.695	1.571	0.709	
0.709	-2.006	-2.011	-0.695	1.571	0.709	
0.709	-2.006	-2.011	-0.695	1.571	0.709	
0.709	-2.006	-2.011	-0.695	1.571	0.709	
0.709	-2.006	-2.011	-0.695	1.571	0.709	
0.709	-2.006	-2.011	-0.695	1.571	0.709	
0.709	-2.006	-2.012	-0.695	1.571	0.709	
0.709	-2.006	-2.012	-0.694	1.571	0.710	
0.709	-2.006	-2.012	-0.694	1.571	0.710	
0.709	-2.006	-2.012	-0.694	1.571	0.710	
0.709	-2.006	-2.012	-0.694	1.571	0.710	
0.709	-2.006	-2.012	-0.694	1.571	0.710	
0.709	-2.006	-2.012	-0.694	1.571	0.710	
0.709	-2.006	-2.013	-0.694	1.571	0.710	
0.709	-2.006	-2.013	-0.694	1.571	0.710	
0.710	-2.006	-2.013	-0.694	1.571	0.710	
0.710	-2.006	-2.013	-0.694	1.571	0.710	
0.710	-2.006	-2.013	-0.694	1.571	0.710	
0.710	-2.006	-2.013	-0.694	1.571	0.710	
0.710	-2.006	-2.013	-0.693	1.571	0.710	
0.710	-2.006	-2.013	-0.693	1.571	0.710	
0.710	-2.006	-2.014	-0.693	1.571	0.710	
0.710	-2.005	-2.014	-0.693	1.571	0.710	
0.710	-2.005	-2.014	-0.693	1.571	0.710	
0.710	-2.005	-2.014	-0.693	1.571	0.710	
0.710	-2.005	-2.014	-0.693	1.571	0.710	
0.710	-2.005	-2.014	-0.693	1.571	0.710	
0.710	-2.005	-2.014	-0.693	1.571	0.710	
0.710	-2.005	-2.014	-0.693	1.571	0.710	
0.710	-2.005	-2.015	-0.693	1.571	0.710	
0.710	-2.005	-2.015	-0.693	1.571	0.710	
0.710	-2.005	-2.015	-0.693	1.571	0.710	
0.710	-2.005	-2.015	-0.692	1.571	0.710	
0.710	-2.005	-2.015	-0.692	1.571	0.710	
0.710	-2.005	-2.015	-0.692	1.571	0.710	
0.710	-2.005	-2.015	-0.692	1.571	0.710	
0.710	-2.005	-2.015	-0.692	1.571	0.710	
0.710	-2.005	-2.016	-0.692	1.571	0.710	
0.710	-2.005	-2.016	-0.692	1.571	0.710	
0.710	-2.005	-2.016	-0.692	1.571	0.710	
0.710	-2.005	-2.016	-0.692	1.571	0.710	
0.710	-2.005	-2.016	-0.692	1.571	0.710	
0.710	-2.005	-2.016	-0.692	1.571	0.710	
0.710	-2.004	-2.016	-0.692	1.571	0.710	
0.710	-2.004	-2.016	-0.691	1.571	0.710	
0.710	-2.004	-2.017	-0.691	1.571	0.710	
0.710	-2.004	-2.017	-0.691	1.571	0.710	
0.710	-2.004	-2.017	-0.691	1.571	0.710	
0.710	-2.004	-2.017	-0.691	1.571	0.710	
0.710	-2.004	-2.017	-0.691	1.571	0.710	
0.710	-2.004	-2.017	-0.691	1.571	0.710	
0.710	-2.004	-2.017	-0.691	1.571	0.710	
0.710	-2.004	-2.017	-0.691	1.571	0.710	
0.710	-2.004	-2.018	-0.691	1.571	0.710	
0.710	-2.004	-2.018	-0.691	1.571	0.710	
0.710	-2.004	-2.018	-0.691	1.571	0.710	
0.710	-2.004	-2.018	-0.691	1.571	0.710	
0.710	-2.004	-2.018	-0.690	1.571	0.710	
0.710	-2.004	-2.018	-0.690	1.571	0.710	
0.710	-2.004	-2.018	-0.690	1.571	0.710	
0.710	-2.004	-2.018	-0.690	1.571	0.710	
0.710	-2.004	-2.019	-0.690	1.571	0.710	
0.710	-2.004	-2.019	-0.690	1.571	0.710	
0.710	-2.004	-2.019	-0.690	1.571	0.710	
0.710	-2.004	-2.019	-0.690	1.571	0.710	
0.710	-2.003	-2.019	-0.690	1.571	0.710	
0.710	-2.003	-2.019	-0.690	1.571	0.710	
0.710	-2.003	-2.019	-0.690	1.571	0.710	
0.710	-2.003	-2.019	-0.690	1.571	0.710	
0.710	-2.003	-2.020	-0.690	1.571	0.710	
0.710	-2.003	-2.020	-0.689	1.571	0.710	
0.710	-2.003	-2.020	-0.689	1.571	0.710	
0.710	-2.003	-2.020	-0.689	1.571	0.710	
0.710	-2.003	-2.020	-0.689	1.571	0.710	
0.710	-2.003	-2.020	-0.689	1.571	0.710	
0.710	-2.003	-2.020	-0.689	1.571	0.710	
0.710	-2.003	-2.020	-0.689	1.571	0.710	
0.710	-2.003	-2.021	-0.689	1.571	0.710	
0.710	-2.003	-2.021	-0.689	1.571	0.710	
0.710	-2.003	-2.021	-0.689	1.571	0.710	
0.710	-2.003	-2.021	-0.689	1.571	0.710	
0.710	-2.003	-2.021	-0.689	1.571	0.710	
0.710	-2.003	-2.021	-0.689	1.571	0.710	
0.710	-2.003	-2.021	-0.688	1.571	0.710	
0.710	-2.003	-2.021	-0.688	1.571	0.710	
0.710	-2.002	-2.022	-0.688	1.571	0.710	
0.710	-2.002	-2.022	-0.688	1.571	0.710	
0.710	-2.002	-2.022	-0.688	1.571	0.710	
0.710	-2.002	-2.022	-0.688	1.571	0.710	
0.710	-2.002	-2.022	-0.688	1.571	0.710	
0.710	-2.002	-2.022	-0.688	1.571	0.710	
0.710	-2.002	-2.022	-0.688	1.571	0.710	
0.710	-2.002	-2.022	-0.688	1.571	0.710	
0.710	-2.002	-2.023	-0.688	1.571	0.710	
0.710	-2.002	-2.023	-0.688	1.571	0.710	
0.710	-2.002	-2.023	-0.687	1.571	0.710	
0.710	-2.002	-2.023	-0.687	1.571	0.710	
0.710	-2.002	-2.023	-0.687	1.571	0.710	
0.710	-2.002	-2.023	-0.687	1.571	0.710	
0.710	-2.002	-2.023	-0.687	1.571	0.710	
0.710	-2.002	-2.023	-0.687	1.571	0.710	
0.710	-2.002	-2.024	-0.687	1.571	0.710	
0.710	-2.002	-2.024	-0.687	1.571	0.710	
0.710	-2.002	-2.024	-0.687	1.571	0.710	
0.710	-2.002	-2.024	-0.687	1.571	0.710	
0.710	-2.002	-2.024	-0.687	1.571	0.710	
0.710	-2.002	-2.024	-0.687	1.571	0.710	
0.710	-2.001	-2.024	-0.687	1.571	0.710	
0.710	-2.001	-2.024	-0.687	1.571	0.710	
0.710	-2.001	-2.025	-0.686	1.571	0.710	
0.710	-2.001	-2.025	-0.686	1.571	0.710	
0.710	-2.001	-2.025	-0.686	1.571	0.710	
0.710	-2.001	-2.025	-0.686	1.571	0.710	
0.710	-2.001	-2.025	-0.686	1.571	0.710	
0.710	-2.001	-2.025	-0.686	1.571	0.710	
0.710	-2.001	-2.025	-0.686	1.571	0.710	
0.710	-2.001	-2.025	-0.686	1.571	0.710	
0.710	-2.001	-2.025	-0.686	1.571	0.710	
0.710	-2.001	-2.026	-0.686	1.571	0.710	
0.710	-2.001	-2.026	-0.686	1.571	0.710	
0.710	-2.001	-2.026	-0.686	1.571	0.710	
0.710	-2.001	-2.026	-0.686	1.571	0.710	
0.710	-2.001	-2.026	-0.686	1.571	0.710	
0.710	-2.001	-2.026	-0.685	1.571	0.710	
0.710	-2.001	-2.026	-0.685	1.571	0.710	
0.710	-2.001	-2.026	-0.685	1.571	0.710	
0.710	-2.001	-2.027	-0.685	1.571	0.710	
0.710	-2.001	-2.027	-0.685	1.571	0.710	
0.710	-2.000	-2.027	-0.685	1.571	0.710	
0.710	-2.000	-2.027	-0.685	1.571	0.710	
0.710	-2.000	-2.027	-0.685	1.571	0.710	
0.710	-2.000	-2.027	-0.685	1.571	0.710	
0.710	-2.000	-2.027	-0.685	1.571	0.710	
0.710	-2.000	-2.027	-0.685	1.571	0.710	
0.710	-2.000	-2.028	-0.685	1.571	0.710	
0.710	-2.000	-2.028	-0.685	1.571	0.710	
0.710	-2.000	-2.028	-0.684	1.571	0.710	
0.710	-2.000	-2.028	-0.684	1.571	0.710	
0.710	-2.000	-2.028	-0.684	1.571	0.710	
0.710	-2.000	-2.028	-0.684	1.571	0.710	
0.710	-2.000	-2.028	-0.684	1.571	0.710	
0.710	-2.000	-2.028	-0.684	1.571	0.710	
0.710	-2.000	-2.028	-0.684	1.571	0.710	
0.710	-2.000	-2.029	-0.684	1.571	0.710	
0.710	-2.000	-2.029	-0.684	1.571	0.710	
0.710	-2.000	-2.029	-0.684	1.571	0.710	
0.710	-2.000	-2.029	-0.684	1.571	0.710	
0.710	-2.000	-2.029	-0.684	1.571	0.710	
0.710	-2.000	-2.029	-0.684	1.571	0.710	
0.710	-2.000	-2.029	-0.683	1.571	0.710	
0.710	-2.000	-2.029	-0.683	1.571	0.710	
0.710	-1.999	-2.030	-0.683	1.571	0.710	
0.710	-1.999	-2.030	-0.683	1.571	0.710	
0.710	-1.999	-2.030	-0.683	1.571	0.710	
0.710	-1.999	-2.030	-0.683	1.571	0.710	
0.710	-1.999	-2.030	-0.683	1.571	0.710	
0.710	-1.999	-2.030	-0.683	1.571	0.710	
0.710	-1.999	-2.030	-0.683	1.571	0.710	
0.710	-1.999	-2.030	-0.683	1.571	0.710	
0.710	-1.999	-2.031	-0.683	1.571	0.710	
0.710	-1.999	-2.031	-0.683	1.571	0.710	
0.710	-1.999	-2.031	-0.683	1.571	0.710	
0.710	-1.999	-2.031	-0.682	1.571	0.710	
0.710	-1.999	-2.031	-0.682	1.571	0.710	
0.710	-1.999	-2.031	-0.682	1.571	0.710	
0.710	-1.999	-2.031	-0.682	1.571	0.710	
0.710	-1.999	-2.031	-0.682	1.571	0.710	
0.710	-1.999	-2.031	-0.682	1.571	0.710	
0.710	-1.999	-2.032	-0.682	1.571	0.710	
0.710	-1.999	-2.032	-0.682	1.571	0.710	
0.710	-1.999	-2.032	-0.682	1.571	0.710	
0.710	-1.999	-2.032	-0.682	1.571	0.710	
0.710	-1.999	-2.032	-0.682	1.571	0.710	
0.710	-1.999	-2.032	-0.682	1.571	0.710	
0.710	-1.998	-2.032	-0.682	1.571	0.710	
0.710	-1.998	-2.032	-0.682	1.571	0.710	
0.710	-1.998	-2.033	-0.681	1.571	0.710	
0.710	-1.998	-2.033	-0.681	1.571	0.710	
0.710	-1.998	-2.033	-0.681	1.571	0.710	
0.710	-1.998	-2.033	-0.681	1.571	0.710	
0.710	-1.998	-2.033	-0.681	1.571	0.710	
0.710	-1.998	-2.033	-0.681	1.571	0.710	
0.710	-1.998	-2.033	-0.681	1.571	0.710	
0.710	-1.998	-2.033	-0.681	1.571	0.710	
0.710	-1.998	-2.033	-0.681	1.571	0.710	
0.710	-1.998	-2.034	-0.681	1.571	0.710	
0.710	-1.998	-2.034	-0.681	1.571	0.710	
0.710	-1.998	-2.034	-0.681	1.571	0.710	
0.710	-1.998	-2.034	-0.681	1.571	0.710	
0.710	-1.998	-2.034	-0.681	1.571	0.710	
0.710	-1.998	-2.034	-0.680	1.571	0.710	
0.710	-1.998	-2.034	-0.680	1.571	0.710	
0.710	-1.998	-2.034	-0.680	1.571	0.710	
0.710	-1.998	-2.035	-0.680	1.571	0.710	
0.710	-1.998	-2.035	-0.680	1.571	0.710	
0.710	-1.998	-2.035	-0.680	1.571	0.710	
0.710	-1.998	-2.035	-0.680	1.571	0.710	
0.710	-1.997	-2.035	-0.680	1.571	0.710	
0.710	-1.997	-2.035	-0.680	1.571	0.710	
0.710	-1.997	-2.035	-0.680	1.571	0.710	
0.710	-1.997	-2.035	-0.680	1.571	0.710	
0.710	-1.997	-2.035	-0.680	1.571	0.710	
0.710	-1.997	-2.036	-0.680	1.571	0.710	
0.710	-1.997	-2.036	-0.679	1.571	0.710	
0.710	-1.997	-2.036	-0.679	1.571	0.710	
0.710	-1.997	-2.036	-0.679	1.571	0.710	
0.710	-1.997	-2.036	-0.679	1.571	0.710	
0.710	-1.997	-2.036	-0.679	1.571	0.710	
0.710	-1.997	-2.036	-0.679	1.571	0.710	
0.710	-1.997	-2.036	-0.679	1.571	0.710	
0.710	-1.997	-2.036	-0.679	1.571	0.710	
0.710	-1.997	-2.037	-0.679	1.571	0.710	
0.710	-1.997	-2.037	-0.679	1.571	0.710	
0.710	-1.997	-2.037	-0.679	1.571	0.710	
0.710	-1.997	-2.037	-0.679	1.571	0.710	
0.710	-1.997	-2.037	-0.679	1.571	0.710	
0.710	-1.997	-2.037	-0.679	1.571	0.710	
0.710	-1.997	-2.037	-0.678	1.571	0.710	
0.710	-1.997	-2.037	-0.678	1.571	0.710	
0.710	-1.997	-2.038	-0.678	1.571	0.711	
0.710	-1.996	-2.038	-0.678	1.571	0.711	
0.710	-1.996	-2.038	-0.678	1.571	0.711	
0.710	-1.996	-2.038	-0.678	1.571	0.711	
0.710	-1.996	-2.038	-0.678	1.571	0.711	
0.710	-1.996	-2.038	-0.678	1.571	0.711	
0.710	-1.996	-2.038	-0.678	1.571	0.711	
0.710	-1.996	-2.038	-0.678	1.571	0.711	
0.710	-1.996	-2.038	-0.678	1.571	0.711	
0.711	-1.996	-2.039	-0.678	1.571	0.711	
0.711	-1.996	-2.039	-0.678	1.571	0.711	
0.711	-1.996	-2.039	-0.678	1.571	0.711	
0.711	-1.996	-2.039	-0.677	1.571	0.711	
0.711	-1.996	-2.039	-0.677	1.571	0.711	
0.711	-1.996	-2.039	-0.677	1.571	0.711	
0.711	-1.996	-2.039	-0.677	1.571	0.711	
0.711	-1.996	-2.039	-0.677	1.571	0.711	
0.711	-1.996	-2.039	-0.677	1.571	0.711	
0.711	-1.996	-2.040	-0.677	1.571	0.711	
0.711	-1.996	-2.040	-0.677	1.571	0.711	
0.711	-1.996	-2.040	-0.677	1.571	0.711	
0.711	-1.996	-2.040	-0.677	1.571	0.711	
0.711	-1.996	-2.040	-0.677	1.571	0.711	
0.711	-1.996	-2.040	-0.677	1.571	0.711	
0.711	-1.996	-2.040	-0.677	1.571	0.711	
0.711	-1.995	-2.040	-0.677	1.571	0.711	
0.711	-1.995	-2.040	-0.676	1.571	0.711	
0.711	-1.995	-2.041	-0.676	1.571	0.711	
0.711	-1.995	-2.041	-0.676	1.571	0.711	
0.711	-1.995	-2.041	-0.676	1.571	0.711	
0.711	-1.995	-2.041	-0.676	1.571	0.711	
0.711	-1.995	-2.041	-0.676	1.571	0.711	
0.711	-1.995	-2.041	-0.676	1.571	0.711	
0.711	-1.995	-2.041	-0.676	1.571	0.711	
0.711	-1.995	-2.041	-0.676	1.571	0.711	
0.711	-1.995	-2.041	-0.676	1.571	0.711	
0.711	-1.995	-2.041	-0.676	1.571	0.711	
0.711	-1.995	-2.042	-0.676	1.571	0.711	
0.711	-1.995	-2.042	-0.676	1.571	0.711	
0.711	-1.995	-2.042	-0.676	1.571	0.711	
0.711	-1.995	-2.042	-0.676	1.571	0.711	
0.711	-1.995	-2.042	-0.676	1.571	0.711	
0.711	-1.995	-2.042	-0.675	1.571	0.711	
0.711	-1.995	-2.042	-0.675	1.571	0.711	
0.711	-1.995	-2.042	-0.675	1.571	0.711	
0.711	-1.995	-2.042	-0.675	1.571	0.711	
0.711	-1.995	-2.042	-0.675	1.571	0.711	
0.711	-1.995	-2.042	-0.675	1.571	0.711	
0.711	-1.995	-2.043	-0.675	1.571	0.711	
0.711	-1.995	-2.043	-0.675	1.571	0.711	
0.711	-1.995	-2.043	-0.675	1.571	0.711	
0.711	-1.995	-2.043	-0.675	1.571	0.711	
0.711	-1.995	-2.043	-0.675	1.571	0.711	
0.711	-1.994	-2.043	-0.675	1.571	0.711	
0.711	-1.994	-2.043	-0.675	1.571	0.711	
0.711	-1.994	-2.043	-0.675	1.571	0.711	
0.711	-1.994	-2.043	-0.675	1.571	0.711	
0.711	-1.994	-2.043	-0.675	1.571	0.711	
0.711	-1.994	-2.043	-0.675	1.571	0.711	
0.711	-1.994	-2.043	-0.675	1.571	0.711	
0.711	-1.994	-2.043	-0.675	1.571	0.711	
0.711	-1.994	-2.044	-0.674	1.571	0.711	
0.711	-1.994	-2.044	-0.674	1.571	0.711	
0.711	-1.994	-2.044	-0.674	1.571	0.711	
0.711	-1.994	-2.044	-0.674	1.571	0.711	
0.711	-1.994	-2.044	-0.674	1.571	0.711	
0.711	-1.994	-2.044	-0.674	1.571	0.711	
0.711	-1.994	-2.044	-0.674	1.571	0.711	
0.711	-1.994	-2.044	-0.674	1.571	0.711	
0.711	-1.994	-2.044	-0.674	1.571	0.711	
0.711	-1.994	-2.044	-0.674	1.571	0.711	
0.711	-1.994	-2.044	-0.674	1.571	0.711	
0.711	-1.994	-2.044	-0.674	1.571	0.711	
0.711	-1.994	-2.044	-0.674	1.571	0.711	
0.711	-1.994	-2.044	-0.674	1.571	0.711	
0.711	-1.994	-2.044	-0.674	1.571	0.711	
0.711	-1.994	-2.044	-0.674	1.571	0.711	
0.711	-1.994	-2.045	-0.674	1.571	0.711	
0.711	-1.994	-2.045	-0.674	1.571	0.711	
0.711	-1.994	-2.045	-0.674	1.571	0.711	
0.711	-1.994	-2.045	-0.674	1.571	0.711	
0.711	-1.994	-2.045	-0.674	1.571	0.711	
0.711	-1.994	-2.045	-0.674	1.571	0.711	
0.711	-1.994	-2.045	-0.674	1.571	0.711	
0.711	-1.994	-2.045	-0.674	1.571	0.711	
0.711	-1.994	-2.045	-0.674	1.571	0.711	
0.711	-1.994	-2.045	-0.674	1.571	0.711	
0.711	-1.994	-2.045	-0.674	1.571	0.711	
0.711	-1.994	-2.045	-0.674	1.571	0.711	
0.711	-1.994	-2.045	-0.674	1.571	0.711	
0.711	-1.994	-2.045	-0.674	1.571	0.711	
0.711	-1.994	-2.045	-0.674	1.571	0.711	
0.711	-1.994	-2.045	-0.673	1.571	0.711	
0.711	-1.994	-2.045	-0.673	1.571	0.711	
0.711	-1.994	-2.045	-0.673	1.571	0.711	
0.711	-1.994	-2.045	-0.673	1.571	0.711	
0.711	-1.994	-2.045	-0.673	1.571	0.711	
0.711	-1.994	-2.045	-0.673	1.571	0.711	
0.711	-1.994	-2.045	-0.673	1.571	0.711	
0.711	-1.994	-2.045	-0.673	1.571	0.711	
0.711	-1.994	-2.045	-0.673	1.571	0.711	
0.711	-1.994	-2.045	-0.673	1.571	0.711	
0.711	-1.994	-2.045	-0.673	1.571	0.711	
0.711	-1.994	-2.046	-0.673	1.571	0.711	
0.711	-1.994	-2.046	-0.673	1.571	0.711	
0.711	-1.994	-2.046	-0.673	1.571	0.711	
0.711	-1.994	-2.046	-0.673	1.571	0.711	
0.711	-1.994	-2.046	-0.673	1.571	0.711	
0.711	-1.994	-2.046	-0.673	1.571	0.711	
0.711	-1.994	-2.046	-0.673	1.571	0.711	
0.711	-1.994	-2.046	-0.673	1.571	0.711	
0.711	-1.994	-2.046	-0.673	1.571	0.711	
0.711	-1.994	-2.046	-0.673	1.571	0.711	
0.711	-1.994	-2.046	-0.673	1.571	0.711	
0.711	-1.994	-2.046	-0.673	1.571	0.711	
0.711	-1.994	-2.046	-0.673	1.571	0.711	
0.711	-1.994	-2.046	-0.673	1.571	0.711	
0.711	-1.994	-2.046	-0.673	1.571	0.711	
0.711	-1.994	-2.046	-0.673	1.571	0.711	
0.711	-1.993	-2.046	-0.673	1.571	0.711	
0.711	-1.993	-2.046	-0.673	1.571	0.711	
0.711	-1.993	-2.046	-0.673	1.571	0.711	
0.711	-1.993	-2.046	-0.673	1.571	0.711	
0.711	-1.993	-2.046	-0.673	1.571	0.711	
0.711	-1.993	-2.046	-0.673	1.571	0.711	
0.711	-1.993	-2.046	-0.673	1.571	0.711	
0.711	-1.993	-2.046	-0.673	1.571	0.711	
0.711	-1.993	-2.046	-0.673	1.571	0.711	
0.711	-1.993	-2.046	-0.673	1.571	0.711	
0.711	-1.993	-2.046	-0.673	1.571	0.711	
0.711	-1.993	-2.046	-0.673	1.571	0.711	
0.711	-1.993	-2.046	-0.673	1.571	0.711	
0.711	-1.993	-2.046	-0.673	1.571	0.711	
0.711	-1.993	-2.046	-0.673	1.571	0.711	
0.711	-1.993	-2.046	-0.673	1.571	0.711	
0.711	-1.993	-2.046	-0.673	1.571	0.711	
0.711	-1.993	-2.046	-0.673	1.571	0.711	
0.711	-1.993	-2.046	-0.673	1.571	0.711	
0.711	-1.993	-2.046	-0.673	1.571	0.711	
0.711	-1.993	-2.046	-0.673	1.571	0.711	
0.711	-1.993	-2.046	-0.673	1.571	0.711	
0.711	-1.993	-2.046	-0.673	1.571	0.711	
0.711	-1.993	-2.046	-0.673	1.571	0.711	
0.711	-1.993	-2.046	-0.673	1.571	0.711	
0.711	-1.993	-2.046	-0.673	1.571	0.711	
0.711	-1.993	-2.046	-0.673	1.571	0.711	
0.711	-1.993	-2.046	-0.673	1.571	0.711	
0.711	-1.993	-2.046	-0.673	1.571	0.711	
0.711	-1.993	-2.046	-0.673	1.571	0.711	
0.711	-1.993	-2.046	-0.673	1.571	0.711	
0.711	-1.993	-2.046	-0.673	1.571	0.711	
0.711	-1.993	-2.046	-0.673	1.571	0.711	
0.711	-1.993	-2.046	-0.673	1.571	0.711	
0.711	-1.993	-2.046	-0.673	1.571	0.711	
0.711	-1.993	-2.046	-0.673	1.571	0.711	
0.711	-1.993	-2.046	-0.673	1.571	0.711	
0.711	-1.993	-2.046	-0.673	1.571	0.711	
0.711	-1.993	-2.046	-0.673	1.571	0.711	
0.711	-1.993	-2.046	-0.673	1.571	0.711	
0.711	-1.993	-2.046	-0.673	1.571	0.711	
0.711	-1.993	-2.046	-0.673	1.571	0.711	
0.711	-1.993	-2.046	-0.673	1.571	0.711	
0.711	-1.993	-2.046	-0.673	1.571	0.711	
0.711	-1.993	-2.046	-0.673	1.571	0.711	
0.711	-1.993	-2.046	-0.673	1.571	0.711	
0.711	-1.993	-2.046	-0.673	1.571	0.711	
0.711	-1.993	-2.046	-0.673	1.571	0.711	
0.711	-1.993	-2.046	-0.673	1.571	0.711	
0.711	-1.993	-2.046	-0.673	1.571	0.711	
0.711	-1.993	-2.046	-0.673	1.571	0.711	
0.711	-1.993	-2.046	-0.673	1.571	0.711	
0.711	-1.993	-2.046	-0.673	1.571	0.711	
0.711	-1.993	-2.046	-0.673	1.571	0.711	
0.711	-1.993	-2.046	-0.673	1.571	0.711	
0.711	-1.993	-2.046	-0.673	1.571	0.711	
0.711	-1.993	-2.046	-0.673	1.571	0.711	
0.711	-1.993	-2.046	-0.673	1.571	0.711	
0.711	-1.993	-2.046	-0.673	1.571	0.711	
0.711	-1.993	-2.046	-0.673	1.571	0.711	
0.711	-1.993	-2.046	-0.673	1.571	0.711	
0.711	-1.993	-2.046	-0.673	1.571	0.711	
0.711	-1.993	-2.046	-0.673	1.571	0.711	
0.711	-1.993	-2.046	-0.673	1.571	0.711	
0.711	-1.993	-2.046	-0.673	1.571	0.711	
0.711	-1.993	-2.046	-0.673	1.571	0.711	
0.711	-1.993	-2.046	-0.673	1.571	0.711	
0.711	-1.993	-2.046	-0.673	1.571	0.711	
0.711	-1.993	-2.046	-0.673	1.571	0.711	
0.711	-1.993	-2.046	-0.673	1.571	0.711	
0.711	-1.993	-2.046	-0.673	1.571	0.711	
0.711	-1.993	-2.046	-0.673	1.571	0.711	
0.711	-1.993	-2.046	-0.673	1.571	0.711	
0.711	-1.993	-2.046	-0.673	1.571	0.711	
0.711	-1.993	-2.046	-0.673	1.571	0.711	
0.711	-1.993	-2.046	-0.673	1.571	0.711	
0.711	-1.993	-2.046	-0.673	1.571	0.711	
0.711	-1.993	-2.046	-0.673	1.571	0.711	
0.711	-1.993	-2.046	-0.673	1.571	0.711	
0.711	-1.993	-2.046	-0.673	1.571	0.711	
0.711	-1.993	-2.046	-0.673	1.571	0.711	
0.711	-1.993	-2.046	-0.673	1.571	0.711	
0.711	-1.993	-2.046	-0.673	1.571	0.711	
0.711	-1.993	-2.046	-0.673	1.571	0.711	
0.711	-1.993	-2.046	-0.673	1.571	0.711	
0.711	-1.993	-2.046	-0.673	1.571	0.711	
0.711	-1.993	-2.046	-0.673	1.571	0.711	
0.711	-1.993	-2.046	-0.673	1.571	0.711	
0.711	-1.993	-2.046	-0.673	1.571	0.711	
0.711	-1.993	-2.046	-0.673	1.571	0.711	
0.711	-1.993	-2.046	-0.673	1.571	0.711	
0.711	-1.993	-2.046	-0.673	1.571	0.711	
0.711	-1.993	-2.046	-0.673	1.571	0.711	
0.711	-1.993	-2.046	-0.673	1.571	0.711	
0.711	-1.993	-2.046	-0.673	1.571	0.711	
0.711	-1.993	-2.046	-0.673	1.571	0.711	
0.711	-1.993	-2.046	-0.673	1.571	0.711	
0.711	-1.993	-2.046	-0.673	1.571	0.711	
0.711	-1.993	-2.046	-0.673	1.571	0.711	
0.711	-1.993	-2.046	-0.673	1.571	0.711	
0.711	-1.993	-2.046	-0.673	1.571	0.711	
0.711	-1.993	-2.046	-0.673	1.571	0.711	
0.711	-1.993	-2.046	-0.673	1.571	0.711	
0.711	-1.993	-2.046	-0.673	1.571	0.711	
0.711	-1.993	-2.046	-0.673	1.571	0.711	
0.711	-1.993	-2.046	-0.673	1.571	0.711	
0.711	-1.993	-2.046	-0.673	1.571	0.711	
0.711	-1.993	-2.046	-0.673	1.571	0.711	
0.711	-1.993	-2.046	-0.673	1.571	0.711	
0.711	-1.993	-2.046	-0.673	1.571	0.711	
0.711	-1.993	-2.046	-0.673	1.571	0.711	
0.711	-1.993	-2.046	-0.673	1.571	0.711	
0.711	-1.993	-2.046	-0.673	1.571	0.711	
0.711	-1.993	-2.046	-0.673	1.571	0.711	
0.711	-1.993	-2.046	-0.673	1.571	0.711	
0.711	-1.993	-2.046	-0.673	1.571	0.711	
0.711	-1.993	-2.046	-0.673	1.571	0.711	
0.711	-1.993	-2.046	-0.673	1.571	0.711	
0.711	-1.993	-2.046	-0.673	1.571	0.711	
0.711	-1.993	-2.046	-0.673	1.571	0.711	
0.711	-1.993	-2.046	-0.673	1.571	0.711	
0.711	-1.993	-2.046	-0.673	1.571	0.711	
0.711	-1.993	-2.046	-0.673	1.571	0.711	
0.711	-1.993	-2.046	-0.673	1.571	0.711	
0.711	-1.993	-2.046	-0.673	1.571	0.711	
0.711	-1.993	-2.046	-0.673	1.571	0.711	
0.711	-1.993	-2.046	-0.673	1.571	0.711	
0.711	-1.993	-2.046	-0.673	1.571	0.711	
0.711	-1.993	-2.046	-0.673	1.571	0.711	
0.711	-1.993	-2.047	-0.673	1.571	0.711	
0.711	-1.993	-2.047	-0.673	1.571	0.711	
0.711	-1.993	-2.047	-0.673	1.571	0.711	
0.711	-1.993	-2.047	-0.673	1.571	0.711	
0.711	-1.993	-2.047	-0.673	1.571	0.711	
0.711	-1.993	-2.047	-0.673	1.571	0.711	
0.711	-1.993	-2.047	-0.673	1.571	0.711	
0.711	-1.993	-2.047	-0.673	1.571	0.711	
0.711	-1.993	-2.047	-0.673	1.571	0.711	
0.711	-1.993	-2.047	-0.673	1.571	0.711	
0.711	-1.993	-2.047	-0.673	1.571	0.711	
0.711	-1.993	-2.047	-0.673	1.571	0.711	
0.711	-1.993	-2.047	-0.673	1.571	0.711	
0.711	-1.993	-2.047	-0.673	1.571	0.711	
0.711	-1.993	-2.047	-0.673	1.571	0.711	
0.711	-1.993	-2.047	-0.673	1.571	0.711	
0.711	-1.993	-2.047	-0.673	1.571	0.711	
0.711	-1.993	-2.047	-0.673	1.571	0.711	
0.711	-1.993	-2.047	-0.673	1.571	0.711	
0.711	-1.993	-2.047	-0.672	1.571	0.711	
0.711	-1.993	-2.047	-0.672	1.571	0.711	
0.711	-1.993	-2.047	-0.672	1.571	0.711	
0.711	-1.993	-2.047	-0.672	1.571	0.711	
0.711	-1.993	-2.047	-0.672	1.571	0.711	
0.711	-1.993	-2.047	-0.672	1.571	0.711	
0.711	-1.993	-2.047	-0.672	1.571	0.711	
0.711	-1.993	-2.047	-0.672	1.571	0.711	
0.711	-1.993	-2.047	-0.672	1.571	0.711	
0.711	-1.993	-2.047	-0.672	1.571	0.711	
0.711	-1.993	-2.047	-0.672	1.571	0.711	
0.711	-1.993	-2.047	-0.672	1.571	0.711	
0.711	-1.993	-2.047	-0.672	1.571	0.711	
0.711	-1.993	-2.047	-0.672	1.571	0.711	
0.711	-1.993	-2.047	-0.672	1.571	0.711	
0.711	-1.993	-2.047	-0.672	1.571	0.711	
0.711	-1.993	-2.047	-0.672	1.571	0.711	
0.711	-1.993	-2.047	-0.672	1.571	0.711	
0.711	-1.993	-2.047	-0.672	1.571	0.711	
0.711	-1.993	-2.047	-0.672	1.571	0.711	
0.711	-1.993	-2.047	-0.672	1.571	0.711	
0.711	-1.993	-2.047	-0.672	1.571	0.711	
0.711	-1.993	-2.047	-0.672	1.571	0.711	
0.711	-1.993	-2.047	-0.672	1.571	0.711	
0.711	-1.993	-2.047	-0.672	1.571	0.711	
0.711	-1.993	-2.047	-0.672	1.571	0.711	
0.711	-1.993	-2.047	-0.672	1.571	0.711	
0.711	-1.993	-2.047	-0.672	1.571	0.711	
0.711	-1.993	-2.047	-0.672	1.571	0.711	
0.711	-1.993	-2.047	-0.672	1.571	0.711	
0.711	-1.993	-2.047	-0.672	1.571	0.711	
0.711	-1.993	-2.047	-0.672	1.571	0.711	
0.711	-1.993	-2.047	-0.672	1.571	0.711	
0.711	-1.993	-2.047	-0.672	1.571	0.711	
0.711	-1.993	-2.047	-0.672	1.571	0.711	
0.711	-1.993	-2.047	-0.672	1.571	0.711	
0.711	-1.993	-2.047	-0.672	1.571	0.711	
0.711	-1.993	-2.047	-0.672	1.571	0.711	
0.711	-1.993	-2.047	-0.672	1.571	0.711	
0.711	-1.993	-2.047	-0.672	1.571	0.711	
0.711	-1.993	-2.047	-0.672	1.571	0.711	
0.711	-1.993	-2.047	-0.672	1.571	0.711	
0.711	-1.993	-2.047	-0.672	1.571	0.711	
0.711	-1.993	-2.047	-0.672	1.571	0.711	
0.711	-1.993	-2.047	-0.672	1.571	0.711	
0.711	-1.993	-2.047	-0.672	1.571	0.711	
0.711	-1.993	-2.047	-0.672	1.571	0.711	
0.711	-1.993	-2.047	-0.672	1.571	0.711	
0.711	-1.993	-2.047	-0.672	1.571	0.711	
0.711	-1.993	-2.047	-0.672	1.571	0.711	
0.711	-1.993	-2.047	-0.672	1.571	0.711	
0.711	-1.993	-2.047	-0.672	1.571	0.711	
0.711	-1.993	-2.047	-0.672	1.571	0.711	
0.711	-1.993	-2.047	-0.672	1.571	0.711	
0.711	-1.993	-2.047	-0.672	1.571	0.711	
0.711	-1.993	-2.047	-0.672	1.571	0.711	
0.711	-1.993	-2.047	-0.672	1.571	0.711	
0.711	-1.993	-2.047	-0.672	1.571	0.711	
0.711	-1.993	-2.047	-0.672	1.571	0.711	
0.711	-1.993	-2.047	-0.672	1.571	0.711	
0.711	-1.993	-2.047	-0.672	1.571	0.711	
0.711	-1.993	-2.047	-0.672	1.571	0.711	
0.711	-1.993	-2.047	-0.672	1.571	0.711	
0.711	-1.993	-2.047	-0.673	1.571	0.711	
0.711	-1.993	-2.047	-0.673	1.571	0.711	
0.711	-1.993	-2.047	-0.673	1.571	0.711	
0.711	-1.993	-2.047	-0.673	1.571	0.711	
0.711	-1.993	-2.047	-0.673	1.571	0.711	
0.711	-1.993	-2.047	-0.673	1.571	0.711	
0.711	-1.993	-2.047	-0.673	1.571	0.711	
0.711	-1.993	-2.047	-0.673	1.571	0.711	
0.711	-1.993	-2.047	-0.673	1.571	0.711	
0.711	-1.993	-2.047	-0.673	1.571	0.711	
0.711	-1.993	-2.047	-0.673	1.571	0.711	
0.711	-1.993	-2.047	-0.673	1.571	0.711	
0.711	-1.993	-2.047	-0.673	1.571	0.711	
0.711	-1.993	-2.047	-0.673	1.571	0.711	
0.711	-1.993	-2.047	-0.673	1.571	0.711	
0.711	-1.993	-2.047	-0.673	1.571	0.711	
0.711	-1.993	-2.047	-0.673	1.571	0.711	
0.711	-1.993	-2.047	-0.673	1.571	0.711	
0.711	-1.993	-2.047	-0.673	1.571	0.711	
0.711	-1.993	-2.047	-0.673	1.571	0.711	
0.711	-1.993	-2.047	-0.673	1.571	0.711	
0.711	-1.993	-2.047	-0.673	1.571	0.711	
0.711	-1.993	-2.047	-0.673	1.571	0.711	
0.711	-1.992	-2.047	-0.673	1.571	0.711	
0.711	-1.992	-2.047	-0.673	1.571	0.711	
0.711	-1.992	-2.047	-0.673	1.571	0.711	
0.711	-1.992	-2.047	-0.673	1.571	0.711	
0.711	-1.992	-2.047	-0.673	1.571	0.711	
0.711	-1.992	-2.047	-0.673	1.571	0.711	
0.711	-1.992	-2.047	-0.673	1.571	0.711	
0.711	-1.992	-2.047	-0.673	1.571	0.711	
0.711	-1.992	-2.047	-0.673	1.571	0.711	
0.711	-1.992	-2.047	-0.673	1.571	0.711	
0.711	-1.992	-2.047	-0.673	1.571	0.711	
0.711	-1.992	-2.047	-0.673	1.571	0.711	
0.711	-1.992	-2.047	-0.673	1.571	0.711	
0.711	-1.992	-2.047	-0.673	1.571	0.711	
0.711	-1.992	-2.047	-0.673	1.571	0.711	
0.711	-1.992	-2.047	-0.673	1.571	0.711	
0.711	-1.992	-2.047	-0.673	1.571	0.711	
0.711	-1.992	-2.047	-0.673	1.571	0.711	
0.711	-1.992	-2.047	-0.673	1.571	0.711	
0.711	-1.992	-2.047	-0.673	1.571	0.711	
0.711	-1.992	-2.047	-0.673	1.571	0.711	
0.711	-1.992	-2.047	-0.673	1.571	0.711	
0.711	-1.992	-2.047	-0.673	1.571	0.711	
0.711	-1.992	-2.047	-0.673	1.571	0.711	
0.711	-1.992	-2.047	-0.673	1.571	0.711	
0.711	-1.992	-2.047	-0.673	1.571	0.711	
0.711	-1.992	-2.047	-0.673	1.571	0.711	
0.711	-1.992	-2.047	-0.673	1.571	0.711	
0.711	-1.992	-2.047	-0.673	1.571	0.711	
0.711	-1.992	-2.047	-0.673	1.571	0.711	
0.711	-1.992	-2.047	-0.673	1.571	0.711	
0.711	-1.992	-2.047	-0.673	1.571	0.711	
0.711	-1.992	-2.047	-0.673	1.571	0.711	
0.711	-1.992	-2.047	-0.673	1.571	0.711	
0.711	-1.992	-2.047	-0.673	1.571	0.711	
0.711	-1.992	-2.047	-0.673	1.571	0.711	
0.711	-1.992	-2.047	-0.673	1.571	0.711	
0.711	-1.992	-2.047	-0.673	1.571	0.711	
0.711	-1.992	-2.047	-0.673	1.571	0.711	
0.711	-1.992	-2.047	-0.674	1.571	0.711	
0.711	-1.991	-2.047	-0.674	1.571	0.711	
0.711	-1.991	-2.047	-0.674	1.571	0.711	
0.711	-1.991	-2.047	-0.674	1.571	0.711	
0.711	-1.991	-2.047	-0.674	1.571	0.711	
0.711	-1.991	-2.047	-0.674	1.571	0.711	
0.711	-1.991	-2.047	-0.674	1.571	0.711	
0.711	-1.991	-2.047	-0.674	1.571	0.711	
0.711	-1.991	-2.047	-0.674	1.571	0.711	
0.711	-1.991	-2.047	-0.674	1.571	0.711	
0.711	-1.991	-2.047	-0.674	1.571	0.711	
0.711	-1.991	-2.047	-0.674	1.571	0.711	
0.711	-1.990	-2.047	-0.675	1.571	0.711	
0.711	-1.990	-2.047	-0.675	1.571	0.711	
0.711	-1.990	-2.047	-0.675	1.571	0.711	
0.711	-1.990	-2.047	-0.675	1.571	0.711	
0.711	-1.990	-2.047	-0.675	1.571	0.711	
0.711	-1.990	-2.047	-0.675	1.571	0.711	
0.711	-1.990	-2.047	-0.676	1.571	0.711	
0.711	-1.989	-2.047	-0.676	1.571	0.712	
0.711	-1.989	-2.047	-0.676	1.571	0.712	
0.711	-1.989	-2.047	-0.676	1.571	0.712	
0.712	-1.989	-2.047	-0.676	1.571	0.712	
0.712	-1.989	-2.047	-0.676	1.571	0.712	
0.712	-1.989	-2.047	-0.677	1.571	0.712	
0.712	-1.989	-2.047	-0.677	1.571	0.712	
0.712	-1.988	-2.047	-0.677	1.571	0.712	
0.712	-1.988	-2.047	-0.677	1.571	0.712	
0.712	-1.988	-2.047	-0.677	1.571	0.712	
0.712	-1.988	-2.047	-0.678	1.570	0.712	
0.712	-1.988	-2.047	-0.678	1.570	0.712	
0.712	-1.987	-2.047	-0.678	1.570	0.712	
0.712	-1.987	-2.047	-0.678	1.570	0.712	
0.712	-1.987	-2.047	-0.678	1.570	0.712	
0.712	-1.987	-2.047	-0.679	1.570	0.712	
0.712	-1.987	-2.047	-0.679	1.570	0.712	
0.712	-1.986	-2.047	-0.679	1.570	0.712	
0.712	-1.986	-2.047	-0.679	1.570	0.712	
0.712	-1.986	-2.047	-0.680	1.570	0.712	
0.712	-1.986	-2.047	-0.680	1.570	0.712	
0.712	-1.986	-2.047	-0.680	1.570	0.712	
0.712	-1.986	-2.047	-0.680	1.570	0.712	
0.712	-1.985	-2.047	-0.680	1.570	0.712	
0.712	-1.985	-2.047	-0.681	1.570	0.712	
0.712	-1.985	-2.047	-0.681	1.570	0.712	
0.712	-1.985	-2.047	-0.681	1.570	0.712	
0.712	-1.985	-2.047	-0.681	1.570	0.712	
0.712	-1.984	-2.047	-0.682	1.570	0.712	
0.712	-1.984	-2.047	-0.682	1.570	0.712	
0.712	-1.984	-2.047	-0.682	1.570	0.712	
0.712	-1.984	-2.047	-0.682	1.570	0.712	
0.712	-1.984	-2.047	-0.683	1.570	0.712	
0.712	-1.983	-2.047	-0.683	1.570	0.712	
0.712	-1.983	-2.047	-0.683	1.569	0.712	
0.712	-1.983	-2.047	-0.683	1.569	0.712	
0.712	-1.983	-2.047	-0.684	1.569	0.712	
0.712	-1.982	-2.047	-0.684	1.569	0.712	
0.712	-1.982	-2.047	-0.684	1.569	0.712	
0.712	-1.982	-2.047	-0.684	1.569	0.712	
0.712	-1.982	-2.047	-0.685	1.569	0.712	
0.712	-1.982	-2.047	-0.685	1.569	0.712	
0.712	-1.981	-2.047	-0.685	1.569	0.712	
0.712	-1.981	-2.047	-0.686	1.569	0.712	
0.712	-1.981	-2.047	-0.686	1.569	0.712	
0.712	-1.981	-2.047	-0.686	1.569	0.712	
0.712	-1.981	-2.047	-0.686	1.569	0.712	
0.712	-1.980	-2.047	-0.687	1.569	0.712	
0.712	-1.980	-2.047	-0.687	1.569	0.712	
0.712	-1.980	-2.047	-0.687	1.569	0.712	
0.712	-1.980	-2.047	-0.687	1.568	0.712	
0.712	-1.979	-2.047	-0.688	1.568	0.712	
0.712	-1.979	-2.047	-0.688	1.568	0.712	
0.712	-1.979	-2.047	-0.688	1.568	0.712	
0.712	-1.979	-2.047	-0.689	1.568	0.712	
0.712	-1.979	-2.047	-0.689	1.568	0.712	
0.712	-1.978	-2.047	-0.689	1.568	0.712	
0.712	-1.978	-2.047	-0.689	1.568	0.712	
0.712	-1.978	-2.047	-0.690	1.568	0.712	
0.712	-1.978	-2.047	-0.690	1.568	0.712	
0.712	-1.977	-2.047	-0.690	1.568	0.712	
0.712	-1.977	-2.047	-0.691	1.568	0.712	
0.712	-1.977	-2.047	-0.691	1.568	0.712	
0.712	-1.977	-2.047	-0.691	1.567	0.712	
0.712	-1.976	-2.047	-0.692	1.567	0.712	
0.712	-1.976	-2.047	-0.692	1.567	0.712	
0.712	-1.976	-2.047	-0.692	1.567	0.712	
0.712	-1.976	-2.047	-0.692	1.567	0.712	
0.712	-1.976	-2.047	-0.693	1.567	0.712	
0.712	-1.975	-2.047	-0.693	1.567	0.712	
0.712	-1.975	-2.047	-0.693	1.567	0.712	
0.712	-1.975	-2.047	-0.694	1.567	0.712	
0.712	-1.975	-2.047	-0.694	1.567	0.712	
0.712	-1.974	-2.047	-0.694	1.566	0.712	
0.712	-1.974	-2.047	-0.695	1.566	0.712	
0.712	-1.974	-2.048	-0.695	1.566	0.712	
0.712	-1.974	-2.048	-0.695	1.566	0.711	
0.712	-1.973	-2.048	-0.696	1.566	0.711	
0.712	-1.973	-2.048	-0.696	1.566	0.711	
0.712	-1.973	-2.048	-0.696	1.566	0.711	
0.712	-1.973	-2.048	-0.697	1.566	0.711	
0.712	-1.972	-2.048	-0.697	1.566	0.712	
0.712	-1.972	-2.048	-0.697	1.566	0.711	
0.712	-1.972	-2.048	-0.698	1.565	0.711	
0.712	-1.972	-2.048	-0.698	1.565	0.711	
0.712	-1.971	-2.048	-0.699	1.565	0.711	
0.712	-1.971	-2.048	-0.699	1.565	0.711	
0.712	-1.971	-2.048	-0.699	1.565	0.711	
0.712	-1.971	-2.048	-0.700	1.565	0.711	
0.712	-1.970	-2.048	-0.700	1.565	0.711	
0.712	-1.970	-2.048	-0.700	1.565	0.711	
0.712	-1.970	-2.048	-0.701	1.565	0.711	
0.712	-1.970	-2.048	-0.701	1.564	0.711	
0.712	-1.969	-2.048	-0.701	1.564	0.711	
0.712	-1.969	-2.048	-0.702	1.564	0.711	
0.712	-1.969	-2.048	-0.702	1.564	0.711	
0.712	-1.968	-2.048	-0.702	1.564	0.711	
0.712	-1.968	-2.048	-0.703	1.564	0.711	
0.712	-1.968	-2.048	-0.703	1.564	0.711	
0.712	-1.968	-2.048	-0.703	1.564	0.711	
0.712	-1.967	-2.048	-0.704	1.564	0.711	
0.712	-1.967	-2.048	-0.704	1.564	0.711	
0.712	-1.967	-2.048	-0.704	1.563	0.711	
0.712	-1.967	-2.048	-0.705	1.563	0.711	
0.712	-1.966	-2.048	-0.705	1.563	0.711	
0.712	-1.966	-2.048	-0.705	1.563	0.711	
0.712	-1.966	-2.048	-0.706	1.563	0.711	
0.712	-1.966	-2.048	-0.706	1.563	0.711	
0.712	-1.965	-2.048	-0.706	1.563	0.711	
0.712	-1.965	-2.048	-0.707	1.563	0.711	
0.712	-1.965	-2.048	-0.707	1.563	0.711	
0.712	-1.965	-2.048	-0.707	1.562	0.711	
0.712	-1.965	-2.048	-0.708	1.562	0.711	
0.712	-1.964	-2.048	-0.708	1.562	0.711	
0.712	-1.964	-2.048	-0.708	1.562	0.711	
0.712	-1.964	-2.048	-0.709	1.562	0.711	
0.712	-1.964	-2.048	-0.709	1.562	0.711	
0.712	-1.963	-2.048	-0.709	1.562	0.711	
0.712	-1.963	-2.048	-0.709	1.562	0.711	
0.713	-1.963	-2.048	-0.710	1.562	0.711	
0.712	-1.963	-2.048	-0.710	1.562	0.711	
0.713	-1.963	-2.048	-0.710	1.562	0.711	
0.713	-1.962	-2.048	-0.711	1.561	0.711	
0.713	-1.962	-2.048	-0.711	1.561	0.711	
0.713	-1.962	-2.048	-0.711	1.561	0.711	
0.713	-1.962	-2.048	-0.711	1.561	0.711	
0.713	-1.962	-2.048	-0.712	1.561	0.711	
0.713	-1.961	-2.048	-0.712	1.561	0.711	
0.713	-1.961	-2.048	-0.712	1.561	0.711	
0.713	-1.961	-2.048	-0.712	1.561	0.711	
0.713	-1.961	-2.048	-0.713	1.561	0.711	
0.713	-1.961	-2.048	-0.713	1.561	0.711	
0.713	-1.961	-2.048	-0.713	1.561	0.711	
0.713	-1.960	-2.048	-0.713	1.561	0.711	
0.713	-1.960	-2.048	-0.714	1.561	0.711	
0.713	-1.960	-2.048	-0.714	1.560	0.711	
0.713	-1.960	-2.048	-0.714	1.560	0.711	
0.713	-1.960	-2.048	-0.714	1.560	0.711	
0.713	-1.960	-2.048	-0.714	1.560	0.711	
0.713	-1.959	-2.048	-0.715	1.560	0.711	
0.713	-1.959	-2.048	-0.715	1.560	0.711	
0.713	-1.959	-2.048	-0.715	1.560	0.711	
0.713	-1.959	-2.048	-0.715	1.560	0.711	
0.713	-1.959	-2.048	-0.716	1.560	0.711	
0.713	-1.959	-2.048	-0.716	1.560	0.711	
0.713	-1.958	-2.048	-0.716	1.560	0.711	
0.713	-1.958	-2.048	-0.716	1.560	0.711	
0.713	-1.958	-2.048	-0.716	1.560	0.711	
0.713	-1.958	-2.048	-0.717	1.560	0.711	
0.713	-1.958	-2.048	-0.717	1.560	0.711	
0.713	-1.958	-2.048	-0.717	1.559	0.711	
0.713	-1.958	-2.048	-0.717	1.559	0.711	
0.713	-1.958	-2.048	-0.717	1.559	0.711	
0.713	-1.957	-2.048	-0.717	1.559	0.711	
0.713	-1.957	-2.048	-0.718	1.559	0.711	
0.713	-1.957	-2.048	-0.718	1.559	0.711	
0.713	-1.957	-2.048	-0.718	1.559	0.711	
0.713	-1.957	-2.048	-0.718	1.559	0.711	
0.713	-1.957	-2.048	-0.718	1.559	0.711	
0.713	-1.957	-2.048	-0.718	1.559	0.711	
0.713	-1.957	-2.048	-0.719	1.559	0.711	
0.713	-1.956	-2.048	-0.719	1.559	0.711	
0.713	-1.956	-2.048	-0.719	1.559	0.711	
0.713	-1.956	-2.048	-0.719	1.559	0.711	
0.713	-1.956	-2.048	-0.719	1.559	0.711	
0.713	-1.956	-2.048	-0.719	1.559	0.711	
0.713	-1.956	-2.048	-0.719	1.559	0.711	
0.713	-1.956	-2.048	-0.719	1.559	0.711	
0.713	-1.956	-2.048	-0.720	1.559	0.711	
0.713	-1.956	-2.048	-0.720	1.559	0.711	
0.713	-1.956	-2.048	-0.720	1.559	0.711	
0.713	-1.956	-2.048	-0.720	1.559	0.711	
0.713	-1.955	-2.048	-0.720	1.559	0.711	
0.713	-1.955	-2.048	-0.720	1.559	0.711	
0.713	-1.955	-2.048	-0.720	1.559	0.711	
0.713	-1.955	-2.048	-0.720	1.558	0.711	
0.713	-1.955	-2.048	-0.721	1.558	0.711	
0.713	-1.955	-2.048	-0.721	1.558	0.711	
0.713	-1.955	-2.048	-0.721	1.558	0.711	
0.713	-1.955	-2.048	-0.721	1.558	0.711	
0.713	-1.955	-2.048	-0.721	1.558	0.711	
0.713	-1.955	-2.048	-0.721	1.558	0.711	
0.713	-1.955	-2.048	-0.721	1.558	0.711	
0.713	-1.955	-2.048	-0.721	1.558	0.711	
0.713	-1.955	-2.048	-0.721	1.558	0.711	
0.713	-1.955	-2.048	-0.721	1.558	0.711	
0.713	-1.955	-2.048	-0.721	1.558	0.711	
0.713	-1.955	-2.048	-0.721	1.558	0.711	
0.713	-1.955	-2.048	-0.721	1.558	0.711	
0.713	-1.955	-2.048	-0.721	1.558	0.711	
0.713	-1.955	-2.048	-0.721	1.558	0.711	
0.713	-1.955	-2.048	-0.721	1.558	0.711	
0.713	-1.954	-2.048	-0.721	1.558	0.711	
0.713	-1.954	-2.048	-0.722	1.558	0.711	
0.713	-1.954	-2.048	-0.722	1.558	0.711	
0.713	-1.954	-2.048	-0.722	1.558	0.711	
0.713	-1.954	-2.048	-0.722	1.558	0.711	
0.713	-1.954	-2.048	-0.722	1.558	0.711	
0.713	-1.954	-2.048	-0.722	1.558	0.711	
0.713	-1.954	-2.048	-0.722	1.558	0.711	
0.713	-1.954	-2.048	-0.722	1.558	0.711	
0.713	-1.954	-2.048	-0.722	1.558	0.711	
0.713	-1.954	-2.048	-0.722	1.558	0.711	
0.713	-1.954	-2.048	-0.722	1.558	0.711	
0.713	-1.954	-2.048	-0.722	1.558	0.711	
0.713	-1.954	-2.048	-0.722	1.558	0.711	
0.713	-1.954	-2.048	-0.722	1.558	0.711	
0.713	-1.954	-2.048	-0.722	1.558	0.711	
0.713	-1.954	-2.048	-0.722	1.558	0.711	
0.713	-1.954	-2.048	-0.722	1.558	0.711	
0.713	-1.954	-2.048	-0.722	1.558	0.711	
0.713	-1.954	-2.048	-0.722	1.558	0.711	
0.713	-1.954	-2.048	-0.722	1.558	0.711	
0.713	-1.954	-2.048	-0.722	1.558	0.711	
0.713	-1.954	-2.048	-0.722	1.558	0.711	
0.713	-1.954	-2.048	-0.722	1.558	0.711	
0.713	-1.954	-2.048	-0.722	1.558	0.711	
0.713	-1.954	-2.048	-0.722	1.558	0.711	
0.713	-1.954	-2.048	-0.722	1.558	0.711	
0.713	-1.954	-2.048	-0.722	1.558	0.711	
0.713	-1.954	-2.048	-0.722	1.558	0.711	
0.713	-1.954	-2.048	-0.722	1.558	0.711	
0.713	-1.954	-2.048	-0.722	1.558	0.711	
0.713	-1.954	-2.048	-0.722	1.558	0.711	
0.713	-1.954	-2.048	-0.722	1.558	0.711	
0.713	-1.954	-2.048	-0.722	1.558	0.711	
0.713	-1.954	-2.048	-0.722	1.558	0.711	
0.713	-1.954	-2.048	-0.722	1.558	0.711	
0.713	-1.954	-2.048	-0.722	1.558	0.711	
0.713	-1.954	-2.048	-0.722	1.558	0.711	
0.713	-1.954	-2.048	-0.722	1.558	0.711	
0.713	-1.954	-2.048	-0.722	1.558	0.711	
0.713	-1.954	-2.048	-0.722	1.558	0.711	
0.713	-1.954	-2.048	-0.722	1.558	0.711	
0.713	-1.954	-2.048	-0.722	1.558	0.711	
0.713	-1.954	-2.048	-0.722	1.558	0.711	
0.713	-1.954	-2.048	-0.722	1.558	0.711	
0.713	-1.954	-2.048	-0.722	1.558	0.711	
0.713	-1.954	-2.048	-0.722	1.558	0.711	
0.713	-1.954	-2.048	-0.722	1.558	0.711	
0.713	-1.954	-2.048	-0.722	1.558	0.711	
0.713	-1.954	-2.048	-0.722	1.558	0.711	
0.713	-1.954	-2.048	-0.722	1.558	0.711	
0.713	-1.954	-2.048	-0.722	1.558	0.711	
0.713	-1.954	-2.048	-0.722	1.558	0.711	
0.713	-1.954	-2.048	-0.722	1.558	0.711	
0.713	-1.954	-2.048	-0.722	1.558	0.711	
0.713	-1.954	-2.048	-0.722	1.558	0.711	
0.713	-1.954	-2.048	-0.722	1.558	0.711	
0.713	-1.954	-2.048	-0.722	1.558	0.711	
0.713	-1.954	-2.048	-0.722	1.558	0.711	
0.713	-1.954	-2.048	-0.722	1.558	0.711	
0.713	-1.954	-2.048	-0.722	1.558	0.711	
0.713	-1.954	-2.048	-0.722	1.558	0.711	
0.713	-1.954	-2.048	-0.722	1.558	0.711	
0.713	-1.954	-2.048	-0.722	1.558	0.711	
0.713	-1.954	-2.048	-0.722	1.558	0.711	
0.713	-1.954	-2.048	-0.722	1.558	0.711	
0.713	-1.954	-2.048	-0.722	1.558	0.711	
0.713	-1.954	-2.048	-0.722	1.558	0.711	
0.713	-1.954	-2.048	-0.722	1.558	0.711	
0.713	-1.954	-2.048	-0.722	1.558	0.711	
0.713	-1.954	-2.048	-0.722	1.558	0.711	
0.713	-1.954	-2.048	-0.722	1.558	0.711	
0.713	-1.954	-2.048	-0.722	1.558	0.711	
0.713	-1.954	-2.048	-0.722	1.558	0.711	
0.713	-1.954	-2.048	-0.722	1.558	0.711	
0.713	-1.954	-2.048	-0.722	1.558	0.711	
0.713	-1.954	-2.048	-0.722	1.558	0.711	
0.713	-1.954	-2.048	-0.722	1.558	0.711	
0.713	-1.954	-2.048	-0.722	1.558	0.711	
0.713	-1.954	-2.048	-0.722	1.558	0.711	
0.713	-1.954	-2.048	-0.722	1.558	0.711	
0.713	-1.954	-2.048	-0.722	1.558	0.711	
0.713	-1.954	-2.048	-0.722	1.558	0.711	
0.713	-1.954	-2.048	-0.722	1.558	0.711	
0.713	-1.954	-2.048	-0.722	1.558	0.711	
0.713	-1.954	-2.048	-0.722	1.558	0.711	
0.713	-1.954	-2.048	-0.722	1.558	0.711	
0.713	-1.954	-2.048	-0.722	1.558	0.711	
0.713	-1.954	-2.048	-0.722	1.558	0.711	
0.713	-1.954	-2.048	-0.722	1.558	0.711	
0.713	-1.954	-2.048	-0.722	1.558	0.711	
0.713	-1.954	-2.048	-0.722	1.558	0.711	
0.713	-1.954	-2.048	-0.722	1.558	0.711	
0.713	-1.954	-2.048	-0.722	1.558	0.711	
0.713	-1.954	-2.048	-0.722	1.558	0.711	
0.713	-1.954	-2.048	-0.722	1.558	0.711	
0.713	-1.954	-2.048	-0.722	1.558	0.711	
0.713	-1.954	-2.048	-0.722	1.558	0.711	
0.713	-1.954	-2.048	-0.722	1.558	0.711	
0.713	-1.954	-2.048	-0.722	1.558	0.711	
0.713	-1.954	-2.048	-0.722	1.558	0.711	
0.713	-1.954	-2.048	-0.722	1.558	0.711	
0.713	-1.954	-2.048	-0.722	1.558	0.711	
0.713	-1.954	-2.048	-0.722	1.558	0.711	
0.713	-1.954	-2.048	-0.722	1.558	0.711	
0.713	-1.954	-2.048	-0.722	1.558	0.711	
0.713	-1.954	-2.048	-0.722	1.558	0.711	
0.713	-1.954	-2.048	-0.722	1.558	0.711	
0.713	-1.954	-2.048	-0.722	1.558	0.711	
0.713	-1.954	-2.048	-0.722	1.558	0.711	
0.713	-1.954	-2.048	-0.722	1.558	0.711	
0.713	-1.954	-2.048	-0.722	1.558	0.711	
0.713	-1.954	-2.048	-0.722	1.558	0.711	
0.713	-1.954	-2.048	-0.722	1.558	0.711	
0.713	-1.954	-2.048	-0.722	1.558	0.711	
0.713	-1.954	-2.048	-0.722	1.558	0.711	
0.713	-1.954	-2.048	-0.722	1.558	0.711	
0.713	-1.954	-2.048	-0.722	1.558	0.711	
0.713	-1.954	-2.048	-0.722	1.558	0.711	
0.713	-1.954	-2.048	-0.722	1.558	0.711	
0.713	-1.954	-2.048	-0.722	1.558	0.711	
0.713	-1.954	-2.048	-0.722	1.558	0.711	
0.713	-1.954	-2.047	-0.722	1.558	0.711	
0.713	-1.954	-2.047	-0.722	1.558	0.711	
0.713	-1.954	-2.047	-0.722	1.558	0.711	
0.713	-1.954	-2.047	-0.722	1.558	0.711	
0.713	-1.954	-2.047	-0.722	1.558	0.711	
0.713	-1.954	-2.047	-0.722	1.558	0.711	
0.713	-1.954	-2.047	-0.722	1.558	0.711	
0.713	-1.954	-2.047	-0.723	1.558	0.711	
0.713	-1.954	-2.047	-0.723	1.558	0.711	
0.713	-1.954	-2.047	-0.723	1.558	0.711	
0.713	-1.954	-2.047	-0.723	1.558	0.711	
0.713	-1.954	-2.047	-0.723	1.558	0.711	
0.713	-1.954	-2.047	-0.723	1.558	0.711	
0.713	-1.954	-2.047	-0.723	1.558	0.711	
0.713	-1.954	-2.047	-0.723	1.558	0.711	
0.713	-1.954	-2.047	-0.723	1.558	0.711	
0.713	-1.954	-2.047	-0.723	1.558	0.711	
0.713	-1.954	-2.047	-0.723	1.558	0.711	
0.713	-1.954	-2.047	-0.723	1.558	0.711	
0.713	-1.954	-2.047	-0.723	1.558	0.711	
0.713	-1.954	-2.047	-0.723	1.558	0.711	
0.713	-1.954	-2.047	-0.723	1.558	0.711	
0.713	-1.954	-2.047	-0.723	1.558	0.711	
0.713	-1.954	-2.047	-0.723	1.558	0.711	
0.713	-1.954	-2.047	-0.723	1.558	0.711	
0.713	-1.954	-2.047	-0.723	1.558	0.711	
0.713	-1.954	-2.047	-0.723	1.558	0.711	
0.713	-1.954	-2.047	-0.723	1.558	0.711	
0.713	-1.954	-2.047	-0.723	1.558	0.711	
0.713	-1.954	-2.047	-0.723	1.558	0.711	
0.713	-1.954	-2.047	-0.723	1.558	0.711	
0.713	-1.954	-2.047	-0.723	1.558	0.711	
0.713	-1.954	-2.047	-0.723	1.558	0.711	
0.713	-1.954	-2.047	-0.723	1.558	0.711	
0.713	-1.954	-2.047	-0.723	1.558	0.711	
0.713	-1.954	-2.047	-0.723	1.558	0.711	
0.713	-1.954	-2.047	-0.723	1.558	0.711	
0.713	-1.954	-2.047	-0.723	1.558	0.711	
0.713	-1.954	-2.047	-0.723	1.558	0.711	
0.713	-1.954	-2.047	-0.723	1.558	0.711	
0.713	-1.954	-2.047	-0.723	1.558	0.711	
0.713	-1.954	-2.047	-0.723	1.558	0.711	
0.713	-1.954	-2.047	-0.723	1.558	0.711	
0.713	-1.954	-2.047	-0.723	1.558	0.711	
0.713	-1.954	-2.047	-0.723	1.558	0.711	
0.713	-1.954	-2.047	-0.723	1.558	0.711	
0.713	-1.954	-2.047	-0.723	1.558	0.711	
0.713	-1.954	-2.047	-0.723	1.558	0.711	
0.713	-1.954	-2.047	-0.723	1.558	0.711	
0.713	-1.954	-2.047	-0.723	1.558	0.711	
0.713	-1.954	-2.047	-0.723	1.558	0.711	
0.713	-1.954	-2.047	-0.723	1.558	0.711	
0.713	-1.954	-2.047	-0.723	1.558	0.711	
0.713	-1.954	-2.047	-0.723	1.558	0.711	
0.713	-1.954	-2.047	-0.723	1.558	0.711	
0.713	-1.954	-2.047	-0.723	1.558	0.711	
0.713	-1.954	-2.047	-0.723	1.558	0.711	
0.713	-1.954	-2.047	-0.723	1.558	0.711	
0.713	-1.954	-2.047	-0.723	1.558	0.711	
0.713	-1.954	-2.047	-0.723	1.558	0.711	
0.713	-1.954	-2.047	-0.723	1.558	0.711	
0.713	-1.954	-2.047	-0.723	1.558	0.711	
0.713	-1.954	-2.047	-0.723	1.558	0.711	
0.713	-1.954	-2.047	-0.723	1.558	0.711	
0.713	-1.954	-2.047	-0.723	1.558	0.711	
0.713	-1.954	-2.047	-0.723	1.558	0.711	
0.713	-1.954	-2.047	-0.723	1.558	0.711	
0.713	-1.954	-2.047	-0.723	1.558	0.711	
0.713	-1.954	-2.047	-0.723	1.558	0.711	
0.713	-1.954	-2.047	-0.723	1.558	0.711	
0.713	-1.954	-2.047	-0.723	1.558	0.711	
0.713	-1.954	-2.047	-0.723	1.558	0.711	
0.713	-1.954	-2.047	-0.723	1.558	0.711	
0.713	-1.954	-2.047	-0.723	1.558	0.711	
0.713	-1.954	-2.047	-0.723	1.558	0.711	
0.713	-1.954	-2.047	-0.723	1.558	0.711	
0.713	-1.953	-2.047	-0.723	1.558	0.711	
0.713	-1.953	-2.047	-0.723	1.558	0.711	
0.713	-1.953	-2.047	-0.723	1.558	0.711	
0.713	-1.953	-2.047	-0.723	1.558	0.711	
0.713	-1.953	-2.047	-0.723	1.558	0.711	
0.713	-1.953	-2.047	-0.723	1.558	0.711	
0.713	-1.953	-2.047	-0.723	1.558	0.711	
0.713	-1.953	-2.047	-0.723	1.558	0.711	
0.713	-1.953	-2.047	-0.723	1.558	0.711	
0.713	-1.953	-2.047	-0.723	1.558	0.711	
0.713	-1.953	-2.047	-0.723	1.558	0.711	
0.713	-1.953	-2.047	-0.723	1.558	0.711	
0.713	-1.953	-2.047	-0.723	1.558	0.711	
0.713	-1.953	-2.047	-0.723	1.558	0.711	
0.713	-1.953	-2.047	-0.723	1.558	0.711	
0.713	-1.953	-2.047	-0.723	1.558	0.711	
0.713	-1.953	-2.047	-0.723	1.558	0.711	
0.713	-1.953	-2.047	-0.723	1.558	0.711	
0.713	-1.953	-2.047	-0.723	1.558	0.711	
0.713	-1.953	-2.047	-0.723	1.558	0.711	
0.713	-1.953	-2.047	-0.723	1.558	0.711	
0.713	-1.953	-2.047	-0.723	1.558	0.711	
0.713	-1.953	-2.047	-0.723	1.558	0.711	
0.713	-1.953	-2.047	-0.723	1.558	0.711	
0.713	-1.953	-2.047	-0.723	1.558	0.711	
0.713	-1.953	-2.047	-0.723	1.558	0.711	
0.713	-1.953	-2.047	-0.723	1.558	0.711	
0.713	-1.953	-2.047	-0.723	1.558	0.711	
0.713	-1.953	-2.047	-0.723	1.558	0.711	
0.713	-1.953	-2.047	-0.723	1.558	0.711	
0.713	-1.953	-2.047	-0.723	1.558	0.711	
0.713	-1.953	-2.047	-0.723	1.558	0.711	
0.713	-1.953	-2.047	-0.723	1.558	0.711	
0.713	-1.953	-2.047	-0.723	1.558	0.711	
0.713	-1.953	-2.047	-0.723	1.558	0.711	
0.713	-1.953	-2.047	-0.723	1.558	0.711	
0.713	-1.953	-2.047	-0.723	1.558	0.711	
0.713	-1.953	-2.047	-0.723	1.558	0.711	
0.713	-1.953	-2.047	-0.723	1.558	0.711	
0.713	-1.953	-2.047	-0.723	1.558	0.711	
0.713	-1.953	-2.047	-0.723	1.558	0.711	
0.713	-1.953	-2.047	-0.723	1.558	0.711	
0.713	-1.953	-2.047	-0.723	1.558	0.711	
0.713	-1.953	-2.047	-0.723	1.558	0.711	
0.713	-1.953	-2.047	-0.723	1.558	0.711	
0.713	-1.953	-2.047	-0.723	1.558	0.711	
0.713	-1.953	-2.047	-0.723	1.558	0.711	
0.713	-1.953	-2.047	-0.723	1.558	0.711	
0.713	-1.953	-2.047	-0.723	1.558	0.711	
0.713	-1.953	-2.047	-0.723	1.558	0.711	
0.713	-1.953	-2.047	-0.723	1.558	0.711	
0.713	-1.953	-2.047	-0.723	1.558	0.711	
0.713	-1.953	-2.047	-0.723	1.558	0.711	
0.713	-1.953	-2.047	-0.723	1.558	0.711	
0.713	-1.953	-2.047	-0.723	1.558	0.711	
0.713	-1.953	-2.047	-0.723	1.558	0.711	
0.713	-1.953	-2.047	-0.723	1.558	0.711	
0.713	-1.953	-2.047	-0.723	1.558	0.711	
0.713	-1.953	-2.047	-0.723	1.558	0.711	
0.713	-1.953	-2.047	-0.723	1.558	0.711	
0.713	-1.953	-2.047	-0.723	1.558	0.711	
0.713	-1.953	-2.047	-0.723	1.558	0.711	
0.713	-1.953	-2.047	-0.723	1.558	0.711	
0.713	-1.953	-2.047	-0.723	1.558	0.711	
0.713	-1.953	-2.047	-0.723	1.558	0.711	
0.713	-1.953	-2.047	-0.723	1.558	0.711	
0.713	-1.953	-2.047	-0.723	1.558	0.711	
0.713	-1.953	-2.047	-0.723	1.558	0.711	
0.713	-1.953	-2.047	-0.723	1.558	0.711	
0.713	-1.953	-2.047	-0.723	1.558	0.711	
0.713	-1.953	-2.047	-0.723	1.558	0.711	
0.713	-1.953	-2.047	-0.723	1.558	0.711	
0.713	-1.953	-2.047	-0.723	1.558	0.711	
0.713	-1.953	-2.047	-0.723	1.558	0.711	
0.713	-1.953	-2.047	-0.723	1.558	0.711	
0.713	-1.953	-2.047	-0.723	1.558	0.711	
0.713	-1.953	-2.047	-0.723	1.558	0.711	
0.713	-1.953	-2.047	-0.723	1.558	0.711	
0.713	-1.953	-2.047	-0.723	1.558	0.711	
0.713	-1.953	-2.047	-0.723	1.558	0.711	
0.713	-1.953	-2.047	-0.723	1.558	0.711	
0.713	-1.953	-2.047	-0.723	1.558	0.711	
0.713	-1.953	-2.047	-0.723	1.558	0.711	
0.713	-1.953	-2.047	-0.723	1.558	0.711	
0.713	-1.953	-2.047	-0.723	1.558	0.711	
0.713	-1.953	-2.047	-0.723	1.558	0.711	
0.713	-1.953	-2.047	-0.723	1.558	0.711	
0.713	-1.953	-2.047	-0.724	1.558	0.711	
0.713	-1.953	-2.047	-0.724	1.558	0.711	
0.713	-1.953	-2.047	-0.724	1.558	0.711	
0.713	-1.953	-2.047	-0.724	1.558	0.711	
0.713	-1.953	-2.047	-0.724	1.558	0.711	
0.713	-1.953	-2.047	-0.724	1.558	0.711	
0.713	-1.953	-2.047	-0.724	1.558	0.711	
0.713	-1.953	-2.047	-0.724	1.558	0.711	
0.713	-1.953	-2.047	-0.724	1.558	0.711	
0.713	-1.953	-2.047	-0.724	1.558	0.711	
0.713	-1.953	-2.047	-0.724	1.558	0.711	
0.713	-1.953	-2.047	-0.724	1.558	0.711	
0.713	-1.953	-2.047	-0.724	1.558	0.711	
0.713	-1.953	-2.047	-0.724	1.558	0.711	
0.713	-1.953	-2.047	-0.724	1.558	0.711	
0.713	-1.953	-2.047	-0.724	1.558	0.711	
0.713	-1.953	-2.047	-0.724	1.558	0.711	
0.713	-1.953	-2.047	-0.724	1.558	0.711	
0.713	-1.953	-2.047	-0.724	1.558	0.711	
0.713	-1.953	-2.047	-0.724	1.558	0.711	
0.713	-1.953	-2.047	-0.724	1.558	0.711	
0.713	-1.953	-2.047	-0.724	1.558	0.711	
0.713	-1.953	-2.047	-0.724	1.558	0.711	
0.713	-1.953	-2.047	-0.724	1.558	0.711	
0.713	-1.953	-2.047	-0.724	1.558	0.711	
0.713	-1.953	-2.047	-0.724	1.558	0.711	
0.713	-1.953	-2.047	-0.724	1.558	0.711	
0.713	-1.953	-2.047	-0.724	1.558	0.711	
0.713	-1.953	-2.047	-0.724	1.558	0.711	
0.713	-1.953	-2.047	-0.724	1.558	0.711	
0.713	-1.953	-2.047	-0.724	1.558	0.711	
0.713	-1.953	-2.047	-0.724	1.558	0.711	
0.713	-1.953	-2.047	-0.724	1.558	0.711	
0.713	-1.953	-2.047	-0.724	1.558	0.711	
0.713	-1.953	-2.047	-0.724	1.558	0.711	
0.713	-1.953	-2.047	-0.724	1.558	0.711	
0.713	-1.953	-2.047	-0.724	1.558	0.711	
0.713	-1.953	-2.047	-0.724	1.558	0.711	
0.713	-1.953	-2.047	-0.724	1.558	0.711	
0.713	-1.953	-2.047	-0.724	1.558	0.711	
0.713	-1.953	-2.047	-0.724	1.558	0.711	
0.713	-1.953	-2.047	-0.724	1.558	0.711	
0.713	-1.953	-2.047	-0.724	1.558	0.711	
0.713	-1.953	-2.047	-0.724	1.558	0.711	
0.713	-1.953	-2.047	-0.724	1.558	0.711	
0.713	-1.953	-2.047	-0.724	1.558	0.711	
0.713	-1.953	-2.047	-0.724	1.558	0.711	
0.713	-1.953	-2.047	-0.724	1.558	0.711	
0.713	-1.953	-2.047	-0.724	1.558	0.711	
0.713	-1.953	-2.047	-0.724	1.558	0.711	
0.713	-1.953	-2.047	-0.724	1.558	0.711	
0.713	-1.953	-2.047	-0.724	1.558	0.711	
0.713	-1.953	-2.047	-0.724	1.558	0.711	
0.713	-1.953	-2.047	-0.724	1.558	0.711	
0.713	-1.953	-2.047	-0.724	1.558	0.711	
0.713	-1.953	-2.047	-0.724	1.558	0.711	
0.713	-1.953	-2.047	-0.724	1.558	0.711	
0.713	-1.953	-2.047	-0.724	1.558	0.711	
0.713	-1.953	-2.047	-0.724	1.558	0.711	
0.713	-1.953	-2.047	-0.724	1.558	0.711	
0.713	-1.953	-2.047	-0.724	1.558	0.711	
0.713	-1.953	-2.047	-0.724	1.558	0.711	
0.713	-1.953	-2.047	-0.724	1.558	0.711	
0.713	-1.953	-2.047	-0.724	1.558	0.711	
0.713	-1.953	-2.047	-0.724	1.558	0.711	
0.713	-1.953	-2.047	-0.724	1.558	0.711	
0.713	-1.953	-2.047	-0.724	1.558	0.711	
0.713	-1.953	-2.047	-0.724	1.558	0.711	
0.713	-1.953	-2.047	-0.724	1.558	0.711	
0.713	-1.953	-2.047	-0.724	1.558	0.711	
0.713	-1.953	-2.047	-0.724	1.558	0.711	
0.713	-1.953	-2.047	-0.724	1.558	0.711	
0.713	-1.953	-2.047	-0.724	1.558	0.711	
0.713	-1.953	-2.047	-0.724	1.558	0.711	
0.713	-1.953	-2.047	-0.724	1.558	0.711	
0.713	-1.953	-2.047	-0.724	1.558	0.711	
0.713	-1.953	-2.047	-0.724	1.558	0.711	
0.713	-1.953	-2.047	-0.724	1.558	0.711	
0.713	-1.953	-2.047	-0.724	1.558	0.711	
0.713	-1.953	-2.047	-0.724	1.558	0.711	
0.713	-1.953	-2.047	-0.724	1.558	0.711	
0.713	-1.953	-2.047	-0.724	1.558	0.711	
0.713	-1.953	-2.047	-0.724	1.558	0.711	
0.713	-1.953	-2.047	-0.724	1.558	0.711	
0.713	-1.953	-2.047	-0.724	1.558	0.711	
0.713	-1.953	-2.047	-0.724	1.558	0.711	
0.713	-1.953	-2.047	-0.724	1.558	0.711	
0.713	-1.953	-2.047	-0.724	1.558	0.711	
0.713	-1.953	-2.047	-0.724	1.558	0.711	
0.713	-1.953	-2.047	-0.724	1.558	0.711	
0.713	-1.953	-2.047	-0.724	1.558	0.711	
0.713	-1.953	-2.047	-0.724	1.558	0.711	
0.713	-1.953	-2.047	-0.724	1.558	0.711	
0.713	-1.953	-2.047	-0.724	1.558	0.711	
0.713	-1.953	-2.047	-0.724	1.558	0.711	
0.713	-1.953	-2.047	-0.724	1.558	0.711	
0.713	-1.953	-2.047	-0.724	1.558	0.711	
0.713	-1.953	-2.047	-0.724	1.558	0.711	
0.713	-1.953	-2.047	-0.724	1.558	0.711	
0.713	-1.953	-2.047	-0.724	1.558	0.711	
0.713	-1.953	-2.047	-0.724	1.558	0.711	
0.713	-1.953	-2.047	-0.724	1.558	0.711	
0.713	-1.953	-2.047	-0.724	1.558	0.711	
0.713	-1.953	-2.047	-0.724	1.558	0.711	
0.713	-1.953	-2.047	-0.724	1.558	0.711	
0.713	-1.953	-2.047	-0.724	1.558	0.711	
0.713	-1.953	-2.047	-0.724	1.558	0.711	
0.713	-1.953	-2.047	-0.724	1.558	0.711	
0.713	-1.953	-2.047	-0.724	1.558	0.711	
0.713	-1.953	-2.047	-0.724	1.558	0.711	
0.713	-1.953	-2.047	-0.724	1.558	0.711	
0.713	-1.953	-2.047	-0.724	1.558	0.711	
0.713	-1.953	-2.047	-0.724	1.558	0.711	
0.713	-1.953	-2.047	-0.724	1.558	0.711	
0.713	-1.953	-2.047	-0.724	1.558	0.711	
0.713	-1.953	-2.047	-0.724	1.558	0.711	
0.713	-1.953	-2.047	-0.724	1.558	0.711	
0.713	-1.953	-2.047	-0.724	1.558	0.711	
0.713	-1.953	-2.047	-0.724	1.558	0.711	
0.713	-1.953	-2.047	-0.724	1.558	0.711	
0.713	-1.953	-2.047	-0.724	1.558	0.711	
0.713	-1.953	-2.047	-0.724	1.558	0.711	
0.713	-1.953	-2.047	-0.724	1.558	0.711	
0.713	-1.953	-2.047	-0.724	1.558	0.711	
0.713	-1.953	-2.047	-0.724	1.558	0.711	
0.713	-1.953	-2.047	-0.724	1.558	0.711	
0.713	-1.953	-2.047	-0.724	1.558	0.711	
0.713	-1.953	-2.047	-0.724	1.558	0.711	
0.713	-1.953	-2.047	-0.724	1.558	0.711	
0.713	-1.953	-2.047	-0.724	1.558	0.711	
0.713	-1.953	-2.047	-0.724	1.558	0.711	
0.713	-1.953	-2.047	-0.724	1.558	0.711	
0.713	-1.953	-2.047	-0.724	1.558	0.711	
0.713	-1.953	-2.047	-0.724	1.558	0.711	
0.713	-1.953	-2.047	-0.724	1.558	0.711	
0.713	-1.953	-2.047	-0.724	1.558	0.711	
0.713	-1.953	-2.047	-0.724	1.558	0.711	
0.713	-1.953	-2.047	-0.724	1.558	0.711	
0.713	-1.953	-2.047	-0.724	1.558	0.711	
0.713	-1.953	-2.047	-0.724	1.558	0.711	
0.713	-1.953	-2.047	-0.724	1.558	0.711	
0.713	-1.953	-2.047	-0.724	1.558	0.711	
0.713	-1.953	-2.047	-0.724	1.558	0.711	
0.713	-1.953	-2.047	-0.724	1.558	0.711	
0.713	-1.953	-2.047	-0.724	1.558	0.711	
0.713	-1.953	-2.047	-0.724	1.558	0.711	
0.713	-1.953	-2.047	-0.724	1.558	0.711	
0.713	-1.953	-2.047	-0.724	1.558	0.711	
0.713	-1.953	-2.047	-0.724	1.558	0.711	
0.713	-1.953	-2.047	-0.724	1.558	0.711	
0.713	-1.953	-2.047	-0.724	1.558	0.711	
0.713	-1.953	-2.047	-0.724	1.558	0.711	
0.713	-1.953	-2.047	-0.724	1.558	0.711	
0.713	-1.953	-2.047	-0.724	1.558	0.711	
0.713	-1.953	-2.047	-0.724	1.558	0.711	
0.713	-1.953	-2.047	-0.724	1.558	0.711	
0.713	-1.953	-2.047	-0.724	1.558	0.711	
0.713	-1.953	-2.047	-0.724	1.558	0.711	
0.713	-1.953	-2.047	-0.724	1.558	0.711	
0.713	-1.953	-2.047	-0.724	1.558	0.711	
0.713	-1.953	-2.047	-0.724	1.558	0.711	
0.713	-1.953	-2.047	-0.724	1.558	0.711	
0.713	-1.953	-2.047	-0.724	1.558	0.711	
0.713	-1.953	-2.047	-0.724	1.558	0.711	
0.713	-1.953	-2.047	-0.724	1.558	0.711	
0.713	-1.953	-2.047	-0.724	1.558	0.711	
0.713	-1.953	-2.047	-0.724	1.558	0.711	
0.713	-1.953	-2.047	-0.724	1.558	0.711	
0.713	-1.953	-2.047	-0.724	1.558	0.711	
0.713	-1.953	-2.047	-0.724	1.558	0.711	
0.713	-1.953	-2.047	-0.724	1.558	0.711	
0.713	-1.953	-2.047	-0.724	1.558	0.711	
0.713	-1.953	-2.047	-0.724	1.558	0.711	
0.713	-1.953	-2.047	-0.724	1.558	0.711	
0.713	-1.953	-2.047	-0.724	1.558	0.711	
0.713	-1.953	-2.047	-0.724	1.558	0.711	
0.713	-1.953	-2.047	-0.724	1.558	0.711	
0.713	-1.953	-2.047	-0.724	1.558	0.711	
0.713	-1.953	-2.047	-0.724	1.558	0.711	
0.713	-1.953	-2.047	-0.724	1.558	0.711	
0.713	-1.953	-2.047	-0.724	1.558	0.711	
0.713	-1.953	-2.047	-0.724	1.558	0.711	
0.713	-1.953	-2.047	-0.724	1.558	0.711	
0.713	-1.953	-2.047	-0.724	1.558	0.711	
