659.978	336.741	99.663	-0.013	0.014	1.573	
659.978	336.741	99.663	-0.013	0.014	1.573	
659.978	336.741	99.663	-0.013	0.014	1.573	
659.978	336.741	99.663	-0.013	0.014	1.573	
659.978	336.741	99.663	-0.013	0.014	1.573	
659.979	336.740	99.663	-0.013	0.014	1.573	
659.979	336.740	99.663	-0.013	0.014	1.573	
659.979	336.740	99.663	-0.013	0.014	1.573	
659.979	336.741	99.663	-0.013	0.014	1.573	
659.979	336.741	99.663	-0.013	0.014	1.573	
659.979	336.741	99.664	-0.013	0.014	1.573	
659.979	336.741	99.664	-0.013	0.014	1.573	
659.980	336.741	99.664	-0.013	0.014	1.573	
659.980	336.741	99.664	-0.013	0.014	1.573	
659.980	336.741	99.664	-0.013	0.014	1.573	
659.980	336.741	99.664	-0.013	0.014	1.573	
659.979	336.741	99.664	-0.013	0.014	1.573	
659.980	336.741	99.664	-0.013	0.014	1.573	
659.980	336.741	99.664	-0.013	0.014	1.573	
659.980	336.741	99.664	-0.013	0.014	1.573	
659.979	336.742	99.665	-0.013	0.014	1.573	
659.979	336.742	99.665	-0.013	0.014	1.573	
659.979	336.742	99.665	-0.013	0.014	1.573	
659.980	336.741	99.665	-0.013	0.014	1.573	
659.980	336.742	99.665	-0.013	0.014	1.573	
659.980	336.742	99.665	-0.013	0.014	1.573	
659.980	336.742	99.665	-0.013	0.014	1.573	
659.980	336.741	99.665	-0.013	0.014	1.573	
659.980	336.741	99.665	-0.013	0.014	1.573	
659.980	336.741	99.665	-0.013	0.014	1.573	
659.980	336.741	99.665	-0.013	0.014	1.573	
659.980	336.741	99.664	-0.013	0.014	1.573	
659.980	336.741	99.664	-0.013	0.014	1.573	
659.979	336.741	99.665	-0.013	0.014	1.573	
659.979	336.741	99.665	-0.013	0.014	1.573	
659.979	336.741	99.665	-0.013	0.014	1.573	
659.979	336.741	99.665	-0.013	0.014	1.573	
659.979	336.741	99.664	-0.013	0.014	1.573	
659.979	336.741	99.665	-0.013	0.014	1.573	
659.979	336.741	99.665	-0.013	0.014	1.573	
659.979	336.741	99.665	-0.013	0.014	1.573	
659.979	336.741	99.665	-0.013	0.014	1.573	
659.979	336.742	99.665	-0.013	0.014	1.573	
659.979	336.742	99.665	-0.013	0.014	1.573	
659.979	336.741	99.665	-0.013	0.014	1.573	
659.979	336.742	99.665	-0.013	0.014	1.573	
659.979	336.741	99.665	-0.013	0.014	1.573	
659.979	336.742	99.665	-0.013	0.014	1.573	
659.979	336.742	99.666	-0.013	0.014	1.573	
659.979	336.742	99.665	-0.013	0.014	1.573	
659.979	336.742	99.665	-0.013	0.014	1.573	
659.979	336.742	99.665	-0.013	0.014	1.573	
659.979	336.742	99.665	-0.013	0.014	1.573	
659.979	336.742	99.664	-0.013	0.014	1.573	
659.979	336.742	99.664	-0.013	0.014	1.573	
659.979	336.742	99.664	-0.013	0.014	1.573	
659.979	336.742	99.663	-0.013	0.014	1.573	
659.979	336.742	99.664	-0.013	0.014	1.573	
659.978	336.742	99.663	-0.013	0.014	1.573	
659.978	336.742	99.663	-0.013	0.014	1.573	
659.978	336.742	99.663	-0.013	0.014	1.573	
659.978	336.742	99.662	-0.013	0.014	1.573	
659.978	336.742	99.662	-0.013	0.014	1.573	
659.978	336.742	99.662	-0.013	0.014	1.573	
659.978	336.742	99.662	-0.013	0.014	1.573	
659.978	336.742	99.662	-0.013	0.014	1.573	
659.978	336.742	99.662	-0.013	0.014	1.573	
659.978	336.742	99.661	-0.013	0.014	1.573	
659.978	336.742	99.661	-0.013	0.014	1.573	
659.978	336.742	99.661	-0.013	0.014	1.573	
659.978	336.742	99.661	-0.013	0.014	1.573	
659.978	336.742	99.661	-0.013	0.014	1.573	
659.978	336.743	99.661	-0.013	0.014	1.573	
659.978	336.742	99.661	-0.013	0.014	1.573	
659.978	336.742	99.661	-0.013	0.014	1.573	
659.978	336.742	99.661	-0.013	0.014	1.573	
659.978	336.742	99.660	-0.013	0.014	1.573	
659.978	336.743	99.660	-0.013	0.014	1.573	
659.978	336.743	99.660	-0.013	0.014	1.573	
659.978	336.743	99.660	-0.013	0.014	1.573	
659.978	336.743	99.660	-0.013	0.014	1.573	
659.978	336.743	99.660	-0.013	0.014	1.573	
659.978	336.742	99.660	-0.013	0.014	1.573	
659.978	336.742	99.659	-0.013	0.014	1.573	
659.978	336.742	99.659	-0.013	0.014	1.573	
659.978	336.743	99.659	-0.013	0.014	1.573	
659.978	336.742	99.659	-0.013	0.014	1.573	
659.978	336.742	99.659	-0.013	0.014	1.573	
659.978	336.743	99.659	-0.013	0.014	1.573	
659.978	336.743	99.658	-0.013	0.014	1.573	
659.978	336.743	99.658	-0.013	0.014	1.573	
659.978	336.743	99.658	-0.013	0.014	1.573	
659.978	336.743	99.658	-0.013	0.014	1.573	
659.978	336.743	99.658	-0.013	0.014	1.573	
659.978	336.743	99.658	-0.013	0.014	1.573	
659.979	336.743	99.658	-0.013	0.014	1.573	
659.979	336.743	99.657	-0.013	0.014	1.573	
659.979	336.743	99.657	-0.013	0.014	1.573	
659.979	336.743	99.657	-0.013	0.014	1.573	
659.979	336.743	99.657	-0.013	0.014	1.573	
659.978	336.743	99.657	-0.013	0.014	1.573	
659.978	336.743	99.656	-0.013	0.014	1.573	
659.978	336.743	99.656	-0.013	0.014	1.573	
659.979	336.743	99.656	-0.013	0.014	1.573	
659.979	336.743	99.655	-0.013	0.014	1.573	
659.978	336.743	99.656	-0.013	0.014	1.573	
659.979	336.744	99.655	-0.013	0.014	1.573	
659.979	336.743	99.655	-0.013	0.014	1.573	
659.979	336.743	99.655	-0.013	0.014	1.573	
659.979	336.743	99.655	-0.013	0.014	1.573	
659.979	336.743	99.655	-0.013	0.014	1.573	
659.979	336.743	99.655	-0.013	0.014	1.573	
659.979	336.743	99.655	-0.013	0.014	1.573	
659.979	336.743	99.655	-0.013	0.014	1.573	
659.978	336.743	99.654	-0.013	0.014	1.573	
659.979	336.743	99.654	-0.013	0.014	1.573	
659.979	336.743	99.654	-0.013	0.014	1.573	
659.979	336.743	99.654	-0.013	0.014	1.573	
659.979	336.743	99.654	-0.013	0.014	1.573	
659.979	336.743	99.653	-0.013	0.014	1.573	
659.979	336.743	99.653	-0.013	0.014	1.573	
659.979	336.744	99.653	-0.013	0.014	1.573	
659.979	336.744	99.653	-0.013	0.014	1.573	
659.979	336.744	99.653	-0.013	0.014	1.573	
659.978	336.744	99.653	-0.013	0.014	1.573	
659.978	336.744	99.652	-0.013	0.014	1.573	
659.978	336.744	99.652	-0.013	0.014	1.573	
659.977	336.745	99.652	-0.013	0.014	1.573	
659.977	336.745	99.652	-0.013	0.014	1.573	
659.977	336.745	99.651	-0.013	0.014	1.573	
659.977	336.745	99.650	-0.013	0.014	1.573	
659.977	336.744	99.650	-0.013	0.014	1.573	
659.977	336.744	99.650	-0.013	0.014	1.573	
659.977	336.744	99.649	-0.013	0.014	1.573	
659.977	336.744	99.649	-0.013	0.014	1.573	
659.977	336.744	99.649	-0.013	0.014	1.573	
659.977	336.744	99.648	-0.013	0.014	1.573	
659.977	336.745	99.648	-0.013	0.014	1.573	
659.977	336.745	99.648	-0.013	0.014	1.573	
659.977	336.745	99.648	-0.013	0.014	1.573	
659.976	336.745	99.648	-0.013	0.014	1.573	
659.976	336.745	99.648	-0.013	0.014	1.573	
659.976	336.745	99.648	-0.013	0.014	1.573	
659.976	336.745	99.647	-0.013	0.014	1.573	
659.975	336.745	99.647	-0.013	0.014	1.573	
659.975	336.746	99.647	-0.013	0.014	1.573	
659.975	336.745	99.646	-0.013	0.014	1.573	
659.976	336.745	99.646	-0.013	0.014	1.573	
659.976	336.745	99.646	-0.013	0.014	1.573	
659.976	336.745	99.645	-0.013	0.014	1.573	
659.976	336.745	99.645	-0.013	0.014	1.573	
659.976	336.745	99.644	-0.013	0.014	1.573	
659.976	336.745	99.644	-0.013	0.014	1.573	
659.975	336.745	99.644	-0.013	0.014	1.573	
659.975	336.746	99.644	-0.013	0.014	1.573	
659.975	336.745	99.643	-0.013	0.014	1.573	
659.975	336.745	99.643	-0.013	0.014	1.573	
659.975	336.745	99.643	-0.013	0.014	1.573	
659.976	336.746	99.642	-0.013	0.014	1.573	
659.994	336.761	99.653	-0.013	0.014	1.573	
659.994	336.762	99.652	-0.013	0.014	1.573	
659.994	336.762	99.652	-0.013	0.014	1.573	
659.994	336.762	99.652	-0.013	0.014	1.573	
659.994	336.761	99.652	-0.013	0.014	1.573	
659.994	336.762	99.652	-0.013	0.014	1.573	
659.993	336.762	99.652	-0.013	0.014	1.573	
659.993	336.762	99.651	-0.013	0.014	1.573	
659.994	336.762	99.651	-0.013	0.014	1.573	
659.994	336.762	99.651	-0.013	0.014	1.573	
659.994	336.762	99.651	-0.013	0.014	1.573	
659.994	336.762	99.651	-0.013	0.014	1.573	
659.993	336.763	99.651	-0.013	0.014	1.573	
659.993	336.763	99.651	-0.013	0.014	1.573	
659.993	336.763	99.651	-0.013	0.014	1.573	
659.993	336.763	99.651	-0.013	0.014	1.573	
659.993	336.763	99.651	-0.013	0.014	1.573	
659.993	336.763	99.651	-0.013	0.014	1.573	
659.993	336.763	99.651	-0.013	0.014	1.573	
659.992	336.763	99.651	-0.013	0.014	1.573	
659.993	336.763	99.651	-0.013	0.014	1.573	
659.993	336.762	99.650	-0.013	0.014	1.573	
659.993	336.763	99.650	-0.013	0.014	1.573	
659.993	336.763	99.650	-0.013	0.014	1.573	
659.993	336.763	99.650	-0.013	0.014	1.573	
659.993	336.763	99.650	-0.013	0.014	1.573	
659.993	336.763	99.649	-0.013	0.014	1.573	
659.993	336.763	99.649	-0.013	0.014	1.573	
659.993	336.763	99.649	-0.013	0.014	1.573	
659.993	336.763	99.649	-0.013	0.014	1.573	
659.993	336.763	99.648	-0.013	0.014	1.573	
659.993	336.763	99.649	-0.013	0.014	1.573	
659.993	336.763	99.649	-0.013	0.014	1.573	
659.993	336.763	99.649	-0.013	0.014	1.573	
659.993	336.763	99.649	-0.013	0.014	1.573	
659.993	336.764	99.649	-0.013	0.014	1.573	
659.993	336.764	99.649	-0.013	0.014	1.573	
659.993	336.764	99.649	-0.013	0.014	1.573	
659.993	336.764	99.649	-0.013	0.014	1.573	
659.993	336.765	99.648	-0.013	0.014	1.573	
659.993	336.765	99.648	-0.013	0.014	1.573	
659.993	336.765	99.648	-0.013	0.014	1.573	
659.994	336.765	99.648	-0.013	0.014	1.573	
659.994	336.765	99.648	-0.013	0.014	1.573	
659.993	336.765	99.648	-0.013	0.014	1.573	
659.994	336.765	99.648	-0.013	0.014	1.573	
659.994	336.765	99.648	-0.013	0.014	1.573	
659.994	336.765	99.648	-0.013	0.014	1.573	
659.994	336.765	99.648	-0.013	0.014	1.573	
659.994	336.765	99.648	-0.013	0.014	1.573	
659.994	336.765	99.648	-0.013	0.014	1.573	
659.994	336.765	99.648	-0.013	0.014	1.573	
659.994	336.766	99.648	-0.013	0.014	1.573	
659.994	336.766	99.648	-0.013	0.014	1.573	
659.994	336.766	99.648	-0.013	0.014	1.573	
659.994	336.765	99.648	-0.013	0.014	1.573	
659.994	336.765	99.648	-0.013	0.014	1.573	
659.994	336.765	99.648	-0.013	0.014	1.573	
659.994	336.765	99.648	-0.013	0.014	1.573	
659.994	336.765	99.648	-0.013	0.014	1.573	
659.994	336.765	99.648	-0.013	0.014	1.573	
659.994	336.765	99.648	-0.013	0.014	1.573	
659.994	336.765	99.648	-0.013	0.014	1.573	
659.994	336.765	99.648	-0.013	0.014	1.573	
659.994	336.765	99.648	-0.013	0.014	1.573	
659.993	336.765	99.648	-0.013	0.014	1.573	
659.993	336.765	99.648	-0.013	0.014	1.573	
659.993	336.766	99.648	-0.013	0.014	1.573	
659.994	336.766	99.648	-0.013	0.014	1.573	
659.994	336.766	99.648	-0.013	0.014	1.573	
659.994	336.766	99.648	-0.013	0.014	1.573	
659.994	336.766	99.647	-0.013	0.014	1.573	
659.994	336.767	99.647	-0.013	0.014	1.573	
659.994	336.767	99.647	-0.013	0.014	1.573	
659.995	336.767	99.647	-0.013	0.014	1.573	
659.994	336.767	99.647	-0.013	0.014	1.573	
659.995	336.767	99.647	-0.013	0.014	1.573	
659.995	336.767	99.647	-0.013	0.014	1.573	
659.995	336.767	99.647	-0.013	0.014	1.573	
659.995	336.767	99.647	-0.013	0.014	1.573	
659.995	336.767	99.646	-0.013	0.014	1.573	
659.995	336.768	99.646	-0.013	0.014	1.573	
659.996	336.768	99.646	-0.013	0.014	1.573	
659.996	336.767	99.646	-0.013	0.014	1.573	
659.996	336.768	99.646	-0.013	0.014	1.573	
659.996	336.768	99.646	-0.013	0.014	1.573	
659.996	336.768	99.646	-0.013	0.014	1.573	
659.996	336.768	99.646	-0.013	0.014	1.573	
659.996	336.768	99.646	-0.013	0.014	1.573	
659.996	336.768	99.646	-0.013	0.014	1.573	
659.996	336.768	99.647	-0.013	0.014	1.573	
659.996	336.768	99.646	-0.013	0.014	1.573	
659.996	336.768	99.646	-0.013	0.014	1.573	
659.996	336.768	99.646	-0.013	0.014	1.573	
659.996	336.768	99.646	-0.013	0.014	1.573	
659.997	336.768	99.646	-0.013	0.014	1.573	
659.997	336.769	99.646	-0.013	0.014	1.573	
659.996	336.768	99.646	-0.013	0.014	1.573	
659.996	336.768	99.645	-0.013	0.014	1.573	
659.997	336.768	99.645	-0.013	0.014	1.573	
659.996	336.769	99.645	-0.013	0.014	1.573	
659.997	336.769	99.645	-0.013	0.014	1.573	
659.997	336.769	99.645	-0.013	0.014	1.573	
659.997	336.768	99.645	-0.013	0.014	1.573	
659.997	336.768	99.645	-0.013	0.014	1.573	
659.997	336.768	99.644	-0.013	0.014	1.573	
659.996	336.768	99.644	-0.013	0.014	1.573	
659.996	336.769	99.644	-0.013	0.014	1.573	
659.996	336.768	99.644	-0.013	0.014	1.573	
659.997	336.769	99.644	-0.013	0.014	1.573	
659.996	336.769	99.644	-0.013	0.014	1.573	
659.997	336.769	99.644	-0.013	0.014	1.573	
659.997	336.769	99.644	-0.013	0.014	1.573	
659.997	336.768	99.644	-0.013	0.014	1.573	
659.997	336.769	99.644	-0.013	0.014	1.573	
659.997	336.769	99.644	-0.013	0.014	1.573	
659.996	336.769	99.644	-0.013	0.014	1.573	
659.996	336.769	99.644	-0.013	0.014	1.573	
659.996	336.769	99.644	-0.013	0.014	1.573	
659.996	336.769	99.644	-0.013	0.014	1.573	
659.996	336.769	99.644	-0.013	0.014	1.573	
659.996	336.769	99.644	-0.013	0.014	1.573	
659.996	336.770	99.644	-0.013	0.014	1.573	
659.996	336.770	99.644	-0.013	0.014	1.573	
659.996	336.770	99.644	-0.013	0.014	1.573	
659.996	336.770	99.644	-0.013	0.014	1.573	
659.996	336.769	99.644	-0.013	0.014	1.573	
659.995	336.769	99.644	-0.013	0.014	1.573	
659.995	336.770	99.644	-0.013	0.014	1.573	
659.995	336.770	99.644	-0.013	0.014	1.573	
659.996	336.770	99.644	-0.013	0.014	1.573	
659.996	336.770	99.644	-0.013	0.014	1.573	
659.995	336.770	99.643	-0.013	0.014	1.573	
659.995	336.770	99.643	-0.013	0.014	1.573	
659.995	336.770	99.643	-0.013	0.014	1.573	
659.995	336.770	99.643	-0.013	0.014	1.573	
659.995	336.771	99.643	-0.013	0.014	1.573	
659.995	336.770	99.643	-0.013	0.014	1.573	
659.995	336.771	99.643	-0.013	0.014	1.573	
659.995	336.771	99.643	-0.013	0.014	1.573	
659.995	336.771	99.643	-0.013	0.014	1.573	
659.995	336.771	99.643	-0.013	0.014	1.573	
659.994	336.771	99.643	-0.013	0.014	1.573	
659.994	336.771	99.643	-0.013	0.014	1.573	
659.994	336.772	99.643	-0.013	0.014	1.573	
659.994	336.772	99.643	-0.013	0.014	1.573	
659.994	336.772	99.643	-0.013	0.014	1.573	
659.994	336.772	99.643	-0.013	0.014	1.573	
659.994	336.772	99.643	-0.013	0.014	1.573	
659.994	336.771	99.643	-0.013	0.014	1.573	
659.993	336.772	99.643	-0.013	0.014	1.573	
659.993	336.772	99.643	-0.013	0.014	1.573	
659.994	336.772	99.643	-0.013	0.014	1.573	
659.994	336.771	99.643	-0.013	0.014	1.573	
659.994	336.772	99.643	-0.013	0.014	1.573	
659.994	336.772	99.643	-0.013	0.014	1.573	
659.994	336.772	99.643	-0.013	0.014	1.573	
659.994	336.772	99.644	-0.013	0.014	1.573	
659.994	336.772	99.644	-0.013	0.014	1.573	
659.994	336.772	99.644	-0.013	0.014	1.573	
659.994	336.772	99.644	-0.013	0.014	1.573	
659.994	336.772	99.644	-0.013	0.014	1.573	
659.994	336.772	99.644	-0.013	0.014	1.573	
659.994	336.772	99.644	-0.013	0.014	1.573	
659.993	336.773	99.644	-0.013	0.014	1.573	
659.993	336.773	99.644	-0.013	0.014	1.573	
659.993	336.773	99.643	-0.013	0.014	1.573	
659.993	336.773	99.644	-0.013	0.014	1.573	
659.993	336.774	99.644	-0.013	0.014	1.573	
659.993	336.774	99.643	-0.013	0.014	1.573	
659.993	336.774	99.643	-0.013	0.014	1.573	
659.993	336.774	99.643	-0.013	0.014	1.573	
659.993	336.774	99.643	-0.013	0.014	1.573	
659.993	336.774	99.643	-0.013	0.014	1.573	
659.993	336.774	99.643	-0.013	0.014	1.573	
659.992	336.774	99.643	-0.013	0.014	1.573	
659.992	336.774	99.643	-0.013	0.014	1.573	
659.992	336.774	99.643	-0.013	0.014	1.573	
659.992	336.774	99.643	-0.013	0.014	1.573	
659.992	336.774	99.643	-0.013	0.014	1.573	
659.992	336.775	99.643	-0.013	0.014	1.573	
659.992	336.775	99.643	-0.013	0.014	1.573	
659.992	336.775	99.643	-0.013	0.014	1.573	
659.992	336.775	99.643	-0.013	0.014	1.573	
659.992	336.774	99.642	-0.013	0.014	1.573	
659.992	336.774	99.642	-0.013	0.014	1.573	
659.992	336.774	99.642	-0.013	0.014	1.573	
659.992	336.774	99.642	-0.013	0.014	1.573	
659.992	336.774	99.642	-0.013	0.014	1.573	
659.992	336.774	99.642	-0.013	0.014	1.573	
659.992	336.774	99.642	-0.013	0.014	1.573	
659.992	336.774	99.642	-0.013	0.014	1.573	
659.992	336.774	99.642	-0.013	0.014	1.573	
659.992	336.774	99.642	-0.013	0.014	1.573	
659.992	336.774	99.642	-0.013	0.014	1.573	
659.992	336.774	99.642	-0.013	0.014	1.573	
659.992	336.774	99.642	-0.013	0.014	1.573	
659.992	336.774	99.642	-0.013	0.014	1.573	
659.992	336.774	99.642	-0.013	0.014	1.573	
659.992	336.774	99.642	-0.013	0.014	1.573	
659.992	336.774	99.641	-0.013	0.014	1.573	
659.993	336.774	99.641	-0.013	0.014	1.573	
659.993	336.775	99.639	-0.013	0.014	1.573	
659.993	336.777	99.636	-0.013	0.014	1.573	
659.994	336.779	99.630	-0.013	0.014	1.573	
659.996	336.781	99.624	-0.013	0.014	1.573	
659.997	336.784	99.616	-0.013	0.014	1.573	
659.999	336.788	99.607	-0.013	0.014	1.573	
660.001	336.792	99.597	-0.013	0.014	1.573	
660.004	336.797	99.585	-0.013	0.014	1.573	
660.007	336.803	99.572	-0.013	0.014	1.573	
660.010	336.808	99.557	-0.013	0.014	1.573	
660.014	336.815	99.541	-0.013	0.014	1.573	
660.017	336.821	99.524	-0.013	0.014	1.573	
660.021	336.828	99.504	-0.013	0.014	1.573	
660.025	336.836	99.484	-0.013	0.014	1.573	
660.030	336.845	99.463	-0.013	0.014	1.573	
660.035	336.853	99.440	-0.013	0.014	1.573	
660.040	336.863	99.416	-0.013	0.014	1.573	
660.046	336.873	99.390	-0.013	0.013	1.573	
660.052	336.883	99.363	-0.013	0.013	1.573	
660.058	336.894	99.335	-0.013	0.013	1.573	
660.064	336.905	99.305	-0.013	0.013	1.573	
660.071	336.917	99.274	-0.013	0.013	1.573	
660.078	336.930	99.242	-0.013	0.013	1.573	
660.085	336.943	99.208	-0.013	0.013	1.573	
660.092	336.956	99.173	-0.013	0.013	1.573	
660.100	336.970	99.136	-0.013	0.013	1.573	
660.108	336.984	99.098	-0.013	0.013	1.573	
660.117	336.999	99.059	-0.013	0.013	1.573	
660.126	337.015	99.018	-0.013	0.013	1.573	
660.135	337.031	98.976	-0.013	0.013	1.573	
660.145	337.048	98.932	-0.013	0.013	1.573	
660.154	337.065	98.888	-0.013	0.013	1.573	
660.164	337.082	98.842	-0.013	0.013	1.573	
660.175	337.101	98.794	-0.012	0.013	1.573	
660.185	337.120	98.745	-0.012	0.013	1.573	
660.196	337.139	98.695	-0.012	0.013	1.573	
660.208	337.159	98.643	-0.012	0.013	1.573	
660.219	337.179	98.590	-0.012	0.013	1.573	
660.231	337.200	98.536	-0.012	0.013	1.573	
660.243	337.221	98.480	-0.012	0.013	1.573	
660.255	337.243	98.423	-0.012	0.013	1.573	
660.268	337.266	98.364	-0.012	0.013	1.573	
660.281	337.289	98.304	-0.012	0.013	1.573	
660.294	337.312	98.243	-0.012	0.013	1.573	
660.308	337.337	98.180	-0.012	0.012	1.573	
660.322	337.361	98.116	-0.012	0.012	1.573	
660.336	337.386	98.050	-0.012	0.012	1.573	
660.350	337.411	97.983	-0.012	0.012	1.573	
660.365	337.437	97.915	-0.012	0.012	1.573	
660.380	337.463	97.845	-0.012	0.012	1.573	
660.395	337.491	97.774	-0.012	0.012	1.573	
660.411	337.519	97.702	-0.012	0.012	1.573	
660.427	337.547	97.628	-0.012	0.012	1.573	
660.444	337.576	97.553	-0.011	0.012	1.573	
660.460	337.606	97.476	-0.011	0.012	1.573	
660.477	337.635	97.398	-0.011	0.012	1.573	
660.494	337.666	97.319	-0.011	0.012	1.573	
660.511	337.697	97.238	-0.011	0.012	1.573	
660.529	337.728	97.156	-0.011	0.012	1.573	
660.547	337.760	97.072	-0.011	0.012	1.573	
660.566	337.793	96.988	-0.011	0.011	1.573	
660.585	337.826	96.902	-0.011	0.011	1.573	
660.604	337.859	96.814	-0.011	0.011	1.572	
660.623	337.893	96.725	-0.011	0.011	1.572	
660.643	337.927	96.635	-0.011	0.011	1.572	
660.662	337.963	96.544	-0.011	0.011	1.572	
660.682	337.998	96.450	-0.011	0.011	1.572	
660.703	338.035	96.356	-0.010	0.011	1.572	
660.724	338.071	96.260	-0.010	0.011	1.572	
660.745	338.109	96.163	-0.010	0.011	1.572	
660.766	338.146	96.064	-0.010	0.011	1.572	
660.788	338.185	95.964	-0.010	0.011	1.572	
660.810	338.224	95.863	-0.010	0.010	1.572	
660.832	338.264	95.760	-0.010	0.010	1.572	
660.855	338.304	95.657	-0.010	0.010	1.572	
660.878	338.344	95.551	-0.010	0.010	1.572	
660.901	338.385	95.444	-0.010	0.010	1.572	
660.924	338.427	95.336	-0.010	0.010	1.572	
660.948	338.469	95.226	-0.010	0.010	1.572	
660.972	338.511	95.115	-0.009	0.010	1.572	
660.996	338.554	95.003	-0.009	0.010	1.572	
661.021	338.598	94.890	-0.009	0.010	1.572	
661.045	338.642	94.775	-0.009	0.010	1.572	
661.071	338.687	94.659	-0.009	0.009	1.572	
661.096	338.732	94.541	-0.009	0.009	1.572	
661.122	338.778	94.422	-0.009	0.009	1.572	
661.148	338.825	94.302	-0.009	0.009	1.572	
661.180	338.881	94.155	-0.009	0.009	1.572	
661.207	338.928	94.032	-0.009	0.009	1.572	
661.228	338.966	93.932	-0.008	0.009	1.572	
661.256	339.015	93.806	-0.008	0.009	1.572	
661.283	339.064	93.679	-0.008	0.009	1.572	
661.311	339.113	93.550	-0.008	0.008	1.572	
661.339	339.164	93.420	-0.008	0.008	1.572	
661.368	339.214	93.289	-0.008	0.008	1.572	
661.397	339.266	93.156	-0.008	0.008	1.572	
661.426	339.317	93.021	-0.008	0.008	1.572	
661.455	339.370	92.886	-0.008	0.008	1.572	
661.491	339.433	92.721	-0.007	0.008	1.572	
661.515	339.475	92.611	-0.007	0.008	1.572	
661.544	339.528	92.474	-0.007	0.008	1.572	
661.574	339.581	92.336	-0.007	0.007	1.572	
661.604	339.634	92.198	-0.007	0.007	1.572	
661.633	339.687	92.060	-0.007	0.007	1.572	
661.663	339.739	91.923	-0.007	0.007	1.572	
661.693	339.793	91.785	-0.007	0.007	1.572	
661.723	339.846	91.648	-0.007	0.007	1.572	
661.753	339.899	91.510	-0.006	0.007	1.572	
661.783	339.951	91.373	-0.006	0.007	1.572	
661.812	340.004	91.235	-0.006	0.006	1.572	
661.848	340.068	91.070	-0.006	0.006	1.572	
661.872	340.110	90.960	-0.006	0.006	1.572	
661.902	340.163	90.822	-0.006	0.006	1.572	
661.937	340.226	90.657	-0.006	0.006	1.572	
661.967	340.280	90.519	-0.006	0.006	1.572	
661.991	340.322	90.410	-0.006	0.006	1.572	
662.020	340.374	90.273	-0.005	0.006	1.572	
662.050	340.425	90.137	-0.005	0.006	1.572	
662.079	340.476	90.000	-0.005	0.005	1.572	
662.108	340.527	89.865	-0.005	0.005	1.572	
662.143	340.586	89.703	-0.005	0.005	1.572	
662.166	340.626	89.595	-0.005	0.005	1.572	
662.201	340.685	89.433	-0.005	0.005	1.572	
662.230	340.733	89.299	-0.005	0.005	1.572	
662.253	340.772	89.192	-0.005	0.005	1.572	
662.287	340.828	89.033	-0.004	0.005	1.572	
662.316	340.875	88.900	-0.004	0.005	1.571	
662.338	340.912	88.794	-0.004	0.004	1.571	
662.372	340.967	88.635	-0.004	0.004	1.571	
662.394	341.002	88.529	-0.004	0.004	1.571	
662.428	341.055	88.372	-0.004	0.004	1.571	
662.455	341.099	88.241	-0.004	0.004	1.571	
662.483	341.142	88.110	-0.004	0.004	1.571	
662.511	341.186	87.980	-0.004	0.004	1.571	
662.538	341.228	87.850	-0.004	0.004	1.571	
662.559	341.262	87.747	-0.004	0.004	1.571	
662.592	341.312	87.592	-0.003	0.004	1.571	
662.613	341.345	87.489	-0.003	0.003	1.571	
662.640	341.386	87.361	-0.003	0.003	1.571	
662.667	341.425	87.233	-0.003	0.003	1.571	
662.693	341.465	87.105	-0.003	0.003	1.571	
662.725	341.511	86.953	-0.003	0.003	1.571	
662.752	341.550	86.826	-0.003	0.003	1.571	
662.778	341.587	86.700	-0.003	0.003	1.571	
662.799	341.617	86.600	-0.003	0.003	1.571	
662.825	341.653	86.474	-0.003	0.003	1.571	
662.856	341.697	86.324	-0.003	0.003	1.571	
662.882	341.732	86.199	-0.003	0.003	1.571	
662.907	341.767	86.075	-0.002	0.003	1.571	
662.928	341.795	85.975	-0.002	0.002	1.571	
662.958	341.836	85.827	-0.002	0.002	1.571	
662.983	341.869	85.704	-0.002	0.002	1.571	
663.008	341.901	85.581	-0.002	0.002	1.571	
663.032	341.934	85.458	-0.002	0.002	1.571	
663.057	341.965	85.336	-0.002	0.002	1.571	
663.082	341.996	85.214	-0.002	0.002	1.571	
663.107	342.027	85.093	-0.002	0.002	1.571	
663.131	342.057	84.972	-0.002	0.002	1.571	
663.150	342.081	84.875	-0.002	0.002	1.571	
663.179	342.116	84.731	-0.002	0.002	1.571	
663.199	342.138	84.635	-0.002	0.002	1.571	
663.228	342.172	84.492	-0.002	0.002	1.571	
663.251	342.200	84.373	-0.002	0.002	1.571	
663.275	342.227	84.255	-0.001	0.002	1.571	
663.299	342.253	84.137	-0.001	0.001	1.571	
663.322	342.279	84.019	-0.001	0.001	1.571	
663.345	342.304	83.902	-0.001	0.001	1.571	
663.364	342.324	83.808	-0.001	0.001	1.571	
663.392	342.353	83.668	-0.001	0.001	1.571	
663.415	342.377	83.552	-0.001	0.001	1.571	
663.433	342.395	83.459	-0.001	0.001	1.571	
663.460	342.423	83.320	-0.001	0.001	1.571	
663.483	342.445	83.205	-0.001	0.001	1.571	
663.505	342.466	83.090	-0.001	0.001	1.571	
663.527	342.488	82.975	-0.001	0.001	1.571	
663.549	342.509	82.861	-0.001	0.001	1.571	
663.572	342.528	82.748	-0.001	0.001	1.571	
663.593	342.548	82.635	-0.001	0.001	1.571	
663.611	342.563	82.545	-0.001	0.001	1.571	
663.632	342.581	82.432	-0.001	0.001	1.571	
663.654	342.599	82.320	-0.001	0.001	1.571	
663.680	342.621	82.186	-0.001	0.001	1.571	
663.701	342.638	82.074	-0.001	0.001	1.571	
663.722	342.654	81.963	-0.001	0.001	1.571	
663.743	342.670	81.852	-0.001	0.001	1.571	
663.764	342.686	81.742	-0.000	0.000	1.571	
663.780	342.697	81.654	-0.000	0.000	1.571	
663.805	342.714	81.523	-0.000	0.000	1.571	
663.826	342.728	81.414	-0.000	0.000	1.571	
663.846	342.742	81.306	-0.000	0.000	1.571	
663.866	342.754	81.197	-0.000	0.000	1.571	
663.886	342.766	81.090	-0.000	0.000	1.571	
663.905	342.778	80.982	-0.000	0.000	1.571	
663.925	342.789	80.874	-0.000	0.000	1.571	
663.944	342.800	80.764	-0.000	0.000	1.571	
663.963	342.810	80.655	-0.000	0.000	1.571	
663.981	342.819	80.543	-0.000	0.000	1.571	
663.996	342.826	80.455	-0.000	0.000	1.571	
664.018	342.837	80.316	-0.000	0.000	1.571	
664.036	342.845	80.211	-0.000	0.000	1.571	
664.053	342.852	80.103	-0.000	0.000	1.571	
664.066	342.858	80.013	-0.000	0.000	1.571	
664.087	342.865	79.891	-0.000	0.000	1.571	
664.103	342.871	79.764	-0.000	0.000	1.571	
664.119	342.876	79.660	-0.000	0.000	1.571	
664.135	342.881	79.553	-0.000	0.000	1.571	
664.151	342.885	79.449	-0.000	0.000	1.571	
664.166	342.888	79.344	-0.000	0.000	1.571	
664.181	342.891	79.246	-0.000	0.000	1.571	
664.196	342.894	79.148	-0.000	0.000	1.571	
664.210	342.896	79.032	-0.000	0.000	1.571	
664.224	342.898	78.923	-0.000	0.000	1.571	
664.238	342.899	78.810	-0.000	0.000	1.571	
664.252	342.899	78.701	-0.000	0.000	1.571	
664.265	342.899	78.601	0.000	0.000	1.571	
664.279	342.899	78.496	0.000	0.000	1.571	
664.291	342.899	78.374	0.000	0.000	1.571	
664.304	342.898	78.256	0.000	0.000	1.571	
664.317	342.898	78.132	0.000	0.000	1.571	
664.329	342.898	78.006	0.000	0.000	1.571	
664.342	342.898	77.916	0.000	0.000	1.571	
664.354	342.897	77.816	0.000	0.000	1.571	
664.366	342.897	77.709	0.000	0.000	1.571	
664.378	342.897	77.610	0.000	0.000	1.571	
664.389	342.897	77.517	0.000	0.000	1.571	
664.400	342.897	77.416	0.000	0.000	1.571	
664.412	342.897	77.243	0.000	0.000	1.571	
664.423	342.897	77.167	0.000	0.000	1.571	
664.433	342.897	77.061	0.000	0.000	1.571	
664.444	342.897	76.948	0.000	0.000	1.571	
664.454	342.896	76.812	0.000	0.000	1.571	
664.465	342.896	76.716	0.000	0.000	1.571	
664.475	342.896	76.587	0.000	0.000	1.571	
664.485	342.896	76.495	0.000	0.000	1.571	
664.495	342.896	76.391	0.000	0.000	1.571	
664.504	342.895	76.301	0.000	0.000	1.571	
664.511	342.894	76.238	0.000	0.000	1.571	
664.516	342.891	76.156	0.000	0.000	1.571	
664.520	342.887	76.086	0.000	0.000	1.571	
664.523	342.883	76.036	0.000	0.000	1.571	
664.525	342.879	76.007	-0.000	0.000	1.571	
664.527	342.874	75.975	-0.000	0.000	1.571	
664.528	342.868	76.015	-0.000	0.000	1.571	
664.528	342.863	76.025	-0.000	0.000	1.571	
664.529	342.858	76.077	-0.000	0.000	1.571	
664.530	342.853	76.138	-0.000	0.000	1.571	
664.530	342.849	76.123	-0.000	0.000	1.571	
664.532	342.845	76.106	-0.000	0.000	1.571	
664.533	342.842	76.087	-0.000	0.000	1.571	
664.534	342.839	76.126	-0.000	0.000	1.571	
664.535	342.836	76.137	-0.000	0.000	1.571	
664.536	342.835	76.182	-0.000	0.000	1.571	
664.537	342.833	76.163	-0.000	0.000	1.571	
664.539	342.831	76.152	-0.000	0.000	1.571	
664.540	342.828	76.171	-0.000	0.000	1.571	
664.542	342.827	76.221	-0.000	0.000	1.571	
664.543	342.826	76.207	-0.000	0.000	1.571	
664.545	342.824	76.193	-0.000	0.000	1.571	
664.548	342.823	76.195	-0.000	0.000	1.571	
664.550	342.822	76.188	-0.000	0.000	1.571	
664.552	342.821	76.244	-0.000	0.000	1.571	
664.555	342.820	76.260	-0.000	0.000	1.571	
664.557	342.819	76.250	-0.000	0.000	1.571	
664.560	342.819	76.247	-0.000	0.000	1.571	
664.562	342.818	76.244	-0.000	0.000	1.571	
664.564	342.818	76.262	-0.000	0.000	1.571	
664.565	342.817	76.282	-0.000	0.000	1.571	
664.566	342.815	76.279	-0.000	0.000	1.571	
664.566	342.814	76.290	-0.000	0.000	1.571	
664.567	342.813	76.286	-0.000	0.000	1.571	
664.567	342.812	76.282	-0.000	0.000	1.571	
664.567	342.811	76.283	-0.000	0.000	1.571	
664.567	342.810	76.278	-0.000	0.000	1.571	
664.567	342.809	76.286	-0.000	0.000	1.571	
664.567	342.808	76.285	-0.000	0.000	1.571	
664.566	342.807	76.279	-0.000	0.000	1.571	
664.566	342.806	76.279	-0.000	0.000	1.571	
664.566	342.805	76.272	-0.000	0.000	1.571	
664.565	342.805	76.270	-0.000	0.000	1.571	
664.563	342.804	76.267	-0.000	0.000	1.571	
664.562	342.804	76.261	-0.000	0.000	1.571	
664.561	342.803	76.258	-0.000	0.000	1.571	
664.559	342.802	76.251	-0.000	0.000	1.571	
664.558	342.801	76.242	-0.000	0.000	1.571	
664.556	342.801	76.232	-0.000	0.000	1.571	
664.554	342.800	76.225	-0.000	0.000	1.571	
664.552	342.799	76.216	-0.000	0.000	1.571	
664.550	342.799	76.204	-0.000	0.000	1.571	
664.547	342.798	76.196	-0.000	0.000	1.571	
664.545	342.797	76.186	-0.000	0.000	1.571	
664.542	342.797	76.171	-0.000	0.000	1.571	
664.539	342.796	76.163	-0.000	0.000	1.571	
664.536	342.795	76.156	-0.000	0.000	1.571	
664.533	342.794	76.145	-0.000	0.000	1.571	
664.530	342.793	76.135	-0.000	0.000	1.571	
664.527	342.792	76.124	-0.000	0.000	1.571	
664.524	342.791	76.100	-0.000	0.000	1.571	
664.520	342.790	76.090	-0.000	0.000	1.571	
664.517	342.789	76.080	-0.000	0.000	1.571	
664.514	342.788	76.070	-0.000	0.000	1.571	
664.511	342.787	76.061	-0.000	0.000	1.571	
664.507	342.785	76.053	-0.000	0.000	1.571	
664.504	342.783	76.035	-0.000	0.000	1.571	
664.500	342.781	76.031	-0.000	0.000	1.571	
664.497	342.779	76.027	-0.000	0.000	1.571	
664.493	342.778	76.025	-0.000	0.000	1.571	
664.490	342.776	76.024	-0.000	0.000	1.571	
664.486	342.774	76.025	-0.000	0.000	1.571	
664.483	342.773	76.027	-0.000	0.000	1.571	
664.479	342.771	76.028	-0.000	0.000	1.571	
664.476	342.769	76.030	-0.000	0.000	1.571	
664.473	342.768	76.032	-0.000	0.000	1.571	
664.470	342.766	76.034	-0.000	0.000	1.571	
664.467	342.765	76.037	-0.000	0.000	1.571	
664.465	342.764	76.042	-0.000	0.000	1.571	
664.462	342.763	76.047	-0.000	0.000	1.571	
664.460	342.762	76.052	-0.000	0.000	1.571	
664.457	342.760	76.055	-0.000	0.000	1.571	
664.455	342.760	76.060	-0.000	0.000	1.571	
664.453	342.758	76.066	-0.000	0.000	1.571	
664.451	342.757	76.075	-0.000	0.000	1.571	
664.449	342.757	76.080	-0.000	0.000	1.571	
664.447	342.756	76.087	-0.000	0.000	1.571	
664.445	342.755	76.092	-0.000	0.000	1.571	
664.443	342.754	76.097	-0.000	0.000	1.571	
664.441	342.753	76.112	-0.000	0.000	1.571	
664.439	342.752	76.121	-0.000	0.000	1.571	
664.437	342.752	76.127	-0.000	0.000	1.571	
664.436	342.752	76.134	-0.000	0.000	1.571	
664.435	342.751	76.146	-0.000	0.000	1.571	
664.434	342.751	76.153	-0.000	0.000	1.571	
664.433	342.751	76.159	-0.000	0.000	1.571	
664.432	342.751	76.169	-0.000	0.000	1.571	
664.431	342.751	76.175	-0.000	0.000	1.571	
664.430	342.751	76.182	-0.000	0.000	1.571	
664.430	342.752	76.186	-0.000	0.000	1.571	
664.430	342.752	76.191	-0.000	0.000	1.571	
664.429	342.752	76.193	-0.000	0.000	1.571	
664.428	342.752	76.190	-0.000	0.000	1.571	
664.426	342.751	76.190	-0.000	0.000	1.571	
664.424	342.749	76.193	-0.000	0.000	1.571	
664.422	342.748	76.192	-0.000	0.000	1.571	
664.420	342.746	76.189	-0.000	0.000	1.571	
664.419	342.745	76.184	-0.000	0.000	1.571	
664.417	342.744	76.177	-0.000	0.000	1.571	
664.416	342.743	76.172	-0.000	0.000	1.571	
664.414	342.742	76.165	-0.000	0.000	1.571	
664.413	342.741	76.160	-0.000	0.000	1.571	
664.411	342.740	76.153	-0.000	0.000	1.571	
664.409	342.739	76.147	-0.000	0.000	1.571	
664.408	342.739	76.135	-0.000	0.000	1.571	
664.406	342.738	76.129	-0.000	0.000	1.571	
664.405	342.736	76.117	-0.000	0.000	1.571	
664.403	342.735	76.111	-0.000	0.000	1.571	
664.402	342.734	76.107	-0.000	0.000	1.571	
664.400	342.733	76.098	-0.000	0.000	1.571	
664.398	342.732	76.086	-0.000	0.000	1.571	
664.397	342.731	76.079	-0.000	0.000	1.571	
664.396	342.730	76.073	-0.000	0.000	1.571	
664.394	342.728	76.068	-0.000	0.000	1.571	
664.393	342.727	76.060	-0.000	0.000	1.571	
664.391	342.726	76.054	-0.000	0.000	1.571	
664.390	342.725	76.048	-0.000	0.000	1.571	
664.388	342.724	76.042	-0.000	0.000	1.571	
664.387	342.722	76.037	-0.000	0.000	1.571	
664.385	342.721	76.030	-0.000	0.000	1.571	
664.383	342.720	76.025	-0.000	0.000	1.571	
664.381	342.718	76.018	-0.000	0.000	1.571	
664.380	342.717	76.011	-0.000	0.000	1.571	
664.378	342.715	76.002	-0.000	0.000	1.571	
664.377	342.714	75.998	-0.000	0.000	1.571	
664.375	342.712	75.992	-0.000	0.000	1.571	
664.373	342.711	75.986	-0.000	0.000	1.571	
664.372	342.709	75.982	-0.000	0.000	1.571	
664.370	342.708	75.974	-0.000	0.000	1.571	
664.368	342.706	75.966	-0.000	0.000	1.571	
664.367	342.705	75.962	-0.000	0.000	1.571	
664.365	342.703	75.958	-0.000	0.000	1.571	
664.363	342.701	75.958	-0.000	0.000	1.571	
664.361	342.699	75.957	-0.000	0.000	1.571	
664.359	342.698	75.958	-0.000	0.000	1.571	
664.357	342.696	75.958	-0.000	0.000	1.571	
664.355	342.694	75.958	-0.000	0.000	1.571	
664.353	342.692	75.959	-0.000	0.000	1.571	
664.351	342.690	75.961	-0.000	0.000	1.571	
664.349	342.689	75.963	-0.000	0.000	1.571	
664.347	342.687	75.967	-0.000	0.000	1.571	
664.345	342.686	75.970	-0.000	0.000	1.571	
664.343	342.684	75.972	-0.000	0.000	1.571	
664.342	342.683	75.976	-0.000	0.000	1.571	
664.340	342.681	75.982	-0.000	0.000	1.571	
664.338	342.680	75.985	-0.000	0.000	1.571	
664.336	342.679	75.989	-0.000	0.000	1.571	
664.334	342.677	75.994	-0.000	0.000	1.571	
664.333	342.676	75.998	-0.000	0.000	1.571	
664.331	342.674	76.001	-0.000	0.000	1.571	
664.330	342.673	76.009	-0.000	0.000	1.571	
664.329	342.672	76.014	-0.000	0.000	1.571	
664.327	342.670	76.019	-0.000	0.000	1.571	
664.326	342.670	76.025	-0.000	0.000	1.571	
664.325	342.669	76.034	-0.000	0.000	1.571	
664.324	342.668	76.044	-0.000	0.000	1.571	
664.323	342.668	76.052	-0.000	0.000	1.571	
664.323	342.667	76.060	-0.000	0.000	1.571	
664.322	342.666	76.070	-0.000	0.000	1.571	
664.322	342.666	76.083	-0.000	0.000	1.571	
664.322	342.666	76.091	-0.000	0.000	1.571	
664.322	342.666	76.100	-0.000	0.000	1.571	
664.322	342.665	76.106	-0.000	0.000	1.571	
664.322	342.665	76.115	-0.000	0.000	1.571	
664.323	342.665	76.119	-0.000	0.000	1.571	
664.323	342.666	76.121	-0.000	0.000	1.571	
664.324	342.666	76.122	-0.000	0.000	1.571	
664.324	342.666	76.124	-0.000	0.000	1.571	
664.324	342.667	76.124	-0.000	0.000	1.571	
664.325	342.667	76.126	-0.000	0.000	1.571	
664.325	342.666	76.123	-0.000	0.000	1.571	
664.324	342.664	76.122	-0.000	0.000	1.571	
664.323	342.663	76.123	-0.000	0.000	1.571	
664.321	342.661	76.121	-0.000	0.000	1.571	
664.319	342.660	76.119	-0.000	0.000	1.571	
664.318	342.659	76.114	-0.000	0.000	1.571	
664.317	342.658	76.108	-0.000	0.000	1.571	
664.316	342.657	76.102	-0.000	0.000	1.571	
664.315	342.656	76.095	-0.000	0.000	1.571	
664.314	342.654	76.088	-0.000	0.000	1.571	
664.313	342.653	76.078	-0.000	0.000	1.571	
664.312	342.652	76.071	-0.000	0.000	1.571	
664.311	342.651	76.064	-0.000	0.000	1.571	
664.310	342.650	76.054	-0.000	0.000	1.571	
664.309	342.649	76.045	-0.000	0.000	1.571	
664.308	342.648	76.036	-0.000	0.000	1.571	
664.307	342.646	76.027	-0.000	0.000	1.571	
664.306	342.645	76.020	-0.000	0.000	1.571	
664.304	342.644	76.012	-0.000	0.000	1.571	
664.303	342.643	75.994	-0.000	0.000	1.571	
664.302	342.641	75.984	-0.000	0.000	1.571	
664.301	342.640	75.969	-0.000	0.000	1.571	
664.299	342.639	75.959	-0.000	0.000	1.571	
664.297	342.637	75.952	-0.000	0.000	1.571	
664.296	342.636	75.944	-0.000	0.000	1.571	
664.294	342.634	75.937	-0.000	0.000	1.571	
664.293	342.633	75.928	-0.000	0.000	1.571	
664.291	342.631	75.919	-0.000	0.000	1.571	
664.290	342.630	75.913	-0.000	0.000	1.571	
664.288	342.628	75.906	-0.000	0.000	1.571	
664.286	342.627	75.901	-0.000	0.000	1.571	
664.284	342.625	75.897	-0.000	0.000	1.571	
664.282	342.624	75.896	-0.000	0.000	1.571	
664.279	342.622	75.894	-0.000	0.000	1.571	
664.277	342.621	75.893	-0.000	0.000	1.571	
664.275	342.619	75.892	-0.000	0.000	1.571	
664.273	342.618	75.892	-0.000	0.000	1.571	
664.271	342.616	75.892	-0.000	0.000	1.571	
664.269	342.615	75.893	-0.000	0.000	1.571	
664.266	342.613	75.894	-0.000	0.000	1.571	
664.264	342.611	75.897	-0.000	0.000	1.571	
664.263	342.610	75.900	-0.000	0.000	1.571	
664.261	342.608	75.904	-0.000	0.000	1.571	
664.259	342.606	75.910	-0.000	0.000	1.571	
664.257	342.605	75.916	-0.000	0.000	1.571	
664.256	342.603	75.920	-0.000	0.000	1.571	
664.254	342.602	75.931	-0.000	0.000	1.571	
664.253	342.601	75.939	-0.000	0.000	1.571	
664.252	342.599	75.946	-0.000	0.000	1.571	
664.250	342.598	75.959	-0.000	0.000	1.571	
664.249	342.597	75.965	-0.000	0.000	1.571	
664.248	342.596	75.973	-0.000	0.000	1.571	
664.247	342.595	75.979	-0.000	0.000	1.571	
664.245	342.594	75.986	-0.000	0.000	1.571	
664.244	342.593	75.994	-0.000	0.000	1.571	
664.244	342.593	76.002	-0.000	0.000	1.571	
664.243	342.592	76.008	-0.000	0.000	1.571	
664.242	342.591	76.015	-0.000	0.000	1.571	
664.242	342.591	76.022	-0.000	0.000	1.571	
664.241	342.590	76.029	-0.000	0.000	1.571	
664.241	342.589	76.047	-0.000	0.000	1.571	
664.241	342.588	76.053	-0.000	0.000	1.571	
664.241	342.588	76.063	-0.000	0.000	1.571	
664.241	342.588	76.068	-0.000	0.000	1.571	
664.241	342.588	76.071	-0.000	0.000	1.571	
664.242	342.589	76.072	-0.000	0.000	1.571	
664.243	342.589	76.067	-0.000	0.000	1.571	
664.244	342.590	76.067	-0.000	0.000	1.571	
664.245	342.591	76.065	-0.000	0.000	1.571	
664.245	342.592	76.063	-0.000	0.000	1.571	
664.246	342.592	76.062	-0.000	0.000	1.571	
664.247	342.593	76.060	-0.000	0.000	1.571	
664.247	342.593	76.056	-0.000	0.000	1.571	
664.248	342.593	76.055	-0.000	0.000	1.571	
664.248	342.593	76.055	-0.000	0.000	1.571	
664.248	342.594	76.051	-0.000	0.000	1.571	
664.249	342.594	76.048	-0.000	0.000	1.571	
664.251	342.596	76.045	-0.000	0.000	1.571	
664.253	342.597	76.039	-0.000	0.000	1.571	
664.255	342.599	76.034	-0.000	0.000	1.571	
664.257	342.601	76.030	-0.000	0.000	1.571	
664.260	342.603	76.023	-0.000	0.000	1.571	
664.262	342.604	76.019	-0.000	0.000	1.571	
664.264	342.605	76.016	-0.000	0.000	1.571	
664.266	342.607	76.011	-0.000	0.000	1.571	
664.269	342.609	76.005	-0.000	0.000	1.571	
664.273	342.611	76.000	-0.000	0.000	1.571	
664.277	342.614	75.995	-0.000	0.000	1.571	
664.281	342.617	75.990	-0.000	0.000	1.571	
664.285	342.620	75.981	-0.000	0.000	1.571	
664.290	342.623	75.977	-0.000	0.000	1.571	
664.295	342.627	75.973	-0.000	0.000	1.571	
664.301	342.631	75.965	-0.000	0.000	1.571	
664.307	342.636	75.960	-0.000	0.000	1.571	
664.314	342.640	75.955	-0.000	0.000	1.571	
664.320	342.645	75.949	-0.000	0.000	1.571	
664.327	342.650	75.944	-0.000	0.000	1.571	
664.334	342.656	75.942	-0.000	0.000	1.571	
664.341	342.661	75.939	-0.000	0.000	1.571	
664.349	342.667	75.939	-0.000	0.000	1.571	
664.357	342.672	75.940	-0.000	0.000	1.571	
664.365	342.678	75.945	-0.000	0.000	1.571	
664.373	342.684	75.952	-0.000	0.000	1.571	
664.381	342.689	75.956	-0.000	0.000	1.571	
664.389	342.695	75.958	-0.000	0.000	1.571	
664.397	342.701	75.960	-0.000	0.000	1.571	
664.405	342.707	75.965	-0.000	0.000	1.571	
664.414	342.713	75.969	-0.000	0.000	1.571	
664.423	342.720	75.972	-0.000	0.000	1.571	
664.432	342.727	75.975	-0.000	0.000	1.571	
664.442	342.733	75.979	-0.000	0.000	1.571	
664.452	342.740	75.982	-0.000	0.000	1.571	
664.461	342.747	75.985	-0.000	0.000	1.571	
664.471	342.754	75.989	-0.000	0.000	1.571	
664.481	342.761	75.996	-0.000	0.000	1.571	
664.491	342.769	75.997	-0.000	0.000	1.571	
664.502	342.777	76.003	-0.000	0.000	1.571	
664.513	342.785	76.006	-0.000	0.000	1.571	
664.524	342.793	76.008	-0.000	0.000	1.571	
664.535	342.801	76.009	-0.000	0.000	1.571	
664.547	342.810	76.011	-0.000	0.000	1.571	
664.558	342.818	76.012	-0.000	0.000	1.571	
664.570	342.827	76.013	-0.000	0.000	1.571	
664.582	342.836	76.015	-0.000	0.000	1.571	
664.595	342.846	76.013	-0.000	0.000	1.571	
664.607	342.855	76.013	-0.000	0.000	1.571	
664.620	342.864	76.012	-0.000	0.000	1.571	
664.633	342.873	76.012	-0.000	0.000	1.571	
664.646	342.883	76.014	-0.000	0.000	1.571	
664.659	342.893	76.016	-0.000	0.000	1.571	
664.673	342.904	76.019	-0.000	0.000	1.571	
664.687	342.914	76.022	-0.000	0.000	1.571	
664.702	342.925	76.026	-0.000	0.000	1.571	
664.717	342.936	76.031	-0.000	0.000	1.571	
664.732	342.947	76.035	-0.000	0.000	1.571	
664.746	342.959	76.039	-0.000	0.000	1.571	
664.761	342.970	76.043	-0.000	0.000	1.571	
664.777	342.982	76.046	-0.000	0.000	1.571	
664.793	342.995	76.050	-0.000	0.000	1.571	
664.809	343.006	76.054	-0.000	0.000	1.571	
664.826	343.018	76.058	-0.000	0.000	1.571	
664.842	343.031	76.063	-0.000	0.000	1.571	
664.859	343.043	76.066	-0.000	0.000	1.571	
664.876	343.057	76.070	-0.000	0.000	1.571	
664.893	343.069	76.074	-0.000	0.000	1.571	
664.910	343.082	76.077	-0.000	0.000	1.571	
664.928	343.095	76.081	-0.000	0.000	1.571	
664.945	343.108	76.084	-0.000	0.000	1.571	
664.963	343.121	76.089	-0.000	0.000	1.571	
664.981	343.134	76.093	-0.000	0.000	1.571	
664.999	343.148	76.097	-0.000	0.000	1.571	
665.017	343.161	76.099	-0.000	0.000	1.571	
665.035	343.175	76.100	-0.000	0.000	1.571	
665.053	343.188	76.101	-0.000	0.000	1.571	
665.071	343.202	76.102	-0.000	0.000	1.571	
665.090	343.216	76.102	-0.000	0.000	1.571	
665.108	343.230	76.102	-0.000	0.000	1.571	
665.127	343.244	76.103	-0.000	0.000	1.571	
665.145	343.258	76.104	-0.000	0.000	1.571	
665.164	343.273	76.104	-0.000	0.000	1.571	
665.183	343.287	76.102	-0.000	0.000	1.571	
665.201	343.302	76.101	-0.000	0.000	1.571	
665.220	343.318	76.101	-0.000	0.000	1.571	
665.238	343.333	76.100	-0.000	0.000	1.571	
665.256	343.349	76.099	-0.000	0.000	1.571	
665.275	343.365	76.097	-0.000	0.000	1.571	
665.294	343.380	76.098	-0.000	0.000	1.571	
665.315	343.397	76.097	-0.000	0.000	1.571	
665.337	343.414	76.093	-0.000	0.000	1.571	
665.360	343.432	76.090	-0.000	0.000	1.571	
665.383	343.450	76.083	-0.000	0.000	1.571	
665.407	343.468	76.085	-0.000	0.000	1.571	
665.430	343.486	76.087	-0.000	0.000	1.571	
665.453	343.504	76.089	-0.000	0.000	1.571	
665.476	343.521	76.093	-0.000	0.000	1.571	
665.500	343.539	76.099	-0.000	0.000	1.571	
665.523	343.557	76.106	-0.000	0.000	1.571	
665.546	343.574	76.112	-0.000	0.000	1.571	
665.569	343.592	76.120	-0.000	0.000	1.571	
665.593	343.610	76.126	-0.000	0.000	1.571	
665.617	343.628	76.131	-0.000	0.000	1.571	
665.642	343.645	76.135	-0.000	0.000	1.571	
665.667	343.663	76.139	-0.000	0.000	1.571	
665.691	343.681	76.145	-0.000	0.000	1.571	
665.716	343.698	76.151	-0.000	0.000	1.571	
665.740	343.716	76.157	-0.000	0.000	1.571	
665.765	343.734	76.163	-0.000	0.000	1.571	
665.790	343.752	76.169	-0.000	0.000	1.571	
665.815	343.770	76.177	-0.000	0.000	1.571	
665.840	343.788	76.182	-0.000	0.000	1.571	
665.866	343.806	76.188	-0.000	0.000	1.571	
665.891	343.824	76.193	-0.000	0.000	1.571	
665.917	343.842	76.198	-0.000	0.000	1.571	
665.943	343.859	76.205	-0.000	0.000	1.571	
665.969	343.877	76.211	-0.000	0.000	1.571	
665.995	343.895	76.217	-0.000	0.000	1.571	
666.021	343.913	76.224	-0.000	0.000	1.571	
666.047	343.932	76.232	-0.000	0.000	1.571	
666.072	343.950	76.240	-0.000	0.000	1.571	
666.098	343.968	76.247	-0.000	0.000	1.571	
666.124	343.986	76.256	-0.000	0.000	1.571	
666.151	344.004	76.264	-0.000	0.000	1.571	
666.177	344.022	76.281	-0.000	0.000	1.571	
666.203	344.040	76.290	-0.000	0.000	1.571	
666.229	344.059	76.299	-0.000	0.000	1.571	
666.256	344.077	76.312	-0.000	0.000	1.571	
666.282	344.095	76.321	-0.000	0.000	1.571	
666.309	344.114	76.333	-0.000	0.000	1.571	
666.336	344.132	76.343	-0.000	0.000	1.571	
666.363	344.151	76.357	-0.000	0.000	1.571	
666.389	344.170	76.363	-0.000	0.000	1.571	
666.416	344.188	76.371	-0.000	0.000	1.571	
666.442	344.207	76.381	-0.000	0.000	1.571	
666.469	344.226	76.391	-0.000	0.000	1.571	
666.496	344.245	76.399	-0.000	0.000	1.571	
666.523	344.265	76.409	-0.000	0.000	1.571	
666.550	344.285	76.416	-0.000	0.000	1.571	
666.577	344.304	76.424	-0.000	0.000	1.571	
666.605	344.325	76.433	-0.000	0.000	1.571	
666.633	344.344	76.439	-0.000	0.000	1.571	
666.660	344.364	76.446	-0.000	0.000	1.571	
666.688	344.384	76.454	-0.000	0.000	1.571	
666.716	344.404	76.461	-0.000	0.000	1.571	
666.744	344.424	76.467	-0.000	0.000	1.571	
666.772	344.444	76.474	-0.000	0.000	1.571	
666.800	344.464	76.481	-0.000	0.000	1.571	
666.828	344.484	76.487	-0.000	0.000	1.571	
666.856	344.503	76.498	-0.000	0.000	1.571	
666.885	344.523	76.506	-0.000	0.000	1.571	
666.913	344.543	76.512	-0.000	0.000	1.571	
666.942	344.563	76.518	-0.000	0.000	1.571	
666.970	344.583	76.523	-0.000	0.000	1.571	
666.999	344.604	76.528	-0.000	0.000	1.571	
667.028	344.624	76.534	-0.000	0.000	1.571	
667.056	344.644	76.539	-0.000	0.000	1.571	
667.085	344.664	76.546	-0.000	0.000	1.571	
667.114	344.684	76.553	-0.000	0.000	1.571	
667.143	344.704	76.560	-0.000	0.000	1.571	
667.171	344.724	76.568	-0.000	0.000	1.571	
667.200	344.744	76.576	-0.000	0.000	1.571	
667.228	344.764	76.586	-0.000	0.000	1.571	
667.256	344.784	76.595	-0.000	0.000	1.571	
667.285	344.805	76.606	-0.000	0.000	1.571	
667.313	344.825	76.615	-0.000	0.000	1.571	
667.342	344.845	76.626	-0.000	0.000	1.571	
667.370	344.865	76.636	-0.000	0.000	1.571	
667.398	344.885	76.645	-0.000	0.000	1.571	
667.427	344.905	76.656	-0.000	0.000	1.571	
667.456	344.925	76.674	-0.000	0.000	1.571	
667.484	344.946	76.684	-0.000	0.000	1.571	
667.513	344.966	76.695	-0.000	0.000	1.571	
667.542	344.987	76.707	-0.000	0.000	1.571	
667.571	345.009	76.715	-0.000	0.000	1.571	
667.599	345.031	76.722	-0.000	0.000	1.571	
667.628	345.053	76.731	-0.000	0.000	1.571	
667.657	345.076	76.740	-0.000	0.000	1.571	
667.686	345.097	76.747	-0.000	0.000	1.571	
667.715	345.119	76.754	-0.000	0.000	1.571	
667.744	345.140	76.762	-0.000	0.000	1.571	
667.773	345.162	76.770	-0.000	0.000	1.571	
667.803	345.183	76.780	-0.000	0.000	1.571	
667.833	345.203	76.789	-0.000	0.000	1.571	
667.862	345.224	76.797	-0.000	0.000	1.571	
667.892	345.245	76.806	-0.000	0.000	1.571	
667.922	345.267	76.816	-0.000	0.000	1.571	
667.951	345.288	76.825	-0.000	0.000	1.571	
667.981	345.309	76.835	-0.000	0.000	1.571	
668.011	345.330	76.843	-0.000	0.000	1.571	
668.041	345.351	76.853	-0.000	0.000	1.571	
668.065	345.368	76.862	-0.000	0.000	1.571	
668.100	345.392	76.873	-0.000	0.000	1.571	
668.130	345.413	76.883	-0.000	0.000	1.571	
668.160	345.434	76.893	-0.000	0.000	1.571	
668.190	345.455	76.904	-0.000	0.000	1.571	
668.221	345.476	76.917	-0.000	0.000	1.571	
668.251	345.497	76.928	-0.000	0.000	1.571	
668.282	345.518	76.935	-0.000	0.000	1.571	
668.312	345.540	76.943	-0.000	0.000	1.571	
668.343	345.561	76.951	-0.000	0.000	1.571	
668.374	345.583	76.959	-0.000	0.000	1.571	
668.404	345.604	76.966	-0.000	0.000	1.571	
668.435	345.626	76.973	-0.000	0.000	1.571	
668.466	345.648	76.984	-0.000	0.000	1.571	
668.497	345.669	76.991	-0.000	0.000	1.571	
668.528	345.691	76.999	-0.000	0.000	1.571	
668.559	345.712	77.007	-0.000	0.000	1.571	
668.590	345.734	77.014	-0.000	0.000	1.571	
668.620	345.756	77.022	-0.000	0.000	1.571	
668.651	345.778	77.031	-0.000	0.000	1.571	
668.682	345.799	77.040	-0.000	0.000	1.571	
668.712	345.821	77.050	-0.000	0.000	1.571	
668.742	345.843	77.065	-0.000	0.000	1.571	
668.772	345.865	77.075	-0.000	0.000	1.571	
668.803	345.887	77.086	-0.000	0.000	1.571	
668.833	345.909	77.097	-0.000	0.000	1.571	
668.864	345.931	77.107	-0.000	0.000	1.571	
668.894	345.952	77.117	-0.000	0.000	1.571	
668.925	345.975	77.128	-0.000	0.000	1.571	
668.956	345.997	77.138	-0.000	0.000	1.571	
668.987	346.019	77.153	-0.000	0.000	1.571	
669.018	346.041	77.163	-0.000	0.000	1.571	
669.048	346.063	77.176	-0.000	0.000	1.571	
669.079	346.084	77.188	-0.000	0.000	1.571	
669.104	346.102	77.196	-0.000	0.000	1.571	
669.141	346.128	77.209	-0.000	0.000	1.571	
669.173	346.151	77.218	-0.000	0.000	1.571	
669.204	346.173	77.226	-0.000	0.000	1.571	
669.235	346.195	77.235	-0.000	0.000	1.571	
669.266	346.217	77.242	-0.000	0.000	1.571	
669.297	346.240	77.256	-0.000	0.000	1.571	
669.328	346.263	77.262	-0.000	0.000	1.571	
669.360	346.286	77.274	-0.000	0.000	1.571	
669.391	346.308	77.281	-0.000	0.000	1.571	
669.422	346.332	77.289	-0.000	0.000	1.571	
669.454	346.354	77.296	-0.000	0.000	1.571	
669.485	346.378	77.304	-0.000	0.000	1.571	
669.517	346.401	77.312	-0.000	0.000	1.571	
669.548	346.424	77.321	-0.000	0.000	1.571	
669.579	346.447	77.328	-0.000	0.000	1.571	
669.611	346.470	77.337	-0.000	0.000	1.571	
669.642	346.493	77.345	-0.000	0.000	1.571	
669.673	346.515	77.355	-0.000	0.000	1.571	
669.705	346.538	77.364	-0.000	0.000	1.571	
669.737	346.560	77.372	-0.000	0.000	1.571	
669.768	346.583	77.381	-0.000	0.000	1.571	
669.800	346.605	77.390	-0.000	0.000	1.571	
669.832	346.628	77.400	-0.000	0.000	1.571	
669.863	346.651	77.409	-0.000	0.000	1.571	
669.895	346.673	77.425	-0.000	0.000	1.571	
669.926	346.696	77.436	-0.000	0.000	1.571	
669.958	346.718	77.448	-0.000	0.000	1.571	
669.990	346.741	77.458	-0.000	0.000	1.571	
670.021	346.765	77.467	-0.000	0.000	1.571	
670.053	346.787	77.477	-0.000	0.000	1.571	
670.086	346.810	77.488	-0.000	0.000	1.571	
670.118	346.832	77.499	-0.000	0.000	1.571	
670.150	346.855	77.509	-0.000	0.000	1.571	
670.182	346.878	77.518	-0.000	0.000	1.571	
670.214	346.901	77.525	-0.000	0.000	1.571	
670.247	346.924	77.537	-0.000	0.000	1.571	
670.279	346.947	77.546	-0.000	0.000	1.571	
670.311	346.970	77.560	-0.000	0.000	1.571	
670.344	346.992	77.568	-0.000	0.000	1.571	
670.376	347.015	77.578	-0.000	0.000	1.571	
670.408	347.039	77.588	-0.000	0.000	1.571	
670.440	347.062	77.604	-0.000	0.000	1.571	
670.473	347.085	77.617	-0.000	0.000	1.571	
670.505	347.109	77.625	-0.000	0.000	1.571	
670.537	347.133	77.635	-0.000	0.000	1.571	
670.568	347.157	77.645	-0.000	0.000	1.571	
670.600	347.181	77.654	-0.000	0.000	1.571	
670.631	347.205	77.664	-0.000	0.000	1.571	
670.663	347.228	77.680	-0.000	0.000	1.571	
670.695	347.252	77.688	-0.000	0.000	1.571	
670.727	347.276	77.701	-0.000	0.000	1.571	
670.760	347.300	77.712	-0.000	0.000	1.571	
670.792	347.323	77.720	-0.000	0.000	1.571	
670.825	347.347	77.729	-0.000	0.000	1.571	
670.858	347.370	77.742	-0.000	0.000	1.571	
670.891	347.394	77.750	-0.000	0.000	1.571	
670.924	347.417	77.760	-0.000	0.000	1.571	
670.956	347.440	77.768	-0.000	0.000	1.571	
670.989	347.464	77.777	-0.000	0.000	1.571	
671.022	347.488	77.785	-0.000	0.000	1.571	
671.055	347.512	77.803	-0.000	0.000	1.571	
671.088	347.535	77.812	-0.000	0.000	1.571	
671.121	347.559	77.822	-0.000	0.000	1.571	
671.154	347.583	77.832	-0.000	0.000	1.571	
671.188	347.606	77.841	-0.000	0.000	1.571	
671.221	347.630	77.852	-0.000	0.000	1.571	
671.254	347.653	77.866	-0.000	0.000	1.571	
671.287	347.677	77.876	-0.000	0.000	1.571	
671.320	347.700	77.891	-0.000	0.000	1.571	
671.353	347.724	77.907	-0.000	0.000	1.571	
671.387	347.748	77.917	-0.000	0.000	1.571	
671.420	347.771	77.931	-0.000	0.000	1.571	
671.453	347.795	77.939	-0.000	0.000	1.571	
671.486	347.819	77.947	-0.000	0.000	1.571	
671.520	347.843	77.960	-0.000	0.000	1.571	
671.553	347.868	77.968	-0.000	0.000	1.571	
671.587	347.892	77.975	-0.000	0.000	1.571	
671.620	347.917	77.984	-0.000	0.000	1.571	
671.653	347.942	77.992	-0.000	0.000	1.571	
671.686	347.967	78.001	-0.000	0.000	1.571	
671.719	347.992	78.009	-0.000	0.000	1.571	
671.752	348.016	78.018	-0.000	0.000	1.571	
671.786	348.041	78.027	-0.000	0.000	1.571	
671.819	348.065	78.035	-0.000	0.000	1.571	
671.853	348.089	78.045	-0.000	0.000	1.571	
671.886	348.113	78.054	-0.000	0.000	1.571	
671.919	348.137	78.064	-0.000	0.000	1.571	
671.953	348.162	78.073	-0.000	0.000	1.571	
671.987	348.186	78.083	-0.000	0.000	1.571	
672.020	348.210	78.093	-0.000	0.000	1.571	
672.054	348.234	78.101	-0.000	0.000	1.571	
672.088	348.258	78.113	-0.000	0.000	1.571	
672.121	348.282	78.130	-0.000	0.000	1.571	
672.155	348.306	78.141	-0.000	0.000	1.571	
672.188	348.330	78.153	-0.000	0.000	1.571	
672.222	348.354	78.167	-0.000	0.000	1.571	
672.255	348.378	78.176	-0.000	0.000	1.571	
672.289	348.402	78.187	-0.000	0.000	1.571	
672.323	348.426	78.204	-0.000	0.000	1.571	
672.356	348.450	78.214	-0.000	0.000	1.571	
672.389	348.474	78.229	-0.000	0.000	1.571	
672.423	348.499	78.242	-0.000	0.000	1.571	
672.457	348.523	78.257	-0.000	0.000	1.571	
672.491	348.547	78.268	-0.000	0.000	1.571	
672.524	348.572	78.281	-0.000	0.000	1.571	
672.558	348.597	78.292	-0.000	0.000	1.571	
672.592	348.621	78.308	-0.000	0.000	1.571	
672.626	348.646	78.314	-0.000	0.000	1.571	
672.660	348.671	78.323	-0.000	0.000	1.571	
672.694	348.697	78.334	-0.000	0.000	1.571	
672.728	348.722	78.341	-0.000	0.000	1.571	
672.761	348.747	78.357	-0.000	0.000	1.571	
672.796	348.772	78.366	-0.000	0.000	1.571	
672.830	348.797	78.379	-0.000	0.000	1.571	
672.864	348.822	78.387	-0.000	0.000	1.571	
672.898	348.847	78.397	-0.000	0.000	1.571	
672.932	348.872	78.406	-0.000	0.000	1.571	
672.967	348.897	78.422	-0.000	0.000	1.571	
673.001	348.922	78.439	-0.000	0.000	1.571	
673.035	348.947	78.448	-0.000	0.000	1.571	
673.070	348.972	78.461	-0.000	0.000	1.571	
673.104	348.997	78.474	-0.000	0.000	1.571	
673.139	349.022	78.482	-0.000	0.000	1.571	
673.174	349.047	78.489	-0.000	0.000	1.571	
673.209	349.073	78.495	-0.000	0.000	1.571	
673.244	349.098	78.502	-0.000	0.000	1.571	
673.279	349.123	78.510	-0.000	0.000	1.571	
673.314	349.148	78.520	-0.000	0.000	1.571	
673.349	349.173	78.528	-0.000	0.000	1.571	
673.384	349.198	78.537	-0.000	0.000	1.571	
673.419	349.223	78.544	-0.000	0.000	1.571	
673.454	349.249	78.551	-0.000	0.000	1.571	
673.490	349.273	78.560	-0.000	0.000	1.571	
673.525	349.298	78.569	-0.000	0.000	1.571	
673.560	349.323	78.575	-0.000	0.000	1.571	
673.595	349.348	78.584	-0.000	0.000	1.571	
673.630	349.373	78.594	-0.000	0.000	1.571	
673.665	349.399	78.605	-0.000	0.000	1.571	
673.699	349.424	78.616	-0.000	0.000	1.571	
673.734	349.450	78.629	-0.000	0.000	1.571	
673.768	349.475	78.640	-0.000	0.000	1.571	
673.802	349.500	78.650	-0.000	0.000	1.571	
673.837	349.526	78.662	-0.000	0.000	1.571	
673.871	349.552	78.678	-0.000	0.000	1.571	
673.905	349.578	78.690	-0.000	0.000	1.571	
673.939	349.603	78.705	-0.000	0.000	1.571	
673.973	349.628	78.724	-0.000	0.000	1.571	
674.008	349.653	78.735	-0.000	0.000	1.571	
674.042	349.678	78.747	-0.000	0.000	1.571	
674.077	349.703	78.762	-0.000	0.000	1.571	
674.112	349.729	78.775	-0.000	0.000	1.571	
674.147	349.754	78.787	-0.000	0.000	1.571	
674.183	349.780	78.801	-0.000	0.000	1.571	
674.218	349.805	78.811	-0.000	0.000	1.571	
674.254	349.830	78.821	-0.000	0.000	1.571	
674.289	349.855	78.831	-0.000	0.000	1.571	
674.325	349.881	78.842	-0.000	0.000	1.571	
674.360	349.906	78.851	-0.000	0.000	1.571	
674.395	349.931	78.860	-0.000	0.000	1.571	
674.430	349.957	78.872	-0.000	0.000	1.571	
674.465	349.982	78.889	-0.000	0.000	1.571	
674.501	350.007	78.912	-0.000	0.000	1.571	
674.536	350.032	78.923	-0.000	0.000	1.571	
674.571	350.058	78.933	-0.000	0.000	1.571	
674.607	350.083	78.948	-0.000	0.000	1.571	
674.642	350.109	78.959	-0.000	0.000	1.571	
674.677	350.134	78.971	-0.000	0.000	1.571	
674.713	350.159	78.981	-0.000	0.000	1.571	
674.748	350.185	78.992	-0.000	0.000	1.571	
674.783	350.210	79.006	-0.000	0.000	1.571	
674.819	350.236	79.017	-0.000	0.000	1.571	
674.854	350.261	79.028	-0.000	0.000	1.571	
674.889	350.287	79.045	-0.000	0.000	1.571	
674.924	350.312	79.056	-0.000	0.000	1.571	
674.959	350.339	79.067	-0.000	0.000	1.571	
674.995	350.365	79.077	-0.000	0.000	1.571	
675.030	350.392	79.087	-0.000	0.000	1.571	
675.065	350.418	79.097	-0.000	0.000	1.571	
675.101	350.444	79.106	-0.000	0.000	1.571	
675.137	350.470	79.114	-0.000	0.000	1.571	
675.172	350.497	79.126	-0.000	0.000	1.571	
675.208	350.523	79.138	-0.000	0.000	1.571	
675.243	350.549	79.149	-0.000	0.000	1.571	
675.279	350.575	79.160	-0.000	0.000	1.571	
675.315	350.601	79.176	-0.000	0.000	1.571	
675.351	350.627	79.185	-0.000	0.000	1.571	
675.387	350.653	79.194	-0.000	0.000	1.571	
675.423	350.679	79.204	-0.000	0.000	1.571	
675.459	350.704	79.214	-0.000	0.000	1.571	
675.495	350.731	79.225	-0.000	0.000	1.571	
675.531	350.757	79.238	-0.000	0.000	1.571	
675.567	350.782	79.247	-0.000	0.000	1.571	
675.603	350.808	79.257	-0.000	0.000	1.571	
675.639	350.834	79.266	-0.000	0.000	1.571	
675.676	350.860	79.272	-0.000	0.000	1.571	
675.713	350.887	79.281	-0.000	0.000	1.571	
675.749	350.913	79.288	-0.000	0.000	1.571	
675.786	350.939	79.296	-0.000	0.000	1.571	
675.823	350.964	79.305	-0.000	0.000	1.571	
675.859	350.991	79.318	-0.000	0.000	1.571	
675.896	351.017	79.328	-0.000	0.000	1.571	
675.932	351.043	79.337	-0.000	0.000	1.571	
675.968	351.069	79.349	-0.000	0.000	1.571	
676.005	351.096	79.362	-0.000	0.000	1.571	
676.041	351.123	79.371	-0.000	0.000	1.571	
676.076	351.150	79.381	-0.000	0.000	1.571	
676.112	351.177	79.392	-0.000	0.000	1.571	
676.147	351.205	79.402	-0.000	0.000	1.571	
676.183	351.231	79.412	-0.000	0.000	1.571	
676.219	351.257	79.426	-0.000	0.000	1.571	
676.255	351.283	79.447	-0.000	0.000	1.571	
676.290	351.310	79.461	-0.000	0.000	1.571	
676.326	351.336	79.475	-0.000	0.000	1.571	
676.362	351.362	79.485	-0.000	0.000	1.571	
676.398	351.388	79.502	-0.000	0.000	1.571	
676.433	351.414	79.514	-0.000	0.000	1.571	
676.470	351.440	79.526	-0.000	0.000	1.571	
676.505	351.467	79.546	-0.000	0.000	1.571	
676.542	351.493	79.558	-0.000	0.000	1.571	
676.578	351.519	79.571	-0.000	0.000	1.571	
676.614	351.545	79.583	-0.000	0.000	1.571	
676.651	351.571	79.593	-0.000	0.000	1.571	
676.687	351.598	79.606	-0.000	0.000	1.571	
676.724	351.624	79.615	-0.000	0.000	1.571	
676.760	351.651	79.625	-0.000	0.000	1.571	
676.797	351.677	79.635	-0.000	0.000	1.571	
676.833	351.703	79.652	-0.000	0.000	1.571	
676.870	351.729	79.664	-0.000	0.000	1.571	
676.906	351.755	79.676	-0.000	0.000	1.571	
676.943	351.782	79.690	-0.000	0.000	1.571	
676.979	351.808	79.704	-0.000	0.000	1.571	
677.016	351.834	79.726	-0.000	0.000	1.571	
677.052	351.860	79.739	-0.000	0.000	1.571	
677.088	351.887	79.755	-0.000	0.000	1.571	
677.124	351.914	79.767	-0.000	0.000	1.571	
677.161	351.941	79.782	-0.000	0.000	1.571	
677.197	351.967	79.793	-0.000	0.000	1.571	
677.234	351.995	79.799	-0.000	0.000	1.571	
677.270	352.023	79.813	-0.000	0.000	1.571	
677.306	352.050	79.820	-0.000	0.000	1.571	
677.343	352.078	79.829	-0.000	0.000	1.571	
677.379	352.105	79.837	-0.000	0.000	1.571	
677.416	352.133	79.848	-0.000	0.000	1.571	
677.453	352.160	79.866	-0.000	0.000	1.571	
677.489	352.187	79.873	-0.000	0.000	1.571	
677.526	352.213	79.882	-0.000	0.000	1.571	
677.563	352.240	79.894	-0.000	0.000	1.571	
677.600	352.267	79.901	-0.000	0.000	1.571	
677.637	352.294	79.909	-0.000	0.000	1.571	
677.674	352.321	79.925	-0.000	0.000	1.571	
677.711	352.347	79.932	-0.000	0.000	1.571	
677.748	352.374	79.941	-0.000	0.000	1.571	
677.784	352.401	79.954	-0.000	0.000	1.571	
677.821	352.428	79.964	-0.000	0.000	1.571	
677.858	352.455	79.974	-0.000	0.000	1.571	
677.895	352.481	79.982	-0.000	0.000	1.571	
677.931	352.508	79.992	-0.000	0.000	1.571	
677.968	352.535	80.002	-0.000	0.000	1.571	
678.005	352.562	80.011	-0.000	0.000	1.571	
678.042	352.588	80.022	-0.000	0.000	1.571	
678.079	352.615	80.033	-0.000	0.000	1.571	
678.116	352.642	80.044	-0.000	0.000	1.571	
678.153	352.668	80.055	-0.000	0.000	1.571	
678.190	352.695	80.065	-0.000	0.000	1.571	
678.227	352.722	80.076	-0.000	0.000	1.571	
678.264	352.749	80.086	-0.000	0.000	1.571	
678.301	352.775	80.098	-0.000	0.000	1.571	
678.337	352.802	80.112	-0.000	0.000	1.571	
678.374	352.829	80.122	-0.000	0.000	1.571	
678.410	352.856	80.138	-0.000	0.000	1.571	
678.446	352.884	80.171	-0.000	0.000	1.571	
678.483	352.912	80.195	-0.000	0.000	1.571	
678.519	352.940	80.214	-0.000	0.000	1.571	
678.555	352.968	80.228	-0.000	0.000	1.571	
678.591	352.996	80.238	-0.000	0.000	1.571	
678.628	353.023	80.249	-0.000	0.000	1.571	
678.665	353.051	80.259	-0.000	0.000	1.571	
678.702	353.079	80.268	-0.000	0.000	1.571	
678.739	353.106	80.276	-0.000	0.000	1.571	
678.776	353.133	80.293	-0.000	0.000	1.571	
678.813	353.161	80.304	-0.000	0.000	1.571	
678.850	353.188	80.319	-0.000	0.000	1.571	
678.887	353.215	80.336	-0.000	0.000	1.571	
678.924	353.243	80.353	-0.000	0.000	1.571	
678.961	353.270	80.363	-0.000	0.000	1.571	
678.998	353.297	80.370	-0.000	0.000	1.571	
679.036	353.324	80.377	-0.000	0.000	1.571	
679.073	353.351	80.385	-0.000	0.000	1.571	
679.111	353.378	80.393	-0.000	0.000	1.571	
679.148	353.405	80.401	-0.000	0.000	1.571	
679.185	353.433	80.413	-0.000	0.000	1.571	
679.223	353.460	80.422	-0.000	0.000	1.571	
679.260	353.487	80.440	-0.000	0.000	1.571	
679.297	353.514	80.450	-0.000	0.000	1.571	
679.334	353.541	80.463	-0.000	0.000	1.571	
679.371	353.568	80.481	-0.000	0.000	1.571	
679.408	353.595	80.491	-0.000	0.000	1.571	
679.446	353.622	80.500	-0.000	0.000	1.571	
679.483	353.649	80.509	-0.000	0.000	1.571	
679.520	353.676	80.518	-0.000	0.000	1.571	
679.557	353.703	80.528	-0.000	0.000	1.571	
679.594	353.730	80.538	-0.000	0.000	1.571	
679.631	353.757	80.548	-0.000	0.000	1.571	
679.667	353.784	80.562	-0.000	0.000	1.571	
679.704	353.812	80.572	-0.000	0.000	1.571	
679.741	353.839	80.583	-0.000	0.000	1.571	
679.778	353.867	80.595	-0.000	0.000	1.571	
679.814	353.894	80.606	-0.000	0.000	1.571	
679.851	353.921	80.620	-0.000	0.000	1.571	
679.888	353.949	80.629	-0.000	0.000	1.571	
679.925	353.976	80.638	-0.000	0.000	1.571	
679.963	354.004	80.647	-0.000	0.000	1.571	
680.000	354.032	80.657	-0.000	0.000	1.571	
680.037	354.059	80.669	-0.000	0.000	1.571	
680.074	354.086	80.681	-0.000	0.000	1.571	
680.111	354.113	80.694	-0.000	0.000	1.571	
680.148	354.141	80.705	-0.000	0.000	1.571	
680.184	354.168	80.733	-0.000	0.000	1.571	
680.221	354.195	80.746	-0.000	0.000	1.571	
680.258	354.223	80.777	-0.000	0.000	1.571	
680.294	354.250	80.789	-0.000	0.000	1.571	
680.331	354.277	80.800	-0.000	0.000	1.571	
680.369	354.304	80.813	-0.000	0.000	1.571	
680.406	354.332	80.822	-0.000	0.000	1.571	
680.444	354.359	80.831	-0.000	0.000	1.571	
680.481	354.387	80.838	-0.000	0.000	1.571	
680.519	354.414	80.845	-0.000	0.000	1.571	
680.557	354.442	80.853	-0.000	0.000	1.571	
680.595	354.470	80.860	-0.000	0.000	1.571	
680.632	354.497	80.868	-0.000	0.000	1.571	
680.670	354.524	80.885	-0.000	0.000	1.571	
680.706	354.551	80.896	-0.000	0.000	1.571	
680.744	354.578	80.906	-0.000	0.000	1.571	
680.781	354.605	80.919	-0.000	0.000	1.571	
680.818	354.632	80.928	-0.000	0.000	1.571	
680.856	354.660	80.938	-0.000	0.000	1.571	
680.893	354.687	80.953	-0.000	0.000	1.571	
680.930	354.714	80.964	-0.000	0.000	1.571	
680.968	354.741	80.976	-0.000	0.000	1.571	
681.005	354.768	80.993	-0.000	0.000	1.571	
681.042	354.795	81.005	-0.000	0.000	1.571	
681.080	354.822	81.016	-0.000	0.000	1.571	
681.117	354.848	81.026	-0.000	0.000	1.571	
681.154	354.876	81.036	-0.000	0.000	1.571	
681.191	354.902	81.049	-0.000	0.000	1.571	
681.228	354.929	81.059	-0.000	0.000	1.571	
681.265	354.956	81.072	-0.000	0.000	1.571	
681.301	354.984	81.089	-0.000	0.000	1.571	
681.338	355.012	81.098	-0.000	0.000	1.571	
681.374	355.040	81.111	-0.000	0.000	1.571	
681.411	355.068	81.121	-0.000	0.000	1.571	
681.448	355.096	81.132	-0.000	0.000	1.571	
681.485	355.123	81.142	-0.000	0.000	1.571	
681.522	355.150	81.158	-0.000	0.000	1.571	
681.559	355.178	81.177	-0.000	0.000	1.571	
681.596	355.205	81.185	-0.000	0.000	1.571	
681.633	355.232	81.196	-0.000	0.000	1.571	
681.670	355.260	81.208	-0.000	0.000	1.571	
681.708	355.287	81.218	-0.000	0.000	1.571	
681.745	355.315	81.228	-0.000	0.000	1.571	
681.783	355.342	81.243	-0.000	0.000	1.571	
681.820	355.369	81.256	-0.000	0.000	1.571	
681.857	355.396	81.266	-0.000	0.000	1.571	
681.894	355.423	81.285	-0.000	0.000	1.571	
681.931	355.450	81.297	-0.000	0.000	1.571	
681.968	355.477	81.312	-0.000	0.000	1.571	
682.005	355.503	81.331	-0.000	0.000	1.571	
682.042	355.530	81.343	-0.000	0.000	1.571	
682.080	355.558	81.354	-0.000	0.000	1.571	
682.117	355.584	81.364	-0.000	0.000	1.571	
682.154	355.611	81.376	-0.000	0.000	1.571	
682.192	355.639	81.386	-0.000	0.000	1.571	
682.230	355.666	81.396	-0.000	0.000	1.571	
682.267	355.693	81.407	-0.000	0.000	1.571	
682.305	355.720	81.419	-0.000	0.000	1.571	
682.343	355.747	81.428	-0.000	0.000	1.571	
682.380	355.774	81.440	-0.000	0.000	1.571	
682.417	355.801	81.448	-0.000	0.000	1.571	
682.455	355.828	81.458	-0.000	0.000	1.571	
682.492	355.856	81.468	-0.000	0.000	1.571	
682.529	355.884	81.483	-0.000	0.000	1.571	
682.566	355.913	81.496	-0.000	0.000	1.571	
682.603	355.942	81.506	-0.000	0.000	1.571	
682.640	355.970	81.523	-0.000	0.000	1.571	
682.677	355.997	81.535	-0.000	0.000	1.571	
682.714	356.025	81.559	-0.000	0.000	1.571	
682.750	356.053	81.568	-0.000	0.000	1.571	
682.788	356.080	81.580	-0.000	0.000	1.571	
682.825	356.108	81.589	-0.000	0.000	1.571	
682.863	356.136	81.596	-0.000	0.000	1.571	
682.901	356.163	81.605	-0.000	0.000	1.571	
682.939	356.191	81.616	-0.000	0.000	1.571	
682.977	356.218	81.626	-0.000	0.000	1.571	
683.015	356.246	81.635	-0.000	0.000	1.571	
683.053	356.274	81.647	-0.000	0.000	1.571	
683.091	356.302	81.659	-0.000	0.000	1.571	
683.129	356.329	81.670	-0.000	0.000	1.571	
683.167	356.357	81.680	-0.000	0.000	1.571	
683.205	356.385	81.692	-0.000	0.000	1.571	
683.244	356.413	81.702	-0.000	0.000	1.571	
683.282	356.442	81.713	-0.000	0.000	1.571	
683.321	356.470	81.724	-0.000	0.000	1.571	
683.359	356.498	81.738	-0.000	0.000	1.571	
683.398	356.526	81.750	-0.000	0.000	1.571	
683.438	356.555	81.762	-0.000	0.000	1.571	
683.477	356.583	81.773	-0.000	0.000	1.571	
683.518	356.612	81.784	-0.000	0.000	1.571	
683.558	356.641	81.797	-0.000	0.000	1.571	
683.599	356.671	81.812	-0.000	0.000	1.571	
683.640	356.701	81.820	-0.000	0.000	1.571	
683.682	356.732	81.828	-0.000	0.000	1.571	
683.724	356.763	81.835	-0.000	0.000	1.571	
683.769	356.797	81.839	-0.000	0.000	1.571	
683.816	356.832	81.836	-0.000	0.000	1.571	
683.863	356.868	81.833	-0.000	0.000	1.571	
683.910	356.904	81.830	-0.000	0.000	1.571	
683.958	356.940	81.828	-0.000	0.000	1.571	
684.006	356.976	81.824	-0.000	0.000	1.571	
684.053	357.012	81.825	-0.000	0.000	1.571	
684.101	357.048	81.824	-0.000	0.000	1.571	
684.149	357.084	81.826	-0.000	0.000	1.571	
684.196	357.120	81.830	-0.000	0.000	1.571	
684.244	357.156	81.834	-0.000	0.000	1.571	
684.292	357.192	81.839	-0.000	0.000	1.571	
684.339	357.227	81.844	-0.000	0.000	1.571	
684.387	357.263	81.850	-0.000	0.000	1.571	
684.434	357.299	81.854	-0.000	0.000	1.571	
684.482	357.335	81.859	-0.000	0.000	1.571	
684.529	357.370	81.865	-0.000	0.000	1.571	
684.577	357.406	81.872	-0.000	0.000	1.571	
684.624	357.441	81.879	-0.000	0.000	1.571	
684.672	357.476	81.884	-0.000	0.000	1.571	
684.720	357.513	81.886	-0.000	0.000	1.571	
684.768	357.548	81.887	-0.000	0.000	1.571	
684.815	357.584	81.889	-0.000	0.000	1.571	
684.863	357.620	81.890	-0.000	0.000	1.571	
684.911	357.656	81.890	-0.000	0.000	1.571	
684.959	357.693	81.890	-0.000	0.000	1.571	
685.006	357.729	81.887	-0.000	0.000	1.571	
685.054	357.765	81.888	-0.000	0.000	1.571	
685.101	357.801	81.890	-0.000	0.000	1.571	
685.149	357.838	81.891	-0.000	0.000	1.571	
685.196	357.875	81.892	-0.000	0.000	1.571	
685.243	357.912	81.892	-0.000	0.000	1.571	
685.290	357.949	81.894	-0.000	0.000	1.571	
685.337	357.985	81.894	-0.000	0.000	1.571	
685.385	358.021	81.894	-0.000	0.000	1.571	
685.432	358.058	81.893	-0.000	0.000	1.571	
685.480	358.094	81.892	-0.000	0.000	1.571	
685.527	358.130	81.891	-0.000	0.000	1.571	
685.574	358.166	81.890	-0.000	0.000	1.571	
685.622	358.202	81.884	-0.000	0.000	1.571	
685.670	358.239	81.879	-0.000	0.000	1.571	
685.718	358.275	81.877	-0.000	0.000	1.571	
685.765	358.311	81.876	-0.000	0.000	1.571	
685.813	358.346	81.875	-0.000	0.000	1.571	
685.860	358.382	81.875	-0.000	0.000	1.571	
685.908	358.417	81.875	-0.000	0.000	1.571	
685.955	358.453	81.877	-0.000	0.000	1.571	
686.002	358.488	81.877	-0.000	0.000	1.571	
686.049	358.524	81.877	-0.000	0.000	1.571	
686.097	358.560	81.878	-0.000	0.000	1.571	
686.144	358.595	81.880	-0.000	0.000	1.571	
686.191	358.631	81.881	-0.000	0.000	1.571	
686.238	358.667	81.882	-0.000	0.000	1.571	
686.286	358.702	81.882	-0.000	0.000	1.571	
686.333	358.738	81.878	-0.000	0.000	1.571	
686.380	358.773	81.879	-0.000	0.000	1.571	
686.427	358.809	81.874	-0.000	0.000	1.571	
686.475	358.845	81.871	-0.000	0.000	1.571	
686.522	358.880	81.871	-0.000	0.000	1.571	
686.569	358.916	81.871	-0.000	0.000	1.571	
686.616	358.952	81.872	-0.000	0.000	1.571	
686.662	358.988	81.872	-0.000	0.000	1.571	
686.709	359.024	81.872	-0.000	0.000	1.571	
686.755	359.060	81.872	-0.000	0.000	1.571	
686.802	359.096	81.874	-0.000	0.000	1.571	
686.848	359.131	81.875	-0.000	0.000	1.571	
686.895	359.167	81.876	-0.000	0.000	1.571	
686.942	359.202	81.879	-0.000	0.000	1.571	
686.988	359.237	81.882	-0.000	0.000	1.571	
687.035	359.272	81.885	-0.000	0.000	1.571	
687.081	359.307	81.887	-0.000	0.000	1.571	
687.128	359.343	81.889	-0.000	0.000	1.571	
687.175	359.378	81.891	-0.000	0.000	1.571	
687.221	359.413	81.890	-0.000	0.000	1.571	
687.268	359.448	81.890	-0.000	0.000	1.571	
687.315	359.483	81.891	-0.000	0.000	1.571	
687.362	359.518	81.892	-0.000	0.000	1.571	
687.408	359.553	81.893	-0.000	0.000	1.571	
687.455	359.588	81.891	-0.000	0.000	1.571	
687.502	359.622	81.892	-0.000	0.000	1.571	
687.548	359.657	81.893	-0.000	0.000	1.571	
687.595	359.692	81.891	-0.000	0.000	1.571	
687.642	359.727	81.891	-0.000	0.000	1.571	
687.688	359.762	81.893	-0.000	0.000	1.571	
687.734	359.797	81.892	-0.000	0.000	1.571	
687.781	359.832	81.888	-0.000	0.000	1.571	
687.827	359.867	81.889	-0.000	0.000	1.571	
687.874	359.902	81.889	-0.000	0.000	1.571	
687.920	359.938	81.888	-0.000	0.000	1.571	
687.967	359.973	81.886	-0.000	0.000	1.571	
688.013	360.008	81.885	-0.000	0.000	1.571	
688.059	360.044	81.883	-0.000	0.000	1.571	
688.105	360.080	81.878	-0.000	0.000	1.571	
688.151	360.116	81.870	-0.000	0.000	1.571	
688.197	360.152	81.871	-0.000	0.000	1.571	
688.243	360.187	81.867	-0.000	0.000	1.571	
688.289	360.222	81.864	-0.000	0.000	1.571	
688.335	360.257	81.862	-0.000	0.000	1.571	
688.382	360.293	81.861	-0.000	0.000	1.571	
688.428	360.327	81.862	-0.000	0.000	1.571	
688.474	360.362	81.863	-0.000	0.000	1.571	
688.521	360.397	81.864	-0.000	0.000	1.571	
688.567	360.432	81.863	-0.000	0.000	1.571	
688.613	360.466	81.864	-0.000	0.000	1.571	
688.660	360.501	81.865	-0.000	0.000	1.571	
688.706	360.536	81.864	-0.000	0.000	1.571	
688.753	360.570	81.864	-0.000	0.000	1.571	
688.799	360.605	81.865	-0.000	0.000	1.571	
688.845	360.639	81.858	-0.000	0.000	1.571	
688.891	360.674	81.858	-0.000	0.000	1.571	
688.937	360.708	81.859	-0.000	0.000	1.571	
688.983	360.742	81.859	-0.000	0.000	1.571	
689.029	360.776	81.861	-0.000	0.000	1.571	
689.075	360.811	81.864	-0.000	0.000	1.571	
689.121	360.845	81.868	-0.000	0.000	1.571	
689.167	360.879	81.872	-0.000	0.000	1.571	
689.212	360.913	81.876	-0.000	0.000	1.571	
689.258	360.948	81.880	-0.000	0.000	1.571	
689.303	360.982	81.883	-0.000	0.000	1.571	
689.349	361.017	81.886	-0.000	0.000	1.571	
689.394	361.052	81.889	-0.000	0.000	1.571	
689.439	361.087	81.887	-0.000	0.000	1.571	
689.485	361.123	81.883	-0.000	0.000	1.571	
689.530	361.158	81.884	-0.000	0.000	1.571	
689.576	361.193	81.884	-0.000	0.000	1.571	
689.622	361.228	81.885	-0.000	0.000	1.571	
689.668	361.263	81.884	-0.000	0.000	1.571	
689.714	361.299	81.883	-0.000	0.000	1.571	
689.760	361.334	81.881	-0.000	0.000	1.571	
689.806	361.369	81.879	-0.000	0.000	1.571	
689.852	361.404	81.870	-0.000	0.000	1.571	
689.898	361.439	81.871	-0.000	0.000	1.571	
689.944	361.473	81.869	-0.000	0.000	1.571	
689.990	361.508	81.868	-0.000	0.000	1.571	
690.036	361.543	81.867	-0.000	0.000	1.571	
690.082	361.577	81.866	-0.000	0.000	1.571	
690.128	361.612	81.865	-0.000	0.000	1.571	
690.174	361.647	81.864	-0.000	0.000	1.571	
690.221	361.682	81.863	-0.000	0.000	1.571	
690.267	361.716	81.861	-0.000	0.000	1.571	
690.313	361.750	81.859	-0.000	0.000	1.571	
690.359	361.785	81.857	-0.000	0.000	1.571	
690.405	361.820	81.854	-0.000	0.000	1.571	
690.451	361.854	81.854	-0.000	0.000	1.571	
690.497	361.889	81.850	-0.000	0.000	1.571	
690.543	361.923	81.849	-0.000	0.000	1.571	
690.589	361.958	81.847	-0.000	0.000	1.571	
690.635	361.992	81.847	-0.000	0.000	1.571	
690.680	362.027	81.848	-0.000	0.000	1.571	
690.726	362.062	81.849	-0.000	0.000	1.571	
690.772	362.097	81.850	-0.000	0.000	1.571	
690.817	362.132	81.852	-0.000	0.000	1.571	
690.862	362.167	81.853	-0.000	0.000	1.571	
690.907	362.202	81.853	-0.000	0.000	1.571	
690.952	362.237	81.855	-0.000	0.000	1.571	
690.998	362.271	81.854	-0.000	0.000	1.571	
691.043	362.306	81.856	-0.000	0.000	1.571	
691.089	362.341	81.859	-0.000	0.000	1.571	
691.134	362.375	81.857	-0.000	0.000	1.571	
691.180	362.410	81.858	-0.000	0.000	1.571	
691.226	362.444	81.858	-0.000	0.000	1.571	
691.272	362.478	81.858	-0.000	0.000	1.571	
691.318	362.513	81.853	-0.000	0.000	1.571	
691.364	362.547	81.852	-0.000	0.000	1.571	
691.410	362.582	81.851	-0.000	0.000	1.571	
691.456	362.616	81.850	-0.000	0.000	1.571	
691.502	362.650	81.851	-0.000	0.000	1.571	
691.548	362.684	81.851	-0.000	0.000	1.571	
691.594	362.718	81.851	-0.000	0.000	1.571	
691.640	362.753	81.850	-0.000	0.000	1.571	
691.686	362.787	81.852	-0.000	0.000	1.571	
691.732	362.821	81.853	-0.000	0.000	1.571	
691.778	362.855	81.855	-0.000	0.000	1.571	
691.823	362.889	81.857	-0.000	0.000	1.571	
691.869	362.923	81.859	-0.000	0.000	1.571	
691.915	362.957	81.862	-0.000	0.000	1.571	
691.960	362.991	81.864	-0.000	0.000	1.571	
692.006	363.025	81.865	-0.000	0.000	1.571	
692.051	363.059	81.866	-0.000	0.000	1.571	
692.096	363.093	81.866	-0.000	0.000	1.571	
692.142	363.128	81.867	-0.000	0.000	1.571	
692.186	363.162	81.868	-0.000	0.000	1.571	
692.231	363.197	81.868	-0.000	0.000	1.571	
692.276	363.231	81.868	-0.000	0.000	1.571	
692.320	363.266	81.870	-0.000	0.000	1.571	
692.365	363.300	81.871	-0.000	0.000	1.571	
692.410	363.334	81.871	-0.000	0.000	1.571	
692.454	363.368	81.873	-0.000	0.000	1.571	
692.499	363.402	81.874	-0.000	0.000	1.571	
692.543	363.436	81.876	-0.000	0.000	1.571	
692.588	363.470	81.878	-0.000	0.000	1.571	
692.633	363.504	81.880	-0.000	0.000	1.571	
692.677	363.537	81.882	-0.000	0.000	1.571	
692.722	363.571	81.884	-0.000	0.000	1.571	
692.767	363.605	81.886	-0.000	0.000	1.571	
692.812	363.639	81.880	-0.000	0.000	1.571	
692.857	363.672	81.882	-0.000	0.000	1.571	
692.901	363.706	81.878	-0.000	0.000	1.571	
692.946	363.740	81.875	-0.000	0.000	1.571	
692.991	363.773	81.875	-0.000	0.000	1.571	
693.036	363.806	81.873	-0.000	0.000	1.571	
693.081	363.839	81.871	-0.000	0.000	1.571	
693.126	363.872	81.869	-0.000	0.000	1.571	
693.170	363.906	81.868	-0.000	0.000	1.571	
693.215	363.939	81.867	-0.000	0.000	1.571	
693.259	363.972	81.867	-0.000	0.000	1.571	
693.303	364.005	81.868	-0.000	0.000	1.571	
693.347	364.039	81.870	-0.000	0.000	1.571	
693.391	364.072	81.871	-0.000	0.000	1.571	
693.435	364.105	81.872	-0.000	0.000	1.571	
693.479	364.139	81.872	-0.000	0.000	1.571	
693.523	364.172	81.867	-0.000	0.000	1.571	
693.567	364.205	81.867	-0.000	0.000	1.571	
693.611	364.239	81.867	-0.000	0.000	1.571	
693.655	364.273	81.865	-0.000	0.000	1.571	
693.698	364.306	81.861	-0.000	0.000	1.571	
693.742	364.340	81.861	-0.000	0.000	1.571	
693.786	364.373	81.859	-0.000	0.000	1.571	
693.830	364.407	81.859	-0.000	0.000	1.571	
693.873	364.440	81.858	-0.000	0.000	1.571	
693.917	364.473	81.858	-0.000	0.000	1.571	
693.961	364.506	81.858	-0.000	0.000	1.571	
694.005	364.540	81.857	-0.000	0.000	1.571	
694.049	364.573	81.857	-0.000	0.000	1.571	
694.092	364.606	81.857	-0.000	0.000	1.571	
694.136	364.639	81.858	-0.000	0.000	1.571	
694.180	364.673	81.860	-0.000	0.000	1.571	
694.224	364.706	81.862	-0.000	0.000	1.571	
694.268	364.738	81.860	-0.000	0.000	1.571	
694.312	364.771	81.863	-0.000	0.000	1.571	
694.356	364.803	81.863	-0.000	0.000	1.571	
694.399	364.836	81.862	-0.000	0.000	1.571	
694.443	364.869	81.863	-0.000	0.000	1.571	
694.487	364.901	81.862	-0.000	0.000	1.571	
694.531	364.934	81.863	-0.000	0.000	1.571	
694.575	364.967	81.863	-0.000	0.000	1.571	
694.619	364.999	81.864	-0.000	0.000	1.571	
694.663	365.031	81.865	-0.000	0.000	1.571	
694.706	365.064	81.858	-0.000	0.000	1.571	
694.750	365.096	81.859	-0.000	0.000	1.571	
694.794	365.128	81.861	-0.000	0.000	1.571	
694.837	365.161	81.863	-0.000	0.000	1.571	
694.881	365.193	81.865	-0.000	0.000	1.571	
694.924	365.226	81.865	-0.000	0.000	1.571	
694.968	365.259	81.867	-0.000	0.000	1.571	
695.012	365.291	81.870	-0.000	0.000	1.571	
695.055	365.324	81.870	-0.000	0.000	1.571	
695.098	365.356	81.872	-0.000	0.000	1.571	
695.141	365.390	81.873	-0.000	0.000	1.571	
695.184	365.423	81.871	-0.000	0.000	1.571	
695.226	365.456	81.871	-0.000	0.000	1.571	
695.269	365.489	81.870	-0.000	0.000	1.571	
695.313	365.522	81.869	-0.000	0.000	1.571	
695.356	365.555	81.869	-0.000	0.000	1.571	
695.399	365.588	81.869	-0.000	0.000	1.571	
695.442	365.621	81.867	-0.000	0.000	1.571	
695.485	365.654	81.864	-0.000	0.000	1.571	
695.529	365.686	81.861	-0.000	0.000	1.571	
695.572	365.719	81.860	-0.000	0.000	1.571	
695.616	365.751	81.861	-0.000	0.000	1.571	
695.659	365.784	81.861	-0.000	0.000	1.571	
695.702	365.816	81.862	-0.000	0.000	1.571	
695.746	365.849	81.862	-0.000	0.000	1.571	
695.789	365.882	81.864	-0.000	0.000	1.571	
695.832	365.914	81.864	-0.000	0.000	1.571	
695.876	365.946	81.861	-0.000	0.000	1.571	
695.919	365.978	81.860	-0.000	0.000	1.571	
695.962	366.011	81.859	-0.000	0.000	1.571	
696.005	366.043	81.854	-0.000	0.000	1.571	
696.049	366.075	81.854	-0.000	0.000	1.571	
696.092	366.107	81.853	-0.000	0.000	1.571	
696.136	366.139	81.853	-0.000	0.000	1.571	
696.179	366.171	81.851	-0.000	0.000	1.571	
696.223	366.204	81.849	-0.000	0.000	1.571	
696.266	366.236	81.850	-0.000	0.000	1.571	
696.309	366.268	81.850	-0.000	0.000	1.571	
696.353	366.300	81.850	-0.000	0.000	1.571	
696.396	366.333	81.849	-0.000	0.000	1.571	
696.440	366.366	81.850	-0.000	0.000	1.571	
696.483	366.399	81.851	-0.000	0.000	1.571	
696.526	366.432	81.853	-0.000	0.000	1.571	
696.569	366.465	81.853	-0.000	0.000	1.571	
696.612	366.499	81.855	-0.000	0.000	1.571	
696.656	366.532	81.857	-0.000	0.000	1.571	
696.699	366.565	81.858	-0.000	0.000	1.571	
696.743	366.599	81.860	-0.000	0.000	1.571	
696.786	366.632	81.862	-0.000	0.000	1.571	
696.830	366.665	81.864	-0.000	0.000	1.571	
696.873	366.698	81.865	-0.000	0.000	1.571	
696.917	366.731	81.865	-0.000	0.000	1.571	
696.961	366.764	81.865	-0.000	0.000	1.571	
697.005	366.797	81.865	-0.000	0.000	1.571	
697.049	366.830	81.864	-0.000	0.000	1.571	
697.093	366.863	81.863	-0.000	0.000	1.571	
697.137	366.896	81.861	-0.000	0.000	1.571	
697.182	366.929	81.858	-0.000	0.000	1.571	
697.226	366.963	81.856	-0.000	0.000	1.571	
697.271	366.996	81.851	-0.000	0.000	1.571	
697.316	367.030	81.847	-0.000	0.000	1.571	
697.361	367.063	81.842	-0.000	0.000	1.571	
697.406	367.097	81.838	-0.000	0.000	1.571	
697.451	367.131	81.833	-0.000	0.000	1.571	
697.495	367.165	81.830	-0.000	0.000	1.571	
697.540	367.198	81.827	-0.000	0.000	1.571	
697.585	367.233	81.821	-0.000	0.000	1.571	
697.630	367.267	81.816	-0.000	0.000	1.571	
697.676	367.301	81.808	-0.000	0.000	1.571	
697.721	367.335	81.801	-0.000	0.000	1.571	
697.766	367.369	81.796	-0.000	0.000	1.571	
697.810	367.404	81.788	-0.000	0.000	1.571	
697.855	367.438	81.774	-0.000	0.000	1.571	
697.900	367.473	81.765	-0.000	0.000	1.571	
697.945	367.507	81.753	-0.000	0.000	1.571	
697.991	367.541	81.736	-0.000	0.000	1.571	
698.036	367.576	81.715	-0.000	0.000	1.571	
698.081	367.610	81.713	-0.000	0.000	1.571	
698.126	367.644	81.708	-0.000	0.000	1.571	
698.171	367.678	81.703	-0.000	0.000	1.571	
698.216	367.712	81.693	-0.000	0.000	1.571	
698.261	367.746	81.690	-0.000	0.000	1.571	
698.306	367.780	81.681	-0.000	0.000	1.571	
698.352	367.814	81.675	-0.000	0.000	1.571	
698.397	367.848	81.663	-0.000	0.000	1.571	
698.442	367.882	81.656	-0.000	0.000	1.571	
698.487	367.916	81.652	-0.000	0.000	1.571	
698.532	367.950	81.651	-0.000	0.000	1.571	
698.577	367.984	81.649	-0.000	0.000	1.571	
698.622	368.018	81.645	-0.000	0.000	1.571	
698.667	368.051	81.644	-0.000	0.000	1.571	
698.712	368.085	81.643	-0.000	0.000	1.571	
698.757	368.119	81.639	-0.000	0.000	1.571	
698.802	368.154	81.636	-0.000	0.000	1.571	
698.846	368.188	81.635	-0.000	0.000	1.571	
698.891	368.222	81.635	-0.000	0.000	1.571	
698.936	368.256	81.634	-0.000	0.000	1.571	
698.981	368.291	81.633	-0.000	0.000	1.571	
699.025	368.325	81.634	-0.000	0.000	1.571	
699.070	368.360	81.635	-0.000	0.000	1.571	
699.115	368.394	81.636	-0.000	0.000	1.571	
699.159	368.429	81.635	-0.000	0.000	1.571	
699.204	368.463	81.633	-0.000	0.000	1.571	
699.249	368.498	81.627	-0.000	0.000	1.571	
699.293	368.532	81.626	-0.000	0.000	1.571	
699.338	368.566	81.625	-0.000	0.000	1.571	
699.383	368.600	81.623	-0.000	0.000	1.571	
699.428	368.634	81.617	-0.000	0.000	1.571	
699.473	368.668	81.615	-0.000	0.000	1.571	
699.518	368.702	81.611	-0.000	0.000	1.571	
699.563	368.736	81.605	-0.000	0.000	1.571	
699.608	368.770	81.599	-0.000	0.000	1.571	
699.652	368.804	81.593	-0.000	0.000	1.571	
699.698	368.837	81.588	-0.000	0.000	1.571	
699.743	368.872	81.581	-0.000	0.000	1.571	
699.787	368.906	81.574	-0.000	0.000	1.571	
699.832	368.939	81.566	-0.000	0.000	1.571	
699.877	368.973	81.562	-0.000	0.000	1.571	
699.922	369.007	81.551	-0.000	0.000	1.571	
699.967	369.041	81.548	-0.000	0.000	1.571	
700.012	369.075	81.538	-0.000	0.000	1.571	
700.057	369.108	81.531	-0.000	0.000	1.571	
700.102	369.142	81.515	-0.000	0.000	1.571	
700.147	369.176	81.515	-0.000	0.000	1.571	
700.192	369.210	81.508	-0.000	0.000	1.571	
700.237	369.244	81.500	-0.000	0.000	1.571	
700.282	369.277	81.484	-0.000	0.000	1.571	
700.327	369.311	81.471	-0.000	0.000	1.571	
700.372	369.345	81.463	-0.000	0.000	1.571	
700.418	369.379	81.450	-0.000	0.000	1.571	
700.463	369.413	81.442	-0.000	0.000	1.571	
700.508	369.447	81.419	-0.000	0.000	1.571	
700.553	369.480	81.402	-0.000	0.000	1.571	
700.598	369.514	81.402	-0.000	0.000	1.571	
700.642	369.549	81.390	-0.000	0.000	1.571	
700.686	369.584	81.386	-0.000	0.000	1.571	
700.730	369.618	81.383	-0.000	0.000	1.571	
700.774	369.652	81.381	-0.000	0.000	1.571	
700.819	369.687	81.380	-0.000	0.000	1.571	
700.863	369.721	81.377	-0.000	0.000	1.571	
700.908	369.755	81.374	-0.000	0.000	1.571	
700.952	369.789	81.372	-0.000	0.000	1.571	
700.996	369.823	81.364	-0.000	0.000	1.571	
701.041	369.857	81.362	-0.000	0.000	1.571	
701.086	369.890	81.360	-0.000	0.000	1.571	
701.130	369.924	81.359	-0.000	0.000	1.571	
701.175	369.957	81.359	-0.000	0.000	1.571	
701.219	369.991	81.357	-0.000	0.000	1.571	
701.264	370.025	81.357	-0.000	0.000	1.571	
701.309	370.058	81.358	-0.000	0.000	1.571	
701.353	370.091	81.361	-0.000	0.000	1.571	
701.398	370.125	81.362	-0.000	0.000	1.571	
701.442	370.158	81.364	-0.000	0.000	1.571	
701.486	370.191	81.366	-0.000	0.000	1.571	
701.531	370.225	81.368	-0.000	0.000	1.571	
701.575	370.258	81.369	-0.000	0.000	1.571	
701.619	370.292	81.367	-0.000	0.000	1.571	
701.664	370.325	81.366	-0.000	0.000	1.571	
701.709	370.358	81.365	-0.000	0.000	1.571	
701.754	370.392	81.364	-0.000	0.000	1.571	
701.798	370.425	81.363	-0.000	0.000	1.571	
701.842	370.459	81.360	-0.000	0.000	1.571	
701.887	370.492	81.359	-0.000	0.000	1.571	
701.931	370.526	81.357	-0.000	0.000	1.571	
701.975	370.560	81.353	-0.000	0.000	1.571	
702.020	370.594	81.346	-0.000	0.000	1.571	
702.064	370.628	81.342	-0.000	0.000	1.571	
702.108	370.663	81.331	-0.000	0.000	1.571	
702.152	370.698	81.323	-0.000	0.000	1.571	
702.196	370.732	81.316	-0.000	0.000	1.571	
702.240	370.766	81.308	-0.000	0.000	1.571	
702.285	370.800	81.301	-0.000	0.000	1.571	
702.329	370.834	81.274	-0.000	0.000	1.571	
702.373	370.868	81.266	-0.000	0.000	1.571	
702.417	370.902	81.258	-0.000	0.000	1.571	
702.461	370.935	81.251	-0.000	0.000	1.571	
702.506	370.969	81.246	-0.000	0.000	1.571	
702.550	371.002	81.236	-0.000	0.000	1.571	
702.595	371.036	81.218	-0.000	0.000	1.571	
702.639	371.069	81.212	-0.000	0.000	1.571	
702.684	371.103	81.203	-0.000	0.000	1.571	
702.728	371.136	81.197	-0.000	0.000	1.571	
702.773	371.169	81.182	-0.000	0.000	1.571	
702.817	371.202	81.173	-0.000	0.000	1.571	
702.862	371.235	81.165	-0.000	0.000	1.571	
702.906	371.268	81.157	-0.000	0.000	1.571	
702.951	371.301	81.145	-0.000	0.000	1.571	
702.995	371.335	81.140	-0.000	0.000	1.571	
703.040	371.368	81.137	-0.000	0.000	1.571	
703.084	371.401	81.133	-0.000	0.000	1.571	
703.129	371.434	81.132	-0.000	0.000	1.571	
703.173	371.467	81.130	-0.000	0.000	1.571	
703.217	371.500	81.125	-0.000	0.000	1.571	
703.261	371.533	81.122	-0.000	0.000	1.571	
703.306	371.566	81.120	-0.000	0.000	1.571	
703.350	371.599	81.114	-0.000	0.000	1.571	
703.394	371.632	81.114	-0.000	0.000	1.571	
703.438	371.665	81.114	-0.000	0.000	1.571	
703.482	371.698	81.113	-0.000	0.000	1.571	
703.526	371.732	81.114	-0.000	0.000	1.571	
703.570	371.765	81.113	-0.000	0.000	1.571	
703.614	371.798	81.114	-0.000	0.000	1.571	
703.657	371.833	81.114	-0.000	0.000	1.571	
703.700	371.867	81.114	-0.000	0.000	1.571	
703.744	371.901	81.112	-0.000	0.000	1.571	
703.788	371.934	81.109	-0.000	0.000	1.571	
703.832	371.968	81.107	-0.000	0.000	1.571	
703.875	372.001	81.104	-0.000	0.000	1.571	
703.919	372.035	81.103	-0.000	0.000	1.571	
703.963	372.068	81.100	-0.000	0.000	1.571	
704.007	372.102	81.097	-0.000	0.000	1.571	
704.051	372.135	81.093	-0.000	0.000	1.571	
704.095	372.168	81.089	-0.000	0.000	1.571	
704.139	372.202	81.086	-0.000	0.000	1.571	
704.183	372.234	81.080	-0.000	0.000	1.571	
704.227	372.267	81.076	-0.000	0.000	1.571	
704.271	372.300	81.071	-0.000	0.000	1.571	
704.315	372.333	81.067	-0.000	0.000	1.571	
704.360	372.367	81.062	-0.000	0.000	1.571	
704.404	372.400	81.057	-0.000	0.000	1.571	
704.448	372.433	81.051	-0.000	0.000	1.571	
704.492	372.466	81.045	-0.000	0.000	1.571	
704.536	372.499	81.040	-0.000	0.000	1.571	
704.580	372.532	81.031	-0.000	0.000	1.571	
704.624	372.565	81.024	-0.000	0.000	1.571	
704.668	372.598	81.016	-0.000	0.000	1.571	
704.712	372.631	81.009	-0.000	0.000	1.571	
704.756	372.664	81.004	-0.000	0.000	1.571	
704.800	372.697	80.996	-0.000	0.000	1.571	
704.844	372.730	80.992	-0.000	0.000	1.571	
704.888	372.763	80.985	-0.000	0.000	1.571	
704.932	372.796	80.976	-0.000	0.000	1.571	
704.975	372.829	80.960	-0.000	0.000	1.571	
705.019	372.862	80.954	-0.000	0.000	1.571	
705.063	372.895	80.949	-0.000	0.000	1.571	
705.107	372.929	80.942	-0.000	0.000	1.571	
705.150	372.962	80.939	-0.000	0.000	1.571	
705.194	372.996	80.933	-0.000	0.000	1.571	
705.237	373.029	80.928	-0.000	0.000	1.571	
705.281	373.062	80.918	-0.000	0.000	1.571	
705.325	373.096	80.904	-0.000	0.000	1.571	
705.368	373.129	80.899	-0.000	0.000	1.571	
705.412	373.163	80.893	-0.000	0.000	1.571	
705.456	373.196	80.889	-0.000	0.000	1.571	
705.499	373.229	80.884	-0.000	0.000	1.571	
705.543	373.261	80.880	-0.000	0.000	1.571	
705.586	373.294	80.877	-0.000	0.000	1.571	
705.630	373.327	80.874	-0.000	0.000	1.571	
705.673	373.360	80.871	-0.000	0.000	1.571	
705.717	373.393	80.867	-0.000	0.000	1.571	
705.760	373.425	80.861	-0.000	0.000	1.571	
705.804	373.458	80.859	-0.000	0.000	1.571	
705.847	373.491	80.858	-0.000	0.000	1.571	
705.890	373.523	80.853	-0.000	0.000	1.571	
705.934	373.556	80.852	-0.000	0.000	1.571	
705.978	373.589	80.848	-0.000	0.000	1.571	
706.021	373.621	80.840	-0.000	0.000	1.571	
706.064	373.654	80.836	-0.000	0.000	1.571	
706.108	373.687	80.832	-0.000	0.000	1.571	
706.152	373.720	80.827	-0.000	0.000	1.571	
706.195	373.752	80.823	-0.000	0.000	1.571	
706.239	373.785	80.820	-0.000	0.000	1.571	
706.283	373.818	80.815	-0.000	0.000	1.571	
706.326	373.851	80.802	-0.000	0.000	1.571	
706.370	373.884	80.802	-0.000	0.000	1.571	
706.413	373.916	80.796	-0.000	0.000	1.571	
706.456	373.949	80.790	-0.000	0.000	1.571	
706.500	373.982	80.785	-0.000	0.000	1.571	
706.543	374.015	80.781	-0.000	0.000	1.571	
706.586	374.048	80.777	-0.000	0.000	1.571	
706.628	374.082	80.769	-0.000	0.000	1.571	
706.671	374.116	80.759	-0.000	0.000	1.571	
706.714	374.149	80.753	-0.000	0.000	1.571	
706.757	374.182	80.749	-0.000	0.000	1.571	
706.800	374.215	80.747	-0.000	0.000	1.571	
706.842	374.248	80.742	-0.000	0.000	1.571	
706.885	374.281	80.731	-0.000	0.000	1.571	
706.928	374.314	80.726	-0.000	0.000	1.571	
706.972	374.346	80.720	-0.000	0.000	1.571	
707.015	374.379	80.714	-0.000	0.000	1.571	
707.058	374.412	80.709	-0.000	0.000	1.571	
707.102	374.445	80.704	-0.000	0.000	1.571	
707.145	374.477	80.696	-0.000	0.000	1.571	
707.188	374.509	80.693	-0.000	0.000	1.571	
707.231	374.542	80.689	-0.000	0.000	1.571	
707.275	374.575	80.685	-0.000	0.000	1.571	
707.318	374.607	80.683	-0.000	0.000	1.571	
707.361	374.639	80.679	-0.000	0.000	1.571	
707.405	374.671	80.676	-0.000	0.000	1.571	
707.448	374.703	80.673	-0.000	0.000	1.571	
707.491	374.736	80.670	-0.000	0.000	1.571	
707.535	374.768	80.667	-0.000	0.000	1.571	
707.578	374.800	80.663	-0.000	0.000	1.571	
707.621	374.832	80.657	-0.000	0.000	1.571	
707.665	374.864	80.654	-0.000	0.000	1.571	
707.708	374.897	80.650	-0.000	0.000	1.571	
707.751	374.929	80.646	-0.000	0.000	1.571	
707.794	374.961	80.642	-0.000	0.000	1.571	
707.838	374.994	80.637	-0.000	0.000	1.571	
707.881	375.026	80.632	-0.000	0.000	1.571	
707.924	375.059	80.626	-0.000	0.000	1.571	
707.968	375.090	80.622	-0.000	0.000	1.571	
708.011	375.123	80.617	-0.000	0.000	1.571	
708.054	375.155	80.613	-0.000	0.000	1.571	
708.097	375.187	80.600	-0.000	0.000	1.571	
708.140	375.219	80.593	-0.000	0.000	1.571	
708.184	375.251	80.591	-0.000	0.000	1.571	
708.226	375.284	80.585	-0.000	0.000	1.571	
708.269	375.317	80.582	-0.000	0.000	1.571	
708.312	375.349	80.578	-0.000	0.000	1.571	
708.355	375.383	80.573	-0.000	0.000	1.571	
708.397	375.416	80.569	-0.000	0.000	1.571	
708.440	375.448	80.562	-0.000	0.000	1.571	
708.483	375.481	80.557	-0.000	0.000	1.571	
708.525	375.513	80.551	-0.000	0.000	1.571	
708.568	375.546	80.544	-0.000	0.000	1.571	
708.611	375.578	80.538	-0.000	0.000	1.571	
708.654	375.611	80.531	-0.000	0.000	1.571	
708.697	375.643	80.518	-0.000	0.000	1.571	
708.740	375.675	80.510	-0.000	0.000	1.571	
708.783	375.707	80.487	-0.000	0.000	1.571	
708.826	375.740	80.482	-0.000	0.000	1.571	
708.869	375.772	80.478	-0.000	0.000	1.571	
708.912	375.804	80.475	-0.000	0.000	1.571	
708.955	375.836	80.471	-0.000	0.000	1.571	
708.997	375.868	80.470	-0.000	0.000	1.571	
709.040	375.899	80.468	-0.000	0.000	1.571	
709.083	375.932	80.466	-0.000	0.000	1.571	
709.126	375.964	80.462	-0.000	0.000	1.571	
709.168	375.996	80.454	-0.000	0.000	1.571	
709.211	376.029	80.452	-0.000	0.000	1.571	
709.254	376.061	80.450	-0.000	0.000	1.571	
709.296	376.093	80.447	-0.000	0.000	1.571	
709.339	376.125	80.444	-0.000	0.000	1.571	
709.382	376.158	80.441	-0.000	0.000	1.571	
709.425	376.190	80.438	-0.000	0.000	1.571	
709.468	376.222	80.434	-0.000	0.000	1.571	
709.511	376.255	80.431	-0.000	0.000	1.571	
709.553	376.287	80.422	-0.000	0.000	1.571	
709.596	376.319	80.414	-0.000	0.000	1.571	
709.639	376.351	80.411	-0.000	0.000	1.571	
709.681	376.382	80.405	-0.000	0.000	1.571	
709.722	376.413	80.402	-0.000	0.000	1.571	
709.762	376.443	80.400	-0.000	0.000	1.571	
709.802	376.473	80.398	-0.000	0.000	1.571	
709.840	376.502	80.396	-0.000	0.000	1.571	
709.878	376.530	80.383	-0.000	0.000	1.571	
709.915	376.558	80.380	-0.000	0.000	1.571	
709.951	376.585	80.376	-0.000	0.000	1.571	
709.986	376.612	80.369	-0.000	0.000	1.571	
710.020	376.638	80.353	-0.000	0.000	1.571	
710.054	376.663	80.347	-0.000	0.000	1.571	
710.087	376.688	80.341	-0.000	0.000	1.571	
710.119	376.712	80.333	-0.000	0.000	1.571	
710.150	376.735	80.327	-0.000	0.000	1.571	
710.180	376.758	80.318	-0.000	0.000	1.571	
710.210	376.780	80.310	-0.000	0.000	1.571	
710.238	376.801	80.304	-0.000	0.000	1.571	
710.266	376.822	80.301	-0.000	0.000	1.571	
710.292	376.843	80.299	-0.000	0.000	1.571	
710.318	376.862	80.296	-0.000	0.000	1.571	
710.344	376.881	80.294	-0.000	0.000	1.571	
710.368	376.899	80.292	-0.000	0.000	1.571	
710.391	376.917	80.290	-0.000	0.000	1.571	
710.414	376.934	80.288	-0.000	0.000	1.571	
710.436	376.951	80.287	-0.000	0.000	1.571	
710.457	376.966	80.287	-0.000	0.000	1.571	
710.477	376.981	80.286	-0.000	0.000	1.571	
710.497	376.996	80.286	-0.000	0.000	1.571	
710.515	377.010	80.287	-0.000	0.000	1.571	
710.533	377.024	80.286	-0.000	0.000	1.571	
710.550	377.036	80.286	-0.000	0.000	1.571	
710.566	377.048	80.286	-0.000	0.000	1.571	
710.581	377.059	80.287	-0.000	0.000	1.571	
710.595	377.071	80.289	-0.000	0.000	1.571	
710.609	377.081	80.290	-0.000	0.000	1.571	
710.622	377.091	80.291	-0.000	0.000	1.571	
710.634	377.100	80.292	-0.000	0.000	1.571	
710.645	377.108	80.292	-0.000	0.000	1.571	
710.655	377.116	80.293	-0.000	0.000	1.571	
710.665	377.124	80.293	-0.000	0.000	1.571	
710.674	377.131	80.293	-0.000	0.000	1.571	
710.682	377.137	80.294	-0.000	0.000	1.571	
710.689	377.143	80.295	-0.000	0.000	1.571	
710.695	377.147	80.295	-0.000	0.000	1.571	
710.700	377.151	80.295	-0.000	0.000	1.571	
710.705	377.155	80.294	-0.000	0.000	1.571	
710.709	377.158	80.293	-0.000	0.000	1.571	
710.712	377.161	80.292	-0.000	0.000	1.571	
710.714	377.163	80.291	-0.000	0.000	1.571	
710.716	377.164	80.289	-0.000	0.000	1.571	
710.716	377.165	80.288	-0.000	0.000	1.571	
710.716	377.165	80.287	-0.000	0.000	1.571	
710.715	377.165	80.283	-0.000	0.000	1.571	
710.713	377.164	80.281	-0.000	0.000	1.571	
710.711	377.162	80.278	-0.000	0.000	1.571	
710.707	377.160	80.276	-0.000	0.000	1.571	
710.703	377.157	80.272	-0.000	0.000	1.571	
710.698	377.154	80.270	-0.000	0.000	1.571	
710.693	377.149	80.267	-0.000	0.000	1.571	
710.686	377.145	80.264	-0.000	0.000	1.571	
710.679	377.139	80.260	-0.000	0.000	1.571	
710.671	377.133	80.257	-0.000	0.000	1.571	
710.662	377.127	80.253	-0.000	0.000	1.571	
710.652	377.120	80.250	-0.000	0.000	1.571	
710.642	377.113	80.248	-0.000	0.000	1.571	
710.631	377.104	80.244	-0.000	0.000	1.571	
710.619	377.096	80.242	-0.000	0.000	1.571	
710.606	377.087	80.238	-0.000	0.000	1.571	
710.593	377.077	80.236	-0.000	0.000	1.571	
710.579	377.066	80.233	-0.000	0.000	1.571	
710.564	377.055	80.230	-0.000	0.000	1.571	
710.548	377.044	80.226	-0.000	0.000	1.571	
710.532	377.032	80.224	-0.000	0.000	1.571	
710.515	377.020	80.222	-0.000	0.000	1.571	
710.498	377.007	80.220	-0.000	0.000	1.571	
710.479	376.993	80.217	-0.000	0.000	1.571	
710.461	376.979	80.214	-0.000	0.000	1.571	
710.442	376.965	80.209	-0.000	0.000	1.571	
710.422	376.951	80.205	-0.000	0.000	1.571	
710.403	376.936	80.201	-0.000	0.000	1.571	
710.382	376.921	80.197	-0.000	0.000	1.571	
710.362	376.906	80.190	-0.000	0.000	1.571	
710.341	376.890	80.186	-0.000	0.000	1.571	
710.320	376.874	80.181	-0.000	0.000	1.571	
710.299	376.858	80.176	-0.000	0.000	1.571	
710.277	376.842	80.171	-0.000	0.000	1.571	
710.255	376.825	80.167	-0.000	0.000	1.571	
710.233	376.808	80.163	-0.000	0.000	1.571	
710.210	376.791	80.159	-0.000	0.000	1.571	
710.187	376.773	80.155	-0.000	0.000	1.571	
710.164	376.756	80.152	-0.000	0.000	1.571	
710.140	376.738	80.150	-0.000	0.000	1.571	
710.116	376.720	80.148	-0.000	0.000	1.571	
710.091	376.701	80.149	-0.000	0.000	1.571	
710.067	376.682	80.149	-0.000	0.000	1.571	
710.042	376.663	80.150	-0.000	0.000	1.571	
710.017	376.644	80.151	-0.000	0.000	1.571	
709.991	376.625	80.152	-0.000	0.000	1.571	
709.966	376.605	80.154	-0.000	0.000	1.571	
709.940	376.585	80.161	-0.000	0.000	1.571	
709.914	376.566	80.161	-0.000	0.000	1.571	
709.889	376.547	80.164	-0.000	0.000	1.571	
709.865	376.528	80.168	-0.000	0.000	1.571	
709.841	376.510	80.171	-0.000	0.000	1.571	
709.818	376.492	80.179	-0.000	0.000	1.571	
709.795	376.474	80.188	-0.000	0.000	1.571	
709.773	376.456	80.193	-0.000	0.000	1.571	
709.750	376.438	80.196	-0.000	0.000	1.571	
709.729	376.421	80.204	-0.000	0.000	1.571	
709.708	376.404	80.210	-0.000	0.000	1.571	
709.687	376.387	80.225	-0.000	0.000	1.571	
709.667	376.371	80.232	-0.000	0.000	1.571	
709.646	376.354	80.235	-0.000	0.000	1.571	
709.625	376.337	80.236	-0.000	0.000	1.571	
709.605	376.321	80.237	-0.000	0.000	1.571	
709.584	376.304	80.238	-0.000	0.000	1.571	
709.563	376.288	80.236	-0.000	0.000	1.571	
709.543	376.271	80.232	-0.000	0.000	1.571	
709.522	376.255	80.229	-0.000	0.000	1.571	
709.502	376.239	80.226	-0.000	0.000	1.571	
709.481	376.221	80.224	-0.000	0.000	1.571	
709.459	376.204	80.223	-0.000	0.000	1.571	
709.437	376.187	80.222	-0.000	0.000	1.571	
709.415	376.170	80.221	-0.000	0.000	1.571	
709.394	376.153	80.223	-0.000	0.000	1.571	
709.372	376.135	80.226	-0.000	0.000	1.571	
709.350	376.118	80.228	-0.000	0.000	1.571	
709.328	376.101	80.228	-0.000	0.000	1.571	
709.306	376.083	80.230	-0.000	0.000	1.571	
709.283	376.066	80.230	-0.000	0.000	1.571	
709.261	376.049	80.232	-0.000	0.000	1.571	
709.238	376.031	80.242	-0.000	0.000	1.571	
709.216	376.014	80.244	-0.000	0.000	1.571	
709.194	375.997	80.250	-0.000	0.000	1.571	
709.172	375.979	80.253	-0.000	0.000	1.571	
709.149	375.962	80.254	-0.000	0.000	1.571	
709.127	375.944	80.261	-0.000	0.000	1.571	
709.104	375.927	80.265	-0.000	0.000	1.571	
709.081	375.909	80.269	-0.000	0.000	1.571	
709.058	375.892	80.284	-0.000	0.000	1.571	
709.036	375.875	80.289	-0.000	0.000	1.571	
709.013	375.857	80.294	-0.000	0.000	1.571	
708.990	375.840	80.299	-0.000	0.000	1.571	
708.967	375.822	80.306	-0.000	0.000	1.571	
708.943	375.804	80.311	-0.000	0.000	1.571	
708.920	375.786	80.314	-0.000	0.000	1.571	
708.896	375.768	80.317	-0.000	0.000	1.571	
708.872	375.751	80.319	-0.000	0.000	1.571	
708.847	375.732	80.322	-0.000	0.000	1.571	
708.823	375.714	80.324	-0.000	0.000	1.571	
708.799	375.696	80.324	-0.000	0.000	1.571	
708.775	375.677	80.326	-0.000	0.000	1.571	
708.750	375.659	80.330	-0.000	0.000	1.571	
708.726	375.640	80.332	-0.000	0.000	1.571	
708.701	375.621	80.333	-0.000	0.000	1.571	
708.677	375.603	80.335	-0.000	0.000	1.571	
708.652	375.584	80.342	-0.000	0.000	1.571	
708.628	375.566	80.344	-0.000	0.000	1.571	
708.603	375.547	80.345	-0.000	0.000	1.571	
708.578	375.528	80.352	-0.000	0.000	1.571	
708.553	375.509	80.353	-0.000	0.000	1.571	
708.528	375.490	80.354	-0.000	0.000	1.571	
708.504	375.471	80.356	-0.000	0.000	1.571	
708.478	375.452	80.360	-0.000	0.000	1.571	
708.454	375.432	80.359	-0.000	0.000	1.571	
708.429	375.413	80.362	-0.000	0.000	1.571	
708.404	375.393	80.369	-0.000	0.000	1.571	
708.379	375.374	80.370	-0.000	0.000	1.571	
708.353	375.355	80.372	-0.000	0.000	1.571	
708.328	375.335	80.373	-0.000	0.000	1.571	
708.303	375.315	80.377	-0.000	0.000	1.571	
708.278	375.296	80.378	-0.000	0.000	1.571	
708.252	375.277	80.380	-0.000	0.000	1.571	
708.226	375.257	80.384	-0.000	0.000	1.571	
708.200	375.238	80.386	-0.000	0.000	1.571	
708.174	375.219	80.389	-0.000	0.000	1.571	
708.149	375.199	80.391	-0.000	0.000	1.571	
708.123	375.180	80.401	-0.000	0.000	1.571	
708.097	375.161	80.405	-0.000	0.000	1.571	
708.071	375.141	80.407	-0.000	0.000	1.571	
708.045	375.121	80.410	-0.000	0.000	1.571	
708.018	375.102	80.413	-0.000	0.000	1.571	
707.992	375.083	80.417	-0.000	0.000	1.571	
707.966	375.063	80.419	-0.000	0.000	1.571	
707.939	375.043	80.422	-0.000	0.000	1.571	
707.913	375.024	80.427	-0.000	0.000	1.571	
707.887	375.005	80.433	-0.000	0.000	1.571	
707.860	374.985	80.435	-0.000	0.000	1.571	
707.834	374.965	80.437	-0.000	0.000	1.571	
707.807	374.946	80.439	-0.000	0.000	1.571	
707.780	374.926	80.442	-0.000	0.000	1.571	
707.753	374.906	80.444	-0.000	0.000	1.571	
707.726	374.886	80.446	-0.000	0.000	1.571	
707.700	374.866	80.447	-0.000	0.000	1.571	
707.673	374.846	80.447	-0.000	0.000	1.571	
707.645	374.826	80.448	-0.000	0.000	1.571	
707.618	374.806	80.448	-0.000	0.000	1.571	
707.591	374.786	80.449	-0.000	0.000	1.571	
707.563	374.766	80.451	-0.000	0.000	1.571	
707.536	374.745	80.450	-0.000	0.000	1.571	
707.508	374.725	80.450	-0.000	0.000	1.571	
707.481	374.705	80.450	-0.000	0.000	1.571	
707.454	374.684	80.451	-0.000	0.000	1.571	
707.426	374.664	80.452	-0.000	0.000	1.571	
707.399	374.643	80.452	-0.000	0.000	1.571	
707.371	374.622	80.452	-0.000	0.000	1.571	
707.344	374.601	80.453	-0.000	0.000	1.571	
707.317	374.580	80.453	-0.000	0.000	1.571	
707.290	374.558	80.454	-0.000	0.000	1.571	
707.264	374.537	80.455	-0.000	0.000	1.571	
707.237	374.515	80.459	-0.000	0.000	1.571	
707.210	374.494	80.465	-0.000	0.000	1.571	
707.182	374.473	80.467	-0.000	0.000	1.571	
707.155	374.451	80.480	-0.000	0.000	1.571	
707.129	374.430	80.488	-0.000	0.000	1.571	
707.101	374.409	80.492	-0.000	0.000	1.571	
707.074	374.388	80.502	-0.000	0.000	1.571	
707.046	374.367	80.504	-0.000	0.000	1.571	
707.018	374.346	80.506	-0.000	0.000	1.571	
706.991	374.325	80.508	-0.000	0.000	1.571	
706.962	374.305	80.509	-0.000	0.000	1.571	
706.934	374.284	80.512	-0.000	0.000	1.571	
706.907	374.263	80.516	-0.000	0.000	1.571	
706.879	374.242	80.519	-0.000	0.000	1.571	
706.851	374.221	80.522	-0.000	0.000	1.571	
706.823	374.200	80.524	-0.000	0.000	1.571	
706.795	374.180	80.532	-0.000	0.000	1.571	
706.767	374.159	80.541	-0.000	0.000	1.571	
706.739	374.138	80.545	-0.000	0.000	1.571	
706.710	374.117	80.547	-0.000	0.000	1.571	
706.682	374.096	80.550	-0.000	0.000	1.571	
706.654	374.075	80.553	-0.000	0.000	1.571	
706.625	374.054	80.558	-0.000	0.000	1.571	
706.597	374.033	80.560	-0.000	0.000	1.571	
706.568	374.012	80.562	-0.000	0.000	1.571	
706.539	373.991	80.563	-0.000	0.000	1.571	
706.510	373.970	80.566	-0.000	0.000	1.571	
706.482	373.948	80.567	-0.000	0.000	1.571	
706.453	373.927	80.571	-0.000	0.000	1.571	
706.423	373.906	80.574	-0.000	0.000	1.571	
706.395	373.884	80.577	-0.000	0.000	1.571	
706.365	373.863	80.578	-0.000	0.000	1.571	
706.337	373.842	80.580	-0.000	0.000	1.571	
706.308	373.820	80.581	-0.000	0.000	1.571	
706.278	373.799	80.586	-0.000	0.000	1.571	
706.249	373.777	80.585	-0.000	0.000	1.571	
706.220	373.755	80.587	-0.000	0.000	1.571	
706.191	373.734	80.590	-0.000	0.000	1.571	
706.162	373.712	80.591	-0.000	0.000	1.571	
706.132	373.691	80.605	-0.000	0.000	1.571	
706.103	373.669	80.609	-0.000	0.000	1.571	
706.073	373.647	80.611	-0.000	0.000	1.571	
706.044	373.625	80.616	-0.000	0.000	1.571	
706.015	373.603	80.617	-0.000	0.000	1.571	
705.985	373.582	80.618	-0.000	0.000	1.571	
705.956	373.559	80.618	-0.000	0.000	1.571	
705.926	373.537	80.618	-0.000	0.000	1.571	
705.897	373.514	80.620	-0.000	0.000	1.571	
705.869	373.490	80.620	-0.000	0.000	1.571	
705.840	373.466	80.623	-0.000	0.000	1.571	
705.811	373.443	80.624	-0.000	0.000	1.571	
705.782	373.420	80.626	-0.000	0.000	1.571	
705.753	373.397	80.631	-0.000	0.000	1.571	
705.724	373.374	80.635	-0.000	0.000	1.571	
705.695	373.352	80.645	-0.000	0.000	1.571	
705.665	373.329	80.648	-0.000	0.000	1.571	
705.635	373.307	80.652	-0.000	0.000	1.571	
705.606	373.284	80.655	-0.000	0.000	1.571	
705.576	373.262	80.663	-0.000	0.000	1.571	
705.547	373.239	80.668	-0.000	0.000	1.571	
705.517	373.217	80.672	-0.000	0.000	1.571	
705.488	373.195	80.677	-0.000	0.000	1.571	
705.458	373.173	80.684	-0.000	0.000	1.571	
705.428	373.151	80.689	-0.000	0.000	1.571	
705.398	373.128	80.692	-0.000	0.000	1.571	
705.368	373.106	80.695	-0.000	0.000	1.571	
705.338	373.083	80.698	-0.000	0.000	1.571	
705.308	373.061	80.700	-0.000	0.000	1.571	
705.278	373.039	80.702	-0.000	0.000	1.571	
705.248	373.017	80.706	-0.000	0.000	1.571	
705.218	372.995	80.709	-0.000	0.000	1.571	
705.188	372.972	80.713	-0.000	0.000	1.571	
705.158	372.950	80.718	-0.000	0.000	1.571	
705.127	372.928	80.722	-0.000	0.000	1.571	
705.097	372.906	80.726	-0.000	0.000	1.571	
705.066	372.884	80.733	-0.000	0.000	1.571	
705.035	372.862	80.737	-0.000	0.000	1.571	
705.005	372.840	80.739	-0.000	0.000	1.571	
704.974	372.817	80.741	-0.000	0.000	1.571	
704.943	372.795	80.743	-0.000	0.000	1.571	
704.912	372.772	80.750	-0.000	0.000	1.571	
704.881	372.750	80.751	-0.000	0.000	1.571	
704.850	372.727	80.751	-0.000	0.000	1.571	
704.819	372.704	80.758	-0.000	0.000	1.571	
704.788	372.681	80.759	-0.000	0.000	1.571	
704.757	372.659	80.761	-0.000	0.000	1.571	
704.725	372.636	80.767	-0.000	0.000	1.571	
704.694	372.613	80.769	-0.000	0.000	1.571	
704.663	372.590	80.771	-0.000	0.000	1.571	
704.632	372.567	80.771	-0.000	0.000	1.571	
704.601	372.544	80.772	-0.000	0.000	1.571	
704.569	372.521	80.776	-0.000	0.000	1.571	
704.538	372.498	80.775	-0.000	0.000	1.571	
704.507	372.475	80.778	-0.000	0.000	1.571	
704.476	372.452	80.778	-0.000	0.000	1.571	
704.445	372.429	80.781	-0.000	0.000	1.571	
704.414	372.405	80.786	-0.000	0.000	1.571	
704.383	372.381	80.789	-0.000	0.000	1.571	
704.352	372.357	80.792	-0.000	0.000	1.571	
704.321	372.333	80.794	-0.000	0.000	1.571	
704.291	372.309	80.794	-0.000	0.000	1.571	
704.260	372.285	80.801	-0.000	0.000	1.571	
704.229	372.261	80.803	-0.000	0.000	1.571	
704.197	372.237	80.806	-0.000	0.000	1.571	
704.166	372.214	80.808	-0.000	0.000	1.571	
704.135	372.190	80.811	-0.000	0.000	1.571	
704.103	372.166	80.817	-0.000	0.000	1.571	
704.072	372.142	80.819	-0.000	0.000	1.571	
704.041	372.119	80.828	-0.000	0.000	1.571	
704.009	372.095	80.831	-0.000	0.000	1.571	
703.978	372.072	80.836	-0.000	0.000	1.571	
703.946	372.049	80.838	-0.000	0.000	1.571	
703.915	372.025	80.844	-0.000	0.000	1.571	
703.883	372.002	80.851	-0.000	0.000	1.571	
703.852	371.978	80.858	-0.000	0.000	1.571	
703.820	371.954	80.862	-0.000	0.000	1.571	
703.788	371.931	80.866	-0.000	0.000	1.571	
703.757	371.907	80.868	-0.000	0.000	1.571	
703.725	371.883	80.872	-0.000	0.000	1.571	
703.693	371.859	80.877	-0.000	0.000	1.571	
703.662	371.835	80.886	-0.000	0.000	1.571	
703.629	371.812	80.891	-0.000	0.000	1.571	
703.598	371.788	80.896	-0.000	0.000	1.571	
703.566	371.764	80.901	-0.000	0.000	1.571	
703.533	371.741	80.905	-0.000	0.000	1.571	
703.502	371.717	80.906	-0.000	0.000	1.571	
703.469	371.693	80.912	-0.000	0.000	1.571	
703.437	371.669	80.913	-0.000	0.000	1.571	
703.405	371.645	80.913	-0.000	0.000	1.571	
703.373	371.621	80.915	-0.000	0.000	1.571	
703.340	371.597	80.919	-0.000	0.000	1.571	
703.308	371.573	80.919	-0.000	0.000	1.571	
703.275	371.550	80.920	-0.000	0.000	1.571	
703.243	371.525	80.919	-0.000	0.000	1.571	
703.210	371.501	80.918	-0.000	0.000	1.571	
703.178	371.477	80.918	-0.000	0.000	1.571	
703.146	371.452	80.918	-0.000	0.000	1.571	
703.114	371.427	80.918	-0.000	0.000	1.571	
703.083	371.402	80.919	-0.000	0.000	1.571	
703.051	371.376	80.920	-0.000	0.000	1.571	
703.019	371.352	80.925	-0.000	0.000	1.571	
702.987	371.327	80.928	-0.000	0.000	1.571	
702.955	371.302	80.929	-0.000	0.000	1.571	
702.923	371.277	80.931	-0.000	0.000	1.571	
702.891	371.253	80.933	-0.000	0.000	1.571	
702.858	371.228	80.933	-0.000	0.000	1.571	
702.825	371.204	80.935	-0.000	0.000	1.571	
702.793	371.179	80.936	-0.000	0.000	1.571	
702.760	371.154	80.947	-0.000	0.000	1.571	
702.728	371.130	80.951	-0.000	0.000	1.571	
702.695	371.106	80.953	-0.000	0.000	1.571	
702.662	371.081	80.961	-0.000	0.000	1.571	
702.630	371.057	80.967	-0.000	0.000	1.571	
702.597	371.033	80.973	-0.000	0.000	1.571	
702.564	371.008	80.979	-0.000	0.000	1.571	
702.532	370.984	80.985	-0.000	0.000	1.571	
702.499	370.960	80.988	-0.000	0.000	1.571	
702.466	370.936	81.001	-0.000	0.000	1.571	
702.433	370.912	81.006	-0.000	0.000	1.571	
702.401	370.888	81.016	-0.000	0.000	1.571	
702.368	370.863	81.023	-0.000	0.000	1.571	
702.335	370.839	81.030	-0.000	0.000	1.571	
702.302	370.815	81.033	-0.000	0.000	1.571	
702.268	370.791	81.038	-0.000	0.000	1.571	
702.235	370.767	81.041	-0.000	0.000	1.571	
702.202	370.742	81.051	-0.000	0.000	1.571	
702.169	370.718	81.055	-0.000	0.000	1.571	
702.135	370.693	81.060	-0.000	0.000	1.571	
702.102	370.668	81.063	-0.000	0.000	1.571	
702.069	370.644	81.066	-0.000	0.000	1.571	
702.036	370.619	81.068	-0.000	0.000	1.571	
702.002	370.595	81.068	-0.000	0.000	1.571	
701.969	370.570	81.070	-0.000	0.000	1.571	
701.936	370.545	81.071	-0.000	0.000	1.571	
701.902	370.521	81.073	-0.000	0.000	1.571	
701.868	370.496	81.077	-0.000	0.000	1.571	
701.835	370.471	81.078	-0.000	0.000	1.571	
701.802	370.446	81.080	-0.000	0.000	1.571	
701.768	370.421	81.081	-0.000	0.000	1.571	
701.735	370.396	81.082	-0.000	0.000	1.571	
701.702	370.370	81.083	-0.000	0.000	1.571	
701.669	370.344	81.086	-0.000	0.000	1.571	
701.636	370.318	81.098	-0.000	0.000	1.571	
701.604	370.293	81.105	-0.000	0.000	1.571	
701.570	370.267	81.106	-0.000	0.000	1.571	
701.537	370.242	81.108	-0.000	0.000	1.571	
701.504	370.217	81.113	-0.000	0.000	1.571	
701.471	370.191	81.113	-0.000	0.000	1.571	
701.438	370.166	81.116	-0.000	0.000	1.571	
701.404	370.142	81.118	-0.000	0.000	1.571	
701.371	370.117	81.120	-0.000	0.000	1.571	
701.338	370.092	81.127	-0.000	0.000	1.571	
701.304	370.067	81.127	-0.000	0.000	1.571	
701.270	370.042	81.131	-0.000	0.000	1.571	
701.236	370.017	81.132	-0.000	0.000	1.571	
701.202	369.992	81.135	-0.000	0.000	1.571	
701.169	369.966	81.136	-0.000	0.000	1.571	
701.135	369.941	81.143	-0.000	0.000	1.571	
701.101	369.916	81.145	-0.000	0.000	1.571	
701.067	369.891	81.149	-0.000	0.000	1.571	
701.033	369.867	81.149	-0.000	0.000	1.571	
700.999	369.842	81.150	-0.000	0.000	1.571	
700.965	369.816	81.152	-0.000	0.000	1.571	
700.932	369.792	81.153	-0.000	0.000	1.571	
700.898	369.767	81.160	-0.000	0.000	1.571	
700.864	369.742	81.163	-0.000	0.000	1.571	
700.830	369.717	81.166	-0.000	0.000	1.571	
700.796	369.692	81.170	-0.000	0.000	1.571	
700.762	369.667	81.173	-0.000	0.000	1.571	
700.728	369.642	81.181	-0.000	0.000	1.571	
700.694	369.617	81.185	-0.000	0.000	1.571	
700.660	369.593	81.190	-0.000	0.000	1.571	
700.626	369.568	81.195	-0.000	0.000	1.571	
700.592	369.543	81.200	-0.000	0.000	1.571	
700.559	369.518	81.205	-0.000	0.000	1.571	
700.525	369.493	81.212	-0.000	0.000	1.571	
700.491	369.468	81.222	-0.000	0.000	1.571	
700.457	369.443	81.226	-0.000	0.000	1.571	
700.423	369.418	81.229	-0.000	0.000	1.571	
700.389	369.393	81.237	-0.000	0.000	1.571	
700.355	369.367	81.240	-0.000	0.000	1.571	
700.322	369.341	81.241	-0.000	0.000	1.571	
700.288	369.315	81.244	-0.000	0.000	1.571	
700.255	369.288	81.245	-0.000	0.000	1.571	
700.221	369.262	81.245	-0.000	0.000	1.571	
700.187	369.235	81.246	-0.000	0.000	1.571	
700.153	369.209	81.247	-0.000	0.000	1.571	
700.119	369.183	81.247	-0.000	0.000	1.571	
700.085	369.157	81.252	-0.000	0.000	1.571	
700.051	369.131	81.253	-0.000	0.000	1.571	
700.017	369.106	81.256	-0.000	0.000	1.571	
699.983	369.080	81.258	-0.000	0.000	1.571	
699.949	369.054	81.263	-0.000	0.000	1.571	
699.915	369.028	81.267	-0.000	0.000	1.571	
699.880	369.003	81.274	-0.000	0.000	1.571	
699.846	368.977	81.275	-0.000	0.000	1.571	
699.812	368.952	81.281	-0.000	0.000	1.571	
699.778	368.926	81.284	-0.000	0.000	1.571	
699.743	368.900	81.293	-0.000	0.000	1.571	
699.709	368.875	81.296	-0.000	0.000	1.571	
699.675	368.849	81.299	-0.000	0.000	1.571	
699.640	368.823	81.301	-0.000	0.000	1.571	
699.606	368.797	81.310	-0.000	0.000	1.571	
699.571	368.772	81.317	-0.000	0.000	1.571	
699.537	368.746	81.321	-0.000	0.000	1.571	
699.502	368.721	81.324	-0.000	0.000	1.571	
699.468	368.695	81.327	-0.000	0.000	1.571	
699.433	368.670	81.330	-0.000	0.000	1.571	
699.398	368.644	81.338	-0.000	0.000	1.571	
699.364	368.618	81.345	-0.000	0.000	1.571	
699.329	368.593	81.347	-0.000	0.000	1.571	
699.294	368.567	81.348	-0.000	0.000	1.571	
699.259	368.541	81.351	-0.000	0.000	1.571	
699.224	368.515	81.352	-0.000	0.000	1.571	
699.190	368.489	81.353	-0.000	0.000	1.571	
699.155	368.463	81.353	-0.000	0.000	1.571	
699.120	368.437	81.355	-0.000	0.000	1.571	
699.086	368.411	81.362	-0.000	0.000	1.571	
699.051	368.384	81.365	-0.000	0.000	1.571	
699.017	368.358	81.368	-0.000	0.000	1.571	
698.983	368.331	81.369	-0.000	0.000	1.571	
698.948	368.304	81.371	-0.000	0.000	1.571	
698.914	368.278	81.372	-0.000	0.000	1.571	
698.879	368.252	81.376	-0.000	0.000	1.571	
698.844	368.225	81.378	-0.000	0.000	1.571	
698.810	368.199	81.383	-0.000	0.000	1.571	
698.775	368.172	81.384	-0.000	0.000	1.571	
698.740	368.146	81.385	-0.000	0.000	1.571	
698.705	368.120	81.389	-0.000	0.000	1.571	
698.670	368.094	81.390	-0.000	0.000	1.571	
698.634	368.067	81.394	-0.000	0.000	1.571	
698.600	368.041	81.395	-0.000	0.000	1.571	
698.564	368.015	81.398	-0.000	0.000	1.571	
698.529	367.989	81.399	-0.000	0.000	1.571	
698.494	367.963	81.402	-0.000	0.000	1.571	
698.459	367.938	81.408	-0.000	0.000	1.571	
698.425	367.912	81.411	-0.000	0.000	1.571	
698.390	367.886	81.415	-0.000	0.000	1.571	
698.355	367.860	81.419	-0.000	0.000	1.571	
698.321	367.835	81.422	-0.000	0.000	1.571	
698.286	367.809	81.427	-0.000	0.000	1.571	
698.252	367.783	81.431	-0.000	0.000	1.571	
698.217	367.758	81.437	-0.000	0.000	1.571	
698.182	367.732	81.442	-0.000	0.000	1.571	
698.147	367.706	81.449	-0.000	0.000	1.571	
698.112	367.680	81.456	-0.000	0.000	1.571	
698.077	367.655	81.462	-0.000	0.000	1.571	
698.042	367.629	81.467	-0.000	0.000	1.571	
698.008	367.603	81.473	-0.000	0.000	1.571	
697.973	367.577	81.478	-0.000	0.000	1.571	
697.938	367.551	81.484	-0.000	0.000	1.571	
697.903	367.525	81.494	-0.000	0.000	1.571	
697.868	367.499	81.500	-0.000	0.000	1.571	
697.834	367.473	81.510	-0.000	0.000	1.571	
697.799	367.447	81.515	-0.000	0.000	1.571	
697.765	367.420	81.535	-0.000	0.000	1.571	
697.731	367.393	81.541	-0.000	0.000	1.571	
697.696	367.367	81.549	-0.000	0.000	1.571	
697.661	367.340	81.551	-0.000	0.000	1.571	
697.626	367.313	81.553	-0.000	0.000	1.571	
697.591	367.287	81.556	-0.000	0.000	1.571	
697.555	367.260	81.557	-0.000	0.000	1.571	
697.520	367.233	81.558	-0.000	0.000	1.571	
697.484	367.207	81.560	-0.000	0.000	1.571	
697.449	367.180	81.561	-0.000	0.000	1.571	
697.414	367.153	81.562	-0.000	0.000	1.571	
697.379	367.127	81.564	-0.000	0.000	1.571	
697.343	367.101	81.566	-0.000	0.000	1.571	
697.307	367.075	81.569	-0.000	0.000	1.571	
697.272	367.048	81.572	-0.000	0.000	1.571	
697.236	367.022	81.574	-0.000	0.000	1.571	
697.200	366.996	81.575	-0.000	0.000	1.571	
697.165	366.970	81.584	-0.000	0.000	1.571	
697.129	366.943	81.585	-0.000	0.000	1.571	
697.093	366.917	81.589	-0.000	0.000	1.571	
697.057	366.891	81.591	-0.000	0.000	1.571	
697.021	366.864	81.595	-0.000	0.000	1.571	
696.985	366.838	81.598	-0.000	0.000	1.571	
696.950	366.811	81.600	-0.000	0.000	1.571	
696.913	366.785	81.602	-0.000	0.000	1.571	
696.877	366.759	81.604	-0.000	0.000	1.571	
696.841	366.732	81.608	-0.000	0.000	1.571	
696.805	366.706	81.614	-0.000	0.000	1.571	
696.769	366.679	81.615	-0.000	0.000	1.571	
696.733	366.652	81.617	-0.000	0.000	1.571	
696.698	366.626	81.622	-0.000	0.000	1.571	
696.662	366.599	81.630	-0.000	0.000	1.571	
696.626	366.572	81.637	-0.000	0.000	1.571	
696.591	366.545	81.639	-0.000	0.000	1.571	
696.555	366.518	81.639	-0.000	0.000	1.571	
696.519	366.491	81.641	-0.000	0.000	1.571	
696.484	366.463	81.644	-0.000	0.000	1.571	
696.448	366.436	81.646	-0.000	0.000	1.571	
696.413	366.409	81.648	-0.000	0.000	1.571	
696.377	366.382	81.649	-0.000	0.000	1.571	
696.341	366.354	81.651	-0.000	0.000	1.571	
696.306	366.327	81.653	-0.000	0.000	1.571	
696.270	366.300	81.655	-0.000	0.000	1.571	
696.234	366.273	81.656	-0.000	0.000	1.571	
696.198	366.246	81.659	-0.000	0.000	1.571	
696.162	366.219	81.661	-0.000	0.000	1.571	
696.126	366.193	81.665	-0.000	0.000	1.571	
696.091	366.166	81.669	-0.000	0.000	1.571	
696.054	366.139	81.672	-0.000	0.000	1.571	
696.019	366.113	81.677	-0.000	0.000	1.571	
695.983	366.086	81.681	-0.000	0.000	1.571	
695.947	366.060	81.686	-0.000	0.000	1.571	
695.911	366.033	81.690	-0.000	0.000	1.571	
695.875	366.006	81.694	-0.000	0.000	1.571	
695.838	365.979	81.703	-0.000	0.000	1.571	
695.802	365.952	81.706	-0.000	0.000	1.571	
695.766	365.925	81.713	-0.000	0.000	1.571	
695.729	365.898	81.721	-0.000	0.000	1.571	
695.693	365.871	81.727	-0.000	0.000	1.571	
695.656	365.843	81.732	-0.000	0.000	1.571	
695.620	365.817	81.739	-0.000	0.000	1.571	
695.583	365.790	81.742	-0.000	0.000	1.571	
695.546	365.762	81.752	-0.000	0.000	1.571	
695.510	365.735	81.757	-0.000	0.000	1.571	
695.472	365.707	81.769	-0.000	0.000	1.571	
695.435	365.680	81.772	-0.000	0.000	1.571	
695.397	365.652	81.776	-0.000	0.000	1.571	
695.360	365.624	81.781	-0.000	0.000	1.571	
695.322	365.596	81.785	-0.000	0.000	1.571	
695.284	365.567	81.794	-0.000	0.000	1.571	
695.247	365.539	81.808	-0.000	0.000	1.571	
695.209	365.510	81.812	-0.000	0.000	1.571	
695.172	365.481	81.815	-0.000	0.000	1.571	
695.133	365.453	81.816	-0.000	0.000	1.571	
695.095	365.424	81.818	-0.000	0.000	1.571	
695.056	365.395	81.818	-0.000	0.000	1.571	
695.018	365.366	81.819	-0.000	0.000	1.571	
694.979	365.337	81.821	-0.000	0.000	1.571	
694.933	365.302	81.821	-0.000	0.000	1.571	
694.902	365.279	81.826	-0.000	0.000	1.571	
694.863	365.251	81.824	-0.000	0.000	1.571	
694.825	365.222	81.825	-0.000	0.000	1.571	
694.786	365.193	81.824	-0.000	0.000	1.571	
694.747	365.165	81.825	-0.000	0.000	1.571	
694.708	365.136	81.826	-0.000	0.000	1.571	
694.669	365.108	81.827	-0.000	0.000	1.571	
694.630	365.079	81.827	-0.000	0.000	1.571	
694.591	365.051	81.826	-0.000	0.000	1.571	
694.552	365.022	81.825	-0.000	0.000	1.571	
694.512	364.993	81.823	-0.000	0.000	1.571	
694.473	364.964	81.821	-0.000	0.000	1.571	
694.426	364.929	81.819	-0.000	0.000	1.571	
694.387	364.900	81.818	-0.000	0.000	1.571	
694.348	364.871	81.816	-0.000	0.000	1.571	
694.316	364.848	81.815	-0.000	0.000	1.571	
694.277	364.818	81.813	-0.000	0.000	1.571	
694.237	364.789	81.811	-0.000	0.000	1.571	
694.198	364.760	81.807	-0.000	0.000	1.571	
694.158	364.730	81.804	-0.000	0.000	1.571	
694.119	364.701	81.803	-0.000	0.000	1.571	
694.079	364.671	81.800	-0.000	0.000	1.571	
694.032	364.635	81.797	-0.000	0.000	1.571	
694.000	364.611	81.795	-0.000	0.000	1.571	
693.961	364.581	81.793	-0.000	0.000	1.571	
693.914	364.544	81.789	-0.000	0.000	1.571	
693.883	364.520	81.787	-0.000	0.000	1.571	
693.843	364.490	81.784	-0.000	0.000	1.571	
693.803	364.460	81.782	-0.000	0.000	1.571	
693.764	364.430	81.781	-0.000	0.000	1.571	
693.717	364.394	81.778	-0.000	0.000	1.571	
693.685	364.370	81.776	-0.000	0.000	1.571	
693.645	364.340	81.774	-0.000	0.000	1.571	
693.606	364.311	81.773	-0.000	0.000	1.571	
693.566	364.281	81.772	-0.000	0.000	1.571	
693.518	364.246	81.769	-0.000	0.000	1.571	
693.486	364.222	81.769	-0.000	0.000	1.571	
693.447	364.192	81.768	-0.000	0.000	1.571	
693.399	364.157	81.767	-0.000	0.000	1.571	
693.367	364.133	81.768	-0.000	0.000	1.571	
693.327	364.104	81.767	-0.000	0.000	1.571	
693.287	364.075	81.771	-0.000	0.000	1.571	
693.247	364.045	81.775	-0.000	0.000	1.571	
693.199	364.010	81.775	-0.000	0.000	1.571	
693.168	363.986	81.776	-0.000	0.000	1.571	
693.128	363.957	81.777	-0.000	0.000	1.571	
693.080	363.922	81.780	-0.000	0.000	1.571	
693.048	363.898	81.782	-0.000	0.000	1.571	
693.008	363.869	81.787	-0.000	0.000	1.571	
692.968	363.839	81.785	-0.000	0.000	1.571	
692.928	363.810	81.788	-0.000	0.000	1.571	
692.888	363.780	81.791	-0.000	0.000	1.571	
692.848	363.751	81.793	-0.000	0.000	1.571	
692.808	363.721	81.795	-0.000	0.000	1.571	
692.769	363.691	81.798	-0.000	0.000	1.571	
692.721	363.654	81.799	-0.000	0.000	1.571	
692.682	363.624	81.804	-0.000	0.000	1.571	
692.651	363.600	81.810	-0.000	0.000	1.571	
692.611	363.569	81.809	-0.000	0.000	1.571	
692.563	363.533	81.806	-0.000	0.000	1.571	
692.523	363.503	81.805	-0.000	0.000	1.571	
692.491	363.478	81.805	-0.000	0.000	1.571	
692.443	363.442	81.802	-0.000	0.000	1.571	
692.403	363.411	81.802	-0.000	0.000	1.571	
692.363	363.381	81.804	-0.000	0.000	1.571	
692.331	363.358	81.805	-0.000	0.000	1.571	
692.291	363.328	81.803	-0.000	0.000	1.571	
692.251	363.298	81.802	-0.000	0.000	1.571	
692.203	363.263	81.804	-0.000	0.000	1.571	
692.162	363.233	81.806	-0.000	0.000	1.571	
692.122	363.203	81.805	-0.000	0.000	1.571	
692.081	363.174	81.805	-0.000	0.000	1.571	
692.049	363.149	81.804	-0.000	0.000	1.571	
692.000	363.114	81.801	-0.000	0.000	1.571	
691.960	363.084	81.799	-0.000	0.000	1.571	
691.919	363.054	81.798	-0.000	0.000	1.571	
691.886	363.030	81.796	-0.000	0.000	1.571	
691.838	362.994	81.793	-0.000	0.000	1.571	
691.798	362.964	81.791	-0.000	0.000	1.571	
691.757	362.934	81.789	-0.000	0.000	1.571	
691.717	362.904	81.788	-0.000	0.000	1.571	
691.676	362.874	81.787	-0.000	0.000	1.571	
691.636	362.845	81.786	-0.000	0.000	1.571	
691.595	362.814	81.783	-0.000	0.000	1.571	
691.555	362.784	81.782	-0.000	0.000	1.571	
691.515	362.754	81.781	-0.000	0.000	1.571	
691.474	362.724	81.780	-0.000	0.000	1.571	
691.434	362.693	81.779	-0.000	0.000	1.571	
691.402	362.669	81.779	-0.000	0.000	1.571	
691.363	362.638	81.778	-0.000	0.000	1.571	
691.315	362.601	81.777	-0.000	0.000	1.571	
691.291	362.583	81.780	-0.000	0.000	1.571	
691.235	362.540	81.780	-0.000	0.000	1.571	
691.194	362.510	81.781	-0.000	0.000	1.571	
691.154	362.479	81.786	-0.000	0.000	1.571	
691.114	362.449	81.786	-0.000	0.000	1.571	
691.074	362.419	81.786	-0.000	0.000	1.571	
691.033	362.389	81.785	-0.000	0.000	1.571	
691.000	362.364	81.787	-0.000	0.000	1.571	
690.952	362.328	81.789	-0.000	0.000	1.571	
690.911	362.298	81.789	-0.000	0.000	1.571	
690.870	362.268	81.790	-0.000	0.000	1.571	
690.830	362.237	81.792	-0.000	0.000	1.571	
690.797	362.213	81.794	-0.000	0.000	1.571	
690.748	362.177	81.793	-0.000	0.000	1.571	
690.707	362.147	81.794	-0.000	0.000	1.571	
690.666	362.117	81.796	-0.000	0.000	1.571	
690.625	362.087	81.798	-0.000	0.000	1.571	
690.585	362.056	81.798	-0.000	0.000	1.571	
690.544	362.026	81.796	-0.000	0.000	1.571	
690.502	361.996	81.794	-0.000	0.000	1.571	
690.461	361.965	81.793	-0.000	0.000	1.571	
690.428	361.941	81.793	-0.000	0.000	1.571	
690.379	361.904	81.790	-0.000	0.000	1.571	
690.338	361.874	81.789	-0.000	0.000	1.571	
690.296	361.843	81.790	-0.000	0.000	1.571	
690.255	361.813	81.787	-0.000	0.000	1.571	
690.222	361.788	81.786	-0.000	0.000	1.571	
690.172	361.751	81.783	-0.000	0.000	1.571	
690.131	361.720	81.781	-0.000	0.000	1.571	
690.090	361.689	81.780	-0.000	0.000	1.571	
690.049	361.658	81.778	-0.000	0.000	1.571	
690.008	361.627	81.777	-0.000	0.000	1.571	
689.967	361.596	81.777	-0.000	0.000	1.571	
689.926	361.565	81.781	-0.000	0.000	1.571	
689.884	361.534	81.780	-0.000	0.000	1.571	
689.843	361.503	81.780	-0.000	0.000	1.571	
689.802	361.472	81.779	-0.000	0.000	1.571	
689.769	361.447	81.779	-0.000	0.000	1.571	
689.719	361.410	81.778	-0.000	0.000	1.571	
689.678	361.380	81.779	-0.000	0.000	1.571	
689.636	361.349	81.779	-0.000	0.000	1.571	
689.595	361.318	81.783	-0.000	0.000	1.571	
689.554	361.288	81.783	-0.000	0.000	1.571	
689.513	361.258	81.782	-0.000	0.000	1.571	
689.472	361.227	81.780	-0.000	0.000	1.571	
689.430	361.197	81.780	-0.000	0.000	1.571	
689.389	361.166	81.780	-0.000	0.000	1.571	
689.347	361.136	81.779	-0.000	0.000	1.571	
689.306	361.106	81.776	-0.000	0.000	1.571	
689.264	361.075	81.774	-0.000	0.000	1.571	
689.223	361.044	81.771	-0.000	0.000	1.571	
689.181	361.014	81.771	-0.000	0.000	1.571	
689.140	360.984	81.769	-0.000	0.000	1.571	
689.099	360.954	81.768	-0.000	0.000	1.571	
689.057	360.923	81.770	-0.000	0.000	1.571	
689.016	360.893	81.768	-0.000	0.000	1.571	
688.975	360.862	81.766	-0.000	0.000	1.571	
688.934	360.831	81.765	-0.000	0.000	1.571	
688.893	360.800	81.764	-0.000	0.000	1.571	
688.852	360.769	81.764	-0.000	0.000	1.571	
688.812	360.738	81.767	-0.000	0.000	1.571	
688.771	360.707	81.768	-0.000	0.000	1.571	
688.730	360.676	81.768	-0.000	0.000	1.571	
688.690	360.645	81.769	-0.000	0.000	1.571	
688.649	360.615	81.768	-0.000	0.000	1.571	
688.608	360.584	81.769	-0.000	0.000	1.571	
688.567	360.554	81.768	-0.000	0.000	1.571	
688.526	360.523	81.768	-0.000	0.000	1.571	
688.485	360.493	81.768	-0.000	0.000	1.571	
688.444	360.462	81.771	-0.000	0.000	1.571	
688.403	360.432	81.771	-0.000	0.000	1.571	
688.361	360.402	81.772	-0.000	0.000	1.571	
688.320	360.372	81.773	-0.000	0.000	1.571	
688.280	360.342	81.775	-0.000	0.000	1.571	
688.239	360.311	81.775	-0.000	0.000	1.571	
688.198	360.281	81.777	-0.000	0.000	1.571	
688.157	360.251	81.782	-0.000	0.000	1.571	
688.116	360.221	81.784	-0.000	0.000	1.571	
688.075	360.190	81.786	-0.000	0.000	1.571	
688.034	360.160	81.791	-0.000	0.000	1.571	
687.993	360.130	81.796	-0.000	0.000	1.571	
687.952	360.099	81.802	-0.000	0.000	1.571	
687.911	360.069	81.806	-0.000	0.000	1.571	
687.870	360.039	81.811	-0.000	0.000	1.571	
687.830	360.008	81.812	-0.000	0.000	1.571	
687.789	359.978	81.811	-0.000	0.000	1.571	
687.748	359.948	81.811	-0.000	0.000	1.571	
687.707	359.917	81.810	-0.000	0.000	1.571	
687.667	359.886	81.807	-0.000	0.000	1.571	
687.626	359.855	81.806	-0.000	0.000	1.571	
687.586	359.824	81.804	-0.000	0.000	1.571	
687.546	359.792	81.803	-0.000	0.000	1.571	
687.505	359.762	81.802	-0.000	0.000	1.571	
687.465	359.731	81.801	-0.000	0.000	1.571	
687.424	359.700	81.800	-0.000	0.000	1.571	
687.384	359.670	81.801	-0.000	0.000	1.571	
687.343	359.639	81.801	-0.000	0.000	1.571	
687.302	359.609	81.799	-0.000	0.000	1.571	
687.262	359.579	81.797	-0.000	0.000	1.571	
687.221	359.548	81.798	-0.000	0.000	1.571	
687.180	359.518	81.796	-0.000	0.000	1.571	
687.139	359.488	81.796	-0.000	0.000	1.571	
687.099	359.457	81.794	-0.000	0.000	1.571	
687.058	359.427	81.793	-0.000	0.000	1.571	
687.017	359.397	81.791	-0.000	0.000	1.571	
686.976	359.367	81.792	-0.000	0.000	1.571	
686.935	359.337	81.791	-0.000	0.000	1.571	
686.894	359.307	81.789	-0.000	0.000	1.571	
686.853	359.277	81.788	-0.000	0.000	1.571	
686.812	359.247	81.786	-0.000	0.000	1.571	
686.771	359.217	81.784	-0.000	0.000	1.571	
686.730	359.187	81.782	-0.000	0.000	1.571	
686.689	359.156	81.779	-0.000	0.000	1.571	
686.648	359.127	81.777	-0.000	0.000	1.571	
686.608	359.097	81.776	-0.000	0.000	1.571	
686.567	359.067	81.775	-0.000	0.000	1.571	
686.526	359.036	81.775	-0.000	0.000	1.571	
686.485	359.006	81.773	-0.000	0.000	1.571	
686.445	358.976	81.771	-0.000	0.000	1.571	
686.404	358.945	81.770	-0.000	0.000	1.571	
686.364	358.914	81.770	-0.000	0.000	1.571	
686.324	358.883	81.771	-0.000	0.000	1.571	
686.284	358.852	81.771	-0.000	0.000	1.571	
686.245	358.821	81.771	-0.000	0.000	1.571	
686.204	358.791	81.772	-0.000	0.000	1.571	
686.164	358.761	81.772	-0.000	0.000	1.571	
686.123	358.730	81.772	-0.000	0.000	1.571	
686.083	358.700	81.772	-0.000	0.000	1.571	
686.042	358.669	81.773	-0.000	0.000	1.571	
686.002	358.639	81.777	-0.000	0.000	1.571	
685.961	358.608	81.780	-0.000	0.000	1.571	
685.921	358.578	81.782	-0.000	0.000	1.571	
685.880	358.548	81.784	-0.000	0.000	1.571	
685.840	358.518	81.786	-0.000	0.000	1.571	
685.799	358.488	81.791	-0.000	0.000	1.571	
685.759	358.458	81.793	-0.000	0.000	1.571	
685.718	358.428	81.794	-0.000	0.000	1.571	
685.677	358.397	81.795	-0.000	0.000	1.571	
685.637	358.367	81.796	-0.000	0.000	1.571	
685.596	358.337	81.794	-0.000	0.000	1.571	
685.555	358.307	81.793	-0.000	0.000	1.571	
685.514	358.276	81.792	-0.000	0.000	1.571	
685.474	358.246	81.791	-0.000	0.000	1.571	
685.433	358.215	81.790	-0.000	0.000	1.571	
685.392	358.185	81.789	-0.000	0.000	1.571	
685.351	358.154	81.788	-0.000	0.000	1.571	
685.311	358.124	81.789	-0.000	0.000	1.571	
685.270	358.094	81.787	-0.000	0.000	1.571	
685.229	358.064	81.788	-0.000	0.000	1.571	
685.188	358.033	81.787	-0.000	0.000	1.571	
685.147	358.002	81.789	-0.000	0.000	1.571	
685.107	357.972	81.788	-0.000	0.000	1.571	
685.066	357.942	81.787	-0.000	0.000	1.571	
685.025	357.911	81.789	-0.000	0.000	1.571	
684.985	357.881	81.789	-0.000	0.000	1.571	
684.944	357.850	81.789	-0.000	0.000	1.571	
684.905	357.819	81.790	-0.000	0.000	1.571	
684.865	357.787	81.790	-0.000	0.000	1.571	
684.825	357.756	81.790	-0.000	0.000	1.571	
684.784	357.725	81.790	-0.000	0.000	1.571	
684.744	357.695	81.791	-0.000	0.000	1.571	
684.703	357.664	81.791	-0.000	0.000	1.571	
684.663	357.634	81.792	-0.000	0.000	1.571	
684.622	357.603	81.793	-0.000	0.000	1.571	
684.582	357.572	81.793	-0.000	0.000	1.571	
684.541	357.542	81.792	-0.000	0.000	1.571	
684.500	357.511	81.791	-0.000	0.000	1.571	
684.460	357.481	81.791	-0.000	0.000	1.571	
684.419	357.450	81.789	-0.000	0.000	1.571	
684.378	357.419	81.788	-0.000	0.000	1.571	
684.337	357.389	81.787	-0.000	0.000	1.571	
684.296	357.358	81.785	-0.000	0.000	1.571	
684.255	357.328	81.783	-0.000	0.000	1.571	
684.214	357.298	81.782	-0.000	0.000	1.571	
684.173	357.268	81.781	-0.000	0.000	1.571	
684.132	357.237	81.782	-0.000	0.000	1.571	
684.091	357.207	81.782	-0.000	0.000	1.571	
684.050	357.176	81.780	-0.000	0.000	1.571	
684.009	357.146	81.783	-0.000	0.000	1.571	
683.968	357.116	81.786	-0.000	0.000	1.571	
683.928	357.085	81.785	-0.000	0.000	1.571	
683.887	357.055	81.785	-0.000	0.000	1.571	
683.846	357.025	81.784	-0.000	0.000	1.571	
683.805	356.994	81.785	-0.000	0.000	1.571	
683.764	356.964	81.785	-0.000	0.000	1.571	
683.723	356.933	81.785	-0.000	0.000	1.571	
683.682	356.903	81.786	-0.000	0.000	1.571	
683.641	356.873	81.785	-0.000	0.000	1.571	
683.600	356.842	81.787	-0.000	0.000	1.571	
683.560	356.811	81.787	-0.000	0.000	1.571	
683.519	356.780	81.789	-0.000	0.000	1.571	
683.479	356.749	81.789	-0.000	0.000	1.571	
683.439	356.716	81.789	-0.000	0.000	1.571	
683.399	356.685	81.793	-0.000	0.000	1.571	
683.358	356.654	81.796	-0.000	0.000	1.571	
683.318	356.623	81.796	-0.000	0.000	1.571	
683.277	356.592	81.796	-0.000	0.000	1.571	
683.236	356.561	81.795	-0.000	0.000	1.571	
683.195	356.530	81.796	-0.000	0.000	1.571	
683.154	356.500	81.795	-0.000	0.000	1.571	
683.114	356.469	81.798	-0.000	0.000	1.571	
683.073	356.439	81.800	-0.000	0.000	1.571	
683.032	356.408	81.799	-0.000	0.000	1.571	
682.991	356.378	81.798	-0.000	0.000	1.571	
682.950	356.348	81.796	-0.000	0.000	1.571	
682.909	356.317	81.793	-0.000	0.000	1.571	
682.868	356.287	81.792	-0.000	0.000	1.571	
682.827	356.256	81.790	-0.000	0.000	1.571	
682.786	356.226	81.788	-0.000	0.000	1.571	
682.745	356.195	81.787	-0.000	0.000	1.571	
682.704	356.165	81.785	-0.000	0.000	1.571	
682.663	356.134	81.784	-0.000	0.000	1.571	
682.621	356.104	81.784	-0.000	0.000	1.571	
682.580	356.073	81.782	-0.000	0.000	1.571	
682.539	356.043	81.781	-0.000	0.000	1.571	
682.497	356.012	81.779	-0.000	0.000	1.571	
682.456	355.981	81.778	-0.000	0.000	1.571	
682.415	355.950	81.775	-0.000	0.000	1.571	
682.374	355.919	81.774	-0.000	0.000	1.571	
682.332	355.888	81.772	-0.000	0.000	1.571	
682.291	355.857	81.770	-0.000	0.000	1.571	
682.249	355.826	81.768	-0.000	0.000	1.571	
682.208	355.795	81.767	-0.000	0.000	1.571	
682.166	355.764	81.765	-0.000	0.000	1.571	
682.125	355.733	81.764	-0.000	0.000	1.571	
682.084	355.701	81.762	-0.000	0.000	1.571	
682.043	355.670	81.762	-0.000	0.000	1.571	
682.001	355.638	81.761	-0.000	0.000	1.571	
681.960	355.606	81.762	-0.000	0.000	1.571	
681.919	355.575	81.761	-0.000	0.000	1.571	
681.877	355.543	81.761	-0.000	0.000	1.571	
681.835	355.512	81.760	-0.000	0.000	1.571	
681.793	355.480	81.761	-0.000	0.000	1.571	
681.751	355.448	81.761	-0.000	0.000	1.571	
681.709	355.416	81.760	-0.000	0.000	1.571	
681.667	355.385	81.760	-0.000	0.000	1.571	
681.625	355.353	81.761	-0.000	0.000	1.571	
681.582	355.321	81.762	-0.000	0.000	1.571	
681.540	355.289	81.762	-0.000	0.000	1.571	
681.497	355.257	81.762	-0.000	0.000	1.571	
681.453	355.225	81.761	-0.000	0.000	1.571	
681.409	355.192	81.759	-0.000	0.000	1.571	
681.363	355.158	81.756	-0.000	0.000	1.571	
681.315	355.123	81.753	-0.000	0.000	1.571	
681.266	355.086	81.754	-0.000	0.000	1.571	
681.218	355.049	81.755	-0.000	0.000	1.571	
681.169	355.013	81.754	-0.000	0.000	1.571	
681.120	354.976	81.744	-0.000	0.000	1.571	
681.072	354.939	81.731	-0.000	0.000	1.571	
681.022	354.902	81.720	-0.000	0.000	1.571	
680.973	354.865	81.710	-0.000	0.000	1.571	
680.923	354.827	81.693	-0.000	0.000	1.571	
680.874	354.790	81.683	-0.000	0.000	1.571	
680.825	354.752	81.665	-0.000	0.000	1.571	
680.775	354.715	81.648	-0.000	0.000	1.571	
680.726	354.677	81.633	-0.000	0.000	1.571	
680.677	354.639	81.616	-0.000	0.000	1.571	
680.628	354.601	81.595	-0.000	0.000	1.571	
680.578	354.563	81.552	-0.000	0.000	1.571	
680.529	354.525	81.524	-0.000	0.000	1.571	
680.480	354.487	81.501	-0.000	0.000	1.571	
680.431	354.449	81.478	-0.000	0.000	1.571	
680.382	354.411	81.447	-0.000	0.000	1.571	
680.333	354.373	81.423	-0.000	0.000	1.571	
680.283	354.336	81.398	-0.000	0.000	1.571	
680.234	354.298	81.370	-0.000	0.000	1.571	
680.185	354.260	81.336	-0.000	0.000	1.571	
680.135	354.223	81.307	-0.000	0.000	1.571	
680.086	354.186	81.258	-0.000	0.000	1.571	
680.036	354.148	81.230	-0.000	0.000	1.571	
679.987	354.111	81.190	-0.000	0.000	1.571	
679.937	354.073	81.172	-0.000	0.000	1.571	
679.888	354.035	81.151	-0.000	0.000	1.571	
679.838	353.997	81.137	-0.000	0.000	1.571	
679.788	353.959	81.121	-0.000	0.000	1.571	
679.739	353.922	81.108	-0.000	0.000	1.571	
679.689	353.883	81.092	-0.000	0.000	1.571	
679.639	353.846	81.080	-0.000	0.000	1.571	
679.590	353.808	81.064	-0.000	0.000	1.571	
679.540	353.771	81.040	-0.000	0.000	1.571	
679.491	353.733	81.025	-0.000	0.000	1.571	
679.441	353.695	81.009	-0.000	0.000	1.571	
679.392	353.658	80.994	-0.000	0.000	1.571	
679.342	353.621	80.980	-0.000	0.000	1.571	
679.293	353.583	80.965	-0.000	0.000	1.571	
679.243	353.546	80.952	-0.000	0.000	1.571	
679.194	353.508	80.936	-0.000	0.000	1.571	
679.144	353.471	80.908	-0.000	0.000	1.571	
679.094	353.434	80.894	-0.000	0.000	1.571	
679.045	353.396	80.880	-0.000	0.000	1.571	
678.996	353.358	80.865	-0.000	0.000	1.571	
678.947	353.320	80.851	-0.000	0.000	1.571	
678.897	353.282	80.833	-0.000	0.000	1.571	
678.848	353.244	80.821	-0.000	0.000	1.571	
678.800	353.206	80.809	-0.000	0.000	1.571	
678.751	353.168	80.794	-0.000	0.000	1.571	
678.702	353.130	80.771	-0.000	0.000	1.571	
678.653	353.093	80.759	-0.000	0.000	1.571	
678.604	353.055	80.742	-0.000	0.000	1.571	
678.555	353.017	80.728	-0.000	0.000	1.571	
678.506	352.980	80.715	-0.000	0.000	1.571	
678.457	352.942	80.699	-0.000	0.000	1.571	
678.408	352.905	80.681	-0.000	0.000	1.571	
678.358	352.867	80.666	-0.000	0.000	1.571	
678.309	352.830	80.650	-0.000	0.000	1.571	
678.261	352.793	80.631	-0.000	0.000	1.571	
678.211	352.756	80.607	-0.000	0.000	1.571	
678.162	352.719	80.591	-0.000	0.000	1.571	
678.113	352.681	80.575	-0.000	0.000	1.571	
678.064	352.644	80.558	-0.000	0.000	1.571	
678.015	352.607	80.540	-0.000	0.000	1.571	
677.966	352.570	80.524	-0.000	0.000	1.571	
677.917	352.533	80.505	-0.000	0.000	1.571	
677.869	352.496	80.461	-0.000	0.000	1.571	
677.820	352.459	80.454	-0.000	0.000	1.571	
677.771	352.421	80.419	-0.000	0.000	1.571	
677.722	352.384	80.404	-0.000	0.000	1.571	
677.673	352.347	80.384	-0.000	0.000	1.571	
677.624	352.310	80.359	-0.000	0.000	1.571	
677.576	352.273	80.337	-0.000	0.000	1.571	
677.527	352.236	80.324	-0.000	0.000	1.571	
677.478	352.199	80.305	-0.000	0.000	1.571	
677.429	352.161	80.298	-0.000	0.000	1.571	
677.381	352.124	80.288	-0.000	0.000	1.571	
677.332	352.086	80.278	-0.000	0.000	1.571	
677.283	352.050	80.267	-0.000	0.000	1.571	
677.234	352.012	80.249	-0.000	0.000	1.571	
677.186	351.975	80.236	-0.000	0.000	1.571	
677.138	351.937	80.214	-0.000	0.000	1.571	
677.090	351.899	80.201	-0.000	0.000	1.571	
677.041	351.861	80.185	-0.000	0.000	1.571	
676.993	351.823	80.162	-0.000	0.000	1.571	
676.944	351.786	80.150	-0.000	0.000	1.571	
676.896	351.749	80.135	-0.000	0.000	1.571	
676.848	351.712	80.120	-0.000	0.000	1.571	
676.799	351.675	80.109	-0.000	0.000	1.571	
676.751	351.638	80.098	-0.000	0.000	1.571	
676.702	351.601	80.083	-0.000	0.000	1.571	
676.653	351.565	80.071	-0.000	0.000	1.571	
676.605	351.528	80.057	-0.000	0.000	1.571	
676.556	351.491	80.043	-0.000	0.000	1.571	
676.508	351.455	80.019	-0.000	0.000	1.571	
676.460	351.418	80.001	-0.000	0.000	1.571	
676.411	351.381	79.984	-0.000	0.000	1.571	
676.363	351.345	79.966	-0.000	0.000	1.571	
676.315	351.308	79.950	-0.000	0.000	1.571	
676.267	351.271	79.938	-0.000	0.000	1.571	
676.219	351.234	79.911	-0.000	0.000	1.571	
676.171	351.197	79.896	-0.000	0.000	1.571	
676.123	351.160	79.871	-0.000	0.000	1.571	
676.075	351.124	79.851	-0.000	0.000	1.571	
676.027	351.087	79.836	-0.000	0.000	1.571	
675.979	351.051	79.813	-0.000	0.000	1.571	
675.931	351.015	79.797	-0.000	0.000	1.571	
675.883	350.979	79.779	-0.000	0.000	1.571	
675.835	350.942	79.764	-0.000	0.000	1.571	
675.787	350.906	79.750	-0.000	0.000	1.571	
675.740	350.870	79.735	-0.000	0.000	1.571	
675.692	350.834	79.721	-0.000	0.000	1.571	
675.644	350.798	79.707	-0.000	0.000	1.571	
675.596	350.762	79.692	-0.000	0.000	1.571	
675.549	350.725	79.675	-0.000	0.000	1.571	
675.501	350.688	79.661	-0.000	0.000	1.571	
675.454	350.651	79.643	-0.000	0.000	1.571	
675.407	350.615	79.620	-0.000	0.000	1.571	
675.359	350.578	79.598	-0.000	0.000	1.571	
675.312	350.542	79.583	-0.000	0.000	1.571	
675.264	350.505	79.563	-0.000	0.000	1.571	
675.216	350.468	79.549	-0.000	0.000	1.571	
675.169	350.432	79.536	-0.000	0.000	1.571	
675.121	350.395	79.520	-0.000	0.000	1.571	
675.073	350.360	79.509	-0.000	0.000	1.571	
675.026	350.324	79.497	-0.000	0.000	1.571	
674.978	350.288	79.485	-0.000	0.000	1.571	
674.930	350.251	79.475	-0.000	0.000	1.571	
674.883	350.216	79.463	-0.000	0.000	1.571	
674.835	350.180	79.445	-0.000	0.000	1.571	
674.788	350.144	79.426	-0.000	0.000	1.571	
674.740	350.108	79.409	-0.000	0.000	1.571	
674.693	350.072	79.396	-0.000	0.000	1.571	
674.645	350.036	79.379	-0.000	0.000	1.571	
674.598	350.001	79.365	-0.000	0.000	1.571	
674.551	349.965	79.352	-0.000	0.000	1.571	
674.503	349.929	79.338	-0.000	0.000	1.571	
674.455	349.893	79.324	-0.000	0.000	1.571	
674.408	349.857	79.310	-0.000	0.000	1.571	
674.361	349.822	79.291	-0.000	0.000	1.571	
674.314	349.786	79.276	-0.000	0.000	1.571	
674.267	349.750	79.261	-0.000	0.000	1.571	
674.220	349.714	79.243	-0.000	0.000	1.571	
674.173	349.679	79.225	-0.000	0.000	1.571	
674.126	349.643	79.207	-0.000	0.000	1.571	
674.079	349.607	79.191	-0.000	0.000	1.571	
674.032	349.572	79.175	-0.000	0.000	1.571	
673.985	349.535	79.158	-0.000	0.000	1.571	
673.939	349.499	79.127	-0.000	0.000	1.571	
673.892	349.463	79.110	-0.000	0.000	1.571	
673.846	349.427	79.091	-0.000	0.000	1.571	
673.799	349.391	79.056	-0.000	0.000	1.571	
673.752	349.355	79.039	-0.000	0.000	1.571	
673.705	349.319	79.012	-0.000	0.000	1.571	
673.658	349.283	78.999	-0.000	0.000	1.571	
673.611	349.248	78.974	-0.000	0.000	1.571	
673.564	349.212	78.965	-0.000	0.000	1.571	
673.517	349.177	78.953	-0.000	0.000	1.571	
673.470	349.141	78.942	-0.000	0.000	1.571	
673.423	349.106	78.927	-0.000	0.000	1.571	
673.377	349.071	78.917	-0.000	0.000	1.571	
673.330	349.036	78.903	-0.000	0.000	1.571	
673.283	349.001	78.893	-0.000	0.000	1.571	
673.236	348.966	78.882	-0.000	0.000	1.571	
673.189	348.931	78.869	-0.000	0.000	1.571	
673.143	348.895	78.859	-0.000	0.000	1.571	
673.096	348.860	78.840	-0.000	0.000	1.571	
673.049	348.824	78.826	-0.000	0.000	1.571	
673.003	348.789	78.816	-0.000	0.000	1.571	
672.957	348.754	78.803	-0.000	0.000	1.571	
672.910	348.719	78.789	-0.000	0.000	1.571	
672.864	348.684	78.766	-0.000	0.000	1.571	
672.817	348.649	78.753	-0.000	0.000	1.571	
672.771	348.614	78.742	-0.000	0.000	1.571	
672.724	348.579	78.730	-0.000	0.000	1.571	
672.678	348.544	78.719	-0.000	0.000	1.571	
672.632	348.509	78.708	-0.000	0.000	1.571	
672.586	348.474	78.696	-0.000	0.000	1.571	
672.540	348.438	78.680	-0.000	0.000	1.571	
672.494	348.403	78.665	-0.000	0.000	1.571	
672.449	348.367	78.641	-0.000	0.000	1.571	
672.403	348.331	78.627	-0.000	0.000	1.571	
672.357	348.296	78.606	-0.000	0.000	1.571	
672.312	348.261	78.591	-0.000	0.000	1.571	
672.266	348.226	78.577	-0.000	0.000	1.571	
672.220	348.190	78.564	-0.000	0.000	1.571	
672.174	348.155	78.545	-0.000	0.000	1.571	
672.128	348.121	78.530	-0.000	0.000	1.571	
672.082	348.086	78.517	-0.000	0.000	1.571	
672.037	348.051	78.504	-0.000	0.000	1.571	
671.991	348.016	78.491	-0.000	0.000	1.571	
671.945	347.981	78.475	-0.000	0.000	1.571	
671.899	347.947	78.462	-0.000	0.000	1.571	
671.853	347.912	78.437	-0.000	0.000	1.571	
671.807	347.878	78.424	-0.000	0.000	1.571	
671.761	347.843	78.409	-0.000	0.000	1.571	
671.715	347.809	78.391	-0.000	0.000	1.571	
671.669	347.774	78.377	-0.000	0.000	1.571	
671.623	347.740	78.361	-0.000	0.000	1.571	
671.577	347.705	78.342	-0.000	0.000	1.571	
671.532	347.671	78.329	-0.000	0.000	1.571	
671.486	347.636	78.311	-0.000	0.000	1.571	
671.440	347.602	78.294	-0.000	0.000	1.571	
671.395	347.567	78.279	-0.000	0.000	1.571	
671.349	347.533	78.264	-0.000	0.000	1.571	
671.304	347.498	78.246	-0.000	0.000	1.571	
671.258	347.464	78.230	-0.000	0.000	1.571	
671.213	347.430	78.215	-0.000	0.000	1.571	
671.167	347.395	78.196	-0.000	0.000	1.571	
671.122	347.361	78.182	-0.000	0.000	1.571	
671.077	347.326	78.168	-0.000	0.000	1.571	
671.032	347.292	78.150	-0.000	0.000	1.571	
670.987	347.257	78.138	-0.000	0.000	1.571	
670.942	347.222	78.123	-0.000	0.000	1.571	
670.897	347.187	78.109	-0.000	0.000	1.571	
670.852	347.151	78.095	-0.000	0.000	1.571	
670.807	347.117	78.069	-0.000	0.000	1.571	
670.763	347.082	78.048	-0.000	0.000	1.571	
670.718	347.048	78.032	-0.000	0.000	1.571	
670.672	347.013	78.020	-0.000	0.000	1.571	
670.627	346.979	78.002	-0.000	0.000	1.571	
670.582	346.944	77.988	-0.000	0.000	1.571	
670.537	346.910	77.977	-0.000	0.000	1.571	
670.492	346.876	77.961	-0.000	0.000	1.571	
670.447	346.842	77.949	-0.000	0.000	1.571	
670.402	346.808	77.918	-0.000	0.000	1.571	
670.356	346.774	77.906	-0.000	0.000	1.571	
670.311	346.741	77.885	-0.000	0.000	1.571	
670.266	346.707	77.875	-0.000	0.000	1.571	
670.222	346.673	77.862	-0.000	0.000	1.571	
670.176	346.638	77.850	-0.000	0.000	1.571	
670.131	346.604	77.836	-0.000	0.000	1.571	
670.086	346.570	77.824	-0.000	0.000	1.571	
670.041	346.536	77.810	-0.000	0.000	1.571	
669.996	346.502	77.787	-0.000	0.000	1.571	
669.951	346.468	77.774	-0.000	0.000	1.571	
669.906	346.434	77.761	-0.000	0.000	1.571	
669.861	346.400	77.747	-0.000	0.000	1.571	
669.816	346.366	77.734	-0.000	0.000	1.571	
669.771	346.331	77.714	-0.000	0.000	1.571	
669.726	346.298	77.703	-0.000	0.000	1.571	
669.681	346.264	77.688	-0.000	0.000	1.571	
669.637	346.230	77.673	-0.000	0.000	1.571	
669.593	346.195	77.660	-0.000	0.000	1.571	
669.548	346.161	77.646	-0.000	0.000	1.571	
669.504	346.127	77.633	-0.000	0.000	1.571	
669.460	346.093	77.614	-0.000	0.000	1.571	
669.415	346.058	77.601	-0.000	0.000	1.571	
669.371	346.024	77.580	-0.000	0.000	1.571	
669.327	345.990	77.563	-0.000	0.000	1.571	
669.282	345.956	77.550	-0.000	0.000	1.571	
669.238	345.923	77.528	-0.000	0.000	1.571	
669.194	345.889	77.511	-0.000	0.000	1.571	
669.149	345.856	77.491	-0.000	0.000	1.571	
669.105	345.822	77.479	-0.000	0.000	1.571	
669.060	345.789	77.467	-0.000	0.000	1.571	
669.015	345.755	77.449	-0.000	0.000	1.571	
668.971	345.721	77.436	-0.000	0.000	1.571	
668.926	345.688	77.422	-0.000	0.000	1.571	
668.882	345.654	77.408	-0.000	0.000	1.571	
668.838	345.621	77.388	-0.000	0.000	1.571	
668.793	345.588	77.377	-0.000	0.000	1.571	
668.749	345.554	77.364	-0.000	0.000	1.571	
668.704	345.520	77.353	-0.000	0.000	1.571	
668.660	345.486	77.338	-0.000	0.000	1.571	
668.615	345.453	77.327	-0.000	0.000	1.571	
668.571	345.420	77.316	-0.000	0.000	1.571	
668.526	345.386	77.303	-0.000	0.000	1.571	
668.482	345.353	77.291	-0.000	0.000	1.571	
668.437	345.319	77.277	-0.000	0.000	1.571	
668.393	345.286	77.260	-0.000	0.000	1.571	
668.349	345.253	77.248	-0.000	0.000	1.571	
668.304	345.219	77.230	-0.000	0.000	1.571	
668.260	345.186	77.214	-0.000	0.000	1.571	
668.216	345.152	77.200	-0.000	0.000	1.571	
668.172	345.119	77.177	-0.000	0.000	1.571	
668.129	345.085	77.161	-0.000	0.000	1.571	
668.085	345.052	77.146	-0.000	0.000	1.571	
668.041	345.017	77.134	-0.000	0.000	1.571	
667.998	344.983	77.124	-0.000	0.000	1.571	
667.954	344.950	77.111	-0.000	0.000	1.571	
667.910	344.916	77.098	-0.000	0.000	1.571	
667.866	344.883	77.084	-0.000	0.000	1.571	
667.822	344.849	77.071	-0.000	0.000	1.571	
667.778	344.815	77.049	-0.000	0.000	1.571	
667.734	344.782	77.035	-0.000	0.000	1.571	
667.690	344.749	77.022	-0.000	0.000	1.571	
667.646	344.716	77.004	-0.000	0.000	1.571	
667.602	344.683	76.989	-0.000	0.000	1.571	
667.558	344.650	76.964	-0.000	0.000	1.571	
667.514	344.617	76.949	-0.000	0.000	1.571	
667.470	344.584	76.936	-0.000	0.000	1.571	
667.426	344.551	76.924	-0.000	0.000	1.571	
667.382	344.518	76.899	-0.000	0.000	1.571	
667.338	344.485	76.885	-0.000	0.000	1.571	
667.294	344.452	76.873	-0.000	0.000	1.571	
667.250	344.419	76.858	-0.000	0.000	1.571	
667.206	344.387	76.845	-0.000	0.000	1.571	
667.164	344.354	76.830	-0.000	0.000	1.571	
667.121	344.323	76.806	-0.000	0.000	1.571	
667.079	344.291	76.787	-0.000	0.000	1.571	
667.037	344.260	76.777	-0.000	0.000	1.571	
666.996	344.229	76.764	-0.000	0.000	1.571	
666.955	344.199	76.750	-0.000	0.000	1.571	
666.914	344.168	76.735	-0.000	0.000	1.571	
666.874	344.138	76.724	-0.000	0.000	1.571	
666.835	344.108	76.708	-0.000	0.000	1.571	
666.796	344.078	76.693	-0.000	0.000	1.571	
666.758	344.049	76.678	-0.000	0.000	1.571	
666.720	344.019	76.667	-0.000	0.000	1.571	
666.683	343.990	76.655	-0.000	0.000	1.571	
666.645	343.961	76.646	-0.000	0.000	1.571	
666.609	343.933	76.632	-0.000	0.000	1.571	
666.572	343.904	76.625	-0.000	0.000	1.571	
666.536	343.877	76.614	-0.000	0.000	1.571	
666.501	343.850	76.605	-0.000	0.000	1.571	
666.465	343.823	76.596	-0.000	0.000	1.571	
666.430	343.796	76.585	-0.000	0.000	1.571	
666.395	343.770	76.570	-0.000	0.000	1.571	
666.361	343.744	76.561	-0.000	0.000	1.571	
666.327	343.718	76.551	-0.000	0.000	1.571	
666.294	343.693	76.538	-0.000	0.000	1.571	
666.261	343.668	76.529	-0.000	0.000	1.571	
666.229	343.643	76.517	-0.000	0.000	1.571	
666.197	343.619	76.501	-0.000	0.000	1.571	
666.165	343.595	76.485	-0.000	0.000	1.571	
666.133	343.572	76.473	-0.000	0.000	1.571	
666.102	343.549	76.462	-0.000	0.000	1.571	
666.072	343.526	76.453	-0.000	0.000	1.571	
666.042	343.503	76.440	-0.000	0.000	1.571	
666.012	343.481	76.430	-0.000	0.000	1.571	
665.983	343.459	76.418	-0.000	0.000	1.571	
665.954	343.437	76.408	-0.000	0.000	1.571	
665.926	343.416	76.396	-0.000	0.000	1.571	
665.898	343.395	76.386	-0.000	0.000	1.571	
665.870	343.374	76.377	-0.000	0.000	1.571	
665.843	343.353	76.368	-0.000	0.000	1.571	
665.816	343.333	76.349	-0.000	0.000	1.571	
665.790	343.313	76.338	-0.000	0.000	1.571	
665.764	343.293	76.327	-0.000	0.000	1.571	
665.738	343.274	76.318	-0.000	0.000	1.571	
665.713	343.255	76.312	-0.000	0.000	1.571	
665.688	343.236	76.304	-0.000	0.000	1.571	
665.664	343.218	76.296	-0.000	0.000	1.571	
665.640	343.200	76.290	-0.000	0.000	1.571	
665.617	343.182	76.284	-0.000	0.000	1.571	
665.594	343.164	76.279	-0.000	0.000	1.571	
665.571	343.147	76.270	-0.000	0.000	1.571	
665.549	343.130	76.265	-0.000	0.000	1.571	
665.527	343.113	76.259	-0.000	0.000	1.571	
665.506	343.097	76.254	-0.000	0.000	1.571	
665.485	343.081	76.246	-0.000	0.000	1.571	
665.465	343.065	76.241	-0.000	0.000	1.571	
665.445	343.049	76.231	-0.000	0.000	1.571	
665.425	343.034	76.226	-0.000	0.000	1.571	
665.406	343.020	76.220	-0.000	0.000	1.571	
665.388	343.005	76.215	-0.000	0.000	1.571	
665.369	342.991	76.211	-0.000	0.000	1.571	
665.352	342.978	76.204	-0.000	0.000	1.571	
665.334	342.964	76.197	-0.000	0.000	1.571	
665.317	342.950	76.188	-0.000	0.000	1.571	
665.300	342.938	76.181	-0.000	0.000	1.571	
665.283	342.925	76.172	-0.000	0.000	1.571	
665.267	342.913	76.166	-0.000	0.000	1.571	
665.251	342.901	76.161	-0.000	0.000	1.571	
665.236	342.889	76.156	-0.000	0.000	1.571	
665.221	342.878	76.152	-0.000	0.000	1.571	
665.207	342.868	76.145	-0.000	0.000	1.571	
665.193	342.857	76.140	-0.000	0.000	1.571	
665.180	342.846	76.134	-0.000	0.000	1.571	
665.167	342.836	76.116	-0.000	0.000	1.571	
665.154	342.827	76.109	-0.000	0.000	1.571	
665.142	342.818	76.102	-0.000	0.000	1.571	
665.130	342.809	76.097	-0.000	0.000	1.571	
665.119	342.800	76.092	-0.000	0.000	1.571	
665.108	342.791	76.088	-0.000	0.000	1.571	
665.097	342.783	76.082	-0.000	0.000	1.571	
665.087	342.775	76.079	-0.000	0.000	1.571	
665.077	342.768	76.076	-0.000	0.000	1.571	
665.068	342.760	76.073	-0.000	0.000	1.571	
665.059	342.754	76.071	-0.000	0.000	1.571	
665.050	342.747	76.068	-0.000	0.000	1.571	
665.042	342.741	76.064	-0.000	0.000	1.571	
665.035	342.735	76.060	-0.000	0.000	1.571	
665.027	342.729	76.057	-0.000	0.000	1.571	
665.020	342.724	76.054	-0.000	0.000	1.571	
665.013	342.719	76.051	-0.000	0.000	1.571	
665.007	342.714	76.050	-0.000	0.000	1.571	
665.001	342.710	76.048	-0.000	0.000	1.571	
664.996	342.705	76.047	-0.000	0.000	1.571	
664.991	342.702	76.046	-0.000	0.000	1.571	
664.986	342.698	76.046	-0.000	0.000	1.571	
664.982	342.694	76.047	-0.000	0.000	1.571	
664.978	342.691	76.047	-0.000	0.000	1.571	
664.975	342.689	76.048	-0.000	0.000	1.571	
664.972	342.686	76.048	-0.000	0.000	1.571	
664.969	342.684	76.049	-0.000	0.000	1.571	
664.967	342.682	76.049	-0.000	0.000	1.571	
664.964	342.679	76.049	-0.000	0.000	1.571	
664.961	342.677	76.049	-0.000	0.000	1.571	
664.958	342.675	76.049	-0.000	0.000	1.571	
664.955	342.673	76.050	-0.000	0.000	1.571	
664.952	342.670	76.050	-0.000	0.000	1.571	
664.949	342.668	76.048	-0.000	0.000	1.571	
664.946	342.666	76.046	-0.000	0.000	1.571	
664.944	342.663	76.044	-0.000	0.000	1.571	
664.941	342.660	76.042	-0.000	0.000	1.571	
664.938	342.658	76.040	-0.000	0.000	1.571	
664.935	342.656	76.038	-0.000	0.000	1.571	
664.932	342.654	76.036	-0.000	0.000	1.571	
664.929	342.652	76.034	-0.000	0.000	1.571	
664.926	342.650	76.032	-0.000	0.000	1.571	
664.923	342.647	76.030	-0.000	0.000	1.571	
664.921	342.645	76.028	-0.000	0.000	1.571	
664.918	342.643	76.025	-0.000	0.000	1.571	
664.915	342.640	76.022	-0.000	0.000	1.571	
664.913	342.638	76.020	-0.000	0.000	1.571	
664.910	342.637	76.017	-0.000	0.000	1.571	
664.908	342.636	76.015	-0.000	0.000	1.571	
664.906	342.634	76.011	-0.000	0.000	1.571	
664.903	342.632	76.009	-0.000	0.000	1.571	
664.901	342.630	76.007	-0.000	0.000	1.571	
664.899	342.628	76.004	-0.000	0.000	1.571	
664.897	342.626	76.002	-0.000	0.000	1.571	
664.895	342.624	75.999	-0.000	0.000	1.571	
664.893	342.622	75.998	-0.000	0.000	1.571	
664.891	342.621	75.997	-0.000	0.000	1.571	
664.888	342.619	75.997	-0.000	0.000	1.571	
664.886	342.618	75.997	-0.000	0.000	1.571	
664.885	342.617	75.998	-0.000	0.000	1.571	
664.883	342.615	75.998	-0.000	0.000	1.571	
664.881	342.613	75.998	-0.000	0.000	1.571	
664.879	342.612	75.998	-0.000	0.000	1.571	
664.878	342.610	75.998	-0.000	0.000	1.571	
664.875	342.608	75.997	-0.000	0.000	1.571	
664.872	342.605	76.000	-0.000	0.000	1.571	
664.869	342.603	76.002	-0.000	0.000	1.571	
664.866	342.600	76.005	-0.000	0.000	1.571	
664.863	342.598	76.006	-0.000	0.000	1.571	
664.861	342.596	76.006	-0.000	0.000	1.571	
664.858	342.593	76.005	-0.000	0.000	1.571	
664.856	342.591	76.004	-0.000	0.000	1.571	
664.853	342.589	76.003	-0.000	0.000	1.571	
664.850	342.587	76.001	-0.000	0.000	1.571	
664.848	342.585	75.998	-0.000	0.000	1.571	
664.846	342.584	75.996	-0.000	0.000	1.571	
664.843	342.582	75.995	-0.000	0.000	1.571	
664.841	342.580	75.993	-0.000	0.000	1.571	
664.839	342.578	75.992	-0.000	0.000	1.571	
664.836	342.576	75.989	-0.000	0.000	1.571	
664.834	342.575	75.990	-0.000	0.000	1.571	
664.832	342.573	75.987	-0.000	0.000	1.571	
664.830	342.570	75.986	-0.000	0.000	1.571	
664.828	342.569	75.986	-0.000	0.000	1.571	
664.826	342.567	75.985	-0.000	0.000	1.571	
664.823	342.565	75.984	-0.000	0.000	1.571	
664.821	342.563	75.982	-0.000	0.000	1.571	
664.820	342.562	75.979	-0.000	0.000	1.571	
664.818	342.560	75.978	-0.000	0.000	1.571	
664.816	342.558	75.976	-0.000	0.000	1.571	
664.815	342.557	75.975	-0.000	0.000	1.571	
664.813	342.555	75.974	-0.000	0.000	1.571	
664.811	342.554	75.973	-0.000	0.000	1.571	
664.809	342.552	75.973	-0.000	0.000	1.571	
664.808	342.551	75.972	-0.000	0.000	1.571	
664.806	342.550	75.973	-0.000	0.000	1.571	
664.805	342.548	75.973	-0.000	0.000	1.571	
664.803	342.547	75.973	-0.000	0.000	1.571	
664.802	342.546	75.973	-0.000	0.000	1.571	
664.800	342.545	75.973	-0.000	0.000	1.571	
664.799	342.544	75.972	-0.000	0.000	1.571	
664.797	342.542	75.971	-0.000	0.000	1.571	
664.794	342.540	75.970	-0.000	0.000	1.571	
664.792	342.538	75.971	-0.000	0.000	1.571	
664.790	342.536	75.972	-0.000	0.000	1.571	
664.787	342.534	75.972	-0.000	0.000	1.571	
664.785	342.532	75.971	-0.000	0.000	1.571	
664.782	342.530	75.970	-0.000	0.000	1.571	
664.780	342.528	75.968	-0.000	0.000	1.571	
664.777	342.527	75.966	-0.000	0.000	1.571	
664.775	342.525	75.965	-0.000	0.000	1.571	
664.773	342.523	75.962	-0.000	0.000	1.571	
664.771	342.522	75.960	-0.000	0.000	1.571	
664.768	342.520	75.959	-0.000	0.000	1.571	
664.766	342.518	75.957	-0.000	0.000	1.571	
664.764	342.516	75.956	-0.000	0.000	1.571	
664.762	342.514	75.954	-0.000	0.000	1.571	
664.760	342.513	75.953	-0.000	0.000	1.571	
664.758	342.511	75.953	-0.000	0.000	1.571	
664.756	342.509	75.952	-0.000	0.000	1.571	
664.754	342.508	75.951	-0.000	0.000	1.571	
664.752	342.506	75.951	-0.000	0.000	1.571	
664.750	342.505	75.949	-0.000	0.000	1.571	
664.748	342.503	75.946	-0.000	0.000	1.571	
664.746	342.502	75.946	-0.000	0.000	1.571	
664.745	342.501	75.945	-0.000	0.000	1.571	
664.743	342.499	75.944	-0.000	0.000	1.571	
664.741	342.498	75.942	-0.000	0.000	1.571	
664.739	342.497	75.941	-0.000	0.000	1.571	
664.738	342.495	75.940	-0.000	0.000	1.571	
664.736	342.494	75.940	-0.000	0.000	1.571	
664.735	342.493	75.940	-0.000	0.000	1.571	
664.733	342.492	75.941	-0.000	0.000	1.571	
664.732	342.491	75.941	-0.000	0.000	1.571	
664.731	342.490	75.941	-0.000	0.000	1.571	
664.729	342.488	75.941	-0.000	0.000	1.571	
664.728	342.487	75.941	-0.000	0.000	1.571	
664.726	342.486	75.942	-0.000	0.000	1.571	
664.725	342.485	75.942	-0.000	0.000	1.571	
664.724	342.484	75.942	-0.000	0.000	1.571	
664.723	342.483	75.942	-0.000	0.000	1.571	
664.721	342.482	75.943	-0.000	0.000	1.571	
664.720	342.481	75.943	-0.000	0.000	1.571	
664.718	342.479	75.942	-0.000	0.000	1.571	
664.715	342.478	75.943	-0.000	0.000	1.571	
664.713	342.476	75.944	-0.000	0.000	1.571	
664.711	342.475	75.944	-0.000	0.000	1.571	
664.709	342.473	75.944	-0.000	0.000	1.571	
664.706	342.471	75.943	-0.000	0.000	1.571	
664.704	342.470	75.941	-0.000	0.000	1.571	
664.702	342.468	75.939	-0.000	0.000	1.571	
664.700	342.466	75.937	-0.000	0.000	1.571	
664.698	342.465	75.935	-0.000	0.000	1.571	
664.696	342.463	75.932	-0.000	0.000	1.571	
664.694	342.461	75.929	-0.000	0.000	1.571	
664.692	342.460	75.927	-0.000	0.000	1.571	
664.690	342.458	75.925	-0.000	0.000	1.571	
664.688	342.456	75.921	-0.000	0.000	1.571	
664.686	342.455	75.919	-0.000	0.000	1.571	
664.684	342.453	75.916	-0.000	0.000	1.571	
664.681	342.452	75.915	-0.000	0.000	1.571	
664.679	342.450	75.911	-0.000	0.000	1.571	
664.677	342.449	75.909	-0.000	0.000	1.571	
664.676	342.447	75.908	-0.000	0.000	1.571	
664.674	342.445	75.908	-0.000	0.000	1.571	
664.672	342.444	75.907	-0.000	0.000	1.571	
664.671	342.442	75.906	-0.000	0.000	1.571	
664.669	342.441	75.905	-0.000	0.000	1.571	
664.667	342.439	75.904	-0.000	0.000	1.571	
664.665	342.438	75.904	-0.000	0.000	1.571	
664.664	342.437	75.904	-0.000	0.000	1.571	
664.662	342.436	75.904	-0.000	0.000	1.571	
664.660	342.435	75.903	-0.000	0.000	1.571	
664.659	342.434	75.901	-0.000	0.000	1.571	
664.658	342.433	75.900	-0.000	0.000	1.571	
664.656	342.431	75.900	-0.000	0.000	1.571	
664.655	342.430	75.900	-0.000	0.000	1.571	
664.653	342.428	75.900	-0.000	0.000	1.571	
664.652	342.427	75.900	-0.000	0.000	1.571	
664.651	342.426	75.901	-0.000	0.000	1.571	
664.650	342.426	75.901	-0.000	0.000	1.571	
664.649	342.425	75.902	-0.000	0.000	1.571	
664.647	342.424	75.905	-0.000	0.000	1.571	
664.646	342.423	75.906	-0.000	0.000	1.571	
664.645	342.423	75.906	-0.000	0.000	1.571	
664.644	342.422	75.907	-0.000	0.000	1.571	
664.644	342.421	75.908	-0.000	0.000	1.571	
664.643	342.421	75.908	-0.000	0.000	1.571	
664.643	342.420	75.909	-0.000	0.000	1.571	
664.642	342.420	75.909	-0.000	0.000	1.571	
664.641	342.419	75.910	-0.000	0.000	1.571	
664.641	342.418	75.911	-0.000	0.000	1.571	
664.639	342.417	75.910	-0.000	0.000	1.571	
664.637	342.415	75.911	-0.000	0.000	1.571	
664.635	342.414	75.914	-0.000	0.000	1.571	
664.632	342.412	75.916	-0.000	0.000	1.571	
664.630	342.410	75.915	-0.000	0.000	1.571	
664.628	342.409	75.916	-0.000	0.000	1.571	
664.626	342.407	75.915	-0.000	0.000	1.571	
664.625	342.406	75.914	-0.000	0.000	1.571	
664.623	342.405	75.911	-0.000	0.000	1.571	
664.621	342.404	75.910	-0.000	0.000	1.571	
664.619	342.402	75.908	-0.000	0.000	1.571	
664.618	342.401	75.905	-0.000	0.000	1.571	
664.616	342.400	75.903	-0.000	0.000	1.571	
664.614	342.398	75.902	-0.000	0.000	1.571	
664.613	342.397	75.901	-0.000	0.000	1.571	
664.611	342.395	75.900	-0.000	0.000	1.571	
664.609	342.394	75.900	-0.000	0.000	1.571	
664.607	342.393	75.898	-0.000	0.000	1.571	
664.606	342.392	75.896	-0.000	0.000	1.571	
664.604	342.391	75.895	-0.000	0.000	1.571	
664.602	342.389	75.893	-0.000	0.000	1.571	
664.601	342.388	75.891	-0.000	0.000	1.571	
664.599	342.386	75.890	-0.000	0.000	1.571	
664.598	342.385	75.889	-0.000	0.000	1.571	
664.597	342.384	75.887	-0.000	0.000	1.571	
664.595	342.383	75.885	-0.000	0.000	1.571	
664.593	342.381	75.884	-0.000	0.000	1.571	
664.592	342.380	75.883	-0.000	0.000	1.571	
664.591	342.378	75.881	-0.000	0.000	1.571	
664.589	342.377	75.880	-0.000	0.000	1.571	
664.588	342.376	75.879	-0.000	0.000	1.571	
664.586	342.375	75.877	-0.000	0.000	1.571	
664.585	342.373	75.877	-0.000	0.000	1.571	
664.584	342.372	75.876	-0.000	0.000	1.571	
664.582	342.371	75.876	-0.000	0.000	1.571	
664.581	342.370	75.878	-0.000	0.000	1.571	
664.579	342.369	75.885	-0.000	0.000	1.571	
664.578	342.368	75.891	-0.000	0.000	1.571	
664.576	342.367	75.901	-0.000	0.000	1.571	
664.574	342.366	75.911	-0.000	0.000	1.571	
664.572	342.366	75.920	-0.000	0.000	1.571	
664.571	342.365	75.931	-0.000	0.000	1.571	
664.569	342.365	75.941	-0.000	0.000	1.571	
664.566	342.364	75.953	-0.000	0.000	1.571	
664.564	342.364	75.966	-0.000	0.000	1.571	
664.562	342.364	75.978	-0.000	0.000	1.571	
664.560	342.364	75.994	-0.000	0.000	1.571	
664.557	342.364	76.007	-0.000	0.000	1.571	
664.555	342.364	76.022	-0.000	0.000	1.571	
664.552	342.365	76.037	-0.000	0.000	1.571	
664.549	342.364	76.051	-0.000	0.000	1.571	
664.545	342.364	76.065	-0.000	0.000	1.571	
664.541	342.363	76.084	-0.000	0.000	1.571	
664.536	342.362	76.101	-0.000	0.000	1.571	
664.532	342.361	76.117	-0.000	0.000	1.571	
664.527	342.361	76.134	-0.000	0.000	1.571	
664.523	342.361	76.149	-0.000	0.000	1.571	
664.519	342.361	76.164	-0.000	0.000	1.571	
664.514	342.361	76.168	-0.000	0.000	1.571	
664.509	342.360	76.167	-0.000	0.000	1.571	
664.504	342.360	76.185	-0.000	0.000	1.571	
664.499	342.360	76.190	-0.000	0.000	1.571	
664.494	342.360	76.203	-0.000	0.000	1.571	
664.489	342.360	76.211	-0.000	0.000	1.571	
664.483	342.359	76.227	-0.000	0.000	1.571	
664.479	342.358	76.243	-0.000	0.000	1.571	
664.474	342.355	76.240	-0.000	0.000	1.571	
664.469	342.354	76.259	-0.000	0.000	1.571	
664.464	342.353	76.277	-0.000	0.000	1.571	
664.458	342.352	76.284	-0.000	0.000	1.571	
664.452	342.351	76.305	-0.000	0.000	1.571	
664.447	342.350	76.270	-0.000	0.000	1.571	
664.441	342.349	76.278	-0.000	0.000	1.571	
664.435	342.349	76.310	-0.000	0.000	1.571	
664.429	342.348	76.327	-0.000	0.000	1.571	
664.422	342.348	76.344	-0.000	0.000	1.571	
664.416	342.347	76.304	-0.000	0.000	1.571	
664.409	342.348	76.304	-0.000	0.000	1.571	
664.402	342.348	76.322	-0.000	0.000	1.571	
664.395	342.347	76.330	-0.000	0.000	1.571	
664.388	342.347	76.311	-0.000	0.000	1.571	
664.381	342.347	76.302	-0.000	0.000	1.571	
664.373	342.347	76.300	-0.000	0.000	1.571	
664.365	342.347	76.316	-0.000	0.000	1.571	
664.357	342.347	76.342	-0.000	0.000	1.571	
664.349	342.347	76.338	-0.000	0.000	1.571	
664.340	342.346	76.327	-0.000	0.000	1.571	
664.332	342.346	76.342	-0.000	0.000	1.571	
664.323	342.346	76.341	-0.000	0.000	1.571	
664.315	342.346	76.349	-0.000	0.000	1.571	
664.306	342.346	76.345	-0.000	0.000	1.571	
664.297	342.346	76.373	-0.000	0.000	1.571	
664.287	342.346	76.394	-0.000	0.000	1.571	
664.278	342.346	76.430	-0.000	0.000	1.571	
664.268	342.347	76.426	-0.000	0.000	1.571	
664.258	342.347	76.453	-0.000	0.000	1.571	
664.248	342.348	76.472	-0.000	0.000	1.571	
664.238	342.349	76.502	-0.000	0.000	1.571	
664.227	342.351	76.466	-0.000	0.000	1.571	
664.217	342.353	76.514	-0.000	0.000	1.571	
664.206	342.354	76.520	-0.000	0.000	1.571	
664.194	342.355	76.510	-0.000	0.000	1.571	
664.183	342.357	76.554	-0.000	0.000	1.571	
664.172	342.359	76.592	-0.000	0.000	1.571	
664.160	342.360	76.631	-0.000	0.000	1.571	
664.148	342.362	76.674	-0.000	0.000	1.571	
664.136	342.364	76.708	-0.000	0.000	1.571	
664.124	342.365	76.738	-0.000	0.000	1.571	
664.111	342.367	76.784	-0.000	0.000	1.571	
664.099	342.369	76.814	-0.000	0.000	1.571	
664.086	342.371	76.890	-0.000	0.000	1.571	
664.073	342.372	76.919	-0.000	0.000	1.571	
664.059	342.373	76.981	-0.000	0.000	1.571	
664.046	342.373	77.041	-0.000	0.000	1.571	
664.032	342.373	77.100	-0.000	0.000	1.571	
664.018	342.372	77.161	-0.000	0.000	1.571	
664.003	342.370	77.226	-0.000	0.000	1.571	
663.988	342.368	77.296	-0.000	0.000	1.571	
663.973	342.366	77.362	-0.000	0.000	1.571	
663.957	342.362	77.436	-0.000	0.000	1.571	
663.942	342.359	77.508	-0.000	0.000	1.571	
663.926	342.354	77.587	-0.000	0.000	1.571	
663.910	342.350	77.649	-0.000	0.000	1.571	
663.893	342.344	77.735	-0.000	0.000	1.571	
663.876	342.339	77.819	-0.000	0.000	1.571	
663.859	342.332	77.904	-0.000	0.000	1.571	
663.842	342.325	77.995	-0.000	0.000	1.571	
663.823	342.318	78.086	-0.000	0.000	1.571	
663.805	342.310	78.181	-0.000	0.000	1.571	
663.787	342.302	78.277	-0.000	0.000	1.571	
663.768	342.292	78.377	-0.000	0.000	1.571	
663.749	342.283	78.480	-0.000	0.000	1.571	
663.729	342.273	78.584	-0.000	0.000	1.571	
663.710	342.262	78.692	-0.000	0.000	1.571	
663.690	342.251	78.801	-0.000	0.000	1.571	
663.670	342.239	78.909	-0.000	0.000	1.571	
663.650	342.227	79.018	-0.000	0.000	1.571	
663.629	342.214	79.128	-0.000	0.000	1.571	
663.609	342.202	79.238	-0.000	0.000	1.571	
663.588	342.187	79.348	-0.000	0.001	1.571	
663.567	342.173	79.459	-0.001	0.001	1.571	
663.546	342.159	79.570	-0.001	0.001	1.571	
663.526	342.143	79.682	-0.001	0.001	1.571	
663.504	342.128	79.794	-0.001	0.001	1.571	
663.483	342.111	79.906	-0.001	0.001	1.571	
663.462	342.094	80.019	-0.001	0.001	1.571	
663.440	342.076	80.132	-0.001	0.001	1.571	
663.419	342.058	80.246	-0.001	0.001	1.571	
663.397	342.040	80.360	-0.001	0.001	1.571	
663.375	342.020	80.474	-0.001	0.001	1.571	
663.353	342.001	80.589	-0.001	0.001	1.571	
663.331	341.981	80.704	-0.001	0.001	1.571	
663.309	341.960	80.820	-0.001	0.001	1.571	
663.287	341.939	80.937	-0.001	0.001	1.571	
663.264	341.917	81.053	-0.001	0.001	1.571	
663.242	341.895	81.171	-0.001	0.001	1.571	
663.220	341.872	81.288	-0.001	0.001	1.571	
663.197	341.848	81.406	-0.001	0.001	1.571	
663.174	341.824	81.525	-0.001	0.001	1.571	
663.151	341.799	81.644	-0.001	0.001	1.571	
663.128	341.774	81.763	-0.001	0.002	1.571	
663.105	341.748	81.883	-0.002	0.002	1.571	
663.082	341.723	82.003	-0.002	0.002	1.571	
663.059	341.696	82.123	-0.002	0.002	1.571	
663.035	341.669	82.245	-0.002	0.002	1.571	
663.011	341.641	82.366	-0.002	0.002	1.571	
662.987	341.613	82.488	-0.002	0.002	1.571	
662.964	341.584	82.609	-0.002	0.002	1.571	
662.940	341.555	82.732	-0.002	0.002	1.571	
662.916	341.525	82.856	-0.002	0.002	1.571	
662.891	341.495	82.979	-0.002	0.002	1.571	
662.867	341.464	83.103	-0.002	0.002	1.571	
662.843	341.433	83.227	-0.002	0.002	1.571	
662.818	341.401	83.352	-0.002	0.002	1.571	
662.793	341.369	83.477	-0.002	0.002	1.571	
662.769	341.336	83.603	-0.002	0.003	1.571	
662.744	341.302	83.729	-0.003	0.003	1.571	
662.718	341.269	83.855	-0.003	0.003	1.571	
662.693	341.234	83.982	-0.003	0.003	1.571	
662.668	341.199	84.109	-0.003	0.003	1.571	
662.642	341.163	84.237	-0.003	0.003	1.571	
662.616	341.127	84.365	-0.003	0.003	1.571	
662.591	341.090	84.493	-0.003	0.003	1.571	
662.565	341.053	84.622	-0.003	0.003	1.571	
662.539	341.015	84.751	-0.003	0.003	1.571	
662.512	340.977	84.880	-0.003	0.003	1.571	
662.486	340.938	85.011	-0.003	0.003	1.571	
662.459	340.899	85.141	-0.003	0.004	1.571	
662.433	340.859	85.273	-0.003	0.004	1.571	
662.406	340.818	85.404	-0.004	0.004	1.571	
662.379	340.777	85.536	-0.004	0.004	1.571	
662.352	340.736	85.667	-0.004	0.004	1.571	
662.325	340.694	85.800	-0.004	0.004	1.571	
662.298	340.651	85.933	-0.004	0.004	1.571	
662.270	340.608	86.066	-0.004	0.004	1.571	
662.243	340.564	86.200	-0.004	0.004	1.571	
662.215	340.520	86.334	-0.004	0.004	1.571	
662.188	340.476	86.468	-0.004	0.005	1.571	
662.160	340.431	86.604	-0.004	0.005	1.571	
662.132	340.385	86.739	-0.005	0.005	1.572	
662.104	340.338	86.875	-0.005	0.005	1.572	
662.075	340.292	87.011	-0.005	0.005	1.572	
662.047	340.244	87.148	-0.005	0.005	1.572	
662.019	340.196	87.285	-0.005	0.005	1.572	
661.990	340.148	87.422	-0.005	0.005	1.572	
661.961	340.099	87.560	-0.005	0.005	1.572	
661.932	340.049	87.698	-0.005	0.006	1.572	
661.903	339.999	87.837	-0.005	0.006	1.572	
661.874	339.949	87.975	-0.006	0.006	1.572	
661.845	339.898	88.115	-0.006	0.006	1.572	
661.815	339.846	88.255	-0.006	0.006	1.572	
661.786	339.795	88.395	-0.006	0.006	1.572	
661.757	339.743	88.535	-0.006	0.006	1.572	
661.727	339.692	88.675	-0.006	0.006	1.572	
661.698	339.640	88.815	-0.006	0.006	1.572	
661.668	339.589	88.955	-0.006	0.007	1.572	
661.639	339.537	89.095	-0.006	0.007	1.572	
661.610	339.485	89.235	-0.007	0.007	1.572	
661.581	339.434	89.375	-0.007	0.007	1.572	
661.551	339.382	89.515	-0.007	0.007	1.572	
661.522	339.331	89.655	-0.007	0.007	1.572	
661.492	339.279	89.796	-0.007	0.007	1.572	
661.463	339.228	89.936	-0.007	0.007	1.572	
661.434	339.176	90.076	-0.007	0.008	1.572	
661.404	339.125	90.217	-0.007	0.008	1.572	
661.374	339.073	90.357	-0.007	0.008	1.572	
661.345	339.021	90.497	-0.008	0.008	1.572	
661.315	338.970	90.636	-0.008	0.008	1.572	
661.287	338.920	90.774	-0.008	0.008	1.572	
661.258	338.870	90.910	-0.008	0.008	1.572	
661.230	338.820	91.045	-0.008	0.008	1.572	
661.202	338.771	91.178	-0.008	0.008	1.572	
661.174	338.723	91.311	-0.008	0.009	1.572	
661.146	338.675	91.442	-0.008	0.009	1.572	
661.119	338.627	91.571	-0.008	0.009	1.572	
661.093	338.580	91.699	-0.009	0.009	1.572	
661.066	338.534	91.826	-0.009	0.009	1.572	
661.040	338.488	91.951	-0.009	0.009	1.572	
661.014	338.443	92.075	-0.009	0.009	1.572	
660.988	338.398	92.198	-0.009	0.009	1.572	
660.963	338.353	92.320	-0.009	0.009	1.572	
660.938	338.309	92.440	-0.009	0.009	1.572	
660.913	338.266	92.558	-0.009	0.010	1.572	
660.889	338.224	92.676	-0.009	0.010	1.572	
660.865	338.181	92.791	-0.009	0.010	1.572	
660.841	338.139	92.905	-0.009	0.010	1.572	
660.817	338.098	93.018	-0.010	0.010	1.572	
660.794	338.057	93.130	-0.010	0.010	1.572	
660.771	338.017	93.241	-0.010	0.010	1.572	
660.749	337.978	93.350	-0.010	0.010	1.572	
660.726	337.939	93.458	-0.010	0.010	1.572	
660.704	337.900	93.564	-0.010	0.010	1.572	
660.683	337.862	93.669	-0.010	0.011	1.572	
660.661	337.824	93.773	-0.010	0.011	1.572	
660.640	337.787	93.875	-0.010	0.011	1.572	
660.619	337.751	93.976	-0.010	0.011	1.572	
660.599	337.715	94.075	-0.010	0.011	1.572	
660.579	337.679	94.173	-0.010	0.011	1.572	
660.559	337.644	94.270	-0.011	0.011	1.572	
660.539	337.609	94.365	-0.011	0.011	1.572	
660.520	337.575	94.459	-0.011	0.011	1.572	
660.501	337.542	94.552	-0.011	0.011	1.572	
660.482	337.509	94.644	-0.011	0.011	1.573	
660.464	337.477	94.733	-0.011	0.011	1.573	
660.446	337.445	94.822	-0.011	0.011	1.573	
660.428	337.414	94.909	-0.011	0.012	1.573	
660.410	337.383	94.995	-0.011	0.012	1.573	
660.393	337.353	95.079	-0.011	0.012	1.573	
660.376	337.323	95.162	-0.011	0.012	1.573	
660.360	337.294	95.244	-0.011	0.012	1.573	
660.343	337.265	95.324	-0.011	0.012	1.573	
660.327	337.237	95.403	-0.011	0.012	1.573	
660.312	337.209	95.481	-0.012	0.012	1.573	
660.296	337.182	95.558	-0.012	0.012	1.573	
660.281	337.156	95.633	-0.012	0.012	1.573	
660.266	337.130	95.707	-0.012	0.012	1.573	
660.251	337.105	95.779	-0.012	0.012	1.573	
660.236	337.080	95.850	-0.012	0.012	1.573	
660.222	337.056	95.919	-0.012	0.012	1.573	
660.208	337.032	95.987	-0.012	0.012	1.573	
660.195	337.009	96.054	-0.012	0.012	1.573	
660.182	336.986	96.120	-0.012	0.013	1.573	
660.169	336.964	96.184	-0.012	0.013	1.573	
660.156	336.942	96.246	-0.012	0.013	1.573	
660.144	336.921	96.307	-0.012	0.013	1.573	
660.132	336.901	96.367	-0.012	0.013	1.573	
660.120	336.881	96.426	-0.012	0.013	1.573	
660.109	336.861	96.483	-0.012	0.013	1.573	
660.098	336.841	96.538	-0.012	0.013	1.573	
660.088	336.823	96.593	-0.012	0.013	1.573	
660.077	336.805	96.646	-0.012	0.013	1.573	
660.067	336.787	96.697	-0.012	0.013	1.573	
660.057	336.771	96.748	-0.013	0.013	1.573	
660.047	336.754	96.796	-0.013	0.013	1.573	
660.038	336.738	96.844	-0.013	0.013	1.573	
660.029	336.723	96.890	-0.013	0.013	1.573	
660.021	336.708	96.934	-0.013	0.013	1.573	
660.012	336.694	96.978	-0.013	0.013	1.573	
660.004	336.680	97.020	-0.013	0.013	1.573	
659.997	336.667	97.061	-0.013	0.013	1.573	
659.989	336.654	97.100	-0.013	0.013	1.573	
659.982	336.641	97.138	-0.013	0.013	1.573	
659.975	336.630	97.175	-0.013	0.013	1.573	
659.969	336.618	97.210	-0.013	0.013	1.573	
659.962	336.608	97.244	-0.013	0.013	1.573	
659.956	336.598	97.276	-0.013	0.013	1.573	
659.951	336.588	97.307	-0.013	0.013	1.573	
659.945	336.579	97.337	-0.013	0.014	1.573	
659.940	336.570	97.365	-0.013	0.014	1.573	
659.935	336.562	97.392	-0.013	0.014	1.573	
659.931	336.554	97.417	-0.013	0.014	1.573	
659.927	336.547	97.441	-0.013	0.014	1.573	
659.923	336.541	97.464	-0.013	0.014	1.573	
659.919	336.535	97.485	-0.013	0.014	1.573	
659.916	336.530	97.506	-0.013	0.014	1.573	
659.913	336.525	97.524	-0.013	0.014	1.573	
659.910	336.521	97.542	-0.013	0.014	1.573	
659.908	336.517	97.557	-0.013	0.014	1.573	
659.905	336.514	97.572	-0.013	0.014	1.573	
659.903	336.511	97.585	-0.013	0.014	1.573	
659.902	336.508	97.596	-0.013	0.014	1.573	
659.900	336.506	97.607	-0.013	0.014	1.573	
659.900	336.505	97.616	-0.013	0.014	1.573	
659.899	336.504	97.624	-0.013	0.014	1.573	
659.898	336.504	97.630	-0.013	0.014	1.573	
659.898	336.505	97.635	-0.013	0.014	1.573	
659.898	336.506	97.639	-0.013	0.014	1.573	
659.898	336.507	97.642	-0.013	0.014	1.573	
659.899	336.508	97.646	-0.013	0.014	1.573	
659.899	336.509	97.649	-0.013	0.014	1.573	
659.899	336.509	97.653	-0.013	0.014	1.573	
659.899	336.511	97.656	-0.013	0.014	1.573	
659.899	336.511	97.660	-0.013	0.014	1.573	
659.899	336.512	97.663	-0.013	0.014	1.573	
659.899	336.513	97.666	-0.013	0.014	1.573	
659.899	336.514	97.670	-0.013	0.014	1.573	
659.899	336.515	97.674	-0.013	0.014	1.573	
659.900	336.516	97.678	-0.013	0.014	1.573	
659.900	336.517	97.681	-0.013	0.014	1.573	
659.900	336.518	97.685	-0.013	0.014	1.573	
659.899	336.519	97.689	-0.013	0.014	1.573	
659.899	336.520	97.692	-0.013	0.014	1.573	
659.899	336.521	97.696	-0.013	0.014	1.573	
659.900	336.521	97.700	-0.013	0.014	1.573	
659.900	336.522	97.703	-0.013	0.014	1.573	
659.900	336.523	97.707	-0.013	0.014	1.573	
659.900	336.523	97.710	-0.013	0.014	1.573	
659.900	336.525	97.714	-0.013	0.014	1.573	
659.901	336.526	97.717	-0.013	0.014	1.573	
659.901	336.527	97.721	-0.013	0.014	1.573	
659.901	336.527	97.724	-0.013	0.014	1.573	
659.901	336.528	97.728	-0.013	0.014	1.573	
659.901	336.529	97.732	-0.013	0.014	1.573	
659.901	336.529	97.735	-0.013	0.014	1.573	
659.901	336.530	97.739	-0.013	0.014	1.573	
659.902	336.531	97.743	-0.013	0.014	1.573	
659.902	336.532	97.747	-0.013	0.014	1.573	
659.902	336.533	97.750	-0.013	0.014	1.573	
659.902	336.533	97.754	-0.013	0.014	1.573	
659.902	336.534	97.758	-0.013	0.014	1.573	
659.903	336.535	97.762	-0.013	0.014	1.573	
659.903	336.536	97.765	-0.013	0.014	1.573	
659.904	336.537	97.769	-0.013	0.014	1.573	
659.904	336.538	97.773	-0.013	0.014	1.573	
659.905	336.538	97.777	-0.013	0.014	1.573	
659.905	336.540	97.781	-0.013	0.014	1.573	
659.905	336.540	97.784	-0.013	0.014	1.573	
659.906	336.541	97.788	-0.013	0.014	1.573	
659.906	336.541	97.792	-0.013	0.014	1.573	
659.906	336.543	97.795	-0.013	0.014	1.573	
659.906	336.543	97.799	-0.013	0.014	1.573	
659.906	336.544	97.802	-0.013	0.014	1.573	
659.907	336.545	97.805	-0.013	0.014	1.573	
659.907	336.546	97.809	-0.013	0.014	1.573	
659.907	336.547	97.813	-0.013	0.014	1.573	
659.907	336.547	97.817	-0.013	0.014	1.573	
659.907	336.548	97.821	-0.013	0.014	1.573	
659.908	336.549	97.825	-0.013	0.014	1.573	
659.908	336.549	97.828	-0.013	0.014	1.573	
659.908	336.550	97.832	-0.013	0.014	1.573	
659.908	336.551	97.836	-0.013	0.014	1.573	
659.908	336.551	97.840	-0.013	0.014	1.573	
659.909	336.552	97.844	-0.013	0.014	1.573	
659.909	336.553	97.848	-0.013	0.014	1.573	
659.909	336.554	97.852	-0.013	0.014	1.573	
659.910	336.555	97.856	-0.013	0.014	1.573	
659.910	336.556	97.860	-0.013	0.014	1.573	
659.910	336.556	97.864	-0.013	0.014	1.573	
659.910	336.557	97.867	-0.013	0.014	1.573	
659.910	336.557	97.871	-0.013	0.014	1.573	
659.911	336.558	97.875	-0.013	0.014	1.573	
659.911	336.559	97.879	-0.013	0.014	1.573	
659.911	336.559	97.883	-0.013	0.014	1.573	
659.912	336.560	97.887	-0.013	0.014	1.573	
659.912	336.561	97.891	-0.013	0.014	1.573	
659.912	336.562	97.895	-0.013	0.014	1.573	
659.913	336.563	97.899	-0.013	0.014	1.573	
659.913	336.564	97.903	-0.013	0.014	1.573	
659.913	336.564	97.907	-0.013	0.014	1.573	
659.913	336.564	97.911	-0.013	0.014	1.573	
659.914	336.565	97.914	-0.013	0.014	1.573	
659.914	336.565	97.918	-0.013	0.014	1.573	
659.915	336.566	97.922	-0.013	0.014	1.573	
659.915	336.567	97.926	-0.013	0.014	1.573	
659.915	336.567	97.930	-0.013	0.014	1.573	
659.916	336.568	97.934	-0.013	0.014	1.573	
659.916	336.569	97.938	-0.013	0.014	1.573	
659.917	336.569	97.942	-0.013	0.014	1.573	
659.917	336.571	97.945	-0.013	0.014	1.573	
659.918	336.571	97.949	-0.013	0.014	1.573	
659.918	336.572	97.953	-0.013	0.014	1.573	
659.918	336.573	97.957	-0.013	0.014	1.573	
659.918	336.574	97.961	-0.013	0.014	1.573	
659.919	336.575	97.965	-0.013	0.014	1.573	
659.919	336.575	97.968	-0.013	0.014	1.573	
659.919	336.576	97.973	-0.013	0.014	1.573	
659.919	336.577	97.976	-0.013	0.014	1.573	
659.919	336.578	97.980	-0.013	0.014	1.573	
659.919	336.578	97.984	-0.013	0.014	1.573	
659.920	336.579	97.988	-0.013	0.014	1.573	
659.920	336.580	97.992	-0.013	0.014	1.573	
659.920	336.580	97.996	-0.013	0.014	1.573	
659.920	336.581	98.000	-0.013	0.014	1.573	
659.920	336.582	98.004	-0.013	0.014	1.573	
659.920	336.583	98.008	-0.013	0.014	1.573	
659.920	336.583	98.012	-0.013	0.014	1.573	
659.921	336.584	98.016	-0.013	0.014	1.573	
659.921	336.584	98.020	-0.013	0.014	1.573	
659.921	336.585	98.024	-0.013	0.014	1.573	
659.922	336.586	98.027	-0.013	0.014	1.573	
659.922	336.586	98.031	-0.013	0.014	1.573	
659.922	336.587	98.035	-0.013	0.014	1.573	
659.922	336.588	98.038	-0.013	0.014	1.573	
659.922	336.589	98.042	-0.013	0.014	1.573	
659.923	336.590	98.046	-0.013	0.014	1.573	
659.923	336.590	98.049	-0.013	0.014	1.573	
659.923	336.591	98.053	-0.013	0.014	1.573	
659.923	336.591	98.057	-0.013	0.014	1.573	
659.923	336.592	98.061	-0.013	0.014	1.573	
659.923	336.593	98.064	-0.013	0.014	1.573	
659.923	336.593	98.068	-0.013	0.014	1.573	
659.924	336.594	98.072	-0.013	0.014	1.573	
659.923	336.595	98.076	-0.013	0.014	1.573	
659.924	336.595	98.080	-0.013	0.014	1.573	
659.924	336.596	98.083	-0.013	0.014	1.573	
659.924	336.596	98.087	-0.013	0.014	1.573	
659.924	336.597	98.091	-0.013	0.014	1.573	
659.925	336.598	98.095	-0.013	0.014	1.573	
659.925	336.598	98.098	-0.013	0.014	1.573	
659.925	336.599	98.102	-0.013	0.014	1.573	
659.925	336.599	98.106	-0.013	0.014	1.573	
659.926	336.600	98.110	-0.013	0.014	1.573	
659.926	336.601	98.113	-0.013	0.014	1.573	
659.926	336.602	98.117	-0.013	0.014	1.573	
659.926	336.603	98.121	-0.013	0.014	1.573	
659.926	336.603	98.124	-0.013	0.014	1.573	
659.927	336.604	98.128	-0.013	0.014	1.573	
659.927	336.605	98.132	-0.013	0.014	1.573	
659.927	336.605	98.135	-0.013	0.014	1.573	
659.927	336.606	98.139	-0.013	0.014	1.573	
659.927	336.606	98.143	-0.013	0.014	1.573	
659.927	336.607	98.147	-0.013	0.014	1.573	
659.928	336.608	98.151	-0.013	0.014	1.573	
659.928	336.608	98.154	-0.013	0.014	1.573	
659.928	336.609	98.158	-0.013	0.014	1.573	
659.929	336.609	98.161	-0.013	0.014	1.573	
659.929	336.610	98.165	-0.013	0.014	1.573	
659.929	336.610	98.169	-0.013	0.014	1.573	
659.929	336.610	98.172	-0.013	0.014	1.573	
659.929	336.610	98.176	-0.013	0.014	1.573	
659.930	336.611	98.180	-0.013	0.014	1.573	
659.930	336.611	98.184	-0.013	0.014	1.573	
659.930	336.612	98.187	-0.013	0.014	1.573	
659.930	336.613	98.191	-0.013	0.014	1.573	
659.930	336.613	98.194	-0.013	0.014	1.573	
659.930	336.614	98.198	-0.013	0.014	1.573	
659.930	336.615	98.201	-0.013	0.014	1.573	
659.931	336.615	98.205	-0.013	0.014	1.573	
659.931	336.615	98.208	-0.013	0.014	1.573	
659.931	336.616	98.212	-0.013	0.014	1.573	
659.931	336.617	98.215	-0.013	0.014	1.573	
659.931	336.618	98.219	-0.013	0.014	1.573	
659.931	336.618	98.223	-0.013	0.014	1.573	
659.931	336.619	98.226	-0.013	0.014	1.573	
659.931	336.619	98.229	-0.013	0.014	1.573	
659.931	336.620	98.233	-0.013	0.014	1.573	
659.932	336.620	98.236	-0.013	0.014	1.573	
659.932	336.621	98.239	-0.013	0.014	1.573	
659.932	336.621	98.243	-0.013	0.014	1.573	
659.932	336.622	98.246	-0.013	0.014	1.573	
659.932	336.623	98.250	-0.013	0.014	1.573	
659.932	336.624	98.253	-0.013	0.014	1.573	
659.932	336.624	98.257	-0.013	0.014	1.573	
659.932	336.625	98.260	-0.013	0.014	1.573	
659.932	336.625	98.263	-0.013	0.014	1.573	
659.932	336.626	98.267	-0.013	0.014	1.573	
659.932	336.626	98.270	-0.013	0.014	1.573	
659.932	336.627	98.274	-0.013	0.014	1.573	
659.933	336.627	98.277	-0.013	0.014	1.573	
659.933	336.627	98.281	-0.013	0.014	1.573	
659.933	336.628	98.284	-0.013	0.014	1.573	
659.934	336.628	98.287	-0.013	0.014	1.573	
659.934	336.629	98.291	-0.013	0.014	1.573	
659.934	336.629	98.294	-0.013	0.014	1.573	
659.934	336.629	98.298	-0.013	0.014	1.573	
659.934	336.630	98.301	-0.013	0.014	1.573	
659.934	336.630	98.304	-0.013	0.014	1.573	
659.934	336.631	98.308	-0.013	0.014	1.573	
659.935	336.631	98.311	-0.013	0.014	1.573	
659.934	336.631	98.315	-0.013	0.014	1.573	
659.935	336.632	98.318	-0.013	0.014	1.573	
659.935	336.632	98.321	-0.013	0.014	1.573	
659.935	336.633	98.325	-0.013	0.014	1.573	
659.935	336.634	98.329	-0.013	0.014	1.573	
659.936	336.634	98.332	-0.013	0.014	1.573	
659.935	336.635	98.336	-0.013	0.014	1.573	
659.936	336.635	98.339	-0.013	0.014	1.573	
659.936	336.636	98.343	-0.013	0.014	1.573	
659.936	336.636	98.346	-0.013	0.014	1.573	
659.936	336.636	98.350	-0.013	0.014	1.573	
659.936	336.637	98.353	-0.013	0.014	1.573	
659.936	336.637	98.357	-0.013	0.014	1.573	
659.936	336.638	98.360	-0.013	0.014	1.573	
659.936	336.639	98.364	-0.013	0.014	1.573	
659.936	336.639	98.367	-0.013	0.014	1.573	
659.936	336.640	98.370	-0.013	0.014	1.573	
659.937	336.640	98.373	-0.013	0.014	1.573	
659.937	336.641	98.377	-0.013	0.014	1.573	
659.937	336.641	98.380	-0.013	0.014	1.573	
659.937	336.642	98.384	-0.013	0.014	1.573	
659.937	336.642	98.387	-0.013	0.014	1.573	
659.937	336.643	98.390	-0.013	0.014	1.573	
659.937	336.643	98.394	-0.013	0.014	1.573	
659.937	336.644	98.397	-0.013	0.014	1.573	
659.937	336.644	98.400	-0.013	0.014	1.573	
659.937	336.644	98.404	-0.013	0.014	1.573	
659.938	336.645	98.407	-0.013	0.014	1.573	
659.938	336.645	98.410	-0.013	0.014	1.573	
659.938	336.645	98.414	-0.013	0.014	1.573	
659.938	336.645	98.417	-0.013	0.014	1.573	
659.938	336.646	98.421	-0.013	0.014	1.573	
659.938	336.647	98.424	-0.013	0.014	1.573	
659.938	336.647	98.427	-0.013	0.014	1.573	
659.938	336.647	98.430	-0.013	0.014	1.573	
659.938	336.648	98.433	-0.013	0.014	1.573	
659.938	336.648	98.436	-0.013	0.014	1.573	
659.938	336.649	98.440	-0.013	0.014	1.573	
659.938	336.649	98.443	-0.013	0.014	1.573	
659.938	336.650	98.446	-0.013	0.014	1.573	
659.939	336.650	98.449	-0.013	0.014	1.573	
659.939	336.650	98.453	-0.013	0.014	1.573	
659.940	336.650	98.456	-0.013	0.014	1.573	
659.940	336.651	98.459	-0.013	0.014	1.573	
659.940	336.651	98.462	-0.013	0.014	1.573	
659.940	336.651	98.465	-0.013	0.014	1.573	
659.940	336.652	98.469	-0.013	0.014	1.573	
659.940	336.652	98.472	-0.013	0.014	1.573	
659.940	336.653	98.475	-0.013	0.014	1.573	
659.940	336.653	98.478	-0.013	0.014	1.573	
659.940	336.654	98.481	-0.013	0.014	1.573	
659.940	336.654	98.485	-0.013	0.014	1.573	
659.940	336.655	98.488	-0.013	0.014	1.573	
659.940	336.655	98.491	-0.013	0.014	1.573	
659.941	336.655	98.494	-0.013	0.014	1.573	
659.941	336.655	98.497	-0.013	0.014	1.573	
659.941	336.655	98.500	-0.013	0.014	1.573	
659.941	336.655	98.504	-0.013	0.014	1.573	
659.942	336.655	98.507	-0.013	0.014	1.573	
659.942	336.655	98.510	-0.013	0.014	1.573	
659.942	336.656	98.513	-0.013	0.014	1.573	
659.942	336.656	98.517	-0.013	0.014	1.573	
659.942	336.656	98.519	-0.013	0.014	1.573	
659.943	336.656	98.523	-0.013	0.014	1.573	
659.943	336.657	98.526	-0.013	0.014	1.573	
659.943	336.657	98.529	-0.013	0.014	1.573	
659.943	336.658	98.532	-0.013	0.014	1.573	
659.943	336.658	98.535	-0.013	0.014	1.573	
659.943	336.658	98.538	-0.013	0.014	1.573	
659.943	336.658	98.542	-0.013	0.014	1.573	
659.943	336.659	98.545	-0.013	0.014	1.573	
659.943	336.659	98.548	-0.013	0.014	1.573	
659.943	336.660	98.551	-0.013	0.014	1.573	
659.943	336.661	98.555	-0.013	0.014	1.573	
659.944	336.661	98.557	-0.013	0.014	1.573	
659.944	336.661	98.560	-0.013	0.014	1.573	
659.944	336.662	98.563	-0.013	0.014	1.573	
659.944	336.662	98.566	-0.013	0.014	1.573	
659.944	336.662	98.570	-0.013	0.014	1.573	
659.945	336.662	98.573	-0.013	0.014	1.573	
659.945	336.663	98.576	-0.013	0.014	1.573	
659.945	336.663	98.579	-0.013	0.014	1.573	
659.945	336.663	98.582	-0.013	0.014	1.573	
659.946	336.664	98.585	-0.013	0.014	1.573	
659.945	336.664	98.588	-0.013	0.014	1.573	
659.946	336.664	98.591	-0.013	0.014	1.573	
659.946	336.665	98.594	-0.013	0.014	1.573	
659.946	336.665	98.597	-0.013	0.014	1.573	
659.946	336.666	98.600	-0.013	0.014	1.573	
659.946	336.666	98.603	-0.013	0.014	1.573	
659.946	336.667	98.606	-0.013	0.014	1.573	
659.946	336.667	98.609	-0.013	0.014	1.573	
659.946	336.668	98.612	-0.013	0.014	1.573	
659.946	336.668	98.616	-0.013	0.014	1.573	
659.946	336.669	98.618	-0.013	0.014	1.573	
659.946	336.669	98.621	-0.013	0.014	1.573	
659.947	336.669	98.624	-0.013	0.014	1.573	
659.947	336.669	98.627	-0.013	0.014	1.573	
659.947	336.670	98.630	-0.013	0.014	1.573	
659.947	336.670	98.633	-0.013	0.014	1.573	
659.947	336.671	98.636	-0.013	0.014	1.573	
659.947	336.671	98.638	-0.013	0.014	1.573	
659.947	336.671	98.641	-0.013	0.014	1.573	
659.947	336.672	98.644	-0.013	0.014	1.573	
659.947	336.672	98.647	-0.013	0.014	1.573	
659.947	336.673	98.650	-0.013	0.014	1.573	
659.947	336.673	98.653	-0.013	0.014	1.573	
659.947	336.674	98.656	-0.013	0.014	1.573	
659.947	336.675	98.659	-0.013	0.014	1.573	
659.948	336.675	98.661	-0.013	0.014	1.573	
659.948	336.675	98.664	-0.013	0.014	1.573	
659.948	336.676	98.667	-0.013	0.014	1.573	
659.948	336.676	98.670	-0.013	0.014	1.573	
659.949	336.677	98.673	-0.013	0.014	1.573	
659.948	336.677	98.676	-0.013	0.014	1.573	
659.949	336.677	98.679	-0.013	0.014	1.573	
659.949	336.678	98.681	-0.013	0.014	1.573	
659.949	336.678	98.684	-0.013	0.014	1.573	
659.949	336.679	98.687	-0.013	0.014	1.573	
659.949	336.679	98.690	-0.013	0.014	1.573	
659.949	336.679	98.693	-0.013	0.014	1.573	
659.949	336.680	98.696	-0.013	0.014	1.573	
659.949	336.680	98.699	-0.013	0.014	1.573	
659.949	336.681	98.702	-0.013	0.014	1.573	
659.949	336.681	98.704	-0.013	0.014	1.573	
659.949	336.682	98.707	-0.013	0.014	1.573	
659.950	336.682	98.710	-0.013	0.014	1.573	
659.950	336.682	98.713	-0.013	0.014	1.573	
659.950	336.683	98.715	-0.013	0.014	1.573	
659.950	336.683	98.718	-0.013	0.014	1.573	
659.951	336.683	98.721	-0.013	0.014	1.573	
659.951	336.684	98.723	-0.013	0.014	1.573	
659.950	336.684	98.726	-0.013	0.014	1.573	
659.951	336.684	98.729	-0.013	0.014	1.573	
659.951	336.684	98.732	-0.013	0.014	1.573	
659.951	336.684	98.734	-0.013	0.014	1.573	
659.951	336.685	98.737	-0.013	0.014	1.573	
659.951	336.685	98.739	-0.013	0.014	1.573	
659.951	336.685	98.742	-0.013	0.014	1.573	
659.951	336.686	98.745	-0.013	0.014	1.573	
659.952	336.687	98.748	-0.013	0.014	1.573	
659.952	336.687	98.750	-0.013	0.014	1.573	
659.952	336.688	98.753	-0.013	0.014	1.573	
659.952	336.687	98.755	-0.013	0.014	1.573	
659.952	336.688	98.758	-0.013	0.014	1.573	
659.952	336.688	98.760	-0.013	0.014	1.573	
659.952	336.688	98.763	-0.013	0.014	1.573	
659.952	336.688	98.766	-0.013	0.014	1.573	
659.952	336.689	98.768	-0.013	0.014	1.573	
659.952	336.689	98.770	-0.013	0.014	1.573	
659.952	336.689	98.773	-0.013	0.014	1.573	
659.952	336.689	98.776	-0.013	0.014	1.573	
659.952	336.690	98.778	-0.013	0.014	1.573	
659.953	336.690	98.780	-0.013	0.014	1.573	
659.953	336.690	98.783	-0.013	0.014	1.573	
659.953	336.690	98.785	-0.013	0.014	1.573	
659.953	336.691	98.788	-0.013	0.014	1.573	
659.953	336.691	98.791	-0.013	0.014	1.573	
659.953	336.692	98.793	-0.013	0.014	1.573	
659.954	336.692	98.796	-0.013	0.014	1.573	
659.954	336.692	98.799	-0.013	0.014	1.573	
659.954	336.692	98.801	-0.013	0.014	1.573	
659.954	336.692	98.804	-0.013	0.014	1.573	
659.954	336.693	98.806	-0.013	0.014	1.573	
659.953	336.693	98.809	-0.013	0.014	1.573	
659.954	336.694	98.812	-0.013	0.014	1.573	
659.954	336.694	98.814	-0.013	0.014	1.573	
659.954	336.694	98.817	-0.013	0.014	1.573	
659.954	336.694	98.819	-0.013	0.014	1.573	
659.953	336.694	98.822	-0.013	0.014	1.573	
659.953	336.695	98.824	-0.013	0.014	1.573	
659.953	336.695	98.827	-0.013	0.014	1.573	
659.953	336.696	98.830	-0.013	0.014	1.573	
659.953	336.696	98.832	-0.013	0.014	1.573	
659.953	336.696	98.835	-0.013	0.014	1.573	
659.954	336.696	98.838	-0.013	0.014	1.573	
659.954	336.696	98.840	-0.013	0.014	1.573	
659.954	336.697	98.843	-0.013	0.014	1.573	
659.954	336.697	98.845	-0.013	0.014	1.573	
659.954	336.697	98.848	-0.013	0.014	1.573	
659.955	336.698	98.850	-0.013	0.014	1.573	
659.955	336.698	98.853	-0.013	0.014	1.573	
659.955	336.698	98.855	-0.013	0.014	1.573	
659.955	336.699	98.857	-0.013	0.014	1.573	
659.955	336.699	98.859	-0.013	0.014	1.573	
659.955	336.699	98.861	-0.013	0.014	1.573	
659.955	336.700	98.863	-0.013	0.014	1.573	
659.954	336.700	98.865	-0.013	0.014	1.573	
659.954	336.700	98.868	-0.013	0.014	1.573	
659.954	336.700	98.870	-0.013	0.014	1.573	
659.954	336.700	98.872	-0.013	0.014	1.573	
659.954	336.700	98.874	-0.013	0.014	1.573	
659.954	336.701	98.876	-0.013	0.014	1.573	
659.954	336.701	98.878	-0.013	0.014	1.573	
659.954	336.702	98.880	-0.013	0.014	1.573	
659.955	336.702	98.882	-0.013	0.014	1.573	
659.955	336.702	98.885	-0.013	0.014	1.573	
659.955	336.702	98.887	-0.013	0.014	1.573	
659.955	336.702	98.889	-0.013	0.014	1.573	
659.956	336.703	98.891	-0.013	0.014	1.573	
659.956	336.703	98.893	-0.013	0.014	1.573	
659.956	336.703	98.895	-0.013	0.014	1.573	
659.956	336.703	98.897	-0.013	0.014	1.573	
659.955	336.703	98.899	-0.013	0.014	1.573	
659.955	336.704	98.901	-0.013	0.014	1.573	
659.955	336.704	98.903	-0.013	0.014	1.573	
659.955	336.704	98.905	-0.013	0.014	1.573	
659.955	336.705	98.907	-0.013	0.014	1.573	
659.955	336.705	98.909	-0.013	0.014	1.573	
659.955	336.705	98.911	-0.013	0.014	1.573	
659.955	336.706	98.913	-0.013	0.014	1.573	
659.955	336.706	98.915	-0.013	0.014	1.573	
659.954	336.707	98.917	-0.013	0.014	1.573	
659.954	336.707	98.919	-0.013	0.014	1.573	
659.954	336.707	98.921	-0.013	0.014	1.573	
659.954	336.707	98.923	-0.013	0.014	1.573	
659.954	336.707	98.925	-0.013	0.014	1.573	
659.954	336.707	98.927	-0.013	0.014	1.573	
659.954	336.708	98.929	-0.013	0.014	1.573	
659.954	336.708	98.930	-0.013	0.014	1.573	
659.954	336.708	98.933	-0.013	0.014	1.573	
659.954	336.708	98.935	-0.013	0.014	1.573	
659.954	336.708	98.937	-0.013	0.014	1.573	
659.954	336.709	98.939	-0.013	0.014	1.573	
659.954	336.709	98.940	-0.013	0.014	1.573	
659.954	336.709	98.942	-0.013	0.014	1.573	
659.954	336.710	98.944	-0.013	0.014	1.573	
659.954	336.710	98.946	-0.013	0.014	1.573	
659.954	336.710	98.949	-0.013	0.014	1.573	
659.954	336.710	98.951	-0.013	0.014	1.573	
659.954	336.710	98.952	-0.013	0.014	1.573	
659.954	336.710	98.954	-0.013	0.014	1.573	
659.954	336.711	98.956	-0.013	0.014	1.573	
659.954	336.711	98.958	-0.013	0.014	1.573	
659.954	336.711	98.960	-0.013	0.014	1.573	
659.954	336.711	98.962	-0.013	0.014	1.573	
659.954	336.711	98.964	-0.013	0.014	1.573	
659.954	336.711	98.966	-0.013	0.014	1.573	
659.954	336.712	98.968	-0.013	0.014	1.573	
659.954	336.712	98.970	-0.013	0.014	1.573	
659.954	336.712	98.972	-0.013	0.014	1.573	
659.954	336.712	98.974	-0.013	0.014	1.573	
659.954	336.713	98.976	-0.013	0.014	1.573	
659.954	336.713	98.978	-0.013	0.014	1.573	
659.954	336.713	98.980	-0.013	0.014	1.573	
659.954	336.713	98.982	-0.013	0.014	1.573	
659.954	336.713	98.984	-0.013	0.014	1.573	
659.954	336.714	98.986	-0.013	0.014	1.573	
659.954	336.714	98.988	-0.013	0.014	1.573	
659.954	336.714	98.990	-0.013	0.014	1.573	
659.954	336.715	98.992	-0.013	0.014	1.573	
659.954	336.715	98.994	-0.013	0.014	1.573	
659.954	336.715	98.996	-0.013	0.014	1.573	
659.954	336.715	98.997	-0.013	0.014	1.573	
659.954	336.715	98.999	-0.013	0.014	1.573	
659.955	336.715	99.001	-0.013	0.014	1.573	
659.955	336.716	99.002	-0.013	0.014	1.573	
659.954	336.716	99.004	-0.013	0.014	1.573	
659.954	336.716	99.006	-0.013	0.014	1.573	
659.954	336.716	99.008	-0.013	0.014	1.573	
659.955	336.717	99.010	-0.013	0.014	1.573	
659.955	336.717	99.011	-0.013	0.014	1.573	
659.955	336.717	99.013	-0.013	0.014	1.573	
659.955	336.717	99.016	-0.013	0.014	1.573	
659.955	336.718	99.018	-0.013	0.014	1.573	
659.955	336.718	99.019	-0.013	0.014	1.573	
659.955	336.718	99.021	-0.013	0.014	1.573	
659.955	336.718	99.023	-0.013	0.014	1.573	
659.955	336.718	99.025	-0.013	0.014	1.573	
659.955	336.719	99.027	-0.013	0.014	1.573	
659.955	336.719	99.028	-0.013	0.014	1.573	
659.955	336.719	99.031	-0.013	0.014	1.573	
659.955	336.719	99.032	-0.013	0.014	1.573	
659.955	336.719	99.034	-0.013	0.014	1.573	
659.955	336.720	99.036	-0.013	0.014	1.573	
659.955	336.720	99.037	-0.013	0.014	1.573	
659.955	336.720	99.038	-0.013	0.014	1.573	
