0.000	0.000	-0.000	0.000	0.000	0.000	
0.000	0.000	-0.000	0.000	0.000	0.000	
0.000	0.000	-0.000	0.000	0.000	0.000	
0.000	0.000	-0.000	0.000	0.000	0.000	
0.000	0.000	-0.000	0.000	0.000	0.000	
0.000	0.000	-0.000	0.000	0.000	0.000	
0.000	0.000	-0.000	0.000	0.000	0.000	
0.000	0.000	-0.000	0.000	0.000	0.000	
0.000	0.000	-0.000	0.000	0.000	0.000	
0.000	0.000	-0.000	0.000	0.000	0.000	
0.000	0.000	-0.000	0.000	0.000	0.000	
0.000	0.000	-0.000	0.000	0.000	0.000	
0.000	0.000	-0.000	0.000	0.000	0.000	
0.000	0.000	-0.000	0.000	0.000	0.000	
0.000	0.000	-0.000	0.000	0.000	0.000	
0.000	0.000	-0.000	0.000	0.000	0.000	
0.000	0.000	-0.000	0.000	0.000	0.000	
0.000	0.000	-0.000	0.000	0.000	0.000	
0.000	0.000	-0.000	0.000	0.000	0.000	
0.000	0.000	-0.000	0.000	0.000	0.000	
0.000	0.000	-0.000	0.000	0.000	0.000	
0.000	0.000	-0.000	0.000	0.000	0.000	
0.000	0.000	-0.000	0.000	0.000	0.000	
0.000	0.000	-0.000	0.000	0.000	0.000	
0.000	0.000	-0.000	0.000	0.000	0.000	
0.000	0.000	-0.000	0.000	0.000	0.000	
0.000	0.000	-0.000	0.000	0.000	0.000	
0.000	0.000	-0.000	0.000	0.000	0.000	
0.000	0.000	-0.000	0.000	0.000	0.000	
0.000	0.000	-0.000	0.000	0.000	0.000	
0.000	0.000	-0.000	0.000	0.000	0.000	
0.000	0.000	-0.000	0.000	0.000	0.000	
0.000	0.000	-0.000	0.000	0.000	0.000	
0.000	0.000	-0.000	0.000	0.000	0.000	
0.000	0.000	-0.000	0.000	0.000	0.000	
0.000	0.000	-0.000	0.000	0.000	0.000	
0.000	0.000	-0.000	0.000	0.000	0.000	
0.000	0.000	-0.000	0.000	0.000	0.000	
0.000	0.000	-0.000	0.000	0.000	0.000	
0.000	0.000	-0.000	0.000	0.000	0.000	
0.000	0.000	-0.000	0.000	0.000	0.000	
0.000	0.000	-0.000	0.000	0.000	0.000	
0.000	0.000	-0.000	0.000	0.000	0.000	
0.000	0.000	-0.000	0.000	0.000	0.000	
0.000	0.000	-0.000	0.000	0.000	0.000	
0.000	0.000	-0.000	0.000	0.000	0.000	
0.000	0.000	-0.000	0.000	0.000	0.000	
0.000	0.000	-0.000	0.000	0.000	0.000	
0.000	0.000	-0.000	0.000	0.000	0.000	
0.000	0.000	-0.000	0.000	0.000	0.000	
0.000	0.000	-0.000	0.000	0.000	0.000	
0.000	0.000	-0.000	0.000	0.000	0.000	
0.000	0.000	-0.000	0.000	0.000	0.000	
0.000	0.000	-0.000	0.000	0.000	0.000	
0.000	0.000	-0.000	0.000	0.000	0.000	
0.000	0.000	-0.000	0.000	0.000	0.000	
0.000	0.000	-0.000	0.000	0.000	0.000	
0.000	0.000	-0.000	0.000	0.000	0.000	
0.000	0.000	-0.000	0.000	0.000	0.000	
0.000	0.000	-0.000	0.000	0.000	0.000	
0.000	0.000	-0.000	0.000	0.000	0.000	
0.000	0.000	-0.000	0.000	0.000	0.000	
0.000	0.000	-0.000	0.000	0.000	0.000	
0.000	0.000	-0.000	0.000	0.000	0.000	
0.000	0.000	-0.000	0.000	0.000	0.000	
0.000	0.000	-0.000	0.000	0.000	0.000	
0.000	0.000	-0.000	0.000	0.000	0.000	
0.000	0.000	-0.000	0.000	0.000	0.000	
0.000	0.000	-0.000	0.000	0.000	0.000	
0.000	0.000	-0.000	0.000	0.000	0.000	
0.000	0.000	-0.000	0.000	0.000	0.000	
0.000	0.000	-0.000	0.000	0.000	0.000	
0.000	0.000	-0.000	0.000	0.000	0.000	
0.000	0.000	-0.000	0.000	0.000	0.000	
0.000	0.000	-0.000	0.000	0.000	0.000	
0.000	0.000	-0.000	0.000	0.000	0.000	
0.000	0.000	-0.000	0.000	0.000	0.000	
0.000	0.000	-0.000	0.000	0.000	0.000	
0.000	0.000	-0.000	0.000	0.000	0.000	
0.000	0.000	-0.000	0.000	0.000	0.000	
0.000	0.000	-0.000	0.000	0.000	0.000	
0.000	0.000	-0.000	0.000	0.000	0.000	
0.000	0.000	-0.000	0.000	0.000	0.000	
0.000	0.000	-0.000	0.000	0.000	0.000	
0.000	0.000	-0.000	0.000	0.000	0.000	
0.000	0.000	-0.000	0.000	0.000	0.000	
0.000	0.000	-0.000	0.000	0.000	0.000	
0.000	0.000	-0.000	0.000	0.000	0.000	
0.000	0.000	-0.000	0.000	0.000	0.000	
0.000	0.000	-0.000	0.000	0.000	0.000	
0.000	0.000	-0.000	0.000	0.000	0.000	
0.000	0.000	-0.000	0.000	0.000	0.000	
0.000	0.000	-0.000	0.000	0.000	0.000	
0.000	0.000	-0.000	0.000	0.000	0.000	
0.000	0.000	-0.000	0.000	0.000	0.000	
0.000	0.000	-0.000	0.000	0.000	0.000	
0.000	0.000	-0.000	0.000	0.000	0.000	
0.000	0.000	-0.000	0.000	0.000	0.000	
0.000	0.000	-0.000	0.000	0.000	0.000	
0.000	0.000	-0.000	0.000	0.000	0.000	
0.000	0.000	-0.000	0.000	0.000	0.000	
0.000	0.000	-0.000	0.000	0.000	0.000	
0.000	0.000	-0.000	0.000	0.000	0.000	
0.000	0.000	-0.000	0.000	0.000	0.000	
0.000	0.000	-0.000	0.000	0.000	0.000	
0.000	0.000	-0.000	0.000	0.000	0.000	
0.000	0.000	-0.000	0.000	0.000	0.000	
0.000	0.000	-0.000	0.000	0.000	0.000	
0.000	0.000	-0.000	0.000	0.000	0.000	
0.000	0.000	-0.000	0.000	0.000	0.000	
0.000	0.000	-0.000	0.000	0.000	0.000	
0.000	0.000	-0.000	0.000	0.000	0.000	
0.000	0.000	-0.000	0.000	0.000	0.000	
0.000	0.000	-0.000	0.000	0.000	0.000	
0.000	0.000	-0.000	0.000	0.000	0.000	
0.000	0.000	-0.000	0.000	0.000	0.000	
0.000	0.000	-0.000	0.000	0.000	0.000	
0.000	0.000	-0.000	0.000	0.000	0.000	
0.000	0.000	-0.000	0.000	0.000	0.000	
0.000	0.000	-0.000	0.000	0.000	0.000	
0.000	0.000	-0.000	0.000	0.000	0.000	
0.000	0.000	-0.000	0.000	0.000	0.000	
0.000	0.000	-0.000	0.000	0.000	0.000	
0.000	0.000	-0.000	0.000	0.000	0.000	
0.000	0.000	-0.000	0.000	0.000	0.000	
0.000	0.000	-0.000	0.000	0.000	0.000	
0.000	0.000	-0.000	0.000	0.000	0.000	
0.000	0.000	-0.000	0.000	0.000	0.000	
0.000	0.000	-0.000	0.000	0.000	0.000	
0.000	0.000	-0.000	0.000	0.000	0.000	
0.000	0.000	-0.000	0.000	0.000	0.000	
0.000	0.000	-0.000	0.000	0.000	0.000	
0.000	0.000	-0.000	0.000	0.000	0.000	
0.000	0.000	-0.000	0.000	0.000	0.000	
0.000	0.000	-0.000	0.000	0.000	0.000	
0.000	0.000	-0.000	0.000	0.000	0.000	
0.000	0.000	-0.000	0.000	0.000	0.000	
0.000	0.000	-0.000	0.000	0.000	0.000	
0.000	0.000	-0.000	0.000	0.000	0.000	
0.000	0.000	-0.000	0.000	0.000	0.000	
0.000	0.000	-0.000	0.000	0.000	0.000	
0.000	0.000	-0.000	0.000	0.000	0.000	
0.000	0.000	-0.000	0.000	0.000	0.000	
0.000	0.000	-0.000	0.000	0.000	0.000	
0.000	0.000	-0.000	0.000	0.000	0.000	
0.000	0.000	-0.000	0.000	0.000	0.000	
0.000	0.000	-0.000	0.000	0.000	0.000	
0.000	0.000	-0.000	0.000	0.000	0.000	
0.000	0.000	-0.000	0.000	0.000	0.000	
0.000	0.000	-0.000	0.000	0.000	0.000	
0.000	0.000	-0.000	0.000	0.000	0.000	
0.000	0.000	-0.000	0.000	0.000	0.000	
0.000	0.000	-0.000	0.000	0.000	0.000	
0.000	0.000	-0.000	0.000	0.000	0.000	
0.000	0.000	-0.000	0.000	0.000	0.000	
0.000	0.000	-0.000	0.000	0.000	0.000	
0.000	0.000	-0.000	0.000	0.000	0.000	
0.000	0.000	-0.000	0.000	0.000	0.000	
0.000	0.000	-0.000	0.000	0.000	0.000	
0.000	0.000	0.000	0.000	0.000	0.000	
0.000	0.000	0.000	0.000	0.000	0.000	
0.000	0.000	0.000	0.000	0.000	0.000	
0.000	0.000	0.000	0.000	0.000	0.000	
0.000	0.000	0.000	0.000	0.000	0.000	
0.000	0.000	0.000	0.000	0.000	0.000	
0.000	0.000	0.000	0.000	0.000	0.000	
0.000	0.000	0.000	0.000	0.000	0.000	
0.000	0.000	0.000	0.000	0.000	0.000	
0.000	0.000	0.000	0.000	0.000	0.000	
0.000	0.000	0.000	0.000	0.000	0.000	
0.000	0.000	0.000	0.000	0.000	0.000	
0.000	0.000	0.000	0.000	0.000	0.000	
0.000	0.000	0.000	0.000	0.000	0.000	
0.000	0.000	0.000	0.000	0.000	0.000	
0.000	0.000	0.000	0.000	0.000	0.000	
0.000	0.000	0.000	0.000	0.000	0.000	
0.000	0.000	0.000	0.000	0.000	0.000	
0.000	0.000	0.000	0.000	0.000	0.000	
0.000	0.000	0.000	0.000	0.000	0.000	
0.000	0.000	0.000	0.000	0.000	0.000	
0.000	0.000	0.000	0.000	0.000	0.000	
0.000	0.000	0.000	0.000	0.000	0.000	
0.000	0.000	0.000	0.000	0.000	0.000	
0.000	0.000	0.000	0.000	0.000	0.000	
0.000	0.000	0.000	0.000	0.000	0.000	
0.000	0.000	0.000	0.000	0.000	0.000	
0.000	0.000	0.000	0.000	0.000	0.000	
0.000	0.000	0.000	0.000	0.000	0.000	
0.000	0.000	0.000	0.000	0.000	0.000	
0.000	0.000	0.000	0.000	0.000	0.000	
0.000	0.000	0.000	0.000	0.000	0.000	
0.000	0.000	0.000	0.000	0.000	0.000	
0.000	0.000	0.000	0.000	0.000	0.000	
0.000	0.000	0.000	0.000	0.000	0.000	
0.000	0.000	0.000	0.000	0.000	0.000	
0.000	0.000	0.000	0.000	0.000	0.000	
0.000	0.000	0.000	0.000	0.000	0.000	
0.000	0.000	0.000	0.000	0.000	0.000	
0.000	0.000	0.000	0.000	0.000	0.000	
0.000	0.000	0.000	0.000	0.000	0.000	
0.000	0.000	0.000	0.000	0.000	0.000	
0.000	0.000	0.000	0.000	0.000	0.000	
0.000	0.000	0.000	0.000	0.000	0.000	
0.000	0.000	0.000	0.000	0.000	0.000	
0.000	0.000	0.000	0.000	0.000	0.000	
0.000	0.000	0.000	0.000	0.000	0.000	
0.000	0.000	0.000	0.000	0.000	0.000	
0.000	0.000	0.000	0.000	0.000	0.000	
0.000	0.000	0.000	0.000	0.000	0.000	
0.000	0.000	0.000	0.000	0.000	0.000	
0.000	0.000	0.000	0.000	0.000	0.000	
0.000	0.000	0.000	0.000	0.000	0.000	
0.000	0.000	0.000	0.000	0.000	0.000	
0.000	0.000	0.000	0.000	0.000	0.000	
0.000	0.000	0.000	0.000	0.000	0.000	
0.000	0.000	0.000	0.000	0.000	0.000	
0.000	0.000	0.000	0.000	0.000	0.000	
0.000	0.000	0.000	0.000	0.000	0.000	
0.000	0.000	0.000	0.000	0.000	0.000	
0.000	0.000	0.000	0.000	0.000	0.000	
0.000	0.000	0.000	0.000	0.000	0.000	
0.000	0.000	0.000	0.000	0.000	0.000	
0.000	0.000	0.000	0.000	0.000	0.000	
0.000	0.000	0.000	0.000	0.000	0.000	
0.000	0.000	0.000	0.000	0.000	0.000	
0.000	0.000	0.000	0.000	0.000	0.000	
0.000	0.000	0.000	0.000	0.000	0.000	
0.000	0.000	0.000	0.000	0.000	0.000	
0.000	0.000	0.000	0.000	0.000	0.000	
0.000	0.000	0.000	0.000	0.000	0.000	
0.000	0.000	0.000	0.000	0.000	0.000	
0.000	0.000	0.000	0.000	0.000	0.000	
0.000	0.000	0.000	0.000	0.000	0.000	
0.000	0.000	0.000	0.000	0.000	0.000	
0.000	0.000	0.000	0.000	0.000	0.000	
0.000	0.000	0.000	0.000	0.000	0.000	
0.000	0.000	0.000	0.000	0.000	0.000	
0.000	0.000	0.000	0.000	0.000	0.000	
0.000	0.000	0.000	0.000	0.000	0.000	
0.000	0.000	0.000	0.000	0.000	0.000	
0.000	0.000	0.000	0.000	0.000	0.000	
0.000	0.000	0.000	0.000	0.000	0.000	
0.000	0.000	0.000	0.000	0.000	0.000	
0.000	0.000	0.000	0.000	0.000	0.000	
0.000	0.000	0.000	0.000	0.000	0.000	
0.000	0.000	0.000	0.000	0.000	0.000	
0.000	0.000	0.000	0.000	0.000	0.000	
0.000	0.000	0.000	0.000	0.000	0.000	
0.000	0.000	0.000	0.000	0.000	0.000	
0.000	0.000	0.000	0.000	0.000	0.000	
0.000	0.000	0.000	0.000	0.000	0.000	
0.000	0.000	0.000	0.000	0.000	0.000	
0.000	0.000	0.000	0.000	0.000	0.000	
0.000	0.000	0.000	0.000	0.000	0.000	
0.000	0.000	0.000	0.000	0.000	0.000	
0.000	0.000	0.000	0.000	0.000	0.000	
0.000	0.000	0.000	0.000	0.000	0.000	
0.000	0.000	0.000	0.000	0.000	0.000	
0.000	0.000	0.000	0.000	0.000	0.000	
0.000	0.000	0.000	0.000	0.000	0.000	
0.000	0.000	0.000	0.000	0.000	0.000	
0.000	0.000	0.000	0.000	0.000	0.000	
0.000	0.000	0.000	0.000	0.000	0.000	
0.000	0.000	0.000	0.000	0.000	0.000	
0.000	0.000	0.000	0.000	0.000	0.000	
0.000	0.000	0.000	0.000	0.000	0.000	
0.000	0.000	0.000	0.000	0.000	0.000	
0.000	0.000	0.000	0.000	0.000	0.000	
0.000	0.000	0.000	0.000	0.000	0.000	
0.000	0.000	0.000	0.000	0.000	0.000	
0.000	0.000	0.000	0.000	0.000	0.000	
0.000	0.000	0.000	0.000	0.000	0.000	
0.000	0.000	0.000	0.000	0.000	0.000	
0.000	0.000	0.000	0.000	0.000	0.000	
0.000	0.000	0.000	0.000	0.000	0.000	
0.000	0.000	0.000	0.000	0.000	0.000	
0.000	0.000	0.000	0.000	0.000	0.000	
0.000	0.000	0.000	0.000	0.000	0.000	
0.000	0.000	0.000	0.000	0.000	0.000	
0.000	0.000	0.000	0.000	0.000	0.000	
0.000	0.000	0.000	0.000	0.000	0.000	
0.000	0.000	0.000	0.000	0.000	0.000	
0.000	0.000	0.000	0.000	0.000	0.000	
0.000	0.000	0.000	0.000	0.000	0.000	
0.000	0.000	0.000	0.000	0.000	0.000	
0.000	0.000	0.000	0.000	0.000	0.000	
0.000	0.000	0.000	0.000	0.000	0.000	
0.000	0.000	0.000	0.000	0.000	0.000	
0.000	0.000	0.000	0.000	0.000	0.000	
0.000	0.000	0.000	0.000	0.000	0.000	
0.000	0.000	0.000	0.000	0.000	0.000	
0.000	0.000	0.000	0.000	0.000	0.000	
0.000	0.000	0.000	0.000	0.000	0.000	
0.000	0.000	0.000	0.000	0.000	0.000	
0.000	0.000	0.000	0.000	0.000	0.000	
0.000	0.000	0.000	0.000	0.000	0.000	
0.000	0.000	0.000	0.000	0.000	0.000	
0.000	0.000	0.000	0.000	0.000	0.000	
0.000	0.000	0.000	0.000	0.000	0.000	
0.000	0.000	0.000	0.000	0.000	0.000	
0.000	0.000	0.000	0.000	0.000	0.000	
0.000	0.000	0.000	0.000	0.000	0.000	
0.000	0.000	0.000	0.000	0.000	0.000	
0.000	0.000	0.000	0.000	0.000	0.000	
0.000	0.000	0.000	0.000	0.000	0.000	
0.000	0.000	0.000	0.000	0.000	0.000	
0.000	0.000	0.000	0.000	0.000	0.000	
0.000	0.000	0.000	0.000	0.000	0.000	
0.000	0.000	0.000	0.000	0.000	0.000	
0.000	0.000	0.000	0.000	0.000	0.000	
0.000	0.000	0.000	0.000	0.000	0.000	
0.000	0.000	0.000	0.000	0.000	0.000	
0.000	0.000	0.000	0.000	0.000	0.000	
0.000	0.000	0.000	0.000	0.000	0.000	
0.000	0.000	0.000	0.000	0.000	0.000	
0.000	0.000	0.000	0.000	0.000	0.000	
0.000	0.000	0.000	0.000	0.000	0.000	
0.000	0.000	0.000	0.000	0.000	0.000	
0.000	0.000	0.000	0.000	0.000	0.000	
0.000	0.000	0.000	0.000	0.000	0.000	
0.000	0.000	0.000	0.000	0.000	0.000	
0.000	0.000	0.000	0.000	0.000	0.000	
0.000	0.000	0.000	0.000	0.000	0.000	
0.000	0.000	0.000	0.000	0.000	0.000	
0.000	0.000	0.000	0.000	0.000	0.000	
0.000	0.000	0.000	0.000	0.000	0.000	
0.000	0.000	0.000	0.000	0.000	0.000	
0.000	0.000	0.000	0.000	0.000	0.000	
0.000	0.000	0.000	0.000	0.000	0.000	
0.000	0.000	0.000	0.000	0.000	0.000	
0.000	0.000	0.000	0.000	0.000	0.000	
0.000	0.000	0.000	0.000	0.000	0.000	
0.000	0.000	0.000	0.000	0.000	0.000	
0.000	0.000	0.000	0.000	0.000	0.000	
0.000	0.000	0.000	0.000	0.000	0.000	
0.000	0.000	0.000	0.000	0.000	0.000	
0.000	0.000	0.000	0.000	0.000	0.000	
0.000	0.000	0.000	0.000	0.000	0.000	
0.000	0.000	0.000	0.000	0.000	0.000	
0.000	0.000	0.000	0.000	0.000	0.000	
0.000	0.000	0.000	0.000	0.000	0.000	
0.000	0.000	0.000	0.000	0.000	0.000	
0.000	0.000	0.000	0.000	0.000	0.000	
0.000	0.000	0.000	0.000	0.000	0.000	
0.000	0.000	0.000	0.000	0.000	0.000	
0.000	0.000	0.000	0.000	0.000	0.000	
0.000	0.000	0.000	0.000	0.000	0.000	
0.000	0.000	0.000	0.000	0.000	0.000	
0.000	0.000	0.000	0.000	0.000	0.000	
0.000	0.000	0.000	0.000	0.000	0.000	
0.000	0.000	0.000	0.000	0.000	0.000	
0.000	0.000	0.000	0.000	0.000	0.000	
0.000	0.000	0.000	0.000	0.000	0.000	
0.000	0.000	0.000	0.000	0.000	0.000	
0.000	0.000	0.000	0.000	0.000	0.000	
0.000	0.000	0.000	0.000	0.000	0.000	
0.000	0.000	0.000	0.000	0.000	0.000	
0.000	0.000	0.000	0.000	0.000	0.000	
0.000	0.000	0.000	0.000	0.000	0.000	
0.000	0.000	0.000	0.000	0.000	0.000	
0.000	0.000	0.000	0.000	0.000	0.000	
0.000	0.000	0.000	0.000	0.000	0.000	
0.000	0.000	0.000	0.000	0.000	0.000	
0.000	0.000	0.000	0.000	0.000	0.000	
0.000	0.000	0.000	0.000	0.000	0.000	
0.000	0.000	0.000	0.000	0.000	0.000	
0.000	0.000	0.000	0.000	0.000	0.000	
0.000	0.000	0.000	0.000	0.000	0.000	
0.000	0.000	0.000	0.000	0.000	0.000	
0.000	0.000	0.000	0.000	0.000	0.000	
0.000	0.000	0.000	0.000	0.000	0.000	
0.000	0.000	0.000	0.000	0.000	0.000	
0.000	0.000	0.000	0.000	0.000	0.000	
0.000	0.000	0.000	0.000	0.000	0.000	
0.000	0.000	0.000	0.000	0.000	0.000	
0.000	0.000	0.000	0.000	0.000	0.000	
0.000	0.000	0.000	0.000	0.000	0.000	
0.000	0.000	0.000	0.000	0.000	0.000	
0.000	0.000	0.000	0.000	0.000	0.000	
0.000	0.000	0.000	0.000	0.000	0.000	
0.000	0.000	0.000	0.000	0.000	0.000	
0.000	0.000	0.000	0.000	0.000	0.000	
0.000	0.000	0.000	0.000	0.000	0.000	
0.000	0.000	0.000	0.000	0.000	0.000	
0.000	0.000	0.000	0.000	0.000	0.000	
0.000	0.000	0.000	0.000	0.000	0.000	
0.000	0.000	0.000	0.000	0.000	0.000	
0.000	0.000	0.000	0.000	0.000	0.000	
0.000	0.000	0.000	0.000	0.000	0.000	
0.000	0.000	0.000	0.000	0.000	0.000	
0.000	0.000	0.000	0.000	0.000	0.000	
0.000	0.000	0.000	0.000	0.000	0.000	
0.000	0.000	0.000	0.000	0.000	0.000	
0.000	0.000	0.000	0.000	0.000	0.000	
0.000	0.000	0.000	0.000	0.000	0.000	
0.000	0.000	0.000	0.000	0.000	0.000	
0.000	0.000	0.000	0.000	0.000	0.000	
0.000	0.000	0.000	0.000	0.000	0.000	
0.000	0.000	0.000	0.000	0.000	0.000	
0.000	0.000	0.000	0.000	0.000	0.000	
0.000	0.000	0.000	0.000	0.000	0.000	
0.000	0.000	0.000	0.000	0.000	0.000	
0.000	0.000	0.000	0.000	0.000	0.000	
0.000	0.000	0.000	0.000	0.000	0.000	
0.000	0.000	0.000	0.000	0.000	0.000	
0.000	0.000	0.000	0.000	0.000	0.000	
0.000	0.000	0.000	0.000	0.000	0.000	
0.000	0.000	0.000	0.000	0.000	0.000	
0.000	0.000	0.000	0.000	0.000	0.000	
0.000	0.000	0.000	0.000	0.000	0.000	
0.000	0.000	0.000	0.000	0.000	0.000	
0.000	0.000	0.000	0.000	0.000	0.000	
0.000	0.000	0.000	0.000	0.000	0.000	
0.000	0.000	0.000	0.000	0.000	0.000	
0.000	0.000	0.000	0.000	0.000	0.000	
0.000	0.000	0.000	0.000	0.000	0.000	
0.000	0.000	0.000	0.000	0.000	0.000	
0.000	0.000	0.000	0.000	0.000	0.000	
0.000	0.000	0.000	0.000	0.000	0.000	
0.000	0.000	0.000	0.000	0.000	0.000	
0.000	0.000	0.000	0.000	0.000	0.000	
0.000	0.000	0.000	0.000	0.000	0.000	
0.000	0.000	0.000	0.000	0.000	0.000	
0.000	0.000	0.000	0.000	0.000	0.000	
0.000	0.000	0.000	0.000	0.000	0.000	
0.000	0.000	0.000	0.000	0.000	0.000	
0.000	0.000	0.000	0.000	0.000	0.000	
0.000	0.000	0.000	0.000	0.000	0.000	
0.000	0.000	0.000	0.000	0.000	0.000	
0.000	0.000	0.000	0.000	0.000	0.000	
0.000	0.000	0.000	0.000	0.000	0.000	
0.000	0.000	0.000	0.000	0.000	0.000	
0.000	0.000	0.000	0.000	0.000	0.000	
0.000	0.000	0.000	0.000	0.000	0.000	
0.000	0.000	0.000	0.000	0.000	0.000	
0.000	0.000	0.000	0.000	0.000	0.000	
0.000	0.000	0.000	0.000	0.000	0.000	
0.000	0.000	0.000	0.000	0.000	0.000	
0.000	0.000	0.000	0.000	0.000	0.000	
0.000	0.000	0.000	0.000	0.000	0.000	
0.000	0.000	0.000	0.000	0.000	0.000	
0.000	0.000	0.000	0.000	0.000	0.000	
0.000	0.000	0.000	0.000	0.000	0.000	
0.000	0.000	0.000	0.000	0.000	0.000	
0.000	0.000	0.000	0.000	0.000	0.000	
0.000	0.000	0.000	0.000	0.000	0.000	
0.000	0.000	0.000	0.000	0.000	0.000	
0.000	0.000	0.000	0.000	0.000	0.000	
0.000	0.000	0.000	0.000	0.000	0.000	
0.000	0.000	0.000	0.000	0.000	0.000	
0.000	0.000	0.000	0.000	0.000	0.000	
0.000	0.000	0.000	0.000	0.000	0.000	
0.000	0.000	0.000	0.000	0.000	0.000	
0.000	0.000	0.000	0.000	0.000	0.000	
0.000	0.000	0.000	0.000	0.000	0.000	
0.000	0.000	0.000	0.000	0.000	0.000	
0.000	0.000	0.000	0.000	0.000	0.000	
0.000	0.000	0.000	0.000	0.000	0.000	
0.000	0.000	0.000	0.000	0.000	0.000	
0.000	0.000	0.000	0.000	0.000	0.000	
0.000	0.000	0.000	0.000	0.000	0.000	
0.000	0.000	0.000	0.000	0.000	0.000	
0.000	0.000	0.000	0.000	0.000	0.000	
0.000	0.000	0.000	0.000	0.000	0.000	
0.000	0.000	0.000	0.000	0.000	0.000	
0.000	0.000	0.000	0.000	0.000	0.000	
0.000	0.000	0.000	0.000	0.000	0.000	
0.000	0.000	0.000	0.000	0.000	0.000	
0.000	0.000	0.000	0.000	0.000	0.000	
0.000	0.000	0.000	0.000	0.000	0.000	
0.000	0.000	0.000	0.000	0.000	0.000	
0.000	0.000	0.000	0.000	0.000	0.000	
0.000	0.000	0.000	0.000	0.000	0.000	
0.000	0.000	0.000	0.000	0.000	0.000	
0.000	0.000	0.000	0.000	0.000	0.000	
0.000	0.000	0.000	0.000	0.000	0.000	
0.000	0.000	0.000	0.000	0.000	0.000	
0.000	0.000	0.000	0.000	0.000	0.000	
0.000	0.000	0.000	0.000	0.000	0.000	
0.000	0.000	0.000	0.000	0.000	0.000	
0.000	0.000	0.000	0.000	0.000	0.000	
0.000	0.000	0.000	0.000	0.000	0.000	
0.000	0.000	0.000	0.000	0.000	0.000	
0.000	0.000	0.000	0.000	0.000	0.000	
0.000	0.000	0.000	0.000	0.000	0.000	
0.000	0.000	0.000	0.000	0.000	0.000	
0.000	0.000	0.000	0.000	0.000	0.000	
0.000	0.000	0.000	0.000	0.000	0.000	
0.000	0.000	0.000	0.000	0.000	0.000	
0.000	0.000	0.000	0.000	0.000	0.000	
0.000	0.000	0.000	0.000	0.000	0.000	
0.000	0.000	0.000	0.000	0.000	0.000	
0.000	0.000	0.000	0.000	0.000	0.000	
0.000	0.000	0.000	0.000	0.000	0.000	
0.000	0.000	0.000	0.000	0.000	0.000	
0.000	0.000	0.000	0.000	0.000	0.000	
0.000	0.000	0.000	0.000	0.000	0.000	
0.000	0.000	0.000	0.000	0.000	0.000	
0.000	0.000	0.000	0.000	0.000	0.000	
0.000	0.000	0.000	0.000	0.000	0.000	
0.000	0.000	0.000	0.000	0.000	0.000	
0.000	0.000	0.000	0.000	0.000	0.000	
0.000	0.000	0.000	0.000	0.000	0.000	
0.000	0.000	0.000	0.000	0.000	0.000	
0.000	0.000	0.000	0.000	0.000	0.000	
0.000	0.000	0.000	0.000	0.000	0.000	
0.000	0.000	0.000	0.000	0.000	0.000	
0.000	0.000	0.000	0.000	0.000	0.000	
0.000	0.000	0.000	0.000	0.000	0.000	
0.000	0.000	0.000	0.000	0.000	0.000	
0.000	0.000	0.000	0.000	0.000	0.000	
0.000	0.000	0.000	0.000	0.000	0.000	
0.000	0.000	0.000	0.000	0.000	0.000	
0.000	0.000	0.000	0.000	0.000	0.000	
0.000	0.000	0.000	0.000	0.000	0.000	
0.000	0.000	0.000	0.000	0.000	0.000	
0.000	0.000	0.000	0.000	0.000	0.000	
0.000	0.000	0.000	0.000	0.000	0.000	
0.000	0.000	0.000	0.000	0.000	0.000	
0.000	0.000	0.000	0.000	0.000	0.000	
0.000	0.000	0.000	0.000	0.000	0.000	
0.000	0.000	0.000	0.000	0.000	0.000	
0.000	0.000	0.000	0.000	0.000	0.000	
0.000	0.000	0.000	0.000	0.000	0.000	
0.000	0.000	0.000	0.000	0.000	0.000	
0.000	0.000	0.000	0.000	0.000	0.000	
0.000	0.000	0.000	0.000	0.000	0.000	
0.000	0.000	0.000	0.000	0.000	0.000	
0.000	0.000	0.000	0.000	0.000	0.000	
0.000	0.000	0.000	0.000	0.000	0.000	
0.000	0.000	0.000	0.000	0.000	0.000	
0.000	0.000	0.000	0.000	0.000	0.000	
0.000	0.000	0.000	0.000	0.000	0.000	
0.000	0.000	0.000	0.000	0.000	0.000	
0.000	0.000	0.000	0.000	0.000	0.000	
0.000	0.000	0.000	0.000	0.000	0.000	
0.000	0.000	0.000	0.000	0.000	0.000	
0.000	0.000	0.000	0.000	0.000	0.000	
0.000	0.000	0.000	0.000	0.000	0.000	
0.000	0.000	0.000	0.000	0.000	0.000	
0.000	0.000	0.000	0.000	0.000	0.000	
0.000	0.000	0.000	0.000	0.000	0.000	
0.000	0.000	0.000	0.000	0.000	0.000	
0.000	0.000	0.000	0.000	0.000	0.000	
0.000	0.000	0.000	0.000	0.000	0.000	
0.000	0.000	0.000	0.000	0.000	0.000	
0.000	0.000	0.000	0.000	0.000	0.000	
0.000	0.000	0.000	0.000	0.000	0.000	
0.000	0.000	0.000	0.000	0.000	0.000	
0.000	0.000	0.000	0.000	0.000	0.000	
0.000	0.000	0.000	0.000	0.000	0.000	
0.000	0.000	0.000	0.000	0.000	0.000	
0.000	0.000	0.240	0.000	0.000	0.000	
0.000	0.000	0.540	0.000	0.000	0.000	
0.000	0.000	0.840	0.000	0.000	0.000	
0.000	0.000	1.140	0.000	0.000	0.000	
0.000	0.000	1.440	0.000	0.000	0.000	
0.000	0.000	1.740	0.000	0.000	0.000	
0.000	0.000	1.980	0.000	0.000	0.000	
0.000	0.000	2.340	0.000	0.000	0.000	
0.000	0.000	2.640	0.000	0.000	0.000	
0.000	0.000	2.940	0.000	0.000	0.000	
0.000	0.000	3.180	0.000	0.000	0.000	
0.000	0.000	3.540	0.000	0.000	0.000	
0.000	0.000	3.840	0.000	0.000	0.000	
0.000	0.000	4.140	0.000	0.000	0.000	
0.000	0.000	4.440	0.000	0.000	0.000	
0.000	0.000	4.740	0.000	0.000	0.000	
0.000	0.000	5.040	0.000	0.000	0.000	
0.000	0.000	5.340	0.000	0.000	0.000	
0.000	0.000	5.640	0.000	0.000	0.000	
0.000	0.000	5.940	0.000	0.000	0.000	
0.000	0.000	6.240	0.000	0.000	0.000	
0.000	0.000	6.540	0.000	0.000	0.000	
0.000	0.000	6.840	0.000	0.000	0.000	
0.000	0.000	7.140	0.000	0.000	0.000	
0.000	0.000	7.440	0.000	0.000	0.000	
0.000	0.000	7.740	0.000	0.000	0.000	
0.000	0.000	8.040	0.000	0.000	0.000	
0.000	0.000	8.340	0.000	0.000	0.000	
0.000	0.000	8.640	0.000	0.000	0.000	
0.000	0.000	8.940	0.000	0.000	0.000	
0.000	0.000	9.240	0.000	0.000	0.000	
0.000	0.000	9.540	0.000	0.000	0.000	
0.000	0.000	9.840	0.000	0.000	0.000	
0.000	0.000	10.140	0.000	0.000	0.000	
0.000	0.000	10.440	0.000	0.000	0.000	
0.000	0.000	10.740	0.000	0.000	0.000	
0.000	0.000	11.040	0.000	0.000	0.000	
0.000	0.000	11.340	0.000	0.000	0.000	
0.000	0.000	11.640	0.000	0.000	0.000	
0.000	0.000	11.940	0.000	0.000	0.000	
0.000	0.000	12.240	0.000	0.000	0.000	
0.000	0.000	12.540	0.000	0.000	0.000	
0.000	0.000	12.840	0.000	0.000	0.000	
0.000	0.000	13.140	0.000	0.000	0.000	
0.000	0.000	13.440	0.000	0.000	0.000	
0.000	0.000	13.740	0.000	0.000	0.000	
0.000	0.000	14.040	0.000	0.000	0.000	
0.000	0.000	14.340	0.000	0.000	0.000	
0.000	0.000	14.640	0.000	0.000	0.000	
0.000	0.000	14.940	0.000	0.000	0.000	
0.000	0.000	15.240	0.000	0.000	0.000	
0.000	0.000	15.540	0.000	0.000	0.000	
0.000	0.000	15.840	0.000	0.000	0.000	
0.000	0.000	16.140	0.000	0.000	0.000	
0.000	0.000	16.440	0.000	0.000	0.000	
0.000	0.000	16.740	0.000	0.000	0.000	
0.000	0.000	17.040	0.000	0.000	0.000	
0.000	0.000	17.340	0.000	0.000	0.000	
0.000	0.000	17.640	0.000	0.000	0.000	
0.000	0.000	17.940	0.000	0.000	0.000	
0.000	0.000	18.240	0.000	0.000	0.000	
0.000	0.000	18.540	0.000	0.000	0.000	
0.000	0.000	18.840	0.000	0.000	0.000	
0.000	0.000	19.140	0.000	0.000	0.000	
0.000	0.000	19.440	0.000	0.000	0.000	
0.000	0.000	19.740	0.000	0.000	0.000	
0.000	0.000	20.040	0.000	0.000	0.000	
0.000	0.000	20.340	0.000	0.000	0.000	
0.000	0.000	20.640	0.000	0.000	0.000	
0.000	0.000	20.940	0.000	0.000	0.000	
0.000	0.000	21.240	0.000	0.000	0.000	
0.000	0.000	21.540	0.000	0.000	0.000	
0.000	0.000	21.840	0.000	0.000	0.000	
0.000	0.000	22.140	0.000	0.000	0.000	
0.000	0.000	22.440	0.000	0.000	0.000	
0.000	0.000	22.740	0.000	0.000	0.000	
0.000	0.000	23.040	0.000	0.000	0.000	
0.000	0.000	23.340	0.000	0.000	0.000	
0.000	0.000	23.640	0.000	0.000	0.000	
0.000	0.000	23.940	0.000	0.000	0.000	
0.000	0.000	24.240	0.000	0.000	0.000	
0.000	0.000	24.540	0.000	0.000	0.000	
0.000	0.000	24.840	0.000	0.000	0.000	
0.000	0.000	25.140	0.000	0.000	0.000	
0.000	0.000	25.440	0.000	0.000	0.000	
0.000	0.000	25.740	0.000	0.000	0.000	
0.000	0.000	26.040	0.000	0.000	0.000	
0.000	0.000	26.340	0.000	0.000	0.000	
0.000	0.000	26.640	0.000	0.000	0.000	
0.000	0.000	26.940	0.000	0.000	0.000	
0.000	0.000	27.240	0.000	0.000	0.000	
0.000	0.000	27.540	0.000	0.000	0.000	
0.000	0.000	27.840	0.000	0.000	0.000	
0.000	0.000	28.140	0.000	0.000	0.000	
0.000	0.000	28.440	0.000	0.000	0.000	
0.000	0.000	28.740	0.000	0.000	0.000	
0.000	0.000	29.040	0.000	0.000	0.000	
0.000	0.000	29.280	0.000	0.000	0.000	
0.000	0.000	29.640	0.000	0.000	0.000	
0.000	0.000	29.940	0.000	0.000	0.000	
0.000	0.000	30.000	0.000	0.000	0.000	
0.000	0.000	30.000	0.000	0.000	0.000	
0.000	0.000	30.000	0.000	0.000	0.000	
0.000	0.000	30.000	0.000	0.000	0.000	
0.000	0.000	30.000	0.000	0.000	0.000	
0.000	0.000	30.000	0.000	0.000	0.000	
0.000	0.000	30.000	0.000	0.000	0.000	
0.000	0.000	30.000	0.000	0.000	0.000	
0.000	0.000	30.000	0.000	0.000	0.000	
0.000	0.000	30.000	0.000	0.000	0.000	
0.000	0.000	30.000	0.000	0.000	0.000	
0.000	0.000	30.000	0.000	0.000	0.000	
0.000	0.000	30.000	0.000	0.000	0.000	
0.000	0.000	30.000	0.000	0.000	0.000	
0.000	0.000	30.000	0.000	0.000	0.000	
0.000	0.000	30.000	0.000	0.000	0.000	
0.000	0.000	30.000	0.000	0.000	0.000	
0.000	0.000	30.000	0.000	0.000	0.000	
0.000	0.000	30.000	0.000	0.000	0.000	
0.000	0.000	30.000	0.000	0.000	0.000	
0.000	0.000	30.000	0.000	0.000	0.000	
0.000	0.000	30.000	0.000	0.000	0.000	
0.000	0.000	30.000	0.000	0.000	0.000	
0.000	0.000	30.000	0.000	0.000	0.000	
0.000	0.000	30.000	0.000	0.000	0.000	
0.000	0.000	30.000	0.000	0.000	0.000	
0.000	0.000	30.000	0.000	0.000	0.000	
0.000	0.000	30.000	0.000	0.000	0.000	
0.000	0.000	30.000	0.000	0.000	0.000	
0.000	0.000	30.000	0.000	0.000	0.000	
0.000	0.000	30.000	0.000	0.000	0.000	
0.000	0.000	30.000	0.000	0.000	0.000	
0.000	0.000	30.000	0.000	0.000	0.000	
0.000	0.000	30.000	0.000	0.000	0.000	
0.000	0.000	30.000	0.000	0.000	0.000	
0.000	0.000	30.000	0.000	0.000	0.000	
0.000	0.000	30.000	0.000	0.000	0.000	
0.000	0.000	30.000	0.000	0.000	0.000	
0.000	0.000	30.000	0.000	0.000	0.000	
0.000	0.000	30.000	0.000	0.000	0.000	
0.000	0.000	30.000	0.000	0.000	0.000	
0.000	0.000	30.000	0.000	0.000	0.000	
0.000	0.000	30.000	0.000	0.000	0.000	
0.000	0.000	30.000	0.000	0.000	0.000	
0.000	0.000	30.000	0.000	0.000	0.000	
0.000	0.000	30.000	0.000	0.000	0.000	
0.000	0.000	30.000	0.000	0.000	0.000	
0.000	0.000	30.000	0.000	0.000	0.000	
0.000	0.000	30.000	0.000	0.000	0.000	
0.000	0.000	30.000	0.000	0.000	0.000	
0.000	0.000	30.000	0.000	0.000	0.000	
0.000	0.000	30.000	0.000	0.000	0.000	
0.000	0.000	30.000	0.000	0.000	0.000	
0.000	0.000	30.000	0.000	0.000	0.000	
0.000	0.000	30.000	0.000	0.000	0.000	
0.000	0.000	30.000	0.000	0.000	0.000	
0.000	0.000	30.000	0.000	0.000	0.000	
0.000	0.000	30.000	0.000	0.000	0.000	
0.000	0.000	30.000	0.000	0.000	0.000	
0.000	0.000	30.000	0.000	0.000	0.000	
0.000	0.000	30.000	0.000	0.000	0.000	
0.000	0.000	30.000	0.000	0.000	0.000	
0.000	0.000	30.000	0.000	0.000	0.000	
0.000	0.000	30.000	0.000	0.000	0.000	
0.000	0.000	30.000	0.000	0.000	0.000	
0.000	0.000	30.000	0.000	0.000	0.000	
0.000	0.000	30.000	0.000	0.000	0.000	
0.000	0.000	30.000	0.000	0.000	0.000	
0.000	0.000	30.000	0.000	0.000	0.000	
0.000	0.000	30.000	0.000	0.000	0.000	
0.000	0.000	30.000	0.000	0.000	0.000	
0.000	0.000	30.000	0.000	0.000	0.000	
0.000	0.000	30.000	0.000	0.000	0.000	
0.000	0.000	30.000	0.000	0.000	0.000	
0.000	0.000	30.000	0.000	0.000	0.000	
0.000	0.000	30.000	0.000	0.000	0.000	
0.000	0.000	30.000	0.000	0.000	0.000	
0.000	0.000	30.000	0.000	0.000	0.000	
0.000	0.000	30.000	0.000	0.000	0.000	
0.000	0.000	30.000	0.000	0.000	0.000	
0.000	0.000	30.000	0.000	0.000	0.000	
0.000	0.000	30.000	0.000	0.000	0.000	
0.000	0.000	30.000	0.000	0.000	0.000	
0.000	0.000	30.000	0.000	0.000	0.000	
0.000	0.000	30.000	0.000	0.000	0.000	
0.000	0.000	30.000	0.000	0.000	0.000	
0.000	0.000	30.000	0.000	0.000	0.000	
0.000	0.000	30.000	0.000	0.000	0.000	
0.000	0.000	30.000	0.000	0.000	0.000	
0.000	0.000	30.000	0.000	0.000	0.000	
0.000	0.000	30.000	0.000	0.000	0.000	
0.000	0.000	30.000	0.000	0.000	0.000	
0.000	0.000	30.000	0.000	0.000	0.000	
0.000	0.000	30.000	0.000	0.000	0.000	
0.000	0.000	30.000	0.000	0.000	0.000	
0.000	0.000	30.000	0.000	0.000	0.000	
0.000	0.000	30.000	0.000	0.000	0.000	
0.000	0.000	30.000	0.000	0.000	0.000	
0.000	0.000	30.000	0.000	0.000	0.000	
0.000	0.000	30.000	0.000	0.000	0.000	
0.000	0.000	30.000	0.000	0.000	0.000	
0.000	0.000	30.000	0.000	0.000	0.000	
0.000	0.000	30.000	0.000	0.000	0.000	
0.000	0.000	30.000	0.000	0.000	0.000	
0.000	0.000	30.000	0.000	0.000	0.000	
0.000	0.000	30.000	0.000	0.000	0.000	
0.000	0.000	30.000	0.000	0.000	0.000	
0.000	0.000	30.000	0.000	0.000	0.000	
0.000	0.000	30.000	0.000	0.000	0.000	
0.000	0.000	30.000	0.000	0.000	0.000	
0.000	0.000	30.000	0.000	0.000	0.000	
0.000	0.000	30.000	0.000	0.000	0.000	
0.000	0.000	30.000	0.000	0.000	0.000	
0.000	0.000	30.000	0.000	0.000	0.000	
0.000	0.000	30.000	0.000	0.000	0.000	
0.000	0.000	30.000	0.000	0.000	0.000	
0.000	0.000	30.000	0.000	0.000	0.000	
0.000	0.000	30.000	0.000	0.000	0.000	
0.000	0.000	30.000	0.000	0.000	0.000	
0.000	0.000	30.000	0.000	0.000	0.000	
0.000	0.000	30.000	0.000	0.000	0.000	
0.000	0.000	30.000	0.000	0.000	0.000	
0.000	0.000	30.000	0.000	0.000	0.000	
0.000	0.000	30.000	0.000	0.000	0.000	
0.000	0.000	30.000	0.000	0.000	0.000	
0.000	0.000	30.000	0.000	0.000	0.000	
0.000	0.000	30.000	0.000	0.000	0.000	
0.000	0.000	30.000	0.000	0.000	0.000	
0.000	0.000	30.000	0.000	0.000	0.000	
0.000	0.000	30.000	0.000	0.000	0.000	
0.000	0.000	30.000	0.000	0.000	0.000	
0.000	0.000	30.000	0.000	0.000	0.000	
0.000	0.000	30.000	0.000	0.000	0.000	
0.000	0.000	30.000	0.000	0.000	0.000	
0.000	0.000	30.000	0.000	0.000	0.000	
0.000	0.000	30.000	0.000	0.000	0.000	
0.000	0.000	30.000	0.000	0.000	0.000	
0.000	0.000	30.000	0.000	0.000	0.000	
0.000	0.000	30.000	0.000	0.000	0.000	
0.000	0.000	30.000	0.000	0.000	0.000	
0.000	0.000	30.000	0.000	0.000	0.000	
0.000	0.000	30.000	0.000	0.000	0.000	
0.000	0.000	30.000	0.000	0.000	0.000	
0.000	0.000	30.000	0.000	0.000	0.000	
0.000	0.000	30.000	0.000	0.000	0.000	
0.000	0.000	30.000	0.000	0.000	0.000	
0.000	0.000	30.000	0.000	0.000	0.000	
0.000	0.000	30.000	0.000	0.000	0.000	
0.000	0.000	30.000	0.000	0.000	0.000	
0.000	0.000	30.000	0.000	0.000	0.000	
0.000	0.000	30.000	0.000	0.000	0.000	
0.000	0.000	30.000	0.000	0.000	0.000	
0.000	0.000	30.000	0.000	0.000	0.000	
0.000	0.000	30.000	0.000	0.000	0.000	
0.000	0.000	30.000	0.000	0.000	0.000	
0.000	0.000	30.000	0.000	0.000	0.000	
0.000	0.000	30.000	0.000	0.000	0.000	
0.000	0.000	30.000	0.000	0.000	0.000	
0.000	0.000	30.000	0.000	0.000	0.000	
0.000	0.000	30.000	0.000	0.000	0.000	
0.000	0.000	30.000	0.000	0.000	0.000	
0.000	0.000	30.000	0.000	0.000	0.000	
0.000	0.000	30.000	0.000	0.000	0.000	
0.000	0.000	30.000	0.000	0.000	0.000	
0.000	0.000	30.000	0.000	0.000	0.000	
0.000	0.000	30.000	0.000	0.000	0.000	
0.000	0.000	30.000	0.000	0.000	0.000	
0.000	0.000	30.000	0.000	0.000	0.000	
0.000	0.000	30.000	0.000	0.000	0.000	
0.000	0.000	30.000	0.000	0.000	0.000	
0.000	0.000	30.000	0.000	0.000	0.000	
0.000	0.000	30.000	0.000	0.000	0.000	
0.000	0.000	30.000	0.000	0.000	0.000	
0.000	0.000	30.000	0.000	0.000	0.000	
0.000	0.000	30.000	0.000	0.000	0.000	
0.000	0.000	30.000	0.000	0.000	0.000	
0.000	0.000	30.000	0.000	0.000	0.000	
0.000	0.000	30.000	0.000	0.000	0.000	
0.000	0.000	30.000	0.000	0.000	0.000	
0.000	0.000	30.000	0.000	0.000	0.000	
0.000	0.000	30.000	0.000	0.000	0.000	
0.000	0.000	30.000	0.000	0.000	0.000	
0.000	0.000	30.000	0.000	0.000	0.000	
0.000	0.000	30.000	0.000	0.000	0.000	
0.000	0.000	30.000	0.000	0.000	0.000	
0.000	0.000	30.000	0.000	0.000	0.000	
0.000	0.000	30.000	0.000	0.000	0.000	
0.000	0.000	30.000	0.000	0.000	0.000	
0.000	0.000	30.000	0.000	0.000	0.000	
0.000	0.000	30.000	0.000	0.000	0.000	
0.000	0.000	30.000	0.000	0.000	0.000	
0.000	0.000	30.000	0.000	0.000	0.000	
0.000	0.000	30.000	0.000	0.000	0.000	
0.000	0.000	30.000	0.000	0.000	0.000	
0.000	0.000	30.000	0.000	0.000	0.000	
0.000	0.000	30.000	0.000	0.000	0.000	
0.000	0.000	30.000	0.000	0.000	0.000	
0.000	0.000	30.000	0.000	0.000	0.000	
0.000	0.000	30.000	0.000	0.000	0.000	
0.000	0.000	30.000	0.000	0.000	0.000	
0.000	0.000	30.000	0.000	0.000	0.000	
0.000	0.000	30.000	0.000	0.000	0.000	
0.000	0.000	30.000	0.000	0.000	0.000	
0.000	0.000	30.000	0.000	0.000	0.000	
0.000	0.000	30.000	0.000	0.000	0.000	
0.000	0.000	30.000	0.000	0.000	0.000	
0.000	0.000	30.000	0.000	0.000	0.000	
0.000	0.000	30.000	0.000	0.000	0.000	
0.000	0.000	30.000	0.000	0.000	0.000	
0.000	0.000	30.000	0.000	0.000	0.000	
0.000	0.000	30.000	0.000	0.000	0.000	
0.000	0.000	30.000	0.000	0.000	0.000	
0.000	0.000	30.000	0.000	0.000	0.000	
0.000	0.000	30.000	0.000	0.000	0.000	
0.000	0.000	30.000	0.000	0.000	0.000	
0.000	0.000	30.000	0.000	0.000	0.000	
0.000	0.000	30.000	0.000	0.000	0.000	
0.000	0.000	30.000	0.000	0.000	0.000	
0.000	0.000	30.000	0.000	0.000	0.000	
0.000	0.000	30.000	0.000	0.000	0.000	
0.000	0.000	30.000	0.000	0.000	0.000	
0.000	0.000	30.000	0.000	0.000	0.000	
0.000	0.000	30.000	0.000	0.000	0.000	
0.000	0.000	30.000	0.000	0.000	0.000	
0.000	0.000	30.000	0.000	0.000	0.000	
0.000	0.000	30.000	0.000	0.000	0.000	
0.000	0.000	30.000	0.000	0.000	0.000	
0.000	0.000	30.000	0.000	0.000	0.000	
0.000	0.000	30.000	0.000	0.000	0.000	
0.000	0.000	30.000	0.000	0.000	0.000	
0.000	0.000	30.000	0.000	0.000	0.000	
0.000	0.000	30.000	0.000	0.000	0.000	
0.000	0.000	30.000	0.000	0.000	0.000	
0.000	0.000	30.000	0.000	0.000	0.000	
0.000	0.000	30.000	0.000	0.000	0.000	
0.000	0.000	30.000	0.000	0.000	0.000	
0.000	0.000	30.000	0.000	0.000	0.000	
0.000	0.000	30.000	0.000	0.000	0.000	
0.000	0.000	30.000	0.000	0.000	0.000	
0.000	0.000	30.000	0.000	0.000	0.000	
0.000	0.000	30.000	0.000	0.000	0.000	
0.000	0.000	30.000	0.000	0.000	0.000	
0.000	0.000	30.000	0.000	0.000	0.000	
0.000	0.000	30.000	0.000	0.000	0.000	
0.000	0.000	30.000	0.000	0.000	0.000	
0.000	0.000	30.000	0.000	0.000	0.000	
0.000	0.000	30.000	0.000	0.000	0.000	
0.000	0.000	30.000	0.000	0.000	0.000	
0.000	0.000	30.000	0.000	0.000	0.000	
0.000	0.000	30.000	0.000	0.000	0.000	
0.000	0.000	30.000	0.000	0.000	0.000	
0.000	0.000	30.000	0.000	0.000	0.000	
0.000	0.000	30.000	0.000	0.000	0.000	
0.000	0.000	30.000	0.000	0.000	0.000	
0.000	0.000	30.000	0.000	0.000	0.000	
0.000	0.000	30.000	0.000	0.000	0.000	
0.000	0.000	30.000	0.000	0.000	0.000	
0.000	0.000	30.000	0.000	0.000	0.000	
0.000	0.000	30.000	0.000	0.000	0.000	
0.000	0.000	30.000	0.000	0.000	0.000	
0.000	0.000	30.000	0.000	0.000	0.000	
0.000	0.000	30.000	0.000	0.000	0.000	
0.000	0.000	30.000	0.000	0.000	0.000	
0.000	0.000	30.000	0.000	0.000	0.000	
0.000	0.000	30.000	0.000	0.000	0.000	
0.000	0.000	30.000	0.000	0.000	0.000	
0.000	0.000	30.000	0.000	0.000	0.000	
0.000	0.000	30.000	0.000	0.000	0.000	
0.000	0.000	30.000	0.000	0.000	0.000	
0.000	0.000	30.000	0.000	0.000	0.000	
0.000	0.000	30.000	0.000	0.000	0.000	
0.000	0.000	30.000	0.000	0.000	0.000	
0.000	0.000	30.000	0.000	0.000	0.000	
0.000	0.000	30.000	0.000	0.000	0.000	
0.000	0.000	30.000	0.000	0.000	0.000	
0.000	0.000	30.000	0.000	0.000	0.000	
0.000	0.000	30.000	0.000	0.000	0.000	
0.000	0.000	30.000	0.000	0.000	0.000	
0.000	0.000	30.000	0.000	0.000	0.000	
0.000	0.000	30.000	0.000	0.000	0.000	
0.000	0.000	30.000	0.000	0.000	0.000	
0.000	0.000	30.000	0.000	0.000	0.000	
0.000	0.000	30.000	0.000	0.000	0.000	
0.000	0.000	30.000	0.000	0.000	0.000	
0.000	0.000	30.000	0.000	0.000	0.000	
0.000	0.000	30.000	0.000	0.000	0.000	
0.000	0.000	30.000	0.000	0.000	0.000	
0.000	0.000	30.000	0.000	0.000	0.000	
0.000	0.000	30.000	0.000	0.000	0.000	
0.000	0.000	30.000	0.000	0.000	0.000	
0.000	0.000	30.000	0.000	0.000	0.000	
0.000	0.000	30.000	0.000	0.000	0.000	
0.000	0.000	30.000	0.000	0.000	0.000	
0.000	0.000	30.000	0.000	0.000	0.000	
0.000	0.000	30.000	0.000	0.000	0.000	
0.000	0.000	30.000	0.000	0.000	0.000	
0.000	0.000	30.000	0.000	0.000	0.000	
0.000	0.000	30.000	0.000	0.000	0.000	
0.000	0.000	30.000	0.000	0.000	0.000	
0.000	0.000	30.000	0.000	0.000	0.000	
0.000	0.000	30.000	0.000	0.000	0.000	
0.000	0.000	30.000	0.000	0.000	0.000	
0.000	0.000	30.000	0.000	0.000	0.000	
0.000	0.000	30.000	0.000	0.000	0.000	
0.000	0.000	30.000	0.000	0.000	0.000	
0.000	0.000	30.000	0.000	0.000	0.000	
0.000	0.000	30.000	0.000	0.000	0.000	
0.000	0.000	30.000	0.000	0.000	0.000	
0.000	0.000	30.000	0.000	0.000	0.000	
0.000	0.000	30.000	0.000	0.000	0.000	
0.000	0.000	30.000	0.000	0.000	0.000	
0.000	0.000	30.000	0.000	0.000	0.000	
0.000	0.000	30.000	0.000	0.000	0.000	
0.000	0.000	30.000	0.000	0.000	0.000	
0.000	0.000	30.000	0.000	0.000	0.000	
0.000	0.000	30.000	0.000	0.000	0.000	
0.000	0.000	30.000	0.000	0.000	0.000	
0.000	0.000	30.000	0.000	0.000	0.000	
0.000	0.000	30.000	0.000	0.000	0.000	
0.000	0.000	30.000	0.000	0.000	0.000	
0.000	0.000	30.000	0.000	0.000	0.000	
0.000	0.000	30.000	0.000	0.000	0.000	
0.000	0.000	30.000	0.000	0.000	0.000	
0.000	0.000	30.000	0.000	0.000	0.000	
0.000	0.000	30.000	0.000	0.000	0.000	
0.000	0.000	30.000	0.000	0.000	0.000	
0.000	0.000	30.000	0.000	0.000	0.000	
0.000	0.000	30.000	0.000	0.000	0.000	
0.000	0.000	30.000	0.000	0.000	0.000	
0.000	0.000	30.000	0.000	0.000	0.000	
0.000	0.000	30.000	0.000	0.000	0.000	
0.000	0.000	30.000	0.000	0.000	0.000	
0.000	0.000	30.000	0.000	0.000	0.000	
0.000	0.000	30.000	0.000	0.000	0.000	
0.000	0.000	30.000	0.000	0.000	0.000	
0.000	0.000	30.000	0.000	0.000	0.000	
0.000	0.000	30.000	0.000	0.000	0.000	
0.000	0.000	30.000	0.000	0.000	0.000	
0.000	0.000	30.000	0.000	0.000	0.000	
0.000	0.000	30.000	0.000	0.000	0.000	
0.000	0.000	30.000	0.000	0.000	0.000	
0.000	0.000	30.000	0.000	0.000	0.000	
0.000	0.000	30.000	0.000	0.000	0.000	
0.000	0.000	30.000	0.000	0.000	0.000	
0.000	0.000	30.000	0.000	0.000	0.000	
0.000	0.000	30.000	0.000	0.000	0.000	
0.000	0.000	30.000	0.000	0.000	0.000	
0.000	0.000	30.000	0.000	0.000	0.000	
0.000	0.000	30.000	0.000	0.000	0.000	
0.000	0.000	30.000	0.000	0.000	0.000	
0.000	0.000	30.000	0.000	0.000	0.000	
0.000	0.000	30.000	0.000	0.000	0.000	
0.000	0.000	30.000	0.000	0.000	0.000	
0.000	0.000	30.000	0.000	0.000	0.000	
0.000	0.000	30.000	0.000	0.000	0.000	
0.000	0.000	30.000	0.000	0.000	0.000	
0.000	0.000	30.000	0.000	0.000	0.000	
0.000	0.000	30.000	0.000	0.000	0.000	
0.000	0.000	30.000	0.000	0.000	0.000	
0.000	0.000	30.000	0.000	0.000	0.000	
0.000	0.000	30.000	0.000	0.000	0.000	
0.000	0.000	30.000	0.000	0.000	0.000	
0.000	0.000	30.000	0.000	0.000	0.000	
0.000	0.000	30.000	0.000	0.000	0.000	
0.000	0.000	30.000	0.000	0.000	0.000	
0.000	0.000	30.000	0.000	0.000	0.000	
0.000	0.000	30.000	0.000	0.000	0.000	
0.000	0.000	30.000	0.000	0.000	0.000	
0.000	0.000	30.000	0.000	0.000	0.000	
0.000	0.000	30.000	0.000	0.000	0.000	
0.000	0.000	30.000	0.000	0.000	0.000	
0.000	0.000	30.000	0.000	0.000	0.000	
0.000	0.000	30.000	0.000	0.000	0.000	
0.000	0.000	30.000	0.000	0.000	0.000	
0.000	0.000	30.000	0.000	0.000	0.000	
0.000	0.000	30.000	0.000	0.000	0.000	
0.000	0.000	30.000	0.000	0.000	0.000	
0.000	0.000	30.000	0.000	0.000	0.000	
0.000	0.000	30.000	0.000	0.000	0.000	
0.000	0.000	30.000	0.000	0.000	0.000	
0.000	0.000	30.000	0.000	0.000	0.000	
0.000	0.000	30.000	0.000	0.000	0.000	
0.000	0.000	30.000	0.000	0.000	0.000	
0.000	0.000	30.000	0.000	0.000	0.000	
0.000	0.000	30.000	0.000	0.000	0.000	
0.000	0.000	30.000	0.000	0.000	0.000	
0.000	0.000	30.000	0.000	0.000	0.000	
0.000	0.000	30.000	0.000	0.000	0.000	
0.000	0.000	30.000	0.000	0.000	0.000	
0.000	0.000	30.000	0.000	0.000	0.000	
0.000	0.000	30.000	0.000	0.000	0.000	
0.000	0.000	30.000	0.000	0.000	0.000	
0.000	0.000	30.000	0.000	0.000	0.000	
0.000	0.000	30.000	0.000	0.000	0.000	
0.000	0.000	30.000	0.000	0.000	0.000	
0.000	0.000	30.000	0.000	0.000	0.000	
0.000	0.000	30.000	0.000	0.000	0.000	
0.000	0.000	30.000	0.000	0.000	0.000	
0.000	0.000	30.000	0.000	0.000	0.000	
0.000	0.000	30.000	0.000	0.000	0.000	
0.000	0.000	30.000	0.000	0.000	0.000	
0.000	0.000	30.000	0.000	0.000	0.000	
0.000	0.000	30.000	0.000	0.000	0.000	
0.000	0.000	30.000	0.000	0.000	0.000	
0.000	0.000	30.000	0.000	0.000	0.000	
0.000	0.000	30.000	0.000	0.000	0.000	
0.000	0.000	30.000	0.000	0.000	0.000	
0.000	0.000	30.000	0.000	0.000	0.000	
0.000	0.000	30.000	0.000	0.000	0.000	
0.000	0.000	30.000	0.000	0.000	0.000	
0.000	0.000	30.000	0.000	0.000	0.000	
0.000	0.000	30.000	0.000	0.000	0.000	
0.000	0.000	30.000	0.000	0.000	0.000	
0.000	0.000	30.000	0.000	0.000	0.000	
0.000	0.000	30.000	0.000	0.000	0.000	
0.000	0.000	30.000	0.000	0.000	0.000	
0.000	0.000	30.000	0.000	0.000	0.000	
0.000	0.000	30.000	0.000	0.000	0.000	
0.000	0.000	30.000	0.000	0.000	0.000	
0.000	0.000	30.000	0.000	0.000	0.000	
0.000	0.000	30.000	0.000	0.000	0.000	
0.000	0.000	30.000	0.000	0.000	0.000	
0.000	0.000	30.000	0.000	0.000	0.000	
0.000	0.000	30.000	0.000	0.000	0.000	
0.000	0.000	30.000	0.000	0.000	0.000	
0.000	0.000	30.000	0.000	0.000	0.000	
0.000	0.000	30.000	0.000	0.000	0.000	
0.000	0.000	30.000	0.000	0.000	0.000	
0.000	0.000	30.000	0.000	0.000	0.000	
0.000	0.000	30.000	0.000	0.000	0.000	
0.000	0.000	30.000	0.000	0.000	0.000	
0.000	0.000	30.000	0.000	0.000	0.000	
0.000	0.000	30.000	0.000	0.000	0.000	
0.000	0.000	30.000	0.000	0.000	0.000	
0.000	0.000	30.000	0.000	0.000	0.000	
0.000	0.000	30.000	0.000	0.000	0.000	
0.000	0.000	30.000	0.000	0.000	0.000	
0.000	0.000	30.000	0.000	0.000	0.000	
0.000	0.000	30.000	0.000	0.000	0.000	
0.000	0.000	30.000	0.000	0.000	0.000	
0.000	0.000	30.000	0.000	0.000	0.000	
0.000	0.000	30.000	0.000	0.000	0.000	
0.000	0.000	30.000	0.000	0.000	0.000	
0.000	0.000	30.000	0.000	0.000	0.000	
0.000	0.000	30.000	0.000	0.000	0.000	
0.000	0.000	30.000	0.000	0.000	0.000	
0.000	0.000	30.000	0.000	0.000	0.000	
0.000	0.000	30.000	0.000	0.000	0.000	
0.000	0.000	30.000	0.000	0.000	0.000	
0.000	0.000	30.000	0.000	0.000	0.000	
0.000	0.000	30.000	0.000	0.000	0.000	
0.000	0.000	30.000	0.000	0.000	0.000	
0.000	0.000	30.000	0.000	0.000	0.000	
0.000	0.000	30.000	0.000	0.000	0.000	
0.000	0.000	30.000	0.000	0.000	0.000	
0.000	0.000	30.000	0.000	0.000	0.000	
0.000	0.000	30.000	0.000	0.000	0.000	
0.000	0.000	30.000	0.000	0.000	0.000	
0.000	0.000	30.000	0.000	0.000	0.000	
0.000	0.000	30.000	0.000	0.000	0.000	
0.000	0.000	30.000	0.000	0.000	0.000	
0.000	0.000	30.000	0.000	0.000	0.000	
0.000	0.000	30.000	0.000	0.000	0.000	
0.000	0.000	30.000	0.000	0.000	0.000	
0.000	0.000	30.000	0.000	0.000	0.000	
0.000	0.000	30.000	0.000	0.000	0.000	
0.000	0.000	30.000	0.000	0.000	0.000	
0.000	0.000	30.000	0.000	0.000	0.000	
0.000	0.000	30.000	0.000	0.000	0.000	
0.000	0.000	30.000	0.000	0.000	0.000	
0.000	0.000	30.000	0.000	0.000	0.000	
0.000	0.000	30.000	0.000	0.000	0.000	
0.000	0.000	30.000	0.000	0.000	0.000	
0.000	0.000	30.000	0.000	0.000	0.000	
0.000	0.000	30.000	0.000	0.000	0.000	
0.000	0.000	30.000	0.000	0.000	0.000	
0.000	0.000	30.000	0.000	0.000	0.000	
0.000	0.000	30.000	0.000	0.000	0.000	
0.000	0.000	30.000	0.000	0.000	0.000	
0.000	0.000	30.000	0.000	0.000	0.000	
0.000	0.000	30.000	0.000	0.000	0.000	
0.000	0.000	30.000	0.000	0.000	0.000	
0.000	0.000	30.000	0.000	0.000	0.000	
0.000	0.000	30.000	0.000	0.000	0.000	
0.000	0.000	30.000	0.000	0.000	0.000	
0.000	0.000	30.000	0.000	0.000	0.000	
0.000	0.000	30.000	0.000	0.000	0.000	
0.000	0.000	30.000	0.000	0.000	0.000	
0.000	0.000	30.000	0.000	0.000	0.000	
0.000	0.000	30.000	0.000	0.000	0.000	
0.000	0.000	30.000	0.000	0.000	0.000	
0.000	0.000	30.000	0.000	0.000	0.000	
0.000	0.000	30.000	0.000	0.000	0.000	
0.000	0.000	30.000	0.000	0.000	0.000	
0.000	0.000	30.000	0.000	0.000	0.000	
0.000	0.000	30.000	0.000	0.000	0.000	
0.000	0.000	30.000	0.000	0.000	0.000	
0.000	0.000	30.000	0.000	0.000	0.000	
0.000	0.000	30.000	0.000	0.000	0.000	
0.000	0.000	30.000	0.000	0.000	0.000	
0.000	0.000	30.000	0.000	0.000	0.000	
0.000	0.000	30.000	0.000	0.000	0.000	
0.000	0.000	30.000	0.000	0.000	0.000	
0.000	0.000	30.000	0.000	0.000	0.000	
0.000	0.000	30.000	0.000	0.000	0.000	
0.000	0.000	30.000	0.000	0.000	0.000	
0.000	0.000	30.000	0.000	0.000	0.000	
0.000	0.000	30.000	0.000	0.000	0.000	
0.000	0.000	30.000	0.000	0.000	0.000	
0.000	0.000	30.000	0.000	0.000	0.000	
0.000	0.000	30.000	0.000	0.000	0.000	
0.000	0.000	30.000	0.000	0.000	0.000	
0.000	0.000	30.000	0.000	0.000	0.000	
0.000	0.000	30.000	0.000	0.000	0.000	
0.000	0.000	30.000	0.000	0.000	0.000	
0.000	0.000	30.000	0.000	0.000	0.000	
0.000	0.000	30.000	0.000	0.000	0.000	
0.000	0.000	30.000	0.000	0.000	0.000	
0.000	0.000	30.000	0.000	0.000	0.000	
0.000	0.000	30.000	0.000	0.000	0.000	
0.000	0.000	30.000	0.000	0.000	0.000	
0.000	0.000	30.000	0.000	0.000	0.000	
0.000	0.000	30.000	0.000	0.000	0.000	
0.000	0.000	30.000	0.000	0.000	0.000	
0.000	0.000	30.000	0.000	0.000	0.000	
0.000	0.000	30.000	0.000	0.000	0.000	
0.000	0.000	30.000	0.000	0.000	0.000	
0.000	0.000	30.000	0.000	0.000	0.000	
0.000	0.000	30.000	0.000	0.000	0.000	
0.000	0.000	30.000	0.000	0.000	0.000	
0.000	0.000	30.000	0.000	0.000	0.000	
0.000	0.000	30.000	0.000	0.000	0.000	
0.000	0.000	30.000	0.000	0.000	0.000	
0.000	0.000	30.000	0.000	0.000	0.000	
0.000	0.000	30.000	0.000	0.000	0.000	
0.000	0.000	30.000	0.000	0.000	0.000	
0.000	0.000	30.000	0.000	0.000	0.000	
0.000	0.000	30.000	0.000	0.000	0.000	
0.000	0.000	30.000	0.000	0.000	0.000	
0.000	0.000	30.000	0.000	0.000	0.000	
0.000	0.000	30.000	0.000	0.000	0.000	
0.000	0.000	30.000	0.000	0.000	0.000	
0.000	0.000	30.000	0.000	0.000	0.000	
0.000	0.000	30.000	0.000	0.000	0.000	
0.000	0.000	30.000	0.000	0.000	0.000	
0.000	0.000	30.000	0.000	0.000	0.000	
0.000	0.000	30.000	0.000	0.000	0.000	
0.000	0.000	30.000	0.000	0.000	0.000	
0.000	0.000	30.000	0.000	0.000	0.000	
0.000	0.000	30.000	0.000	0.000	0.000	
0.000	0.000	30.000	0.000	0.000	0.000	
0.000	0.000	30.000	0.000	0.000	0.000	
0.000	0.000	30.000	0.000	0.000	0.000	
0.000	0.000	30.000	0.000	0.000	0.000	
0.000	0.000	30.000	0.000	0.000	0.000	
0.000	0.000	30.000	0.000	0.000	0.000	
0.000	0.000	30.000	0.000	0.000	0.000	
0.000	0.000	30.000	0.000	0.000	0.000	
0.000	0.000	30.000	0.000	0.000	0.000	
0.000	0.000	30.000	0.000	0.000	0.000	
0.000	0.000	30.000	0.000	0.000	0.000	
0.000	0.000	30.000	0.000	0.000	0.000	
0.000	0.000	30.000	0.000	0.000	0.000	
0.000	0.000	30.000	0.000	0.000	0.000	
0.000	0.000	30.000	0.000	0.000	0.000	
0.000	0.000	30.000	0.000	0.000	0.000	
0.000	0.000	30.000	0.000	0.000	0.000	
0.000	0.000	30.000	0.000	0.000	0.000	
0.000	0.000	30.000	0.000	0.000	0.000	
0.000	0.000	30.000	0.000	0.000	0.000	
0.000	0.000	30.000	0.000	0.000	0.000	
0.000	0.000	30.000	0.000	0.000	0.000	
0.000	0.000	30.000	0.000	0.000	0.000	
0.000	0.000	30.000	0.000	0.000	0.000	
0.000	0.000	30.000	0.000	0.000	0.000	
0.000	0.000	30.000	0.000	0.000	0.000	
0.000	0.000	30.000	0.000	0.000	0.000	
0.000	0.000	30.000	0.000	0.000	0.000	
0.000	0.000	30.000	0.000	0.000	0.000	
0.000	0.000	30.000	0.000	0.000	0.000	
0.000	0.000	30.000	0.000	0.000	0.000	
0.000	0.000	30.000	0.000	0.000	0.000	
0.000	0.000	30.000	0.000	0.000	0.000	
0.000	0.000	30.000	0.000	0.000	0.000	
0.000	0.000	30.000	0.000	0.000	0.000	
0.000	0.000	30.000	0.000	0.000	0.000	
0.000	0.000	30.000	0.000	0.000	0.000	
0.000	0.000	30.000	0.000	0.000	0.000	
0.000	0.000	30.000	0.000	0.000	0.000	
0.000	0.000	30.000	0.000	0.000	0.000	
0.000	0.000	30.000	0.000	0.000	0.000	
0.000	0.000	30.000	0.000	0.000	0.000	
0.000	0.000	30.000	0.000	0.000	0.000	
0.000	0.000	30.000	0.000	0.000	0.000	
0.000	0.000	30.000	0.000	0.000	0.000	
0.000	0.000	30.000	0.000	0.000	0.000	
0.000	0.000	30.000	0.000	0.000	0.000	
0.000	0.000	30.000	0.000	0.000	0.000	
0.000	0.000	30.000	0.000	0.000	0.000	
0.000	0.000	30.000	0.000	0.000	0.000	
0.000	0.000	30.000	0.000	0.000	0.000	
0.000	0.000	30.000	0.000	0.000	0.000	
0.000	0.000	30.000	0.000	0.000	0.000	
0.000	0.000	30.000	0.000	0.000	0.000	
0.000	0.000	30.000	0.000	0.000	0.000	
0.000	0.000	30.000	0.000	0.000	0.000	
0.000	0.000	30.000	0.000	0.000	0.000	
0.000	0.000	30.000	0.000	0.000	0.000	
0.000	0.000	30.000	0.000	0.000	0.000	
0.000	0.000	30.000	0.000	0.000	0.000	
0.000	0.000	30.000	0.000	0.000	0.000	
0.000	0.000	30.000	0.000	0.000	0.000	
0.000	0.000	30.000	0.000	0.000	0.000	
0.000	0.000	30.000	0.000	0.000	0.000	
0.000	0.000	30.000	0.000	0.000	0.000	
0.000	0.000	30.000	0.000	0.000	0.000	
0.000	0.000	30.000	0.000	0.000	0.000	
0.000	0.000	30.000	0.000	0.000	0.000	
0.000	0.000	30.000	0.000	0.000	0.000	
0.000	0.000	30.000	0.000	0.000	0.000	
0.000	0.000	30.000	0.000	0.000	0.000	
0.000	0.000	30.000	0.000	0.000	0.000	
0.000	0.000	30.000	0.000	0.000	0.000	
0.000	0.000	30.000	0.000	0.000	0.000	
0.000	0.000	30.000	0.000	0.000	0.000	
0.000	0.000	30.000	0.000	0.000	0.000	
0.000	0.000	30.000	0.000	0.000	0.000	
0.000	0.000	30.000	0.000	0.000	0.000	
0.000	0.000	30.000	0.000	0.000	0.000	
0.000	0.000	30.000	0.000	0.000	0.000	
0.000	0.000	30.000	0.000	0.000	0.000	
0.000	0.000	30.000	0.000	0.000	0.000	
0.000	0.000	30.000	0.000	0.000	0.000	
0.000	0.000	30.000	0.000	0.000	0.000	
0.000	0.000	30.000	0.000	0.000	0.000	
0.000	0.000	30.000	0.000	0.000	0.000	
0.000	0.000	30.000	0.000	0.000	0.000	
0.000	0.000	30.000	0.000	0.000	0.000	
0.000	0.000	30.000	0.000	0.000	0.000	
0.000	0.000	30.000	0.000	0.000	0.000	
0.000	0.000	30.000	0.000	0.000	0.000	
0.000	0.000	30.000	0.000	0.000	0.000	
0.000	0.000	30.000	0.000	0.000	0.000	
0.000	0.000	30.000	0.000	0.000	0.000	
0.000	0.000	30.000	0.000	0.000	0.000	
0.000	0.000	30.000	0.000	0.000	0.000	
0.000	0.000	30.000	0.000	0.000	0.000	
0.000	0.000	30.000	0.000	0.000	0.000	
0.000	0.000	30.000	0.000	0.000	0.000	
0.000	0.000	30.000	0.000	0.000	0.000	
0.000	0.000	30.000	0.000	0.000	0.000	
0.000	0.000	30.000	0.000	0.000	0.000	
0.000	0.000	30.000	0.000	0.000	0.000	
0.000	0.000	30.000	0.000	0.000	0.000	
0.000	0.000	30.000	0.000	0.000	0.000	
0.000	0.000	30.000	0.000	0.000	0.000	
0.000	0.000	30.000	0.000	0.000	0.000	
0.000	0.000	30.000	0.000	0.000	0.000	
0.000	0.000	30.000	0.000	0.000	0.000	
0.000	0.000	30.000	0.000	0.000	0.000	
0.000	0.000	30.000	0.000	0.000	0.000	
0.000	0.000	30.000	0.000	0.000	0.000	
0.000	0.000	30.000	0.000	0.000	0.000	
0.000	0.000	30.000	0.000	0.000	0.000	
0.000	0.000	30.000	0.000	0.000	0.000	
0.000	0.000	30.000	0.000	0.000	0.000	
0.000	0.000	30.000	0.000	0.000	0.000	
0.000	0.000	30.000	0.000	0.000	0.000	
0.000	0.000	30.000	0.000	0.000	0.000	
0.000	0.000	30.000	0.000	0.000	0.000	
0.000	0.000	30.000	0.000	0.000	0.000	
0.000	0.000	30.000	0.000	0.000	0.000	
0.000	0.000	30.000	0.000	0.000	0.000	
0.000	0.000	30.000	0.000	0.000	0.000	
0.000	0.000	30.000	0.000	0.000	0.000	
0.000	0.000	30.000	0.000	0.000	0.000	
0.000	0.000	30.000	0.000	0.000	0.000	
0.000	0.000	30.000	0.000	0.000	0.000	
0.000	0.000	30.000	0.000	0.000	0.000	
0.000	0.000	30.000	0.000	0.000	0.000	
0.000	0.000	30.000	0.000	0.000	0.000	
0.000	0.000	30.000	0.000	0.000	0.000	
0.000	0.000	30.000	0.000	0.000	0.000	
0.000	0.000	30.000	0.000	0.000	0.000	
0.000	0.000	30.000	0.000	0.000	0.000	
0.000	0.000	30.000	0.000	0.000	0.000	
0.000	0.000	30.000	0.000	0.000	0.000	
0.000	0.000	30.000	0.000	0.000	0.000	
0.000	0.000	30.000	0.000	0.000	0.000	
0.000	0.000	30.000	0.000	0.000	0.000	
0.000	0.000	30.000	0.000	0.000	0.000	
0.000	0.000	30.000	0.000	0.000	0.000	
0.000	0.000	30.000	0.000	0.000	0.000	
0.000	0.000	30.000	0.000	0.000	0.000	
0.000	0.000	30.000	0.000	0.000	0.000	
0.000	0.000	30.000	0.000	0.000	0.000	
0.000	0.000	30.000	0.000	0.000	0.000	
0.000	0.000	30.000	0.000	0.000	0.000	
0.000	0.000	30.000	0.000	0.000	0.000	
0.000	0.000	30.000	0.000	0.000	0.000	
0.000	0.000	30.000	0.000	0.000	0.000	
0.000	0.000	30.000	0.000	0.000	0.000	
0.000	0.000	30.000	0.000	0.000	0.000	
0.000	0.000	30.000	0.000	0.000	0.000	
0.000	0.000	30.000	0.000	0.000	0.000	
0.000	0.000	30.000	0.000	0.000	0.000	
0.000	0.000	30.000	0.000	0.000	0.000	
0.000	0.000	30.000	0.000	0.000	0.000	
0.000	0.000	30.000	0.000	0.000	0.000	
0.000	0.000	30.000	0.000	0.000	0.000	
0.000	0.000	30.000	0.000	0.000	0.000	
0.000	0.000	30.000	0.000	0.000	0.000	
0.000	0.000	30.000	0.000	0.000	0.000	
0.000	0.000	30.000	0.000	0.000	0.000	
0.000	0.000	30.000	0.000	0.000	0.000	
0.000	0.000	30.000	0.000	0.000	0.000	
0.000	0.000	30.000	0.000	0.000	0.000	
0.000	0.000	30.000	0.000	0.000	0.000	
0.000	0.000	30.000	0.000	0.000	0.000	
0.000	0.000	30.000	0.000	0.000	0.000	
0.000	0.000	30.000	0.000	0.000	0.000	
0.000	0.000	30.000	0.000	0.000	0.000	
0.000	0.000	30.000	0.000	0.000	0.000	
0.000	0.000	30.000	0.000	0.000	0.000	
0.000	0.000	30.000	0.000	0.000	0.000	
0.000	0.000	30.000	0.000	0.000	0.000	
0.000	0.000	30.000	0.000	0.000	0.000	
0.000	0.000	30.000	0.000	0.000	0.000	
0.000	0.000	30.000	0.000	0.000	0.000	
0.000	0.000	30.000	0.000	0.000	0.000	
0.000	0.000	30.000	0.000	0.000	0.000	
0.000	0.000	30.000	0.000	0.000	0.000	
0.000	0.000	30.000	0.000	0.000	0.000	
0.000	0.000	30.000	0.000	0.000	0.000	
0.000	0.000	30.000	0.000	0.000	0.000	
0.000	0.000	30.000	0.000	0.000	0.000	
0.000	0.000	30.000	0.000	0.000	0.000	
0.000	0.000	30.000	0.000	0.000	0.000	
0.000	0.000	30.000	0.000	0.000	0.000	
0.000	0.000	30.000	0.000	0.000	0.000	
0.000	0.000	30.000	0.000	0.000	0.000	
0.000	0.000	30.000	0.000	0.000	0.000	
0.000	0.000	30.000	0.000	0.000	0.000	
0.000	0.000	30.000	0.000	0.000	0.000	
0.000	0.000	30.000	0.000	0.000	0.000	
0.000	0.000	30.000	0.000	0.000	0.000	
0.000	0.000	30.000	0.000	0.000	0.000	
0.000	0.000	30.000	0.000	0.000	0.000	
0.000	0.000	30.000	0.000	0.000	0.000	
0.000	0.000	30.000	0.000	0.000	0.000	
0.000	0.000	30.000	0.000	0.000	0.000	
0.000	0.000	30.000	0.000	0.000	0.000	
0.000	0.000	30.000	0.000	0.000	0.000	
0.000	0.000	30.000	0.000	0.000	0.000	
0.000	0.000	30.000	0.000	0.000	0.000	
0.000	0.000	30.000	0.000	0.000	0.000	
0.000	0.000	30.000	0.000	0.000	0.000	
0.000	0.000	30.000	0.000	0.000	0.000	
0.000	0.000	30.000	0.000	0.000	0.000	
0.000	0.000	30.000	0.000	0.000	0.000	
0.000	0.000	30.000	0.000	0.000	0.000	
0.000	0.000	30.000	0.000	0.000	0.000	
0.000	0.000	30.000	0.000	0.000	0.000	
0.000	0.000	30.000	0.000	0.000	0.000	
0.000	0.000	30.000	0.000	0.000	0.000	
0.000	0.000	30.000	0.000	0.000	0.000	
0.000	0.000	30.000	0.000	0.000	0.000	
0.000	0.000	30.000	0.000	0.000	0.000	
0.000	0.000	30.000	0.000	0.000	0.000	
0.000	0.000	30.000	0.000	0.000	0.000	
0.000	0.000	30.000	0.000	0.000	0.000	
0.000	0.000	30.000	0.000	0.000	0.000	
0.000	0.000	30.000	0.000	0.000	0.000	
0.000	0.000	30.000	0.000	0.000	0.000	
0.000	0.000	30.000	0.000	0.000	0.000	
0.000	0.000	30.000	0.000	0.000	0.000	
0.000	0.000	30.000	0.000	0.000	0.000	
0.000	0.000	30.000	0.000	0.000	0.000	
0.000	0.000	30.000	0.000	0.000	0.000	
0.000	0.000	30.000	0.000	0.000	0.000	
0.000	0.000	30.000	0.000	0.000	0.000	
0.000	0.000	30.000	0.000	0.000	0.000	
0.000	0.000	30.000	0.000	0.000	0.000	
0.000	0.000	30.000	0.000	0.000	0.000	
0.000	0.000	30.000	0.000	0.000	0.000	
0.000	0.000	30.000	0.000	0.000	0.000	
0.000	0.000	30.000	0.000	0.000	0.000	
0.000	0.000	30.000	0.000	0.000	0.000	
0.000	0.000	30.000	0.000	0.000	0.000	
0.000	0.000	30.000	0.000	0.000	0.000	
0.000	0.000	30.000	0.000	0.000	0.000	
0.000	0.000	30.000	0.000	0.000	0.000	
0.000	0.000	30.000	0.000	0.000	0.000	
0.000	0.000	30.000	0.000	0.000	0.000	
0.000	0.000	30.000	0.000	0.000	0.000	
0.000	0.000	30.000	0.000	0.000	0.000	
0.000	0.000	30.000	0.000	0.000	0.000	
0.000	0.000	30.000	0.000	0.000	0.000	
0.000	0.000	30.000	0.000	0.000	0.000	
0.000	0.000	30.000	0.000	0.000	0.000	
0.000	0.000	30.000	0.000	0.000	0.000	
0.000	0.000	30.000	0.000	0.000	0.000	
0.000	0.000	30.000	0.000	0.000	0.000	
0.000	0.000	30.000	0.000	0.000	0.000	
0.000	0.000	30.000	0.000	0.000	0.000	
0.000	0.000	30.000	0.000	0.000	0.000	
0.000	0.000	30.000	0.000	0.000	0.000	
0.000	0.000	30.000	0.000	0.000	0.000	
0.000	0.000	30.000	0.000	0.000	0.000	
0.000	0.000	30.000	0.000	0.000	0.000	
0.000	0.000	30.000	0.000	0.000	0.000	
0.000	0.000	30.000	0.000	0.000	0.000	
0.000	0.000	30.000	0.000	0.000	0.000	
0.000	0.000	30.000	0.000	0.000	0.000	
0.000	0.000	30.000	0.000	0.000	0.000	
0.000	0.000	30.000	0.000	0.000	0.000	
0.000	0.000	30.000	0.000	0.000	0.000	
0.000	0.000	30.000	0.000	0.000	0.000	
0.000	0.000	30.000	0.000	0.000	0.000	
0.000	0.000	30.000	0.000	0.000	0.000	
0.000	0.000	30.000	0.000	0.000	0.000	
0.000	0.000	30.000	0.000	0.000	0.000	
0.000	0.000	30.000	0.000	0.000	0.000	
0.000	0.000	30.000	0.000	0.000	0.000	
0.000	0.000	30.000	0.000	0.000	0.000	
0.000	0.000	30.000	0.000	0.000	0.000	
0.000	0.000	30.000	0.000	0.000	0.000	
0.000	0.000	30.000	0.000	0.000	0.000	
0.000	0.000	30.000	0.000	0.000	0.000	
0.000	0.000	30.000	0.000	0.000	0.000	
0.000	0.000	30.000	0.000	0.000	0.000	
0.000	0.000	30.000	0.000	0.000	0.000	
0.000	0.000	30.000	0.000	0.000	0.000	
0.000	0.000	30.000	0.000	0.000	0.000	
0.000	0.000	30.000	0.000	0.000	0.000	
0.000	0.000	30.000	0.000	0.000	0.000	
0.000	0.000	30.000	0.000	0.000	0.000	
0.000	0.000	30.000	0.000	0.000	0.000	
0.000	0.000	30.000	0.000	0.000	0.000	
0.000	0.000	30.000	0.000	0.000	0.000	
0.000	0.000	30.000	0.000	0.000	0.000	
0.000	0.000	30.000	0.000	0.000	0.000	
0.000	0.000	30.000	0.000	0.000	0.000	
0.000	0.000	30.000	0.000	0.000	0.000	
0.000	0.000	30.000	0.000	0.000	0.000	
0.000	0.000	30.000	0.000	0.000	0.000	
0.000	0.000	30.000	0.000	0.000	0.000	
0.000	0.000	30.000	0.000	0.000	0.000	
0.000	0.000	30.000	0.000	0.000	0.000	
0.000	0.000	30.000	0.000	0.000	0.000	
0.000	0.000	30.000	0.000	0.000	0.000	
0.000	0.000	30.000	0.000	0.000	0.000	
0.000	0.000	30.000	0.000	0.000	0.000	
0.000	0.000	30.000	0.000	0.000	0.000	
0.000	0.000	30.000	0.000	0.000	0.000	
0.000	0.000	30.000	0.000	0.000	0.000	
0.000	0.000	30.000	0.000	0.000	0.000	
0.000	0.000	30.000	0.000	0.000	0.000	
0.000	0.000	30.000	0.000	0.000	0.000	
0.000	0.000	30.000	0.000	0.000	0.000	
0.000	0.000	30.000	0.000	0.000	0.000	
0.000	0.000	30.000	0.000	0.000	0.000	
0.000	0.000	30.000	0.000	0.000	0.000	
0.000	0.000	30.000	0.000	0.000	0.000	
0.000	0.000	30.000	0.000	0.000	0.000	
0.000	0.000	30.000	0.000	0.000	0.000	
0.000	0.000	30.000	0.000	0.000	0.000	
0.000	0.000	30.000	0.000	0.000	0.000	
0.000	0.000	30.000	0.000	0.000	0.000	
0.000	0.000	30.000	0.000	0.000	0.000	
0.000	0.000	30.000	0.000	0.000	0.000	
0.000	0.000	30.000	0.000	0.000	0.000	
0.000	0.000	30.000	0.000	0.000	0.000	
0.000	0.000	30.000	0.000	0.000	0.000	
0.000	0.000	30.000	0.000	0.000	0.000	
0.000	0.000	30.000	0.000	0.000	0.000	
0.000	0.000	30.000	0.000	0.000	0.000	
0.000	0.000	30.000	0.000	0.000	0.000	
0.000	0.000	30.000	0.000	0.000	0.000	
0.000	0.000	30.000	0.000	0.000	0.000	
0.000	0.000	30.000	0.000	0.000	0.000	
0.000	0.000	30.000	0.000	0.000	0.000	
0.000	0.000	30.000	0.000	0.000	0.000	
0.000	0.000	30.000	0.000	0.000	0.000	
0.000	0.000	30.000	0.000	0.000	0.000	
0.000	0.000	30.000	0.000	0.000	0.000	
0.000	0.000	30.000	0.000	0.000	0.000	
0.000	0.000	30.000	0.000	0.000	0.000	
0.000	0.000	30.000	0.000	0.000	0.000	
0.000	0.000	30.000	0.000	0.000	0.000	
0.000	0.000	30.000	0.000	0.000	0.000	
0.000	0.000	30.000	0.000	0.000	0.000	
0.000	0.000	30.000	0.000	0.000	0.000	
0.000	0.000	30.000	0.000	0.000	0.000	
0.000	0.000	30.000	0.000	0.000	0.000	
0.000	0.000	30.000	0.000	0.000	0.000	
0.000	0.000	30.000	0.000	0.000	0.000	
0.000	0.000	30.000	0.000	0.000	0.000	
0.000	0.000	30.000	0.000	0.000	0.000	
0.000	0.000	30.000	0.000	0.000	0.000	
0.000	0.000	30.000	0.000	0.000	0.000	
0.000	0.000	30.000	0.000	0.000	0.000	
0.000	0.000	30.000	0.000	0.000	0.000	
0.000	0.000	30.000	0.000	0.000	0.000	
0.000	0.000	30.000	0.000	0.000	0.000	
0.000	0.000	30.000	0.000	0.000	0.000	
0.000	0.000	30.000	0.000	0.000	0.000	
0.000	0.000	30.000	0.000	0.000	0.000	
0.000	0.000	30.000	0.000	0.000	0.000	
0.000	0.000	30.000	0.000	0.000	0.000	
0.000	0.000	30.000	0.000	0.000	0.000	
0.000	0.000	30.000	0.000	0.000	0.000	
0.000	0.000	30.000	0.000	0.000	0.000	
0.000	0.000	30.000	0.000	0.000	0.000	
0.000	0.000	30.000	0.000	0.000	0.000	
0.000	0.000	30.000	0.000	0.000	0.000	
0.000	0.000	30.000	0.000	0.000	0.000	
0.000	0.000	30.000	0.000	0.000	0.000	
0.000	0.000	30.000	0.000	0.000	0.000	
0.000	0.000	30.000	0.000	0.000	0.000	
0.000	0.000	30.000	0.000	0.000	0.000	
0.000	0.000	30.000	0.000	0.000	0.000	
0.000	0.000	30.000	0.000	0.000	0.000	
0.000	0.000	30.000	0.000	0.000	0.000	
0.000	0.000	30.000	0.000	0.000	0.000	
0.000	0.000	30.000	0.000	0.000	0.000	
0.000	0.000	30.000	0.000	0.000	0.000	
0.000	0.000	30.000	0.000	0.000	0.000	
0.000	0.000	30.000	0.000	0.000	0.000	
0.000	0.000	30.000	0.000	0.000	0.000	
0.000	0.000	30.000	0.000	0.000	0.000	
0.000	0.000	30.000	0.000	0.000	0.000	
0.000	0.000	30.000	0.000	0.000	0.000	
0.000	0.000	30.000	0.000	0.000	0.000	
0.000	0.000	30.000	0.000	0.000	0.000	
0.000	0.000	30.000	0.000	0.000	0.000	
0.000	0.000	30.000	0.000	0.000	0.000	
0.000	0.000	30.000	0.000	0.000	0.000	
0.000	0.000	30.000	0.000	0.000	0.000	
0.000	0.000	30.000	0.000	0.000	0.000	
0.000	0.000	30.000	0.000	0.000	0.000	
0.000	0.000	30.000	0.000	0.000	0.000	
0.000	0.000	30.000	0.000	0.000	0.000	
0.000	0.000	30.000	0.000	0.000	0.000	
0.000	0.000	30.000	0.000	0.000	0.000	
0.000	0.000	30.000	0.000	0.000	0.000	
0.000	0.000	30.000	0.000	0.000	0.000	
0.000	0.000	30.000	0.000	0.000	0.000	
0.000	0.000	30.000	0.000	0.000	0.000	
0.000	0.000	30.000	0.000	0.000	0.000	
0.000	0.000	30.000	0.000	0.000	0.000	
0.000	0.000	30.000	0.000	0.000	0.000	
0.000	0.000	30.000	0.000	0.000	0.000	
0.000	0.000	30.000	0.000	0.000	0.000	
0.000	0.000	30.000	0.000	0.000	0.000	
0.000	0.000	30.000	0.000	0.000	0.000	
0.000	0.000	30.000	0.000	0.000	0.000	
0.000	0.000	30.000	0.000	0.000	0.000	
0.000	0.000	30.000	0.000	0.000	0.000	
0.000	0.000	30.000	0.000	0.000	0.000	
0.000	0.000	30.000	0.000	0.000	0.000	
0.000	0.000	30.000	0.000	0.000	0.000	
0.000	0.000	30.000	0.000	0.000	0.000	
0.000	0.000	30.000	0.000	0.000	0.000	
0.000	0.000	30.000	0.000	0.000	0.000	
0.000	0.000	30.000	0.000	0.000	0.000	
0.000	0.000	30.000	0.000	0.000	0.000	
0.000	0.000	30.000	0.000	0.000	0.000	
0.000	0.000	30.000	0.000	0.000	0.000	
0.000	0.000	30.000	0.000	0.000	0.000	
0.000	0.000	30.000	0.000	0.000	0.000	
0.000	0.000	30.000	0.000	0.000	0.000	
0.000	0.000	30.000	0.000	0.000	0.000	
0.000	0.000	30.000	0.000	0.000	0.000	
0.000	0.000	30.000	0.000	0.000	0.000	
0.000	0.000	30.000	0.000	0.000	0.000	
0.000	0.000	30.000	0.000	0.000	0.000	
0.000	0.000	30.000	0.000	0.000	0.000	
0.000	0.000	30.000	0.000	0.000	0.000	
0.000	0.000	30.000	0.000	0.000	0.000	
0.000	0.000	30.000	0.000	0.000	0.000	
0.000	0.000	30.000	0.000	0.000	0.000	
0.000	0.000	30.000	0.000	0.000	0.000	
0.000	0.000	30.000	0.000	0.000	0.000	
0.000	0.000	30.000	0.000	0.000	0.000	
0.000	0.000	30.000	0.000	0.000	0.000	
0.000	0.000	30.000	0.000	0.000	0.000	
0.000	0.000	30.000	0.000	0.000	0.000	
0.000	0.000	30.000	0.000	0.000	0.000	
0.000	0.000	30.000	0.000	0.000	0.000	
0.000	0.000	30.000	0.000	0.000	0.000	
0.000	0.000	30.000	0.000	0.000	0.000	
0.000	0.000	30.000	0.000	0.000	0.000	
0.000	0.000	30.000	0.000	0.000	0.000	
0.000	0.000	30.000	0.000	0.000	0.000	
0.000	0.000	30.000	0.000	0.000	0.000	
0.000	0.000	30.000	0.000	0.000	0.000	
0.000	0.000	30.000	0.000	0.000	0.000	
0.000	0.000	30.000	0.000	0.000	0.000	
0.000	0.000	30.000	0.000	0.000	0.000	
0.000	0.000	30.000	0.000	0.000	0.000	
0.000	0.000	30.000	0.000	0.000	0.000	
0.000	0.000	30.000	0.000	0.000	0.000	
0.000	0.000	30.000	0.000	0.000	0.000	
0.000	0.000	30.000	0.000	0.000	0.000	
0.000	0.000	30.000	0.000	0.000	0.000	
0.000	0.000	30.000	0.000	0.000	0.000	
0.000	0.000	30.000	0.000	0.000	0.000	
0.000	0.000	30.000	0.000	0.000	0.000	
0.000	0.000	30.000	0.000	0.000	0.000	
0.000	0.000	30.000	0.000	0.000	0.000	
0.000	0.000	30.000	0.000	0.000	0.000	
0.000	0.000	30.000	0.000	0.000	0.000	
0.000	0.000	30.000	0.000	0.000	0.000	
0.000	0.000	30.000	0.000	0.000	0.000	
0.000	0.000	30.000	0.000	0.000	0.000	
0.000	0.000	30.000	0.000	0.000	0.000	
0.000	0.000	30.000	0.000	0.000	0.000	
0.000	0.000	30.000	0.000	0.000	0.000	
0.000	0.000	30.000	0.000	0.000	0.000	
0.000	0.000	30.000	0.000	0.000	0.000	
0.000	0.000	30.000	0.000	0.000	0.000	
0.000	0.000	30.000	0.000	0.000	0.000	
0.000	0.000	30.000	0.000	0.000	0.000	
0.000	0.000	30.000	0.000	0.000	0.000	
0.000	0.000	30.000	0.000	0.000	0.000	
0.000	0.000	30.000	0.000	0.000	0.000	
0.000	0.000	30.000	0.000	0.000	0.000	
0.000	0.000	30.000	0.000	0.000	0.000	
0.000	0.000	30.000	0.000	0.000	0.000	
0.000	0.000	30.000	0.000	0.000	0.000	
0.000	0.000	30.000	0.000	0.000	0.000	
0.000	0.000	30.000	0.000	0.000	0.000	
0.000	0.000	30.000	0.000	0.000	0.000	
0.000	0.000	30.000	0.000	0.000	0.000	
0.000	0.000	30.000	0.000	0.000	0.000	
0.000	0.000	30.000	0.000	0.000	0.000	
0.000	0.000	30.000	0.000	0.000	0.000	
0.000	0.000	30.000	0.000	0.000	0.000	
0.000	0.000	30.000	0.000	0.000	0.000	
0.000	0.000	30.000	0.000	0.000	0.000	
0.000	0.000	30.000	0.000	0.000	0.000	
0.000	0.000	30.000	0.000	0.000	0.000	
0.000	0.000	30.000	0.000	0.000	0.000	
0.000	0.000	30.000	0.000	0.000	0.000	
0.000	0.000	30.000	0.000	0.000	0.000	
0.000	0.000	30.000	0.000	0.000	0.000	
0.000	0.000	30.000	0.000	0.000	0.000	
0.000	0.000	30.000	0.000	0.000	0.000	
0.000	0.000	30.000	0.000	0.000	0.000	
0.000	0.000	30.000	0.000	0.000	0.000	
0.000	0.000	30.000	0.000	0.000	0.000	
0.000	0.000	30.000	0.000	0.000	0.000	
0.000	0.000	30.000	0.000	0.000	0.000	
0.000	0.000	30.000	0.000	0.000	0.000	
0.000	0.000	30.000	0.000	0.000	0.000	
0.000	0.000	30.000	0.000	0.000	0.000	
0.000	0.000	30.000	0.000	0.000	0.000	
0.000	0.000	30.000	0.000	0.000	0.000	
0.000	0.000	30.000	0.000	0.000	0.000	
0.000	0.000	30.000	0.000	0.000	0.000	
0.000	0.000	30.000	0.000	0.000	0.000	
0.000	0.000	30.000	0.000	0.000	0.000	
0.000	0.000	30.000	0.000	0.000	0.000	
0.000	0.000	30.000	0.000	0.000	0.000	
0.000	0.000	30.000	0.000	0.000	0.000	
0.000	0.000	30.000	0.000	0.000	0.000	
0.000	0.000	30.000	0.000	0.000	0.000	
0.000	0.000	30.000	0.000	0.000	0.000	
0.000	0.000	30.000	0.000	0.000	0.000	
0.000	0.000	30.000	0.000	0.000	0.000	
0.000	0.000	30.000	0.000	0.000	0.000	
0.000	0.000	30.000	0.000	0.000	0.000	
0.000	0.000	30.000	0.000	0.000	0.000	
0.000	0.000	30.000	0.000	0.000	0.000	
0.000	0.000	30.000	0.000	0.000	0.000	
0.000	0.000	30.000	0.000	0.000	0.000	
0.000	0.000	30.000	0.000	0.000	0.000	
0.000	0.000	30.000	0.000	0.000	0.000	
0.000	0.000	30.000	0.000	0.000	0.000	
0.000	0.000	30.000	0.000	0.000	0.000	
0.000	0.000	30.000	0.000	0.000	0.000	
0.000	0.000	30.000	0.000	0.000	0.000	
0.000	0.000	30.000	0.000	0.000	0.000	
0.000	0.000	30.000	0.000	0.000	0.000	
0.000	0.000	30.000	0.000	0.000	0.000	
0.000	0.000	30.000	0.000	0.000	0.000	
0.000	0.000	30.000	0.000	0.000	0.000	
0.000	0.000	30.000	0.000	0.000	0.000	
0.000	0.000	30.000	0.000	0.000	0.000	
0.000	0.000	30.000	0.000	0.000	0.000	
0.000	0.000	30.000	0.000	0.000	0.000	
0.000	0.000	30.000	0.000	0.000	0.000	
0.000	0.000	30.000	0.000	0.000	0.000	
0.000	0.000	30.000	0.000	0.000	0.000	
0.000	0.000	30.000	0.000	0.000	0.000	
0.000	0.000	30.000	0.000	0.000	0.000	
0.000	0.000	30.000	0.000	0.000	0.000	
0.000	0.000	30.000	0.000	0.000	0.000	
0.000	0.000	30.000	0.000	0.000	0.000	
0.000	0.000	30.000	0.000	0.000	0.000	
0.000	0.000	30.000	0.000	0.000	0.000	
0.000	0.000	30.000	0.000	0.000	0.000	
0.000	0.000	30.000	0.000	0.000	0.000	
0.000	0.000	30.000	0.000	0.000	0.000	
0.000	0.000	30.000	0.000	0.000	0.000	
0.000	0.000	30.000	0.000	0.000	0.000	
0.000	0.000	30.000	0.000	0.000	0.000	
0.000	0.000	30.000	0.000	0.000	0.000	
0.000	0.000	30.000	0.000	0.000	0.000	
0.000	0.000	30.000	0.000	0.000	0.000	
0.000	0.000	30.000	0.000	0.000	0.000	
0.000	0.000	30.000	0.000	0.000	0.000	
0.000	0.000	30.000	0.000	0.000	0.000	
0.000	0.000	30.000	0.000	0.000	0.000	
0.000	0.000	30.000	0.000	0.000	0.000	
0.000	0.000	30.000	0.000	0.000	0.000	
0.000	0.000	30.000	0.000	0.000	0.000	
0.000	0.000	30.000	0.000	0.000	0.000	
0.000	0.000	30.000	0.000	0.000	0.000	
0.000	0.000	30.000	0.000	0.000	0.000	
0.000	0.000	30.000	0.000	0.000	0.000	
0.000	0.000	30.000	0.000	0.000	0.000	
0.000	0.000	30.000	0.000	0.000	0.000	
0.000	0.000	30.000	0.000	0.000	0.000	
0.000	0.000	30.000	0.000	0.000	0.000	
0.000	0.000	30.000	0.000	0.000	0.000	
0.000	0.000	30.000	0.000	0.000	0.000	
0.000	0.000	30.000	0.000	0.000	0.000	
0.000	0.000	30.000	0.000	0.000	0.000	
0.000	0.000	30.000	0.000	0.000	0.000	
0.000	0.000	30.000	0.000	0.000	0.000	
0.000	0.000	30.000	0.000	0.000	0.000	
0.000	0.000	30.000	0.000	0.000	0.000	
0.000	0.000	30.000	0.000	0.000	0.000	
0.000	0.000	30.000	0.000	0.000	0.000	
0.000	0.000	30.000	0.000	0.000	0.000	
0.000	0.000	30.000	0.000	0.000	0.000	
0.000	0.000	30.000	0.000	0.000	0.000	
0.000	0.000	30.000	0.000	0.000	0.000	
0.000	0.000	30.000	0.000	0.000	0.000	
0.000	0.000	30.000	0.000	0.000	0.000	
0.000	0.000	30.000	0.000	0.000	0.000	
0.000	0.000	30.000	0.000	0.000	0.000	
0.000	0.000	30.000	0.000	0.000	0.000	
0.000	0.000	30.000	0.000	0.000	0.000	
0.000	0.000	30.000	0.000	0.000	0.000	
0.000	0.000	30.000	0.000	0.000	0.000	
0.000	0.000	30.000	0.000	0.000	0.000	
0.000	0.000	30.000	0.000	0.000	0.000	
0.000	0.000	30.000	0.000	0.000	0.000	
0.000	0.000	30.000	0.000	0.000	0.000	
0.000	0.000	30.000	0.000	0.000	0.000	
0.000	0.000	30.000	0.000	0.000	0.000	
0.000	0.000	30.000	0.000	0.000	0.000	
0.000	0.000	30.000	0.000	0.000	0.000	
0.000	0.000	30.000	0.000	0.000	0.000	
0.000	0.000	30.000	0.000	0.000	0.000	
0.000	0.000	30.000	0.000	0.000	0.000	
0.000	0.000	30.000	0.000	0.000	0.000	
0.000	0.000	30.000	0.000	0.000	0.000	
0.000	0.000	30.000	0.000	0.000	0.000	
0.000	0.000	30.000	0.000	0.000	0.000	
0.000	0.000	30.000	0.000	0.000	0.000	
0.000	0.000	30.000	0.000	0.000	0.000	
0.000	0.000	30.000	0.000	0.000	0.000	
0.000	0.000	30.000	0.000	0.000	0.000	
0.000	0.000	30.000	0.000	0.000	0.000	
0.000	0.000	30.000	0.000	0.000	0.000	
0.000	0.000	30.000	0.000	0.000	0.000	
0.000	0.000	30.000	0.000	0.000	0.000	
0.000	0.000	30.000	0.000	0.000	0.000	
0.000	0.000	30.000	0.000	0.000	0.000	
0.000	0.000	30.000	0.000	0.000	0.000	
0.000	0.000	30.000	0.000	0.000	0.000	
0.000	0.000	30.000	0.000	0.000	0.000	
0.000	0.000	30.000	0.000	0.000	0.000	
0.000	0.000	30.000	0.000	0.000	0.000	
0.000	0.000	30.000	0.000	0.000	0.000	
0.000	0.000	30.000	0.000	0.000	0.000	
0.000	0.000	30.000	0.000	0.000	0.000	
0.000	0.000	30.000	0.000	0.000	0.000	
0.000	0.000	30.000	0.000	0.000	0.000	
0.000	0.000	30.000	0.000	0.000	0.000	
0.000	0.000	30.000	0.000	0.000	0.000	
0.000	0.000	30.000	0.000	0.000	0.000	
0.000	0.000	30.000	0.000	0.000	0.000	
0.000	0.000	30.000	0.000	0.000	0.000	
0.000	0.000	30.000	0.000	0.000	0.000	
0.000	0.000	30.000	0.000	0.000	0.000	
0.000	0.000	30.000	0.000	0.000	0.000	
0.000	0.000	30.000	0.000	0.000	0.000	
0.000	0.000	30.000	0.000	0.000	0.000	
0.000	0.000	30.000	0.000	0.000	0.000	
0.000	0.000	30.000	0.000	0.000	0.000	
0.000	0.000	30.000	0.000	0.000	0.000	
0.000	0.000	30.000	0.000	0.000	0.000	
0.000	0.000	30.000	0.000	0.000	0.000	
0.000	0.000	30.000	0.000	0.000	0.000	
0.000	0.000	30.000	0.000	0.000	0.000	
0.000	0.000	30.000	0.000	0.000	0.000	
0.000	0.000	30.000	0.000	0.000	0.000	
0.000	0.000	30.000	0.000	0.000	0.000	
0.000	0.000	30.000	0.000	0.000	0.000	
0.000	0.000	30.000	0.000	0.000	0.000	
0.000	0.000	30.000	0.000	0.000	0.000	
0.000	0.000	30.000	0.000	0.000	0.000	
0.000	0.000	30.000	0.000	0.000	0.000	
0.000	0.000	30.000	0.000	0.000	0.000	
0.000	0.000	30.000	0.000	0.000	0.000	
0.000	0.000	30.000	0.000	0.000	0.000	
0.000	0.000	30.000	0.000	0.000	0.000	
0.000	0.000	30.000	0.000	0.000	0.000	
0.000	0.000	30.000	0.000	0.000	0.000	
0.000	0.000	30.000	0.000	0.000	0.000	
0.000	0.000	30.000	0.000	0.000	0.000	
0.000	0.000	30.000	0.000	0.000	0.000	
0.000	0.000	30.000	0.000	0.000	0.000	
0.000	0.000	30.000	0.000	0.000	0.000	
0.000	0.000	30.000	0.000	0.000	0.000	
0.000	0.000	30.000	0.000	0.000	0.000	
0.000	0.000	30.000	0.000	0.000	0.000	
0.000	0.000	30.000	0.000	0.000	0.000	
0.000	0.000	30.000	0.000	0.000	0.000	
0.000	0.000	30.000	0.000	0.000	0.000	
0.000	0.000	30.000	0.000	0.000	0.000	
0.000	0.000	30.000	0.000	0.000	0.000	
0.000	0.000	30.000	0.000	0.000	0.000	
0.000	0.000	30.000	0.000	0.000	0.000	
0.000	0.000	30.000	0.000	0.000	0.000	
0.000	0.000	30.000	0.000	0.000	0.000	
0.000	0.000	30.000	0.000	0.000	0.000	
0.000	0.000	30.000	0.000	0.000	0.000	
0.000	0.000	30.000	0.000	0.000	0.000	
0.000	0.000	30.000	0.000	0.000	0.000	
0.000	0.000	30.000	0.000	0.000	0.000	
0.000	0.000	30.000	0.000	0.000	0.000	
0.000	0.000	30.000	0.000	0.000	0.000	
0.000	0.000	30.000	0.000	0.000	0.000	
0.000	0.000	30.000	0.000	0.000	0.000	
0.000	0.000	30.000	0.000	0.000	0.000	
0.000	0.000	30.000	0.000	0.000	0.000	
0.000	0.000	30.000	0.000	0.000	0.000	
0.000	0.000	30.000	0.000	0.000	0.000	
0.000	0.000	30.000	0.000	0.000	0.000	
0.000	0.000	30.000	0.000	0.000	0.000	
0.000	0.000	30.000	0.000	0.000	0.000	
0.000	0.000	30.000	0.000	0.000	0.000	
0.000	0.000	30.000	0.000	0.000	0.000	
0.000	0.000	30.000	0.000	0.000	0.000	
0.000	0.000	30.000	0.000	0.000	0.000	
0.000	0.000	30.000	0.000	0.000	0.000	
0.000	0.000	30.000	0.000	0.000	0.000	
0.000	0.000	30.000	0.000	0.000	0.000	
0.000	0.000	30.000	0.000	0.000	0.000	
0.000	0.000	30.000	0.000	0.000	0.000	
0.000	0.000	30.000	0.000	0.000	0.000	
0.000	0.000	30.000	0.000	0.000	0.000	
0.000	0.000	30.000	0.000	0.000	0.000	
0.000	0.000	30.000	0.000	0.000	0.000	
0.000	0.000	30.000	0.000	0.000	0.000	
0.000	0.000	30.000	0.000	0.000	0.000	
0.000	0.000	30.000	0.000	0.000	0.000	
0.000	0.000	30.000	0.000	0.000	0.000	
0.000	0.000	30.000	0.000	0.000	0.000	
0.000	0.000	30.000	0.000	0.000	0.000	
0.000	0.000	30.000	0.000	0.000	0.000	
0.000	0.000	30.000	0.000	0.000	0.000	
0.000	0.000	30.000	0.000	0.000	0.000	
0.000	0.000	30.000	0.000	0.000	0.000	
0.000	0.000	30.000	0.000	0.000	0.000	
0.000	0.000	30.000	0.000	0.000	0.000	
0.000	0.000	30.000	0.000	0.000	0.000	
0.000	0.000	30.000	0.000	0.000	0.000	
0.000	0.000	30.000	0.000	0.000	0.000	
0.000	0.000	30.000	0.000	0.000	0.000	
0.000	0.000	30.000	0.000	0.000	0.000	
0.000	0.000	30.000	0.000	0.000	0.000	
0.000	0.000	30.000	0.000	0.000	0.000	
0.000	0.000	30.000	0.000	0.000	0.000	
0.000	0.000	30.000	0.000	0.000	0.000	
0.000	0.000	30.000	0.000	0.000	0.000	
0.000	0.000	30.000	0.000	0.000	0.000	
0.000	0.000	30.000	0.000	0.000	0.000	
0.000	0.000	30.000	0.000	0.000	0.000	
0.000	0.000	30.000	0.000	0.000	0.000	
0.000	0.000	30.000	0.000	0.000	0.000	
0.000	0.000	30.000	0.000	0.000	0.000	
0.000	0.000	30.000	0.000	0.000	0.000	
0.000	0.000	30.000	0.000	0.000	0.000	
0.000	0.000	30.000	0.000	0.000	0.000	
0.000	0.000	30.000	0.000	0.000	0.000	
0.000	0.000	30.000	0.000	0.000	0.000	
0.000	0.000	30.000	0.000	0.000	0.000	
0.000	0.000	30.000	0.000	0.000	0.000	
0.000	0.000	30.000	0.000	0.000	0.000	
0.000	0.000	30.000	0.000	0.000	0.000	
0.000	0.000	30.000	0.000	0.000	0.000	
0.000	0.000	30.000	0.000	0.000	0.000	
0.000	0.000	30.000	0.000	0.000	0.000	
0.000	0.000	30.000	0.000	0.000	0.000	
0.000	0.000	30.000	0.000	0.000	0.000	
0.000	0.000	30.000	0.000	0.000	0.000	
0.000	0.000	30.000	0.000	0.000	0.000	
0.000	0.000	30.000	0.000	0.000	0.000	
0.000	0.000	30.000	0.000	0.000	0.000	
0.000	0.000	30.000	0.000	0.000	0.000	
0.000	0.000	30.000	0.000	0.000	0.000	
0.000	0.000	30.000	0.000	0.000	0.000	
0.000	0.000	30.000	0.000	0.000	0.000	
0.000	0.000	30.000	0.000	0.000	0.000	
0.000	0.000	30.000	0.000	0.000	0.000	
0.000	0.000	30.000	0.000	0.000	0.000	
0.000	0.000	30.000	0.000	0.000	0.000	
0.000	0.000	30.000	0.000	0.000	0.000	
0.000	0.000	30.000	0.000	0.000	0.000	
0.000	0.000	30.000	0.000	0.000	0.000	
0.000	0.000	30.000	0.000	0.000	0.000	
0.000	0.000	30.000	0.000	0.000	0.000	
0.000	0.000	30.000	0.000	0.000	0.000	
0.000	0.000	30.000	0.000	0.000	0.000	
0.000	0.000	30.000	0.000	0.000	0.000	
0.000	0.000	30.000	0.000	0.000	0.000	
0.000	0.000	30.000	0.000	0.000	0.000	
0.000	0.000	30.000	0.000	0.000	0.000	
0.000	0.000	30.000	0.000	0.000	0.000	
0.000	0.000	30.000	0.000	0.000	0.000	
0.000	0.000	30.000	0.000	0.000	0.000	
0.000	0.000	30.000	0.000	0.000	0.000	
0.000	0.000	30.000	0.000	0.000	0.000	
0.000	0.000	30.000	0.000	0.000	0.000	
0.000	0.000	30.000	0.000	0.000	0.000	
0.000	0.000	30.000	0.000	0.000	0.000	
0.000	0.000	30.000	0.000	0.000	0.000	
0.000	0.000	30.000	0.000	0.000	0.000	
0.000	0.000	30.000	0.000	0.000	0.000	
0.000	0.000	30.000	0.000	0.000	0.000	
0.000	0.000	30.000	0.000	0.000	0.000	
0.000	0.000	30.000	0.000	0.000	0.000	
0.000	0.000	30.000	0.000	0.000	0.000	
0.000	0.000	30.000	0.000	0.000	0.000	
0.000	0.000	30.000	0.000	0.000	0.000	
0.000	0.000	30.000	0.000	0.000	0.000	
0.000	0.000	30.000	0.000	0.000	0.000	
0.000	0.000	30.000	0.000	0.000	0.000	
0.000	0.000	30.000	0.000	0.000	0.000	
0.000	0.000	30.000	0.000	0.000	0.000	
0.000	0.000	30.000	0.000	0.000	0.000	
0.000	0.000	30.000	0.000	0.000	0.000	
0.000	0.000	30.000	0.000	0.000	0.000	
0.000	0.000	30.000	0.000	0.000	0.000	
0.000	0.000	30.000	0.000	0.000	0.000	
0.000	0.000	30.000	0.000	0.000	0.000	
0.000	0.000	30.000	0.000	0.000	0.000	
0.000	0.000	30.000	0.000	0.000	0.000	
0.000	0.000	30.000	0.000	0.000	0.000	
0.000	0.000	30.000	0.000	0.000	0.000	
0.000	0.000	30.000	0.000	0.000	0.000	
0.000	0.000	30.000	0.000	0.000	0.000	
0.000	0.000	30.000	0.000	0.000	0.000	
0.000	0.000	30.000	0.000	0.000	0.000	
0.000	0.000	30.000	0.000	0.000	0.000	
0.000	0.000	30.000	0.000	0.000	0.000	
0.000	0.000	30.000	0.000	0.000	0.000	
0.000	0.000	30.000	0.000	0.000	0.000	
0.000	0.000	30.000	0.000	0.000	0.000	
0.000	0.000	30.000	0.000	0.000	0.000	
0.000	0.000	30.000	0.000	0.000	0.000	
0.000	0.000	30.000	0.000	0.000	0.000	
0.000	0.000	30.000	0.000	0.000	0.000	
0.000	0.000	30.000	0.000	0.000	0.000	
0.000	0.000	30.000	0.000	0.000	0.000	
0.000	0.000	30.000	0.000	0.000	0.000	
0.000	0.000	30.000	0.000	0.000	0.000	
0.000	0.000	30.000	0.000	0.000	0.000	
0.000	0.000	30.000	0.000	0.000	0.000	
0.000	0.000	30.000	0.000	0.000	0.000	
0.000	0.000	30.000	0.000	0.000	0.000	
0.000	0.000	30.000	0.000	0.000	0.000	
0.000	0.000	30.000	0.000	0.000	0.000	
0.000	0.000	30.000	0.000	0.000	0.000	
0.000	0.000	30.000	0.000	0.000	0.000	
0.000	0.000	30.000	0.000	0.000	0.000	
0.000	0.000	30.000	0.000	0.000	0.000	
0.000	0.000	30.000	0.000	0.000	0.000	
0.000	0.000	30.000	0.000	0.000	0.000	
0.000	0.000	30.000	0.000	0.000	0.000	
0.000	0.000	30.000	0.000	0.000	0.000	
0.000	0.000	30.000	0.000	0.000	0.000	
0.000	0.000	30.000	0.000	0.000	0.000	
0.000	0.000	30.000	0.000	0.000	0.000	
0.000	0.000	30.000	0.000	0.000	0.000	
0.000	0.000	30.000	0.000	0.000	0.000	
0.000	0.000	30.000	0.000	0.000	0.000	
0.000	0.000	30.000	0.000	0.000	0.000	
0.000	0.000	30.000	0.000	0.000	0.000	
0.000	0.000	30.000	0.000	0.000	0.000	
0.000	0.000	30.000	0.000	0.000	0.000	
0.000	0.000	30.000	0.000	0.000	0.000	
0.000	0.000	30.000	0.000	0.000	0.000	
0.000	0.000	30.000	0.000	0.000	0.000	
0.000	0.000	30.000	0.000	0.000	0.000	
0.000	0.000	30.000	0.000	0.000	0.000	
0.000	0.000	30.000	0.000	0.000	0.000	
0.000	0.000	30.000	0.000	0.000	0.000	
0.000	0.000	30.000	0.000	0.000	0.000	
0.000	0.000	30.000	0.000	0.000	0.000	
0.000	0.000	30.000	0.000	0.000	0.000	
0.000	0.000	30.000	0.000	0.000	0.000	
0.000	0.000	30.000	0.000	0.000	0.000	
0.000	0.000	30.000	0.000	0.000	0.000	
0.000	0.000	30.000	0.000	0.000	0.000	
0.000	0.000	30.000	0.000	0.000	0.000	
0.000	0.000	30.000	0.000	0.000	0.000	
0.000	0.000	30.000	0.000	0.000	0.000	
0.000	0.000	30.000	0.000	0.000	0.000	
0.000	0.000	30.000	0.000	0.000	0.000	
0.000	0.000	30.000	0.000	0.000	0.000	
0.000	0.000	30.000	0.000	0.000	0.000	
0.000	0.000	30.000	0.000	0.000	0.000	
0.000	0.000	30.000	0.000	0.000	0.000	
0.000	0.000	30.000	0.000	0.000	0.000	
0.000	0.000	30.000	0.000	0.000	0.000	
0.000	0.000	30.000	0.000	0.000	0.000	
0.000	0.000	30.000	0.000	0.000	0.000	
0.000	0.000	30.000	0.000	0.000	0.000	
0.000	0.000	30.000	0.000	0.000	0.000	
0.000	0.000	30.000	0.000	0.000	0.000	
0.000	0.000	30.000	0.000	0.000	0.000	
0.000	0.000	30.000	0.000	0.000	0.000	
0.000	0.000	30.000	0.000	0.000	0.000	
0.000	0.000	30.000	0.000	0.000	0.000	
0.000	0.000	30.000	0.000	0.000	0.000	
0.000	0.000	30.000	0.000	0.000	0.000	
0.000	0.000	30.000	0.000	0.000	0.000	
0.000	0.000	30.000	0.000	0.000	0.000	
0.000	0.000	30.000	0.000	0.000	0.000	
0.000	0.000	30.000	0.000	0.000	0.000	
0.000	0.000	30.000	0.000	0.000	0.000	
0.000	0.000	30.000	0.000	0.000	0.000	
0.000	0.000	30.000	0.000	0.000	0.000	
0.000	0.000	30.000	0.000	0.000	0.000	
0.000	0.000	30.000	0.000	0.000	0.000	
0.000	0.000	30.000	0.000	0.000	0.000	
0.000	0.000	30.000	0.000	0.000	0.000	
0.000	0.000	30.000	0.000	0.000	0.000	
0.000	0.000	30.000	0.000	0.000	0.000	
0.000	0.000	30.000	0.000	0.000	0.000	
0.000	0.000	30.000	0.000	0.000	0.000	
0.000	0.000	30.000	0.000	0.000	0.000	
0.000	0.000	30.000	0.000	0.000	0.000	
0.000	0.000	30.000	0.000	0.000	0.000	
0.000	0.000	30.000	0.000	0.000	0.000	
0.000	0.000	30.000	0.000	0.000	0.000	
0.000	0.000	30.000	0.000	0.000	0.000	
0.000	0.000	30.000	0.000	0.000	0.000	
0.000	0.000	30.000	0.000	0.000	0.000	
0.000	0.000	30.000	0.000	0.000	0.000	
0.000	0.000	30.000	0.000	0.000	0.000	
0.000	0.000	30.000	0.000	0.000	0.000	
0.000	0.000	30.000	0.000	0.000	0.000	
0.000	0.000	30.000	0.000	0.000	0.000	
0.000	0.000	30.000	0.000	0.000	0.000	
0.000	0.000	30.000	0.000	0.000	0.000	
0.000	0.000	30.000	0.000	0.000	0.000	
0.000	0.000	30.000	0.000	0.000	0.000	
0.000	0.000	30.000	0.000	0.000	0.000	
0.000	0.000	30.000	0.000	0.000	0.000	
0.000	0.000	30.000	0.000	0.000	0.000	
0.000	0.000	30.000	0.000	0.000	0.000	
0.000	0.000	30.000	0.000	0.000	0.000	
0.000	0.000	30.000	0.000	0.000	0.000	
0.000	0.000	30.000	0.000	0.000	0.000	
0.000	0.000	30.000	0.000	0.000	0.000	
0.000	0.000	30.000	0.000	0.000	0.000	
0.000	0.000	30.000	0.000	0.000	0.000	
0.000	0.000	30.000	0.000	0.000	0.000	
0.000	0.000	30.000	0.000	0.000	0.000	
0.000	0.000	30.000	0.000	0.000	0.000	
0.000	0.000	30.000	0.000	0.000	0.000	
0.000	0.000	30.000	0.000	0.000	0.000	
0.000	0.000	30.000	0.000	0.000	0.000	
0.000	0.000	30.000	0.000	0.000	0.000	
0.000	0.000	30.000	0.000	0.000	0.000	
0.000	0.000	30.000	0.000	0.000	0.000	
0.000	0.000	30.000	0.000	0.000	0.000	
0.000	0.000	30.000	0.000	0.000	0.000	
0.000	0.000	30.000	0.000	0.000	0.000	
0.000	0.000	30.000	0.000	0.000	0.000	
0.000	0.000	30.000	0.000	0.000	0.000	
0.000	0.000	30.000	0.000	0.000	0.000	
0.000	0.000	30.000	0.000	0.000	0.000	
0.000	0.000	30.000	0.000	0.000	0.000	
0.000	0.000	30.000	0.000	0.000	0.000	
0.000	0.000	30.000	0.000	0.000	0.000	
0.000	0.000	30.000	0.000	0.000	0.000	
0.000	0.000	30.000	0.000	0.000	0.000	
0.000	0.000	30.000	0.000	0.000	0.000	
0.000	0.000	30.000	0.000	0.000	0.000	
0.000	0.000	30.000	0.000	0.000	0.000	
0.000	0.000	30.000	0.000	0.000	0.000	
0.000	0.000	30.000	0.000	0.000	0.000	
0.000	0.000	30.000	0.000	0.000	0.000	
0.000	0.000	30.000	0.000	0.000	0.000	
0.000	0.000	30.000	0.000	0.000	0.000	
0.000	0.000	30.000	0.000	0.000	0.000	
0.000	0.000	30.000	0.000	0.000	0.000	
0.000	0.000	30.000	0.000	0.000	0.000	
0.000	0.000	30.000	0.000	0.000	0.000	
0.000	0.000	30.000	0.000	0.000	0.000	
0.000	0.000	30.000	0.000	0.000	0.000	
0.000	0.000	30.000	0.000	0.000	0.000	
0.000	0.000	30.000	0.000	0.000	0.000	
0.000	0.000	30.000	0.000	0.000	0.000	
0.000	0.000	30.000	0.000	0.000	0.000	
0.000	0.000	30.000	0.000	0.000	0.000	
0.000	0.000	30.000	0.000	0.000	0.000	
0.000	0.000	30.000	0.000	0.000	0.000	
0.000	0.000	30.000	0.000	0.000	0.000	
0.000	0.000	30.000	0.000	0.000	0.000	
0.000	0.000	30.000	0.000	0.000	0.000	
0.000	0.000	30.000	0.000	0.000	0.000	
0.000	0.000	30.000	0.000	0.000	0.000	
0.000	0.000	30.000	0.000	0.000	0.000	
0.000	0.000	30.000	0.000	0.000	0.000	
0.000	0.000	30.000	0.000	0.000	0.000	
0.000	0.000	30.000	0.000	0.000	0.000	
0.000	0.000	30.000	0.000	0.000	0.000	
0.000	0.000	30.000	0.000	0.000	0.000	
0.000	0.000	30.000	0.000	0.000	0.000	
0.000	0.000	30.000	0.000	0.000	0.000	
0.000	0.000	30.000	0.000	0.000	0.000	
0.000	0.000	30.000	0.000	0.000	0.000	
0.000	0.000	30.000	0.000	0.000	0.000	
0.000	0.000	30.000	0.000	0.000	0.000	
0.000	0.000	30.000	0.000	0.000	0.000	
0.000	0.000	30.000	0.000	0.000	0.000	
0.000	0.000	30.000	0.000	0.000	0.000	
0.000	0.000	30.000	0.000	0.000	0.000	
0.000	0.000	30.000	0.000	0.000	0.000	
0.000	0.000	30.000	0.000	0.000	0.000	
0.000	0.000	30.000	0.000	0.000	0.000	
0.000	0.000	30.000	0.000	0.000	0.000	
0.000	0.000	30.000	0.000	0.000	0.000	
0.000	0.000	30.000	0.000	0.000	0.000	
0.000	0.000	30.000	0.000	0.000	0.000	
0.000	0.000	30.000	0.000	0.000	0.000	
0.000	0.000	30.000	0.000	0.000	0.000	
0.000	0.000	30.000	0.000	0.000	0.000	
0.000	0.000	30.000	0.000	0.000	0.000	
0.000	0.000	30.000	0.000	0.000	0.000	
0.000	0.000	30.000	0.000	0.000	0.000	
0.000	0.000	30.000	0.000	0.000	0.000	
0.000	0.000	30.000	0.000	0.000	0.000	
0.000	0.000	30.000	0.000	0.000	0.000	
0.000	0.000	30.000	0.000	0.000	0.000	
0.000	0.000	30.000	0.000	0.000	0.000	
0.000	0.000	30.000	0.000	0.000	0.000	
0.000	0.000	30.000	0.000	0.000	0.000	
0.000	0.000	30.000	0.000	0.000	0.000	
0.000	0.000	30.000	0.000	0.000	0.000	
0.000	0.000	30.000	0.000	0.000	0.000	
0.000	0.000	30.000	0.000	0.000	0.000	
0.000	0.000	30.000	0.000	0.000	0.000	
0.000	0.000	30.000	0.000	0.000	0.000	
0.000	0.000	30.000	0.000	0.000	0.000	
0.000	0.000	30.000	0.000	0.000	0.000	
0.000	0.000	30.000	0.000	0.000	0.000	
0.000	0.000	30.000	0.000	0.000	0.000	
0.000	0.000	30.000	0.000	0.000	0.000	
0.000	0.000	30.000	0.000	0.000	0.000	
0.000	0.000	30.000	0.000	0.000	0.000	
0.000	0.000	30.000	0.000	0.000	0.000	
0.000	0.000	30.000	0.000	0.000	0.000	
0.000	0.000	30.000	0.000	0.000	0.000	
0.000	0.000	30.000	0.000	0.000	0.000	
0.000	0.000	30.000	0.000	0.000	0.000	
0.000	0.000	30.000	0.000	0.000	0.000	
0.000	0.000	30.000	0.000	0.000	0.000	
0.000	0.000	30.000	0.000	0.000	0.000	
0.000	0.000	30.000	0.000	0.000	0.000	
0.000	0.000	30.000	0.000	0.000	0.000	
0.000	0.000	30.000	0.000	0.000	0.000	
0.000	0.000	30.000	0.000	0.000	0.000	
0.000	0.000	30.000	0.000	0.000	0.000	
0.000	0.000	30.000	0.000	0.000	0.000	
0.000	0.000	30.000	0.000	0.000	0.000	
0.000	0.000	30.000	0.000	0.000	0.000	
0.000	0.000	30.000	0.000	0.000	0.000	
0.000	0.000	30.000	0.000	0.000	0.000	
0.000	0.000	30.000	0.000	0.000	0.000	
0.000	0.000	30.000	0.000	0.000	0.000	
0.000	0.000	30.000	0.000	0.000	0.000	
0.000	0.000	30.000	0.000	0.000	0.000	
0.000	0.000	30.000	0.000	0.000	0.000	
0.000	0.000	30.000	0.000	0.000	0.000	
0.000	0.000	30.000	0.000	0.000	0.000	
0.000	0.000	30.000	0.000	0.000	0.000	
0.000	0.000	30.000	0.000	0.000	0.000	
0.000	0.000	30.000	0.000	0.000	0.000	
0.000	0.000	30.000	0.000	0.000	0.000	
0.000	0.000	30.000	0.000	0.000	0.000	
0.000	0.000	30.000	0.000	0.000	0.000	
0.000	0.000	30.000	0.000	0.000	0.000	
0.000	0.000	30.000	0.000	0.000	0.000	
0.000	0.000	30.000	0.000	0.000	0.000	
0.000	0.000	30.000	0.000	0.000	0.000	
0.000	0.000	30.000	0.000	0.000	0.000	
0.000	0.000	30.000	0.000	0.000	0.000	
0.000	0.000	30.000	0.000	0.000	0.000	
0.000	0.000	30.000	0.000	0.000	0.000	
0.000	0.000	30.000	0.000	0.000	0.000	
0.000	0.000	30.000	0.000	0.000	0.000	
0.000	0.000	30.000	0.000	0.000	0.000	
0.000	0.000	30.000	0.000	0.000	0.000	
0.000	0.000	30.000	0.000	0.000	0.000	
0.000	0.000	30.000	0.000	0.000	0.000	
0.000	0.000	30.000	0.000	0.000	0.000	
0.000	0.000	30.000	0.000	0.000	0.000	
0.000	0.000	30.000	0.000	0.000	0.000	
0.000	0.000	30.000	0.000	0.000	0.000	
0.000	0.000	30.000	0.000	0.000	0.000	
0.000	0.000	30.000	0.000	0.000	0.000	
0.000	0.000	30.000	0.000	0.000	0.000	
0.000	0.000	30.000	0.000	0.000	0.000	
0.000	0.000	30.000	0.000	0.000	0.000	
0.000	0.000	30.000	0.000	0.000	0.000	
0.000	0.000	30.000	0.000	0.000	0.000	
0.000	0.000	30.000	0.000	0.000	0.000	
0.000	0.000	30.000	0.000	0.000	0.000	
0.000	0.000	30.000	0.000	0.000	0.000	
0.000	0.000	30.000	0.000	0.000	0.000	
0.000	0.000	30.000	0.000	0.000	0.000	
0.000	0.000	30.000	0.000	0.000	0.000	
0.000	0.000	30.000	0.000	0.000	0.000	
0.000	0.000	30.000	0.000	0.000	0.000	
0.000	0.000	30.000	0.000	0.000	0.000	
0.000	0.000	30.000	0.000	0.000	0.000	
0.000	0.000	30.000	0.000	0.000	0.000	
0.000	0.000	30.000	0.000	0.000	0.000	
0.000	0.000	30.000	0.000	0.000	0.000	
0.000	0.000	30.000	0.000	0.000	0.000	
0.000	0.000	30.000	0.000	0.000	0.000	
0.000	0.000	30.000	0.000	0.000	0.000	
0.000	0.000	30.000	0.000	0.000	0.000	
0.000	0.000	30.000	0.000	0.000	0.000	
0.000	0.000	30.000	0.000	0.000	0.000	
0.000	0.000	30.000	0.000	0.000	0.000	
0.000	0.000	30.000	0.000	0.000	0.000	
0.000	0.000	30.000	0.000	0.000	0.000	
0.000	0.000	30.000	0.000	0.000	0.000	
0.000	0.000	30.000	0.000	0.000	0.000	
0.000	0.000	30.000	0.000	0.000	0.000	
0.000	0.000	30.000	0.000	0.000	0.000	
0.000	0.000	30.000	0.000	0.000	0.000	
0.000	0.000	30.000	0.000	0.000	0.000	
0.000	0.000	30.000	0.000	0.000	0.000	
0.000	0.000	30.000	0.000	0.000	0.000	
0.000	0.000	30.000	0.000	0.000	0.000	
0.000	0.000	30.000	0.000	0.000	0.000	
0.000	0.000	30.000	0.000	0.000	0.000	
0.000	0.000	30.000	0.000	0.000	0.000	
0.000	0.000	30.000	0.000	0.000	0.000	
0.000	0.000	30.000	0.000	0.000	0.000	
0.000	0.000	30.000	0.000	0.000	0.000	
0.000	0.000	30.000	0.000	0.000	0.000	
0.000	0.000	30.000	0.000	0.000	0.000	
0.000	0.000	30.000	0.000	0.000	0.000	
0.000	0.000	30.000	0.000	0.000	0.000	
0.000	0.000	30.000	0.000	0.000	0.000	
0.000	0.000	30.000	0.000	0.000	0.000	
0.000	0.000	30.000	0.000	0.000	0.000	
0.000	0.000	30.000	0.000	0.000	0.000	
0.000	0.000	30.000	0.000	0.000	0.000	
0.000	0.000	30.000	0.000	0.000	0.000	
0.000	0.000	30.000	0.000	0.000	0.000	
0.000	0.000	30.000	0.000	0.000	0.000	
0.000	0.000	30.000	0.000	0.000	0.000	
0.000	0.000	30.000	0.000	0.000	0.000	
0.000	0.000	30.000	0.000	0.000	0.000	
0.000	0.000	30.000	0.000	0.000	0.000	
0.000	0.000	30.000	0.000	0.000	0.000	
0.000	0.000	30.000	0.000	0.000	0.000	
0.000	0.000	30.000	0.000	0.000	0.000	
0.000	0.000	30.000	0.000	0.000	0.000	
0.000	0.000	30.000	0.000	0.000	0.000	
0.000	0.000	30.000	0.000	0.000	0.000	
0.000	0.000	30.000	0.000	0.000	0.000	
0.000	0.000	30.000	0.000	0.000	0.000	
0.000	0.000	30.000	0.000	0.000	0.000	
0.000	0.000	30.000	0.000	0.000	0.000	
0.000	0.000	30.000	0.000	0.000	0.000	
0.000	0.000	30.000	0.000	0.000	0.000	
0.000	0.000	30.000	0.000	0.000	0.000	
0.000	0.000	30.000	0.000	0.000	0.000	
0.000	0.000	30.000	0.000	0.000	0.000	
0.000	0.000	30.000	0.000	0.000	0.000	
0.000	0.000	30.000	0.000	0.000	0.000	
0.000	0.000	30.000	0.000	0.000	0.000	
0.000	0.000	30.000	0.000	0.000	0.000	
0.000	0.000	30.000	0.000	0.000	0.000	
0.000	0.000	30.000	0.000	0.000	0.000	
0.000	0.000	30.000	0.000	0.000	0.000	
0.000	0.000	30.000	0.000	0.000	0.000	
0.000	0.000	30.000	0.000	0.000	0.000	
0.000	0.000	30.000	0.000	0.000	0.000	
0.000	0.000	30.000	0.000	0.000	0.000	
0.000	0.000	30.000	0.000	0.000	0.000	
0.000	0.000	30.000	0.000	0.000	0.000	
0.000	0.000	30.000	0.000	0.000	0.000	
0.000	0.000	30.000	0.000	0.000	0.000	
0.000	0.000	30.000	0.000	0.000	0.000	
0.000	0.000	30.000	0.000	0.000	0.000	
0.000	0.000	30.000	0.000	0.000	0.000	
0.000	0.000	30.000	0.000	0.000	0.000	
0.000	0.000	30.000	0.000	0.000	0.000	
0.000	0.000	30.000	0.000	0.000	0.000	
0.000	0.000	30.000	0.000	0.000	0.000	
0.000	0.000	30.000	0.000	0.000	0.000	
0.000	0.000	30.000	0.000	0.000	0.000	
0.000	0.000	30.000	0.000	0.000	0.000	
0.000	0.000	30.000	0.000	0.000	0.000	
0.000	0.000	30.000	0.000	0.000	0.000	
0.000	0.000	30.000	0.000	0.000	0.000	
0.000	0.000	30.000	0.000	0.000	0.000	
0.000	0.000	30.000	0.000	0.000	0.000	
0.000	0.000	30.000	0.000	0.000	0.000	
0.000	0.000	30.000	0.000	0.000	0.000	
0.000	0.000	30.000	0.000	0.000	0.000	
0.000	0.000	30.000	0.000	0.000	0.000	
0.000	0.000	30.000	0.000	0.000	0.000	
0.000	0.000	30.000	0.000	0.000	0.000	
0.000	0.000	30.000	0.000	0.000	0.000	
0.000	0.000	30.000	0.000	0.000	0.000	
0.000	0.000	30.000	0.000	0.000	0.000	
0.000	0.000	30.000	0.000	0.000	0.000	
0.000	0.000	30.000	0.000	0.000	0.000	
0.000	0.000	30.000	0.000	0.000	0.000	
0.000	0.000	30.000	0.000	0.000	0.000	
0.000	0.000	30.000	0.000	0.000	0.000	
0.000	0.000	30.000	0.000	0.000	0.000	
0.000	0.000	30.000	0.000	0.000	0.000	
0.000	0.000	30.000	0.000	0.000	0.000	
0.000	0.000	30.000	0.000	0.000	0.000	
0.000	0.000	30.000	0.000	0.000	0.000	
0.000	0.000	30.000	0.000	0.000	0.000	
0.000	0.000	30.000	0.000	0.000	0.000	
0.000	0.000	30.000	0.000	0.000	0.000	
0.000	0.000	30.000	0.000	0.000	0.000	
0.000	0.000	30.000	0.000	0.000	0.000	
0.000	0.000	30.000	0.000	0.000	0.000	
0.000	0.000	30.000	0.000	0.000	0.000	
0.000	0.000	30.000	0.000	0.000	0.000	
0.000	0.000	30.000	0.000	0.000	0.000	
0.000	0.000	30.000	0.000	0.000	0.000	
0.000	0.000	30.000	0.000	0.000	0.000	
0.000	0.000	30.000	0.000	0.000	0.000	
0.000	0.000	30.000	0.000	0.000	0.000	
0.000	0.000	30.000	0.000	0.000	0.000	
0.000	0.000	30.000	0.000	0.000	0.000	
0.000	0.000	30.000	0.000	0.000	0.000	
0.000	0.000	30.000	0.000	0.000	0.000	
0.000	0.000	30.000	0.000	0.000	0.000	
0.000	0.000	30.000	0.000	0.000	0.000	
0.000	0.000	30.000	0.000	0.000	0.000	
0.000	0.000	30.000	0.000	0.000	0.000	
0.000	0.000	30.000	0.000	0.000	0.000	
0.000	0.000	30.000	0.000	0.000	0.000	
0.000	0.000	30.000	0.000	0.000	0.000	
0.000	0.000	30.000	0.000	0.000	0.000	
0.000	0.000	30.000	0.000	0.000	0.000	
0.000	0.000	30.000	0.000	0.000	0.000	
0.000	0.000	30.000	0.000	0.000	0.000	
0.000	0.000	30.000	0.000	0.000	0.000	
0.000	0.000	30.000	0.000	0.000	0.000	
0.000	0.000	30.000	0.000	0.000	0.000	
0.000	0.000	30.000	0.000	0.000	0.000	
0.000	0.000	30.000	0.000	0.000	0.000	
0.000	0.000	30.000	0.000	0.000	0.000	
0.000	0.000	30.000	0.000	0.000	0.000	
0.000	0.000	30.000	0.000	0.000	0.000	
0.000	0.000	30.000	0.000	0.000	0.000	
0.000	0.000	30.000	0.000	0.000	0.000	
0.000	0.000	30.000	0.000	0.000	0.000	
0.000	0.000	30.000	0.000	0.000	0.000	
0.000	0.000	30.000	0.000	0.000	0.000	
0.000	0.000	30.000	0.000	0.000	0.000	
0.000	0.000	30.000	0.000	0.000	0.000	
0.000	0.000	30.000	0.000	0.000	0.000	
0.000	0.000	30.000	0.000	0.000	0.000	
0.000	0.000	30.000	0.000	0.000	0.000	
0.000	0.000	30.000	0.000	0.000	0.000	
0.000	0.000	30.000	0.000	0.000	0.000	
0.000	0.000	30.000	0.000	0.000	0.000	
0.000	0.000	30.000	0.000	0.000	0.000	
0.000	0.000	30.000	0.000	0.000	0.000	
0.000	0.000	30.000	0.000	0.000	0.000	
0.000	0.000	30.000	0.000	0.000	0.000	
0.000	0.000	30.000	0.000	0.000	0.000	
0.000	0.000	30.000	0.000	0.000	0.000	
0.000	0.000	30.000	0.000	0.000	0.000	
0.000	0.000	30.000	0.000	0.000	0.000	
0.000	0.000	30.000	0.000	0.000	0.000	
0.000	0.000	30.000	0.000	0.000	0.000	
0.000	0.000	30.000	0.000	0.000	0.000	
0.000	0.000	30.000	0.000	0.000	0.000	
0.000	0.000	30.000	0.000	0.000	0.000	
0.000	0.000	30.000	0.000	0.000	0.000	
0.000	0.000	30.000	0.000	0.000	0.000	
0.000	0.000	30.000	0.000	0.000	0.000	
0.000	0.000	30.000	0.000	0.000	0.000	
0.000	0.000	30.000	0.000	0.000	0.000	
0.000	0.000	30.000	0.000	0.000	0.000	
0.000	0.000	30.000	0.000	0.000	0.000	
0.000	0.000	30.000	0.000	0.000	0.000	
0.000	0.000	30.000	0.000	0.000	0.000	
0.000	0.000	30.000	0.000	0.000	0.000	
0.000	0.000	30.000	0.000	0.000	0.000	
0.000	0.000	30.000	0.000	0.000	0.000	
0.000	0.000	30.000	0.000	0.000	0.000	
0.000	0.000	30.000	0.000	0.000	0.000	
0.000	0.000	30.000	0.000	0.000	0.000	
0.000	0.000	30.000	0.000	0.000	0.000	
0.000	0.000	30.000	0.000	0.000	0.000	
0.000	0.000	30.000	0.000	0.000	0.000	
0.000	0.000	30.000	0.000	0.000	0.000	
0.000	0.000	30.000	0.000	0.000	0.000	
0.000	0.000	30.000	0.000	0.000	0.000	
0.000	0.000	30.000	0.000	0.000	0.000	
0.000	0.000	30.000	0.000	0.000	0.000	
0.000	0.000	30.000	0.000	0.000	0.000	
0.000	0.000	30.000	0.000	0.000	0.000	
0.000	0.000	30.000	0.000	0.000	0.000	
0.000	0.000	30.000	0.000	0.000	0.000	
0.000	0.000	30.000	0.000	0.000	0.000	
0.000	0.000	30.000	0.000	0.000	0.000	
0.000	0.000	30.000	0.000	0.000	0.000	
0.000	0.000	30.000	0.000	0.000	0.000	
0.000	0.000	30.000	0.000	0.000	0.000	
0.000	0.000	30.000	0.000	0.000	0.000	
0.000	0.000	30.000	0.000	0.000	0.000	
0.000	0.000	30.000	0.000	0.000	0.000	
0.000	0.000	30.000	0.000	0.000	0.000	
0.000	0.000	30.000	0.000	0.000	0.000	
0.000	0.000	30.000	0.000	0.000	0.000	
0.000	0.000	30.000	0.000	0.000	0.000	
0.000	0.000	30.000	0.000	0.000	0.000	
0.000	0.000	30.000	0.000	0.000	0.000	
0.000	0.000	30.000	0.000	0.000	0.000	
0.000	0.000	30.000	0.000	0.000	0.000	
0.000	0.000	30.000	0.000	0.000	0.000	
0.000	0.000	30.000	0.000	0.000	0.000	
0.000	0.000	30.000	0.000	0.000	0.000	
0.000	0.000	30.000	0.000	0.000	0.000	
0.000	0.000	30.000	0.000	0.000	0.000	
0.000	0.000	30.000	0.000	0.000	0.000	
0.000	0.000	30.000	0.000	0.000	0.000	
0.000	0.000	30.000	0.000	0.000	0.000	
0.000	0.000	30.000	0.000	0.000	0.000	
0.000	0.000	30.000	0.000	0.000	0.000	
0.000	0.000	30.000	0.000	0.000	0.000	
0.000	0.000	30.000	0.000	0.000	0.000	
0.000	0.000	30.000	0.000	0.000	0.000	
0.000	0.000	30.000	0.000	0.000	0.000	
0.000	0.000	30.000	0.000	0.000	0.000	
0.000	0.000	30.000	0.000	0.000	0.000	
0.000	0.000	30.000	0.000	0.000	0.000	
0.000	0.000	30.000	0.000	0.000	0.000	
0.000	0.000	30.000	0.000	0.000	0.000	
0.000	0.000	30.000	0.000	0.000	0.000	
0.000	0.000	30.000	0.000	0.000	0.000	
0.000	0.000	30.000	0.000	0.000	0.000	
0.000	0.000	30.000	0.000	0.000	0.000	
0.000	0.000	30.000	0.000	0.000	0.000	
0.000	0.000	30.000	0.000	0.000	0.000	
0.000	0.000	30.000	0.000	0.000	0.000	
0.000	0.000	30.000	0.000	0.000	0.000	
0.000	0.000	30.000	0.000	0.000	0.000	
0.000	0.000	30.000	0.000	0.000	0.000	
0.000	0.000	30.000	0.000	0.000	0.000	
0.000	0.000	30.000	0.000	0.000	0.000	
0.000	0.000	30.000	0.000	0.000	0.000	
0.000	0.000	30.000	0.000	0.000	0.000	
0.000	0.000	30.000	0.000	0.000	0.000	
0.000	0.000	30.000	0.000	0.000	0.000	
0.000	0.000	30.000	0.000	0.000	0.000	
0.000	0.000	30.000	0.000	0.000	0.000	
0.000	0.000	30.000	0.000	0.000	0.000	
0.000	0.000	30.000	0.000	0.000	0.000	
0.000	0.000	30.000	0.000	0.000	0.000	
0.000	0.000	30.000	0.000	0.000	0.000	
0.000	0.000	30.000	0.000	0.000	0.000	
0.000	0.000	30.000	0.000	0.000	0.000	
0.000	0.000	30.000	0.000	0.000	0.000	
0.000	0.000	30.000	0.000	0.000	0.000	
0.000	0.000	30.000	0.000	0.000	0.000	
0.000	0.000	30.000	0.000	0.000	0.000	
0.000	0.000	30.000	0.000	0.000	0.000	
0.000	0.000	30.000	0.000	0.000	0.000	
0.000	0.000	30.000	0.000	0.000	0.000	
0.000	0.000	30.000	0.000	0.000	0.000	
0.000	0.000	30.000	0.000	0.000	0.000	
0.000	0.000	30.000	0.000	0.000	0.000	
0.000	0.000	30.000	0.000	0.000	0.000	
0.000	0.000	30.000	0.000	0.000	0.000	
0.000	0.000	30.000	0.000	0.000	0.000	
0.000	0.000	30.000	0.000	0.000	0.000	
0.000	0.000	30.000	0.000	0.000	0.000	
0.000	0.000	30.000	0.000	0.000	0.000	
0.000	0.000	30.000	0.000	0.000	0.000	
0.000	0.000	30.000	0.000	0.000	0.000	
0.000	0.000	30.000	0.000	0.000	0.000	
0.000	0.000	30.000	0.000	0.000	0.000	
0.000	0.000	30.000	0.000	0.000	0.000	
0.000	0.000	30.000	0.000	0.000	0.000	
0.000	0.000	30.000	0.000	0.000	0.000	
0.000	0.000	30.000	0.000	0.000	0.000	
0.000	0.000	30.000	0.000	0.000	0.000	
0.000	0.000	30.000	0.000	0.000	0.000	
0.000	0.000	30.000	0.000	0.000	0.000	
0.000	0.000	30.000	0.000	0.000	0.000	
0.000	0.000	30.000	0.000	0.000	0.000	
0.000	0.000	30.000	0.000	0.000	0.000	
0.000	0.000	30.000	0.000	0.000	0.000	
0.000	0.000	30.000	0.000	0.000	0.000	
0.000	0.000	30.000	0.000	0.000	0.000	
0.000	0.000	30.000	0.000	0.000	0.000	
0.000	0.000	30.000	0.000	0.000	0.000	
0.000	0.000	30.000	0.000	0.000	0.000	
0.000	0.000	30.000	0.000	0.000	0.000	
0.000	0.000	30.000	0.000	0.000	0.000	
0.000	0.000	30.000	0.000	0.000	0.000	
0.000	0.000	30.000	0.000	0.000	0.000	
0.000	0.000	30.000	0.000	0.000	0.000	
0.000	0.000	30.000	0.000	0.000	0.000	
0.000	0.000	30.000	0.000	0.000	0.000	
0.000	0.000	30.000	0.000	0.000	0.000	
0.000	0.000	30.000	0.000	0.000	0.000	
0.000	0.000	30.000	0.000	0.000	0.000	
0.000	0.000	30.000	0.000	0.000	0.000	
0.000	0.000	30.000	0.000	0.000	0.000	
0.000	0.000	30.000	0.000	0.000	0.000	
0.000	0.000	30.000	0.000	0.000	0.000	
0.000	0.000	30.000	0.000	0.000	0.000	
0.000	0.000	30.000	0.000	0.000	0.000	
0.000	0.000	30.000	0.000	0.000	0.000	
0.000	0.000	30.000	0.000	0.000	0.000	
0.000	0.000	30.000	0.000	0.000	0.000	
0.000	0.000	30.000	0.000	0.000	0.000	
0.000	0.000	30.000	0.000	0.000	0.000	
0.000	0.000	30.000	0.000	0.000	0.000	
0.000	0.000	30.000	0.000	0.000	0.000	
0.000	0.000	30.000	0.000	0.000	0.000	
0.000	0.000	30.000	0.000	0.000	0.000	
0.000	0.000	30.000	0.000	0.000	0.000	
0.000	0.000	30.000	0.000	0.000	0.000	
0.000	0.000	30.000	0.000	0.000	0.000	
0.000	0.000	30.000	0.000	0.000	0.000	
0.000	0.000	30.000	0.000	0.000	0.000	
0.000	0.000	30.000	0.000	0.000	0.000	
0.000	0.000	30.000	0.000	0.000	0.000	
0.000	0.000	30.000	0.000	0.000	0.000	
0.000	0.000	30.000	0.000	0.000	0.000	
0.000	0.000	30.000	0.000	0.000	0.000	
0.000	0.000	30.000	0.000	0.000	0.000	
0.000	0.000	30.000	0.000	0.000	0.000	
0.000	0.000	30.000	0.000	0.000	0.000	
0.000	0.000	30.000	0.000	0.000	0.000	
0.000	0.000	30.000	0.000	0.000	0.000	
0.000	0.000	30.000	0.000	0.000	0.000	
0.000	0.000	30.000	0.000	0.000	0.000	
0.000	0.000	30.000	0.000	0.000	0.000	
0.000	0.000	30.000	0.000	0.000	0.000	
0.000	0.000	30.000	0.000	0.000	0.000	
0.000	0.000	30.000	0.000	0.000	0.000	
0.000	0.000	30.000	0.000	0.000	0.000	
0.000	0.000	30.000	0.000	0.000	0.000	
0.000	0.000	30.000	0.000	0.000	0.000	
0.000	0.000	30.000	0.000	0.000	0.000	
0.000	0.000	30.000	0.000	0.000	0.000	
0.000	0.000	30.000	0.000	0.000	0.000	
0.000	0.000	30.000	0.000	0.000	0.000	
0.000	0.000	30.000	0.000	0.000	0.000	
0.000	0.000	30.000	0.000	0.000	0.000	
0.000	0.000	30.000	0.000	0.000	0.000	
0.000	0.000	30.000	0.000	0.000	0.000	
0.000	0.000	30.000	0.000	0.000	0.000	
0.000	0.000	30.000	0.000	0.000	0.000	
0.000	0.000	30.000	0.000	0.000	0.000	
0.000	0.000	30.000	0.000	0.000	0.000	
0.000	0.000	30.000	0.000	0.000	0.000	
0.000	0.000	30.000	0.000	0.000	0.000	
0.000	0.000	30.000	0.000	0.000	0.000	
0.000	0.000	30.000	0.000	0.000	0.000	
0.000	0.000	30.000	0.000	0.000	0.000	
0.000	0.000	30.000	0.000	0.000	0.000	
0.000	0.000	30.000	0.000	0.000	0.000	
0.000	0.000	30.000	0.000	0.000	0.000	
0.000	0.000	30.000	0.000	0.000	0.000	
0.000	0.000	30.000	0.000	0.000	0.000	
0.000	0.000	30.000	0.000	0.000	0.000	
0.000	0.000	30.000	0.000	0.000	0.000	
0.000	0.000	30.000	0.000	0.000	0.000	
0.000	0.000	30.000	0.000	0.000	0.000	
0.000	0.000	30.000	0.000	0.000	0.000	
0.000	0.000	30.000	0.000	0.000	0.000	
0.000	0.000	30.000	0.000	0.000	0.000	
0.000	0.000	30.000	0.000	0.000	0.000	
0.000	0.000	30.000	0.000	0.000	0.000	
0.000	0.000	30.000	0.000	0.000	0.000	
0.000	0.000	30.000	0.000	0.000	0.000	
0.000	0.000	30.000	0.000	0.000	0.000	
0.000	0.000	30.000	0.000	0.000	0.000	
0.000	0.000	30.000	0.000	0.000	0.000	
0.000	0.000	30.000	0.000	0.000	0.000	
0.000	0.000	30.000	0.000	0.000	0.000	
0.000	0.000	30.000	0.000	0.000	0.000	
0.000	0.000	30.000	0.000	0.000	0.000	
0.000	0.000	30.000	0.000	0.000	0.000	
0.000	0.000	30.000	0.000	0.000	0.000	
0.000	0.000	30.000	0.000	0.000	0.000	
0.000	0.000	30.000	0.000	0.000	0.000	
0.000	0.000	30.000	0.000	0.000	0.000	
0.000	0.000	30.000	0.000	0.000	0.000	
0.000	0.000	30.000	0.000	0.000	0.000	
0.000	0.000	30.000	0.000	0.000	0.000	
0.000	0.000	30.000	0.000	0.000	0.000	
0.000	0.000	30.000	0.000	0.000	0.000	
0.000	0.000	30.000	0.000	0.000	0.000	
0.000	0.000	30.000	0.000	0.000	0.000	
0.000	0.000	30.000	0.000	0.000	0.000	
0.000	0.000	30.000	0.000	0.000	0.000	
0.000	0.000	30.000	0.000	0.000	0.000	
0.000	0.000	30.000	0.000	0.000	0.000	
0.000	0.000	30.000	0.000	0.000	0.000	
0.000	0.000	30.000	0.000	0.000	0.000	
0.000	0.000	30.000	0.000	0.000	0.000	
0.000	0.000	30.000	0.000	0.000	0.000	
0.000	0.000	30.000	0.000	0.000	0.000	
0.000	0.000	30.000	0.000	0.000	0.000	
0.000	0.000	30.000	0.000	0.000	0.000	
0.000	0.000	30.000	0.000	0.000	0.000	
0.000	0.000	30.000	0.000	0.000	0.000	
0.000	0.000	30.000	0.000	0.000	0.000	
0.000	0.000	30.000	0.000	0.000	0.000	
0.000	0.000	30.000	0.000	0.000	0.000	
0.000	0.000	30.000	0.000	0.000	0.000	
0.000	0.000	30.000	0.000	0.000	0.000	
0.000	0.000	30.000	0.000	0.000	0.000	
0.000	0.000	30.000	0.000	0.000	0.000	
0.000	0.000	30.000	0.000	0.000	0.000	
0.000	0.000	30.000	0.000	0.000	0.000	
0.000	0.000	30.000	0.000	0.000	0.000	
0.000	0.000	30.000	0.000	0.000	0.000	
0.000	0.000	30.000	0.000	0.000	0.000	
0.000	0.000	30.000	0.000	0.000	0.000	
0.000	0.000	30.000	0.000	0.000	0.000	
0.000	0.000	30.000	0.000	0.000	0.000	
0.000	0.000	30.000	0.000	0.000	0.000	
0.000	0.000	30.000	0.000	0.000	0.000	
0.000	0.000	30.000	0.000	0.000	0.000	
0.000	0.000	30.000	0.000	0.000	0.000	
0.000	0.000	30.000	0.000	0.000	0.000	
0.000	0.000	30.000	0.000	0.000	0.000	
0.000	0.000	30.000	0.000	0.000	0.000	
0.000	0.000	30.000	0.000	0.000	0.000	
0.000	0.000	30.000	0.000	0.000	0.000	
0.000	0.000	30.000	0.000	0.000	0.000	
0.000	0.000	30.000	0.000	0.000	0.000	
0.000	0.000	30.000	0.000	0.000	0.000	
0.000	0.000	30.000	0.000	0.000	0.000	
0.000	0.000	30.000	0.000	0.000	0.000	
0.000	0.000	30.000	0.000	0.000	0.000	
0.000	0.000	30.000	0.000	0.000	0.000	
0.000	0.000	30.000	0.000	0.000	0.000	
0.000	0.000	30.000	0.000	0.000	0.000	
0.000	0.000	30.000	0.000	0.000	0.000	
0.000	0.000	30.000	0.000	0.000	0.000	
0.000	0.000	30.000	0.000	0.000	0.000	
0.000	0.000	30.000	0.000	0.000	0.000	
0.000	0.000	30.000	0.000	0.000	0.000	
0.000	0.000	30.000	0.000	0.000	0.000	
0.000	0.000	30.000	0.000	0.000	0.000	
0.000	0.000	30.000	0.000	0.000	0.000	
0.000	0.000	30.000	0.000	0.000	0.000	
0.000	0.000	30.000	0.000	0.000	0.000	
0.000	0.000	30.000	0.000	0.000	0.000	
0.000	0.000	30.000	0.000	0.000	0.000	
0.000	0.000	30.000	0.000	0.000	0.000	
0.000	0.000	30.000	0.000	0.000	0.000	
0.000	0.000	30.000	0.000	0.000	0.000	
0.000	0.000	30.000	0.000	0.000	0.000	
0.000	0.000	30.000	0.000	0.000	0.000	
0.000	0.000	30.000	0.000	0.000	0.000	
0.000	0.000	30.000	0.000	0.000	0.000	
0.000	0.000	30.000	0.000	0.000	0.000	
0.000	0.000	30.000	0.000	0.000	0.000	
0.000	0.000	30.000	0.000	0.000	0.000	
0.000	0.000	30.000	0.000	0.000	0.000	
0.000	0.000	30.000	0.000	0.000	0.000	
0.000	0.000	30.000	0.000	0.000	0.000	
0.000	0.000	30.000	0.000	0.000	0.000	
0.000	0.000	30.000	0.000	0.000	0.000	
0.000	0.000	30.000	0.000	0.000	0.000	
0.000	0.000	30.000	0.000	0.000	0.000	
0.000	0.000	30.000	0.000	0.000	0.000	
0.000	0.000	30.000	0.000	0.000	0.000	
0.000	0.000	30.000	0.000	0.000	0.000	
0.000	0.000	30.000	0.000	0.000	0.000	
0.000	0.000	30.000	0.000	0.000	0.000	
0.000	0.000	30.000	0.000	0.000	0.000	
0.000	0.000	30.000	0.000	0.000	0.000	
0.000	0.000	30.000	0.000	0.000	0.000	
0.000	0.000	30.000	0.000	0.000	0.000	
0.000	0.000	30.000	0.000	0.000	0.000	
0.000	0.000	30.000	0.000	0.000	0.000	
0.000	0.000	30.000	0.000	0.000	0.000	
0.000	0.000	30.000	0.000	0.000	0.000	
0.000	0.000	30.000	0.000	0.000	0.000	
0.000	0.000	30.000	0.000	0.000	0.000	
0.000	0.000	30.000	0.000	0.000	0.000	
0.000	0.000	30.000	0.000	0.000	0.000	
0.000	0.000	30.000	0.000	0.000	0.000	
0.000	0.000	30.000	0.000	0.000	0.000	
0.000	0.000	30.000	0.000	0.000	0.000	
0.000	0.000	30.000	0.000	0.000	0.000	
0.000	0.000	30.000	0.000	0.000	0.000	
0.000	0.000	30.000	0.000	0.000	0.000	
0.000	0.000	30.000	0.000	0.000	0.000	
0.000	0.000	30.000	0.000	0.000	0.000	
0.000	0.000	30.000	0.000	0.000	0.000	
0.000	0.000	30.000	0.000	0.000	0.000	
0.000	0.000	30.000	0.000	0.000	0.000	
0.000	0.000	30.000	0.000	0.000	0.000	
0.000	0.000	30.000	0.000	0.000	0.000	
0.000	0.000	30.000	0.000	0.000	0.000	
0.000	0.000	30.000	0.000	0.000	0.000	
0.000	0.000	30.000	0.000	0.000	0.000	
0.000	0.000	30.000	0.000	0.000	0.000	
0.000	0.000	30.000	0.000	0.000	0.000	
0.000	0.000	30.000	0.000	0.000	0.000	
0.000	0.000	30.000	0.000	0.000	0.000	
0.000	0.000	30.000	0.000	0.000	0.000	
0.000	0.000	30.000	0.000	0.000	0.000	
0.000	0.000	30.000	0.000	0.000	0.000	
0.000	0.000	30.000	0.000	0.000	0.000	
0.000	0.000	30.000	0.000	0.000	0.000	
0.000	0.000	30.000	0.000	0.000	0.000	
0.000	0.000	30.000	0.000	0.000	0.000	
0.000	0.000	30.000	0.000	0.000	0.000	
0.000	0.000	30.000	0.000	0.000	0.000	
0.000	0.000	30.000	0.000	0.000	0.000	
0.000	0.000	30.000	0.000	0.000	0.000	
0.000	0.000	30.000	0.000	0.000	0.000	
0.000	0.000	30.000	0.000	0.000	0.000	
0.000	0.000	30.000	0.000	0.000	0.000	
0.000	0.000	30.000	0.000	0.000	0.000	
0.000	0.000	30.000	0.000	0.000	0.000	
0.000	0.000	30.000	0.000	0.000	0.000	
0.000	0.000	30.000	0.000	0.000	0.000	
0.000	0.000	30.000	0.000	0.000	0.000	
0.000	0.000	30.000	0.000	0.000	0.000	
0.000	0.000	30.000	0.000	0.000	0.000	
0.000	0.000	30.000	0.000	0.000	0.000	
0.000	0.000	30.000	0.000	0.000	0.000	
0.000	0.000	30.000	0.000	0.000	0.000	
0.000	0.000	30.000	0.000	0.000	0.000	
0.000	0.000	30.000	0.000	0.000	0.000	
0.000	0.000	30.000	0.000	0.000	0.000	
0.000	0.000	30.000	0.000	0.000	0.000	
0.000	0.000	30.000	0.000	0.000	0.000	
0.000	0.000	30.000	0.000	0.000	0.000	
0.000	0.000	30.000	0.000	0.000	0.000	
0.000	0.000	30.000	0.000	0.000	0.000	
0.000	0.000	30.000	0.000	0.000	0.000	
0.000	0.000	30.000	0.000	0.000	0.000	
0.000	0.000	30.000	0.000	0.000	0.000	
0.000	0.000	30.000	0.000	0.000	0.000	
0.000	0.000	30.000	0.000	0.000	0.000	
0.000	0.000	30.000	0.000	0.000	0.000	
0.000	0.000	30.000	0.000	0.000	0.000	
0.000	0.000	30.000	0.000	0.000	0.000	
0.000	0.000	30.000	0.000	0.000	0.000	
0.000	0.000	30.000	0.000	0.000	0.000	
0.000	0.000	30.000	0.000	0.000	0.000	
0.000	0.000	30.000	0.000	0.000	0.000	
0.000	0.000	30.000	0.000	0.000	0.000	
0.000	0.000	30.000	0.000	0.000	0.000	
0.000	0.000	30.000	0.000	0.000	0.000	
0.000	0.000	30.000	0.000	0.000	0.000	
0.000	0.000	30.000	0.000	0.000	0.000	
0.000	0.000	30.000	0.000	0.000	0.000	
0.000	0.000	30.000	0.000	0.000	0.000	
0.000	0.000	30.000	0.000	0.000	0.000	
0.000	0.000	30.000	0.000	0.000	0.000	
0.000	0.000	30.000	0.000	0.000	0.000	
0.000	0.000	30.000	0.000	0.000	0.000	
0.000	0.000	30.000	0.000	0.000	0.000	
0.000	0.000	30.000	0.000	0.000	0.000	
0.000	0.000	30.000	0.000	0.000	0.000	
0.000	0.000	30.000	0.000	0.000	0.000	
0.000	0.000	30.000	0.000	0.000	0.000	
0.000	0.000	30.000	0.000	0.000	0.000	
0.000	0.000	30.000	0.000	0.000	0.000	
0.000	0.000	30.000	0.000	0.000	0.000	
0.000	0.000	30.000	0.000	0.000	0.000	
0.000	0.000	30.000	0.000	0.000	0.000	
0.000	0.000	30.000	0.000	0.000	0.000	
0.000	0.000	30.000	0.000	0.000	0.000	
0.000	0.000	30.000	0.000	0.000	0.000	
0.000	0.000	30.000	0.000	0.000	0.000	
0.000	0.000	30.000	0.000	0.000	0.000	
0.000	0.000	30.000	0.000	0.000	0.000	
0.000	0.000	30.000	0.000	0.000	0.000	
0.000	0.000	30.000	0.000	0.000	0.000	
0.000	0.000	30.000	0.000	0.000	0.000	
0.000	0.000	30.000	0.000	0.000	0.000	
0.000	0.000	30.000	0.000	0.000	0.000	
0.000	0.000	30.000	0.000	0.000	0.000	
0.000	0.000	30.000	0.000	0.000	0.000	
0.000	0.000	30.000	0.000	0.000	0.000	
0.000	0.000	30.000	0.000	0.000	0.000	
0.000	0.000	30.000	0.000	0.000	0.000	
0.000	0.000	30.000	0.000	0.000	0.000	
0.000	0.000	30.000	0.000	0.000	0.000	
0.000	0.000	30.000	0.000	0.000	0.000	
0.000	0.000	30.000	0.000	0.000	0.000	
0.000	0.000	30.000	0.000	0.000	0.000	
0.000	0.000	30.000	0.000	0.000	0.000	
0.000	0.000	30.000	0.000	0.000	0.000	
0.000	0.000	30.000	0.000	0.000	0.000	
0.000	0.000	30.000	0.000	0.000	0.000	
0.000	0.000	30.000	0.000	0.000	0.000	
0.000	0.000	30.000	0.000	0.000	0.000	
0.000	0.000	30.000	0.000	0.000	0.000	
0.000	0.000	30.000	0.000	0.000	0.000	
0.000	0.000	30.000	0.000	0.000	0.000	
0.000	0.000	30.000	0.000	0.000	0.000	
0.000	0.000	30.000	0.000	0.000	0.000	
0.000	0.000	30.000	0.000	0.000	0.000	
0.000	0.000	30.000	0.000	0.000	0.000	
0.000	0.000	30.000	0.000	0.000	0.000	
0.000	0.000	30.000	0.000	0.000	0.000	
0.000	0.000	30.000	0.000	0.000	0.000	
0.000	0.000	30.000	0.000	0.000	0.000	
0.000	0.000	30.000	0.000	0.000	0.000	
0.000	0.000	30.000	0.000	0.000	0.000	
0.000	0.000	30.000	0.000	0.000	0.000	
0.000	0.000	30.000	0.000	0.000	0.000	
0.000	0.000	30.000	0.000	0.000	0.000	
0.000	0.000	30.000	0.000	0.000	0.000	
0.000	0.000	30.000	0.000	0.000	0.000	
0.000	0.000	30.000	0.000	0.000	0.000	
0.000	0.000	30.000	0.000	0.000	0.000	
0.000	0.000	30.000	0.000	0.000	0.000	
0.000	0.000	30.000	0.000	0.000	0.000	
0.000	0.000	30.000	0.000	0.000	0.000	
0.000	0.000	30.000	0.000	0.000	0.000	
0.000	0.000	30.000	0.000	0.000	0.000	
0.000	0.000	30.000	0.000	0.000	0.000	
0.000	0.000	30.000	0.000	0.000	0.000	
0.000	0.000	30.000	0.000	0.000	0.000	
0.000	0.000	30.000	0.000	0.000	0.000	
0.000	0.000	30.000	0.000	0.000	0.000	
0.000	0.000	30.000	0.000	0.000	0.000	
0.000	0.000	30.000	0.000	0.000	0.000	
0.000	0.000	30.000	0.000	0.000	0.000	
0.000	0.000	30.000	0.000	0.000	0.000	
0.000	0.000	30.000	0.000	0.000	0.000	
0.000	0.000	30.000	0.000	0.000	0.000	
0.000	0.000	30.000	0.000	0.000	0.000	
0.000	0.000	30.000	0.000	0.000	0.000	
0.000	0.000	30.000	0.000	0.000	0.000	
0.000	0.000	30.000	0.000	0.000	0.000	
0.000	0.000	30.000	0.000	0.000	0.000	
0.000	0.000	30.000	0.000	0.000	0.000	
0.000	0.000	30.000	0.000	0.000	0.000	
0.000	0.000	30.000	0.000	0.000	0.000	
0.000	0.000	30.000	0.000	0.000	0.000	
0.000	0.000	30.000	0.000	0.000	0.000	
0.000	0.000	30.000	0.000	0.000	0.000	
0.000	0.000	30.000	0.000	0.000	0.000	
0.000	0.000	30.000	0.000	0.000	0.000	
0.000	0.000	30.000	0.000	0.000	0.000	
0.000	0.000	30.000	0.000	0.000	0.000	
0.000	0.000	30.000	0.000	0.000	0.000	
0.000	0.000	30.000	0.000	0.000	0.000	
0.000	0.000	30.000	0.000	0.000	0.000	
0.000	0.000	30.000	0.000	0.000	0.000	
0.000	0.000	30.000	0.000	0.000	0.000	
0.000	0.000	30.000	0.000	0.000	0.000	
0.000	0.000	30.000	0.000	0.000	0.000	
0.000	0.000	30.000	0.000	0.000	0.000	
0.000	0.000	30.000	0.000	0.000	0.000	
0.000	0.000	30.000	0.000	0.000	0.000	
0.000	0.000	30.000	0.000	0.000	0.000	
0.000	0.000	30.000	0.000	0.000	0.000	
0.000	0.000	30.000	0.000	0.000	0.000	
0.000	0.000	30.000	0.000	0.000	0.000	
0.000	0.000	30.000	0.000	0.000	0.000	
0.000	0.000	30.000	0.000	0.000	0.000	
0.000	0.000	30.000	0.000	0.000	0.000	
0.000	0.000	30.000	0.000	0.000	0.000	
0.000	0.000	30.000	0.000	0.000	0.000	
0.000	0.000	30.000	0.000	0.000	0.000	
0.000	0.000	30.000	0.000	0.000	0.000	
0.000	0.000	30.000	0.000	0.000	0.000	
0.000	0.000	30.000	0.000	0.000	0.000	
0.000	0.000	30.000	0.000	0.000	0.000	
0.000	0.000	30.000	0.000	0.000	0.000	
0.000	0.000	30.000	0.000	0.000	0.000	
0.000	0.000	30.000	0.000	0.000	0.000	
0.000	0.000	30.000	0.000	0.000	0.000	
0.000	0.000	30.000	0.000	0.000	0.000	
0.000	0.000	30.000	0.000	0.000	0.000	
0.000	0.000	30.000	0.000	0.000	0.000	
0.000	0.000	30.000	0.000	0.000	0.000	
0.000	0.000	30.000	0.000	0.000	0.000	
0.000	0.000	30.000	0.000	0.000	0.000	
0.000	0.000	30.000	0.000	0.000	0.000	
0.000	0.000	30.000	0.000	0.000	0.000	
0.000	0.000	30.000	0.000	0.000	0.000	
0.000	0.000	30.000	0.000	0.000	0.000	
0.000	0.000	30.000	0.000	0.000	0.000	
0.000	0.000	30.000	0.000	0.000	0.000	
0.000	0.000	30.000	0.000	0.000	0.000	
0.000	0.000	30.000	0.000	0.000	0.000	
0.000	0.000	30.000	0.000	0.000	0.000	
0.000	0.000	30.000	0.000	0.000	0.000	
0.000	0.000	30.000	0.000	0.000	0.000	
0.000	0.000	30.000	0.000	0.000	0.000	
0.000	0.000	30.000	0.000	0.000	0.000	
0.000	0.000	30.000	0.000	0.000	0.000	
0.000	0.000	30.000	0.000	0.000	0.000	
0.000	0.000	30.000	0.000	0.000	0.000	
0.000	0.000	30.000	0.000	0.000	0.000	
0.000	0.000	30.000	0.000	0.000	0.000	
0.000	0.000	30.000	0.000	0.000	0.000	
0.000	0.000	30.000	0.000	0.000	0.000	
0.000	0.000	30.000	0.000	0.000	0.000	
0.000	0.000	30.000	0.000	0.000	0.000	
0.000	0.000	30.000	0.000	0.000	0.000	
0.000	0.000	30.000	0.000	0.000	0.000	
0.000	0.000	30.000	0.000	0.000	0.000	
0.000	0.000	30.000	0.000	0.000	0.000	
0.000	0.000	30.000	0.000	0.000	0.000	
0.000	0.000	30.000	0.000	0.000	0.000	
0.000	0.000	30.000	0.000	0.000	0.000	
0.000	0.000	30.000	0.000	0.000	0.000	
0.000	0.000	30.000	0.000	0.000	0.000	
0.000	0.000	30.000	0.000	0.000	0.000	
0.000	0.000	30.000	0.000	0.000	0.000	
0.000	0.000	30.000	0.000	0.000	0.000	
0.000	0.000	30.000	0.000	0.000	0.000	
0.000	0.000	30.000	0.000	0.000	0.000	
0.000	0.000	30.000	0.000	0.000	0.000	
0.000	0.000	30.000	0.000	0.000	0.000	
0.000	0.000	30.000	0.000	0.000	0.000	
0.000	0.000	30.000	0.000	0.000	0.000	
0.000	0.000	30.000	0.000	0.000	0.000	
0.000	0.000	30.000	0.000	0.000	0.000	
0.000	0.000	30.000	0.000	0.000	0.000	
0.000	0.000	30.000	0.000	0.000	0.000	
0.000	0.000	30.000	0.000	0.000	0.000	
0.000	0.000	30.000	0.000	0.000	0.000	
0.000	0.000	30.000	0.000	0.000	0.000	
0.000	0.000	30.000	0.000	0.000	0.000	
0.000	0.000	30.000	0.000	0.000	0.000	
0.000	0.000	30.000	0.000	0.000	0.000	
0.000	0.000	30.000	0.000	0.000	0.000	
0.000	0.000	30.000	0.000	0.000	0.000	
0.000	0.000	30.000	0.000	0.000	0.000	
0.000	0.000	30.000	0.000	0.000	0.000	
0.000	0.000	30.000	0.000	0.000	0.000	
0.000	0.000	30.000	0.000	0.000	0.000	
0.000	0.000	30.000	0.000	0.000	0.000	
0.000	0.000	30.000	0.000	0.000	0.000	
0.000	0.000	30.000	0.000	0.000	0.000	
0.000	0.000	30.000	0.000	0.000	0.000	
0.000	0.000	30.000	0.000	0.000	0.000	
0.000	0.000	30.000	0.000	0.000	0.000	
0.000	0.000	30.000	0.000	0.000	0.000	
0.000	0.000	30.000	0.000	0.000	0.000	
0.000	0.000	30.000	0.000	0.000	0.000	
0.000	0.000	30.000	0.000	0.000	0.000	
0.000	0.000	30.000	0.000	0.000	0.000	
0.000	0.000	30.000	0.000	0.000	0.000	
0.000	0.000	30.000	0.000	0.000	0.000	
0.000	0.000	30.000	0.000	0.000	0.000	
0.000	0.000	30.000	0.000	0.000	0.000	
0.000	0.000	30.000	0.000	0.000	0.000	
0.000	0.000	30.000	0.000	0.000	0.000	
0.000	0.000	30.000	0.000	0.000	0.000	
0.000	0.000	30.000	0.000	0.000	0.000	
0.000	0.000	30.000	0.000	0.000	0.000	
0.000	0.000	30.000	0.000	0.000	0.000	
0.000	0.000	30.000	0.000	0.000	0.000	
0.000	0.000	30.000	0.000	0.000	0.000	
0.000	0.000	30.000	0.000	0.000	0.000	
0.000	0.000	30.000	0.000	0.000	0.000	
0.000	0.000	30.000	0.000	0.000	0.000	
0.000	0.000	30.000	0.000	0.000	0.000	
0.000	0.000	30.000	0.000	0.000	0.000	
0.000	0.000	30.000	0.000	0.000	0.000	
0.000	0.000	30.000	0.000	0.000	0.000	
0.000	0.000	30.000	0.000	0.000	0.000	
0.000	0.000	30.000	0.000	0.000	0.000	
0.000	0.000	30.000	0.000	0.000	0.000	
0.000	0.000	30.000	0.000	0.000	0.000	
0.000	0.000	30.000	0.000	0.000	0.000	
0.000	0.000	30.000	0.000	0.000	0.000	
0.000	0.000	30.000	0.000	0.000	0.000	
0.000	0.000	30.000	0.000	0.000	0.000	
0.000	0.000	30.000	0.000	0.000	0.000	
0.000	0.000	30.000	0.000	0.000	0.000	
0.000	0.000	30.000	0.000	0.000	0.000	
0.000	0.000	30.000	0.000	0.000	0.000	
0.000	0.000	30.000	0.000	0.000	0.000	
0.000	0.000	30.000	0.000	0.000	0.000	
0.000	0.000	30.000	0.000	0.000	0.000	
0.000	0.000	30.000	0.000	0.000	0.000	
0.000	0.000	30.000	0.000	0.000	0.000	
0.000	0.000	30.000	0.000	0.000	0.000	
0.000	0.000	30.000	0.000	0.000	0.000	
0.000	0.000	30.000	0.000	0.000	0.000	
0.000	0.000	30.000	0.000	0.000	0.000	
0.000	0.000	30.000	0.000	0.000	0.000	
0.000	0.000	30.000	0.000	0.000	0.000	
0.000	0.000	30.000	0.000	0.000	0.000	
0.000	0.000	30.000	0.000	0.000	0.000	
0.000	0.000	30.000	0.000	0.000	0.000	
0.000	0.000	30.000	0.000	0.000	0.000	
0.000	0.000	30.000	0.000	0.000	0.000	
0.000	0.000	30.000	0.000	0.000	0.000	
0.000	0.000	30.000	0.000	0.000	0.000	
0.000	0.000	30.000	0.000	0.000	0.000	
0.000	0.000	30.000	0.000	0.000	0.000	
0.000	0.000	30.000	0.000	0.000	0.000	
0.000	0.000	30.000	0.000	0.000	0.000	
0.000	0.000	30.000	0.000	0.000	0.000	
0.000	0.000	30.000	0.000	0.000	0.000	
0.000	0.000	30.000	0.000	0.000	0.000	
0.000	0.000	30.000	0.000	0.000	0.000	
0.000	0.000	30.000	0.000	0.000	0.000	
0.000	0.000	30.000	0.000	0.000	0.000	
0.000	0.000	30.000	0.000	0.000	0.000	
0.000	0.000	30.000	0.000	0.000	0.000	
0.000	0.000	30.000	0.000	0.000	0.000	
0.000	0.000	30.000	0.000	0.000	0.000	
0.000	0.000	30.000	0.000	0.000	0.000	
0.000	0.000	30.000	0.000	0.000	0.000	
0.000	0.000	30.000	0.000	0.000	0.000	
0.000	0.000	30.000	0.000	0.000	0.000	
0.000	0.000	30.000	0.000	0.000	0.000	
0.000	0.000	30.000	0.000	0.000	0.000	
0.000	0.000	30.000	0.000	0.000	0.000	
0.000	0.000	30.000	0.000	0.000	0.000	
0.000	0.000	30.000	0.000	0.000	0.000	
0.000	0.000	30.000	0.000	0.000	0.000	
0.000	0.000	30.000	0.000	0.000	0.000	
0.000	0.000	30.000	0.000	0.000	0.000	
0.000	0.000	30.000	0.000	0.000	0.000	
0.000	0.000	30.000	0.000	0.000	0.000	
0.000	0.000	30.000	0.000	0.000	0.000	
0.000	0.000	30.000	0.000	0.000	0.000	
0.000	0.000	30.000	0.000	0.000	0.000	
0.000	0.000	30.000	0.000	0.000	0.000	
0.000	0.000	30.000	0.000	0.000	0.000	
0.000	0.000	30.000	0.000	0.000	0.000	
0.000	0.000	30.000	0.000	0.000	0.000	
0.000	0.000	30.000	0.000	0.000	0.000	
0.000	0.000	30.000	0.000	0.000	0.000	
0.000	0.000	30.000	0.000	0.000	0.000	
0.000	0.000	30.000	0.000	0.000	0.000	
0.000	0.000	30.000	0.000	0.000	0.000	
0.000	0.000	30.000	0.000	0.000	0.000	
0.000	0.000	30.000	0.000	0.000	0.000	
0.000	0.000	30.000	0.000	0.000	0.000	
0.000	0.000	30.000	0.000	0.000	0.000	
0.000	0.000	30.000	0.000	0.000	0.000	
0.000	0.000	30.000	0.000	0.000	0.000	
0.000	0.000	30.000	0.000	0.000	0.000	
0.000	0.000	30.000	0.000	0.000	0.000	
0.000	0.000	30.000	0.000	0.000	0.000	
0.000	0.000	30.000	0.000	0.000	0.000	
0.000	0.000	30.000	0.000	0.000	0.000	
0.000	0.000	30.000	0.000	0.000	0.000	
0.000	0.000	30.000	0.000	0.000	0.000	
0.000	0.000	30.000	0.000	0.000	0.000	
0.000	0.000	30.000	0.000	0.000	0.000	
0.000	0.000	30.000	0.000	0.000	0.000	
0.000	0.000	30.000	0.000	0.000	0.000	
0.000	0.000	30.000	0.000	0.000	0.000	
0.000	0.000	30.000	0.000	0.000	0.000	
0.000	0.000	30.000	0.000	0.000	0.000	
0.000	0.000	30.000	0.000	0.000	0.000	
0.000	0.000	30.000	0.000	0.000	0.000	
0.000	0.000	30.000	0.000	0.000	0.000	
0.000	0.000	30.000	0.000	0.000	0.000	
0.000	0.000	30.000	0.000	0.000	0.000	
0.000	0.000	30.000	0.000	0.000	0.000	
0.000	0.000	30.000	0.000	0.000	0.000	
0.000	0.000	30.000	0.000	0.000	0.000	
0.000	0.000	30.000	0.000	0.000	0.000	
0.000	0.000	30.000	0.000	0.000	0.000	
0.000	0.000	30.000	0.000	0.000	0.000	
0.000	0.000	30.000	0.000	0.000	0.000	
0.000	0.000	30.000	0.000	0.000	0.000	
0.000	0.000	30.000	0.000	0.000	0.000	
0.000	0.000	30.000	0.000	0.000	0.000	
0.000	0.000	30.000	0.000	0.000	0.000	
0.000	0.000	30.000	0.000	0.000	0.000	
0.000	0.000	30.000	0.000	0.000	0.000	
0.000	0.000	30.000	0.000	0.000	0.000	
0.000	0.000	30.000	0.000	0.000	0.000	
0.000	0.000	30.000	0.000	0.000	0.000	
0.000	0.000	30.000	0.000	0.000	0.000	
0.000	0.000	30.000	0.000	0.000	0.000	
0.000	0.000	30.000	0.000	0.000	0.000	
0.000	0.000	30.000	0.000	0.000	0.000	
0.000	0.000	30.000	0.000	0.000	0.000	
0.000	0.000	30.000	0.000	0.000	0.000	
0.000	0.000	30.000	0.000	0.000	0.000	
0.000	0.000	30.000	0.000	0.000	0.000	
0.000	0.000	30.000	0.000	0.000	0.000	
0.000	0.000	30.000	0.000	0.000	0.000	
0.000	0.000	30.000	0.000	0.000	0.000	
0.000	0.000	30.000	0.000	0.000	0.000	
0.000	0.000	30.000	0.000	0.000	0.000	
0.000	0.000	30.000	0.000	0.000	0.000	
0.000	0.000	30.000	0.000	0.000	0.000	
0.000	0.000	30.000	0.000	0.000	0.000	
0.000	0.000	30.000	0.000	0.000	0.000	
0.000	0.000	30.000	0.000	0.000	0.000	
0.000	0.000	30.000	0.000	0.000	0.000	
0.000	0.000	30.000	0.000	0.000	0.000	
0.000	0.000	30.000	0.000	0.000	0.000	
0.000	0.000	30.000	0.000	0.000	0.000	
0.000	0.000	30.000	0.000	0.000	0.000	
0.000	0.000	30.000	0.000	0.000	0.000	
0.000	0.000	30.000	0.000	0.000	0.000	
0.000	0.000	30.000	0.000	0.000	0.000	
0.000	0.000	30.000	0.000	0.000	0.000	
0.000	0.000	30.000	0.000	0.000	0.000	
0.000	0.000	30.000	0.000	0.000	0.000	
0.000	0.000	30.000	0.000	0.000	0.000	
0.000	0.000	30.000	0.000	0.000	0.000	
0.000	0.000	30.000	0.000	0.000	0.000	
0.000	0.000	30.000	0.000	0.000	0.000	
0.000	0.000	30.000	0.000	0.000	0.000	
0.000	0.000	30.000	0.000	0.000	0.000	
0.000	0.000	30.000	0.000	0.000	0.000	
0.000	0.000	30.000	0.000	0.000	0.000	
0.000	0.000	30.000	0.000	0.000	0.000	
0.000	0.000	30.000	0.000	0.000	0.000	
0.000	0.000	30.000	0.000	0.000	0.000	
0.000	0.000	30.000	0.000	0.000	0.000	
0.000	0.000	30.000	0.000	0.000	0.000	
0.000	0.000	30.000	0.000	0.000	0.000	
0.000	0.000	30.000	0.000	0.000	0.000	
0.000	0.000	30.000	0.000	0.000	0.000	
0.000	0.000	30.000	0.000	0.000	0.000	
0.000	0.000	30.000	0.000	0.000	0.000	
0.000	0.000	30.000	0.000	0.000	0.000	
0.000	0.000	30.000	0.000	0.000	0.000	
0.000	0.000	30.000	0.000	0.000	0.000	
0.000	0.000	30.000	0.000	0.000	0.000	
0.000	0.000	30.000	0.000	0.000	0.000	
0.000	0.000	30.000	0.000	0.000	0.000	
0.000	0.000	30.000	0.000	0.000	0.000	
0.000	0.000	30.000	0.000	0.000	0.000	
0.000	0.000	30.000	0.000	0.000	0.000	
0.000	0.000	30.000	0.000	0.000	0.000	
0.000	0.000	30.000	0.000	0.000	0.000	
0.000	0.000	30.000	0.000	0.000	0.000	
0.000	0.000	30.000	0.000	0.000	0.000	
0.000	0.000	30.000	0.000	0.000	0.000	
0.000	0.000	30.000	0.000	0.000	0.000	
0.000	0.000	30.000	0.000	0.000	0.000	
0.000	0.000	30.000	0.000	0.000	0.000	
0.000	0.000	30.000	0.000	0.000	0.000	
0.000	0.000	30.000	0.000	0.000	0.000	
0.000	0.000	30.000	0.000	0.000	0.000	
0.000	0.000	30.000	0.000	0.000	0.000	
0.000	0.000	30.000	0.000	0.000	0.000	
0.000	0.000	30.000	0.000	0.000	0.000	
0.000	0.000	30.000	0.000	0.000	0.000	
0.000	0.000	30.000	0.000	0.000	0.000	
0.000	0.000	30.000	0.000	0.000	0.000	
0.000	0.000	30.000	0.000	0.000	0.000	
0.000	0.000	30.000	0.000	0.000	0.000	
0.000	0.000	30.000	0.000	0.000	0.000	
0.000	0.000	30.000	0.000	0.000	0.000	
0.000	0.000	30.000	0.000	0.000	0.000	
0.000	0.000	30.000	0.000	0.000	0.000	
0.000	0.000	30.000	0.000	0.000	0.000	
0.000	0.000	30.000	0.000	0.000	0.000	
0.000	0.000	30.000	0.000	0.000	0.000	
0.000	0.000	30.000	0.000	0.000	0.000	
0.000	0.000	30.000	0.000	0.000	0.000	
0.000	0.000	30.000	0.000	0.000	0.000	
0.000	0.000	30.000	0.000	0.000	0.000	
0.000	0.000	30.000	0.000	0.000	0.000	
0.000	0.000	30.000	0.000	0.000	0.000	
0.000	0.000	30.000	0.000	0.000	0.000	
0.000	0.000	30.000	0.000	0.000	0.000	
0.000	0.000	30.000	0.000	0.000	0.000	
0.000	0.000	30.000	0.000	0.000	0.000	
0.000	0.000	30.000	0.000	0.000	0.000	
0.000	0.000	30.000	0.000	0.000	0.000	
0.000	0.000	30.000	0.000	0.000	0.000	
0.000	0.000	30.000	0.000	0.000	0.000	
0.000	0.000	30.000	0.000	0.000	0.000	
0.000	0.000	30.000	0.000	0.000	0.000	
0.000	0.000	30.000	0.000	0.000	0.000	
0.000	0.000	30.000	0.000	0.000	0.000	
0.000	0.000	30.000	0.000	0.000	0.000	
0.000	0.000	30.000	0.000	0.000	0.000	
0.000	0.000	30.000	0.000	0.000	0.000	
0.000	0.000	30.000	0.000	0.000	0.000	
0.000	0.000	30.000	0.000	0.000	0.000	
0.000	0.000	30.000	0.000	0.000	0.000	
0.000	0.000	30.000	0.000	0.000	0.000	
0.000	0.000	30.000	0.000	0.000	0.000	
0.000	0.000	30.000	0.000	0.000	0.000	
0.000	0.000	30.000	0.000	0.000	0.000	
0.000	0.000	30.000	0.000	0.000	0.000	
0.000	0.000	30.000	0.000	0.000	0.000	
0.000	0.000	30.000	0.000	0.000	0.000	
0.000	0.000	30.000	0.000	0.000	0.000	
0.000	0.000	30.000	0.000	0.000	0.000	
0.000	0.000	30.000	0.000	0.000	0.000	
0.000	0.000	30.000	0.000	0.000	0.000	
0.000	0.000	30.000	0.000	0.000	0.000	
0.000	0.000	30.000	0.000	0.000	0.000	
0.000	0.000	30.000	0.000	0.000	0.000	
0.000	0.000	30.000	0.000	0.000	0.000	
0.000	0.000	30.000	0.000	0.000	0.000	
0.000	0.000	30.000	0.000	0.000	0.000	
0.000	0.000	30.000	0.000	0.000	0.000	
0.000	0.000	30.000	0.000	0.000	0.000	
0.000	0.000	30.000	0.000	0.000	0.000	
0.000	0.000	30.000	0.000	0.000	0.000	
0.000	0.000	30.000	0.000	0.000	0.000	
0.000	0.000	30.000	0.000	0.000	0.000	
0.000	0.000	30.000	0.000	0.000	0.000	
0.000	0.000	30.000	0.000	0.000	0.000	
0.000	0.000	30.000	0.000	0.000	0.000	
0.000	0.000	30.000	0.000	0.000	0.000	
0.000	0.000	30.000	0.000	0.000	0.000	
0.000	0.000	30.000	0.000	0.000	0.000	
0.000	0.000	30.000	0.000	0.000	0.000	
0.000	0.000	30.000	0.000	0.000	0.000	
0.000	0.000	30.000	0.000	0.000	0.000	
0.000	0.000	30.000	0.000	0.000	0.000	
0.000	0.000	30.000	0.000	0.000	0.000	
0.000	0.000	30.000	0.000	0.000	0.000	
0.000	0.000	30.000	0.000	0.000	0.000	
0.000	0.000	30.000	0.000	0.000	0.000	
0.000	0.000	30.000	0.000	0.000	0.000	
0.000	0.000	30.000	0.000	0.000	0.000	
0.000	0.000	30.000	0.000	0.000	0.000	
0.000	0.000	30.000	0.000	0.000	0.000	
0.000	0.000	30.000	0.000	0.000	0.000	
0.000	0.000	30.000	0.000	0.000	0.000	
0.000	0.000	30.000	0.000	0.000	0.000	
0.000	0.000	30.000	0.000	0.000	0.000	
0.000	0.000	30.000	0.000	0.000	0.000	
0.000	0.000	30.000	0.000	0.000	0.000	
0.000	0.000	30.000	0.000	0.000	0.000	
0.000	0.000	30.000	0.000	0.000	0.000	
0.000	0.000	30.000	0.000	0.000	0.000	
0.000	0.000	30.000	0.000	0.000	0.000	
0.000	0.000	30.000	0.000	0.000	0.000	
0.000	0.000	30.000	0.000	0.000	0.000	
0.000	0.000	30.000	0.000	0.000	0.000	
0.000	0.000	30.000	0.000	0.000	0.000	
0.000	0.000	30.000	0.000	0.000	0.000	
0.000	0.000	30.000	0.000	0.000	0.000	
0.000	0.000	30.000	0.000	0.000	0.000	
0.000	0.000	30.000	0.000	0.000	0.000	
0.000	0.000	30.000	0.000	0.000	0.000	
0.000	0.000	30.000	0.000	0.000	0.000	
0.000	0.000	30.000	0.000	0.000	0.000	
0.000	0.000	30.000	0.000	0.000	0.000	
0.000	0.000	30.000	0.000	0.000	0.000	
0.000	0.000	30.000	0.000	0.000	0.000	
0.000	0.000	30.000	0.000	0.000	0.000	
0.000	0.000	30.000	0.000	0.000	0.000	
0.000	0.000	30.000	0.000	0.000	0.000	
0.000	0.000	30.000	0.000	0.000	0.000	
0.000	0.000	30.000	0.000	0.000	0.000	
0.000	0.000	30.000	0.000	0.000	0.000	
0.000	0.000	30.000	0.000	0.000	0.000	
0.000	0.000	30.000	0.000	0.000	0.000	
0.000	0.000	30.000	0.000	0.000	0.000	
0.000	0.000	30.000	0.000	0.000	0.000	
0.000	0.000	30.000	0.000	0.000	0.000	
0.000	0.000	30.000	0.000	0.000	0.000	
0.000	0.000	30.000	0.000	0.000	0.000	
0.000	0.000	30.000	0.000	0.000	0.000	
0.000	0.000	30.000	0.000	0.000	0.000	
0.000	0.000	30.000	0.000	0.000	0.000	
0.000	0.000	30.000	0.000	0.000	0.000	
0.000	0.000	30.000	0.000	0.000	0.000	
0.000	0.000	30.000	0.000	0.000	0.000	
0.000	0.000	30.000	0.000	0.000	0.000	
0.000	0.000	30.000	0.000	0.000	0.000	
0.000	0.000	30.000	0.000	0.000	0.000	
0.000	0.000	30.000	0.000	0.000	0.000	
0.000	0.000	30.000	0.000	0.000	0.000	
0.000	0.000	30.000	0.000	0.000	0.000	
0.000	0.000	30.000	0.000	0.000	0.000	
0.000	0.000	30.000	0.000	0.000	0.000	
0.000	0.000	30.000	0.000	0.000	0.000	
0.000	0.000	30.000	0.000	0.000	0.000	
0.000	0.000	30.000	0.000	0.000	0.000	
0.000	0.000	30.000	0.000	0.000	0.000	
0.000	0.000	30.000	0.000	0.000	0.000	
0.000	0.000	30.000	0.000	0.000	0.000	
0.000	0.000	30.000	0.000	0.000	0.000	
0.000	0.000	30.000	0.000	0.000	0.000	
0.000	0.000	30.000	0.000	0.000	0.000	
0.000	0.000	30.000	0.000	0.000	0.000	
0.000	0.000	30.000	0.000	0.000	0.000	
0.000	0.000	30.000	0.000	0.000	0.000	
0.000	0.000	30.000	0.000	0.000	0.000	
0.000	0.000	30.000	0.000	0.000	0.000	
0.000	0.000	30.000	0.000	0.000	0.000	
0.000	0.000	30.000	0.000	0.000	0.000	
0.000	0.000	30.000	0.000	0.000	0.000	
0.000	0.000	30.000	0.000	0.000	0.000	
0.000	0.000	30.000	0.000	0.000	0.000	
0.000	0.000	30.000	0.000	0.000	0.000	
0.000	0.000	30.000	0.000	0.000	0.000	
0.000	0.000	30.000	0.000	0.000	0.000	
0.000	0.000	30.000	0.000	0.000	0.000	
0.000	0.000	30.000	0.000	0.000	0.000	
0.000	0.000	30.000	0.000	0.000	0.000	
0.000	0.000	30.000	0.000	0.000	0.000	
0.000	0.000	30.000	0.000	0.000	0.000	
0.000	0.000	30.000	0.000	0.000	0.000	
0.000	0.000	30.000	0.000	0.000	0.000	
0.000	0.000	30.000	0.000	0.000	0.000	
0.000	0.000	30.000	0.000	0.000	0.000	
0.000	0.000	30.000	0.000	0.000	0.000	
0.000	0.000	30.000	0.000	0.000	0.000	
0.000	0.000	30.000	0.000	0.000	0.000	
0.000	0.000	30.000	0.000	0.000	0.000	
0.000	0.000	30.000	0.000	0.000	0.000	
0.000	0.000	30.000	0.000	0.000	0.000	
0.000	0.000	30.000	0.000	0.000	0.000	
0.000	0.000	30.000	0.000	0.000	0.000	
0.000	0.000	30.000	0.000	0.000	0.000	
0.000	0.000	30.000	0.000	0.000	0.000	
0.000	0.000	30.000	0.000	0.000	0.000	
0.000	0.000	30.000	0.000	0.000	0.000	
0.000	0.000	30.000	0.000	0.000	0.000	
0.000	0.000	30.000	0.000	0.000	0.000	
0.000	0.000	30.000	0.000	0.000	0.000	
0.000	0.000	30.000	0.000	0.000	0.000	
0.000	0.000	30.000	0.000	0.000	0.000	
0.000	0.000	30.000	0.000	0.000	0.000	
0.000	0.000	30.000	0.000	0.000	0.000	
0.000	0.000	30.000	0.000	0.000	0.000	
0.000	0.000	30.000	0.000	0.000	0.000	
0.000	0.000	30.000	0.000	0.000	0.000	
0.000	0.000	30.000	0.000	0.000	0.000	
0.000	0.000	30.000	0.000	0.000	0.000	
0.000	0.000	30.000	0.000	0.000	0.000	
0.000	0.000	30.000	0.000	0.000	0.000	
0.000	0.000	30.000	0.000	0.000	0.000	
0.000	0.000	30.000	0.000	0.000	0.000	
0.000	0.000	30.000	0.000	0.000	0.000	
0.000	0.000	30.000	0.000	0.000	0.000	
0.000	0.000	30.000	0.000	0.000	0.000	
0.000	0.000	30.000	0.000	0.000	0.000	
0.000	0.000	30.000	0.000	0.000	0.000	
0.000	0.000	30.000	0.000	0.000	0.000	
0.000	0.000	30.000	0.000	0.000	0.000	
0.000	0.000	30.000	0.000	0.000	0.000	
0.000	0.000	30.000	0.000	0.000	0.000	
0.000	0.000	30.000	0.000	0.000	0.000	
0.000	0.000	30.000	0.000	0.000	0.000	
0.000	0.000	30.000	0.000	0.000	0.000	
0.000	0.000	30.000	0.000	0.000	0.000	
0.000	0.000	30.000	0.000	0.000	0.000	
0.000	0.000	30.000	0.000	0.000	0.000	
0.000	0.000	30.000	0.000	0.000	0.000	
0.000	0.000	30.000	0.000	0.000	0.000	
0.000	0.000	30.000	0.000	0.000	0.000	
0.000	0.000	30.000	0.000	0.000	0.000	
0.000	0.000	30.000	0.000	0.000	0.000	
0.000	0.000	30.000	0.000	0.000	0.000	
0.000	0.000	30.000	0.000	0.000	0.000	
0.000	0.000	30.000	0.000	0.000	0.000	
0.000	0.000	30.000	0.000	0.000	0.000	
0.000	0.000	30.000	0.000	0.000	0.000	
0.000	0.000	30.000	0.000	0.000	0.000	
0.000	0.000	30.000	0.000	0.000	0.000	
0.000	0.000	30.000	0.000	0.000	0.000	
0.000	0.000	30.000	0.000	0.000	0.000	
0.000	0.000	30.000	0.000	0.000	0.000	
0.000	0.000	30.000	0.000	0.000	0.000	
0.000	0.000	30.000	0.000	0.000	0.000	
0.000	0.000	30.000	0.000	0.000	0.000	
0.000	0.000	30.000	0.000	0.000	0.000	
0.000	0.000	30.000	0.000	0.000	0.000	
0.000	0.000	30.000	0.000	0.000	0.000	
0.000	0.000	30.000	0.000	0.000	0.000	
0.000	0.000	30.000	0.000	0.000	0.000	
0.000	0.000	30.000	0.000	0.000	0.000	
0.000	0.000	30.000	0.000	0.000	0.000	
0.000	0.000	30.000	0.000	0.000	0.000	
0.000	0.000	30.000	0.000	0.000	0.000	
0.000	0.000	30.000	0.000	0.000	0.000	
0.000	0.000	30.000	0.000	0.000	0.000	
0.000	0.000	30.000	0.000	0.000	0.000	
0.000	0.000	30.000	0.000	0.000	0.000	
0.000	0.000	30.000	0.000	0.000	0.000	
0.000	0.000	30.000	0.000	0.000	0.000	
0.000	0.000	30.000	0.000	0.000	0.000	
0.000	0.000	30.000	0.000	0.000	0.000	
0.000	0.000	30.000	0.000	0.000	0.000	
0.000	0.000	30.000	0.000	0.000	0.000	
0.000	0.000	30.000	0.000	0.000	0.000	
0.000	0.000	30.000	0.000	0.000	0.000	
0.000	0.000	30.000	0.000	0.000	0.000	
0.000	0.000	30.000	0.000	0.000	0.000	
0.000	0.000	30.000	0.000	0.000	0.000	
0.000	0.000	30.000	0.000	0.000	0.000	
0.000	0.000	30.000	0.000	0.000	0.000	
0.000	0.000	30.000	0.000	0.000	0.000	
0.000	0.000	30.000	0.000	0.000	0.000	
0.000	0.000	30.000	0.000	0.000	0.000	
0.000	0.000	30.000	0.000	0.000	0.000	
0.000	0.000	30.000	0.000	0.000	0.000	
0.000	0.000	30.000	0.000	0.000	0.000	
0.000	0.000	30.000	0.000	0.000	0.000	
0.000	0.000	30.000	0.000	0.000	0.000	
0.000	0.000	30.000	0.000	0.000	0.000	
0.000	0.000	30.000	0.000	0.000	0.000	
0.000	0.000	30.000	0.000	0.000	0.000	
0.000	0.000	30.000	0.000	0.000	0.000	
0.000	0.000	30.000	0.000	0.000	0.000	
0.000	0.000	30.000	0.000	0.000	0.000	
0.000	0.000	30.000	0.000	0.000	0.000	
0.000	0.000	30.000	0.000	0.000	0.000	
0.000	0.000	30.000	0.000	0.000	0.000	
0.000	0.000	30.000	0.000	0.000	0.000	
0.000	0.000	30.000	0.000	0.000	0.000	
0.000	0.000	30.000	0.000	0.000	0.000	
0.000	0.000	30.000	0.000	0.000	0.000	
0.000	0.000	30.000	0.000	0.000	0.000	
0.000	0.000	30.000	0.000	0.000	0.000	
0.000	0.000	30.000	0.000	0.000	0.000	
0.000	0.000	30.000	0.000	0.000	0.000	
0.000	0.000	30.000	0.000	0.000	0.000	
0.000	0.000	30.000	0.000	0.000	0.000	
0.000	0.000	30.000	0.000	0.000	0.000	
0.000	0.000	30.000	0.000	0.000	0.000	
0.000	0.000	30.000	0.000	0.000	0.000	
0.000	0.000	30.000	0.000	0.000	0.000	
0.000	0.000	30.000	0.000	0.000	0.000	
0.000	0.000	30.000	0.000	0.000	0.000	
0.000	0.000	30.000	0.000	0.000	0.000	
0.000	0.000	30.000	0.000	0.000	0.000	
0.000	0.000	30.000	0.000	0.000	0.000	
0.000	0.000	30.000	0.000	0.000	0.000	
0.000	0.000	30.000	0.000	0.000	0.000	
0.000	0.000	30.000	0.000	0.000	0.000	
0.000	0.000	30.000	0.000	0.000	0.000	
0.000	0.000	30.000	0.000	0.000	0.000	
0.000	0.000	30.000	0.000	0.000	0.000	
0.000	0.000	30.000	0.000	0.000	0.000	
0.000	0.000	30.000	0.000	0.000	0.000	
0.000	0.000	30.000	0.000	0.000	0.000	
0.000	0.000	30.000	0.000	0.000	0.000	
0.000	0.000	30.000	0.000	0.000	0.000	
0.000	0.000	30.000	0.000	0.000	0.000	
0.000	0.000	30.000	0.000	0.000	0.000	
0.000	0.000	30.000	0.000	0.000	0.000	
0.000	0.000	30.000	0.000	0.000	0.000	
0.000	0.000	30.000	0.000	0.000	0.000	
0.000	0.000	30.000	0.000	0.000	0.000	
0.000	0.000	30.000	0.000	0.000	0.000	
0.000	0.000	30.000	0.000	0.000	0.000	
0.000	0.000	30.000	0.000	0.000	0.000	
0.000	0.000	30.000	0.000	0.000	0.000	
0.000	0.000	30.000	0.000	0.000	0.000	
0.000	0.000	30.000	0.000	0.000	0.000	
0.000	0.000	30.000	0.000	0.000	0.000	
0.000	0.000	30.000	0.000	0.000	0.000	
0.000	0.000	30.000	0.000	0.000	0.000	
0.000	0.000	30.000	0.000	0.000	0.000	
0.000	0.000	30.000	0.000	0.000	0.000	
0.000	0.000	30.000	0.000	0.000	0.000	
0.000	0.000	30.000	0.000	0.000	0.000	
0.000	0.000	30.000	0.000	0.000	0.000	
0.000	0.000	30.000	0.000	0.000	0.000	
0.000	0.000	30.000	0.000	0.000	0.000	
0.000	0.000	30.000	0.000	0.000	0.000	
0.000	0.000	30.000	0.000	0.000	0.000	
0.000	0.000	30.000	0.000	0.000	0.000	
0.000	0.000	30.000	0.000	0.000	0.000	
0.000	0.000	30.000	0.000	0.000	0.000	
0.000	0.000	30.000	0.000	0.000	0.000	
0.000	0.000	30.000	0.000	0.000	0.000	
0.000	0.000	30.000	0.000	0.000	0.000	
0.000	0.000	30.000	0.000	0.000	0.000	
0.000	0.000	30.000	0.000	0.000	0.000	
0.000	0.000	30.000	0.000	0.000	0.000	
0.000	0.000	30.000	0.000	0.000	0.000	
0.000	0.000	30.000	0.000	0.000	0.000	
0.000	0.000	30.000	0.000	0.000	0.000	
0.000	0.000	30.000	0.000	0.000	0.000	
0.000	0.000	30.000	0.000	0.000	0.000	
0.000	0.000	30.000	0.000	0.000	0.000	
0.000	0.000	30.000	0.000	0.000	0.000	
0.000	0.000	30.000	0.000	0.000	0.000	
0.000	0.000	30.000	0.000	0.000	0.000	
0.000	0.000	30.000	0.000	0.000	0.000	
0.000	0.000	30.000	0.000	0.000	0.000	
0.000	0.000	30.000	0.000	0.000	0.000	
0.000	0.000	30.000	0.000	0.000	0.000	
0.000	0.000	30.000	0.000	0.000	0.000	
0.000	0.000	30.000	0.000	0.000	0.000	
0.000	0.000	30.000	0.000	0.000	0.000	
0.000	0.000	30.000	0.000	0.000	0.000	
0.000	0.000	30.000	0.000	0.000	0.000	
0.000	0.000	30.000	0.000	0.000	0.000	
0.000	0.000	30.000	0.000	0.000	0.000	
0.000	0.000	30.000	0.000	0.000	0.000	
0.000	0.000	30.000	0.000	0.000	0.000	
0.000	0.000	30.000	0.000	0.000	0.000	
0.000	0.000	30.000	0.000	0.000	0.000	
0.000	0.000	30.000	0.000	0.000	0.000	
0.000	0.000	30.000	0.000	0.000	0.000	
0.000	0.000	29.700	0.000	0.000	0.000	
0.000	0.000	29.400	0.000	0.000	0.000	
0.000	0.000	29.100	0.000	0.000	0.000	
0.000	0.000	28.800	0.000	0.000	0.000	
0.000	0.000	28.500	0.000	0.000	0.000	
0.000	0.000	28.200	0.000	0.000	0.000	
0.000	0.000	27.900	0.000	0.000	0.000	
0.000	0.000	27.600	0.000	0.000	0.000	
0.000	0.000	27.300	0.000	0.000	0.000	
0.000	0.000	27.000	0.000	0.000	0.000	
0.000	0.000	26.700	0.000	0.000	0.000	
0.000	0.000	26.400	0.000	0.000	0.000	
0.000	0.000	26.100	0.000	0.000	0.000	
0.000	0.000	25.800	0.000	0.000	0.000	
0.000	0.000	25.500	0.000	0.000	0.000	
0.000	0.000	25.200	0.000	0.000	0.000	
0.000	0.000	24.900	0.000	0.000	0.000	
0.000	0.000	24.600	0.000	0.000	0.000	
0.000	0.000	24.300	0.000	0.000	0.000	
0.000	0.000	24.000	0.000	0.000	0.000	
0.000	0.000	23.700	0.000	0.000	0.000	
0.000	0.000	23.400	0.000	0.000	0.000	
0.000	0.000	23.100	0.000	0.000	0.000	
0.000	0.000	22.800	0.000	0.000	0.000	
0.000	0.000	22.500	0.000	0.000	0.000	
0.000	0.000	22.200	0.000	0.000	0.000	
0.000	0.000	21.900	0.000	0.000	0.000	
0.000	0.000	21.600	0.000	0.000	0.000	
0.000	0.000	21.300	0.000	0.000	0.000	
0.000	0.000	21.000	0.000	0.000	0.000	
0.000	0.000	20.700	0.000	0.000	0.000	
0.000	0.000	20.400	0.000	0.000	0.000	
0.000	0.000	20.100	0.000	0.000	0.000	
0.000	0.000	19.800	0.000	0.000	0.000	
0.000	0.000	19.500	0.000	0.000	0.000	
0.000	0.000	19.200	0.000	0.000	0.000	
0.000	0.000	18.900	0.000	0.000	0.000	
0.000	0.000	18.600	0.000	0.000	0.000	
0.000	0.000	18.300	0.000	0.000	0.000	
0.000	0.000	18.000	0.000	0.000	0.000	
0.000	0.000	17.700	0.000	0.000	0.000	
0.000	0.000	17.400	0.000	0.000	0.000	
0.000	0.000	17.100	0.000	0.000	0.000	
0.000	0.000	16.800	0.000	0.000	0.000	
0.000	0.000	16.500	0.000	0.000	0.000	
0.000	0.000	16.200	0.000	0.000	0.000	
0.000	0.000	15.900	0.000	0.000	0.000	
0.000	0.000	15.600	0.000	0.000	0.000	
0.000	0.000	15.300	0.000	0.000	0.000	
0.000	0.000	15.000	0.000	0.000	0.000	
0.000	0.000	14.700	0.000	0.000	0.000	
0.000	0.000	14.400	0.000	0.000	0.000	
0.000	0.000	14.100	0.000	0.000	0.000	
0.000	0.000	13.800	0.000	0.000	0.000	
0.000	0.000	13.500	0.000	0.000	0.000	
0.000	0.000	13.200	0.000	0.000	0.000	
0.000	0.000	12.900	0.000	0.000	0.000	
0.000	0.000	12.600	0.000	0.000	0.000	
0.000	0.000	12.300	0.000	0.000	0.000	
0.000	0.000	12.000	0.000	0.000	0.000	
0.000	0.000	11.700	0.000	0.000	0.000	
0.000	0.000	11.400	0.000	0.000	0.000	
0.000	0.000	11.100	0.000	0.000	0.000	
0.000	0.000	10.800	0.000	0.000	0.000	
0.000	0.000	10.500	0.000	0.000	0.000	
0.000	0.000	10.200	0.000	0.000	0.000	
0.000	0.000	9.900	0.000	0.000	0.000	
0.000	0.000	9.600	0.000	0.000	0.000	
0.000	0.000	9.300	0.000	0.000	0.000	
0.000	0.000	9.000	0.000	0.000	0.000	
0.000	0.000	8.700	0.000	0.000	0.000	
0.000	0.000	8.400	0.000	0.000	0.000	
0.000	0.000	8.100	0.000	0.000	0.000	
0.000	0.000	7.800	0.000	0.000	0.000	
0.000	0.000	7.500	0.000	0.000	0.000	
0.000	0.000	7.200	0.000	0.000	0.000	
0.000	0.000	6.900	0.000	0.000	0.000	
0.000	0.000	6.600	0.000	0.000	0.000	
0.000	0.000	6.300	0.000	0.000	0.000	
0.000	0.000	6.000	0.000	0.000	0.000	
0.000	0.000	5.700	0.000	0.000	0.000	
0.000	0.000	5.400	0.000	0.000	0.000	
0.000	0.000	5.100	0.000	0.000	0.000	
0.000	0.000	4.800	0.000	0.000	0.000	
0.000	0.000	4.500	0.000	0.000	0.000	
0.000	0.000	4.200	0.000	0.000	0.000	
0.000	0.000	3.900	0.000	0.000	0.000	
0.000	0.000	3.600	0.000	0.000	0.000	
0.000	0.000	3.300	0.000	0.000	0.000	
0.000	0.000	3.000	0.000	0.000	0.000	
0.000	0.000	2.700	0.000	0.000	0.000	
0.000	0.000	2.400	0.000	0.000	0.000	
0.000	0.000	2.100	0.000	0.000	0.000	
0.000	0.000	1.800	0.000	0.000	0.000	
0.000	0.000	1.500	0.000	0.000	0.000	
0.000	0.000	1.200	0.000	0.000	0.000	
0.000	0.000	0.900	0.000	0.000	0.000	
0.000	0.000	0.600	0.000	0.000	0.000	
0.000	0.000	0.300	0.000	0.000	0.000	
0.000	0.000	-0.000	0.000	0.000	0.000	
0.000	0.000	-0.000	0.000	0.000	0.000	
0.000	0.000	-0.000	0.000	0.000	0.000	
0.000	0.000	-0.000	0.000	0.000	0.000	
0.000	0.000	-0.000	0.000	0.000	0.000	
0.000	0.000	-0.000	0.000	0.000	0.000	
0.000	0.000	-0.000	0.000	0.000	0.000	
0.000	0.000	-0.000	0.000	0.000	0.000	
0.000	0.000	-0.000	0.000	0.000	0.000	
0.000	0.000	-0.000	0.000	0.000	0.000	
0.000	0.000	-0.000	0.000	0.000	0.000	
0.000	0.000	-0.000	0.000	0.000	0.000	
0.000	0.000	-0.000	0.000	0.000	0.000	
0.000	0.000	-0.000	0.000	0.000	0.000	
0.000	0.000	-0.000	0.000	0.000	0.000	
0.000	0.000	-0.000	0.000	0.000	0.000	
0.000	0.000	-0.000	0.000	0.000	0.000	
0.000	0.000	-0.000	0.000	0.000	0.000	
0.000	0.000	-0.000	0.000	0.000	0.000	
0.000	0.000	-0.000	0.000	0.000	0.000	
0.000	0.000	-0.000	0.000	0.000	0.000	
0.000	0.000	-0.000	0.000	0.000	0.000	
0.000	0.000	-0.000	0.000	0.000	0.000	
0.000	0.000	-0.000	0.000	0.000	0.000	
0.000	0.000	-0.000	0.000	0.000	0.000	
0.000	0.000	-0.000	0.000	0.000	0.000	
0.000	0.000	-0.000	0.000	0.000	0.000	
0.000	0.000	-0.000	0.000	0.000	0.000	
0.000	0.000	-0.000	0.000	0.000	0.000	
0.000	0.000	-0.000	0.000	0.000	0.000	
0.000	0.000	-0.000	0.000	0.000	0.000	
0.000	0.000	-0.000	0.000	0.000	0.000	
0.000	0.000	-0.000	0.000	0.000	0.000	
0.000	0.000	-0.000	0.000	0.000	0.000	
0.000	0.000	-0.000	0.000	0.000	0.000	
0.000	0.000	-0.000	0.000	0.000	0.000	
0.000	0.000	-0.000	0.000	0.000	0.000	
0.000	0.000	-0.000	0.000	0.000	0.000	
0.000	0.000	-0.000	0.000	0.000	0.000	
0.000	0.000	-0.000	0.000	0.000	0.000	
0.000	0.000	-0.000	0.000	0.000	0.000	
0.000	0.000	-0.000	0.000	0.000	0.000	
0.000	0.000	-0.000	0.000	0.000	0.000	
0.000	0.000	-0.000	0.000	0.000	0.000	
0.000	0.000	-0.000	0.000	0.000	0.000	
0.000	0.000	-0.000	0.000	0.000	0.000	
0.000	0.000	-0.000	0.000	0.000	0.000	
0.000	0.000	-0.000	0.000	0.000	0.000	
0.000	0.000	-0.000	0.000	0.000	0.000	
0.000	0.000	-0.000	0.000	0.000	0.000	
0.000	0.000	-0.000	0.000	0.000	0.000	
0.000	0.000	-0.000	0.000	0.000	0.000	
0.000	0.000	-0.000	0.000	0.000	0.000	
0.000	0.000	-0.000	0.000	0.000	0.000	
0.000	0.000	-0.000	0.000	0.000	0.000	
0.000	0.000	-0.000	0.000	0.000	0.000	
0.000	0.000	-0.000	0.000	0.000	0.000	
0.000	0.000	-0.000	0.000	0.000	0.000	
0.000	0.000	-0.000	0.000	0.000	0.000	
0.000	0.000	-0.000	0.000	0.000	0.000	
0.000	0.000	-0.000	0.000	0.000	0.000	
0.000	0.000	-0.000	0.000	0.000	0.000	
0.000	0.000	-0.000	0.000	0.000	0.000	
0.000	0.000	-0.000	0.000	0.000	0.000	
0.000	0.000	-0.000	0.000	0.000	0.000	
0.000	0.000	-0.000	0.000	0.000	0.000	
0.000	0.000	-0.000	0.000	0.000	0.000	
0.000	0.000	-0.000	0.000	0.000	0.000	
0.000	0.000	-0.000	0.000	0.000	0.000	
0.000	0.000	-0.000	0.000	0.000	0.000	
0.000	0.000	-0.000	0.000	0.000	0.000	
0.000	0.000	-0.000	0.000	0.000	0.000	
0.000	0.000	-0.000	0.000	0.000	0.000	
0.000	0.000	-0.000	0.000	0.000	0.000	
0.000	0.000	-0.000	0.000	0.000	0.000	
0.000	0.000	-0.000	0.000	0.000	0.000	
0.000	0.000	-0.000	0.000	0.000	0.000	
0.000	0.000	-0.000	0.000	0.000	0.000	
0.000	0.000	-0.000	0.000	0.000	0.000	
0.000	0.000	-0.000	0.000	0.000	0.000	
0.000	0.000	-0.000	0.000	0.000	0.000	
0.000	0.000	-0.000	0.000	0.000	0.000	
0.000	0.000	-0.000	0.000	0.000	0.000	
0.000	0.000	-0.000	0.000	0.000	0.000	
0.000	0.000	-0.000	0.000	0.000	0.000	
0.000	0.000	-0.000	0.000	0.000	0.000	
0.000	0.000	-0.000	0.000	0.000	0.000	
0.000	0.000	-0.000	0.000	0.000	0.000	
0.000	0.000	-0.000	0.000	0.000	0.000	
0.000	0.000	-0.000	0.000	0.000	0.000	
0.000	0.000	-0.000	0.000	0.000	0.000	
0.000	0.000	-0.000	0.000	0.000	0.000	
0.000	0.000	-0.000	0.000	0.000	0.000	
0.000	0.000	-0.000	0.000	0.000	0.000	
0.000	0.000	-0.000	0.000	0.000	0.000	
0.000	0.000	-0.000	0.000	0.000	0.000	
0.000	0.000	-0.000	0.000	0.000	0.000	
0.000	0.000	-0.000	0.000	0.000	0.000	
0.000	0.000	-0.000	0.000	0.000	0.000	
0.000	0.000	-0.000	0.000	0.000	0.000	
0.000	0.000	-0.000	0.000	0.000	0.000	
0.000	0.000	-0.000	0.000	0.000	0.000	
0.000	0.000	-0.000	0.000	0.000	0.000	
0.000	0.000	-0.000	0.000	0.000	0.000	
0.000	0.000	-0.000	0.000	0.000	0.000	
0.000	0.000	-0.000	0.000	0.000	0.000	
0.000	0.000	-0.000	0.000	0.000	0.000	
0.000	0.000	-0.000	0.000	0.000	0.000	
0.000	0.000	-0.000	0.000	0.000	0.000	
0.000	0.000	-0.000	0.000	0.000	0.000	
0.000	0.000	-0.000	0.000	0.000	0.000	
0.000	0.000	-0.000	0.000	0.000	0.000	
0.000	0.000	-0.000	0.000	0.000	0.000	
0.000	0.000	-0.000	0.000	0.000	0.000	
0.000	0.000	-0.000	0.000	0.000	0.000	
0.000	0.000	-0.000	0.000	0.000	0.000	
0.000	0.000	-0.000	0.000	0.000	0.000	
0.000	0.000	-0.000	0.000	0.000	0.000	
0.000	0.000	-0.000	0.000	0.000	0.000	
0.000	0.000	-0.000	0.000	0.000	0.000	
0.000	0.000	-0.000	0.000	0.000	0.000	
0.000	0.000	-0.000	0.000	0.000	0.000	
0.000	0.000	-0.000	0.000	0.000	0.000	
0.000	0.000	-0.000	0.000	0.000	0.000	
0.000	0.000	-0.000	0.000	0.000	0.000	
0.000	0.000	-0.000	0.000	0.000	0.000	
0.000	0.000	-0.000	0.000	0.000	0.000	
0.000	0.000	-0.000	0.000	0.000	0.000	
0.000	0.000	-0.000	0.000	0.000	0.000	
0.000	0.000	-0.000	0.000	0.000	0.000	
0.000	0.000	-0.000	0.000	0.000	0.000	
0.000	0.000	-0.000	0.000	0.000	0.000	
0.000	0.000	-0.000	0.000	0.000	0.000	
0.000	0.000	-0.000	0.000	0.000	0.000	
0.000	0.000	-0.000	0.000	0.000	0.000	
0.000	0.000	-0.000	0.000	0.000	0.000	
0.000	0.000	-0.000	0.000	0.000	0.000	
0.000	0.000	-0.000	0.000	0.000	0.000	
0.000	0.000	-0.000	0.000	0.000	0.000	
0.000	0.000	-0.000	0.000	0.000	0.000	
0.000	0.000	-0.000	0.000	0.000	0.000	
0.000	0.000	-0.000	0.000	0.000	0.000	
0.000	0.000	-0.000	0.000	0.000	0.000	
0.000	0.000	-0.000	0.000	0.000	0.000	
0.000	0.000	-0.000	0.000	0.000	0.000	
0.000	0.000	-0.000	0.000	0.000	0.000	
0.000	0.000	-0.000	0.000	0.000	0.000	
0.000	0.000	-0.000	0.000	0.000	0.000	
0.000	0.000	-0.000	0.000	0.000	0.000	
0.000	0.000	-0.000	0.000	0.000	0.000	
0.000	0.000	-0.000	0.000	0.000	0.000	
0.000	0.000	-0.000	0.000	0.000	0.000	
0.000	0.000	-0.000	0.000	0.000	0.000	
0.000	0.000	-0.000	0.000	0.000	0.000	
0.000	0.000	-0.000	0.000	0.000	0.000	
0.000	0.000	-0.000	0.000	0.000	0.000	
0.000	0.000	-0.000	0.000	0.000	0.000	
0.000	0.000	-0.000	0.000	0.000	0.000	
0.000	0.000	-0.000	0.000	0.000	0.000	
0.000	0.000	-0.000	0.000	0.000	0.000	
0.000	0.000	-0.000	0.000	0.000	0.000	
0.000	0.000	-0.000	0.000	0.000	0.000	
0.000	0.000	-0.000	0.000	0.000	0.000	
0.000	0.000	-0.000	0.000	0.000	0.000	
0.000	0.000	-0.000	0.000	0.000	0.000	
0.000	0.000	-0.000	0.000	0.000	0.000	
0.000	0.000	-0.000	0.000	0.000	0.000	
0.000	0.000	-0.000	0.000	0.000	0.000	
0.000	0.000	-0.000	0.000	0.000	0.000	
0.000	0.000	-0.000	0.000	0.000	0.000	
0.000	0.000	-0.000	0.000	0.000	0.000	
0.000	0.000	-0.000	0.000	0.000	0.000	
0.000	0.000	-0.000	0.000	0.000	0.000	
0.000	0.000	-0.000	0.000	0.000	0.000	
0.000	0.000	-0.000	0.000	0.000	0.000	
0.000	0.000	-0.000	0.000	0.000	0.000	
0.000	0.000	-0.000	0.000	0.000	0.000	
0.000	0.000	-0.000	0.000	0.000	0.000	
0.000	0.000	-0.000	0.000	0.000	0.000	
0.000	0.000	-0.000	0.000	0.000	0.000	
0.000	0.000	-0.000	0.000	0.000	0.000	
0.000	0.000	-0.000	0.000	0.000	0.000	
0.000	0.000	-0.000	0.000	0.000	0.000	
0.000	0.000	-0.000	0.000	0.000	0.000	
0.000	0.000	-0.000	0.000	0.000	0.000	
0.000	0.000	-0.000	0.000	0.000	0.000	
0.000	0.000	-0.000	0.000	0.000	0.000	
0.000	0.000	-0.000	0.000	0.000	0.000	
0.000	0.000	-0.000	0.000	0.000	0.000	
0.000	0.000	-0.000	0.000	0.000	0.000	
0.000	0.000	-0.000	0.000	0.000	0.000	
0.000	0.000	-0.000	0.000	0.000	0.000	
0.000	0.000	-0.000	0.000	0.000	0.000	
0.000	0.000	-0.000	0.000	0.000	0.000	
0.000	0.000	-0.000	0.000	0.000	0.000	
0.000	0.000	-0.000	0.000	0.000	0.000	
0.000	0.000	-0.000	0.000	0.000	0.000	
0.000	0.000	-0.000	0.000	0.000	0.000	
0.000	0.000	-0.000	0.000	0.000	0.000	
0.000	0.000	-0.000	0.000	0.000	0.000	
0.000	0.000	-0.000	0.000	0.000	0.000	
0.000	0.000	-0.000	0.000	0.000	0.000	
0.000	0.000	-0.000	0.000	0.000	0.000	
0.000	0.000	-0.000	0.000	0.000	0.000	
0.000	0.000	-0.000	0.000	0.000	0.000	
0.000	0.000	-0.000	0.000	0.000	0.000	
0.000	0.000	-0.000	0.000	0.000	0.000	
0.000	0.000	-0.000	0.000	0.000	0.000	
0.000	0.000	-0.000	0.000	0.000	0.000	
0.000	0.000	-0.000	0.000	0.000	0.000	
0.000	0.000	-0.000	0.000	0.000	0.000	
0.000	0.000	-0.000	0.000	0.000	0.000	
0.000	0.000	-0.000	0.000	0.000	0.000	
0.000	0.000	-0.000	0.000	0.000	0.000	
0.000	0.000	-0.000	0.000	0.000	0.000	
0.000	0.000	-0.000	0.000	0.000	0.000	
0.000	0.000	-0.000	0.000	0.000	0.000	
0.000	0.000	-0.000	0.000	0.000	0.000	
0.000	0.000	-0.000	0.000	0.000	0.000	
0.000	0.000	-0.000	0.000	0.000	0.000	
0.000	0.000	-0.000	0.000	0.000	0.000	
0.000	0.000	-0.000	0.000	0.000	0.000	
0.000	0.000	-0.000	0.000	0.000	0.000	
0.000	0.000	-0.000	0.000	0.000	0.000	
0.000	0.000	-0.000	0.000	0.000	0.000	
0.000	0.000	-0.000	0.000	0.000	0.000	
0.000	0.000	-0.000	0.000	0.000	0.000	
0.000	0.000	-0.000	0.000	0.000	0.000	
0.000	0.000	-0.000	0.000	0.000	0.000	
0.000	0.000	-0.000	0.000	0.000	0.000	
0.000	0.000	-0.000	0.000	0.000	0.000	
0.000	0.000	-0.000	0.000	0.000	0.000	
0.000	0.000	-0.000	0.000	0.000	0.000	
0.000	0.000	-0.000	0.000	0.000	0.000	
0.000	0.000	-0.000	0.000	0.000	0.000	
0.000	0.000	-0.000	0.000	0.000	0.000	
0.000	0.000	-0.000	0.000	0.000	0.000	
0.000	0.000	-0.000	0.000	0.000	0.000	
0.000	0.000	-0.000	0.000	0.000	0.000	
0.000	0.000	-0.000	0.000	0.000	0.000	
0.000	0.000	-0.000	0.000	0.000	0.000	
0.000	0.000	-0.000	0.000	0.000	0.000	
0.000	0.000	-0.000	0.000	0.000	0.000	
0.000	0.000	-0.000	0.000	0.000	0.000	
0.000	0.000	-0.000	0.000	0.000	0.000	
0.000	0.000	-0.000	0.000	0.000	0.000	
0.000	0.000	-0.000	0.000	0.000	0.000	
0.000	0.000	-0.000	0.000	0.000	0.000	
0.000	0.000	-0.000	0.000	0.000	0.000	
0.000	0.000	-0.000	0.000	0.000	0.000	
0.000	0.000	-0.000	0.000	0.000	0.000	
0.000	0.000	-0.000	0.000	0.000	0.000	
0.000	0.000	-0.000	0.000	0.000	0.000	
0.000	0.000	-0.000	0.000	0.000	0.000	
0.000	0.000	-0.000	0.000	0.000	0.000	
0.000	0.000	-0.000	0.000	0.000	0.000	
0.000	0.000	-0.000	0.000	0.000	0.000	
0.000	0.000	-0.000	0.000	0.000	0.000	
0.000	0.000	-0.000	0.000	0.000	0.000	
0.000	0.000	-0.000	0.000	0.000	0.000	
0.000	0.000	-0.000	0.000	0.000	0.000	
0.000	0.000	-0.000	0.000	0.000	0.000	
0.000	0.000	-0.000	0.000	0.000	0.000	
0.000	0.000	-0.000	0.000	0.000	0.000	
0.000	0.000	-0.000	0.000	0.000	0.000	
0.000	0.000	-0.000	0.000	0.000	0.000	
0.000	0.000	-0.000	0.000	0.000	0.000	
0.000	0.000	-0.000	0.000	0.000	0.000	
0.000	0.000	-0.000	0.000	0.000	0.000	
0.000	0.000	-0.000	0.000	0.000	0.000	
0.000	0.000	-0.000	0.000	0.000	0.000	
0.000	0.000	-0.000	0.000	0.000	0.000	
0.000	0.000	-0.000	0.000	0.000	0.000	
0.000	0.000	-0.000	0.000	0.000	0.000	
0.000	0.000	-0.000	0.000	0.000	0.000	
0.000	0.000	-0.000	0.000	0.000	0.000	
0.000	0.000	-0.000	0.000	0.000	0.000	
0.000	0.000	-0.000	0.000	0.000	0.000	
0.000	0.000	-0.000	0.000	0.000	0.000	
0.000	0.000	-0.000	0.000	0.000	0.000	
0.000	0.000	-0.000	0.000	0.000	0.000	
0.000	0.000	-0.000	0.000	0.000	0.000	
0.000	0.000	-0.000	0.000	0.000	0.000	
0.000	0.000	-0.000	0.000	0.000	0.000	
0.000	0.000	-0.000	0.000	0.000	0.000	
0.000	0.000	-0.000	0.000	0.000	0.000	
0.000	0.000	-0.000	0.000	0.000	0.000	
0.000	0.000	-0.000	0.000	0.000	0.000	
0.000	0.000	-0.000	0.000	0.000	0.000	
0.000	0.000	-0.000	0.000	0.000	0.000	
0.000	0.000	-0.000	0.000	0.000	0.000	
0.000	0.000	-0.000	0.000	0.000	0.000	
0.000	0.000	-0.000	0.000	0.000	0.000	
0.000	0.000	-0.000	0.000	0.000	0.000	
0.000	0.000	-0.000	0.000	0.000	0.000	
0.000	0.000	-0.000	0.000	0.000	0.000	
0.000	0.000	-0.000	0.000	0.000	0.000	
0.000	0.000	-0.000	0.000	0.000	0.000	
0.000	0.000	-0.000	0.000	0.000	0.000	
0.000	0.000	-0.000	0.000	0.000	0.000	
0.000	0.000	-0.000	0.000	0.000	0.000	
0.000	0.000	-0.000	0.000	0.000	0.000	
0.000	0.000	-0.000	0.000	0.000	0.000	
0.000	0.000	-0.000	0.000	0.000	0.000	
0.000	0.000	-0.000	0.000	0.000	0.000	
0.000	0.000	-0.000	0.000	0.000	0.000	
0.000	0.000	-0.000	0.000	0.000	0.000	
0.000	0.000	-0.000	0.000	0.000	0.000	
0.000	0.000	-0.000	0.000	0.000	0.000	
0.000	0.000	-0.000	0.000	0.000	0.000	
0.000	0.000	-0.000	0.000	0.000	0.000	
0.000	0.000	-0.000	0.000	0.000	0.000	
0.000	0.000	-0.000	0.000	0.000	0.000	
0.000	0.000	-0.000	0.000	0.000	0.000	
0.000	0.000	-0.000	0.000	0.000	0.000	
0.000	0.000	-0.000	0.000	0.000	0.000	
0.000	0.000	-0.000	0.000	0.000	0.000	
0.000	0.000	-0.000	0.000	0.000	0.000	
0.000	0.000	-0.000	0.000	0.000	0.000	
0.000	0.000	-0.000	0.000	0.000	0.000	
0.000	0.000	-0.000	0.000	0.000	0.000	
0.000	0.000	-0.000	0.000	0.000	0.000	
0.000	0.000	-0.000	0.000	0.000	0.000	
0.000	0.000	-0.000	0.000	0.000	0.000	
0.000	0.000	-0.000	0.000	0.000	0.000	
0.000	0.000	-0.000	0.000	0.000	0.000	
0.000	0.000	-0.000	0.000	0.000	0.000	
0.000	0.000	-0.000	0.000	0.000	0.000	
0.000	0.000	-0.000	0.000	0.000	0.000	
0.000	0.000	-0.000	0.000	0.000	0.000	
0.000	0.000	-0.000	0.000	0.000	0.000	
0.000	0.000	-0.000	0.000	0.000	0.000	
0.000	0.000	-0.000	0.000	0.000	0.000	
0.000	0.000	-0.000	0.000	0.000	0.000	
0.000	0.000	-0.000	0.000	0.000	0.000	
0.000	0.000	-0.000	0.000	0.000	0.000	
0.000	0.000	-0.000	0.000	0.000	0.000	
0.000	0.000	-0.000	0.000	0.000	0.000	
0.000	0.000	-0.000	0.000	0.000	0.000	
0.000	0.000	-0.000	0.000	0.000	0.000	
0.000	0.000	-0.000	0.000	0.000	0.000	
0.000	0.000	-0.000	0.000	0.000	0.000	
0.000	0.000	-0.000	0.000	0.000	0.000	
0.000	0.000	-0.000	0.000	0.000	0.000	
0.000	0.000	-0.000	0.000	0.000	0.000	
0.000	0.000	-0.000	0.000	0.000	0.000	
0.000	0.000	-0.000	0.000	0.000	0.000	
0.000	0.000	-0.000	0.000	0.000	0.000	
0.000	0.000	-0.000	0.000	0.000	0.000	
0.000	0.000	-0.000	0.000	0.000	0.000	
0.000	0.000	-0.000	0.000	0.000	0.000	
0.000	0.000	-0.000	0.000	0.000	0.000	
0.000	0.000	-0.000	0.000	0.000	0.000	
0.000	0.000	-0.000	0.000	0.000	0.000	
0.000	0.000	-0.000	0.000	0.000	0.000	
0.000	0.000	-0.000	0.000	0.000	0.000	
0.000	0.000	-0.000	0.000	0.000	0.000	
0.000	0.000	-0.000	0.000	0.000	0.000	
0.000	0.000	-0.000	0.000	0.000	0.000	
0.000	0.000	-0.000	0.000	0.000	0.000	
0.000	0.000	-0.000	0.000	0.000	0.000	
0.000	0.000	-0.000	0.000	0.000	0.000	
0.000	0.000	-0.000	0.000	0.000	0.000	
0.000	0.000	-0.000	0.000	0.000	0.000	
0.000	0.000	-0.000	0.000	0.000	0.000	
0.000	0.000	-0.000	0.000	0.000	0.000	
0.000	0.000	-0.000	0.000	0.000	0.000	
0.000	0.000	-0.000	0.000	0.000	0.000	
0.000	0.000	-0.000	0.000	0.000	0.000	
0.000	0.000	-0.000	0.000	0.000	0.000	
0.000	0.000	-0.000	0.000	0.000	0.000	
0.000	0.000	-0.000	0.000	0.000	0.000	
0.000	0.000	-0.000	0.000	0.000	0.000	
0.000	0.000	-0.000	0.000	0.000	0.000	
0.000	0.000	-0.000	0.000	0.000	0.000	
0.000	0.000	-0.000	0.000	0.000	0.000	
0.000	0.000	-0.000	0.000	0.000	0.000	
0.000	0.000	-0.000	0.000	0.000	0.000	
0.000	0.000	-0.000	0.000	0.000	0.000	
0.000	0.000	-0.000	0.000	0.000	0.000	
0.000	0.000	-0.000	0.000	0.000	0.000	
0.000	0.000	-0.000	0.000	0.000	0.000	
0.000	0.000	-0.000	0.000	0.000	0.000	
0.000	0.000	-0.000	0.000	0.000	0.000	
0.000	0.000	-0.000	0.000	0.000	0.000	
0.000	0.000	-0.000	0.000	0.000	0.000	
0.000	0.000	-0.000	0.000	0.000	0.000	
0.000	0.000	-0.000	0.000	0.000	0.000	
0.000	0.000	-0.000	0.000	0.000	0.000	
0.000	0.000	-0.000	0.000	0.000	0.000	
0.000	0.000	-0.000	0.000	0.000	0.000	
0.000	0.000	-0.000	0.000	0.000	0.000	
0.000	0.000	-0.000	0.000	0.000	0.000	
0.000	0.000	-0.000	0.000	0.000	0.000	
0.000	0.000	-0.000	0.000	0.000	0.000	
0.000	0.000	-0.000	0.000	0.000	0.000	
0.000	0.000	-0.000	0.000	0.000	0.000	
0.000	0.000	-0.000	0.000	0.000	0.000	
0.000	0.000	-0.000	0.000	0.000	0.000	
0.000	0.000	-0.000	0.000	0.000	0.000	
0.000	0.000	-0.000	0.000	0.000	0.000	
0.000	0.000	-0.000	0.000	0.000	0.000	
0.000	0.000	-0.000	0.000	0.000	0.000	
0.000	0.000	-0.000	0.000	0.000	0.000	
0.000	0.000	-0.000	0.000	0.000	0.000	
0.000	0.000	-0.000	0.000	0.000	0.000	
0.000	0.000	-0.000	0.000	0.000	0.000	
0.000	0.000	-0.000	0.000	0.000	0.000	
0.000	0.000	-0.000	0.000	0.000	0.000	
0.000	0.000	-0.000	0.000	0.000	0.000	
0.000	0.000	-0.000	0.000	0.000	0.000	
0.000	0.000	-0.000	0.000	0.000	0.000	
0.000	0.000	-0.000	0.000	0.000	0.000	
0.000	0.000	-0.000	0.000	0.000	0.000	
0.000	0.000	-0.000	0.000	0.000	0.000	
0.000	0.000	-0.000	0.000	0.000	0.000	
0.000	0.000	-0.000	0.000	0.000	0.000	
0.000	0.000	-0.000	0.000	0.000	0.000	
0.000	0.000	-0.000	0.000	0.000	0.000	
0.000	0.000	-0.000	0.000	0.000	0.000	
0.000	0.000	-0.000	0.000	0.000	0.000	
0.000	0.000	-0.000	0.000	0.000	0.000	
0.000	0.000	-0.000	0.000	0.000	0.000	
0.000	0.000	-0.000	0.000	0.000	0.000	
0.000	0.000	-0.000	0.000	0.000	0.000	
0.000	0.000	-0.000	0.000	0.000	0.000	
0.000	0.000	-0.000	0.000	0.000	0.000	
0.000	0.000	-0.000	0.000	0.000	0.000	
0.000	0.000	-0.000	0.000	0.000	0.000	
0.000	0.000	-0.000	0.000	0.000	0.000	
0.000	0.000	-0.000	0.000	0.000	0.000	
0.000	0.000	-0.000	0.000	0.000	0.000	
0.000	0.000	-0.000	0.000	0.000	0.000	
0.000	0.000	-0.000	0.000	0.000	0.000	
0.000	0.000	-0.000	0.000	0.000	0.000	
0.000	0.000	-0.000	0.000	0.000	0.000	
0.000	0.000	-0.000	0.000	0.000	0.000	
0.000	0.000	-0.000	0.000	0.000	0.000	
0.000	0.000	-0.000	0.000	0.000	0.000	
0.000	0.000	-0.000	0.000	0.000	0.000	
0.000	0.000	-0.000	0.000	0.000	0.000	
0.000	0.000	-0.000	0.000	0.000	0.000	
0.000	0.000	-0.000	0.000	0.000	0.000	
0.000	0.000	-0.000	0.000	0.000	0.000	
0.000	0.000	-0.000	0.000	0.000	0.000	
0.000	0.000	-0.000	0.000	0.000	0.000	
0.000	0.000	-0.000	0.000	0.000	0.000	
0.000	0.000	-0.000	0.000	0.000	0.000	
0.000	0.000	-0.000	0.000	0.000	0.000	
0.000	0.000	-0.000	0.000	0.000	0.000	
0.000	0.000	-0.000	0.000	0.000	0.000	
0.000	0.000	-0.000	0.000	0.000	0.000	
0.000	0.000	-0.000	0.000	0.000	0.000	
0.000	0.000	-0.000	0.000	0.000	0.000	
0.000	0.000	-0.000	0.000	0.000	0.000	
0.000	0.000	-0.000	0.000	0.000	0.000	
0.000	0.000	-0.000	0.000	0.000	0.000	
0.000	0.000	-0.000	0.000	0.000	0.000	
0.000	0.000	-0.000	0.000	0.000	0.000	
0.000	0.000	-0.000	0.000	0.000	0.000	
0.000	0.000	-0.000	0.000	0.000	0.000	
0.000	0.000	-0.000	0.000	0.000	0.000	
0.000	0.000	-0.000	0.000	0.000	0.000	
0.000	0.000	-0.000	0.000	0.000	0.000	
0.000	0.000	-0.000	0.000	0.000	0.000	
0.000	0.000	-0.000	0.000	0.000	0.000	
0.000	0.000	-0.000	0.000	0.000	0.000	
0.000	0.000	-0.000	0.000	0.000	0.000	
0.000	0.000	-0.000	0.000	0.000	0.000	
0.000	0.000	-0.000	0.000	0.000	0.000	
0.000	0.000	-0.000	0.000	0.000	0.000	
0.000	0.000	-0.000	0.000	0.000	0.000	
0.000	0.000	-0.000	0.000	0.000	0.000	
0.000	0.000	-0.000	0.000	0.000	0.000	
0.000	0.000	-0.000	0.000	0.000	0.000	
0.000	0.000	-0.000	0.000	0.000	0.000	
0.000	0.000	-0.000	0.000	0.000	0.000	
0.000	0.000	-0.000	0.000	0.000	0.000	
0.000	0.000	-0.000	0.000	0.000	0.000	
0.000	0.000	-0.000	0.000	0.000	0.000	
0.000	0.000	-0.000	0.000	0.000	0.000	
0.000	0.000	-0.000	0.000	0.000	0.000	
0.000	0.000	-0.000	0.000	0.000	0.000	
0.000	0.000	-0.000	0.000	0.000	0.000	
0.000	0.000	-0.000	0.000	0.000	0.000	
0.000	0.000	-0.000	0.000	0.000	0.000	
0.000	0.000	-0.000	0.000	0.000	0.000	
0.000	0.000	-0.000	0.000	0.000	0.000	
0.000	0.000	-0.000	0.000	0.000	0.000	
0.000	0.000	-0.000	0.000	0.000	0.000	
0.000	0.000	-0.000	0.000	0.000	0.000	
0.000	0.000	-0.000	0.000	0.000	0.000	
0.000	0.000	-0.000	0.000	0.000	0.000	
0.000	0.000	-0.000	0.000	0.000	0.000	
0.000	0.000	-0.000	0.000	0.000	0.000	
0.000	0.000	-0.000	0.000	0.000	0.000	
0.000	0.000	-0.000	0.000	0.000	0.000	
0.000	0.000	-0.000	0.000	0.000	0.000	
0.000	0.000	-0.000	0.000	0.000	0.000	
0.000	0.000	-0.000	0.000	0.000	0.000	
0.000	0.000	-0.000	0.000	0.000	0.000	
0.000	0.000	-0.000	0.000	0.000	0.000	
0.000	0.000	-0.000	0.000	0.000	0.000	
0.000	0.000	-0.000	0.000	0.000	0.000	
0.000	0.000	-0.000	0.000	0.000	0.000	
0.000	0.000	-0.000	0.000	0.000	0.000	
0.000	0.000	-0.000	0.000	0.000	0.000	
0.000	0.000	-0.000	0.000	0.000	0.000	
0.000	0.000	-0.000	0.000	0.000	0.000	
0.000	0.000	-0.000	0.000	0.000	0.000	
0.000	0.000	-0.000	0.000	0.000	0.000	
0.000	0.000	-0.000	0.000	0.000	0.000	
0.000	0.000	-0.000	0.000	0.000	0.000	
0.000	0.000	-0.000	0.000	0.000	0.000	
0.000	0.000	-0.000	0.000	0.000	0.000	
0.000	0.000	-0.000	0.000	0.000	0.000	
0.000	0.000	-0.000	0.000	0.000	0.000	
0.000	0.000	-0.000	0.000	0.000	0.000	
0.000	0.000	-0.000	0.000	0.000	0.000	
0.000	0.000	-0.000	0.000	0.000	0.000	
0.000	0.000	-0.000	0.000	0.000	0.000	
0.000	0.000	-0.000	0.000	0.000	0.000	
0.000	0.000	-0.000	0.000	0.000	0.000	
0.000	0.000	-0.000	0.000	0.000	0.000	
0.000	0.000	-0.000	0.000	0.000	0.000	
0.000	0.000	-0.000	0.000	0.000	0.000	
0.000	0.000	-0.000	0.000	0.000	0.000	
0.000	0.000	-0.000	0.000	0.000	0.000	
0.000	0.000	-0.000	0.000	0.000	0.000	
0.000	0.000	-0.000	0.000	0.000	0.000	
0.000	0.000	-0.000	0.000	0.000	0.000	
0.000	0.000	-0.000	0.000	0.000	0.000	
0.000	0.000	-0.000	0.000	0.000	0.000	
0.000	0.000	-0.000	0.000	0.000	0.000	
0.000	0.000	-0.000	0.000	0.000	0.000	
0.000	0.000	-0.000	0.000	0.000	0.000	
0.000	0.000	-0.000	0.000	0.000	0.000	
0.000	0.000	-0.000	0.000	0.000	0.000	
0.000	0.000	-0.000	0.000	0.000	0.000	
0.000	0.000	-0.000	0.000	0.000	0.000	
0.000	0.000	-0.000	0.000	0.000	0.000	
0.000	0.000	-0.000	0.000	0.000	0.000	
0.000	0.000	-0.000	0.000	0.000	0.000	
0.000	0.000	-0.000	0.000	0.000	0.000	
0.000	0.000	-0.000	0.000	0.000	0.000	
0.000	0.000	-0.000	0.000	0.000	0.000	
0.000	0.000	-0.000	0.000	0.000	0.000	
0.000	0.000	-0.000	0.000	0.000	0.000	
0.000	0.000	-0.000	0.000	0.000	0.000	
0.000	0.000	-0.000	0.000	0.000	0.000	
0.000	0.000	-0.000	0.000	0.000	0.000	
0.000	0.000	-0.000	0.000	0.000	0.000	
0.000	0.000	-0.000	0.000	0.000	0.000	
0.000	0.000	-0.000	0.000	0.000	0.000	
0.000	0.000	-0.000	0.000	0.000	0.000	
0.000	0.000	-0.000	0.000	0.000	0.000	
0.000	0.000	-0.000	0.000	0.000	0.000	
0.000	0.000	-0.000	0.000	0.000	0.000	
0.000	0.000	-0.000	0.000	0.000	0.000	
0.000	0.000	-0.000	0.000	0.000	0.000	
0.000	0.000	-0.000	0.000	0.000	0.000	
0.000	0.000	-0.000	0.000	0.000	0.000	
0.000	0.000	-0.000	0.000	0.000	0.000	
0.000	0.000	-0.000	0.000	0.000	0.000	
0.000	0.000	-0.000	0.000	0.000	0.000	
0.000	0.000	-0.000	0.000	0.000	0.000	
0.000	0.000	-0.000	0.000	0.000	0.000	
0.000	0.000	-0.000	0.000	0.000	0.000	
0.000	0.000	-0.000	0.000	0.000	0.000	
0.000	0.000	-0.000	0.000	0.000	0.000	
0.000	0.000	-0.000	0.000	0.000	0.000	
0.000	0.000	-0.000	0.000	0.000	0.000	
0.000	0.000	-0.000	0.000	0.000	0.000	
0.000	0.000	-0.000	0.000	0.000	0.000	
0.000	0.000	-0.000	0.000	0.000	0.000	
0.000	0.000	-0.000	0.000	0.000	0.000	
0.000	0.000	-0.000	0.000	0.000	0.000	
0.000	0.000	-0.000	0.000	0.000	0.000	
0.000	0.000	-0.000	0.000	0.000	0.000	
0.000	0.000	-0.000	0.000	0.000	0.000	
0.000	0.000	-0.000	0.000	0.000	0.000	
0.000	0.000	-0.000	0.000	0.000	0.000	
0.000	0.000	-0.000	0.000	0.000	0.000	
0.000	0.000	-0.000	0.000	0.000	0.000	
0.000	0.000	-0.000	0.000	0.000	0.000	
0.000	0.000	-0.000	0.000	0.000	0.000	
0.000	0.000	-0.000	0.000	0.000	0.000	
0.000	0.000	-0.000	0.000	0.000	0.000	
0.000	0.000	-0.000	0.000	0.000	0.000	
0.000	0.000	-0.000	0.000	0.000	0.000	
0.000	0.000	-0.000	0.000	0.000	0.000	
0.000	0.000	-0.000	0.000	0.000	0.000	
0.000	0.000	-0.000	0.000	0.000	0.000	
0.000	0.000	-0.000	0.000	0.000	0.000	
0.000	0.000	-0.000	0.000	0.000	0.000	
0.000	0.000	-0.000	0.000	0.000	0.000	
0.000	0.000	-0.000	0.000	0.000	0.000	
0.000	0.000	-0.000	0.000	0.000	0.000	
0.000	0.000	-0.000	0.000	0.000	0.000	
0.000	0.000	-0.000	0.000	0.000	0.000	
0.000	0.000	-0.000	0.000	0.000	0.000	
0.000	0.000	-0.000	0.000	0.000	0.000	
0.000	0.000	-0.000	0.000	0.000	0.000	
0.000	0.000	-0.000	0.000	0.000	0.000	
0.000	0.000	-0.000	0.000	0.000	0.000	
0.000	0.000	-0.000	0.000	0.000	0.000	
0.000	0.000	-0.000	0.000	0.000	0.000	
0.000	0.000	-0.000	0.000	0.000	0.000	
0.000	0.000	-0.000	0.000	0.000	0.000	
0.000	0.000	-0.000	0.000	0.000	0.000	
0.000	0.000	-0.000	0.000	0.000	0.000	
0.000	0.000	-0.000	0.000	0.000	0.000	
0.000	0.000	-0.000	0.000	0.000	0.000	
0.000	0.000	-0.000	0.000	0.000	0.000	
0.000	0.000	-0.000	0.000	0.000	0.000	
0.000	0.000	-0.000	0.000	0.000	0.000	
0.000	0.000	-0.000	0.000	0.000	0.000	
0.000	0.000	-0.000	0.000	0.000	0.000	
0.000	0.000	-0.000	0.000	0.000	0.000	
0.000	0.000	-0.000	0.000	0.000	0.000	
0.000	0.000	-0.000	0.000	0.000	0.000	
0.000	0.000	-0.000	0.000	0.000	0.000	
0.000	0.000	-0.000	0.000	0.000	0.000	
0.000	0.000	-0.000	0.000	0.000	0.000	
0.000	0.000	-0.000	0.000	0.000	0.000	
0.000	0.000	-0.000	0.000	0.000	0.000	
0.000	0.000	-0.000	0.000	0.000	0.000	
0.000	0.000	-0.000	0.000	0.000	0.000	
0.000	0.000	-0.000	0.000	0.000	0.000	
0.000	0.000	-0.000	0.000	0.000	0.000	
0.000	0.000	-0.000	0.000	0.000	0.000	
0.000	0.000	-0.000	0.000	0.000	0.000	
0.000	0.000	-0.000	0.000	0.000	0.000	
0.000	0.000	-0.000	0.000	0.000	0.000	
0.000	0.000	-0.000	0.000	0.000	0.000	
0.000	0.000	-0.000	0.000	0.000	0.000	
0.000	0.000	-0.000	0.000	0.000	0.000	
0.000	0.000	-0.000	0.000	0.000	0.000	
0.000	0.000	-0.000	0.000	0.000	0.000	
0.000	0.000	-0.000	0.000	0.000	0.000	
0.000	0.000	-0.000	0.000	0.000	0.000	
0.000	0.000	-0.000	0.000	0.000	0.000	
0.000	0.000	-0.000	0.000	0.000	0.000	
0.000	0.000	-0.000	0.000	0.000	0.000	
0.000	0.000	-0.000	0.000	0.000	0.000	
0.000	0.000	-0.000	0.000	0.000	0.000	
0.000	0.000	-0.000	0.000	0.000	0.000	
0.000	0.000	-0.000	0.000	0.000	0.000	
0.000	0.000	-0.000	0.000	0.000	0.000	
0.000	0.000	-0.000	0.000	0.000	0.000	
0.000	0.000	-0.000	0.000	0.000	0.000	
0.000	0.000	-0.000	0.000	0.000	0.000	
0.000	0.000	-0.000	0.000	0.000	0.000	
